startTime,combined_price,total_volume
2025-01-01T00:00:00Z,9.07,1470.95
2025-01-01T00:30:00Z,23.51,1792.8
2025-01-01T01:00:00Z,9.110000000000001,1900.55
2025-01-01T01:30:00Z,8.940000000000001,1891.0
2025-01-01T02:00:00Z,29.65,2141.6
2025-01-01T02:30:00Z,17.91,1866.55
2025-01-01T03:00:00Z,11.74,1376.8
2025-01-01T03:30:00Z,6.2,1368.5
2025-01-01T04:00:00Z,7.01,1824.2
2025-01-01T04:30:00Z,4.32,1787.1
2025-01-01T05:00:00Z,3.27,1563.65
2025-01-01T05:30:00Z,3.44,1964.6
2025-01-01T06:00:00Z,1.8399999999999999,1593.25
2025-01-01T06:30:00Z,4.63,1704.05
2025-01-01T07:00:00Z,-1.5,1438.3
2025-01-01T07:30:00Z,-2.25,1435.85
2025-01-01T08:00:00Z,-6.35,2000.1
2025-01-01T08:30:00Z,-2.9,2378.5
2025-01-01T09:00:00Z,-14.33,2340.25
2025-01-01T09:30:00Z,1.84,2488.1
2025-01-01T10:00:00Z,-3.3399999999999994,2752.7
2025-01-01T10:30:00Z,16.96,2692.05
2025-01-01T11:00:00Z,10.53,2036.5
2025-01-01T11:30:00Z,25.49,1870.35
2025-01-01T12:00:00Z,45.56999999999999,1725.6
2025-01-01T12:30:00Z,60.24,1901.3
2025-01-01T13:00:00Z,82.29,1629.2
2025-01-01T13:30:00Z,85.56999999999998,1723.95
2025-01-01T14:00:00Z,87.18,1734.65
2025-01-01T14:30:00Z,90.24,1915.05
2025-01-01T15:00:00Z,97.49,1690.7
2025-01-01T15:30:00Z,112.24999999999999,1561.1
2025-01-01T16:00:00Z,119.72,1822.55
2025-01-01T16:30:00Z,121.25,2171.65
2025-01-01T17:00:00Z,125.79,2048.3
2025-01-01T17:30:00Z,126.73,1894.95
2025-01-01T18:00:00Z,125.65999999999998,2345.4
2025-01-01T18:30:00Z,125.69,2241.8
2025-01-01T19:00:00Z,125.56,2061.05
2025-01-01T19:30:00Z,120.95,2429.85
2025-01-01T20:00:00Z,109.7,2533.95
2025-01-01T20:30:00Z,106.87,2323.95
2025-01-01T21:00:00Z,106.0,1983.4
2025-01-01T21:30:00Z,110.84,2108.1
2025-01-01T22:00:00Z,111.04,2177.75
2025-01-01T22:30:00Z,108.13,2303.45
2025-01-01T23:00:00Z,107.77,1265.2
2025-01-01T23:30:00Z,106.04999999999998,1324.0
2025-01-02T00:00:00Z,110.39999999999999,1624.1
2025-01-02T00:30:00Z,112.24,1962.95
2025-01-02T01:00:00Z,110.88,2095.65
2025-01-02T01:30:00Z,108.63,1960.1
2025-01-02T02:00:00Z,106.89,2180.45
2025-01-02T02:30:00Z,98.16,2287.75
2025-01-02T03:00:00Z,101.19999999999999,2868.1
2025-01-02T03:30:00Z,98.65,2382.85
2025-01-02T04:00:00Z,87.39,2358.8
2025-01-02T04:30:00Z,85.23,2822.7
2025-01-02T05:00:00Z,84.69,2661.85
2025-01-02T05:30:00Z,86.89,2379.8
2025-01-02T06:00:00Z,99.51,3057.1
2025-01-02T06:30:00Z,86.53,3967.45
2025-01-02T07:00:00Z,118.11,2672.65
2025-01-02T07:30:00Z,126.67,3158.3
2025-01-02T08:00:00Z,121.62,2166.45
2025-01-02T08:30:00Z,123.01,2457.65
2025-01-02T09:00:00Z,115.3,2156.25
2025-01-02T09:30:00Z,116.88999999999999,2275.4
2025-01-02T10:00:00Z,116.21,2113.6
2025-01-02T10:30:00Z,110.05,2339.35
2025-01-02T11:00:00Z,112.43,2551.85
2025-01-02T11:30:00Z,107.5,2604.25
2025-01-02T12:00:00Z,99.14,2896.2
2025-01-02T12:30:00Z,98.2,2537.0
2025-01-02T13:00:00Z,97.91,2855.55
2025-01-02T13:30:00Z,103.61000000000001,2563.65
2025-01-02T14:00:00Z,110.98000000000002,2867.0
2025-01-02T14:30:00Z,109.34,3467.45
2025-01-02T15:00:00Z,116.72,2782.2
2025-01-02T15:30:00Z,124.16000000000001,3119.85
2025-01-02T16:00:00Z,127.12,2748.05
2025-01-02T16:30:00Z,133.05,2659.95
2025-01-02T17:00:00Z,135.83,2409.05
2025-01-02T17:30:00Z,137.73,2637.45
2025-01-02T18:00:00Z,133.87,2646.0
2025-01-02T18:30:00Z,120.56000000000002,2635.65
2025-01-02T19:00:00Z,110.15999999999998,2786.05
2025-01-02T19:30:00Z,100.34,2683.8
2025-01-02T20:00:00Z,98.15,2883.4
2025-01-02T20:30:00Z,99.62,2760.0
2025-01-02T21:00:00Z,101.46,2705.0
2025-01-02T21:30:00Z,101.04000000000002,2716.65
2025-01-02T22:00:00Z,100.69999999999999,3141.2
2025-01-02T22:30:00Z,97.27,2815.4
2025-01-02T23:00:00Z,90.46,1603.8
2025-01-02T23:30:00Z,77.61,1644.25
2025-01-03T00:00:00Z,77.97,2029.55
2025-01-03T00:30:00Z,79.02,1985.4
2025-01-03T01:00:00Z,77.94,2013.2
2025-01-03T01:30:00Z,75.27,2169.5
2025-01-03T02:00:00Z,72.19,2458.85
2025-01-03T02:30:00Z,65.52,2560.95
2025-01-03T03:00:00Z,59.36,2100.75
2025-01-03T03:30:00Z,55.4,2453.05
2025-01-03T04:00:00Z,59.28,2731.15
2025-01-03T04:30:00Z,56.849999999999994,2773.2
2025-01-03T05:00:00Z,61.35,3171.0
2025-01-03T05:30:00Z,61.98,2860.3
2025-01-03T06:00:00Z,75.89,4129.85
2025-01-03T06:30:00Z,74.16,4312.1
2025-01-03T07:00:00Z,78.5,3983.2
2025-01-03T07:30:00Z,85.65,3549.0
2025-01-03T08:00:00Z,85.68999999999998,3355.35
2025-01-03T08:30:00Z,89.84,2883.75
2025-01-03T09:00:00Z,88.37,3396.05
2025-01-03T09:30:00Z,94.28,3791.15
2025-01-03T10:00:00Z,89.72,3906.8
2025-01-03T10:30:00Z,87.54,3772.5
2025-01-03T11:00:00Z,87.73,3248.7
2025-01-03T11:30:00Z,89.69,3297.3
2025-01-03T12:00:00Z,87.61,2921.15
2025-01-03T12:30:00Z,87.91,2812.75
2025-01-03T13:00:00Z,88.95999999999998,3025.1
2025-01-03T13:30:00Z,84.4,3377.9
2025-01-03T14:00:00Z,85.06,3980.3
2025-01-03T14:30:00Z,86.56,3917.5
2025-01-03T15:00:00Z,92.32,3548.45
2025-01-03T15:30:00Z,97.13,3720.1
2025-01-03T16:00:00Z,106.79,3475.45
2025-01-03T16:30:00Z,108.05,3674.75
2025-01-03T17:00:00Z,110.82,3528.45
2025-01-03T17:30:00Z,120.42,3535.4
2025-01-03T18:00:00Z,124.53000000000002,3420.35
2025-01-03T18:30:00Z,127.3,3704.0
2025-01-03T19:00:00Z,137.57,2690.8
2025-01-03T19:30:00Z,137.93,2788.7
2025-01-03T20:00:00Z,134.9,2653.45
2025-01-03T20:30:00Z,124.07,2108.2
2025-01-03T21:00:00Z,118.67,1966.05
2025-01-03T21:30:00Z,112.04,2282.5
2025-01-03T22:00:00Z,116.98999999999998,2394.6
2025-01-03T22:30:00Z,114.38,2026.95
2025-01-03T23:00:00Z,102.69,1601.9
2025-01-03T23:30:00Z,101.04,1251.15
2025-01-04T00:00:00Z,97.44,1252.45
2025-01-04T00:30:00Z,102.0,1462.85
2025-01-04T01:00:00Z,98.69,1677.45
2025-01-04T01:30:00Z,95.84,1641.2
2025-01-04T02:00:00Z,97.69,1364.25
2025-01-04T02:30:00Z,99.3,1612.25
2025-01-04T03:00:00Z,92.83,1663.0
2025-01-04T03:30:00Z,90.83,1557.5
2025-01-04T04:00:00Z,94.07000000000001,1784.45
2025-01-04T04:30:00Z,92.06,1922.8
2025-01-04T05:00:00Z,97.76,2002.4
2025-01-04T05:30:00Z,92.78,2008.75
2025-01-04T06:00:00Z,96.48,1921.4
2025-01-04T06:30:00Z,99.8,2123.9
2025-01-04T07:00:00Z,102.39,2023.15
2025-01-04T07:30:00Z,100.27,1859.5
2025-01-04T08:00:00Z,102.62,2116.1
2025-01-04T08:30:00Z,107.8,2096.25
2025-01-04T09:00:00Z,98.99,2107.1
2025-01-04T09:30:00Z,101.93,2069.65
2025-01-04T10:00:00Z,100.16,2100.65
2025-01-04T10:30:00Z,101.65,2499.25
2025-01-04T11:00:00Z,108.41999999999999,2432.25
2025-01-04T11:30:00Z,113.52,2423.05
2025-01-04T12:00:00Z,102.90999999999998,2556.15
2025-01-04T12:30:00Z,106.65,2422.25
2025-01-04T13:00:00Z,115.19,1999.7
2025-01-04T13:30:00Z,115.22,1881.0
2025-01-04T14:00:00Z,115.1,1744.3
2025-01-04T14:30:00Z,115.79,1806.5
2025-01-04T15:00:00Z,115.92,1524.4
2025-01-04T15:30:00Z,121.1,1620.0
2025-01-04T16:00:00Z,131.84,1295.2
2025-01-04T16:30:00Z,133.32,1725.25
2025-01-04T17:00:00Z,136.53,1385.25
2025-01-04T17:30:00Z,138.36,1596.05
2025-01-04T18:00:00Z,139.01,1611.2
2025-01-04T18:30:00Z,130.7,1600.85
2025-01-04T19:00:00Z,121.31,1540.3
2025-01-04T19:30:00Z,106.3,1534.4
2025-01-04T20:00:00Z,110.11,1718.95
2025-01-04T20:30:00Z,107.26,1792.35
2025-01-04T21:00:00Z,108.81,1674.0
2025-01-04T21:30:00Z,109.02,1519.75
2025-01-04T22:00:00Z,108.36,1580.85
2025-01-04T22:30:00Z,106.99,1526.1
2025-01-04T23:00:00Z,98.29,1614.05
2025-01-04T23:30:00Z,100.94,1455.85
2025-01-05T00:00:00Z,109.25,1290.8
2025-01-05T00:30:00Z,109.35999999999999,1544.6
2025-01-05T01:00:00Z,103.82,2055.2
2025-01-05T01:30:00Z,105.1,1467.0
2025-01-05T02:00:00Z,109.6,1455.05
2025-01-05T02:30:00Z,104.14,1333.3
2025-01-05T03:00:00Z,100.67,1322.15
2025-01-05T03:30:00Z,91.67,1264.5
2025-01-05T04:00:00Z,85.37,1290.5
2025-01-05T04:30:00Z,81.2,1197.4
2025-01-05T05:00:00Z,77.84,1585.45
2025-01-05T05:30:00Z,78.28,1587.85
2025-01-05T06:00:00Z,83.24,1394.25
2025-01-05T06:30:00Z,88.74,1271.6
2025-01-05T07:00:00Z,105.37,1545.85
2025-01-05T07:30:00Z,103.99,2186.55
2025-01-05T08:00:00Z,113.79,2474.0
2025-01-05T08:30:00Z,113.02,2720.1
2025-01-05T09:00:00Z,114.84,3165.65
2025-01-05T09:30:00Z,118.36,2957.05
2025-01-05T10:00:00Z,117.48,2858.3
2025-01-05T10:30:00Z,118.28,3263.8
2025-01-05T11:00:00Z,115.49,2699.05
2025-01-05T11:30:00Z,111.95,3025.25
2025-01-05T12:00:00Z,117.55,2590.15
2025-01-05T12:30:00Z,120.25,2465.5
2025-01-05T13:00:00Z,123.41999999999999,2179.3
2025-01-05T13:30:00Z,122.48,2079.25
2025-01-05T14:00:00Z,120.1,2569.55
2025-01-05T14:30:00Z,120.18,2516.05
2025-01-05T15:00:00Z,121.30000000000001,2304.55
2025-01-05T15:30:00Z,127.39000000000001,2217.6
2025-01-05T16:00:00Z,132.96,2681.35
2025-01-05T16:30:00Z,138.31,3040.2
2025-01-05T17:00:00Z,140.74,2823.35
2025-01-05T17:30:00Z,141.27,2900.85
2025-01-05T18:00:00Z,139.74,3141.8
2025-01-05T18:30:00Z,136.44,2913.95
2025-01-05T19:00:00Z,127.82,4101.3
2025-01-05T19:30:00Z,124.34,3876.8
2025-01-05T20:00:00Z,117.03,4321.0
2025-01-05T20:30:00Z,109.46,3842.4
2025-01-05T21:00:00Z,108.72,3956.7
2025-01-05T21:30:00Z,111.62,4030.25
2025-01-05T22:00:00Z,108.55,3573.35
2025-01-05T22:30:00Z,97.14,3483.45
2025-01-05T23:00:00Z,76.65,1672.6
2025-01-05T23:30:00Z,69.63,1407.3
2025-01-06T00:00:00Z,77.5,1617.7
2025-01-06T00:30:00Z,97.02,1900.35
2025-01-06T01:00:00Z,97.25,2207.15
2025-01-06T01:30:00Z,101.06,2165.0
2025-01-06T02:00:00Z,102.65000000000002,2723.45
2025-01-06T02:30:00Z,87.22,3085.0
2025-01-06T03:00:00Z,81.53,3209.35
2025-01-06T03:30:00Z,69.57,3183.7
2025-01-06T04:00:00Z,49.98,3151.75
2025-01-06T04:30:00Z,44.45,2814.15
2025-01-06T05:00:00Z,43.08,2074.95
2025-01-06T05:30:00Z,56.17,2846.1
2025-01-06T06:00:00Z,82.55,2634.6
2025-01-06T06:30:00Z,93.36,2538.2
2025-01-06T07:00:00Z,107.08,1898.45
2025-01-06T07:30:00Z,100.28,2217.0
2025-01-06T08:00:00Z,107.03,1777.5
2025-01-06T08:30:00Z,108.23,2162.45
2025-01-06T09:00:00Z,117.82,1539.4
2025-01-06T09:30:00Z,118.75,1722.05
2025-01-06T10:00:00Z,118.48,1951.9
2025-01-06T10:30:00Z,111.93,2421.0
2025-01-06T11:00:00Z,106.04,2381.4
2025-01-06T11:30:00Z,107.03,2265.05
2025-01-06T12:00:00Z,111.42,1943.4
2025-01-06T12:30:00Z,109.72,2102.45
2025-01-06T13:00:00Z,110.52,2190.25
2025-01-06T13:30:00Z,110.0,2205.7
2025-01-06T14:00:00Z,110.4,2343.1
2025-01-06T14:30:00Z,106.74,2696.95
2025-01-06T15:00:00Z,105.45999999999998,2594.05
2025-01-06T15:30:00Z,106.42,2312.15
2025-01-06T16:00:00Z,106.75,2508.4
2025-01-06T16:30:00Z,112.4,2946.35
2025-01-06T17:00:00Z,107.27999999999999,3315.6
2025-01-06T17:30:00Z,109.44,2841.75
2025-01-06T18:00:00Z,111.70000000000002,2869.25
2025-01-06T18:30:00Z,112.01,3405.55
2025-01-06T19:00:00Z,110.44,2892.75
2025-01-06T19:30:00Z,95.38,2338.4
2025-01-06T20:00:00Z,97.23000000000002,3195.35
2025-01-06T20:30:00Z,100.04999999999998,3230.65
2025-01-06T21:00:00Z,101.03,2797.5
2025-01-06T21:30:00Z,98.4,2797.25
2025-01-06T22:00:00Z,99.03,2686.0
2025-01-06T22:30:00Z,100.4,2338.1
2025-01-06T23:00:00Z,100.91,2368.0
2025-01-06T23:30:00Z,101.82,2294.95
2025-01-07T00:00:00Z,100.59,2577.55
2025-01-07T00:30:00Z,104.05,2605.05
2025-01-07T01:00:00Z,106.03,2340.9
2025-01-07T01:30:00Z,107.20999999999998,2548.2
2025-01-07T02:00:00Z,108.42,2371.45
2025-01-07T02:30:00Z,109.00999999999999,2738.45
2025-01-07T03:00:00Z,106.27000000000001,3030.3
2025-01-07T03:30:00Z,102.22000000000001,3121.4
2025-01-07T04:00:00Z,96.31,3849.0
2025-01-07T04:30:00Z,96.02,3710.55
2025-01-07T05:00:00Z,89.85,3366.0
2025-01-07T05:30:00Z,88.1,3712.45
2025-01-07T06:00:00Z,97.7,3608.25
2025-01-07T06:30:00Z,97.54,4183.35
2025-01-07T07:00:00Z,111.86999999999999,2678.95
2025-01-07T07:30:00Z,119.37000000000002,2889.1
2025-01-07T08:00:00Z,124.36,2096.45
2025-01-07T08:30:00Z,124.98,2465.0
2025-01-07T09:00:00Z,126.55,2854.1
2025-01-07T09:30:00Z,126.57,2720.65
2025-01-07T10:00:00Z,126.04,2710.35
2025-01-07T10:30:00Z,123.75999999999999,2823.4
2025-01-07T11:00:00Z,117.14,2833.0
2025-01-07T11:30:00Z,115.51,2900.25
2025-01-07T12:00:00Z,113.58999999999999,2952.55
2025-01-07T12:30:00Z,112.56999999999998,2720.3
2025-01-07T13:00:00Z,104.5,3115.45
2025-01-07T13:30:00Z,103.78999999999999,3189.85
2025-01-07T14:00:00Z,103.18,2952.9
2025-01-07T14:30:00Z,101.14999999999999,3056.8
2025-01-07T15:00:00Z,102.0,2501.15
2025-01-07T15:30:00Z,104.25,3210.95
2025-01-07T16:00:00Z,108.78999999999999,3266.55
2025-01-07T16:30:00Z,119.14,3434.9
2025-01-07T17:00:00Z,114.55,3310.55
2025-01-07T17:30:00Z,114.56000000000002,2873.35
2025-01-07T18:00:00Z,112.68,3161.3
2025-01-07T18:30:00Z,107.84,2556.9
2025-01-07T19:00:00Z,110.9,2660.5
2025-01-07T19:30:00Z,101.89,2232.7
2025-01-07T20:00:00Z,83.45,2295.05
2025-01-07T20:30:00Z,83.81,2354.85
2025-01-07T21:00:00Z,86.57,2302.95
2025-01-07T21:30:00Z,84.34,2931.65
2025-01-07T22:00:00Z,83.39,3257.2
2025-01-07T22:30:00Z,79.51,3264.45
2025-01-07T23:00:00Z,65.25,2171.75
2025-01-07T23:30:00Z,54.96,2250.5
2025-01-08T00:00:00Z,55.06,2356.7
2025-01-08T00:30:00Z,56.660000000000004,2554.6
2025-01-08T01:00:00Z,55.86000000000001,2348.8
2025-01-08T01:30:00Z,53.82,2213.45
2025-01-08T02:00:00Z,54.93000000000001,2610.1
2025-01-08T02:30:00Z,56.86,2400.95
2025-01-08T03:00:00Z,51.71,2044.0
2025-01-08T03:30:00Z,53.65,1959.05
2025-01-08T04:00:00Z,61.25000000000001,2490.7
2025-01-08T04:30:00Z,64.16,2884.15
2025-01-08T05:00:00Z,72.38,2803.45
2025-01-08T05:30:00Z,65.45,2658.85
2025-01-08T06:00:00Z,86.84,2827.75
2025-01-08T06:30:00Z,88.5,2886.5
2025-01-08T07:00:00Z,84.77,2838.7
2025-01-08T07:30:00Z,95.33,2883.4
2025-01-08T08:00:00Z,106.22,2238.35
2025-01-08T08:30:00Z,128.37,2106.95
2025-01-08T09:00:00Z,158.04,2348.8
2025-01-08T09:30:00Z,167.55,2697.55
2025-01-08T10:00:00Z,168.85,2622.8
2025-01-08T10:30:00Z,175.15,2630.75
2025-01-08T11:00:00Z,182.95,2803.4
2025-01-08T11:30:00Z,187.55,3096.45
2025-01-08T12:00:00Z,214.42,2649.35
2025-01-08T12:30:00Z,367.46,2804.2
2025-01-08T13:00:00Z,622.95,2617.25
2025-01-08T13:30:00Z,630.12,2892.4
2025-01-08T14:00:00Z,654.19,2865.35
2025-01-08T14:30:00Z,576.38,2843.35
2025-01-08T15:00:00Z,871.93,2283.55
2025-01-08T15:30:00Z,932.8500000000001,2261.15
2025-01-08T16:00:00Z,977.92,1942.3
2025-01-08T16:30:00Z,1352.9,2196.2
2025-01-08T17:00:00Z,1309.12,1714.45
2025-01-08T17:30:00Z,1285.63,1965.4
2025-01-08T18:00:00Z,1051.13,1851.75
2025-01-08T18:30:00Z,979.14,2071.6
2025-01-08T19:00:00Z,433.01,1819.4
2025-01-08T19:30:00Z,317.09,2263.6
2025-01-08T20:00:00Z,234.63,2155.2
2025-01-08T20:30:00Z,217.16,2393.35
2025-01-08T21:00:00Z,166.44,2513.75
2025-01-08T21:30:00Z,142.46,2247.2
2025-01-08T22:00:00Z,132.88,2698.9
2025-01-08T22:30:00Z,127.09,2482.85
2025-01-08T23:00:00Z,112.17,1834.5
2025-01-08T23:30:00Z,109.42,1777.25
2025-01-09T00:00:00Z,118.32,1550.35
2025-01-09T00:30:00Z,122.38,2134.9
2025-01-09T01:00:00Z,124.44,1905.6
2025-01-09T01:30:00Z,113.16,2145.55
2025-01-09T02:00:00Z,109.92,2036.5
2025-01-09T02:30:00Z,105.63,1938.0
2025-01-09T03:00:00Z,97.79000000000002,1444.55
2025-01-09T03:30:00Z,89.1,1674.7
2025-01-09T04:00:00Z,96.21,1781.9
2025-01-09T04:30:00Z,94.42,2164.35
2025-01-09T05:00:00Z,90.07,1910.0
2025-01-09T05:30:00Z,91.07,2501.9
2025-01-09T06:00:00Z,100.93,2532.55
2025-01-09T06:30:00Z,97.84,2128.3
2025-01-09T07:00:00Z,112.9,2598.1
2025-01-09T07:30:00Z,125.80999999999999,2603.45
2025-01-09T08:00:00Z,127.75,2457.7
2025-01-09T08:30:00Z,130.28,2839.95
2025-01-09T09:00:00Z,134.84,3362.65
2025-01-09T09:30:00Z,135.05,3195.45
2025-01-09T10:00:00Z,132.7,3262.55
2025-01-09T10:30:00Z,125.96000000000001,3232.3
2025-01-09T11:00:00Z,117.69,3107.9
2025-01-09T11:30:00Z,118.47999999999999,3010.6
2025-01-09T12:00:00Z,115.87000000000002,3354.0
2025-01-09T12:30:00Z,114.18000000000002,3006.2
2025-01-09T13:00:00Z,110.3,2996.0
2025-01-09T13:30:00Z,107.46,3120.9
2025-01-09T14:00:00Z,106.37,3434.7
2025-01-09T14:30:00Z,105.52,3366.7
2025-01-09T15:00:00Z,103.16,2448.2
2025-01-09T15:30:00Z,109.62,3133.55
2025-01-09T16:00:00Z,110.26,3059.45
2025-01-09T16:30:00Z,111.73,3931.4
2025-01-09T17:00:00Z,101.55,3685.85
2025-01-09T17:30:00Z,106.49,4024.9
2025-01-09T18:00:00Z,112.44,4277.0
2025-01-09T18:30:00Z,108.97,3795.85
2025-01-09T19:00:00Z,99.34,2591.2
2025-01-09T19:30:00Z,94.29,2644.65
2025-01-09T20:00:00Z,94.01,2760.35
2025-01-09T20:30:00Z,94.2,3619.4
2025-01-09T21:00:00Z,84.06,2442.5
2025-01-09T21:30:00Z,88.77,3309.25
2025-01-09T22:00:00Z,86.47,3615.55
2025-01-09T22:30:00Z,80.44,3067.0
2025-01-09T23:00:00Z,72.56,1524.5
2025-01-09T23:30:00Z,76.69,1692.4
2025-01-10T00:00:00Z,70.3,1676.7
2025-01-10T00:30:00Z,74.31,2042.85
2025-01-10T01:00:00Z,87.78,1975.6
2025-01-10T01:30:00Z,91.17,2217.7
2025-01-10T02:00:00Z,80.59,2425.45
2025-01-10T02:30:00Z,81.49,2286.0
2025-01-10T03:00:00Z,77.17,1846.95
2025-01-10T03:30:00Z,76.39,1408.0
2025-01-10T04:00:00Z,78.69,1887.55
2025-01-10T04:30:00Z,77.7,1663.3
2025-01-10T05:00:00Z,91.45,2352.35
2025-01-10T05:30:00Z,90.79,2135.45
2025-01-10T06:00:00Z,99.79,2267.55
2025-01-10T06:30:00Z,113.0,2210.25
2025-01-10T07:00:00Z,114.37,2212.1
2025-01-10T07:30:00Z,123.04,2894.15
2025-01-10T08:00:00Z,142.92,2727.9
2025-01-10T08:30:00Z,140.86,2702.5
2025-01-10T09:00:00Z,139.66,2229.55
2025-01-10T09:30:00Z,131.71,2416.7
2025-01-10T10:00:00Z,133.43,2467.35
2025-01-10T10:30:00Z,132.47,3094.95
2025-01-10T11:00:00Z,121.17,3706.8
2025-01-10T11:30:00Z,117.4,3991.35
2025-01-10T12:00:00Z,128.03,4374.05
2025-01-10T12:30:00Z,120.51999999999998,4353.25
2025-01-10T13:00:00Z,118.22,4243.15
2025-01-10T13:30:00Z,116.39,4244.75
2025-01-10T14:00:00Z,110.61,4912.9
2025-01-10T14:30:00Z,109.79999999999998,4988.85
2025-01-10T15:00:00Z,124.21,4702.35
2025-01-10T15:30:00Z,128.29,4523.2
2025-01-10T16:00:00Z,127.99,4023.25
2025-01-10T16:30:00Z,141.13,4478.15
2025-01-10T17:00:00Z,142.72,4158.95
2025-01-10T17:30:00Z,142.72,4323.9
2025-01-10T18:00:00Z,140.72,4284.4
2025-01-10T18:30:00Z,132.14,4225.7
2025-01-10T19:00:00Z,131.91,3301.7
2025-01-10T19:30:00Z,129.27,3456.4
2025-01-10T20:00:00Z,121.44,2590.15
2025-01-10T20:30:00Z,112.05,2259.95
2025-01-10T21:00:00Z,115.16,2006.45
2025-01-10T21:30:00Z,111.03,1992.5
2025-01-10T22:00:00Z,105.92,2417.5
2025-01-10T22:30:00Z,106.08,2118.15
2025-01-10T23:00:00Z,115.79,1395.65
2025-01-10T23:30:00Z,104.47,1218.1
2025-01-11T00:00:00Z,103.61,959.35
2025-01-11T00:30:00Z,108.86,788.45
2025-01-11T01:00:00Z,99.9,1063.55
2025-01-11T01:30:00Z,101.08,1017.45
2025-01-11T02:00:00Z,106.5,1088.9
2025-01-11T02:30:00Z,99.79,832.2
2025-01-11T03:00:00Z,98.27,1102.35
2025-01-11T03:30:00Z,95.04,893.0
2025-01-11T04:00:00Z,89.29,1206.4
2025-01-11T04:30:00Z,89.9,1164.95
2025-01-11T05:00:00Z,91.77,1330.35
2025-01-11T05:30:00Z,90.26,1390.15
2025-01-11T06:00:00Z,96.46,1745.0
2025-01-11T06:30:00Z,96.33,1506.1
2025-01-11T07:00:00Z,102.99,1467.55
2025-01-11T07:30:00Z,95.31000000000002,1444.7
2025-01-11T08:00:00Z,91.87,1847.1
2025-01-11T08:30:00Z,112.63,1802.7
2025-01-11T09:00:00Z,109.94,1841.9
2025-01-11T09:30:00Z,112.19,1715.8
2025-01-11T10:00:00Z,107.85,2005.4
2025-01-11T10:30:00Z,98.72,1835.65
2025-01-11T11:00:00Z,92.65,1587.0
2025-01-11T11:30:00Z,92.55,2201.7
2025-01-11T12:00:00Z,93.9,2038.2
2025-01-11T12:30:00Z,95.27,1760.1
2025-01-11T13:00:00Z,93.84,1926.7
2025-01-11T13:30:00Z,95.22,1981.55
2025-01-11T14:00:00Z,93.72,2085.05
2025-01-11T14:30:00Z,96.65,2023.95
2025-01-11T15:00:00Z,100.40999999999998,1595.45
2025-01-11T15:30:00Z,103.8,1957.55
2025-01-11T16:00:00Z,123.87000000000002,1682.75
2025-01-11T16:30:00Z,147.75,2191.0
2025-01-11T17:00:00Z,147.41,2406.9
2025-01-11T17:30:00Z,147.73,2205.75
2025-01-11T18:00:00Z,152.74,2206.9
2025-01-11T18:30:00Z,151.25,2130.1
2025-01-11T19:00:00Z,135.69,2058.75
2025-01-11T19:30:00Z,121.03,2042.75
2025-01-11T20:00:00Z,114.23,1658.3
2025-01-11T20:30:00Z,105.94,1650.05
2025-01-11T21:00:00Z,108.13,1820.3
2025-01-11T21:30:00Z,105.92,1787.45
2025-01-11T22:00:00Z,108.86,2046.1
2025-01-11T22:30:00Z,104.55,1843.05
2025-01-11T23:00:00Z,106.88,898.4
2025-01-11T23:30:00Z,110.02999999999999,1225.05
2025-01-12T00:00:00Z,113.81,1005.4
2025-01-12T00:30:00Z,119.57000000000001,1332.2
2025-01-12T01:00:00Z,118.4,1475.95
2025-01-12T01:30:00Z,106.91999999999999,1389.2
2025-01-12T02:00:00Z,100.89,1467.7
2025-01-12T02:30:00Z,101.38,1502.05
2025-01-12T03:00:00Z,101.6,1282.6
2025-01-12T03:30:00Z,98.98,1421.8
2025-01-12T04:00:00Z,96.28999999999999,1525.1
2025-01-12T04:30:00Z,93.46,1680.2
2025-01-12T05:00:00Z,90.77,1324.75
2025-01-12T05:30:00Z,87.46,1282.95
2025-01-12T06:00:00Z,86.63,1479.05
2025-01-12T06:30:00Z,86.61,1661.15
2025-01-12T07:00:00Z,90.83,1402.05
2025-01-12T07:30:00Z,99.07,1491.9
2025-01-12T08:00:00Z,95.4,1468.3
2025-01-12T08:30:00Z,103.87,1481.7
2025-01-12T09:00:00Z,110.49000000000001,1416.9
2025-01-12T09:30:00Z,115.47,1704.9
2025-01-12T10:00:00Z,119.48,1712.15
2025-01-12T10:30:00Z,121.37,1824.1
2025-01-12T11:00:00Z,125.06,1722.6
2025-01-12T11:30:00Z,121.83,1694.9
2025-01-12T12:00:00Z,121.98,1561.4
2025-01-12T12:30:00Z,120.12,1612.15
2025-01-12T13:00:00Z,119.45999999999998,1600.45
2025-01-12T13:30:00Z,107.15,1966.3
2025-01-12T14:00:00Z,101.31,2400.3
2025-01-12T14:30:00Z,104.61,2718.8
2025-01-12T15:00:00Z,118.71999999999998,2383.45
2025-01-12T15:30:00Z,119.68,1919.35
2025-01-12T16:00:00Z,123.01,2434.25
2025-01-12T16:30:00Z,126.30000000000001,2575.25
2025-01-12T17:00:00Z,126.1,2944.9
2025-01-12T17:30:00Z,125.34,2930.6
2025-01-12T18:00:00Z,127.24,2875.5
2025-01-12T18:30:00Z,121.77,2885.9
2025-01-12T19:00:00Z,121.63,1884.5
2025-01-12T19:30:00Z,107.93,1611.7
2025-01-12T20:00:00Z,102.19,2536.9
2025-01-12T20:30:00Z,101.48,2021.65
2025-01-12T21:00:00Z,104.05,2205.6
2025-01-12T21:30:00Z,98.17,1507.1
2025-01-12T22:00:00Z,96.5,1906.25
2025-01-12T22:30:00Z,92.75,1887.5
2025-01-12T23:00:00Z,75.66,1487.4
2025-01-12T23:30:00Z,91.07,1786.7
2025-01-13T00:00:00Z,94.39,1961.25
2025-01-13T00:30:00Z,93.55,2050.4
2025-01-13T01:00:00Z,83.91,1587.3
2025-01-13T01:30:00Z,79.54,1804.55
2025-01-13T02:00:00Z,83.71,1861.0
2025-01-13T02:30:00Z,78.12,1808.05
2025-01-13T03:00:00Z,89.58,1954.7
2025-01-13T03:30:00Z,87.99,2424.3
2025-01-13T04:00:00Z,86.91,2182.2
2025-01-13T04:30:00Z,86.05,1992.55
2025-01-13T05:00:00Z,93.85,2212.4
2025-01-13T05:30:00Z,90.64,2151.1
2025-01-13T06:00:00Z,96.0,2334.0
2025-01-13T06:30:00Z,91.27,2998.55
2025-01-13T07:00:00Z,101.89,2492.25
2025-01-13T07:30:00Z,105.56000000000002,2792.8
2025-01-13T08:00:00Z,108.48,2242.4
2025-01-13T08:30:00Z,112.03,2197.15
2025-01-13T09:00:00Z,104.13,2340.15
2025-01-13T09:30:00Z,97.81,2529.55
2025-01-13T10:00:00Z,95.94,2804.15
2025-01-13T10:30:00Z,92.11,2945.5
2025-01-13T11:00:00Z,83.11,3024.9
2025-01-13T11:30:00Z,85.48,3749.1
2025-01-13T12:00:00Z,91.25,3613.2
2025-01-13T12:30:00Z,85.47000000000001,3356.6
2025-01-13T13:00:00Z,88.15,3494.85
2025-01-13T13:30:00Z,87.54999999999998,3371.75
2025-01-13T14:00:00Z,86.09,3269.1
2025-01-13T14:30:00Z,84.17,3611.85
2025-01-13T15:00:00Z,100.65,3054.0
2025-01-13T15:30:00Z,101.13,3001.2
2025-01-13T16:00:00Z,110.64,2227.8
2025-01-13T16:30:00Z,115.83,2284.9
2025-01-13T17:00:00Z,125.97,2599.65
2025-01-13T17:30:00Z,126.08999999999999,2796.35
2025-01-13T18:00:00Z,123.87,2743.8
2025-01-13T18:30:00Z,120.32,2657.45
2025-01-13T19:00:00Z,116.64999999999999,2436.4
2025-01-13T19:30:00Z,108.48,2482.7
2025-01-13T20:00:00Z,102.07,2148.1
2025-01-13T20:30:00Z,100.61,2293.05
2025-01-13T21:00:00Z,105.13,2333.05
2025-01-13T21:30:00Z,98.84,2099.05
2025-01-13T22:00:00Z,93.05,1862.55
2025-01-13T22:30:00Z,93.44,1710.5
2025-01-13T23:00:00Z,83.79,1518.6
2025-01-13T23:30:00Z,83.49,1609.7
2025-01-14T00:00:00Z,80.59999999999998,1758.85
2025-01-14T00:30:00Z,81.89,1800.65
2025-01-14T01:00:00Z,87.38,1715.4
2025-01-14T01:30:00Z,84.53,1720.55
2025-01-14T02:00:00Z,86.6,2168.75
2025-01-14T02:30:00Z,84.61,2148.15
2025-01-14T03:00:00Z,86.19,1511.55
2025-01-14T03:30:00Z,82.51,1545.3
2025-01-14T04:00:00Z,81.14,1321.2
2025-01-14T04:30:00Z,79.12,1520.8
2025-01-14T05:00:00Z,80.52,1627.7
2025-01-14T05:30:00Z,81.54,1506.7
2025-01-14T06:00:00Z,92.0,1925.75
2025-01-14T06:30:00Z,85.69,1676.15
2025-01-14T07:00:00Z,96.37,2196.55
2025-01-14T07:30:00Z,104.75,2983.75
2025-01-14T08:00:00Z,110.18999999999998,2586.45
2025-01-14T08:30:00Z,113.53999999999999,2656.2
2025-01-14T09:00:00Z,95.9,2681.65
2025-01-14T09:30:00Z,99.14999999999999,2988.9
2025-01-14T10:00:00Z,90.38,3132.6
2025-01-14T10:30:00Z,93.16,2975.25
2025-01-14T11:00:00Z,91.79,2892.25
2025-01-14T11:30:00Z,93.85,2284.45
2025-01-14T12:00:00Z,91.52,2300.1
2025-01-14T12:30:00Z,92.34,2487.4
2025-01-14T13:00:00Z,89.19,2096.8
2025-01-14T13:30:00Z,90.53,2663.0
2025-01-14T14:00:00Z,94.16000000000001,2832.5
2025-01-14T14:30:00Z,94.35999999999999,3473.3
2025-01-14T15:00:00Z,118.0,3327.5
2025-01-14T15:30:00Z,127.38,3117.95
2025-01-14T16:00:00Z,116.07999999999998,3554.25
2025-01-14T16:30:00Z,122.63999999999999,3126.05
2025-01-14T17:00:00Z,137.9,2992.25
2025-01-14T17:30:00Z,133.05,3321.25
2025-01-14T18:00:00Z,130.09,3069.45
2025-01-14T18:30:00Z,128.43,2802.0
2025-01-14T19:00:00Z,128.91,2447.05
2025-01-14T19:30:00Z,121.52000000000001,2251.0
2025-01-14T20:00:00Z,113.39,1809.75
2025-01-14T20:30:00Z,102.49,2456.8
2025-01-14T21:00:00Z,97.74,2300.7
2025-01-14T21:30:00Z,95.1,2369.4
2025-01-14T22:00:00Z,96.26,2014.45
2025-01-14T22:30:00Z,92.21,2004.3
2025-01-14T23:00:00Z,94.36,1666.9
2025-01-14T23:30:00Z,91.36,1492.55
2025-01-15T00:00:00Z,87.98999999999998,1685.9
2025-01-15T00:30:00Z,90.25000000000001,1629.2
2025-01-15T01:00:00Z,90.42,1587.6
2025-01-15T01:30:00Z,88.9,1650.5
2025-01-15T02:00:00Z,88.95999999999998,1494.85
2025-01-15T02:30:00Z,89.47,1547.6
2025-01-15T03:00:00Z,89.13,1610.95
2025-01-15T03:30:00Z,86.11,1687.75
2025-01-15T04:00:00Z,85.37,1603.0
2025-01-15T04:30:00Z,84.6,1669.05
2025-01-15T05:00:00Z,87.66,1827.95
2025-01-15T05:30:00Z,89.66000000000001,1691.6
2025-01-15T06:00:00Z,99.29,2476.85
2025-01-15T06:30:00Z,93.83,2167.5
2025-01-15T07:00:00Z,108.55,2292.4
2025-01-15T07:30:00Z,115.19999999999999,2575.9
2025-01-15T08:00:00Z,120.05,2787.1
2025-01-15T08:30:00Z,124.26,3048.45
2025-01-15T09:00:00Z,124.84000000000002,2571.95
2025-01-15T09:30:00Z,124.29,3218.25
2025-01-15T10:00:00Z,119.03,3264.3
2025-01-15T10:30:00Z,114.54,3267.95
2025-01-15T11:00:00Z,104.54,3244.45
2025-01-15T11:30:00Z,103.11,3314.65
2025-01-15T12:00:00Z,103.15,3060.0
2025-01-15T12:30:00Z,103.09,2876.35
2025-01-15T13:00:00Z,101.36000000000001,3078.1
2025-01-15T13:30:00Z,101.47,3508.9
2025-01-15T14:00:00Z,102.59,4086.6
2025-01-15T14:30:00Z,103.26,3887.6
2025-01-15T15:00:00Z,111.07,4208.35
2025-01-15T15:30:00Z,114.30999999999999,4632.5
2025-01-15T16:00:00Z,124.96,3854.95
2025-01-15T16:30:00Z,125.68999999999998,4277.6
2025-01-15T17:00:00Z,129.46,4166.35
2025-01-15T17:30:00Z,136.66,4962.75
2025-01-15T18:00:00Z,138.58,5307.55
2025-01-15T18:30:00Z,133.06,4912.6
2025-01-15T19:00:00Z,130.8,4170.7
2025-01-15T19:30:00Z,126.0,4232.25
2025-01-15T20:00:00Z,127.39999999999999,3755.95
2025-01-15T20:30:00Z,122.78,3487.95
2025-01-15T21:00:00Z,117.83000000000001,2958.05
2025-01-15T21:30:00Z,116.22,3237.25
2025-01-15T22:00:00Z,108.37,3719.25
2025-01-15T22:30:00Z,106.94,3397.75
2025-01-15T23:00:00Z,113.32,1621.25
2025-01-15T23:30:00Z,116.07,1601.2
2025-01-16T00:00:00Z,100.91,1356.7
2025-01-16T00:30:00Z,103.38,1309.95
2025-01-16T01:00:00Z,100.66,1603.9
2025-01-16T01:30:00Z,97.07,1506.95
2025-01-16T02:00:00Z,93.42,1668.7
2025-01-16T02:30:00Z,91.34,1855.65
2025-01-16T03:00:00Z,94.67,1391.05
2025-01-16T03:30:00Z,90.88,1528.25
2025-01-16T04:00:00Z,89.28,1218.9
2025-01-16T04:30:00Z,89.86,1307.75
2025-01-16T05:00:00Z,95.43,1046.1
2025-01-16T05:30:00Z,95.84999999999998,1648.6
2025-01-16T06:00:00Z,105.67,1946.85
2025-01-16T06:30:00Z,117.68999999999998,2434.3
2025-01-16T07:00:00Z,139.02,2960.6
2025-01-16T07:30:00Z,140.49,3209.6
2025-01-16T08:00:00Z,135.85,2626.4
2025-01-16T08:30:00Z,140.73,2834.55
2025-01-16T09:00:00Z,129.21,3133.4
2025-01-16T09:30:00Z,125.42999999999999,2815.25
2025-01-16T10:00:00Z,123.13,3542.95
2025-01-16T10:30:00Z,111.26,3326.5
2025-01-16T11:00:00Z,112.42,3535.0
2025-01-16T11:30:00Z,109.02,3420.0
2025-01-16T12:00:00Z,111.77999999999999,3515.3
2025-01-16T12:30:00Z,111.05,4111.45
2025-01-16T13:00:00Z,108.99,3699.3
2025-01-16T13:30:00Z,109.05,3923.5
2025-01-16T14:00:00Z,112.21,4165.2
2025-01-16T14:30:00Z,111.35,3502.45
2025-01-16T15:00:00Z,114.16,3385.5
2025-01-16T15:30:00Z,122.93,3152.25
2025-01-16T16:00:00Z,123.91,3087.15
2025-01-16T16:30:00Z,121.68,3609.45
2025-01-16T17:00:00Z,135.01,3130.55
2025-01-16T17:30:00Z,132.91,3464.15
2025-01-16T18:00:00Z,130.74,3094.65
2025-01-16T18:30:00Z,126.62,3349.75
2025-01-16T19:00:00Z,119.27,2688.05
2025-01-16T19:30:00Z,110.98,2685.45
2025-01-16T20:00:00Z,104.98,2786.35
2025-01-16T20:30:00Z,106.81,2059.95
2025-01-16T21:00:00Z,99.45,2118.5
2025-01-16T21:30:00Z,98.48,2264.8
2025-01-16T22:00:00Z,94.12,2136.6
2025-01-16T22:30:00Z,93.87,2415.95
2025-01-16T23:00:00Z,92.31,1413.4
2025-01-16T23:30:00Z,88.92,1445.35
2025-01-17T00:00:00Z,93.13000000000001,1547.8
2025-01-17T00:30:00Z,100.27,1901.05
2025-01-17T01:00:00Z,97.14,1523.35
2025-01-17T01:30:00Z,93.19999999999999,1459.35
2025-01-17T02:00:00Z,91.61999999999999,1666.05
2025-01-17T02:30:00Z,90.95999999999998,1717.1
2025-01-17T03:00:00Z,95.2,1687.3
2025-01-17T03:30:00Z,88.96,1807.5
2025-01-17T04:00:00Z,88.95,1706.3
2025-01-17T04:30:00Z,89.04,1683.3
2025-01-17T05:00:00Z,91.6,1641.2
2025-01-17T05:30:00Z,89.21,1622.8
2025-01-17T06:00:00Z,104.38,2201.9
2025-01-17T06:30:00Z,94.59,1883.55
2025-01-17T07:00:00Z,99.91,2608.75
2025-01-17T07:30:00Z,113.76,2278.6
2025-01-17T08:00:00Z,118.77,1978.15
2025-01-17T08:30:00Z,125.77999999999999,2216.35
2025-01-17T09:00:00Z,129.17,1958.75
2025-01-17T09:30:00Z,131.03,1923.1
2025-01-17T10:00:00Z,131.01,2510.0
2025-01-17T10:30:00Z,130.27,2917.35
2025-01-17T11:00:00Z,129.34,3152.7
2025-01-17T11:30:00Z,128.3,3460.45
2025-01-17T12:00:00Z,123.83999999999999,3471.1
2025-01-17T12:30:00Z,123.62999999999998,3899.8
2025-01-17T13:00:00Z,121.67,3304.95
2025-01-17T13:30:00Z,121.03999999999999,2899.95
2025-01-17T14:00:00Z,120.72999999999999,2962.35
2025-01-17T14:30:00Z,116.8,3307.25
2025-01-17T15:00:00Z,130.09,2431.55
2025-01-17T15:30:00Z,135.8,2378.7
2025-01-17T16:00:00Z,145.86,2381.7
2025-01-17T16:30:00Z,148.65,2924.25
2025-01-17T17:00:00Z,157.73,3068.05
2025-01-17T17:30:00Z,155.7,3099.6
2025-01-17T18:00:00Z,156.04,3186.75
2025-01-17T18:30:00Z,145.21,3213.15
2025-01-17T19:00:00Z,128.96,2477.25
2025-01-17T19:30:00Z,127.8,2466.05
2025-01-17T20:00:00Z,122.08,2143.25
2025-01-17T20:30:00Z,115.12,1936.65
2025-01-17T21:00:00Z,118.31,2068.9
2025-01-17T21:30:00Z,114.0,2171.2
2025-01-17T22:00:00Z,106.54,2455.3
2025-01-17T22:30:00Z,108.01,2294.6
2025-01-17T23:00:00Z,103.9,1820.35
2025-01-17T23:30:00Z,97.03999999999999,1512.35
2025-01-18T00:00:00Z,94.41,1559.6
2025-01-18T00:30:00Z,95.99,1356.55
2025-01-18T01:00:00Z,99.45000000000002,1722.9
2025-01-18T01:30:00Z,94.45,1714.2
2025-01-18T02:00:00Z,93.29,1483.55
2025-01-18T02:30:00Z,91.81,1583.5
2025-01-18T03:00:00Z,90.21,1315.2
2025-01-18T03:30:00Z,89.54000000000002,1556.15
2025-01-18T04:00:00Z,91.11,1546.45
2025-01-18T04:30:00Z,95.03,1562.05
2025-01-18T05:00:00Z,93.13,1486.4
2025-01-18T05:30:00Z,94.53,1554.8
2025-01-18T06:00:00Z,96.82,1753.05
2025-01-18T06:30:00Z,96.2,1693.45
2025-01-18T07:00:00Z,103.55999999999999,1707.6
2025-01-18T07:30:00Z,100.24,1661.95
2025-01-18T08:00:00Z,97.67,1723.8
2025-01-18T08:30:00Z,101.6,2442.25
2025-01-18T09:00:00Z,96.25,2288.7
2025-01-18T09:30:00Z,102.91,2652.05
2025-01-18T10:00:00Z,109.46,2736.6
2025-01-18T10:30:00Z,112.16,2947.2
2025-01-18T11:00:00Z,108.98,2937.4
2025-01-18T11:30:00Z,114.45,2487.55
2025-01-18T12:00:00Z,110.76000000000002,2430.8
2025-01-18T12:30:00Z,103.73,2984.7
2025-01-18T13:00:00Z,111.54999999999998,2919.25
2025-01-18T13:30:00Z,109.63000000000001,3002.9
2025-01-18T14:00:00Z,109.89999999999999,2829.4
2025-01-18T14:30:00Z,110.63,2933.2
2025-01-18T15:00:00Z,129.33,1805.4
2025-01-18T15:30:00Z,135.18,2121.95
2025-01-18T16:00:00Z,136.73000000000002,1950.45
2025-01-18T16:30:00Z,144.66,2446.25
2025-01-18T17:00:00Z,150.87,2474.25
2025-01-18T17:30:00Z,152.64,2694.95
2025-01-18T18:00:00Z,147.62,2578.85
2025-01-18T18:30:00Z,142.53,2616.45
2025-01-18T19:00:00Z,124.3,2218.7
2025-01-18T19:30:00Z,110.14,1970.4
2025-01-18T20:00:00Z,119.68,2308.55
2025-01-18T20:30:00Z,110.83000000000001,1981.7
2025-01-18T21:00:00Z,110.74,1942.65
2025-01-18T21:30:00Z,110.32,1788.55
2025-01-18T22:00:00Z,107.29000000000002,1734.25
2025-01-18T22:30:00Z,106.52,1956.15
2025-01-18T23:00:00Z,102.0,1939.05
2025-01-18T23:30:00Z,99.26000000000002,1352.25
2025-01-19T00:00:00Z,92.46,1674.75
2025-01-19T00:30:00Z,102.44,1483.35
2025-01-19T01:00:00Z,112.22,1826.4
2025-01-19T01:30:00Z,106.86000000000001,1928.25
2025-01-19T02:00:00Z,100.28,2114.55
2025-01-19T02:30:00Z,99.79,2283.9
2025-01-19T03:00:00Z,100.45000000000002,1697.75
2025-01-19T03:30:00Z,94.76000000000002,1722.55
2025-01-19T04:00:00Z,98.22,1700.35
2025-01-19T04:30:00Z,97.07,1820.4
2025-01-19T05:00:00Z,97.14,1832.0
2025-01-19T05:30:00Z,97.95,2160.9
2025-01-19T06:00:00Z,96.61999999999999,2005.2
2025-01-19T06:30:00Z,96.0,2075.9
2025-01-19T07:00:00Z,102.68,1736.3
2025-01-19T07:30:00Z,108.7,1701.05
2025-01-19T08:00:00Z,103.66,2027.95
2025-01-19T08:30:00Z,122.75,1875.0
2025-01-19T09:00:00Z,108.41999999999999,1918.5
2025-01-19T09:30:00Z,115.95,2072.7
2025-01-19T10:00:00Z,113.31,1900.9
2025-01-19T10:30:00Z,114.97,1916.7
2025-01-19T11:00:00Z,120.45,1761.4
2025-01-19T11:30:00Z,125.7,1889.35
2025-01-19T12:00:00Z,124.94,1831.2
2025-01-19T12:30:00Z,133.42,1817.55
2025-01-19T13:00:00Z,141.3,1913.4
2025-01-19T13:30:00Z,139.08,1681.6
2025-01-19T14:00:00Z,135.17,1989.85
2025-01-19T14:30:00Z,130.82,2222.05
2025-01-19T15:00:00Z,125.2,1961.75
2025-01-19T15:30:00Z,139.63,1945.05
2025-01-19T16:00:00Z,140.96,2005.3
2025-01-19T16:30:00Z,141.97,2275.7
2025-01-19T17:00:00Z,149.19,1986.05
2025-01-19T17:30:00Z,152.82,2126.4
2025-01-19T18:00:00Z,149.71,2088.6
2025-01-19T18:30:00Z,148.25,2010.8
2025-01-19T19:00:00Z,138.46,1668.45
2025-01-19T19:30:00Z,122.46999999999998,1386.6
2025-01-19T20:00:00Z,126.46,1474.4
2025-01-19T20:30:00Z,112.14,1212.8
2025-01-19T21:00:00Z,130.43,1468.0
2025-01-19T21:30:00Z,104.37999999999998,1367.8
2025-01-19T22:00:00Z,108.36,1773.15
2025-01-19T22:30:00Z,99.84,1769.7
2025-01-19T23:00:00Z,99.67,1301.8
2025-01-19T23:30:00Z,99.16,1306.45
2025-01-20T00:00:00Z,96.49999999999999,1454.05
2025-01-20T00:30:00Z,98.18,1417.15
2025-01-20T01:00:00Z,96.8,1324.0
2025-01-20T01:30:00Z,93.1,1167.55
2025-01-20T02:00:00Z,95.55000000000001,1517.65
2025-01-20T02:30:00Z,90.89,1517.6
2025-01-20T03:00:00Z,93.35,1913.35
2025-01-20T03:30:00Z,98.77,1793.15
2025-01-20T04:00:00Z,99.68,2041.9
2025-01-20T04:30:00Z,97.17,2166.95
2025-01-20T05:00:00Z,100.19999999999999,1532.1
2025-01-20T05:30:00Z,100.49,1783.05
2025-01-20T06:00:00Z,114.37,2089.8
2025-01-20T06:30:00Z,135.77,2618.4
2025-01-20T07:00:00Z,190.44,2098.75
2025-01-20T07:30:00Z,218.41,2644.95
2025-01-20T08:00:00Z,182.49,2864.9
2025-01-20T08:30:00Z,203.81,2477.85
2025-01-20T09:00:00Z,178.76999999999998,3210.55
2025-01-20T09:30:00Z,181.28,3175.2
2025-01-20T10:00:00Z,193.51,3221.9
2025-01-20T10:30:00Z,194.27,3531.85
2025-01-20T11:00:00Z,173.83,3208.05
2025-01-20T11:30:00Z,171.35,3040.95
2025-01-20T12:00:00Z,189.06,3519.0
2025-01-20T12:30:00Z,180.66,3476.15
2025-01-20T13:00:00Z,185.1,3885.4
2025-01-20T13:30:00Z,178.98,3979.15
2025-01-20T14:00:00Z,190.47,4148.05
2025-01-20T14:30:00Z,187.1,3911.35
2025-01-20T15:00:00Z,216.77,3436.7
2025-01-20T15:30:00Z,216.2,3158.15
2025-01-20T16:00:00Z,201.64999999999998,3064.2
2025-01-20T16:30:00Z,230.05,3453.05
2025-01-20T17:00:00Z,237.89,4428.0
2025-01-20T17:30:00Z,269.63,4550.65
2025-01-20T18:00:00Z,202.9,4169.0
2025-01-20T18:30:00Z,195.59,3813.15
2025-01-20T19:00:00Z,166.79,3871.7
2025-01-20T19:30:00Z,157.14,3690.75
2025-01-20T20:00:00Z,143.65,2915.15
2025-01-20T20:30:00Z,130.46,2860.35
2025-01-20T21:00:00Z,132.36,3323.2
2025-01-20T21:30:00Z,110.74000000000001,2813.9
2025-01-20T22:00:00Z,118.58,2902.2
2025-01-20T22:30:00Z,108.99999999999999,2841.6
2025-01-20T23:00:00Z,119.69,1834.8
2025-01-20T23:30:00Z,107.76,1485.5
2025-01-21T00:00:00Z,112.48,1518.0
2025-01-21T00:30:00Z,117.73000000000002,1314.6
2025-01-21T01:00:00Z,107.58000000000001,1340.75
2025-01-21T01:30:00Z,103.56,1540.1
2025-01-21T02:00:00Z,104.21999999999998,1586.1
2025-01-21T02:30:00Z,103.56999999999998,1598.75
2025-01-21T03:00:00Z,99.31,1831.05
2025-01-21T03:30:00Z,103.31,1902.1
2025-01-21T04:00:00Z,104.2,2080.45
2025-01-21T04:30:00Z,101.28,2092.25
2025-01-21T05:00:00Z,101.54,1870.95
2025-01-21T05:30:00Z,101.11999999999999,1964.35
2025-01-21T06:00:00Z,122.1,2121.8
2025-01-21T06:30:00Z,134.62,2652.95
2025-01-21T07:00:00Z,133.72,2379.65
2025-01-21T07:30:00Z,142.88,3159.05
2025-01-21T08:00:00Z,163.74,3223.7
2025-01-21T08:30:00Z,165.08,3318.8
2025-01-21T09:00:00Z,156.33,3168.15
2025-01-21T09:30:00Z,157.79,3432.85
2025-01-21T10:00:00Z,148.17,3361.05
2025-01-21T10:30:00Z,147.23,3544.85
2025-01-21T11:00:00Z,123.05,3148.5
2025-01-21T11:30:00Z,118.18,2795.65
2025-01-21T12:00:00Z,126.01,3845.7
2025-01-21T12:30:00Z,131.59,4508.5
2025-01-21T13:00:00Z,138.15,4256.7
2025-01-21T13:30:00Z,144.78,3607.85
2025-01-21T14:00:00Z,135.43,3967.65
2025-01-21T14:30:00Z,156.58,3966.45
2025-01-21T15:00:00Z,186.93,3391.15
2025-01-21T15:30:00Z,190.24,3168.4
2025-01-21T16:00:00Z,182.27,3009.6
2025-01-21T16:30:00Z,210.98,3309.7
2025-01-21T17:00:00Z,221.62,3794.1
2025-01-21T17:30:00Z,217.63,4035.0
2025-01-21T18:00:00Z,206.31,3324.1
2025-01-21T18:30:00Z,198.75,3322.35
2025-01-21T19:00:00Z,169.41,3185.2
2025-01-21T19:30:00Z,161.36,2869.75
2025-01-21T20:00:00Z,177.25,3353.1
2025-01-21T20:30:00Z,154.77,3092.2
2025-01-21T21:00:00Z,143.21,2601.35
2025-01-21T21:30:00Z,119.69,2232.35
2025-01-21T22:00:00Z,121.15,1959.65
2025-01-21T22:30:00Z,112.26,2273.25
2025-01-21T23:00:00Z,101.38,1669.05
2025-01-21T23:30:00Z,107.41,1357.75
2025-01-22T00:00:00Z,109.08999999999999,1503.8
2025-01-22T00:30:00Z,107.04,2221.8
2025-01-22T01:00:00Z,102.36,2041.6
2025-01-22T01:30:00Z,101.63,2014.85
2025-01-22T02:00:00Z,97.54,1898.2
2025-01-22T02:30:00Z,97.66,1728.05
2025-01-22T03:00:00Z,93.82,1425.9
2025-01-22T03:30:00Z,90.38000000000001,1496.65
2025-01-22T04:00:00Z,96.06,1559.65
2025-01-22T04:30:00Z,97.04,1461.0
2025-01-22T05:00:00Z,95.73,1398.7
2025-01-22T05:30:00Z,92.79,1666.1
2025-01-22T06:00:00Z,104.67,1378.9
2025-01-22T06:30:00Z,128.53,1886.3
2025-01-22T07:00:00Z,167.7,2698.75
2025-01-22T07:30:00Z,189.55,2699.25
2025-01-22T08:00:00Z,199.49,2362.15
2025-01-22T08:30:00Z,222.75999999999996,2729.95
2025-01-22T09:00:00Z,192.63,2337.7
2025-01-22T09:30:00Z,181.54,2332.35
2025-01-22T10:00:00Z,163.85,2268.2
2025-01-22T10:30:00Z,154.31,2596.4
2025-01-22T11:00:00Z,175.0,3233.6
2025-01-22T11:30:00Z,170.82,3545.6
2025-01-22T12:00:00Z,178.07,2931.5
2025-01-22T12:30:00Z,170.85,3306.25
2025-01-22T13:00:00Z,193.7,4370.4
2025-01-22T13:30:00Z,195.31,3963.65
2025-01-22T14:00:00Z,188.46,4071.1
2025-01-22T14:30:00Z,188.63,4086.9
2025-01-22T15:00:00Z,191.46,3398.2
2025-01-22T15:30:00Z,198.84,3067.4
2025-01-22T16:00:00Z,217.12999999999997,2678.3
2025-01-22T16:30:00Z,272.58,3465.65
2025-01-22T17:00:00Z,255.61,2830.2
2025-01-22T17:30:00Z,233.78,3479.75
2025-01-22T18:00:00Z,236.64999999999998,2964.65
2025-01-22T18:30:00Z,223.46000000000004,3137.95
2025-01-22T19:00:00Z,177.78,3092.35
2025-01-22T19:30:00Z,156.44,2639.8
2025-01-22T20:00:00Z,152.6,2642.95
2025-01-22T20:30:00Z,146.44,2873.4
2025-01-22T21:00:00Z,126.41,2948.0
2025-01-22T21:30:00Z,115.09,2200.15
2025-01-22T22:00:00Z,110.08,2267.85
2025-01-22T22:30:00Z,105.52,2720.95
2025-01-22T23:00:00Z,105.1,1161.3
2025-01-22T23:30:00Z,107.18,1066.0
2025-01-23T00:00:00Z,107.68000000000002,1254.1
2025-01-23T00:30:00Z,113.01,1390.45
2025-01-23T01:00:00Z,110.21,1755.9
2025-01-23T01:30:00Z,104.71,1661.0
2025-01-23T02:00:00Z,104.74,2105.3
2025-01-23T02:30:00Z,101.45,1724.15
2025-01-23T03:00:00Z,96.96,1124.1
2025-01-23T03:30:00Z,94.54,1294.9
2025-01-23T04:00:00Z,94.64,1379.8
2025-01-23T04:30:00Z,97.63,1632.2
2025-01-23T05:00:00Z,98.63,1660.15
2025-01-23T05:30:00Z,96.06,2238.1
2025-01-23T06:00:00Z,103.66,2121.4
2025-01-23T06:30:00Z,126.76,2266.95
2025-01-23T07:00:00Z,129.43,2346.4
2025-01-23T07:30:00Z,138.59,2565.45
2025-01-23T08:00:00Z,136.52,2115.35
2025-01-23T08:30:00Z,134.12,2393.8
2025-01-23T09:00:00Z,132.52,2904.1
2025-01-23T09:30:00Z,128.0,3026.95
2025-01-23T10:00:00Z,124.53,2656.75
2025-01-23T10:30:00Z,124.98,2992.8
2025-01-23T11:00:00Z,118.53,2397.5
2025-01-23T11:30:00Z,112.39000000000001,2473.0
2025-01-23T12:00:00Z,114.56999999999998,2804.65
2025-01-23T12:30:00Z,116.99000000000001,2593.45
2025-01-23T13:00:00Z,113.69,3288.65
2025-01-23T13:30:00Z,107.85,3736.5
2025-01-23T14:00:00Z,106.17,3535.75
2025-01-23T14:30:00Z,105.37000000000002,3954.15
2025-01-23T15:00:00Z,107.20999999999998,2763.5
2025-01-23T15:30:00Z,112.37,2683.8
2025-01-23T16:00:00Z,114.81000000000002,2414.0
2025-01-23T16:30:00Z,125.5,2763.85
2025-01-23T17:00:00Z,133.32,2731.85
2025-01-23T17:30:00Z,134.25,2867.55
2025-01-23T18:00:00Z,134.06,3035.35
2025-01-23T18:30:00Z,134.2,3032.75
2025-01-23T19:00:00Z,122.8,2746.6
2025-01-23T19:30:00Z,117.54,2503.95
2025-01-23T20:00:00Z,110.06999999999998,2833.7
2025-01-23T20:30:00Z,103.65,3091.85
2025-01-23T21:00:00Z,115.87,2493.8
2025-01-23T21:30:00Z,109.19,2866.3
2025-01-23T22:00:00Z,99.94,2485.75
2025-01-23T22:30:00Z,96.06,2960.5
2025-01-23T23:00:00Z,87.51,2290.0
2025-01-23T23:30:00Z,70.06,2198.75
2025-01-24T00:00:00Z,71.56,2228.65
2025-01-24T00:30:00Z,70.5,2370.5
2025-01-24T01:00:00Z,57.17,2261.45
2025-01-24T01:30:00Z,36.13,2291.95
2025-01-24T02:00:00Z,21.46,2246.2
2025-01-24T02:30:00Z,15.43,2028.8
2025-01-24T03:00:00Z,13.45,2075.75
2025-01-24T03:30:00Z,9.98,2080.0
2025-01-24T04:00:00Z,7.669999999999999,2236.95
2025-01-24T04:30:00Z,6.32,2520.55
2025-01-24T05:00:00Z,26.03,2199.7
2025-01-24T05:30:00Z,51.23,1993.15
2025-01-24T06:00:00Z,63.0,2295.5
2025-01-24T06:30:00Z,81.41,2370.75
2025-01-24T07:00:00Z,98.34999999999998,2750.4
2025-01-24T07:30:00Z,113.09,2785.15
2025-01-24T08:00:00Z,114.32000000000001,2512.8
2025-01-24T08:30:00Z,115.92999999999999,2300.45
2025-01-24T09:00:00Z,118.22,3187.3
2025-01-24T09:30:00Z,117.86,3132.85
2025-01-24T10:00:00Z,121.09,3227.2
2025-01-24T10:30:00Z,119.39,3206.45
2025-01-24T11:00:00Z,117.88,2839.15
2025-01-24T11:30:00Z,113.77,2729.55
2025-01-24T12:00:00Z,109.91000000000001,2613.7
2025-01-24T12:30:00Z,107.51,2762.15
2025-01-24T13:00:00Z,99.62,2573.35
2025-01-24T13:30:00Z,98.49,2734.4
2025-01-24T14:00:00Z,97.41,3015.35
2025-01-24T14:30:00Z,97.99,3161.95
2025-01-24T15:00:00Z,99.5,2942.9
2025-01-24T15:30:00Z,102.45000000000002,2717.2
2025-01-24T16:00:00Z,103.35,2753.5
2025-01-24T16:30:00Z,113.89000000000001,2758.55
2025-01-24T17:00:00Z,120.7,2875.3
2025-01-24T17:30:00Z,121.15999999999998,2921.3
2025-01-24T18:00:00Z,122.55000000000001,2906.35
2025-01-24T18:30:00Z,123.40000000000002,2897.3
2025-01-24T19:00:00Z,117.66,3157.6
2025-01-24T19:30:00Z,114.08,3179.1
2025-01-24T20:00:00Z,110.93,3225.4
2025-01-24T20:30:00Z,109.62,3449.15
2025-01-24T21:00:00Z,105.30999999999999,3096.9
2025-01-24T21:30:00Z,100.03000000000002,3133.4
2025-01-24T22:00:00Z,96.76,2791.3
2025-01-24T22:30:00Z,84.55,2813.85
2025-01-24T23:00:00Z,52.45,1951.8
2025-01-24T23:30:00Z,42.58,2204.55
2025-01-25T00:00:00Z,33.78,2260.75
2025-01-25T00:30:00Z,37.75,2022.95
2025-01-25T01:00:00Z,30.75,2022.9
2025-01-25T01:30:00Z,23.9,2161.85
2025-01-25T02:00:00Z,19.33,2130.2
2025-01-25T02:30:00Z,18.69,2245.15
2025-01-25T03:00:00Z,17.34,2486.45
2025-01-25T03:30:00Z,18.46,2172.6
2025-01-25T04:00:00Z,21.94,2170.05
2025-01-25T04:30:00Z,24.97,2348.95
2025-01-25T05:00:00Z,19.37,2148.1
2025-01-25T05:30:00Z,12.34,2367.05
2025-01-25T06:00:00Z,16.98,2546.05
2025-01-25T06:30:00Z,19.41,2550.2
2025-01-25T07:00:00Z,40.61,2752.45
2025-01-25T07:30:00Z,53.32,2645.9
2025-01-25T08:00:00Z,57.36,2822.35
2025-01-25T08:30:00Z,67.27,3001.65
2025-01-25T09:00:00Z,80.78,2882.5
2025-01-25T09:30:00Z,80.44,2960.85
2025-01-25T10:00:00Z,84.6,3188.15
2025-01-25T10:30:00Z,85.59,3162.35
2025-01-25T11:00:00Z,87.6,2994.8
2025-01-25T11:30:00Z,89.12,3090.35
2025-01-25T12:00:00Z,87.96,2805.05
2025-01-25T12:30:00Z,89.8,2812.7
2025-01-25T13:00:00Z,93.74,2206.0
2025-01-25T13:30:00Z,100.24,2186.75
2025-01-25T14:00:00Z,102.61,2265.95
2025-01-25T14:30:00Z,105.82,2396.85
2025-01-25T15:00:00Z,124.49,2036.65
2025-01-25T15:30:00Z,130.15,1935.15
2025-01-25T16:00:00Z,134.94,2047.55
2025-01-25T16:30:00Z,141.19,2572.6
2025-01-25T17:00:00Z,144.61,2498.65
2025-01-25T17:30:00Z,148.26,2760.35
2025-01-25T18:00:00Z,147.45,2883.0
2025-01-25T18:30:00Z,143.26,2931.2
2025-01-25T19:00:00Z,121.80999999999999,2484.0
2025-01-25T19:30:00Z,107.38,2781.65
2025-01-25T20:00:00Z,103.48,3363.45
2025-01-25T20:30:00Z,107.74999999999999,3141.6
2025-01-25T21:00:00Z,108.13,2415.95
2025-01-25T21:30:00Z,107.06,2371.3
2025-01-25T22:00:00Z,105.48,2612.6
2025-01-25T22:30:00Z,104.94,2449.15
2025-01-25T23:00:00Z,104.95,1261.3
2025-01-25T23:30:00Z,105.36,1241.45
2025-01-26T00:00:00Z,100.54,1285.0
2025-01-26T00:30:00Z,106.42999999999999,1484.9
2025-01-26T01:00:00Z,107.1,1655.5
2025-01-26T01:30:00Z,106.53,1893.15
2025-01-26T02:00:00Z,104.19,2175.15
2025-01-26T02:30:00Z,102.75,1990.6
2025-01-26T03:00:00Z,95.63,2038.95
2025-01-26T03:30:00Z,90.76,1693.55
2025-01-26T04:00:00Z,86.12,1916.75
2025-01-26T04:30:00Z,81.71,1868.25
2025-01-26T05:00:00Z,88.2,2457.65
2025-01-26T05:30:00Z,89.89,2408.95
2025-01-26T06:00:00Z,77.6,2679.5
2025-01-26T06:30:00Z,67.98,2452.25
2025-01-26T07:00:00Z,74.2,1929.95
2025-01-26T07:30:00Z,75.83,2164.4
2025-01-26T08:00:00Z,70.09,2435.65
2025-01-26T08:30:00Z,53.199999999999996,2591.1
2025-01-26T09:00:00Z,58.95,2559.85
2025-01-26T09:30:00Z,83.98,2500.65
2025-01-26T10:00:00Z,93.01,2191.8
2025-01-26T10:30:00Z,98.79,2311.8
2025-01-26T11:00:00Z,109.99,2103.05
2025-01-26T11:30:00Z,110.41,2264.7
2025-01-26T12:00:00Z,119.24,2097.7
2025-01-26T12:30:00Z,121.04000000000002,2265.2
2025-01-26T13:00:00Z,124.75,2378.15
2025-01-26T13:30:00Z,127.20000000000002,2511.75
2025-01-26T14:00:00Z,120.67,2319.65
2025-01-26T14:30:00Z,113.57,2476.05
2025-01-26T15:00:00Z,115.07,2349.3
2025-01-26T15:30:00Z,118.92999999999999,2338.55
2025-01-26T16:00:00Z,122.51,2035.2
2025-01-26T16:30:00Z,126.25000000000001,2196.45
2025-01-26T17:00:00Z,126.73999999999998,2533.9
2025-01-26T17:30:00Z,127.17,2539.0
2025-01-26T18:00:00Z,122.99000000000001,2911.5
2025-01-26T18:30:00Z,116.22000000000001,2838.35
2025-01-26T19:00:00Z,106.02,2220.1
2025-01-26T19:30:00Z,98.43,2162.1
2025-01-26T20:00:00Z,91.74,1993.6
2025-01-26T20:30:00Z,92.05,1884.5
2025-01-26T21:00:00Z,78.77,2131.95
2025-01-26T21:30:00Z,70.4,2300.45
2025-01-26T22:00:00Z,64.81,2087.1
2025-01-26T22:30:00Z,41.31,2210.8
2025-01-26T23:00:00Z,24.2,1930.85
2025-01-26T23:30:00Z,21.55,2188.9
2025-01-27T00:00:00Z,19.52,1980.95
2025-01-27T00:30:00Z,26.03,2278.65
2025-01-27T01:00:00Z,21.510000000000005,1715.6
2025-01-27T01:30:00Z,21.32,1824.35
2025-01-27T02:00:00Z,20.78,1771.65
2025-01-27T02:30:00Z,28.9,2291.8
2025-01-27T03:00:00Z,25.4,1845.5
2025-01-27T03:30:00Z,22.42,1872.75
2025-01-27T04:00:00Z,20.53,1917.45
2025-01-27T04:30:00Z,25.65,1959.1
2025-01-27T05:00:00Z,62.31,2153.6
2025-01-27T05:30:00Z,82.19,2493.55
2025-01-27T06:00:00Z,86.42,2593.95
2025-01-27T06:30:00Z,95.62,2713.25
2025-01-27T07:00:00Z,111.50999999999999,2608.6
2025-01-27T07:30:00Z,124.03,2237.2
2025-01-27T08:00:00Z,119.42,2811.55
2025-01-27T08:30:00Z,107.96,2551.3
2025-01-27T09:00:00Z,107.76,2896.2
2025-01-27T09:30:00Z,100.78000000000002,2763.85
2025-01-27T10:00:00Z,97.17,2822.2
2025-01-27T10:30:00Z,92.73,3243.6
2025-01-27T11:00:00Z,84.0,2639.35
2025-01-27T11:30:00Z,81.78000000000002,3281.55
2025-01-27T12:00:00Z,81.28000000000002,3497.0
2025-01-27T12:30:00Z,87.15,3970.05
2025-01-27T13:00:00Z,84.73,3896.3
2025-01-27T13:30:00Z,84.29,3632.15
2025-01-27T14:00:00Z,86.99,3526.05
2025-01-27T14:30:00Z,89.57,3826.7
2025-01-27T15:00:00Z,95.47,3544.75
2025-01-27T15:30:00Z,98.63,3331.3
2025-01-27T16:00:00Z,98.43,3308.15
2025-01-27T16:30:00Z,106.76,3762.75
2025-01-27T17:00:00Z,111.27,3597.45
2025-01-27T17:30:00Z,110.69,3763.0
2025-01-27T18:00:00Z,110.17,3383.4
2025-01-27T18:30:00Z,105.73,3520.6
2025-01-27T19:00:00Z,98.69,3557.25
2025-01-27T19:30:00Z,100.69,3670.1
2025-01-27T20:00:00Z,101.8,3419.45
2025-01-27T20:30:00Z,98.63,3326.0
2025-01-27T21:00:00Z,97.0,3280.25
2025-01-27T21:30:00Z,96.50000000000001,3142.4
2025-01-27T22:00:00Z,95.73,2897.85
2025-01-27T22:30:00Z,90.22,3479.25
2025-01-27T23:00:00Z,77.79,2419.05
2025-01-27T23:30:00Z,76.89,2433.95
2025-01-28T00:00:00Z,79.08,2112.35
2025-01-28T00:30:00Z,81.95,2052.0
2025-01-28T01:00:00Z,74.8,2074.0
2025-01-28T01:30:00Z,60.04999999999999,2436.2
2025-01-28T02:00:00Z,54.97,2070.25
2025-01-28T02:30:00Z,43.13,2351.05
2025-01-28T03:00:00Z,32.43,2594.5
2025-01-28T03:30:00Z,24.95,2357.55
2025-01-28T04:00:00Z,10.09,2691.05
2025-01-28T04:30:00Z,11.19,2422.45
2025-01-28T05:00:00Z,9.76,3296.05
2025-01-28T05:30:00Z,17.4,2801.4
2025-01-28T06:00:00Z,78.67,3679.55
2025-01-28T06:30:00Z,89.41,3592.15
2025-01-28T07:00:00Z,104.9,4079.95
2025-01-28T07:30:00Z,104.5,3867.95
2025-01-28T08:00:00Z,101.6,3919.0
2025-01-28T08:30:00Z,97.97,3879.15
2025-01-28T09:00:00Z,94.41999999999999,3552.65
2025-01-28T09:30:00Z,93.19,3199.2
2025-01-28T10:00:00Z,92.99,2705.85
2025-01-28T10:30:00Z,94.35999999999999,3113.05
2025-01-28T11:00:00Z,94.1,3569.05
2025-01-28T11:30:00Z,93.6,3308.05
2025-01-28T12:00:00Z,94.74,3500.05
2025-01-28T12:30:00Z,96.38000000000001,3527.0
2025-01-28T13:00:00Z,103.68,3169.6
2025-01-28T13:30:00Z,102.41,3536.35
2025-01-28T14:00:00Z,99.5,3647.0
2025-01-28T14:30:00Z,97.48,3541.0
2025-01-28T15:00:00Z,103.36,3692.65
2025-01-28T15:30:00Z,109.34,3957.05
2025-01-28T16:00:00Z,108.7,3509.7
2025-01-28T16:30:00Z,118.32,4210.5
2025-01-28T17:00:00Z,116.22,3909.9
2025-01-28T17:30:00Z,117.19,4150.4
2025-01-28T18:00:00Z,117.83,4046.0
2025-01-28T18:30:00Z,114.2,3747.7
2025-01-28T19:00:00Z,107.64,3607.15
2025-01-28T19:30:00Z,111.54,3582.7
2025-01-28T20:00:00Z,110.96,3930.05
2025-01-28T20:30:00Z,104.71,3806.15
2025-01-28T21:00:00Z,105.02,3906.05
2025-01-28T21:30:00Z,103.98,3336.85
2025-01-28T22:00:00Z,105.96000000000001,3123.45
2025-01-28T22:30:00Z,95.87,3521.3
2025-01-28T23:00:00Z,76.21,1840.7
2025-01-28T23:30:00Z,73.66,2157.4
2025-01-29T00:00:00Z,71.57,2162.25
2025-01-29T00:30:00Z,71.6,2388.0
2025-01-29T01:00:00Z,61.769999999999996,2143.35
2025-01-29T01:30:00Z,47.82,2258.85
2025-01-29T02:00:00Z,54.62,2508.0
2025-01-29T02:30:00Z,56.85999999999999,2570.55
2025-01-29T03:00:00Z,50.25,2367.1
2025-01-29T03:30:00Z,53.82,2454.95
2025-01-29T04:00:00Z,49.17,2344.0
2025-01-29T04:30:00Z,49.85,2485.55
2025-01-29T05:00:00Z,61.31000000000001,2692.8
2025-01-29T05:30:00Z,69.56,2810.0
2025-01-29T06:00:00Z,100.22,2227.35
2025-01-29T06:30:00Z,110.27,3002.5
2025-01-29T07:00:00Z,115.83,3574.6
2025-01-29T07:30:00Z,112.33,3335.75
2025-01-29T08:00:00Z,99.84,3557.15
2025-01-29T08:30:00Z,105.14,3438.4
2025-01-29T09:00:00Z,116.66,2843.25
2025-01-29T09:30:00Z,113.56,2679.5
2025-01-29T10:00:00Z,114.91000000000001,2440.1
2025-01-29T10:30:00Z,114.81000000000002,2661.0
2025-01-29T11:00:00Z,116.91,2693.45
2025-01-29T11:30:00Z,111.87,3454.25
2025-01-29T12:00:00Z,109.37,3290.75
2025-01-29T12:30:00Z,103.69,3553.5
2025-01-29T13:00:00Z,102.59000000000002,3266.85
2025-01-29T13:30:00Z,104.87,3338.6
2025-01-29T14:00:00Z,109.07,3598.2
2025-01-29T14:30:00Z,111.32999999999998,3229.6
2025-01-29T15:00:00Z,116.39,3667.95
2025-01-29T15:30:00Z,121.07,3253.8
2025-01-29T16:00:00Z,124.13,3307.45
2025-01-29T16:30:00Z,133.48,3424.15
2025-01-29T17:00:00Z,137.76,2999.9
2025-01-29T17:30:00Z,139.75,3796.1
2025-01-29T18:00:00Z,132.48,3157.45
2025-01-29T18:30:00Z,132.27,3158.3
2025-01-29T19:00:00Z,127.69,2914.15
2025-01-29T19:30:00Z,114.97,2682.85
2025-01-29T20:00:00Z,115.62000000000002,2892.95
2025-01-29T20:30:00Z,119.28999999999999,3055.05
2025-01-29T21:00:00Z,109.62000000000002,2563.85
2025-01-29T21:30:00Z,111.35,2683.8
2025-01-29T22:00:00Z,110.49,2983.45
2025-01-29T22:30:00Z,104.88000000000001,3541.85
2025-01-29T23:00:00Z,98.94,1940.5
2025-01-29T23:30:00Z,91.74,1939.85
2025-01-30T00:00:00Z,97.52,2044.05
2025-01-30T00:30:00Z,108.73,1961.8
2025-01-30T01:00:00Z,96.58,2226.8
2025-01-30T01:30:00Z,94.36,2470.85
2025-01-30T02:00:00Z,94.28,2825.1
2025-01-30T02:30:00Z,90.97,2765.0
2025-01-30T03:00:00Z,93.9,2626.0
2025-01-30T03:30:00Z,85.52,2491.95
2025-01-30T04:00:00Z,80.26,2512.3
2025-01-30T04:30:00Z,80.16,2443.5
2025-01-30T05:00:00Z,88.45,1944.1
2025-01-30T05:30:00Z,81.14,1930.15
2025-01-30T06:00:00Z,94.8,1956.5
2025-01-30T06:30:00Z,89.15,3200.35
2025-01-30T07:00:00Z,110.42,2988.2
2025-01-30T07:30:00Z,119.88,2978.3
2025-01-30T08:00:00Z,117.54,3007.25
2025-01-30T08:30:00Z,115.35,3337.35
2025-01-30T09:00:00Z,98.19,2436.05
2025-01-30T09:30:00Z,104.39,3256.7
2025-01-30T10:00:00Z,105.77,3351.5
2025-01-30T10:30:00Z,99.52,3887.5
2025-01-30T11:00:00Z,98.88,3492.9
2025-01-30T11:30:00Z,97.17,3847.15
2025-01-30T12:00:00Z,96.38000000000001,3602.5
2025-01-30T12:30:00Z,96.54,3607.0
2025-01-30T13:00:00Z,98.38000000000001,3113.9
2025-01-30T13:30:00Z,98.06,3159.6
2025-01-30T14:00:00Z,98.56,3501.0
2025-01-30T14:30:00Z,102.49,3258.5
2025-01-30T15:00:00Z,132.42,3498.65
2025-01-30T15:30:00Z,135.53,3619.65
2025-01-30T16:00:00Z,140.02,3108.4
2025-01-30T16:30:00Z,147.39,3355.1
2025-01-30T17:00:00Z,160.58,3223.25
2025-01-30T17:30:00Z,165.2,3820.95
2025-01-30T18:00:00Z,162.94000000000003,3430.15
2025-01-30T18:30:00Z,161.52,3500.2
2025-01-30T19:00:00Z,161.53,3533.2
2025-01-30T19:30:00Z,151.03,3025.5
2025-01-30T20:00:00Z,145.3,2665.45
2025-01-30T20:30:00Z,126.16999999999999,2180.75
2025-01-30T21:00:00Z,121.07,2908.3
2025-01-30T21:30:00Z,111.69,2862.1
2025-01-30T22:00:00Z,108.89000000000001,3475.55
2025-01-30T22:30:00Z,109.36,3463.3
2025-01-30T23:00:00Z,120.59,2037.8
2025-01-30T23:30:00Z,113.64,2196.85
2025-01-31T00:00:00Z,110.29,2013.0
2025-01-31T00:30:00Z,116.73,1927.7
2025-01-31T01:00:00Z,119.72999999999999,1717.5
2025-01-31T01:30:00Z,118.84,1977.65
2025-01-31T02:00:00Z,118.95,1501.9
2025-01-31T02:30:00Z,124.49,1867.3
2025-01-31T03:00:00Z,115.74,2155.3
2025-01-31T03:30:00Z,119.55000000000001,2468.2
2025-01-31T04:00:00Z,114.74,2215.7
2025-01-31T04:30:00Z,111.48000000000002,2760.45
2025-01-31T05:00:00Z,118.03,2152.7
2025-01-31T05:30:00Z,107.51000000000002,2535.4
2025-01-31T06:00:00Z,125.5,1758.8
2025-01-31T06:30:00Z,113.7,2481.2
2025-01-31T07:00:00Z,131.69,2168.5
2025-01-31T07:30:00Z,142.26,2108.15
2025-01-31T08:00:00Z,132.13,3215.65
2025-01-31T08:30:00Z,133.96,3500.0
2025-01-31T09:00:00Z,121.58,2843.75
2025-01-31T09:30:00Z,122.2,2998.8
2025-01-31T10:00:00Z,126.59,3058.0
2025-01-31T10:30:00Z,122.88999999999999,2977.6
2025-01-31T11:00:00Z,118.28,2714.75
2025-01-31T11:30:00Z,122.73,2978.05
2025-01-31T12:00:00Z,126.7,3404.55
2025-01-31T12:30:00Z,119.20999999999998,3520.4
2025-01-31T13:00:00Z,115.10000000000001,3612.8
2025-01-31T13:30:00Z,111.91,3682.35
2025-01-31T14:00:00Z,110.24000000000001,3735.1
2025-01-31T14:30:00Z,116.66,4188.35
2025-01-31T15:00:00Z,132.2,3705.65
2025-01-31T15:30:00Z,137.49,3599.5
2025-01-31T16:00:00Z,137.25,3881.25
2025-01-31T16:30:00Z,141.53,4014.85
2025-01-31T17:00:00Z,146.07,3951.35
2025-01-31T17:30:00Z,145.81,4278.3
2025-01-31T18:00:00Z,148.42,3943.75
2025-01-31T18:30:00Z,145.6,3711.05
2025-01-31T19:00:00Z,142.78,3333.05
2025-01-31T19:30:00Z,142.08,3191.15
2025-01-31T20:00:00Z,134.71,3680.2
2025-01-31T20:30:00Z,117.08,3070.05
2025-01-31T21:00:00Z,122.33,2790.0
2025-01-31T21:30:00Z,122.78,2925.5
2025-01-31T22:00:00Z,120.82,2326.7
2025-01-31T22:30:00Z,110.68,2242.65
2025-01-31T23:00:00Z,111.15000000000002,1628.55
2025-01-31T23:30:00Z,121.27,1088.4
2025-02-01T00:00:00Z,116.34,907.45
2025-02-01T00:30:00Z,116.17,1051.5
2025-02-01T01:00:00Z,109.65,1338.2
2025-02-01T01:30:00Z,102.7,1241.55
2025-02-01T02:00:00Z,100.13,1035.0
2025-02-01T02:30:00Z,98.3,1305.85
2025-02-01T03:00:00Z,98.36,1569.85
2025-02-01T03:30:00Z,96.85,1537.4
2025-02-01T04:00:00Z,96.2,1681.65
2025-02-01T04:30:00Z,94.9,1611.75
2025-02-01T05:00:00Z,101.03999999999999,1783.55
2025-02-01T05:30:00Z,95.26999999999998,1813.2
2025-02-01T06:00:00Z,104.28,1942.75
2025-02-01T06:30:00Z,112.43,1909.65
2025-02-01T07:00:00Z,126.09000000000002,1592.6
2025-02-01T07:30:00Z,131.6,2167.5
2025-02-01T08:00:00Z,130.16,1820.05
2025-02-01T08:30:00Z,133.56,2387.75
2025-02-01T09:00:00Z,121.64,2021.55
2025-02-01T09:30:00Z,120.88,2070.7
2025-02-01T10:00:00Z,109.16,1738.25
2025-02-01T10:30:00Z,108.5,2381.45
2025-02-01T11:00:00Z,101.06,2148.55
2025-02-01T11:30:00Z,99.72,2451.9
2025-02-01T12:00:00Z,97.14,2165.85
2025-02-01T12:30:00Z,99.94,2807.95
2025-02-01T13:00:00Z,107.41,3093.3
2025-02-01T13:30:00Z,106.49999999999999,2995.6
2025-02-01T14:00:00Z,108.52000000000001,3167.2
2025-02-01T14:30:00Z,106.77,3713.4
2025-02-01T15:00:00Z,127.89,1948.15
2025-02-01T15:30:00Z,124.94,2670.4
2025-02-01T16:00:00Z,125.16,2048.85
2025-02-01T16:30:00Z,129.72,2130.2
2025-02-01T17:00:00Z,130.13,2246.1
2025-02-01T17:30:00Z,128.83,2470.5
2025-02-01T18:00:00Z,133.91,2573.7
2025-02-01T18:30:00Z,132.89,2291.45
2025-02-01T19:00:00Z,128.04,1978.15
2025-02-01T19:30:00Z,121.71000000000001,2190.1
2025-02-01T20:00:00Z,117.25,1987.8
2025-02-01T20:30:00Z,114.5,2001.85
2025-02-01T21:00:00Z,115.88999999999999,2378.0
2025-02-01T21:30:00Z,114.92,2370.8
2025-02-01T22:00:00Z,108.3,2518.95
2025-02-01T22:30:00Z,106.16,2698.75
2025-02-01T23:00:00Z,93.23,1428.85
2025-02-01T23:30:00Z,99.88,1450.85
2025-02-02T00:00:00Z,101.92999999999999,1517.65
2025-02-02T00:30:00Z,108.56000000000002,1506.0
2025-02-02T01:00:00Z,104.75,1462.5
2025-02-02T01:30:00Z,104.54,1617.7
2025-02-02T02:00:00Z,105.43000000000002,1746.35
2025-02-02T02:30:00Z,104.04,2020.95
2025-02-02T03:00:00Z,104.6,1940.05
2025-02-02T03:30:00Z,97.56,1938.8
2025-02-02T04:00:00Z,99.79,2089.8
2025-02-02T04:30:00Z,97.87,2207.25
2025-02-02T05:00:00Z,105.22,2410.05
2025-02-02T05:30:00Z,103.49,2349.2
2025-02-02T06:00:00Z,104.39,2514.7
2025-02-02T06:30:00Z,94.86,2691.15
2025-02-02T07:00:00Z,100.4,2713.05
2025-02-02T07:30:00Z,103.88,2774.95
2025-02-02T08:00:00Z,105.33,2525.15
2025-02-02T08:30:00Z,116.71,2595.45
2025-02-02T09:00:00Z,105.18,2485.95
2025-02-02T09:30:00Z,107.78,2710.45
2025-02-02T10:00:00Z,93.83,2839.7
2025-02-02T10:30:00Z,94.54,3846.0
2025-02-02T11:00:00Z,78.99,3136.25
2025-02-02T11:30:00Z,87.09,4233.8
2025-02-02T12:00:00Z,95.08,4142.2
2025-02-02T12:30:00Z,92.46,4183.75
2025-02-02T13:00:00Z,101.13,4584.4
2025-02-02T13:30:00Z,103.88,4132.2
2025-02-02T14:00:00Z,103.35,4476.95
2025-02-02T14:30:00Z,102.49,4595.65
2025-02-02T15:00:00Z,119.45,3924.65
2025-02-02T15:30:00Z,123.69,3429.8
2025-02-02T16:00:00Z,126.91,3358.1
2025-02-02T16:30:00Z,145.8,3249.75
2025-02-02T17:00:00Z,146.36,3334.65
2025-02-02T17:30:00Z,144.47,3089.45
2025-02-02T18:00:00Z,146.44,3370.0
2025-02-02T18:30:00Z,141.33,2960.2
2025-02-02T19:00:00Z,141.33,2438.95
2025-02-02T19:30:00Z,122.42,2162.5
2025-02-02T20:00:00Z,133.38,2863.25
2025-02-02T20:30:00Z,118.64,2914.4
2025-02-02T21:00:00Z,108.31,2346.0
2025-02-02T21:30:00Z,114.25,2586.8
2025-02-02T22:00:00Z,120.83999999999999,2260.25
2025-02-02T22:30:00Z,115.89000000000001,2516.3
2025-02-02T23:00:00Z,102.14999999999999,1364.6
2025-02-02T23:30:00Z,107.23,1703.45
2025-02-03T00:00:00Z,103.3,1760.55
2025-02-03T00:30:00Z,101.03,1641.2
2025-02-03T01:00:00Z,99.06000000000002,1693.7
2025-02-03T01:30:00Z,99.54000000000002,1846.0
2025-02-03T02:00:00Z,98.78,2185.15
2025-02-03T02:30:00Z,96.64000000000001,1840.4
2025-02-03T03:00:00Z,91.4,1798.55
2025-02-03T03:30:00Z,93.37,1901.05
2025-02-03T04:00:00Z,96.9,1929.9
2025-02-03T04:30:00Z,91.08,1731.6
2025-02-03T05:00:00Z,99.41,1949.35
2025-02-03T05:30:00Z,97.6,2236.65
2025-02-03T06:00:00Z,99.08,1617.15
2025-02-03T06:30:00Z,108.52000000000001,1687.3
2025-02-03T07:00:00Z,145.9,1524.3
2025-02-03T07:30:00Z,158.77,2015.2
2025-02-03T08:00:00Z,146.37,2084.85
2025-02-03T08:30:00Z,145.6,2405.1
2025-02-03T09:00:00Z,120.69,2034.7
2025-02-03T09:30:00Z,109.52,2420.55
2025-02-03T10:00:00Z,104.09,2407.15
2025-02-03T10:30:00Z,104.57,2742.5
2025-02-03T11:00:00Z,102.09,3451.8
2025-02-03T11:30:00Z,103.73,3322.2
2025-02-03T12:00:00Z,104.74,3577.35
2025-02-03T12:30:00Z,99.68,3483.65
2025-02-03T13:00:00Z,99.97000000000001,3088.75
2025-02-03T13:30:00Z,99.37,3345.1
2025-02-03T14:00:00Z,99.10999999999999,3398.2
2025-02-03T14:30:00Z,97.10999999999999,3261.6
2025-02-03T15:00:00Z,106.35000000000001,2556.85
2025-02-03T15:30:00Z,102.77000000000001,2611.3
2025-02-03T16:00:00Z,111.42000000000002,2699.95
2025-02-03T16:30:00Z,122.34,2852.95
2025-02-03T17:00:00Z,132.47,2501.05
2025-02-03T17:30:00Z,129.52,3071.8
2025-02-03T18:00:00Z,126.66,3048.25
2025-02-03T18:30:00Z,125.22,2833.35
2025-02-03T19:00:00Z,122.89,3382.0
2025-02-03T19:30:00Z,119.52,3033.0
2025-02-03T20:00:00Z,109.77,2608.75
2025-02-03T20:30:00Z,114.55,3323.1
2025-02-03T21:00:00Z,112.16,2992.0
2025-02-03T21:30:00Z,113.07,3455.6
2025-02-03T22:00:00Z,109.88,2906.8
2025-02-03T22:30:00Z,106.76,3267.55
2025-02-03T23:00:00Z,96.13,1790.3
2025-02-03T23:30:00Z,86.71,1782.5
2025-02-04T00:00:00Z,94.18,1967.1
2025-02-04T00:30:00Z,101.0,2279.85
2025-02-04T01:00:00Z,94.59,1875.85
2025-02-04T01:30:00Z,86.29,1973.05
2025-02-04T02:00:00Z,83.93,1811.8
2025-02-04T02:30:00Z,89.14,2212.3
2025-02-04T03:00:00Z,93.41,1930.35
2025-02-04T03:30:00Z,91.64,1883.1
2025-02-04T04:00:00Z,91.63,2033.65
2025-02-04T04:30:00Z,93.01,1917.55
2025-02-04T05:00:00Z,108.12,1807.3
2025-02-04T05:30:00Z,106.18,2365.05
2025-02-04T06:00:00Z,109.99,3089.25
2025-02-04T06:30:00Z,112.08,2157.9
2025-02-04T07:00:00Z,139.88,3014.2
2025-02-04T07:30:00Z,150.94,3397.55
2025-02-04T08:00:00Z,136.05,2763.5
2025-02-04T08:30:00Z,134.49,3161.5
2025-02-04T09:00:00Z,121.44,2900.8
2025-02-04T09:30:00Z,117.58,2871.25
2025-02-04T10:00:00Z,118.09000000000002,2993.65
2025-02-04T10:30:00Z,116.97,3146.2
2025-02-04T11:00:00Z,103.42,3608.1
2025-02-04T11:30:00Z,108.37,3511.75
2025-02-04T12:00:00Z,107.52,3362.0
2025-02-04T12:30:00Z,105.45,3366.5
2025-02-04T13:00:00Z,114.77000000000001,3330.15
2025-02-04T13:30:00Z,118.85,3419.0
2025-02-04T14:00:00Z,115.76,3522.95
2025-02-04T14:30:00Z,111.08,3477.9
2025-02-04T15:00:00Z,116.06,3796.3
2025-02-04T15:30:00Z,114.78,3155.6
2025-02-04T16:00:00Z,119.47,3007.75
2025-02-04T16:30:00Z,119.92999999999999,3109.4
2025-02-04T17:00:00Z,131.61,3409.5
2025-02-04T17:30:00Z,135.84,3708.6
2025-02-04T18:00:00Z,131.6,3561.1
2025-02-04T18:30:00Z,133.07,3545.55
2025-02-04T19:00:00Z,130.08,3453.85
2025-02-04T19:30:00Z,127.56,2771.9
2025-02-04T20:00:00Z,119.65000000000002,3309.5
2025-02-04T20:30:00Z,117.79,3082.7
2025-02-04T21:00:00Z,111.64,2902.95
2025-02-04T21:30:00Z,116.1,2579.75
2025-02-04T22:00:00Z,109.53,2908.0
2025-02-04T22:30:00Z,104.18,2855.4
2025-02-04T23:00:00Z,109.92,2188.4
2025-02-04T23:30:00Z,103.76,2733.2
2025-02-05T00:00:00Z,104.16,2369.4
2025-02-05T00:30:00Z,104.97,2486.4
2025-02-05T01:00:00Z,95.94,2747.05
2025-02-05T01:30:00Z,97.22000000000001,2931.35
2025-02-05T02:00:00Z,93.81000000000002,3056.95
2025-02-05T02:30:00Z,99.69,3019.9
2025-02-05T03:00:00Z,105.57,2243.8
2025-02-05T03:30:00Z,103.89,2462.75
2025-02-05T04:00:00Z,108.39,2390.45
2025-02-05T04:30:00Z,105.37999999999998,2568.5
2025-02-05T05:00:00Z,120.65,1986.2
2025-02-05T05:30:00Z,111.76,2120.2
2025-02-05T06:00:00Z,124.8,2338.6
2025-02-05T06:30:00Z,121.5,2979.0
2025-02-05T07:00:00Z,137.5,2388.0
2025-02-05T07:30:00Z,151.19,2248.55
2025-02-05T08:00:00Z,134.92,2318.75
2025-02-05T08:30:00Z,137.45,2099.9
2025-02-05T09:00:00Z,133.8,2634.3
2025-02-05T09:30:00Z,133.37,2719.75
2025-02-05T10:00:00Z,133.15,2749.75
2025-02-05T10:30:00Z,130.9,2767.1
2025-02-05T11:00:00Z,125.10000000000001,2622.0
2025-02-05T11:30:00Z,118.64,3100.6
2025-02-05T12:00:00Z,110.51,3585.65
2025-02-05T12:30:00Z,109.8,3331.15
2025-02-05T13:00:00Z,111.84,3567.5
2025-02-05T13:30:00Z,110.06,3650.45
2025-02-05T14:00:00Z,115.18,3684.25
2025-02-05T14:30:00Z,114.71,4214.0
2025-02-05T15:00:00Z,136.8,2540.0
2025-02-05T15:30:00Z,142.16,2799.65
2025-02-05T16:00:00Z,130.7,3167.4
2025-02-05T16:30:00Z,141.52,3086.25
2025-02-05T17:00:00Z,158.79,2842.7
2025-02-05T17:30:00Z,158.4,3624.95
2025-02-05T18:00:00Z,157.24,3286.1
2025-02-05T18:30:00Z,157.76,3117.45
2025-02-05T19:00:00Z,147.18,2513.65
2025-02-05T19:30:00Z,145.39,2196.8
2025-02-05T20:00:00Z,140.35,2304.8
2025-02-05T20:30:00Z,134.04,2053.0
2025-02-05T21:00:00Z,122.18000000000002,2206.4
2025-02-05T21:30:00Z,116.06,2081.1
2025-02-05T22:00:00Z,118.73,1918.55
2025-02-05T22:30:00Z,109.46999999999998,2517.5
2025-02-05T23:00:00Z,106.15,1169.15
2025-02-05T23:30:00Z,102.47,1412.45
2025-02-06T00:00:00Z,97.3,1760.3
2025-02-06T00:30:00Z,108.71,1941.2
2025-02-06T01:00:00Z,104.3,1937.3
2025-02-06T01:30:00Z,103.48,2333.75
2025-02-06T02:00:00Z,102.29,2471.85
2025-02-06T02:30:00Z,96.18000000000002,2770.75
2025-02-06T03:00:00Z,102.86,2490.2
2025-02-06T03:30:00Z,103.36,2523.7
2025-02-06T04:00:00Z,107.15,2062.4
2025-02-06T04:30:00Z,101.17,2084.9
2025-02-06T05:00:00Z,102.34,2007.75
2025-02-06T05:30:00Z,94.74,2424.65
2025-02-06T06:00:00Z,133.65,2584.7
2025-02-06T06:30:00Z,146.44,1976.5
2025-02-06T07:00:00Z,166.34,2108.35
2025-02-06T07:30:00Z,172.57,2588.95
2025-02-06T08:00:00Z,133.25,2556.45
2025-02-06T08:30:00Z,131.11,2760.5
2025-02-06T09:00:00Z,129.67,2826.65
2025-02-06T09:30:00Z,117.77,3056.0
2025-02-06T10:00:00Z,118.88,3122.85
2025-02-06T10:30:00Z,116.27,3250.8
2025-02-06T11:00:00Z,110.08000000000001,3348.4
2025-02-06T11:30:00Z,104.5,3046.75
2025-02-06T12:00:00Z,105.37,2743.05
2025-02-06T12:30:00Z,103.13,2528.85
2025-02-06T13:00:00Z,101.7,3285.85
2025-02-06T13:30:00Z,100.99000000000001,3124.0
2025-02-06T14:00:00Z,101.89999999999999,3000.3
2025-02-06T14:30:00Z,101.38,2964.85
2025-02-06T15:00:00Z,107.58999999999999,2496.85
2025-02-06T15:30:00Z,111.59,2147.95
2025-02-06T16:00:00Z,119.58,2410.25
2025-02-06T16:30:00Z,128.3,2724.25
2025-02-06T17:00:00Z,144.29,3228.0
2025-02-06T17:30:00Z,148.73,3324.75
2025-02-06T18:00:00Z,139.95,3622.3
2025-02-06T18:30:00Z,135.44,3586.7
2025-02-06T19:00:00Z,121.69000000000001,2349.3
2025-02-06T19:30:00Z,119.98000000000002,2773.25
2025-02-06T20:00:00Z,120.71000000000001,2533.9
2025-02-06T20:30:00Z,126.56999999999998,2533.25
2025-02-06T21:00:00Z,125.46,2411.35
2025-02-06T21:30:00Z,121.49,2630.95
2025-02-06T22:00:00Z,115.79,2442.15
2025-02-06T22:30:00Z,121.16,2783.3
2025-02-06T23:00:00Z,104.43,1847.65
2025-02-06T23:30:00Z,100.68,1962.5
2025-02-07T00:00:00Z,101.79,2246.95
2025-02-07T00:30:00Z,105.17,1715.4
2025-02-07T01:00:00Z,99.49,1942.6
2025-02-07T01:30:00Z,99.19,1803.75
2025-02-07T02:00:00Z,98.12,2160.9
2025-02-07T02:30:00Z,95.75,1832.9
2025-02-07T03:00:00Z,90.96,1621.7
2025-02-07T03:30:00Z,89.4,1993.85
2025-02-07T04:00:00Z,91.71,1924.95
2025-02-07T04:30:00Z,90.07,2002.1
2025-02-07T05:00:00Z,93.55,2429.8
2025-02-07T05:30:00Z,98.6,2547.5
2025-02-07T06:00:00Z,112.43,2427.1
2025-02-07T06:30:00Z,120.1,3011.45
2025-02-07T07:00:00Z,125.38,2928.35
2025-02-07T07:30:00Z,123.39000000000001,3160.5
2025-02-07T08:00:00Z,124.48999999999998,2620.6
2025-02-07T08:30:00Z,121.15,2641.55
2025-02-07T09:00:00Z,97.66999999999999,1774.7
2025-02-07T09:30:00Z,97.72,2664.45
2025-02-07T10:00:00Z,113.48,2550.55
2025-02-07T10:30:00Z,114.24,2360.8
2025-02-07T11:00:00Z,117.81,3165.75
2025-02-07T11:30:00Z,113.61,3439.9
2025-02-07T12:00:00Z,112.33,2725.75
2025-02-07T12:30:00Z,115.9,2826.1
2025-02-07T13:00:00Z,119.7,3451.65
2025-02-07T13:30:00Z,117.68999999999998,3207.45
2025-02-07T14:00:00Z,118.49,2899.7
2025-02-07T14:30:00Z,119.5,2838.05
2025-02-07T15:00:00Z,121.43,2313.9
2025-02-07T15:30:00Z,129.42,2214.7
2025-02-07T16:00:00Z,127.81000000000002,2312.4
2025-02-07T16:30:00Z,131.75,2327.4
2025-02-07T17:00:00Z,132.9,2204.9
2025-02-07T17:30:00Z,134.6,2517.6
2025-02-07T18:00:00Z,136.84,2337.55
2025-02-07T18:30:00Z,134.8,2415.7
2025-02-07T19:00:00Z,130.43,2166.05
2025-02-07T19:30:00Z,121.14,2057.7
2025-02-07T20:00:00Z,120.8,1813.4
2025-02-07T20:30:00Z,108.89,1841.2
2025-02-07T21:00:00Z,113.83,2011.8
2025-02-07T21:30:00Z,112.53,2054.55
2025-02-07T22:00:00Z,112.62,2057.45
2025-02-07T22:30:00Z,114.28999999999999,2736.15
2025-02-07T23:00:00Z,97.45,1847.65
2025-02-07T23:30:00Z,92.57,1509.8
2025-02-08T00:00:00Z,96.88,1968.8
2025-02-08T00:30:00Z,92.66,2251.45
2025-02-08T01:00:00Z,89.84,2235.45
2025-02-08T01:30:00Z,91.79,2112.2
2025-02-08T02:00:00Z,103.0,2007.4
2025-02-08T02:30:00Z,100.22,2006.85
2025-02-08T03:00:00Z,105.8,1415.85
2025-02-08T03:30:00Z,112.18,1692.75
2025-02-08T04:00:00Z,112.19,1668.5
2025-02-08T04:30:00Z,115.81,1638.25
2025-02-08T05:00:00Z,122.57,2032.75
2025-02-08T05:30:00Z,121.82,2007.35
2025-02-08T06:00:00Z,119.7,2032.1
2025-02-08T06:30:00Z,113.97,3147.2
2025-02-08T07:00:00Z,114.32,3112.3
2025-02-08T07:30:00Z,125.0,3061.1
2025-02-08T08:00:00Z,120.68,2986.35
2025-02-08T08:30:00Z,122.19,3319.55
2025-02-08T09:00:00Z,133.34,2874.95
2025-02-08T09:30:00Z,131.0,2494.5
2025-02-08T10:00:00Z,134.54,2263.15
2025-02-08T10:30:00Z,136.82,2649.55
2025-02-08T11:00:00Z,148.8,2186.65
2025-02-08T11:30:00Z,151.53,2655.2
2025-02-08T12:00:00Z,150.31,2351.95
2025-02-08T12:30:00Z,153.44,2492.6
2025-02-08T13:00:00Z,150.08,3032.0
2025-02-08T13:30:00Z,149.81,2782.6
2025-02-08T14:00:00Z,151.26,3216.75
2025-02-08T14:30:00Z,148.96,3055.6
2025-02-08T15:00:00Z,147.33,2672.4
2025-02-08T15:30:00Z,145.96,2819.7
2025-02-08T16:00:00Z,145.7,2512.05
2025-02-08T16:30:00Z,149.17,2569.8
2025-02-08T17:00:00Z,157.5,2933.35
2025-02-08T17:30:00Z,156.48,3113.75
2025-02-08T18:00:00Z,154.97,3308.2
2025-02-08T18:30:00Z,148.14,3001.05
2025-02-08T19:00:00Z,133.66,2521.6
2025-02-08T19:30:00Z,122.78000000000002,2203.2
2025-02-08T20:00:00Z,126.05,1826.8
2025-02-08T20:30:00Z,123.03,2597.6
2025-02-08T21:00:00Z,116.81,2741.45
2025-02-08T21:30:00Z,114.68,2560.85
2025-02-08T22:00:00Z,112.85,2495.2
2025-02-08T22:30:00Z,113.49999999999999,3070.7
2025-02-08T23:00:00Z,114.27,850.3
2025-02-08T23:30:00Z,109.65,960.05
2025-02-09T00:00:00Z,110.74,994.7
2025-02-09T00:30:00Z,116.31,1129.75
2025-02-09T01:00:00Z,112.16000000000001,1184.9
2025-02-09T01:30:00Z,95.05,1270.5
2025-02-09T02:00:00Z,99.86,1536.25
2025-02-09T02:30:00Z,101.1,1886.95
2025-02-09T03:00:00Z,102.87,1951.6
2025-02-09T03:30:00Z,99.8,1997.05
2025-02-09T04:00:00Z,103.50000000000001,1922.9
2025-02-09T04:30:00Z,101.41000000000001,1998.3
2025-02-09T05:00:00Z,103.11,1797.5
2025-02-09T05:30:00Z,103.8,1853.5
2025-02-09T06:00:00Z,102.70000000000002,1910.55
2025-02-09T06:30:00Z,100.09000000000002,1919.0
2025-02-09T07:00:00Z,92.41000000000001,2884.45
2025-02-09T07:30:00Z,97.16,3027.4
2025-02-09T08:00:00Z,98.64,2939.3
2025-02-09T08:30:00Z,101.61000000000001,2938.45
2025-02-09T09:00:00Z,110.11,2916.55
2025-02-09T09:30:00Z,113.02000000000001,2910.0
2025-02-09T10:00:00Z,114.07000000000001,2881.95
2025-02-09T10:30:00Z,113.01,2903.85
2025-02-09T11:00:00Z,114.35000000000001,2493.25
2025-02-09T11:30:00Z,115.54000000000002,2681.15
2025-02-09T12:00:00Z,115.26,2309.7
2025-02-09T12:30:00Z,119.94,2286.2
2025-02-09T13:00:00Z,123.86,2380.25
2025-02-09T13:30:00Z,122.62,2354.25
2025-02-09T14:00:00Z,125.13,2708.0
2025-02-09T14:30:00Z,121.9,2907.5
2025-02-09T15:00:00Z,116.17999999999999,2425.8
2025-02-09T15:30:00Z,113.63,2535.15
2025-02-09T16:00:00Z,124.17,2342.55
2025-02-09T16:30:00Z,127.02,2003.15
2025-02-09T17:00:00Z,133.25,1908.25
2025-02-09T17:30:00Z,134.55,1707.6
2025-02-09T18:00:00Z,137.34,1674.35
2025-02-09T18:30:00Z,131.24,1844.4
2025-02-09T19:00:00Z,125.87,2176.65
2025-02-09T19:30:00Z,117.39,1803.6
2025-02-09T20:00:00Z,115.53,1740.75
2025-02-09T20:30:00Z,112.87,2033.15
2025-02-09T21:00:00Z,115.26,2226.1
2025-02-09T21:30:00Z,110.53,1920.35
2025-02-09T22:00:00Z,110.21999999999998,2431.65
2025-02-09T22:30:00Z,113.82999999999998,3110.1
2025-02-09T23:00:00Z,99.77,1306.45
2025-02-09T23:30:00Z,97.35,1184.05
2025-02-10T00:00:00Z,92.36,1228.2
2025-02-10T00:30:00Z,94.51,1356.1
2025-02-10T01:00:00Z,93.87,1826.65
2025-02-10T01:30:00Z,89.96,2017.05
2025-02-10T02:00:00Z,87.91,1938.1
2025-02-10T02:30:00Z,90.64,2114.55
2025-02-10T03:00:00Z,86.8,1876.1
2025-02-10T03:30:00Z,82.21,1613.05
2025-02-10T04:00:00Z,88.32,1731.95
2025-02-10T04:30:00Z,84.98,1769.6
2025-02-10T05:00:00Z,106.21,2316.15
2025-02-10T05:30:00Z,104.36,2384.95
2025-02-10T06:00:00Z,114.55999999999999,2623.9
2025-02-10T06:30:00Z,112.67000000000002,2670.2
2025-02-10T07:00:00Z,126.55,2315.7
2025-02-10T07:30:00Z,134.3,2143.0
2025-02-10T08:00:00Z,121.49,2081.3
2025-02-10T08:30:00Z,123.39,2374.3
2025-02-10T09:00:00Z,115.29000000000002,2339.2
2025-02-10T09:30:00Z,112.15,2684.15
2025-02-10T10:00:00Z,111.87,2295.05
2025-02-10T10:30:00Z,111.62999999999998,2348.75
2025-02-10T11:00:00Z,112.4,2548.3
2025-02-10T11:30:00Z,114.22,2495.1
2025-02-10T12:00:00Z,108.69,2739.15
2025-02-10T12:30:00Z,109.74999999999999,2394.45
2025-02-10T13:00:00Z,106.9,2765.15
2025-02-10T13:30:00Z,105.7,3145.35
2025-02-10T14:00:00Z,108.12000000000002,2615.1
2025-02-10T14:30:00Z,109.91999999999999,2961.4
2025-02-10T15:00:00Z,119.27999999999999,3170.0
2025-02-10T15:30:00Z,117.04,3144.85
2025-02-10T16:00:00Z,119.12,3233.7
2025-02-10T16:30:00Z,132.32,2896.2
2025-02-10T17:00:00Z,132.63,3389.15
2025-02-10T17:30:00Z,136.27,3417.9
2025-02-10T18:00:00Z,140.0,3396.4
2025-02-10T18:30:00Z,138.78,3294.3
2025-02-10T19:00:00Z,132.1,2865.7
2025-02-10T19:30:00Z,125.65000000000002,2694.0
2025-02-10T20:00:00Z,122.81,2883.3
2025-02-10T20:30:00Z,120.39,3163.75
2025-02-10T21:00:00Z,121.39,2697.0
2025-02-10T21:30:00Z,119.87,2759.85
2025-02-10T22:00:00Z,118.48,2774.5
2025-02-10T22:30:00Z,120.31,3254.25
2025-02-10T23:00:00Z,122.05,1646.45
2025-02-10T23:30:00Z,121.51,1464.65
2025-02-11T00:00:00Z,113.66999999999999,1387.25
2025-02-11T00:30:00Z,118.14,1490.2
2025-02-11T01:00:00Z,117.3,1795.75
2025-02-11T01:30:00Z,114.27,1888.75
2025-02-11T02:00:00Z,110.66,2289.8
2025-02-11T02:30:00Z,114.24,2428.6
2025-02-11T03:00:00Z,109.48,2287.15
2025-02-11T03:30:00Z,104.22,1975.05
2025-02-11T04:00:00Z,105.83,2271.9
2025-02-11T04:30:00Z,108.09,2227.25
2025-02-11T05:00:00Z,124.29,2110.7
2025-02-11T05:30:00Z,113.99,2162.75
2025-02-11T06:00:00Z,128.86,2412.1
2025-02-11T06:30:00Z,119.47,2933.4
2025-02-11T07:00:00Z,143.51,2456.85
2025-02-11T07:30:00Z,149.16,2617.6
2025-02-11T08:00:00Z,140.99,1756.8
2025-02-11T08:30:00Z,145.83,1921.9
2025-02-11T09:00:00Z,144.64,2178.7
2025-02-11T09:30:00Z,145.45,2671.45
2025-02-11T10:00:00Z,140.0,2336.0
2025-02-11T10:30:00Z,137.75,2721.1
2025-02-11T11:00:00Z,129.03,2481.4
2025-02-11T11:30:00Z,130.25,2560.0
2025-02-11T12:00:00Z,132.24,3040.9
2025-02-11T12:30:00Z,130.84,2815.25
2025-02-11T13:00:00Z,129.66,3318.7
2025-02-11T13:30:00Z,130.88,3174.2
2025-02-11T14:00:00Z,134.03,2723.4
2025-02-11T14:30:00Z,133.9,2946.35
2025-02-11T15:00:00Z,140.45,3031.15
2025-02-11T15:30:00Z,139.59,2674.45
2025-02-11T16:00:00Z,142.73,2626.25
2025-02-11T16:30:00Z,144.87,2748.05
2025-02-11T17:00:00Z,143.92,2624.55
2025-02-11T17:30:00Z,142.57,2928.25
2025-02-11T18:00:00Z,144.8,2771.65
2025-02-11T18:30:00Z,142.76,2869.5
2025-02-11T19:00:00Z,136.34,2278.3
2025-02-11T19:30:00Z,122.98000000000002,1574.95
2025-02-11T20:00:00Z,123.10224806201549,1393.2
2025-02-11T20:30:00Z,124.57308655994727,1364.9499999999998
2025-02-11T21:00:00Z,120.5080492977472,1249.55
2025-02-11T21:30:00Z,120.87000000000002,1191.85
2025-02-11T22:00:00Z,120.46,1742.95
2025-02-11T22:30:00Z,125.06,2642.8
2025-02-11T23:00:00Z,127.45,1655.8
2025-02-11T23:30:00Z,121.6,1974.0
2025-02-12T00:00:00Z,114.15,1635.55
2025-02-12T00:30:00Z,117.91000000000001,1831.35
2025-02-12T01:00:00Z,111.68,1926.25
2025-02-12T01:30:00Z,105.66,1889.8
2025-02-12T02:00:00Z,100.7,2073.95
2025-02-12T02:30:00Z,103.56,2330.5
2025-02-12T03:00:00Z,102.8,2137.9
2025-02-12T03:30:00Z,102.36,2159.1
2025-02-12T04:00:00Z,107.43,2574.9
2025-02-12T04:30:00Z,103.37,2475.85
2025-02-12T05:00:00Z,118.33,2254.3
2025-02-12T05:30:00Z,106.48,2321.85
2025-02-12T06:00:00Z,122.13,2653.05
2025-02-12T06:30:00Z,122.28000000000002,2765.1
2025-02-12T07:00:00Z,137.52,2107.45
2025-02-12T07:30:00Z,146.35,1887.2
2025-02-12T08:00:00Z,146.78,1993.5
2025-02-12T08:30:00Z,149.11,2343.9
2025-02-12T09:00:00Z,140.83,2284.4
2025-02-12T09:30:00Z,143.85,2091.8
2025-02-12T10:00:00Z,145.32,2562.95
2025-02-12T10:30:00Z,146.85,2763.15
2025-02-12T11:00:00Z,143.28,3188.75
2025-02-12T11:30:00Z,142.75,3044.65
2025-02-12T12:00:00Z,141.61,3305.5
2025-02-12T12:30:00Z,141.82,3273.05
2025-02-12T13:00:00Z,148.41999999999996,3574.75
2025-02-12T13:30:00Z,141.63,4414.65
2025-02-12T14:00:00Z,140.55,3820.7
2025-02-12T14:30:00Z,136.88,3902.95
2025-02-12T15:00:00Z,152.37,2487.85
2025-02-12T15:30:00Z,156.05,2778.65
2025-02-12T16:00:00Z,154.67,3342.75
2025-02-12T16:30:00Z,157.84,3070.95
2025-02-12T17:00:00Z,165.21,3055.2
2025-02-12T17:30:00Z,158.38,3481.65
2025-02-12T18:00:00Z,158.62,3621.75
2025-02-12T18:30:00Z,160.87,3493.2
2025-02-12T19:00:00Z,151.18,3437.65
2025-02-12T19:30:00Z,136.18,3047.15
2025-02-12T20:00:00Z,140.08,3019.85
2025-02-12T20:30:00Z,130.27,2799.45
2025-02-12T21:00:00Z,120.22,2808.05
2025-02-12T21:30:00Z,125.63,2927.3
2025-02-12T22:00:00Z,118.52,2847.15
2025-02-12T22:30:00Z,115.52,2893.85
2025-02-12T23:00:00Z,108.43999999999998,1283.55
2025-02-12T23:30:00Z,108.45999999999998,1399.85
2025-02-13T00:00:00Z,107.43,1342.45
2025-02-13T00:30:00Z,116.0,1217.2
2025-02-13T01:00:00Z,120.92,1569.9
2025-02-13T01:30:00Z,115.73,1463.15
2025-02-13T02:00:00Z,113.5,1599.2
2025-02-13T02:30:00Z,113.39000000000001,1516.65
2025-02-13T03:00:00Z,115.27000000000001,1343.6
2025-02-13T03:30:00Z,112.0,1547.45
2025-02-13T04:00:00Z,111.14,1617.2
2025-02-13T04:30:00Z,106.35,2115.15
2025-02-13T05:00:00Z,116.45000000000002,1532.75
2025-02-13T05:30:00Z,96.12,2014.15
2025-02-13T06:00:00Z,122.35,2211.35
2025-02-13T06:30:00Z,123.05,2014.4
2025-02-13T07:00:00Z,149.86,1804.0
2025-02-13T07:30:00Z,155.33,2108.7
2025-02-13T08:00:00Z,155.49,1907.4
2025-02-13T08:30:00Z,158.15,2162.3
2025-02-13T09:00:00Z,159.01,2765.3
2025-02-13T09:30:00Z,162.99,2754.2
2025-02-13T10:00:00Z,162.76,3426.0
2025-02-13T10:30:00Z,155.0,3838.1
2025-02-13T11:00:00Z,141.9,3677.05
2025-02-13T11:30:00Z,140.2,3611.05
2025-02-13T12:00:00Z,137.25,2962.25
2025-02-13T12:30:00Z,135.8,3144.9
2025-02-13T13:00:00Z,131.33,2816.05
2025-02-13T13:30:00Z,130.65,3265.0
2025-02-13T14:00:00Z,131.03,3411.15
2025-02-13T14:30:00Z,133.94,3306.85
2025-02-13T15:00:00Z,145.67,3204.15
2025-02-13T15:30:00Z,145.01,3613.1
2025-02-13T16:00:00Z,143.98,2736.55
2025-02-13T16:30:00Z,143.5,3009.1
2025-02-13T17:00:00Z,164.46,3235.8
2025-02-13T17:30:00Z,165.2,3935.65
2025-02-13T18:00:00Z,158.26,2821.95
2025-02-13T18:30:00Z,151.72,2959.0
2025-02-13T19:00:00Z,139.96,2063.45
2025-02-13T19:30:00Z,130.06,1793.05
2025-02-13T20:00:00Z,124.74000000000001,2173.35
2025-02-13T20:30:00Z,116.03,2206.4
2025-02-13T21:00:00Z,110.55,2197.5
2025-02-13T21:30:00Z,110.7,2011.9
2025-02-13T22:00:00Z,110.39,2162.35
2025-02-13T22:30:00Z,105.55,1920.95
2025-02-13T23:00:00Z,101.17,1110.0
2025-02-13T23:30:00Z,99.77,1082.4
2025-02-14T00:00:00Z,98.98,1191.95
2025-02-14T00:30:00Z,107.35,1113.25
2025-02-14T01:00:00Z,102.27,1309.15
2025-02-14T01:30:00Z,98.25,1358.15
2025-02-14T02:00:00Z,99.78,1931.65
2025-02-14T02:30:00Z,90.4,1836.75
2025-02-14T03:00:00Z,100.23,1841.85
2025-02-14T03:30:00Z,95.31,1792.25
2025-02-14T04:00:00Z,92.5,1899.5
2025-02-14T04:30:00Z,93.42,1666.6
2025-02-14T05:00:00Z,102.45,1261.2
2025-02-14T05:30:00Z,93.94,1530.1
2025-02-14T06:00:00Z,106.82,2080.45
2025-02-14T06:30:00Z,105.64,2074.5
2025-02-14T07:00:00Z,126.85000000000001,2680.75
2025-02-14T07:30:00Z,131.7,2504.55
2025-02-14T08:00:00Z,113.59999999999998,2324.3
2025-02-14T08:30:00Z,117.85999999999999,2484.8
2025-02-14T09:00:00Z,103.51,2499.3
2025-02-14T09:30:00Z,100.67,2534.1
2025-02-14T10:00:00Z,106.56999999999998,2808.4
2025-02-14T10:30:00Z,99.32999999999998,2888.35
2025-02-14T11:00:00Z,96.66,4563.8
2025-02-14T11:30:00Z,97.57,4385.0
2025-02-14T12:00:00Z,99.57,4318.5
2025-02-14T12:30:00Z,98.96,4941.55
2025-02-14T13:00:00Z,95.99,3232.35
2025-02-14T13:30:00Z,97.86,3289.25
2025-02-14T14:00:00Z,99.68,3079.2
2025-02-14T14:30:00Z,98.5,3177.1
2025-02-14T15:00:00Z,106.52999999999999,2795.0
2025-02-14T15:30:00Z,108.03,3397.15
2025-02-14T16:00:00Z,118.36,3114.65
2025-02-14T16:30:00Z,130.8,3729.8
2025-02-14T17:00:00Z,134.91,3840.9
2025-02-14T17:30:00Z,134.51,3976.25
2025-02-14T18:00:00Z,131.19,3893.55
2025-02-14T18:30:00Z,135.24,4143.65
2025-02-14T19:00:00Z,118.63999999999999,3409.2
2025-02-14T19:30:00Z,114.12,3228.7
2025-02-14T20:00:00Z,119.14000000000001,2993.7
2025-02-14T20:30:00Z,116.85,3415.5
2025-02-14T21:00:00Z,110.1,3113.15
2025-02-14T21:30:00Z,113.24,3564.95
2025-02-14T22:00:00Z,109.71,3192.4
2025-02-14T22:30:00Z,104.33,2861.1
2025-02-14T23:00:00Z,116.54,1432.6
2025-02-14T23:30:00Z,110.44,1522.95
2025-02-15T00:00:00Z,99.64,1796.35
2025-02-15T00:30:00Z,104.94,2004.5
2025-02-15T01:00:00Z,101.4,1748.1
2025-02-15T01:30:00Z,99.09000000000002,1555.7
2025-02-15T02:00:00Z,99.47,1521.55
2025-02-15T02:30:00Z,99.04999999999998,1676.2
2025-02-15T03:00:00Z,97.26000000000002,1581.8
2025-02-15T03:30:00Z,98.83,1470.55
2025-02-15T04:00:00Z,103.11,1291.25
2025-02-15T04:30:00Z,110.62,1684.1
2025-02-15T05:00:00Z,119.03999999999999,1517.3
2025-02-15T05:30:00Z,116.89999999999999,1206.4
2025-02-15T06:00:00Z,127.68,1491.5
2025-02-15T06:30:00Z,131.07,1480.95
2025-02-15T07:00:00Z,129.94,1848.15
2025-02-15T07:30:00Z,133.6,2106.55
2025-02-15T08:00:00Z,126.61,1724.15
2025-02-15T08:30:00Z,138.48,1784.0
2025-02-15T09:00:00Z,125.78,2077.85
2025-02-15T09:30:00Z,128.49,1994.95
2025-02-15T10:00:00Z,121.29,2034.15
2025-02-15T10:30:00Z,118.56,2260.5
2025-02-15T11:00:00Z,109.78,2373.2
2025-02-15T11:30:00Z,108.28,2142.5
2025-02-15T12:00:00Z,108.03,2104.0
2025-02-15T12:30:00Z,107.66,1967.55
2025-02-15T13:00:00Z,112.11,2539.15
2025-02-15T13:30:00Z,111.69999999999999,2350.3
2025-02-15T14:00:00Z,112.03,2563.55
2025-02-15T14:30:00Z,109.26999999999998,2724.6
2025-02-15T15:00:00Z,115.81,1628.8
2025-02-15T15:30:00Z,108.7,1776.8
2025-02-15T16:00:00Z,112.61,1830.9
2025-02-15T16:30:00Z,122.05,1573.35
2025-02-15T17:00:00Z,134.09,1801.0
2025-02-15T17:30:00Z,134.98,2111.65
2025-02-15T18:00:00Z,137.91,1857.7
2025-02-15T18:30:00Z,138.04,2081.75
2025-02-15T19:00:00Z,132.61,2069.2
2025-02-15T19:30:00Z,121.08999999999999,1580.8
2025-02-15T20:00:00Z,119.46,1794.45
2025-02-15T20:30:00Z,117.41,1712.8
2025-02-15T21:00:00Z,112.35,2167.15
2025-02-15T21:30:00Z,108.84,2570.45
2025-02-15T22:00:00Z,111.92,2854.8
2025-02-15T22:30:00Z,115.71,3161.35
2025-02-15T23:00:00Z,103.97,1052.2
2025-02-15T23:30:00Z,110.11,1180.75
2025-02-16T00:00:00Z,106.12,1209.9
2025-02-16T00:30:00Z,112.85,1101.45
2025-02-16T01:00:00Z,94.23,1394.5
2025-02-16T01:30:00Z,98.77,1553.15
2025-02-16T02:00:00Z,106.1,1348.0
2025-02-16T02:30:00Z,95.68,1510.65
2025-02-16T03:00:00Z,90.74,1456.0
2025-02-16T03:30:00Z,89.26,1631.35
2025-02-16T04:00:00Z,94.89,1659.1
2025-02-16T04:30:00Z,92.52,1636.05
2025-02-16T05:00:00Z,93.4,1428.6
2025-02-16T05:30:00Z,96.22000000000001,1519.7
2025-02-16T06:00:00Z,99.37,1584.5
2025-02-16T06:30:00Z,95.22,1463.75
2025-02-16T07:00:00Z,97.22,1458.1
2025-02-16T07:30:00Z,96.88,1905.0
2025-02-16T08:00:00Z,94.25,1560.7
2025-02-16T08:30:00Z,102.27,2026.8
2025-02-16T09:00:00Z,77.77,2392.35
2025-02-16T09:30:00Z,91.7,2231.35
2025-02-16T10:00:00Z,83.62,2266.65
2025-02-16T10:30:00Z,80.26,2782.85
2025-02-16T11:00:00Z,81.35,2513.65
2025-02-16T11:30:00Z,83.95,2450.9
2025-02-16T12:00:00Z,88.1,2786.3
2025-02-16T12:30:00Z,86.48,3011.8
2025-02-16T13:00:00Z,90.33,2867.4
2025-02-16T13:30:00Z,90.1,2859.9
2025-02-16T14:00:00Z,91.73,3408.85
2025-02-16T14:30:00Z,89.68,2829.35
2025-02-16T15:00:00Z,99.54,1949.6
2025-02-16T15:30:00Z,91.73000000000002,1928.5
2025-02-16T16:00:00Z,99.06,1966.15
2025-02-16T16:30:00Z,106.14,2222.9
2025-02-16T17:00:00Z,120.23,2475.25
2025-02-16T17:30:00Z,129.61,2479.8
2025-02-16T18:00:00Z,134.37,3039.55
2025-02-16T18:30:00Z,128.41,2610.3
2025-02-16T19:00:00Z,122.98,2262.75
2025-02-16T19:30:00Z,111.11,2120.65
2025-02-16T20:00:00Z,116.02,2304.6
2025-02-16T20:30:00Z,102.66,2411.9
2025-02-16T21:00:00Z,100.48,2224.8
2025-02-16T21:30:00Z,102.27,2167.65
2025-02-16T22:00:00Z,102.82,2290.6
2025-02-16T22:30:00Z,97.59,2278.25
2025-02-16T23:00:00Z,111.47,1739.05
2025-02-16T23:30:00Z,106.96,1875.3
2025-02-17T00:00:00Z,97.92,1719.1
2025-02-17T00:30:00Z,104.15999999999998,1538.6
2025-02-17T01:00:00Z,93.48,1608.45
2025-02-17T01:30:00Z,92.79999999999998,1788.7
2025-02-17T02:00:00Z,94.85,1807.55
2025-02-17T02:30:00Z,94.7,1568.75
2025-02-17T03:00:00Z,92.69000000000001,1679.0
2025-02-17T03:30:00Z,92.66,1638.95
2025-02-17T04:00:00Z,94.12,1664.05
2025-02-17T04:30:00Z,89.53,2005.25
2025-02-17T05:00:00Z,97.21,2290.6
2025-02-17T05:30:00Z,75.99,2685.6
2025-02-17T06:00:00Z,101.28,1923.8
2025-02-17T06:30:00Z,107.1,2089.15
2025-02-17T07:00:00Z,114.34,2409.25
2025-02-17T07:30:00Z,120.56,2412.5
2025-02-17T08:00:00Z,105.16,2771.35
2025-02-17T08:30:00Z,124.59,2911.35
2025-02-17T09:00:00Z,109.74,2814.2
2025-02-17T09:30:00Z,110.03,3008.45
2025-02-17T10:00:00Z,97.2,3144.65
2025-02-17T10:30:00Z,97.22,3724.55
2025-02-17T11:00:00Z,94.85,4191.9
2025-02-17T11:30:00Z,94.04,4107.1
2025-02-17T12:00:00Z,93.74,4055.85
2025-02-17T12:30:00Z,94.38,4163.75
2025-02-17T13:00:00Z,94.12,4895.55
2025-02-17T13:30:00Z,92.99,4773.35
2025-02-17T14:00:00Z,99.12,4009.45
2025-02-17T14:30:00Z,98.08,4097.8
2025-02-17T15:00:00Z,114.77999999999999,2301.25
2025-02-17T15:30:00Z,109.46,2250.75
2025-02-17T16:00:00Z,113.15,2887.55
2025-02-17T16:30:00Z,121.08,2681.9
2025-02-17T17:00:00Z,143.68,2890.6
2025-02-17T17:30:00Z,150.06,2922.25
2025-02-17T18:00:00Z,146.6,2706.95
2025-02-17T18:30:00Z,143.07,2810.55
2025-02-17T19:00:00Z,134.62,2553.25
2025-02-17T19:30:00Z,123.59,2370.3
2025-02-17T20:00:00Z,112.92,2212.75
2025-02-17T20:30:00Z,105.68,2282.95
2025-02-17T21:00:00Z,101.27,2077.1
2025-02-17T21:30:00Z,113.14,2234.25
2025-02-17T22:00:00Z,110.58,1839.85
2025-02-17T22:30:00Z,108.66,2400.2
2025-02-17T23:00:00Z,110.13,1558.65
2025-02-17T23:30:00Z,106.73000000000002,1513.95
2025-02-18T00:00:00Z,99.87,1587.95
2025-02-18T00:30:00Z,103.12,1721.1
2025-02-18T01:00:00Z,91.07,1554.1
2025-02-18T01:30:00Z,79.44,2452.1
2025-02-18T02:00:00Z,70.11,2438.35
2025-02-18T02:30:00Z,83.09,2635.7
2025-02-18T03:00:00Z,89.2,2499.0
2025-02-18T03:30:00Z,88.92,2670.55
2025-02-18T04:00:00Z,84.71,2095.7
2025-02-18T04:30:00Z,80.47,2599.7
2025-02-18T05:00:00Z,100.12,2053.7
2025-02-18T05:30:00Z,94.39,2125.5
2025-02-18T06:00:00Z,127.53,1690.9
2025-02-18T06:30:00Z,140.32,2108.45
2025-02-18T07:00:00Z,149.07,2219.7
2025-02-18T07:30:00Z,151.09,2395.45
2025-02-18T08:00:00Z,117.59999999999998,2298.55
2025-02-18T08:30:00Z,119.56,2502.0
2025-02-18T09:00:00Z,105.67,2311.3
2025-02-18T09:30:00Z,107.57,2351.85
2025-02-18T10:00:00Z,90.25,2605.2
2025-02-18T10:30:00Z,89.16,2719.9
2025-02-18T11:00:00Z,84.78,3107.4
2025-02-18T11:30:00Z,81.15,3168.4
2025-02-18T12:00:00Z,80.81999999999998,3669.65
2025-02-18T12:30:00Z,82.45,3665.55
2025-02-18T13:00:00Z,82.76,3693.8
2025-02-18T13:30:00Z,82.73,3197.3
2025-02-18T14:00:00Z,85.81,2992.25
2025-02-18T14:30:00Z,85.55,3380.55
2025-02-18T15:00:00Z,99.67,2120.5
2025-02-18T15:30:00Z,99.63,2511.4
2025-02-18T16:00:00Z,120.87,2136.25
2025-02-18T16:30:00Z,121.59000000000002,2620.3
2025-02-18T17:00:00Z,123.42,2613.2
2025-02-18T17:30:00Z,128.58,2940.5
2025-02-18T18:00:00Z,123.26000000000002,2840.6
2025-02-18T18:30:00Z,117.72000000000001,2830.15
2025-02-18T19:00:00Z,108.49,1822.4
2025-02-18T19:30:00Z,103.64,1421.0
2025-02-18T20:00:00Z,99.08,1746.1
2025-02-18T20:30:00Z,97.16,1756.35
2025-02-18T21:00:00Z,100.74,1955.85
2025-02-18T21:30:00Z,94.11,1957.5
2025-02-18T22:00:00Z,94.9,1924.65
2025-02-18T22:30:00Z,92.87,2442.9
2025-02-18T23:00:00Z,73.05,1063.6
2025-02-18T23:30:00Z,63.65,1633.5
2025-02-19T00:00:00Z,57.89,2241.3
2025-02-19T00:30:00Z,80.16,1871.95
2025-02-19T01:00:00Z,84.58,1959.85
2025-02-19T01:30:00Z,76.52,2021.55
2025-02-19T02:00:00Z,69.22,2045.05
2025-02-19T02:30:00Z,74.78,2226.65
2025-02-19T03:00:00Z,78.6,2072.35
2025-02-19T03:30:00Z,72.04,1893.5
2025-02-19T04:00:00Z,76.48,1803.05
2025-02-19T04:30:00Z,71.05,2113.6
2025-02-19T05:00:00Z,90.15,2165.3
2025-02-19T05:30:00Z,86.92,2119.0
2025-02-19T06:00:00Z,100.05000000000001,2722.05
2025-02-19T06:30:00Z,114.79,2614.85
2025-02-19T07:00:00Z,104.57,3938.1
2025-02-19T07:30:00Z,117.78,3740.15
2025-02-19T08:00:00Z,105.26,3119.1
2025-02-19T08:30:00Z,116.09,3538.4
2025-02-19T09:00:00Z,107.09,3340.2
2025-02-19T09:30:00Z,105.76,3106.75
2025-02-19T10:00:00Z,101.89,3356.1
2025-02-19T10:30:00Z,101.13,3526.2
2025-02-19T11:00:00Z,97.81999999999998,3349.1
2025-02-19T11:30:00Z,104.48,3352.0
2025-02-19T12:00:00Z,109.42,3240.55
2025-02-19T12:30:00Z,109.6,3154.4
2025-02-19T13:00:00Z,114.38,3799.75
2025-02-19T13:30:00Z,111.79,3600.35
2025-02-19T14:00:00Z,112.09,4384.15
2025-02-19T14:30:00Z,105.56,4581.3
2025-02-19T15:00:00Z,117.55,4079.9
2025-02-19T15:30:00Z,116.69,4479.95
2025-02-19T16:00:00Z,124.66,4053.85
2025-02-19T16:30:00Z,122.84999999999998,4301.65
2025-02-19T17:00:00Z,130.87,3747.75
2025-02-19T17:30:00Z,133.49,3659.9
2025-02-19T18:00:00Z,135.29,3801.1
2025-02-19T18:30:00Z,134.91,3688.95
2025-02-19T19:00:00Z,114.35,3744.65
2025-02-19T19:30:00Z,102.02,3924.35
2025-02-19T20:00:00Z,102.86,3780.45
2025-02-19T20:30:00Z,100.83,3326.6
2025-02-19T21:00:00Z,96.94,2576.45
2025-02-19T21:30:00Z,98.26,2432.6
2025-02-19T22:00:00Z,100.28,2108.3
2025-02-19T22:30:00Z,92.03,2454.2
2025-02-19T23:00:00Z,68.79,1270.85
2025-02-19T23:30:00Z,72.48,1645.55
2025-02-20T00:00:00Z,76.1,1780.25
2025-02-20T00:30:00Z,67.19,1687.5
2025-02-20T01:00:00Z,72.32,1696.35
2025-02-20T01:30:00Z,65.92,2209.4
2025-02-20T02:00:00Z,72.24,2112.85
2025-02-20T02:30:00Z,69.03,1859.5
2025-02-20T03:00:00Z,75.32,1585.3
2025-02-20T03:30:00Z,71.98,1795.45
2025-02-20T04:00:00Z,72.66,1653.2
2025-02-20T04:30:00Z,70.78,1832.5
2025-02-20T05:00:00Z,74.33,1985.5
2025-02-20T05:30:00Z,79.91,1996.6
2025-02-20T06:00:00Z,83.28,1830.8
2025-02-20T06:30:00Z,98.46,2160.95
2025-02-20T07:00:00Z,107.29,2150.15
2025-02-20T07:30:00Z,118.2,2499.05
2025-02-20T08:00:00Z,88.89,1963.6
2025-02-20T08:30:00Z,99.28,2330.25
2025-02-20T09:00:00Z,84.48,2153.9
2025-02-20T09:30:00Z,83.0,2176.8
2025-02-20T10:00:00Z,81.12,2483.2
2025-02-20T10:30:00Z,84.07,2835.25
2025-02-20T11:00:00Z,82.77,2784.9
2025-02-20T11:30:00Z,82.5,2805.7
2025-02-20T12:00:00Z,83.4,2779.75
2025-02-20T12:30:00Z,81.1,2873.05
2025-02-20T13:00:00Z,78.29,2673.9
2025-02-20T13:30:00Z,75.98,2337.7
2025-02-20T14:00:00Z,78.41,2722.15
2025-02-20T14:30:00Z,79.16,2853.65
2025-02-20T15:00:00Z,76.85,2912.5
2025-02-20T15:30:00Z,71.45,3610.5
2025-02-20T16:00:00Z,86.92,3197.7
2025-02-20T16:30:00Z,89.71,2755.45
2025-02-20T17:00:00Z,98.83,3431.6
2025-02-20T17:30:00Z,106.62,3671.85
2025-02-20T18:00:00Z,108.27,3636.55
2025-02-20T18:30:00Z,107.34,3832.65
2025-02-20T19:00:00Z,98.8,3111.65
2025-02-20T19:30:00Z,92.73,2878.5
2025-02-20T20:00:00Z,82.32,2289.35
2025-02-20T20:30:00Z,74.67,2466.85
2025-02-20T21:00:00Z,82.06,2695.2
2025-02-20T21:30:00Z,71.56,2893.35
2025-02-20T22:00:00Z,80.28,2594.3
2025-02-20T22:30:00Z,52.400000000000006,2679.8
2025-02-20T23:00:00Z,37.31,2424.35
2025-02-20T23:30:00Z,45.76,2563.95
2025-02-21T00:00:00Z,54.72,2583.15
2025-02-21T00:30:00Z,50.87,2505.85
2025-02-21T01:00:00Z,48.63,2204.85
2025-02-21T01:30:00Z,39.88,3031.25
2025-02-21T02:00:00Z,49.37,2837.4
2025-02-21T02:30:00Z,40.09,2530.65
2025-02-21T03:00:00Z,37.91,2230.05
2025-02-21T03:30:00Z,32.51,2089.65
2025-02-21T04:00:00Z,34.65,2092.4
2025-02-21T04:30:00Z,29.410000000000004,2346.7
2025-02-21T05:00:00Z,12.51,2197.3
2025-02-21T05:30:00Z,9.93,2524.1
2025-02-21T06:00:00Z,24.28,3112.5
2025-02-21T06:30:00Z,41.06,2976.05
2025-02-21T07:00:00Z,49.47,2593.65
2025-02-21T07:30:00Z,62.26,2781.25
2025-02-21T08:00:00Z,53.82,2730.4
2025-02-21T08:30:00Z,61.59,2735.85
2025-02-21T09:00:00Z,43.31,2568.6
2025-02-21T09:30:00Z,54.44,3263.0
2025-02-21T10:00:00Z,56.29,3053.2
2025-02-21T10:30:00Z,59.75,3512.7
2025-02-21T11:00:00Z,37.68,3471.0
2025-02-21T11:30:00Z,47.79,3410.75
2025-02-21T12:00:00Z,46.12,3517.0
2025-02-21T12:30:00Z,38.83,2965.0
2025-02-21T13:00:00Z,39.7,3578.3
2025-02-21T13:30:00Z,36.54,3430.15
2025-02-21T14:00:00Z,44.21,3242.55
2025-02-21T14:30:00Z,44.19,3063.15
2025-02-21T15:00:00Z,48.51,2818.85
2025-02-21T15:30:00Z,64.39,2697.6
2025-02-21T16:00:00Z,58.92,3134.7
2025-02-21T16:30:00Z,71.44,2915.85
2025-02-21T17:00:00Z,83.95,2543.5
2025-02-21T17:30:00Z,91.37,2893.85
2025-02-21T18:00:00Z,89.66,2830.75
2025-02-21T18:30:00Z,85.27999999999999,3124.15
2025-02-21T19:00:00Z,73.36,2023.5
2025-02-21T19:30:00Z,60.98,1759.55
2025-02-21T20:00:00Z,57.989999999999995,1728.2
2025-02-21T20:30:00Z,45.22,1869.75
2025-02-21T21:00:00Z,46.29,1875.1
2025-02-21T21:30:00Z,36.14,2027.75
2025-02-21T22:00:00Z,31.449999999999996,2219.9
2025-02-21T22:30:00Z,23.13,2305.5
2025-02-21T23:00:00Z,34.58,2194.35
2025-02-21T23:30:00Z,34.39,2235.85
2025-02-22T00:00:00Z,32.98,1871.0
2025-02-22T00:30:00Z,39.82,2192.95
2025-02-22T01:00:00Z,38.08,2017.4
2025-02-22T01:30:00Z,37.35,1756.7
2025-02-22T02:00:00Z,37.12,1705.75
2025-02-22T02:30:00Z,37.92,1816.15
2025-02-22T03:00:00Z,36.31,1137.0
2025-02-22T03:30:00Z,35.89,1245.05
2025-02-22T04:00:00Z,39.68,1310.55
2025-02-22T04:30:00Z,40.5,1421.6
2025-02-22T05:00:00Z,52.04,1815.65
2025-02-22T05:30:00Z,57.94,1808.7
2025-02-22T06:00:00Z,49.55,1955.75
2025-02-22T06:30:00Z,60.47,1846.15
2025-02-22T07:00:00Z,61.53,2224.25
2025-02-22T07:30:00Z,72.8,2386.15
2025-02-22T08:00:00Z,81.98,1901.45
2025-02-22T08:30:00Z,92.27,2062.45
2025-02-22T09:00:00Z,90.2,2314.9
2025-02-22T09:30:00Z,85.37,2277.15
2025-02-22T10:00:00Z,82.05,2121.3
2025-02-22T10:30:00Z,78.32,2267.1
2025-02-22T11:00:00Z,67.37,2746.6
2025-02-22T11:30:00Z,64.9,2714.7
2025-02-22T12:00:00Z,65.5,2674.85
2025-02-22T12:30:00Z,61.88,2825.15
2025-02-22T13:00:00Z,57.64,3167.15
2025-02-22T13:30:00Z,52.74,3415.95
2025-02-22T14:00:00Z,60.52,3668.0
2025-02-22T14:30:00Z,62.72,3831.45
2025-02-22T15:00:00Z,71.54,2923.6
2025-02-22T15:30:00Z,78.97,3199.55
2025-02-22T16:00:00Z,75.99999999999999,3569.05
2025-02-22T16:30:00Z,86.14,3698.6
2025-02-22T17:00:00Z,106.43,3801.85
2025-02-22T17:30:00Z,122.84,3480.55
2025-02-22T18:00:00Z,123.85,2982.25
2025-02-22T18:30:00Z,123.31,2896.4
2025-02-22T19:00:00Z,113.4,2989.1
2025-02-22T19:30:00Z,108.45,3085.15
2025-02-22T20:00:00Z,100.33,2604.75
2025-02-22T20:30:00Z,84.56,3032.35
2025-02-22T21:00:00Z,92.51,2248.4
2025-02-22T21:30:00Z,90.31,2540.8
2025-02-22T22:00:00Z,92.33,2450.75
2025-02-22T22:30:00Z,78.64,2870.85
2025-02-22T23:00:00Z,79.05,2330.55
2025-02-22T23:30:00Z,68.3,2195.4
2025-02-23T00:00:00Z,65.28,2219.35
2025-02-23T00:30:00Z,56.199999999999996,2418.15
2025-02-23T01:00:00Z,59.78,2220.0
2025-02-23T01:30:00Z,49.97,2446.45
2025-02-23T02:00:00Z,56.53999999999999,2370.55
2025-02-23T02:30:00Z,51.71,2342.45
2025-02-23T03:00:00Z,56.88,2482.15
2025-02-23T03:30:00Z,49.18,2303.9
2025-02-23T04:00:00Z,57.93,2228.35
2025-02-23T04:30:00Z,44.21,2313.1
2025-02-23T05:00:00Z,44.21,1699.8
2025-02-23T05:30:00Z,41.0,1896.35
2025-02-23T06:00:00Z,46.64,2066.15
2025-02-23T06:30:00Z,46.77,1996.15
2025-02-23T07:00:00Z,41.14,1685.35
2025-02-23T07:30:00Z,43.07999999999999,1737.35
2025-02-23T08:00:00Z,33.48,2137.4
2025-02-23T08:30:00Z,46.31,2215.0
2025-02-23T09:00:00Z,51.23,2508.7
2025-02-23T09:30:00Z,55.25999999999999,2763.75
2025-02-23T10:00:00Z,46.66,2797.45
2025-02-23T10:30:00Z,48.809999999999995,3033.75
2025-02-23T11:00:00Z,22.36,2794.15
2025-02-23T11:30:00Z,23.430000000000003,2968.0
2025-02-23T12:00:00Z,18.22,2852.4
2025-02-23T12:30:00Z,18.87,2614.65
2025-02-23T13:00:00Z,8.53,2128.75
2025-02-23T13:30:00Z,7.559999999999999,2284.85
2025-02-23T14:00:00Z,22.54,2817.5
2025-02-23T14:30:00Z,22.67,3018.05
2025-02-23T15:00:00Z,49.14,2463.5
2025-02-23T15:30:00Z,51.11,2751.75
2025-02-23T16:00:00Z,51.57,2618.75
2025-02-23T16:30:00Z,53.61,2388.15
2025-02-23T17:00:00Z,84.43,2213.6
2025-02-23T17:30:00Z,90.67,2036.4
2025-02-23T18:00:00Z,101.42,2378.95
2025-02-23T18:30:00Z,99.84,2721.1
2025-02-23T19:00:00Z,77.51,2653.95
2025-02-23T19:30:00Z,65.24,2545.1
2025-02-23T20:00:00Z,63.99,2182.1
2025-02-23T20:30:00Z,51.48,2593.3
2025-02-23T21:00:00Z,54.93,2631.35
2025-02-23T21:30:00Z,34.92,2306.55
2025-02-23T22:00:00Z,34.44,2305.95
2025-02-23T22:30:00Z,23.59,2539.4
2025-02-23T23:00:00Z,15.3,1832.95
2025-02-23T23:30:00Z,14.0,1789.95
2025-02-24T00:00:00Z,9.41,1821.2
2025-02-24T00:30:00Z,14.860000000000001,1590.05
2025-02-24T01:00:00Z,19.27,2016.8
2025-02-24T01:30:00Z,11.52,2111.35
2025-02-24T02:00:00Z,7.56,1844.3
2025-02-24T02:30:00Z,7.82,1910.55
2025-02-24T03:00:00Z,13.45,1868.1
2025-02-24T03:30:00Z,11.59,1969.0
2025-02-24T04:00:00Z,11.160000000000002,1846.05
2025-02-24T04:30:00Z,13.62,1751.45
2025-02-24T05:00:00Z,44.95,1838.75
2025-02-24T05:30:00Z,64.18,1950.45
2025-02-24T06:00:00Z,68.78,2402.3
2025-02-24T06:30:00Z,94.53,2165.9
2025-02-24T07:00:00Z,92.09,2247.5
2025-02-24T07:30:00Z,103.67,2383.65
2025-02-24T08:00:00Z,93.37,2545.35
2025-02-24T08:30:00Z,93.56,2724.75
2025-02-24T09:00:00Z,86.38,2815.15
2025-02-24T09:30:00Z,76.1,2977.2
2025-02-24T10:00:00Z,60.63,2939.9
2025-02-24T10:30:00Z,53.39,3046.4
2025-02-24T11:00:00Z,44.7,2785.7
2025-02-24T11:30:00Z,39.53,2892.2
2025-02-24T12:00:00Z,37.8,2873.8
2025-02-24T12:30:00Z,36.98,2963.4
2025-02-24T13:00:00Z,33.55,3410.0
2025-02-24T13:30:00Z,29.08,3501.3
2025-02-24T14:00:00Z,27.09,3579.8
2025-02-24T14:30:00Z,22.310000000000002,3738.2
2025-02-24T15:00:00Z,39.99,4769.6
2025-02-24T15:30:00Z,48.98,4892.4
2025-02-24T16:00:00Z,63.07000000000001,4545.0
2025-02-24T16:30:00Z,76.82,4117.85
2025-02-24T17:00:00Z,89.69,4373.2
2025-02-24T17:30:00Z,101.01,4576.05
2025-02-24T18:00:00Z,109.45,4621.0
2025-02-24T18:30:00Z,108.76,4474.0
2025-02-24T19:00:00Z,105.51,4152.45
2025-02-24T19:30:00Z,106.33,4261.7
2025-02-24T20:00:00Z,106.54,4406.55
2025-02-24T20:30:00Z,99.16,4380.4
2025-02-24T21:00:00Z,95.74,3921.3
2025-02-24T21:30:00Z,92.57,3490.2
2025-02-24T22:00:00Z,98.46,3147.95
2025-02-24T22:30:00Z,73.67,3285.1
2025-02-24T23:00:00Z,89.25,2396.85
2025-02-24T23:30:00Z,88.35,2030.3
2025-02-25T00:00:00Z,75.24,2038.05
2025-02-25T00:30:00Z,88.51,2413.2
2025-02-25T01:00:00Z,94.83,2382.55
2025-02-25T01:30:00Z,95.84,2431.75
2025-02-25T02:00:00Z,96.71,2623.95
2025-02-25T02:30:00Z,93.08,2748.25
2025-02-25T03:00:00Z,88.34,2153.15
2025-02-25T03:30:00Z,91.11,2636.8
2025-02-25T04:00:00Z,95.09,2723.85
2025-02-25T04:30:00Z,94.50999999999999,2978.7
2025-02-25T05:00:00Z,108.50000000000001,2613.05
2025-02-25T05:30:00Z,107.39,2321.6
2025-02-25T06:00:00Z,110.2,2850.4
2025-02-25T06:30:00Z,111.76,2907.1
2025-02-25T07:00:00Z,118.92,3168.3
2025-02-25T07:30:00Z,123.31,3170.4
2025-02-25T08:00:00Z,120.45,3232.65
2025-02-25T08:30:00Z,117.4,3560.4
2025-02-25T09:00:00Z,107.01,3303.1
2025-02-25T09:30:00Z,96.9,3068.1
2025-02-25T10:00:00Z,88.31,3690.8
2025-02-25T10:30:00Z,88.75,4573.2
2025-02-25T11:00:00Z,81.67,4033.6
2025-02-25T11:30:00Z,82.1,4186.9
2025-02-25T12:00:00Z,83.13,3660.55
2025-02-25T12:30:00Z,84.4,3760.25
2025-02-25T13:00:00Z,84.37,3442.4
2025-02-25T13:30:00Z,85.02999999999999,3272.3
2025-02-25T14:00:00Z,86.18,3419.95
2025-02-25T14:30:00Z,84.96000000000001,3184.4
2025-02-25T15:00:00Z,79.82,3110.9
2025-02-25T15:30:00Z,79.29,3975.1
2025-02-25T16:00:00Z,92.67,3969.4
2025-02-25T16:30:00Z,112.29,3703.65
2025-02-25T17:00:00Z,126.88000000000001,3630.95
2025-02-25T17:30:00Z,123.21,3851.95
2025-02-25T18:00:00Z,129.77,3918.05
2025-02-25T18:30:00Z,126.29,3542.05
2025-02-25T19:00:00Z,115.9,2887.25
2025-02-25T19:30:00Z,108.61,3089.3
2025-02-25T20:00:00Z,99.14,2066.05
2025-02-25T20:30:00Z,95.88,2538.1
2025-02-25T21:00:00Z,91.34,2841.5
2025-02-25T21:30:00Z,94.34,2904.7
2025-02-25T22:00:00Z,94.72,3128.3
2025-02-25T22:30:00Z,92.56,3086.15
2025-02-25T23:00:00Z,84.27,1433.95
2025-02-25T23:30:00Z,90.37,1849.4
2025-02-26T00:00:00Z,88.59,1554.3
2025-02-26T00:30:00Z,91.99,1719.4
2025-02-26T01:00:00Z,88.81,1700.15
2025-02-26T01:30:00Z,89.33,1915.4
2025-02-26T02:00:00Z,91.81,2255.15
2025-02-26T02:30:00Z,88.87,2348.45
2025-02-26T03:00:00Z,87.99,1984.9
2025-02-26T03:30:00Z,86.64999999999999,1737.9
2025-02-26T04:00:00Z,85.59,1637.1
2025-02-26T04:30:00Z,84.35,1826.65
2025-02-26T05:00:00Z,92.27,2399.95
2025-02-26T05:30:00Z,95.82,2672.85
2025-02-26T06:00:00Z,116.85999999999999,2839.2
2025-02-26T06:30:00Z,124.64,3108.15
2025-02-26T07:00:00Z,130.07,3591.45
2025-02-26T07:30:00Z,140.0,3712.0
2025-02-26T08:00:00Z,136.13,3655.95
2025-02-26T08:30:00Z,131.94,4108.5
2025-02-26T09:00:00Z,120.64,3622.45
2025-02-26T09:30:00Z,117.6,3439.55
2025-02-26T10:00:00Z,108.8,3690.85
2025-02-26T10:30:00Z,96.87,3801.9
2025-02-26T11:00:00Z,87.57,3894.55
2025-02-26T11:30:00Z,87.78,4781.65
2025-02-26T12:00:00Z,83.12,4196.6
2025-02-26T12:30:00Z,81.04,3862.75
2025-02-26T13:00:00Z,81.87,4333.5
2025-02-26T13:30:00Z,80.84,4269.7
2025-02-26T14:00:00Z,80.47,4354.55
2025-02-26T14:30:00Z,84.45,4626.85
2025-02-26T15:00:00Z,84.45,3523.9
2025-02-26T15:30:00Z,84.58,3180.8
2025-02-26T16:00:00Z,87.09999999999998,3523.25
2025-02-26T16:30:00Z,95.04,3666.45
2025-02-26T17:00:00Z,107.67,4048.4
2025-02-26T17:30:00Z,114.89,4019.75
2025-02-26T18:00:00Z,120.8,4132.75
2025-02-26T18:30:00Z,120.28,4344.6
2025-02-26T19:00:00Z,116.07,3984.8
2025-02-26T19:30:00Z,104.47,3147.25
2025-02-26T20:00:00Z,100.04,3141.6
2025-02-26T20:30:00Z,95.59,3580.8
2025-02-26T21:00:00Z,89.61000000000001,3755.2
2025-02-26T21:30:00Z,87.87,3842.65
2025-02-26T22:00:00Z,87.34,4097.0
2025-02-26T22:30:00Z,81.83,3658.25
2025-02-26T23:00:00Z,81.64,1590.9
2025-02-26T23:30:00Z,81.46,1708.0
2025-02-27T00:00:00Z,84.61,2281.4
2025-02-27T00:30:00Z,86.28,1967.35
2025-02-27T01:00:00Z,85.34,1739.0
2025-02-27T01:30:00Z,83.93,1729.1
2025-02-27T02:00:00Z,83.85,2293.95
2025-02-27T02:30:00Z,82.16,2183.0
2025-02-27T03:00:00Z,83.31,2071.6
2025-02-27T03:30:00Z,80.34,2011.15
2025-02-27T04:00:00Z,83.01,2186.35
2025-02-27T04:30:00Z,88.77,2357.3
2025-02-27T05:00:00Z,99.86,2632.6
2025-02-27T05:30:00Z,94.08999999999999,2911.3
2025-02-27T06:00:00Z,103.33,3006.7
2025-02-27T06:30:00Z,112.07,3218.15
2025-02-27T07:00:00Z,125.1,3048.6
2025-02-27T07:30:00Z,125.03000000000002,3062.65
2025-02-27T08:00:00Z,111.17,2792.15
2025-02-27T08:30:00Z,106.8,2596.0
2025-02-27T09:00:00Z,89.16,2810.6
2025-02-27T09:30:00Z,83.62,2880.55
2025-02-27T10:00:00Z,80.38,3165.65
2025-02-27T10:30:00Z,81.19999999999999,3584.45
2025-02-27T11:00:00Z,79.06,3488.0
2025-02-27T11:30:00Z,78.27,3509.6
2025-02-27T12:00:00Z,83.66,3616.1
2025-02-27T12:30:00Z,79.33,3065.1
2025-02-27T13:00:00Z,78.13,2927.75
2025-02-27T13:30:00Z,77.82,2882.85
2025-02-27T14:00:00Z,79.89,3304.2
2025-02-27T14:30:00Z,78.52,3203.75
2025-02-27T15:00:00Z,78.52,3001.8
2025-02-27T15:30:00Z,78.07,2924.55
2025-02-27T16:00:00Z,85.23,2880.65
2025-02-27T16:30:00Z,85.42,2729.9
2025-02-27T17:00:00Z,96.20000000000002,3089.25
2025-02-27T17:30:00Z,109.53,3577.35
2025-02-27T18:00:00Z,116.49,3311.05
2025-02-27T18:30:00Z,117.14,2916.45
2025-02-27T19:00:00Z,117.49,2414.2
2025-02-27T19:30:00Z,113.52000000000001,2526.0
2025-02-27T20:00:00Z,110.49,1894.6
2025-02-27T20:30:00Z,106.77,2654.75
2025-02-27T21:00:00Z,105.11,1834.95
2025-02-27T21:30:00Z,105.54,2306.2
2025-02-27T22:00:00Z,95.55,2586.75
2025-02-27T22:30:00Z,112.9,2324.2
2025-02-27T23:00:00Z,104.71,1839.55
2025-02-27T23:30:00Z,95.9,1639.5
2025-02-28T00:00:00Z,90.22,1923.85
2025-02-28T00:30:00Z,92.77,1938.95
2025-02-28T01:00:00Z,92.45,2155.8
2025-02-28T01:30:00Z,94.24,2267.85
2025-02-28T02:00:00Z,91.57,2011.85
2025-02-28T02:30:00Z,89.55,1981.95
2025-02-28T03:00:00Z,96.97000000000001,1479.8
2025-02-28T03:30:00Z,87.96,1329.4
2025-02-28T04:00:00Z,92.52,1353.95
2025-02-28T04:30:00Z,86.02,1638.15
2025-02-28T05:00:00Z,90.92,1342.4
2025-02-28T05:30:00Z,101.58,2083.0
2025-02-28T06:00:00Z,113.63,1665.4
2025-02-28T06:30:00Z,130.6,2018.75
2025-02-28T07:00:00Z,104.65,2858.6
2025-02-28T07:30:00Z,107.85,3174.4
2025-02-28T08:00:00Z,109.92,3707.25
2025-02-28T08:30:00Z,107.61,3732.3
2025-02-28T09:00:00Z,110.04000000000002,3247.15
2025-02-28T09:30:00Z,106.17,3291.45
2025-02-28T10:00:00Z,104.52000000000001,2835.35
2025-02-28T10:30:00Z,98.94,3405.95
2025-02-28T11:00:00Z,95.21,3327.15
2025-02-28T11:30:00Z,88.91,4181.85
2025-02-28T12:00:00Z,91.21,4030.45
2025-02-28T12:30:00Z,87.26,3632.0
2025-02-28T13:00:00Z,84.92,3210.95
2025-02-28T13:30:00Z,87.21,3288.7
2025-02-28T14:00:00Z,90.31,3475.8
2025-02-28T14:30:00Z,85.77000000000001,3294.5
2025-02-28T15:00:00Z,92.55999999999999,2904.95
2025-02-28T15:30:00Z,97.69,2636.25
2025-02-28T16:00:00Z,96.85000000000001,2724.4
2025-02-28T16:30:00Z,101.49,2595.15
2025-02-28T17:00:00Z,104.57,3364.9
2025-02-28T17:30:00Z,111.81,3001.95
2025-02-28T18:00:00Z,113.14,3355.95
2025-02-28T18:30:00Z,114.08,3141.35
2025-02-28T19:00:00Z,112.46,2128.3
2025-02-28T19:30:00Z,97.04,2157.1
2025-02-28T20:00:00Z,102.86,2000.6
2025-02-28T20:30:00Z,98.19,1917.9
2025-02-28T21:00:00Z,100.24,2224.05
2025-02-28T21:30:00Z,100.74,2193.8
2025-02-28T22:00:00Z,96.97,2628.5
2025-02-28T22:30:00Z,95.0,2779.95
2025-02-28T23:00:00Z,92.27,1397.25
2025-02-28T23:30:00Z,100.28,1014.9
2025-03-01T00:00:00Z,95.53,1032.8
2025-03-01T00:30:00Z,101.96,970.0
2025-03-01T01:00:00Z,94.88,921.3
2025-03-01T01:30:00Z,88.04,1068.75
2025-03-01T02:00:00Z,88.44,921.2
2025-03-01T02:30:00Z,89.98,771.5
2025-03-01T03:00:00Z,90.2,736.55
2025-03-01T03:30:00Z,85.76,930.5
2025-03-01T04:00:00Z,92.03,780.6
2025-03-01T04:30:00Z,92.08,901.0
2025-03-01T05:00:00Z,98.15000000000002,840.3
2025-03-01T05:30:00Z,101.53,1121.05
2025-03-01T06:00:00Z,101.75,1212.2
2025-03-01T06:30:00Z,113.15999999999998,1230.85
2025-03-01T07:00:00Z,100.81,1408.75
2025-03-01T07:30:00Z,104.9,1643.85
2025-03-01T08:00:00Z,104.6,1559.1
2025-03-01T08:30:00Z,101.56000000000002,2010.05
2025-03-01T09:00:00Z,96.1,1668.25
2025-03-01T09:30:00Z,91.8,1495.0
2025-03-01T10:00:00Z,87.85,1564.25
2025-03-01T10:30:00Z,83.45,1749.15
2025-03-01T11:00:00Z,88.65,2353.35
2025-03-01T11:30:00Z,85.82,2368.05
2025-03-01T12:00:00Z,83.13,1842.3
2025-03-01T12:30:00Z,79.34,2117.75
2025-03-01T13:00:00Z,79.28,2037.6
2025-03-01T13:30:00Z,81.11,2155.6
2025-03-01T14:00:00Z,82.56,2437.4
2025-03-01T14:30:00Z,86.81,2334.55
2025-03-01T15:00:00Z,92.37999999999998,2924.1
2025-03-01T15:30:00Z,87.99000000000001,3155.25
2025-03-01T16:00:00Z,101.06000000000002,2876.15
2025-03-01T16:30:00Z,115.55,3285.75
2025-03-01T17:00:00Z,115.56,2774.15
2025-03-01T17:30:00Z,125.25000000000001,2522.9
2025-03-01T18:00:00Z,123.20999999999998,2443.6
2025-03-01T18:30:00Z,121.34000000000002,2549.75
2025-03-01T19:00:00Z,118.46000000000001,2370.9
2025-03-01T19:30:00Z,112.89,2666.7
2025-03-01T20:00:00Z,111.99000000000001,2377.6
2025-03-01T20:30:00Z,103.53,2484.85
2025-03-01T21:00:00Z,97.29,2529.3
2025-03-01T21:30:00Z,98.8,2357.55
2025-03-01T22:00:00Z,102.79,1918.45
2025-03-01T22:30:00Z,99.72,1847.1
2025-03-01T23:00:00Z,96.17,1167.05
2025-03-01T23:30:00Z,103.2,1301.15
2025-03-02T00:00:00Z,97.4,1081.35
2025-03-02T00:30:00Z,101.7,1285.45
2025-03-02T01:00:00Z,100.92,1036.45
2025-03-02T01:30:00Z,100.19,859.45
2025-03-02T02:00:00Z,104.01,1166.2
2025-03-02T02:30:00Z,95.98,1149.45
2025-03-02T03:00:00Z,98.75,1387.3
2025-03-02T03:30:00Z,98.51,1450.05
2025-03-02T04:00:00Z,96.10999999999999,1604.15
2025-03-02T04:30:00Z,96.22,1948.1
2025-03-02T05:00:00Z,102.63,2004.2
2025-03-02T05:30:00Z,102.02,2052.6
2025-03-02T06:00:00Z,108.07999999999998,2591.0
2025-03-02T06:30:00Z,107.49,2227.55
2025-03-02T07:00:00Z,107.31,2027.35
2025-03-02T07:30:00Z,108.49,2101.55
2025-03-02T08:00:00Z,108.09,1967.3
2025-03-02T08:30:00Z,104.0,2355.1
2025-03-02T09:00:00Z,105.75,2304.45
2025-03-02T09:30:00Z,108.46,2082.1
2025-03-02T10:00:00Z,104.26,2561.65
2025-03-02T10:30:00Z,98.16999999999999,2685.55
2025-03-02T11:00:00Z,91.72,1942.4
2025-03-02T11:30:00Z,87.46999999999998,1794.05
2025-03-02T12:00:00Z,90.05,2284.55
2025-03-02T12:30:00Z,91.06,2192.75
2025-03-02T13:00:00Z,88.28,2912.05
2025-03-02T13:30:00Z,85.55,2756.45
2025-03-02T14:00:00Z,84.45,2756.55
2025-03-02T14:30:00Z,84.59,2778.8
2025-03-02T15:00:00Z,84.39,2550.55
2025-03-02T15:30:00Z,91.36,2384.6
2025-03-02T16:00:00Z,105.03,2555.7
2025-03-02T16:30:00Z,106.89000000000001,2852.35
2025-03-02T17:00:00Z,118.3,2165.3
2025-03-02T17:30:00Z,123.88,2373.6
2025-03-02T18:00:00Z,130.25,2590.25
2025-03-02T18:30:00Z,126.45,2655.55
2025-03-02T19:00:00Z,114.25,2792.8
2025-03-02T19:30:00Z,108.94,2733.25
2025-03-02T20:00:00Z,109.49,2700.8
2025-03-02T20:30:00Z,105.02,2745.65
2025-03-02T21:00:00Z,109.96,2807.1
2025-03-02T21:30:00Z,106.92,2568.75
2025-03-02T22:00:00Z,101.71,3008.75
2025-03-02T22:30:00Z,98.29999999999998,3190.9
2025-03-02T23:00:00Z,100.46,1777.55
2025-03-02T23:30:00Z,95.16,1555.8
2025-03-03T00:00:00Z,87.92,1751.5
2025-03-03T00:30:00Z,93.49999999999999,1816.9
2025-03-03T01:00:00Z,90.97,1460.1
2025-03-03T01:30:00Z,91.73,1528.35
2025-03-03T02:00:00Z,92.29999999999998,1437.3
2025-03-03T02:30:00Z,92.53999999999999,1513.45
2025-03-03T03:00:00Z,96.82,1679.1
2025-03-03T03:30:00Z,93.36,1926.25
2025-03-03T04:00:00Z,91.01,1999.2
2025-03-03T04:30:00Z,88.38,2134.65
2025-03-03T05:00:00Z,122.27,1614.1
2025-03-03T05:30:00Z,113.17,1674.1
2025-03-03T06:00:00Z,118.59,1384.0
2025-03-03T06:30:00Z,125.02,1761.8
2025-03-03T07:00:00Z,112.79,2160.7
2025-03-03T07:30:00Z,119.99,2353.85
2025-03-03T08:00:00Z,105.65,2110.9
2025-03-03T08:30:00Z,89.0,2243.55
2025-03-03T09:00:00Z,94.0,2645.5
2025-03-03T09:30:00Z,89.54,2837.35
2025-03-03T10:00:00Z,84.15,2692.7
2025-03-03T10:30:00Z,83.41,3222.45
2025-03-03T11:00:00Z,83.5,2641.75
2025-03-03T11:30:00Z,75.59,2722.35
2025-03-03T12:00:00Z,71.39,2630.1
2025-03-03T12:30:00Z,71.38,3265.3
2025-03-03T13:00:00Z,66.48,2916.3
2025-03-03T13:30:00Z,66.45,3081.6
2025-03-03T14:00:00Z,69.07,3091.15
2025-03-03T14:30:00Z,69.85,3214.95
2025-03-03T15:00:00Z,84.84000000000002,3366.4
2025-03-03T15:30:00Z,85.97,3693.1
2025-03-03T16:00:00Z,89.53000000000002,2985.45
2025-03-03T16:30:00Z,104.9,3836.25
2025-03-03T17:00:00Z,133.15,3495.15
2025-03-03T17:30:00Z,140.77,3723.9
2025-03-03T18:00:00Z,142.41,3520.25
2025-03-03T18:30:00Z,141.33,2989.5
2025-03-03T19:00:00Z,116.25,2599.25
2025-03-03T19:30:00Z,100.77,2221.9
2025-03-03T20:00:00Z,104.14,2351.55
2025-03-03T20:30:00Z,91.2,2262.55
2025-03-03T21:00:00Z,94.73,2332.85
2025-03-03T21:30:00Z,94.03,2802.0
2025-03-03T22:00:00Z,87.43,2545.7
2025-03-03T22:30:00Z,84.63,2890.55
2025-03-03T23:00:00Z,83.68,2733.05
2025-03-03T23:30:00Z,71.23,2963.05
2025-03-04T00:00:00Z,68.9,3014.0
2025-03-04T00:30:00Z,83.14,3522.25
2025-03-04T01:00:00Z,82.79,2714.65
2025-03-04T01:30:00Z,80.05,2952.25
2025-03-04T02:00:00Z,76.43,2804.7
2025-03-04T02:30:00Z,76.63,2685.85
2025-03-04T03:00:00Z,83.93,2247.55
2025-03-04T03:30:00Z,76.98,2255.95
2025-03-04T04:00:00Z,82.2,2262.05
2025-03-04T04:30:00Z,83.99,2035.05
2025-03-04T05:00:00Z,94.03,1547.3
2025-03-04T05:30:00Z,100.71,1537.4
2025-03-04T06:00:00Z,125.51,1568.05
2025-03-04T06:30:00Z,134.29,2323.65
2025-03-04T07:00:00Z,116.84,2246.0
2025-03-04T07:30:00Z,119.65,2431.4
2025-03-04T08:00:00Z,99.76,2794.7
2025-03-04T08:30:00Z,83.52,2935.5
2025-03-04T09:00:00Z,64.18,3324.05
2025-03-04T09:30:00Z,89.15,4287.6
2025-03-04T10:00:00Z,88.55,4438.15
2025-03-04T10:30:00Z,77.91,4101.0
2025-03-04T11:00:00Z,56.04,3495.5
2025-03-04T11:30:00Z,52.14,3655.4
2025-03-04T12:00:00Z,49.21,3251.1
2025-03-04T12:30:00Z,46.53,3129.5
2025-03-04T13:00:00Z,43.39,3083.9
2025-03-04T13:30:00Z,41.21,3126.25
2025-03-04T14:00:00Z,49.71,4103.6
2025-03-04T14:30:00Z,45.93,3762.8
2025-03-04T15:00:00Z,65.85,4425.7
2025-03-04T15:30:00Z,71.73,4261.65
2025-03-04T16:00:00Z,90.97,4492.4
2025-03-04T16:30:00Z,87.74,4391.85
2025-03-04T17:00:00Z,105.25,4472.2
2025-03-04T17:30:00Z,115.82,4032.05
2025-03-04T18:00:00Z,122.47,4312.65
2025-03-04T18:30:00Z,122.4,4194.3
2025-03-04T19:00:00Z,110.91,3401.1
2025-03-04T19:30:00Z,109.56,3177.25
2025-03-04T20:00:00Z,104.16,2659.9
2025-03-04T20:30:00Z,89.17,2603.05
2025-03-04T21:00:00Z,86.22,2682.45
2025-03-04T21:30:00Z,91.77,2199.2
2025-03-04T22:00:00Z,90.16,2950.4
2025-03-04T22:30:00Z,76.87,3036.5
2025-03-04T23:00:00Z,59.99,1758.3
2025-03-04T23:30:00Z,48.459999999999994,1675.95
2025-03-05T00:00:00Z,48.68,1774.15
2025-03-05T00:30:00Z,57.21,1436.6
2025-03-05T01:00:00Z,50.14999999999999,1615.55
2025-03-05T01:30:00Z,40.23,2031.25
2025-03-05T02:00:00Z,44.58,1862.35
2025-03-05T02:30:00Z,39.79,1891.8
2025-03-05T03:00:00Z,35.26,1416.65
2025-03-05T03:30:00Z,30.979999999999997,1619.2
2025-03-05T04:00:00Z,49.28,1842.45
2025-03-05T04:30:00Z,48.85,1428.4
2025-03-05T05:00:00Z,80.22,1998.6
2025-03-05T05:30:00Z,88.66,1961.8
2025-03-05T06:00:00Z,86.16,2346.95
2025-03-05T06:30:00Z,106.01,2479.35
2025-03-05T07:00:00Z,106.53,2187.9
2025-03-05T07:30:00Z,112.64,2948.45
2025-03-05T08:00:00Z,102.14,2772.75
2025-03-05T08:30:00Z,98.75,3209.65
2025-03-05T09:00:00Z,78.73999999999998,3417.0
2025-03-05T09:30:00Z,64.92,3819.35
2025-03-05T10:00:00Z,55.230000000000004,3277.2
2025-03-05T10:30:00Z,45.99,3242.45
2025-03-05T11:00:00Z,36.2,3221.35
2025-03-05T11:30:00Z,24.5,2786.2
2025-03-05T12:00:00Z,19.25,3214.5
2025-03-05T12:30:00Z,18.23,2976.15
2025-03-05T13:00:00Z,12.89,3127.35
2025-03-05T13:30:00Z,13.32,2901.8
2025-03-05T14:00:00Z,27.84,3850.5
2025-03-05T14:30:00Z,29.78,3740.65
2025-03-05T15:00:00Z,57.37,3421.35
2025-03-05T15:30:00Z,64.41,3493.7
2025-03-05T16:00:00Z,79.2,2988.65
2025-03-05T16:30:00Z,80.59,3550.3
2025-03-05T17:00:00Z,111.38,3955.55
2025-03-05T17:30:00Z,120.39,3771.15
2025-03-05T18:00:00Z,128.04,3857.5
2025-03-05T18:30:00Z,128.89,3980.55
2025-03-05T19:00:00Z,106.59,3115.7
2025-03-05T19:30:00Z,100.31,2848.35
2025-03-05T20:00:00Z,91.11,2712.85
2025-03-05T20:30:00Z,88.66,2722.7
2025-03-05T21:00:00Z,88.55,2794.3
2025-03-05T21:30:00Z,92.98,2853.7
2025-03-05T22:00:00Z,87.3,2795.05
2025-03-05T22:30:00Z,85.76,2535.6
2025-03-05T23:00:00Z,74.25,1682.35
2025-03-05T23:30:00Z,70.77,1875.45
2025-03-06T00:00:00Z,69.82,1907.3
2025-03-06T00:30:00Z,80.69,2209.3
2025-03-06T01:00:00Z,76.41,2487.8
2025-03-06T01:30:00Z,81.27,2300.2
2025-03-06T02:00:00Z,82.38,2758.75
2025-03-06T02:30:00Z,82.48,2854.45
2025-03-06T03:00:00Z,89.19,2816.45
2025-03-06T03:30:00Z,90.36,2681.85
2025-03-06T04:00:00Z,93.03,2318.35
2025-03-06T04:30:00Z,91.11,3361.25
2025-03-06T05:00:00Z,107.63,2499.1
2025-03-06T05:30:00Z,112.41,2929.5
2025-03-06T06:00:00Z,115.73,3355.35
2025-03-06T06:30:00Z,122.56,3688.6
2025-03-06T07:00:00Z,123.12,3645.15
2025-03-06T07:30:00Z,127.13000000000001,4204.4
2025-03-06T08:00:00Z,127.05,3997.15
2025-03-06T08:30:00Z,122.93999999999998,4351.9
2025-03-06T09:00:00Z,114.32,4673.1
2025-03-06T09:30:00Z,107.01,5013.35
2025-03-06T10:00:00Z,105.23,4863.6
2025-03-06T10:30:00Z,100.86,4830.25
2025-03-06T11:00:00Z,85.17,4183.8
2025-03-06T11:30:00Z,64.71,4545.7
2025-03-06T12:00:00Z,60.89000000000001,4801.5
2025-03-06T12:30:00Z,53.02,4567.75
2025-03-06T13:00:00Z,41.96999999999999,3590.7
2025-03-06T13:30:00Z,39.51,3801.7
2025-03-06T14:00:00Z,59.87,4227.25
2025-03-06T14:30:00Z,58.49,4075.8
2025-03-06T15:00:00Z,96.69,3290.65
2025-03-06T15:30:00Z,91.93,3423.55
2025-03-06T16:00:00Z,106.64,3336.6
2025-03-06T16:30:00Z,115.64999999999999,2729.5
2025-03-06T17:00:00Z,124.22,2537.5
2025-03-06T17:30:00Z,126.78,2708.3
2025-03-06T18:00:00Z,124.81000000000002,2784.05
2025-03-06T18:30:00Z,125.68,2715.3
2025-03-06T19:00:00Z,116.34,3906.3
2025-03-06T19:30:00Z,113.86,3750.1
2025-03-06T20:00:00Z,102.27,3265.15
2025-03-06T20:30:00Z,92.72000000000001,3108.2
2025-03-06T21:00:00Z,84.63,2537.05
2025-03-06T21:30:00Z,82.88,2597.5
2025-03-06T22:00:00Z,82.85,2441.1
2025-03-06T22:30:00Z,72.28,2235.85
2025-03-06T23:00:00Z,60.65,2317.1
2025-03-06T23:30:00Z,61.87,2399.45
2025-03-07T00:00:00Z,55.13,2115.0
2025-03-07T00:30:00Z,52.72,2616.65
2025-03-07T01:00:00Z,43.74,2555.45
2025-03-07T01:30:00Z,40.76,2263.3
2025-03-07T02:00:00Z,43.65,2209.6
2025-03-07T02:30:00Z,51.38,2330.35
2025-03-07T03:00:00Z,63.71,3001.4
2025-03-07T03:30:00Z,70.52,2660.3
2025-03-07T04:00:00Z,75.6,2985.75
2025-03-07T04:30:00Z,71.81,2882.25
2025-03-07T05:00:00Z,91.5,2757.2
2025-03-07T05:30:00Z,88.57,3093.25
2025-03-07T06:00:00Z,101.11,3294.65
2025-03-07T06:30:00Z,105.95,3234.3
2025-03-07T07:00:00Z,101.52,3517.2
2025-03-07T07:30:00Z,107.61,3843.2
2025-03-07T08:00:00Z,89.51000000000002,3229.75
2025-03-07T08:30:00Z,96.11999999999999,3285.45
2025-03-07T09:00:00Z,99.46,2935.7
2025-03-07T09:30:00Z,91.09,3068.05
2025-03-07T10:00:00Z,96.3,3550.05
2025-03-07T10:30:00Z,95.31,3708.9
2025-03-07T11:00:00Z,96.97000000000001,2734.5
2025-03-07T11:30:00Z,99.95999999999998,4042.15
2025-03-07T12:00:00Z,92.53,3449.6
2025-03-07T12:30:00Z,95.23999999999998,3176.2
2025-03-07T13:00:00Z,90.55,3535.5
2025-03-07T13:30:00Z,88.74,3807.4
2025-03-07T14:00:00Z,86.19,3322.55
2025-03-07T14:30:00Z,85.13,3257.45
2025-03-07T15:00:00Z,103.59,2641.55
2025-03-07T15:30:00Z,95.79,2933.15
2025-03-07T16:00:00Z,103.45,2852.25
2025-03-07T16:30:00Z,118.29999999999998,2787.8
2025-03-07T17:00:00Z,133.28,2932.15
2025-03-07T17:30:00Z,133.26,3070.6
2025-03-07T18:00:00Z,131.66,3725.2
2025-03-07T18:30:00Z,125.64,3997.0
2025-03-07T19:00:00Z,106.25,2561.4
2025-03-07T19:30:00Z,85.88,2263.05
2025-03-07T20:00:00Z,85.76,2402.35
2025-03-07T20:30:00Z,93.72,2800.75
2025-03-07T21:00:00Z,85.66,2912.3
2025-03-07T21:30:00Z,82.67,2531.55
2025-03-07T22:00:00Z,82.57,2739.4
2025-03-07T22:30:00Z,82.28,2919.3
2025-03-07T23:00:00Z,84.99,2400.1
2025-03-07T23:30:00Z,85.23,2639.9
2025-03-08T00:00:00Z,81.73,2157.25
2025-03-08T00:30:00Z,91.46,2136.35
2025-03-08T01:00:00Z,91.61,2179.5
2025-03-08T01:30:00Z,91.05,2200.2
2025-03-08T02:00:00Z,87.99,2376.35
2025-03-08T02:30:00Z,91.27,2115.15
2025-03-08T03:00:00Z,87.78,1738.5
2025-03-08T03:30:00Z,87.4,1641.4
2025-03-08T04:00:00Z,91.61,2002.6
2025-03-08T04:30:00Z,91.21999999999998,1818.25
2025-03-08T05:00:00Z,97.46,1989.85
2025-03-08T05:30:00Z,99.01,1882.25
2025-03-08T06:00:00Z,98.83,2091.6
2025-03-08T06:30:00Z,103.34,2205.4
2025-03-08T07:00:00Z,92.53,1678.1
2025-03-08T07:30:00Z,92.87000000000002,1670.75
2025-03-08T08:00:00Z,94.79,1678.4
2025-03-08T08:30:00Z,87.52,2312.25
2025-03-08T09:00:00Z,85.99,2591.5
2025-03-08T09:30:00Z,91.71,2270.5
2025-03-08T10:00:00Z,92.01,2214.8
2025-03-08T10:30:00Z,84.43,2287.1
2025-03-08T11:00:00Z,90.72,2225.5
2025-03-08T11:30:00Z,93.26,2296.15
2025-03-08T12:00:00Z,90.79,2358.35
2025-03-08T12:30:00Z,88.27,2591.85
2025-03-08T13:00:00Z,83.68,2744.3
2025-03-08T13:30:00Z,81.15,2691.15
2025-03-08T14:00:00Z,80.36,2765.85
2025-03-08T14:30:00Z,83.95,3123.05
2025-03-08T15:00:00Z,86.62,2680.85
2025-03-08T15:30:00Z,90.28,3509.15
2025-03-08T16:00:00Z,94.33,3300.75
2025-03-08T16:30:00Z,100.39999999999999,2875.75
2025-03-08T17:00:00Z,111.36,3157.4
2025-03-08T17:30:00Z,117.92,3349.0
2025-03-08T18:00:00Z,109.98,3126.65
2025-03-08T18:30:00Z,106.81,3269.25
2025-03-08T19:00:00Z,93.93,2514.3
2025-03-08T19:30:00Z,85.18,2084.15
2025-03-08T20:00:00Z,82.93,1886.95
2025-03-08T20:30:00Z,89.55,2028.25
2025-03-08T21:00:00Z,90.13,2107.5
2025-03-08T21:30:00Z,82.78,2168.45
2025-03-08T22:00:00Z,79.12,2051.65
2025-03-08T22:30:00Z,77.92,1910.4
2025-03-08T23:00:00Z,73.89,1390.65
2025-03-08T23:30:00Z,71.75,1719.1
2025-03-09T00:00:00Z,75.39,1574.45
2025-03-09T00:30:00Z,82.11,1336.15
2025-03-09T01:00:00Z,86.79,1174.2
2025-03-09T01:30:00Z,90.22,1253.45
2025-03-09T02:00:00Z,92.83,1190.9
2025-03-09T02:30:00Z,90.11,1048.45
2025-03-09T03:00:00Z,87.53,999.0
2025-03-09T03:30:00Z,84.46,859.45
2025-03-09T04:00:00Z,85.31,862.25
2025-03-09T04:30:00Z,84.86,921.25
2025-03-09T05:00:00Z,85.51,810.45
2025-03-09T05:30:00Z,91.72,1021.05
2025-03-09T06:00:00Z,99.66,1140.55
2025-03-09T06:30:00Z,102.19,1189.05
2025-03-09T07:00:00Z,101.15,1249.0
2025-03-09T07:30:00Z,100.89,1090.5
2025-03-09T08:00:00Z,103.28,1131.55
2025-03-09T08:30:00Z,100.86,1230.4
2025-03-09T09:00:00Z,98.93,1052.85
2025-03-09T09:30:00Z,97.85,925.65
2025-03-09T10:00:00Z,97.36,994.25
2025-03-09T10:30:00Z,93.48,890.2
2025-03-09T11:00:00Z,84.11,1143.45
2025-03-09T11:30:00Z,81.81,1119.75
2025-03-09T12:00:00Z,79.4,996.65
2025-03-09T12:30:00Z,78.57,1047.85
2025-03-09T13:00:00Z,75.69,1212.75
2025-03-09T13:30:00Z,75.8,1292.0
2025-03-09T14:00:00Z,74.87,1408.65
2025-03-09T14:30:00Z,74.67,1315.9
2025-03-09T15:00:00Z,77.71,1321.9
2025-03-09T15:30:00Z,79.72,1605.0
2025-03-09T16:00:00Z,89.58,1755.15
2025-03-09T16:30:00Z,108.07000000000001,1746.0
2025-03-09T17:00:00Z,106.98,1643.15
2025-03-09T17:30:00Z,113.62,1704.1
2025-03-09T18:00:00Z,114.23,1942.25
2025-03-09T18:30:00Z,113.12,2036.85
2025-03-09T19:00:00Z,111.16,2149.75
2025-03-09T19:30:00Z,110.11,1955.15
2025-03-09T20:00:00Z,112.02,2233.2
2025-03-09T20:30:00Z,99.47,1992.5
2025-03-09T21:00:00Z,96.82999999999998,1835.45
2025-03-09T21:30:00Z,92.99,2253.05
2025-03-09T22:00:00Z,90.94,2823.9
2025-03-09T22:30:00Z,90.5,3113.4
2025-03-09T23:00:00Z,81.06,1267.85
2025-03-09T23:30:00Z,80.6,1025.35
2025-03-10T00:00:00Z,80.65,1056.9
2025-03-10T00:30:00Z,80.74,1193.75
2025-03-10T01:00:00Z,79.76,986.3
2025-03-10T01:30:00Z,77.62,1047.8
2025-03-10T02:00:00Z,81.96,1181.85
2025-03-10T02:30:00Z,81.38,1232.65
2025-03-10T03:00:00Z,88.21,1133.4
2025-03-10T03:30:00Z,85.11,1293.75
2025-03-10T04:00:00Z,92.33,1292.5
2025-03-10T04:30:00Z,89.54000000000002,1507.65
2025-03-10T05:00:00Z,100.97,2012.7
2025-03-10T05:30:00Z,104.95,2207.5
2025-03-10T06:00:00Z,114.79,2070.5
2025-03-10T06:30:00Z,114.14,2195.85
2025-03-10T07:00:00Z,99.84,2809.15
2025-03-10T07:30:00Z,98.36,3100.45
2025-03-10T08:00:00Z,87.15,2734.6
2025-03-10T08:30:00Z,83.74,3540.95
2025-03-10T09:00:00Z,75.51,3162.3
2025-03-10T09:30:00Z,71.42,3808.2
2025-03-10T10:00:00Z,74.22,3812.7
2025-03-10T10:30:00Z,77.07,3962.7
2025-03-10T11:00:00Z,71.15,3206.9
2025-03-10T11:30:00Z,69.39,3712.95
2025-03-10T12:00:00Z,71.2,3312.9
2025-03-10T12:30:00Z,70.54,3537.95
2025-03-10T13:00:00Z,73.1,4018.5
2025-03-10T13:30:00Z,70.8,3680.0
2025-03-10T14:00:00Z,70.69,3711.45
2025-03-10T14:30:00Z,71.57,3935.9
2025-03-10T15:00:00Z,79.39,3214.1
2025-03-10T15:30:00Z,78.73,2888.7
2025-03-10T16:00:00Z,79.9,3161.35
2025-03-10T16:30:00Z,79.16,2750.95
2025-03-10T17:00:00Z,92.37000000000002,2980.7
2025-03-10T17:30:00Z,99.4,3171.0
2025-03-10T18:00:00Z,113.3,3536.05
2025-03-10T18:30:00Z,115.74,3462.0
2025-03-10T19:00:00Z,102.95,3192.2
2025-03-10T19:30:00Z,90.82,2750.45
2025-03-10T20:00:00Z,87.5,2582.55
2025-03-10T20:30:00Z,89.44,2792.15
2025-03-10T21:00:00Z,80.49,2305.1
2025-03-10T21:30:00Z,82.09,2334.05
2025-03-10T22:00:00Z,86.5,2226.6
2025-03-10T22:30:00Z,90.85,2857.0
2025-03-10T23:00:00Z,82.57,1833.95
2025-03-10T23:30:00Z,80.22,1995.8
2025-03-11T00:00:00Z,74.45,1881.6
2025-03-11T00:30:00Z,79.00000000000001,1816.45
2025-03-11T01:00:00Z,76.32,1771.9
2025-03-11T01:30:00Z,74.82,1780.25
2025-03-11T02:00:00Z,79.6,1752.2
2025-03-11T02:30:00Z,79.36,1658.15
2025-03-11T03:00:00Z,81.59,2038.05
2025-03-11T03:30:00Z,78.45,2006.35
2025-03-11T04:00:00Z,80.0,2239.75
2025-03-11T04:30:00Z,76.62,2089.2
2025-03-11T05:00:00Z,73.9,2505.7
2025-03-11T05:30:00Z,68.32,2746.5
2025-03-11T06:00:00Z,74.21,2930.15
2025-03-11T06:30:00Z,83.86,2781.6
2025-03-11T07:00:00Z,93.07000000000001,2827.4
2025-03-11T07:30:00Z,106.46,2261.9
2025-03-11T08:00:00Z,98.54,2058.0
2025-03-11T08:30:00Z,93.74,2272.5
2025-03-11T09:00:00Z,84.11,2574.45
2025-03-11T09:30:00Z,79.81,2506.65
2025-03-11T10:00:00Z,76.85,2362.05
2025-03-11T10:30:00Z,76.99,2940.8
2025-03-11T11:00:00Z,76.23,2694.85
2025-03-11T11:30:00Z,76.61,2579.75
2025-03-11T12:00:00Z,78.14,2632.95
2025-03-11T12:30:00Z,79.73,2625.45
2025-03-11T13:00:00Z,82.32,2300.7
2025-03-11T13:30:00Z,80.89,2399.6
2025-03-11T14:00:00Z,83.29,2501.5
2025-03-11T14:30:00Z,82.09,2800.25
2025-03-11T15:00:00Z,94.64,2491.35
2025-03-11T15:30:00Z,88.38,2898.5
2025-03-11T16:00:00Z,87.42,2580.1
2025-03-11T16:30:00Z,87.97,2942.05
2025-03-11T17:00:00Z,103.37,2618.25
2025-03-11T17:30:00Z,110.71,3150.4
2025-03-11T18:00:00Z,124.1,3332.25
2025-03-11T18:30:00Z,126.41,3165.1
2025-03-11T19:00:00Z,119.85999999999999,2506.9
2025-03-11T19:30:00Z,116.54,1631.6
2025-03-11T20:00:00Z,111.64,1296.5
2025-03-11T20:30:00Z,108.78,1183.0
2025-03-11T21:00:00Z,91.92,996.1
2025-03-11T21:30:00Z,95.62,865.1
2025-03-11T22:00:00Z,92.86,1038.85
2025-03-11T22:30:00Z,91.12,1630.95
2025-03-11T23:00:00Z,79.88,1900.0
2025-03-11T23:30:00Z,85.12,1469.05
2025-03-12T00:00:00Z,79.51,1627.75
2025-03-12T00:30:00Z,81.06,1547.7
2025-03-12T01:00:00Z,85.47,1409.6
2025-03-12T01:30:00Z,81.12,1603.65
2025-03-12T02:00:00Z,78.91,1850.5
2025-03-12T02:30:00Z,80.40999999999998,1690.95
2025-03-12T03:00:00Z,82.52,1832.0
2025-03-12T03:30:00Z,75.63,1873.4
2025-03-12T04:00:00Z,83.68,1895.15
2025-03-12T04:30:00Z,83.88,1933.0
2025-03-12T05:00:00Z,92.17,2083.4
2025-03-12T05:30:00Z,91.07,2138.45
2025-03-12T06:00:00Z,93.89,2162.25
2025-03-12T06:30:00Z,105.21,2548.1
2025-03-12T07:00:00Z,104.07,2297.65
2025-03-12T07:30:00Z,111.02000000000001,2456.3
2025-03-12T08:00:00Z,107.76,2346.35
2025-03-12T08:30:00Z,108.26,2465.05
2025-03-12T09:00:00Z,100.32,2353.6
2025-03-12T09:30:00Z,92.58,2348.7
2025-03-12T10:00:00Z,89.51,2234.3
2025-03-12T10:30:00Z,86.97,2382.8
2025-03-12T11:00:00Z,97.23,2688.85
2025-03-12T11:30:00Z,100.52999999999999,2751.25
2025-03-12T12:00:00Z,96.65,2723.5
2025-03-12T12:30:00Z,96.84000000000002,2768.5
2025-03-12T13:00:00Z,95.0,3071.3
2025-03-12T13:30:00Z,93.29,3399.45
2025-03-12T14:00:00Z,97.41,2716.7
2025-03-12T14:30:00Z,98.35,3195.8
2025-03-12T15:00:00Z,98.69,3224.65
2025-03-12T15:30:00Z,94.43,3624.3
2025-03-12T16:00:00Z,94.57,3176.4
2025-03-12T16:30:00Z,101.77000000000001,3131.7
2025-03-12T17:00:00Z,125.84,3340.95
2025-03-12T17:30:00Z,139.87,3617.8
2025-03-12T18:00:00Z,138.04,3844.65
2025-03-12T18:30:00Z,145.26,4136.65
2025-03-12T19:00:00Z,129.62,3268.35
2025-03-12T19:30:00Z,124.61999999999999,2735.3
2025-03-12T20:00:00Z,114.69,2443.9
2025-03-12T20:30:00Z,105.49,2446.75
2025-03-12T21:00:00Z,102.59,2322.05
2025-03-12T21:30:00Z,99.35,1954.0
2025-03-12T22:00:00Z,94.19,1903.25
2025-03-12T22:30:00Z,96.47,2097.3
2025-03-12T23:00:00Z,85.0,1327.2
2025-03-12T23:30:00Z,83.25,1399.5
2025-03-13T00:00:00Z,81.1,1351.3
2025-03-13T00:30:00Z,84.43,1297.2
2025-03-13T01:00:00Z,81.98,1389.75
2025-03-13T01:30:00Z,82.65,1692.5
2025-03-13T02:00:00Z,77.49,1653.5
2025-03-13T02:30:00Z,80.52,1970.9
2025-03-13T03:00:00Z,82.19,2551.8
2025-03-13T03:30:00Z,78.91,2432.5
2025-03-13T04:00:00Z,83.52,2375.65
2025-03-13T04:30:00Z,82.70000000000002,2039.6
2025-03-13T05:00:00Z,94.12,1970.55
2025-03-13T05:30:00Z,89.92,2386.15
2025-03-13T06:00:00Z,116.55,2190.85
2025-03-13T06:30:00Z,121.7,2602.05
2025-03-13T07:00:00Z,124.03000000000002,2380.25
2025-03-13T07:30:00Z,132.54,2546.8
2025-03-13T08:00:00Z,116.39,1956.8
2025-03-13T08:30:00Z,107.19,2466.45
2025-03-13T09:00:00Z,91.97,2028.2
2025-03-13T09:30:00Z,89.03,2327.2
2025-03-13T10:00:00Z,88.85,2268.0
2025-03-13T10:30:00Z,89.96,2507.6
2025-03-13T11:00:00Z,89.06,2265.7
2025-03-13T11:30:00Z,91.49,2122.95
2025-03-13T12:00:00Z,95.4,2301.95
2025-03-13T12:30:00Z,94.62,2434.1
2025-03-13T13:00:00Z,90.73,2707.25
2025-03-13T13:30:00Z,91.14,2864.45
2025-03-13T14:00:00Z,93.7,3079.1
2025-03-13T14:30:00Z,92.74,3197.15
2025-03-13T15:00:00Z,102.65,2845.45
2025-03-13T15:30:00Z,106.94000000000001,2747.7
2025-03-13T16:00:00Z,115.34,2773.75
2025-03-13T16:30:00Z,131.45,3547.4
2025-03-13T17:00:00Z,131.63,2879.65
2025-03-13T17:30:00Z,137.99,3278.1
2025-03-13T18:00:00Z,137.64,3428.9
2025-03-13T18:30:00Z,140.85,3403.05
2025-03-13T19:00:00Z,136.15,2897.65
2025-03-13T19:30:00Z,130.74,2713.45
2025-03-13T20:00:00Z,124.60000000000001,2421.45
2025-03-13T20:30:00Z,113.82,2370.25
2025-03-13T21:00:00Z,113.73,2286.0
2025-03-13T21:30:00Z,97.91,2170.5
2025-03-13T22:00:00Z,96.02,2452.1
2025-03-13T22:30:00Z,96.71,2497.05
2025-03-13T23:00:00Z,93.66,1039.95
2025-03-13T23:30:00Z,90.44,823.95
2025-03-14T00:00:00Z,89.71,1210.35
2025-03-14T00:30:00Z,97.25,1238.6
2025-03-14T01:00:00Z,93.36,1292.25
2025-03-14T01:30:00Z,83.76,1175.8
2025-03-14T02:00:00Z,84.89,1424.7
2025-03-14T02:30:00Z,89.72999999999999,1757.95
2025-03-14T03:00:00Z,90.94,1617.4
2025-03-14T03:30:00Z,88.91,1690.2
2025-03-14T04:00:00Z,93.31,1347.65
2025-03-14T04:30:00Z,89.74,1555.8
2025-03-14T05:00:00Z,113.41,1759.3
2025-03-14T05:30:00Z,105.06,2032.1
2025-03-14T06:00:00Z,118.88,1530.2
2025-03-14T06:30:00Z,129.24,1751.8
2025-03-14T07:00:00Z,124.22,1871.55
2025-03-14T07:30:00Z,128.48,2059.3
2025-03-14T08:00:00Z,114.01000000000002,1861.15
2025-03-14T08:30:00Z,100.94,2288.25
2025-03-14T09:00:00Z,97.5,2336.3
2025-03-14T09:30:00Z,101.61,3022.4
2025-03-14T10:00:00Z,108.86,3968.95
2025-03-14T10:30:00Z,102.13,4734.2
2025-03-14T11:00:00Z,87.31,4568.55
2025-03-14T11:30:00Z,86.3,4807.35
2025-03-14T12:00:00Z,88.38,4857.15
2025-03-14T12:30:00Z,88.79,4097.2
2025-03-14T13:00:00Z,88.75,3970.05
2025-03-14T13:30:00Z,87.03,4659.05
2025-03-14T14:00:00Z,90.16,4583.65
2025-03-14T14:30:00Z,90.09,4363.8
2025-03-14T15:00:00Z,99.27,2148.15
2025-03-14T15:30:00Z,108.52,2610.45
2025-03-14T16:00:00Z,102.68,2027.95
2025-03-14T16:30:00Z,118.01,2091.1
2025-03-14T17:00:00Z,119.92,2396.0
2025-03-14T17:30:00Z,121.64999999999999,2445.15
2025-03-14T18:00:00Z,123.31999999999998,2241.4
2025-03-14T18:30:00Z,123.22,2385.7
2025-03-14T19:00:00Z,115.82,1954.75
2025-03-14T19:30:00Z,111.15,2063.95
2025-03-14T20:00:00Z,105.91999999999999,1657.3
2025-03-14T20:30:00Z,99.18,2101.65
2025-03-14T21:00:00Z,105.95,1820.35
2025-03-14T21:30:00Z,95.53,1780.15
2025-03-14T22:00:00Z,94.35,2031.95
2025-03-14T22:30:00Z,103.02,2549.75
2025-03-14T23:00:00Z,101.88,1413.15
2025-03-14T23:30:00Z,104.25,1513.9
2025-03-15T00:00:00Z,105.16,1406.95
2025-03-15T00:30:00Z,107.01,1378.7
2025-03-15T01:00:00Z,109.05,1121.4
2025-03-15T01:30:00Z,102.97,1064.05
2025-03-15T02:00:00Z,99.17,1029.1
2025-03-15T02:30:00Z,92.97,815.95
2025-03-15T03:00:00Z,86.77,1073.35
2025-03-15T03:30:00Z,88.65,1383.25
2025-03-15T04:00:00Z,85.27,1455.1
2025-03-15T04:30:00Z,83.98,1491.75
2025-03-15T05:00:00Z,86.45,1325.7
2025-03-15T05:30:00Z,89.11,1485.35
2025-03-15T06:00:00Z,91.09,1616.85
2025-03-15T06:30:00Z,92.6,2046.35
2025-03-15T07:00:00Z,101.34,1552.15
2025-03-15T07:30:00Z,100.47,1684.6
2025-03-15T08:00:00Z,100.72,1725.5
2025-03-15T08:30:00Z,101.63,1651.4
2025-03-15T09:00:00Z,96.75999999999999,1707.4
2025-03-15T09:30:00Z,95.13,1576.4
2025-03-15T10:00:00Z,90.00999999999999,1818.6
2025-03-15T10:30:00Z,89.45,2152.15
2025-03-15T11:00:00Z,85.98,1839.3
2025-03-15T11:30:00Z,85.3,1432.6
2025-03-15T12:00:00Z,86.03999999999999,1732.7
2025-03-15T12:30:00Z,87.91,1854.9
2025-03-15T13:00:00Z,86.13,1731.95
2025-03-15T13:30:00Z,84.2,1637.65
2025-03-15T14:00:00Z,83.43,1843.45
2025-03-15T14:30:00Z,83.77,1917.7
2025-03-15T15:00:00Z,85.05,1829.25
2025-03-15T15:30:00Z,85.41,1695.95
2025-03-15T16:00:00Z,86.81,2224.0
2025-03-15T16:30:00Z,93.49,2841.4
2025-03-15T17:00:00Z,102.53,2234.65
2025-03-15T17:30:00Z,111.62,2270.75
2025-03-15T18:00:00Z,113.51,2628.6
2025-03-15T18:30:00Z,117.86999999999999,2975.35
2025-03-15T19:00:00Z,108.95,2017.5
2025-03-15T19:30:00Z,110.45,1854.9
2025-03-15T20:00:00Z,104.12,1499.65
2025-03-15T20:30:00Z,94.33,1180.95
2025-03-15T21:00:00Z,90.13,1496.35
2025-03-15T21:30:00Z,90.05,1594.85
2025-03-15T22:00:00Z,86.8,1850.45
2025-03-15T22:30:00Z,91.22,1968.5
2025-03-15T23:00:00Z,86.62,1425.7
2025-03-15T23:30:00Z,87.01,1362.8
2025-03-16T00:00:00Z,92.41,1271.1
2025-03-16T00:30:00Z,94.41,1056.25
2025-03-16T01:00:00Z,95.84000000000002,978.25
2025-03-16T01:30:00Z,90.31,736.25
2025-03-16T02:00:00Z,92.1,976.5
2025-03-16T02:30:00Z,91.03,823.7
2025-03-16T03:00:00Z,86.31,629.9
2025-03-16T03:30:00Z,85.25,649.7
2025-03-16T04:00:00Z,85.54,790.5
2025-03-16T04:30:00Z,88.82,876.05
2025-03-16T05:00:00Z,91.65,947.9
2025-03-16T05:30:00Z,89.51,975.4
2025-03-16T06:00:00Z,91.14,874.45
2025-03-16T06:30:00Z,90.44,934.85
2025-03-16T07:00:00Z,87.17,970.9
2025-03-16T07:30:00Z,87.7,890.95
2025-03-16T08:00:00Z,92.84,1161.5
2025-03-16T08:30:00Z,90.1,1064.8
2025-03-16T09:00:00Z,87.45,1208.25
2025-03-16T09:30:00Z,88.46,1441.75
2025-03-16T10:00:00Z,84.99,1026.25
2025-03-16T10:30:00Z,85.15,1252.05
2025-03-16T11:00:00Z,91.28,1883.1
2025-03-16T11:30:00Z,89.86,1813.15
2025-03-16T12:00:00Z,97.24,1860.0
2025-03-16T12:30:00Z,98.52000000000001,1755.0
2025-03-16T13:00:00Z,104.02,1983.45
2025-03-16T13:30:00Z,102.39,2231.5
2025-03-16T14:00:00Z,100.87,3076.2
2025-03-16T14:30:00Z,92.5,3233.1
2025-03-16T15:00:00Z,96.99,1763.0
2025-03-16T15:30:00Z,97.77,2155.45
2025-03-16T16:00:00Z,96.92,2071.5
2025-03-16T16:30:00Z,103.27,2153.8
2025-03-16T17:00:00Z,112.78,1789.45
2025-03-16T17:30:00Z,116.14,2240.2
2025-03-16T18:00:00Z,120.95000000000002,2170.35
2025-03-16T18:30:00Z,124.43999999999998,2125.9
2025-03-16T19:00:00Z,114.53,2734.35
2025-03-16T19:30:00Z,106.05999999999999,2570.45
2025-03-16T20:00:00Z,110.61,2691.2
2025-03-16T20:30:00Z,99.42,2992.15
2025-03-16T21:00:00Z,95.4,2512.55
2025-03-16T21:30:00Z,97.09,2433.15
2025-03-16T22:00:00Z,90.63,2237.8
2025-03-16T22:30:00Z,92.78,2613.65
2025-03-16T23:00:00Z,96.42,1810.9
2025-03-16T23:30:00Z,91.69,1976.5
2025-03-17T00:00:00Z,87.15,1443.05
2025-03-17T00:30:00Z,88.65,1447.3
2025-03-17T01:00:00Z,85.42,1424.05
2025-03-17T01:30:00Z,86.49,1463.3
2025-03-17T02:00:00Z,86.0,1385.1
2025-03-17T02:30:00Z,87.48999999999998,1574.25
2025-03-17T03:00:00Z,90.73,1499.05
2025-03-17T03:30:00Z,88.47,1211.4
2025-03-17T04:00:00Z,89.32000000000001,1572.4
2025-03-17T04:30:00Z,87.31999999999998,1837.7
2025-03-17T05:00:00Z,115.1,1807.15
2025-03-17T05:30:00Z,106.66,2136.4
2025-03-17T06:00:00Z,126.75,2453.1
2025-03-17T06:30:00Z,132.37,2475.6
2025-03-17T07:00:00Z,123.51,3253.35
2025-03-17T07:30:00Z,127.37,2986.7
2025-03-17T08:00:00Z,119.93000000000002,2319.8
2025-03-17T08:30:00Z,121.93000000000002,2585.85
2025-03-17T09:00:00Z,124.38,3247.6
2025-03-17T09:30:00Z,124.70999999999998,3365.05
2025-03-17T10:00:00Z,125.1,3107.65
2025-03-17T10:30:00Z,124.14,3633.1
2025-03-17T11:00:00Z,115.18,3544.95
2025-03-17T11:30:00Z,113.45,3514.25
2025-03-17T12:00:00Z,110.47,3864.9
2025-03-17T12:30:00Z,105.53000000000002,3625.55
2025-03-17T13:00:00Z,96.1,3624.7
2025-03-17T13:30:00Z,94.77,4106.95
2025-03-17T14:00:00Z,93.49000000000001,3905.65
2025-03-17T14:30:00Z,92.82,4049.0
2025-03-17T15:00:00Z,96.14,3889.85
2025-03-17T15:30:00Z,96.15,3925.4
2025-03-17T16:00:00Z,100.47,2779.45
2025-03-17T16:30:00Z,101.47,2856.75
2025-03-17T17:00:00Z,110.1,3029.45
2025-03-17T17:30:00Z,116.89,3420.85
2025-03-17T18:00:00Z,116.67,3895.8
2025-03-17T18:30:00Z,115.13,3756.2
2025-03-17T19:00:00Z,99.84,3123.6
2025-03-17T19:30:00Z,99.21,2913.65
2025-03-17T20:00:00Z,96.56,2509.4
2025-03-17T20:30:00Z,99.79,3001.2
2025-03-17T21:00:00Z,88.1,1815.65
2025-03-17T21:30:00Z,91.87,1859.0
2025-03-17T22:00:00Z,88.02,1860.4
2025-03-17T22:30:00Z,86.5,1999.45
2025-03-17T23:00:00Z,85.83,1638.45
2025-03-17T23:30:00Z,87.84,1986.45
2025-03-18T00:00:00Z,88.53,1851.2
2025-03-18T00:30:00Z,90.94,1704.55
2025-03-18T01:00:00Z,92.78,1709.85
2025-03-18T01:30:00Z,91.69,1856.7
2025-03-18T02:00:00Z,91.33,1757.7
2025-03-18T02:30:00Z,92.28,1967.65
2025-03-18T03:00:00Z,92.7,1148.65
2025-03-18T03:30:00Z,97.96,1837.2
2025-03-18T04:00:00Z,102.32,1628.2
2025-03-18T04:30:00Z,96.82,1948.6
2025-03-18T05:00:00Z,118.07,1837.25
2025-03-18T05:30:00Z,119.03,1750.05
2025-03-18T06:00:00Z,119.82999999999998,2221.05
2025-03-18T06:30:00Z,125.87,2690.1
2025-03-18T07:00:00Z,117.72,2757.8
2025-03-18T07:30:00Z,117.56,2909.3
2025-03-18T08:00:00Z,113.04999999999998,2601.95
2025-03-18T08:30:00Z,107.96000000000001,2771.75
2025-03-18T09:00:00Z,110.10999999999999,3037.8
2025-03-18T09:30:00Z,104.7350929017274,2755.6
2025-03-18T10:00:00Z,104.16,2031.2
2025-03-18T10:30:00Z,100.91,2375.1
2025-03-18T11:00:00Z,90.03,2651.7
2025-03-18T11:30:00Z,88.55,2878.3
2025-03-18T12:00:00Z,86.56,2605.05
2025-03-18T12:30:00Z,84.59,2604.4
2025-03-18T13:00:00Z,81.76,2697.15
2025-03-18T13:30:00Z,79.8,2573.25
2025-03-18T14:00:00Z,78.1,2777.45
2025-03-18T14:30:00Z,77.32,2741.15
2025-03-18T15:00:00Z,72.24,2651.0
2025-03-18T15:30:00Z,69.92,3000.2
2025-03-18T16:00:00Z,82.74,3525.3
2025-03-18T16:30:00Z,78.1,2576.45
2025-03-18T17:00:00Z,91.93,3270.1
2025-03-18T17:30:00Z,98.32000000000001,3539.35
2025-03-18T18:00:00Z,113.37000000000002,3144.1
2025-03-18T18:30:00Z,116.15,3109.2
2025-03-18T19:00:00Z,102.78,2421.9
2025-03-18T19:30:00Z,102.07,2523.15
2025-03-18T20:00:00Z,95.66,2137.95
2025-03-18T20:30:00Z,84.08,2063.25
2025-03-18T21:00:00Z,81.18,2769.55
2025-03-18T21:30:00Z,82.07,2840.35
2025-03-18T22:00:00Z,76.78,2878.35
2025-03-18T22:30:00Z,77.55,2970.15
2025-03-18T23:00:00Z,78.51,1513.55
2025-03-18T23:30:00Z,78.24,1426.6
2025-03-19T00:00:00Z,78.44,1480.55
2025-03-19T00:30:00Z,87.44,1284.75
2025-03-19T01:00:00Z,84.05,1501.75
2025-03-19T01:30:00Z,87.31,1674.2
2025-03-19T02:00:00Z,90.8,1624.65
2025-03-19T02:30:00Z,87.92,1977.45
2025-03-19T03:00:00Z,94.05,1839.2
2025-03-19T03:30:00Z,95.03,2175.15
2025-03-19T04:00:00Z,102.97999999999999,1715.45
2025-03-19T04:30:00Z,102.72,2321.75
2025-03-19T05:00:00Z,122.87000000000002,2457.95
2025-03-19T05:30:00Z,124.79,2363.0
2025-03-19T06:00:00Z,115.69,2820.55
2025-03-19T06:30:00Z,126.67999999999999,2755.85
2025-03-19T07:00:00Z,133.08,2672.35
2025-03-19T07:30:00Z,131.22,2929.4
2025-03-19T08:00:00Z,127.19,2450.25
2025-03-19T08:30:00Z,126.54999999999998,2323.3
2025-03-19T09:00:00Z,120.4,2739.05
2025-03-19T09:30:00Z,109.87000000000002,2796.05
2025-03-19T10:00:00Z,105.33000000000001,2865.2
2025-03-19T10:30:00Z,101.14999999999999,2741.9
2025-03-19T11:00:00Z,91.46,2030.4
2025-03-19T11:30:00Z,86.03,1675.15
2025-03-19T12:00:00Z,87.74999999999999,1754.55
2025-03-19T12:30:00Z,91.26,1867.4
2025-03-19T13:00:00Z,117.98,3949.85
2025-03-19T13:30:00Z,110.83,3841.75
2025-03-19T14:00:00Z,101.67,4139.8
2025-03-19T14:30:00Z,99.97999999999999,3506.55
2025-03-19T15:00:00Z,110.17,1791.65
2025-03-19T15:30:00Z,109.96103915111598,1776.45
2025-03-19T16:00:00Z,122.01804965025373,1458.2
2025-03-19T16:30:00Z,126.73998301932562,1236.7
2025-03-19T17:00:00Z,155.206907540395,1114.0
2025-03-19T17:30:00Z,158.08275962766928,1095.8
2025-03-19T18:00:00Z,161.74238672438673,1039.5
2025-03-19T18:30:00Z,161.75823094040248,1033.6
2025-03-19T19:00:00Z,178.70441088124554,1181.85
2025-03-19T19:30:00Z,177.35638123560454,1714.95
2025-03-19T20:00:00Z,129.26,2809.2
2025-03-19T20:30:00Z,147.56,3172.35
2025-03-19T21:00:00Z,126.37,3956.0
2025-03-19T21:30:00Z,105.38,2962.25
2025-03-19T22:00:00Z,103.17,3306.35
2025-03-19T22:30:00Z,115.16,3613.65
2025-03-19T23:00:00Z,121.15000000000002,3178.05
2025-03-19T23:30:00Z,115.72,1857.65
2025-03-20T00:00:00Z,110.21,1450.6
2025-03-20T00:30:00Z,115.09,1733.35
2025-03-20T01:00:00Z,109.38,1855.95
2025-03-20T01:30:00Z,105.03000000000002,1650.65
2025-03-20T02:00:00Z,107.62,1832.65
2025-03-20T02:30:00Z,110.41,2436.6
2025-03-20T03:00:00Z,104.82,1897.65
2025-03-20T03:30:00Z,98.35,2177.55
2025-03-20T04:00:00Z,110.9,1280.5
2025-03-20T04:30:00Z,105.64,1957.0
2025-03-20T05:00:00Z,122.28,1597.25
2025-03-20T05:30:00Z,126.53,1351.25
2025-03-20T06:00:00Z,116.46,2016.15
2025-03-20T06:30:00Z,124.54,2191.25
2025-03-20T07:00:00Z,132.5,2121.7
2025-03-20T07:30:00Z,128.36,2439.45
2025-03-20T08:00:00Z,127.66,2137.0
2025-03-20T08:30:00Z,121.51,1946.2
2025-03-20T09:00:00Z,111.96,2058.5
2025-03-20T09:30:00Z,100.32,1586.9
2025-03-20T10:00:00Z,92.56,2016.95
2025-03-20T10:30:00Z,93.4,1855.0
2025-03-20T11:00:00Z,90.24,1853.6
2025-03-20T11:30:00Z,84.15,1922.85
2025-03-20T12:00:00Z,85.67,2004.65
2025-03-20T12:30:00Z,84.65,1851.75
2025-03-20T13:00:00Z,87.52,2056.3
2025-03-20T13:30:00Z,85.04,2118.0
2025-03-20T14:00:00Z,83.69,2267.5
2025-03-20T14:30:00Z,83.81,2144.5
2025-03-20T15:00:00Z,89.73,1707.65
2025-03-20T15:30:00Z,88.14,2030.2
2025-03-20T16:00:00Z,103.93,3111.9
2025-03-20T16:30:00Z,124.99,3177.05
2025-03-20T17:00:00Z,125.78,3035.85
2025-03-20T17:30:00Z,126.44,3657.75
2025-03-20T18:00:00Z,136.7,4382.85
2025-03-20T18:30:00Z,142.77,4521.35
2025-03-20T19:00:00Z,125.86000000000001,4824.9
2025-03-20T19:30:00Z,111.89,3484.4
2025-03-20T20:00:00Z,104.04,2895.75
2025-03-20T20:30:00Z,100.66,2895.7
2025-03-20T21:00:00Z,94.69,3091.6
2025-03-20T21:30:00Z,95.61,3345.3
2025-03-20T22:00:00Z,94.67,3263.75
2025-03-20T22:30:00Z,93.34,3844.15
2025-03-20T23:00:00Z,93.44,2313.6
2025-03-20T23:30:00Z,97.24,1920.9
2025-03-21T00:00:00Z,92.61,1945.55
2025-03-21T00:30:00Z,95.18999999999998,1734.55
2025-03-21T01:00:00Z,94.5,1418.35
2025-03-21T01:30:00Z,91.24,1688.65
2025-03-21T02:00:00Z,89.67,1866.6
2025-03-21T02:30:00Z,86.41,1829.35
2025-03-21T03:00:00Z,81.76,2453.1
2025-03-21T03:30:00Z,83.9,2646.4
2025-03-21T04:00:00Z,87.31,2211.35
2025-03-21T04:30:00Z,88.21,2883.9
2025-03-21T05:00:00Z,92.33,2864.65
2025-03-21T05:30:00Z,100.85,2856.45
2025-03-21T06:00:00Z,103.76,2876.55
2025-03-21T06:30:00Z,105.81,3256.5
2025-03-21T07:00:00Z,84.34,2905.6
2025-03-21T07:30:00Z,87.93,3010.05
2025-03-21T08:00:00Z,84.77,2900.5
2025-03-21T08:30:00Z,91.8,3149.4
2025-03-21T09:00:00Z,91.54,3291.25
2025-03-21T09:30:00Z,94.48999999999998,3032.15
2025-03-21T10:00:00Z,96.51,3210.65
2025-03-21T10:30:00Z,94.38,3438.2
2025-03-21T11:00:00Z,85.62,3761.7
2025-03-21T11:30:00Z,85.1,4018.15
2025-03-21T12:00:00Z,73.1,4093.25
2025-03-21T12:30:00Z,65.49,3950.35
2025-03-21T13:00:00Z,60.39,3786.35
2025-03-21T13:30:00Z,59.16,3474.0
2025-03-21T14:00:00Z,58.91,3532.6
2025-03-21T14:30:00Z,57.75,3459.9
2025-03-21T15:00:00Z,73.26,2691.25
2025-03-21T15:30:00Z,80.71,2796.6
2025-03-21T16:00:00Z,95.28000000000002,2780.0
2025-03-21T16:30:00Z,104.91,2566.2
2025-03-21T17:00:00Z,116.69000000000001,3006.55
2025-03-21T17:30:00Z,120.01,2952.25
2025-03-21T18:00:00Z,121.30999999999999,3799.65
2025-03-21T18:30:00Z,120.68999999999998,3759.4
2025-03-21T19:00:00Z,114.73,3296.5
2025-03-21T19:30:00Z,114.01,3028.4
2025-03-21T20:00:00Z,109.46,3061.7
2025-03-21T20:30:00Z,101.94,3293.5
2025-03-21T21:00:00Z,100.82,2376.15
2025-03-21T21:30:00Z,98.71,2226.95
2025-03-21T22:00:00Z,102.0,2388.7
2025-03-21T22:30:00Z,93.05,2548.65
2025-03-21T23:00:00Z,83.92,2720.4
2025-03-21T23:30:00Z,76.79,2675.6
2025-03-22T00:00:00Z,70.61,2360.3
2025-03-22T00:30:00Z,78.81,2194.95
2025-03-22T01:00:00Z,71.79,2013.75
2025-03-22T01:30:00Z,70.21,2108.15
2025-03-22T02:00:00Z,70.02,2294.5
2025-03-22T02:30:00Z,68.17,2262.6
2025-03-22T03:00:00Z,51.8,2498.15
2025-03-22T03:30:00Z,43.66,2562.35
2025-03-22T04:00:00Z,49.05,2388.15
2025-03-22T04:30:00Z,49.41,2471.1
2025-03-22T05:00:00Z,37.11,2488.5
2025-03-22T05:30:00Z,36.3,2452.95
2025-03-22T06:00:00Z,51.22,2363.55
2025-03-22T06:30:00Z,52.36,2244.65
2025-03-22T07:00:00Z,72.45,2286.5
2025-03-22T07:30:00Z,81.74,2796.45
2025-03-22T08:00:00Z,85.97,2288.7
2025-03-22T08:30:00Z,93.4,2438.7
2025-03-22T09:00:00Z,97.82999999999998,2719.15
2025-03-22T09:30:00Z,101.44,2332.4
2025-03-22T10:00:00Z,101.84,2486.15
2025-03-22T10:30:00Z,101.3,2648.9
2025-03-22T11:00:00Z,104.0,2267.25
2025-03-22T11:30:00Z,102.42,2055.5
2025-03-22T12:00:00Z,96.01,2427.95
2025-03-22T12:30:00Z,98.79000000000002,2798.45
2025-03-22T13:00:00Z,98.15000000000002,3071.2
2025-03-22T13:30:00Z,100.32,2786.1
2025-03-22T14:00:00Z,100.56,2605.9
2025-03-22T14:30:00Z,100.93,2850.85
2025-03-22T15:00:00Z,102.64,1809.85
2025-03-22T15:30:00Z,100.78,2098.4
2025-03-22T16:00:00Z,100.52,2782.6
2025-03-22T16:30:00Z,108.36,2650.0
2025-03-22T17:00:00Z,123.96,2234.5
2025-03-22T17:30:00Z,128.09,2120.05
2025-03-22T18:00:00Z,130.72,2039.6
2025-03-22T18:30:00Z,133.76,2292.9
2025-03-22T19:00:00Z,131.06,2582.7
2025-03-22T19:30:00Z,125.08000000000001,2192.15
2025-03-22T20:00:00Z,113.68999999999998,2713.65
2025-03-22T20:30:00Z,102.32,2532.45
2025-03-22T21:00:00Z,99.41,2350.2
2025-03-22T21:30:00Z,103.0,2545.65
2025-03-22T22:00:00Z,96.13,2705.3
2025-03-22T22:30:00Z,98.46,2695.8
2025-03-22T23:00:00Z,97.29,2182.6
2025-03-22T23:30:00Z,99.87,2234.25
2025-03-23T00:00:00Z,100.17,2502.75
2025-03-23T00:30:00Z,99.04,2210.0
2025-03-23T01:00:00Z,99.71000000000001,1732.85
2025-03-23T01:30:00Z,95.95,1681.9
2025-03-23T02:00:00Z,93.54,1790.3
2025-03-23T02:30:00Z,90.57,1761.35
2025-03-23T03:00:00Z,87.1,1708.15
2025-03-23T03:30:00Z,86.44,1639.7
2025-03-23T04:00:00Z,81.33,1760.25
2025-03-23T04:30:00Z,74.45,2024.9
2025-03-23T05:00:00Z,82.35,1599.7
2025-03-23T05:30:00Z,83.47,1753.0
2025-03-23T06:00:00Z,85.78,2121.2
2025-03-23T06:30:00Z,87.22,1902.85
2025-03-23T07:00:00Z,92.31,2090.65
2025-03-23T07:30:00Z,87.8,2267.9
2025-03-23T08:00:00Z,85.68,2175.8
2025-03-23T08:30:00Z,87.78,2426.3
2025-03-23T09:00:00Z,83.65,2187.95
2025-03-23T09:30:00Z,93.23,2543.85
2025-03-23T10:00:00Z,93.89,2492.55
2025-03-23T10:30:00Z,96.41999999999999,2776.0
2025-03-23T11:00:00Z,103.85,2107.45
2025-03-23T11:30:00Z,109.1,1877.0
2025-03-23T12:00:00Z,113.95,1859.65
2025-03-23T12:30:00Z,113.08,2110.75
2025-03-23T13:00:00Z,109.73,2436.5
2025-03-23T13:30:00Z,102.3,2496.25
2025-03-23T14:00:00Z,98.12,2570.9
2025-03-23T14:30:00Z,97.28,2843.65
2025-03-23T15:00:00Z,91.81,1769.4
2025-03-23T15:30:00Z,91.39,1798.9
2025-03-23T16:00:00Z,98.8,2097.55
2025-03-23T16:30:00Z,116.28,1846.55
2025-03-23T17:00:00Z,122.37,1841.95
2025-03-23T17:30:00Z,125.83,1730.0
2025-03-23T18:00:00Z,119.9,1821.75
2025-03-23T18:30:00Z,121.21,1902.1
2025-03-23T19:00:00Z,126.08,1719.65
2025-03-23T19:30:00Z,122.46,1501.8
2025-03-23T20:00:00Z,120.45,1265.6
2025-03-23T20:30:00Z,108.58000000000001,1483.6
2025-03-23T21:00:00Z,105.33999999999999,1464.5
2025-03-23T21:30:00Z,107.95,1856.7
2025-03-23T22:00:00Z,102.23,2108.7
2025-03-23T22:30:00Z,101.68,1766.65
2025-03-23T23:00:00Z,103.02,1446.9
2025-03-23T23:30:00Z,92.65,1283.3
2025-03-24T00:00:00Z,89.49,1402.9
2025-03-24T00:30:00Z,93.39,1312.05
2025-03-24T01:00:00Z,91.1,1271.15
2025-03-24T01:30:00Z,88.07,1470.25
2025-03-24T02:00:00Z,90.83,1564.95
2025-03-24T02:30:00Z,89.43999999999998,1467.2
2025-03-24T03:00:00Z,92.0,1283.9
2025-03-24T03:30:00Z,91.34,1298.4
2025-03-24T04:00:00Z,95.76,1385.05
2025-03-24T04:30:00Z,96.15,1275.9
2025-03-24T05:00:00Z,98.73,1411.3
2025-03-24T05:30:00Z,95.38,1669.95
2025-03-24T06:00:00Z,117.77,2009.8
2025-03-24T06:30:00Z,125.26000000000002,2376.85
2025-03-24T07:00:00Z,128.77,1955.0
2025-03-24T07:30:00Z,133.75,2567.3
2025-03-24T08:00:00Z,120.89,2147.45
2025-03-24T08:30:00Z,121.48,2403.15
2025-03-24T09:00:00Z,115.26,2585.95
2025-03-24T09:30:00Z,116.31,2952.35
2025-03-24T10:00:00Z,114.59,2089.4
2025-03-24T10:30:00Z,109.54,2885.25
2025-03-24T11:00:00Z,88.76,2589.1
2025-03-24T11:30:00Z,85.23,2909.25
2025-03-24T12:00:00Z,84.28,2853.45
2025-03-24T12:30:00Z,81.66,3378.45
2025-03-24T13:00:00Z,81.56,4291.15
2025-03-24T13:30:00Z,78.51,3668.45
2025-03-24T14:00:00Z,79.46,3510.9
2025-03-24T14:30:00Z,78.93,3669.15
2025-03-24T15:00:00Z,81.5,2335.65
2025-03-24T15:30:00Z,79.95,2923.6
2025-03-24T16:00:00Z,85.88,2241.4
2025-03-24T16:30:00Z,88.9,2508.6
2025-03-24T17:00:00Z,101.13,2789.05
2025-03-24T17:30:00Z,108.70000000000002,2791.75
2025-03-24T18:00:00Z,128.89,2971.85
2025-03-24T18:30:00Z,130.17,3086.5
2025-03-24T19:00:00Z,124.95999999999998,2315.2
2025-03-24T19:30:00Z,122.02,2048.7
2025-03-24T20:00:00Z,108.01,1342.65
2025-03-24T20:30:00Z,103.21776144015391,1455.4
2025-03-24T21:00:00Z,92.07,1126.6
2025-03-24T21:30:00Z,93.92,1228.45
2025-03-24T22:00:00Z,91.36,1175.5
2025-03-24T22:30:00Z,83.4,1567.35
2025-03-24T23:00:00Z,81.35,1063.25
2025-03-24T23:30:00Z,80.48,1252.1
2025-03-25T00:00:00Z,80.72,1435.05
2025-03-25T00:30:00Z,81.07,1307.3
2025-03-25T01:00:00Z,81.79,1581.15
2025-03-25T01:30:00Z,84.83,1751.05
2025-03-25T02:00:00Z,80.72,1572.0
2025-03-25T02:30:00Z,85.66,1865.1
2025-03-25T03:00:00Z,85.02,1840.25
2025-03-25T03:30:00Z,84.04,1779.9
2025-03-25T04:00:00Z,79.94,2233.15
2025-03-25T04:30:00Z,86.71,2390.35
2025-03-25T05:00:00Z,81.52,2099.75
2025-03-25T05:30:00Z,85.65,2479.4
2025-03-25T06:00:00Z,92.07,2191.3
2025-03-25T06:30:00Z,96.71,2678.4
2025-03-25T07:00:00Z,95.0,2180.75
2025-03-25T07:30:00Z,98.31,2448.55
2025-03-25T08:00:00Z,92.94,2623.2
2025-03-25T08:30:00Z,94.06,2978.1
2025-03-25T09:00:00Z,91.85,2765.45
2025-03-25T09:30:00Z,91.7,3182.4
2025-03-25T10:00:00Z,86.61,2973.8
2025-03-25T10:30:00Z,83.86,2671.8
2025-03-25T11:00:00Z,85.01,3072.15
2025-03-25T11:30:00Z,84.69,3128.0
2025-03-25T12:00:00Z,81.73,2813.8
2025-03-25T12:30:00Z,83.38,3919.0
2025-03-25T13:00:00Z,78.47,3747.9
2025-03-25T13:30:00Z,73.28,4037.8
2025-03-25T14:00:00Z,73.65,4963.35
2025-03-25T14:30:00Z,78.46,4829.8
2025-03-25T15:00:00Z,76.02,3836.45
2025-03-25T15:30:00Z,75.84,3578.2
2025-03-25T16:00:00Z,88.79,3504.7
2025-03-25T16:30:00Z,99.16,3113.25
2025-03-25T17:00:00Z,114.82,3345.4
2025-03-25T17:30:00Z,118.89999999999999,3208.6
2025-03-25T18:00:00Z,116.21,3688.2
2025-03-25T18:30:00Z,124.15,3457.1
2025-03-25T19:00:00Z,113.68,2721.25
2025-03-25T19:30:00Z,111.52,2896.6
2025-03-25T20:00:00Z,111.47,2524.05
2025-03-25T20:30:00Z,103.73,2322.2
2025-03-25T21:00:00Z,96.24,2321.75
2025-03-25T21:30:00Z,97.5,2903.15
2025-03-25T22:00:00Z,93.48,2898.05
2025-03-25T22:30:00Z,96.42,2827.6
2025-03-25T23:00:00Z,95.87,1807.9
2025-03-25T23:30:00Z,89.27,1479.8
2025-03-26T00:00:00Z,93.64,1331.5
2025-03-26T00:30:00Z,96.89,1238.0
2025-03-26T01:00:00Z,88.06,1148.05
2025-03-26T01:30:00Z,85.19,1379.65
2025-03-26T02:00:00Z,89.5,1374.6
2025-03-26T02:30:00Z,83.37,1311.3
2025-03-26T03:00:00Z,84.73,1626.3
2025-03-26T03:30:00Z,83.75,1190.3
2025-03-26T04:00:00Z,79.15,1464.35
2025-03-26T04:30:00Z,82.61,1286.7
2025-03-26T05:00:00Z,98.0,1617.5
2025-03-26T05:30:00Z,107.25,1819.45
2025-03-26T06:00:00Z,107.7,2382.1
2025-03-26T06:30:00Z,115.05999999999999,2469.45
2025-03-26T07:00:00Z,124.82000000000001,2242.6
2025-03-26T07:30:00Z,125.17,2739.3
2025-03-26T08:00:00Z,124.18999999999998,2445.25
2025-03-26T08:30:00Z,117.13,2382.05
2025-03-26T09:00:00Z,101.57,2427.95
2025-03-26T09:30:00Z,93.82,2475.75
2025-03-26T10:00:00Z,95.79,2550.85
2025-03-26T10:30:00Z,96.18,2478.2
2025-03-26T11:00:00Z,98.22000000000001,2732.45
2025-03-26T11:30:00Z,95.30000000000001,2915.55
2025-03-26T12:00:00Z,91.11,3226.45
2025-03-26T12:30:00Z,87.60000000000001,3369.35
2025-03-26T13:00:00Z,87.98,2872.55
2025-03-26T13:30:00Z,86.22,3005.9
2025-03-26T14:00:00Z,88.59999999999998,3607.0
2025-03-26T14:30:00Z,88.23,3339.05
2025-03-26T15:00:00Z,100.0,2572.0
2025-03-26T15:30:00Z,100.92,2534.6
2025-03-26T16:00:00Z,97.05,2463.15
2025-03-26T16:30:00Z,96.02,3144.7
2025-03-26T17:00:00Z,104.35,3974.5
2025-03-26T17:30:00Z,107.48,4018.4
2025-03-26T18:00:00Z,118.64,4226.05
2025-03-26T18:30:00Z,116.95999999999998,4549.65
2025-03-26T19:00:00Z,102.52999999999999,3300.1
2025-03-26T19:30:00Z,101.59,3329.7
2025-03-26T20:00:00Z,100.54,2608.2
2025-03-26T20:30:00Z,96.12,3000.5
2025-03-26T21:00:00Z,94.03,3206.95
2025-03-26T21:30:00Z,96.92,2885.3
2025-03-26T22:00:00Z,94.43,2871.0
2025-03-26T22:30:00Z,93.2,2575.55
2025-03-26T23:00:00Z,79.7,1515.1
2025-03-26T23:30:00Z,80.33,1444.15
2025-03-27T00:00:00Z,77.85,1933.4
2025-03-27T00:30:00Z,86.71,1662.8
2025-03-27T01:00:00Z,85.43,2083.75
2025-03-27T01:30:00Z,79.45,2129.7
2025-03-27T02:00:00Z,79.75,1949.1
2025-03-27T02:30:00Z,80.72000000000001,1672.35
2025-03-27T03:00:00Z,76.08,1565.15
2025-03-27T03:30:00Z,81.12,1538.05
2025-03-27T04:00:00Z,86.99,1951.95
2025-03-27T04:30:00Z,84.49,2046.75
2025-03-27T05:00:00Z,96.79,2231.9
2025-03-27T05:30:00Z,102.66,2092.35
2025-03-27T06:00:00Z,103.52,2157.2
2025-03-27T06:30:00Z,113.4,2053.6
2025-03-27T07:00:00Z,102.28,2448.05
2025-03-27T07:30:00Z,103.26,2592.45
2025-03-27T08:00:00Z,103.33,2073.4
2025-03-27T08:30:00Z,100.09,2340.8
2025-03-27T09:00:00Z,100.58,2725.55
2025-03-27T09:30:00Z,95.08,2748.85
2025-03-27T10:00:00Z,90.74,2624.45
2025-03-27T10:30:00Z,92.72,2919.45
2025-03-27T11:00:00Z,90.57,2569.35
2025-03-27T11:30:00Z,88.54,2951.9
2025-03-27T12:00:00Z,86.42,2765.15
2025-03-27T12:30:00Z,76.76,2891.15
2025-03-27T13:00:00Z,57.419999999999995,3034.5
2025-03-27T13:30:00Z,52.01,2804.05
2025-03-27T14:00:00Z,49.09,3227.25
2025-03-27T14:30:00Z,45.71,3200.0
2025-03-27T15:00:00Z,51.4,2755.65
2025-03-27T15:30:00Z,46.32,3176.1
2025-03-27T16:00:00Z,67.71,3439.25
2025-03-27T16:30:00Z,68.63,3283.5
2025-03-27T17:00:00Z,90.87,3437.15
2025-03-27T17:30:00Z,99.36,3493.85
2025-03-27T18:00:00Z,106.54,3030.9
2025-03-27T18:30:00Z,110.71,3478.2
2025-03-27T19:00:00Z,105.15,3233.5
2025-03-27T19:30:00Z,101.95,3329.4
2025-03-27T20:00:00Z,93.9,3234.0
2025-03-27T20:30:00Z,88.87,3402.15
2025-03-27T21:00:00Z,83.58,3167.7
2025-03-27T21:30:00Z,74.82,2916.15
2025-03-27T22:00:00Z,69.83,2450.4
2025-03-27T22:30:00Z,50.52,2435.85
2025-03-27T23:00:00Z,31.89,1648.9
2025-03-27T23:30:00Z,23.55,1573.2
2025-03-28T00:00:00Z,16.93,1630.4
2025-03-28T00:30:00Z,17.77,1438.95
2025-03-28T01:00:00Z,16.08,1278.15
2025-03-28T01:30:00Z,12.310000000000002,1435.3
2025-03-28T02:00:00Z,11.14,1554.45
2025-03-28T02:30:00Z,10.49,1628.1
2025-03-28T03:00:00Z,12.05,1258.6
2025-03-28T03:30:00Z,12.63,1569.25
2025-03-28T04:00:00Z,26.07,1806.6
2025-03-28T04:30:00Z,26.98,1862.7
2025-03-28T05:00:00Z,47.95,1941.6
2025-03-28T05:30:00Z,55.12,2057.4
2025-03-28T06:00:00Z,68.63,1973.6
2025-03-28T06:30:00Z,82.84,2310.95
2025-03-28T07:00:00Z,60.33,2349.05
2025-03-28T07:30:00Z,64.79,2565.55
2025-03-28T08:00:00Z,51.21,2237.65
2025-03-28T08:30:00Z,55.31,2657.2
2025-03-28T09:00:00Z,35.89,3192.9
2025-03-28T09:30:00Z,32.3,3559.85
2025-03-28T10:00:00Z,25.87,3356.55
2025-03-28T10:30:00Z,20.88,3102.15
2025-03-28T11:00:00Z,10.13,2819.85
2025-03-28T11:30:00Z,7.59,2711.65
2025-03-28T12:00:00Z,1.33,2942.75
2025-03-28T12:30:00Z,-0.37,3061.45
2025-03-28T13:00:00Z,0.77,3657.55
2025-03-28T13:30:00Z,0.23000000000000004,3871.6
2025-03-28T14:00:00Z,15.930000000000001,4639.0
2025-03-28T14:30:00Z,15.890000000000002,5336.15
2025-03-28T15:00:00Z,28.7,3563.35
2025-03-28T15:30:00Z,40.57000000000001,3494.8
2025-03-28T16:00:00Z,68.69,4535.45
2025-03-28T16:30:00Z,70.74,4207.25
2025-03-28T17:00:00Z,94.52999999999999,3198.2
2025-03-28T17:30:00Z,102.58,3063.8
2025-03-28T18:00:00Z,105.92,3278.25
2025-03-28T18:30:00Z,112.89,3487.05
2025-03-28T19:00:00Z,103.17,3183.95
2025-03-28T19:30:00Z,99.38,2926.0
2025-03-28T20:00:00Z,93.38,3228.9
2025-03-28T20:30:00Z,95.31,2339.7
2025-03-28T21:00:00Z,93.02,2128.4
2025-03-28T21:30:00Z,90.47,2319.15
2025-03-28T22:00:00Z,86.22,2364.6
2025-03-28T22:30:00Z,86.24,2096.15
2025-03-28T23:00:00Z,84.96,1889.5
2025-03-28T23:30:00Z,89.5,1720.55
2025-03-29T00:00:00Z,84.01,1829.35
2025-03-29T00:30:00Z,87.64000000000001,1776.15
2025-03-29T01:00:00Z,84.05,1532.15
2025-03-29T01:30:00Z,76.34,1722.85
2025-03-29T02:00:00Z,71.41,1850.35
2025-03-29T02:30:00Z,75.19,1987.55
2025-03-29T03:00:00Z,77.47,1716.1
2025-03-29T03:30:00Z,76.88,1561.05
2025-03-29T04:00:00Z,76.19,1411.35
2025-03-29T04:30:00Z,76.18,1249.65
2025-03-29T05:00:00Z,89.72,1114.0
2025-03-29T05:30:00Z,93.81,1327.55
2025-03-29T06:00:00Z,95.29,1466.75
2025-03-29T06:30:00Z,98.86999999999999,1769.8
2025-03-29T07:00:00Z,102.91,1483.55
2025-03-29T07:30:00Z,105.23,1566.8
2025-03-29T08:00:00Z,109.2,1665.6
2025-03-29T08:30:00Z,106.09,1648.3
2025-03-29T09:00:00Z,102.89,1413.1
2025-03-29T09:30:00Z,78.24000000000001,1936.9
2025-03-29T10:00:00Z,64.27,1803.85
2025-03-29T10:30:00Z,46.61,1916.05
2025-03-29T11:00:00Z,19.48,2289.5
2025-03-29T11:30:00Z,4.95,2190.15
2025-03-29T12:00:00Z,-4.73,2027.45
2025-03-29T12:30:00Z,-9.3,2161.2
2025-03-29T13:00:00Z,-9.99,2110.25
2025-03-29T13:30:00Z,-17.18,2264.0
2025-03-29T14:00:00Z,-11.17,2530.85
2025-03-29T14:30:00Z,-10.64,3023.15
2025-03-29T15:00:00Z,13.09,2228.55
2025-03-29T15:30:00Z,17.11,2932.7
2025-03-29T16:00:00Z,29.04,3121.55
2025-03-29T16:30:00Z,51.39,3231.7
2025-03-29T17:00:00Z,74.75,2294.3
2025-03-29T17:30:00Z,81.66,2487.25
2025-03-29T18:00:00Z,89.86,2539.85
2025-03-29T18:30:00Z,94.11,2775.4
2025-03-29T19:00:00Z,74.17,2196.65
2025-03-29T19:30:00Z,63.81,2620.0
2025-03-29T20:00:00Z,54.06,1951.8
2025-03-29T20:30:00Z,34.15,1957.0
2025-03-29T21:00:00Z,24.739999999999995,1633.2
2025-03-29T21:30:00Z,14.469999999999999,1530.75
2025-03-29T22:00:00Z,27.96,1930.95
2025-03-29T22:30:00Z,16.32,2288.7
2025-03-29T23:00:00Z,15.42,1625.5
2025-03-29T23:30:00Z,14.7,1470.55
2025-03-30T00:00:00Z,11.11,1001.35
2025-03-30T00:30:00Z,12.37,966.95
2025-03-30T01:00:00Z,0.31,864.0
2025-03-30T01:30:00Z,-4.73,973.8
2025-03-30T02:00:00Z,-6.22,1407.45
2025-03-30T02:30:00Z,-8.59,1740.4
2025-03-30T03:00:00Z,-6.940000000000001,1717.05
2025-03-30T03:30:00Z,-9.56,1987.5
2025-03-30T04:00:00Z,-8.56,1716.2
2025-03-30T04:30:00Z,-5.56,1632.55
2025-03-30T05:00:00Z,2.12,1971.75
2025-03-30T05:30:00Z,3.93,2265.55
2025-03-30T06:00:00Z,8.81,1677.15
2025-03-30T06:30:00Z,10.2,1658.0
2025-03-30T07:00:00Z,10.93,2050.6
2025-03-30T07:30:00Z,12.15,1680.65
2025-03-30T08:00:00Z,0.05,1245.6
2025-03-30T08:30:00Z,0.42000000000000004,1477.6
2025-03-30T09:00:00Z,-4.65,2145.8
2025-03-30T09:30:00Z,-7.5,1971.95
2025-03-30T10:00:00Z,-7.26,2467.4
2025-03-30T10:30:00Z,-10.1,2670.15
2025-03-30T11:00:00Z,-14.5,2997.75
2025-03-30T11:30:00Z,-13.74,3123.25
2025-03-30T12:00:00Z,-13.05,2737.7
2025-03-30T12:30:00Z,-9.51,2960.8
2025-03-30T13:00:00Z,-12.15,2900.45
2025-03-30T13:30:00Z,-3.35,2952.95
2025-03-30T14:00:00Z,-2.36,3226.0
2025-03-30T14:30:00Z,8.13,3397.95
2025-03-30T15:00:00Z,8.04,3315.8
2025-03-30T15:30:00Z,21.09,3393.4
2025-03-30T16:00:00Z,84.61,3614.75
2025-03-30T16:30:00Z,86.06,3812.05
2025-03-30T17:00:00Z,78.88,2952.2
2025-03-30T17:30:00Z,80.41,3166.1
2025-03-30T18:00:00Z,85.1,2741.35
2025-03-30T18:30:00Z,100.0,2333.85
2025-03-30T19:00:00Z,98.55,2069.9
2025-03-30T19:30:00Z,100.55,2434.85
2025-03-30T20:00:00Z,113.31,1707.3
2025-03-30T20:30:00Z,110.72,1984.15
2025-03-30T21:00:00Z,99.46,1851.05
2025-03-30T21:30:00Z,90.46,1923.95
2025-03-30T22:00:00Z,91.58,1805.6
2025-03-30T22:30:00Z,83.89,1540.2
2025-03-30T23:00:00Z,79.69,1526.9
2025-03-30T23:30:00Z,82.18,1808.75
2025-03-31T00:00:00Z,85.33,1692.95
2025-03-31T00:30:00Z,84.64,1432.0
2025-03-31T01:00:00Z,81.53,1508.85
2025-03-31T01:30:00Z,79.83,1779.1
2025-03-31T02:00:00Z,77.24,1226.6
2025-03-31T02:30:00Z,75.55,1603.35
2025-03-31T03:00:00Z,71.15,2011.35
2025-03-31T03:30:00Z,69.61,1876.4
2025-03-31T04:00:00Z,73.26,2062.8
2025-03-31T04:30:00Z,74.59,1750.65
2025-03-31T05:00:00Z,109.85000000000001,2469.9
2025-03-31T05:30:00Z,117.99,2213.5
2025-03-31T06:00:00Z,138.42,3389.55
2025-03-31T06:30:00Z,144.01,3714.3
2025-03-31T07:00:00Z,119.21,2421.95
2025-03-31T07:30:00Z,117.01999999999998,2492.05
2025-03-31T08:00:00Z,110.24,2322.45
2025-03-31T08:30:00Z,107.23999999999998,2466.4
2025-03-31T09:00:00Z,99.83,2164.35
2025-03-31T09:30:00Z,93.84,2301.55
2025-03-31T10:00:00Z,82.78,2235.45
2025-03-31T10:30:00Z,79.7,2234.25
2025-03-31T11:00:00Z,80.5,2225.35
2025-03-31T11:30:00Z,77.32,1882.55
2025-03-31T12:00:00Z,80.23,2265.5
2025-03-31T12:30:00Z,78.19,2314.35
2025-03-31T13:00:00Z,77.56,2313.65
2025-03-31T13:30:00Z,77.64,2537.75
2025-03-31T14:00:00Z,78.57,2106.25
2025-03-31T14:30:00Z,83.68,2352.5
2025-03-31T15:00:00Z,88.27,2376.35
2025-03-31T15:30:00Z,86.58,2649.05
2025-03-31T16:00:00Z,99.91,2507.85
2025-03-31T16:30:00Z,106.56,2662.75
2025-03-31T17:00:00Z,134.56,2916.25
2025-03-31T17:30:00Z,137.82,2739.3
2025-03-31T18:00:00Z,122.38,2606.5
2025-03-31T18:30:00Z,121.84,2748.6
2025-03-31T19:00:00Z,106.38,2292.25
2025-03-31T19:30:00Z,100.18,2376.0
2025-03-31T20:00:00Z,96.3,2245.1
2025-03-31T20:30:00Z,90.89,2321.35
2025-03-31T21:00:00Z,86.54,2464.6
2025-03-31T21:30:00Z,83.94,2393.5
2025-03-31T22:00:00Z,81.54,1196.6
2025-03-31T22:30:00Z,80.49,1226.2
2025-03-31T23:00:00Z,82.87,1259.6
2025-03-31T23:30:00Z,79.81,1348.65
2025-04-01T00:00:00Z,82.1,1379.05
2025-04-01T00:30:00Z,84.78,1508.0
2025-04-01T01:00:00Z,78.71,1380.65
2025-04-01T01:30:00Z,76.61,1482.4
2025-04-01T02:00:00Z,74.4,1851.45
2025-04-01T02:30:00Z,78.1,1516.9
2025-04-01T03:00:00Z,78.64000000000001,1799.2
2025-04-01T03:30:00Z,78.31,2001.95
2025-04-01T04:00:00Z,83.71,2049.95
2025-04-01T04:30:00Z,82.5,2440.45
2025-04-01T05:00:00Z,103.38,1864.45
2025-04-01T05:30:00Z,111.51,1878.9
2025-04-01T06:00:00Z,117.07,2226.25
2025-04-01T06:30:00Z,120.58,2531.25
2025-04-01T07:00:00Z,93.62,2438.35
2025-04-01T07:30:00Z,94.03,2553.2
2025-04-01T08:00:00Z,91.21000000000001,2985.6
2025-04-01T08:30:00Z,90.22,3153.55
2025-04-01T09:00:00Z,90.17,3349.75
2025-04-01T09:30:00Z,86.08,3626.35
2025-04-01T10:00:00Z,73.78,3112.5
2025-04-01T10:30:00Z,68.04,3309.9
2025-04-01T11:00:00Z,61.190000000000005,3450.65
2025-04-01T11:30:00Z,44.93,3761.0
2025-04-01T12:00:00Z,22.83,4059.75
2025-04-01T12:30:00Z,20.89,3588.0
2025-04-01T13:00:00Z,13.73,3844.15
2025-04-01T13:30:00Z,12.84,3828.55
2025-04-01T14:00:00Z,12.96,3754.3
2025-04-01T14:30:00Z,12.36,4550.6
2025-04-01T15:00:00Z,17.06,4427.95
2025-04-01T15:30:00Z,30.08,4548.15
2025-04-01T16:00:00Z,54.89,4038.0
2025-04-01T16:30:00Z,78.96,3475.45
2025-04-01T17:00:00Z,92.19,3249.55
2025-04-01T17:30:00Z,95.46,3719.75
2025-04-01T18:00:00Z,100.04,2697.5
2025-04-01T18:30:00Z,99.15,3077.7
2025-04-01T19:00:00Z,90.58,2389.15
2025-04-01T19:30:00Z,84.21,2411.75
2025-04-01T20:00:00Z,70.49,2865.8
2025-04-01T20:30:00Z,59.940000000000005,2551.15
2025-04-01T21:00:00Z,64.82,3068.65
2025-04-01T21:30:00Z,44.52,3294.35
2025-04-01T22:00:00Z,12.58,2157.05
2025-04-01T22:30:00Z,0.6,2591.45
2025-04-01T23:00:00Z,0.26,2438.8
2025-04-01T23:30:00Z,0.3,2305.25
2025-04-02T00:00:00Z,-1.72,2513.0
2025-04-02T00:30:00Z,0.34,2522.6
2025-04-02T01:00:00Z,-7.410000000000001,2302.15
2025-04-02T01:30:00Z,-7.44,2171.45
2025-04-02T02:00:00Z,-8.18,1986.2
2025-04-02T02:30:00Z,-7.64,2091.7
2025-04-02T03:00:00Z,-3.29,2486.4
2025-04-02T03:30:00Z,1.6,2838.6
2025-04-02T04:00:00Z,40.27000000000001,3487.4
2025-04-02T04:30:00Z,62.47,2787.4
2025-04-02T05:00:00Z,98.32000000000001,3595.6
2025-04-02T05:30:00Z,108.40000000000002,2936.05
2025-04-02T06:00:00Z,116.72999999999999,2695.85
2025-04-02T06:30:00Z,122.53,2228.95
2025-04-02T07:00:00Z,127.04,2760.05
2025-04-02T07:30:00Z,127.73000000000002,2932.2
2025-04-02T08:00:00Z,105.3,4447.0
2025-04-02T08:30:00Z,96.03,4912.9
2025-04-02T09:00:00Z,52.78,3977.5
2025-04-02T09:30:00Z,29.69,3795.0
2025-04-02T10:00:00Z,-3.51,4134.3
2025-04-02T10:30:00Z,4.57,4893.85
2025-04-02T11:00:00Z,-8.94,4788.1
2025-04-02T11:30:00Z,-15.2,5263.15
2025-04-02T12:00:00Z,-9.52,5591.9
2025-04-02T12:30:00Z,-13.42,4739.7
2025-04-02T13:00:00Z,-11.66,4918.3
2025-04-02T13:30:00Z,-13.33,4957.85
2025-04-02T14:00:00Z,0.96,3731.15
2025-04-02T14:30:00Z,8.66,3599.35
2025-04-02T15:00:00Z,7.3,3344.9
2025-04-02T15:30:00Z,35.38,3903.35
2025-04-02T16:00:00Z,68.3,3448.15
2025-04-02T16:30:00Z,83.35,3266.3
2025-04-02T17:00:00Z,91.32,3501.2
2025-04-02T17:30:00Z,96.05,3224.35
2025-04-02T18:00:00Z,111.05000000000001,2903.55
2025-04-02T18:30:00Z,112.68,2968.65
2025-04-02T19:00:00Z,114.45,2716.05
2025-04-02T19:30:00Z,114.76000000000002,2758.95
2025-04-02T20:00:00Z,113.2,3110.7
2025-04-02T20:30:00Z,106.59,2999.7
2025-04-02T21:00:00Z,101.48,2856.35
2025-04-02T21:30:00Z,101.9,2846.05
2025-04-02T22:00:00Z,96.33,2160.6
2025-04-02T22:30:00Z,91.28,2458.0
2025-04-02T23:00:00Z,85.81,2128.65
2025-04-02T23:30:00Z,83.19,1997.25
2025-04-03T00:00:00Z,81.85,1658.05
2025-04-03T00:30:00Z,79.78,1595.1
2025-04-03T01:00:00Z,74.96,2191.8
2025-04-03T01:30:00Z,76.5,2132.55
2025-04-03T02:00:00Z,71.35,1869.75
2025-04-03T02:30:00Z,69.29,2156.65
2025-04-03T03:00:00Z,87.06,1872.15
2025-04-03T03:30:00Z,85.54,2059.8
2025-04-03T04:00:00Z,116.72,2038.2
2025-04-03T04:30:00Z,107.43,2513.2
2025-04-03T05:00:00Z,122.66,2973.85
2025-04-03T05:30:00Z,134.14,2741.0
2025-04-03T06:00:00Z,134.84,3864.6
2025-04-03T06:30:00Z,140.03,3952.0
2025-04-03T07:00:00Z,135.19,3507.45
2025-04-03T07:30:00Z,132.72,3041.4
2025-04-03T08:00:00Z,125.38,3876.0
2025-04-03T08:30:00Z,119.6,4303.45
2025-04-03T09:00:00Z,114.55,3836.4
2025-04-03T09:30:00Z,111.78,3777.95
2025-04-03T10:00:00Z,85.51000000000002,3877.2
2025-04-03T10:30:00Z,80.71999999999998,3928.25
2025-04-03T11:00:00Z,85.62,4092.05
2025-04-03T11:30:00Z,80.79,4122.6
2025-04-03T12:00:00Z,69.45,4872.2
2025-04-03T12:30:00Z,66.05,4817.4
2025-04-03T13:00:00Z,63.73,5697.15
2025-04-03T13:30:00Z,63.63000000000001,5036.7
2025-04-03T14:00:00Z,77.54,4149.45
2025-04-03T14:30:00Z,86.84,4069.25
2025-04-03T15:00:00Z,95.65,4600.95
2025-04-03T15:30:00Z,96.97,5192.65
2025-04-03T16:00:00Z,125.63,4280.15
2025-04-03T16:30:00Z,127.12999999999998,4377.55
2025-04-03T17:00:00Z,134.35,4807.05
2025-04-03T17:30:00Z,131.31,5534.4
2025-04-03T18:00:00Z,113.73,5030.1
2025-04-03T18:30:00Z,117.89,5192.0
2025-04-03T19:00:00Z,114.64,4476.25
2025-04-03T19:30:00Z,109.53,4369.4
2025-04-03T20:00:00Z,103.92,3747.5
2025-04-03T20:30:00Z,103.24,3422.85
2025-04-03T21:00:00Z,98.98,3162.25
2025-04-03T21:30:00Z,95.75999999999999,3396.95
2025-04-03T22:00:00Z,88.01,2390.45
2025-04-03T22:30:00Z,77.62,2476.05
2025-04-03T23:00:00Z,82.41,1676.2
2025-04-03T23:30:00Z,89.81,1887.7
2025-04-04T00:00:00Z,93.46,1968.35
2025-04-04T00:30:00Z,100.21,2067.15
2025-04-04T01:00:00Z,94.76,1980.85
2025-04-04T01:30:00Z,98.32,2063.15
2025-04-04T02:00:00Z,101.48,2214.45
2025-04-04T02:30:00Z,96.37,1991.2
2025-04-04T03:00:00Z,99.42,1939.95
2025-04-04T03:30:00Z,85.42,2053.9
2025-04-04T04:00:00Z,94.40999999999998,2858.55
2025-04-04T04:30:00Z,96.16,2909.9
2025-04-04T05:00:00Z,111.90000000000002,2940.3
2025-04-04T05:30:00Z,119.83,3032.8
2025-04-04T06:00:00Z,105.94,3745.35
2025-04-04T06:30:00Z,108.31000000000002,3791.1
2025-04-04T07:00:00Z,99.67,2991.5
2025-04-04T07:30:00Z,96.99999999999999,2850.9
2025-04-04T08:00:00Z,98.3,3442.25
2025-04-04T08:30:00Z,98.33,3467.9
2025-04-04T09:00:00Z,102.92,3983.15
2025-04-04T09:30:00Z,103.99,3833.9
2025-04-04T10:00:00Z,101.97,3942.4
2025-04-04T10:30:00Z,93.73,4002.05
2025-04-04T11:00:00Z,87.51,3765.2
2025-04-04T11:30:00Z,72.11,3453.55
2025-04-04T12:00:00Z,38.13,4108.5
2025-04-04T12:30:00Z,26.87,3787.05
2025-04-04T13:00:00Z,18.65,4003.35
2025-04-04T13:30:00Z,15.44,4197.1
2025-04-04T14:00:00Z,45.23,5608.4
2025-04-04T14:30:00Z,44.86,5115.6
2025-04-04T15:00:00Z,45.27,4459.6
2025-04-04T15:30:00Z,48.8,4846.7
2025-04-04T16:00:00Z,93.21,3490.7
2025-04-04T16:30:00Z,95.47,3603.9
2025-04-04T17:00:00Z,96.59000000000002,3380.15
2025-04-04T17:30:00Z,93.56,3400.35
2025-04-04T18:00:00Z,81.47,2514.25
2025-04-04T18:30:00Z,87.44,2761.8
2025-04-04T19:00:00Z,76.14,2547.65
2025-04-04T19:30:00Z,70.37,2526.35
2025-04-04T20:00:00Z,69.31,1773.95
2025-04-04T20:30:00Z,65.7,1565.05
2025-04-04T21:00:00Z,72.88,1740.55
2025-04-04T21:30:00Z,71.98,1808.4
2025-04-04T22:00:00Z,74.68,1710.05
2025-04-04T22:30:00Z,56.61,1897.25
2025-04-04T23:00:00Z,68.21,2020.95
2025-04-04T23:30:00Z,63.78999999999999,1971.25
2025-04-05T00:00:00Z,65.41,2155.15
2025-04-05T00:30:00Z,66.11,2537.8
2025-04-05T01:00:00Z,67.74,2460.4
2025-04-05T01:30:00Z,70.38,2520.25
2025-04-05T02:00:00Z,73.71,1704.65
2025-04-05T02:30:00Z,71.58,1800.75
2025-04-05T03:00:00Z,63.39000000000001,1865.8
2025-04-05T03:30:00Z,43.79,2075.45
2025-04-05T04:00:00Z,45.32,2236.95
2025-04-05T04:30:00Z,50.12,2311.35
2025-04-05T05:00:00Z,54.54,2508.35
2025-04-05T05:30:00Z,64.52,2988.1
2025-04-05T06:00:00Z,47.28,2727.4
2025-04-05T06:30:00Z,45.79,2901.3
2025-04-05T07:00:00Z,39.85,2865.5
2025-04-05T07:30:00Z,33.85,2844.2
2025-04-05T08:00:00Z,10.56,2585.0
2025-04-05T08:30:00Z,0.86,2409.1
2025-04-05T09:00:00Z,-7.26,2507.2
2025-04-05T09:30:00Z,-19.47,2544.35
2025-04-05T10:00:00Z,-44.9,2644.25
2025-04-05T10:30:00Z,-51.41,2515.7
2025-04-05T11:00:00Z,-61.89,2393.4
2025-04-05T11:30:00Z,-67.11,2535.35
2025-04-05T12:00:00Z,-67.41,2521.2
2025-04-05T12:30:00Z,-68.05,2116.35
2025-04-05T13:00:00Z,-68.67,2492.9
2025-04-05T13:30:00Z,-67.58,2512.2
2025-04-05T14:00:00Z,-31.429999999999996,2525.9
2025-04-05T14:30:00Z,-13.820000000000002,2807.2
2025-04-05T15:00:00Z,-18.36,2220.25
2025-04-05T15:30:00Z,17.35,2725.05
2025-04-05T16:00:00Z,45.5,2258.1
2025-04-05T16:30:00Z,69.09,2398.45
2025-04-05T17:00:00Z,79.79,2285.85
2025-04-05T17:30:00Z,89.26,2373.05
2025-04-05T18:00:00Z,95.83,2901.7
2025-04-05T18:30:00Z,100.3,2548.3
2025-04-05T19:00:00Z,101.62,1914.9
2025-04-05T19:30:00Z,103.39,2076.0
2025-04-05T20:00:00Z,95.19,1873.85
2025-04-05T20:30:00Z,79.82,1892.2
2025-04-05T21:00:00Z,87.74999999999999,1670.05
2025-04-05T21:30:00Z,86.55,2078.95
2025-04-05T22:00:00Z,71.4,1436.75
2025-04-05T22:30:00Z,64.86,1189.25
2025-04-05T23:00:00Z,54.85,1493.6
2025-04-05T23:30:00Z,46.64,1661.05
2025-04-06T00:00:00Z,38.85,1361.35
2025-04-06T00:30:00Z,33.8,1386.05
2025-04-06T01:00:00Z,16.91,1450.35
2025-04-06T01:30:00Z,13.040000000000001,1328.1
2025-04-06T02:00:00Z,13.78,1910.8
2025-04-06T02:30:00Z,14.23,1811.25
2025-04-06T03:00:00Z,16.22,1931.1
2025-04-06T03:30:00Z,21.06,1808.4
2025-04-06T04:00:00Z,28.54,1509.45
2025-04-06T04:30:00Z,38.74,1533.2
2025-04-06T05:00:00Z,44.02,1670.75
2025-04-06T05:30:00Z,47.44,1785.1
2025-04-06T06:00:00Z,59.89,1891.55
2025-04-06T06:30:00Z,61.57,1788.05
2025-04-06T07:00:00Z,55.16,1960.9
2025-04-06T07:30:00Z,53.74,2108.3
2025-04-06T08:00:00Z,33.34,2310.85
2025-04-06T08:30:00Z,26.61,2137.7
2025-04-06T09:00:00Z,10.34,2280.4
2025-04-06T09:30:00Z,4.32,2135.3
2025-04-06T10:00:00Z,-9.74,2044.9
2025-04-06T10:30:00Z,-12.03,2117.15
2025-04-06T11:00:00Z,-7.15,1992.45
2025-04-06T11:30:00Z,-8.19,2053.65
2025-04-06T12:00:00Z,-11.72,2387.8
2025-04-06T12:30:00Z,-5.38,2889.9
2025-04-06T13:00:00Z,-5.66,2336.85
2025-04-06T13:30:00Z,6.35,2365.85
2025-04-06T14:00:00Z,30.95,2679.45
2025-04-06T14:30:00Z,40.51,2477.15
2025-04-06T15:00:00Z,51.16,2650.9
2025-04-06T15:30:00Z,51.9,2497.45
2025-04-06T16:00:00Z,71.69,3325.25
2025-04-06T16:30:00Z,74.03,2973.4
2025-04-06T17:00:00Z,78.23,3342.6
2025-04-06T17:30:00Z,86.51,3531.8
2025-04-06T18:00:00Z,101.68,2636.85
2025-04-06T18:30:00Z,102.42,2931.7
2025-04-06T19:00:00Z,95.97,2434.6
2025-04-06T19:30:00Z,90.55,3051.9
2025-04-06T20:00:00Z,81.56,2591.2
2025-04-06T20:30:00Z,73.3,2821.65
2025-04-06T21:00:00Z,71.32,2306.9
2025-04-06T21:30:00Z,67.72,2640.3
2025-04-06T22:00:00Z,70.94,1846.95
2025-04-06T22:30:00Z,73.42,1836.75
2025-04-06T23:00:00Z,69.52,1877.35
2025-04-06T23:30:00Z,68.54,1546.6
2025-04-07T00:00:00Z,68.16,1491.0
2025-04-07T00:30:00Z,71.49,1648.1
2025-04-07T01:00:00Z,66.24,1719.25
2025-04-07T01:30:00Z,68.69,1756.55
2025-04-07T02:00:00Z,72.84,1103.4
2025-04-07T02:30:00Z,68.97,1024.95
2025-04-07T03:00:00Z,75.38,1072.45
2025-04-07T03:30:00Z,73.48,1145.95
2025-04-07T04:00:00Z,81.69,1455.0
2025-04-07T04:30:00Z,88.9,1733.65
2025-04-07T05:00:00Z,101.27,2178.15
2025-04-07T05:30:00Z,116.82,2047.2
2025-04-07T06:00:00Z,118.29,2478.55
2025-04-07T06:30:00Z,123.42,2844.95
2025-04-07T07:00:00Z,106.42,2174.4
2025-04-07T07:30:00Z,98.39,1961.85
2025-04-07T08:00:00Z,95.01,1998.65
2025-04-07T08:30:00Z,86.12,1852.55
2025-04-07T09:00:00Z,76.4,1484.25
2025-04-07T09:30:00Z,76.19,1743.1
2025-04-07T10:00:00Z,81.24,2558.3
2025-04-07T10:30:00Z,70.76,2153.25
2025-04-07T11:00:00Z,70.36,2335.4
2025-04-07T11:30:00Z,69.33,2277.55
2025-04-07T12:00:00Z,73.77,2730.65
2025-04-07T12:30:00Z,71.08,2533.05
2025-04-07T13:00:00Z,68.58,2433.8
2025-04-07T13:30:00Z,71.21,2720.0
2025-04-07T14:00:00Z,63.25,2049.2
2025-04-07T14:30:00Z,64.06,2340.5
2025-04-07T15:00:00Z,63.18,2614.65
2025-04-07T15:30:00Z,58.11999999999999,2902.95
2025-04-07T16:00:00Z,73.78,3813.5
2025-04-07T16:30:00Z,70.0,3526.05
2025-04-07T17:00:00Z,80.53,4812.2
2025-04-07T17:30:00Z,89.48,4323.55
2025-04-07T18:00:00Z,108.8,4359.55
2025-04-07T18:30:00Z,110.45,4644.65
2025-04-07T19:00:00Z,98.09,3755.5
2025-04-07T19:30:00Z,100.17,3489.35
2025-04-07T20:00:00Z,96.92999999999999,2881.8
2025-04-07T20:30:00Z,87.73,3224.75
2025-04-07T21:00:00Z,82.81,3259.35
2025-04-07T21:30:00Z,80.43,3285.7
2025-04-07T22:00:00Z,81.32,1437.2
2025-04-07T22:30:00Z,78.01,1338.9
2025-04-07T23:00:00Z,80.22,1343.45
2025-04-07T23:30:00Z,78.76,1254.3
2025-04-08T00:00:00Z,74.87,1006.4
2025-04-08T00:30:00Z,75.88,1245.85
2025-04-08T01:00:00Z,78.58,986.65
2025-04-08T01:30:00Z,79.53,1139.4
2025-04-08T02:00:00Z,82.65000000000002,815.9
2025-04-08T02:30:00Z,79.82,870.95
2025-04-08T03:00:00Z,77.34,857.7
2025-04-08T03:30:00Z,76.79,1185.5
2025-04-08T04:00:00Z,78.54,1063.55
2025-04-08T04:30:00Z,78.43,1281.3
2025-04-08T05:00:00Z,112.58,1718.4
2025-04-08T05:30:00Z,126.6,1842.35
2025-04-08T06:00:00Z,115.71,2088.7
2025-04-08T06:30:00Z,113.26999999999998,2398.15
2025-04-08T07:00:00Z,99.82,1932.15
2025-04-08T07:30:00Z,90.76,2071.85
2025-04-08T08:00:00Z,85.5,2359.45
2025-04-08T08:30:00Z,86.66,2352.85
2025-04-08T09:00:00Z,85.12,2263.15
2025-04-08T09:30:00Z,82.44,2000.55
2025-04-08T10:00:00Z,79.1,1846.2
2025-04-08T10:30:00Z,81.83,2925.1
2025-04-08T11:00:00Z,81.71,2889.0
2025-04-08T11:30:00Z,78.3,2635.9
2025-04-08T12:00:00Z,75.96,2481.5
2025-04-08T12:30:00Z,76.62,2328.7
2025-04-08T13:00:00Z,76.1,2773.1
2025-04-08T13:30:00Z,76.36,2751.4
2025-04-08T14:00:00Z,77.89,2842.4
2025-04-08T14:30:00Z,80.88,3452.1
2025-04-08T15:00:00Z,81.06,3220.25
2025-04-08T15:30:00Z,72.37,3590.95
2025-04-08T16:00:00Z,88.93,3395.15
2025-04-08T16:30:00Z,94.24,3256.5
2025-04-08T17:00:00Z,103.71,3189.4
2025-04-08T17:30:00Z,109.03,3395.4
2025-04-08T18:00:00Z,111.86000000000001,1882.45
2025-04-08T18:30:00Z,111.18,1655.9
2025-04-08T19:00:00Z,111.77,1619.0
2025-04-08T19:30:00Z,110.43000000000002,1348.05
2025-04-08T20:00:00Z,105.3,911.95
2025-04-08T20:30:00Z,89.47,1024.9
2025-04-08T21:00:00Z,92.53,1379.8
2025-04-08T21:30:00Z,95.27,1473.65
2025-04-08T22:00:00Z,90.02,1213.65
2025-04-08T22:30:00Z,90.52,1169.25
2025-04-08T23:00:00Z,87.57,1295.05
2025-04-08T23:30:00Z,84.32,1333.05
2025-04-09T00:00:00Z,83.23,1267.15
2025-04-09T00:30:00Z,83.6,1419.75
2025-04-09T01:00:00Z,82.26,1311.9
2025-04-09T01:30:00Z,80.71,1482.4
2025-04-09T02:00:00Z,88.54,1219.5
2025-04-09T02:30:00Z,89.64,1325.9
2025-04-09T03:00:00Z,88.14,1396.75
2025-04-09T03:30:00Z,84.49,1687.15
2025-04-09T04:00:00Z,88.09,1445.4
2025-04-09T04:30:00Z,87.32,1610.0
2025-04-09T05:00:00Z,91.0,2212.1
2025-04-09T05:30:00Z,106.93,2212.5
2025-04-09T06:00:00Z,100.81,2857.65
2025-04-09T06:30:00Z,111.32,2392.65
2025-04-09T07:00:00Z,94.88,2470.05
2025-04-09T07:30:00Z,87.39,2610.6
2025-04-09T08:00:00Z,83.81,3020.0
2025-04-09T08:30:00Z,83.42,3436.15
2025-04-09T09:00:00Z,91.72,3173.5
2025-04-09T09:30:00Z,96.32,3590.5
2025-04-09T10:00:00Z,94.31,3712.55
2025-04-09T10:30:00Z,92.79,4000.8
2025-04-09T11:00:00Z,92.94,3581.1
2025-04-09T11:30:00Z,93.18,3425.65
2025-04-09T12:00:00Z,86.56,3733.55
2025-04-09T12:30:00Z,82.08,3326.8
2025-04-09T13:00:00Z,80.37000000000002,3582.8
2025-04-09T13:30:00Z,81.56,3602.4
2025-04-09T14:00:00Z,81.96,3191.25
2025-04-09T14:30:00Z,83.41999999999999,3336.25
2025-04-09T15:00:00Z,82.99,2949.6
2025-04-09T15:30:00Z,80.07,3010.55
2025-04-09T16:00:00Z,83.16,2843.4
2025-04-09T16:30:00Z,90.2,2993.1
2025-04-09T17:00:00Z,103.72,2551.35
2025-04-09T17:30:00Z,103.52,2858.7
2025-04-09T18:00:00Z,98.60999999999999,2660.0
2025-04-09T18:30:00Z,101.82,2813.05
2025-04-09T19:00:00Z,98.84,2339.6
2025-04-09T19:30:00Z,93.88,2764.25
2025-04-09T20:00:00Z,84.95,2460.85
2025-04-09T20:30:00Z,82.03,2550.2
2025-04-09T21:00:00Z,82.27,3012.6
2025-04-09T21:30:00Z,80.5,2188.85
2025-04-09T22:00:00Z,72.27,1423.55
2025-04-09T22:30:00Z,70.96,1524.4
2025-04-09T23:00:00Z,70.37,1277.45
2025-04-09T23:30:00Z,68.59,1100.1
2025-04-10T00:00:00Z,68.52,1031.1
2025-04-10T00:30:00Z,69.08,1324.0
2025-04-10T01:00:00Z,67.54,1489.8
2025-04-10T01:30:00Z,65.55,1224.25
2025-04-10T02:00:00Z,67.05,1247.6
2025-04-10T02:30:00Z,66.93,1374.0
2025-04-10T03:00:00Z,74.10999999999999,1813.6
2025-04-10T03:30:00Z,72.39,1789.35
2025-04-10T04:00:00Z,81.63,1513.4
2025-04-10T04:30:00Z,82.83,1537.0
2025-04-10T05:00:00Z,91.61,2482.95
2025-04-10T05:30:00Z,111.38,2112.4
2025-04-10T06:00:00Z,120.40000000000002,2574.0
2025-04-10T06:30:00Z,126.48,2990.4
2025-04-10T07:00:00Z,113.24,2751.7
2025-04-10T07:30:00Z,107.23,2909.95
2025-04-10T08:00:00Z,100.75,3086.1
2025-04-10T08:30:00Z,94.44,3339.45
2025-04-10T09:00:00Z,89.45999999999998,3070.45
2025-04-10T09:30:00Z,94.79,3626.65
2025-04-10T10:00:00Z,83.11,3238.0
2025-04-10T10:30:00Z,77.65,2642.25
2025-04-10T11:00:00Z,74.95,2792.85
2025-04-10T11:30:00Z,72.43,3143.8
2025-04-10T12:00:00Z,67.13,3506.35
2025-04-10T12:30:00Z,64.25,3754.2
2025-04-10T13:00:00Z,62.45,3770.0
2025-04-10T13:30:00Z,61.12,3760.35
2025-04-10T14:00:00Z,56.18,3506.75
2025-04-10T14:30:00Z,54.79,4162.85
2025-04-10T15:00:00Z,60.17,4009.05
2025-04-10T15:30:00Z,70.18,4827.45
2025-04-10T16:00:00Z,71.61,3872.3
2025-04-10T16:30:00Z,68.53,3150.75
2025-04-10T17:00:00Z,92.38,4414.85
2025-04-10T17:30:00Z,95.07,4195.95
2025-04-10T18:00:00Z,96.52,3231.7
2025-04-10T18:30:00Z,101.44,3598.25
2025-04-10T19:00:00Z,87.97,2368.1
2025-04-10T19:30:00Z,83.67,2228.7
2025-04-10T20:00:00Z,85.09,2383.2
2025-04-10T20:30:00Z,82.99,2729.25
2025-04-10T21:00:00Z,75.06,1909.85
2025-04-10T21:30:00Z,71.81,2490.45
2025-04-10T22:00:00Z,77.61,1522.1
2025-04-10T22:30:00Z,74.72,1818.05
2025-04-10T23:00:00Z,71.76,1477.6
2025-04-10T23:30:00Z,70.21,1620.9
2025-04-11T00:00:00Z,68.77,1920.0
2025-04-11T00:30:00Z,70.01,1704.3
2025-04-11T01:00:00Z,68.03,1543.7
2025-04-11T01:30:00Z,65.28,1852.2
2025-04-11T02:00:00Z,64.72,1416.65
2025-04-11T02:30:00Z,64.94,1479.1
2025-04-11T03:00:00Z,68.71,1793.25
2025-04-11T03:30:00Z,70.34,1850.45
2025-04-11T04:00:00Z,72.49,1669.7
2025-04-11T04:30:00Z,73.34,1728.65
2025-04-11T05:00:00Z,91.68,2217.2
2025-04-11T05:30:00Z,99.7,2569.35
2025-04-11T06:00:00Z,106.53,2612.8
2025-04-11T06:30:00Z,109.79,3022.35
2025-04-11T07:00:00Z,106.49000000000001,2748.5
2025-04-11T07:30:00Z,99.75,3014.0
2025-04-11T08:00:00Z,73.03,1646.55
2025-04-11T08:30:00Z,66.0,2247.95
2025-04-11T09:00:00Z,66.04,2384.15
2025-04-11T09:30:00Z,68.22,2944.8
2025-04-11T10:00:00Z,61.87,2985.95
2025-04-11T10:30:00Z,59.71,3111.8
2025-04-11T11:00:00Z,61.2,3017.75
2025-04-11T11:30:00Z,61.35,3040.2
2025-04-11T12:00:00Z,59.39,3661.1
2025-04-11T12:30:00Z,59.33,4065.5
2025-04-11T13:00:00Z,63.88,4291.55
2025-04-11T13:30:00Z,64.21,4913.15
2025-04-11T14:00:00Z,68.99,3135.4
2025-04-11T14:30:00Z,72.55,3062.75
2025-04-11T15:00:00Z,78.55,2807.1
2025-04-11T15:30:00Z,75.29,3126.65
2025-04-11T16:00:00Z,84.89,2633.7
2025-04-11T16:30:00Z,79.18,3178.8
2025-04-11T17:00:00Z,82.13,2449.55
2025-04-11T17:30:00Z,95.35,2693.3
2025-04-11T18:00:00Z,96.79,2241.95
2025-04-11T18:30:00Z,100.22,2207.45
2025-04-11T19:00:00Z,98.81,2243.5
2025-04-11T19:30:00Z,95.43,2084.95
2025-04-11T20:00:00Z,88.55,2142.25
2025-04-11T20:30:00Z,81.24,2329.85
2025-04-11T21:00:00Z,81.24,2285.55
2025-04-11T21:30:00Z,79.19,2274.6
2025-04-11T22:00:00Z,76.2,1500.8
2025-04-11T22:30:00Z,85.96,1583.0
2025-04-11T23:00:00Z,81.44,936.5
2025-04-11T23:30:00Z,85.84,994.45
2025-04-12T00:00:00Z,82.78,888.8
2025-04-12T00:30:00Z,87.24,902.1
2025-04-12T01:00:00Z,88.37,1105.8
2025-04-12T01:30:00Z,86.49,975.85
2025-04-12T02:00:00Z,96.57,1318.95
2025-04-12T02:30:00Z,92.24000000000001,1427.7
2025-04-12T03:00:00Z,93.11999999999999,1413.75
2025-04-12T03:30:00Z,95.55000000000001,1398.9
2025-04-12T04:00:00Z,101.06,1571.9
2025-04-12T04:30:00Z,100.76000000000002,1528.15
2025-04-12T05:00:00Z,101.14,1573.7
2025-04-12T05:30:00Z,103.85999999999999,1739.9
2025-04-12T06:00:00Z,83.5,1922.5
2025-04-12T06:30:00Z,84.08,1907.05
2025-04-12T07:00:00Z,84.76,1897.75
2025-04-12T07:30:00Z,80.92000000000002,1766.3
2025-04-12T08:00:00Z,79.61,2062.95
2025-04-12T08:30:00Z,79.46,1972.7
2025-04-12T09:00:00Z,78.34,2230.6
2025-04-12T09:30:00Z,70.33,2198.35
2025-04-12T10:00:00Z,52.48,3080.8
2025-04-12T10:30:00Z,46.36,3079.25
2025-04-12T11:00:00Z,31.47,3200.35
2025-04-12T11:30:00Z,21.52,3189.5
2025-04-12T12:00:00Z,7.05,3006.3
2025-04-12T12:30:00Z,0.86,3067.2
2025-04-12T13:00:00Z,-3.3699999999999997,3465.65
2025-04-12T13:30:00Z,-2.1,3469.7
2025-04-12T14:00:00Z,-0.8600000000000001,2767.9
2025-04-12T14:30:00Z,12.690000000000001,2820.3
2025-04-12T15:00:00Z,33.77,2634.75
2025-04-12T15:30:00Z,42.11,2448.25
2025-04-12T16:00:00Z,81.26,3329.35
2025-04-12T16:30:00Z,75.32,3226.1
2025-04-12T17:00:00Z,78.95,3580.6
2025-04-12T17:30:00Z,85.0,2759.95
2025-04-12T18:00:00Z,80.09,2329.5
2025-04-12T18:30:00Z,83.93,2398.7
2025-04-12T19:00:00Z,77.33,2190.35
2025-04-12T19:30:00Z,85.06,2282.05
2025-04-12T20:00:00Z,85.87,1756.05
2025-04-12T20:30:00Z,80.22,1836.65
2025-04-12T21:00:00Z,77.96,1999.95
2025-04-12T21:30:00Z,77.1,1723.75
2025-04-12T22:00:00Z,64.76,2282.7
2025-04-12T22:30:00Z,70.17,2073.35
2025-04-12T23:00:00Z,72.58,2371.5
2025-04-12T23:30:00Z,71.39,2506.0
2025-04-13T00:00:00Z,72.78,2201.15
2025-04-13T00:30:00Z,74.22,2522.2
2025-04-13T01:00:00Z,76.47,2528.75
2025-04-13T01:30:00Z,67.41,2321.4
2025-04-13T02:00:00Z,40.97,2038.25
2025-04-13T02:30:00Z,31.21,1887.7
2025-04-13T03:00:00Z,23.01,2087.7
2025-04-13T03:30:00Z,19.44,2251.3
2025-04-13T04:00:00Z,18.56,2593.75
2025-04-13T04:30:00Z,36.7,2963.3
2025-04-13T05:00:00Z,43.63,3055.2
2025-04-13T05:30:00Z,45.5,3370.65
2025-04-13T06:00:00Z,62.67,2602.05
2025-04-13T06:30:00Z,67.47,2925.65
2025-04-13T07:00:00Z,71.05,3450.1
2025-04-13T07:30:00Z,80.75,3446.9
2025-04-13T08:00:00Z,81.96,3425.85
2025-04-13T08:30:00Z,83.66,3341.95
2025-04-13T09:00:00Z,82.23,3005.45
2025-04-13T09:30:00Z,78.51,3121.65
2025-04-13T10:00:00Z,81.38,2287.5
2025-04-13T10:30:00Z,81.28,2593.35
2025-04-13T11:00:00Z,77.54,2568.0
2025-04-13T11:30:00Z,72.65,2791.9
2025-04-13T12:00:00Z,59.69,2880.2
2025-04-13T12:30:00Z,58.61,2739.2
2025-04-13T13:00:00Z,48.94,3319.15
2025-04-13T13:30:00Z,45.41,2884.2
2025-04-13T14:00:00Z,31.530000000000005,3115.65
2025-04-13T14:30:00Z,37.49,3399.7
2025-04-13T15:00:00Z,62.41,3335.4
2025-04-13T15:30:00Z,79.36,2687.2
2025-04-13T16:00:00Z,78.92,2785.15
2025-04-13T16:30:00Z,79.16,2558.35
2025-04-13T17:00:00Z,81.18,2959.65
2025-04-13T17:30:00Z,77.63,2690.0
2025-04-13T18:00:00Z,84.21,2329.15
2025-04-13T18:30:00Z,84.66,2832.4
2025-04-13T19:00:00Z,84.7,2738.8
2025-04-13T19:30:00Z,80.85,3009.55
2025-04-13T20:00:00Z,68.98,2621.1
2025-04-13T20:30:00Z,66.22,2296.05
2025-04-13T21:00:00Z,67.14,2845.25
2025-04-13T21:30:00Z,76.64,2671.5
2025-04-13T22:00:00Z,84.63,1492.3
2025-04-13T22:30:00Z,86.86,1631.8
2025-04-13T23:00:00Z,96.42,1852.4
2025-04-13T23:30:00Z,88.68,1837.15
2025-04-14T00:00:00Z,85.31000000000002,1773.75
2025-04-14T00:30:00Z,86.09,1878.25
2025-04-14T01:00:00Z,85.32,2262.5
2025-04-14T01:30:00Z,77.67,2364.85
2025-04-14T02:00:00Z,79.04,2163.0
2025-04-14T02:30:00Z,75.69,1948.3
2025-04-14T03:00:00Z,84.73,2014.45
2025-04-14T03:30:00Z,75.93,1751.85
2025-04-14T04:00:00Z,80.95,1750.8
2025-04-14T04:30:00Z,75.99,1629.5
2025-04-14T05:00:00Z,80.0,2051.2
2025-04-14T05:30:00Z,80.74,2480.8
2025-04-14T06:00:00Z,92.36,2377.4
2025-04-14T06:30:00Z,99.57999999999998,2784.0
2025-04-14T07:00:00Z,75.32,2554.05
2025-04-14T07:30:00Z,51.33,2578.8
2025-04-14T08:00:00Z,69.81,3701.65
2025-04-14T08:30:00Z,69.63,3880.35
2025-04-14T09:00:00Z,55.91,3767.25
2025-04-14T09:30:00Z,54.35,4087.95
2025-04-14T10:00:00Z,44.72,3139.5
2025-04-14T10:30:00Z,42.49,2815.85
2025-04-14T11:00:00Z,51.87,3274.3
2025-04-14T11:30:00Z,51.05,3454.6
2025-04-14T12:00:00Z,61.14,3808.5
2025-04-14T12:30:00Z,63.87,3686.65
2025-04-14T13:00:00Z,63.76,3864.1
2025-04-14T13:30:00Z,64.31,3490.7
2025-04-14T14:00:00Z,78.74,2793.0
2025-04-14T14:30:00Z,79.52,2931.95
2025-04-14T15:00:00Z,83.14,3252.8
2025-04-14T15:30:00Z,74.54,3483.2
2025-04-14T16:00:00Z,87.42,2790.9
2025-04-14T16:30:00Z,87.42,2937.4
2025-04-14T17:00:00Z,95.92,3028.25
2025-04-14T17:30:00Z,102.25000000000001,3114.05
2025-04-14T18:00:00Z,94.43,3597.15
2025-04-14T18:30:00Z,96.48,2980.8
2025-04-14T19:00:00Z,83.79,2388.9
2025-04-14T19:30:00Z,82.04,2860.6
2025-04-14T20:00:00Z,80.74,3056.25
2025-04-14T20:30:00Z,78.29,2640.6
2025-04-14T21:00:00Z,76.42,3197.4
2025-04-14T21:30:00Z,79.87,3059.95
2025-04-14T22:00:00Z,76.96,1695.7
2025-04-14T22:30:00Z,77.32,1674.7
2025-04-14T23:00:00Z,78.63,1634.55
2025-04-14T23:30:00Z,81.91,1451.6
2025-04-15T00:00:00Z,84.36,1927.4
2025-04-15T00:30:00Z,87.39,1967.9
2025-04-15T01:00:00Z,83.4,1990.95
2025-04-15T01:30:00Z,78.61999999999999,1875.9
2025-04-15T02:00:00Z,75.79,1901.05
2025-04-15T02:30:00Z,73.61,2002.5
2025-04-15T03:00:00Z,73.68,1938.9
2025-04-15T03:30:00Z,72.65,1794.55
2025-04-15T04:00:00Z,74.49,1852.75
2025-04-15T04:30:00Z,82.47,2557.65
2025-04-15T05:00:00Z,77.19,2417.75
2025-04-15T05:30:00Z,72.9,2904.35
2025-04-15T06:00:00Z,71.8,2972.1
2025-04-15T06:30:00Z,89.23,2723.9
2025-04-15T07:00:00Z,99.15,2389.6
2025-04-15T07:30:00Z,100.77,2381.15
2025-04-15T08:00:00Z,98.41,3243.95
2025-04-15T08:30:00Z,98.05,3267.0
2025-04-15T09:00:00Z,99.46,3406.8
2025-04-15T09:30:00Z,100.03,3150.6
2025-04-15T10:00:00Z,100.0,2448.5
2025-04-15T10:30:00Z,91.33,2504.0
2025-04-15T11:00:00Z,95.71000000000001,3072.2
2025-04-15T11:30:00Z,98.44,3290.8
2025-04-15T12:00:00Z,88.22,3266.8
2025-04-15T12:30:00Z,88.29,3307.65
2025-04-15T13:00:00Z,92.53,3856.95
2025-04-15T13:30:00Z,92.11,3915.05
2025-04-15T14:00:00Z,98.25,4260.0
2025-04-15T14:30:00Z,99.44,4508.2
2025-04-15T15:00:00Z,91.59,4839.7
2025-04-15T15:30:00Z,96.61,4763.3
2025-04-15T16:00:00Z,99.41,4281.15
2025-04-15T16:30:00Z,99.16,4191.05
2025-04-15T17:00:00Z,101.29,3889.6
2025-04-15T17:30:00Z,98.25,3675.1
2025-04-15T18:00:00Z,88.31,3339.8
2025-04-15T18:30:00Z,89.74999999999999,3541.55
2025-04-15T19:00:00Z,88.24,3064.2
2025-04-15T19:30:00Z,87.13,3384.2
2025-04-15T20:00:00Z,93.96,3282.9
2025-04-15T20:30:00Z,85.96000000000001,3292.85
2025-04-15T21:00:00Z,90.41,3528.9
2025-04-15T21:30:00Z,87.84,3734.25
2025-04-15T22:00:00Z,76.55,3091.15
2025-04-15T22:30:00Z,79.26,3127.35
2025-04-15T23:00:00Z,82.74,2644.1
2025-04-15T23:30:00Z,82.35,2742.5
2025-04-16T00:00:00Z,79.1,2182.3
2025-04-16T00:30:00Z,79.15,1810.6
2025-04-16T01:00:00Z,82.6,2359.2
2025-04-16T01:30:00Z,74.33,2326.9
2025-04-16T02:00:00Z,81.69,2100.95
2025-04-16T02:30:00Z,78.59,2137.3
2025-04-16T03:00:00Z,74.31,2235.5
2025-04-16T03:30:00Z,72.89,2356.25
2025-04-16T04:00:00Z,71.6,2469.75
2025-04-16T04:30:00Z,65.32,2371.7
2025-04-16T05:00:00Z,85.38,2240.8
2025-04-16T05:30:00Z,89.11,2485.85
2025-04-16T06:00:00Z,106.81,3961.45
2025-04-16T06:30:00Z,110.32,3947.75
2025-04-16T07:00:00Z,108.3,4164.8
2025-04-16T07:30:00Z,108.76,4196.9
2025-04-16T08:00:00Z,105.24,4514.75
2025-04-16T08:30:00Z,102.59,4859.5
2025-04-16T09:00:00Z,95.43,4506.4
2025-04-16T09:30:00Z,87.52,4703.25
2025-04-16T10:00:00Z,64.4,4510.5
2025-04-16T10:30:00Z,60.96,4943.15
2025-04-16T11:00:00Z,66.51,5299.6
2025-04-16T11:30:00Z,67.56,5405.15
2025-04-16T12:00:00Z,67.21,5042.75
2025-04-16T12:30:00Z,62.37,4313.5
2025-04-16T13:00:00Z,65.45,4185.5
2025-04-16T13:30:00Z,67.93,4302.05
2025-04-16T14:00:00Z,83.23,2927.7
2025-04-16T14:30:00Z,88.11,3129.1
2025-04-16T15:00:00Z,78.1,2577.05
2025-04-16T15:30:00Z,76.25,2601.15
2025-04-16T16:00:00Z,76.73,3306.4
2025-04-16T16:30:00Z,82.12,3399.75
2025-04-16T17:00:00Z,85.75,3223.75
2025-04-16T17:30:00Z,84.02,3405.35
2025-04-16T18:00:00Z,90.69,3241.35
2025-04-16T18:30:00Z,94.16999999999999,3247.2
2025-04-16T19:00:00Z,83.14,2852.05
2025-04-16T19:30:00Z,85.8,2682.9
2025-04-16T20:00:00Z,81.68,3193.25
2025-04-16T20:30:00Z,84.82,3428.75
2025-04-16T21:00:00Z,82.04,2813.45
2025-04-16T21:30:00Z,79.23,2687.9
2025-04-16T22:00:00Z,71.29,2015.35
2025-04-16T22:30:00Z,72.44,1811.5
2025-04-16T23:00:00Z,72.08,1544.25
2025-04-16T23:30:00Z,68.38,1667.7
2025-04-17T00:00:00Z,67.52,2020.45
2025-04-17T00:30:00Z,70.98,2203.85
2025-04-17T01:00:00Z,69.33,2064.8
2025-04-17T01:30:00Z,68.6,2152.25
2025-04-17T02:00:00Z,56.73,2068.35
2025-04-17T02:30:00Z,55.5,2426.9
2025-04-17T03:00:00Z,61.449999999999996,2621.4
2025-04-17T03:30:00Z,59.71,2365.65
2025-04-17T04:00:00Z,92.46,1994.45
2025-04-17T04:30:00Z,90.74,2290.5
2025-04-17T05:00:00Z,92.87,2689.65
2025-04-17T05:30:00Z,107.43,2476.85
2025-04-17T06:00:00Z,106.12,2756.85
2025-04-17T06:30:00Z,113.11,2852.35
2025-04-17T07:00:00Z,114.41,2781.3
2025-04-17T07:30:00Z,106.43,3344.25
2025-04-17T08:00:00Z,96.82999999999998,3109.2
2025-04-17T08:30:00Z,94.05999999999999,3109.4
2025-04-17T09:00:00Z,90.21,3346.5
2025-04-17T09:30:00Z,84.11,2712.4
2025-04-17T10:00:00Z,76.26,2819.3
2025-04-17T10:30:00Z,80.07,3208.05
2025-04-17T11:00:00Z,74.85,3417.8
2025-04-17T11:30:00Z,75.73,3189.85
2025-04-17T12:00:00Z,76.36,3528.95
2025-04-17T12:30:00Z,72.92,4112.7
2025-04-17T13:00:00Z,75.38,3452.45
2025-04-17T13:30:00Z,76.95,3574.9
2025-04-17T14:00:00Z,87.6,2703.8
2025-04-17T14:30:00Z,90.44,3179.6
2025-04-17T15:00:00Z,91.01,3004.4
2025-04-17T15:30:00Z,86.37,3059.5
2025-04-17T16:00:00Z,89.7,2939.55
2025-04-17T16:30:00Z,98.37000000000002,2912.85
2025-04-17T17:00:00Z,105.04,2930.1
2025-04-17T17:30:00Z,107.79,2983.7
2025-04-17T18:00:00Z,105.9,2675.05
2025-04-17T18:30:00Z,106.0,2758.1
2025-04-17T19:00:00Z,98.26,2449.1
2025-04-17T19:30:00Z,100.75,2481.2
2025-04-17T20:00:00Z,103.26,2570.25
2025-04-17T20:30:00Z,92.11,2288.55
2025-04-17T21:00:00Z,91.27,2421.45
2025-04-17T21:30:00Z,91.56,2723.0
2025-04-17T22:00:00Z,83.32,1556.95
2025-04-17T22:30:00Z,81.47,1364.8
2025-04-17T23:00:00Z,85.55,1203.95
2025-04-17T23:30:00Z,79.72,1027.85
2025-04-18T00:00:00Z,80.68,968.65
2025-04-18T00:30:00Z,81.99,1051.8
2025-04-18T01:00:00Z,78.65,1097.95
2025-04-18T01:30:00Z,78.63,1197.55
2025-04-18T02:00:00Z,80.82,1407.0
2025-04-18T02:30:00Z,77.96,1474.15
2025-04-18T03:00:00Z,78.02,1657.8
2025-04-18T03:30:00Z,75.83,1790.1
2025-04-18T04:00:00Z,82.12,1093.15
2025-04-18T04:30:00Z,83.97,1504.85
2025-04-18T05:00:00Z,88.02,1526.1
2025-04-18T05:30:00Z,91.57,1643.8
2025-04-18T06:00:00Z,89.97,1768.2
2025-04-18T06:30:00Z,90.74,2270.4
2025-04-18T07:00:00Z,100.62,2441.5
2025-04-18T07:30:00Z,99.93,2572.2
2025-04-18T08:00:00Z,88.76,2613.1
2025-04-18T08:30:00Z,85.83,2742.6
2025-04-18T09:00:00Z,85.16,3094.6
2025-04-18T09:30:00Z,81.73,2735.35
2025-04-18T10:00:00Z,76.15,2510.8
2025-04-18T10:30:00Z,68.91,2862.35
2025-04-18T11:00:00Z,69.35,2802.15
2025-04-18T11:30:00Z,70.56,3003.15
2025-04-18T12:00:00Z,71.24,3184.6
2025-04-18T12:30:00Z,72.7,3545.55
2025-04-18T13:00:00Z,72.41,3739.75
2025-04-18T13:30:00Z,71.77,3467.1
2025-04-18T14:00:00Z,79.77,3427.9
2025-04-18T14:30:00Z,82.29,3538.65
2025-04-18T15:00:00Z,86.54,2848.4
2025-04-18T15:30:00Z,93.12,3186.45
2025-04-18T16:00:00Z,101.06000000000002,2681.7
2025-04-18T16:30:00Z,101.99,3282.8
2025-04-18T17:00:00Z,106.39,2783.2
2025-04-18T17:30:00Z,105.81,2607.2
2025-04-18T18:00:00Z,107.53000000000002,2879.15
2025-04-18T18:30:00Z,106.50000000000001,3206.4
2025-04-18T19:00:00Z,94.32,2949.35
2025-04-18T19:30:00Z,95.14,3009.0
2025-04-18T20:00:00Z,91.04,2659.65
2025-04-18T20:30:00Z,82.96,1925.0
2025-04-18T21:00:00Z,88.53,2123.4
2025-04-18T21:30:00Z,87.63,1714.85
2025-04-18T22:00:00Z,83.96999999999998,1590.9
2025-04-18T22:30:00Z,81.55,1597.6
2025-04-18T23:00:00Z,76.7,1536.0
2025-04-18T23:30:00Z,74.91,1171.7
2025-04-19T00:00:00Z,77.73,1116.15
2025-04-19T00:30:00Z,79.54,1260.1
2025-04-19T01:00:00Z,77.78,1122.25
2025-04-19T01:30:00Z,75.32,1297.3
2025-04-19T02:00:00Z,75.64,1070.85
2025-04-19T02:30:00Z,75.78,1350.75
2025-04-19T03:00:00Z,68.25,1689.65
2025-04-19T03:30:00Z,73.29,1718.8
2025-04-19T04:00:00Z,76.01,1345.25
2025-04-19T04:30:00Z,72.92,1864.1
2025-04-19T05:00:00Z,77.22,1814.5
2025-04-19T05:30:00Z,83.99,1873.35
2025-04-19T06:00:00Z,83.32,2015.85
2025-04-19T06:30:00Z,87.66000000000001,1744.0
2025-04-19T07:00:00Z,78.09,2246.05
2025-04-19T07:30:00Z,75.47,2546.15
2025-04-19T08:00:00Z,59.1,2571.35
2025-04-19T08:30:00Z,61.84,3170.3
2025-04-19T09:00:00Z,65.46,2510.6
2025-04-19T09:30:00Z,67.3,2837.95
2025-04-19T10:00:00Z,50.15,2286.35
2025-04-19T10:30:00Z,42.49,2003.1
2025-04-19T11:00:00Z,30.83,2063.0
2025-04-19T11:30:00Z,17.86,2591.65
2025-04-19T12:00:00Z,21.98,3451.7
2025-04-19T12:30:00Z,21.46,3438.1
2025-04-19T13:00:00Z,19.94,3166.4
2025-04-19T13:30:00Z,17.12,3192.75
2025-04-19T14:00:00Z,24.46,3240.6
2025-04-19T14:30:00Z,33.2,3281.55
2025-04-19T15:00:00Z,52.74,2864.15
2025-04-19T15:30:00Z,66.3,2880.65
2025-04-19T16:00:00Z,73.86,2861.05
2025-04-19T16:30:00Z,77.18,3047.85
2025-04-19T17:00:00Z,82.44,2123.4
2025-04-19T17:30:00Z,85.8,2109.55
2025-04-19T18:00:00Z,104.19,2141.95
2025-04-19T18:30:00Z,104.53,2373.85
2025-04-19T19:00:00Z,102.22,2182.85
2025-04-19T19:30:00Z,106.06,2531.25
2025-04-19T20:00:00Z,102.09,2060.85
2025-04-19T20:30:00Z,100.16,1850.55
2025-04-19T21:00:00Z,98.18,2138.85
2025-04-19T21:30:00Z,89.08,2455.6
2025-04-19T22:00:00Z,82.3,2146.3
2025-04-19T22:30:00Z,84.70999999999998,1783.5
2025-04-19T23:00:00Z,79.15,1637.45
2025-04-19T23:30:00Z,81.44,1522.6
2025-04-20T00:00:00Z,82.62,1080.6
2025-04-20T00:30:00Z,85.52,1212.0
2025-04-20T01:00:00Z,79.81,1202.65
2025-04-20T01:30:00Z,75.62,1245.5
2025-04-20T02:00:00Z,85.14,1112.15
2025-04-20T02:30:00Z,88.69,1265.55
2025-04-20T03:00:00Z,91.78,1376.65
2025-04-20T03:30:00Z,96.18,1521.6
2025-04-20T04:00:00Z,91.52,1378.95
2025-04-20T04:30:00Z,89.18,1726.6
2025-04-20T05:00:00Z,79.45,1639.35
2025-04-20T05:30:00Z,81.07000000000001,1801.95
2025-04-20T06:00:00Z,84.38,1490.6
2025-04-20T06:30:00Z,91.8,1793.55
2025-04-20T07:00:00Z,91.61,1820.0
2025-04-20T07:30:00Z,92.35999999999999,1669.3
2025-04-20T08:00:00Z,95.77000000000001,1487.75
2025-04-20T08:30:00Z,97.57,1809.55
2025-04-20T09:00:00Z,96.98,1884.5
2025-04-20T09:30:00Z,90.73,1929.8
2025-04-20T10:00:00Z,79.89,2437.5
2025-04-20T10:30:00Z,76.95,2540.6
2025-04-20T11:00:00Z,76.98,2443.6
2025-04-20T11:30:00Z,75.77,2562.8
2025-04-20T12:00:00Z,73.36,2820.7
2025-04-20T12:30:00Z,73.28,2849.4
2025-04-20T13:00:00Z,72.71,3351.45
2025-04-20T13:30:00Z,73.96,3308.8
2025-04-20T14:00:00Z,74.43,1949.6
2025-04-20T14:30:00Z,74.98,2031.2
2025-04-20T15:00:00Z,90.21,2869.45
2025-04-20T15:30:00Z,98.39,3184.05
2025-04-20T16:00:00Z,102.24000000000001,2717.6
2025-04-20T16:30:00Z,104.04,2836.85
2025-04-20T17:00:00Z,106.22,2684.2
2025-04-20T17:30:00Z,107.71,2582.3
2025-04-20T18:00:00Z,109.56000000000002,2552.35
2025-04-20T18:30:00Z,109.68,2743.8
2025-04-20T19:00:00Z,103.68,2517.3
2025-04-20T19:30:00Z,103.81,2677.2
2025-04-20T20:00:00Z,99.83,2274.15
2025-04-20T20:30:00Z,90.51,2035.1
2025-04-20T21:00:00Z,98.29,2443.0
2025-04-20T21:30:00Z,93.49,2043.7
2025-04-20T22:00:00Z,88.63,1393.55
2025-04-20T22:30:00Z,88.31,1163.3
2025-04-20T23:00:00Z,88.76,829.05
2025-04-20T23:30:00Z,85.69,1012.45
2025-04-21T00:00:00Z,81.61,958.65
2025-04-21T00:30:00Z,83.09,1036.0
2025-04-21T01:00:00Z,86.03,1058.65
2025-04-21T01:30:00Z,79.96,771.0
2025-04-21T02:00:00Z,84.75,702.05
2025-04-21T02:30:00Z,83.4,612.7
2025-04-21T03:00:00Z,86.24,715.65
2025-04-21T03:30:00Z,85.63,708.3
2025-04-21T04:00:00Z,89.44,598.1
2025-04-21T04:30:00Z,95.72,693.7
2025-04-21T05:00:00Z,86.25,1163.25
2025-04-21T05:30:00Z,91.7,1255.55
2025-04-21T06:00:00Z,88.81,1221.55
2025-04-21T06:30:00Z,91.66,1553.8
2025-04-21T07:00:00Z,87.46000000000001,1725.6
2025-04-21T07:30:00Z,89.84,1786.55
2025-04-21T08:00:00Z,98.19,1591.25
2025-04-21T08:30:00Z,99.72,1516.05
2025-04-21T09:00:00Z,100.78,1395.4
2025-04-21T09:30:00Z,99.82,1545.2
2025-04-21T10:00:00Z,98.84,1250.3
2025-04-21T10:30:00Z,99.48,1194.7
2025-04-21T11:00:00Z,99.39,1296.3
2025-04-21T11:30:00Z,98.34,1292.3
2025-04-21T12:00:00Z,94.74,1338.05
2025-04-21T12:30:00Z,93.16,1436.3
2025-04-21T13:00:00Z,92.96,1704.25
2025-04-21T13:30:00Z,90.77,1910.05
2025-04-21T14:00:00Z,93.44,2086.5
2025-04-21T14:30:00Z,95.69,1887.3
2025-04-21T15:00:00Z,94.1,2223.8
2025-04-21T15:30:00Z,89.94,2575.5
2025-04-21T16:00:00Z,100.47,1937.45
2025-04-21T16:30:00Z,97.43999999999998,1935.9
2025-04-21T17:00:00Z,104.78,1896.75
2025-04-21T17:30:00Z,104.85,2112.6
2025-04-21T18:00:00Z,108.11000000000001,1567.8
2025-04-21T18:30:00Z,105.90000000000002,1764.05
2025-04-21T19:00:00Z,104.25,1697.85
2025-04-21T19:30:00Z,102.06999999999998,1594.7
2025-04-21T20:00:00Z,95.07,1749.9
2025-04-21T20:30:00Z,93.04,1581.45
2025-04-21T21:00:00Z,89.05,1727.35
2025-04-21T21:30:00Z,84.83,2208.75
2025-04-21T22:00:00Z,89.52000000000001,775.3
2025-04-21T22:30:00Z,82.78,728.75
2025-04-21T23:00:00Z,80.05,695.2
2025-04-21T23:30:00Z,85.91,915.85
2025-04-22T00:00:00Z,74.19,974.65
2025-04-22T00:30:00Z,74.99,996.1
2025-04-22T01:00:00Z,73.78,1058.3
2025-04-22T01:30:00Z,71.3,1335.85
2025-04-22T02:00:00Z,76.18,1039.75
2025-04-22T02:30:00Z,72.17,977.3
2025-04-22T03:00:00Z,72.31,806.65
2025-04-22T03:30:00Z,73.74,943.35
2025-04-22T04:00:00Z,78.96,733.3
2025-04-22T04:30:00Z,77.31,1138.7
2025-04-22T05:00:00Z,100.32,1280.55
2025-04-22T05:30:00Z,103.55999999999999,1283.95
2025-04-22T06:00:00Z,120.07000000000001,1939.2
2025-04-22T06:30:00Z,123.98,2091.15
2025-04-22T07:00:00Z,99.12,1615.85
2025-04-22T07:30:00Z,91.46,1891.4
2025-04-22T08:00:00Z,81.95,1817.75
2025-04-22T08:30:00Z,78.38,1922.05
2025-04-22T09:00:00Z,80.01,1761.95
2025-04-22T09:30:00Z,76.51,2267.95
2025-04-22T10:00:00Z,72.48,2276.15
2025-04-22T10:30:00Z,71.89,2360.75
2025-04-22T11:00:00Z,70.87,1897.9
2025-04-22T11:30:00Z,71.54,1952.1
2025-04-22T12:00:00Z,73.79,2527.8
2025-04-22T12:30:00Z,72.46,2236.9
2025-04-22T13:00:00Z,71.51,2648.55
2025-04-22T13:30:00Z,73.22,2842.1
2025-04-22T14:00:00Z,77.54,2213.3
2025-04-22T14:30:00Z,77.13,2481.4
2025-04-22T15:00:00Z,76.48,2617.05
2025-04-22T15:30:00Z,76.45,2780.2
2025-04-22T16:00:00Z,84.7,2829.1
2025-04-22T16:30:00Z,84.99,3352.2
2025-04-22T17:00:00Z,96.12,3541.45
2025-04-22T17:30:00Z,98.91000000000001,3334.1
2025-04-22T18:00:00Z,104.41000000000001,2613.2
2025-04-22T18:30:00Z,105.08,2477.7
2025-04-22T19:00:00Z,106.56,2415.2
2025-04-22T19:30:00Z,106.57,2397.1
2025-04-22T20:00:00Z,100.9,2014.75
2025-04-22T20:30:00Z,96.03,2034.4
2025-04-22T21:00:00Z,86.17,2530.1
2025-04-22T21:30:00Z,75.79,2421.9
2025-04-22T22:00:00Z,74.49,1319.3
2025-04-22T22:30:00Z,68.83,1426.85
2025-04-22T23:00:00Z,70.25,1294.1
2025-04-22T23:30:00Z,70.61,1198.9
2025-04-23T00:00:00Z,68.1,1644.9
2025-04-23T00:30:00Z,69.13,1796.95
2025-04-23T01:00:00Z,68.93,1666.15
2025-04-23T01:30:00Z,68.33,1849.85
2025-04-23T02:00:00Z,70.25,1611.4
2025-04-23T02:30:00Z,71.41,1582.95
2025-04-23T03:00:00Z,68.98,1469.2
2025-04-23T03:30:00Z,69.06,1612.85
2025-04-23T04:00:00Z,74.79,1384.25
2025-04-23T04:30:00Z,69.77,1703.65
2025-04-23T05:00:00Z,76.66,1484.85
2025-04-23T05:30:00Z,90.42,1981.5
2025-04-23T06:00:00Z,81.13,2301.2
2025-04-23T06:30:00Z,93.88,2804.25
2025-04-23T07:00:00Z,87.55,2000.85
2025-04-23T07:30:00Z,85.92,2121.4
2025-04-23T08:00:00Z,82.03,1837.05
2025-04-23T08:30:00Z,76.36,1580.7
2025-04-23T09:00:00Z,73.91,1819.6
2025-04-23T09:30:00Z,74.39,2314.8
2025-04-23T10:00:00Z,73.92,2695.9
2025-04-23T10:30:00Z,73.39,2447.6
2025-04-23T11:00:00Z,73.93,2515.35
2025-04-23T11:30:00Z,72.67,2280.05
2025-04-23T12:00:00Z,70.21,2407.25
2025-04-23T12:30:00Z,71.87,2633.75
2025-04-23T13:00:00Z,74.21,3088.9
2025-04-23T13:30:00Z,71.92,3142.75
2025-04-23T14:00:00Z,70.62,2497.7
2025-04-23T14:30:00Z,71.41,2574.65
2025-04-23T15:00:00Z,88.68,2364.35
2025-04-23T15:30:00Z,86.61,2513.25
2025-04-23T16:00:00Z,102.36,3045.55
2025-04-23T16:30:00Z,105.52,3212.6
2025-04-23T17:00:00Z,112.67,3224.0
2025-04-23T17:30:00Z,115.54,3025.95
2025-04-23T18:00:00Z,118.18,2829.15
2025-04-23T18:30:00Z,119.03,2871.65
2025-04-23T19:00:00Z,109.76,3329.55
2025-04-23T19:30:00Z,107.55000000000001,3098.3
2025-04-23T20:00:00Z,100.65,2813.75
2025-04-23T20:30:00Z,84.42,2356.85
2025-04-23T21:00:00Z,85.66,2435.85
2025-04-23T21:30:00Z,85.44,2258.6
2025-04-23T22:00:00Z,82.46,1613.9
2025-04-23T22:30:00Z,71.74,1685.45
2025-04-23T23:00:00Z,71.49,1480.65
2025-04-23T23:30:00Z,67.68,1761.0
2025-04-24T00:00:00Z,67.97,1762.3
2025-04-24T00:30:00Z,71.94,2165.3
2025-04-24T01:00:00Z,74.91,2024.2
2025-04-24T01:30:00Z,69.78,1724.65
2025-04-24T02:00:00Z,67.86,1827.0
2025-04-24T02:30:00Z,69.28,2089.05
2025-04-24T03:00:00Z,68.13,1832.1
2025-04-24T03:30:00Z,64.56,1882.0
2025-04-24T04:00:00Z,71.81,1386.0
2025-04-24T04:30:00Z,63.46,1879.75
2025-04-24T05:00:00Z,67.71,1773.15
2025-04-24T05:30:00Z,81.58,1988.15
2025-04-24T06:00:00Z,85.11,2234.8
2025-04-24T06:30:00Z,89.32,2211.95
2025-04-24T07:00:00Z,80.76,2291.95
2025-04-24T07:30:00Z,81.63,2402.9
2025-04-24T08:00:00Z,82.54,2531.35
2025-04-24T08:30:00Z,79.34,2521.55
2025-04-24T09:00:00Z,81.73,2669.0
2025-04-24T09:30:00Z,79.82,2589.75
2025-04-24T10:00:00Z,81.64,3050.05
2025-04-24T10:30:00Z,76.75,3138.65
2025-04-24T11:00:00Z,69.89,3145.45
2025-04-24T11:30:00Z,73.0,3010.2
2025-04-24T12:00:00Z,76.43,3122.3
2025-04-24T12:30:00Z,71.1,2872.05
2025-04-24T13:00:00Z,69.32,2799.65
2025-04-24T13:30:00Z,69.81,2952.6
2025-04-24T14:00:00Z,66.72,2158.15
2025-04-24T14:30:00Z,66.4,2769.4
2025-04-24T15:00:00Z,67.87,3365.6
2025-04-24T15:30:00Z,69.1,3029.05
2025-04-24T16:00:00Z,74.91,3259.75
2025-04-24T16:30:00Z,79.65,3311.6
2025-04-24T17:00:00Z,77.91,3308.85
2025-04-24T17:30:00Z,82.01,3159.55
2025-04-24T18:00:00Z,90.62999999999998,3328.65
2025-04-24T18:30:00Z,89.49,3460.15
2025-04-24T19:00:00Z,90.64,3000.0
2025-04-24T19:30:00Z,90.08,2892.75
2025-04-24T20:00:00Z,91.53,2226.5
2025-04-24T20:30:00Z,82.73,2020.0
2025-04-24T21:00:00Z,84.33,2216.55
2025-04-24T21:30:00Z,84.64,2162.65
2025-04-24T22:00:00Z,78.66,1459.2
2025-04-24T22:30:00Z,81.74,1284.8
2025-04-24T23:00:00Z,80.11,1395.8
2025-04-24T23:30:00Z,75.2,1261.75
2025-04-25T00:00:00Z,76.01,1679.95
2025-04-25T00:30:00Z,74.33,1657.8
2025-04-25T01:00:00Z,73.81,1752.55
2025-04-25T01:30:00Z,72.53,1774.7
2025-04-25T02:00:00Z,74.99,1870.0
2025-04-25T02:30:00Z,75.55,2161.15
2025-04-25T03:00:00Z,78.78,2012.1
2025-04-25T03:30:00Z,76.15,1906.55
2025-04-25T04:00:00Z,84.12,1632.65
2025-04-25T04:30:00Z,87.21000000000001,1511.3
2025-04-25T05:00:00Z,102.71,1899.15
2025-04-25T05:30:00Z,108.43,2135.25
2025-04-25T06:00:00Z,117.63000000000001,2694.7
2025-04-25T06:30:00Z,120.92,3079.05
2025-04-25T07:00:00Z,116.00999999999999,2946.15
2025-04-25T07:30:00Z,115.63000000000001,2890.65
2025-04-25T08:00:00Z,97.25,2382.25
2025-04-25T08:30:00Z,85.8,2527.6
2025-04-25T09:00:00Z,74.75,1867.45
2025-04-25T09:30:00Z,72.8,2484.15
2025-04-25T10:00:00Z,72.61,1459.3
2025-04-25T10:30:00Z,69.24,1418.8
2025-04-25T11:00:00Z,71.36,1390.45
2025-04-25T11:30:00Z,71.47,1522.05
2025-04-25T12:00:00Z,70.06,1623.8
2025-04-25T12:30:00Z,68.38,1521.0
2025-04-25T13:00:00Z,67.34,1508.0
2025-04-25T13:30:00Z,67.08,1349.35
2025-04-25T14:00:00Z,68.12920281950156,1191.7
2025-04-25T14:30:00Z,70.01,1427.45
2025-04-25T15:00:00Z,68.3,1773.3
2025-04-25T15:30:00Z,66.48,2071.05
2025-04-25T16:00:00Z,85.78,2960.4
2025-04-25T16:30:00Z,93.06000000000002,2969.25
2025-04-25T17:00:00Z,102.09,2956.95
2025-04-25T17:30:00Z,103.67999999999999,3057.65
2025-04-25T18:00:00Z,108.58,2564.0
2025-04-25T18:30:00Z,109.2,2490.9
2025-04-25T19:00:00Z,100.9,2063.15
2025-04-25T19:30:00Z,99.17,2121.55
2025-04-25T20:00:00Z,92.36,1732.8
2025-04-25T20:30:00Z,84.64,1690.8
2025-04-25T21:00:00Z,86.78,1896.75
2025-04-25T21:30:00Z,86.35,1885.0
2025-04-25T22:00:00Z,78.38,1822.05
2025-04-25T22:30:00Z,81.98,1182.2
2025-04-25T23:00:00Z,86.49,926.95
2025-04-25T23:30:00Z,84.34999999999998,916.3
2025-04-26T00:00:00Z,79.65,1151.25
2025-04-26T00:30:00Z,80.68,1156.9
2025-04-26T01:00:00Z,82.74,928.3
2025-04-26T01:30:00Z,76.83,1056.1
2025-04-26T02:00:00Z,79.38,946.9
2025-04-26T02:30:00Z,79.77,984.7
2025-04-26T03:00:00Z,81.0,1180.45
2025-04-26T03:30:00Z,82.85,1026.1
2025-04-26T04:00:00Z,84.3,981.45
2025-04-26T04:30:00Z,84.92,1026.15
2025-04-26T05:00:00Z,84.46,1319.25
2025-04-26T05:30:00Z,86.07,1427.4
2025-04-26T06:00:00Z,87.49000000000001,1828.65
2025-04-26T06:30:00Z,97.34,1518.15
2025-04-26T07:00:00Z,102.14,1508.8
2025-04-26T07:30:00Z,102.43000000000002,1409.4
2025-04-26T08:00:00Z,101.58999999999999,1510.95
2025-04-26T08:30:00Z,101.41000000000001,1751.4
2025-04-26T09:00:00Z,100.54,1721.85
2025-04-26T09:30:00Z,92.72,1946.7
2025-04-26T10:00:00Z,77.92,1856.25
2025-04-26T10:30:00Z,71.06,1760.55
2025-04-26T11:00:00Z,70.28,1769.0
2025-04-26T11:30:00Z,66.92,2229.15
2025-04-26T12:00:00Z,61.97,2047.3
2025-04-26T12:30:00Z,60.44,2226.75
2025-04-26T13:00:00Z,60.15,2436.9
2025-04-26T13:30:00Z,59.27,2425.3
2025-04-26T14:00:00Z,54.85,1832.95
2025-04-26T14:30:00Z,57.19,1738.95
2025-04-26T15:00:00Z,59.98,2176.6
2025-04-26T15:30:00Z,62.370000000000005,2423.8
2025-04-26T16:00:00Z,75.67,2159.85
2025-04-26T16:30:00Z,82.19,2325.65
2025-04-26T17:00:00Z,85.48,2500.35
2025-04-26T17:30:00Z,87.2,2506.7
2025-04-26T18:00:00Z,94.52,2004.05
2025-04-26T18:30:00Z,95.0,2234.75
2025-04-26T19:00:00Z,96.35,2230.05
2025-04-26T19:30:00Z,95.05,2441.85
2025-04-26T20:00:00Z,87.58,1888.55
2025-04-26T20:30:00Z,79.04,1571.1
2025-04-26T21:00:00Z,76.01,1852.3
2025-04-26T21:30:00Z,71.11,2109.3
2025-04-26T22:00:00Z,79.35,1636.7
2025-04-26T22:30:00Z,77.32,1391.3
2025-04-26T23:00:00Z,67.22,1512.05
2025-04-26T23:30:00Z,69.43,1840.2
2025-04-27T00:00:00Z,65.11,1318.95
2025-04-27T00:30:00Z,60.8,1391.55
2025-04-27T01:00:00Z,62.06,1397.75
2025-04-27T01:30:00Z,58.72,1186.7
2025-04-27T02:00:00Z,59.3,1339.35
2025-04-27T02:30:00Z,62.93,1773.8
2025-04-27T03:00:00Z,66.25,1769.95
2025-04-27T03:30:00Z,60.56,1765.55
2025-04-27T04:00:00Z,64.03,1332.35
2025-04-27T04:30:00Z,62.87,1360.95
2025-04-27T05:00:00Z,57.86000000000001,1508.95
2025-04-27T05:30:00Z,58.18,1357.45
2025-04-27T06:00:00Z,26.75,1332.1
2025-04-27T06:30:00Z,22.14,1474.5
2025-04-27T07:00:00Z,19.31,1356.85
2025-04-27T07:30:00Z,29.63,1963.6
2025-04-27T08:00:00Z,39.42999999999999,1827.65
2025-04-27T08:30:00Z,27.72,2224.2
2025-04-27T09:00:00Z,15.77,2225.75
2025-04-27T09:30:00Z,-5.37,2059.85
2025-04-27T10:00:00Z,-11.66,2170.05
2025-04-27T10:30:00Z,-11.99,2469.55
2025-04-27T11:00:00Z,-4.54,2729.85
2025-04-27T11:30:00Z,-12.020000000000001,2816.55
2025-04-27T12:00:00Z,-24.68,2414.8
2025-04-27T12:30:00Z,-27.750000000000004,2448.8
2025-04-27T13:00:00Z,-30.199999999999996,2203.45
2025-04-27T13:30:00Z,-35.48,2243.4
2025-04-27T14:00:00Z,-12.740000000000002,2862.15
2025-04-27T14:30:00Z,-8.24,2545.05
2025-04-27T15:00:00Z,-6.2700000000000005,2853.05
2025-04-27T15:30:00Z,-3.99,2388.15
2025-04-27T16:00:00Z,59.82,3408.3
2025-04-27T16:30:00Z,66.44,3299.8
2025-04-27T17:00:00Z,73.69,2787.4
2025-04-27T17:30:00Z,73.21,2734.3
2025-04-27T18:00:00Z,86.19,2852.7
2025-04-27T18:30:00Z,87.09,2558.4
2025-04-27T19:00:00Z,79.81,3050.8
2025-04-27T19:30:00Z,81.33,2840.6
2025-04-27T20:00:00Z,84.41,2663.8
2025-04-27T20:30:00Z,75.2,2711.75
2025-04-27T21:00:00Z,77.41,2362.6
2025-04-27T21:30:00Z,72.48,2718.35
2025-04-27T22:00:00Z,59.79,1749.8
2025-04-27T22:30:00Z,62.69,1886.6
2025-04-27T23:00:00Z,59.82,2162.15
2025-04-27T23:30:00Z,54.82,2399.4
2025-04-28T00:00:00Z,59.1,2390.3
2025-04-28T00:30:00Z,66.94,2612.95
2025-04-28T01:00:00Z,64.32,2974.15
2025-04-28T01:30:00Z,62.32,3259.2
2025-04-28T02:00:00Z,70.18,2526.75
2025-04-28T02:30:00Z,71.39,2349.85
2025-04-28T03:00:00Z,75.48,2082.2
2025-04-28T03:30:00Z,77.28,1877.25
2025-04-28T04:00:00Z,86.65,1992.15
2025-04-28T04:30:00Z,84.45,2023.45
2025-04-28T05:00:00Z,93.4,2376.95
2025-04-28T05:30:00Z,101.73,2606.3
2025-04-28T06:00:00Z,88.77,3415.85
2025-04-28T06:30:00Z,92.17,3312.95
2025-04-28T07:00:00Z,91.17,2311.05
2025-04-28T07:30:00Z,85.13,2064.5
2025-04-28T08:00:00Z,75.83,1928.3
2025-04-28T08:30:00Z,71.3,1961.3
2025-04-28T09:00:00Z,64.26,1682.05
2025-04-28T09:30:00Z,62.36,2158.8
2025-04-28T10:00:00Z,58.18000000000001,3084.3
2025-04-28T10:30:00Z,58.82,3257.05
2025-04-28T11:00:00Z,63.27,3620.65
2025-04-28T11:30:00Z,64.1,3546.35
2025-04-28T12:00:00Z,63.15,3247.9
2025-04-28T12:30:00Z,65.24,3212.9
2025-04-28T13:00:00Z,65.61,3367.5
2025-04-28T13:30:00Z,65.54,3730.05
2025-04-28T14:00:00Z,73.45,2358.8
2025-04-28T14:30:00Z,75.95,2643.7
2025-04-28T15:00:00Z,83.7,2841.5
2025-04-28T15:30:00Z,77.75,3166.5
2025-04-28T16:00:00Z,99.33,3260.85
2025-04-28T16:30:00Z,100.70000000000002,3139.55
2025-04-28T17:00:00Z,119.65,3525.9
2025-04-28T17:30:00Z,123.67,3756.15
2025-04-28T18:00:00Z,144.99,4626.75
2025-04-28T18:30:00Z,151.52,5169.9
2025-04-28T19:00:00Z,130.24,4606.65
2025-04-28T19:30:00Z,126.67000000000002,4634.3
2025-04-28T20:00:00Z,107.47,3347.05
2025-04-28T20:30:00Z,100.62,3246.15
2025-04-28T21:00:00Z,98.86,3489.95
2025-04-28T21:30:00Z,90.15,3652.3
2025-04-28T22:00:00Z,88.08,2370.3
2025-04-28T22:30:00Z,91.58,1852.7
2025-04-28T23:00:00Z,79.58,1983.7
2025-04-28T23:30:00Z,77.66,2019.0
2025-04-29T00:00:00Z,82.25,1970.4
2025-04-29T00:30:00Z,86.16,2121.05
2025-04-29T01:00:00Z,81.47,2120.75
2025-04-29T01:30:00Z,78.39,2290.65
2025-04-29T02:00:00Z,77.06,2131.25
2025-04-29T02:30:00Z,78.71,2233.85
2025-04-29T03:00:00Z,81.82,1975.2
2025-04-29T03:30:00Z,80.3,2155.65
2025-04-29T04:00:00Z,87.31,1943.0
2025-04-29T04:30:00Z,96.88,2351.7
2025-04-29T05:00:00Z,102.61,2056.75
2025-04-29T05:30:00Z,107.9,2286.55
2025-04-29T06:00:00Z,108.56,1941.75
2025-04-29T06:30:00Z,106.31,2187.0
2025-04-29T07:00:00Z,103.63,2344.1
2025-04-29T07:30:00Z,96.84,2104.1
2025-04-29T08:00:00Z,85.94,2540.2
2025-04-29T08:30:00Z,75.73,2279.2
2025-04-29T09:00:00Z,80.39,2295.2
2025-04-29T09:30:00Z,82.46,2729.45
2025-04-29T10:00:00Z,67.53,2239.35
2025-04-29T10:30:00Z,64.34,2350.3
2025-04-29T11:00:00Z,65.87,2239.35
2025-04-29T11:30:00Z,69.47,2370.6
2025-04-29T12:00:00Z,69.68,2589.35
2025-04-29T12:30:00Z,69.86,3229.4
2025-04-29T13:00:00Z,68.77,2950.75
2025-04-29T13:30:00Z,64.52,3458.05
2025-04-29T14:00:00Z,68.04,2499.6
2025-04-29T14:30:00Z,74.02,2406.25
2025-04-29T15:00:00Z,71.06,2173.25
2025-04-29T15:30:00Z,71.07,2592.5
2025-04-29T16:00:00Z,99.99,2710.8
2025-04-29T16:30:00Z,97.57,3050.65
2025-04-29T17:00:00Z,113.33000000000001,2814.8
2025-04-29T17:30:00Z,108.08999999999999,3250.65
2025-04-29T18:00:00Z,99.89,3257.1
2025-04-29T18:30:00Z,104.2,3324.6
2025-04-29T19:00:00Z,107.03000000000002,3259.85
2025-04-29T19:30:00Z,106.61,3522.1
2025-04-29T20:00:00Z,94.13,2847.5
2025-04-29T20:30:00Z,83.99,2393.3
2025-04-29T21:00:00Z,89.44,2578.55
2025-04-29T21:30:00Z,87.05,2408.95
2025-04-29T22:00:00Z,75.22,1603.15
2025-04-29T22:30:00Z,82.32,1644.65
2025-04-29T23:00:00Z,84.59999999999998,1801.1
2025-04-29T23:30:00Z,76.26,1406.3
2025-04-30T00:00:00Z,70.33,1680.35
2025-04-30T00:30:00Z,70.25,1581.95
2025-04-30T01:00:00Z,69.85,1408.0
2025-04-30T01:30:00Z,69.32,1431.45
2025-04-30T02:00:00Z,69.06,1422.45
2025-04-30T02:30:00Z,67.52,1606.2
2025-04-30T03:00:00Z,70.9,1715.75
2025-04-30T03:30:00Z,70.26,1909.15
2025-04-30T04:00:00Z,90.08,2336.6
2025-04-30T04:30:00Z,98.68,2094.15
2025-04-30T05:00:00Z,94.85,1745.9
2025-04-30T05:30:00Z,100.34,1422.8
2025-04-30T06:00:00Z,98.96999999999998,746.95
2025-04-30T06:30:00Z,101.82,1625.75
2025-04-30T07:00:00Z,103.13,2524.7
2025-04-30T07:30:00Z,100.95,2599.2
2025-04-30T08:00:00Z,89.99,3105.55
2025-04-30T08:30:00Z,84.12,2557.85
2025-04-30T09:00:00Z,89.5,3060.2
2025-04-30T09:30:00Z,91.84,3173.1
2025-04-30T10:00:00Z,81.26,3538.65
2025-04-30T10:30:00Z,75.54,2821.05
2025-04-30T11:00:00Z,75.03,3037.25
2025-04-30T11:30:00Z,72.59,3030.6
2025-04-30T12:00:00Z,70.71,3562.3
2025-04-30T12:30:00Z,69.52,3877.8
2025-04-30T13:00:00Z,69.9,3685.05
2025-04-30T13:30:00Z,68.04,3811.45
2025-04-30T14:00:00Z,72.55,2478.35
2025-04-30T14:30:00Z,72.78,2323.75
2025-04-30T15:00:00Z,71.65,2686.15
2025-04-30T15:30:00Z,71.34,3081.45
2025-04-30T16:00:00Z,85.88,2454.0
2025-04-30T16:30:00Z,77.61,2864.95
2025-04-30T17:00:00Z,90.65,2965.8
2025-04-30T17:30:00Z,94.07,2931.0
2025-04-30T18:00:00Z,106.88,2646.65
2025-04-30T18:30:00Z,106.91,2646.2
2025-04-30T19:00:00Z,105.38000000000001,2652.5
2025-04-30T19:30:00Z,103.96,2623.2
2025-04-30T20:00:00Z,86.41,2209.3
2025-04-30T20:30:00Z,76.47,2254.45
2025-04-30T21:00:00Z,79.91,2234.9
2025-04-30T21:30:00Z,83.13,2363.8
2025-04-30T22:00:00Z,80.16,1460.65
2025-04-30T22:30:00Z,86.57,1492.8
2025-04-30T23:00:00Z,83.11,1380.55
2025-04-30T23:30:00Z,79.6,1412.35
2025-05-01T00:00:00Z,81.47,1397.3
2025-05-01T00:30:00Z,80.66,1498.8
2025-05-01T01:00:00Z,79.87,1385.95
2025-05-01T01:30:00Z,78.8,1302.75
2025-05-01T02:00:00Z,78.66,1369.95
2025-05-01T02:30:00Z,77.62,1156.8
2025-05-01T03:00:00Z,77.21,1368.4
2025-05-01T03:30:00Z,78.34,1233.75
2025-05-01T04:00:00Z,78.64,1281.1
2025-05-01T04:30:00Z,91.4,1811.85
2025-05-01T05:00:00Z,81.64,1618.55
2025-05-01T05:30:00Z,97.77,1963.0
2025-05-01T06:00:00Z,101.03,2293.6
2025-05-01T06:30:00Z,98.53,3014.2
2025-05-01T07:00:00Z,92.59,2592.8
2025-05-01T07:30:00Z,88.94,2793.05
2025-05-01T08:00:00Z,79.19,2698.7
2025-05-01T08:30:00Z,72.33,2486.85
2025-05-01T09:00:00Z,71.37,3202.15
2025-05-01T09:30:00Z,76.22,2433.15
2025-05-01T10:00:00Z,68.04,2983.6
2025-05-01T10:30:00Z,66.32,2752.95
2025-05-01T11:00:00Z,67.22,2455.85
2025-05-01T11:30:00Z,64.37,2596.25
2025-05-01T12:00:00Z,63.38999999999999,2712.4
2025-05-01T12:30:00Z,62.61,2533.85
2025-05-01T13:00:00Z,60.88,2668.3
2025-05-01T13:30:00Z,60.42000000000001,2438.45
2025-05-01T14:00:00Z,57.67,1684.15
2025-05-01T14:30:00Z,59.09,1645.1
2025-05-01T15:00:00Z,57.08,1870.55
2025-05-01T15:30:00Z,59.83,2431.25
2025-05-01T16:00:00Z,80.99,2933.15
2025-05-01T16:30:00Z,74.64,3515.45
2025-05-01T17:00:00Z,89.69,2788.65
2025-05-01T17:30:00Z,92.24,2710.1
2025-05-01T18:00:00Z,98.47,2944.9
2025-05-01T18:30:00Z,96.04999999999998,2875.5
2025-05-01T19:00:00Z,95.77,2527.5
2025-05-01T19:30:00Z,94.94999999999999,2768.9
2025-05-01T20:00:00Z,81.35,2005.15
2025-05-01T20:30:00Z,76.39,1644.9
2025-05-01T21:00:00Z,69.73,2562.45
2025-05-01T21:30:00Z,68.21,2047.85
2025-05-01T22:00:00Z,69.38,2789.3
2025-05-01T22:30:00Z,67.42,1859.75
2025-05-01T23:00:00Z,57.28,2204.3
2025-05-01T23:30:00Z,62.31999999999999,2735.45
2025-05-02T00:00:00Z,63.0,2472.75
2025-05-02T00:30:00Z,60.79,2291.95
2025-05-02T01:00:00Z,60.74,1916.7
2025-05-02T01:30:00Z,58.63,2250.8
2025-05-02T02:00:00Z,58.55,1995.1
2025-05-02T02:30:00Z,57.60000000000001,1715.15
2025-05-02T03:00:00Z,55.57,1599.35
2025-05-02T03:30:00Z,60.66,1906.5
2025-05-02T04:00:00Z,64.75,1790.2
2025-05-02T04:30:00Z,68.3,2037.35
2025-05-02T05:00:00Z,76.55,2038.7
2025-05-02T05:30:00Z,94.33,2202.55
2025-05-02T06:00:00Z,89.64,2052.55
2025-05-02T06:30:00Z,95.4,2139.6
2025-05-02T07:00:00Z,89.37,2236.75
2025-05-02T07:30:00Z,91.11,2206.05
2025-05-02T08:00:00Z,95.24,2193.6
2025-05-02T08:30:00Z,83.71,2088.7
2025-05-02T09:00:00Z,78.02,2648.35
2025-05-02T09:30:00Z,78.52,2806.55
2025-05-02T10:00:00Z,74.93,2866.2
2025-05-02T10:30:00Z,73.68,2622.1
2025-05-02T11:00:00Z,74.16,3259.2
2025-05-02T11:30:00Z,64.94,3401.05
2025-05-02T12:00:00Z,63.99,4551.85
2025-05-02T12:30:00Z,62.09,4553.8
2025-05-02T13:00:00Z,56.51,4008.6
2025-05-02T13:30:00Z,55.79,4555.9
2025-05-02T14:00:00Z,52.55,3755.95
2025-05-02T14:30:00Z,52.77,3465.8
2025-05-02T15:00:00Z,56.88,3786.9
2025-05-02T15:30:00Z,64.08,3838.8
2025-05-02T16:00:00Z,77.93,3538.4
2025-05-02T16:30:00Z,70.62000000000002,3722.8
2025-05-02T17:00:00Z,80.37000000000002,3570.1
2025-05-02T17:30:00Z,87.66000000000001,3191.5
2025-05-02T18:00:00Z,101.94,2455.3
2025-05-02T18:30:00Z,103.92,2317.15
2025-05-02T19:00:00Z,101.39,2690.85
2025-05-02T19:30:00Z,100.63,2929.85
2025-05-02T20:00:00Z,99.12,2466.7
2025-05-02T20:30:00Z,97.5,2210.25
2025-05-02T21:00:00Z,86.99,3360.2
2025-05-02T21:30:00Z,83.39,3005.9
2025-05-02T22:00:00Z,73.07,1610.65
2025-05-02T22:30:00Z,73.6,1715.55
2025-05-02T23:00:00Z,75.53,1322.1
2025-05-02T23:30:00Z,78.24,1335.95
2025-05-03T00:00:00Z,74.83,1360.25
2025-05-03T00:30:00Z,71.43,1386.2
2025-05-03T01:00:00Z,71.83,1521.85
2025-05-03T01:30:00Z,71.99,1591.75
2025-05-03T02:00:00Z,70.51,1885.35
2025-05-03T02:30:00Z,69.24,1741.55
2025-05-03T03:00:00Z,71.54,1833.85
2025-05-03T03:30:00Z,70.34,1794.15
2025-05-03T04:00:00Z,69.65,2319.05
2025-05-03T04:30:00Z,69.7,2356.1
2025-05-03T05:00:00Z,69.89,2229.55
2025-05-03T05:30:00Z,69.19,2256.7
2025-05-03T06:00:00Z,61.33,2046.3
2025-05-03T06:30:00Z,60.14,1885.95
2025-05-03T07:00:00Z,51.86,1517.1
2025-05-03T07:30:00Z,46.97,1780.85
2025-05-03T08:00:00Z,49.2,2046.0
2025-05-03T08:30:00Z,37.46,1975.55
2025-05-03T09:00:00Z,47.68,2700.25
2025-05-03T09:30:00Z,33.22,2499.4
2025-05-03T10:00:00Z,21.3,2638.95
2025-05-03T10:30:00Z,16.62,2828.55
2025-05-03T11:00:00Z,14.96,3281.0
2025-05-03T11:30:00Z,16.58,3278.0
2025-05-03T12:00:00Z,16.37,3393.3
2025-05-03T12:30:00Z,17.81,3779.05
2025-05-03T13:00:00Z,28.44,3760.5
2025-05-03T13:30:00Z,34.49,3983.95
2025-05-03T14:00:00Z,41.91,3386.35
2025-05-03T14:30:00Z,37.51,3136.85
2025-05-03T15:00:00Z,50.38,3292.45
2025-05-03T15:30:00Z,61.37,3098.05
2025-05-03T16:00:00Z,65.74,2632.4
2025-05-03T16:30:00Z,75.59,2513.05
2025-05-03T17:00:00Z,62.98,2644.0
2025-05-03T17:30:00Z,65.64,2331.4
2025-05-03T18:00:00Z,76.51,2330.15
2025-05-03T18:30:00Z,80.57,2128.45
2025-05-03T19:00:00Z,81.07,1854.4
2025-05-03T19:30:00Z,83.28,1933.7
2025-05-03T20:00:00Z,80.1,2002.35
2025-05-03T20:30:00Z,76.59,2043.9
2025-05-03T21:00:00Z,73.09,2142.15
2025-05-03T21:30:00Z,59.16,2206.2
2025-05-03T22:00:00Z,32.97,1807.55
2025-05-03T22:30:00Z,26.79,1576.6
2025-05-03T23:00:00Z,23.66,1672.15
2025-05-03T23:30:00Z,21.58,1440.5
2025-05-04T00:00:00Z,13.74,2026.2
2025-05-04T00:30:00Z,14.2,1794.6
2025-05-04T01:00:00Z,9.03,1737.2
2025-05-04T01:30:00Z,7.28,1683.45
2025-05-04T02:00:00Z,1.5,1661.7
2025-05-04T02:30:00Z,0.76,1507.65
2025-05-04T03:00:00Z,0.4799999999999999,1563.3
2025-05-04T03:30:00Z,-0.060000000000000005,1498.85
2025-05-04T04:00:00Z,-1.06,1606.95
2025-05-04T04:30:00Z,-1.39,1393.4
2025-05-04T05:00:00Z,-0.7,1549.6
2025-05-04T05:30:00Z,-0.9200000000000002,1712.95
2025-05-04T06:00:00Z,-8.13,1185.2
2025-05-04T06:30:00Z,-8.71,1216.95
2025-05-04T07:00:00Z,5.7,1982.6
2025-05-04T07:30:00Z,1.5,2096.2
2025-05-04T08:00:00Z,-1.76,1728.2
2025-05-04T08:30:00Z,-4.02,1486.9
2025-05-04T09:00:00Z,-3.7999999999999994,1667.25
2025-05-04T09:30:00Z,-3.83,1573.35
2025-05-04T10:00:00Z,-5.35,2084.6
2025-05-04T10:30:00Z,-3.5999999999999996,2294.65
2025-05-04T11:00:00Z,-0.79,2303.5
2025-05-04T11:30:00Z,3.34,2408.05
2025-05-04T12:00:00Z,3.04,2948.5
2025-05-04T12:30:00Z,2.17,2600.55
2025-05-04T13:00:00Z,0.74,2556.3
2025-05-04T13:30:00Z,-0.10000000000000002,2722.75
2025-05-04T14:00:00Z,9.47,2441.6
2025-05-04T14:30:00Z,18.06,2553.65
2025-05-04T15:00:00Z,10.84,2413.55
2025-05-04T15:30:00Z,13.97,2758.15
2025-05-04T16:00:00Z,67.94,2559.4
2025-05-04T16:30:00Z,70.8,2588.9
2025-05-04T17:00:00Z,76.39,2609.95
2025-05-04T17:30:00Z,79.41,2798.9
2025-05-04T18:00:00Z,74.25,2758.4
2025-05-04T18:30:00Z,81.96,2569.85
2025-05-04T19:00:00Z,87.25,2992.1
2025-05-04T19:30:00Z,89.06,2871.8
2025-05-04T20:00:00Z,83.45,2322.4
2025-05-04T20:30:00Z,84.27,2108.8
2025-05-04T21:00:00Z,78.26,1975.55
2025-05-04T21:30:00Z,68.49,2005.25
2025-05-04T22:00:00Z,68.29,1347.9
2025-05-04T22:30:00Z,65.25,1366.95
2025-05-04T23:00:00Z,65.93,1011.2
2025-05-04T23:30:00Z,63.27000000000001,1167.45
2025-05-05T00:00:00Z,63.29,1656.25
2025-05-05T00:30:00Z,68.9,1600.2
2025-05-05T01:00:00Z,68.82,2033.05
2025-05-05T01:30:00Z,67.61,1751.25
2025-05-05T02:00:00Z,68.15,2003.9
2025-05-05T02:30:00Z,67.37,1886.05
2025-05-05T03:00:00Z,73.57,1832.2
2025-05-05T03:30:00Z,72.56,1788.6
2025-05-05T04:00:00Z,86.06,1872.0
2025-05-05T04:30:00Z,85.54,1774.45
2025-05-05T05:00:00Z,86.32,2317.6
2025-05-05T05:30:00Z,83.29,2256.8
2025-05-05T06:00:00Z,87.24,2490.0
2025-05-05T06:30:00Z,88.48,2549.1
2025-05-05T07:00:00Z,68.92,2451.45
2025-05-05T07:30:00Z,78.61,2301.85
2025-05-05T08:00:00Z,60.58,2721.5
2025-05-05T08:30:00Z,60.349999999999994,2274.6
2025-05-05T09:00:00Z,63.71999999999999,2441.3
2025-05-05T09:30:00Z,65.24,2687.3
2025-05-05T10:00:00Z,72.35,2629.95
2025-05-05T10:30:00Z,78.76,2606.45
2025-05-05T11:00:00Z,82.98,2929.55
2025-05-05T11:30:00Z,83.48,2820.55
2025-05-05T12:00:00Z,82.91,3077.25
2025-05-05T12:30:00Z,78.48,2754.0
2025-05-05T13:00:00Z,78.47,3068.15
2025-05-05T13:30:00Z,76.29,3167.0
2025-05-05T14:00:00Z,81.62,2420.5
2025-05-05T14:30:00Z,81.83,2398.4
2025-05-05T15:00:00Z,74.12,2816.95
2025-05-05T15:30:00Z,73.55,3054.4
2025-05-05T16:00:00Z,73.33,2810.5
2025-05-05T16:30:00Z,79.84,2997.1
2025-05-05T17:00:00Z,84.22,2728.25
2025-05-05T17:30:00Z,84.09,2513.05
2025-05-05T18:00:00Z,85.09,2505.45
2025-05-05T18:30:00Z,85.33,2449.4
2025-05-05T19:00:00Z,87.9,2242.0
2025-05-05T19:30:00Z,88.09,2224.85
2025-05-05T20:00:00Z,78.65,1698.7
2025-05-05T20:30:00Z,82.5,1762.7
2025-05-05T21:00:00Z,80.84,2195.1
2025-05-05T21:30:00Z,75.26,1924.45
2025-05-05T22:00:00Z,71.56,1188.8
2025-05-05T22:30:00Z,75.21,1450.1
2025-05-05T23:00:00Z,69.96,1670.4
2025-05-05T23:30:00Z,67.73,1961.75
2025-05-06T00:00:00Z,67.35,2023.5
2025-05-06T00:30:00Z,65.54,1756.95
2025-05-06T01:00:00Z,71.68,1826.2
2025-05-06T01:30:00Z,73.35,1777.15
2025-05-06T02:00:00Z,75.45,1547.95
2025-05-06T02:30:00Z,71.74,1479.2
2025-05-06T03:00:00Z,73.12,1365.55
2025-05-06T03:30:00Z,72.59,1636.35
2025-05-06T04:00:00Z,87.58,1376.65
2025-05-06T04:30:00Z,95.04,1328.9
2025-05-06T05:00:00Z,101.94,1832.3
2025-05-06T05:30:00Z,108.26,2059.6
2025-05-06T06:00:00Z,94.65,1934.6
2025-05-06T06:30:00Z,90.74,2740.55
2025-05-06T07:00:00Z,94.16,2120.1
2025-05-06T07:30:00Z,87.63,2475.3
2025-05-06T08:00:00Z,80.39,2631.65
2025-05-06T08:30:00Z,75.92,2310.2
2025-05-06T09:00:00Z,73.26,2348.75
2025-05-06T09:30:00Z,74.26,2415.2
2025-05-06T10:00:00Z,72.08,2178.5
2025-05-06T10:30:00Z,72.73,2267.95
2025-05-06T11:00:00Z,70.25,2160.45
2025-05-06T11:30:00Z,68.94,2163.8
2025-05-06T12:00:00Z,66.96,2675.95
2025-05-06T12:30:00Z,65.7,2573.25
2025-05-06T13:00:00Z,64.1,2606.95
2025-05-06T13:30:00Z,62.35,3125.7
2025-05-06T14:00:00Z,59.63,2370.35
2025-05-06T14:30:00Z,58.99,2547.9
2025-05-06T15:00:00Z,60.93,2694.9
2025-05-06T15:30:00Z,63.31,2972.0
2025-05-06T16:00:00Z,76.48,2948.6
2025-05-06T16:30:00Z,75.68,2759.15
2025-05-06T17:00:00Z,92.07,3368.25
2025-05-06T17:30:00Z,99.53000000000002,3649.6
2025-05-06T18:00:00Z,111.7,2735.85
2025-05-06T18:30:00Z,116.94,3125.0
2025-05-06T19:00:00Z,110.04,2804.6
2025-05-06T19:30:00Z,107.1,3184.9
2025-05-06T20:00:00Z,96.26,2419.7
2025-05-06T20:30:00Z,89.48,1790.5
2025-05-06T21:00:00Z,85.63,2562.55
2025-05-06T21:30:00Z,81.25,2241.85
2025-05-06T22:00:00Z,77.21,1049.15
2025-05-06T22:30:00Z,79.71,1276.65
2025-05-06T23:00:00Z,80.84,1186.15
2025-05-06T23:30:00Z,85.07,1238.9
2025-05-07T00:00:00Z,81.39,1116.6
2025-05-07T00:30:00Z,82.58,1115.45
2025-05-07T01:00:00Z,82.12,1155.05
2025-05-07T01:30:00Z,80.9,1637.3
2025-05-07T02:00:00Z,83.46,1726.6
2025-05-07T02:30:00Z,82.39,1700.25
2025-05-07T03:00:00Z,86.07,1350.5
2025-05-07T03:30:00Z,86.03,1403.25
2025-05-07T04:00:00Z,105.96000000000001,1357.1
2025-05-07T04:30:00Z,108.79,1616.1
2025-05-07T05:00:00Z,112.49,1950.25
2025-05-07T05:30:00Z,117.2,1922.4
2025-05-07T06:00:00Z,106.5,2256.75
2025-05-07T06:30:00Z,108.26,2157.7
2025-05-07T07:00:00Z,100.48,2360.45
2025-05-07T07:30:00Z,93.76,1845.55
2025-05-07T08:00:00Z,88.04000000000002,3208.85
2025-05-07T08:30:00Z,80.85,2525.85
2025-05-07T09:00:00Z,83.94,2971.95
2025-05-07T09:30:00Z,80.11,3430.95
2025-05-07T10:00:00Z,70.41,3082.2
2025-05-07T10:30:00Z,70.71,3230.5
2025-05-07T11:00:00Z,73.11,3648.75
2025-05-07T11:30:00Z,72.61,3759.9
2025-05-07T12:00:00Z,72.43999999999998,3676.05
2025-05-07T12:30:00Z,72.8,3454.3
2025-05-07T13:00:00Z,69.25,3357.05
2025-05-07T13:30:00Z,71.42,3639.3
2025-05-07T14:00:00Z,75.36,2441.55
2025-05-07T14:30:00Z,76.17,2367.95
2025-05-07T15:00:00Z,77.94,2420.5
2025-05-07T15:30:00Z,77.18,2710.45
2025-05-07T16:00:00Z,101.25,3038.65
2025-05-07T16:30:00Z,103.03,3641.1
2025-05-07T17:00:00Z,114.09,3765.6
2025-05-07T17:30:00Z,117.1,4013.2
2025-05-07T18:00:00Z,124.83,3559.65
2025-05-07T18:30:00Z,126.04,3731.55
2025-05-07T19:00:00Z,121.22,3669.4
2025-05-07T19:30:00Z,117.8,3997.9
2025-05-07T20:00:00Z,104.85,3352.55
2025-05-07T20:30:00Z,96.04,2811.05
2025-05-07T21:00:00Z,89.13,2444.75
2025-05-07T21:30:00Z,86.25,2988.65
2025-05-07T22:00:00Z,72.83,1252.9
2025-05-07T22:30:00Z,79.63,1791.9
2025-05-07T23:00:00Z,84.52000000000001,1553.6
2025-05-07T23:30:00Z,81.77,1422.2
2025-05-08T00:00:00Z,81.22,1504.85
2025-05-08T00:30:00Z,83.49,1485.6
2025-05-08T01:00:00Z,80.5,1380.6
2025-05-08T01:30:00Z,77.14,1222.75
2025-05-08T02:00:00Z,78.89,1308.75
2025-05-08T02:30:00Z,78.7,1237.75
2025-05-08T03:00:00Z,78.95,1209.1
2025-05-08T03:30:00Z,76.07,1690.6
2025-05-08T04:00:00Z,101.44,1788.2
2025-05-08T04:30:00Z,100.22,1804.6
2025-05-08T05:00:00Z,100.41,1756.85
2025-05-08T05:30:00Z,105.57,2524.0
2025-05-08T06:00:00Z,97.47,2679.05
2025-05-08T06:30:00Z,100.69,3118.15
2025-05-08T07:00:00Z,89.94,2210.5
2025-05-08T07:30:00Z,86.19,2386.15
2025-05-08T08:00:00Z,83.04,3054.55
2025-05-08T08:30:00Z,83.16,3135.35
2025-05-08T09:00:00Z,81.48,2959.7
2025-05-08T09:30:00Z,83.89,3167.55
2025-05-08T10:00:00Z,84.07,2851.85
2025-05-08T10:30:00Z,82.46,3006.5
2025-05-08T11:00:00Z,80.42,2734.15
2025-05-08T11:30:00Z,77.28,2746.5
2025-05-08T12:00:00Z,75.03,2558.0
2025-05-08T12:30:00Z,74.88,2431.55
2025-05-08T13:00:00Z,75.46,2777.6
2025-05-08T13:30:00Z,78.49,3050.55
2025-05-08T14:00:00Z,88.19,2878.65
2025-05-08T14:30:00Z,90.39,3248.25
2025-05-08T15:00:00Z,92.5,2730.55
2025-05-08T15:30:00Z,97.46,3230.45
2025-05-08T16:00:00Z,115.15,3867.95
2025-05-08T16:30:00Z,106.06,4394.7
2025-05-08T17:00:00Z,122.34,4020.8
2025-05-08T17:30:00Z,123.51,3715.35
2025-05-08T18:00:00Z,130.44,3147.8
2025-05-08T18:30:00Z,133.64,3383.9
2025-05-08T19:00:00Z,130.09,2930.9
2025-05-08T19:30:00Z,124.25,3156.3
2025-05-08T20:00:00Z,116.55,2728.5
2025-05-08T20:30:00Z,109.37,2824.4
2025-05-08T21:00:00Z,100.08,2843.0
2025-05-08T21:30:00Z,94.52,2363.45
2025-05-08T22:00:00Z,98.07,2157.4
2025-05-08T22:30:00Z,111.66,2148.15
2025-05-08T23:00:00Z,95.64000000000001,1949.0
2025-05-08T23:30:00Z,92.1,2080.3
2025-05-09T00:00:00Z,104.42,1922.75
2025-05-09T00:30:00Z,108.17,2208.0
2025-05-09T01:00:00Z,108.23,2408.25
2025-05-09T01:30:00Z,108.07,2442.7
2025-05-09T02:00:00Z,116.5,2510.8
2025-05-09T02:30:00Z,115.11999999999999,2577.4
2025-05-09T03:00:00Z,115.44000000000001,2333.9
2025-05-09T03:30:00Z,113.6,2623.3
2025-05-09T04:00:00Z,123.39000000000001,2520.25
2025-05-09T04:30:00Z,127.11,2936.65
2025-05-09T05:00:00Z,128.61,2865.0
2025-05-09T05:30:00Z,133.31,3182.3
2025-05-09T06:00:00Z,103.91,3105.7
2025-05-09T06:30:00Z,108.11,3207.9
2025-05-09T07:00:00Z,101.07000000000001,3016.8
2025-05-09T07:30:00Z,95.75,2833.7
2025-05-09T08:00:00Z,87.68,2950.65
2025-05-09T08:30:00Z,84.48,2760.3
2025-05-09T09:00:00Z,77.91,3199.05
2025-05-09T09:30:00Z,82.75,3079.5
2025-05-09T10:00:00Z,79.37,2139.55
2025-05-09T10:30:00Z,76.36,2310.3
2025-05-09T11:00:00Z,75.89,2436.2
2025-05-09T11:30:00Z,75.42,2603.45
2025-05-09T12:00:00Z,69.98,3585.9
2025-05-09T12:30:00Z,66.61,4142.15
2025-05-09T13:00:00Z,71.84,3801.9
2025-05-09T13:30:00Z,71.34,4224.3
2025-05-09T14:00:00Z,68.33,2941.8
2025-05-09T14:30:00Z,68.81,3101.3
2025-05-09T15:00:00Z,70.73,3067.85
2025-05-09T15:30:00Z,72.13,3631.05
2025-05-09T16:00:00Z,77.31,3162.15
2025-05-09T16:30:00Z,77.51,3412.4
2025-05-09T17:00:00Z,89.16,3246.35
2025-05-09T17:30:00Z,92.01,2995.05
2025-05-09T18:00:00Z,101.6,3070.65
2025-05-09T18:30:00Z,104.37,2774.8
2025-05-09T19:00:00Z,102.60999999999999,2846.3
2025-05-09T19:30:00Z,102.85000000000001,2967.9
2025-05-09T20:00:00Z,95.31,2605.95
2025-05-09T20:30:00Z,87.64,2185.6
2025-05-09T21:00:00Z,94.44,2523.55
2025-05-09T21:30:00Z,94.08,2708.25
2025-05-09T22:00:00Z,79.54,1923.1
2025-05-09T22:30:00Z,84.33,1634.55
2025-05-09T23:00:00Z,87.64,1355.7
2025-05-09T23:30:00Z,85.15,1408.35
2025-05-10T00:00:00Z,83.09,1334.8
2025-05-10T00:30:00Z,81.34,1204.8
2025-05-10T01:00:00Z,85.28,1297.55
2025-05-10T01:30:00Z,83.55,1380.85
2025-05-10T02:00:00Z,84.95,1341.95
2025-05-10T02:30:00Z,85.8,1318.75
2025-05-10T03:00:00Z,91.99000000000001,1584.0
2025-05-10T03:30:00Z,89.91,1566.4
2025-05-10T04:00:00Z,91.75,1883.7
2025-05-10T04:30:00Z,91.87,1835.15
2025-05-10T05:00:00Z,87.94,1840.4
2025-05-10T05:30:00Z,94.24,1825.9
2025-05-10T06:00:00Z,80.67,1719.85
2025-05-10T06:30:00Z,86.42,2174.45
2025-05-10T07:00:00Z,82.14,2198.7
2025-05-10T07:30:00Z,80.47,1863.65
2025-05-10T08:00:00Z,78.47,2160.15
2025-05-10T08:30:00Z,78.07,1906.6
2025-05-10T09:00:00Z,80.61,2125.5
2025-05-10T09:30:00Z,77.01,1974.7
2025-05-10T10:00:00Z,59.63,2174.7
2025-05-10T10:30:00Z,53.92,2046.95
2025-05-10T11:00:00Z,54.93,2272.85
2025-05-10T11:30:00Z,56.03999999999999,2480.45
2025-05-10T12:00:00Z,54.84,3136.05
2025-05-10T12:30:00Z,55.52,3458.9
2025-05-10T13:00:00Z,58.57,3231.65
2025-05-10T13:30:00Z,57.61000000000001,3292.65
2025-05-10T14:00:00Z,63.1,3249.1
2025-05-10T14:30:00Z,61.51,3518.8
2025-05-10T15:00:00Z,69.53,3296.45
2025-05-10T15:30:00Z,63.449999999999996,2895.8
2025-05-10T16:00:00Z,59.67,2258.8
2025-05-10T16:30:00Z,46.81,2910.35
2025-05-10T17:00:00Z,69.6,2564.85
2025-05-10T17:30:00Z,86.15,2843.55
2025-05-10T18:00:00Z,98.41999999999999,2884.4
2025-05-10T18:30:00Z,98.53,2953.15
2025-05-10T19:00:00Z,97.98,3376.9
2025-05-10T19:30:00Z,98.9,3127.2
2025-05-10T20:00:00Z,84.16,1975.95
2025-05-10T20:30:00Z,81.94,1753.9
2025-05-10T21:00:00Z,80.81,2187.55
2025-05-10T21:30:00Z,76.61,2411.95
2025-05-10T22:00:00Z,74.6,1662.8
2025-05-10T22:30:00Z,77.87,1441.9
2025-05-10T23:00:00Z,79.59,1866.3
2025-05-10T23:30:00Z,78.71,1734.9
2025-05-11T00:00:00Z,79.81,1640.5
2025-05-11T00:30:00Z,82.10999999999999,1597.55
2025-05-11T01:00:00Z,81.26,1932.85
2025-05-11T01:30:00Z,78.69,1882.6
2025-05-11T02:00:00Z,79.74999999999999,1659.9
2025-05-11T02:30:00Z,71.57,1885.1
2025-05-11T03:00:00Z,75.98,1808.85
2025-05-11T03:30:00Z,74.95999999999998,1857.6
2025-05-11T04:00:00Z,77.55,2292.4
2025-05-11T04:30:00Z,79.72,2047.7
2025-05-11T05:00:00Z,71.28,2158.4
2025-05-11T05:30:00Z,69.0,2111.85
2025-05-11T06:00:00Z,45.94,2024.85
2025-05-11T06:30:00Z,42.63,1960.3
2025-05-11T07:00:00Z,49.26,2287.0
2025-05-11T07:30:00Z,54.19,2535.8
2025-05-11T08:00:00Z,52.81,2163.15
2025-05-11T08:30:00Z,50.98,2626.85
2025-05-11T09:00:00Z,48.86,2241.55
2025-05-11T09:30:00Z,43.78,2389.1
2025-05-11T10:00:00Z,43.87,2221.35
2025-05-11T10:30:00Z,34.71,2369.8
2025-05-11T11:00:00Z,44.33,2663.4
2025-05-11T11:30:00Z,43.96,2962.95
2025-05-11T12:00:00Z,47.58,2428.95
2025-05-11T12:30:00Z,53.75,2735.85
2025-05-11T13:00:00Z,55.5,2687.35
2025-05-11T13:30:00Z,60.63999999999999,2507.75
2025-05-11T14:00:00Z,75.57,2523.7
2025-05-11T14:30:00Z,77.32,2710.0
2025-05-11T15:00:00Z,83.15,2588.0
2025-05-11T15:30:00Z,85.69,3110.7
2025-05-11T16:00:00Z,89.56,2470.3
2025-05-11T16:30:00Z,85.72,2586.35
2025-05-11T17:00:00Z,87.36,2495.5
2025-05-11T17:30:00Z,87.52,2431.65
2025-05-11T18:00:00Z,92.63,2570.2
2025-05-11T18:30:00Z,94.03,2459.8
2025-05-11T19:00:00Z,94.01,2365.45
2025-05-11T19:30:00Z,91.12,2528.05
2025-05-11T20:00:00Z,84.18,2041.95
2025-05-11T20:30:00Z,78.89999999999999,1841.9
2025-05-11T21:00:00Z,76.93999999999998,1837.05
2025-05-11T21:30:00Z,73.62,2446.4
2025-05-11T22:00:00Z,72.11,1778.2
2025-05-11T22:30:00Z,65.94,1837.0
2025-05-11T23:00:00Z,69.66,1942.8
2025-05-11T23:30:00Z,70.81,2239.65
2025-05-12T00:00:00Z,71.08,1870.35
2025-05-12T00:30:00Z,72.68,2033.85
2025-05-12T01:00:00Z,74.7,2047.9
2025-05-12T01:30:00Z,71.52,1878.6
2025-05-12T02:00:00Z,75.88,1599.45
2025-05-12T02:30:00Z,76.7,1776.95
2025-05-12T03:00:00Z,82.59,1535.55
2025-05-12T03:30:00Z,82.36,1465.5
2025-05-12T04:00:00Z,83.91,1067.05
2025-05-12T04:30:00Z,76.16,1705.9
2025-05-12T05:00:00Z,74.85,1813.95
2025-05-12T05:30:00Z,93.25,1801.65
2025-05-12T06:00:00Z,102.43,1912.6
2025-05-12T06:30:00Z,104.24,2333.0
2025-05-12T07:00:00Z,105.36,1954.35
2025-05-12T07:30:00Z,105.62,2277.3
2025-05-12T08:00:00Z,105.04,2119.3
2025-05-12T08:30:00Z,103.22,2172.65
2025-05-12T09:00:00Z,100.06,2297.75
2025-05-12T09:30:00Z,96.43,2468.25
2025-05-12T10:00:00Z,93.43,2607.35
2025-05-12T10:30:00Z,87.77,2569.25
2025-05-12T11:00:00Z,84.51,2677.65
2025-05-12T11:30:00Z,77.24,3014.35
2025-05-12T12:00:00Z,72.97,2870.7
2025-05-12T12:30:00Z,71.7,2947.05
2025-05-12T13:00:00Z,71.47,3474.45
2025-05-12T13:30:00Z,72.79,3343.85
2025-05-12T14:00:00Z,76.68,3097.2
2025-05-12T14:30:00Z,77.51,3484.4
2025-05-12T15:00:00Z,80.12,3383.6
2025-05-12T15:30:00Z,81.68,3334.75
2025-05-12T16:00:00Z,85.65999999999998,3221.45
2025-05-12T16:30:00Z,84.37999999999998,3309.45
2025-05-12T17:00:00Z,92.97,3366.9
2025-05-12T17:30:00Z,96.76,3363.2
2025-05-12T18:00:00Z,99.93,2724.15
2025-05-12T18:30:00Z,99.26,2605.8
2025-05-12T19:00:00Z,102.06,2188.65
2025-05-12T19:30:00Z,102.14,2232.45
2025-05-12T20:00:00Z,102.28,2145.45
2025-05-12T20:30:00Z,102.73,2037.6
2025-05-12T21:00:00Z,96.87,2210.1
2025-05-12T21:30:00Z,100.18,2028.0
2025-05-12T22:00:00Z,101.44,2018.95
2025-05-12T22:30:00Z,94.44,1892.05
2025-05-12T23:00:00Z,84.93,2053.05
2025-05-12T23:30:00Z,88.79,2473.4
2025-05-13T00:00:00Z,88.3,2061.85
2025-05-13T00:30:00Z,89.34,2314.45
2025-05-13T01:00:00Z,88.23,2460.05
2025-05-13T01:30:00Z,83.69,2525.9
2025-05-13T02:00:00Z,79.25,1895.95
2025-05-13T02:30:00Z,78.85,1438.1
2025-05-13T03:00:00Z,83.67,1388.2
2025-05-13T03:30:00Z,82.06,1839.7
2025-05-13T04:00:00Z,81.99,1261.4
2025-05-13T04:30:00Z,80.7,1489.75
2025-05-13T05:00:00Z,96.74,1565.5
2025-05-13T05:30:00Z,103.17,1969.35
2025-05-13T06:00:00Z,104.9,2005.15
2025-05-13T06:30:00Z,106.98,2563.3
2025-05-13T07:00:00Z,104.17,2947.9
2025-05-13T07:30:00Z,102.04000000000002,2753.95
2025-05-13T08:00:00Z,95.46,2881.45
2025-05-13T08:30:00Z,86.98,3599.15
2025-05-13T09:00:00Z,81.57,2946.85
2025-05-13T09:30:00Z,76.18,3217.05
2025-05-13T10:00:00Z,68.65,2384.7
2025-05-13T10:30:00Z,66.2,2562.6
2025-05-13T11:00:00Z,60.779999999999994,2874.75
2025-05-13T11:30:00Z,57.309999999999995,3358.25
2025-05-13T12:00:00Z,59.06,3634.95
2025-05-13T12:30:00Z,52.79,3339.4
2025-05-13T13:00:00Z,55.5,3825.75
2025-05-13T13:30:00Z,60.59,3332.7
2025-05-13T14:00:00Z,64.79,2801.95
2025-05-13T14:30:00Z,64.51,3161.5
2025-05-13T15:00:00Z,65.75,3051.0
2025-05-13T15:30:00Z,71.52,3520.85
2025-05-13T16:00:00Z,82.68,2807.4
2025-05-13T16:30:00Z,88.98,2794.05
2025-05-13T17:00:00Z,99.13,2774.1
2025-05-13T17:30:00Z,104.06999999999998,2722.35
2025-05-13T18:00:00Z,119.16999999999999,2694.4
2025-05-13T18:30:00Z,121.03,2708.25
2025-05-13T19:00:00Z,113.42,2833.15
2025-05-13T19:30:00Z,117.87000000000002,2513.4
2025-05-13T20:00:00Z,112.02,2105.1
2025-05-13T20:30:00Z,100.32,1795.8
2025-05-13T21:00:00Z,89.85,1760.35
2025-05-13T21:30:00Z,84.95,1922.8
2025-05-13T22:00:00Z,87.81,1584.15
2025-05-13T22:30:00Z,83.89,1740.35
2025-05-13T23:00:00Z,79.08,1570.45
2025-05-13T23:30:00Z,76.51,1415.1
2025-05-14T00:00:00Z,82.51,1609.4
2025-05-14T00:30:00Z,80.59,1706.85
2025-05-14T01:00:00Z,77.11,1785.0
2025-05-14T01:30:00Z,72.08,1976.0
2025-05-14T02:00:00Z,69.09,1110.0
2025-05-14T02:30:00Z,67.98,1008.85
2025-05-14T03:00:00Z,66.23,1004.95
2025-05-14T03:30:00Z,63.31000000000001,1155.8
2025-05-14T04:00:00Z,65.18,1390.75
2025-05-14T04:30:00Z,65.26,1043.1
2025-05-14T05:00:00Z,73.57,1934.2
2025-05-14T05:30:00Z,88.2,1850.8
2025-05-14T06:00:00Z,89.59,2002.1
2025-05-14T06:30:00Z,93.36,2101.95
2025-05-14T07:00:00Z,93.05,2147.55
2025-05-14T07:30:00Z,79.23,1916.9
2025-05-14T08:00:00Z,64.45,2031.3
2025-05-14T08:30:00Z,70.54,2290.55
2025-05-14T09:00:00Z,73.89,2708.8
2025-05-14T09:30:00Z,74.11,2777.85
2025-05-14T10:00:00Z,71.13,2121.4
2025-05-14T10:30:00Z,72.4,2258.1
2025-05-14T11:00:00Z,75.32,2199.6
2025-05-14T11:30:00Z,70.84,2516.8
2025-05-14T12:00:00Z,67.82,2505.65
2025-05-14T12:30:00Z,70.57,2831.75
2025-05-14T13:00:00Z,69.21,3384.35
2025-05-14T13:30:00Z,71.58,3107.4
2025-05-14T14:00:00Z,76.3,2963.3
2025-05-14T14:30:00Z,76.56,2896.0
2025-05-14T15:00:00Z,77.37,2608.5
2025-05-14T15:30:00Z,77.19,2881.15
2025-05-14T16:00:00Z,74.21,2509.45
2025-05-14T16:30:00Z,73.85,2848.5
2025-05-14T17:00:00Z,74.51,2547.4
2025-05-14T17:30:00Z,74.95,3092.5
2025-05-14T18:00:00Z,86.4,3094.95
2025-05-14T18:30:00Z,94.55,2857.25
2025-05-14T19:00:00Z,94.03999999999999,3081.0
2025-05-14T19:30:00Z,91.28,2967.35
2025-05-14T20:00:00Z,87.88,2305.15
2025-05-14T20:30:00Z,79.65,2041.75
2025-05-14T21:00:00Z,73.19,2260.55
2025-05-14T21:30:00Z,72.14,2834.8
2025-05-14T22:00:00Z,84.51,2377.1
2025-05-14T22:30:00Z,78.35,2738.3
2025-05-14T23:00:00Z,82.44,1703.8
2025-05-14T23:30:00Z,76.55,1589.05
2025-05-15T00:00:00Z,67.85,1314.4
2025-05-15T00:30:00Z,73.68,1775.9
2025-05-15T01:00:00Z,77.35,1486.45
2025-05-15T01:30:00Z,78.82,1724.8
2025-05-15T02:00:00Z,73.5,1489.85
2025-05-15T02:30:00Z,75.71,1872.0
2025-05-15T03:00:00Z,76.11,1583.0
2025-05-15T03:30:00Z,69.92,1840.55
2025-05-15T04:00:00Z,67.65,1610.5
2025-05-15T04:30:00Z,67.86,2381.5
2025-05-15T05:00:00Z,70.65,2397.2
2025-05-15T05:30:00Z,72.51,1921.1
2025-05-15T06:00:00Z,77.55,2419.35
2025-05-15T06:30:00Z,91.1,2497.05
2025-05-15T07:00:00Z,83.66,2754.0
2025-05-15T07:30:00Z,78.34,3031.2
2025-05-15T08:00:00Z,78.65,3084.05
2025-05-15T08:30:00Z,79.51,3015.05
2025-05-15T09:00:00Z,78.79,3504.85
2025-05-15T09:30:00Z,81.86,3081.1
2025-05-15T10:00:00Z,88.25,3825.75
2025-05-15T10:30:00Z,89.31999999999998,3243.0
2025-05-15T11:00:00Z,93.46,3663.35
2025-05-15T11:30:00Z,91.98,3828.2
2025-05-15T12:00:00Z,90.73,3487.4
2025-05-15T12:30:00Z,89.61,3417.9
2025-05-15T13:00:00Z,89.44,3468.0
2025-05-15T13:30:00Z,88.55,3920.9
2025-05-15T14:00:00Z,88.67,2776.0
2025-05-15T14:30:00Z,88.94,3334.8
2025-05-15T15:00:00Z,86.62,2899.15
2025-05-15T15:30:00Z,86.78,3599.15
2025-05-15T16:00:00Z,94.16000000000001,3260.25
2025-05-15T16:30:00Z,98.66999999999999,3373.15
2025-05-15T17:00:00Z,97.8,3165.7
2025-05-15T17:30:00Z,102.42,3036.8
2025-05-15T18:00:00Z,110.98,2653.5
2025-05-15T18:30:00Z,111.39999999999999,2374.15
2025-05-15T19:00:00Z,113.24,2749.1
2025-05-15T19:30:00Z,113.67999999999999,2847.85
2025-05-15T20:00:00Z,108.38,2743.85
2025-05-15T20:30:00Z,103.0,2657.25
2025-05-15T21:00:00Z,96.47,2247.0
2025-05-15T21:30:00Z,81.7,2414.55
2025-05-15T22:00:00Z,73.12000000000002,1920.0
2025-05-15T22:30:00Z,69.93,2152.45
2025-05-15T23:00:00Z,66.81,1320.35
2025-05-15T23:30:00Z,67.32,1425.75
2025-05-16T00:00:00Z,66.76,1332.85
2025-05-16T00:30:00Z,66.7,1336.7
2025-05-16T01:00:00Z,70.61,1607.45
2025-05-16T01:30:00Z,69.36,1637.9
2025-05-16T02:00:00Z,62.75,1558.35
2025-05-16T02:30:00Z,61.24,1539.65
2025-05-16T03:00:00Z,64.69,1579.7
2025-05-16T03:30:00Z,66.12,1940.6
2025-05-16T04:00:00Z,63.45000000000001,1732.45
2025-05-16T04:30:00Z,61.18,1761.45
2025-05-16T05:00:00Z,64.61,1714.65
2025-05-16T05:30:00Z,74.88,1866.05
2025-05-16T06:00:00Z,81.78,2740.6
2025-05-16T06:30:00Z,86.38,2723.65
2025-05-16T07:00:00Z,85.46,2628.85
2025-05-16T07:30:00Z,80.31,2799.3
2025-05-16T08:00:00Z,73.15,2251.0
2025-05-16T08:30:00Z,67.33,2488.9
2025-05-16T09:00:00Z,75.31,3102.0
2025-05-16T09:30:00Z,72.95,3899.7
2025-05-16T10:00:00Z,44.74,3528.25
2025-05-16T10:30:00Z,51.15,3280.7
2025-05-16T11:00:00Z,53.65,3069.75
2025-05-16T11:30:00Z,48.94,2946.45
2025-05-16T12:00:00Z,39.06999999999999,3432.9
2025-05-16T12:30:00Z,35.17,3338.05
2025-05-16T13:00:00Z,29.28,3498.6
2025-05-16T13:30:00Z,23.81,3406.8
2025-05-16T14:00:00Z,12.62,2860.6
2025-05-16T14:30:00Z,19.51,2791.85
2025-05-16T15:00:00Z,41.48,3192.45
2025-05-16T15:30:00Z,67.37,3185.35
2025-05-16T16:00:00Z,83.93,2320.35
2025-05-16T16:30:00Z,88.75,2962.2
2025-05-16T17:00:00Z,88.33,3269.2
2025-05-16T17:30:00Z,85.32,3435.5
2025-05-16T18:00:00Z,85.52000000000001,3891.55
2025-05-16T18:30:00Z,85.84,3541.0
2025-05-16T19:00:00Z,93.06,3991.1
2025-05-16T19:30:00Z,92.2,3550.15
2025-05-16T20:00:00Z,95.53,3429.1
2025-05-16T20:30:00Z,91.5,3140.0
2025-05-16T21:00:00Z,93.81999999999998,3136.1
2025-05-16T21:30:00Z,88.75,3027.3
2025-05-16T22:00:00Z,75.52,1797.15
2025-05-16T22:30:00Z,72.7,1556.85
2025-05-16T23:00:00Z,79.29,1798.65
2025-05-16T23:30:00Z,76.19,1810.35
2025-05-17T00:00:00Z,78.23,1551.1
2025-05-17T00:30:00Z,79.46,1484.3
2025-05-17T01:00:00Z,78.0,1628.25
2025-05-17T01:30:00Z,76.97,1660.1
2025-05-17T02:00:00Z,79.05,1635.3
2025-05-17T02:30:00Z,73.26,1427.6
2025-05-17T03:00:00Z,72.99,1379.45
2025-05-17T03:30:00Z,74.19,1413.85
2025-05-17T04:00:00Z,75.01,1383.0
2025-05-17T04:30:00Z,74.77,1271.1
2025-05-17T05:00:00Z,70.89,1466.8
2025-05-17T05:30:00Z,73.39,1607.2
2025-05-17T06:00:00Z,75.72,2460.15
2025-05-17T06:30:00Z,78.42,2406.75
2025-05-17T07:00:00Z,82.39,2321.5
2025-05-17T07:30:00Z,81.45,2466.25
2025-05-17T08:00:00Z,82.65,2418.4
2025-05-17T08:30:00Z,81.33,2591.1
2025-05-17T09:00:00Z,79.0,3160.15
2025-05-17T09:30:00Z,80.3,3842.8
2025-05-17T10:00:00Z,65.7,3195.35
2025-05-17T10:30:00Z,53.5,2887.7
2025-05-17T11:00:00Z,35.62,3006.95
2025-05-17T11:30:00Z,24.799999999999997,2947.7
2025-05-17T12:00:00Z,13.83,3813.85
2025-05-17T12:30:00Z,7.52,3443.25
2025-05-17T13:00:00Z,7.84,3104.85
2025-05-17T13:30:00Z,3.82,3039.65
2025-05-17T14:00:00Z,-0.37,2952.15
2025-05-17T14:30:00Z,1.5700000000000003,2961.55
2025-05-17T15:00:00Z,9.39,3365.9
2025-05-17T15:30:00Z,16.26,3008.85
2025-05-17T16:00:00Z,43.21,3445.95
2025-05-17T16:30:00Z,48.56,3469.25
2025-05-17T17:00:00Z,66.98,3123.7
2025-05-17T17:30:00Z,72.62,2990.05
2025-05-17T18:00:00Z,97.85,2335.6
2025-05-17T18:30:00Z,100.03,2265.6
2025-05-17T19:00:00Z,102.43,2265.0
2025-05-17T19:30:00Z,102.89,2210.6
2025-05-17T20:00:00Z,98.82,2791.15
2025-05-17T20:30:00Z,90.68,2752.95
2025-05-17T21:00:00Z,84.97,2144.1
2025-05-17T21:30:00Z,80.96,2079.3
2025-05-17T22:00:00Z,76.9,1209.2
2025-05-17T22:30:00Z,78.64,1421.35
2025-05-17T23:00:00Z,77.61,1527.4
2025-05-17T23:30:00Z,78.66,1500.45
2025-05-18T00:00:00Z,77.15,1400.3
2025-05-18T00:30:00Z,76.23,1599.5
2025-05-18T01:00:00Z,75.76,1382.25
2025-05-18T01:30:00Z,73.66,1504.95
2025-05-18T02:00:00Z,74.16,1550.15
2025-05-18T02:30:00Z,66.34,1592.75
2025-05-18T03:00:00Z,70.34,2040.45
2025-05-18T03:30:00Z,70.03,1573.7
2025-05-18T04:00:00Z,60.49,2112.9
2025-05-18T04:30:00Z,75.37,2683.8
2025-05-18T05:00:00Z,70.3,2393.9
2025-05-18T05:30:00Z,69.75,2298.55
2025-05-18T06:00:00Z,77.6,2297.55
2025-05-18T06:30:00Z,76.84,2649.4
2025-05-18T07:00:00Z,78.45,2897.5
2025-05-18T07:30:00Z,84.45,2720.35
2025-05-18T08:00:00Z,84.83,3314.75
2025-05-18T08:30:00Z,87.88000000000001,2992.45
2025-05-18T09:00:00Z,82.21,2286.65
2025-05-18T09:30:00Z,78.61,2583.1
2025-05-18T10:00:00Z,61.39,2095.85
2025-05-18T10:30:00Z,46.32,2265.75
2025-05-18T11:00:00Z,38.39,2134.55
2025-05-18T11:30:00Z,35.02,2557.55
2025-05-18T12:00:00Z,16.76,2302.6
2025-05-18T12:30:00Z,16.21,2606.6
2025-05-18T13:00:00Z,15.27,2466.2
2025-05-18T13:30:00Z,17.83,2546.9
2025-05-18T14:00:00Z,32.73,2302.3
2025-05-18T14:30:00Z,46.58,2328.5
2025-05-18T15:00:00Z,54.26,2795.5
2025-05-18T15:30:00Z,69.07,2429.25
2025-05-18T16:00:00Z,85.33,3054.6
2025-05-18T16:30:00Z,80.39,3659.0
2025-05-18T17:00:00Z,84.74,3319.45
2025-05-18T17:30:00Z,82.55,3112.1
2025-05-18T18:00:00Z,94.79,2038.3
2025-05-18T18:30:00Z,94.76,2301.35
2025-05-18T19:00:00Z,96.21,2210.3
2025-05-18T19:30:00Z,94.87,2187.45
2025-05-18T20:00:00Z,87.08,1963.05
2025-05-18T20:30:00Z,86.08,1828.8
2025-05-18T21:00:00Z,91.95,2068.55
2025-05-18T21:30:00Z,85.95,2000.7
2025-05-18T22:00:00Z,84.11,1458.85
2025-05-18T22:30:00Z,84.76,1770.95
2025-05-18T23:00:00Z,83.87,1411.3
2025-05-18T23:30:00Z,84.91,1351.35
2025-05-19T00:00:00Z,86.64999999999999,1614.45
2025-05-19T00:30:00Z,86.84,1635.85
2025-05-19T01:00:00Z,89.68,1489.25
2025-05-19T01:30:00Z,87.27,1470.9
2025-05-19T02:00:00Z,86.38,1287.45
2025-05-19T02:30:00Z,79.85,1500.35
2025-05-19T03:00:00Z,78.06,1435.6
2025-05-19T03:30:00Z,75.98,1508.9
2025-05-19T04:00:00Z,73.52,1749.9
2025-05-19T04:30:00Z,76.66,1664.8
2025-05-19T05:00:00Z,85.76,1749.15
2025-05-19T05:30:00Z,91.6,2379.25
2025-05-19T06:00:00Z,92.01,1913.25
2025-05-19T06:30:00Z,94.39,2204.3
2025-05-19T07:00:00Z,91.43,1707.75
2025-05-19T07:30:00Z,90.9,2031.65
2025-05-19T08:00:00Z,95.77,2790.3
2025-05-19T08:30:00Z,94.09,2660.6
2025-05-19T09:00:00Z,90.29,3159.85
2025-05-19T09:30:00Z,89.56,2767.85
2025-05-19T10:00:00Z,75.66,2814.7
2025-05-19T10:30:00Z,72.7,2210.9
2025-05-19T11:00:00Z,70.64,2430.5
2025-05-19T11:30:00Z,69.46,2606.4
2025-05-19T12:00:00Z,68.01,2744.25
2025-05-19T12:30:00Z,68.81,2870.65
2025-05-19T13:00:00Z,67.33,2826.0
2025-05-19T13:30:00Z,63.029999999999994,3180.7
2025-05-19T14:00:00Z,58.04,2216.1
2025-05-19T14:30:00Z,48.23,3207.95
2025-05-19T15:00:00Z,57.05,3607.6
2025-05-19T15:30:00Z,57.42,3442.3
2025-05-19T16:00:00Z,70.73,3633.35
2025-05-19T16:30:00Z,71.25,3910.7
2025-05-19T17:00:00Z,83.58999999999999,3813.65
2025-05-19T17:30:00Z,88.42000000000002,3356.05
2025-05-19T18:00:00Z,101.73,2386.55
2025-05-19T18:30:00Z,101.94,3042.6
2025-05-19T19:00:00Z,103.64,2500.15
2025-05-19T19:30:00Z,98.78,2635.9
2025-05-19T20:00:00Z,102.51,2791.1
2025-05-19T20:30:00Z,101.47,2627.95
2025-05-19T21:00:00Z,93.12,1658.85
2025-05-19T21:30:00Z,77.42,1319.1
2025-05-19T22:00:00Z,79.92,2335.45
2025-05-19T22:30:00Z,87.18,1896.2
2025-05-19T23:00:00Z,84.44,1711.35
2025-05-19T23:30:00Z,82.43,1953.4
2025-05-20T00:00:00Z,81.84,1709.35
2025-05-20T00:30:00Z,81.16999999999999,1685.85
2025-05-20T01:00:00Z,79.59,1813.6
2025-05-20T01:30:00Z,78.37,2032.8
2025-05-20T02:00:00Z,76.02,1723.15
2025-05-20T02:30:00Z,76.92,1786.55
2025-05-20T03:00:00Z,71.73,1830.85
2025-05-20T03:30:00Z,75.69,1981.05
2025-05-20T04:00:00Z,76.76,1793.95
2025-05-20T04:30:00Z,75.51999999999998,1881.6
2025-05-20T05:00:00Z,89.2,2450.25
2025-05-20T05:30:00Z,98.54,2773.3
2025-05-20T06:00:00Z,95.09,2549.5
2025-05-20T06:30:00Z,94.39,2846.55
2025-05-20T07:00:00Z,87.27,2465.45
2025-05-20T07:30:00Z,81.61,2644.0
2025-05-20T08:00:00Z,77.14,2940.4
2025-05-20T08:30:00Z,78.14,3045.15
2025-05-20T09:00:00Z,77.49,2898.95
2025-05-20T09:30:00Z,75.66,3249.15
2025-05-20T10:00:00Z,69.07,2832.85
2025-05-20T10:30:00Z,67.37,2720.3
2025-05-20T11:00:00Z,64.72,2812.9
2025-05-20T11:30:00Z,63.46,3108.0
2025-05-20T12:00:00Z,67.03,4401.5
2025-05-20T12:30:00Z,67.84,4592.05
2025-05-20T13:00:00Z,71.54,4335.45
2025-05-20T13:30:00Z,70.65,4031.6
2025-05-20T14:00:00Z,74.01,2851.5
2025-05-20T14:30:00Z,75.9,2374.6
2025-05-20T15:00:00Z,74.61,3114.9
2025-05-20T15:30:00Z,76.4,3266.7
2025-05-20T16:00:00Z,81.39,2620.45
2025-05-20T16:30:00Z,78.63,2928.0
2025-05-20T17:00:00Z,97.19,2400.5
2025-05-20T17:30:00Z,97.34,2500.7
2025-05-20T18:00:00Z,108.1,1929.9
2025-05-20T18:30:00Z,109.3,2124.9
2025-05-20T19:00:00Z,103.42999999999999,1847.65
2025-05-20T19:30:00Z,99.72,1953.5
2025-05-20T20:00:00Z,97.57,1685.4
2025-05-20T20:30:00Z,92.48,2124.85
2025-05-20T21:00:00Z,88.83,2383.6
2025-05-20T21:30:00Z,87.09,3110.7
2025-05-20T22:00:00Z,92.43,2282.8
2025-05-20T22:30:00Z,111.08,1435.7
2025-05-20T23:00:00Z,105.83,1385.5
2025-05-20T23:30:00Z,103.81,1235.55
2025-05-21T00:00:00Z,109.44,1500.8
2025-05-21T00:30:00Z,98.38,1394.85
2025-05-21T01:00:00Z,91.28,1681.05
2025-05-21T01:30:00Z,87.27,1549.6
2025-05-21T02:00:00Z,88.71,1464.75
2025-05-21T02:30:00Z,89.5,1660.85
2025-05-21T03:00:00Z,89.91,1470.8
2025-05-21T03:30:00Z,88.03,1385.4
2025-05-21T04:00:00Z,92.34,1880.0
2025-05-21T04:30:00Z,90.89,1680.1
2025-05-21T05:00:00Z,95.69,2383.95
2025-05-21T05:30:00Z,97.18,2212.65
2025-05-21T06:00:00Z,99.17,2556.55
2025-05-21T06:30:00Z,104.43,2695.95
2025-05-21T07:00:00Z,102.16,3098.4
2025-05-21T07:30:00Z,100.31,3018.6
2025-05-21T08:00:00Z,90.33,2693.5
2025-05-21T08:30:00Z,89.45,2735.65
2025-05-21T09:00:00Z,80.67,2488.45
2025-05-21T09:30:00Z,80.85,2651.9
2025-05-21T10:00:00Z,70.36,2476.85
2025-05-21T10:30:00Z,69.97,2691.8
2025-05-21T11:00:00Z,70.35,2740.8
2025-05-21T11:30:00Z,68.95,2950.7
2025-05-21T12:00:00Z,61.01,2923.65
2025-05-21T12:30:00Z,55.15,3224.85
2025-05-21T13:00:00Z,52.46000000000001,3272.25
2025-05-21T13:30:00Z,50.67,3392.8
2025-05-21T14:00:00Z,44.37,3486.7
2025-05-21T14:30:00Z,43.96999999999999,3959.9
2025-05-21T15:00:00Z,54.09,4028.25
2025-05-21T15:30:00Z,66.97,4040.35
2025-05-21T16:00:00Z,76.11,2771.65
2025-05-21T16:30:00Z,77.71,2800.45
2025-05-21T17:00:00Z,79.53,2526.8
2025-05-21T17:30:00Z,88.0,2812.3
2025-05-21T18:00:00Z,97.18,2637.45
2025-05-21T18:30:00Z,94.02,2747.55
2025-05-21T19:00:00Z,98.35,3058.95
2025-05-21T19:30:00Z,100.12,2598.25
2025-05-21T20:00:00Z,102.86,2210.3
2025-05-21T20:30:00Z,99.7,2237.15
2025-05-21T21:00:00Z,86.72,2397.85
2025-05-21T21:30:00Z,88.04,2639.0
2025-05-21T22:00:00Z,96.58,2165.65
2025-05-21T22:30:00Z,99.7,2169.55
2025-05-21T23:00:00Z,97.78,1893.3
2025-05-21T23:30:00Z,98.03000000000002,1623.5
2025-05-22T00:00:00Z,97.84,1660.3
2025-05-22T00:30:00Z,94.89,1998.65
2025-05-22T01:00:00Z,97.67999999999999,1646.85
2025-05-22T01:30:00Z,96.88,1631.45
2025-05-22T02:00:00Z,94.93,1951.7
2025-05-22T02:30:00Z,90.73,1943.2
2025-05-22T03:00:00Z,87.57,1861.35
2025-05-22T03:30:00Z,87.12,2039.7
2025-05-22T04:00:00Z,90.26,1742.45
2025-05-22T04:30:00Z,91.45,2423.85
2025-05-22T05:00:00Z,98.75,2875.55
2025-05-22T05:30:00Z,105.56999999999998,2818.65
2025-05-22T06:00:00Z,107.95999999999998,2778.3
2025-05-22T06:30:00Z,107.29,3064.9
2025-05-22T07:00:00Z,107.59,2549.1
2025-05-22T07:30:00Z,104.58,2845.55
2025-05-22T08:00:00Z,99.49,2473.15
2025-05-22T08:30:00Z,93.72,2588.95
2025-05-22T09:00:00Z,97.1,2598.0
2025-05-22T09:30:00Z,95.4,2748.0
2025-05-22T10:00:00Z,86.79,3732.8
2025-05-22T10:30:00Z,91.98,3810.4
2025-05-22T11:00:00Z,94.35,3967.35
2025-05-22T11:30:00Z,91.07,3843.65
2025-05-22T12:00:00Z,87.53,3360.75
2025-05-22T12:30:00Z,84.93000000000002,3105.5
2025-05-22T13:00:00Z,82.6,3234.6
2025-05-22T13:30:00Z,82.8,3233.8
2025-05-22T14:00:00Z,83.4,2504.45
2025-05-22T14:30:00Z,80.89,2434.95
2025-05-22T15:00:00Z,82.45,2638.4
2025-05-22T15:30:00Z,84.85,3155.2
2025-05-22T16:00:00Z,92.79,3485.9
2025-05-22T16:30:00Z,94.04,3525.75
2025-05-22T17:00:00Z,95.39,2961.75
2025-05-22T17:30:00Z,97.18,3704.85
2025-05-22T18:00:00Z,107.91,2942.8
2025-05-22T18:30:00Z,104.11000000000001,3043.65
2025-05-22T19:00:00Z,105.11,2744.8
2025-05-22T19:30:00Z,103.49,3089.15
2025-05-22T20:00:00Z,102.19999999999999,2622.75
2025-05-22T20:30:00Z,95.16,2501.15
2025-05-22T21:00:00Z,95.5,2154.05
2025-05-22T21:30:00Z,95.17,2369.85
2025-05-22T22:00:00Z,82.74999999999999,1739.3
2025-05-22T22:30:00Z,72.48,1621.2
2025-05-22T23:00:00Z,79.66,1455.1
2025-05-22T23:30:00Z,75.4,1381.85
2025-05-23T00:00:00Z,74.68,1468.05
2025-05-23T00:30:00Z,73.97,1517.4
2025-05-23T01:00:00Z,69.29,1277.35
2025-05-23T01:30:00Z,68.17,1400.8
2025-05-23T02:00:00Z,68.79,1294.7
2025-05-23T02:30:00Z,70.21,1623.45
2025-05-23T03:00:00Z,70.34,1243.55
2025-05-23T03:30:00Z,68.03,1222.0
2025-05-23T04:00:00Z,68.01,1145.0
2025-05-23T04:30:00Z,69.08,1311.15
2025-05-23T05:00:00Z,66.33,1488.7
2025-05-23T05:30:00Z,78.53,2004.55
2025-05-23T06:00:00Z,88.65,2228.75
2025-05-23T06:30:00Z,96.02,2193.35
2025-05-23T07:00:00Z,97.58,1811.1
2025-05-23T07:30:00Z,95.66,2456.05
2025-05-23T08:00:00Z,88.1,2501.25
2025-05-23T08:30:00Z,80.19,2282.3
2025-05-23T09:00:00Z,77.57,1868.4
2025-05-23T09:30:00Z,73.38,2394.9
2025-05-23T10:00:00Z,69.33,2037.45
2025-05-23T10:30:00Z,70.92,2487.9
2025-05-23T11:00:00Z,74.05,2113.2
2025-05-23T11:30:00Z,73.96,1815.1
2025-05-23T12:00:00Z,72.39,2593.55
2025-05-23T12:30:00Z,69.78,2340.45
2025-05-23T13:00:00Z,68.33,2736.6
2025-05-23T13:30:00Z,64.77,2950.7
2025-05-23T14:00:00Z,63.71999999999999,2299.15
2025-05-23T14:30:00Z,70.68,2245.6
2025-05-23T15:00:00Z,69.99,2277.05
2025-05-23T15:30:00Z,69.82,2244.0
2025-05-23T16:00:00Z,70.95,2493.5
2025-05-23T16:30:00Z,73.18,2274.2
2025-05-23T17:00:00Z,84.24,2855.95
2025-05-23T17:30:00Z,80.92,3067.9
2025-05-23T18:00:00Z,82.65,2874.8
2025-05-23T18:30:00Z,82.18,2911.85
2025-05-23T19:00:00Z,84.32,3060.8
2025-05-23T19:30:00Z,88.87,3286.7
2025-05-23T20:00:00Z,88.41,3527.1
2025-05-23T20:30:00Z,89.26,3231.3
2025-05-23T21:00:00Z,79.88,3632.15
2025-05-23T21:30:00Z,80.84,4228.45
2025-05-23T22:00:00Z,72.8,2554.9
2025-05-23T22:30:00Z,69.5,2744.7
2025-05-23T23:00:00Z,68.73,1882.1
2025-05-23T23:30:00Z,65.48,1890.3
2025-05-24T00:00:00Z,57.07,1662.9
2025-05-24T00:30:00Z,56.54,1821.9
2025-05-24T01:00:00Z,59.59,1785.45
2025-05-24T01:30:00Z,49.41,2051.25
2025-05-24T02:00:00Z,37.22,2087.95
2025-05-24T02:30:00Z,29.31,2011.55
2025-05-24T03:00:00Z,27.22,2201.1
2025-05-24T03:30:00Z,21.75,2097.05
2025-05-24T04:00:00Z,17.87,2352.85
2025-05-24T04:30:00Z,16.74,2184.15
2025-05-24T05:00:00Z,10.33,2300.9
2025-05-24T05:30:00Z,3.59,2799.05
2025-05-24T06:00:00Z,0.78,2828.6
2025-05-24T06:30:00Z,4.93,2552.95
2025-05-24T07:00:00Z,3.5000000000000004,2523.85
2025-05-24T07:30:00Z,5.77,2453.45
2025-05-24T08:00:00Z,0.91,2422.0
2025-05-24T08:30:00Z,-3.42,2498.45
2025-05-24T09:00:00Z,-5.97,2861.1
2025-05-24T09:30:00Z,-8.53,2827.4
2025-05-24T10:00:00Z,-3.55,3815.45
2025-05-24T10:30:00Z,-3.88,3618.0
2025-05-24T11:00:00Z,-6.39,2732.25
2025-05-24T11:30:00Z,-5.959999999999999,2853.55
2025-05-24T12:00:00Z,-4.88,2734.8
2025-05-24T12:30:00Z,-3.0900000000000003,2978.05
2025-05-24T13:00:00Z,-6.67,2866.1
2025-05-24T13:30:00Z,-4.64,3195.9
2025-05-24T14:00:00Z,2.26,2696.35
2025-05-24T14:30:00Z,1.8700000000000003,2767.25
2025-05-24T15:00:00Z,11.87,3522.0
2025-05-24T15:30:00Z,16.88,3041.6
2025-05-24T16:00:00Z,42.02,2852.5
2025-05-24T16:30:00Z,52.42,2893.1
2025-05-24T17:00:00Z,47.03,3438.2
2025-05-24T17:30:00Z,55.48,3407.4
2025-05-24T18:00:00Z,68.46,2684.95
2025-05-24T18:30:00Z,67.6,2765.5
2025-05-24T19:00:00Z,64.45,2931.15
2025-05-24T19:30:00Z,50.1,2992.2
2025-05-24T20:00:00Z,42.35,2601.5
2025-05-24T20:30:00Z,33.55,3491.15
2025-05-24T21:00:00Z,26.52,2977.85
2025-05-24T21:30:00Z,13.52,3265.9
2025-05-24T22:00:00Z,23.98,2206.25
2025-05-24T22:30:00Z,7.79,2008.35
2025-05-24T23:00:00Z,17.3,1898.7
2025-05-24T23:30:00Z,16.05,1997.95
2025-05-25T00:00:00Z,19.76,1948.3
2025-05-25T00:30:00Z,14.72,1939.05
2025-05-25T01:00:00Z,16.75,1750.75
2025-05-25T01:30:00Z,14.22,1931.95
2025-05-25T02:00:00Z,13.99,1826.15
2025-05-25T02:30:00Z,10.39,1985.6
2025-05-25T03:00:00Z,6.34,1775.85
2025-05-25T03:30:00Z,3.8,2057.75
2025-05-25T04:00:00Z,0.81,1940.05
2025-05-25T04:30:00Z,-2.53,1939.2
2025-05-25T05:00:00Z,-1.02,2012.6
2025-05-25T05:30:00Z,-1.84,2017.15
2025-05-25T06:00:00Z,-6.03,1690.25
2025-05-25T06:30:00Z,-2.83,1965.55
2025-05-25T07:00:00Z,0.44,2170.35
2025-05-25T07:30:00Z,1.7700000000000002,2567.75
2025-05-25T08:00:00Z,-2.44,2355.65
2025-05-25T08:30:00Z,-1.18,2802.9
2025-05-25T09:00:00Z,-1.65,2571.75
2025-05-25T09:30:00Z,-5.08,2708.05
2025-05-25T10:00:00Z,-4.61,2681.5
2025-05-25T10:30:00Z,-6.119999999999999,2684.7
2025-05-25T11:00:00Z,-6.31,2707.95
2025-05-25T11:30:00Z,-4.53,2706.65
2025-05-25T12:00:00Z,-3.46,2762.55
2025-05-25T12:30:00Z,-2.43,2685.85
2025-05-25T13:00:00Z,4.13,3370.85
2025-05-25T13:30:00Z,-4.86,3418.95
2025-05-25T14:00:00Z,-7.63,3260.25
2025-05-25T14:30:00Z,-6.62,4060.8
2025-05-25T15:00:00Z,-2.28,3354.9
2025-05-25T15:30:00Z,-2.59,3789.35
2025-05-25T16:00:00Z,-4.2,3166.7
2025-05-25T16:30:00Z,3.8200000000000003,3018.0
2025-05-25T17:00:00Z,2.76,2773.55
2025-05-25T17:30:00Z,12.58,2414.75
2025-05-25T18:00:00Z,44.26,2297.7
2025-05-25T18:30:00Z,55.96,2290.4
2025-05-25T19:00:00Z,64.4,2672.95
2025-05-25T19:30:00Z,66.09,2753.35
2025-05-25T20:00:00Z,75.16,2498.25
2025-05-25T20:30:00Z,77.0,2671.0
2025-05-25T21:00:00Z,78.82,3104.05
2025-05-25T21:30:00Z,57.26,3314.5
2025-05-25T22:00:00Z,64.04,2390.4
2025-05-25T22:30:00Z,47.1,2559.4
2025-05-25T23:00:00Z,46.86,2546.85
2025-05-25T23:30:00Z,33.53,2777.5
2025-05-26T00:00:00Z,25.8,2202.7
2025-05-26T00:30:00Z,18.02,2176.0
2025-05-26T01:00:00Z,19.57,2144.75
2025-05-26T01:30:00Z,19.63,2289.05
2025-05-26T02:00:00Z,13.8,1548.15
2025-05-26T02:30:00Z,16.73,1946.05
2025-05-26T03:00:00Z,14.82,1845.5
2025-05-26T03:30:00Z,13.95,1935.1
2025-05-26T04:00:00Z,18.6,1624.85
2025-05-26T04:30:00Z,19.53,1451.85
2025-05-26T05:00:00Z,33.12,2137.35
2025-05-26T05:30:00Z,34.88,2324.3
2025-05-26T06:00:00Z,32.2,2317.15
2025-05-26T06:30:00Z,34.56,2453.95
2025-05-26T07:00:00Z,17.8,2236.4
2025-05-26T07:30:00Z,12.82,2182.5
2025-05-26T08:00:00Z,1.25,2083.5
2025-05-26T08:30:00Z,-1.47,1993.35
2025-05-26T09:00:00Z,-2.54,2171.9
2025-05-26T09:30:00Z,-5.03,2392.75
2025-05-26T10:00:00Z,-1.9299999999999997,3212.35
2025-05-26T10:30:00Z,-2.73,3142.55
2025-05-26T11:00:00Z,-2.27,3341.3
2025-05-26T11:30:00Z,-1.01,3485.05
2025-05-26T12:00:00Z,-1.38,2904.3
2025-05-26T12:30:00Z,2.76,3239.5
2025-05-26T13:00:00Z,4.04,2745.75
2025-05-26T13:30:00Z,2.89,2907.4
2025-05-26T14:00:00Z,-2.27,2455.45
2025-05-26T14:30:00Z,13.000000000000002,2983.4
2025-05-26T15:00:00Z,5.6899999999999995,3379.6
2025-05-26T15:30:00Z,25.449999999999996,3282.9
2025-05-26T16:00:00Z,39.44,3647.45
2025-05-26T16:30:00Z,69.57,3562.3
2025-05-26T17:00:00Z,81.94,3026.25
2025-05-26T17:30:00Z,78.99,2633.15
2025-05-26T18:00:00Z,93.36,2469.5
2025-05-26T18:30:00Z,95.57,2482.15
2025-05-26T19:00:00Z,91.04,2870.75
2025-05-26T19:30:00Z,88.63,2899.7
2025-05-26T20:00:00Z,80.33,2485.65
2025-05-26T20:30:00Z,75.34,2778.1
2025-05-26T21:00:00Z,76.29,2482.6
2025-05-26T21:30:00Z,55.78000000000001,2383.55
2025-05-26T22:00:00Z,49.17,2606.75
2025-05-26T22:30:00Z,30.45,2138.0
2025-05-26T23:00:00Z,35.83,1999.9
2025-05-26T23:30:00Z,28.27,2110.0
2025-05-27T00:00:00Z,20.85,2043.35
2025-05-27T00:30:00Z,23.09,2097.35
2025-05-27T01:00:00Z,39.76,2458.85
2025-05-27T01:30:00Z,40.34,2707.3
2025-05-27T02:00:00Z,13.76,2183.35
2025-05-27T02:30:00Z,15.380000000000003,2140.4
2025-05-27T03:00:00Z,15.44,2068.25
2025-05-27T03:30:00Z,11.55,2197.4
2025-05-27T04:00:00Z,7.96,1971.95
2025-05-27T04:30:00Z,11.579999999999998,1558.7
2025-05-27T05:00:00Z,18.26,2194.6
2025-05-27T05:30:00Z,41.52,2677.05
2025-05-27T06:00:00Z,34.9,2175.0
2025-05-27T06:30:00Z,58.51,2651.85
2025-05-27T07:00:00Z,45.01,2335.95
2025-05-27T07:30:00Z,64.03,2545.75
2025-05-27T08:00:00Z,72.49,2841.1
2025-05-27T08:30:00Z,80.7,2724.0
2025-05-27T09:00:00Z,83.25,2457.9
2025-05-27T09:30:00Z,92.75,2497.15
2025-05-27T10:00:00Z,102.57,2752.7
2025-05-27T10:30:00Z,101.32,3163.6
2025-05-27T11:00:00Z,101.07,3155.2
2025-05-27T11:30:00Z,99.62,3493.25
2025-05-27T12:00:00Z,89.45,3205.95
2025-05-27T12:30:00Z,92.09000000000002,3528.25
2025-05-27T13:00:00Z,91.8,3661.2
2025-05-27T13:30:00Z,90.78,3856.7
2025-05-27T14:00:00Z,87.8,3249.75
2025-05-27T14:30:00Z,84.73,3399.65
2025-05-27T15:00:00Z,99.39000000000001,3836.7
2025-05-27T15:30:00Z,101.06,4551.9
2025-05-27T16:00:00Z,101.28,3848.05
2025-05-27T16:30:00Z,107.56,4051.45
2025-05-27T17:00:00Z,110.84,4398.15
2025-05-27T17:30:00Z,111.62,4640.4
2025-05-27T18:00:00Z,109.58,3130.85
2025-05-27T18:30:00Z,111.77,3414.75
2025-05-27T19:00:00Z,99.16,3453.75
2025-05-27T19:30:00Z,94.66,3474.95
2025-05-27T20:00:00Z,93.81,2921.9
2025-05-27T20:30:00Z,92.38,3054.95
2025-05-27T21:00:00Z,87.84,2668.75
2025-05-27T21:30:00Z,91.39,2994.4
2025-05-27T22:00:00Z,92.65,1864.9
2025-05-27T22:30:00Z,88.24,1320.85
2025-05-27T23:00:00Z,80.43,1374.1
2025-05-27T23:30:00Z,76.84,1660.8
2025-05-28T00:00:00Z,80.68,1569.1
2025-05-28T00:30:00Z,80.87,1787.75
2025-05-28T01:00:00Z,81.8,1884.0
2025-05-28T01:30:00Z,82.07,1978.4
2025-05-28T02:00:00Z,86.71,2009.15
2025-05-28T02:30:00Z,86.95,2265.65
2025-05-28T03:00:00Z,87.36,2552.4
2025-05-28T03:30:00Z,88.31,2777.85
2025-05-28T04:00:00Z,93.74,2286.2
2025-05-28T04:30:00Z,89.88,3144.75
2025-05-28T05:00:00Z,93.31,2779.2
2025-05-28T05:30:00Z,100.39000000000001,3099.75
2025-05-28T06:00:00Z,94.75,2259.25
2025-05-28T06:30:00Z,92.81,2440.65
2025-05-28T07:00:00Z,87.03,2702.25
2025-05-28T07:30:00Z,90.42,3408.0
2025-05-28T08:00:00Z,88.92,2460.4
2025-05-28T08:30:00Z,82.76,2493.05
2025-05-28T09:00:00Z,82.69,2852.6
2025-05-28T09:30:00Z,76.1,2728.0
2025-05-28T10:00:00Z,76.68,3385.95
2025-05-28T10:30:00Z,82.32,3105.2
2025-05-28T11:00:00Z,84.07,3443.1
2025-05-28T11:30:00Z,82.72999999999999,3204.0
2025-05-28T12:00:00Z,81.21,3244.2
2025-05-28T12:30:00Z,79.77,3334.2
2025-05-28T13:00:00Z,80.96000000000001,3539.65
2025-05-28T13:30:00Z,82.24,3731.25
2025-05-28T14:00:00Z,83.95,3217.85
2025-05-28T14:30:00Z,83.33999999999999,3169.25
2025-05-28T15:00:00Z,80.3,2738.0
2025-05-28T15:30:00Z,78.7,2617.2
2025-05-28T16:00:00Z,87.22,3867.35
2025-05-28T16:30:00Z,92.3,3731.25
2025-05-28T17:00:00Z,93.93999999999998,3513.4
2025-05-28T17:30:00Z,100.84,3247.65
2025-05-28T18:00:00Z,107.29999999999998,2542.45
2025-05-28T18:30:00Z,111.56,2506.9
2025-05-28T19:00:00Z,108.06999999999998,2797.15
2025-05-28T19:30:00Z,104.09999999999998,2808.65
2025-05-28T20:00:00Z,102.66,2477.95
2025-05-28T20:30:00Z,89.27,2255.9
2025-05-28T21:00:00Z,80.75,2530.6
2025-05-28T21:30:00Z,80.1,3011.75
2025-05-28T22:00:00Z,80.55,2511.55
2025-05-28T22:30:00Z,76.43,2061.0
2025-05-28T23:00:00Z,76.82,2189.95
2025-05-28T23:30:00Z,73.11,2292.9
2025-05-29T00:00:00Z,67.03,1572.85
2025-05-29T00:30:00Z,62.02,1793.7
2025-05-29T01:00:00Z,52.62,2043.9
2025-05-29T01:30:00Z,41.66,1921.95
2025-05-29T02:00:00Z,20.27,2107.9
2025-05-29T02:30:00Z,15.54,2436.25
2025-05-29T03:00:00Z,8.48,2299.55
2025-05-29T03:30:00Z,2.84,2572.25
2025-05-29T04:00:00Z,3.4,2041.25
2025-05-29T04:30:00Z,2.68,2468.25
2025-05-29T05:00:00Z,10.8,2595.15
2025-05-29T05:30:00Z,18.92,3320.0
2025-05-29T06:00:00Z,39.72,3926.55
2025-05-29T06:30:00Z,43.02,4167.55
2025-05-29T07:00:00Z,40.72,5011.6
2025-05-29T07:30:00Z,32.79,4524.0
2025-05-29T08:00:00Z,16.67,3481.1
2025-05-29T08:30:00Z,9.87,3727.3
2025-05-29T09:00:00Z,5.61,3503.65
2025-05-29T09:30:00Z,1.25,3505.85
2025-05-29T10:00:00Z,-5.790000000000001,3289.65
2025-05-29T10:30:00Z,-7.53,2890.8
2025-05-29T11:00:00Z,-8.19,2890.8
2025-05-29T11:30:00Z,-9.68,3068.45
2025-05-29T12:00:00Z,-16.4,2979.8
2025-05-29T12:30:00Z,-18.24,3324.9
2025-05-29T13:00:00Z,-14.12,3858.05
2025-05-29T13:30:00Z,-13.38,3613.95
2025-05-29T14:00:00Z,-9.620000000000001,3576.6
2025-05-29T14:30:00Z,-6.06,3065.55
2025-05-29T15:00:00Z,-8.94,3275.0
2025-05-29T15:30:00Z,-1.89,3442.95
2025-05-29T16:00:00Z,15.449999999999998,2989.4
2025-05-29T16:30:00Z,36.06,3005.05
2025-05-29T17:00:00Z,39.54,3629.6
2025-05-29T17:30:00Z,51.62,3872.1
2025-05-29T18:00:00Z,61.66,3482.95
2025-05-29T18:30:00Z,67.99,3408.3
2025-05-29T19:00:00Z,69.28,3553.75
2025-05-29T19:30:00Z,75.0,3560.85
2025-05-29T20:00:00Z,74.7,3594.35
2025-05-29T20:30:00Z,73.75,3500.25
2025-05-29T21:00:00Z,68.49,3428.75
2025-05-29T21:30:00Z,53.67,3060.7
2025-05-29T22:00:00Z,54.77,2128.35
2025-05-29T22:30:00Z,49.81,2461.9
2025-05-29T23:00:00Z,49.27,2102.05
2025-05-29T23:30:00Z,43.75,2172.3
2025-05-30T00:00:00Z,48.27,2383.05
2025-05-30T00:30:00Z,49.61,2149.05
2025-05-30T01:00:00Z,51.7,2071.65
2025-05-30T01:30:00Z,50.61,2124.95
2025-05-30T02:00:00Z,50.86,1963.95
2025-05-30T02:30:00Z,48.5,2366.85
2025-05-30T03:00:00Z,55.97,1806.9
2025-05-30T03:30:00Z,52.48,2011.5
2025-05-30T04:00:00Z,51.34,2214.75
2025-05-30T04:30:00Z,61.93,1999.75
2025-05-30T05:00:00Z,59.34000000000001,2354.95
2025-05-30T05:30:00Z,69.54,2678.3
2025-05-30T06:00:00Z,59.53,2840.7
2025-05-30T06:30:00Z,71.86,2883.2
2025-05-30T07:00:00Z,74.66,2454.3
2025-05-30T07:30:00Z,72.81,2671.65
2025-05-30T08:00:00Z,70.01,2654.25
2025-05-30T08:30:00Z,64.92,2841.65
2025-05-30T09:00:00Z,58.09,2976.75
2025-05-30T09:30:00Z,47.44,3366.25
2025-05-30T10:00:00Z,38.04,3212.65
2025-05-30T10:30:00Z,29.600000000000005,3232.15
2025-05-30T11:00:00Z,45.14,3775.0
2025-05-30T11:30:00Z,56.33,3485.2
2025-05-30T12:00:00Z,67.19,3573.1
2025-05-30T12:30:00Z,71.74,3931.5
2025-05-30T13:00:00Z,77.4,3643.95
2025-05-30T13:30:00Z,78.05,3979.7
2025-05-30T14:00:00Z,81.38,3489.35
2025-05-30T14:30:00Z,82.11,2814.95
2025-05-30T15:00:00Z,80.48000000000002,3339.6
2025-05-30T15:30:00Z,80.68,3285.3
2025-05-30T16:00:00Z,77.02,2925.1
2025-05-30T16:30:00Z,73.34,3617.75
2025-05-30T17:00:00Z,77.08,2632.4
2025-05-30T17:30:00Z,80.3,2681.9
2025-05-30T18:00:00Z,106.97,1954.0
2025-05-30T18:30:00Z,107.53,2091.15
2025-05-30T19:00:00Z,109.68,1776.15
2025-05-30T19:30:00Z,111.12,1774.3
2025-05-30T20:00:00Z,109.57,2043.65
2025-05-30T20:30:00Z,107.29,1994.95
2025-05-30T21:00:00Z,97.05,1950.5
2025-05-30T21:30:00Z,88.52,2097.25
2025-05-30T22:00:00Z,85.46,1984.55
2025-05-30T22:30:00Z,85.28,1844.55
2025-05-30T23:00:00Z,75.82,1383.1
2025-05-30T23:30:00Z,72.69,1596.0
2025-05-31T00:00:00Z,75.38,1556.9
2025-05-31T00:30:00Z,72.23,1406.4
2025-05-31T01:00:00Z,74.08,1745.7
2025-05-31T01:30:00Z,78.34000000000002,1776.45
2025-05-31T02:00:00Z,79.54,1769.2
2025-05-31T02:30:00Z,82.48,1886.95
2025-05-31T03:00:00Z,83.93,1652.7
2025-05-31T03:30:00Z,83.48,1859.5
2025-05-31T04:00:00Z,76.79,1484.4
2025-05-31T04:30:00Z,80.07,1662.4
2025-05-31T05:00:00Z,70.13,1761.3
2025-05-31T05:30:00Z,69.34,1812.55
2025-05-31T06:00:00Z,42.67,1824.7
2025-05-31T06:30:00Z,48.38,1706.15
2025-05-31T07:00:00Z,61.18999999999999,2237.1
2025-05-31T07:30:00Z,60.65,2100.85
2025-05-31T08:00:00Z,62.0,2085.15
2025-05-31T08:30:00Z,52.11,2121.2
2025-05-31T09:00:00Z,44.25,2048.15
2025-05-31T09:30:00Z,26.370000000000005,2509.65
2025-05-31T10:00:00Z,11.15,2029.15
2025-05-31T10:30:00Z,0.81,1903.5
2025-05-31T11:00:00Z,2.07,2103.55
2025-05-31T11:30:00Z,-1.23,1967.65
2025-05-31T12:00:00Z,2.63,2104.75
2025-05-31T12:30:00Z,-1.26,1822.9
2025-05-31T13:00:00Z,-1.17,1807.45
2025-05-31T13:30:00Z,-2.39,1981.8
2025-05-31T14:00:00Z,1.9,1492.55
2025-05-31T14:30:00Z,3.29,1218.85
2025-05-31T15:00:00Z,16.09,1043.35
2025-05-31T15:30:00Z,48.3,1652.0
2025-05-31T16:00:00Z,78.97,2523.65
2025-05-31T16:30:00Z,87.03,2534.2
2025-05-31T17:00:00Z,92.42,2767.6
2025-05-31T17:30:00Z,89.47,2632.45
2025-05-31T18:00:00Z,83.81,1990.0
2025-05-31T18:30:00Z,87.08,1742.8
2025-05-31T19:00:00Z,85.65,1762.55
2025-05-31T19:30:00Z,84.27000000000001,1859.6
2025-05-31T20:00:00Z,86.22000000000001,1781.4
2025-05-31T20:30:00Z,82.47,1914.9
2025-05-31T21:00:00Z,80.07,1749.15
2025-05-31T21:30:00Z,78.76,2329.3
2025-05-31T22:00:00Z,78.46,1850.0
2025-05-31T22:30:00Z,75.16,2212.8
2025-05-31T23:00:00Z,66.15,1985.9
2025-05-31T23:30:00Z,54.08,1968.3
2025-06-01T00:00:00Z,48.02,1781.25
2025-06-01T00:30:00Z,37.4,1824.95
2025-06-01T01:00:00Z,29.449999999999996,1553.05
2025-06-01T01:30:00Z,27.16,1447.8
2025-06-01T02:00:00Z,17.34,1698.55
2025-06-01T02:30:00Z,22.62,1847.7
2025-06-01T03:00:00Z,27.73,1912.45
2025-06-01T03:30:00Z,31.14,1941.35
2025-06-01T04:00:00Z,32.69,2825.6
2025-06-01T04:30:00Z,35.55,2764.0
2025-06-01T05:00:00Z,19.47,3063.25
2025-06-01T05:30:00Z,13.68,3129.4
2025-06-01T06:00:00Z,14.16,2661.6
2025-06-01T06:30:00Z,8.07,2826.7
2025-06-01T07:00:00Z,2.86,2354.9
2025-06-01T07:30:00Z,1.6,2188.45
2025-06-01T08:00:00Z,0.11,2183.4
2025-06-01T08:30:00Z,-0.9,2055.65
2025-06-01T09:00:00Z,-2.13,2360.85
2025-06-01T09:30:00Z,0.17,2822.25
2025-06-01T10:00:00Z,3.1,2317.75
2025-06-01T10:30:00Z,-1.24,2402.9
2025-06-01T11:00:00Z,-5.62,2494.5
2025-06-01T11:30:00Z,-9.16,2654.8
2025-06-01T12:00:00Z,-3.82,2608.2
2025-06-01T12:30:00Z,-6.75,2506.25
2025-06-01T13:00:00Z,-6.52,2754.85
2025-06-01T13:30:00Z,-6.72,2651.45
2025-06-01T14:00:00Z,24.56,3287.0
2025-06-01T14:30:00Z,23.68,3410.15
2025-06-01T15:00:00Z,10.75,3421.5
2025-06-01T15:30:00Z,22.5,3534.05
2025-06-01T16:00:00Z,40.5,3395.5
2025-06-01T16:30:00Z,58.41,2948.8
2025-06-01T17:00:00Z,71.31,2450.25
2025-06-01T17:30:00Z,77.47,2657.9
2025-06-01T18:00:00Z,72.6,2339.15
2025-06-01T18:30:00Z,76.79,2842.6
2025-06-01T19:00:00Z,75.51,2498.3
2025-06-01T19:30:00Z,82.68,2197.0
2025-06-01T20:00:00Z,88.92,2639.8
2025-06-01T20:30:00Z,89.29,2503.05
2025-06-01T21:00:00Z,78.02,2214.85
2025-06-01T21:30:00Z,59.050000000000004,2330.15
2025-06-01T22:00:00Z,51.13,1557.4
2025-06-01T22:30:00Z,42.99,1537.05
2025-06-01T23:00:00Z,38.92,1526.25
2025-06-01T23:30:00Z,43.53,1293.95
2025-06-02T00:00:00Z,48.70000000000001,1608.5
2025-06-02T00:30:00Z,51.44,1426.2
2025-06-02T01:00:00Z,53.04,1645.4
2025-06-02T01:30:00Z,59.42,2160.15
2025-06-02T02:00:00Z,61.39,1929.85
2025-06-02T02:30:00Z,63.99,1900.25
2025-06-02T03:00:00Z,67.65,1610.6
2025-06-02T03:30:00Z,70.42,1492.3
2025-06-02T04:00:00Z,83.61,1711.55
2025-06-02T04:30:00Z,89.63,1914.55
2025-06-02T05:00:00Z,85.33,2430.45
2025-06-02T05:30:00Z,93.72,2181.05
2025-06-02T06:00:00Z,90.58,2094.8
2025-06-02T06:30:00Z,91.23,2483.7
2025-06-02T07:00:00Z,92.14,2040.55
2025-06-02T07:30:00Z,90.93,2425.6
2025-06-02T08:00:00Z,85.28,1894.75
2025-06-02T08:30:00Z,80.59,2026.2
2025-06-02T09:00:00Z,75.96,1922.25
2025-06-02T09:30:00Z,75.22,2066.15
2025-06-02T10:00:00Z,68.23,1831.25
2025-06-02T10:30:00Z,68.41,2156.85
2025-06-02T11:00:00Z,70.53,1883.45
2025-06-02T11:30:00Z,58.14,2071.6
2025-06-02T12:00:00Z,52.67000000000001,2610.75
2025-06-02T12:30:00Z,45.13,2441.6
2025-06-02T13:00:00Z,45.44,2823.15
2025-06-02T13:30:00Z,41.41,2687.3
2025-06-02T14:00:00Z,64.88,3069.05
2025-06-02T14:30:00Z,58.34000000000001,2812.75
2025-06-02T15:00:00Z,63.36,2697.35
2025-06-02T15:30:00Z,66.53,2761.4
2025-06-02T16:00:00Z,77.18,2632.6
2025-06-02T16:30:00Z,78.28,2575.6
2025-06-02T17:00:00Z,78.18,3069.65
2025-06-02T17:30:00Z,77.09,2932.5
2025-06-02T18:00:00Z,74.44,2602.5
2025-06-02T18:30:00Z,69.5,2477.9
2025-06-02T19:00:00Z,65.6,2934.6
2025-06-02T19:30:00Z,55.51,2878.45
2025-06-02T20:00:00Z,54.96999999999999,3279.1
2025-06-02T20:30:00Z,47.19,3188.8
2025-06-02T21:00:00Z,44.73,3336.6
2025-06-02T21:30:00Z,35.37,3410.7
2025-06-02T22:00:00Z,14.1,2273.25
2025-06-02T22:30:00Z,4.97,2125.6
2025-06-02T23:00:00Z,0.49,1784.2
2025-06-02T23:30:00Z,-1.5199999999999998,1735.0
2025-06-03T00:00:00Z,-2.01,1559.0
2025-06-03T00:30:00Z,-2.43,1492.35
2025-06-03T01:00:00Z,-5.19,1637.8
2025-06-03T01:30:00Z,-4.16,1549.05
2025-06-03T02:00:00Z,-7.01,1404.8
2025-06-03T02:30:00Z,-6.34,1565.95
2025-06-03T03:00:00Z,-2.15,2383.15
2025-06-03T03:30:00Z,-2.43,1965.8
2025-06-03T04:00:00Z,0.75,2210.1
2025-06-03T04:30:00Z,-0.31,2143.2
2025-06-03T05:00:00Z,0.49,2493.55
2025-06-03T05:30:00Z,5.8,2740.15
2025-06-03T06:00:00Z,19.020000000000003,3453.2
2025-06-03T06:30:00Z,35.75,3484.0
2025-06-03T07:00:00Z,11.84,2504.45
2025-06-03T07:30:00Z,7.2299999999999995,2698.1
2025-06-03T08:00:00Z,-3.74,2852.7
2025-06-03T08:30:00Z,-6.45,3401.05
2025-06-03T09:00:00Z,-1.93,3210.3
2025-06-03T09:30:00Z,-4.62,3248.85
2025-06-03T10:00:00Z,-18.8,3075.1
2025-06-03T10:30:00Z,-24.199999999999996,3103.1
2025-06-03T11:00:00Z,-24.51,3137.95
2025-06-03T11:30:00Z,-26.73,3123.95
2025-06-03T12:00:00Z,-25.91,3374.8
2025-06-03T12:30:00Z,-28.41,3479.4
2025-06-03T13:00:00Z,-32.84,3308.85
2025-06-03T13:30:00Z,-35.62,3603.15
2025-06-03T14:00:00Z,-30.38,3538.4
2025-06-03T14:30:00Z,-26.34,3935.65
2025-06-03T15:00:00Z,-33.69,3409.7
2025-06-03T15:30:00Z,-17.43,3928.7
2025-06-03T16:00:00Z,15.11,3593.0
2025-06-03T16:30:00Z,44.9,3778.15
2025-06-03T17:00:00Z,52.370000000000005,3429.85
2025-06-03T17:30:00Z,57.96,3598.05
2025-06-03T18:00:00Z,77.74,2871.95
2025-06-03T18:30:00Z,84.65000000000002,3539.65
2025-06-03T19:00:00Z,84.54,3264.85
2025-06-03T19:30:00Z,85.51,3210.1
2025-06-03T20:00:00Z,74.52,2871.6
2025-06-03T20:30:00Z,73.74,2508.9
2025-06-03T21:00:00Z,72.38,2949.25
2025-06-03T21:30:00Z,64.03,2875.2
2025-06-03T22:00:00Z,38.62,2463.25
2025-06-03T22:30:00Z,27.94,2398.3
2025-06-03T23:00:00Z,24.0,1749.2
2025-06-03T23:30:00Z,20.52,1852.95
2025-06-04T00:00:00Z,17.42,1704.7
2025-06-04T00:30:00Z,15.94,2181.5
2025-06-04T01:00:00Z,16.51,2286.1
2025-06-04T01:30:00Z,14.13,2102.65
2025-06-04T02:00:00Z,15.31,1567.1
2025-06-04T02:30:00Z,19.89,2031.15
2025-06-04T03:00:00Z,21.12,2182.4
2025-06-04T03:30:00Z,20.04,1920.5
2025-06-04T04:00:00Z,21.51,1844.45
2025-06-04T04:30:00Z,27.61,2237.2
2025-06-04T05:00:00Z,43.7,2331.35
2025-06-04T05:30:00Z,56.71,2291.5
2025-06-04T06:00:00Z,73.75,2027.2
2025-06-04T06:30:00Z,79.18,2199.95
2025-06-04T07:00:00Z,61.11,2829.2
2025-06-04T07:30:00Z,53.64,2978.7
2025-06-04T08:00:00Z,61.69,3848.5
2025-06-04T08:30:00Z,48.97,3660.05
2025-06-04T09:00:00Z,48.69,4185.2
2025-06-04T09:30:00Z,49.0,4294.0
2025-06-04T10:00:00Z,18.59,3277.75
2025-06-04T10:30:00Z,15.09,3030.0
2025-06-04T11:00:00Z,6.04,2453.1
2025-06-04T11:30:00Z,3.4100000000000006,2563.2
2025-06-04T12:00:00Z,2.09,2871.15
2025-06-04T12:30:00Z,0.18999999999999997,2961.2
2025-06-04T13:00:00Z,6.09,3297.7
2025-06-04T13:30:00Z,4.55,3889.85
2025-06-04T14:00:00Z,10.76,3137.85
2025-06-04T14:30:00Z,17.29,3434.3
2025-06-04T15:00:00Z,38.31,3726.35
2025-06-04T15:30:00Z,57.77,3263.85
2025-06-04T16:00:00Z,66.37,3158.5
2025-06-04T16:30:00Z,70.98,2745.2
2025-06-04T17:00:00Z,70.97,2990.55
2025-06-04T17:30:00Z,74.77,3335.55
2025-06-04T18:00:00Z,92.43,2563.7
2025-06-04T18:30:00Z,91.7,2670.4
2025-06-04T19:00:00Z,92.32,2503.55
2025-06-04T19:30:00Z,89.96,2308.0
2025-06-04T20:00:00Z,84.38,2220.85
2025-06-04T20:30:00Z,80.65,2070.6
2025-06-04T21:00:00Z,76.3,2090.75
2025-06-04T21:30:00Z,75.93,1862.7
2025-06-04T22:00:00Z,70.69,146.25
2025-06-04T22:30:00Z,68.88,111.75
2025-06-04T23:00:00Z,67.25,163.75
2025-06-04T23:30:00Z,68.31,167.1
2025-06-05T00:00:00Z,58.849999999999994,700.95
2025-06-05T00:30:00Z,57.239999999999995,928.9
2025-06-05T01:00:00Z,55.43,1484.55
2025-06-05T01:30:00Z,54.98,1826.45
2025-06-05T02:00:00Z,51.75,2172.45
2025-06-05T02:30:00Z,55.18,2147.15
2025-06-05T03:00:00Z,57.52,1993.6
2025-06-05T03:30:00Z,59.0,2092.4
2025-06-05T04:00:00Z,59.5,2456.25
2025-06-05T04:30:00Z,65.28,2291.7
2025-06-05T05:00:00Z,68.8,2218.85
2025-06-05T05:30:00Z,81.13,2756.95
2025-06-05T06:00:00Z,73.36,3356.6
2025-06-05T06:30:00Z,82.48,3278.6
2025-06-05T07:00:00Z,88.72,2945.4
2025-06-05T07:30:00Z,90.26,2724.4
2025-06-05T08:00:00Z,88.46,3230.0
2025-06-05T08:30:00Z,89.2,2936.2
2025-06-05T09:00:00Z,92.11,2995.25
2025-06-05T09:30:00Z,90.56,3228.0
2025-06-05T10:00:00Z,89.64,3092.3
2025-06-05T10:30:00Z,89.1,2803.35
2025-06-05T11:00:00Z,89.39,2604.75
2025-06-05T11:30:00Z,88.03,2545.35
2025-06-05T12:00:00Z,80.86,3259.45
2025-06-05T12:30:00Z,73.57,3662.45
2025-06-05T13:00:00Z,83.04,4242.8
2025-06-05T13:30:00Z,84.14,4075.5
2025-06-05T14:00:00Z,88.4,3005.4
2025-06-05T14:30:00Z,91.12,3267.75
2025-06-05T15:00:00Z,90.45999999999998,3523.65
2025-06-05T15:30:00Z,96.05,4285.55
2025-06-05T16:00:00Z,108.1,3535.9
2025-06-05T16:30:00Z,105.98,4492.2
2025-06-05T17:00:00Z,121.3,4014.65
2025-06-05T17:30:00Z,122.48,4545.15
2025-06-05T18:00:00Z,119.58999999999999,4819.65
2025-06-05T18:30:00Z,120.39,4569.0
2025-06-05T19:00:00Z,113.82,3811.55
2025-06-05T19:30:00Z,115.08,3797.5
2025-06-05T20:00:00Z,96.66,3132.55
2025-06-05T20:30:00Z,88.93000000000002,2999.4
2025-06-05T21:00:00Z,88.8,2825.45
2025-06-05T21:30:00Z,88.17,2483.45
2025-06-05T22:00:00Z,92.46,2246.0
2025-06-05T22:30:00Z,88.19,2366.7
2025-06-05T23:00:00Z,91.55,2834.05
2025-06-05T23:30:00Z,91.12,2317.05
2025-06-06T00:00:00Z,81.93,1424.8
2025-06-06T00:30:00Z,81.56,1520.8
2025-06-06T01:00:00Z,68.65,1932.0
2025-06-06T01:30:00Z,58.32,2049.8
2025-06-06T02:00:00Z,52.83,2273.5
2025-06-06T02:30:00Z,51.85,2318.95
2025-06-06T03:00:00Z,46.95,2591.0
2025-06-06T03:30:00Z,44.93,2964.05
2025-06-06T04:00:00Z,40.16,2545.85
2025-06-06T04:30:00Z,34.21,2631.5
2025-06-06T05:00:00Z,43.03,2737.8
2025-06-06T05:30:00Z,80.48,2655.85
2025-06-06T06:00:00Z,111.61,2845.8
2025-06-06T06:30:00Z,116.14,3195.25
2025-06-06T07:00:00Z,116.71,2890.45
2025-06-06T07:30:00Z,116.5,2699.5
2025-06-06T08:00:00Z,116.09,2654.25
2025-06-06T08:30:00Z,114.02000000000001,3110.25
2025-06-06T09:00:00Z,109.56,3332.75
2025-06-06T09:30:00Z,101.94,3806.7
2025-06-06T10:00:00Z,95.98,4008.05
2025-06-06T10:30:00Z,91.63,3837.45
2025-06-06T11:00:00Z,87.44,3841.5
2025-06-06T11:30:00Z,82.01000000000002,3822.2
2025-06-06T12:00:00Z,75.3,4671.5
2025-06-06T12:30:00Z,78.67,5095.05
2025-06-06T13:00:00Z,78.93,4926.6
2025-06-06T13:30:00Z,73.18,5225.45
2025-06-06T14:00:00Z,75.81,3685.7
2025-06-06T14:30:00Z,77.17,4310.6
2025-06-06T15:00:00Z,78.11,3974.55
2025-06-06T15:30:00Z,88.53,3727.8
2025-06-06T16:00:00Z,88.01,3767.0
2025-06-06T16:30:00Z,93.51,3577.45
2025-06-06T17:00:00Z,101.38,3912.85
2025-06-06T17:30:00Z,104.3,4126.55
2025-06-06T18:00:00Z,118.19,4168.45
2025-06-06T18:30:00Z,120.16,4134.8
2025-06-06T19:00:00Z,119.62,3762.3
2025-06-06T19:30:00Z,120.78,3765.7
2025-06-06T20:00:00Z,111.67,3296.0
2025-06-06T20:30:00Z,109.49,3490.2
2025-06-06T21:00:00Z,101.64,3191.7
2025-06-06T21:30:00Z,94.27,2825.55
2025-06-06T22:00:00Z,86.74,1765.15
2025-06-06T22:30:00Z,95.63,1841.05
2025-06-06T23:00:00Z,88.04,1329.55
2025-06-06T23:30:00Z,91.89,1323.8
2025-06-07T00:00:00Z,95.84000000000002,1568.45
2025-06-07T00:30:00Z,99.26,1859.45
2025-06-07T01:00:00Z,103.08,1627.15
2025-06-07T01:30:00Z,96.02,1739.75
2025-06-07T02:00:00Z,95.32,1713.25
2025-06-07T02:30:00Z,94.72,1672.45
2025-06-07T03:00:00Z,96.95,1807.6
2025-06-07T03:30:00Z,98.09,1926.85
2025-06-07T04:00:00Z,108.08,1729.45
2025-06-07T04:30:00Z,110.59,1733.45
2025-06-07T05:00:00Z,114.36,1872.85
2025-06-07T05:30:00Z,114.63,2263.0
2025-06-07T06:00:00Z,112.22,2632.6
2025-06-07T06:30:00Z,115.13,2512.45
2025-06-07T07:00:00Z,114.14999999999999,2441.35
2025-06-07T07:30:00Z,114.63000000000001,2670.85
2025-06-07T08:00:00Z,109.2,2457.1
2025-06-07T08:30:00Z,104.56,2778.2
2025-06-07T09:00:00Z,96.31000000000002,3022.3
2025-06-07T09:30:00Z,96.76000000000002,3146.9
2025-06-07T10:00:00Z,90.9,2257.65
2025-06-07T10:30:00Z,90.08,2519.9
2025-06-07T11:00:00Z,90.17,2459.8
2025-06-07T11:30:00Z,84.31,2531.7
2025-06-07T12:00:00Z,78.94,3247.2
2025-06-07T12:30:00Z,79.68,3426.55
2025-06-07T13:00:00Z,80.74,3294.8
2025-06-07T13:30:00Z,79.96,3045.8
2025-06-07T14:00:00Z,78.68,3116.7
2025-06-07T14:30:00Z,84.84,2609.45
2025-06-07T15:00:00Z,90.83,2903.65
2025-06-07T15:30:00Z,92.64,2855.6
2025-06-07T16:00:00Z,100.66,2631.5
2025-06-07T16:30:00Z,101.02,2545.15
2025-06-07T17:00:00Z,100.16000000000001,2735.7
2025-06-07T17:30:00Z,100.14,2805.35
2025-06-07T18:00:00Z,113.1,4507.5
2025-06-07T18:30:00Z,112.65,4261.6
2025-06-07T19:00:00Z,110.62,4242.65
2025-06-07T19:30:00Z,111.38,4063.55
2025-06-07T20:00:00Z,103.21,3029.65
2025-06-07T20:30:00Z,101.42,2935.25
2025-06-07T21:00:00Z,102.36,2761.5
2025-06-07T21:30:00Z,92.93999999999998,2840.45
2025-06-07T22:00:00Z,94.96999999999998,1430.15
2025-06-07T22:30:00Z,90.18999999999998,1577.6
2025-06-07T23:00:00Z,80.64,1779.25
2025-06-07T23:30:00Z,75.45,1536.65
2025-06-08T00:00:00Z,65.47,1884.45
2025-06-08T00:30:00Z,44.76,2048.35
2025-06-08T01:00:00Z,34.87,2295.35
2025-06-08T01:30:00Z,20.9,2168.05
2025-06-08T02:00:00Z,11.55,1777.65
2025-06-08T02:30:00Z,5.98,1670.75
2025-06-08T03:00:00Z,1.33,1804.2
2025-06-08T03:30:00Z,-2.37,1756.2
2025-06-08T04:00:00Z,-2.03,1763.4
2025-06-08T04:30:00Z,-2.42,1811.5
2025-06-08T05:00:00Z,-7.17,1564.25
2025-06-08T05:30:00Z,-9.38,1784.75
2025-06-08T06:00:00Z,-13.649999999999999,1570.8
2025-06-08T06:30:00Z,-8.59,2159.85
2025-06-08T07:00:00Z,-4.79,2073.3
2025-06-08T07:30:00Z,-1.17,1762.85
2025-06-08T08:00:00Z,-11.749999999999998,1749.3
2025-06-08T08:30:00Z,-10.9,1823.9
2025-06-08T09:00:00Z,-11.9,2390.75
2025-06-08T09:30:00Z,-10.39,2738.8
2025-06-08T10:00:00Z,-13.89,2715.9
2025-06-08T10:30:00Z,-6.0,3127.0
2025-06-08T11:00:00Z,-8.25,2998.5
2025-06-08T11:30:00Z,-0.27,2849.45
2025-06-08T12:00:00Z,10.7,3820.15
2025-06-08T12:30:00Z,36.43,3457.15
2025-06-08T13:00:00Z,46.95000000000001,3391.45
2025-06-08T13:30:00Z,53.63,3014.5
2025-06-08T14:00:00Z,89.0,2827.95
2025-06-08T14:30:00Z,94.67,2866.25
2025-06-08T15:00:00Z,87.09,2762.85
2025-06-08T15:30:00Z,85.87,3142.4
2025-06-08T16:00:00Z,85.64,2568.55
2025-06-08T16:30:00Z,82.45,2670.4
2025-06-08T17:00:00Z,78.33,2542.3
2025-06-08T17:30:00Z,87.23,2720.95
2025-06-08T18:00:00Z,82.51,2610.6
2025-06-08T18:30:00Z,88.68,2576.25
2025-06-08T19:00:00Z,84.19,2771.35
2025-06-08T19:30:00Z,81.6,2800.25
2025-06-08T20:00:00Z,86.25,3334.0
2025-06-08T20:30:00Z,86.76,3155.35
2025-06-08T21:00:00Z,82.28,2941.55
2025-06-08T21:30:00Z,80.72,2990.85
2025-06-08T22:00:00Z,83.3,1732.7
2025-06-08T22:30:00Z,81.19,1339.55
2025-06-08T23:00:00Z,78.3,1585.45
2025-06-08T23:30:00Z,65.74,1734.15
2025-06-09T00:00:00Z,64.2,1548.6
2025-06-09T00:30:00Z,64.17,1602.8
2025-06-09T01:00:00Z,64.18,1598.2
2025-06-09T01:30:00Z,63.09,1681.6
2025-06-09T02:00:00Z,64.28,1566.65
2025-06-09T02:30:00Z,66.38,1541.6
2025-06-09T03:00:00Z,70.85,1476.25
2025-06-09T03:30:00Z,70.75,1500.3
2025-06-09T04:00:00Z,76.05,1897.15
2025-06-09T04:30:00Z,77.72,1821.3
2025-06-09T05:00:00Z,89.98,1288.55
2025-06-09T05:30:00Z,89.17,1857.2
2025-06-09T06:00:00Z,99.61,1738.55
2025-06-09T06:30:00Z,101.97,1630.1
2025-06-09T07:00:00Z,104.59,1691.7
2025-06-09T07:30:00Z,105.44,1993.15
2025-06-09T08:00:00Z,105.02,1900.25
2025-06-09T08:30:00Z,103.23,1855.7
2025-06-09T09:00:00Z,102.62,1785.55
2025-06-09T09:30:00Z,102.02,2146.3
2025-06-09T10:00:00Z,91.25,1804.35
2025-06-09T10:30:00Z,93.12,2210.7
2025-06-09T11:00:00Z,94.97,2301.9
2025-06-09T11:30:00Z,88.63,2606.4
2025-06-09T12:00:00Z,75.95,2988.15
2025-06-09T12:30:00Z,75.14,3064.55
2025-06-09T13:00:00Z,72.41,3467.95
2025-06-09T13:30:00Z,72.3,3588.75
2025-06-09T14:00:00Z,69.8,3594.6
2025-06-09T14:30:00Z,67.0,3043.65
2025-06-09T15:00:00Z,61.42,3881.05
2025-06-09T15:30:00Z,64.33,4576.85
2025-06-09T16:00:00Z,67.92,4313.9
2025-06-09T16:30:00Z,65.68,4219.2
2025-06-09T17:00:00Z,74.17,4523.45
2025-06-09T17:30:00Z,77.12,4426.3
2025-06-09T18:00:00Z,89.59,4496.4
2025-06-09T18:30:00Z,92.63,4534.5
2025-06-09T19:00:00Z,93.07,4345.2
2025-06-09T19:30:00Z,93.05,4679.3
2025-06-09T20:00:00Z,90.84,4963.05
2025-06-09T20:30:00Z,89.65,5027.95
2025-06-09T21:00:00Z,83.11,4414.35
2025-06-09T21:30:00Z,83.19,5047.1
2025-06-09T22:00:00Z,53.67,2872.35
2025-06-09T22:30:00Z,42.03,3343.6
2025-06-09T23:00:00Z,39.22,3135.6
2025-06-09T23:30:00Z,36.92,3816.15
2025-06-10T00:00:00Z,36.77,3345.25
2025-06-10T00:30:00Z,36.36,3585.05
2025-06-10T01:00:00Z,35.84,3144.55
2025-06-10T01:30:00Z,34.22,3171.4
2025-06-10T02:00:00Z,31.100000000000005,2368.55
2025-06-10T02:30:00Z,24.83,3079.8
2025-06-10T03:00:00Z,19.75,2739.45
2025-06-10T03:30:00Z,17.94,3009.9
2025-06-10T04:00:00Z,20.34,3351.95
2025-06-10T04:30:00Z,24.919999999999998,3568.65
2025-06-10T05:00:00Z,28.670000000000005,3098.7
2025-06-10T05:30:00Z,47.67,3546.0
2025-06-10T06:00:00Z,46.95,3295.15
2025-06-10T06:30:00Z,60.73,3215.6
2025-06-10T07:00:00Z,59.4,3440.25
2025-06-10T07:30:00Z,64.78,3606.65
2025-06-10T08:00:00Z,56.35,3892.7
2025-06-10T08:30:00Z,44.57,3979.0
2025-06-10T09:00:00Z,40.77,3863.7
2025-06-10T09:30:00Z,34.85,3969.2
2025-06-10T10:00:00Z,24.35,3806.35
2025-06-10T10:30:00Z,24.15,3872.1
2025-06-10T11:00:00Z,25.0,4432.7
2025-06-10T11:30:00Z,30.12,4895.7
2025-06-10T12:00:00Z,39.33,5097.65
2025-06-10T12:30:00Z,53.53,4888.25
2025-06-10T13:00:00Z,62.46999999999999,4786.5
2025-06-10T13:30:00Z,60.09,4787.5
2025-06-10T14:00:00Z,62.39999999999999,4379.55
2025-06-10T14:30:00Z,62.66,4445.5
2025-06-10T15:00:00Z,64.8,4657.45
2025-06-10T15:30:00Z,69.87,4719.8
2025-06-10T16:00:00Z,72.92000000000002,3636.25
2025-06-10T16:30:00Z,74.24,3747.85
2025-06-10T17:00:00Z,81.12,3263.85
2025-06-10T17:30:00Z,87.52,2260.9
2025-06-10T18:00:00Z,97.4,1571.45
2025-06-10T18:30:00Z,97.74,1453.0
2025-06-10T19:00:00Z,99.11,1281.85
2025-06-10T19:30:00Z,99.16,1106.4
2025-06-10T20:00:00Z,96.67,693.0
2025-06-10T20:30:00Z,94.27,1120.75
2025-06-10T21:00:00Z,99.13,1700.2
2025-06-10T21:30:00Z,88.68,1660.5
2025-06-10T22:00:00Z,84.12,1332.3
2025-06-10T22:30:00Z,79.19,1357.35
2025-06-10T23:00:00Z,71.9,1142.15
2025-06-10T23:30:00Z,72.9,1138.25
2025-06-11T00:00:00Z,75.65,1192.75
2025-06-11T00:30:00Z,68.29,1155.65
2025-06-11T01:00:00Z,75.47,1344.6
2025-06-11T01:30:00Z,76.38,1674.55
2025-06-11T02:00:00Z,72.81,1307.3
2025-06-11T02:30:00Z,73.48,1338.1
2025-06-11T03:00:00Z,73.04,1499.35
2025-06-11T03:30:00Z,77.31,1635.2
2025-06-11T04:00:00Z,76.89,1108.0
2025-06-11T04:30:00Z,80.63,1251.5
2025-06-11T05:00:00Z,91.82000000000001,1556.95
2025-06-11T05:30:00Z,98.54,2000.85
2025-06-11T06:00:00Z,87.21,2118.0
2025-06-11T06:30:00Z,91.38,2107.7
2025-06-11T07:00:00Z,91.42,1674.6
2025-06-11T07:30:00Z,85.62,1705.9
2025-06-11T08:00:00Z,87.36,1849.65
2025-06-11T08:30:00Z,84.56,1996.5
2025-06-11T09:00:00Z,79.9,2053.6
2025-06-11T09:30:00Z,76.47,1991.3
2025-06-11T10:00:00Z,75.82,2008.7
2025-06-11T10:30:00Z,76.24,2467.35
2025-06-11T11:00:00Z,83.75,3041.15
2025-06-11T11:30:00Z,82.99,3383.85
2025-06-11T12:00:00Z,83.84,3186.9
2025-06-11T12:30:00Z,78.66,2938.1
2025-06-11T13:00:00Z,74.76,3071.15
2025-06-11T13:30:00Z,72.55,2894.45
2025-06-11T14:00:00Z,74.4,2966.65
2025-06-11T14:30:00Z,66.66,3214.3
2025-06-11T15:00:00Z,68.29,3039.45
2025-06-11T15:30:00Z,71.8,2751.65
2025-06-11T16:00:00Z,73.9,3478.7
2025-06-11T16:30:00Z,70.11,3263.3
2025-06-11T17:00:00Z,90.67,3212.6
2025-06-11T17:30:00Z,91.71,2885.6
2025-06-11T18:00:00Z,105.59999999999998,2493.3
2025-06-11T18:30:00Z,105.71,2557.8
2025-06-11T19:00:00Z,105.51,2432.6
2025-06-11T19:30:00Z,103.56,2504.65
2025-06-11T20:00:00Z,97.97,2522.35
2025-06-11T20:30:00Z,96.15,2485.25
2025-06-11T21:00:00Z,88.89,2743.1
2025-06-11T21:30:00Z,83.86,3406.45
2025-06-11T22:00:00Z,85.52,2822.05
2025-06-11T22:30:00Z,87.98,2251.0
2025-06-11T23:00:00Z,87.06,2826.8
2025-06-11T23:30:00Z,85.2,2898.9
2025-06-12T00:00:00Z,84.42,3098.35
2025-06-12T00:30:00Z,79.75,3099.0
2025-06-12T01:00:00Z,78.64,3318.4
2025-06-12T01:30:00Z,71.4,3492.6
2025-06-12T02:00:00Z,71.71,3148.2
2025-06-12T02:30:00Z,69.65,3305.75
2025-06-12T03:00:00Z,75.91,2577.8
2025-06-12T03:30:00Z,79.71,2384.05
2025-06-12T04:00:00Z,87.57,2501.25
2025-06-12T04:30:00Z,87.05,2827.85
2025-06-12T05:00:00Z,91.10000000000001,2951.7
2025-06-12T05:30:00Z,95.05000000000001,3123.7
2025-06-12T06:00:00Z,87.15,3327.5
2025-06-12T06:30:00Z,91.7,3432.45
2025-06-12T07:00:00Z,97.02,2510.45
2025-06-12T07:30:00Z,96.57,2843.95
2025-06-12T08:00:00Z,99.97,3037.35
2025-06-12T08:30:00Z,95.85,3245.5
2025-06-12T09:00:00Z,89.72,2825.8
2025-06-12T09:30:00Z,84.67,3262.25
2025-06-12T10:00:00Z,76.68,3180.45
2025-06-12T10:30:00Z,75.08,2787.1
2025-06-12T11:00:00Z,76.76,3118.9
2025-06-12T11:30:00Z,77.63,3525.15
2025-06-12T12:00:00Z,74.32,3832.0
2025-06-12T12:30:00Z,73.97,4020.7
2025-06-12T13:00:00Z,64.64,4455.8
2025-06-12T13:30:00Z,59.38000000000001,4431.1
2025-06-12T14:00:00Z,47.66,4074.75
2025-06-12T14:30:00Z,40.58,4450.35
2025-06-12T15:00:00Z,37.58,4344.8
2025-06-12T15:30:00Z,36.88,4318.2
2025-06-12T16:00:00Z,55.46,3465.35
2025-06-12T16:30:00Z,60.97,3415.35
2025-06-12T17:00:00Z,79.13,3405.5
2025-06-12T17:30:00Z,81.24,3408.85
2025-06-12T18:00:00Z,101.97,3305.85
2025-06-12T18:30:00Z,104.78,3226.05
2025-06-12T19:00:00Z,103.27,3413.65
2025-06-12T19:30:00Z,101.31999999999998,3423.8
2025-06-12T20:00:00Z,93.65,2829.35
2025-06-12T20:30:00Z,91.37,2736.6
2025-06-12T21:00:00Z,75.44,3476.25
2025-06-12T21:30:00Z,74.76,3597.3
2025-06-12T22:00:00Z,69.39,2008.55
2025-06-12T22:30:00Z,66.76,1975.35
2025-06-12T23:00:00Z,69.8,2075.45
2025-06-12T23:30:00Z,67.28,1993.6
2025-06-13T00:00:00Z,66.64,1964.7
2025-06-13T00:30:00Z,63.34,2004.9
2025-06-13T01:00:00Z,61.230000000000004,1956.2
2025-06-13T01:30:00Z,59.33,1976.3
2025-06-13T02:00:00Z,59.67,2297.2
2025-06-13T02:30:00Z,59.5,2541.2
2025-06-13T03:00:00Z,66.78,2556.95
2025-06-13T03:30:00Z,67.51,2805.45
2025-06-13T04:00:00Z,72.8,2754.7
2025-06-13T04:30:00Z,75.91,2546.6
2025-06-13T05:00:00Z,79.87,3068.0
2025-06-13T05:30:00Z,84.79,3287.5
2025-06-13T06:00:00Z,82.45,3067.25
2025-06-13T06:30:00Z,86.76,2936.1
2025-06-13T07:00:00Z,86.54,2674.55
2025-06-13T07:30:00Z,84.32,3081.6
2025-06-13T08:00:00Z,76.97,3046.05
2025-06-13T08:30:00Z,56.09,3124.0
2025-06-13T09:00:00Z,42.56,3228.25
2025-06-13T09:30:00Z,38.54,3188.2
2025-06-13T10:00:00Z,16.91,2793.05
2025-06-13T10:30:00Z,12.01,2839.65
2025-06-13T11:00:00Z,9.82,2665.1
2025-06-13T11:30:00Z,8.8,2682.4
2025-06-13T12:00:00Z,6.46,2609.1
2025-06-13T12:30:00Z,6.22,2642.85
2025-06-13T13:00:00Z,8.63,3514.75
2025-06-13T13:30:00Z,15.56,3913.75
2025-06-13T14:00:00Z,49.27,4082.35
2025-06-13T14:30:00Z,62.29,4164.6
2025-06-13T15:00:00Z,74.94,3732.2
2025-06-13T15:30:00Z,77.91,4584.05
2025-06-13T16:00:00Z,95.07,3431.7
2025-06-13T16:30:00Z,96.97,3366.8
2025-06-13T17:00:00Z,114.83,3006.3
2025-06-13T17:30:00Z,118.8,3255.75
2025-06-13T18:00:00Z,119.97999999999999,2404.2
2025-06-13T18:30:00Z,121.24000000000001,2381.8
2025-06-13T19:00:00Z,108.23,2541.85
2025-06-13T19:30:00Z,104.01000000000002,2564.8
2025-06-13T20:00:00Z,94.09,2238.0
2025-06-13T20:30:00Z,90.94,2299.0
2025-06-13T21:00:00Z,87.64,2406.15
2025-06-13T21:30:00Z,80.5,2938.8
2025-06-13T22:00:00Z,80.91000000000001,2028.2
2025-06-13T22:30:00Z,83.98999999999998,1861.05
2025-06-13T23:00:00Z,76.54,1692.55
2025-06-13T23:30:00Z,78.6,1625.95
2025-06-14T00:00:00Z,74.38,1558.8
2025-06-14T00:30:00Z,73.17,1646.35
2025-06-14T01:00:00Z,73.38,1784.95
2025-06-14T01:30:00Z,72.77,1655.6
2025-06-14T02:00:00Z,78.31,1438.4
2025-06-14T02:30:00Z,83.75,1536.55
2025-06-14T03:00:00Z,87.29,1571.15
2025-06-14T03:30:00Z,86.45,1740.05
2025-06-14T04:00:00Z,88.75,2255.0
2025-06-14T04:30:00Z,79.84,2168.9
2025-06-14T05:00:00Z,82.1,2234.35
2025-06-14T05:30:00Z,79.41,2542.0
2025-06-14T06:00:00Z,61.27000000000001,1615.5
2025-06-14T06:30:00Z,61.44,2221.1
2025-06-14T07:00:00Z,65.83,2281.1
2025-06-14T07:30:00Z,77.35,2583.15
2025-06-14T08:00:00Z,82.28,2734.85
2025-06-14T08:30:00Z,85.94,3250.2
2025-06-14T09:00:00Z,76.13,3148.15
2025-06-14T09:30:00Z,44.05,2969.3
2025-06-14T10:00:00Z,1.9599999999999997,2951.4
2025-06-14T10:30:00Z,-9.78,2955.6
2025-06-14T11:00:00Z,-15.13,3006.45
2025-06-14T11:30:00Z,-11.15,3337.1
2025-06-14T12:00:00Z,-23.789999999999996,3004.8
2025-06-14T12:30:00Z,-28.38,2710.8
2025-06-14T13:00:00Z,-5.97,3602.0
2025-06-14T13:30:00Z,-7.92,3745.5
2025-06-14T14:00:00Z,-7.610000000000001,2796.15
2025-06-14T14:30:00Z,5.25,3331.45
2025-06-14T15:00:00Z,17.82,2868.6
2025-06-14T15:30:00Z,32.03,3121.45
2025-06-14T16:00:00Z,66.25,2797.7
2025-06-14T16:30:00Z,79.11,2722.95
2025-06-14T17:00:00Z,78.08,2665.4
2025-06-14T17:30:00Z,85.73,2462.9
2025-06-14T18:00:00Z,99.0,1960.25
2025-06-14T18:30:00Z,100.96,1877.85
2025-06-14T19:00:00Z,105.28,1969.75
2025-06-14T19:30:00Z,107.4,2049.45
2025-06-14T20:00:00Z,112.13,2165.5
2025-06-14T20:30:00Z,113.87,2442.95
2025-06-14T21:00:00Z,116.2,2697.5
2025-06-14T21:30:00Z,114.03,2458.5
2025-06-14T22:00:00Z,95.25,2114.0
2025-06-14T22:30:00Z,99.63,2264.95
2025-06-14T23:00:00Z,94.32,1958.9
2025-06-14T23:30:00Z,90.75,1896.1
2025-06-15T00:00:00Z,88.41000000000001,1482.6
2025-06-15T00:30:00Z,79.5,1722.8
2025-06-15T01:00:00Z,78.86,1937.65
2025-06-15T01:30:00Z,77.02,1941.55
2025-06-15T02:00:00Z,79.61,1607.1
2025-06-15T02:30:00Z,73.0,1572.15
2025-06-15T03:00:00Z,87.3,1663.45
2025-06-15T03:30:00Z,86.94999999999999,1709.35
2025-06-15T04:00:00Z,85.3,1668.25
2025-06-15T04:30:00Z,83.22,1817.65
2025-06-15T05:00:00Z,76.49,2130.8
2025-06-15T05:30:00Z,85.42,2196.3
2025-06-15T06:00:00Z,77.18,2194.05
2025-06-15T06:30:00Z,85.93,1739.95
2025-06-15T07:00:00Z,85.45,1814.8
2025-06-15T07:30:00Z,84.9,1877.6
2025-06-15T08:00:00Z,83.47,1895.25
2025-06-15T08:30:00Z,75.55,2382.1
2025-06-15T09:00:00Z,65.77,2578.45
2025-06-15T09:30:00Z,66.48,2492.5
2025-06-15T10:00:00Z,45.81,2467.5
2025-06-15T10:30:00Z,29.02,2525.35
2025-06-15T11:00:00Z,27.8,2471.45
2025-06-15T11:30:00Z,24.2,2748.3
2025-06-15T12:00:00Z,23.82,2476.95
2025-06-15T12:30:00Z,25.23,2492.8
2025-06-15T13:00:00Z,24.07,2419.45
2025-06-15T13:30:00Z,24.07,2642.85
2025-06-15T14:00:00Z,25.76,2297.65
2025-06-15T14:30:00Z,43.29,2387.6
2025-06-15T15:00:00Z,66.05,1921.8
2025-06-15T15:30:00Z,91.42,1997.4
2025-06-15T16:00:00Z,99.52,2452.7
2025-06-15T16:30:00Z,88.47,2429.7
2025-06-15T17:00:00Z,83.98,2835.35
2025-06-15T17:30:00Z,86.39,3180.55
2025-06-15T18:00:00Z,98.34,2549.2
2025-06-15T18:30:00Z,102.99,2211.85
2025-06-15T19:00:00Z,101.13,2363.45
2025-06-15T19:30:00Z,99.99,2767.3
2025-06-15T20:00:00Z,97.04,2771.9
2025-06-15T20:30:00Z,97.14,2696.4
2025-06-15T21:00:00Z,92.84,2186.65
2025-06-15T21:30:00Z,82.31,2294.8
2025-06-15T22:00:00Z,83.12,1720.9
2025-06-15T22:30:00Z,85.08,1948.1
2025-06-15T23:00:00Z,83.17,1467.95
2025-06-15T23:30:00Z,73.04,1324.05
2025-06-16T00:00:00Z,68.0,1319.05
2025-06-16T00:30:00Z,63.59,1562.8
2025-06-16T01:00:00Z,67.17,1971.0
2025-06-16T01:30:00Z,67.48,1831.25
2025-06-16T02:00:00Z,70.87,1703.6
2025-06-16T02:30:00Z,69.03,1681.25
2025-06-16T03:00:00Z,72.51,1777.35
2025-06-16T03:30:00Z,78.46,2041.35
2025-06-16T04:00:00Z,90.54,1416.7
2025-06-16T04:30:00Z,92.28,1946.15
2025-06-16T05:00:00Z,90.27,1899.5
2025-06-16T05:30:00Z,100.47,1874.65
2025-06-16T06:00:00Z,104.32,1793.1
2025-06-16T06:30:00Z,107.06,1899.55
2025-06-16T07:00:00Z,108.16,1611.15
2025-06-16T07:30:00Z,105.93999999999998,1630.0
2025-06-16T08:00:00Z,103.25,1456.85
2025-06-16T08:30:00Z,100.04,1739.4
2025-06-16T09:00:00Z,97.98,1661.05
2025-06-16T09:30:00Z,95.31,1528.05
2025-06-16T10:00:00Z,94.29,1738.9
2025-06-16T10:30:00Z,94.16,2014.7
2025-06-16T11:00:00Z,88.39,2105.55
2025-06-16T11:30:00Z,87.15,2278.55
2025-06-16T12:00:00Z,79.0,2667.8
2025-06-16T12:30:00Z,57.35,2855.85
2025-06-16T13:00:00Z,52.53,3392.7
2025-06-16T13:30:00Z,55.06,3851.55
2025-06-16T14:00:00Z,42.32,3740.4
2025-06-16T14:30:00Z,41.69,3185.05
2025-06-16T15:00:00Z,47.73,3719.5
2025-06-16T15:30:00Z,49.82,3556.7
2025-06-16T16:00:00Z,62.81,3024.5
2025-06-16T16:30:00Z,67.29,3554.6
2025-06-16T17:00:00Z,84.28,4005.55
2025-06-16T17:30:00Z,87.14,4096.1
2025-06-16T18:00:00Z,103.85,3380.2
2025-06-16T18:30:00Z,105.89,3399.05
2025-06-16T19:00:00Z,100.03,3131.55
2025-06-16T19:30:00Z,99.79999999999998,3061.75
2025-06-16T20:00:00Z,99.59,2623.55
2025-06-16T20:30:00Z,96.8,2422.3
2025-06-16T21:00:00Z,94.0,2797.5
2025-06-16T21:30:00Z,90.12,3093.05
2025-06-16T22:00:00Z,73.42,1790.75
2025-06-16T22:30:00Z,67.38,2035.9
2025-06-16T23:00:00Z,72.16,1766.75
2025-06-16T23:30:00Z,62.89000000000001,2118.8
2025-06-17T00:00:00Z,57.849999999999994,1704.95
2025-06-17T00:30:00Z,57.44,1797.25
2025-06-17T01:00:00Z,55.9,1988.05
2025-06-17T01:30:00Z,54.96,2143.75
2025-06-17T02:00:00Z,53.13,2440.9
2025-06-17T02:30:00Z,54.92000000000001,2474.75
2025-06-17T03:00:00Z,57.68000000000001,2568.65
2025-06-17T03:30:00Z,58.05,2511.4
2025-06-17T04:00:00Z,60.79,2431.9
2025-06-17T04:30:00Z,66.85,2118.05
2025-06-17T05:00:00Z,80.0,2359.8
2025-06-17T05:30:00Z,87.01,2317.7
2025-06-17T06:00:00Z,78.82,2273.85
2025-06-17T06:30:00Z,75.95,2650.7
2025-06-17T07:00:00Z,74.42,2557.85
2025-06-17T07:30:00Z,64.39,2656.6
2025-06-17T08:00:00Z,57.68,3108.45
2025-06-17T08:30:00Z,66.0,3615.05
2025-06-17T09:00:00Z,71.28,3766.5
2025-06-17T09:30:00Z,73.89,4150.2
2025-06-17T10:00:00Z,66.45,3472.95
2025-06-17T10:30:00Z,60.629999999999995,3417.55
2025-06-17T11:00:00Z,63.87,3769.7
2025-06-17T11:30:00Z,57.81,3681.95
2025-06-17T12:00:00Z,50.589999999999996,3202.75
2025-06-17T12:30:00Z,46.64,3337.2
2025-06-17T13:00:00Z,41.26,3578.55
2025-06-17T13:30:00Z,37.1,3651.0
2025-06-17T14:00:00Z,40.93,3369.65
2025-06-17T14:30:00Z,50.0,3745.8
2025-06-17T15:00:00Z,53.88,3668.4
2025-06-17T15:30:00Z,55.41,3675.85
2025-06-17T16:00:00Z,92.3,2667.6
2025-06-17T16:30:00Z,96.42,3150.75
2025-06-17T17:00:00Z,101.07000000000001,3213.5
2025-06-17T17:30:00Z,99.27,3089.25
2025-06-17T18:00:00Z,120.81,3064.75
2025-06-17T18:30:00Z,121.53999999999999,2807.05
2025-06-17T19:00:00Z,122.2,2622.4
2025-06-17T19:30:00Z,122.03000000000002,2700.4
2025-06-17T20:00:00Z,114.1,2301.4
2025-06-17T20:30:00Z,108.99,2250.35
2025-06-17T21:00:00Z,99.14,2085.85
2025-06-17T21:30:00Z,96.24,2578.1
2025-06-17T22:00:00Z,94.34,1342.9
2025-06-17T22:30:00Z,100.25,1097.35
2025-06-17T23:00:00Z,97.45000000000002,1443.6
2025-06-17T23:30:00Z,98.19999999999999,1361.05
2025-06-18T00:00:00Z,92.41000000000001,1602.7
2025-06-18T00:30:00Z,90.67,1743.75
2025-06-18T01:00:00Z,90.96,1755.6
2025-06-18T01:30:00Z,92.09000000000002,1648.1
2025-06-18T02:00:00Z,92.77,1454.7
2025-06-18T02:30:00Z,93.01999999999998,1581.6
2025-06-18T03:00:00Z,91.75,1483.8
2025-06-18T03:30:00Z,92.7,1644.05
2025-06-18T04:00:00Z,101.95,1166.4
2025-06-18T04:30:00Z,107.97999999999999,1283.65
2025-06-18T05:00:00Z,103.06,1619.75
2025-06-18T05:30:00Z,107.22,1559.75
2025-06-18T06:00:00Z,108.74,2375.25
2025-06-18T06:30:00Z,108.75,2323.6
2025-06-18T07:00:00Z,109.21,2314.45
2025-06-18T07:30:00Z,109.74,2256.95
2025-06-18T08:00:00Z,108.23,2985.8
2025-06-18T08:30:00Z,100.14,3391.25
2025-06-18T09:00:00Z,102.68,3372.8
2025-06-18T09:30:00Z,98.28,4191.45
2025-06-18T10:00:00Z,90.85,3485.2
2025-06-18T10:30:00Z,87.15,3336.55
2025-06-18T11:00:00Z,83.21,3318.1
2025-06-18T11:30:00Z,80.66,3878.35
2025-06-18T12:00:00Z,82.47,4171.8
2025-06-18T12:30:00Z,76.58,4103.35
2025-06-18T13:00:00Z,78.43,3530.75
2025-06-18T13:30:00Z,80.71,3744.6
2025-06-18T14:00:00Z,88.16,2774.15
2025-06-18T14:30:00Z,95.47,2184.8
2025-06-18T15:00:00Z,99.14,2574.2
2025-06-18T15:30:00Z,95.79,3325.1
2025-06-18T16:00:00Z,98.72,3958.2
2025-06-18T16:30:00Z,91.21,3976.65
2025-06-18T17:00:00Z,109.76,3106.25
2025-06-18T17:30:00Z,112.46000000000001,3510.7
2025-06-18T18:00:00Z,129.44,3450.9
2025-06-18T18:30:00Z,130.9,3430.0
2025-06-18T19:00:00Z,137.85,3317.75
2025-06-18T19:30:00Z,137.34,3138.75
2025-06-18T20:00:00Z,130.58,2987.05
2025-06-18T20:30:00Z,128.14,3209.75
2025-06-18T21:00:00Z,121.50999999999999,2931.7
2025-06-18T21:30:00Z,112.47,2739.2
2025-06-18T22:00:00Z,102.6,2427.7
2025-06-18T22:30:00Z,108.09,2305.95
2025-06-18T23:00:00Z,101.49,2375.1
2025-06-18T23:30:00Z,98.46,2185.15
2025-06-19T00:00:00Z,98.52,1582.0
2025-06-19T00:30:00Z,96.61000000000001,1554.55
2025-06-19T01:00:00Z,96.72,1478.4
2025-06-19T01:30:00Z,94.22,1797.2
2025-06-19T02:00:00Z,88.21,1399.9
2025-06-19T02:30:00Z,84.38,1656.5
2025-06-19T03:00:00Z,90.7,1671.6
2025-06-19T03:30:00Z,88.72,1776.6
2025-06-19T04:00:00Z,83.70999999999998,1709.1
2025-06-19T04:30:00Z,87.95,1805.05
2025-06-19T05:00:00Z,94.53,2123.25
2025-06-19T05:30:00Z,105.73,2101.05
2025-06-19T06:00:00Z,114.12,2115.15
2025-06-19T06:30:00Z,113.64,2285.0
2025-06-19T07:00:00Z,116.59,2113.15
2025-06-19T07:30:00Z,113.45,2001.15
2025-06-19T08:00:00Z,101.27,2182.15
2025-06-19T08:30:00Z,87.07,2178.9
2025-06-19T09:00:00Z,84.8,2167.65
2025-06-19T09:30:00Z,89.42,2323.75
2025-06-19T10:00:00Z,93.46,2295.55
2025-06-19T10:30:00Z,84.84,2408.75
2025-06-19T11:00:00Z,83.05,2255.7
2025-06-19T11:30:00Z,83.94,2181.8
2025-06-19T12:00:00Z,80.03,2037.6
2025-06-19T12:30:00Z,79.37,2187.95
2025-06-19T13:00:00Z,83.12,2187.3
2025-06-19T13:30:00Z,86.02000000000001,3066.5
2025-06-19T14:00:00Z,92.23,2980.05
2025-06-19T14:30:00Z,102.56,2755.7
2025-06-19T15:00:00Z,103.32,2407.8
2025-06-19T15:30:00Z,101.31,2295.8
2025-06-19T16:00:00Z,100.12,3155.2
2025-06-19T16:30:00Z,93.98,3727.25
2025-06-19T17:00:00Z,105.49,3389.95
2025-06-19T17:30:00Z,111.14,3043.75
2025-06-19T18:00:00Z,117.9,3555.3
2025-06-19T18:30:00Z,117.62,3380.85
2025-06-19T19:00:00Z,120.93,3230.1
2025-06-19T19:30:00Z,119.31,3202.1
2025-06-19T20:00:00Z,116.4,2532.95
2025-06-19T20:30:00Z,112.65,2416.95
2025-06-19T21:00:00Z,104.38,2446.85
2025-06-19T21:30:00Z,102.58,2656.6
2025-06-19T22:00:00Z,99.57,2399.5
2025-06-19T22:30:00Z,97.31,2372.55
2025-06-19T23:00:00Z,98.73,2043.65
2025-06-19T23:30:00Z,99.66,1882.35
2025-06-20T00:00:00Z,88.85,1958.4
2025-06-20T00:30:00Z,88.3,1968.4
2025-06-20T01:00:00Z,87.88,1995.8
2025-06-20T01:30:00Z,91.71,2226.5
2025-06-20T02:00:00Z,92.52,1451.2
2025-06-20T02:30:00Z,91.63000000000001,1568.8
2025-06-20T03:00:00Z,91.75,1446.6
2025-06-20T03:30:00Z,92.11,1390.35
2025-06-20T04:00:00Z,96.23,1343.1
2025-06-20T04:30:00Z,101.2,1500.75
2025-06-20T05:00:00Z,100.83,2173.5
2025-06-20T05:30:00Z,116.03,2027.35
2025-06-20T06:00:00Z,124.5,2077.25
2025-06-20T06:30:00Z,121.60999999999999,2544.9
2025-06-20T07:00:00Z,120.01,2389.45
2025-06-20T07:30:00Z,121.88,2532.4
2025-06-20T08:00:00Z,121.37,2477.15
2025-06-20T08:30:00Z,121.92000000000002,2609.0
2025-06-20T09:00:00Z,121.12000000000002,2828.5
2025-06-20T09:30:00Z,121.98,3182.8
2025-06-20T10:00:00Z,108.26,4106.35
2025-06-20T10:30:00Z,104.47,3727.45
2025-06-20T11:00:00Z,102.24,3786.3
2025-06-20T11:30:00Z,97.74,4188.85
2025-06-20T12:00:00Z,88.08,4421.4
2025-06-20T12:30:00Z,82.92,5105.7
2025-06-20T13:00:00Z,88.87,4999.85
2025-06-20T13:30:00Z,83.98,5072.95
2025-06-20T14:00:00Z,82.63,4182.4
2025-06-20T14:30:00Z,83.95,4070.7
2025-06-20T15:00:00Z,82.01,3975.55
2025-06-20T15:30:00Z,85.29,4288.7
2025-06-20T16:00:00Z,101.48,3015.15
2025-06-20T16:30:00Z,85.33,3737.15
2025-06-20T17:00:00Z,114.34,3096.2
2025-06-20T17:30:00Z,113.49,3119.95
2025-06-20T18:00:00Z,117.48999999999998,2711.55
2025-06-20T18:30:00Z,121.06,2893.5
2025-06-20T19:00:00Z,116.36,2645.5
2025-06-20T19:30:00Z,115.05999999999999,2704.8
2025-06-20T20:00:00Z,114.24,2485.05
2025-06-20T20:30:00Z,108.24,2481.05
2025-06-20T21:00:00Z,105.81,2004.25
2025-06-20T21:30:00Z,99.12,2193.05
2025-06-20T22:00:00Z,90.69,2063.15
2025-06-20T22:30:00Z,91.18,1805.2
2025-06-20T23:00:00Z,97.15,1747.15
2025-06-20T23:30:00Z,93.17,1885.9
2025-06-21T00:00:00Z,88.46,2389.55
2025-06-21T00:30:00Z,93.99,2129.6
2025-06-21T01:00:00Z,95.15,1730.0
2025-06-21T01:30:00Z,92.75,1619.9
2025-06-21T02:00:00Z,86.02,1529.75
2025-06-21T02:30:00Z,87.71,1556.55
2025-06-21T03:00:00Z,85.99,1542.65
2025-06-21T03:30:00Z,85.13,1820.55
2025-06-21T04:00:00Z,84.26999999999998,1662.2
2025-06-21T04:30:00Z,87.96,1797.55
2025-06-21T05:00:00Z,85.06000000000002,1673.15
2025-06-21T05:30:00Z,84.29999999999998,1817.65
2025-06-21T06:00:00Z,79.07,1398.65
2025-06-21T06:30:00Z,82.94,1218.75
2025-06-21T07:00:00Z,86.96999999999998,1621.3
2025-06-21T07:30:00Z,85.95,1571.9
2025-06-21T08:00:00Z,75.97,2375.45
2025-06-21T08:30:00Z,74.46,2121.35
2025-06-21T09:00:00Z,73.23,2339.35
2025-06-21T09:30:00Z,70.18,2365.05
2025-06-21T10:00:00Z,76.91,2206.25
2025-06-21T10:30:00Z,86.12,2791.95
2025-06-21T11:00:00Z,98.16,2825.0
2025-06-21T11:30:00Z,98.07,3154.2
2025-06-21T12:00:00Z,102.16999999999999,3207.55
2025-06-21T12:30:00Z,101.97000000000001,3168.0
2025-06-21T13:00:00Z,99.13,3043.5
2025-06-21T13:30:00Z,97.68,3176.7
2025-06-21T14:00:00Z,98.01,3062.65
2025-06-21T14:30:00Z,92.19000000000001,3303.7
2025-06-21T15:00:00Z,88.56,4515.5
2025-06-21T15:30:00Z,87.54,4627.75
2025-06-21T16:00:00Z,92.46,4304.95
2025-06-21T16:30:00Z,88.0,4216.65
2025-06-21T17:00:00Z,97.16,3960.55
2025-06-21T17:30:00Z,99.99,3896.0
2025-06-21T18:00:00Z,120.2,2825.4
2025-06-21T18:30:00Z,117.88999999999999,3196.15
2025-06-21T19:00:00Z,112.61999999999999,3077.3
2025-06-21T19:30:00Z,112.64,2796.8
2025-06-21T20:00:00Z,110.31,3031.8
2025-06-21T20:30:00Z,108.96,3065.3
2025-06-21T21:00:00Z,102.4,2930.6
2025-06-21T21:30:00Z,103.84,3324.65
2025-06-21T22:00:00Z,98.72,2200.4
2025-06-21T22:30:00Z,100.68,2253.4
2025-06-21T23:00:00Z,91.58,2386.8
2025-06-21T23:30:00Z,80.0,2012.3
2025-06-22T00:00:00Z,80.77,2213.0
2025-06-22T00:30:00Z,69.16,2524.1
2025-06-22T01:00:00Z,68.91,2480.65
2025-06-22T01:30:00Z,54.45,2819.9
2025-06-22T02:00:00Z,40.75,2339.5
2025-06-22T02:30:00Z,25.72,2713.0
2025-06-22T03:00:00Z,14.359999999999998,2605.5
2025-06-22T03:30:00Z,8.84,2554.55
2025-06-22T04:00:00Z,6.23,2479.7
2025-06-22T04:30:00Z,0.63,2605.3
2025-06-22T05:00:00Z,-5.56,2404.6
2025-06-22T05:30:00Z,-8.0,2500.2
2025-06-22T06:00:00Z,-22.37,2573.7
2025-06-22T06:30:00Z,-24.45,2813.4
2025-06-22T07:00:00Z,-23.960000000000004,3281.05
2025-06-22T07:30:00Z,-23.19,3218.5
2025-06-22T08:00:00Z,-39.61,3104.85
2025-06-22T08:30:00Z,-39.43,3154.55
2025-06-22T09:00:00Z,-42.66,3095.7
2025-06-22T09:30:00Z,-47.60000000000001,3366.75
2025-06-22T10:00:00Z,-53.260000000000005,3040.2
2025-06-22T10:30:00Z,-55.47,2994.0
2025-06-22T11:00:00Z,-55.96,3640.8
2025-06-22T11:30:00Z,-55.78,3784.5
2025-06-22T12:00:00Z,-49.47,3632.1
2025-06-22T12:30:00Z,-37.96,3733.1
2025-06-22T13:00:00Z,-38.36,4342.65
2025-06-22T13:30:00Z,-35.86,4010.95
2025-06-22T14:00:00Z,-6.23,3433.55
2025-06-22T14:30:00Z,-7.63,3295.05
2025-06-22T15:00:00Z,-17.78,2932.1
2025-06-22T15:30:00Z,-9.74,3221.55
2025-06-22T16:00:00Z,1.84,3298.45
2025-06-22T16:30:00Z,25.75,3625.05
2025-06-22T17:00:00Z,35.22,3832.5
2025-06-22T17:30:00Z,41.43,3380.75
2025-06-22T18:00:00Z,64.6,2980.4
2025-06-22T18:30:00Z,69.66,3105.95
2025-06-22T19:00:00Z,81.91,3296.4
2025-06-22T19:30:00Z,86.06000000000002,3046.85
2025-06-22T20:00:00Z,94.88,2051.35
2025-06-22T20:30:00Z,98.54,2150.2
2025-06-22T21:00:00Z,93.01,2463.55
2025-06-22T21:30:00Z,75.97,2666.55
2025-06-22T22:00:00Z,58.11000000000001,2733.15
2025-06-22T22:30:00Z,47.599999999999994,3068.4
2025-06-22T23:00:00Z,35.88,2746.85
2025-06-22T23:30:00Z,23.98,2790.5
2025-06-23T00:00:00Z,23.29,2877.05
2025-06-23T00:30:00Z,20.67,2771.25
2025-06-23T01:00:00Z,22.17,2687.1
2025-06-23T01:30:00Z,24.14,2763.75
2025-06-23T02:00:00Z,25.180000000000003,1928.75
2025-06-23T02:30:00Z,28.6,2044.15
2025-06-23T03:00:00Z,29.83,2084.6
2025-06-23T03:30:00Z,32.86,2450.3
2025-06-23T04:00:00Z,39.45,2322.4
2025-06-23T04:30:00Z,39.88,2102.85
2025-06-23T05:00:00Z,45.78,3077.1
2025-06-23T05:30:00Z,55.1,2729.35
2025-06-23T06:00:00Z,54.28999999999999,2574.05
2025-06-23T06:30:00Z,52.74000000000001,3082.5
2025-06-23T07:00:00Z,19.78,2652.45
2025-06-23T07:30:00Z,12.57,2509.9
2025-06-23T08:00:00Z,5.88,2763.35
2025-06-23T08:30:00Z,7.96,3313.05
2025-06-23T09:00:00Z,13.2,3610.4
2025-06-23T09:30:00Z,24.25,3948.25
2025-06-23T10:00:00Z,3.67,3913.65
2025-06-23T10:30:00Z,5.68,4048.8
2025-06-23T11:00:00Z,2.58,3349.0
2025-06-23T11:30:00Z,-3.4200000000000004,3333.0
2025-06-23T12:00:00Z,-6.94,3119.05
2025-06-23T12:30:00Z,-8.72,3243.05
2025-06-23T13:00:00Z,12.94,4342.05
2025-06-23T13:30:00Z,9.29,4632.05
2025-06-23T14:00:00Z,12.59,2901.8
2025-06-23T14:30:00Z,10.690000000000001,3093.15
2025-06-23T15:00:00Z,8.55,2865.4
2025-06-23T15:30:00Z,17.09,3008.05
2025-06-23T16:00:00Z,12.09,2484.1
2025-06-23T16:30:00Z,19.77,2492.9
2025-06-23T17:00:00Z,42.55,2783.9
2025-06-23T17:30:00Z,67.75,3005.95
2025-06-23T18:00:00Z,97.72,2775.15
2025-06-23T18:30:00Z,100.66,3045.5
2025-06-23T19:00:00Z,98.96,2520.3
2025-06-23T19:30:00Z,98.44,2516.2
2025-06-23T20:00:00Z,97.98,1919.95
2025-06-23T20:30:00Z,95.12,1902.55
2025-06-23T21:00:00Z,86.49,2284.1
2025-06-23T21:30:00Z,78.97,2320.2
2025-06-23T22:00:00Z,82.93,2135.1
2025-06-23T22:30:00Z,62.82,2065.8
2025-06-23T23:00:00Z,56.87,1883.05
2025-06-23T23:30:00Z,49.660000000000004,1803.65
2025-06-24T00:00:00Z,49.62,2374.85
2025-06-24T00:30:00Z,46.82,2426.05
2025-06-24T01:00:00Z,36.49,2474.75
2025-06-24T01:30:00Z,30.680000000000003,2736.05
2025-06-24T02:00:00Z,22.28,2252.7
2025-06-24T02:30:00Z,31.280000000000005,2873.75
2025-06-24T03:00:00Z,26.900000000000002,3647.8
2025-06-24T03:30:00Z,32.5,3366.25
2025-06-24T04:00:00Z,56.06,2665.7
2025-06-24T04:30:00Z,59.34,3122.0
2025-06-24T05:00:00Z,59.91,2937.3
2025-06-24T05:30:00Z,72.33,3151.15
2025-06-24T06:00:00Z,67.96,3168.0
2025-06-24T06:30:00Z,73.12,3317.55
2025-06-24T07:00:00Z,75.03,2824.5
2025-06-24T07:30:00Z,83.35,2935.8
2025-06-24T08:00:00Z,87.13,2931.7
2025-06-24T08:30:00Z,88.46,3319.4
2025-06-24T09:00:00Z,86.79,3030.0
2025-06-24T09:30:00Z,78.55,3345.8
2025-06-24T10:00:00Z,58.35,4355.1
2025-06-24T10:30:00Z,37.18,4496.7
2025-06-24T11:00:00Z,31.85,4885.0
2025-06-24T11:30:00Z,24.75,4860.5
2025-06-24T12:00:00Z,11.25,5402.25
2025-06-24T12:30:00Z,7.19,5174.8
2025-06-24T13:00:00Z,13.8,5482.35
2025-06-24T13:30:00Z,26.07,6065.5
2025-06-24T14:00:00Z,-0.7,3941.5
2025-06-24T14:30:00Z,12.41,4740.95
2025-06-24T15:00:00Z,18.69,3669.4
2025-06-24T15:30:00Z,56.91,4237.25
2025-06-24T16:00:00Z,75.09,3716.35
2025-06-24T16:30:00Z,86.59,3327.35
2025-06-24T17:00:00Z,82.3,4054.45
2025-06-24T17:30:00Z,84.19,4303.95
2025-06-24T18:00:00Z,90.88,3958.6
2025-06-24T18:30:00Z,103.32,3902.7
2025-06-24T19:00:00Z,107.31,3231.45
2025-06-24T19:30:00Z,108.63,3424.0
2025-06-24T20:00:00Z,105.8,3013.1
2025-06-24T20:30:00Z,104.36,2854.95
2025-06-24T21:00:00Z,97.17,2481.1
2025-06-24T21:30:00Z,86.99,2843.2
2025-06-24T22:00:00Z,74.97,1869.2
2025-06-24T22:30:00Z,72.58,1757.95
2025-06-24T23:00:00Z,81.46,2015.95
2025-06-24T23:30:00Z,88.43,1891.35
2025-06-25T00:00:00Z,90.75,1794.3
2025-06-25T00:30:00Z,94.3,1857.25
2025-06-25T01:00:00Z,93.33,2316.8
2025-06-25T01:30:00Z,87.85,2969.45
2025-06-25T02:00:00Z,91.11,3299.1
2025-06-25T02:30:00Z,84.79,3657.3
2025-06-25T03:00:00Z,97.42,3851.85
2025-06-25T03:30:00Z,95.47,4254.95
2025-06-25T04:00:00Z,103.64,4783.95
2025-06-25T04:30:00Z,102.76,4514.3
2025-06-25T05:00:00Z,105.68,3601.4
2025-06-25T05:30:00Z,111.29,3715.85
2025-06-25T06:00:00Z,112.52,3707.1
2025-06-25T06:30:00Z,112.91,3962.35
2025-06-25T07:00:00Z,104.5,3654.6
2025-06-25T07:30:00Z,104.81,4021.4
2025-06-25T08:00:00Z,98.50000000000001,3315.05
2025-06-25T08:30:00Z,91.59000000000002,3507.6
2025-06-25T09:00:00Z,94.07,3318.35
2025-06-25T09:30:00Z,94.71,3108.55
2025-06-25T10:00:00Z,85.53,3190.55
2025-06-25T10:30:00Z,86.2,2995.9
2025-06-25T11:00:00Z,82.58,2835.1
2025-06-25T11:30:00Z,77.7,2788.55
2025-06-25T12:00:00Z,72.31,3099.85
2025-06-25T12:30:00Z,74.78,3128.2
2025-06-25T13:00:00Z,74.13,3179.55
2025-06-25T13:30:00Z,70.2,3531.7
2025-06-25T14:00:00Z,77.11,3631.9
2025-06-25T14:30:00Z,78.55,4063.3
2025-06-25T15:00:00Z,99.66,4623.95
2025-06-25T15:30:00Z,100.96,4977.4
2025-06-25T16:00:00Z,119.2,5230.2
2025-06-25T16:30:00Z,117.35999999999999,4869.1
2025-06-25T17:00:00Z,144.24,4635.5
2025-06-25T17:30:00Z,146.58,4475.75
2025-06-25T18:00:00Z,162.68,4454.6
2025-06-25T18:30:00Z,161.46,5066.1
2025-06-25T19:00:00Z,168.88,5677.6
2025-06-25T19:30:00Z,150.92,6167.05
2025-06-25T20:00:00Z,114.52,3851.55
2025-06-25T20:30:00Z,110.18000000000002,3884.85
2025-06-25T21:00:00Z,100.49,4346.85
2025-06-25T21:30:00Z,95.79,4372.4
2025-06-25T22:00:00Z,79.46,3627.4
2025-06-25T22:30:00Z,84.22,3843.75
2025-06-25T23:00:00Z,81.82,2597.95
2025-06-25T23:30:00Z,78.94,3024.95
2025-06-26T00:00:00Z,78.91,3155.95
2025-06-26T00:30:00Z,79.09999999999998,3474.5
2025-06-26T01:00:00Z,71.07,2651.45
2025-06-26T01:30:00Z,73.69,2983.25
2025-06-26T02:00:00Z,73.47,2332.95
2025-06-26T02:30:00Z,71.18,2410.45
2025-06-26T03:00:00Z,67.02,2196.05
2025-06-26T03:30:00Z,68.12,2545.15
2025-06-26T04:00:00Z,71.05,2771.85
2025-06-26T04:30:00Z,70.83,2315.4
2025-06-26T05:00:00Z,81.16,2882.05
2025-06-26T05:30:00Z,87.99,3408.2
2025-06-26T06:00:00Z,82.78,3067.3
2025-06-26T06:30:00Z,95.22,3058.55
2025-06-26T07:00:00Z,93.16000000000001,3129.2
2025-06-26T07:30:00Z,90.9,3137.7
2025-06-26T08:00:00Z,70.71,3464.7
2025-06-26T08:30:00Z,72.39,3279.35
2025-06-26T09:00:00Z,72.51,3667.8
2025-06-26T09:30:00Z,66.65,4639.0
2025-06-26T10:00:00Z,45.89,5053.3
2025-06-26T10:30:00Z,31.520000000000003,5315.1
2025-06-26T11:00:00Z,23.23,5599.9
2025-06-26T11:30:00Z,19.23,5333.55
2025-06-26T12:00:00Z,2.19,4548.45
2025-06-26T12:30:00Z,-2.18,4333.9
2025-06-26T13:00:00Z,-4.05,4391.65
2025-06-26T13:30:00Z,-7.569999999999999,4442.2
2025-06-26T14:00:00Z,-16.53,4266.4
2025-06-26T14:30:00Z,-7.950000000000001,4647.75
2025-06-26T15:00:00Z,0.62,3883.45
2025-06-26T15:30:00Z,20.18,4886.7
2025-06-26T16:00:00Z,40.66,3851.6
2025-06-26T16:30:00Z,59.84,3648.5
2025-06-26T17:00:00Z,53.13,3587.1
2025-06-26T17:30:00Z,55.58,3912.85
2025-06-26T18:00:00Z,69.09,3566.65
2025-06-26T18:30:00Z,78.96,3136.7
2025-06-26T19:00:00Z,79.33,3485.25
2025-06-26T19:30:00Z,81.72,3248.3
2025-06-26T20:00:00Z,89.76,3061.6
2025-06-26T20:30:00Z,90.27,3244.65
2025-06-26T21:00:00Z,89.78,3247.9
2025-06-26T21:30:00Z,89.4,2946.3
2025-06-26T22:00:00Z,93.17,2512.45
2025-06-26T22:30:00Z,85.04,3407.9
2025-06-26T23:00:00Z,88.24,2583.9
2025-06-26T23:30:00Z,88.44,2362.7
2025-06-27T00:00:00Z,83.03,2146.4
2025-06-27T00:30:00Z,83.23,2172.3
2025-06-27T01:00:00Z,86.18,2368.55
2025-06-27T01:30:00Z,71.94,3193.2
2025-06-27T02:00:00Z,69.1,2648.65
2025-06-27T02:30:00Z,68.22,2059.15
2025-06-27T03:00:00Z,74.65,1534.7
2025-06-27T03:30:00Z,73.17,1375.9
2025-06-27T04:00:00Z,78.45,766.1
2025-06-27T04:30:00Z,78.23,737.75
2025-06-27T05:00:00Z,80.39,595.0
2025-06-27T05:30:00Z,78.5,547.4
2025-06-27T06:00:00Z,87.68,133.1
2025-06-27T06:30:00Z,87.68,133.1
2025-06-27T07:00:00Z,87.68,133.1
2025-06-27T07:30:00Z,87.68,133.1
2025-06-27T08:00:00Z,0.0,0.0
2025-06-27T08:30:00Z,0.0,0.0
2025-06-27T09:00:00Z,83.74,26.15
2025-06-27T09:30:00Z,83.62,34.55
2025-06-27T10:00:00Z,0.0,0.0
2025-06-27T10:30:00Z,38.01,45.7
2025-06-27T11:00:00Z,43.27,136.25
2025-06-27T11:30:00Z,35.13,424.65
2025-06-27T12:00:00Z,28.77,458.15
2025-06-27T12:30:00Z,20.58,871.65
2025-06-27T13:00:00Z,19.02,1026.6
2025-06-27T13:30:00Z,10.11,1599.7
2025-06-27T14:00:00Z,13.250000000000002,860.45
2025-06-27T14:30:00Z,16.61,1286.85
2025-06-27T15:00:00Z,34.92,1434.7
2025-06-27T15:30:00Z,44.62,2085.8
2025-06-27T16:00:00Z,63.92,1867.1
2025-06-27T16:30:00Z,60.81,2427.9
2025-06-27T17:00:00Z,72.99,2826.25
2025-06-27T17:30:00Z,78.55,3382.85
2025-06-27T18:00:00Z,93.09999999999998,3058.35
2025-06-27T18:30:00Z,92.54,3199.55
2025-06-27T19:00:00Z,95.34000000000002,3203.25
2025-06-27T19:30:00Z,90.68,3674.5
2025-06-27T20:00:00Z,76.21,3123.4
2025-06-27T20:30:00Z,68.5,2805.5
2025-06-27T21:00:00Z,51.9,3011.05
2025-06-27T21:30:00Z,49.06,3406.05
2025-06-27T22:00:00Z,26.61,3000.65
2025-06-27T22:30:00Z,15.280000000000001,2511.1
2025-06-27T23:00:00Z,18.6,2317.15
2025-06-27T23:30:00Z,11.73,1874.15
2025-06-28T00:00:00Z,4.17,1772.5
2025-06-28T00:30:00Z,5.06,1933.65
2025-06-28T01:00:00Z,5.16,1890.95
2025-06-28T01:30:00Z,1.27,1806.7
2025-06-28T02:00:00Z,-4.61,1688.75
2025-06-28T02:30:00Z,-2.03,1763.6
2025-06-28T03:00:00Z,-2.0,1681.65
2025-06-28T03:30:00Z,-0.53,1808.75
2025-06-28T04:00:00Z,0.34,1812.4
2025-06-28T04:30:00Z,1.7900000000000003,1537.6
2025-06-28T05:00:00Z,7.61,2104.1
2025-06-28T05:30:00Z,7.66,2051.1
2025-06-28T06:00:00Z,2.88,2156.45
2025-06-28T06:30:00Z,2.51,2585.8
2025-06-28T07:00:00Z,-12.52,2319.3
2025-06-28T07:30:00Z,-10.07,2071.25
2025-06-28T08:00:00Z,-12.59,2461.3
2025-06-28T08:30:00Z,-14.01,2767.85
2025-06-28T09:00:00Z,-12.38,3012.4
2025-06-28T09:30:00Z,-15.28,2865.65
2025-06-28T10:00:00Z,-17.0,3144.55
2025-06-28T10:30:00Z,-20.47,2926.75
2025-06-28T11:00:00Z,-23.92,3038.15
2025-06-28T11:30:00Z,-26.260000000000005,3083.35
2025-06-28T12:00:00Z,-30.860000000000003,3161.1
2025-06-28T12:30:00Z,-33.59,3183.5
2025-06-28T13:00:00Z,-36.32,2743.05
2025-06-28T13:30:00Z,-38.38,2867.25
2025-06-28T14:00:00Z,-43.6,2957.8
2025-06-28T14:30:00Z,-45.13,2875.45
2025-06-28T15:00:00Z,-50.65,3305.95
2025-06-28T15:30:00Z,-38.46,3369.65
2025-06-28T16:00:00Z,-20.52,3046.15
2025-06-28T16:30:00Z,0.17,3762.95
2025-06-28T17:00:00Z,50.04,3669.2
2025-06-28T17:30:00Z,52.61,2869.8
2025-06-28T18:00:00Z,83.04,1806.15
2025-06-28T18:30:00Z,84.44,1601.75
2025-06-28T19:00:00Z,86.55,1382.7
2025-06-28T19:30:00Z,86.51,1288.45
2025-06-28T20:00:00Z,87.34,1237.15
2025-06-28T20:30:00Z,88.33,1147.45
2025-06-28T21:00:00Z,84.63,1018.2
2025-06-28T21:30:00Z,83.69,1096.0
2025-06-28T22:00:00Z,0.0,0.0
2025-06-28T22:30:00Z,0.0,0.0
2025-06-28T23:00:00Z,0.0,0.0
2025-06-28T23:30:00Z,0.0,0.0
2025-06-29T00:00:00Z,0.0,0.0
2025-06-29T00:30:00Z,0.0,0.0
2025-06-29T01:00:00Z,0.0,0.0
2025-06-29T01:30:00Z,8.78,474.75
2025-06-29T02:00:00Z,55.77,1923.0
2025-06-29T02:30:00Z,63.12,1851.75
2025-06-29T03:00:00Z,46.4,1869.6
2025-06-29T03:30:00Z,47.69,1957.8
2025-06-29T04:00:00Z,49.95,2214.0
2025-06-29T04:30:00Z,46.5,2238.45
2025-06-29T05:00:00Z,33.09,2518.25
2025-06-29T05:30:00Z,34.4,2376.45
2025-06-29T06:00:00Z,8.27,2468.65
2025-06-29T06:30:00Z,13.400000000000002,2513.7
2025-06-29T07:00:00Z,7.35,2492.9
2025-06-29T07:30:00Z,17.89,2833.05
2025-06-29T08:00:00Z,35.46,2846.35
2025-06-29T08:30:00Z,47.65,2685.35
2025-06-29T09:00:00Z,58.1,2226.8
2025-06-29T09:30:00Z,68.79,2215.3
2025-06-29T10:00:00Z,97.49,2190.55
2025-06-29T10:30:00Z,95.77,2215.25
2025-06-29T11:00:00Z,95.37,2016.45
2025-06-29T11:30:00Z,93.96,1703.45
2025-06-29T12:00:00Z,97.03,1702.0
2025-06-29T12:30:00Z,96.75,1649.8
2025-06-29T13:00:00Z,94.41,1841.45
2025-06-29T13:30:00Z,90.98,1974.95
2025-06-29T14:00:00Z,81.29,2155.75
2025-06-29T14:30:00Z,81.23,2365.6
2025-06-29T15:00:00Z,78.8,2306.65
2025-06-29T15:30:00Z,83.2,2380.1
2025-06-29T16:00:00Z,80.21,2024.25
2025-06-29T16:30:00Z,73.71,2265.1
2025-06-29T17:00:00Z,79.67,2332.55
2025-06-29T17:30:00Z,81.02,2718.3
2025-06-29T18:00:00Z,93.05,2741.8
2025-06-29T18:30:00Z,95.52999999999999,2752.15
2025-06-29T19:00:00Z,99.29,3109.65
2025-06-29T19:30:00Z,99.29,3214.9
2025-06-29T20:00:00Z,98.85,2253.6
2025-06-29T20:30:00Z,100.26,1968.8
2025-06-29T21:00:00Z,98.68,1811.95
2025-06-29T21:30:00Z,89.02,2751.65
2025-06-29T22:00:00Z,79.8,1596.9
2025-06-29T22:30:00Z,84.47,1573.85
2025-06-29T23:00:00Z,87.91,1126.4
2025-06-29T23:30:00Z,85.49,1325.85
2025-06-30T00:00:00Z,75.25,1316.8
2025-06-30T00:30:00Z,70.27,1497.3
2025-06-30T01:00:00Z,68.74,1379.7
2025-06-30T01:30:00Z,65.14,2187.85
2025-06-30T02:00:00Z,71.73,1668.1
2025-06-30T02:30:00Z,64.21,1584.3
2025-06-30T03:00:00Z,61.0,1791.1
2025-06-30T03:30:00Z,63.68,1931.9
2025-06-30T04:00:00Z,75.44,1692.0
2025-06-30T04:30:00Z,79.91000000000001,1731.1
2025-06-30T05:00:00Z,87.29,2079.55
2025-06-30T05:30:00Z,92.25,2103.0
2025-06-30T06:00:00Z,82.21,2246.5
2025-06-30T06:30:00Z,88.11,2287.05
2025-06-30T07:00:00Z,75.95,2045.35
2025-06-30T07:30:00Z,75.33,2562.9
2025-06-30T08:00:00Z,75.27,2286.3
2025-06-30T08:30:00Z,80.32,2324.6
2025-06-30T09:00:00Z,74.57,2321.7
2025-06-30T09:30:00Z,72.02,1923.0
2025-06-30T10:00:00Z,69.12,2114.1
2025-06-30T10:30:00Z,65.65,2663.15
2025-06-30T11:00:00Z,68.66,2616.9
2025-06-30T11:30:00Z,67.32,2367.55
2025-06-30T12:00:00Z,70.11,2512.1
2025-06-30T12:30:00Z,74.54,3042.3
2025-06-30T13:00:00Z,78.48,3306.4
2025-06-30T13:30:00Z,76.11,3549.95
2025-06-30T14:00:00Z,88.77,3562.35
2025-06-30T14:30:00Z,86.54000000000002,3484.95
2025-06-30T15:00:00Z,95.66,3565.5
2025-06-30T15:30:00Z,85.37,4442.4
2025-06-30T16:00:00Z,143.43,5298.4
2025-06-30T16:30:00Z,145.87,5580.4
2025-06-30T17:00:00Z,170.36000000000004,6670.65
2025-06-30T17:30:00Z,184.55,7473.6
2025-06-30T18:00:00Z,208.36,6365.05
2025-06-30T18:30:00Z,205.45,6431.7
2025-06-30T19:00:00Z,190.86,5843.1
2025-06-30T19:30:00Z,165.05,6479.3
2025-06-30T20:00:00Z,132.64,3810.25
2025-06-30T20:30:00Z,119.17,4333.8
2025-06-30T21:00:00Z,115.74,4309.2
2025-06-30T21:30:00Z,108.66,4243.35
2025-06-30T22:00:00Z,99.11,2253.7
2025-06-30T22:30:00Z,96.11,1831.2
2025-06-30T23:00:00Z,92.1,2072.45
2025-06-30T23:30:00Z,91.43,2341.7
2025-07-01T00:00:00Z,80.01,2141.0
2025-07-01T00:30:00Z,77.31,2676.9
2025-07-01T01:00:00Z,72.36,2756.45
2025-07-01T01:30:00Z,70.26,2837.55
2025-07-01T02:00:00Z,73.18,2412.85
2025-07-01T02:30:00Z,78.7,2946.55
2025-07-01T03:00:00Z,73.3,3262.9
2025-07-01T03:30:00Z,74.62,3237.5
2025-07-01T04:00:00Z,96.12,2334.4
2025-07-01T04:30:00Z,100.06,2447.45
2025-07-01T05:00:00Z,103.54999999999998,2642.55
2025-07-01T05:30:00Z,114.69,2965.75
2025-07-01T06:00:00Z,89.63,2859.0
2025-07-01T06:30:00Z,95.18,3445.8
2025-07-01T07:00:00Z,93.97,2745.1
2025-07-01T07:30:00Z,86.71,2924.9
2025-07-01T08:00:00Z,69.53,2990.2
2025-07-01T08:30:00Z,73.11,3690.85
2025-07-01T09:00:00Z,73.92,3525.2
2025-07-01T09:30:00Z,76.73,3720.05
2025-07-01T10:00:00Z,72.73,3374.15
2025-07-01T10:30:00Z,70.72,3123.65
2025-07-01T11:00:00Z,70.35,3351.45
2025-07-01T11:30:00Z,68.75,3242.15
2025-07-01T12:00:00Z,69.76999999999998,3779.0
2025-07-01T12:30:00Z,69.33,3890.9
2025-07-01T13:00:00Z,71.8,3943.45
2025-07-01T13:30:00Z,68.44,4085.6
2025-07-01T14:00:00Z,85.66999999999999,3824.5
2025-07-01T14:30:00Z,81.95,3422.95
2025-07-01T15:00:00Z,92.47,3821.4
2025-07-01T15:30:00Z,89.41,3955.2
2025-07-01T16:00:00Z,146.54,4366.0
2025-07-01T16:30:00Z,138.93,5274.5
2025-07-01T17:00:00Z,217.96,5554.85
2025-07-01T17:30:00Z,218.31,5621.75
2025-07-01T18:00:00Z,230.86,4903.8
2025-07-01T18:30:00Z,225.82000000000002,5339.85
2025-07-01T19:00:00Z,204.05,5754.1
2025-07-01T19:30:00Z,201.25,5032.75
2025-07-01T20:00:00Z,147.93,4636.25
2025-07-01T20:30:00Z,146.36,3767.05
2025-07-01T21:00:00Z,120.82000000000001,3068.8
2025-07-01T21:30:00Z,112.92,3531.45
2025-07-01T22:00:00Z,85.36,1880.8
2025-07-01T22:30:00Z,85.29999999999998,1680.55
2025-07-01T23:00:00Z,110.7,2362.5
2025-07-01T23:30:00Z,97.57,2730.1
2025-07-02T00:00:00Z,90.43,1994.45
2025-07-02T00:30:00Z,85.95,2116.25
2025-07-02T01:00:00Z,79.35,2177.95
2025-07-02T01:30:00Z,77.06,2702.85
2025-07-02T02:00:00Z,73.49,1625.25
2025-07-02T02:30:00Z,70.44,2061.45
2025-07-02T03:00:00Z,69.69,2045.7
2025-07-02T03:30:00Z,68.86,2193.5
2025-07-02T04:00:00Z,71.57,1851.65
2025-07-02T04:30:00Z,75.08,1557.05
2025-07-02T05:00:00Z,80.51,2238.4
2025-07-02T05:30:00Z,90.38,2584.65
2025-07-02T06:00:00Z,86.61,2473.35
2025-07-02T06:30:00Z,88.76,2599.75
2025-07-02T07:00:00Z,78.27,2064.05
2025-07-02T07:30:00Z,83.94,2384.55
2025-07-02T08:00:00Z,74.06,3281.55
2025-07-02T08:30:00Z,79.84,3071.6
2025-07-02T09:00:00Z,83.1,3132.7
2025-07-02T09:30:00Z,81.05,3964.55
2025-07-02T10:00:00Z,69.34,3448.6
2025-07-02T10:30:00Z,70.0,3800.55
2025-07-02T11:00:00Z,64.35,3701.15
2025-07-02T11:30:00Z,64.84,4104.85
2025-07-02T12:00:00Z,73.86,4102.15
2025-07-02T12:30:00Z,69.5,4471.15
2025-07-02T13:00:00Z,67.84,4489.35
2025-07-02T13:30:00Z,63.8,4443.85
2025-07-02T14:00:00Z,71.42,5084.45
2025-07-02T14:30:00Z,72.95,5074.5
2025-07-02T15:00:00Z,67.62,4333.65
2025-07-02T15:30:00Z,66.86,4352.35
2025-07-02T16:00:00Z,73.89,4780.4
2025-07-02T16:30:00Z,76.77,4206.05
2025-07-02T17:00:00Z,75.91,4659.4
2025-07-02T17:30:00Z,81.11,5553.75
2025-07-02T18:00:00Z,86.96,5656.55
2025-07-02T18:30:00Z,81.87,4998.25
2025-07-02T19:00:00Z,80.68,4801.85
2025-07-02T19:30:00Z,78.83,4894.65
2025-07-02T20:00:00Z,75.71,5417.7
2025-07-02T20:30:00Z,76.8,5167.95
2025-07-02T21:00:00Z,75.2,5319.5
2025-07-02T21:30:00Z,75.21,5343.35
2025-07-02T22:00:00Z,89.87,2760.15
2025-07-02T22:30:00Z,93.56,3685.05
2025-07-02T23:00:00Z,91.74,2362.0
2025-07-02T23:30:00Z,95.93,2635.3
2025-07-03T00:00:00Z,91.18,2025.0
2025-07-03T00:30:00Z,87.54,2148.65
2025-07-03T01:00:00Z,82.06,2125.0
2025-07-03T01:30:00Z,83.33,2365.75
2025-07-03T02:00:00Z,92.41,2221.05
2025-07-03T02:30:00Z,92.44,2234.3
2025-07-03T03:00:00Z,90.82,2206.4
2025-07-03T03:30:00Z,90.05,2268.6
2025-07-03T04:00:00Z,103.93,2411.75
2025-07-03T04:30:00Z,107.79,2259.5
2025-07-03T05:00:00Z,96.61,2565.45
2025-07-03T05:30:00Z,108.15999999999998,2480.15
2025-07-03T06:00:00Z,109.88,2892.9
2025-07-03T06:30:00Z,110.62,3307.05
2025-07-03T07:00:00Z,95.49,2677.7
2025-07-03T07:30:00Z,90.36,2814.05
2025-07-03T08:00:00Z,80.51,2716.2
2025-07-03T08:30:00Z,81.49,2776.85
2025-07-03T09:00:00Z,83.13,3055.2
2025-07-03T09:30:00Z,80.12,3733.7
2025-07-03T10:00:00Z,66.96,3858.8
2025-07-03T10:30:00Z,68.18,3830.9
2025-07-03T11:00:00Z,65.45,4250.7
2025-07-03T11:30:00Z,58.66,4200.4
2025-07-03T12:00:00Z,68.99,4508.0
2025-07-03T12:30:00Z,67.37,4033.8
2025-07-03T13:00:00Z,62.459999999999994,4403.45
2025-07-03T13:30:00Z,61.92,4986.85
2025-07-03T14:00:00Z,68.12,2875.4
2025-07-03T14:30:00Z,71.49,3222.65
2025-07-03T15:00:00Z,71.92,2684.05
2025-07-03T15:30:00Z,69.47,2891.5
2025-07-03T16:00:00Z,71.4,2844.25
2025-07-03T16:30:00Z,60.07999999999999,3357.95
2025-07-03T17:00:00Z,74.53,3416.8
2025-07-03T17:30:00Z,71.52,3568.9
2025-07-03T18:00:00Z,75.81,3597.1
2025-07-03T18:30:00Z,82.27,4075.4
2025-07-03T19:00:00Z,87.5,3529.55
2025-07-03T19:30:00Z,87.05,3430.7
2025-07-03T20:00:00Z,89.46,3478.35
2025-07-03T20:30:00Z,91.20000000000002,3428.0
2025-07-03T21:00:00Z,87.95,3172.65
2025-07-03T21:30:00Z,77.77,3127.55
2025-07-03T22:00:00Z,60.63999999999999,2468.3
2025-07-03T22:30:00Z,80.18,2111.3
2025-07-03T23:00:00Z,77.39,2337.5
2025-07-03T23:30:00Z,80.01,2330.4
2025-07-04T00:00:00Z,80.3,1846.05
2025-07-04T00:30:00Z,80.42,1890.85
2025-07-04T01:00:00Z,77.97,1772.05
2025-07-04T01:30:00Z,76.54,1784.05
2025-07-04T02:00:00Z,72.37,1682.45
2025-07-04T02:30:00Z,69.23,1739.15
2025-07-04T03:00:00Z,71.88,1561.35
2025-07-04T03:30:00Z,68.79,1561.4
2025-07-04T04:00:00Z,71.36,1342.45
2025-07-04T04:30:00Z,73.98,1348.0
2025-07-04T05:00:00Z,81.67,1920.45
2025-07-04T05:30:00Z,86.93,2338.75
2025-07-04T06:00:00Z,84.24,2486.0
2025-07-04T06:30:00Z,83.56,2631.0
2025-07-04T07:00:00Z,67.76,2554.95
2025-07-04T07:30:00Z,60.690000000000005,2345.2
2025-07-04T08:00:00Z,33.81,2101.25
2025-07-04T08:30:00Z,23.39,2232.15
2025-07-04T09:00:00Z,26.18,3016.25
2025-07-04T09:30:00Z,13.220000000000002,3047.75
2025-07-04T10:00:00Z,-0.07,2985.0
2025-07-04T10:30:00Z,-8.89,3318.35
2025-07-04T11:00:00Z,-5.17,3210.95
2025-07-04T11:30:00Z,-12.239999999999998,2938.5
2025-07-04T12:00:00Z,-13.839999999999998,2605.3
2025-07-04T12:30:00Z,-18.26,2959.45
2025-07-04T13:00:00Z,-19.13,3309.4
2025-07-04T13:30:00Z,-21.77,2946.1
2025-07-04T14:00:00Z,-26.17,3300.4
2025-07-04T14:30:00Z,-21.32,3330.4
2025-07-04T15:00:00Z,16.91,4381.15
2025-07-04T15:30:00Z,34.16,4303.2
2025-07-04T16:00:00Z,54.69,3603.2
2025-07-04T16:30:00Z,60.12,3456.55
2025-07-04T17:00:00Z,73.64,3164.85
2025-07-04T17:30:00Z,77.49,3154.35
2025-07-04T18:00:00Z,93.35,3003.35
2025-07-04T18:30:00Z,95.05,3414.7
2025-07-04T19:00:00Z,84.67,3011.9
2025-07-04T19:30:00Z,79.17,2819.65
2025-07-04T20:00:00Z,71.6,2536.7
2025-07-04T20:30:00Z,64.59,2875.1
2025-07-04T21:00:00Z,63.97,3099.0
2025-07-04T21:30:00Z,55.49000000000001,2717.7
2025-07-04T22:00:00Z,11.91,2520.65
2025-07-04T22:30:00Z,11.13,2101.6
2025-07-04T23:00:00Z,13.79,1869.25
2025-07-04T23:30:00Z,11.1,1762.4
2025-07-05T00:00:00Z,17.08,2268.75
2025-07-05T00:30:00Z,18.48,2015.05
2025-07-05T01:00:00Z,21.37,2367.15
2025-07-05T01:30:00Z,17.1,2217.85
2025-07-05T02:00:00Z,13.4,2063.2
2025-07-05T02:30:00Z,14.03,1725.6
2025-07-05T03:00:00Z,13.31,1915.95
2025-07-05T03:30:00Z,11.42,1773.25
2025-07-05T04:00:00Z,16.54,1851.55
2025-07-05T04:30:00Z,17.79,1636.2
2025-07-05T05:00:00Z,16.26,2010.45
2025-07-05T05:30:00Z,23.84,2385.9
2025-07-05T06:00:00Z,0.14,1781.7
2025-07-05T06:30:00Z,8.34,2310.8
2025-07-05T07:00:00Z,-10.01,1540.8
2025-07-05T07:30:00Z,-8.89,1619.7
2025-07-05T08:00:00Z,-10.41,1363.85
2025-07-05T08:30:00Z,-11.24,1282.55
2025-07-05T09:00:00Z,-11.61,1687.3
2025-07-05T09:30:00Z,-11.11,1745.95
2025-07-05T10:00:00Z,-6.0,1883.75
2025-07-05T10:30:00Z,2.71,2428.65
2025-07-05T11:00:00Z,-5.98,2183.7
2025-07-05T11:30:00Z,-0.65,2319.35
2025-07-05T12:00:00Z,5.49,2666.3
2025-07-05T12:30:00Z,-0.28,2434.3
2025-07-05T13:00:00Z,5.709999999999999,2929.35
2025-07-05T13:30:00Z,0.05,2958.55
2025-07-05T14:00:00Z,-4.9,2317.65
2025-07-05T14:30:00Z,-9.19,2481.35
2025-07-05T15:00:00Z,-17.46,2683.85
2025-07-05T15:30:00Z,-5.56,2355.8
2025-07-05T16:00:00Z,3.8000000000000003,2279.55
2025-07-05T16:30:00Z,30.46,2353.45
2025-07-05T17:00:00Z,28.22,2585.95
2025-07-05T17:30:00Z,55.01,2683.6
2025-07-05T18:00:00Z,64.0,3036.65
2025-07-05T18:30:00Z,69.93,2885.7
2025-07-05T19:00:00Z,66.92,2824.85
2025-07-05T19:30:00Z,78.2,3060.0
2025-07-05T20:00:00Z,92.25,3075.65
2025-07-05T20:30:00Z,93.2,3005.7
2025-07-05T21:00:00Z,92.4,2610.25
2025-07-05T21:30:00Z,90.88,2683.6
2025-07-05T22:00:00Z,87.59,1467.55
2025-07-05T22:30:00Z,87.15999999999998,1507.15
2025-07-05T23:00:00Z,81.19,1988.4
2025-07-05T23:30:00Z,81.0,1735.3
2025-07-06T00:00:00Z,83.17,1548.0
2025-07-06T00:30:00Z,76.53,1773.85
2025-07-06T01:00:00Z,75.16,1505.15
2025-07-06T01:30:00Z,69.44,1848.15
2025-07-06T02:00:00Z,77.63000000000001,1738.5
2025-07-06T02:30:00Z,82.71000000000001,1647.05
2025-07-06T03:00:00Z,96.24,2272.95
2025-07-06T03:30:00Z,96.45,2551.15
2025-07-06T04:00:00Z,94.48,2526.9
2025-07-06T04:30:00Z,91.62,2669.8
2025-07-06T05:00:00Z,89.3,3415.05
2025-07-06T05:30:00Z,93.29,3705.6
2025-07-06T06:00:00Z,91.42,3610.4
2025-07-06T06:30:00Z,94.02999999999999,3280.6
2025-07-06T07:00:00Z,95.51,3311.55
2025-07-06T07:30:00Z,94.45,3866.6
2025-07-06T08:00:00Z,93.12,3573.6
2025-07-06T08:30:00Z,93.35,3633.5
2025-07-06T09:00:00Z,91.45,3939.1
2025-07-06T09:30:00Z,93.06,3797.8
2025-07-06T10:00:00Z,85.01,3765.35
2025-07-06T10:30:00Z,85.81,3587.8
2025-07-06T11:00:00Z,88.47,3245.4
2025-07-06T11:30:00Z,86.5,3518.55
2025-07-06T12:00:00Z,87.57,3660.25
2025-07-06T12:30:00Z,85.58,3454.4
2025-07-06T13:00:00Z,82.17,3759.2
2025-07-06T13:30:00Z,73.61,3901.7
2025-07-06T14:00:00Z,77.27,3933.6
2025-07-06T14:30:00Z,80.82,3866.5
2025-07-06T15:00:00Z,83.38,3715.55
2025-07-06T15:30:00Z,86.84,3775.15
2025-07-06T16:00:00Z,96.2,3765.7
2025-07-06T16:30:00Z,91.13,3291.4
2025-07-06T17:00:00Z,105.52999999999999,3068.65
2025-07-06T17:30:00Z,106.84,3416.0
2025-07-06T18:00:00Z,107.88,2681.75
2025-07-06T18:30:00Z,106.83,2608.15
2025-07-06T19:00:00Z,107.01000000000002,2734.1
2025-07-06T19:30:00Z,102.71000000000001,3292.0
2025-07-06T20:00:00Z,97.2,2697.65
2025-07-06T20:30:00Z,97.15,2857.05
2025-07-06T21:00:00Z,100.51,2596.25
2025-07-06T21:30:00Z,101.14,2816.0
2025-07-06T22:00:00Z,91.34,2985.35
2025-07-06T22:30:00Z,89.56,2598.4
2025-07-06T23:00:00Z,86.31,2116.8
2025-07-06T23:30:00Z,88.29,2323.5
2025-07-07T00:00:00Z,87.21,2526.05
2025-07-07T00:30:00Z,85.86,2437.3
2025-07-07T01:00:00Z,84.98,2270.35
2025-07-07T01:30:00Z,80.89,2572.9
2025-07-07T02:00:00Z,75.61,1526.6
2025-07-07T02:30:00Z,83.27,1462.25
2025-07-07T03:00:00Z,84.33,1215.15
2025-07-07T03:30:00Z,81.53,1283.35
2025-07-07T04:00:00Z,84.75,1189.95
2025-07-07T04:30:00Z,91.07,1597.4
2025-07-07T05:00:00Z,86.55,2288.95
2025-07-07T05:30:00Z,83.84,2595.0
2025-07-07T06:00:00Z,91.72,2408.25
2025-07-07T06:30:00Z,89.29,2645.45
2025-07-07T07:00:00Z,80.01,2681.6
2025-07-07T07:30:00Z,68.75,2606.1
2025-07-07T08:00:00Z,58.67,2672.4
2025-07-07T08:30:00Z,47.15,2195.3
2025-07-07T09:00:00Z,40.68,2848.45
2025-07-07T09:30:00Z,38.67,3153.25
2025-07-07T10:00:00Z,40.59,4697.95
2025-07-07T10:30:00Z,43.11,5382.7
2025-07-07T11:00:00Z,17.56,5130.35
2025-07-07T11:30:00Z,16.5,4734.7
2025-07-07T12:00:00Z,16.44,4289.95
2025-07-07T12:30:00Z,6.29,4217.25
2025-07-07T13:00:00Z,5.8,4821.8
2025-07-07T13:30:00Z,3.9099999999999997,4965.7
2025-07-07T14:00:00Z,-1.27,2836.5
2025-07-07T14:30:00Z,7.44,3273.9
2025-07-07T15:00:00Z,17.73,3669.75
2025-07-07T15:30:00Z,38.76,3947.95
2025-07-07T16:00:00Z,54.54,3258.45
2025-07-07T16:30:00Z,58.66,3909.3
2025-07-07T17:00:00Z,65.72,2762.1
2025-07-07T17:30:00Z,74.82,3291.6
2025-07-07T18:00:00Z,90.98,2528.05
2025-07-07T18:30:00Z,97.95,2748.85
2025-07-07T19:00:00Z,101.86,2816.3
2025-07-07T19:30:00Z,102.18000000000002,2671.95
2025-07-07T20:00:00Z,96.72,2325.95
2025-07-07T20:30:00Z,84.5,2761.0
2025-07-07T21:00:00Z,92.73,2213.45
2025-07-07T21:30:00Z,80.17,1905.7
2025-07-07T22:00:00Z,76.11,2356.5
2025-07-07T22:30:00Z,72.26,2719.25
2025-07-07T23:00:00Z,73.08,2257.85
2025-07-07T23:30:00Z,79.03,2459.2
2025-07-08T00:00:00Z,63.37,1955.5
2025-07-08T00:30:00Z,59.87,1934.0
2025-07-08T01:00:00Z,74.83,2407.0
2025-07-08T01:30:00Z,72.27,2764.95
2025-07-08T02:00:00Z,63.93,2754.0
2025-07-08T02:30:00Z,69.33,2420.65
2025-07-08T03:00:00Z,70.69,2291.7
2025-07-08T03:30:00Z,70.4,2534.2
2025-07-08T04:00:00Z,61.90999999999999,2381.4
2025-07-08T04:30:00Z,53.89,3145.05
2025-07-08T05:00:00Z,77.37,2465.45
2025-07-08T05:30:00Z,91.19,2774.7
2025-07-08T06:00:00Z,89.4,2055.55
2025-07-08T06:30:00Z,91.66,2468.9
2025-07-08T07:00:00Z,94.65,2064.95
2025-07-08T07:30:00Z,82.58,2889.3
2025-07-08T08:00:00Z,76.91,2426.3
2025-07-08T08:30:00Z,69.21,2585.95
2025-07-08T09:00:00Z,69.47,2119.4
2025-07-08T09:30:00Z,73.14,2849.8
2025-07-08T10:00:00Z,65.02,2810.8
2025-07-08T10:30:00Z,60.90999999999999,2883.95
2025-07-08T11:00:00Z,60.87,3225.25
2025-07-08T11:30:00Z,56.2,2195.5
2025-07-08T12:00:00Z,52.19,2561.15
2025-07-08T12:30:00Z,55.52,2800.1
2025-07-08T13:00:00Z,48.65,2644.2
2025-07-08T13:30:00Z,52.16,2913.4
2025-07-08T14:00:00Z,59.05,3778.65
2025-07-08T14:30:00Z,69.0,3652.6
2025-07-08T15:00:00Z,66.63,3640.85
2025-07-08T15:30:00Z,64.49,3896.95
2025-07-08T16:00:00Z,77.32,3203.2
2025-07-08T16:30:00Z,69.04,3278.5
2025-07-08T17:00:00Z,80.72,2958.8
2025-07-08T17:30:00Z,86.44,3109.4
2025-07-08T18:00:00Z,102.47,2604.25
2025-07-08T18:30:00Z,102.92051533202735,2501.3
2025-07-08T19:00:00Z,102.16,2175.8
2025-07-08T19:30:00Z,102.88,2463.15
2025-07-08T20:00:00Z,102.1,2365.65
2025-07-08T20:30:00Z,94.94,2468.8
2025-07-08T21:00:00Z,92.19,2375.15
2025-07-08T21:30:00Z,83.49,2761.4
2025-07-08T22:00:00Z,85.76,1789.6
2025-07-08T22:30:00Z,80.09,1760.0
2025-07-08T23:00:00Z,85.02,1363.3
2025-07-08T23:30:00Z,78.15,1441.8
2025-07-09T00:00:00Z,72.67,1309.7
2025-07-09T00:30:00Z,76.92,1451.35
2025-07-09T01:00:00Z,76.71,1444.45
2025-07-09T01:30:00Z,72.85,1398.0
2025-07-09T02:00:00Z,68.83,1296.0
2025-07-09T02:30:00Z,63.72,1328.1
2025-07-09T03:00:00Z,69.72,1676.1
2025-07-09T03:30:00Z,69.81,1521.3
2025-07-09T04:00:00Z,72.48,1869.45
2025-07-09T04:30:00Z,74.21,2395.0
2025-07-09T05:00:00Z,81.22,2038.35
2025-07-09T05:30:00Z,95.52,2145.6
2025-07-09T06:00:00Z,90.13,2291.3
2025-07-09T06:30:00Z,94.33,2318.85
2025-07-09T07:00:00Z,86.28,2190.25
2025-07-09T07:30:00Z,82.03,2424.35
2025-07-09T08:00:00Z,69.05,2025.9
2025-07-09T08:30:00Z,70.17,2517.9
2025-07-09T09:00:00Z,78.4,2723.2
2025-07-09T09:30:00Z,75.93,2983.3
2025-07-09T10:00:00Z,73.7,2379.9
2025-07-09T10:30:00Z,76.7,2906.7
2025-07-09T11:00:00Z,75.45,2755.65
2025-07-09T11:30:00Z,82.49,3490.75
2025-07-09T12:00:00Z,76.98,3137.4
2025-07-09T12:30:00Z,79.0,3364.7
2025-07-09T13:00:00Z,76.63,3011.25
2025-07-09T13:30:00Z,75.66,2710.9
2025-07-09T14:00:00Z,76.0,2162.55
2025-07-09T14:30:00Z,74.6,2777.85
2025-07-09T15:00:00Z,74.58,3274.0
2025-07-09T15:30:00Z,69.94,4020.75
2025-07-09T16:00:00Z,74.83,2946.95
2025-07-09T16:30:00Z,75.66,3082.75
2025-07-09T17:00:00Z,82.39,3191.5
2025-07-09T17:30:00Z,82.2,3143.35
2025-07-09T18:00:00Z,95.2,3656.45
2025-07-09T18:30:00Z,98.57,3358.35
2025-07-09T19:00:00Z,101.97,3640.1
2025-07-09T19:30:00Z,104.36,3402.05
2025-07-09T20:00:00Z,105.80000000000001,2892.15
2025-07-09T20:30:00Z,104.22,3217.9
2025-07-09T21:00:00Z,98.67,2589.8
2025-07-09T21:30:00Z,95.65,3115.05
2025-07-09T22:00:00Z,85.46,2108.4
2025-07-09T22:30:00Z,85.48,2076.45
2025-07-09T23:00:00Z,87.38000000000001,1771.95
2025-07-09T23:30:00Z,84.07000000000001,1635.4
2025-07-10T00:00:00Z,80.01,1220.3
2025-07-10T00:30:00Z,73.52,929.0
2025-07-10T01:00:00Z,77.48,1321.8
2025-07-10T01:30:00Z,75.11,1449.25
2025-07-10T02:00:00Z,69.14,1139.65
2025-07-10T02:30:00Z,73.97,1088.15
2025-07-10T03:00:00Z,70.62,1544.3
2025-07-10T03:30:00Z,64.37,1360.6
2025-07-10T04:00:00Z,66.19,1550.95
2025-07-10T04:30:00Z,67.43,1590.8
2025-07-10T05:00:00Z,71.24,1747.7
2025-07-10T05:30:00Z,75.33,1801.85
2025-07-10T06:00:00Z,78.96,1994.55
2025-07-10T06:30:00Z,83.05,1968.5
2025-07-10T07:00:00Z,78.21,1831.4
2025-07-10T07:30:00Z,80.18,2394.5
2025-07-10T08:00:00Z,71.35,1725.15
2025-07-10T08:30:00Z,67.73,1569.35
2025-07-10T09:00:00Z,74.35,1972.85
2025-07-10T09:30:00Z,77.07,2425.1
2025-07-10T10:00:00Z,72.95,2221.4
2025-07-10T10:30:00Z,69.51,2182.35
2025-07-10T11:00:00Z,69.82,2052.6
2025-07-10T11:30:00Z,70.9,2047.2
2025-07-10T12:00:00Z,71.6,2053.5
2025-07-10T12:30:00Z,73.75,2009.1
2025-07-10T13:00:00Z,72.17,1825.45
2025-07-10T13:30:00Z,73.72,2050.8
2025-07-10T14:00:00Z,80.13,1961.4
2025-07-10T14:30:00Z,80.55,2457.65
2025-07-10T15:00:00Z,78.27,2883.3
2025-07-10T15:30:00Z,73.74,2611.05
2025-07-10T16:00:00Z,76.93,3031.65
2025-07-10T16:30:00Z,77.6,2683.3
2025-07-10T17:00:00Z,84.43,3015.35
2025-07-10T17:30:00Z,92.01,3013.65
2025-07-10T18:00:00Z,108.15,3464.0
2025-07-10T18:30:00Z,110.24,3471.85
2025-07-10T19:00:00Z,110.59,3971.3
2025-07-10T19:30:00Z,111.3,4378.65
2025-07-10T20:00:00Z,102.69,3693.7
2025-07-10T20:30:00Z,101.13,2864.05
2025-07-10T21:00:00Z,102.13000000000001,2688.8
2025-07-10T21:30:00Z,95.41,2700.75
2025-07-10T22:00:00Z,84.84,1520.25
2025-07-10T22:30:00Z,87.59,1054.9
2025-07-10T23:00:00Z,87.25,1303.35
2025-07-10T23:30:00Z,87.03,1007.8
2025-07-11T00:00:00Z,87.22,1015.4
2025-07-11T00:30:00Z,84.11,1214.4
2025-07-11T01:00:00Z,84.5,1280.1
2025-07-11T01:30:00Z,82.35,1353.5
2025-07-11T02:00:00Z,82.38,1141.35
2025-07-11T02:30:00Z,81.57,1115.65
2025-07-11T03:00:00Z,76.48,1379.55
2025-07-11T03:30:00Z,78.5,1372.3
2025-07-11T04:00:00Z,79.57,1423.1
2025-07-11T04:30:00Z,81.69,1390.45
2025-07-11T05:00:00Z,86.32,2010.15
2025-07-11T05:30:00Z,91.39000000000001,1995.8
2025-07-11T06:00:00Z,92.0,1982.8
2025-07-11T06:30:00Z,93.55,1908.85
2025-07-11T07:00:00Z,89.64,1387.25
2025-07-11T07:30:00Z,85.47,1452.25
2025-07-11T08:00:00Z,86.69,1813.55
2025-07-11T08:30:00Z,84.11000000000001,1696.9
2025-07-11T09:00:00Z,75.08,1870.3
2025-07-11T09:30:00Z,75.32,1883.95
2025-07-11T10:00:00Z,72.64,1879.4
2025-07-11T10:30:00Z,69.53,1849.6
2025-07-11T11:00:00Z,68.61,1613.05
2025-07-11T11:30:00Z,69.74,1929.7
2025-07-11T12:00:00Z,69.13,1723.6
2025-07-11T12:30:00Z,69.29,1766.1
2025-07-11T13:00:00Z,70.78,1793.05
2025-07-11T13:30:00Z,69.05,1659.75
2025-07-11T14:00:00Z,65.03,1355.05
2025-07-11T14:30:00Z,65.35,1795.0
2025-07-11T15:00:00Z,65.94,1460.45
2025-07-11T15:30:00Z,75.51,2257.75
2025-07-11T16:00:00Z,88.92,2685.7
2025-07-11T16:30:00Z,76.86,2868.7
2025-07-11T17:00:00Z,87.37,3216.55
2025-07-11T17:30:00Z,92.72,2981.7
2025-07-11T18:00:00Z,106.24,2945.5
2025-07-11T18:30:00Z,105.49000000000001,2673.15
2025-07-11T19:00:00Z,110.73,3078.9
2025-07-11T19:30:00Z,112.55,3299.0
2025-07-11T20:00:00Z,110.97,2490.3
2025-07-11T20:30:00Z,109.08,2360.05
2025-07-11T21:00:00Z,100.55,2598.75
2025-07-11T21:30:00Z,88.47,2736.3
2025-07-11T22:00:00Z,92.75,1965.7
2025-07-11T22:30:00Z,88.55999999999999,1801.35
2025-07-11T23:00:00Z,91.54,1900.65
2025-07-11T23:30:00Z,87.63,1873.7
2025-07-12T00:00:00Z,86.3,1987.0
2025-07-12T00:30:00Z,86.59,2270.15
2025-07-12T01:00:00Z,86.17,1863.7
2025-07-12T01:30:00Z,83.86,1952.1
2025-07-12T02:00:00Z,87.12,1843.3
2025-07-12T02:30:00Z,88.60000000000001,1759.8
2025-07-12T03:00:00Z,88.17,1261.0
2025-07-12T03:30:00Z,86.37,1378.9
2025-07-12T04:00:00Z,82.74,895.7
2025-07-12T04:30:00Z,83.27,989.5
2025-07-12T05:00:00Z,81.25,1066.8
2025-07-12T05:30:00Z,84.46,1143.4
2025-07-12T06:00:00Z,81.95,1349.55
2025-07-12T06:30:00Z,89.06,1320.3
2025-07-12T07:00:00Z,92.29,1333.3
2025-07-12T07:30:00Z,87.92,1714.55
2025-07-12T08:00:00Z,77.53,1895.3
2025-07-12T08:30:00Z,77.54,1737.85
2025-07-12T09:00:00Z,79.63,1971.85
2025-07-12T09:30:00Z,76.46,2062.45
2025-07-12T10:00:00Z,63.54,1789.1
2025-07-12T10:30:00Z,68.21,2085.5
2025-07-12T11:00:00Z,68.36,2695.15
2025-07-12T11:30:00Z,58.07,2672.45
2025-07-12T12:00:00Z,45.49,2756.25
2025-07-12T12:30:00Z,49.32,3111.5
2025-07-12T13:00:00Z,48.419999999999995,3072.6
2025-07-12T13:30:00Z,50.62,3321.05
2025-07-12T14:00:00Z,50.23,2343.55
2025-07-12T14:30:00Z,60.44,2581.4
2025-07-12T15:00:00Z,68.15,2540.3
2025-07-12T15:30:00Z,70.52,2863.05
2025-07-12T16:00:00Z,89.41,2229.2
2025-07-12T16:30:00Z,78.92,2369.8
2025-07-12T17:00:00Z,80.48,2135.45
2025-07-12T17:30:00Z,84.29,2100.65
2025-07-12T18:00:00Z,97.71,2146.35
2025-07-12T18:30:00Z,101.18,1965.2
2025-07-12T19:00:00Z,91.92,2005.2
2025-07-12T19:30:00Z,99.03,2040.0
2025-07-12T20:00:00Z,105.31,2180.8
2025-07-12T20:30:00Z,105.26000000000002,1934.95
2025-07-12T21:00:00Z,99.41,2112.55
2025-07-12T21:30:00Z,90.0,2095.5
2025-07-12T22:00:00Z,85.48,1364.35
2025-07-12T22:30:00Z,83.4,1106.7
2025-07-12T23:00:00Z,85.13,1191.3
2025-07-12T23:30:00Z,87.65,1185.05
2025-07-13T00:00:00Z,85.78,1235.15
2025-07-13T00:30:00Z,80.85,1299.8
2025-07-13T01:00:00Z,81.92,1226.2
2025-07-13T01:30:00Z,86.29,1308.4
2025-07-13T02:00:00Z,79.84,1215.35
2025-07-13T02:30:00Z,81.99,1212.85
2025-07-13T03:00:00Z,83.94,1330.05
2025-07-13T03:30:00Z,86.75,1534.35
2025-07-13T04:00:00Z,85.52,1893.35
2025-07-13T04:30:00Z,80.85,1728.35
2025-07-13T05:00:00Z,77.1,1909.3
2025-07-13T05:30:00Z,77.45,2038.5
2025-07-13T06:00:00Z,66.72,1741.35
2025-07-13T06:30:00Z,69.49,1869.8
2025-07-13T07:00:00Z,71.75,1479.2
2025-07-13T07:30:00Z,74.09,1638.05
2025-07-13T08:00:00Z,66.38,1776.0
2025-07-13T08:30:00Z,68.9,1668.5
2025-07-13T09:00:00Z,68.16,1625.05
2025-07-13T09:30:00Z,63.27,1688.85
2025-07-13T10:00:00Z,58.839999999999996,1884.4
2025-07-13T10:30:00Z,53.45,1755.0
2025-07-13T11:00:00Z,52.51,2345.95
2025-07-13T11:30:00Z,48.67999999999999,2913.6
2025-07-13T12:00:00Z,37.47,3187.6
2025-07-13T12:30:00Z,49.29,3376.05
2025-07-13T13:00:00Z,51.92,3063.7
2025-07-13T13:30:00Z,58.449999999999996,3194.95
2025-07-13T14:00:00Z,68.44,3343.35
2025-07-13T14:30:00Z,70.87,3639.6
2025-07-13T15:00:00Z,78.43,3287.4
2025-07-13T15:30:00Z,78.69,3110.85
2025-07-13T16:00:00Z,85.77,3554.5
2025-07-13T16:30:00Z,83.3,3262.7
2025-07-13T17:00:00Z,92.88,3130.2
2025-07-13T17:30:00Z,91.01000000000002,3066.2
2025-07-13T18:00:00Z,100.25,2400.15
2025-07-13T18:30:00Z,94.99,2176.8
2025-07-13T19:00:00Z,98.98,2480.1
2025-07-13T19:30:00Z,98.01,2493.25
2025-07-13T20:00:00Z,102.98,2393.15
2025-07-13T20:30:00Z,98.77,2482.7
2025-07-13T21:00:00Z,98.0,1931.95
2025-07-13T21:30:00Z,96.22,2307.45
2025-07-13T22:00:00Z,87.5,1605.6
2025-07-13T22:30:00Z,82.77,1746.25
2025-07-13T23:00:00Z,87.52,1662.05
2025-07-13T23:30:00Z,85.04,1660.75
2025-07-14T00:00:00Z,78.0,1088.1
2025-07-14T00:30:00Z,78.26,1274.95
2025-07-14T01:00:00Z,81.87,1375.8
2025-07-14T01:30:00Z,78.31,1434.5
2025-07-14T02:00:00Z,77.48,1392.3
2025-07-14T02:30:00Z,78.81,1430.3
2025-07-14T03:00:00Z,79.71,1524.65
2025-07-14T03:30:00Z,79.24,1624.75
2025-07-14T04:00:00Z,73.1,1562.25
2025-07-14T04:30:00Z,72.98,1539.85
2025-07-14T05:00:00Z,82.4,1750.0
2025-07-14T05:30:00Z,87.16,1930.8
2025-07-14T06:00:00Z,81.11,2323.4
2025-07-14T06:30:00Z,82.5,2649.65
2025-07-14T07:00:00Z,72.88,2775.25
2025-07-14T07:30:00Z,76.7,3317.2
2025-07-14T08:00:00Z,81.68,3944.6
2025-07-14T08:30:00Z,75.12,3969.35
2025-07-14T09:00:00Z,74.07,3328.65
2025-07-14T09:30:00Z,72.42,3309.3
2025-07-14T10:00:00Z,63.18,2717.45
2025-07-14T10:30:00Z,58.6,3036.5
2025-07-14T11:00:00Z,73.60000000000001,3571.15
2025-07-14T11:30:00Z,71.29,4299.6
2025-07-14T12:00:00Z,67.02,3506.95
2025-07-14T12:30:00Z,62.9,3770.55
2025-07-14T13:00:00Z,68.3,3137.25
2025-07-14T13:30:00Z,61.25,3144.35
2025-07-14T14:00:00Z,59.06,2721.1
2025-07-14T14:30:00Z,53.61000000000001,2980.5
2025-07-14T15:00:00Z,48.38,3283.7
2025-07-14T15:30:00Z,60.03,3329.5
2025-07-14T16:00:00Z,62.43999999999999,3183.4
2025-07-14T16:30:00Z,62.38,3184.85
2025-07-14T17:00:00Z,67.67,3788.05
2025-07-14T17:30:00Z,61.78,3842.1
2025-07-14T18:00:00Z,62.46,3087.8
2025-07-14T18:30:00Z,73.7,3337.85
2025-07-14T19:00:00Z,78.04,2773.5
2025-07-14T19:30:00Z,75.16,2566.0
2025-07-14T20:00:00Z,87.44,3208.55
2025-07-14T20:30:00Z,89.77,3169.1
2025-07-14T21:00:00Z,87.46,3241.45
2025-07-14T21:30:00Z,85.06999999999998,3148.6
2025-07-14T22:00:00Z,89.49,1689.55
2025-07-14T22:30:00Z,86.95,1850.7
2025-07-14T23:00:00Z,90.92,2033.8
2025-07-14T23:30:00Z,86.46,2097.5
2025-07-15T00:00:00Z,89.04,1614.95
2025-07-15T00:30:00Z,93.21,1536.25
2025-07-15T01:00:00Z,94.0,2218.05
2025-07-15T01:30:00Z,93.04,2441.25
2025-07-15T02:00:00Z,91.98,2450.9
2025-07-15T02:30:00Z,84.5,2465.45
2025-07-15T03:00:00Z,95.18,2160.45
2025-07-15T03:30:00Z,94.1,2010.95
2025-07-15T04:00:00Z,93.06,1398.95
2025-07-15T04:30:00Z,98.03,1507.8
2025-07-15T05:00:00Z,99.04,1488.05
2025-07-15T05:30:00Z,104.82,1715.85
2025-07-15T06:00:00Z,91.06,1833.65
2025-07-15T06:30:00Z,97.87,2060.45
2025-07-15T07:00:00Z,92.27,2533.65
2025-07-15T07:30:00Z,90.58999999999999,2899.3
2025-07-15T08:00:00Z,87.63,2266.1
2025-07-15T08:30:00Z,84.1,2176.65
2025-07-15T09:00:00Z,75.42,2300.25
2025-07-15T09:30:00Z,79.2,2618.6
2025-07-15T10:00:00Z,78.83,2780.45
2025-07-15T10:30:00Z,77.31,2733.15
2025-07-15T11:00:00Z,78.54,2522.1
2025-07-15T11:30:00Z,72.0,2866.85
2025-07-15T12:00:00Z,53.58,3028.4
2025-07-15T12:30:00Z,46.14,3530.35
2025-07-15T13:00:00Z,48.18,3540.15
2025-07-15T13:30:00Z,39.61,4277.0
2025-07-15T14:00:00Z,36.56,3913.55
2025-07-15T14:30:00Z,42.57,4497.75
2025-07-15T15:00:00Z,58.89999999999999,4635.3
2025-07-15T15:30:00Z,68.66,5246.6
2025-07-15T16:00:00Z,85.19,4858.4
2025-07-15T16:30:00Z,85.09,4783.5
2025-07-15T17:00:00Z,85.77,4705.95
2025-07-15T17:30:00Z,81.58,4214.55
2025-07-15T18:00:00Z,91.79,3342.5
2025-07-15T18:30:00Z,86.31,3431.25
2025-07-15T19:00:00Z,95.65,4023.35
2025-07-15T19:30:00Z,94.74,3728.9
2025-07-15T20:00:00Z,96.22,3310.65
2025-07-15T20:30:00Z,90.76,3601.85
2025-07-15T21:00:00Z,84.89,3416.05
2025-07-15T21:30:00Z,82.52,3592.75
2025-07-15T22:00:00Z,85.53,2207.3
2025-07-15T22:30:00Z,88.43,2318.0
2025-07-15T23:00:00Z,80.17,2598.3
2025-07-15T23:30:00Z,75.36,2569.2
2025-07-16T00:00:00Z,71.0,2634.8
2025-07-16T00:30:00Z,70.91,2401.3
2025-07-16T01:00:00Z,67.43,2748.05
2025-07-16T01:30:00Z,67.93,2375.1
2025-07-16T02:00:00Z,68.82,2126.25
2025-07-16T02:30:00Z,68.45,1874.95
2025-07-16T03:00:00Z,69.37,2205.8
2025-07-16T03:30:00Z,69.27,2117.5
2025-07-16T04:00:00Z,80.11,2108.85
2025-07-16T04:30:00Z,88.09,2238.8
2025-07-16T05:00:00Z,84.45,1764.1
2025-07-16T05:30:00Z,89.09,1997.5
2025-07-16T06:00:00Z,93.23,2184.85
2025-07-16T06:30:00Z,100.31,2260.75
2025-07-16T07:00:00Z,90.26,2864.05
2025-07-16T07:30:00Z,94.36,2960.05
2025-07-16T08:00:00Z,96.95,2468.05
2025-07-16T08:30:00Z,91.18,2299.7
2025-07-16T09:00:00Z,90.16670185929178,1605.45
2025-07-16T09:30:00Z,89.3085190458002,1439.95
2025-07-16T10:00:00Z,74.77,1725.5
2025-07-16T10:30:00Z,73.46,1820.35
2025-07-16T11:00:00Z,74.64,2512.7
2025-07-16T11:30:00Z,76.54,2388.05
2025-07-16T12:00:00Z,75.51,2498.7
2025-07-16T12:30:00Z,75.26,2420.2
2025-07-16T13:00:00Z,77.8,3017.35
2025-07-16T13:30:00Z,83.71,3181.85
2025-07-16T14:00:00Z,91.97,4344.95
2025-07-16T14:30:00Z,96.92,4011.35
2025-07-16T15:00:00Z,90.41,4020.5
2025-07-16T15:30:00Z,85.31,3813.0
2025-07-16T16:00:00Z,97.60999999999999,3607.05
2025-07-16T16:30:00Z,101.85,3418.1
2025-07-16T17:00:00Z,104.89,3372.75
2025-07-16T17:30:00Z,108.11,3645.55
2025-07-16T18:00:00Z,117.72,2170.2
2025-07-16T18:30:00Z,117.90999999999998,2636.65
2025-07-16T19:00:00Z,117.77,2256.4
2025-07-16T19:30:00Z,116.4,2538.4
2025-07-16T20:00:00Z,109.57,2481.25
2025-07-16T20:30:00Z,109.28,2076.6
2025-07-16T21:00:00Z,104.3,2108.45
2025-07-16T21:30:00Z,97.04,2037.5
2025-07-16T22:00:00Z,93.78,1560.3
2025-07-16T22:30:00Z,88.04,1410.3
2025-07-16T23:00:00Z,93.55,1461.6
2025-07-16T23:30:00Z,87.53,1531.5
2025-07-17T00:00:00Z,80.97,1203.45
2025-07-17T00:30:00Z,77.43,1293.45
2025-07-17T01:00:00Z,82.74,1691.55
2025-07-17T01:30:00Z,78.7,1621.25
2025-07-17T02:00:00Z,78.01,1753.25
2025-07-17T02:30:00Z,81.09,2019.5
2025-07-17T03:00:00Z,79.74,1743.1
2025-07-17T03:30:00Z,77.14,1822.65
2025-07-17T04:00:00Z,80.8,1727.7
2025-07-17T04:30:00Z,83.59,1624.9
2025-07-17T05:00:00Z,79.67,1530.25
2025-07-17T05:30:00Z,88.64,1774.4
2025-07-17T06:00:00Z,85.69,1990.05
2025-07-17T06:30:00Z,93.67,2331.6
2025-07-17T07:00:00Z,93.46,2038.25
2025-07-17T07:30:00Z,92.58,1728.1
2025-07-17T08:00:00Z,91.95,2015.65
2025-07-17T08:30:00Z,85.71,1811.25
2025-07-17T09:00:00Z,85.6,1235.6
2025-07-17T09:30:00Z,97.32,1535.9
2025-07-17T10:00:00Z,79.03,2041.6
2025-07-17T10:30:00Z,75.97,2272.45
2025-07-17T11:00:00Z,76.09,2176.55
2025-07-17T11:30:00Z,73.61,2206.0
2025-07-17T12:00:00Z,77.75,2621.9
2025-07-17T12:30:00Z,77.22,2551.75
2025-07-17T13:00:00Z,72.73,2504.1
2025-07-17T13:30:00Z,76.83,2787.05
2025-07-17T14:00:00Z,75.17,2782.3
2025-07-17T14:30:00Z,73.18,3084.4
2025-07-17T15:00:00Z,71.58,2597.7
2025-07-17T15:30:00Z,69.21,2924.8
2025-07-17T16:00:00Z,83.6,3413.85
2025-07-17T16:30:00Z,81.46,3674.2
2025-07-17T17:00:00Z,87.02,4121.1
2025-07-17T17:30:00Z,87.74,3952.65
2025-07-17T18:00:00Z,96.86,3448.2
2025-07-17T18:30:00Z,96.87,3574.4
2025-07-17T19:00:00Z,98.15000000000002,3587.8
2025-07-17T19:30:00Z,95.5,3168.0
2025-07-17T20:00:00Z,95.29000000000002,3015.25
2025-07-17T20:30:00Z,92.53,2831.05
2025-07-17T21:00:00Z,90.3,2431.55
2025-07-17T21:30:00Z,88.97,2144.2
2025-07-17T22:00:00Z,80.53,1868.8
2025-07-17T22:30:00Z,75.11,2246.1
2025-07-17T23:00:00Z,82.53000000000002,1708.85
2025-07-17T23:30:00Z,77.12,1492.7
2025-07-18T00:00:00Z,78.69000000000001,1796.9
2025-07-18T00:30:00Z,74.98,1738.1
2025-07-18T01:00:00Z,71.74,2045.75
2025-07-18T01:30:00Z,75.93,1912.45
2025-07-18T02:00:00Z,73.76,1824.95
2025-07-18T02:30:00Z,74.4,1787.85
2025-07-18T03:00:00Z,73.48,1760.8
2025-07-18T03:30:00Z,69.94,1713.05
2025-07-18T04:00:00Z,77.88000000000001,1719.3
2025-07-18T04:30:00Z,78.23,1570.05
2025-07-18T05:00:00Z,85.44,1390.4
2025-07-18T05:30:00Z,92.44,1544.0
2025-07-18T06:00:00Z,87.6,1660.0
2025-07-18T06:30:00Z,92.08,1903.35
2025-07-18T07:00:00Z,82.52,1719.45
2025-07-18T07:30:00Z,83.24,2041.15
2025-07-18T08:00:00Z,82.26,1910.85
2025-07-18T08:30:00Z,83.63,1587.8
2025-07-18T09:00:00Z,85.13,2057.95
2025-07-18T09:30:00Z,82.66,1885.45
2025-07-18T10:00:00Z,78.48,2242.2
2025-07-18T10:30:00Z,78.62,2059.6
2025-07-18T11:00:00Z,78.21,2474.6
2025-07-18T11:30:00Z,76.67,2056.4
2025-07-18T12:00:00Z,78.59,2556.05
2025-07-18T12:30:00Z,77.57,2625.05
2025-07-18T13:00:00Z,77.27,2560.2
2025-07-18T13:30:00Z,79.1,2602.9
2025-07-18T14:00:00Z,78.68,3078.45
2025-07-18T14:30:00Z,80.92999999999999,3398.05
2025-07-18T15:00:00Z,88.54,3341.25
2025-07-18T15:30:00Z,87.39,3693.75
2025-07-18T16:00:00Z,89.63,3535.4
2025-07-18T16:30:00Z,82.62,3906.65
2025-07-18T17:00:00Z,88.60999999999999,3788.6
2025-07-18T17:30:00Z,88.71,3611.0
2025-07-18T18:00:00Z,98.08,2951.35
2025-07-18T18:30:00Z,96.64999999999999,3044.55
2025-07-18T19:00:00Z,98.68,2648.45
2025-07-18T19:30:00Z,97.05,2700.1
2025-07-18T20:00:00Z,94.62,2010.2
2025-07-18T20:30:00Z,94.95,2117.9
2025-07-18T21:00:00Z,90.34,1919.3
2025-07-18T21:30:00Z,85.73,2071.85
2025-07-18T22:00:00Z,86.61,1514.4
2025-07-18T22:30:00Z,86.63,1541.65
2025-07-18T23:00:00Z,86.24,1368.9
2025-07-18T23:30:00Z,89.44,1853.25
2025-07-19T00:00:00Z,81.6,1558.5
2025-07-19T00:30:00Z,80.84,1888.1
2025-07-19T01:00:00Z,78.02,1904.5
2025-07-19T01:30:00Z,75.75,1781.85
2025-07-19T02:00:00Z,79.65,1478.4
2025-07-19T02:30:00Z,79.24,1481.05
2025-07-19T03:00:00Z,81.14,1477.75
2025-07-19T03:30:00Z,79.36,1353.7
2025-07-19T04:00:00Z,83.3,1420.9
2025-07-19T04:30:00Z,84.27,1530.3
2025-07-19T05:00:00Z,81.45,1508.55
2025-07-19T05:30:00Z,84.27,1448.35
2025-07-19T06:00:00Z,75.66,1608.05
2025-07-19T06:30:00Z,81.27,1485.55
2025-07-19T07:00:00Z,81.51,1546.0
2025-07-19T07:30:00Z,83.86,1683.15
2025-07-19T08:00:00Z,83.63,1939.15
2025-07-19T08:30:00Z,85.32,1958.45
2025-07-19T09:00:00Z,86.76,1852.05
2025-07-19T09:30:00Z,81.79,2583.15
2025-07-19T10:00:00Z,84.69,2391.3
2025-07-19T10:30:00Z,81.81,2375.4
2025-07-19T11:00:00Z,81.42,2041.05
2025-07-19T11:30:00Z,78.88,2182.2
2025-07-19T12:00:00Z,78.71,2352.35
2025-07-19T12:30:00Z,73.84,2440.45
2025-07-19T13:00:00Z,66.52,2607.5
2025-07-19T13:30:00Z,62.74000000000001,2297.15
2025-07-19T14:00:00Z,61.26,2666.9
2025-07-19T14:30:00Z,62.690000000000005,2939.05
2025-07-19T15:00:00Z,65.76,3432.15
2025-07-19T15:30:00Z,68.06,3116.25
2025-07-19T16:00:00Z,85.05,2986.55
2025-07-19T16:30:00Z,82.33,2705.85
2025-07-19T17:00:00Z,86.73,2675.75
2025-07-19T17:30:00Z,88.6,2698.4
2025-07-19T18:00:00Z,93.85,1818.6
2025-07-19T18:30:00Z,95.96,1663.0
2025-07-19T19:00:00Z,95.91,1678.15
2025-07-19T19:30:00Z,92.77,2010.65
2025-07-19T20:00:00Z,83.69,2741.75
2025-07-19T20:30:00Z,80.15,2346.45
2025-07-19T21:00:00Z,83.91,2392.35
2025-07-19T21:30:00Z,83.81,2901.25
2025-07-19T22:00:00Z,87.46,1474.55
2025-07-19T22:30:00Z,88.42,1540.4
2025-07-19T23:00:00Z,86.31,1812.4
2025-07-19T23:30:00Z,85.96,2004.5
2025-07-20T00:00:00Z,84.83,2421.3
2025-07-20T00:30:00Z,86.59,2365.6
2025-07-20T01:00:00Z,87.47,2138.1
2025-07-20T01:30:00Z,83.63,2199.45
2025-07-20T02:00:00Z,85.34,1499.85
2025-07-20T02:30:00Z,84.46,1388.35
2025-07-20T03:00:00Z,83.12,1206.1
2025-07-20T03:30:00Z,84.75,1329.35
2025-07-20T04:00:00Z,90.98,1679.35
2025-07-20T04:30:00Z,90.09,1651.05
2025-07-20T05:00:00Z,85.77,1969.1
2025-07-20T05:30:00Z,85.99,1760.65
2025-07-20T06:00:00Z,79.33,2008.45
2025-07-20T06:30:00Z,84.83,1814.7
2025-07-20T07:00:00Z,82.54,1638.2
2025-07-20T07:30:00Z,90.29,1603.9
2025-07-20T08:00:00Z,97.88,1554.05
2025-07-20T08:30:00Z,96.79,1757.3
2025-07-20T09:00:00Z,99.28,1919.4
2025-07-20T09:30:00Z,101.84,1731.05
2025-07-20T10:00:00Z,105.79,1811.0
2025-07-20T10:30:00Z,105.77,1958.6
2025-07-20T11:00:00Z,105.41,2090.25
2025-07-20T11:30:00Z,103.87000000000002,1926.05
2025-07-20T12:00:00Z,97.34,2443.05
2025-07-20T12:30:00Z,93.35,2614.9
2025-07-20T13:00:00Z,93.13999999999999,2846.25
2025-07-20T13:30:00Z,88.67,3030.5
2025-07-20T14:00:00Z,84.95,3332.1
2025-07-20T14:30:00Z,85.69,3443.1
2025-07-20T15:00:00Z,87.11,3383.85
2025-07-20T15:30:00Z,87.1,4020.4
2025-07-20T16:00:00Z,94.96,3051.0
2025-07-20T16:30:00Z,93.62,3706.3
2025-07-20T17:00:00Z,101.44,3388.5
2025-07-20T17:30:00Z,105.49,3675.05
2025-07-20T18:00:00Z,107.53,3467.0
2025-07-20T18:30:00Z,106.96,3588.2
2025-07-20T19:00:00Z,108.28999999999999,3135.15
2025-07-20T19:30:00Z,107.68,3235.35
2025-07-20T20:00:00Z,102.36,3340.75
2025-07-20T20:30:00Z,99.88,3597.65
2025-07-20T21:00:00Z,89.74,3481.65
2025-07-20T21:30:00Z,81.6,3608.8
2025-07-20T22:00:00Z,73.53,2036.8
2025-07-20T22:30:00Z,72.16,2080.85
2025-07-20T23:00:00Z,71.39,1934.9
2025-07-20T23:30:00Z,68.94,1698.85
2025-07-21T00:00:00Z,69.23,1785.95
2025-07-21T00:30:00Z,70.92,1870.55
2025-07-21T01:00:00Z,69.32,2165.65
2025-07-21T01:30:00Z,67.86,1896.8
2025-07-21T02:00:00Z,67.95,1665.0
2025-07-21T02:30:00Z,67.65,1618.4
2025-07-21T03:00:00Z,67.62,1577.15
2025-07-21T03:30:00Z,66.3,1771.35
2025-07-21T04:00:00Z,70.77,1816.05
2025-07-21T04:30:00Z,72.59,1934.25
2025-07-21T05:00:00Z,80.95,2520.75
2025-07-21T05:30:00Z,83.9,2211.8
2025-07-21T06:00:00Z,85.34,1807.05
2025-07-21T06:30:00Z,86.02,2243.65
2025-07-21T07:00:00Z,86.6,2407.45
2025-07-21T07:30:00Z,88.63,2266.65
2025-07-21T08:00:00Z,90.36,2528.5
2025-07-21T08:30:00Z,86.48,2314.75
2025-07-21T09:00:00Z,79.69,2019.2
2025-07-21T09:30:00Z,76.97,2250.8
2025-07-21T10:00:00Z,75.54,2257.9
2025-07-21T10:30:00Z,78.71,2265.9
2025-07-21T11:00:00Z,72.97,2478.5
2025-07-21T11:30:00Z,75.74,2652.3
2025-07-21T12:00:00Z,78.44,2363.6
2025-07-21T12:30:00Z,81.96,2384.85
2025-07-21T13:00:00Z,77.52,3070.55
2025-07-21T13:30:00Z,78.92,2667.15
2025-07-21T14:00:00Z,79.72,1888.85
2025-07-21T14:30:00Z,80.51000000000002,1822.05
2025-07-21T15:00:00Z,84.89,1943.65
2025-07-21T15:30:00Z,83.63,2168.15
2025-07-21T16:00:00Z,88.04,2128.35
2025-07-21T16:30:00Z,86.44,1993.95
2025-07-21T17:00:00Z,87.0,2009.95
2025-07-21T17:30:00Z,86.39,2060.55
2025-07-21T18:00:00Z,85.73,2695.65
2025-07-21T18:30:00Z,89.2,2519.95
2025-07-21T19:00:00Z,89.79,2192.4
2025-07-21T19:30:00Z,89.89,2455.4
2025-07-21T20:00:00Z,89.59,2179.55
2025-07-21T20:30:00Z,88.9,2527.1
2025-07-21T21:00:00Z,87.65,2774.6
2025-07-21T21:30:00Z,86.56,2725.45
2025-07-21T22:00:00Z,79.05,2168.7
2025-07-21T22:30:00Z,78.88,1890.75
2025-07-21T23:00:00Z,75.38,1714.65
2025-07-21T23:30:00Z,72.42,1722.6
2025-07-22T00:00:00Z,77.33,1520.9
2025-07-22T00:30:00Z,69.52,1743.6
2025-07-22T01:00:00Z,69.51,1547.35
2025-07-22T01:30:00Z,70.91,1811.1
2025-07-22T02:00:00Z,65.88,1836.55
2025-07-22T02:30:00Z,68.34,1731.15
2025-07-22T03:00:00Z,69.35,1973.4
2025-07-22T03:30:00Z,67.54,1858.85
2025-07-22T04:00:00Z,67.74,2118.5
2025-07-22T04:30:00Z,71.54,1869.15
2025-07-22T05:00:00Z,76.96,2140.7
2025-07-22T05:30:00Z,89.69,2753.45
2025-07-22T06:00:00Z,92.98,2266.85
2025-07-22T06:30:00Z,98.0,2700.75
2025-07-22T07:00:00Z,91.09,1955.6
2025-07-22T07:30:00Z,94.29,1922.4
2025-07-22T08:00:00Z,95.42,2095.45
2025-07-22T08:30:00Z,93.23,1931.75
2025-07-22T09:00:00Z,93.91,1980.35
2025-07-22T09:30:00Z,94.95000000000002,1810.65
2025-07-22T10:00:00Z,91.34,2368.1
2025-07-22T10:30:00Z,91.59,2299.5
2025-07-22T11:00:00Z,96.67,2380.95
2025-07-22T11:30:00Z,96.79,2524.0
2025-07-22T12:00:00Z,91.37,2633.0
2025-07-22T12:30:00Z,90.06,2589.2
2025-07-22T13:00:00Z,87.97,2965.5
2025-07-22T13:30:00Z,87.79000000000002,3206.7
2025-07-22T14:00:00Z,85.38,2980.6
2025-07-22T14:30:00Z,86.78,3749.3
2025-07-22T15:00:00Z,86.73,3677.05
2025-07-22T15:30:00Z,88.61,3776.45
2025-07-22T16:00:00Z,89.41,3514.7
2025-07-22T16:30:00Z,87.65,3580.7
2025-07-22T17:00:00Z,93.14000000000001,3582.05
2025-07-22T17:30:00Z,94.07,3597.65
2025-07-22T18:00:00Z,94.12,3100.5
2025-07-22T18:30:00Z,94.92,2975.35
2025-07-22T19:00:00Z,94.33,2787.8
2025-07-22T19:30:00Z,95.73,2667.35
2025-07-22T20:00:00Z,90.44,2281.7
2025-07-22T20:30:00Z,89.69,2122.0
2025-07-22T21:00:00Z,88.04,2253.1
2025-07-22T21:30:00Z,82.38,2346.05
2025-07-22T22:00:00Z,70.62,1779.9
2025-07-22T22:30:00Z,73.91,2031.3
2025-07-22T23:00:00Z,71.14,1485.5
2025-07-22T23:30:00Z,69.17,1571.15
2025-07-23T00:00:00Z,71.12,1870.5
2025-07-23T00:30:00Z,68.76,1860.7
2025-07-23T01:00:00Z,73.32,1706.25
2025-07-23T01:30:00Z,72.28,1781.25
2025-07-23T02:00:00Z,72.35,1655.85
2025-07-23T02:30:00Z,72.09,1434.0
2025-07-23T03:00:00Z,71.75,1318.7
2025-07-23T03:30:00Z,70.4,1434.2
2025-07-23T04:00:00Z,77.34,1739.9
2025-07-23T04:30:00Z,81.07,1424.3
2025-07-23T05:00:00Z,84.24,1879.45
2025-07-23T05:30:00Z,83.31,1938.25
2025-07-23T06:00:00Z,82.46,1912.4
2025-07-23T06:30:00Z,88.32,2073.6
2025-07-23T07:00:00Z,95.44,1871.35
2025-07-23T07:30:00Z,97.2,1785.25
2025-07-23T08:00:00Z,101.78,1811.75
2025-07-23T08:30:00Z,107.16000000000001,2742.95
2025-07-23T09:00:00Z,91.35,2581.85
2025-07-23T09:30:00Z,85.14,2536.55
2025-07-23T10:00:00Z,76.43,2826.75
2025-07-23T10:30:00Z,73.78,3091.25
2025-07-23T11:00:00Z,72.94,2878.75
2025-07-23T11:30:00Z,78.25,3155.35
2025-07-23T12:00:00Z,77.8,3193.55
2025-07-23T12:30:00Z,77.57,3402.15
2025-07-23T13:00:00Z,79.63,3844.15
2025-07-23T13:30:00Z,80.84,3621.35
2025-07-23T14:00:00Z,84.41,2741.95
2025-07-23T14:30:00Z,82.1,2797.3
2025-07-23T15:00:00Z,79.89,2529.2
2025-07-23T15:30:00Z,84.0,3572.3
2025-07-23T16:00:00Z,93.05,2936.45
2025-07-23T16:30:00Z,93.84999999999998,3404.95
2025-07-23T17:00:00Z,108.8,3012.9
2025-07-23T17:30:00Z,109.81999999999998,2804.95
2025-07-23T18:00:00Z,104.97,2937.0
2025-07-23T18:30:00Z,105.25,2905.3
2025-07-23T19:00:00Z,104.48,3164.0
2025-07-23T19:30:00Z,103.39,2838.2
2025-07-23T20:00:00Z,102.43,2300.95
2025-07-23T20:30:00Z,96.43,2220.7
2025-07-23T21:00:00Z,95.78,2330.55
2025-07-23T21:30:00Z,86.94,2638.65
2025-07-23T22:00:00Z,83.3,1995.35
2025-07-23T22:30:00Z,81.52,1705.55
2025-07-23T23:00:00Z,83.43000000000002,1592.5
2025-07-23T23:30:00Z,82.99,1438.45
2025-07-24T00:00:00Z,81.48,1438.6
2025-07-24T00:30:00Z,79.33,1331.65
2025-07-24T01:00:00Z,82.65,1489.25
2025-07-24T01:30:00Z,78.78,1747.15
2025-07-24T02:00:00Z,84.81,1676.0
2025-07-24T02:30:00Z,85.86,1733.1
2025-07-24T03:00:00Z,82.59,1512.2
2025-07-24T03:30:00Z,78.96,1574.4
2025-07-24T04:00:00Z,81.22,1445.6
2025-07-24T04:30:00Z,85.03,1420.65
2025-07-24T05:00:00Z,87.13,1904.3
2025-07-24T05:30:00Z,92.22,2411.95
2025-07-24T06:00:00Z,89.38,2392.8
2025-07-24T06:30:00Z,93.59000000000002,3039.35
2025-07-24T07:00:00Z,88.34,2562.45
2025-07-24T07:30:00Z,85.95,3015.15
2025-07-24T08:00:00Z,80.95,3048.7
2025-07-24T08:30:00Z,83.42,2791.2
2025-07-24T09:00:00Z,83.94,2856.35
2025-07-24T09:30:00Z,84.11,3114.35
2025-07-24T10:00:00Z,80.59,2815.95
2025-07-24T10:30:00Z,79.16,3098.0
2025-07-24T11:00:00Z,80.64,3393.6
2025-07-24T11:30:00Z,82.18000000000002,3355.4
2025-07-24T12:00:00Z,82.65,3030.6
2025-07-24T12:30:00Z,82.0,3410.9
2025-07-24T13:00:00Z,81.23,3248.45
2025-07-24T13:30:00Z,81.77,3076.15
2025-07-24T14:00:00Z,86.51,3238.8
2025-07-24T14:30:00Z,86.11,3053.6
2025-07-24T15:00:00Z,88.58,2431.9
2025-07-24T15:30:00Z,84.56,2836.55
2025-07-24T16:00:00Z,94.19999999999999,3155.4
2025-07-24T16:30:00Z,83.83,2361.05
2025-07-24T17:00:00Z,96.61999999999999,3680.8
2025-07-24T17:30:00Z,96.13,4332.4
2025-07-24T18:00:00Z,103.16,3840.2
2025-07-24T18:30:00Z,100.6,3809.8
2025-07-24T19:00:00Z,103.37,4362.3
2025-07-24T19:30:00Z,99.71,3771.25
2025-07-24T20:00:00Z,92.87,3111.3
2025-07-24T20:30:00Z,96.53000000000002,2976.2
2025-07-24T21:00:00Z,93.35000000000001,2870.9
2025-07-24T21:30:00Z,83.32,2633.2
2025-07-24T22:00:00Z,91.41999999999999,2900.35
2025-07-24T22:30:00Z,85.05,2787.35
2025-07-24T23:00:00Z,83.77,2092.95
2025-07-24T23:30:00Z,85.89,2053.95
2025-07-25T00:00:00Z,85.26,1978.45
2025-07-25T00:30:00Z,83.88,1989.4
2025-07-25T01:00:00Z,81.47,1458.05
2025-07-25T01:30:00Z,80.18,1566.5
2025-07-25T02:00:00Z,77.53,1251.2
2025-07-25T02:30:00Z,77.86,1159.3
2025-07-25T03:00:00Z,79.62,1068.5
2025-07-25T03:30:00Z,77.5,1023.3
2025-07-25T04:00:00Z,77.02,1067.4
2025-07-25T04:30:00Z,76.37,936.25
2025-07-25T05:00:00Z,82.85,1137.15
2025-07-25T05:30:00Z,94.06,1368.7
2025-07-25T06:00:00Z,90.81,1548.0
2025-07-25T06:30:00Z,91.59,1753.2
2025-07-25T07:00:00Z,87.91,1528.1
2025-07-25T07:30:00Z,82.11,1827.6
2025-07-25T08:00:00Z,78.4,1659.6
2025-07-25T08:30:00Z,73.36,1574.5
2025-07-25T09:00:00Z,66.61,1544.75
2025-07-25T09:30:00Z,70.21,2158.7
2025-07-25T10:00:00Z,73.94,2603.9
2025-07-25T10:30:00Z,73.84,2697.35
2025-07-25T11:00:00Z,73.0,2238.25
2025-07-25T11:30:00Z,71.65,2404.15
2025-07-25T12:00:00Z,72.27,2599.15
2025-07-25T12:30:00Z,70.08,3012.85
2025-07-25T13:00:00Z,76.91,3171.65
2025-07-25T13:30:00Z,78.96000000000001,3486.3
2025-07-25T14:00:00Z,74.2,3297.7
2025-07-25T14:30:00Z,74.29,2750.5
2025-07-25T15:00:00Z,73.45,2872.0
2025-07-25T15:30:00Z,68.56,3365.45
2025-07-25T16:00:00Z,80.64,2893.55
2025-07-25T16:30:00Z,87.67,2913.1
2025-07-25T17:00:00Z,88.13,3718.45
2025-07-25T17:30:00Z,96.94,3527.1
2025-07-25T18:00:00Z,97.6,2803.05
2025-07-25T18:30:00Z,103.21,2744.45
2025-07-25T19:00:00Z,106.64,2310.6
2025-07-25T19:30:00Z,106.00999999999999,2512.3
2025-07-25T20:00:00Z,101.82,2100.25
2025-07-25T20:30:00Z,96.42,1885.5
2025-07-25T21:00:00Z,95.21,2270.5
2025-07-25T21:30:00Z,87.64,2040.9
2025-07-25T22:00:00Z,87.02,2372.0
2025-07-25T22:30:00Z,93.06,2633.15
2025-07-25T23:00:00Z,94.19,2439.85
2025-07-25T23:30:00Z,88.17,1924.8
2025-07-26T00:00:00Z,82.12,1537.2
2025-07-26T00:30:00Z,82.86,1301.9
2025-07-26T01:00:00Z,81.11,1406.4
2025-07-26T01:30:00Z,79.69,1394.1
2025-07-26T02:00:00Z,78.88,1284.3
2025-07-26T02:30:00Z,76.21,1310.5
2025-07-26T03:00:00Z,78.85,1199.55
2025-07-26T03:30:00Z,81.07,1261.05
2025-07-26T04:00:00Z,83.53,1399.15
2025-07-26T04:30:00Z,85.04,1302.2
2025-07-26T05:00:00Z,80.55,1373.3
2025-07-26T05:30:00Z,83.51,1429.2
2025-07-26T06:00:00Z,68.68,1467.5
2025-07-26T06:30:00Z,72.97,1344.75
2025-07-26T07:00:00Z,73.24,1462.75
2025-07-26T07:30:00Z,75.61,1391.8
2025-07-26T08:00:00Z,78.49,1255.5
2025-07-26T08:30:00Z,79.96,1404.0
2025-07-26T09:00:00Z,85.64,1761.45
2025-07-26T09:30:00Z,91.6,1990.55
2025-07-26T10:00:00Z,94.5,2234.4
2025-07-26T10:30:00Z,92.74,1865.55
2025-07-26T11:00:00Z,91.33,2080.4
2025-07-26T11:30:00Z,94.66,2240.0
2025-07-26T12:00:00Z,89.06,2200.5
2025-07-26T12:30:00Z,80.16000000000001,1943.2
2025-07-26T13:00:00Z,76.94,2296.9
2025-07-26T13:30:00Z,71.04,2506.95
2025-07-26T14:00:00Z,75.75,2241.7
2025-07-26T14:30:00Z,76.42,2577.9
2025-07-26T15:00:00Z,76.63,2467.1
2025-07-26T15:30:00Z,73.93,2397.05
2025-07-26T16:00:00Z,81.6,2017.9
2025-07-26T16:30:00Z,80.42,1819.3
2025-07-26T17:00:00Z,84.66,2181.2
2025-07-26T17:30:00Z,82.59000000000002,1852.55
2025-07-26T18:00:00Z,84.49,1555.05
2025-07-26T18:30:00Z,89.65,1561.9
2025-07-26T19:00:00Z,92.65000000000002,1784.3
2025-07-26T19:30:00Z,90.26,1622.95
2025-07-26T20:00:00Z,85.66,1648.65
2025-07-26T20:30:00Z,82.91,1553.1
2025-07-26T21:00:00Z,77.92,1871.3
2025-07-26T21:30:00Z,75.9,2137.3
2025-07-26T22:00:00Z,68.87,2090.1
2025-07-26T22:30:00Z,71.9,2222.25
2025-07-26T23:00:00Z,77.33,1759.05
2025-07-26T23:30:00Z,76.13,1724.7
2025-07-27T00:00:00Z,79.6,1563.15
2025-07-27T00:30:00Z,78.19,1587.45
2025-07-27T01:00:00Z,78.26,1367.1
2025-07-27T01:30:00Z,75.85,1309.2
2025-07-27T02:00:00Z,75.33,1597.35
2025-07-27T02:30:00Z,71.76,1484.85
2025-07-27T03:00:00Z,74.11,1643.35
2025-07-27T03:30:00Z,77.31,1761.9
2025-07-27T04:00:00Z,74.49,1318.25
2025-07-27T04:30:00Z,73.64,1171.6
2025-07-27T05:00:00Z,74.76,1560.2
2025-07-27T05:30:00Z,75.5,1529.25
2025-07-27T06:00:00Z,80.21,1560.4
2025-07-27T06:30:00Z,83.24,1651.95
2025-07-27T07:00:00Z,76.15,1766.35
2025-07-27T07:30:00Z,80.45,1941.05
2025-07-27T08:00:00Z,85.55,1646.65
2025-07-27T08:30:00Z,86.56,1790.2
2025-07-27T09:00:00Z,90.04,1963.35
2025-07-27T09:30:00Z,91.38,1864.05
2025-07-27T10:00:00Z,92.97,2001.6
2025-07-27T10:30:00Z,93.93,2018.95
2025-07-27T11:00:00Z,93.82,1960.9
2025-07-27T11:30:00Z,92.64,1944.4
2025-07-27T12:00:00Z,89.28,1922.85
2025-07-27T12:30:00Z,86.86,1864.55
2025-07-27T13:00:00Z,86.16,1939.5
2025-07-27T13:30:00Z,81.76,2297.85
2025-07-27T14:00:00Z,83.43,1706.25
2025-07-27T14:30:00Z,84.8,1908.85
2025-07-27T15:00:00Z,83.48,1883.0
2025-07-27T15:30:00Z,82.66,1677.55
2025-07-27T16:00:00Z,88.76,2242.1
2025-07-27T16:30:00Z,84.93,2267.55
2025-07-27T17:00:00Z,87.16,2341.35
2025-07-27T17:30:00Z,92.66,2349.2
2025-07-27T18:00:00Z,92.0,2104.65
2025-07-27T18:30:00Z,89.87,2068.05
2025-07-27T19:00:00Z,91.68,2309.75
2025-07-27T19:30:00Z,86.57,2432.9
2025-07-27T20:00:00Z,92.78,2173.15
2025-07-27T20:30:00Z,88.77,2392.85
2025-07-27T21:00:00Z,87.97,2279.65
2025-07-27T21:30:00Z,84.57,2375.95
2025-07-27T22:00:00Z,72.15,1561.1
2025-07-27T22:30:00Z,71.0,1981.25
2025-07-27T23:00:00Z,76.17000000000002,1791.35
2025-07-27T23:30:00Z,76.42,1762.65
2025-07-28T00:00:00Z,74.2,1297.15
2025-07-28T00:30:00Z,70.56,998.35
2025-07-28T01:00:00Z,70.19,1180.8
2025-07-28T01:30:00Z,67.8,1176.25
2025-07-28T02:00:00Z,67.41,1284.65
2025-07-28T02:30:00Z,66.32,1181.9
2025-07-28T03:00:00Z,69.96,1435.7
2025-07-28T03:30:00Z,68.1,1358.8
2025-07-28T04:00:00Z,73.48,1475.0
2025-07-28T04:30:00Z,71.86,1333.65
2025-07-28T05:00:00Z,74.04,1883.95
2025-07-28T05:30:00Z,83.72,2009.75
2025-07-28T06:00:00Z,79.84,1853.15
2025-07-28T06:30:00Z,83.27,2254.3
2025-07-28T07:00:00Z,83.45,1769.15
2025-07-28T07:30:00Z,81.1,2105.85
2025-07-28T08:00:00Z,78.64,2155.95
2025-07-28T08:30:00Z,79.04,2053.3
2025-07-28T09:00:00Z,76.99,2547.35
2025-07-28T09:30:00Z,67.53,2624.45
2025-07-28T10:00:00Z,66.44,2604.4
2025-07-28T10:30:00Z,72.82,2904.75
2025-07-28T11:00:00Z,81.42,2909.95
2025-07-28T11:30:00Z,85.2,3110.15
2025-07-28T12:00:00Z,87.31,3957.75
2025-07-28T12:30:00Z,84.97999999999999,3486.65
2025-07-28T13:00:00Z,86.77,2811.0
2025-07-28T13:30:00Z,86.86,3161.85
2025-07-28T14:00:00Z,84.58,2733.75
2025-07-28T14:30:00Z,77.98,2599.25
2025-07-28T15:00:00Z,76.26,2988.95
2025-07-28T15:30:00Z,77.15,2740.3
2025-07-28T16:00:00Z,75.38,2253.95
2025-07-28T16:30:00Z,74.27,2133.8
2025-07-28T17:00:00Z,81.34,2533.65
2025-07-28T17:30:00Z,92.41,2828.25
2025-07-28T18:00:00Z,91.97,3202.6
2025-07-28T18:30:00Z,91.21,3020.65
2025-07-28T19:00:00Z,91.71000000000001,2867.0
2025-07-28T19:30:00Z,90.55,2835.9
2025-07-28T20:00:00Z,87.64,2383.4
2025-07-28T20:30:00Z,82.38,2098.6
2025-07-28T21:00:00Z,80.88,1990.5
2025-07-28T21:30:00Z,78.16,2480.8
2025-07-28T22:00:00Z,73.88,1897.5
2025-07-28T22:30:00Z,71.36,1435.5
2025-07-28T23:00:00Z,70.63,1460.35
2025-07-28T23:30:00Z,69.55,1529.6
2025-07-29T00:00:00Z,67.99,1126.4
2025-07-29T00:30:00Z,67.8,1346.9
2025-07-29T01:00:00Z,67.28,1425.25
2025-07-29T01:30:00Z,69.0,1609.55
2025-07-29T02:00:00Z,66.22,1294.95
2025-07-29T02:30:00Z,66.33,1255.25
2025-07-29T03:00:00Z,68.38,1451.5
2025-07-29T03:30:00Z,66.96,1346.45
2025-07-29T04:00:00Z,74.31,1347.35
2025-07-29T04:30:00Z,81.39,1232.75
2025-07-29T05:00:00Z,78.02,1536.7
2025-07-29T05:30:00Z,80.95,1778.85
2025-07-29T06:00:00Z,72.99,2038.55
2025-07-29T06:30:00Z,79.89,2090.2
2025-07-29T07:00:00Z,88.19,2176.8
2025-07-29T07:30:00Z,93.75,2365.55
2025-07-29T08:00:00Z,88.47,2707.85
2025-07-29T08:30:00Z,88.4,2346.8
2025-07-29T09:00:00Z,90.71,2513.65
2025-07-29T09:30:00Z,84.14,2534.75
2025-07-29T10:00:00Z,79.88,2296.05
2025-07-29T10:30:00Z,76.41,2530.8
2025-07-29T11:00:00Z,75.93,2376.85
2025-07-29T11:30:00Z,75.07,2284.95
2025-07-29T12:00:00Z,77.68,2473.55
2025-07-29T12:30:00Z,74.07,2117.15
2025-07-29T13:00:00Z,73.61,2116.0
2025-07-29T13:30:00Z,73.6,2400.4
2025-07-29T14:00:00Z,71.95,1605.3
2025-07-29T14:30:00Z,73.25,2010.4
2025-07-29T15:00:00Z,72.61,1656.3
2025-07-29T15:30:00Z,73.88,2332.0
2025-07-29T16:00:00Z,87.58,2471.25
2025-07-29T16:30:00Z,94.91,2831.9
2025-07-29T17:00:00Z,98.43,3567.75
2025-07-29T17:30:00Z,102.59,3409.2
2025-07-29T18:00:00Z,111.49,4417.45
2025-07-29T18:30:00Z,110.32,4462.1
2025-07-29T19:00:00Z,105.82,4030.95
2025-07-29T19:30:00Z,103.4,4016.35
2025-07-29T20:00:00Z,102.93,3264.0
2025-07-29T20:30:00Z,92.5,2999.95
2025-07-29T21:00:00Z,92.58,3319.45
2025-07-29T21:30:00Z,92.43,3474.5
2025-07-29T22:00:00Z,82.38,1696.1
2025-07-29T22:30:00Z,79.1,1036.75
2025-07-29T23:00:00Z,73.9,932.7
2025-07-29T23:30:00Z,71.73,1020.2
2025-07-30T00:00:00Z,69.91,1117.55
2025-07-30T00:30:00Z,69.89,1152.95
2025-07-30T01:00:00Z,71.67,1114.95
2025-07-30T01:30:00Z,72.21,1356.45
2025-07-30T02:00:00Z,70.89,1038.3
2025-07-30T02:30:00Z,69.34,1003.9
2025-07-30T03:00:00Z,69.44,986.95
2025-07-30T03:30:00Z,69.07,1089.85
2025-07-30T04:00:00Z,71.01,1054.5
2025-07-30T04:30:00Z,72.72,1399.65
2025-07-30T05:00:00Z,80.14,1617.3
2025-07-30T05:30:00Z,98.36,2198.3
2025-07-30T06:00:00Z,79.48,2338.45
2025-07-30T06:30:00Z,84.75,2436.05
2025-07-30T07:00:00Z,83.11,2018.25
2025-07-30T07:30:00Z,83.67,2082.3
2025-07-30T08:00:00Z,85.45,2177.45
2025-07-30T08:30:00Z,83.95,2144.8
2025-07-30T09:00:00Z,78.57,2302.05
2025-07-30T09:30:00Z,74.4,2782.05
2025-07-30T10:00:00Z,73.05,2597.1
2025-07-30T10:30:00Z,75.26,2527.6
2025-07-30T11:00:00Z,81.72,3160.55
2025-07-30T11:30:00Z,81.7,2752.45
2025-07-30T12:00:00Z,78.19,2746.3
2025-07-30T12:30:00Z,76.22,2225.25
2025-07-30T13:00:00Z,73.59,2780.75
2025-07-30T13:30:00Z,75.66,2925.45
2025-07-30T14:00:00Z,70.46,2446.8
2025-07-30T14:30:00Z,75.62,2711.05
2025-07-30T15:00:00Z,73.59,2416.2
2025-07-30T15:30:00Z,73.4,2621.35
2025-07-30T16:00:00Z,77.97,2524.55
2025-07-30T16:30:00Z,82.65,2872.35
2025-07-30T17:00:00Z,90.57,3704.2
2025-07-30T17:30:00Z,90.54,4280.75
2025-07-30T18:00:00Z,100.5,4917.0
2025-07-30T18:30:00Z,100.64,4156.0
2025-07-30T19:00:00Z,97.56,4172.8
2025-07-30T19:30:00Z,98.5,4536.85
2025-07-30T20:00:00Z,89.24,3146.65
2025-07-30T20:30:00Z,86.28,2908.65
2025-07-30T21:00:00Z,86.09,3007.9
2025-07-30T21:30:00Z,88.14,3799.75
2025-07-30T22:00:00Z,77.86,2162.8
2025-07-30T22:30:00Z,77.69,1560.15
2025-07-30T23:00:00Z,77.45,1536.9
2025-07-30T23:30:00Z,73.41,1626.35
2025-07-31T00:00:00Z,70.36,1318.2
2025-07-31T00:30:00Z,68.34,1544.7
2025-07-31T01:00:00Z,71.68,1617.65
2025-07-31T01:30:00Z,70.87,1509.45
2025-07-31T02:00:00Z,70.89,1187.3
2025-07-31T02:30:00Z,70.78,1292.5
2025-07-31T03:00:00Z,69.88,1539.8
2025-07-31T03:30:00Z,68.63,1514.1
2025-07-31T04:00:00Z,83.12000000000002,1856.05
2025-07-31T04:30:00Z,85.62,1727.45
2025-07-31T05:00:00Z,80.28,1693.65
2025-07-31T05:30:00Z,96.33,1999.7
2025-07-31T06:00:00Z,73.83,1837.1
2025-07-31T06:30:00Z,92.25,2088.15
2025-07-31T07:00:00Z,90.44,2169.25
2025-07-31T07:30:00Z,90.13,2338.6
2025-07-31T08:00:00Z,88.05,2506.4
2025-07-31T08:30:00Z,87.46,2387.0
2025-07-31T09:00:00Z,81.17,2609.85
2025-07-31T09:30:00Z,77.94,3076.6
2025-07-31T10:00:00Z,76.11,2933.75
2025-07-31T10:30:00Z,69.76,2949.85
2025-07-31T11:00:00Z,78.41000000000001,3348.1
2025-07-31T11:30:00Z,70.02,2964.1
2025-07-31T12:00:00Z,66.3,2704.2
2025-07-31T12:30:00Z,64.67,2600.95
2025-07-31T13:00:00Z,66.73,3079.05
2025-07-31T13:30:00Z,68.56,3219.05
2025-07-31T14:00:00Z,77.13,3657.95
2025-07-31T14:30:00Z,74.55,3552.8
2025-07-31T15:00:00Z,74.54,3361.9
2025-07-31T15:30:00Z,81.13,3748.65
2025-07-31T16:00:00Z,87.52,3240.45
2025-07-31T16:30:00Z,91.57,3669.5
2025-07-31T17:00:00Z,98.32,2880.65
2025-07-31T17:30:00Z,99.81999999999998,2815.7
2025-07-31T18:00:00Z,108.98,2909.55
2025-07-31T18:30:00Z,108.42999999999999,2516.45
2025-07-31T19:00:00Z,108.98,2470.8
2025-07-31T19:30:00Z,105.69,2742.35
2025-07-31T20:00:00Z,93.68,1896.95
2025-07-31T20:30:00Z,91.17,1824.3
2025-07-31T21:00:00Z,91.8,1974.25
2025-07-31T21:30:00Z,86.12,2249.55
2025-07-31T22:00:00Z,92.91,997.0
2025-07-31T22:30:00Z,93.71,977.75
2025-07-31T23:00:00Z,80.81,1220.05
2025-07-31T23:30:00Z,76.25,1371.2
2025-08-01T00:00:00Z,82.08,1525.25
2025-08-01T00:30:00Z,79.55,1563.4
2025-08-01T01:00:00Z,86.61,1588.55
2025-08-01T01:30:00Z,84.99,1753.0
2025-08-01T02:00:00Z,92.38,1742.95
2025-08-01T02:30:00Z,89.49,1668.4
2025-08-01T03:00:00Z,91.12,1829.25
2025-08-01T03:30:00Z,84.35,2190.05
2025-08-01T04:00:00Z,85.73,2246.75
2025-08-01T04:30:00Z,90.45,2564.25
2025-08-01T05:00:00Z,97.98,2464.65
2025-08-01T05:30:00Z,100.9,2561.45
2025-08-01T06:00:00Z,90.07,2521.2
2025-08-01T06:30:00Z,98.78,2349.75
2025-08-01T07:00:00Z,87.89,2559.45
2025-08-01T07:30:00Z,88.7,2588.3
2025-08-01T08:00:00Z,81.33,2683.6
2025-08-01T08:30:00Z,70.72,3170.95
2025-08-01T09:00:00Z,76.58,3552.9
2025-08-01T09:30:00Z,71.37,3914.65
2025-08-01T10:00:00Z,74.49,3536.8
2025-08-01T10:30:00Z,74.77,3134.95
2025-08-01T11:00:00Z,76.18,2978.25
2025-08-01T11:30:00Z,75.81,2845.6
2025-08-01T12:00:00Z,74.45,3134.9
2025-08-01T12:30:00Z,65.99,3225.9
2025-08-01T13:00:00Z,61.06000000000001,3822.8
2025-08-01T13:30:00Z,48.74,3949.45
2025-08-01T14:00:00Z,41.26,4169.8
2025-08-01T14:30:00Z,38.66,3662.55
2025-08-01T15:00:00Z,50.260000000000005,3544.8
2025-08-01T15:30:00Z,57.4,3307.7
2025-08-01T16:00:00Z,64.13,2404.35
2025-08-01T16:30:00Z,76.22,2698.5
2025-08-01T17:00:00Z,85.83,2268.9
2025-08-01T17:30:00Z,88.64,2522.4
2025-08-01T18:00:00Z,100.21,2341.85
2025-08-01T18:30:00Z,100.96,2374.45
2025-08-01T19:00:00Z,97.78,2732.0
2025-08-01T19:30:00Z,98.04,3145.5
2025-08-01T20:00:00Z,95.86,2478.6
2025-08-01T20:30:00Z,95.44,2555.9
2025-08-01T21:00:00Z,94.79,2454.45
2025-08-01T21:30:00Z,84.29,2220.7
2025-08-01T22:00:00Z,77.52,1523.2
2025-08-01T22:30:00Z,77.63,1311.45
2025-08-01T23:00:00Z,77.67,1324.4
2025-08-01T23:30:00Z,71.33,1631.45
2025-08-02T00:00:00Z,70.59,1225.05
2025-08-02T00:30:00Z,71.76,1229.35
2025-08-02T01:00:00Z,65.62,1388.3
2025-08-02T01:30:00Z,58.720000000000006,1646.6
2025-08-02T02:00:00Z,47.45,1234.6
2025-08-02T02:30:00Z,42.5,1218.35
2025-08-02T03:00:00Z,41.42,1195.3
2025-08-02T03:30:00Z,43.1,1187.2
2025-08-02T04:00:00Z,46.27,1508.25
2025-08-02T04:30:00Z,50.04,1582.3
2025-08-02T05:00:00Z,49.11,1440.35
2025-08-02T05:30:00Z,53.45,1570.4
2025-08-02T06:00:00Z,50.870000000000005,1714.7
2025-08-02T06:30:00Z,52.57,2166.75
2025-08-02T07:00:00Z,51.53,1773.8
2025-08-02T07:30:00Z,48.86,2234.45
2025-08-02T08:00:00Z,47.97,2185.9
2025-08-02T08:30:00Z,40.02,2429.6
2025-08-02T09:00:00Z,36.9,2625.0
2025-08-02T09:30:00Z,35.96,2508.35
2025-08-02T10:00:00Z,36.57,2732.8
2025-08-02T10:30:00Z,34.6,2599.25
2025-08-02T11:00:00Z,30.88,2917.1
2025-08-02T11:30:00Z,26.81,2884.4
2025-08-02T12:00:00Z,26.260000000000005,2817.2
2025-08-02T12:30:00Z,26.79,2922.1
2025-08-02T13:00:00Z,27.69,3143.3
2025-08-02T13:30:00Z,29.190000000000005,3013.8
2025-08-02T14:00:00Z,26.18,2442.0
2025-08-02T14:30:00Z,26.12,2331.95
2025-08-02T15:00:00Z,32.1,2338.7
2025-08-02T15:30:00Z,42.14,2800.05
2025-08-02T16:00:00Z,64.24,2939.85
2025-08-02T16:30:00Z,71.22,2920.05
2025-08-02T17:00:00Z,73.46,2863.45
2025-08-02T17:30:00Z,79.7,2521.4
2025-08-02T18:00:00Z,89.58,2219.85
2025-08-02T18:30:00Z,89.75,1769.55
2025-08-02T19:00:00Z,90.75,1648.95
2025-08-02T19:30:00Z,91.63,1817.75
2025-08-02T20:00:00Z,91.21,1859.1
2025-08-02T20:30:00Z,84.13,1876.0
2025-08-02T21:00:00Z,82.03,1902.65
2025-08-02T21:30:00Z,79.13,2088.2
2025-08-02T22:00:00Z,78.72,1379.5
2025-08-02T22:30:00Z,80.57,1467.65
2025-08-02T23:00:00Z,77.44,1548.05
2025-08-02T23:30:00Z,66.49,1274.75
2025-08-03T00:00:00Z,57.25,1170.85
2025-08-03T00:30:00Z,45.76,1340.4
2025-08-03T01:00:00Z,47.56,1804.05
2025-08-03T01:30:00Z,43.26,1867.9
2025-08-03T02:00:00Z,29.8,1698.25
2025-08-03T02:30:00Z,28.92,1760.0
2025-08-03T03:00:00Z,31.47,1761.85
2025-08-03T03:30:00Z,32.4,2024.75
2025-08-03T04:00:00Z,31.39,1948.75
2025-08-03T04:30:00Z,28.73,1641.25
2025-08-03T05:00:00Z,20.63,1642.55
2025-08-03T05:30:00Z,17.16,1679.05
2025-08-03T06:00:00Z,10.11,1709.2
2025-08-03T06:30:00Z,10.77,1709.75
2025-08-03T07:00:00Z,15.27,2006.55
2025-08-03T07:30:00Z,14.01,2076.6
2025-08-03T08:00:00Z,7.91,2207.45
2025-08-03T08:30:00Z,2.06,2132.55
2025-08-03T09:00:00Z,6.88,2737.1
2025-08-03T09:30:00Z,9.58,3612.2
2025-08-03T10:00:00Z,15.62,3384.35
2025-08-03T10:30:00Z,17.33,3410.6
2025-08-03T11:00:00Z,10.38,3931.0
2025-08-03T11:30:00Z,17.27,3739.5
2025-08-03T12:00:00Z,19.96,3508.55
2025-08-03T12:30:00Z,27.38,3367.35
2025-08-03T13:00:00Z,35.19,3746.3
2025-08-03T13:30:00Z,22.97,3538.1
2025-08-03T14:00:00Z,26.73,3631.6
2025-08-03T14:30:00Z,21.13,2833.75
2025-08-03T15:00:00Z,18.11,2774.6
2025-08-03T15:30:00Z,41.98,3491.6
2025-08-03T16:00:00Z,71.6,3577.85
2025-08-03T16:30:00Z,85.05,3633.5
2025-08-03T17:00:00Z,84.95,2894.0
2025-08-03T17:30:00Z,87.06,2798.35
2025-08-03T18:00:00Z,97.44,2510.9
2025-08-03T18:30:00Z,104.1,2593.7
2025-08-03T19:00:00Z,105.46,2600.1
2025-08-03T19:30:00Z,106.86,2873.55
2025-08-03T20:00:00Z,107.17,2474.6
2025-08-03T20:30:00Z,109.44,2568.2
2025-08-03T21:00:00Z,111.68999999999998,2732.65
2025-08-03T21:30:00Z,109.13,2667.7
2025-08-03T22:00:00Z,107.15,2069.15
2025-08-03T22:30:00Z,93.86,2353.0
2025-08-03T23:00:00Z,90.72,1909.1
2025-08-03T23:30:00Z,93.45,2099.25
2025-08-04T00:00:00Z,91.55,1699.2
2025-08-04T00:30:00Z,85.03,1376.55
2025-08-04T01:00:00Z,84.96,1776.95
2025-08-04T01:30:00Z,81.15,1542.35
2025-08-04T02:00:00Z,68.38,1446.0
2025-08-04T02:30:00Z,58.96999999999999,1396.85
2025-08-04T03:00:00Z,73.61,1870.9
2025-08-04T03:30:00Z,58.83,1741.95
2025-08-04T04:00:00Z,55.7,1853.05
2025-08-04T04:30:00Z,42.72,1987.85
2025-08-04T05:00:00Z,57.94,3025.6
2025-08-04T05:30:00Z,58.4,2810.1
2025-08-04T06:00:00Z,48.220000000000006,3291.8
2025-08-04T06:30:00Z,53.04,3608.55
2025-08-04T07:00:00Z,52.63,3219.5
2025-08-04T07:30:00Z,44.96,3236.9
2025-08-04T08:00:00Z,27.28,3110.85
2025-08-04T08:30:00Z,11.92,3412.45
2025-08-04T09:00:00Z,7.18,3028.6
2025-08-04T09:30:00Z,5.86,3037.05
2025-08-04T10:00:00Z,5.81,4532.6
2025-08-04T10:30:00Z,13.27,5053.9
2025-08-04T11:00:00Z,-9.21,4653.45
2025-08-04T11:30:00Z,-4.15,4912.65
2025-08-04T12:00:00Z,3.44,4727.15
2025-08-04T12:30:00Z,4.64,5617.1
2025-08-04T13:00:00Z,-2.02,5421.85
2025-08-04T13:30:00Z,-2.91,5581.35
2025-08-04T14:00:00Z,3.9200000000000004,5704.4
2025-08-04T14:30:00Z,2.81,5349.0
2025-08-04T15:00:00Z,4.68,4349.35
2025-08-04T15:30:00Z,5.72,3646.1
2025-08-04T16:00:00Z,17.56,3137.7
2025-08-04T16:30:00Z,22.14,3526.9
2025-08-04T17:00:00Z,47.51,3608.3
2025-08-04T17:30:00Z,52.769999999999996,3322.7
2025-08-04T18:00:00Z,54.18000000000001,2853.45
2025-08-04T18:30:00Z,58.52,2882.6
2025-08-04T19:00:00Z,46.48,2344.0
2025-08-04T19:30:00Z,46.32,2371.8
2025-08-04T20:00:00Z,49.41,2560.45
2025-08-04T20:30:00Z,40.79,2447.9
2025-08-04T21:00:00Z,44.22,2104.55
2025-08-04T21:30:00Z,19.34,2676.85
2025-08-04T22:00:00Z,-6.04,1807.9
2025-08-04T22:30:00Z,-9.95,2391.95
2025-08-04T23:00:00Z,-10.360000000000001,1975.3
2025-08-04T23:30:00Z,-11.07,1568.75
2025-08-05T00:00:00Z,-0.76,1816.95
2025-08-05T00:30:00Z,-4.28,1916.45
2025-08-05T01:00:00Z,-3.48,1985.95
2025-08-05T01:30:00Z,-5.01,1680.8
2025-08-05T02:00:00Z,-5.19,1333.25
2025-08-05T02:30:00Z,-3.83,1438.6
2025-08-05T03:00:00Z,-7.74,1942.4
2025-08-05T03:30:00Z,-6.11,1687.1
2025-08-05T04:00:00Z,-5.48,1535.7
2025-08-05T04:30:00Z,-6.53,1506.2
2025-08-05T05:00:00Z,-6.57,1862.95
2025-08-05T05:30:00Z,-1.42,2223.3
2025-08-05T06:00:00Z,-1.53,2014.8
2025-08-05T06:30:00Z,-3.8999999999999995,2396.65
2025-08-05T07:00:00Z,6.78,2391.55
2025-08-05T07:30:00Z,6.65,2680.3
2025-08-05T08:00:00Z,1.3,3326.25
2025-08-05T08:30:00Z,7.380000000000001,4636.1
2025-08-05T09:00:00Z,2.31,3993.85
2025-08-05T09:30:00Z,8.07,4363.15
2025-08-05T10:00:00Z,6.37,3931.6
2025-08-05T10:30:00Z,-0.05,3019.25
2025-08-05T11:00:00Z,-0.43,2742.35
2025-08-05T11:30:00Z,1.4000000000000001,2930.75
2025-08-05T12:00:00Z,10.18,3484.15
2025-08-05T12:30:00Z,10.49,3384.8
2025-08-05T13:00:00Z,6.81,3631.3
2025-08-05T13:30:00Z,12.43,3813.35
2025-08-05T14:00:00Z,15.01,3820.05
2025-08-05T14:30:00Z,26.01,4496.45
2025-08-05T15:00:00Z,27.16,4875.95
2025-08-05T15:30:00Z,24.36,4663.0
2025-08-05T16:00:00Z,14.84,3606.4
2025-08-05T16:30:00Z,19.86,3609.8
2025-08-05T17:00:00Z,57.22,2932.85
2025-08-05T17:30:00Z,66.96,3333.4
2025-08-05T18:00:00Z,79.28,3068.2
2025-08-05T18:30:00Z,86.12,2765.55
2025-08-05T19:00:00Z,89.22,2682.15
2025-08-05T19:30:00Z,89.59,2696.6
2025-08-05T20:00:00Z,90.73,2925.6
2025-08-05T20:30:00Z,86.32,2895.15
2025-08-05T21:00:00Z,76.8,2288.6
2025-08-05T21:30:00Z,77.04,2714.3
2025-08-05T22:00:00Z,81.17,2677.0
2025-08-05T22:30:00Z,68.04,2629.5
2025-08-05T23:00:00Z,34.7,2574.75
2025-08-05T23:30:00Z,31.96,2274.15
2025-08-06T00:00:00Z,25.06,1589.1
2025-08-06T00:30:00Z,23.18,1879.25
2025-08-06T01:00:00Z,19.93,1961.95
2025-08-06T01:30:00Z,19.36,1960.95
2025-08-06T02:00:00Z,18.89,1756.25
2025-08-06T02:30:00Z,18.17,1841.0
2025-08-06T03:00:00Z,13.75,2287.95
2025-08-06T03:30:00Z,17.76,2040.4
2025-08-06T04:00:00Z,23.16,2243.3
2025-08-06T04:30:00Z,33.71,2217.95
2025-08-06T05:00:00Z,49.74,2268.6
2025-08-06T05:30:00Z,65.12,2515.15
2025-08-06T06:00:00Z,60.9,2076.75
2025-08-06T06:30:00Z,74.93,2366.55
2025-08-06T07:00:00Z,67.48,2109.75
2025-08-06T07:30:00Z,60.23,1833.3
2025-08-06T08:00:00Z,57.71,2529.85
2025-08-06T08:30:00Z,52.63,2373.5
2025-08-06T09:00:00Z,49.61,2975.5
2025-08-06T09:30:00Z,47.1,2360.25
2025-08-06T10:00:00Z,41.67,2433.7
2025-08-06T10:30:00Z,39.88,2304.25
2025-08-06T11:00:00Z,40.9,2120.95
2025-08-06T11:30:00Z,42.02,2423.8
2025-08-06T12:00:00Z,42.16,2507.25
2025-08-06T12:30:00Z,42.39,2357.95
2025-08-06T13:00:00Z,39.36,2834.8
2025-08-06T13:30:00Z,41.69,2705.15
2025-08-06T14:00:00Z,45.72,2600.55
2025-08-06T14:30:00Z,47.2,2618.25
2025-08-06T15:00:00Z,48.88,2518.65
2025-08-06T15:30:00Z,53.17,2742.5
2025-08-06T16:00:00Z,67.96,3327.0
2025-08-06T16:30:00Z,68.44,3140.8
2025-08-06T17:00:00Z,93.52,3308.1
2025-08-06T17:30:00Z,94.43,3269.95
2025-08-06T18:00:00Z,111.40999999999998,2839.25
2025-08-06T18:30:00Z,110.85000000000001,3085.55
2025-08-06T19:00:00Z,109.57,2847.1
2025-08-06T19:30:00Z,107.38,2849.35
2025-08-06T20:00:00Z,101.23,3298.6
2025-08-06T20:30:00Z,89.37,2965.15
2025-08-06T21:00:00Z,94.54,3061.2
2025-08-06T21:30:00Z,87.22,3404.25
2025-08-06T22:00:00Z,86.46,2902.15
2025-08-06T22:30:00Z,90.4,2486.9
2025-08-06T23:00:00Z,87.44,2580.6
2025-08-06T23:30:00Z,69.43,2623.35
2025-08-07T00:00:00Z,54.38,2237.25
2025-08-07T00:30:00Z,36.77000000000001,1796.0
2025-08-07T01:00:00Z,37.35,1934.45
2025-08-07T01:30:00Z,30.69,1889.8
2025-08-07T02:00:00Z,24.26,2080.05
2025-08-07T02:30:00Z,21.26,2100.3
2025-08-07T03:00:00Z,22.09,1894.65
2025-08-07T03:30:00Z,31.15,2282.5
2025-08-07T04:00:00Z,57.33,2833.45
2025-08-07T04:30:00Z,69.05,2313.8
2025-08-07T05:00:00Z,69.45,2218.65
2025-08-07T05:30:00Z,80.94,2460.45
2025-08-07T06:00:00Z,82.08,2507.4
2025-08-07T06:30:00Z,85.17,2681.15
2025-08-07T07:00:00Z,65.91,2684.55
2025-08-07T07:30:00Z,66.17,3179.85
2025-08-07T08:00:00Z,28.599999999999998,2790.75
2025-08-07T08:30:00Z,23.34,2547.0
2025-08-07T09:00:00Z,19.95,3147.7
2025-08-07T09:30:00Z,15.33,2762.2
2025-08-07T10:00:00Z,0.74,2454.65
2025-08-07T10:30:00Z,-3.21,2661.65
2025-08-07T11:00:00Z,-5.28,2799.05
2025-08-07T11:30:00Z,-8.26,2774.35
2025-08-07T12:00:00Z,-10.28,3595.3
2025-08-07T12:30:00Z,-12.63,3190.9
2025-08-07T13:00:00Z,-8.33,3844.9
2025-08-07T13:30:00Z,-2.62,4306.5
2025-08-07T14:00:00Z,12.14,3705.25
2025-08-07T14:30:00Z,26.6,3872.75
2025-08-07T15:00:00Z,53.46,4095.5
2025-08-07T15:30:00Z,63.87,3885.95
2025-08-07T16:00:00Z,88.69,3196.3
2025-08-07T16:30:00Z,86.81,3686.65
2025-08-07T17:00:00Z,92.71,3192.45
2025-08-07T17:30:00Z,94.81,2889.45
2025-08-07T18:00:00Z,106.78,2811.35
2025-08-07T18:30:00Z,108.7,3088.05
2025-08-07T19:00:00Z,106.76,3146.55
2025-08-07T19:30:00Z,105.18,3620.5
2025-08-07T20:00:00Z,87.67,3352.3
2025-08-07T20:30:00Z,85.49,3053.25
2025-08-07T21:00:00Z,84.43,3341.6
2025-08-07T21:30:00Z,81.27999999999999,3432.5
2025-08-07T22:00:00Z,79.39,2394.85
2025-08-07T22:30:00Z,90.32,2346.95
2025-08-07T23:00:00Z,87.25,2117.5
2025-08-07T23:30:00Z,88.04,1872.05
2025-08-08T00:00:00Z,87.25,2238.9
2025-08-08T00:30:00Z,79.18,2474.05
2025-08-08T01:00:00Z,78.5,2664.45
2025-08-08T01:30:00Z,78.77,2625.45
2025-08-08T02:00:00Z,86.35,2117.7
2025-08-08T02:30:00Z,78.9,2278.6
2025-08-08T03:00:00Z,82.52,2206.25
2025-08-08T03:30:00Z,81.28,2112.55
2025-08-08T04:00:00Z,96.41,1824.55
2025-08-08T04:30:00Z,96.05,2039.4
2025-08-08T05:00:00Z,100.78,2344.2
2025-08-08T05:30:00Z,104.89,2461.5
2025-08-08T06:00:00Z,99.47,3385.6
2025-08-08T06:30:00Z,100.65,3624.75
2025-08-08T07:00:00Z,92.86,3415.5
2025-08-08T07:30:00Z,87.03,3659.3
2025-08-08T08:00:00Z,81.91,3539.7
2025-08-08T08:30:00Z,67.65,3804.4
2025-08-08T09:00:00Z,50.58,3914.7
2025-08-08T09:30:00Z,53.3,4326.7
2025-08-08T10:00:00Z,31.16,5317.2
2025-08-08T10:30:00Z,24.24,4952.05
2025-08-08T11:00:00Z,21.71,5329.15
2025-08-08T11:30:00Z,19.24,4981.25
2025-08-08T12:00:00Z,17.24,6051.7
2025-08-08T12:30:00Z,16.3,5725.55
2025-08-08T13:00:00Z,28.79,6106.1
2025-08-08T13:30:00Z,27.48,6744.15
2025-08-08T14:00:00Z,35.03,4541.15
2025-08-08T14:30:00Z,44.29,4363.9
2025-08-08T15:00:00Z,58.67,3241.0
2025-08-08T15:30:00Z,71.59,3326.05
2025-08-08T16:00:00Z,84.35,2771.9
2025-08-08T16:30:00Z,86.71,3112.2
2025-08-08T17:00:00Z,88.1,3147.8
2025-08-08T17:30:00Z,90.67,2875.45
2025-08-08T18:00:00Z,102.59,3273.25
2025-08-08T18:30:00Z,103.09,2969.8
2025-08-08T19:00:00Z,99.89,3390.05
2025-08-08T19:30:00Z,95.98,3284.95
2025-08-08T20:00:00Z,91.99,2777.95
2025-08-08T20:30:00Z,87.8,2729.65
2025-08-08T21:00:00Z,86.65,2603.8
2025-08-08T21:30:00Z,81.36,2586.45
2025-08-08T22:00:00Z,78.69,1779.1
2025-08-08T22:30:00Z,81.06,1430.1
2025-08-08T23:00:00Z,76.9,1643.15
2025-08-08T23:30:00Z,69.5,1382.0
2025-08-09T00:00:00Z,62.49,1282.35
2025-08-09T00:30:00Z,59.64,1150.9
2025-08-09T01:00:00Z,63.04,1232.75
2025-08-09T01:30:00Z,57.94,1436.0
2025-08-09T02:00:00Z,63.03,1399.85
2025-08-09T02:30:00Z,58.93000000000001,1460.45
2025-08-09T03:00:00Z,57.53,1420.7
2025-08-09T03:30:00Z,53.44,1224.95
2025-08-09T04:00:00Z,61.64999999999999,1532.75
2025-08-09T04:30:00Z,61.55,1293.3
2025-08-09T05:00:00Z,54.36,1806.7
2025-08-09T05:30:00Z,57.88,1826.65
2025-08-09T06:00:00Z,62.02,1700.65
2025-08-09T06:30:00Z,64.48,1911.25
2025-08-09T07:00:00Z,41.19,2272.8
2025-08-09T07:30:00Z,36.03,1979.0
2025-08-09T08:00:00Z,21.66,2070.45
2025-08-09T08:30:00Z,13.0,1919.05
2025-08-09T09:00:00Z,9.17,2158.45
2025-08-09T09:30:00Z,8.72,2631.35
2025-08-09T10:00:00Z,-3.8799999999999994,2192.3
2025-08-09T10:30:00Z,-3.32,2282.2
2025-08-09T11:00:00Z,-7.55,2017.75
2025-08-09T11:30:00Z,-10.04,1958.7
2025-08-09T12:00:00Z,-10.63,2125.9
2025-08-09T12:30:00Z,-12.53,2109.1
2025-08-09T13:00:00Z,-10.46,2409.75
2025-08-09T13:30:00Z,-12.88,2210.85
2025-08-09T14:00:00Z,-5.65,2163.6
2025-08-09T14:30:00Z,-6.36,2432.85
2025-08-09T15:00:00Z,-9.61,1983.8
2025-08-09T15:30:00Z,17.52,2649.25
2025-08-09T16:00:00Z,54.28,2313.2
2025-08-09T16:30:00Z,81.32,2364.25
2025-08-09T17:00:00Z,74.56,2687.6
2025-08-09T17:30:00Z,82.19,2198.55
2025-08-09T18:00:00Z,90.4,2178.9
2025-08-09T18:30:00Z,92.51,2318.7
2025-08-09T19:00:00Z,91.5,2645.9
2025-08-09T19:30:00Z,93.69,2754.85
2025-08-09T20:00:00Z,95.76,2196.0
2025-08-09T20:30:00Z,97.19,2256.3
2025-08-09T21:00:00Z,90.33,2525.0
2025-08-09T21:30:00Z,79.8,2425.5
2025-08-09T22:00:00Z,65.59,1669.85
2025-08-09T22:30:00Z,67.35,1625.7
2025-08-09T23:00:00Z,73.49,1517.05
2025-08-09T23:30:00Z,78.17,1422.7
2025-08-10T00:00:00Z,75.44,1344.7
2025-08-10T00:30:00Z,78.09,1427.25
2025-08-10T01:00:00Z,80.07,1325.85
2025-08-10T01:30:00Z,78.58,1344.4
2025-08-10T02:00:00Z,74.64,1391.3
2025-08-10T02:30:00Z,75.92,1368.8
2025-08-10T03:00:00Z,78.34,1509.7
2025-08-10T03:30:00Z,78.78,1452.35
2025-08-10T04:00:00Z,86.99,1270.05
2025-08-10T04:30:00Z,88.64,1343.45
2025-08-10T05:00:00Z,90.4,1311.95
2025-08-10T05:30:00Z,91.27999999999999,1586.55
2025-08-10T06:00:00Z,92.85999999999999,1458.3
2025-08-10T06:30:00Z,89.46,1754.15
2025-08-10T07:00:00Z,92.04,1768.7
2025-08-10T07:30:00Z,91.08,1799.55
2025-08-10T08:00:00Z,84.91,1395.25
2025-08-10T08:30:00Z,78.81,1485.2
2025-08-10T09:00:00Z,81.08,1421.35
2025-08-10T09:30:00Z,74.28,1436.95
2025-08-10T10:00:00Z,59.6,1479.75
2025-08-10T10:30:00Z,50.15,1561.15
2025-08-10T11:00:00Z,46.45000000000001,1612.55
2025-08-10T11:30:00Z,44.68,1646.4
2025-08-10T12:00:00Z,38.49,2104.45
2025-08-10T12:30:00Z,37.22,2221.75
2025-08-10T13:00:00Z,36.2,2072.95
2025-08-10T13:30:00Z,30.73,2388.8
2025-08-10T14:00:00Z,31.730000000000004,1636.1
2025-08-10T14:30:00Z,36.02,1943.8
2025-08-10T15:00:00Z,51.54,1877.8
2025-08-10T15:30:00Z,69.0,2176.3
2025-08-10T16:00:00Z,85.97,1613.25
2025-08-10T16:30:00Z,90.95,1818.0
2025-08-10T17:00:00Z,92.87,2296.7
2025-08-10T17:30:00Z,93.63,2350.4
2025-08-10T18:00:00Z,106.27,2662.85
2025-08-10T18:30:00Z,103.97,2396.4
2025-08-10T19:00:00Z,100.16,2658.9
2025-08-10T19:30:00Z,103.29,2772.5
2025-08-10T20:00:00Z,89.98,2746.4
2025-08-10T20:30:00Z,89.28,2674.5
2025-08-10T21:00:00Z,93.48,2241.45
2025-08-10T21:30:00Z,85.9,2086.65
2025-08-10T22:00:00Z,81.13,1590.8
2025-08-10T22:30:00Z,80.91,1361.65
2025-08-10T23:00:00Z,82.48,1438.25
2025-08-10T23:30:00Z,76.57,1346.55
2025-08-11T00:00:00Z,75.49,1483.9
2025-08-11T00:30:00Z,73.74,1472.45
2025-08-11T01:00:00Z,74.54,1574.75
2025-08-11T01:30:00Z,73.67,1716.1
2025-08-11T02:00:00Z,73.22,1428.85
2025-08-11T02:30:00Z,68.15,1482.9
2025-08-11T03:00:00Z,76.33,1580.65
2025-08-11T03:30:00Z,73.75,1689.75
2025-08-11T04:00:00Z,82.58,1501.8
2025-08-11T04:30:00Z,83.05,1821.9
2025-08-11T05:00:00Z,81.27,1524.75
2025-08-11T05:30:00Z,87.5,1834.7
2025-08-11T06:00:00Z,74.55,1743.45
2025-08-11T06:30:00Z,88.71000000000001,1781.1
2025-08-11T07:00:00Z,71.18,1628.05
2025-08-11T07:30:00Z,71.02,1568.45
2025-08-11T08:00:00Z,69.82,1689.3
2025-08-11T08:30:00Z,69.84,1983.1
2025-08-11T09:00:00Z,68.2,1967.5
2025-08-11T09:30:00Z,67.57,2125.4
2025-08-11T10:00:00Z,70.25,2327.45
2025-08-11T10:30:00Z,71.23,2014.4
2025-08-11T11:00:00Z,75.41,2431.95
2025-08-11T11:30:00Z,71.49,2373.0
2025-08-11T12:00:00Z,75.9,2285.05
2025-08-11T12:30:00Z,77.01,2400.85
2025-08-11T13:00:00Z,78.15,2443.8
2025-08-11T13:30:00Z,79.91,2555.0
2025-08-11T14:00:00Z,84.54,2348.4
2025-08-11T14:30:00Z,85.49,2295.75
2025-08-11T15:00:00Z,84.77,2921.65
2025-08-11T15:30:00Z,85.93,3473.8
2025-08-11T16:00:00Z,112.24,3331.7
2025-08-11T16:30:00Z,122.68,3693.55
2025-08-11T17:00:00Z,139.86,3181.1
2025-08-11T17:30:00Z,137.46,3017.1
2025-08-11T18:00:00Z,154.67,3350.4
2025-08-11T18:30:00Z,148.76,3411.15
2025-08-11T19:00:00Z,113.72,3276.35
2025-08-11T19:30:00Z,109.68,3909.9
2025-08-11T20:00:00Z,94.25,3727.9
2025-08-11T20:30:00Z,92.32,3141.7
2025-08-11T21:00:00Z,92.24,3403.9
2025-08-11T21:30:00Z,86.15,2912.45
2025-08-11T22:00:00Z,74.38,1830.6
2025-08-11T22:30:00Z,75.33,1209.5
2025-08-11T23:00:00Z,73.28,1260.9
2025-08-11T23:30:00Z,72.14,1472.1
2025-08-12T00:00:00Z,75.99,1614.35
2025-08-12T00:30:00Z,76.4,1421.5
2025-08-12T01:00:00Z,69.95,1665.8
2025-08-12T01:30:00Z,71.56,1942.05
2025-08-12T02:00:00Z,69.71,1584.35
2025-08-12T02:30:00Z,68.22,1383.9
2025-08-12T03:00:00Z,69.32,1513.9
2025-08-12T03:30:00Z,68.41,1406.85
2025-08-12T04:00:00Z,84.77,1326.7
2025-08-12T04:30:00Z,93.62,1427.4
2025-08-12T05:00:00Z,89.95,1987.55
2025-08-12T05:30:00Z,91.32,2253.95
2025-08-12T06:00:00Z,84.88,2346.45
2025-08-12T06:30:00Z,91.73,2227.0
2025-08-12T07:00:00Z,95.65,1715.7
2025-08-12T07:30:00Z,100.03,1656.65
2025-08-12T08:00:00Z,97.65,1990.2
2025-08-12T08:30:00Z,96.55,1656.0
2025-08-12T09:00:00Z,97.58,1699.7
2025-08-12T09:30:00Z,91.71,1831.6
2025-08-12T10:00:00Z,83.48,2255.55
2025-08-12T10:30:00Z,81.65,2024.7
2025-08-12T11:00:00Z,85.62,2644.05
2025-08-12T11:30:00Z,90.41,2357.65
2025-08-12T12:00:00Z,83.24,3377.05
2025-08-12T12:30:00Z,79.54,3570.65
2025-08-12T13:00:00Z,81.28,3327.3
2025-08-12T13:30:00Z,80.25,3392.8
2025-08-12T14:00:00Z,87.96,3253.75
2025-08-12T14:30:00Z,82.53,3267.6
2025-08-12T15:00:00Z,80.55,3236.7
2025-08-12T15:30:00Z,78.06,3784.45
2025-08-12T16:00:00Z,100.7,4616.5
2025-08-12T16:30:00Z,103.59000000000002,5077.95
2025-08-12T17:00:00Z,124.39,4024.55
2025-08-12T17:30:00Z,129.27,4875.25
2025-08-12T18:00:00Z,125.87999999999998,4671.9
2025-08-12T18:30:00Z,122.59,4060.7
2025-08-12T19:00:00Z,109.16,4155.6
2025-08-12T19:30:00Z,105.02,3678.5
2025-08-12T20:00:00Z,92.81,2856.7
2025-08-12T20:30:00Z,86.8,2650.95
2025-08-12T21:00:00Z,88.47,2743.35
2025-08-12T21:30:00Z,86.64,2667.05
2025-08-12T22:00:00Z,81.38,672.2
2025-08-12T22:30:00Z,79.73,448.3
2025-08-12T23:00:00Z,79.44,427.55
2025-08-12T23:30:00Z,75.74,456.75
2025-08-13T00:00:00Z,80.3,765.45
2025-08-13T00:30:00Z,77.92,799.85
2025-08-13T01:00:00Z,80.89,940.1
2025-08-13T01:30:00Z,79.84,1034.65
2025-08-13T02:00:00Z,81.42,1276.65
2025-08-13T02:30:00Z,85.36,1369.25
2025-08-13T03:00:00Z,86.63,1329.6
2025-08-13T03:30:00Z,81.66,1449.7
2025-08-13T04:00:00Z,85.9,1575.75
2025-08-13T04:30:00Z,92.27,1745.85
2025-08-13T05:00:00Z,93.53,2169.6
2025-08-13T05:30:00Z,96.18,2253.8
2025-08-13T06:00:00Z,91.17,2264.8
2025-08-13T06:30:00Z,95.68,2430.6
2025-08-13T07:00:00Z,96.21,1992.35
2025-08-13T07:30:00Z,98.5,2312.7
2025-08-13T08:00:00Z,100.53,2884.55
2025-08-13T08:30:00Z,95.46,2904.45
2025-08-13T09:00:00Z,93.08,2809.15
2025-08-13T09:30:00Z,98.79,3650.8
2025-08-13T10:00:00Z,91.21,3785.85
2025-08-13T10:30:00Z,84.66,3846.9
2025-08-13T11:00:00Z,82.51,3301.2
2025-08-13T11:30:00Z,79.49,3388.55
2025-08-13T12:00:00Z,79.28,3130.6
2025-08-13T12:30:00Z,75.29,3283.4
2025-08-13T13:00:00Z,74.3,3207.25
2025-08-13T13:30:00Z,74.04,2969.1
2025-08-13T14:00:00Z,75.4,2717.1
2025-08-13T14:30:00Z,74.9,2740.35
2025-08-13T15:00:00Z,81.5,3107.3
2025-08-13T15:30:00Z,73.3,3976.7
2025-08-13T16:00:00Z,90.72,3475.55
2025-08-13T16:30:00Z,89.54,3564.15
2025-08-13T17:00:00Z,110.86,4121.35
2025-08-13T17:30:00Z,109.58,4382.2
2025-08-13T18:00:00Z,107.42,4302.75
2025-08-13T18:30:00Z,106.42,4455.0
2025-08-13T19:00:00Z,97.44,4458.45
2025-08-13T19:30:00Z,93.99,4461.95
2025-08-13T20:00:00Z,88.71,3439.85
2025-08-13T20:30:00Z,84.09000000000002,3195.4
2025-08-13T21:00:00Z,84.32,3122.35
2025-08-13T21:30:00Z,82.62,3682.95
2025-08-13T22:00:00Z,73.12,2062.0
2025-08-13T22:30:00Z,78.11,2002.35
2025-08-13T23:00:00Z,77.54000000000002,1930.9
2025-08-13T23:30:00Z,77.53,1818.6
2025-08-14T00:00:00Z,76.97,1851.35
2025-08-14T00:30:00Z,77.32,1849.1
2025-08-14T01:00:00Z,75.01,2084.0
2025-08-14T01:30:00Z,73.22,2057.15
2025-08-14T02:00:00Z,73.14,1929.45
2025-08-14T02:30:00Z,72.47,1744.15
2025-08-14T03:00:00Z,69.82,1872.55
2025-08-14T03:30:00Z,71.37,2196.5
2025-08-14T04:00:00Z,74.22,1892.2
2025-08-14T04:30:00Z,74.08,1669.1
2025-08-14T05:00:00Z,76.31,1982.7
2025-08-14T05:30:00Z,85.59,2155.25
2025-08-14T06:00:00Z,78.92,1986.3
2025-08-14T06:30:00Z,85.11,2501.95
2025-08-14T07:00:00Z,76.39,1950.8
2025-08-14T07:30:00Z,81.88,2472.45
2025-08-14T08:00:00Z,77.1,2176.5
2025-08-14T08:30:00Z,72.8,2074.95
2025-08-14T09:00:00Z,70.3,2447.55
2025-08-14T09:30:00Z,71.46,3398.3
2025-08-14T10:00:00Z,68.39,3038.35
2025-08-14T10:30:00Z,70.16,2334.55
2025-08-14T11:00:00Z,69.73,2879.1
2025-08-14T11:30:00Z,69.33,2149.35
2025-08-14T12:00:00Z,68.99,2933.05
2025-08-14T12:30:00Z,68.53,2861.65
2025-08-14T13:00:00Z,69.39,3115.15
2025-08-14T13:30:00Z,69.48,3247.05
2025-08-14T14:00:00Z,69.99,3122.3
2025-08-14T14:30:00Z,69.03,2677.2
2025-08-14T15:00:00Z,72.47,3484.7
2025-08-14T15:30:00Z,70.34,3442.15
2025-08-14T16:00:00Z,77.85,3563.3
2025-08-14T16:30:00Z,80.94,3738.9
2025-08-14T17:00:00Z,101.26,4436.35
2025-08-14T17:30:00Z,104.01,4775.85
2025-08-14T18:00:00Z,106.25,4942.5
2025-08-14T18:30:00Z,109.69,4794.6
2025-08-14T19:00:00Z,106.82,4931.9
2025-08-14T19:30:00Z,105.65,4760.75
2025-08-14T20:00:00Z,98.45,4902.5
2025-08-14T20:30:00Z,96.02,4537.35
2025-08-14T21:00:00Z,99.23,4098.15
2025-08-14T21:30:00Z,89.57,3740.95
2025-08-14T22:00:00Z,78.11,2567.05
2025-08-14T22:30:00Z,80.3,1944.1
2025-08-14T23:00:00Z,79.64,1462.35
2025-08-14T23:30:00Z,75.99,1725.25
2025-08-15T00:00:00Z,77.46,1449.85
2025-08-15T00:30:00Z,73.92,1453.7
2025-08-15T01:00:00Z,75.15,1504.25
2025-08-15T01:30:00Z,76.19,1543.35
2025-08-15T02:00:00Z,78.24,1369.3
2025-08-15T02:30:00Z,79.67,1390.05
2025-08-15T03:00:00Z,76.06,1489.25
2025-08-15T03:30:00Z,76.28,1501.2
2025-08-15T04:00:00Z,76.76,1626.7
2025-08-15T04:30:00Z,79.86,1549.95
2025-08-15T05:00:00Z,79.36,1821.25
2025-08-15T05:30:00Z,86.25,2192.8
2025-08-15T06:00:00Z,82.74,1920.6
2025-08-15T06:30:00Z,88.68,2133.6
2025-08-15T07:00:00Z,85.39,1959.8
2025-08-15T07:30:00Z,84.79000000000002,1945.3
2025-08-15T08:00:00Z,78.62,1839.8
2025-08-15T08:30:00Z,75.51,1778.65
2025-08-15T09:00:00Z,73.74,2092.3
2025-08-15T09:30:00Z,73.82,1950.5
2025-08-15T10:00:00Z,72.32,2385.2
2025-08-15T10:30:00Z,65.76,2174.85
2025-08-15T11:00:00Z,69.19,2366.6
2025-08-15T11:30:00Z,64.66,2180.1
2025-08-15T12:00:00Z,63.349999999999994,2452.85
2025-08-15T12:30:00Z,68.07,3058.55
2025-08-15T13:00:00Z,65.81,3435.65
2025-08-15T13:30:00Z,64.82,3569.55
2025-08-15T14:00:00Z,70.53,2781.4
2025-08-15T14:30:00Z,69.96,2830.8
2025-08-15T15:00:00Z,73.26,3487.3
2025-08-15T15:30:00Z,72.03,3253.55
2025-08-15T16:00:00Z,81.52,2333.5
2025-08-15T16:30:00Z,82.68,2556.4
2025-08-15T17:00:00Z,91.08,2272.7
2025-08-15T17:30:00Z,93.49,2297.2
2025-08-15T18:00:00Z,96.44,2396.95
2025-08-15T18:30:00Z,102.18,2267.7
2025-08-15T19:00:00Z,99.04,2414.2
2025-08-15T19:30:00Z,96.56,2421.4
2025-08-15T20:00:00Z,99.66,2300.75
2025-08-15T20:30:00Z,90.15,2161.8
2025-08-15T21:00:00Z,79.53,2207.25
2025-08-15T21:30:00Z,80.45,2466.95
2025-08-15T22:00:00Z,80.48,1730.85
2025-08-15T22:30:00Z,80.54000000000002,1737.3
2025-08-15T23:00:00Z,81.75,1463.5
2025-08-15T23:30:00Z,79.13,1324.45
2025-08-16T00:00:00Z,72.97,1517.25
2025-08-16T00:30:00Z,71.13,1381.3
2025-08-16T01:00:00Z,77.46,1583.2
2025-08-16T01:30:00Z,75.71,1710.95
2025-08-16T02:00:00Z,69.37,1542.5
2025-08-16T02:30:00Z,69.31,1493.15
2025-08-16T03:00:00Z,79.91,1551.4
2025-08-16T03:30:00Z,74.66,1253.95
2025-08-16T04:00:00Z,74.41,1095.1
2025-08-16T04:30:00Z,73.92,1259.75
2025-08-16T05:00:00Z,76.9,1246.85
2025-08-16T05:30:00Z,77.09,1383.65
2025-08-16T06:00:00Z,72.19,1315.2
2025-08-16T06:30:00Z,77.11,1316.1
2025-08-16T07:00:00Z,82.31,1530.75
2025-08-16T07:30:00Z,84.50999999999999,1690.0
2025-08-16T08:00:00Z,87.66000000000001,1836.95
2025-08-16T08:30:00Z,91.23,1728.05
2025-08-16T09:00:00Z,92.67,1788.9
2025-08-16T09:30:00Z,92.4,1641.25
2025-08-16T10:00:00Z,94.42,1687.45
2025-08-16T10:30:00Z,92.49,1543.05
2025-08-16T11:00:00Z,89.61,1545.75
2025-08-16T11:30:00Z,84.48,1662.3
2025-08-16T12:00:00Z,77.35999999999999,1837.35
2025-08-16T12:30:00Z,73.55,1585.3
2025-08-16T13:00:00Z,74.3,1871.15
2025-08-16T13:30:00Z,73.4,1988.6
2025-08-16T14:00:00Z,76.3,1720.55
2025-08-16T14:30:00Z,85.45,2119.7
2025-08-16T15:00:00Z,86.72,1954.9
2025-08-16T15:30:00Z,90.12,2001.75
2025-08-16T16:00:00Z,98.63,2094.6
2025-08-16T16:30:00Z,99.12,1890.45
2025-08-16T17:00:00Z,100.54,2308.2
2025-08-16T17:30:00Z,97.6,2344.15
2025-08-16T18:00:00Z,100.36,2366.85
2025-08-16T18:30:00Z,99.46000000000001,2914.45
2025-08-16T19:00:00Z,96.93,2801.05
2025-08-16T19:30:00Z,93.43,2654.85
2025-08-16T20:00:00Z,95.03,2587.95
2025-08-16T20:30:00Z,89.54,2411.6
2025-08-16T21:00:00Z,85.58,2582.4
2025-08-16T21:30:00Z,85.63,2290.25
2025-08-16T22:00:00Z,88.23,1139.0
2025-08-16T22:30:00Z,87.43,1071.0
2025-08-16T23:00:00Z,86.07,992.85
2025-08-16T23:30:00Z,82.51,857.3
2025-08-17T00:00:00Z,82.98,1122.0
2025-08-17T00:30:00Z,82.75999999999999,853.95
2025-08-17T01:00:00Z,79.2,918.75
2025-08-17T01:30:00Z,74.78,1107.25
2025-08-17T02:00:00Z,74.12,1176.0
2025-08-17T02:30:00Z,73.94,986.2
2025-08-17T03:00:00Z,74.2,918.25
2025-08-17T03:30:00Z,74.04,848.35
2025-08-17T04:00:00Z,74.7,846.4
2025-08-17T04:30:00Z,76.13000000000001,901.8
2025-08-17T05:00:00Z,74.12000000000002,982.9
2025-08-17T05:30:00Z,74.79,1261.8
2025-08-17T06:00:00Z,72.66,1566.4
2025-08-17T06:30:00Z,77.96,1300.75
2025-08-17T07:00:00Z,80.22,1093.85
2025-08-17T07:30:00Z,79.72,1045.8
2025-08-17T08:00:00Z,75.37,861.25
2025-08-17T08:30:00Z,74.0,952.75
2025-08-17T09:00:00Z,74.14,1254.5
2025-08-17T09:30:00Z,72.28,1158.85
2025-08-17T10:00:00Z,63.03999999999999,1175.25
2025-08-17T10:30:00Z,62.64,1509.75
2025-08-17T11:00:00Z,58.49,1989.45
2025-08-17T11:30:00Z,57.08,2182.3
2025-08-17T12:00:00Z,53.4,1902.75
2025-08-17T12:30:00Z,54.23,1853.55
2025-08-17T13:00:00Z,56.4,1900.0
2025-08-17T13:30:00Z,54.28,2272.55
2025-08-17T14:00:00Z,60.81999999999999,1849.1
2025-08-17T14:30:00Z,69.26,1759.3
2025-08-17T15:00:00Z,67.84,1796.1
2025-08-17T15:30:00Z,69.88,1980.8
2025-08-17T16:00:00Z,93.99,1631.75
2025-08-17T16:30:00Z,90.58,1838.35
2025-08-17T17:00:00Z,89.58,1350.7
2025-08-17T17:30:00Z,94.77000000000001,1625.95
2025-08-17T18:00:00Z,97.41,1814.85
2025-08-17T18:30:00Z,94.02,1766.7
2025-08-17T19:00:00Z,96.03000000000002,1559.15
2025-08-17T19:30:00Z,93.62,1661.5
2025-08-17T20:00:00Z,89.49,1739.8
2025-08-17T20:30:00Z,84.3,1539.75
2025-08-17T21:00:00Z,88.15,1751.1
2025-08-17T21:30:00Z,78.61,1929.95
2025-08-17T22:00:00Z,82.48,1613.25
2025-08-17T22:30:00Z,84.95,1425.3
2025-08-17T23:00:00Z,78.69,1702.2
2025-08-17T23:30:00Z,75.28,1534.5
2025-08-18T00:00:00Z,73.14,1559.7
2025-08-18T00:30:00Z,73.85,1558.3
2025-08-18T01:00:00Z,73.36,1693.65
2025-08-18T01:30:00Z,73.34,1689.05
2025-08-18T02:00:00Z,78.12,1497.35
2025-08-18T02:30:00Z,80.64,1455.35
2025-08-18T03:00:00Z,82.35,1379.0
2025-08-18T03:30:00Z,80.2,1536.5
2025-08-18T04:00:00Z,90.46,1316.5
2025-08-18T04:30:00Z,94.21999999999998,1704.75
2025-08-18T05:00:00Z,96.88,1770.1
2025-08-18T05:30:00Z,103.44,1747.25
2025-08-18T06:00:00Z,89.54,2355.4
2025-08-18T06:30:00Z,95.54,2674.7
2025-08-18T07:00:00Z,94.88,2475.1
2025-08-18T07:30:00Z,96.97,2495.9
2025-08-18T08:00:00Z,96.6,2575.7
2025-08-18T08:30:00Z,97.97,2530.45
2025-08-18T09:00:00Z,99.16,2582.45
2025-08-18T09:30:00Z,100.86,3012.35
2025-08-18T10:00:00Z,97.37,2350.85
2025-08-18T10:30:00Z,93.33,2668.0
2025-08-18T11:00:00Z,95.43000000000002,2808.95
2025-08-18T11:30:00Z,88.49,2902.85
2025-08-18T12:00:00Z,82.4,3269.0
2025-08-18T12:30:00Z,83.77,3188.35
2025-08-18T13:00:00Z,82.0,3175.55
2025-08-18T13:30:00Z,79.42999999999999,3524.4
2025-08-18T14:00:00Z,81.7,2870.1
2025-08-18T14:30:00Z,85.12,3048.15
2025-08-18T15:00:00Z,84.65,2934.8
2025-08-18T15:30:00Z,83.56,2905.05
2025-08-18T16:00:00Z,98.01,2550.15
2025-08-18T16:30:00Z,97.36,2866.05
2025-08-18T17:00:00Z,105.02,2839.4
2025-08-18T17:30:00Z,101.72,2786.9
2025-08-18T18:00:00Z,103.79,3545.55
2025-08-18T18:30:00Z,105.46,3440.55
2025-08-18T19:00:00Z,98.29,3294.5
2025-08-18T19:30:00Z,98.05000000000001,2912.8
2025-08-18T20:00:00Z,93.97,2867.35
2025-08-18T20:30:00Z,89.22,2204.35
2025-08-18T21:00:00Z,88.69,2416.6
2025-08-18T21:30:00Z,87.08,2614.6
2025-08-18T22:00:00Z,78.61,1681.6
2025-08-18T22:30:00Z,80.68,1093.75
2025-08-18T23:00:00Z,78.3,1146.5
2025-08-18T23:30:00Z,77.89,1149.05
2025-08-19T00:00:00Z,80.1,1013.8
2025-08-19T00:30:00Z,80.78,1127.95
2025-08-19T01:00:00Z,79.99,1179.4
2025-08-19T01:30:00Z,76.92,1223.05
2025-08-19T02:00:00Z,80.24,1242.7
2025-08-19T02:30:00Z,72.28,1168.15
2025-08-19T03:00:00Z,76.68,1107.75
2025-08-19T03:30:00Z,73.81,1225.3
2025-08-19T04:00:00Z,71.82,957.35
2025-08-19T04:30:00Z,71.48,1190.15
2025-08-19T05:00:00Z,72.63,1486.4
2025-08-19T05:30:00Z,78.9,1740.25
2025-08-19T06:00:00Z,76.31,1976.8
2025-08-19T06:30:00Z,76.57,2715.9
2025-08-19T07:00:00Z,70.74,1612.8
2025-08-19T07:30:00Z,70.91,1747.65
2025-08-19T08:00:00Z,69.08,1873.1
2025-08-19T08:30:00Z,72.99,2609.4
2025-08-19T09:00:00Z,73.14,2342.3
2025-08-19T09:30:00Z,74.66,2622.3
2025-08-19T10:00:00Z,76.5,3061.05
2025-08-19T10:30:00Z,74.56,3409.2
2025-08-19T11:00:00Z,70.93,3363.0
2025-08-19T11:30:00Z,71.27,3410.45
2025-08-19T12:00:00Z,69.41,3404.0
2025-08-19T12:30:00Z,68.04,3637.05
2025-08-19T13:00:00Z,67.18,3613.5
2025-08-19T13:30:00Z,70.46,4129.8
2025-08-19T14:00:00Z,77.53,2918.0
2025-08-19T14:30:00Z,70.75,2681.35
2025-08-19T15:00:00Z,72.64,3073.75
2025-08-19T15:30:00Z,78.24,3155.9
2025-08-19T16:00:00Z,87.44,2691.75
2025-08-19T16:30:00Z,86.61,2938.05
2025-08-19T17:00:00Z,95.99,2691.15
2025-08-19T17:30:00Z,90.42999999999999,3122.95
2025-08-19T18:00:00Z,95.18,2679.0
2025-08-19T18:30:00Z,93.81,2592.75
2025-08-19T19:00:00Z,93.95,2436.35
2025-08-19T19:30:00Z,95.26,2359.15
2025-08-19T20:00:00Z,90.76,2567.4
2025-08-19T20:30:00Z,81.9,2182.3
2025-08-19T21:00:00Z,81.16,2561.0
2025-08-19T21:30:00Z,84.67,2553.4
2025-08-19T22:00:00Z,73.75,1951.55
2025-08-19T22:30:00Z,75.35,1874.15
2025-08-19T23:00:00Z,77.78,1761.5
2025-08-19T23:30:00Z,77.46,1979.9
2025-08-20T00:00:00Z,73.67,1667.45
2025-08-20T00:30:00Z,72.4,2057.4
2025-08-20T01:00:00Z,74.6,2024.6
2025-08-20T01:30:00Z,71.62,1933.3
2025-08-20T02:00:00Z,75.53,2063.7
2025-08-20T02:30:00Z,77.95,1851.45
2025-08-20T03:00:00Z,77.73000000000002,1789.5
2025-08-20T03:30:00Z,79.73,2076.75
2025-08-20T04:00:00Z,89.76,2213.25
2025-08-20T04:30:00Z,86.15,2561.2
2025-08-20T05:00:00Z,86.27,2395.1
2025-08-20T05:30:00Z,96.01,2857.05
2025-08-20T06:00:00Z,95.41,2640.2
2025-08-20T06:30:00Z,99.05,3005.05
2025-08-20T07:00:00Z,92.77,3212.95
2025-08-20T07:30:00Z,97.67,3425.45
2025-08-20T08:00:00Z,94.24,3355.95
2025-08-20T08:30:00Z,98.03,2768.55
2025-08-20T09:00:00Z,98.88999999999999,2846.25
2025-08-20T09:30:00Z,98.68,3001.55
2025-08-20T10:00:00Z,91.44,3583.15
2025-08-20T10:30:00Z,91.29,3374.55
2025-08-20T11:00:00Z,89.42,3671.95
2025-08-20T11:30:00Z,89.54,4054.0
2025-08-20T12:00:00Z,86.98,3748.75
2025-08-20T12:30:00Z,87.25,3507.15
2025-08-20T13:00:00Z,86.87,3885.45
2025-08-20T13:30:00Z,86.88,4236.9
2025-08-20T14:00:00Z,85.76,4189.65
2025-08-20T14:30:00Z,84.97,4357.4
2025-08-20T15:00:00Z,90.26,4155.65
2025-08-20T15:30:00Z,95.04,4150.85
2025-08-20T16:00:00Z,102.87,4593.2
2025-08-20T16:30:00Z,107.5,4112.75
2025-08-20T17:00:00Z,115.33,4117.7
2025-08-20T17:30:00Z,114.25,4146.35
2025-08-20T18:00:00Z,120.4,3821.3
2025-08-20T18:30:00Z,117.21,3318.85
2025-08-20T19:00:00Z,104.04,3422.4
2025-08-20T19:30:00Z,100.67999999999999,3459.45
2025-08-20T20:00:00Z,96.51,2416.6
2025-08-20T20:30:00Z,87.36,2547.7
2025-08-20T21:00:00Z,89.52,2394.25
2025-08-20T21:30:00Z,89.0,2756.3
2025-08-20T22:00:00Z,84.74,1628.2
2025-08-20T22:30:00Z,73.01,1477.0
2025-08-20T23:00:00Z,75.23,937.2
2025-08-20T23:30:00Z,75.2,857.4
2025-08-21T00:00:00Z,71.83,835.8
2025-08-21T00:30:00Z,71.05,958.35
2025-08-21T01:00:00Z,72.82,1199.05
2025-08-21T01:30:00Z,70.25,1012.0
2025-08-21T02:00:00Z,72.88,1168.85
2025-08-21T02:30:00Z,70.1,914.7
2025-08-21T03:00:00Z,68.25,1051.75
2025-08-21T03:30:00Z,67.46,1198.3
2025-08-21T04:00:00Z,69.45,1331.9
2025-08-21T04:30:00Z,74.17,1499.3
2025-08-21T05:00:00Z,83.62,1620.95
2025-08-21T05:30:00Z,87.47,1965.9
2025-08-21T06:00:00Z,77.34,2578.5
2025-08-21T06:30:00Z,88.46,2830.85
2025-08-21T07:00:00Z,86.87,2688.65
2025-08-21T07:30:00Z,83.88,2464.1
2025-08-21T08:00:00Z,82.38,2704.85
2025-08-21T08:30:00Z,73.49,3314.55
2025-08-21T09:00:00Z,67.63,3139.1
2025-08-21T09:30:00Z,66.61,3496.4
2025-08-21T10:00:00Z,65.53,4159.65
2025-08-21T10:30:00Z,68.97,4348.15
2025-08-21T11:00:00Z,70.84,3873.9
2025-08-21T11:30:00Z,71.63,4000.7
2025-08-21T12:00:00Z,71.65,3583.35
2025-08-21T12:30:00Z,71.23,3139.85
2025-08-21T13:00:00Z,71.09,2797.15
2025-08-21T13:30:00Z,71.01,3310.75
2025-08-21T14:00:00Z,69.99,2653.35
2025-08-21T14:30:00Z,71.32,2389.45
2025-08-21T15:00:00Z,72.9,2735.55
2025-08-21T15:30:00Z,73.52,2920.05
2025-08-21T16:00:00Z,76.7,2401.0
2025-08-21T16:30:00Z,83.48,2517.15
2025-08-21T17:00:00Z,84.6,2675.1
2025-08-21T17:30:00Z,89.6,2757.9
2025-08-21T18:00:00Z,96.76999999999998,2832.8
2025-08-21T18:30:00Z,95.86999999999999,2959.85
2025-08-21T19:00:00Z,94.58,2619.55
2025-08-21T19:30:00Z,98.53000000000002,2745.15
2025-08-21T20:00:00Z,92.22,2624.1
2025-08-21T20:30:00Z,92.5,2720.2
2025-08-21T21:00:00Z,85.74,2009.25
2025-08-21T21:30:00Z,78.5,2371.4
2025-08-21T22:00:00Z,84.94,1625.6
2025-08-21T22:30:00Z,82.26,1489.3
2025-08-21T23:00:00Z,76.87,1663.65
2025-08-21T23:30:00Z,75.01,1796.8
2025-08-22T00:00:00Z,72.33,1372.1
2025-08-22T00:30:00Z,73.46,1680.8
2025-08-22T01:00:00Z,73.43,1565.5
2025-08-22T01:30:00Z,71.7,1666.65
2025-08-22T02:00:00Z,74.83,1288.8
2025-08-22T02:30:00Z,74.83,1149.4
2025-08-22T03:00:00Z,74.25,1182.75
2025-08-22T03:30:00Z,76.18,1424.35
2025-08-22T04:00:00Z,83.85,1107.0
2025-08-22T04:30:00Z,90.82,1350.75
2025-08-22T05:00:00Z,91.75,1441.2
2025-08-22T05:30:00Z,95.97,2025.65
2025-08-22T06:00:00Z,99.02,2072.55
2025-08-22T06:30:00Z,98.09,2285.05
2025-08-22T07:00:00Z,100.17,2433.2
2025-08-22T07:30:00Z,102.33,2571.05
2025-08-22T08:00:00Z,100.52,2511.15
2025-08-22T08:30:00Z,88.53,2238.05
2025-08-22T09:00:00Z,76.29,2786.0
2025-08-22T09:30:00Z,77.09,3044.55
2025-08-22T10:00:00Z,76.25,3121.5
2025-08-22T10:30:00Z,73.93,2662.85
2025-08-22T11:00:00Z,83.06,3083.25
2025-08-22T11:30:00Z,79.99,3378.7
2025-08-22T12:00:00Z,77.06,3586.45
2025-08-22T12:30:00Z,75.19,3001.6
2025-08-22T13:00:00Z,74.22,2901.5
2025-08-22T13:30:00Z,73.92,3324.75
2025-08-22T14:00:00Z,74.41,2233.85
2025-08-22T14:30:00Z,74.49,1987.05
2025-08-22T15:00:00Z,75.03,1876.85
2025-08-22T15:30:00Z,79.17,2350.5
2025-08-22T16:00:00Z,89.47,2201.65
2025-08-22T16:30:00Z,97.09,2006.65
2025-08-22T17:00:00Z,102.49,2498.65
2025-08-22T17:30:00Z,105.61,2801.75
2025-08-22T18:00:00Z,113.87,2332.7
2025-08-22T18:30:00Z,115.61999999999999,2528.5
2025-08-22T19:00:00Z,109.21,2807.2
2025-08-22T19:30:00Z,109.45,2726.05
2025-08-22T20:00:00Z,106.7,2425.55
2025-08-22T20:30:00Z,103.01,2262.6
2025-08-22T21:00:00Z,100.51,2335.0
2025-08-22T21:30:00Z,90.64,1854.9
2025-08-22T22:00:00Z,82.14,1693.4
2025-08-22T22:30:00Z,84.35,1135.85
2025-08-22T23:00:00Z,84.36,1016.7
2025-08-22T23:30:00Z,80.93,1068.05
2025-08-23T00:00:00Z,79.64,676.9
2025-08-23T00:30:00Z,81.81,861.65
2025-08-23T01:00:00Z,81.58,1158.65
2025-08-23T01:30:00Z,76.44,1079.8
2025-08-23T02:00:00Z,76.95,940.15
2025-08-23T02:30:00Z,77.0,1026.4
2025-08-23T03:00:00Z,78.63,968.9
2025-08-23T03:30:00Z,79.85,996.55
2025-08-23T04:00:00Z,85.63,965.7
2025-08-23T04:30:00Z,86.82,994.55
2025-08-23T05:00:00Z,86.61,1073.35
2025-08-23T05:30:00Z,88.73,1123.0
2025-08-23T06:00:00Z,78.58,1317.3
2025-08-23T06:30:00Z,80.29,1467.4
2025-08-23T07:00:00Z,80.69,1007.75
2025-08-23T07:30:00Z,80.32,1249.1
2025-08-23T08:00:00Z,77.18,1158.0
2025-08-23T08:30:00Z,75.95,1125.0
2025-08-23T09:00:00Z,73.2,1181.05
2025-08-23T09:30:00Z,71.3,1491.3
2025-08-23T10:00:00Z,71.32,1841.95
2025-08-23T10:30:00Z,72.02,1895.25
2025-08-23T11:00:00Z,75.96,1944.35
2025-08-23T11:30:00Z,78.85,2042.7
2025-08-23T12:00:00Z,80.64,1928.75
2025-08-23T12:30:00Z,79.14,1827.5
2025-08-23T13:00:00Z,76.93,1679.2
2025-08-23T13:30:00Z,76.42,1722.15
2025-08-23T14:00:00Z,79.43,1505.8
2025-08-23T14:30:00Z,81.5,1649.65
2025-08-23T15:00:00Z,84.17000000000002,1644.35
2025-08-23T15:30:00Z,88.49,1977.65
2025-08-23T16:00:00Z,86.56,1730.25
2025-08-23T16:30:00Z,87.47,1881.8
2025-08-23T17:00:00Z,97.7,2012.95
2025-08-23T17:30:00Z,98.07,2134.95
2025-08-23T18:00:00Z,105.55,1920.55
2025-08-23T18:30:00Z,103.45,1937.05
2025-08-23T19:00:00Z,104.03,2093.05
2025-08-23T19:30:00Z,102.84,1786.4
2025-08-23T20:00:00Z,101.59,1604.05
2025-08-23T20:30:00Z,93.01,1252.95
2025-08-23T21:00:00Z,90.76,1824.8
2025-08-23T21:30:00Z,87.42,1977.05
2025-08-23T22:00:00Z,81.22,1186.4
2025-08-23T22:30:00Z,79.38,1249.8
2025-08-23T23:00:00Z,83.84,1204.15
2025-08-23T23:30:00Z,83.49,1148.05
2025-08-24T00:00:00Z,84.16,1117.55
2025-08-24T00:30:00Z,81.99,1014.45
2025-08-24T01:00:00Z,83.83,1258.05
2025-08-24T01:30:00Z,81.84,1018.6
2025-08-24T02:00:00Z,80.74,1006.3
2025-08-24T02:30:00Z,77.96,974.1
2025-08-24T03:00:00Z,82.45,741.6
2025-08-24T03:30:00Z,81.41,871.3
2025-08-24T04:00:00Z,82.24,885.2
2025-08-24T04:30:00Z,80.51,793.65
2025-08-24T05:00:00Z,76.57,1039.2
2025-08-24T05:30:00Z,77.2,1052.7
2025-08-24T06:00:00Z,76.52,996.7
2025-08-24T06:30:00Z,79.46,869.75
2025-08-24T07:00:00Z,89.55,981.8
2025-08-24T07:30:00Z,91.0,810.65
2025-08-24T08:00:00Z,90.62,1027.1
2025-08-24T08:30:00Z,89.22,990.1
2025-08-24T09:00:00Z,84.72,1257.55
2025-08-24T09:30:00Z,80.04,1234.55
2025-08-24T10:00:00Z,76.52,1036.2
2025-08-24T10:30:00Z,75.17,1175.3
2025-08-24T11:00:00Z,72.67,902.9
2025-08-24T11:30:00Z,73.03,961.5
2025-08-24T12:00:00Z,72.21,1004.25
2025-08-24T12:30:00Z,71.97,1230.75
2025-08-24T13:00:00Z,72.06,1087.55
2025-08-24T13:30:00Z,72.11,1063.6
2025-08-24T14:00:00Z,72.48,1072.0
2025-08-24T14:30:00Z,73.13,1282.15
2025-08-24T15:00:00Z,72.45,1885.3
2025-08-24T15:30:00Z,73.3,1918.7
2025-08-24T16:00:00Z,79.45,1886.05
2025-08-24T16:30:00Z,86.91,1893.7
2025-08-24T17:00:00Z,93.33,1855.35
2025-08-24T17:30:00Z,92.67,1996.65
2025-08-24T18:00:00Z,99.7,2233.65
2025-08-24T18:30:00Z,98.21,2255.1
2025-08-24T19:00:00Z,98.88,2196.0
2025-08-24T19:30:00Z,98.5,2204.7
2025-08-24T20:00:00Z,101.66,2042.7
2025-08-24T20:30:00Z,97.45,1907.6
2025-08-24T21:00:00Z,98.74,1814.0
2025-08-24T21:30:00Z,92.07,2023.75
2025-08-24T22:00:00Z,86.22,2007.55
2025-08-24T22:30:00Z,100.55,1898.0
2025-08-24T23:00:00Z,93.62,1761.2
2025-08-24T23:30:00Z,88.23999999999998,1808.4
2025-08-25T00:00:00Z,86.19,2060.95
2025-08-25T00:30:00Z,81.92,2046.65
2025-08-25T01:00:00Z,83.64,2047.05
2025-08-25T01:30:00Z,80.29,2299.45
2025-08-25T02:00:00Z,87.98,1767.35
2025-08-25T02:30:00Z,85.66,2015.25
2025-08-25T03:00:00Z,92.14,1903.9
2025-08-25T03:30:00Z,91.08999999999999,1858.9
2025-08-25T04:00:00Z,103.94,1901.3
2025-08-25T04:30:00Z,104.97,2061.4
2025-08-25T05:00:00Z,109.08,2465.7
2025-08-25T05:30:00Z,114.93,2828.7
2025-08-25T06:00:00Z,99.24,2982.65
2025-08-25T06:30:00Z,94.6,2992.65
2025-08-25T07:00:00Z,86.8,2367.3
2025-08-25T07:30:00Z,86.45,2869.85
2025-08-25T08:00:00Z,85.48,3032.85
2025-08-25T08:30:00Z,86.1,2634.65
2025-08-25T09:00:00Z,85.87,2246.5
2025-08-25T09:30:00Z,78.56,2977.0
2025-08-25T10:00:00Z,40.13,2583.3
2025-08-25T10:30:00Z,26.59,2294.55
2025-08-25T11:00:00Z,18.26,2956.3
2025-08-25T11:30:00Z,14.450000000000001,2915.7
2025-08-25T12:00:00Z,11.16,3041.55
2025-08-25T12:30:00Z,7.090000000000001,3165.25
2025-08-25T13:00:00Z,13.97,3794.45
2025-08-25T13:30:00Z,12.99,3672.25
2025-08-25T14:00:00Z,36.06,3015.55
2025-08-25T14:30:00Z,37.73,3170.1
2025-08-25T15:00:00Z,40.71,2978.5
2025-08-25T15:30:00Z,65.87,3249.65
2025-08-25T16:00:00Z,83.72,2928.3
2025-08-25T16:30:00Z,91.73000000000002,3321.9
2025-08-25T17:00:00Z,101.63,3574.1
2025-08-25T17:30:00Z,102.77,3478.25
2025-08-25T18:00:00Z,111.59000000000002,2788.3
2025-08-25T18:30:00Z,113.48,3081.2
2025-08-25T19:00:00Z,112.9,3008.95
2025-08-25T19:30:00Z,113.71,3186.6
2025-08-25T20:00:00Z,103.74,3165.1
2025-08-25T20:30:00Z,96.12,2868.75
2025-08-25T21:00:00Z,99.45000000000002,2808.9
2025-08-25T21:30:00Z,93.43,2716.15
2025-08-25T22:00:00Z,86.71,2157.15
2025-08-25T22:30:00Z,94.93,1722.55
2025-08-25T23:00:00Z,95.37,1916.6
2025-08-25T23:30:00Z,91.5,2062.25
2025-08-26T00:00:00Z,81.14,1680.35
2025-08-26T00:30:00Z,79.69,1704.7
2025-08-26T01:00:00Z,73.61,1648.6
2025-08-26T01:30:00Z,71.3,1964.2
2025-08-26T02:00:00Z,72.23,1661.05
2025-08-26T02:30:00Z,71.78000000000002,1917.25
2025-08-26T03:00:00Z,76.75,1957.35
2025-08-26T03:30:00Z,83.65,1658.8
2025-08-26T04:00:00Z,98.81,1774.55
2025-08-26T04:30:00Z,106.7,1940.1
2025-08-26T05:00:00Z,108.01,2359.1
2025-08-26T05:30:00Z,113.18,2688.45
2025-08-26T06:00:00Z,112.47999999999999,2972.5
2025-08-26T06:30:00Z,114.68999999999998,3372.55
2025-08-26T07:00:00Z,111.5,2788.95
2025-08-26T07:30:00Z,111.19,2722.05
2025-08-26T08:00:00Z,105.2,3023.35
2025-08-26T08:30:00Z,103.73000000000002,2884.1
2025-08-26T09:00:00Z,101.44,3190.9
2025-08-26T09:30:00Z,102.64,3191.55
2025-08-26T10:00:00Z,98.65000000000002,3384.5
2025-08-26T10:30:00Z,98.32,3890.55
2025-08-26T11:00:00Z,95.06,3960.85
2025-08-26T11:30:00Z,90.91,3960.55
2025-08-26T12:00:00Z,86.24,3516.05
2025-08-26T12:30:00Z,87.77817427385891,3470.4
2025-08-26T13:00:00Z,87.26,3519.8
2025-08-26T13:30:00Z,80.86,3754.05
2025-08-26T14:00:00Z,82.57,3376.35
2025-08-26T14:30:00Z,79.43,3233.25
2025-08-26T15:00:00Z,88.37,3542.25
2025-08-26T15:30:00Z,88.29,3758.05
2025-08-26T16:00:00Z,101.1,3844.05
2025-08-26T16:30:00Z,112.15,4236.2
2025-08-26T17:00:00Z,124.38,3676.65
2025-08-26T17:30:00Z,128.45,3899.2
2025-08-26T18:00:00Z,141.64,3463.85
2025-08-26T18:30:00Z,145.52,3599.8
2025-08-26T19:00:00Z,131.77,4162.9
2025-08-26T19:30:00Z,130.93,4476.75
2025-08-26T20:00:00Z,118.02,3226.4
2025-08-26T20:30:00Z,112.60999999999999,2754.35
2025-08-26T21:00:00Z,100.8,3064.1
2025-08-26T21:30:00Z,93.18,3138.2
2025-08-26T22:00:00Z,77.47,2148.3
2025-08-26T22:30:00Z,75.15,1737.6
2025-08-26T23:00:00Z,78.40999999999998,1792.25
2025-08-26T23:30:00Z,77.8,1456.5
2025-08-27T00:00:00Z,72.97,1687.6
2025-08-27T00:30:00Z,76.48,1607.2
2025-08-27T01:00:00Z,74.26,1755.85
2025-08-27T01:30:00Z,72.35,1588.85
2025-08-27T02:00:00Z,72.26,1390.6
2025-08-27T02:30:00Z,71.38,1380.6
2025-08-27T03:00:00Z,77.82,1868.3
2025-08-27T03:30:00Z,74.32,1909.2
2025-08-27T04:00:00Z,79.62,1989.35
2025-08-27T04:30:00Z,83.24,1626.4
2025-08-27T05:00:00Z,90.47,2038.85
2025-08-27T05:30:00Z,91.04,2377.15
2025-08-27T06:00:00Z,101.71,2465.85
2025-08-27T06:30:00Z,112.23,2667.65
2025-08-27T07:00:00Z,88.72,2951.55
2025-08-27T07:30:00Z,94.75,2561.3
2025-08-27T08:00:00Z,89.88,2989.75
2025-08-27T08:30:00Z,82.34,2450.55
2025-08-27T09:00:00Z,79.36,2562.3
2025-08-27T09:30:00Z,82.8,3020.95
2025-08-27T10:00:00Z,75.72,2679.35
2025-08-27T10:30:00Z,73.15,2688.95
2025-08-27T11:00:00Z,74.27,3242.4
2025-08-27T11:30:00Z,71.88,3155.6
2025-08-27T12:00:00Z,69.78,3436.4
2025-08-27T12:30:00Z,68.65,3410.2
2025-08-27T13:00:00Z,72.43,4586.0
2025-08-27T13:30:00Z,65.54,4316.3
2025-08-27T14:00:00Z,70.38999999999999,4007.2
2025-08-27T14:30:00Z,62.49,3949.3
2025-08-27T15:00:00Z,72.29,3476.55
2025-08-27T15:30:00Z,71.44,3606.45
2025-08-27T16:00:00Z,78.3,3446.55
2025-08-27T16:30:00Z,74.87,3120.75
2025-08-27T17:00:00Z,70.86,3526.85
2025-08-27T17:30:00Z,81.09,3728.75
2025-08-27T18:00:00Z,94.52,3559.5
2025-08-27T18:30:00Z,93.95,3407.1
2025-08-27T19:00:00Z,98.93,3900.75
2025-08-27T19:30:00Z,102.97,3856.7
2025-08-27T20:00:00Z,105.7,3399.65
2025-08-27T20:30:00Z,97.81,3174.2
2025-08-27T21:00:00Z,90.77,3055.05
2025-08-27T21:30:00Z,83.3,3123.15
2025-08-27T22:00:00Z,75.95,1883.75
2025-08-27T22:30:00Z,75.7,1623.1
2025-08-27T23:00:00Z,67.07,2134.55
2025-08-27T23:30:00Z,76.42,2264.1
2025-08-28T00:00:00Z,76.52,1681.05
2025-08-28T00:30:00Z,80.06,1532.6
2025-08-28T01:00:00Z,78.97,1581.0
2025-08-28T01:30:00Z,81.25,1678.65
2025-08-28T02:00:00Z,78.24,1617.6
2025-08-28T02:30:00Z,78.45,1812.5
2025-08-28T03:00:00Z,79.07,1628.05
2025-08-28T03:30:00Z,77.92,1481.05
2025-08-28T04:00:00Z,81.71,1310.7
2025-08-28T04:30:00Z,87.23,1785.7
2025-08-28T05:00:00Z,95.09000000000002,1530.3
2025-08-28T05:30:00Z,100.94,1516.6
2025-08-28T06:00:00Z,102.11,1777.15
2025-08-28T06:30:00Z,97.66999999999999,2795.3
2025-08-28T07:00:00Z,105.09,2403.8
2025-08-28T07:30:00Z,103.37,2441.35
2025-08-28T08:00:00Z,89.16,2428.35
2025-08-28T08:30:00Z,80.91,2221.65
2025-08-28T09:00:00Z,76.7,2720.65
2025-08-28T09:30:00Z,79.5,2661.4
2025-08-28T10:00:00Z,74.76,2573.1
2025-08-28T10:30:00Z,75.01,2438.25
2025-08-28T11:00:00Z,73.15,2078.25
2025-08-28T11:30:00Z,73.74,2817.2
2025-08-28T12:00:00Z,73.15,2685.4
2025-08-28T12:30:00Z,70.67,2724.3
2025-08-28T13:00:00Z,70.39,2704.9
2025-08-28T13:30:00Z,68.26,2983.6
2025-08-28T14:00:00Z,65.36,2814.7
2025-08-28T14:30:00Z,71.45,2846.65
2025-08-28T15:00:00Z,72.85,3567.65
2025-08-28T15:30:00Z,74.1,3310.55
2025-08-28T16:00:00Z,76.72,2739.35
2025-08-28T16:30:00Z,76.1,2530.6
2025-08-28T17:00:00Z,76.57,2610.85
2025-08-28T17:30:00Z,79.3,2930.05
2025-08-28T18:00:00Z,82.72,3384.8
2025-08-28T18:30:00Z,85.31,3506.9
2025-08-28T19:00:00Z,84.63,3143.3
2025-08-28T19:30:00Z,83.57,3223.8
2025-08-28T20:00:00Z,88.61999999999999,3084.1
2025-08-28T20:30:00Z,83.89,2759.0
2025-08-28T21:00:00Z,72.62,3309.55
2025-08-28T21:30:00Z,71.61,3427.3
2025-08-28T22:00:00Z,71.69,2020.05
2025-08-28T22:30:00Z,71.43,1596.5
2025-08-28T23:00:00Z,68.26,1532.95
2025-08-28T23:30:00Z,65.86,1481.75
2025-08-29T00:00:00Z,70.22,1606.15
2025-08-29T00:30:00Z,71.21,1294.35
2025-08-29T01:00:00Z,69.93,1303.45
2025-08-29T01:30:00Z,69.19,1243.0
2025-08-29T02:00:00Z,68.89,850.3
2025-08-29T02:30:00Z,67.29,940.05
2025-08-29T03:00:00Z,73.53,1027.2
2025-08-29T03:30:00Z,70.21,1247.75
2025-08-29T04:00:00Z,81.35,1470.8
2025-08-29T04:30:00Z,86.39,1453.05
2025-08-29T05:00:00Z,90.17,1693.15
2025-08-29T05:30:00Z,94.58,2372.15
2025-08-29T06:00:00Z,105.22,1996.15
2025-08-29T06:30:00Z,109.24,2060.1
2025-08-29T07:00:00Z,107.02,2187.0
2025-08-29T07:30:00Z,110.61999999999999,2507.75
2025-08-29T08:00:00Z,118.50000000000001,2983.3
2025-08-29T08:30:00Z,104.86,3301.65
2025-08-29T09:00:00Z,104.55999999999999,3544.65
2025-08-29T09:30:00Z,97.88,3984.85
2025-08-29T10:00:00Z,70.41,3336.9
2025-08-29T10:30:00Z,65.99,3430.0
2025-08-29T11:00:00Z,65.16,2986.6
2025-08-29T11:30:00Z,71.28,3316.3
2025-08-29T12:00:00Z,68.15,3348.5
2025-08-29T12:30:00Z,69.01,3331.55
2025-08-29T13:00:00Z,68.54,3561.0
2025-08-29T13:30:00Z,67.38,3329.1
2025-08-29T14:00:00Z,73.81,1380.45
2025-08-29T14:30:00Z,66.85,1648.15
2025-08-29T15:00:00Z,72.65,2345.1
2025-08-29T15:30:00Z,73.77,3064.3
2025-08-29T16:00:00Z,77.19,2962.0
2025-08-29T16:30:00Z,92.48,2883.7
2025-08-29T17:00:00Z,101.74,2954.55
2025-08-29T17:30:00Z,107.57,3003.8
2025-08-29T18:00:00Z,107.91,3270.25
2025-08-29T18:30:00Z,108.25,3034.25
2025-08-29T19:00:00Z,107.04,3027.05
2025-08-29T19:30:00Z,107.88,3086.55
2025-08-29T20:00:00Z,107.47000000000001,2801.25
2025-08-29T20:30:00Z,95.76,2931.95
2025-08-29T21:00:00Z,91.17,3165.45
2025-08-29T21:30:00Z,86.22,2803.05
2025-08-29T22:00:00Z,83.78000000000002,1819.4
2025-08-29T22:30:00Z,79.08,1810.85
2025-08-29T23:00:00Z,82.19,1407.45
2025-08-29T23:30:00Z,76.45,1277.9
2025-08-30T00:00:00Z,75.98,1268.8
2025-08-30T00:30:00Z,75.17,1310.35
2025-08-30T01:00:00Z,77.66,1345.4
2025-08-30T01:30:00Z,80.05,1295.45
2025-08-30T02:00:00Z,83.62,1370.65
2025-08-30T02:30:00Z,84.37,1431.15
2025-08-30T03:00:00Z,85.29,1526.25
2025-08-30T03:30:00Z,85.72,1485.8
2025-08-30T04:00:00Z,88.5,1721.5
2025-08-30T04:30:00Z,89.23,1625.4
2025-08-30T05:00:00Z,88.15,1620.35
2025-08-30T05:30:00Z,90.93,1738.3
2025-08-30T06:00:00Z,89.4,1367.5
2025-08-30T06:30:00Z,89.58,1234.75
2025-08-30T07:00:00Z,88.47,1236.85
2025-08-30T07:30:00Z,83.98,1333.4
2025-08-30T08:00:00Z,76.72,1458.1
2025-08-30T08:30:00Z,70.81,1625.5
2025-08-30T09:00:00Z,65.77,1585.6
2025-08-30T09:30:00Z,63.8,2223.45
2025-08-30T10:00:00Z,55.12,2541.55
2025-08-30T10:30:00Z,41.11,2590.05
2025-08-30T11:00:00Z,27.54,2382.05
2025-08-30T11:30:00Z,16.41,2372.5
2025-08-30T12:00:00Z,7.45,2424.45
2025-08-30T12:30:00Z,2.42,2622.3
2025-08-30T13:00:00Z,1.32,2856.95
2025-08-30T13:30:00Z,-0.78,3114.0
2025-08-30T14:00:00Z,7.27,3624.2
2025-08-30T14:30:00Z,5.65,3673.25
2025-08-30T15:00:00Z,7.24,2755.05
2025-08-30T15:30:00Z,8.41,3089.45
2025-08-30T16:00:00Z,3.4699999999999998,2720.15
2025-08-30T16:30:00Z,5.23,2628.75
2025-08-30T17:00:00Z,7.57,2656.75
2025-08-30T17:30:00Z,7.33,2709.4
2025-08-30T18:00:00Z,17.48,2935.05
2025-08-30T18:30:00Z,14.630000000000003,2708.7
2025-08-30T19:00:00Z,16.32,2790.45
2025-08-30T19:30:00Z,16.34,2748.8
2025-08-30T20:00:00Z,17.92,2857.1
2025-08-30T20:30:00Z,12.69,2239.7
2025-08-30T21:00:00Z,14.12,2278.0
2025-08-30T21:30:00Z,10.74,2173.05
2025-08-30T22:00:00Z,-5.83,1810.45
2025-08-30T22:30:00Z,-8.75,1850.15
2025-08-30T23:00:00Z,-3.65,1945.3
2025-08-30T23:30:00Z,-3.32,1867.1
2025-08-31T00:00:00Z,-3.4200000000000004,1673.55
2025-08-31T00:30:00Z,-0.22,1842.8
2025-08-31T01:00:00Z,-2.9,1665.85
2025-08-31T01:30:00Z,-2.6300000000000003,1571.2
2025-08-31T02:00:00Z,-2.47,1768.3
2025-08-31T02:30:00Z,-0.25,1779.5
2025-08-31T03:00:00Z,0.36,1934.0
2025-08-31T03:30:00Z,-2.13,2188.65
2025-08-31T04:00:00Z,8.87,2475.7
2025-08-31T04:30:00Z,20.39,2168.4
2025-08-31T05:00:00Z,27.25,2238.45
2025-08-31T05:30:00Z,32.96,2318.8
2025-08-31T06:00:00Z,26.32,2084.85
2025-08-31T06:30:00Z,32.73,2387.4
2025-08-31T07:00:00Z,14.79,2172.75
2025-08-31T07:30:00Z,10.41,1987.05
2025-08-31T08:00:00Z,1.96,2116.4
2025-08-31T08:30:00Z,-0.71,1759.15
2025-08-31T09:00:00Z,-2.61,1999.85
2025-08-31T09:30:00Z,-1.43,2221.2
2025-08-31T10:00:00Z,-2.51,2181.5
2025-08-31T10:30:00Z,-1.59,2310.55
2025-08-31T11:00:00Z,-2.94,2181.9
2025-08-31T11:30:00Z,-3.42,2173.95
2025-08-31T12:00:00Z,-1.9,2992.35
2025-08-31T12:30:00Z,-5.990000000000001,2955.25
2025-08-31T13:00:00Z,-1.42,2613.75
2025-08-31T13:30:00Z,0.34,2656.25
2025-08-31T14:00:00Z,36.81,2517.2
2025-08-31T14:30:00Z,42.55,3400.35
2025-08-31T15:00:00Z,35.67,2978.45
2025-08-31T15:30:00Z,44.2,3153.7
2025-08-31T16:00:00Z,53.03999999999999,2803.8
2025-08-31T16:30:00Z,67.36,2741.0
2025-08-31T17:00:00Z,76.49,2136.7
2025-08-31T17:30:00Z,83.03,2229.15
2025-08-31T18:00:00Z,91.26,2331.15
2025-08-31T18:30:00Z,90.16,2388.3
2025-08-31T19:00:00Z,92.36,2677.0
2025-08-31T19:30:00Z,92.89,2404.25
2025-08-31T20:00:00Z,90.22,2487.6
2025-08-31T20:30:00Z,78.66,2269.1
2025-08-31T21:00:00Z,86.85000000000001,1959.7
2025-08-31T21:30:00Z,67.93,2132.3
2025-08-31T22:00:00Z,54.47,1700.5
2025-08-31T22:30:00Z,35.43,1562.7
2025-08-31T23:00:00Z,35.65,1578.75
2025-08-31T23:30:00Z,28.02,1560.6
2025-09-01T00:00:00Z,26.93,1752.85
2025-09-01T00:30:00Z,26.27,1829.55
2025-09-01T01:00:00Z,24.89,2084.0
2025-09-01T01:30:00Z,23.65,2362.7
2025-09-01T02:00:00Z,19.14,1945.15
2025-09-01T02:30:00Z,23.41,2049.15
2025-09-01T03:00:00Z,32.59,2227.5
2025-09-01T03:30:00Z,40.08,2216.35
2025-09-01T04:00:00Z,54.01,2259.55
2025-09-01T04:30:00Z,62.76,1940.95
2025-09-01T05:00:00Z,65.94,2098.65
2025-09-01T05:30:00Z,78.75,2148.85
2025-09-01T06:00:00Z,80.11,2627.7
2025-09-01T06:30:00Z,79.98,2840.65
2025-09-01T07:00:00Z,79.92,2698.6
2025-09-01T07:30:00Z,74.82,2740.0
2025-09-01T08:00:00Z,63.77,3285.15
2025-09-01T08:30:00Z,51.07,3152.65
2025-09-01T09:00:00Z,55.71,4228.6
2025-09-01T09:30:00Z,47.33,4374.7
2025-09-01T10:00:00Z,18.98,3386.3
2025-09-01T10:30:00Z,18.76,3545.25
2025-09-01T11:00:00Z,11.809999999999999,3022.5
2025-09-01T11:30:00Z,10.36,3210.35
2025-09-01T12:00:00Z,6.65,2904.05
2025-09-01T12:30:00Z,4.3,2962.9
2025-09-01T13:00:00Z,5.74,3005.3
2025-09-01T13:30:00Z,12.15,3605.0
2025-09-01T14:00:00Z,29.070000000000004,3311.2
2025-09-01T14:30:00Z,34.67,3415.95
2025-09-01T15:00:00Z,35.46,3262.25
2025-09-01T15:30:00Z,41.75,3473.75
2025-09-01T16:00:00Z,54.44,3329.35
2025-09-01T16:30:00Z,69.3,3372.45
2025-09-01T17:00:00Z,83.64,3371.55
2025-09-01T17:30:00Z,84.6,3164.25
2025-09-01T18:00:00Z,94.68,3234.9
2025-09-01T18:30:00Z,94.4,3635.35
2025-09-01T19:00:00Z,95.16,3299.7
2025-09-01T19:30:00Z,94.05,3442.95
2025-09-01T20:00:00Z,86.79,3114.8
2025-09-01T20:30:00Z,82.08,2998.35
2025-09-01T21:00:00Z,84.77,2987.3
2025-09-01T21:30:00Z,78.49,3002.3
2025-09-01T22:00:00Z,68.28,1807.3
2025-09-01T22:30:00Z,70.51,2025.6
2025-09-01T23:00:00Z,77.96999999999998,1987.1
2025-09-01T23:30:00Z,81.15,1674.85
2025-09-02T00:00:00Z,80.59,1819.05
2025-09-02T00:30:00Z,83.24,1801.55
2025-09-02T01:00:00Z,80.95,1904.6
2025-09-02T01:30:00Z,81.68,1972.65
2025-09-02T02:00:00Z,80.76,1579.75
2025-09-02T02:30:00Z,78.39,1953.4
2025-09-02T03:00:00Z,82.54999999999998,1754.7
2025-09-02T03:30:00Z,82.24,1785.15
2025-09-02T04:00:00Z,83.15,1856.0
2025-09-02T04:30:00Z,73.13,2064.65
2025-09-02T05:00:00Z,74.43,2297.8
2025-09-02T05:30:00Z,81.27,2886.65
2025-09-02T06:00:00Z,90.38,2715.3
2025-09-02T06:30:00Z,93.25,2951.1
2025-09-02T07:00:00Z,83.01,2414.7
2025-09-02T07:30:00Z,75.67,2600.55
2025-09-02T08:00:00Z,75.0,3284.25
2025-09-02T08:30:00Z,66.89,2887.5
2025-09-02T09:00:00Z,64.11,3277.05
2025-09-02T09:30:00Z,71.76,4182.45
2025-09-02T10:00:00Z,66.84,3734.15
2025-09-02T10:30:00Z,69.43,4475.75
2025-09-02T11:00:00Z,68.27,3528.05
2025-09-02T11:30:00Z,66.99,3441.2
2025-09-02T12:00:00Z,68.79,3483.35
2025-09-02T12:30:00Z,67.11,3359.3
2025-09-02T13:00:00Z,66.51,3293.65
2025-09-02T13:30:00Z,72.16,3433.1
2025-09-02T14:00:00Z,84.83,3107.35
2025-09-02T14:30:00Z,81.08,3466.15
2025-09-02T15:00:00Z,81.77,3361.8
2025-09-02T15:30:00Z,83.73,3742.25
2025-09-02T16:00:00Z,104.57,3042.25
2025-09-02T16:30:00Z,102.01,3514.55
2025-09-02T17:00:00Z,107.06,3247.85
2025-09-02T17:30:00Z,106.6,3395.55
2025-09-02T18:00:00Z,101.78000000000002,3073.1
2025-09-02T18:30:00Z,97.25,3433.85
2025-09-02T19:00:00Z,85.42,3195.75
2025-09-02T19:30:00Z,82.41,3076.55
2025-09-02T20:00:00Z,84.61,2931.85
2025-09-02T20:30:00Z,82.01,3196.35
2025-09-02T21:00:00Z,80.13000000000001,3440.0
2025-09-02T21:30:00Z,79.13,3045.8
2025-09-02T22:00:00Z,75.34,1873.55
2025-09-02T22:30:00Z,87.48,2218.0
2025-09-02T23:00:00Z,89.74,1882.05
2025-09-02T23:30:00Z,91.93,1647.9
2025-09-03T00:00:00Z,89.28,1484.9
2025-09-03T00:30:00Z,85.15,1419.0
2025-09-03T01:00:00Z,83.45,1801.25
2025-09-03T01:30:00Z,80.65,1595.95
2025-09-03T02:00:00Z,81.38,1521.5
2025-09-03T02:30:00Z,80.58,1576.05
2025-09-03T03:00:00Z,80.17,1914.15
2025-09-03T03:30:00Z,81.54,2066.05
2025-09-03T04:00:00Z,90.51,2747.1
2025-09-03T04:30:00Z,94.76,2932.7
2025-09-03T05:00:00Z,93.27000000000001,3560.0
2025-09-03T05:30:00Z,95.05,3873.5
2025-09-03T06:00:00Z,101.06,3797.9
2025-09-03T06:30:00Z,105.38,3565.8
2025-09-03T07:00:00Z,105.76999999999998,3401.1
2025-09-03T07:30:00Z,105.8,3411.7
2025-09-03T08:00:00Z,108.68999999999998,3019.55
2025-09-03T08:30:00Z,113.5,3433.35
2025-09-03T09:00:00Z,115.14,3751.15
2025-09-03T09:30:00Z,107.9,3998.0
2025-09-03T10:00:00Z,94.23,4688.05
2025-09-03T10:30:00Z,86.14,4599.6
2025-09-03T11:00:00Z,81.19,4891.65
2025-09-03T11:30:00Z,77.3,6005.2
2025-09-03T12:00:00Z,77.96,5143.65
2025-09-03T12:30:00Z,76.84,4855.55
2025-09-03T13:00:00Z,76.58,4922.6
2025-09-03T13:30:00Z,76.28,5032.3
2025-09-03T14:00:00Z,73.71,4181.95
2025-09-03T14:30:00Z,73.39,3547.05
2025-09-03T15:00:00Z,74.02,3843.15
2025-09-03T15:30:00Z,79.44,3811.7
2025-09-03T16:00:00Z,90.78000000000002,3637.55
2025-09-03T16:30:00Z,94.6,3804.2
2025-09-03T17:00:00Z,98.08,3943.75
2025-09-03T17:30:00Z,100.65,3882.5
2025-09-03T18:00:00Z,109.1,3082.15
2025-09-03T18:30:00Z,112.95,3431.5
2025-09-03T19:00:00Z,112.76,3366.1
2025-09-03T19:30:00Z,107.83,3438.65
2025-09-03T20:00:00Z,91.44,3583.2
2025-09-03T20:30:00Z,85.41000000000001,3148.8
2025-09-03T21:00:00Z,78.7,3090.3
2025-09-03T21:30:00Z,77.46,3241.65
2025-09-03T22:00:00Z,76.32,2256.05
2025-09-03T22:30:00Z,65.85,2637.85
2025-09-03T23:00:00Z,65.33,2661.5
2025-09-03T23:30:00Z,62.470000000000006,2626.75
2025-09-04T00:00:00Z,61.16,2326.55
2025-09-04T00:30:00Z,63.43000000000001,2208.85
2025-09-04T01:00:00Z,64.44,2490.95
2025-09-04T01:30:00Z,66.71,2357.3
2025-09-04T02:00:00Z,67.92,2103.8
2025-09-04T02:30:00Z,70.21,1986.35
2025-09-04T03:00:00Z,65.51,2078.05
2025-09-04T03:30:00Z,63.10000000000001,2310.5
2025-09-04T04:00:00Z,84.96,2229.7
2025-09-04T04:30:00Z,88.29,2284.75
2025-09-04T05:00:00Z,96.92,2596.6
2025-09-04T05:30:00Z,96.79,3154.05
2025-09-04T06:00:00Z,88.64,2495.2
2025-09-04T06:30:00Z,92.10999999999999,2858.9
2025-09-04T07:00:00Z,96.82,2421.6
2025-09-04T07:30:00Z,100.98,2389.85
2025-09-04T08:00:00Z,103.16,2424.05
2025-09-04T08:30:00Z,102.73,2466.7
2025-09-04T09:00:00Z,102.02,2301.25
2025-09-04T09:30:00Z,98.74,2319.85
2025-09-04T10:00:00Z,92.33,2698.85
2025-09-04T10:30:00Z,94.05,2565.95
2025-09-04T11:00:00Z,87.28,2685.5
2025-09-04T11:30:00Z,81.23,3196.6
2025-09-04T12:00:00Z,70.92,3574.25
2025-09-04T12:30:00Z,67.4,4342.25
2025-09-04T13:00:00Z,67.07,4018.3
2025-09-04T13:30:00Z,65.1,4142.3
2025-09-04T14:00:00Z,68.73,2733.75
2025-09-04T14:30:00Z,66.61,2545.8
2025-09-04T15:00:00Z,64.79,3320.5
2025-09-04T15:30:00Z,63.9,3233.9
2025-09-04T16:00:00Z,72.77,3331.1
2025-09-04T16:30:00Z,73.3,3469.5
2025-09-04T17:00:00Z,81.56999999999998,3367.3
2025-09-04T17:30:00Z,82.16,3398.25
2025-09-04T18:00:00Z,82.74,3645.5
2025-09-04T18:30:00Z,90.68,3974.35
2025-09-04T19:00:00Z,84.68,3292.95
2025-09-04T19:30:00Z,84.7,3538.6
2025-09-04T20:00:00Z,84.19,3557.35
2025-09-04T20:30:00Z,81.32,3190.4
2025-09-04T21:00:00Z,82.92,2824.7
2025-09-04T21:30:00Z,82.58,3149.6
2025-09-04T22:00:00Z,78.04,1410.3
2025-09-04T22:30:00Z,68.98,1299.25
2025-09-04T23:00:00Z,70.55,1203.5
2025-09-04T23:30:00Z,69.43,1135.3
2025-09-05T00:00:00Z,71.26,1206.4
2025-09-05T00:30:00Z,68.85,1283.65
2025-09-05T01:00:00Z,68.38,1478.75
2025-09-05T01:30:00Z,68.54,1455.25
2025-09-05T02:00:00Z,67.9,1127.1
2025-09-05T02:30:00Z,66.97,976.4
2025-09-05T03:00:00Z,66.43,954.6
2025-09-05T03:30:00Z,65.65,935.5
2025-09-05T04:00:00Z,70.57,837.5
2025-09-05T04:30:00Z,73.46,838.5
2025-09-05T05:00:00Z,85.91,1363.35
2025-09-05T05:30:00Z,90.61,1852.35
2025-09-05T06:00:00Z,92.58,1701.8
2025-09-05T06:30:00Z,94.18,2074.3
2025-09-05T07:00:00Z,79.42,2119.55
2025-09-05T07:30:00Z,75.68,2390.45
2025-09-05T08:00:00Z,72.71,2242.1
2025-09-05T08:30:00Z,67.41,1997.0
2025-09-05T09:00:00Z,67.77,1899.15
2025-09-05T09:30:00Z,65.66,2273.7
2025-09-05T10:00:00Z,67.38,2758.6
2025-09-05T10:30:00Z,72.19,3028.8
2025-09-05T11:00:00Z,74.69,3376.9
2025-09-05T11:30:00Z,72.64,3178.2
2025-09-05T12:00:00Z,71.23,2857.3
2025-09-05T12:30:00Z,70.02,2614.7
2025-09-05T13:00:00Z,69.44,2866.95
2025-09-05T13:30:00Z,69.38,2694.0
2025-09-05T14:00:00Z,70.11,2107.55
2025-09-05T14:30:00Z,71.13,2079.4
2025-09-05T15:00:00Z,73.22,2879.1
2025-09-05T15:30:00Z,77.69,3077.5
2025-09-05T16:00:00Z,90.97,4012.75
2025-09-05T16:30:00Z,92.19,4105.75
2025-09-05T17:00:00Z,114.71,3144.6
2025-09-05T17:30:00Z,117.44999999999999,2994.35
2025-09-05T18:00:00Z,124.59,2786.25
2025-09-05T18:30:00Z,123.98000000000002,2794.85
2025-09-05T19:00:00Z,104.77,2892.25
2025-09-05T19:30:00Z,100.96,2847.95
2025-09-05T20:00:00Z,99.08,2948.5
2025-09-05T20:30:00Z,92.23,2599.25
2025-09-05T21:00:00Z,90.36,2457.25
2025-09-05T21:30:00Z,85.29,2675.0
2025-09-05T22:00:00Z,81.05,1802.2
2025-09-05T22:30:00Z,81.91,2175.5
2025-09-05T23:00:00Z,79.42,1837.65
2025-09-05T23:30:00Z,82.5,1446.0
2025-09-06T00:00:00Z,82.31,1194.5
2025-09-06T00:30:00Z,84.64,1302.95
2025-09-06T01:00:00Z,84.99,1204.05
2025-09-06T01:30:00Z,81.26,1053.55
2025-09-06T02:00:00Z,85.71,981.4
2025-09-06T02:30:00Z,85.07,923.05
2025-09-06T03:00:00Z,81.79,1035.15
2025-09-06T03:30:00Z,80.59,999.6
2025-09-06T04:00:00Z,81.24,1068.75
2025-09-06T04:30:00Z,79.56,1088.75
2025-09-06T05:00:00Z,80.55,1164.4
2025-09-06T05:30:00Z,81.27,1307.25
2025-09-06T06:00:00Z,74.11,1560.3
2025-09-06T06:30:00Z,76.13,1528.25
2025-09-06T07:00:00Z,73.31,1124.45
2025-09-06T07:30:00Z,73.88,956.9
2025-09-06T08:00:00Z,65.83,449.0
2025-09-06T08:30:00Z,29.49,785.7
2025-09-06T09:00:00Z,6.06,1045.55
2025-09-06T09:30:00Z,-3.29,782.85
2025-09-06T10:00:00Z,-18.68,697.8
2025-09-06T10:30:00Z,-22.8,663.95
2025-09-06T11:00:00Z,-19.57,231.05
2025-09-06T11:30:00Z,-28.390940032414914,185.1
2025-09-06T12:00:00Z,-39.22,41.0
2025-09-06T12:30:00Z,-99.01169627828688,534.7
2025-09-06T13:00:00Z,-98.90227607239939,754.15
2025-09-06T13:30:00Z,-97.28,863.25
2025-09-06T14:00:00Z,-40.88,1652.35
2025-09-06T14:30:00Z,-33.37,1946.05
2025-09-06T15:00:00Z,-33.91,1764.45
2025-09-06T15:30:00Z,-20.92,2172.35
2025-09-06T16:00:00Z,-7.3,1586.25
2025-09-06T16:30:00Z,-6.26,1867.0
2025-09-06T17:00:00Z,-11.57,1497.55
2025-09-06T17:30:00Z,-1.01,1927.3
2025-09-06T18:00:00Z,-0.05,1788.1
2025-09-06T18:30:00Z,14.11,1940.25
2025-09-06T19:00:00Z,15.9,1706.2
2025-09-06T19:30:00Z,10.2,1664.95
2025-09-06T20:00:00Z,11.04,1956.0
2025-09-06T20:30:00Z,-1.8,1728.7
2025-09-06T21:00:00Z,0.28,1788.3
2025-09-06T21:30:00Z,-3.73,1748.0
2025-09-06T22:00:00Z,-2.68,1851.5
2025-09-06T22:30:00Z,-0.75,1714.75
2025-09-06T23:00:00Z,6.31,2310.45
2025-09-06T23:30:00Z,8.04,2016.8
2025-09-07T00:00:00Z,6.38,2091.75
2025-09-07T00:30:00Z,14.38,2035.0
2025-09-07T01:00:00Z,8.58,1807.15
2025-09-07T01:30:00Z,9.79,1694.55
2025-09-07T02:00:00Z,7.26,1660.75
2025-09-07T02:30:00Z,7.44,1566.75
2025-09-07T03:00:00Z,11.099999999999998,1633.3
2025-09-07T03:30:00Z,8.43,1490.75
2025-09-07T04:00:00Z,-0.23000000000000004,1308.5
2025-09-07T04:30:00Z,-0.8799999999999999,1554.3
2025-09-07T05:00:00Z,0.37,1446.4
2025-09-07T05:30:00Z,8.65,1444.85
2025-09-07T06:00:00Z,20.36,1534.65
2025-09-07T06:30:00Z,39.65,1968.95
2025-09-07T07:00:00Z,15.78,2298.95
2025-09-07T07:30:00Z,31.13,2916.05
2025-09-07T08:00:00Z,4.46,2342.3
2025-09-07T08:30:00Z,4.36,2487.25
2025-09-07T09:00:00Z,3.22,2457.3
2025-09-07T09:30:00Z,4.4,2524.7
2025-09-07T10:00:00Z,1.48,2378.75
2025-09-07T10:30:00Z,4.48,2270.0
2025-09-07T11:00:00Z,-1.35,2606.3
2025-09-07T11:30:00Z,6.240000000000001,2680.9
2025-09-07T12:00:00Z,13.15,2647.2
2025-09-07T12:30:00Z,17.33,2847.3
2025-09-07T13:00:00Z,17.71,3182.1
2025-09-07T13:30:00Z,14.8,3462.25
2025-09-07T14:00:00Z,22.080000000000002,3804.5
2025-09-07T14:30:00Z,27.28,4467.25
2025-09-07T15:00:00Z,18.95,4122.75
2025-09-07T15:30:00Z,31.45,4170.85
2025-09-07T16:00:00Z,61.70000000000001,2728.7
2025-09-07T16:30:00Z,64.5,2684.95
2025-09-07T17:00:00Z,68.56,2645.6
2025-09-07T17:30:00Z,72.81,2657.65
2025-09-07T18:00:00Z,78.65,2468.35
2025-09-07T18:30:00Z,80.61,2723.8
2025-09-07T19:00:00Z,82.41,2768.0
2025-09-07T19:30:00Z,83.26,2554.55
2025-09-07T20:00:00Z,83.73,2161.0
2025-09-07T20:30:00Z,80.64,2085.35
2025-09-07T21:00:00Z,74.89,2123.55
2025-09-07T21:30:00Z,66.3,2245.5
2025-09-07T22:00:00Z,47.31,1866.05
2025-09-07T22:30:00Z,44.71,2041.4
2025-09-07T23:00:00Z,53.28,2412.45
2025-09-07T23:30:00Z,55.66,2109.85
2025-09-08T00:00:00Z,54.24,2150.35
2025-09-08T00:30:00Z,55.96,1991.4
2025-09-08T01:00:00Z,54.93,2069.75
2025-09-08T01:30:00Z,57.49,2230.4
2025-09-08T02:00:00Z,67.13,1874.75
2025-09-08T02:30:00Z,65.02,2198.95
2025-09-08T03:00:00Z,64.92,2306.5
2025-09-08T03:30:00Z,65.24,2445.1
2025-09-08T04:00:00Z,87.57,2023.95
2025-09-08T04:30:00Z,90.17,2018.35
2025-09-08T05:00:00Z,101.53999999999999,1789.4
2025-09-08T05:30:00Z,104.87,2120.85
2025-09-08T06:00:00Z,112.05,1590.5
2025-09-08T06:30:00Z,116.57,1846.4
2025-09-08T07:00:00Z,110.26000000000002,2393.4
2025-09-08T07:30:00Z,103.62,2284.2
2025-09-08T08:00:00Z,96.27,2133.25
2025-09-08T08:30:00Z,92.0,2650.6
2025-09-08T09:00:00Z,85.03,1964.55
2025-09-08T09:30:00Z,82.08000000000001,1658.05
2025-09-08T10:00:00Z,71.39,1587.6
2025-09-08T10:30:00Z,71.16,1852.85
2025-09-08T11:00:00Z,71.45,1974.95
2025-09-08T11:30:00Z,69.39,2318.35
2025-09-08T12:00:00Z,66.14,2302.8
2025-09-08T12:30:00Z,62.050000000000004,2447.0
2025-09-08T13:00:00Z,63.28,2947.6
2025-09-08T13:30:00Z,62.24,2881.65
2025-09-08T14:00:00Z,75.79,2958.1
2025-09-08T14:30:00Z,80.23,3255.95
2025-09-08T15:00:00Z,94.93999999999998,2918.55
2025-09-08T15:30:00Z,104.84,2875.65
2025-09-08T16:00:00Z,155.39,4250.55
2025-09-08T16:30:00Z,176.68,4898.55
2025-09-08T17:00:00Z,225.11000000000004,5832.5
2025-09-08T17:30:00Z,249.5,6390.3
2025-09-08T18:00:00Z,241.13,4750.45
2025-09-08T18:30:00Z,238.95,4235.75
2025-09-08T19:00:00Z,159.67,3857.45
2025-09-08T19:30:00Z,148.13,3228.25
2025-09-08T20:00:00Z,125.12,3580.25
2025-09-08T20:30:00Z,111.77,3096.2
2025-09-08T21:00:00Z,106.1,3145.55
2025-09-08T21:30:00Z,104.97,3299.8
2025-09-08T22:00:00Z,86.23999999999998,1979.7
2025-09-08T22:30:00Z,79.4,1892.7
2025-09-08T23:00:00Z,79.02,1903.45
2025-09-08T23:30:00Z,79.08,1992.3
2025-09-09T00:00:00Z,79.86,1710.5
2025-09-09T00:30:00Z,80.05,1843.8
2025-09-09T01:00:00Z,82.34,1941.1
2025-09-09T01:30:00Z,78.71,2067.1
2025-09-09T02:00:00Z,76.25,1597.3
2025-09-09T02:30:00Z,75.12,1773.65
2025-09-09T03:00:00Z,77.06000000000002,1805.65
2025-09-09T03:30:00Z,75.28,1666.2
2025-09-09T04:00:00Z,80.18,1947.9
2025-09-09T04:30:00Z,84.05,1935.45
2025-09-09T05:00:00Z,89.43,2112.75
2025-09-09T05:30:00Z,92.92,1996.05
2025-09-09T06:00:00Z,108.97,2223.15
2025-09-09T06:30:00Z,109.3,2506.0
2025-09-09T07:00:00Z,106.08999999999999,2770.7
2025-09-09T07:30:00Z,98.76,2882.1
2025-09-09T08:00:00Z,84.3,2850.75
2025-09-09T08:30:00Z,77.57,2969.35
2025-09-09T09:00:00Z,78.08,2977.4
2025-09-09T09:30:00Z,76.45,3624.5
2025-09-09T10:00:00Z,74.77,3877.55
2025-09-09T10:30:00Z,72.81,4128.5
2025-09-09T11:00:00Z,76.37,3907.7
2025-09-09T11:30:00Z,74.02,4173.55
2025-09-09T12:00:00Z,69.7,4484.3
2025-09-09T12:30:00Z,68.23,4147.85
2025-09-09T13:00:00Z,69.0,3465.8
2025-09-09T13:30:00Z,68.21,3575.5
2025-09-09T14:00:00Z,72.81,3376.95
2025-09-09T14:30:00Z,79.32,3732.85
2025-09-09T15:00:00Z,80.06,3690.5
2025-09-09T15:30:00Z,85.42,3875.05
2025-09-09T16:00:00Z,95.08,4064.1
2025-09-09T16:30:00Z,99.04,4248.85
2025-09-09T17:00:00Z,103.24,4183.3
2025-09-09T17:30:00Z,104.61,4507.65
2025-09-09T18:00:00Z,107.52999999999999,5132.05
2025-09-09T18:30:00Z,105.80999999999999,5120.55
2025-09-09T19:00:00Z,101.91,4092.75
2025-09-09T19:30:00Z,93.76,3604.6
2025-09-09T20:00:00Z,84.26,2426.65
2025-09-09T20:30:00Z,81.4,2254.0
2025-09-09T21:00:00Z,79.18,1963.8
2025-09-09T21:30:00Z,75.75,2251.55
2025-09-09T22:00:00Z,57.71,753.5
2025-09-09T22:30:00Z,60.3,618.05
2025-09-09T23:00:00Z,63.660000000000004,577.15
2025-09-09T23:30:00Z,63.51,340.9
2025-09-10T00:00:00Z,63.21000000000001,142.4
2025-09-10T00:30:00Z,61.94,115.35
2025-09-10T01:00:00Z,62.15999999999999,80.65
2025-09-10T01:30:00Z,61.91,93.05
2025-09-10T02:00:00Z,60.08,685.25
2025-09-10T02:30:00Z,62.02,939.8
2025-09-10T03:00:00Z,67.12,1149.4
2025-09-10T03:30:00Z,55.91,1488.45
2025-09-10T04:00:00Z,62.95,1741.7
2025-09-10T04:30:00Z,58.63000000000001,1767.6
2025-09-10T05:00:00Z,67.33,1743.5
2025-09-10T05:30:00Z,89.62,2293.85
2025-09-10T06:00:00Z,101.94,1861.3
2025-09-10T06:30:00Z,104.79,2313.3
2025-09-10T07:00:00Z,100.34,2216.75
2025-09-10T07:30:00Z,100.75,2351.0
2025-09-10T08:00:00Z,85.74,2611.75
2025-09-10T08:30:00Z,73.53,2795.45
2025-09-10T09:00:00Z,68.3,2652.0
2025-09-10T09:30:00Z,62.18,2741.3
2025-09-10T10:00:00Z,37.12,2254.6
2025-09-10T10:30:00Z,28.37,2233.85
2025-09-10T11:00:00Z,27.03,4137.85
2025-09-10T11:30:00Z,22.57,3813.0
2025-09-10T12:00:00Z,19.92,4374.25
2025-09-10T12:30:00Z,24.91,4760.45
2025-09-10T13:00:00Z,29.2,4335.25
2025-09-10T13:30:00Z,28.0,4656.9
2025-09-10T14:00:00Z,37.47,3209.25
2025-09-10T14:30:00Z,43.69,3762.35
2025-09-10T15:00:00Z,48.52,3640.45
2025-09-10T15:30:00Z,65.79,4092.5
2025-09-10T16:00:00Z,72.65,3094.55
2025-09-10T16:30:00Z,87.84,3167.3
2025-09-10T17:00:00Z,90.21000000000001,3112.8
2025-09-10T17:30:00Z,90.07000000000001,2974.7
2025-09-10T18:00:00Z,92.46,2478.4
2025-09-10T18:30:00Z,90.23000000000002,3057.55
2025-09-10T19:00:00Z,92.32999999999998,3077.75
2025-09-10T19:30:00Z,87.06,3023.85
2025-09-10T20:00:00Z,69.59,2280.5
2025-09-10T20:30:00Z,41.27,2214.05
2025-09-10T21:00:00Z,31.28,2379.95
2025-09-10T21:30:00Z,18.22,2333.75
2025-09-10T22:00:00Z,-7.25,1943.85
2025-09-10T22:30:00Z,-2.92,2351.6
2025-09-10T23:00:00Z,-0.65,2251.4
2025-09-10T23:30:00Z,-3.93,2074.25
2025-09-11T00:00:00Z,-1.09,1834.7
2025-09-11T00:30:00Z,3.62,1987.6
2025-09-11T01:00:00Z,-0.28,2109.6
2025-09-11T01:30:00Z,0.36,1923.15
2025-09-11T02:00:00Z,5.85,1558.8
2025-09-11T02:30:00Z,7.22,1668.2
2025-09-11T03:00:00Z,2.49,1928.25
2025-09-11T03:30:00Z,-1.04,1715.1
2025-09-11T04:00:00Z,1.6,1741.75
2025-09-11T04:30:00Z,3.0200000000000005,1752.95
2025-09-11T05:00:00Z,12.579999999999998,1598.65
2025-09-11T05:30:00Z,44.57,2331.0
2025-09-11T06:00:00Z,35.61,2397.1
2025-09-11T06:30:00Z,40.94,2509.55
2025-09-11T07:00:00Z,40.27,3124.65
2025-09-11T07:30:00Z,25.03,3105.4
2025-09-11T08:00:00Z,13.8,2867.75
2025-09-11T08:30:00Z,4.4,2915.1
2025-09-11T09:00:00Z,-1.67,2401.05
2025-09-11T09:30:00Z,-5.9,2571.25
2025-09-11T10:00:00Z,-9.26,3149.6
2025-09-11T10:30:00Z,-9.95,3515.5
2025-09-11T11:00:00Z,-12.009999999999998,3056.05
2025-09-11T11:30:00Z,-11.22,3058.25
2025-09-11T12:00:00Z,-4.9,3973.9
2025-09-11T12:30:00Z,-8.24,3911.8
2025-09-11T13:00:00Z,-10.56,3883.25
2025-09-11T13:30:00Z,-20.59,4029.5
2025-09-11T14:00:00Z,-22.99,4268.35
2025-09-11T14:30:00Z,-21.32,4560.75
2025-09-11T15:00:00Z,-3.8299999999999996,4761.9
2025-09-11T15:30:00Z,19.54,4666.3
2025-09-11T16:00:00Z,47.6,5294.6
2025-09-11T16:30:00Z,84.39,4782.5
2025-09-11T17:00:00Z,80.07,4776.1
2025-09-11T17:30:00Z,77.82,4879.35
2025-09-11T18:00:00Z,94.29,4551.6
2025-09-11T18:30:00Z,95.18,4645.55
2025-09-11T19:00:00Z,86.89,4484.85
2025-09-11T19:30:00Z,72.41,4089.55
2025-09-11T20:00:00Z,45.83,4434.25
2025-09-11T20:30:00Z,28.0,4495.25
2025-09-11T21:00:00Z,14.04,4133.7
2025-09-11T21:30:00Z,9.55,3811.05
2025-09-11T22:00:00Z,-1.49,2561.1
2025-09-11T22:30:00Z,-4.84,2518.8
2025-09-11T23:00:00Z,-12.28,2333.3
2025-09-11T23:30:00Z,-9.67,2227.9
2025-09-12T00:00:00Z,-8.64,2240.1
2025-09-12T00:30:00Z,-12.5,2263.75
2025-09-12T01:00:00Z,-10.94,2088.9
2025-09-12T01:30:00Z,-10.41,2210.55
2025-09-12T02:00:00Z,-7.66,2483.3
2025-09-12T02:30:00Z,-7.14,2489.2
2025-09-12T03:00:00Z,-5.72,2226.2
2025-09-12T03:30:00Z,-5.71,2345.05
2025-09-12T04:00:00Z,-3.8000000000000003,2237.45
2025-09-12T04:30:00Z,1.28,1944.5
2025-09-12T05:00:00Z,8.67,2306.0
2025-09-12T05:30:00Z,17.37,2561.8
2025-09-12T06:00:00Z,21.5,2727.25
2025-09-12T06:30:00Z,38.25,3395.1
2025-09-12T07:00:00Z,18.21,2952.95
2025-09-12T07:30:00Z,12.25,2786.2
2025-09-12T08:00:00Z,3.79,3389.65
2025-09-12T08:30:00Z,-1.23,3569.1
2025-09-12T09:00:00Z,-7.34,3236.4
2025-09-12T09:30:00Z,-8.07,3100.15
2025-09-12T10:00:00Z,-5.79,3856.75
2025-09-12T10:30:00Z,-7.6000000000000005,4584.9
2025-09-12T11:00:00Z,-7.83,3619.6
2025-09-12T11:30:00Z,-7.18,3446.85
2025-09-12T12:00:00Z,-7.650000000000001,3110.65
2025-09-12T12:30:00Z,-8.31,3078.8
2025-09-12T13:00:00Z,-7.160000000000001,3733.3
2025-09-12T13:30:00Z,-6.64,3578.5
2025-09-12T14:00:00Z,-1.61,4248.55
2025-09-12T14:30:00Z,0.45,3772.6
2025-09-12T15:00:00Z,4.49,3920.75
2025-09-12T15:30:00Z,34.2,3998.15
2025-09-12T16:00:00Z,69.75,3604.1
2025-09-12T16:30:00Z,80.08999999999999,3611.15
2025-09-12T17:00:00Z,95.36,3722.7
2025-09-12T17:30:00Z,94.95,3911.25
2025-09-12T18:00:00Z,111.66,3869.6
2025-09-12T18:30:00Z,112.68999999999998,3793.95
2025-09-12T19:00:00Z,104.4,3149.35
2025-09-12T19:30:00Z,100.55999999999999,2951.2
2025-09-12T20:00:00Z,96.64,3210.95
2025-09-12T20:30:00Z,92.83,3094.3
2025-09-12T21:00:00Z,84.93,2804.5
2025-09-12T21:30:00Z,59.06000000000001,2811.2
2025-09-12T22:00:00Z,44.85,2001.05
2025-09-12T22:30:00Z,29.010000000000005,1775.65
2025-09-12T23:00:00Z,29.37,2187.1
2025-09-12T23:30:00Z,23.2,1887.8
2025-09-13T00:00:00Z,18.49,2255.35
2025-09-13T00:30:00Z,19.41,2252.35
2025-09-13T01:00:00Z,18.04,2146.2
2025-09-13T01:30:00Z,16.8,2438.75
2025-09-13T02:00:00Z,19.72,1733.55
2025-09-13T02:30:00Z,17.98,1946.8
2025-09-13T03:00:00Z,18.02,1860.05
2025-09-13T03:30:00Z,14.37,2051.6
2025-09-13T04:00:00Z,16.05,2181.65
2025-09-13T04:30:00Z,13.27,1920.45
2025-09-13T05:00:00Z,16.43,2388.9
2025-09-13T05:30:00Z,17.13,2523.4
2025-09-13T06:00:00Z,15.83,2447.95
2025-09-13T06:30:00Z,16.1,2580.35
2025-09-13T07:00:00Z,9.3,2514.1
2025-09-13T07:30:00Z,10.91,2895.6
2025-09-13T08:00:00Z,-2.74,2068.1
2025-09-13T08:30:00Z,-7.8,2081.9
2025-09-13T09:00:00Z,-8.0,2402.15
2025-09-13T09:30:00Z,-8.77,2516.4
2025-09-13T10:00:00Z,-4.56,2896.95
2025-09-13T10:30:00Z,-6.319999999999999,2929.7
2025-09-13T11:00:00Z,-4.1,2437.85
2025-09-13T11:30:00Z,-2.01,2862.55
2025-09-13T12:00:00Z,-5.78,3256.45
2025-09-13T12:30:00Z,-6.34,2431.05
2025-09-13T13:00:00Z,-10.14,2344.15
2025-09-13T13:30:00Z,-9.33,2162.4
2025-09-13T14:00:00Z,0.36,2175.95
2025-09-13T14:30:00Z,9.1,2343.45
2025-09-13T15:00:00Z,30.539999999999996,2534.85
2025-09-13T15:30:00Z,76.34,2128.45
2025-09-13T16:00:00Z,90.63,2158.6
2025-09-13T16:30:00Z,92.83,2399.4
2025-09-13T17:00:00Z,101.28,2524.3
2025-09-13T17:30:00Z,100.98,2868.15
2025-09-13T18:00:00Z,100.03000000000002,3362.35
2025-09-13T18:30:00Z,103.91,3333.25
2025-09-13T19:00:00Z,103.72000000000001,3411.75
2025-09-13T19:30:00Z,101.69,3308.35
2025-09-13T20:00:00Z,92.23,3776.9
2025-09-13T20:30:00Z,88.52,3430.95
2025-09-13T21:00:00Z,87.69,3450.0
2025-09-13T21:30:00Z,83.94,3106.9
2025-09-13T22:00:00Z,79.07,1588.8
2025-09-13T22:30:00Z,72.4,1565.0
2025-09-13T23:00:00Z,73.1,1421.85
2025-09-13T23:30:00Z,73.63,1611.4
2025-09-14T00:00:00Z,67.49,1533.1
2025-09-14T00:30:00Z,71.01,1869.95
2025-09-14T01:00:00Z,70.6,1589.4
2025-09-14T01:30:00Z,70.18,1351.25
2025-09-14T02:00:00Z,68.94,995.0
2025-09-14T02:30:00Z,68.11,1130.65
2025-09-14T03:00:00Z,70.52,1165.5
2025-09-14T03:30:00Z,75.24,1063.0
2025-09-14T04:00:00Z,84.57,1030.15
2025-09-14T04:30:00Z,87.3,1157.25
2025-09-14T05:00:00Z,83.96,1104.2
2025-09-14T05:30:00Z,87.56,1211.05
2025-09-14T06:00:00Z,89.69,1655.2
2025-09-14T06:30:00Z,93.81,1535.05
2025-09-14T07:00:00Z,90.73,2015.85
2025-09-14T07:30:00Z,89.6,2037.1
2025-09-14T08:00:00Z,87.94,2644.4
2025-09-14T08:30:00Z,86.37,2454.25
2025-09-14T09:00:00Z,87.91,2556.35
2025-09-14T09:30:00Z,89.52,2924.25
2025-09-14T10:00:00Z,87.3,2838.75
2025-09-14T10:30:00Z,89.01,3006.85
2025-09-14T11:00:00Z,88.98,3280.0
2025-09-14T11:30:00Z,89.45,3479.45
2025-09-14T12:00:00Z,92.89,2891.6
2025-09-14T12:30:00Z,89.42,2810.0
2025-09-14T13:00:00Z,86.27,2868.3
2025-09-14T13:30:00Z,76.88,3071.0
2025-09-14T14:00:00Z,82.02,3188.2
2025-09-14T14:30:00Z,82.24,3681.5
2025-09-14T15:00:00Z,94.15,3000.95
2025-09-14T15:30:00Z,94.38,3175.2
2025-09-14T16:00:00Z,88.49,3735.95
2025-09-14T16:30:00Z,88.62,3834.05
2025-09-14T17:00:00Z,84.35,2894.0
2025-09-14T17:30:00Z,80.78,2752.35
2025-09-14T18:00:00Z,74.37,2561.05
2025-09-14T18:30:00Z,74.97,2404.0
2025-09-14T19:00:00Z,76.69,2516.15
2025-09-14T19:30:00Z,73.46,2511.35
2025-09-14T20:00:00Z,63.92000000000001,2298.05
2025-09-14T20:30:00Z,56.1,2282.8
2025-09-14T21:00:00Z,55.26,2601.15
2025-09-14T21:30:00Z,32.74,2506.6
2025-09-14T22:00:00Z,15.74,1745.75
2025-09-14T22:30:00Z,8.53,1923.2
2025-09-14T23:00:00Z,14.89,2641.6
2025-09-14T23:30:00Z,14.25,2464.8
2025-09-15T00:00:00Z,15.47,2274.55
2025-09-15T00:30:00Z,12.71,2290.05
2025-09-15T01:00:00Z,9.35,2098.45
2025-09-15T01:30:00Z,7.88,2362.25
2025-09-15T02:00:00Z,2.91,2156.9
2025-09-15T02:30:00Z,2.95,2228.85
2025-09-15T03:00:00Z,4.22,2321.5
2025-09-15T03:30:00Z,3.1,2283.5
2025-09-15T04:00:00Z,-9.41,1905.2
2025-09-15T04:30:00Z,-5.31,1831.7
2025-09-15T05:00:00Z,-0.47,1883.15
2025-09-15T05:30:00Z,16.09,2641.45
2025-09-15T06:00:00Z,21.26,2516.25
2025-09-15T06:30:00Z,37.36,2685.1
2025-09-15T07:00:00Z,33.57,2704.3
2025-09-15T07:30:00Z,39.51,3168.45
2025-09-15T08:00:00Z,28.59,2649.4
2025-09-15T08:30:00Z,12.76,2432.5
2025-09-15T09:00:00Z,21.64,3108.5
2025-09-15T09:30:00Z,16.43,3184.4
2025-09-15T10:00:00Z,8.11,2761.65
2025-09-15T10:30:00Z,6.76,2741.85
2025-09-15T11:00:00Z,8.39,2933.85
2025-09-15T11:30:00Z,13.16,3348.05
2025-09-15T12:00:00Z,7.240000000000001,2707.6
2025-09-15T12:30:00Z,4.94,2895.55
2025-09-15T13:00:00Z,9.84,3432.75
2025-09-15T13:30:00Z,7.61,3543.0
2025-09-15T14:00:00Z,3.9300000000000006,2458.6
2025-09-15T14:30:00Z,8.77,2803.8
2025-09-15T15:00:00Z,18.42,2842.5
2025-09-15T15:30:00Z,28.720000000000002,3111.3
2025-09-15T16:00:00Z,43.4,2859.9
2025-09-15T16:30:00Z,54.64,3222.5
2025-09-15T17:00:00Z,67.49,2929.2
2025-09-15T17:30:00Z,78.03,3338.45
2025-09-15T18:00:00Z,92.73,2892.25
2025-09-15T18:30:00Z,94.16000000000001,2973.65
2025-09-15T19:00:00Z,95.42,2806.05
2025-09-15T19:30:00Z,90.8,2691.8
2025-09-15T20:00:00Z,87.52,2988.5
2025-09-15T20:30:00Z,71.9,2991.6
2025-09-15T21:00:00Z,65.87,3247.0
2025-09-15T21:30:00Z,27.89,3078.3
2025-09-15T22:00:00Z,17.24,2464.9
2025-09-15T22:30:00Z,6.03,2593.55
2025-09-15T23:00:00Z,3.34,2000.2
2025-09-15T23:30:00Z,-0.61,2089.8
2025-09-16T00:00:00Z,-2.33,2253.3
2025-09-16T00:30:00Z,-3.16,2286.05
2025-09-16T01:00:00Z,-5.65,2294.1
2025-09-16T01:30:00Z,-6.32,2352.4
2025-09-16T02:00:00Z,-13.07,1737.6
2025-09-16T02:30:00Z,-13.99,1979.85
2025-09-16T03:00:00Z,-5.44,2172.65
2025-09-16T03:30:00Z,-3.01,1962.1
2025-09-16T04:00:00Z,13.27,2074.95
2025-09-16T04:30:00Z,15.32,2393.0
2025-09-16T05:00:00Z,22.47,2574.2
2025-09-16T05:30:00Z,36.74,3214.95
2025-09-16T06:00:00Z,31.44,2838.7
2025-09-16T06:30:00Z,40.9,2996.7
2025-09-16T07:00:00Z,37.71,2551.55
2025-09-16T07:30:00Z,34.54,2856.95
2025-09-16T08:00:00Z,20.38,2559.35
2025-09-16T08:30:00Z,7.580000000000001,2226.05
2025-09-16T09:00:00Z,8.17,2884.2
2025-09-16T09:30:00Z,7.670000000000001,2184.75
2025-09-16T10:00:00Z,1.79,2225.85
2025-09-16T10:30:00Z,3.16,2546.15
2025-09-16T11:00:00Z,7.02,3089.55
2025-09-16T11:30:00Z,9.72,2809.35
2025-09-16T12:00:00Z,6.71,2050.5
2025-09-16T12:30:00Z,11.83,2506.35
2025-09-16T13:00:00Z,16.35,2861.85
2025-09-16T13:30:00Z,13.37,2871.1
2025-09-16T14:00:00Z,26.57,3286.0
2025-09-16T14:30:00Z,33.8,3507.25
2025-09-16T15:00:00Z,43.72,2805.3
2025-09-16T15:30:00Z,60.84,3040.75
2025-09-16T16:00:00Z,81.12,3097.2
2025-09-16T16:30:00Z,82.25,3343.0
2025-09-16T17:00:00Z,86.06,3721.75
2025-09-16T17:30:00Z,91.76,3533.35
2025-09-16T18:00:00Z,102.53,3005.95
2025-09-16T18:30:00Z,105.31000000000002,2649.5
2025-09-16T19:00:00Z,99.93,1847.45
2025-09-16T19:30:00Z,98.81000000000002,1568.0
2025-09-16T20:00:00Z,89.49,1084.9
2025-09-16T20:30:00Z,81.27,1039.7
2025-09-16T21:00:00Z,80.16,1129.25
2025-09-16T21:30:00Z,85.34146535647683,1394.1999999999998
2025-09-16T22:00:00Z,98.43,987.65
2025-09-16T22:30:00Z,85.68,979.9
2025-09-16T23:00:00Z,76.01,1015.9
2025-09-16T23:30:00Z,74.24,1156.6
2025-09-17T00:00:00Z,69.31,1099.1
2025-09-17T00:30:00Z,68.11,1092.6
2025-09-17T01:00:00Z,69.23,1090.45
2025-09-17T01:30:00Z,68.92,1146.3
2025-09-17T02:00:00Z,61.550000000000004,1393.5
2025-09-17T02:30:00Z,56.5,1433.15
2025-09-17T03:00:00Z,47.41,1319.8
2025-09-17T03:30:00Z,40.59,1838.3
2025-09-17T04:00:00Z,49.61,2310.85
2025-09-17T04:30:00Z,60.96,2449.75
2025-09-17T05:00:00Z,79.34,2958.9
2025-09-17T05:30:00Z,90.42,3238.45
2025-09-17T06:00:00Z,96.25,2726.1
2025-09-17T06:30:00Z,98.91,3146.95
2025-09-17T07:00:00Z,99.32,2488.9
2025-09-17T07:30:00Z,97.92,2422.9
2025-09-17T08:00:00Z,94.21,3432.6
2025-09-17T08:30:00Z,81.6,3825.95
2025-09-17T09:00:00Z,71.23,3150.95
2025-09-17T09:30:00Z,64.09,3884.4
2025-09-17T10:00:00Z,36.17,2974.4
2025-09-17T10:30:00Z,34.33,3694.9
2025-09-17T11:00:00Z,35.32,3507.05
2025-09-17T11:30:00Z,31.94,3408.0
2025-09-17T12:00:00Z,30.91,3588.25
2025-09-17T12:30:00Z,26.72,3385.95
2025-09-17T13:00:00Z,24.24,3191.5
2025-09-17T13:30:00Z,21.490000000000002,3156.85
2025-09-17T14:00:00Z,29.549999999999997,2818.65
2025-09-17T14:30:00Z,35.08,3199.05
2025-09-17T15:00:00Z,33.27,3586.3
2025-09-17T15:30:00Z,42.92,3217.95
2025-09-17T16:00:00Z,62.08,3258.5
2025-09-17T16:30:00Z,77.15,3032.3
2025-09-17T17:00:00Z,88.34,3892.7
2025-09-17T17:30:00Z,88.78,3949.8
2025-09-17T18:00:00Z,75.19,3339.0
2025-09-17T18:30:00Z,75.91,3839.85
2025-09-17T19:00:00Z,77.81,3428.7
2025-09-17T19:30:00Z,69.12,3631.9
2025-09-17T20:00:00Z,66.7,3423.7
2025-09-17T20:30:00Z,46.96,2931.05
2025-09-17T21:00:00Z,50.63,3251.15
2025-09-17T21:30:00Z,32.66,2850.05
2025-09-17T22:00:00Z,23.64,1863.05
2025-09-17T22:30:00Z,22.48,1753.2
2025-09-17T23:00:00Z,27.49,1888.1
2025-09-17T23:30:00Z,22.779999999999998,1579.8
2025-09-18T00:00:00Z,21.3,1850.75
2025-09-18T00:30:00Z,23.19,2087.45
2025-09-18T01:00:00Z,17.75,2059.15
2025-09-18T01:30:00Z,27.899999999999995,2534.9
2025-09-18T02:00:00Z,23.11,2451.6
2025-09-18T02:30:00Z,23.3,2606.85
2025-09-18T03:00:00Z,26.88,2299.0
2025-09-18T03:30:00Z,30.97,2405.3
2025-09-18T04:00:00Z,42.86,2223.65
2025-09-18T04:30:00Z,50.83,2620.75
2025-09-18T05:00:00Z,60.79,2272.45
2025-09-18T05:30:00Z,80.39,2868.95
2025-09-18T06:00:00Z,84.12,2665.7
2025-09-18T06:30:00Z,96.09,2428.2
2025-09-18T07:00:00Z,84.55,2858.4
2025-09-18T07:30:00Z,85.28,3001.15
2025-09-18T08:00:00Z,78.23,3130.8
2025-09-18T08:30:00Z,64.59,2986.3
2025-09-18T09:00:00Z,64.54,3037.4
2025-09-18T09:30:00Z,61.239999999999995,2879.45
2025-09-18T10:00:00Z,52.51,3195.8
2025-09-18T10:30:00Z,53.68,3421.6
2025-09-18T11:00:00Z,61.8,3893.75
2025-09-18T11:30:00Z,62.74,4405.75
2025-09-18T12:00:00Z,62.62,4096.45
2025-09-18T12:30:00Z,61.17,4012.75
2025-09-18T13:00:00Z,62.07,4548.0
2025-09-18T13:30:00Z,65.74,4727.7
2025-09-18T14:00:00Z,79.28,4727.45
2025-09-18T14:30:00Z,80.66,4635.6
2025-09-18T15:00:00Z,81.73,3916.35
2025-09-18T15:30:00Z,78.93,4178.65
2025-09-18T16:00:00Z,90.56,4617.5
2025-09-18T16:30:00Z,102.36,4972.85
2025-09-18T17:00:00Z,106.35,5208.4
2025-09-18T17:30:00Z,110.72,5091.4
2025-09-18T18:00:00Z,106.53,3798.4
2025-09-18T18:30:00Z,107.5,3775.55
2025-09-18T19:00:00Z,96.13999999999999,3484.15
2025-09-18T19:30:00Z,89.65,3089.15
2025-09-18T20:00:00Z,82.22,2759.8
2025-09-18T20:30:00Z,83.06,2474.8
2025-09-18T21:00:00Z,81.06,2407.1
2025-09-18T21:30:00Z,69.77,2564.45
2025-09-18T22:00:00Z,43.96,2369.55
2025-09-18T22:30:00Z,27.89,2135.7
2025-09-18T23:00:00Z,27.81,2514.2
2025-09-18T23:30:00Z,21.51,2535.25
2025-09-19T00:00:00Z,19.1,2517.75
2025-09-19T00:30:00Z,16.06,2253.7
2025-09-19T01:00:00Z,11.71,2477.3
2025-09-19T01:30:00Z,8.38,2304.85
2025-09-19T02:00:00Z,2.61,1910.3
2025-09-19T02:30:00Z,0.48,1852.65
2025-09-19T03:00:00Z,0.71,1715.5
2025-09-19T03:30:00Z,-1.25,1654.55
2025-09-19T04:00:00Z,2.7,2123.85
2025-09-19T04:30:00Z,13.82,2037.5
2025-09-19T05:00:00Z,30.109999999999996,2512.9
2025-09-19T05:30:00Z,60.87,2438.35
2025-09-19T06:00:00Z,85.25,2840.85
2025-09-19T06:30:00Z,94.85,2651.15
2025-09-19T07:00:00Z,86.02,2759.7
2025-09-19T07:30:00Z,84.83,2758.55
2025-09-19T08:00:00Z,81.63,2408.8
2025-09-19T08:30:00Z,81.52,2595.55
2025-09-19T09:00:00Z,81.61,2644.05
2025-09-19T09:30:00Z,78.12,2567.55
2025-09-19T10:00:00Z,61.58,3036.0
2025-09-19T10:30:00Z,58.61,2625.6
2025-09-19T11:00:00Z,60.24,3246.55
2025-09-19T11:30:00Z,55.2,3351.8
2025-09-19T12:00:00Z,60.919999999999995,2941.95
2025-09-19T12:30:00Z,65.23,3078.45
2025-09-19T13:00:00Z,68.0,3121.25
2025-09-19T13:30:00Z,73.64,3677.8
2025-09-19T14:00:00Z,88.43,2851.6
2025-09-19T14:30:00Z,93.56,2909.7
2025-09-19T15:00:00Z,94.11,2963.2
2025-09-19T15:30:00Z,95.43,3133.9
2025-09-19T16:00:00Z,115.15,3702.65
2025-09-19T16:30:00Z,117.57,3826.7
2025-09-19T17:00:00Z,123.03,3438.2
2025-09-19T17:30:00Z,127.02,3618.2
2025-09-19T18:00:00Z,116.76,4000.15
2025-09-19T18:30:00Z,118.07,4317.05
2025-09-19T19:00:00Z,108.46,3418.1
2025-09-19T19:30:00Z,98.91,3091.8
2025-09-19T20:00:00Z,87.22,3754.95
2025-09-19T20:30:00Z,84.27,3373.5
2025-09-19T21:00:00Z,83.05,3103.7
2025-09-19T21:30:00Z,82.36,3493.25
2025-09-19T22:00:00Z,88.69,1860.2
2025-09-19T22:30:00Z,90.57000000000001,1729.5
2025-09-19T23:00:00Z,89.92,1666.25
2025-09-19T23:30:00Z,89.21,1497.75
2025-09-20T00:00:00Z,90.51,1235.05
2025-09-20T00:30:00Z,89.76,1191.1
2025-09-20T01:00:00Z,87.51,1337.85
2025-09-20T01:30:00Z,83.89,1385.9
2025-09-20T02:00:00Z,78.19,1676.3
2025-09-20T02:30:00Z,78.55,1530.6
2025-09-20T03:00:00Z,78.55,1481.65
2025-09-20T03:30:00Z,74.43,1318.65
2025-09-20T04:00:00Z,74.52,1267.3
2025-09-20T04:30:00Z,78.74,1476.3
2025-09-20T05:00:00Z,73.82,1050.8
2025-09-20T05:30:00Z,72.54,1335.1
2025-09-20T06:00:00Z,90.54,1826.55
2025-09-20T06:30:00Z,89.97,2198.05
2025-09-20T07:00:00Z,94.02,2206.2
2025-09-20T07:30:00Z,97.75,2081.45
2025-09-20T08:00:00Z,98.07,2414.1
2025-09-20T08:30:00Z,100.1,2323.9
2025-09-20T09:00:00Z,104.28999999999999,2911.7
2025-09-20T09:30:00Z,103.54,3248.3
2025-09-20T10:00:00Z,96.82,3359.45
2025-09-20T10:30:00Z,92.52,3073.7
2025-09-20T11:00:00Z,79.48,4122.95
2025-09-20T11:30:00Z,76.42,3906.55
2025-09-20T12:00:00Z,79.68,3030.4
2025-09-20T12:30:00Z,74.41,3237.25
2025-09-20T13:00:00Z,74.0,3006.75
2025-09-20T13:30:00Z,75.05,3156.95
2025-09-20T14:00:00Z,69.24,2424.75
2025-09-20T14:30:00Z,68.05,2437.2
2025-09-20T15:00:00Z,71.35,2825.95
2025-09-20T15:30:00Z,70.58,2255.3
2025-09-20T16:00:00Z,67.15,3353.5
2025-09-20T16:30:00Z,67.0,3583.0
2025-09-20T17:00:00Z,70.52,3658.1
2025-09-20T17:30:00Z,69.33,3781.9
2025-09-20T18:00:00Z,48.61999999999999,3505.15
2025-09-20T18:30:00Z,39.17,3534.35
2025-09-20T19:00:00Z,29.08,3566.85
2025-09-20T19:30:00Z,18.41,3847.3
2025-09-20T20:00:00Z,9.5,3216.0
2025-09-20T20:30:00Z,6.28,3574.1
2025-09-20T21:00:00Z,6.43,3883.8
2025-09-20T21:30:00Z,6.31,3276.0
2025-09-20T22:00:00Z,9.58,2535.9
2025-09-20T22:30:00Z,11.67,3136.3
2025-09-20T23:00:00Z,11.6,2773.1
2025-09-20T23:30:00Z,13.04,2487.35
2025-09-21T00:00:00Z,5.79,2531.05
2025-09-21T00:30:00Z,8.27,2497.7
2025-09-21T01:00:00Z,13.62,2428.75
2025-09-21T01:30:00Z,12.31,2432.45
2025-09-21T02:00:00Z,7.620000000000001,2195.0
2025-09-21T02:30:00Z,10.35,2217.5
2025-09-21T03:00:00Z,13.96,2340.5
2025-09-21T03:30:00Z,20.99,2532.65
2025-09-21T04:00:00Z,31.050000000000004,2418.05
2025-09-21T04:30:00Z,34.76,2373.8
2025-09-21T05:00:00Z,36.8,2478.4
2025-09-21T05:30:00Z,33.28,2913.55
2025-09-21T06:00:00Z,9.35,2677.5
2025-09-21T06:30:00Z,6.540000000000001,2688.4
2025-09-21T07:00:00Z,8.44,2232.3
2025-09-21T07:30:00Z,8.78,2135.6
2025-09-21T08:00:00Z,2.42,1538.5
2025-09-21T08:30:00Z,2.78,1983.95
2025-09-21T09:00:00Z,0.45,2097.5
2025-09-21T09:30:00Z,-0.6,1668.1
2025-09-21T10:00:00Z,-5.11,1767.35
2025-09-21T10:30:00Z,-7.59,1709.45
2025-09-21T11:00:00Z,-11.73,1874.25
2025-09-21T11:30:00Z,-12.12,2065.15
2025-09-21T12:00:00Z,-8.41,2657.85
2025-09-21T12:30:00Z,-5.819999999999999,2833.3
2025-09-21T13:00:00Z,-2.46,2508.95
2025-09-21T13:30:00Z,18.7,2984.5
2025-09-21T14:00:00Z,25.37,3015.6
2025-09-21T14:30:00Z,35.39,2660.15
2025-09-21T15:00:00Z,43.7,2724.2
2025-09-21T15:30:00Z,56.83,2877.4
2025-09-21T16:00:00Z,79.28,2521.85
2025-09-21T16:30:00Z,80.66,2773.65
2025-09-21T17:00:00Z,91.9,2783.45
2025-09-21T17:30:00Z,95.9,2828.95
2025-09-21T18:00:00Z,102.0,2274.15
2025-09-21T18:30:00Z,103.32,2487.15
2025-09-21T19:00:00Z,103.38,2377.35
2025-09-21T19:30:00Z,102.37,2384.35
2025-09-21T20:00:00Z,97.77,2185.05
2025-09-21T20:30:00Z,87.74,1982.6
2025-09-21T21:00:00Z,81.6,2036.8
2025-09-21T21:30:00Z,84.77000000000001,1867.05
2025-09-21T22:00:00Z,86.84,1443.45
2025-09-21T22:30:00Z,74.38,1407.3
2025-09-21T23:00:00Z,77.59,1335.55
2025-09-21T23:30:00Z,72.65,1191.7
2025-09-22T00:00:00Z,71.73,995.4
2025-09-22T00:30:00Z,69.85,1031.85
2025-09-22T01:00:00Z,71.39,1267.65
2025-09-22T01:30:00Z,72.02,1236.05
2025-09-22T02:00:00Z,72.23,1223.4
2025-09-22T02:30:00Z,71.83,1333.4
2025-09-22T03:00:00Z,67.93,1420.85
2025-09-22T03:30:00Z,66.02,1850.7
2025-09-22T04:00:00Z,60.64,1724.75
2025-09-22T04:30:00Z,68.33,2024.2
2025-09-22T05:00:00Z,85.36,1938.6
2025-09-22T05:30:00Z,89.69,2120.1
2025-09-22T06:00:00Z,94.54,2381.0
2025-09-22T06:30:00Z,98.1,2562.4
2025-09-22T07:00:00Z,97.65,2187.5
2025-09-22T07:30:00Z,95.99,2256.1
2025-09-22T08:00:00Z,85.4,1881.05
2025-09-22T08:30:00Z,80.08,1988.0
2025-09-22T09:00:00Z,78.54,2628.5
2025-09-22T09:30:00Z,75.73,2505.75
2025-09-22T10:00:00Z,68.72,2616.1
2025-09-22T10:30:00Z,62.97,2943.8
2025-09-22T11:00:00Z,58.13,2690.0
2025-09-22T11:30:00Z,56.77000000000001,3527.95
2025-09-22T12:00:00Z,63.93,3445.9
2025-09-22T12:30:00Z,62.73,3475.45
2025-09-22T13:00:00Z,63.8,3405.3
2025-09-22T13:30:00Z,61.35000000000001,3270.7
2025-09-22T14:00:00Z,63.87,2173.55
2025-09-22T14:30:00Z,68.06,2262.6
2025-09-22T15:00:00Z,65.51,2548.4
2025-09-22T15:30:00Z,62.53,3024.15
2025-09-22T16:00:00Z,75.75,2897.05
2025-09-22T16:30:00Z,83.46,3096.0
2025-09-22T17:00:00Z,98.38,3386.0
2025-09-22T17:30:00Z,104.57,3125.5
2025-09-22T18:00:00Z,102.47,3551.4
2025-09-22T18:30:00Z,103.96,3416.0
2025-09-22T19:00:00Z,95.73,2697.95
2025-09-22T19:30:00Z,88.37,2639.2
2025-09-22T20:00:00Z,82.64,2287.1
2025-09-22T20:30:00Z,81.24,2445.95
2025-09-22T21:00:00Z,79.64,2544.55
2025-09-22T21:30:00Z,79.6,2636.95
2025-09-22T22:00:00Z,86.50999999999999,1548.55
2025-09-22T22:30:00Z,83.91,1600.5
2025-09-22T23:00:00Z,86.4,1625.45
2025-09-22T23:30:00Z,85.66999999999999,1618.85
2025-09-23T00:00:00Z,83.16000000000001,1716.15
2025-09-23T00:30:00Z,84.13,1696.95
2025-09-23T01:00:00Z,83.21,1493.05
2025-09-23T01:30:00Z,83.45,1516.0
2025-09-23T02:00:00Z,93.84,1603.5
2025-09-23T02:30:00Z,90.25,1528.1
2025-09-23T03:00:00Z,92.75,1218.95
2025-09-23T03:30:00Z,85.44,1665.25
2025-09-23T04:00:00Z,83.95,1516.45
2025-09-23T04:30:00Z,82.55,1889.45
2025-09-23T05:00:00Z,87.02,1973.95
2025-09-23T05:30:00Z,101.34,2014.45
2025-09-23T06:00:00Z,114.52,2262.35
2025-09-23T06:30:00Z,130.67,2577.95
2025-09-23T07:00:00Z,119.45,2841.05
2025-09-23T07:30:00Z,115.17000000000002,3171.6
2025-09-23T08:00:00Z,86.08,3336.2
2025-09-23T08:30:00Z,75.32,3060.15
2025-09-23T09:00:00Z,83.37000000000002,3581.7
2025-09-23T09:30:00Z,80.17,4142.3
2025-09-23T10:00:00Z,79.81,3970.65
2025-09-23T10:30:00Z,77.22,3848.5
2025-09-23T11:00:00Z,75.24,3788.3
2025-09-23T11:30:00Z,74.06,3911.75
2025-09-23T12:00:00Z,73.42,3850.2
2025-09-23T12:30:00Z,75.38,4072.7
2025-09-23T13:00:00Z,75.61,3563.1
2025-09-23T13:30:00Z,75.13,3546.15
2025-09-23T14:00:00Z,88.1,2770.2
2025-09-23T14:30:00Z,89.05,3242.75
2025-09-23T15:00:00Z,87.09,2988.45
2025-09-23T15:30:00Z,93.61,3162.45
2025-09-23T16:00:00Z,110.78,4461.1
2025-09-23T16:30:00Z,116.2,4896.85
2025-09-23T17:00:00Z,115.01,5216.1
2025-09-23T17:30:00Z,118.2,5341.25
2025-09-23T18:00:00Z,114.97,3970.1
2025-09-23T18:30:00Z,109.55000000000001,3837.55
2025-09-23T19:00:00Z,111.18,3956.6
2025-09-23T19:30:00Z,105.25,3729.55
2025-09-23T20:00:00Z,91.41,2827.15
2025-09-23T20:30:00Z,86.52,2709.2
2025-09-23T21:00:00Z,88.41,2369.35
2025-09-23T21:30:00Z,83.96,2553.75
2025-09-23T22:00:00Z,82.41,1332.9
2025-09-23T22:30:00Z,76.67,1248.8
2025-09-23T23:00:00Z,73.75,1228.65
2025-09-23T23:30:00Z,72.75,1197.15
2025-09-24T00:00:00Z,76.4,1890.35
2025-09-24T00:30:00Z,74.49,1572.8
2025-09-24T01:00:00Z,75.56,1774.45
2025-09-24T01:30:00Z,75.74,1688.3
2025-09-24T02:00:00Z,74.42,1788.05
2025-09-24T02:30:00Z,76.73000000000002,1731.1
2025-09-24T03:00:00Z,85.88,1937.7
2025-09-24T03:30:00Z,82.29,2071.25
2025-09-24T04:00:00Z,86.6,1912.15
2025-09-24T04:30:00Z,82.93,1857.65
2025-09-24T05:00:00Z,96.46,2129.75
2025-09-24T05:30:00Z,101.63000000000001,2693.8
2025-09-24T06:00:00Z,107.1,2076.4
2025-09-24T06:30:00Z,104.94,2970.4
2025-09-24T07:00:00Z,108.4,2869.1
2025-09-24T07:30:00Z,112.61,2618.8
2025-09-24T08:00:00Z,107.96,3217.65
2025-09-24T08:30:00Z,95.76,3512.2
2025-09-24T09:00:00Z,83.91,2816.65
2025-09-24T09:30:00Z,79.42,2867.6
2025-09-24T10:00:00Z,74.06,2559.9
2025-09-24T10:30:00Z,71.56,2501.3
2025-09-24T11:00:00Z,69.71,2715.2
2025-09-24T11:30:00Z,70.63,2579.35
2025-09-24T12:00:00Z,72.48,2855.4
2025-09-24T12:30:00Z,70.69,2924.7
2025-09-24T13:00:00Z,71.97,2909.6
2025-09-24T13:30:00Z,73.47,2990.85
2025-09-24T14:00:00Z,77.98,2043.6
2025-09-24T14:30:00Z,77.63,2407.0
2025-09-24T15:00:00Z,78.48,2316.9
2025-09-24T15:30:00Z,78.65,2327.5
2025-09-24T16:00:00Z,85.76,2288.55
2025-09-24T16:30:00Z,90.46,2832.95
2025-09-24T17:00:00Z,90.0,2951.45
2025-09-24T17:30:00Z,95.86,3120.9
2025-09-24T18:00:00Z,100.03,3369.9
2025-09-24T18:30:00Z,101.44,3577.05
2025-09-24T19:00:00Z,97.58,2734.6
2025-09-24T19:30:00Z,90.82,2402.5
2025-09-24T20:00:00Z,90.11,2095.5
2025-09-24T20:30:00Z,90.09,2081.8
2025-09-24T21:00:00Z,88.86,2091.7
2025-09-24T21:30:00Z,88.89,2005.05
2025-09-24T22:00:00Z,84.49,1480.8
2025-09-24T22:30:00Z,82.55,1299.8
2025-09-24T23:00:00Z,87.25,985.25
2025-09-24T23:30:00Z,89.78,1396.55
2025-09-25T00:00:00Z,90.31,1135.85
2025-09-25T00:30:00Z,91.31,1246.55
2025-09-25T01:00:00Z,94.07,1184.3
2025-09-25T01:30:00Z,94.03,1256.5
2025-09-25T02:00:00Z,96.81,1422.15
2025-09-25T02:30:00Z,92.49,1392.35
2025-09-25T03:00:00Z,88.88,1722.55
2025-09-25T03:30:00Z,86.71,1785.5
2025-09-25T04:00:00Z,83.28000000000002,1956.35
2025-09-25T04:30:00Z,80.3,2567.45
2025-09-25T05:00:00Z,96.92,2248.1
2025-09-25T05:30:00Z,101.17,2563.15
2025-09-25T06:00:00Z,111.93,2098.0
2025-09-25T06:30:00Z,114.26,1901.65
2025-09-25T07:00:00Z,109.4,2062.8
2025-09-25T07:30:00Z,105.32,2431.55
2025-09-25T08:00:00Z,91.47,2689.05
2025-09-25T08:30:00Z,83.55,2889.0
2025-09-25T09:00:00Z,84.58,3017.9
2025-09-25T09:30:00Z,78.7,2518.25
2025-09-25T10:00:00Z,76.79,3025.3
2025-09-25T10:30:00Z,76.98,2739.05
2025-09-25T11:00:00Z,79.51,2671.0
2025-09-25T11:30:00Z,79.05,3314.6
2025-09-25T12:00:00Z,76.91,3564.15
2025-09-25T12:30:00Z,75.64,3444.25
2025-09-25T13:00:00Z,73.36,3595.65
2025-09-25T13:30:00Z,71.06,3907.4
2025-09-25T14:00:00Z,77.19,3127.7
2025-09-25T14:30:00Z,74.24,3167.4
2025-09-25T15:00:00Z,72.51,2758.1
2025-09-25T15:30:00Z,70.61,3371.75
2025-09-25T16:00:00Z,95.04,3898.75
2025-09-25T16:30:00Z,107.35,3808.1
2025-09-25T17:00:00Z,112.51,4142.15
2025-09-25T17:30:00Z,113.85,4451.9
2025-09-25T18:00:00Z,115.61,3604.1
2025-09-25T18:30:00Z,116.02,3665.75
2025-09-25T19:00:00Z,109.05,3728.9
2025-09-25T19:30:00Z,106.76,3884.3
2025-09-25T20:00:00Z,93.01,3813.4
2025-09-25T20:30:00Z,79.17,3872.95
2025-09-25T21:00:00Z,88.12,3710.1
2025-09-25T21:30:00Z,89.52,4175.95
2025-09-25T22:00:00Z,80.57,2329.85
2025-09-25T22:30:00Z,76.27,1995.85
2025-09-25T23:00:00Z,77.9,2097.35
2025-09-25T23:30:00Z,78.05,2179.2
2025-09-26T00:00:00Z,71.89,1694.15
2025-09-26T00:30:00Z,73.22,1882.2
2025-09-26T01:00:00Z,77.29,1976.75
2025-09-26T01:30:00Z,78.19,1819.45
2025-09-26T02:00:00Z,82.57,1843.9
2025-09-26T02:30:00Z,81.33,1882.25
2025-09-26T03:00:00Z,80.22,2176.35
2025-09-26T03:30:00Z,79.9,2168.4
2025-09-26T04:00:00Z,77.66,2156.6
2025-09-26T04:30:00Z,75.41,2427.35
2025-09-26T05:00:00Z,77.84,2134.25
2025-09-26T05:30:00Z,87.27,2470.25
2025-09-26T06:00:00Z,93.35,2990.45
2025-09-26T06:30:00Z,100.65,2976.0
2025-09-26T07:00:00Z,98.58,2595.35
2025-09-26T07:30:00Z,97.76,2927.75
2025-09-26T08:00:00Z,84.79,2852.35
2025-09-26T08:30:00Z,78.01,2902.95
2025-09-26T09:00:00Z,73.78,3140.4
2025-09-26T09:30:00Z,74.7,2701.05
2025-09-26T10:00:00Z,74.06,2937.2
2025-09-26T10:30:00Z,72.41,2878.95
2025-09-26T11:00:00Z,75.53,3418.9
2025-09-26T11:30:00Z,75.18,3146.6
2025-09-26T12:00:00Z,74.45,2973.05
2025-09-26T12:30:00Z,74.74,3022.1
2025-09-26T13:00:00Z,71.84,3418.65
2025-09-26T13:30:00Z,73.64,3305.3
2025-09-26T14:00:00Z,77.91,2717.05
2025-09-26T14:30:00Z,79.81,2372.75
2025-09-26T15:00:00Z,81.85,2366.55
2025-09-26T15:30:00Z,84.96,2211.65
2025-09-26T16:00:00Z,100.75,2142.7
2025-09-26T16:30:00Z,104.92,2446.95
2025-09-26T17:00:00Z,105.79,2603.75
2025-09-26T17:30:00Z,106.03,2582.85
2025-09-26T18:00:00Z,95.78,2785.05
2025-09-26T18:30:00Z,94.83,3133.6
2025-09-26T19:00:00Z,88.58,2445.05
2025-09-26T19:30:00Z,78.67,2459.95
2025-09-26T20:00:00Z,86.57,2319.05
2025-09-26T20:30:00Z,87.61,2618.5
2025-09-26T21:00:00Z,82.47,2024.6
2025-09-26T21:30:00Z,80.54,2310.65
2025-09-26T22:00:00Z,74.58,1847.3
2025-09-26T22:30:00Z,72.07,1355.95
2025-09-26T23:00:00Z,74.96,1284.75
2025-09-26T23:30:00Z,73.64,1293.75
2025-09-27T00:00:00Z,72.49,1250.85
2025-09-27T00:30:00Z,72.92,1174.2
2025-09-27T01:00:00Z,74.68,1433.4
2025-09-27T01:30:00Z,72.05,1303.2
2025-09-27T02:00:00Z,71.63,1503.2
2025-09-27T02:30:00Z,74.62,1380.15
2025-09-27T03:00:00Z,75.39,1320.85
2025-09-27T03:30:00Z,76.05,1295.9
2025-09-27T04:00:00Z,74.01,1269.0
2025-09-27T04:30:00Z,75.76,1336.9
2025-09-27T05:00:00Z,79.58,1701.45
2025-09-27T05:30:00Z,80.80999999999999,1725.95
2025-09-27T06:00:00Z,81.92,1728.4
2025-09-27T06:30:00Z,82.75,1862.35
2025-09-27T07:00:00Z,78.61,1594.95
2025-09-27T07:30:00Z,78.35,1756.25
2025-09-27T08:00:00Z,75.21999999999998,1821.55
2025-09-27T08:30:00Z,76.8,2247.1
2025-09-27T09:00:00Z,77.6,2394.05
2025-09-27T09:30:00Z,75.48,2590.9
2025-09-27T10:00:00Z,70.33,2588.4
2025-09-27T10:30:00Z,68.54,2865.4
2025-09-27T11:00:00Z,67.51,2483.95
2025-09-27T11:30:00Z,71.45,2788.95
2025-09-27T12:00:00Z,67.9,2610.75
2025-09-27T12:30:00Z,66.82,2841.4
2025-09-27T13:00:00Z,67.24,2646.0
2025-09-27T13:30:00Z,67.06,2810.55
2025-09-27T14:00:00Z,69.16,2401.4
2025-09-27T14:30:00Z,68.73,2281.95
2025-09-27T15:00:00Z,71.45,2460.05
2025-09-27T15:30:00Z,72.49,2905.9
2025-09-27T16:00:00Z,75.43,2699.25
2025-09-27T16:30:00Z,82.36,2857.85
2025-09-27T17:00:00Z,89.69,3041.95
2025-09-27T17:30:00Z,96.69,3301.2
2025-09-27T18:00:00Z,101.64,3007.75
2025-09-27T18:30:00Z,102.95,2875.15
2025-09-27T19:00:00Z,104.18,3106.35
2025-09-27T19:30:00Z,99.9,3234.0
2025-09-27T20:00:00Z,96.30000000000001,3279.95
2025-09-27T20:30:00Z,93.84999999999998,3307.0
2025-09-27T21:00:00Z,93.04,3019.55
2025-09-27T21:30:00Z,89.99,3003.1
2025-09-27T22:00:00Z,84.69,1681.7
2025-09-27T22:30:00Z,78.68,2218.55
2025-09-27T23:00:00Z,81.58,2032.0
2025-09-27T23:30:00Z,82.64,2170.65
2025-09-28T00:00:00Z,81.72,1602.25
2025-09-28T00:30:00Z,83.0,1794.2
2025-09-28T01:00:00Z,82.89,1904.45
2025-09-28T01:30:00Z,83.73,1900.4
2025-09-28T02:00:00Z,86.31,1293.5
2025-09-28T02:30:00Z,88.19,1359.45
2025-09-28T03:00:00Z,88.49,1342.35
2025-09-28T03:30:00Z,88.33,1515.3
2025-09-28T04:00:00Z,87.26999999999998,1643.2
2025-09-28T04:30:00Z,88.69,1826.0
2025-09-28T05:00:00Z,89.02,2064.65
2025-09-28T05:30:00Z,90.32,1815.4
2025-09-28T06:00:00Z,86.86,1850.1
2025-09-28T06:30:00Z,87.75,2020.8
2025-09-28T07:00:00Z,81.22,2035.9
2025-09-28T07:30:00Z,86.70000000000002,1614.55
2025-09-28T08:00:00Z,90.76999999999998,1703.4
2025-09-28T08:30:00Z,88.51,1769.05
2025-09-28T09:00:00Z,90.85000000000001,1726.8
2025-09-28T09:30:00Z,89.08,1834.15
2025-09-28T10:00:00Z,83.54,1954.35
2025-09-28T10:30:00Z,84.01,1995.55
2025-09-28T11:00:00Z,81.75,2114.6
2025-09-28T11:30:00Z,79.2,2227.35
2025-09-28T12:00:00Z,80.76,2121.9
2025-09-28T12:30:00Z,81.07,2396.9
2025-09-28T13:00:00Z,82.54,2337.55
2025-09-28T13:30:00Z,79.68,2788.25
2025-09-28T14:00:00Z,81.2,1823.65
2025-09-28T14:30:00Z,76.79,1849.1
2025-09-28T15:00:00Z,83.97,1823.2
2025-09-28T15:30:00Z,96.49,1892.35
2025-09-28T16:00:00Z,118.14,2049.3
2025-09-28T16:30:00Z,123.92000000000002,2302.0
2025-09-28T17:00:00Z,117.57000000000001,2728.4
2025-09-28T17:30:00Z,119.62,2982.9
2025-09-28T18:00:00Z,119.55,2179.15
2025-09-28T18:30:00Z,119.56999999999998,2268.15
2025-09-28T19:00:00Z,116.48,1973.9
2025-09-28T19:30:00Z,115.74,2072.2
2025-09-28T20:00:00Z,96.93,1951.8
2025-09-28T20:30:00Z,86.74,1702.45
2025-09-28T21:00:00Z,91.39,2018.7
2025-09-28T21:30:00Z,87.32,2091.45
2025-09-28T22:00:00Z,87.32,1502.9
2025-09-28T22:30:00Z,81.94,1284.3
2025-09-28T23:00:00Z,79.03,1363.6
2025-09-28T23:30:00Z,77.16,1602.6
2025-09-29T00:00:00Z,80.26,1813.0
2025-09-29T00:30:00Z,80.12,1837.05
2025-09-29T01:00:00Z,80.06,1847.45
2025-09-29T01:30:00Z,77.83,1573.9
2025-09-29T02:00:00Z,78.31,1550.0
2025-09-29T02:30:00Z,77.2,1476.0
2025-09-29T03:00:00Z,79.3,1832.3
2025-09-29T03:30:00Z,75.54,1604.1
2025-09-29T04:00:00Z,72.99,1902.05
2025-09-29T04:30:00Z,72.36,2130.65
2025-09-29T05:00:00Z,77.64,1631.15
2025-09-29T05:30:00Z,95.69,1820.8
2025-09-29T06:00:00Z,100.71,2005.5
2025-09-29T06:30:00Z,108.17,1884.9
2025-09-29T07:00:00Z,104.59999999999998,2712.75
2025-09-29T07:30:00Z,105.53999999999999,2629.35
2025-09-29T08:00:00Z,82.02,2237.4
2025-09-29T08:30:00Z,76.65,2897.25
2025-09-29T09:00:00Z,78.62,2705.0
2025-09-29T09:30:00Z,76.81,2947.75
2025-09-29T10:00:00Z,75.35,2622.7
2025-09-29T10:30:00Z,71.31,2282.95
2025-09-29T11:00:00Z,69.21,2540.7
2025-09-29T11:30:00Z,68.62,2464.95
2025-09-29T12:00:00Z,66.97,2995.3
2025-09-29T12:30:00Z,68.54,3099.55
2025-09-29T13:00:00Z,73.99,3153.35
2025-09-29T13:30:00Z,72.4,2940.75
2025-09-29T14:00:00Z,84.89,2407.3
2025-09-29T14:30:00Z,87.31,2889.05
2025-09-29T15:00:00Z,101.24,2848.45
2025-09-29T15:30:00Z,104.08000000000001,3051.85
2025-09-29T16:00:00Z,131.23,3742.15
2025-09-29T16:30:00Z,126.34,4050.5
2025-09-29T17:00:00Z,122.64,4643.35
2025-09-29T17:30:00Z,127.78,4265.25
2025-09-29T18:00:00Z,107.64,4001.0
2025-09-29T18:30:00Z,101.34,4350.9
2025-09-29T19:00:00Z,102.2,3502.4
2025-09-29T19:30:00Z,91.66,3514.75
2025-09-29T20:00:00Z,87.13,4002.1
2025-09-29T20:30:00Z,84.17,3096.9
2025-09-29T21:00:00Z,86.43,3072.25
2025-09-29T21:30:00Z,81.4,2845.45
2025-09-29T22:00:00Z,77.13,1655.45
2025-09-29T22:30:00Z,75.65,1611.95
2025-09-29T23:00:00Z,72.96,1616.6
2025-09-29T23:30:00Z,74.14,1947.4
2025-09-30T00:00:00Z,77.84,1937.4
2025-09-30T00:30:00Z,75.11,2050.1
2025-09-30T01:00:00Z,73.36,1996.45
2025-09-30T01:30:00Z,75.75,1992.8
2025-09-30T02:00:00Z,75.84,1496.5
2025-09-30T02:30:00Z,74.72,1596.0
2025-09-30T03:00:00Z,69.08,1782.7
2025-09-30T03:30:00Z,70.49,1813.1
2025-09-30T04:00:00Z,79.11,2068.95
2025-09-30T04:30:00Z,73.56,2511.4
2025-09-30T05:00:00Z,79.32,1358.75
2025-09-30T05:30:00Z,95.72,1819.1
2025-09-30T06:00:00Z,106.79,1892.45
2025-09-30T06:30:00Z,111.46,2080.55
2025-09-30T07:00:00Z,107.3,2304.6
2025-09-30T07:30:00Z,107.48,2404.0
2025-09-30T08:00:00Z,92.74,2887.2
2025-09-30T08:30:00Z,81.99,2379.75
2025-09-30T09:00:00Z,77.17,2128.05
2025-09-30T09:30:00Z,82.1,3429.4
2025-09-30T10:00:00Z,77.08,3274.6
2025-09-30T10:30:00Z,71.63,2552.95
2025-09-30T11:00:00Z,73.99,2813.0
2025-09-30T11:30:00Z,71.08,2726.0
2025-09-30T12:00:00Z,70.18,3092.35
2025-09-30T12:30:00Z,71.0,3115.35
2025-09-30T13:00:00Z,73.92,3423.1
2025-09-30T13:30:00Z,71.88,3651.75
2025-09-30T14:00:00Z,74.71,2761.05
2025-09-30T14:30:00Z,82.43,2760.2
2025-09-30T15:00:00Z,84.7,3050.0
2025-09-30T15:30:00Z,89.68,3112.55
2025-09-30T16:00:00Z,109.96,3233.45
2025-09-30T16:30:00Z,119.63,3247.6
2025-09-30T17:00:00Z,121.23000000000002,3435.95
2025-09-30T17:30:00Z,119.77,3598.95
2025-09-30T18:00:00Z,103.47,3497.2
2025-09-30T18:30:00Z,98.23,3008.05
2025-09-30T19:00:00Z,94.07,2741.95
2025-09-30T19:30:00Z,85.27,2886.1
2025-09-30T20:00:00Z,78.73,2424.2
2025-09-30T20:30:00Z,75.27,2693.15
2025-09-30T21:00:00Z,76.63,2520.45
2025-09-30T21:30:00Z,79.58000000000001,3339.9
2025-09-30T22:00:00Z,79.51,1685.2
2025-09-30T22:30:00Z,75.06,1882.9
2025-09-30T23:00:00Z,73.32,1217.15
2025-09-30T23:30:00Z,67.16,1454.0
2025-10-01T00:00:00Z,73.99,1496.15
2025-10-01T00:30:00Z,75.94,1620.75
2025-10-01T01:00:00Z,75.54,1505.7
2025-10-01T01:30:00Z,73.15,1744.8
2025-10-01T02:00:00Z,69.54,1420.05
2025-10-01T02:30:00Z,68.5,1667.5
2025-10-01T03:00:00Z,68.52,1558.6
2025-10-01T03:30:00Z,69.5,1741.7
2025-10-01T04:00:00Z,68.75,1713.15
2025-10-01T04:30:00Z,67.27,1414.9
2025-10-01T05:00:00Z,70.61,1973.5
2025-10-01T05:30:00Z,79.92,1976.55
2025-10-01T06:00:00Z,99.34,1752.25
2025-10-01T06:30:00Z,108.65,2066.25
2025-10-01T07:00:00Z,101.52,2259.05
2025-10-01T07:30:00Z,101.26,2600.6
2025-10-01T08:00:00Z,82.32,2566.45
2025-10-01T08:30:00Z,78.79,2710.85
2025-10-01T09:00:00Z,73.99,2663.65
2025-10-01T09:30:00Z,76.76,2852.4
2025-10-01T10:00:00Z,78.03,3271.6
2025-10-01T10:30:00Z,78.75,3245.35
2025-10-01T11:00:00Z,78.39,3565.2
2025-10-01T11:30:00Z,73.58,3392.1
2025-10-01T12:00:00Z,68.35,3125.55
2025-10-01T12:30:00Z,67.75,3033.85
2025-10-01T13:00:00Z,71.88,3639.4
2025-10-01T13:30:00Z,68.7,3538.25
2025-10-01T14:00:00Z,79.81,2715.65
2025-10-01T14:30:00Z,77.1,2983.05
2025-10-01T15:00:00Z,81.58,2732.45
2025-10-01T15:30:00Z,80.28,2768.2
2025-10-01T16:00:00Z,101.88000000000001,2908.25
2025-10-01T16:30:00Z,111.51,2569.1
2025-10-01T17:00:00Z,115.22,3008.15
2025-10-01T17:30:00Z,118.23,3312.15
2025-10-01T18:00:00Z,113.31999999999998,2844.0
2025-10-01T18:30:00Z,108.85,3122.2
2025-10-01T19:00:00Z,95.98,3275.95
2025-10-01T19:30:00Z,79.79,2750.15
2025-10-01T20:00:00Z,81.51,2931.55
2025-10-01T20:30:00Z,80.71,2770.95
2025-10-01T21:00:00Z,75.74,2873.3
2025-10-01T21:30:00Z,75.9,3238.15
2025-10-01T22:00:00Z,70.81,1951.5
2025-10-01T22:30:00Z,67.82,1597.65
2025-10-01T23:00:00Z,66.44,1979.6
2025-10-01T23:30:00Z,65.98,1955.95
2025-10-02T00:00:00Z,68.83,1856.75
2025-10-02T00:30:00Z,72.15,2044.75
2025-10-02T01:00:00Z,68.22,1750.6
2025-10-02T01:30:00Z,70.09,1796.1
2025-10-02T02:00:00Z,67.65,1628.95
2025-10-02T02:30:00Z,63.129999999999995,1659.0
2025-10-02T03:00:00Z,70.97,1778.0
2025-10-02T03:30:00Z,70.93,1828.5
2025-10-02T04:00:00Z,77.0,1341.7
2025-10-02T04:30:00Z,74.58,1567.5
2025-10-02T05:00:00Z,94.79,1842.0
2025-10-02T05:30:00Z,103.52,1976.6
2025-10-02T06:00:00Z,100.1,3026.05
2025-10-02T06:30:00Z,107.01,2866.3
2025-10-02T07:00:00Z,95.98,2761.3
2025-10-02T07:30:00Z,95.56,2461.4
2025-10-02T08:00:00Z,95.26,2840.45
2025-10-02T08:30:00Z,86.6,2966.5
2025-10-02T09:00:00Z,78.85,2875.1
2025-10-02T09:30:00Z,83.88,3274.55
2025-10-02T10:00:00Z,84.09,3235.0
2025-10-02T10:30:00Z,85.96999999999998,3337.9
2025-10-02T11:00:00Z,82.9,3943.65
2025-10-02T11:30:00Z,76.27,3804.2
2025-10-02T12:00:00Z,68.89,2941.95
2025-10-02T12:30:00Z,64.01,3559.0
2025-10-02T13:00:00Z,62.44,4169.65
2025-10-02T13:30:00Z,58.75,5072.2
2025-10-02T14:00:00Z,69.49,3554.05
2025-10-02T14:30:00Z,71.41,3974.5
2025-10-02T15:00:00Z,74.90999999999998,3586.45
2025-10-02T15:30:00Z,80.96,4348.75
2025-10-02T16:00:00Z,100.85,2829.05
2025-10-02T16:30:00Z,103.03,2816.9
2025-10-02T17:00:00Z,107.85,3392.75
2025-10-02T17:30:00Z,108.1,3734.65
2025-10-02T18:00:00Z,96.97,2806.85
2025-10-02T18:30:00Z,86.29,2802.95
2025-10-02T19:00:00Z,70.41,3069.7
2025-10-02T19:30:00Z,70.39,2670.15
2025-10-02T20:00:00Z,74.84,2688.45
2025-10-02T20:30:00Z,52.34,3204.15
2025-10-02T21:00:00Z,44.71,2686.85
2025-10-02T21:30:00Z,28.53,2514.25
2025-10-02T22:00:00Z,25.54,2550.85
2025-10-02T22:30:00Z,21.0,2517.7
2025-10-02T23:00:00Z,19.12,2436.45
2025-10-02T23:30:00Z,18.11,2683.45
2025-10-03T00:00:00Z,12.57,2222.65
2025-10-03T00:30:00Z,14.31,2493.25
2025-10-03T01:00:00Z,13.22,2417.2
2025-10-03T01:30:00Z,12.36,2184.2
2025-10-03T02:00:00Z,7.299999999999999,2556.9
2025-10-03T02:30:00Z,9.09,2496.3
2025-10-03T03:00:00Z,10.23,2259.3
2025-10-03T03:30:00Z,13.48,2193.6
2025-10-03T04:00:00Z,28.24,2099.65
2025-10-03T04:30:00Z,53.470000000000006,2551.55
2025-10-03T05:00:00Z,73.99,2071.2
2025-10-03T05:30:00Z,91.32,2146.35
2025-10-03T06:00:00Z,100.1,2174.8
2025-10-03T06:30:00Z,107.53999999999999,2438.3
2025-10-03T07:00:00Z,107.81,2285.45
2025-10-03T07:30:00Z,109.31,2339.85
2025-10-03T08:00:00Z,109.35,2369.9
2025-10-03T08:30:00Z,107.47000000000001,2518.4
2025-10-03T09:00:00Z,103.98,2779.95
2025-10-03T09:30:00Z,100.69,3127.4
2025-10-03T10:00:00Z,89.05,4160.5
2025-10-03T10:30:00Z,79.36,4104.5
2025-10-03T11:00:00Z,72.23,4862.75
2025-10-03T11:30:00Z,69.85,4993.7
2025-10-03T12:00:00Z,65.0,4822.3
2025-10-03T12:30:00Z,57.7,4316.4
2025-10-03T13:00:00Z,52.7,4545.0
2025-10-03T13:30:00Z,47.35,4534.25
2025-10-03T14:00:00Z,28.08,2961.85
2025-10-03T14:30:00Z,23.4,2995.05
2025-10-03T15:00:00Z,34.89,2975.55
2025-10-03T15:30:00Z,43.92,3017.85
2025-10-03T16:00:00Z,48.13,3550.3
2025-10-03T16:30:00Z,59.59,3293.15
2025-10-03T17:00:00Z,68.91,3491.6
2025-10-03T17:30:00Z,73.4,3181.6
2025-10-03T18:00:00Z,74.92,3415.95
2025-10-03T18:30:00Z,73.25,4204.05
2025-10-03T19:00:00Z,70.83,3843.15
2025-10-03T19:30:00Z,64.57,4080.7
2025-10-03T20:00:00Z,61.4,4393.95
2025-10-03T20:30:00Z,49.69,4884.05
2025-10-03T21:00:00Z,58.42,4247.95
2025-10-03T21:30:00Z,38.38,4228.25
2025-10-03T22:00:00Z,35.88,4297.8
2025-10-03T22:30:00Z,26.87,4083.35
2025-10-03T23:00:00Z,26.03,3686.45
2025-10-03T23:30:00Z,22.35,3933.2
2025-10-04T00:00:00Z,13.819999999999999,3446.05
2025-10-04T00:30:00Z,8.76,3368.45
2025-10-04T01:00:00Z,5.8,3417.05
2025-10-04T01:30:00Z,3.2300000000000004,3152.5
2025-10-04T02:00:00Z,8.26,2701.95
2025-10-04T02:30:00Z,4.12,2943.25
2025-10-04T03:00:00Z,-0.01,2878.95
2025-10-04T03:30:00Z,-1.71,2869.65
2025-10-04T04:00:00Z,-0.98,3032.5
2025-10-04T04:30:00Z,0.16,2799.6
2025-10-04T05:00:00Z,1.44,2461.3
2025-10-04T05:30:00Z,3.14,2436.3
2025-10-04T06:00:00Z,18.03,2567.3
2025-10-04T06:30:00Z,19.78,2781.8
2025-10-04T07:00:00Z,9.33,3451.55
2025-10-04T07:30:00Z,8.55,3253.5
2025-10-04T08:00:00Z,8.2,2973.4
2025-10-04T08:30:00Z,3.9500000000000006,2897.2
2025-10-04T09:00:00Z,3.55,2881.5
2025-10-04T09:30:00Z,3.02,2681.85
2025-10-04T10:00:00Z,4.08,2057.45
2025-10-04T10:30:00Z,4.4,2084.65
2025-10-04T11:00:00Z,4.38,2315.9
2025-10-04T11:30:00Z,11.63,2404.55
2025-10-04T12:00:00Z,12.27,2754.55
2025-10-04T12:30:00Z,9.59,2939.95
2025-10-04T13:00:00Z,10.31,3062.05
2025-10-04T13:30:00Z,7.24,3130.15
2025-10-04T14:00:00Z,8.4,3333.5
2025-10-04T14:30:00Z,7.86,3750.35
2025-10-04T15:00:00Z,7.01,3952.4
2025-10-04T15:30:00Z,7.86,3784.6
2025-10-04T16:00:00Z,14.129999999999999,2774.2
2025-10-04T16:30:00Z,23.43,3033.4
2025-10-04T17:00:00Z,23.08,2466.0
2025-10-04T17:30:00Z,22.38,3136.95
2025-10-04T18:00:00Z,20.05,2768.1
2025-10-04T18:30:00Z,21.57,2476.3
2025-10-04T19:00:00Z,20.31,2450.55
2025-10-04T19:30:00Z,8.57,2509.9
2025-10-04T20:00:00Z,11.14,2114.65
2025-10-04T20:30:00Z,4.39,1692.35
2025-10-04T21:00:00Z,14.92,2280.95
2025-10-04T21:30:00Z,8.18,1899.75
2025-10-04T22:00:00Z,2.95,2079.55
2025-10-04T22:30:00Z,0.57,1947.95
2025-10-04T23:00:00Z,3.2,2055.8
2025-10-04T23:30:00Z,3.6300000000000003,1795.05
2025-10-05T00:00:00Z,3.05,1675.8
2025-10-05T00:30:00Z,2.64,1712.45
2025-10-05T01:00:00Z,4.57,1798.7
2025-10-05T01:30:00Z,2.12,1650.95
2025-10-05T02:00:00Z,2.91,1769.55
2025-10-05T02:30:00Z,1.1,1603.5
2025-10-05T03:00:00Z,3.5600000000000005,1383.7
2025-10-05T03:30:00Z,4.28,1455.0
2025-10-05T04:00:00Z,3.38,1872.7
2025-10-05T04:30:00Z,5.88,2198.4
2025-10-05T05:00:00Z,8.72,2063.0
2025-10-05T05:30:00Z,8.71,2188.55
2025-10-05T06:00:00Z,13.04,2855.7
2025-10-05T06:30:00Z,16.0,3007.3
2025-10-05T07:00:00Z,6.54,3449.85
2025-10-05T07:30:00Z,8.4,3636.9
2025-10-05T08:00:00Z,12.25,3320.25
2025-10-05T08:30:00Z,11.73,3527.1
2025-10-05T09:00:00Z,6.28,3424.35
2025-10-05T09:30:00Z,4.39,3191.9
2025-10-05T10:00:00Z,5.24,2909.4
2025-10-05T10:30:00Z,5.07,3182.25
2025-10-05T11:00:00Z,7.140000000000001,2803.65
2025-10-05T11:30:00Z,7.58,2642.6
2025-10-05T12:00:00Z,1.88,2423.55
2025-10-05T12:30:00Z,1.06,2798.7
2025-10-05T13:00:00Z,4.08,2966.9
2025-10-05T13:30:00Z,4.19,2602.35
2025-10-05T14:00:00Z,18.47,2817.3
2025-10-05T14:30:00Z,33.88,2271.7
2025-10-05T15:00:00Z,36.12,2304.3
2025-10-05T15:30:00Z,75.1,2489.25
2025-10-05T16:00:00Z,86.45,2430.05
2025-10-05T16:30:00Z,96.0,2471.5
2025-10-05T17:00:00Z,100.27999999999999,2641.0
2025-10-05T17:30:00Z,100.26,2967.55
2025-10-05T18:00:00Z,103.66,2596.5
2025-10-05T18:30:00Z,103.61,2523.45
2025-10-05T19:00:00Z,101.77000000000001,2613.25
2025-10-05T19:30:00Z,96.16,2690.9
2025-10-05T20:00:00Z,82.21,2485.2
2025-10-05T20:30:00Z,74.6,2586.4
2025-10-05T21:00:00Z,75.88,3101.1
2025-10-05T21:30:00Z,49.98,3189.7
2025-10-05T22:00:00Z,43.96,2274.05
2025-10-05T22:30:00Z,32.77,2224.55
2025-10-05T23:00:00Z,32.25,1940.8
2025-10-05T23:30:00Z,35.309999999999995,1872.6
2025-10-06T00:00:00Z,31.57,1983.65
2025-10-06T00:30:00Z,33.78,1944.65
2025-10-06T01:00:00Z,28.99,2278.3
2025-10-06T01:30:00Z,35.36,2338.45
2025-10-06T02:00:00Z,45.7,2226.45
2025-10-06T02:30:00Z,55.34,2668.4
2025-10-06T03:00:00Z,56.75999999999999,2782.25
2025-10-06T03:30:00Z,60.1,3133.75
2025-10-06T04:00:00Z,74.62,3202.2
2025-10-06T04:30:00Z,77.64,3269.3
2025-10-06T05:00:00Z,72.39,3317.4
2025-10-06T05:30:00Z,83.60999999999999,3502.0
2025-10-06T06:00:00Z,92.99,2352.5
2025-10-06T06:30:00Z,96.44999999999999,2829.2
2025-10-06T07:00:00Z,94.95,2832.85
2025-10-06T07:30:00Z,95.69,2999.6
2025-10-06T08:00:00Z,90.05,3037.65
2025-10-06T08:30:00Z,81.56,3212.6
2025-10-06T09:00:00Z,81.81,3368.1
2025-10-06T09:30:00Z,76.46,3573.0
2025-10-06T10:00:00Z,81.67,2820.1
2025-10-06T10:30:00Z,81.52,3286.8
2025-10-06T11:00:00Z,77.01,3671.2
2025-10-06T11:30:00Z,70.6,3536.55
2025-10-06T12:00:00Z,77.91,3002.95
2025-10-06T12:30:00Z,82.03,3640.25
2025-10-06T13:00:00Z,83.83,3512.65
2025-10-06T13:30:00Z,83.90000000000002,3169.85
2025-10-06T14:00:00Z,88.16,2904.5
2025-10-06T14:30:00Z,90.83,2837.1
2025-10-06T15:00:00Z,87.75,2667.9
2025-10-06T15:30:00Z,90.3,3053.2
2025-10-06T16:00:00Z,101.96,2760.65
2025-10-06T16:30:00Z,114.94,2938.55
2025-10-06T17:00:00Z,129.57,3208.4
2025-10-06T17:30:00Z,131.31,3615.05
2025-10-06T18:00:00Z,123.78,3783.85
2025-10-06T18:30:00Z,117.93,3441.4
2025-10-06T19:00:00Z,107.15999999999998,3174.75
2025-10-06T19:30:00Z,100.12,3361.5
2025-10-06T20:00:00Z,86.6,2760.3
2025-10-06T20:30:00Z,87.61,2935.9
2025-10-06T21:00:00Z,72.43,4420.0
2025-10-06T21:30:00Z,83.57,3270.75
2025-10-06T22:00:00Z,89.63,1819.9
2025-10-06T22:30:00Z,86.54,1894.05
2025-10-06T23:00:00Z,82.81,1973.35
2025-10-06T23:30:00Z,64.48,2017.05
2025-10-07T00:00:00Z,76.87000000000002,1929.1
2025-10-07T00:30:00Z,74.57,1888.05
2025-10-07T01:00:00Z,70.64,1841.85
2025-10-07T01:30:00Z,69.96999999999998,1915.6
2025-10-07T02:00:00Z,66.4,1787.3
2025-10-07T02:30:00Z,63.43,1591.25
2025-10-07T03:00:00Z,65.4,1988.45
2025-10-07T03:30:00Z,64.53,1913.6
2025-10-07T04:00:00Z,74.7,1833.7
2025-10-07T04:30:00Z,72.78,2065.0
2025-10-07T05:00:00Z,78.24,2328.95
2025-10-07T05:30:00Z,77.29,2328.9
2025-10-07T06:00:00Z,84.88,2628.1
2025-10-07T06:30:00Z,105.26,2193.55
2025-10-07T07:00:00Z,102.3,2873.05
2025-10-07T07:30:00Z,101.60000000000001,3289.1
2025-10-07T08:00:00Z,94.07,2542.7
2025-10-07T08:30:00Z,94.13,2295.95
2025-10-07T09:00:00Z,94.26000000000002,3190.4
2025-10-07T09:30:00Z,93.27,3233.8
2025-10-07T10:00:00Z,85.7,3295.7
2025-10-07T10:30:00Z,81.94,3300.85
2025-10-07T11:00:00Z,80.52,3590.5
2025-10-07T11:30:00Z,79.42,3441.15
2025-10-07T12:00:00Z,81.55,2984.35
2025-10-07T12:30:00Z,78.75,3074.25
2025-10-07T13:00:00Z,80.47,3346.85
2025-10-07T13:30:00Z,79.34,3403.2
2025-10-07T14:00:00Z,92.03,2501.35
2025-10-07T14:30:00Z,91.72,2803.95
2025-10-07T15:00:00Z,91.85,2536.75
2025-10-07T15:30:00Z,94.32,2818.65
2025-10-07T16:00:00Z,113.31,2996.95
2025-10-07T16:30:00Z,123.32,2950.35
2025-10-07T17:00:00Z,132.5,3451.5
2025-10-07T17:30:00Z,137.36,3395.8
2025-10-07T18:00:00Z,120.1,3111.95
2025-10-07T18:30:00Z,112.48,3084.5
2025-10-07T19:00:00Z,110.45999999999998,2742.15
2025-10-07T19:30:00Z,102.54,2485.7
2025-10-07T20:00:00Z,91.73999999999998,1937.85
2025-10-07T20:30:00Z,87.14,2156.6
2025-10-07T21:00:00Z,84.73,2402.35
2025-10-07T21:30:00Z,84.16,3004.1
2025-10-07T22:00:00Z,78.7,1325.85
2025-10-07T22:30:00Z,77.66,1211.2
2025-10-07T23:00:00Z,79.01,1149.7
2025-10-07T23:30:00Z,77.25,1248.15
2025-10-08T00:00:00Z,77.94,1284.5
2025-10-08T00:30:00Z,74.71,1249.75
2025-10-08T01:00:00Z,71.3,1620.4
2025-10-08T01:30:00Z,80.18,2121.0
2025-10-08T02:00:00Z,75.16,1528.6
2025-10-08T02:30:00Z,76.39,1721.15
2025-10-08T03:00:00Z,73.31,1676.15
2025-10-08T03:30:00Z,77.05,1839.3
2025-10-08T04:00:00Z,77.81,1653.35
2025-10-08T04:30:00Z,77.99,1838.35
2025-10-08T05:00:00Z,83.67,2106.5
2025-10-08T05:30:00Z,99.11,2490.0
2025-10-08T06:00:00Z,114.55,2108.35
2025-10-08T06:30:00Z,119.46,2327.2
2025-10-08T07:00:00Z,113.41,1979.6
2025-10-08T07:30:00Z,112.62,2268.95
2025-10-08T08:00:00Z,98.26,2374.65
2025-10-08T08:30:00Z,95.44,2341.6
2025-10-08T09:00:00Z,92.5,2391.7
2025-10-08T09:30:00Z,90.87,2339.0
2025-10-08T10:00:00Z,85.51,2524.7
2025-10-08T10:30:00Z,82.52,2808.15
2025-10-08T11:00:00Z,82.26,2879.8
2025-10-08T11:30:00Z,79.34,2741.15
2025-10-08T12:00:00Z,76.85,2644.6
2025-10-08T12:30:00Z,78.62,2790.25
2025-10-08T13:00:00Z,78.61,3021.2
2025-10-08T13:30:00Z,77.15,2735.0
2025-10-08T14:00:00Z,75.22,2512.7
2025-10-08T14:30:00Z,75.71,2328.3
2025-10-08T15:00:00Z,76.33,2031.35
2025-10-08T15:30:00Z,79.89,2205.3
2025-10-08T16:00:00Z,91.06,2252.8
2025-10-08T16:30:00Z,106.05,2439.8
2025-10-08T17:00:00Z,117.36999999999999,2551.15
2025-10-08T17:30:00Z,122.24999999999999,2864.7
2025-10-08T18:00:00Z,119.93000000000002,2194.6
2025-10-08T18:30:00Z,114.39,2145.05
2025-10-08T19:00:00Z,100.92,1754.55
2025-10-08T19:30:00Z,91.68,2074.25
2025-10-08T20:00:00Z,95.69,2276.8
2025-10-08T20:30:00Z,86.01,2048.1
2025-10-08T21:00:00Z,83.48,2146.55
2025-10-08T21:30:00Z,86.21,2281.35
2025-10-08T22:00:00Z,86.56,1486.15
2025-10-08T22:30:00Z,89.35000000000001,1520.95
2025-10-08T23:00:00Z,88.29,1307.95
2025-10-08T23:30:00Z,88.54,1235.65
2025-10-09T00:00:00Z,87.25,1471.3
2025-10-09T00:30:00Z,84.35,1573.1
2025-10-09T01:00:00Z,87.96,1789.5
2025-10-09T01:30:00Z,85.84,1401.95
2025-10-09T02:00:00Z,87.06,1364.4
2025-10-09T02:30:00Z,85.68,1592.2
2025-10-09T03:00:00Z,83.94,2112.1
2025-10-09T03:30:00Z,84.2,2000.2
2025-10-09T04:00:00Z,87.7,2020.7
2025-10-09T04:30:00Z,89.02,2152.65
2025-10-09T05:00:00Z,93.1,2013.9
2025-10-09T05:30:00Z,106.52,1940.35
2025-10-09T06:00:00Z,119.53999999999999,2292.0
2025-10-09T06:30:00Z,123.49,2483.95
2025-10-09T07:00:00Z,120.5,2443.45
2025-10-09T07:30:00Z,116.59,2199.8
2025-10-09T08:00:00Z,103.36000000000001,2641.3
2025-10-09T08:30:00Z,99.54,2507.0
2025-10-09T09:00:00Z,86.08,3385.3
2025-10-09T09:30:00Z,90.98,4043.15
2025-10-09T10:00:00Z,80.18,3690.3
2025-10-09T10:30:00Z,78.71,3137.4
2025-10-09T11:00:00Z,80.13,3526.0
2025-10-09T11:30:00Z,78.64,3730.55
2025-10-09T12:00:00Z,78.03,3289.9
2025-10-09T12:30:00Z,77.2,3765.8
2025-10-09T13:00:00Z,70.42,4241.2
2025-10-09T13:30:00Z,77.81,4172.4
2025-10-09T14:00:00Z,84.52,3071.55
2025-10-09T14:30:00Z,84.4,3629.55
2025-10-09T15:00:00Z,95.65999999999998,2921.15
2025-10-09T15:30:00Z,92.71,3121.65
2025-10-09T16:00:00Z,115.91,3448.75
2025-10-09T16:30:00Z,125.35,3319.7
2025-10-09T17:00:00Z,122.85,4008.05
2025-10-09T17:30:00Z,124.47,4026.35
2025-10-09T18:00:00Z,115.38,2462.35
2025-10-09T18:30:00Z,113.16000000000001,2543.3
2025-10-09T19:00:00Z,102.91,2689.2
2025-10-09T19:30:00Z,92.72,2306.95
2025-10-09T20:00:00Z,85.18,2261.85
2025-10-09T20:30:00Z,87.53,2480.5
2025-10-09T21:00:00Z,87.2,2316.15
2025-10-09T21:30:00Z,82.46,2093.45
2025-10-09T22:00:00Z,82.09,1481.7
2025-10-09T22:30:00Z,80.48,1318.4
2025-10-09T23:00:00Z,78.9,1262.35
2025-10-09T23:30:00Z,77.23,1480.0
2025-10-10T00:00:00Z,76.02,1453.75
2025-10-10T00:30:00Z,79.29,1645.1
2025-10-10T01:00:00Z,81.36,1623.5
2025-10-10T01:30:00Z,82.55,1744.55
2025-10-10T02:00:00Z,83.28,1561.6
2025-10-10T02:30:00Z,78.95000000000002,1763.05
2025-10-10T03:00:00Z,78.72,1903.3
2025-10-10T03:30:00Z,81.27,2076.1
2025-10-10T04:00:00Z,84.97,2244.25
2025-10-10T04:30:00Z,81.74,2122.05
2025-10-10T05:00:00Z,87.46,2187.85
2025-10-10T05:30:00Z,97.2,2613.15
2025-10-10T06:00:00Z,102.36,2811.5
2025-10-10T06:30:00Z,104.76000000000002,2903.45
2025-10-10T07:00:00Z,96.13000000000001,2766.0
2025-10-10T07:30:00Z,95.28,2849.9
2025-10-10T08:00:00Z,92.16999999999999,3205.75
2025-10-10T08:30:00Z,87.96999999999998,3052.1
2025-10-10T09:00:00Z,86.84,3187.75
2025-10-10T09:30:00Z,86.7,3169.95
2025-10-10T10:00:00Z,83.53,2849.6
2025-10-10T10:30:00Z,81.64,3148.1
2025-10-10T11:00:00Z,82.48,2779.35
2025-10-10T11:30:00Z,83.08,3079.75
2025-10-10T12:00:00Z,82.11,2401.75
2025-10-10T12:30:00Z,82.47,2501.5
2025-10-10T13:00:00Z,83.3,2475.2
2025-10-10T13:30:00Z,83.11,2808.7
2025-10-10T14:00:00Z,85.29,2767.9
2025-10-10T14:30:00Z,86.60000000000001,3051.95
2025-10-10T15:00:00Z,84.95,2218.7
2025-10-10T15:30:00Z,82.02,2444.1
2025-10-10T16:00:00Z,95.55,3367.15
2025-10-10T16:30:00Z,101.57,3611.9
2025-10-10T17:00:00Z,96.22,3799.7
2025-10-10T17:30:00Z,101.04,4094.3
2025-10-10T18:00:00Z,104.37000000000002,3453.95
2025-10-10T18:30:00Z,101.97,3358.95
2025-10-10T19:00:00Z,100.81,3284.75
2025-10-10T19:30:00Z,95.57999999999998,2767.35
2025-10-10T20:00:00Z,89.69,2282.75
2025-10-10T20:30:00Z,83.23,2219.6
2025-10-10T21:00:00Z,78.49,2447.95
2025-10-10T21:30:00Z,79.16,2076.6
2025-10-10T22:00:00Z,83.36,1190.65
2025-10-10T22:30:00Z,87.6,1442.75
2025-10-10T23:00:00Z,85.16,1508.8
2025-10-10T23:30:00Z,83.01,1668.5
2025-10-11T00:00:00Z,79.01,1661.45
2025-10-11T00:30:00Z,78.93,1620.65
2025-10-11T01:00:00Z,76.46,1363.7
2025-10-11T01:30:00Z,74.62,1347.05
2025-10-11T02:00:00Z,71.67,1217.8
2025-10-11T02:30:00Z,71.09,1226.15
2025-10-11T03:00:00Z,70.19,1069.05
2025-10-11T03:30:00Z,70.0,1088.25
2025-10-11T04:00:00Z,73.27,942.1
2025-10-11T04:30:00Z,72.79,993.2
2025-10-11T05:00:00Z,73.69,1374.6
2025-10-11T05:30:00Z,77.11,1358.5
2025-10-11T06:00:00Z,78.79,1399.0
2025-10-11T06:30:00Z,85.07,1367.85
2025-10-11T07:00:00Z,88.09999999999998,1551.95
2025-10-11T07:30:00Z,89.49,1681.15
2025-10-11T08:00:00Z,85.09,1451.15
2025-10-11T08:30:00Z,87.61,1568.15
2025-10-11T09:00:00Z,88.58,1403.9
2025-10-11T09:30:00Z,90.63,1580.25
2025-10-11T10:00:00Z,93.37,1674.6
2025-10-11T10:30:00Z,95.09,1608.0
2025-10-11T11:00:00Z,93.47,2059.45
2025-10-11T11:30:00Z,93.07,2059.5
2025-10-11T12:00:00Z,92.08,2072.5
2025-10-11T12:30:00Z,87.6,1945.55
2025-10-11T13:00:00Z,87.11,2435.7
2025-10-11T13:30:00Z,84.57,2194.05
2025-10-11T14:00:00Z,92.69,2674.6
2025-10-11T14:30:00Z,91.5,2830.4
2025-10-11T15:00:00Z,105.7,2324.35
2025-10-11T15:30:00Z,110.92,2343.05
2025-10-11T16:00:00Z,109.21000000000001,2967.0
2025-10-11T16:30:00Z,117.83000000000001,2941.65
2025-10-11T17:00:00Z,120.21,2818.95
2025-10-11T17:30:00Z,124.63,2939.1
2025-10-11T18:00:00Z,126.35,2469.6
2025-10-11T18:30:00Z,124.58,2881.55
2025-10-11T19:00:00Z,118.63,2409.65
2025-10-11T19:30:00Z,104.17,2388.3
2025-10-11T20:00:00Z,90.36,2022.0
2025-10-11T20:30:00Z,87.53999999999999,1772.3
2025-10-11T21:00:00Z,87.4,1606.7
2025-10-11T21:30:00Z,86.91,1516.05
2025-10-11T22:00:00Z,81.85,1234.35
2025-10-11T22:30:00Z,87.85,1091.35
2025-10-11T23:00:00Z,89.76,1158.55
2025-10-11T23:30:00Z,87.0,1256.0
2025-10-12T00:00:00Z,91.13,1544.3
2025-10-12T00:30:00Z,92.92,1446.5
2025-10-12T01:00:00Z,92.33,1503.05
2025-10-12T01:30:00Z,90.39999999999999,1607.9
2025-10-12T02:00:00Z,87.48,1501.65
2025-10-12T02:30:00Z,85.43,1587.05
2025-10-12T03:00:00Z,84.79000000000002,1553.65
2025-10-12T03:30:00Z,82.47,1669.75
2025-10-12T04:00:00Z,78.89,1474.35
2025-10-12T04:30:00Z,77.39,1720.5
2025-10-12T05:00:00Z,81.94,1796.25
2025-10-12T05:30:00Z,80.62,1682.6
2025-10-12T06:00:00Z,84.27,2071.5
2025-10-12T06:30:00Z,88.41,1471.25
2025-10-12T07:00:00Z,90.01,1667.4
2025-10-12T07:30:00Z,92.06,1870.75
2025-10-12T08:00:00Z,96.96,2304.4
2025-10-12T08:30:00Z,103.71,2435.55
2025-10-12T09:00:00Z,102.11,2200.6
2025-10-12T09:30:00Z,102.42,2481.0
2025-10-12T10:00:00Z,107.5,2196.25
2025-10-12T10:30:00Z,109.16999999999999,2571.3
2025-10-12T11:00:00Z,110.27,2577.15
2025-10-12T11:30:00Z,110.44,3086.5
2025-10-12T12:00:00Z,107.99,3733.45
2025-10-12T12:30:00Z,100.95,3479.95
2025-10-12T13:00:00Z,96.94999999999999,3402.1
2025-10-12T13:30:00Z,93.36,3169.5
2025-10-12T14:00:00Z,105.98,3571.2
2025-10-12T14:30:00Z,94.29,3780.8
2025-10-12T15:00:00Z,96.36,3328.0
2025-10-12T15:30:00Z,109.93999999999998,2724.2
2025-10-12T16:00:00Z,108.77,2915.6
2025-10-12T16:30:00Z,115.99000000000001,2730.5
2025-10-12T17:00:00Z,118.55,2602.25
2025-10-12T17:30:00Z,119.33,2461.5
2025-10-12T18:00:00Z,121.11,1769.9
2025-10-12T18:30:00Z,110.46,1837.05
2025-10-12T19:00:00Z,116.42,2175.55
2025-10-12T19:30:00Z,103.44,1916.75
2025-10-12T20:00:00Z,99.89,2111.2
2025-10-12T20:30:00Z,92.76,1659.45
2025-10-12T21:00:00Z,92.9,1853.85
2025-10-12T21:30:00Z,87.31,2089.25
2025-10-12T22:00:00Z,78.84,1189.95
2025-10-12T22:30:00Z,76.32,1064.95
2025-10-12T23:00:00Z,81.77,1204.6
2025-10-12T23:30:00Z,79.51,1168.5
2025-10-13T00:00:00Z,77.64,1490.3
2025-10-13T00:30:00Z,77.84,1449.15
2025-10-13T01:00:00Z,79.92,1764.85
2025-10-13T01:30:00Z,78.2,1793.5
2025-10-13T02:00:00Z,83.05,1811.35
2025-10-13T02:30:00Z,79.57,1790.25
2025-10-13T03:00:00Z,78.71,1764.25
2025-10-13T03:30:00Z,81.82,2335.8
2025-10-13T04:00:00Z,81.99,1798.0
2025-10-13T04:30:00Z,80.39,2108.3
2025-10-13T05:00:00Z,82.39,1885.75
2025-10-13T05:30:00Z,89.72,2087.9
2025-10-13T06:00:00Z,110.93,2254.6
2025-10-13T06:30:00Z,115.52000000000001,2563.55
2025-10-13T07:00:00Z,110.86,2167.55
2025-10-13T07:30:00Z,118.42,2708.9
2025-10-13T08:00:00Z,107.03999999999999,2663.7
2025-10-13T08:30:00Z,109.12000000000002,2788.7
2025-10-13T09:00:00Z,106.17,2457.15
2025-10-13T09:30:00Z,104.37,2666.25
2025-10-13T10:00:00Z,101.28,3192.9
2025-10-13T10:30:00Z,109.83,3506.75
2025-10-13T11:00:00Z,105.67,4015.15
2025-10-13T11:30:00Z,123.13,4502.0
2025-10-13T12:00:00Z,122.81,4260.5
2025-10-13T12:30:00Z,123.48000000000002,5107.3
2025-10-13T13:00:00Z,122.48,5143.55
2025-10-13T13:30:00Z,120.67000000000002,5357.0
2025-10-13T14:00:00Z,163.68,4452.0
2025-10-13T14:30:00Z,174.87,4777.05
2025-10-13T15:00:00Z,205.98,3727.85
2025-10-13T15:30:00Z,223.0,3727.85
2025-10-13T16:00:00Z,287.57,3269.3
2025-10-13T16:30:00Z,286.42,3753.05
2025-10-13T17:00:00Z,271.76,3927.5
2025-10-13T17:30:00Z,273.05,3976.8
2025-10-13T18:00:00Z,203.82,4303.0
2025-10-13T18:30:00Z,173.79,4445.0
2025-10-13T19:00:00Z,137.92,3956.75
2025-10-13T19:30:00Z,127.82,4512.75
2025-10-13T20:00:00Z,109.12,3915.9
2025-10-13T20:30:00Z,102.04,3465.8
2025-10-13T21:00:00Z,100.28,3762.15
2025-10-13T21:30:00Z,97.86,3992.2
2025-10-13T22:00:00Z,90.83,1857.9
2025-10-13T22:30:00Z,93.53000000000002,1813.2
2025-10-13T23:00:00Z,87.69,1624.8
2025-10-13T23:30:00Z,84.83,1324.55
2025-10-14T00:00:00Z,82.86,1333.55
2025-10-14T00:30:00Z,85.85999999999999,1643.3
2025-10-14T01:00:00Z,79.03,1769.4
2025-10-14T01:30:00Z,81.09,2026.45
2025-10-14T02:00:00Z,79.91999999999999,1764.7
2025-10-14T02:30:00Z,75.28,1632.1
2025-10-14T03:00:00Z,76.73,1883.85
2025-10-14T03:30:00Z,76.68,1989.95
2025-10-14T04:00:00Z,76.61,1655.35
2025-10-14T04:30:00Z,76.74,1867.8
2025-10-14T05:00:00Z,75.67,1566.05
2025-10-14T05:30:00Z,83.13,1788.3
2025-10-14T06:00:00Z,102.6,2439.65
2025-10-14T06:30:00Z,108.19999999999999,2555.25
2025-10-14T07:00:00Z,110.3,2402.0
2025-10-14T07:30:00Z,110.58,2404.35
2025-10-14T08:00:00Z,100.39,2536.25
2025-10-14T08:30:00Z,100.0,2355.65
2025-10-14T09:00:00Z,98.41,2504.9
2025-10-14T09:30:00Z,97.4,2513.55
2025-10-14T10:00:00Z,88.61,2473.25
2025-10-14T10:30:00Z,87.49,2632.25
2025-10-14T11:00:00Z,88.65,3613.7
2025-10-14T11:30:00Z,88.1,4260.7
2025-10-14T12:00:00Z,84.5,4399.9
2025-10-14T12:30:00Z,83.51,5162.55
2025-10-14T13:00:00Z,91.4,4756.6
2025-10-14T13:30:00Z,93.34,4461.35
2025-10-14T14:00:00Z,119.9,3550.4
2025-10-14T14:30:00Z,116.33,3995.95
2025-10-14T15:00:00Z,125.61,3757.45
2025-10-14T15:30:00Z,139.02,3308.9
2025-10-14T16:00:00Z,166.26,3997.1
2025-10-14T16:30:00Z,166.72,4317.3
2025-10-14T17:00:00Z,159.34,4340.75
2025-10-14T17:30:00Z,159.45,4730.1
2025-10-14T18:00:00Z,130.25,4550.9
2025-10-14T18:30:00Z,111.18,4511.45
2025-10-14T19:00:00Z,114.63,4145.45
2025-10-14T19:30:00Z,108.92,3519.2
2025-10-14T20:00:00Z,98.71,3186.8
2025-10-14T20:30:00Z,93.1,2553.75
2025-10-14T21:00:00Z,90.05,2212.15
2025-10-14T21:30:00Z,88.4,2217.15
2025-10-14T22:00:00Z,79.6,468.2
2025-10-14T22:30:00Z,79.01,317.4
2025-10-14T23:00:00Z,79.37,221.15
2025-10-14T23:30:00Z,74.29,437.9
2025-10-15T00:00:00Z,72.46,474.65
2025-10-15T00:30:00Z,76.57,1024.85
2025-10-15T01:00:00Z,75.14,990.3
2025-10-15T01:30:00Z,73.81,986.75
2025-10-15T02:00:00Z,72.99,1449.9
2025-10-15T02:30:00Z,73.29,1521.8
2025-10-15T03:00:00Z,71.79,1372.8
2025-10-15T03:30:00Z,71.2,1556.05
2025-10-15T04:00:00Z,72.9,1393.3
2025-10-15T04:30:00Z,72.48,1482.95
2025-10-15T05:00:00Z,72.93,1940.35
2025-10-15T05:30:00Z,80.86,2378.85
2025-10-15T06:00:00Z,110.52000000000001,2672.2
2025-10-15T06:30:00Z,116.01999999999998,2833.2
2025-10-15T07:00:00Z,110.64,2606.45
2025-10-15T07:30:00Z,108.17,2708.35
2025-10-15T08:00:00Z,97.91,2144.05
2025-10-15T08:30:00Z,97.11,2568.35
2025-10-15T09:00:00Z,96.23,2276.9
2025-10-15T09:30:00Z,94.42,2490.0
2025-10-15T10:00:00Z,87.07,2494.85
2025-10-15T10:30:00Z,92.93,2716.35
2025-10-15T11:00:00Z,90.65,2901.3
2025-10-15T11:30:00Z,102.69,3553.65
2025-10-15T12:00:00Z,99.68,3581.5
2025-10-15T12:30:00Z,99.32,3642.9
2025-10-15T13:00:00Z,97.42,3488.4
2025-10-15T13:30:00Z,96.19,3037.75
2025-10-15T14:00:00Z,106.54,3305.4
2025-10-15T14:30:00Z,112.11,3233.8
2025-10-15T15:00:00Z,115.31,3680.15
2025-10-15T15:30:00Z,139.0,4283.5
2025-10-15T16:00:00Z,138.17,3919.9
2025-10-15T16:30:00Z,137.94,4346.7
2025-10-15T17:00:00Z,137.35,4511.5
2025-10-15T17:30:00Z,140.84,4085.6
2025-10-15T18:00:00Z,114.62,2694.75
2025-10-15T18:30:00Z,106.66,2466.45
2025-10-15T19:00:00Z,109.29,2166.85
2025-10-15T19:30:00Z,96.94,1810.2
2025-10-15T20:00:00Z,90.76,2355.4
2025-10-15T20:30:00Z,84.3,2211.45
2025-10-15T21:00:00Z,85.42,2209.65
2025-10-15T21:30:00Z,83.84,2166.35
2025-10-15T22:00:00Z,78.68,1047.75
2025-10-15T22:30:00Z,80.72,1625.2
2025-10-15T23:00:00Z,79.07,1693.25
2025-10-15T23:30:00Z,78.61,1873.75
2025-10-16T00:00:00Z,76.43,1427.5
2025-10-16T00:30:00Z,74.55,1325.3
2025-10-16T01:00:00Z,73.88,1511.3
2025-10-16T01:30:00Z,75.04,1877.1
2025-10-16T02:00:00Z,71.75,1396.65
2025-10-16T02:30:00Z,72.66,1642.7
2025-10-16T03:00:00Z,71.58,1359.95
2025-10-16T03:30:00Z,71.1,1256.4
2025-10-16T04:00:00Z,74.86,1894.45
2025-10-16T04:30:00Z,72.94,1890.0
2025-10-16T05:00:00Z,80.94,2035.0
2025-10-16T05:30:00Z,91.29,2261.4
2025-10-16T06:00:00Z,96.08,2571.1
2025-10-16T06:30:00Z,101.17,2865.0
2025-10-16T07:00:00Z,96.48,2447.2
2025-10-16T07:30:00Z,98.38,2884.7
2025-10-16T08:00:00Z,91.79,2412.5
2025-10-16T08:30:00Z,90.05999999999999,2912.15
2025-10-16T09:00:00Z,83.75,2721.85
2025-10-16T09:30:00Z,83.71,2871.95
2025-10-16T10:00:00Z,76.74,2464.0
2025-10-16T10:30:00Z,75.91,2237.05
2025-10-16T11:00:00Z,76.82,2866.5
2025-10-16T11:30:00Z,74.4,2739.3
2025-10-16T12:00:00Z,76.12,2710.5
2025-10-16T12:30:00Z,77.02,2449.95
2025-10-16T13:00:00Z,75.97,2715.8
2025-10-16T13:30:00Z,75.61,2684.05
2025-10-16T14:00:00Z,80.02,2581.0
2025-10-16T14:30:00Z,80.83,2422.9
2025-10-16T15:00:00Z,85.13000000000001,3165.05
2025-10-16T15:30:00Z,90.16,3066.4
2025-10-16T16:00:00Z,109.26,3940.9
2025-10-16T16:30:00Z,114.09,3554.8
2025-10-16T17:00:00Z,123.4,4154.2
2025-10-16T17:30:00Z,128.96,4133.4
2025-10-16T18:00:00Z,117.79,3214.75
2025-10-16T18:30:00Z,110.25,3139.0
2025-10-16T19:00:00Z,101.58,3209.45
2025-10-16T19:30:00Z,92.36,3008.35
2025-10-16T20:00:00Z,88.99,2782.45
2025-10-16T20:30:00Z,89.2,2562.0
2025-10-16T21:00:00Z,86.55,2046.15
2025-10-16T21:30:00Z,85.58,2180.15
2025-10-16T22:00:00Z,87.23,1236.15
2025-10-16T22:30:00Z,80.85,1202.55
2025-10-16T23:00:00Z,81.06,1041.5
2025-10-16T23:30:00Z,81.36,1177.75
2025-10-17T00:00:00Z,78.61,964.85
2025-10-17T00:30:00Z,80.87,1327.5
2025-10-17T01:00:00Z,77.36,1421.35
2025-10-17T01:30:00Z,76.94,1769.5
2025-10-17T02:00:00Z,75.11,1203.65
2025-10-17T02:30:00Z,74.48,1327.0
2025-10-17T03:00:00Z,75.54,1163.7
2025-10-17T03:30:00Z,74.1,1251.65
2025-10-17T04:00:00Z,78.88,2137.75
2025-10-17T04:30:00Z,79.0,2200.45
2025-10-17T05:00:00Z,95.07,2520.5
2025-10-17T05:30:00Z,100.08,2451.05
2025-10-17T06:00:00Z,113.52,2456.4
2025-10-17T06:30:00Z,117.34,3145.1
2025-10-17T07:00:00Z,95.23,2620.55
2025-10-17T07:30:00Z,102.46,3486.55
2025-10-17T08:00:00Z,102.93,2376.5
2025-10-17T08:30:00Z,98.82,2289.55
2025-10-17T09:00:00Z,95.17,2628.05
2025-10-17T09:30:00Z,92.82,2391.6
2025-10-17T10:00:00Z,80.65,1836.1
2025-10-17T10:30:00Z,85.07,2644.55
2025-10-17T11:00:00Z,81.69,2434.15
2025-10-17T11:30:00Z,82.54,2192.35
2025-10-17T12:00:00Z,80.02999999999999,1795.95
2025-10-17T12:30:00Z,78.38,1528.0
2025-10-17T13:00:00Z,75.37,2150.35
2025-10-17T13:30:00Z,74.25,2272.8
2025-10-17T14:00:00Z,78.25,2364.15
2025-10-17T14:30:00Z,78.38,2584.6
2025-10-17T15:00:00Z,89.87,1891.75
2025-10-17T15:30:00Z,100.59,2012.5
2025-10-17T16:00:00Z,105.71,2486.95
2025-10-17T16:30:00Z,107.15,2247.7
2025-10-17T17:00:00Z,117.31,2816.5
2025-10-17T17:30:00Z,120.69,2681.9
2025-10-17T18:00:00Z,112.21,2624.25
2025-10-17T18:30:00Z,107.27,2270.5
2025-10-17T19:00:00Z,101.54,2456.85
2025-10-17T19:30:00Z,91.9,2313.05
2025-10-17T20:00:00Z,89.51,2473.1
2025-10-17T20:30:00Z,83.76,2346.1
2025-10-17T21:00:00Z,86.79,2007.6
2025-10-17T21:30:00Z,80.79,2450.35
2025-10-17T22:00:00Z,79.36,1682.35
2025-10-17T22:30:00Z,84.51,1418.8
2025-10-17T23:00:00Z,84.24,1399.25
2025-10-17T23:30:00Z,79.53,1268.4
2025-10-18T00:00:00Z,84.91,1460.05
2025-10-18T00:30:00Z,85.96,1225.25
2025-10-18T01:00:00Z,83.38,1704.75
2025-10-18T01:30:00Z,78.59,1517.95
2025-10-18T02:00:00Z,78.74,1126.5
2025-10-18T02:30:00Z,75.82,1121.25
2025-10-18T03:00:00Z,75.72,933.9
2025-10-18T03:30:00Z,73.86,917.45
2025-10-18T04:00:00Z,74.67,947.25
2025-10-18T04:30:00Z,73.56,925.55
2025-10-18T05:00:00Z,80.08,1000.05
2025-10-18T05:30:00Z,86.41,1128.95
2025-10-18T06:00:00Z,84.15,1087.7
2025-10-18T06:30:00Z,92.84,1492.15
2025-10-18T07:00:00Z,86.22,1300.35
2025-10-18T07:30:00Z,88.98,1654.0
2025-10-18T08:00:00Z,87.32,1162.95
2025-10-18T08:30:00Z,92.42,1331.5
2025-10-18T09:00:00Z,95.94,1314.15
2025-10-18T09:30:00Z,93.07,1407.7
2025-10-18T10:00:00Z,86.43,1664.35
2025-10-18T10:30:00Z,82.47,1568.35
2025-10-18T11:00:00Z,83.6,1574.05
2025-10-18T11:30:00Z,85.73999999999998,1627.35
2025-10-18T12:00:00Z,87.31,1778.0
2025-10-18T12:30:00Z,86.29,2053.25
2025-10-18T13:00:00Z,83.32,2633.1
2025-10-18T13:30:00Z,82.82,3027.6
2025-10-18T14:00:00Z,85.11,2411.9
2025-10-18T14:30:00Z,81.38,2458.8
2025-10-18T15:00:00Z,93.18,2113.95
2025-10-18T15:30:00Z,99.43,1815.85
2025-10-18T16:00:00Z,105.06,2286.75
2025-10-18T16:30:00Z,105.56,2270.9
2025-10-18T17:00:00Z,109.86,2128.35
2025-10-18T17:30:00Z,108.17,2187.5
2025-10-18T18:00:00Z,90.31,2467.75
2025-10-18T18:30:00Z,76.93,2199.55
2025-10-18T19:00:00Z,72.02,1960.95
2025-10-18T19:30:00Z,70.41,2159.25
2025-10-18T20:00:00Z,75.71,1847.1
2025-10-18T20:30:00Z,79.59,1798.8
2025-10-18T21:00:00Z,80.86,1867.6
2025-10-18T21:30:00Z,78.19,2141.6
2025-10-18T22:00:00Z,81.21999999999998,1751.15
2025-10-18T22:30:00Z,71.98,1492.15
2025-10-18T23:00:00Z,69.3,1487.8
2025-10-18T23:30:00Z,68.91,1545.2
2025-10-19T00:00:00Z,63.12,1565.15
2025-10-19T00:30:00Z,61.16,1909.0
2025-10-19T01:00:00Z,61.06,1975.7
2025-10-19T01:30:00Z,60.38,1657.2
2025-10-19T02:00:00Z,57.45,1353.15
2025-10-19T02:30:00Z,56.17,1575.8
2025-10-19T03:00:00Z,60.51,1567.35
2025-10-19T03:30:00Z,59.63999999999999,1491.7
2025-10-19T04:00:00Z,61.22,1659.35
2025-10-19T04:30:00Z,66.08,1722.0
2025-10-19T05:00:00Z,66.64,1589.2
2025-10-19T05:30:00Z,70.68,1796.35
2025-10-19T06:00:00Z,71.58,1812.2
2025-10-19T06:30:00Z,76.11,2035.95
2025-10-19T07:00:00Z,66.52,2167.3
2025-10-19T07:30:00Z,70.97,2327.6
2025-10-19T08:00:00Z,60.71999999999999,2517.55
2025-10-19T08:30:00Z,59.15999999999999,2608.35
2025-10-19T09:00:00Z,47.190000000000005,2833.9
2025-10-19T09:30:00Z,46.95,3057.25
2025-10-19T10:00:00Z,52.41,2276.4
2025-10-19T10:30:00Z,55.29,2190.55
2025-10-19T11:00:00Z,55.09,2116.35
2025-10-19T11:30:00Z,56.63,2088.55
2025-10-19T12:00:00Z,57.9,1956.65
2025-10-19T12:30:00Z,59.91,1951.8
2025-10-19T13:00:00Z,59.650000000000006,2871.6
2025-10-19T13:30:00Z,55.85,2847.35
2025-10-19T14:00:00Z,74.01,2232.55
2025-10-19T14:30:00Z,81.03,2028.75
2025-10-19T15:00:00Z,90.41,1852.8
2025-10-19T15:30:00Z,92.62,2598.25
2025-10-19T16:00:00Z,93.35,2330.45
2025-10-19T16:30:00Z,94.53,2483.05
2025-10-19T17:00:00Z,90.34,2625.35
2025-10-19T17:30:00Z,92.0,2535.95
2025-10-19T18:00:00Z,80.65,2409.7
2025-10-19T18:30:00Z,75.93,2028.45
2025-10-19T19:00:00Z,79.16,2183.25
2025-10-19T19:30:00Z,69.18,2155.75
2025-10-19T20:00:00Z,60.59,2315.2
2025-10-19T20:30:00Z,51.48,2399.8
2025-10-19T21:00:00Z,52.38,2897.05
2025-10-19T21:30:00Z,48.43,2676.45
2025-10-19T22:00:00Z,42.16,1806.25
2025-10-19T22:30:00Z,44.63,2354.5
2025-10-19T23:00:00Z,46.81,1790.4
2025-10-19T23:30:00Z,48.1,1666.05
2025-10-20T00:00:00Z,46.74,1812.45
2025-10-20T00:30:00Z,50.13,1522.95
2025-10-20T01:00:00Z,54.07,2054.7
2025-10-20T01:30:00Z,60.72,1931.75
2025-10-20T02:00:00Z,68.02,2023.65
2025-10-20T02:30:00Z,65.75,1921.95
2025-10-20T03:00:00Z,68.29,1900.35
2025-10-20T03:30:00Z,68.06,1961.2
2025-10-20T04:00:00Z,71.63,1761.15
2025-10-20T04:30:00Z,70.55,1940.95
2025-10-20T05:00:00Z,75.55,1896.8
2025-10-20T05:30:00Z,68.26,2462.7
2025-10-20T06:00:00Z,69.66,2121.55
2025-10-20T06:30:00Z,74.13,2649.5
2025-10-20T07:00:00Z,75.87,1889.65
2025-10-20T07:30:00Z,80.71,2158.75
2025-10-20T08:00:00Z,83.55,2517.55
2025-10-20T08:30:00Z,90.11,2745.05
2025-10-20T09:00:00Z,82.93,2684.45
2025-10-20T09:30:00Z,83.33,2324.85
2025-10-20T10:00:00Z,76.67,2487.5
2025-10-20T10:30:00Z,76.75,2543.6
2025-10-20T11:00:00Z,68.82,3162.5
2025-10-20T11:30:00Z,72.86,3292.9
2025-10-20T12:00:00Z,70.67,2832.65
2025-10-20T12:30:00Z,68.02,2769.25
2025-10-20T13:00:00Z,72.2,2964.7
2025-10-20T13:30:00Z,72.87,2664.0
2025-10-20T14:00:00Z,74.15,1875.85
2025-10-20T14:30:00Z,78.85,1797.7
2025-10-20T15:00:00Z,81.07,2337.2
2025-10-20T15:30:00Z,92.97,2784.8
2025-10-20T16:00:00Z,97.65,2740.3
2025-10-20T16:30:00Z,99.02,3037.4
2025-10-20T17:00:00Z,98.9,2664.3
2025-10-20T17:30:00Z,101.75,2733.65
2025-10-20T18:00:00Z,102.16,2248.4
2025-10-20T18:30:00Z,100.63,1919.2
2025-10-20T19:00:00Z,98.49,1818.5
2025-10-20T19:30:00Z,95.11,1277.45
2025-10-20T20:00:00Z,90.95,1188.65
2025-10-20T20:30:00Z,89.17,1110.05
2025-10-20T21:00:00Z,88.08,1156.8
2025-10-20T21:30:00Z,85.04,1387.65
2025-10-20T22:00:00Z,98.73999999999998,457.1
2025-10-20T22:30:00Z,94.89,654.65
2025-10-20T23:00:00Z,93.34,1248.3
2025-10-20T23:30:00Z,86.61,989.3
2025-10-21T00:00:00Z,84.82,1040.4
2025-10-21T00:30:00Z,81.89,980.4
2025-10-21T01:00:00Z,78.11,1400.0
2025-10-21T01:30:00Z,74.41,1200.3
2025-10-21T02:00:00Z,69.71,1552.85
2025-10-21T02:30:00Z,66.96,1214.65
2025-10-21T03:00:00Z,61.66,1480.1
2025-10-21T03:30:00Z,59.190000000000005,1538.8
2025-10-21T04:00:00Z,62.38,1583.85
2025-10-21T04:30:00Z,66.57,1934.7
2025-10-21T05:00:00Z,64.42,1630.6
2025-10-21T05:30:00Z,64.72,2371.0
2025-10-21T06:00:00Z,80.28,2643.45
2025-10-21T06:30:00Z,91.89,2357.05
2025-10-21T07:00:00Z,99.18,2757.4
2025-10-21T07:30:00Z,99.44999999999999,2790.85
2025-10-21T08:00:00Z,88.49,3065.15
2025-10-21T08:30:00Z,83.65,2768.5
2025-10-21T09:00:00Z,84.44,3249.05
2025-10-21T09:30:00Z,84.34,2686.65
2025-10-21T10:00:00Z,80.3,2709.2
2025-10-21T10:30:00Z,81.45,2462.55
2025-10-21T11:00:00Z,86.12,2365.5
2025-10-21T11:30:00Z,85.38,2538.85
2025-10-21T12:00:00Z,82.0,3239.2
2025-10-21T12:30:00Z,78.45,3066.85
2025-10-21T13:00:00Z,79.78,3252.1
2025-10-21T13:30:00Z,81.66,4065.65
2025-10-21T14:00:00Z,84.86,3543.25
2025-10-21T14:30:00Z,86.02,3111.6
2025-10-21T15:00:00Z,82.64,2942.4
2025-10-21T15:30:00Z,87.60000000000001,3301.4
2025-10-21T16:00:00Z,94.54,2861.6
2025-10-21T16:30:00Z,100.81,2900.85
2025-10-21T17:00:00Z,103.08,2748.45
2025-10-21T17:30:00Z,103.3,2887.45
2025-10-21T18:00:00Z,90.86999999999999,2943.05
2025-10-21T18:30:00Z,85.99000000000001,3105.1
2025-10-21T19:00:00Z,75.76,2852.15
2025-10-21T19:30:00Z,72.86,2959.0
2025-10-21T20:00:00Z,75.14,2355.35
2025-10-21T20:30:00Z,67.2,2281.3
2025-10-21T21:00:00Z,68.25,2680.25
2025-10-21T21:30:00Z,64.5,3306.35
2025-10-21T22:00:00Z,55.67,1992.75
2025-10-21T22:30:00Z,51.14,2024.85
2025-10-21T23:00:00Z,53.44,1871.5
2025-10-21T23:30:00Z,55.06,2372.45
2025-10-22T00:00:00Z,56.01,2232.9
2025-10-22T00:30:00Z,59.169999999999995,2423.9
2025-10-22T01:00:00Z,61.9,2074.25
2025-10-22T01:30:00Z,62.23,2175.05
2025-10-22T02:00:00Z,59.1,1860.5
2025-10-22T02:30:00Z,59.28,1974.0
2025-10-22T03:00:00Z,59.71,2004.2
2025-10-22T03:30:00Z,55.93,1980.7
2025-10-22T04:00:00Z,57.63,1764.8
2025-10-22T04:30:00Z,57.36,1364.6
2025-10-22T05:00:00Z,70.88,2498.95
2025-10-22T05:30:00Z,62.25,2028.05
2025-10-22T06:00:00Z,71.66,2861.6
2025-10-22T06:30:00Z,77.9,2448.05
2025-10-22T07:00:00Z,85.29,2614.65
2025-10-22T07:30:00Z,90.01,2503.25
2025-10-22T08:00:00Z,85.33,2544.35
2025-10-22T08:30:00Z,84.97,2274.95
2025-10-22T09:00:00Z,81.67,2233.75
2025-10-22T09:30:00Z,79.72,2392.8
2025-10-22T10:00:00Z,74.18,2890.95
2025-10-22T10:30:00Z,72.75,2892.65
2025-10-22T11:00:00Z,70.81,3071.1
2025-10-22T11:30:00Z,71.26,3547.25
2025-10-22T12:00:00Z,72.18,3021.35
2025-10-22T12:30:00Z,75.89,2929.3
2025-10-22T13:00:00Z,86.67999999999999,3367.0
2025-10-22T13:30:00Z,90.34,4087.0
2025-10-22T14:00:00Z,121.71,3101.7
2025-10-22T14:30:00Z,134.91,4214.0
2025-10-22T15:00:00Z,138.31,4202.45
2025-10-22T15:30:00Z,164.86,5070.7
2025-10-22T16:00:00Z,246.43,5587.6
2025-10-22T16:30:00Z,255.20000000000002,5424.95
2025-10-22T17:00:00Z,252.44,5402.55
2025-10-22T17:30:00Z,249.92999999999998,5406.95
2025-10-22T18:00:00Z,132.99,4802.7
2025-10-22T18:30:00Z,121.14,4992.95
2025-10-22T19:00:00Z,104.79,4408.55
2025-10-22T19:30:00Z,99.69,3954.8
2025-10-22T20:00:00Z,89.0,2906.0
2025-10-22T20:30:00Z,85.3,2714.5
2025-10-22T21:00:00Z,84.02,3131.05
2025-10-22T21:30:00Z,81.01,3734.2
2025-10-22T22:00:00Z,82.7,2360.85
2025-10-22T22:30:00Z,86.26,2917.9
2025-10-22T23:00:00Z,82.85,2071.0
2025-10-22T23:30:00Z,83.55,1955.75
2025-10-23T00:00:00Z,83.18,1715.2
2025-10-23T00:30:00Z,80.15,1778.2
2025-10-23T01:00:00Z,80.76,1813.05
2025-10-23T01:30:00Z,79.75,2010.2
2025-10-23T02:00:00Z,82.3,2048.95
2025-10-23T02:30:00Z,79.46,2099.95
2025-10-23T03:00:00Z,75.98,2047.85
2025-10-23T03:30:00Z,70.11,2074.75
2025-10-23T04:00:00Z,64.52,2334.0
2025-10-23T04:30:00Z,66.27,2405.35
2025-10-23T05:00:00Z,70.75,3106.45
2025-10-23T05:30:00Z,73.61,3213.85
2025-10-23T06:00:00Z,87.82,2742.7
2025-10-23T06:30:00Z,94.00999999999999,3072.3
2025-10-23T07:00:00Z,93.7,2443.15
2025-10-23T07:30:00Z,91.9,2518.75
2025-10-23T08:00:00Z,87.55,2875.3
2025-10-23T08:30:00Z,82.26,2814.4
2025-10-23T09:00:00Z,83.58,3178.6
2025-10-23T09:30:00Z,84.62,3515.15
2025-10-23T10:00:00Z,78.46,3425.35
2025-10-23T10:30:00Z,67.66,3281.4
2025-10-23T11:00:00Z,72.66,3407.25
2025-10-23T11:30:00Z,71.07,3552.15
2025-10-23T12:00:00Z,71.13,3209.35
2025-10-23T12:30:00Z,67.01,3761.45
2025-10-23T13:00:00Z,63.94,3811.1
2025-10-23T13:30:00Z,66.21,4035.95
2025-10-23T14:00:00Z,67.06,3612.55
2025-10-23T14:30:00Z,72.88,3569.65
2025-10-23T15:00:00Z,68.69,2866.7
2025-10-23T15:30:00Z,86.63,3688.0
2025-10-23T16:00:00Z,79.11,4313.35
2025-10-23T16:30:00Z,82.92,4345.1
2025-10-23T17:00:00Z,83.17,4018.35
2025-10-23T17:30:00Z,85.51,4114.75
2025-10-23T18:00:00Z,83.01,4078.55
2025-10-23T18:30:00Z,79.68,3425.3
2025-10-23T19:00:00Z,81.2,3643.45
2025-10-23T19:30:00Z,73.52,3533.15
2025-10-23T20:00:00Z,62.809999999999995,2991.95
2025-10-23T20:30:00Z,33.37,2470.95
2025-10-23T21:00:00Z,29.96,3307.25
2025-10-23T21:30:00Z,23.56,3519.75
2025-10-23T22:00:00Z,4.24,2304.3
2025-10-23T22:30:00Z,-0.4799999999999999,2185.85
2025-10-23T23:00:00Z,0.36,2105.05
2025-10-23T23:30:00Z,-0.12,2028.65
2025-10-24T00:00:00Z,-1.18,1924.4
2025-10-24T00:30:00Z,-1.55,1997.9
2025-10-24T01:00:00Z,-1.75,1952.7
2025-10-24T01:30:00Z,-1.63,1919.25
2025-10-24T02:00:00Z,-0.89,2081.1
2025-10-24T02:30:00Z,-0.43,1826.9
2025-10-24T03:00:00Z,4.91,2199.95
2025-10-24T03:30:00Z,6.79,2297.3
2025-10-24T04:00:00Z,14.27,2654.7
2025-10-24T04:30:00Z,28.599999999999998,2844.5
2025-10-24T05:00:00Z,58.58,3423.35
2025-10-24T05:30:00Z,77.49,3015.35
2025-10-24T06:00:00Z,95.92,2896.45
2025-10-24T06:30:00Z,102.43,3795.85
2025-10-24T07:00:00Z,100.34999999999998,2786.55
2025-10-24T07:30:00Z,98.89999999999999,2877.0
2025-10-24T08:00:00Z,95.08,2607.7
2025-10-24T08:30:00Z,90.95999999999998,2979.25
2025-10-24T09:00:00Z,80.93,2703.85
2025-10-24T09:30:00Z,68.24,2565.4
2025-10-24T10:00:00Z,38.12,2018.55
2025-10-24T10:30:00Z,22.62,2927.45
2025-10-24T11:00:00Z,24.03,2476.45
2025-10-24T11:30:00Z,20.84,2484.1
2025-10-24T12:00:00Z,17.24,2479.9
2025-10-24T12:30:00Z,14.5,2889.25
2025-10-24T13:00:00Z,16.72,2645.9
2025-10-24T13:30:00Z,17.32,3023.2
2025-10-24T14:00:00Z,30.0,2946.1
2025-10-24T14:30:00Z,45.2,3493.65
2025-10-24T15:00:00Z,52.15999999999999,3021.45
2025-10-24T15:30:00Z,59.16,3144.4
2025-10-24T16:00:00Z,72.87,3161.9
2025-10-24T16:30:00Z,74.69,3099.4
2025-10-24T17:00:00Z,82.7,3646.8
2025-10-24T17:30:00Z,86.82,3672.6
2025-10-24T18:00:00Z,77.62,3478.75
2025-10-24T18:30:00Z,57.50999999999999,2434.05
2025-10-24T19:00:00Z,57.3,3081.05
2025-10-24T19:30:00Z,32.19,2604.1
2025-10-24T20:00:00Z,30.01,2892.75
2025-10-24T20:30:00Z,16.76,2704.9
2025-10-24T21:00:00Z,34.04,3340.55
2025-10-24T21:30:00Z,10.62,2924.55
2025-10-24T22:00:00Z,5.68,2313.25
2025-10-24T22:30:00Z,-0.72,2284.8
2025-10-24T23:00:00Z,-0.57,2602.25
2025-10-24T23:30:00Z,0.38,2009.15
2025-10-25T00:00:00Z,6.97,1995.2
2025-10-25T00:30:00Z,7.19,2039.35
2025-10-25T01:00:00Z,4.29,2207.3
2025-10-25T01:30:00Z,3.7899999999999996,2379.95
2025-10-25T02:00:00Z,5.96,2264.35
2025-10-25T02:30:00Z,1.91,2138.35
2025-10-25T03:00:00Z,2.32,2058.5
2025-10-25T03:30:00Z,1.72,2235.45
2025-10-25T04:00:00Z,4.72,1970.0
2025-10-25T04:30:00Z,4.48,1937.15
2025-10-25T05:00:00Z,6.87,1773.5
2025-10-25T05:30:00Z,9.92,2103.3
2025-10-25T06:00:00Z,3.55,2012.15
2025-10-25T06:30:00Z,10.99,1970.25
2025-10-25T07:00:00Z,8.11,2325.7
2025-10-25T07:30:00Z,10.08,2282.75
2025-10-25T08:00:00Z,9.56,1839.7
2025-10-25T08:30:00Z,12.36,1956.95
2025-10-25T09:00:00Z,13.09,2647.7
2025-10-25T09:30:00Z,6.76,1951.45
2025-10-25T10:00:00Z,6.09,2048.05
2025-10-25T10:30:00Z,4.72,2394.2
2025-10-25T11:00:00Z,5.85,2516.85
2025-10-25T11:30:00Z,5.05,2686.75
2025-10-25T12:00:00Z,10.97,2526.2
2025-10-25T12:30:00Z,11.77,2660.85
2025-10-25T13:00:00Z,10.48,2681.35
2025-10-25T13:30:00Z,10.14,2691.2
2025-10-25T14:00:00Z,14.25,2215.3
2025-10-25T14:30:00Z,17.46,2300.35
2025-10-25T15:00:00Z,13.97,2254.55
2025-10-25T15:30:00Z,43.6,2345.0
2025-10-25T16:00:00Z,68.05,2638.75
2025-10-25T16:30:00Z,82.98,2273.3
2025-10-25T17:00:00Z,85.34,2601.55
2025-10-25T17:30:00Z,88.87999999999998,3081.6
2025-10-25T18:00:00Z,86.49,2004.85
2025-10-25T18:30:00Z,79.0,2166.4
2025-10-25T19:00:00Z,73.9,2610.4
2025-10-25T19:30:00Z,48.7,2214.6
2025-10-25T20:00:00Z,52.71,2324.7
2025-10-25T20:30:00Z,40.32,2183.7
2025-10-25T21:00:00Z,52.34,2476.6
2025-10-25T21:30:00Z,26.15,2423.0
2025-10-25T22:00:00Z,31.91,1799.65
2025-10-25T22:30:00Z,25.03,1652.9
2025-10-25T23:00:00Z,24.51,1605.2
2025-10-25T23:30:00Z,21.2,1548.9
2025-10-26T00:00:00Z,25.85,1760.55
2025-10-26T00:30:00Z,35.77,2155.0
2025-10-26T01:00:00Z,19.36,2222.0
2025-10-26T01:30:00Z,15.64,1951.7
2025-10-26T02:00:00Z,8.91,1626.45
2025-10-26T02:30:00Z,5.9,2020.95
2025-10-26T03:00:00Z,1.02,1940.95
2025-10-26T03:30:00Z,0.21,1823.0
2025-10-26T04:00:00Z,2.72,1839.65
2025-10-26T04:30:00Z,4.25,2171.15
2025-10-26T05:00:00Z,5.42,2331.35
2025-10-26T05:30:00Z,9.22,2548.6
2025-10-26T06:00:00Z,8.44,2309.3
2025-10-26T06:30:00Z,19.86,2608.9
2025-10-26T07:00:00Z,20.15,2321.45
2025-10-26T07:30:00Z,23.69,2195.9
2025-10-26T08:00:00Z,23.43,2252.9
2025-10-26T08:30:00Z,35.14,2367.0
2025-10-26T09:00:00Z,37.82,2066.85
2025-10-26T09:30:00Z,41.1,2481.2
2025-10-26T10:00:00Z,31.3,2593.7
2025-10-26T10:30:00Z,31.76,2932.9
2025-10-26T11:00:00Z,28.64,4119.9
2025-10-26T11:30:00Z,26.42,4538.65
2025-10-26T12:00:00Z,28.22,5702.85
2025-10-26T12:30:00Z,38.68,5719.1
2025-10-26T13:00:00Z,52.67,5399.6
2025-10-26T13:30:00Z,54.93,5555.35
2025-10-26T14:00:00Z,54.65,4330.55
2025-10-26T14:30:00Z,54.37,4399.35
2025-10-26T15:00:00Z,63.52,3249.8
2025-10-26T15:30:00Z,61.5,3262.2
2025-10-26T16:00:00Z,53.04,3239.85
2025-10-26T16:30:00Z,54.91,3941.35
2025-10-26T17:00:00Z,69.92,3402.6
2025-10-26T17:30:00Z,70.05,3464.7
2025-10-26T18:00:00Z,65.84,3898.35
2025-10-26T18:30:00Z,59.86999999999999,3417.1
2025-10-26T19:00:00Z,22.610000000000003,3263.45
2025-10-26T19:30:00Z,17.0,2727.3
2025-10-26T20:00:00Z,14.54,2547.45
2025-10-26T20:30:00Z,3.23,2637.8
2025-10-26T21:00:00Z,3.85,2222.8
2025-10-26T21:30:00Z,-4.03,2238.55
2025-10-26T22:00:00Z,-4.65,2819.95
2025-10-26T22:30:00Z,-10.53,2985.4
2025-10-26T23:00:00Z,-4.0,2174.45
2025-10-26T23:30:00Z,-4.68,2145.3
2025-10-27T00:00:00Z,-6.43,1717.6
2025-10-27T00:30:00Z,-4.02,1930.1
2025-10-27T01:00:00Z,-6.4,1638.9
2025-10-27T01:30:00Z,-8.31,1784.8
2025-10-27T02:00:00Z,-8.17,1905.8
2025-10-27T02:30:00Z,-9.0,1717.75
2025-10-27T03:00:00Z,-12.16,2001.35
2025-10-27T03:30:00Z,-14.22,1723.9
2025-10-27T04:00:00Z,-15.55,2305.05
2025-10-27T04:30:00Z,-14.32,2153.45
2025-10-27T05:00:00Z,-4.76,2617.35
2025-10-27T05:30:00Z,16.39,3164.2
2025-10-27T06:00:00Z,25.940000000000005,3241.3
2025-10-27T06:30:00Z,67.79,3359.65
2025-10-27T07:00:00Z,60.19,1991.35
2025-10-27T07:30:00Z,84.31,2121.0
2025-10-27T08:00:00Z,78.36,2035.4
2025-10-27T08:30:00Z,80.88,2373.05
2025-10-27T09:00:00Z,81.21,2745.7
2025-10-27T09:30:00Z,73.8,2980.0
2025-10-27T10:00:00Z,73.16,2841.05
2025-10-27T10:30:00Z,74.87,3095.2
2025-10-27T11:00:00Z,53.28,3384.1
2025-10-27T11:30:00Z,52.95,4118.9
2025-10-27T12:00:00Z,58.78,3298.1
2025-10-27T12:30:00Z,65.82,3496.0
2025-10-27T13:00:00Z,64.89,2993.4
2025-10-27T13:30:00Z,67.28,3389.55
2025-10-27T14:00:00Z,71.85,3631.3
2025-10-27T14:30:00Z,79.33,4499.9
2025-10-27T15:00:00Z,89.04,3610.15
2025-10-27T15:30:00Z,93.73,4143.75
2025-10-27T16:00:00Z,98.83,3056.25
2025-10-27T16:30:00Z,111.96,3345.15
2025-10-27T17:00:00Z,111.69,3968.05
2025-10-27T17:30:00Z,108.41,3283.0
2025-10-27T18:00:00Z,103.79,3714.05
2025-10-27T18:30:00Z,102.85,3633.45
2025-10-27T19:00:00Z,93.43000000000002,3078.85
2025-10-27T19:30:00Z,84.55,2835.25
2025-10-27T20:00:00Z,81.22,2180.75
2025-10-27T20:30:00Z,78.39,2677.4
2025-10-27T21:00:00Z,79.74,2214.9
2025-10-27T21:30:00Z,71.45,1926.05
2025-10-27T22:00:00Z,76.02,2812.95
2025-10-27T22:30:00Z,60.269999999999996,2704.5
2025-10-27T23:00:00Z,37.33,2531.0
2025-10-27T23:30:00Z,20.57,1900.15
2025-10-28T00:00:00Z,21.71,2216.05
2025-10-28T00:30:00Z,10.750000000000002,1827.85
2025-10-28T01:00:00Z,7.99,2072.8
2025-10-28T01:30:00Z,0.49,1970.5
2025-10-28T02:00:00Z,1.48,2075.05
2025-10-28T02:30:00Z,0.87,2505.65
2025-10-28T03:00:00Z,6.85,2596.6
2025-10-28T03:30:00Z,2.21,2584.05
2025-10-28T04:00:00Z,5.53,2506.1
2025-10-28T04:30:00Z,2.96,2487.9
2025-10-28T05:00:00Z,22.68,2608.2
2025-10-28T05:30:00Z,37.78,2951.9
2025-10-28T06:00:00Z,29.52,2992.1
2025-10-28T06:30:00Z,68.71,3378.35
2025-10-28T07:00:00Z,68.38,2747.8
2025-10-28T07:30:00Z,74.05,3361.05
2025-10-28T08:00:00Z,54.839999999999996,2795.3
2025-10-28T08:30:00Z,57.55,3216.95
2025-10-28T09:00:00Z,51.7,3741.6
2025-10-28T09:30:00Z,41.65,3379.85
2025-10-28T10:00:00Z,39.15,3739.8
2025-10-28T10:30:00Z,35.15,3483.05
2025-10-28T11:00:00Z,35.14,4101.9
2025-10-28T11:30:00Z,34.39,3649.2
2025-10-28T12:00:00Z,28.82,4068.2
2025-10-28T12:30:00Z,30.52,3990.25
2025-10-28T13:00:00Z,40.72,3849.1
2025-10-28T13:30:00Z,44.92,4281.55
2025-10-28T14:00:00Z,45.24,4327.2
2025-10-28T14:30:00Z,49.97,4007.75
2025-10-28T15:00:00Z,72.54,3970.0
2025-10-28T15:30:00Z,67.6,4106.05
2025-10-28T16:00:00Z,73.84,3837.2
2025-10-28T16:30:00Z,93.12,4394.05
2025-10-28T17:00:00Z,104.63,3748.35
2025-10-28T17:30:00Z,103.58,3919.2
2025-10-28T18:00:00Z,96.28,4512.1
2025-10-28T18:30:00Z,98.03,3373.9
2025-10-28T19:00:00Z,90.38999999999999,2979.95
2025-10-28T19:30:00Z,81.46,2877.5
2025-10-28T20:00:00Z,83.33,2547.75
2025-10-28T20:30:00Z,87.5,2470.6
2025-10-28T21:00:00Z,76.63,2247.35
2025-10-28T21:30:00Z,58.690000000000005,2289.15
2025-10-28T22:00:00Z,70.01,1985.95
2025-10-28T22:30:00Z,54.58,2029.25
2025-10-28T23:00:00Z,50.56,2011.8
2025-10-28T23:30:00Z,43.81,2017.7
2025-10-29T00:00:00Z,47.59,2362.8
2025-10-29T00:30:00Z,49.68,2831.15
2025-10-29T01:00:00Z,42.61,2713.85
2025-10-29T01:30:00Z,33.06,2777.3
2025-10-29T02:00:00Z,27.419999999999998,2761.95
2025-10-29T02:30:00Z,20.57,2854.95
2025-10-29T03:00:00Z,29.62,3070.2
2025-10-29T03:30:00Z,31.34,2868.35
2025-10-29T04:00:00Z,26.99,2808.9
2025-10-29T04:30:00Z,20.96,2476.3
2025-10-29T05:00:00Z,29.01,2388.2
2025-10-29T05:30:00Z,39.95,2954.55
2025-10-29T06:00:00Z,56.72,3583.55
2025-10-29T06:30:00Z,67.86,3734.8
2025-10-29T07:00:00Z,55.87,3113.0
2025-10-29T07:30:00Z,72.99,3071.3
2025-10-29T08:00:00Z,66.68,3489.55
2025-10-29T08:30:00Z,70.94,3401.15
2025-10-29T09:00:00Z,68.28,3014.2
2025-10-29T09:30:00Z,74.44,3317.8
2025-10-29T10:00:00Z,71.77,3551.75
2025-10-29T10:30:00Z,74.92,3970.75
2025-10-29T11:00:00Z,76.92,3523.2
2025-10-29T11:30:00Z,80.73,3181.35
2025-10-29T12:00:00Z,83.39,3379.5
2025-10-29T12:30:00Z,83.27,3240.05
2025-10-29T13:00:00Z,87.16,3560.45
2025-10-29T13:30:00Z,80.9,4462.65
2025-10-29T14:00:00Z,91.71,4166.1
2025-10-29T14:30:00Z,88.77,5149.7
2025-10-29T15:00:00Z,86.54,4412.85
2025-10-29T15:30:00Z,92.07,4389.0
2025-10-29T16:00:00Z,99.73,4460.75
2025-10-29T16:30:00Z,107.44,4271.45
2025-10-29T17:00:00Z,109.3,4101.0
2025-10-29T17:30:00Z,109.26,4399.95
2025-10-29T18:00:00Z,101.59,4570.5
2025-10-29T18:30:00Z,99.81,4251.9
2025-10-29T19:00:00Z,78.13039092781679,4514.9
2025-10-29T19:30:00Z,82.29,4557.9
2025-10-29T20:00:00Z,81.03,4001.85
2025-10-29T20:30:00Z,78.9,3813.5
2025-10-29T21:00:00Z,79.36,4009.95
2025-10-29T21:30:00Z,80.82,4363.75
2025-10-29T22:00:00Z,79.85,3769.5
2025-10-29T22:30:00Z,77.42,4000.85
2025-10-29T23:00:00Z,77.8,1978.35
2025-10-29T23:30:00Z,73.23,2195.55
2025-10-30T00:00:00Z,76.33,2644.6
2025-10-30T00:30:00Z,78.11,2657.15
2025-10-30T01:00:00Z,78.13,2761.1
2025-10-30T01:30:00Z,76.16,2482.95
2025-10-30T02:00:00Z,74.96,2142.65
2025-10-30T02:30:00Z,74.94,2126.4
2025-10-30T03:00:00Z,73.06,1733.2
2025-10-30T03:30:00Z,72.1,2065.4
2025-10-30T04:00:00Z,70.0,1870.85
2025-10-30T04:30:00Z,68.73,2215.8
2025-10-30T05:00:00Z,71.68,2007.05
2025-10-30T05:30:00Z,65.55,2546.5
2025-10-30T06:00:00Z,74.4,3112.1
2025-10-30T06:30:00Z,73.41,3334.5
2025-10-30T07:00:00Z,83.99,2629.8
2025-10-30T07:30:00Z,92.13,2845.45
2025-10-30T08:00:00Z,91.47,2392.45
2025-10-30T08:30:00Z,89.97,2393.5
2025-10-30T09:00:00Z,90.94,2491.1
2025-10-30T09:30:00Z,86.49,2282.15
2025-10-30T10:00:00Z,87.28,2373.65
2025-10-30T10:30:00Z,84.08,2296.05
2025-10-30T11:00:00Z,79.56,1960.0
2025-10-30T11:30:00Z,78.87999999999998,1776.75
2025-10-30T12:00:00Z,78.55,2009.0
2025-10-30T12:30:00Z,79.06,2384.7
2025-10-30T13:00:00Z,84.11,2671.4
2025-10-30T13:30:00Z,79.11,2856.45
2025-10-30T14:00:00Z,76.03,2783.3
2025-10-30T14:30:00Z,74.42,3390.1
2025-10-30T15:00:00Z,85.93,2887.8
2025-10-30T15:30:00Z,78.83,2860.85
2025-10-30T16:00:00Z,82.01,2750.9
2025-10-30T16:30:00Z,81.23,2700.45
2025-10-30T17:00:00Z,85.9,3033.25
2025-10-30T17:30:00Z,82.86,3096.25
2025-10-30T18:00:00Z,83.25,3349.25
2025-10-30T18:30:00Z,84.08999999999999,3796.15
2025-10-30T19:00:00Z,71.66,3210.35
2025-10-30T19:30:00Z,72.63,3169.7
2025-10-30T20:00:00Z,71.6,3109.35
2025-10-30T20:30:00Z,65.76,3024.4
2025-10-30T21:00:00Z,59.17,3169.05
2025-10-30T21:30:00Z,42.95,3066.5
2025-10-30T22:00:00Z,42.44,2860.7
2025-10-30T22:30:00Z,25.43,3126.3
2025-10-30T23:00:00Z,9.11,1703.65
2025-10-30T23:30:00Z,2.14,2065.85
2025-10-31T00:00:00Z,3.41,1905.25
2025-10-31T00:30:00Z,4.44,1810.4
2025-10-31T01:00:00Z,2.66,1616.15
2025-10-31T01:30:00Z,2.13,1729.45
2025-10-31T02:00:00Z,7.24,1998.85
2025-10-31T02:30:00Z,16.55,2041.5
2025-10-31T03:00:00Z,20.43,2225.75
2025-10-31T03:30:00Z,26.98,2277.5
2025-10-31T04:00:00Z,32.99,2393.3
2025-10-31T04:30:00Z,29.05,2724.95
2025-10-31T05:00:00Z,42.84,2783.85
2025-10-31T05:30:00Z,50.72,2796.6
2025-10-31T06:00:00Z,45.0,2616.3
2025-10-31T06:30:00Z,59.14,3337.85
2025-10-31T07:00:00Z,68.11,2716.4
2025-10-31T07:30:00Z,80.86,2802.6
2025-10-31T08:00:00Z,77.13,2390.25
2025-10-31T08:30:00Z,84.71,2849.35
2025-10-31T09:00:00Z,75.12,2509.3
2025-10-31T09:30:00Z,74.22,2339.05
2025-10-31T10:00:00Z,78.28,2778.9
2025-10-31T10:30:00Z,77.56,2604.15
2025-10-31T11:00:00Z,75.97,3029.25
2025-10-31T11:30:00Z,75.38,2900.65
2025-10-31T12:00:00Z,81.6,2988.75
2025-10-31T12:30:00Z,82.09,3629.75
2025-10-31T13:00:00Z,82.56,3414.9
2025-10-31T13:30:00Z,81.18,3344.15
2025-10-31T14:00:00Z,81.12,3423.05
2025-10-31T14:30:00Z,80.1,3840.4
2025-10-31T15:00:00Z,80.28,3121.1
2025-10-31T15:30:00Z,81.12,2838.85
2025-10-31T16:00:00Z,87.36,2875.05
2025-10-31T16:30:00Z,98.31,2641.75
2025-10-31T17:00:00Z,94.95,2562.35
2025-10-31T17:30:00Z,94.29,2517.9
2025-10-31T18:00:00Z,88.73,2423.85
2025-10-31T18:30:00Z,80.83,2548.95
2025-10-31T19:00:00Z,67.32,2392.85
2025-10-31T19:30:00Z,67.83,2604.7
2025-10-31T20:00:00Z,68.34,2723.15
2025-10-31T20:30:00Z,70.48,2552.1
2025-10-31T21:00:00Z,76.3,3306.9
2025-10-31T21:30:00Z,60.16,2398.55
2025-10-31T22:00:00Z,57.39999999999999,2466.65
2025-10-31T22:30:00Z,36.73,2536.05
2025-10-31T23:00:00Z,35.03,2449.25
2025-10-31T23:30:00Z,27.78,1936.8
2025-11-01T00:00:00Z,25.3,2646.2
2025-11-01T00:30:00Z,30.5,2220.0
2025-11-01T01:00:00Z,39.07,2050.85
2025-11-01T01:30:00Z,27.59,2281.5
2025-11-01T02:00:00Z,24.52,2159.1
2025-11-01T02:30:00Z,20.42,2061.0
2025-11-01T03:00:00Z,15.72,1872.35
2025-11-01T03:30:00Z,16.54,1723.85
2025-11-01T04:00:00Z,23.54,1929.9
2025-11-01T04:30:00Z,20.1,1910.2
2025-11-01T05:00:00Z,25.52,2304.85
2025-11-01T05:30:00Z,31.11,2391.5
2025-11-01T06:00:00Z,24.77,2238.35
2025-11-01T06:30:00Z,39.8,2465.25
2025-11-01T07:00:00Z,42.43,2212.1
2025-11-01T07:30:00Z,46.9,2524.55
2025-11-01T08:00:00Z,28.65,2419.2
2025-11-01T08:30:00Z,21.43,2837.35
2025-11-01T09:00:00Z,16.17,2707.95
2025-11-01T09:30:00Z,5.44,2910.65
2025-11-01T10:00:00Z,13.16888321577192,3388.3
2025-11-01T10:30:00Z,11.13,3555.0
2025-11-01T11:00:00Z,18.44,3898.95
2025-11-01T11:30:00Z,18.85,3665.25
2025-11-01T12:00:00Z,19.38,4136.6
2025-11-01T12:30:00Z,26.05,3685.15
2025-11-01T13:00:00Z,31.850000000000005,4443.85
2025-11-01T13:30:00Z,39.56000000000001,3642.45
2025-11-01T14:00:00Z,37.62,3718.1
2025-11-01T14:30:00Z,50.22,3363.95
2025-11-01T15:00:00Z,58.3,3063.35
2025-11-01T15:30:00Z,76.84,2914.45
2025-11-01T16:00:00Z,83.4,2911.45
2025-11-01T16:30:00Z,95.78,2401.6
2025-11-01T17:00:00Z,102.74,3081.7
2025-11-01T17:30:00Z,103.16,3150.25
2025-11-01T18:00:00Z,103.27999999999999,2764.35
2025-11-01T18:30:00Z,101.69,2886.5
2025-11-01T19:00:00Z,85.51,3064.15
2025-11-01T19:30:00Z,74.83,2460.45
2025-11-01T20:00:00Z,74.08,2807.85
2025-11-01T20:30:00Z,66.61,2489.5
2025-11-01T21:00:00Z,69.46,3525.0
2025-11-01T21:30:00Z,59.6,3228.1
2025-11-01T22:00:00Z,61.42,3422.2
2025-11-01T22:30:00Z,58.16,3624.45
2025-11-01T23:00:00Z,62.7,1809.05
2025-11-01T23:30:00Z,55.27,1782.95
2025-11-02T00:00:00Z,55.74,1924.2
2025-11-02T00:30:00Z,62.97,1746.55
2025-11-02T01:00:00Z,66.18,1594.15
2025-11-02T01:30:00Z,65.72,1604.8
2025-11-02T02:00:00Z,69.92,1592.7
2025-11-02T02:30:00Z,73.37,1536.0
2025-11-02T03:00:00Z,75.77,1381.55
2025-11-02T03:30:00Z,74.11,1358.6
2025-11-02T04:00:00Z,79.4,1506.5
2025-11-02T04:30:00Z,76.09,1300.55
2025-11-02T05:00:00Z,75.23,1914.25
2025-11-02T05:30:00Z,77.19,2149.75
2025-11-02T06:00:00Z,77.63,1822.85
2025-11-02T06:30:00Z,80.97,2156.7
2025-11-02T07:00:00Z,81.67,2197.45
2025-11-02T07:30:00Z,80.77,1962.9
2025-11-02T08:00:00Z,76.16,1908.1
2025-11-02T08:30:00Z,71.12,1825.4
2025-11-02T09:00:00Z,75.12,1993.55
2025-11-02T09:30:00Z,73.75,2329.05
2025-11-02T10:00:00Z,69.53,2393.25
2025-11-02T10:30:00Z,63.330000000000005,2769.25
2025-11-02T11:00:00Z,66.01,2556.9
2025-11-02T11:30:00Z,61.52,2674.65
2025-11-02T12:00:00Z,54.42999999999999,2636.1
2025-11-02T12:30:00Z,50.74,2933.45
2025-11-02T13:00:00Z,70.19,3168.6
2025-11-02T13:30:00Z,73.59,2955.6
2025-11-02T14:00:00Z,71.22,2532.35
2025-11-02T14:30:00Z,70.33,2574.25
2025-11-02T15:00:00Z,78.38,2232.5
2025-11-02T15:30:00Z,79.47,2127.15
2025-11-02T16:00:00Z,83.9,2688.85
2025-11-02T16:30:00Z,97.59999999999998,3222.15
2025-11-02T17:00:00Z,97.41,3099.55
2025-11-02T17:30:00Z,97.09,3389.75
2025-11-02T18:00:00Z,96.39,2871.75
2025-11-02T18:30:00Z,93.08,2559.15
2025-11-02T19:00:00Z,91.13,2352.5
2025-11-02T19:30:00Z,85.54,2922.4
2025-11-02T20:00:00Z,83.48,2508.9
2025-11-02T20:30:00Z,76.47,2621.95
2025-11-02T21:00:00Z,85.12,2152.8
2025-11-02T21:30:00Z,74.54,2096.0
2025-11-02T22:00:00Z,83.32,2201.0
2025-11-02T22:30:00Z,72.0,2615.85
2025-11-02T23:00:00Z,60.45000000000001,1869.6
2025-11-02T23:30:00Z,40.2,1389.55
2025-11-03T00:00:00Z,41.3,1882.2
2025-11-03T00:30:00Z,39.47,1897.8
2025-11-03T01:00:00Z,30.61,1937.15
2025-11-03T01:30:00Z,23.93,1981.85
2025-11-03T02:00:00Z,36.22,2205.25
2025-11-03T02:30:00Z,31.05,2332.15
2025-11-03T03:00:00Z,34.87,2336.45
2025-11-03T03:30:00Z,32.32,2409.75
2025-11-03T04:00:00Z,25.29,2281.45
2025-11-03T04:30:00Z,24.16,2083.3
2025-11-03T05:00:00Z,27.16,1927.1
2025-11-03T05:30:00Z,40.78,2416.1
2025-11-03T06:00:00Z,38.63,2155.45
2025-11-03T06:30:00Z,65.79,2220.15
2025-11-03T07:00:00Z,73.35,2326.25
2025-11-03T07:30:00Z,82.6,2949.55
2025-11-03T08:00:00Z,67.06,2750.2
2025-11-03T08:30:00Z,69.86,3179.0
2025-11-03T09:00:00Z,56.27,2683.7
2025-11-03T09:30:00Z,50.940000000000005,2689.5
2025-11-03T10:00:00Z,49.23,2905.85
2025-11-03T10:30:00Z,48.32,3319.4
2025-11-03T11:00:00Z,45.34,2816.75
2025-11-03T11:30:00Z,46.32,3429.9
2025-11-03T12:00:00Z,47.92000000000001,3043.45
2025-11-03T12:30:00Z,49.7,2612.3
2025-11-03T13:00:00Z,55.03000000000001,2455.75
2025-11-03T13:30:00Z,61.83,2762.8
2025-11-03T14:00:00Z,64.0,3155.75
2025-11-03T14:30:00Z,60.58,2589.5
2025-11-03T15:00:00Z,59.42,2297.05
2025-11-03T15:30:00Z,58.830000000000005,2654.4
2025-11-03T16:00:00Z,62.09,2810.55
2025-11-03T16:30:00Z,72.83,3486.15
2025-11-03T17:00:00Z,73.78,3523.35
2025-11-03T17:30:00Z,78.61000000000001,3336.9
2025-11-03T18:00:00Z,76.37,3474.35
2025-11-03T18:30:00Z,68.2,3388.65
2025-11-03T19:00:00Z,60.25,2824.4
2025-11-03T19:30:00Z,41.17,2129.5
2025-11-03T20:00:00Z,50.33,2436.0
2025-11-03T20:30:00Z,32.08,1948.55
2025-11-03T21:00:00Z,40.13,2724.7
2025-11-03T21:30:00Z,26.64,2657.9
2025-11-03T22:00:00Z,23.56,2685.35
2025-11-03T22:30:00Z,16.97,3152.9
2025-11-03T23:00:00Z,10.0,2205.1
2025-11-03T23:30:00Z,4.81,2236.3
2025-11-04T00:00:00Z,4.4,2198.3
2025-11-04T00:30:00Z,5.24,2075.25
2025-11-04T01:00:00Z,3.8,1867.4
2025-11-04T01:30:00Z,4.6,1496.25
2025-11-04T02:00:00Z,5.6,1752.0
2025-11-04T02:30:00Z,5.08,1592.45
2025-11-04T03:00:00Z,4.36,1933.8
2025-11-04T03:30:00Z,4.19,1906.1
2025-11-04T04:00:00Z,16.49,2200.7
2025-11-04T04:30:00Z,24.58,2521.75
2025-11-04T05:00:00Z,35.15,2622.85
2025-11-04T05:30:00Z,52.43,2353.5
2025-11-04T06:00:00Z,51.49000000000001,2593.1
2025-11-04T06:30:00Z,72.75,2603.95
2025-11-04T07:00:00Z,80.0,2055.45
2025-11-04T07:30:00Z,85.85,2356.2
2025-11-04T08:00:00Z,86.53,2501.8
2025-11-04T08:30:00Z,80.7,2775.6
2025-11-04T09:00:00Z,68.53,2725.85
2025-11-04T09:30:00Z,75.39,3621.55
2025-11-04T10:00:00Z,79.31,3515.9
2025-11-04T10:30:00Z,74.42,2912.65
2025-11-04T11:00:00Z,77.23,3143.25
2025-11-04T11:30:00Z,73.55,2764.2
2025-11-04T12:00:00Z,74.91,3342.35
2025-11-04T12:30:00Z,73.0,3278.1
2025-11-04T13:00:00Z,73.03,3206.7
2025-11-04T13:30:00Z,75.07,3701.35
2025-11-04T14:00:00Z,76.51,4359.65
2025-11-04T14:30:00Z,75.16,4889.35
2025-11-04T15:00:00Z,96.29999999999998,3409.55
2025-11-04T15:30:00Z,98.86,4059.9
2025-11-04T16:00:00Z,100.64,4055.9
2025-11-04T16:30:00Z,104.44,3582.55
2025-11-04T17:00:00Z,100.05,4406.15
2025-11-04T17:30:00Z,99.71,4660.3
2025-11-04T18:00:00Z,99.03,4210.4
2025-11-04T18:30:00Z,98.28,4249.2
2025-11-04T19:00:00Z,93.96,3329.25
2025-11-04T19:30:00Z,86.74,3373.6
2025-11-04T20:00:00Z,79.76,3106.15
2025-11-04T20:30:00Z,80.85,3491.75
2025-11-04T21:00:00Z,84.24,3029.6
2025-11-04T21:30:00Z,78.14,2851.45
2025-11-04T22:00:00Z,77.12,2987.6
2025-11-04T22:30:00Z,70.56,2744.65
2025-11-04T23:00:00Z,62.46,1303.15
2025-11-04T23:30:00Z,51.0,1598.15
2025-11-05T00:00:00Z,58.94,1855.25
2025-11-05T00:30:00Z,57.38,1865.7
2025-11-05T01:00:00Z,59.55,2473.85
2025-11-05T01:30:00Z,54.33,1914.8
2025-11-05T02:00:00Z,51.33,1893.9
2025-11-05T02:30:00Z,46.15,1925.35
2025-11-05T03:00:00Z,41.47,1697.45
2025-11-05T03:30:00Z,34.92,1690.85
2025-11-05T04:00:00Z,39.73,1589.4
2025-11-05T04:30:00Z,41.54,1628.0
2025-11-05T05:00:00Z,46.93,2272.65
2025-11-05T05:30:00Z,46.06,2364.05
2025-11-05T06:00:00Z,70.91,2805.9
2025-11-05T06:30:00Z,77.5,2733.95
2025-11-05T07:00:00Z,79.96,3030.4
2025-11-05T07:30:00Z,84.3,2486.35
2025-11-05T08:00:00Z,82.16,3089.65
2025-11-05T08:30:00Z,81.67,3213.25
2025-11-05T09:00:00Z,76.63,2784.75
2025-11-05T09:30:00Z,75.32,2988.05
2025-11-05T10:00:00Z,86.4,4453.7
2025-11-05T10:30:00Z,90.37,5841.0
2025-11-05T11:00:00Z,82.34,4675.4
2025-11-05T11:30:00Z,83.7,5229.45
2025-11-05T12:00:00Z,80.1,4856.85
2025-11-05T12:30:00Z,82.18,5715.35
2025-11-05T13:00:00Z,88.84,5221.45
2025-11-05T13:30:00Z,86.99,5579.0
2025-11-05T14:00:00Z,94.05,5185.5
2025-11-05T14:30:00Z,94.48999999999998,5551.85
2025-11-05T15:00:00Z,94.83000000000001,5563.3
2025-11-05T15:30:00Z,94.04,4629.55
2025-11-05T16:00:00Z,88.77,4542.75
2025-11-05T16:30:00Z,89.88,4793.95
2025-11-05T17:00:00Z,84.6,5108.15
2025-11-05T17:30:00Z,85.9,5287.1
2025-11-05T18:00:00Z,82.44,6087.55
2025-11-05T18:30:00Z,82.58,5907.0
2025-11-05T19:00:00Z,79.98,5189.25
2025-11-05T19:30:00Z,82.12,4828.3
2025-11-05T20:00:00Z,81.16,3733.85
2025-11-05T20:30:00Z,81.21,3317.25
2025-11-05T21:00:00Z,97.07,3894.45
2025-11-05T21:30:00Z,85.04999999999998,3219.1
2025-11-05T22:00:00Z,82.28,3382.4
2025-11-05T22:30:00Z,77.11,3391.7
2025-11-05T23:00:00Z,76.63,1568.05
2025-11-05T23:30:00Z,74.25,1522.8
2025-11-06T00:00:00Z,74.04,1711.6
2025-11-06T00:30:00Z,75.58,1666.1
2025-11-06T01:00:00Z,78.07,1658.3
2025-11-06T01:30:00Z,79.34000000000002,1746.45
2025-11-06T02:00:00Z,76.53,1553.6
2025-11-06T02:30:00Z,78.28,1672.0
2025-11-06T03:00:00Z,79.82,1166.15
2025-11-06T03:30:00Z,81.1,1316.9
2025-11-06T04:00:00Z,86.72,1339.05
2025-11-06T04:30:00Z,85.05,1524.85
2025-11-06T05:00:00Z,87.62,1673.15
2025-11-06T05:30:00Z,77.83,2175.1
2025-11-06T06:00:00Z,80.82,2102.9
2025-11-06T06:30:00Z,85.78,2040.2
2025-11-06T07:00:00Z,91.67,1864.35
2025-11-06T07:30:00Z,108.42,2468.75
2025-11-06T08:00:00Z,102.20999999999998,2797.15
2025-11-06T08:30:00Z,95.7,3333.6
2025-11-06T09:00:00Z,84.5,2856.55
2025-11-06T09:30:00Z,79.34,3257.25
2025-11-06T10:00:00Z,75.1,3525.9
2025-11-06T10:30:00Z,77.92,3710.25
2025-11-06T11:00:00Z,74.59,3030.25
2025-11-06T11:30:00Z,73.9,2639.7
2025-11-06T12:00:00Z,77.04,2701.4
2025-11-06T12:30:00Z,76.64,2897.5
2025-11-06T13:00:00Z,89.35,4160.9
2025-11-06T13:30:00Z,89.55,4713.75
2025-11-06T14:00:00Z,98.71,4544.55
2025-11-06T14:30:00Z,95.11,4009.8
2025-11-06T15:00:00Z,103.77,3314.0
2025-11-06T15:30:00Z,114.96,4603.3
2025-11-06T16:00:00Z,107.29,4766.8
2025-11-06T16:30:00Z,110.73,4338.95
2025-11-06T17:00:00Z,107.35,4585.4
2025-11-06T17:30:00Z,104.37,4470.65
2025-11-06T18:00:00Z,100.51,3572.45
2025-11-06T18:30:00Z,98.61,3912.8
2025-11-06T19:00:00Z,89.59,2542.4
2025-11-06T19:30:00Z,85.79,2360.0
2025-11-06T20:00:00Z,88.94,2980.35
2025-11-06T20:30:00Z,84.61,2476.1
2025-11-06T21:00:00Z,83.86,1894.45
2025-11-06T21:30:00Z,83.55,1805.4
2025-11-06T22:00:00Z,82.65000000000002,1954.4
2025-11-06T22:30:00Z,75.97,2260.15
2025-11-06T23:00:00Z,70.06,1200.05
2025-11-06T23:30:00Z,68.59,1040.0
2025-11-07T00:00:00Z,73.95,1911.9
2025-11-07T00:30:00Z,71.26,1479.65
2025-11-07T01:00:00Z,70.89,1181.45
2025-11-07T01:30:00Z,69.92,1373.65
2025-11-07T02:00:00Z,68.19,876.8
2025-11-07T02:30:00Z,66.99,1023.25
2025-11-07T03:00:00Z,65.64,1222.55
2025-11-07T03:30:00Z,64.44,1266.6
2025-11-07T04:00:00Z,64.67,1281.75
2025-11-07T04:30:00Z,64.68,1231.75
2025-11-07T05:00:00Z,69.37,1431.45
2025-11-07T05:30:00Z,66.67,1335.6
2025-11-07T06:00:00Z,68.28,1583.3
2025-11-07T06:30:00Z,72.02,1559.3
2025-11-07T07:00:00Z,83.11,2060.6
2025-11-07T07:30:00Z,97.06,2260.95
2025-11-07T08:00:00Z,96.05,2419.6
2025-11-07T08:30:00Z,92.84,2501.95
2025-11-07T09:00:00Z,88.96,3110.9
2025-11-07T09:30:00Z,91.64,3164.55
2025-11-07T10:00:00Z,81.70999999999998,3214.45
2025-11-07T10:30:00Z,80.07,3012.55
2025-11-07T11:00:00Z,85.36,3390.75
2025-11-07T11:30:00Z,82.84,3232.0
2025-11-07T12:00:00Z,85.86,3533.95
2025-11-07T12:30:00Z,84.05,3371.05
2025-11-07T13:00:00Z,87.55,2547.35
2025-11-07T13:30:00Z,86.36,2734.8
2025-11-07T14:00:00Z,88.83,3354.45
2025-11-07T14:30:00Z,86.05,4015.4
2025-11-07T15:00:00Z,88.8,3528.55
2025-11-07T15:30:00Z,90.52,3257.7
2025-11-07T16:00:00Z,95.13999999999999,3261.3
2025-11-07T16:30:00Z,104.3,3851.65
2025-11-07T17:00:00Z,106.99,3945.65
2025-11-07T17:30:00Z,105.23,3770.75
2025-11-07T18:00:00Z,105.06,3375.9
2025-11-07T18:30:00Z,99.73,3752.6
2025-11-07T19:00:00Z,91.01,2605.5
2025-11-07T19:30:00Z,84.21,2631.6
2025-11-07T20:00:00Z,82.26,3073.9
2025-11-07T20:30:00Z,83.55,2661.35
2025-11-07T21:00:00Z,82.3,2507.0
2025-11-07T21:30:00Z,80.48,2516.55
2025-11-07T22:00:00Z,78.75,2290.2
2025-11-07T22:30:00Z,78.16,2285.4
2025-11-07T23:00:00Z,72.66,976.85
2025-11-07T23:30:00Z,71.31,1085.2
2025-11-08T00:00:00Z,71.39,1045.4
2025-11-08T00:30:00Z,71.88,882.55
2025-11-08T01:00:00Z,73.03,1078.2
2025-11-08T01:30:00Z,69.84999999999998,949.35
2025-11-08T02:00:00Z,67.89,1077.85
2025-11-08T02:30:00Z,65.01,1117.7
2025-11-08T03:00:00Z,64.79,1213.0
2025-11-08T03:30:00Z,64.56,1089.9
2025-11-08T04:00:00Z,64.4,894.25
2025-11-08T04:30:00Z,65.15,1030.1
2025-11-08T05:00:00Z,67.92,1098.75
2025-11-08T05:30:00Z,67.85,1079.85
2025-11-08T06:00:00Z,68.32,1193.75
2025-11-08T06:30:00Z,70.07,1254.1
2025-11-08T07:00:00Z,73.03,2029.8
2025-11-08T07:30:00Z,75.75,2089.4
2025-11-08T08:00:00Z,70.18,2055.5
2025-11-08T08:30:00Z,72.28,2117.2
2025-11-08T09:00:00Z,70.42,1934.55
2025-11-08T09:30:00Z,69.5,1823.75
2025-11-08T10:00:00Z,67.09,2237.35
2025-11-08T10:30:00Z,67.29,2234.25
2025-11-08T11:00:00Z,68.14,2683.35
2025-11-08T11:30:00Z,67.06,2228.25
2025-11-08T12:00:00Z,68.04,2278.0
2025-11-08T12:30:00Z,68.69,2285.6
2025-11-08T13:00:00Z,75.52,3016.8
2025-11-08T13:30:00Z,74.72,3085.95
2025-11-08T14:00:00Z,76.31,3311.0
2025-11-08T14:30:00Z,74.96,3242.0
2025-11-08T15:00:00Z,86.37,3298.75
2025-11-08T15:30:00Z,98.23,3677.8
2025-11-08T16:00:00Z,96.7,3211.1
2025-11-08T16:30:00Z,101.9,3691.0
2025-11-08T17:00:00Z,103.36,3416.6
2025-11-08T17:30:00Z,101.36000000000001,3257.1
2025-11-08T18:00:00Z,99.78,3682.45
2025-11-08T18:30:00Z,94.99,3622.55
2025-11-08T19:00:00Z,85.56,2945.3
2025-11-08T19:30:00Z,77.74,2272.3
2025-11-08T20:00:00Z,77.65,2553.0
2025-11-08T20:30:00Z,81.88,3373.15
2025-11-08T21:00:00Z,79.81,2954.5
2025-11-08T21:30:00Z,79.22,2814.65
2025-11-08T22:00:00Z,78.29,3384.1
2025-11-08T22:30:00Z,78.44,3195.85
2025-11-08T23:00:00Z,75.35,1252.25
2025-11-08T23:30:00Z,76.59,1099.0
2025-11-09T00:00:00Z,79.23,1157.15
2025-11-09T00:30:00Z,79.21,1464.5
2025-11-09T01:00:00Z,80.1,1231.55
2025-11-09T01:30:00Z,78.60999999999999,970.8
2025-11-09T02:00:00Z,78.24,1241.85
2025-11-09T02:30:00Z,76.67,1319.6
2025-11-09T03:00:00Z,76.88,1270.5
2025-11-09T03:30:00Z,75.47,1295.35
2025-11-09T04:00:00Z,73.74,1308.0
2025-11-09T04:30:00Z,71.18,1630.9
2025-11-09T05:00:00Z,71.81,1871.65
2025-11-09T05:30:00Z,70.63,1696.7
2025-11-09T06:00:00Z,71.32,1745.75
2025-11-09T06:30:00Z,71.83,1666.15
2025-11-09T07:00:00Z,72.8,2061.35
2025-11-09T07:30:00Z,73.1,2078.0
2025-11-09T08:00:00Z,73.48,1933.75
2025-11-09T08:30:00Z,76.79,2028.65
2025-11-09T09:00:00Z,73.41,2014.45
2025-11-09T09:30:00Z,76.08,2177.25
2025-11-09T10:00:00Z,76.92,1929.85
2025-11-09T10:30:00Z,80.01,2114.85
2025-11-09T11:00:00Z,79.18,2114.65
2025-11-09T11:30:00Z,79.54,2149.45
2025-11-09T12:00:00Z,76.91,2254.35
2025-11-09T12:30:00Z,74.68,2273.85
2025-11-09T13:00:00Z,76.6,2864.1
2025-11-09T13:30:00Z,74.0,2765.7
2025-11-09T14:00:00Z,80.49,3270.8
2025-11-09T14:30:00Z,82.73,3659.0
2025-11-09T15:00:00Z,86.29,2158.8
2025-11-09T15:30:00Z,93.31,2396.75
2025-11-09T16:00:00Z,94.29,2263.1
2025-11-09T16:30:00Z,98.49,2455.25
2025-11-09T17:00:00Z,100.71,2433.6
2025-11-09T17:30:00Z,100.06,2332.0
2025-11-09T18:00:00Z,99.2,2216.55
2025-11-09T18:30:00Z,93.87,2283.75
2025-11-09T19:00:00Z,81.97,1744.65
2025-11-09T19:30:00Z,79.6,1872.5
2025-11-09T20:00:00Z,79.76,1995.6
2025-11-09T20:30:00Z,76.78,2234.05
2025-11-09T21:00:00Z,74.06,1737.15
2025-11-09T21:30:00Z,74.91,1972.0
2025-11-09T22:00:00Z,73.28,1971.65
2025-11-09T22:30:00Z,74.87,2597.8
2025-11-09T23:00:00Z,68.98,1287.0
2025-11-09T23:30:00Z,68.93,1227.35
2025-11-10T00:00:00Z,68.12,1132.6
2025-11-10T00:30:00Z,66.69,1442.3
2025-11-10T01:00:00Z,64.99,1330.65
2025-11-10T01:30:00Z,65.44,1559.25
2025-11-10T02:00:00Z,65.91,1520.65
2025-11-10T02:30:00Z,62.78,1536.45
2025-11-10T03:00:00Z,61.91,1507.7
2025-11-10T03:30:00Z,56.41,1595.45
2025-11-10T04:00:00Z,44.82,2060.8
2025-11-10T04:30:00Z,38.48,2075.3
2025-11-10T05:00:00Z,59.95,3099.2
2025-11-10T05:30:00Z,58.87,2840.3
2025-11-10T06:00:00Z,62.13,2765.8
2025-11-10T06:30:00Z,64.65,2293.2
2025-11-10T07:00:00Z,69.09,3276.75
2025-11-10T07:30:00Z,72.11,2556.45
2025-11-10T08:00:00Z,68.57,2384.0
2025-11-10T08:30:00Z,67.15,2449.65
2025-11-10T09:00:00Z,69.15,3037.65
2025-11-10T09:30:00Z,71.6,3325.45
2025-11-10T10:00:00Z,71.73,3186.5
2025-11-10T10:30:00Z,70.94,3101.95
2025-11-10T11:00:00Z,68.99,2721.6
2025-11-10T11:30:00Z,68.98,2823.6
2025-11-10T12:00:00Z,69.77,3360.6
2025-11-10T12:30:00Z,73.38,3721.35
2025-11-10T13:00:00Z,76.52,4259.15
2025-11-10T13:30:00Z,76.04,4183.75
2025-11-10T14:00:00Z,80.53,3725.7
2025-11-10T14:30:00Z,72.51,3641.4
2025-11-10T15:00:00Z,75.07,4234.9
2025-11-10T15:30:00Z,84.21,4272.7
2025-11-10T16:00:00Z,85.34,4028.35
2025-11-10T16:30:00Z,90.01,3587.05
2025-11-10T17:00:00Z,92.89,3841.0
2025-11-10T17:30:00Z,94.5,3848.45
2025-11-10T18:00:00Z,91.78,3901.6
2025-11-10T18:30:00Z,88.76,4013.3
2025-11-10T19:00:00Z,79.72,3124.55
2025-11-10T19:30:00Z,76.09999999999998,3474.5
2025-11-10T20:00:00Z,79.14,2915.25
2025-11-10T20:30:00Z,73.68,2864.8
2025-11-10T21:00:00Z,75.18,2379.8
2025-11-10T21:30:00Z,76.21,2764.35
2025-11-10T22:00:00Z,74.93,2568.45
2025-11-10T22:30:00Z,73.4,2803.45
2025-11-10T23:00:00Z,65.32,1105.15
2025-11-10T23:30:00Z,67.06,1054.8
2025-11-11T00:00:00Z,64.71,1070.1
2025-11-11T00:30:00Z,63.84000000000001,1225.6
2025-11-11T01:00:00Z,64.0,1643.45
2025-11-11T01:30:00Z,60.46999999999999,1315.9
2025-11-11T02:00:00Z,61.089999999999996,1344.3
2025-11-11T02:30:00Z,59.96000000000001,1469.9
2025-11-11T03:00:00Z,59.99,1202.3
2025-11-11T03:30:00Z,57.54999999999999,974.45
2025-11-11T04:00:00Z,54.87,1145.3
2025-11-11T04:30:00Z,54.54,1598.1
2025-11-11T05:00:00Z,62.94,2069.95
2025-11-11T05:30:00Z,65.67,2071.8
2025-11-11T06:00:00Z,72.77,2099.05
2025-11-11T06:30:00Z,74.42,2451.65
2025-11-11T07:00:00Z,83.81,2483.35
2025-11-11T07:30:00Z,90.07,2789.15
2025-11-11T08:00:00Z,89.07,2490.85
2025-11-11T08:30:00Z,86.57,2745.6
2025-11-11T09:00:00Z,78.91,2212.7
2025-11-11T09:30:00Z,74.81,2632.2
2025-11-11T10:00:00Z,76.69,3253.95
2025-11-11T10:30:00Z,76.04,3493.15
2025-11-11T11:00:00Z,75.97,2982.35
2025-11-11T11:30:00Z,76.93000000000002,3585.15
2025-11-11T12:00:00Z,80.04,3481.05
2025-11-11T12:30:00Z,75.79,3200.85
2025-11-11T13:00:00Z,79.77,3048.5
2025-11-11T13:30:00Z,77.66,2985.4
2025-11-11T14:00:00Z,79.26,2980.3
2025-11-11T14:30:00Z,76.38,2853.15
2025-11-11T15:00:00Z,67.55,2339.5
2025-11-11T15:30:00Z,68.52,2472.95
2025-11-11T16:00:00Z,72.88,2644.05
2025-11-11T16:30:00Z,82.29,3155.25
2025-11-11T17:00:00Z,83.11,4106.05
2025-11-11T17:30:00Z,80.47,3915.0
2025-11-11T18:00:00Z,77.08,3508.75
2025-11-11T18:30:00Z,70.62,3180.5
2025-11-11T19:00:00Z,66.95,3158.5
2025-11-11T19:30:00Z,72.49,3486.5
2025-11-11T20:00:00Z,74.38,2848.95
2025-11-11T20:30:00Z,71.79,2848.35
2025-11-11T21:00:00Z,65.9,2825.55
2025-11-11T21:30:00Z,61.2,3207.25
2025-11-11T22:00:00Z,66.28,2914.0
2025-11-11T22:30:00Z,57.82000000000001,2891.25
2025-11-11T23:00:00Z,49.39,2069.3
2025-11-11T23:30:00Z,40.05,1470.55
2025-11-12T00:00:00Z,39.01,2210.15
2025-11-12T00:30:00Z,38.59,1814.2
2025-11-12T01:00:00Z,30.4,1944.65
2025-11-12T01:30:00Z,26.36,2327.4
2025-11-12T02:00:00Z,24.81,2236.0
2025-11-12T02:30:00Z,18.59,2372.95
2025-11-12T03:00:00Z,7.37,2206.7
2025-11-12T03:30:00Z,5.16,2178.55
2025-11-12T04:00:00Z,11.7,2559.6
2025-11-12T04:30:00Z,13.7,2700.65
2025-11-12T05:00:00Z,19.89,2973.55
2025-11-12T05:30:00Z,25.65,2442.0
2025-11-12T06:00:00Z,23.98,2503.25
2025-11-12T06:30:00Z,48.68,2588.7
2025-11-12T07:00:00Z,62.71,3521.4
2025-11-12T07:30:00Z,69.83,3839.5
2025-11-12T08:00:00Z,55.82,3145.0
2025-11-12T08:30:00Z,57.95,3288.2
2025-11-12T09:00:00Z,58.65,3014.2
2025-11-12T09:30:00Z,62.04,3292.7
2025-11-12T10:00:00Z,62.19,3543.2
2025-11-12T10:30:00Z,58.06,3267.15
2025-11-12T11:00:00Z,56.37,3236.05
2025-11-12T11:30:00Z,63.84000000000001,4156.75
2025-11-12T12:00:00Z,59.09,3882.25
2025-11-12T12:30:00Z,62.11,4334.9
2025-11-12T13:00:00Z,65.76,3819.0
2025-11-12T13:30:00Z,68.61,3798.9
2025-11-12T14:00:00Z,75.07,4302.75
2025-11-12T14:30:00Z,73.27,3849.2
2025-11-12T15:00:00Z,80.81,3019.7
2025-11-12T15:30:00Z,92.07,3309.25
2025-11-12T16:00:00Z,89.31,3951.8
2025-11-12T16:30:00Z,94.15,4008.0
2025-11-12T17:00:00Z,93.6,3488.95
2025-11-12T17:30:00Z,93.96,3396.7
2025-11-12T18:00:00Z,87.35,4149.05
2025-11-12T18:30:00Z,77.43,4345.7
2025-11-12T19:00:00Z,66.93,4285.95
2025-11-12T19:30:00Z,66.73,4466.9
2025-11-12T20:00:00Z,71.64,4207.6
2025-11-12T20:30:00Z,69.46,3764.65
2025-11-12T21:00:00Z,61.42,3452.95
2025-11-12T21:30:00Z,43.70000000000001,3138.35
2025-11-12T22:00:00Z,37.95,3136.05
2025-11-12T22:30:00Z,31.81,3003.2
2025-11-12T23:00:00Z,11.1,2282.65
2025-11-12T23:30:00Z,6.569999999999999,2596.25
2025-11-13T00:00:00Z,13.09,3043.8
2025-11-13T00:30:00Z,18.34,3417.8
2025-11-13T01:00:00Z,30.2,3351.9
2025-11-13T01:30:00Z,23.24,3138.2
2025-11-13T02:00:00Z,15.13,3093.75
2025-11-13T02:30:00Z,13.88,3318.75
2025-11-13T03:00:00Z,11.450000000000001,3215.35
2025-11-13T03:30:00Z,8.39,2732.75
2025-11-13T04:00:00Z,7.28,2678.4
2025-11-13T04:30:00Z,7.429999999999999,2733.15
2025-11-13T05:00:00Z,22.95,2932.15
2025-11-13T05:30:00Z,29.330000000000002,3339.65
2025-11-13T06:00:00Z,26.85,3289.95
2025-11-13T06:30:00Z,32.25,3015.05
2025-11-13T07:00:00Z,36.14,3146.15
2025-11-13T07:30:00Z,52.49,3115.3
2025-11-13T08:00:00Z,62.88,3385.4
2025-11-13T08:30:00Z,66.61,3475.65
2025-11-13T09:00:00Z,60.419999999999995,3561.05
2025-11-13T09:30:00Z,53.46,3232.45
2025-11-13T10:00:00Z,61.28999999999999,4348.1
2025-11-13T10:30:00Z,58.14,3822.2
2025-11-13T11:00:00Z,60.24000000000001,4571.75
2025-11-13T11:30:00Z,62.2,4199.7
2025-11-13T12:00:00Z,63.51,4624.9
2025-11-13T12:30:00Z,66.83,4878.45
2025-11-13T13:00:00Z,67.79,4471.5
2025-11-13T13:30:00Z,70.11,3988.35
2025-11-13T14:00:00Z,73.71,4501.4
2025-11-13T14:30:00Z,75.23,4415.35
2025-11-13T15:00:00Z,81.26,3936.85
2025-11-13T15:30:00Z,83.19,3941.9
2025-11-13T16:00:00Z,88.9,3909.15
2025-11-13T16:30:00Z,93.01,4763.55
2025-11-13T17:00:00Z,94.81,4553.95
2025-11-13T17:30:00Z,97.29,4538.05
2025-11-13T18:00:00Z,99.29,4784.6
2025-11-13T18:30:00Z,96.2,5078.35
2025-11-13T19:00:00Z,81.44,3425.95
2025-11-13T19:30:00Z,75.06,3214.6
2025-11-13T20:00:00Z,81.99,3346.15
2025-11-13T20:30:00Z,77.04,3293.75
2025-11-13T21:00:00Z,72.98,2798.45
2025-11-13T21:30:00Z,75.04,3417.8
2025-11-13T22:00:00Z,72.67,2382.15
2025-11-13T22:30:00Z,72.37,2420.4
2025-11-13T23:00:00Z,72.88,1583.0
2025-11-13T23:30:00Z,71.98,1861.85
2025-11-14T00:00:00Z,75.13,1690.55
2025-11-14T00:30:00Z,73.89,1612.5
2025-11-14T01:00:00Z,73.82,1895.0
2025-11-14T01:30:00Z,65.49,1611.25
2025-11-14T02:00:00Z,64.45,1778.1
2025-11-14T02:30:00Z,51.65,1878.9
2025-11-14T03:00:00Z,47.33,1668.1
2025-11-14T03:30:00Z,44.99,2130.55
2025-11-14T04:00:00Z,47.91,2282.85
2025-11-14T04:30:00Z,48.4,2131.2
2025-11-14T05:00:00Z,45.79,2187.15
2025-11-14T05:30:00Z,41.71,2411.65
2025-11-14T06:00:00Z,52.44,2222.75
2025-11-14T06:30:00Z,68.81,2220.65
2025-11-14T07:00:00Z,74.53,2731.85
2025-11-14T07:30:00Z,76.05,2463.5
2025-11-14T08:00:00Z,74.46,2341.75
2025-11-14T08:30:00Z,80.25,2589.0
2025-11-14T09:00:00Z,77.79,2816.1
2025-11-14T09:30:00Z,75.31,2930.5
2025-11-14T10:00:00Z,81.8,3540.8
2025-11-14T10:30:00Z,83.27,3640.35
2025-11-14T11:00:00Z,86.04,3403.35
2025-11-14T11:30:00Z,87.52,3363.4
2025-11-14T12:00:00Z,87.22,3236.95
2025-11-14T12:30:00Z,86.29,3476.3
2025-11-14T13:00:00Z,82.19,3829.3
2025-11-14T13:30:00Z,82.99,4286.4
2025-11-14T14:00:00Z,85.13,4640.85
2025-11-14T14:30:00Z,80.2,3664.75
2025-11-14T15:00:00Z,78.72,3033.8
2025-11-14T15:30:00Z,77.46,2609.75
2025-11-14T16:00:00Z,74.29,2770.85
2025-11-14T16:30:00Z,83.48,3110.9
2025-11-14T17:00:00Z,87.25,3160.75
2025-11-14T17:30:00Z,89.53999999999999,2962.55
2025-11-14T18:00:00Z,87.39000000000001,3155.2
2025-11-14T18:30:00Z,83.42,3022.5
2025-11-14T19:00:00Z,83.78,3057.55
2025-11-14T19:30:00Z,79.93,2728.9
2025-11-14T20:00:00Z,81.94,2627.35
2025-11-14T20:30:00Z,78.1,2235.75
2025-11-14T21:00:00Z,77.58000000000001,1733.95
2025-11-14T21:30:00Z,61.89,2186.85
2025-11-14T22:00:00Z,68.53,2289.75
2025-11-14T22:30:00Z,60.53,2442.65
2025-11-14T23:00:00Z,61.599999999999994,2189.95
2025-11-14T23:30:00Z,55.38,1906.05
2025-11-15T00:00:00Z,59.81,2046.1
2025-11-15T00:30:00Z,62.77,1909.85
2025-11-15T01:00:00Z,64.12,2011.75
2025-11-15T01:30:00Z,61.94,1799.6
2025-11-15T02:00:00Z,65.62,2246.3
2025-11-15T02:30:00Z,60.24,2374.55
2025-11-15T03:00:00Z,64.23,2034.35
2025-11-15T03:30:00Z,62.96,1949.2
2025-11-15T04:00:00Z,58.24,1872.55
2025-11-15T04:30:00Z,61.84,1789.3
2025-11-15T05:00:00Z,57.34000000000001,2428.65
2025-11-15T05:30:00Z,55.01,3064.3
2025-11-15T06:00:00Z,59.99,3302.3
2025-11-15T06:30:00Z,61.79,3127.3
2025-11-15T07:00:00Z,57.27,2147.5
2025-11-15T07:30:00Z,66.02,1870.95
2025-11-15T08:00:00Z,57.17,2113.4
2025-11-15T08:30:00Z,70.63,2566.25
2025-11-15T09:00:00Z,70.98,2081.0
2025-11-15T09:30:00Z,77.81,2331.4
2025-11-15T10:00:00Z,74.94,2099.05
2025-11-15T10:30:00Z,77.43,2224.4
2025-11-15T11:00:00Z,74.16,1795.6
2025-11-15T11:30:00Z,73.71,2009.1
2025-11-15T12:00:00Z,74.81,2395.8
2025-11-15T12:30:00Z,76.94,2691.85
2025-11-15T13:00:00Z,78.54,2396.45
2025-11-15T13:30:00Z,75.14,2019.95
2025-11-15T14:00:00Z,76.13,2816.45
2025-11-15T14:30:00Z,75.78,3497.55
2025-11-15T15:00:00Z,89.62,2595.25
2025-11-15T15:30:00Z,88.96,2508.55
2025-11-15T16:00:00Z,94.62,2416.3
2025-11-15T16:30:00Z,98.56,2849.6
2025-11-15T17:00:00Z,103.11,2959.55
2025-11-15T17:30:00Z,105.08000000000001,3192.5
2025-11-15T18:00:00Z,98.9,3734.15
2025-11-15T18:30:00Z,96.24,3410.95
2025-11-15T19:00:00Z,88.98,2144.3
2025-11-15T19:30:00Z,80.93,2224.9
2025-11-15T20:00:00Z,84.97,2249.1
2025-11-15T20:30:00Z,77.72,1769.0
2025-11-15T21:00:00Z,75.31,1744.1
2025-11-15T21:30:00Z,80.43,1847.15
2025-11-15T22:00:00Z,81.06,1586.1
2025-11-15T22:30:00Z,78.27,1633.1
2025-11-15T23:00:00Z,78.06,2235.6
2025-11-15T23:30:00Z,78.49,1974.8
2025-11-16T00:00:00Z,75.85,1404.2
2025-11-16T00:30:00Z,76.86,1795.4
2025-11-16T01:00:00Z,76.25,1381.95
2025-11-16T01:30:00Z,73.54,1506.5
2025-11-16T02:00:00Z,80.34,1729.5
2025-11-16T02:30:00Z,78.56,1757.05
2025-11-16T03:00:00Z,76.56,1551.2
2025-11-16T03:30:00Z,72.27,1508.85
2025-11-16T04:00:00Z,70.87,1412.6
2025-11-16T04:30:00Z,71.04,1686.55
2025-11-16T05:00:00Z,76.19,2141.9
2025-11-16T05:30:00Z,75.6,2235.85
2025-11-16T06:00:00Z,72.63,1886.25
2025-11-16T06:30:00Z,72.63000000000001,1809.05
2025-11-16T07:00:00Z,76.82,1332.1
2025-11-16T07:30:00Z,75.73,1822.0
2025-11-16T08:00:00Z,76.88,1989.7
2025-11-16T08:30:00Z,81.81,1993.15
2025-11-16T09:00:00Z,75.67,1506.2
2025-11-16T09:30:00Z,83.09,1739.85
2025-11-16T10:00:00Z,85.92,1965.65
2025-11-16T10:30:00Z,86.45,2407.2
2025-11-16T11:00:00Z,90.31,2809.15
2025-11-16T11:30:00Z,90.75,2580.05
2025-11-16T12:00:00Z,91.25,2840.6
2025-11-16T12:30:00Z,89.18,3292.75
2025-11-16T13:00:00Z,92.45,3044.55
2025-11-16T13:30:00Z,91.78,3219.65
2025-11-16T14:00:00Z,98.92,3393.3
2025-11-16T14:30:00Z,97.77,3488.8
2025-11-16T15:00:00Z,100.69000000000001,2859.6
2025-11-16T15:30:00Z,103.05,2989.65
2025-11-16T16:00:00Z,106.05,2583.5
2025-11-16T16:30:00Z,109.51000000000002,2523.65
2025-11-16T17:00:00Z,109.68000000000002,2504.85
2025-11-16T17:30:00Z,109.28999999999999,2745.4
2025-11-16T18:00:00Z,107.54,2640.35
2025-11-16T18:30:00Z,100.46,2901.35
2025-11-16T19:00:00Z,80.69,3351.35
2025-11-16T19:30:00Z,78.66,3352.15
2025-11-16T20:00:00Z,80.66,2539.1
2025-11-16T20:30:00Z,79.18,2443.3
2025-11-16T21:00:00Z,75.79,1693.75
2025-11-16T21:30:00Z,74.04,1783.0
2025-11-16T22:00:00Z,76.76,1965.05
2025-11-16T22:30:00Z,72.96,2235.5
2025-11-16T23:00:00Z,79.66,1846.9
2025-11-16T23:30:00Z,79.57,1468.15
2025-11-17T00:00:00Z,73.79,1118.6
2025-11-17T00:30:00Z,75.64,1150.7
2025-11-17T01:00:00Z,69.8,1428.15
2025-11-17T01:30:00Z,69.94,1648.65
2025-11-17T02:00:00Z,71.54,1673.1
2025-11-17T02:30:00Z,73.23,1797.15
2025-11-17T03:00:00Z,72.22,1538.05
2025-11-17T03:30:00Z,67.68,1696.25
2025-11-17T04:00:00Z,68.68,1759.35
2025-11-17T04:30:00Z,67.02,1567.35
2025-11-17T05:00:00Z,71.18,1932.3
2025-11-17T05:30:00Z,71.7,1819.75
2025-11-17T06:00:00Z,68.87,2064.2
2025-11-17T06:30:00Z,72.62,2447.9
2025-11-17T07:00:00Z,78.66,2686.65
2025-11-17T07:30:00Z,90.57,2841.6
2025-11-17T08:00:00Z,89.65,2369.85
2025-11-17T08:30:00Z,86.99,2655.4
2025-11-17T09:00:00Z,79.38,2391.05
2025-11-17T09:30:00Z,74.03,2294.55
2025-11-17T10:00:00Z,71.81,2801.55
2025-11-17T10:30:00Z,72.14,2776.5
2025-11-17T11:00:00Z,66.96,2016.35
2025-11-17T11:30:00Z,66.66,2179.8
2025-11-17T12:00:00Z,67.83,2307.1
2025-11-17T12:30:00Z,66.89,2371.45
2025-11-17T13:00:00Z,68.75,2739.65
2025-11-17T13:30:00Z,70.21,2961.0
2025-11-17T14:00:00Z,80.81,3123.8
2025-11-17T14:30:00Z,84.57,4266.55
2025-11-17T15:00:00Z,102.12,3196.8
2025-11-17T15:30:00Z,109.51,3343.3
2025-11-17T16:00:00Z,119.17,3993.25
2025-11-17T16:30:00Z,129.05,4843.2
2025-11-17T17:00:00Z,118.24,4541.5
2025-11-17T17:30:00Z,113.62,4505.25
2025-11-17T18:00:00Z,114.57,4195.35
2025-11-17T18:30:00Z,113.16,3925.4
2025-11-17T19:00:00Z,119.63,4045.9
2025-11-17T19:30:00Z,105.41,3758.15
2025-11-17T20:00:00Z,97.31,3409.1
2025-11-17T20:30:00Z,108.31,3600.85
2025-11-17T21:00:00Z,97.34,3880.7
2025-11-17T21:30:00Z,91.21,3319.6
2025-11-17T22:00:00Z,89.52,3032.3
2025-11-17T22:30:00Z,87.99,2810.35
2025-11-17T23:00:00Z,79.99,2042.5
2025-11-17T23:30:00Z,74.24,1899.4
2025-11-18T00:00:00Z,75.26,1659.1
2025-11-18T00:30:00Z,74.0,1248.55
2025-11-18T01:00:00Z,70.98,1094.05
2025-11-18T01:30:00Z,75.1,1671.9
2025-11-18T02:00:00Z,73.78,1455.25
2025-11-18T02:30:00Z,71.19,1387.35
2025-11-18T03:00:00Z,72.19,1701.3
2025-11-18T03:30:00Z,69.67,1584.5
2025-11-18T04:00:00Z,70.93,1463.1
2025-11-18T04:30:00Z,68.87,1421.55
2025-11-18T05:00:00Z,73.33,2385.7
2025-11-18T05:30:00Z,69.48,2348.1
2025-11-18T06:00:00Z,75.1,3094.0
2025-11-18T06:30:00Z,76.84,2952.2
2025-11-18T07:00:00Z,76.62,3829.55
2025-11-18T07:30:00Z,94.43,4082.7
2025-11-18T08:00:00Z,83.53,3558.6
2025-11-18T08:30:00Z,87.32999999999998,3354.25
2025-11-18T09:00:00Z,86.68000000000002,3532.25
2025-11-18T09:30:00Z,85.45999999999998,3293.1
2025-11-18T10:00:00Z,80.11,3226.6
2025-11-18T10:30:00Z,76.82,3209.25
2025-11-18T11:00:00Z,83.23,3718.35
2025-11-18T11:30:00Z,80.6,3255.8
2025-11-18T12:00:00Z,75.1,3083.35
2025-11-18T12:30:00Z,70.83,3322.95
2025-11-18T13:00:00Z,72.2,4836.45
2025-11-18T13:30:00Z,75.32,5383.6
2025-11-18T14:00:00Z,76.95,5294.2
2025-11-18T14:30:00Z,76.78,5259.5
2025-11-18T15:00:00Z,93.58,4883.5
2025-11-18T15:30:00Z,103.86,5128.95
2025-11-18T16:00:00Z,101.84,5105.75
2025-11-18T16:30:00Z,98.31999999999998,5758.35
2025-11-18T17:00:00Z,104.24000000000001,6289.9
2025-11-18T17:30:00Z,98.87999999999998,5890.15
2025-11-18T18:00:00Z,102.11,5699.0
2025-11-18T18:30:00Z,103.86,5329.5
2025-11-18T19:00:00Z,86.48,3958.4
2025-11-18T19:30:00Z,86.71097717697694,3299.2999999999997
2025-11-18T20:00:00Z,83.26,2107.9
2025-11-18T20:30:00Z,83.44,1957.35
2025-11-18T21:00:00Z,79.29099804953448,1358.6499999999999
2025-11-18T21:30:00Z,81.94,1290.15
2025-11-18T22:00:00Z,80.42,1393.85
2025-11-18T22:30:00Z,80.44,1215.1
2025-11-18T23:00:00Z,89.17,606.5
2025-11-18T23:30:00Z,88.65,1270.35
2025-11-19T00:00:00Z,92.0,1323.25
2025-11-19T00:30:00Z,89.98,1235.6
2025-11-19T01:00:00Z,88.33,1467.4
2025-11-19T01:30:00Z,78.82,1512.3
2025-11-19T02:00:00Z,75.29,1666.45
2025-11-19T02:30:00Z,75.42,2194.45
2025-11-19T03:00:00Z,77.68,1824.15
2025-11-19T03:30:00Z,79.16,1991.55
2025-11-19T04:00:00Z,80.7,1591.2
2025-11-19T04:30:00Z,81.67999999999999,1822.2
2025-11-19T05:00:00Z,90.29,1742.95
2025-11-19T05:30:00Z,87.69,2058.15
2025-11-19T06:00:00Z,95.71,2240.45
2025-11-19T06:30:00Z,92.2,2618.15
2025-11-19T07:00:00Z,90.75,2390.1
2025-11-19T07:30:00Z,95.47,3430.1
2025-11-19T08:00:00Z,98.24,2645.65
2025-11-19T08:30:00Z,101.0,2551.8
2025-11-19T09:00:00Z,99.82,2318.0
2025-11-19T09:30:00Z,97.91,2562.3
2025-11-19T10:00:00Z,94.19,2621.0
2025-11-19T10:30:00Z,89.54,2808.75
2025-11-19T11:00:00Z,83.34,2680.9
2025-11-19T11:30:00Z,85.25,2944.15
2025-11-19T12:00:00Z,83.24,3093.8
2025-11-19T12:30:00Z,84.22,3278.15
2025-11-19T13:00:00Z,86.04000000000002,3157.7
2025-11-19T13:30:00Z,83.03,3148.9
2025-11-19T14:00:00Z,87.15,2992.95
2025-11-19T14:30:00Z,87.14,3747.5
2025-11-19T15:00:00Z,94.33,2972.75
2025-11-19T15:30:00Z,102.97,3667.7
2025-11-19T16:00:00Z,91.95,3328.25
2025-11-19T16:30:00Z,97.82,4390.2
2025-11-19T17:00:00Z,96.72,4718.5
2025-11-19T17:30:00Z,100.69,4347.7
2025-11-19T18:00:00Z,99.74,4203.0
2025-11-19T18:30:00Z,100.65,3931.75
2025-11-19T19:00:00Z,91.45,3379.8
2025-11-19T19:30:00Z,90.93,3273.55
2025-11-19T20:00:00Z,86.44,3474.6
2025-11-19T20:30:00Z,84.27,3611.95
2025-11-19T21:00:00Z,80.82,3317.55
2025-11-19T21:30:00Z,84.4,3271.5
2025-11-19T22:00:00Z,84.67,2766.5
2025-11-19T22:30:00Z,79.74,2965.6
2025-11-19T23:00:00Z,74.09,1599.0
2025-11-19T23:30:00Z,74.76,1825.25
2025-11-20T00:00:00Z,69.37,2058.65
2025-11-20T00:30:00Z,74.86,2318.1
2025-11-20T01:00:00Z,77.86,2579.45
2025-11-20T01:30:00Z,74.61,1977.25
2025-11-20T02:00:00Z,76.56,2137.35
2025-11-20T02:30:00Z,77.15,2249.1
2025-11-20T03:00:00Z,77.11,1740.05
2025-11-20T03:30:00Z,76.97,1937.65
2025-11-20T04:00:00Z,80.71,2106.65
2025-11-20T04:30:00Z,79.63999999999999,1758.6
2025-11-20T05:00:00Z,90.16,1895.2
2025-11-20T05:30:00Z,80.82,2371.5
2025-11-20T06:00:00Z,80.74,1848.1
2025-11-20T06:30:00Z,81.17,2761.15
2025-11-20T07:00:00Z,93.38,2507.65
2025-11-20T07:30:00Z,105.92,2670.6
2025-11-20T08:00:00Z,109.83,2758.0
2025-11-20T08:30:00Z,111.91999999999999,2730.8
2025-11-20T09:00:00Z,111.05,2744.9
2025-11-20T09:30:00Z,110.0,2851.3
2025-11-20T10:00:00Z,108.96,3195.15
2025-11-20T10:30:00Z,106.84000000000002,3303.7
2025-11-20T11:00:00Z,107.93,3501.65
2025-11-20T11:30:00Z,103.0,3741.5
2025-11-20T12:00:00Z,101.15,4001.25
2025-11-20T12:30:00Z,92.66,4099.9
2025-11-20T13:00:00Z,89.49,4678.1
2025-11-20T13:30:00Z,90.14,4766.5
2025-11-20T14:00:00Z,99.95,5302.3
2025-11-20T14:30:00Z,104.82,5590.8
2025-11-20T15:00:00Z,136.44,5987.4
2025-11-20T15:30:00Z,147.54,8004.7
2025-11-20T16:00:00Z,145.28,7228.95
2025-11-20T16:30:00Z,141.57000000000002,7442.45
2025-11-20T17:00:00Z,145.85,6195.1
2025-11-20T17:30:00Z,143.4,5647.05
2025-11-20T18:00:00Z,138.7,5480.45
2025-11-20T18:30:00Z,140.89,4950.35
2025-11-20T19:00:00Z,121.62,3228.55
2025-11-20T19:30:00Z,120.23,3186.85
2025-11-20T20:00:00Z,107.71,3198.95
2025-11-20T20:30:00Z,104.15,2554.25
2025-11-20T21:00:00Z,101.17,2890.75
2025-11-20T21:30:00Z,97.02,2738.9
2025-11-20T22:00:00Z,94.06,3373.1
2025-11-20T22:30:00Z,90.01,3139.65
2025-11-20T23:00:00Z,93.74,2206.2
2025-11-20T23:30:00Z,92.89,1909.35
2025-11-21T00:00:00Z,85.72,2136.5
2025-11-21T00:30:00Z,90.32,2077.1
2025-11-21T01:00:00Z,86.71,2213.05
2025-11-21T01:30:00Z,90.67,2078.45
2025-11-21T02:00:00Z,86.57,2045.15
2025-11-21T02:30:00Z,87.78,2183.1
2025-11-21T03:00:00Z,101.98,2262.2
2025-11-21T03:30:00Z,101.2,2576.15
2025-11-21T04:00:00Z,99.06,2734.3
2025-11-21T04:30:00Z,97.09,2879.1
2025-11-21T05:00:00Z,109.62,2984.8
2025-11-21T05:30:00Z,117.35,3066.4
2025-11-21T06:00:00Z,135.01,3288.55
2025-11-21T06:30:00Z,155.03,3356.9
2025-11-21T07:00:00Z,188.08,3656.75
2025-11-21T07:30:00Z,216.25,3808.6
2025-11-21T08:00:00Z,158.83,3823.3
2025-11-21T08:30:00Z,166.1,3712.85
2025-11-21T09:00:00Z,143.43,3041.7
2025-11-21T09:30:00Z,136.57,3187.85
2025-11-21T10:00:00Z,131.19,3691.7
2025-11-21T10:30:00Z,121.64,3911.95
2025-11-21T11:00:00Z,119.94,3220.1
2025-11-21T11:30:00Z,112.68,3320.0
2025-11-21T12:00:00Z,123.21,4291.95
2025-11-21T12:30:00Z,118.6,4495.0
2025-11-21T13:00:00Z,113.4,3811.65
2025-11-21T13:30:00Z,109.53,3801.65
2025-11-21T14:00:00Z,102.71,4112.8
2025-11-21T14:30:00Z,104.65,4173.1
2025-11-21T15:00:00Z,103.74,4368.9
2025-11-21T15:30:00Z,116.93,4809.55
2025-11-21T16:00:00Z,122.8,4308.05
2025-11-21T16:30:00Z,123.59,4364.65
2025-11-21T17:00:00Z,126.71999999999998,4770.75
2025-11-21T17:30:00Z,125.8,3954.05
2025-11-21T18:00:00Z,117.32,3825.15
2025-11-21T18:30:00Z,111.05,3843.3
2025-11-21T19:00:00Z,89.92,2304.85
2025-11-21T19:30:00Z,83.83,2342.85
2025-11-21T20:00:00Z,85.75,2281.6
2025-11-21T20:30:00Z,83.92,2310.05
2025-11-21T21:00:00Z,78.15,2339.9
2025-11-21T21:30:00Z,80.87,2914.05
2025-11-21T22:00:00Z,74.26,2544.1
2025-11-21T22:30:00Z,72.6,2359.0
2025-11-21T23:00:00Z,65.43,940.0
2025-11-21T23:30:00Z,67.57,1214.85
2025-11-22T00:00:00Z,65.44,1264.0
2025-11-22T00:30:00Z,71.43,1590.0
2025-11-22T01:00:00Z,75.21,1822.75
2025-11-22T01:30:00Z,74.1,1777.6
2025-11-22T02:00:00Z,72.14,1814.35
2025-11-22T02:30:00Z,71.81,1715.7
2025-11-22T03:00:00Z,69.18,1438.05
2025-11-22T03:30:00Z,67.73,1528.4
2025-11-22T04:00:00Z,68.07,1421.1
2025-11-22T04:30:00Z,67.07,1503.5
2025-11-22T05:00:00Z,69.22,1355.25
2025-11-22T05:30:00Z,69.76,1360.7
2025-11-22T06:00:00Z,72.13,1709.35
2025-11-22T06:30:00Z,73.56,1618.5
2025-11-22T07:00:00Z,75.83,2497.3
2025-11-22T07:30:00Z,81.4,2557.6
2025-11-22T08:00:00Z,74.13,2581.4
2025-11-22T08:30:00Z,81.02,2208.05
2025-11-22T09:00:00Z,71.23,2012.25
2025-11-22T09:30:00Z,74.03,2103.4
2025-11-22T10:00:00Z,74.49,2085.7
2025-11-22T10:30:00Z,75.01,2051.9
2025-11-22T11:00:00Z,74.78,1856.7
2025-11-22T11:30:00Z,76.61,1872.35
2025-11-22T12:00:00Z,76.39,2063.05
2025-11-22T12:30:00Z,77.22,2400.5
2025-11-22T13:00:00Z,81.46,2345.2
2025-11-22T13:30:00Z,80.17,2041.05
2025-11-22T14:00:00Z,82.97,2277.55
2025-11-22T14:30:00Z,79.71,2102.95
2025-11-22T15:00:00Z,82.41,2318.1
2025-11-22T15:30:00Z,85.0,1954.0
2025-11-22T16:00:00Z,85.58,1949.75
2025-11-22T16:30:00Z,87.54,2060.0
2025-11-22T17:00:00Z,89.3,2375.95
2025-11-22T17:30:00Z,90.04,2135.0
2025-11-22T18:00:00Z,90.04,2293.0
2025-11-22T18:30:00Z,89.56,2318.3
2025-11-22T19:00:00Z,86.47,2707.15
2025-11-22T19:30:00Z,83.15,2599.0
2025-11-22T20:00:00Z,80.81,2647.0
2025-11-22T20:30:00Z,83.48,2589.85
2025-11-22T21:00:00Z,84.63,3446.1
2025-11-22T21:30:00Z,80.76,3295.8
2025-11-22T22:00:00Z,78.64,3595.55
2025-11-22T22:30:00Z,79.69,3767.05
2025-11-22T23:00:00Z,82.76,1577.15
2025-11-22T23:30:00Z,84.08,1541.8
2025-11-23T00:00:00Z,85.78,1308.05
2025-11-23T00:30:00Z,88.09000000000002,1550.1
2025-11-23T01:00:00Z,81.98,1345.0
2025-11-23T01:30:00Z,75.96,1452.1
2025-11-23T02:00:00Z,74.26,1884.2
2025-11-23T02:30:00Z,66.69,2192.0
2025-11-23T03:00:00Z,58.63,1829.95
2025-11-23T03:30:00Z,57.62,1679.65
2025-11-23T04:00:00Z,59.22,2042.0
2025-11-23T04:30:00Z,57.66,2155.45
2025-11-23T05:00:00Z,58.45,2476.4
2025-11-23T05:30:00Z,57.53000000000001,2493.35
2025-11-23T06:00:00Z,59.79,2643.55
2025-11-23T06:30:00Z,58.63000000000001,2466.8
2025-11-23T07:00:00Z,61.37,2577.25
2025-11-23T07:30:00Z,61.72,2349.05
2025-11-23T08:00:00Z,57.63,3228.5
2025-11-23T08:30:00Z,66.56,3508.8
2025-11-23T09:00:00Z,65.74,3841.2
2025-11-23T09:30:00Z,67.8,3784.9
2025-11-23T10:00:00Z,63.2,3585.5
2025-11-23T10:30:00Z,65.18,3747.75
2025-11-23T11:00:00Z,58.68,2901.2
2025-11-23T11:30:00Z,57.29,2921.3
2025-11-23T12:00:00Z,55.040000000000006,2848.75
2025-11-23T12:30:00Z,57.91471223021582,3336.0
2025-11-23T13:00:00Z,53.96,2933.65
2025-11-23T13:30:00Z,63.92,3440.0
2025-11-23T14:00:00Z,69.85,2626.8
2025-11-23T14:30:00Z,75.22,2736.25
2025-11-23T15:00:00Z,85.75,2198.95
2025-11-23T15:30:00Z,94.92,2087.95
2025-11-23T16:00:00Z,97.55,2225.25
2025-11-23T16:30:00Z,105.54,2393.05
2025-11-23T17:00:00Z,107.68999999999998,2622.1
2025-11-23T17:30:00Z,108.31,2864.7
2025-11-23T18:00:00Z,110.79,2979.45
2025-11-23T18:30:00Z,105.71,2761.95
2025-11-23T19:00:00Z,94.27,2728.25
2025-11-23T19:30:00Z,88.42,2419.65
2025-11-23T20:00:00Z,83.56,2685.45
2025-11-23T20:30:00Z,83.33,2655.4
2025-11-23T21:00:00Z,84.31,3195.55
2025-11-23T21:30:00Z,80.87,2304.3
2025-11-23T22:00:00Z,81.65,2652.4
2025-11-23T22:30:00Z,74.88,2776.9
2025-11-23T23:00:00Z,70.01,1387.25
2025-11-23T23:30:00Z,69.04,1688.0
2025-11-24T00:00:00Z,68.91,1629.45
2025-11-24T00:30:00Z,69.64,1437.85
2025-11-24T01:00:00Z,69.88,1936.35
2025-11-24T01:30:00Z,68.92,2039.85
2025-11-24T02:00:00Z,69.99,2221.45
2025-11-24T02:30:00Z,68.54,2322.2
2025-11-24T03:00:00Z,69.16,2276.15
2025-11-24T03:30:00Z,69.24,2110.6
2025-11-24T04:00:00Z,71.02,2023.0
2025-11-24T04:30:00Z,71.87,2092.05
2025-11-24T05:00:00Z,77.82,2125.45
2025-11-24T05:30:00Z,74.87,2043.9
2025-11-24T06:00:00Z,82.29,2298.05
2025-11-24T06:30:00Z,76.84,2608.4
2025-11-24T07:00:00Z,87.77,2252.4
2025-11-24T07:30:00Z,102.13,2824.5
2025-11-24T08:00:00Z,100.59,2146.4
2025-11-24T08:30:00Z,100.66,2410.95
2025-11-24T09:00:00Z,99.54000000000002,2769.15
2025-11-24T09:30:00Z,97.69,2773.6
2025-11-24T10:00:00Z,93.90000000000002,3175.75
2025-11-24T10:30:00Z,93.81,3003.05
2025-11-24T11:00:00Z,96.89,2524.35
2025-11-24T11:30:00Z,96.35,2396.85
2025-11-24T12:00:00Z,97.42,2586.65
2025-11-24T12:30:00Z,96.98,2470.7
2025-11-24T13:00:00Z,99.72,2765.65
2025-11-24T13:30:00Z,98.38,2676.7
2025-11-24T14:00:00Z,104.46000000000001,2913.65
2025-11-24T14:30:00Z,94.88000000000001,3473.1
2025-11-24T15:00:00Z,87.34,3756.55
2025-11-24T15:30:00Z,87.37,3870.95
2025-11-24T16:00:00Z,88.25,3759.75
2025-11-24T16:30:00Z,94.76,4539.25
2025-11-24T17:00:00Z,92.95,3806.2
2025-11-24T17:30:00Z,92.38,3376.25
2025-11-24T18:00:00Z,92.76,3393.8
2025-11-24T18:30:00Z,95.15,3673.15
2025-11-24T19:00:00Z,88.16,2917.0
2025-11-24T19:30:00Z,83.71,2474.05
2025-11-24T20:00:00Z,89.35,2325.8
2025-11-24T20:30:00Z,87.13,2474.25
2025-11-24T21:00:00Z,81.62,2402.7
2025-11-24T21:30:00Z,82.22,2200.15
2025-11-24T22:00:00Z,79.08,2564.1
2025-11-24T22:30:00Z,72.42,3029.65
2025-11-24T23:00:00Z,68.89,1707.2
2025-11-24T23:30:00Z,69.49,1943.95
2025-11-25T00:00:00Z,67.39,2111.0
2025-11-25T00:30:00Z,66.65,2194.25
2025-11-25T01:00:00Z,69.85,2085.35
2025-11-25T01:30:00Z,68.77,2174.4
2025-11-25T02:00:00Z,67.37,2167.5
2025-11-25T02:30:00Z,68.33,2118.65
2025-11-25T03:00:00Z,68.22,1683.4
2025-11-25T03:30:00Z,67.63,1758.4
2025-11-25T04:00:00Z,68.64,2138.9
2025-11-25T04:30:00Z,67.56,1992.4
2025-11-25T05:00:00Z,65.12,2176.6
2025-11-25T05:30:00Z,64.48,2149.9
2025-11-25T06:00:00Z,71.09,3273.95
2025-11-25T06:30:00Z,68.5,3212.25
2025-11-25T07:00:00Z,76.49,3392.7
2025-11-25T07:30:00Z,77.6,3588.0
2025-11-25T08:00:00Z,77.84,3617.45
2025-11-25T08:30:00Z,82.01,3579.0
2025-11-25T09:00:00Z,81.5,2822.7
2025-11-25T09:30:00Z,79.09,2568.55
2025-11-25T10:00:00Z,77.0,3330.2
2025-11-25T10:30:00Z,76.84,3428.9
2025-11-25T11:00:00Z,74.57,3146.35
2025-11-25T11:30:00Z,74.43,2680.75
2025-11-25T12:00:00Z,74.5,3688.25
2025-11-25T12:30:00Z,78.95,3730.1
2025-11-25T13:00:00Z,93.75,4009.95
2025-11-25T13:30:00Z,92.75,3985.75
2025-11-25T14:00:00Z,96.27,4417.0
2025-11-25T14:30:00Z,106.94,4773.05
2025-11-25T15:00:00Z,134.18,4863.2
2025-11-25T15:30:00Z,146.72,4690.65
2025-11-25T16:00:00Z,147.34,4503.5
2025-11-25T16:30:00Z,155.32,4854.25
2025-11-25T17:00:00Z,158.8,4861.0
2025-11-25T17:30:00Z,159.36,4747.15
2025-11-25T18:00:00Z,152.0,4813.45
2025-11-25T18:30:00Z,143.68,4947.8
2025-11-25T19:00:00Z,116.6,4267.9
2025-11-25T19:30:00Z,116.56,3901.75
2025-11-25T20:00:00Z,108.82,4084.05
2025-11-25T20:30:00Z,103.13,3083.0
2025-11-25T21:00:00Z,90.97,2886.05
2025-11-25T21:30:00Z,88.54999999999998,3101.2
2025-11-25T22:00:00Z,87.56,3569.35
2025-11-25T22:30:00Z,83.03,4071.95
2025-11-25T23:00:00Z,76.0,1544.05
2025-11-25T23:30:00Z,74.58,1608.2
2025-11-26T00:00:00Z,74.6,1263.8
2025-11-26T00:30:00Z,76.24,1304.35
2025-11-26T01:00:00Z,79.14,1140.95
2025-11-26T01:30:00Z,77.75,1258.2
2025-11-26T02:00:00Z,73.45,1347.6
2025-11-26T02:30:00Z,76.34,1782.9
2025-11-26T03:00:00Z,77.98,1570.25
2025-11-26T03:30:00Z,74.87,1476.35
2025-11-26T04:00:00Z,72.76,1549.3
2025-11-26T04:30:00Z,73.21,1540.65
2025-11-26T05:00:00Z,85.71,2039.5
2025-11-26T05:30:00Z,84.31,2545.3
2025-11-26T06:00:00Z,84.95,2618.3
2025-11-26T06:30:00Z,80.58,3287.3
2025-11-26T07:00:00Z,95.22,2723.5
2025-11-26T07:30:00Z,106.93999999999998,2731.75
2025-11-26T08:00:00Z,119.37,3054.25
2025-11-26T08:30:00Z,122.45,3520.4
2025-11-26T09:00:00Z,108.90999999999998,2908.75
2025-11-26T09:30:00Z,98.3,3194.5
2025-11-26T10:00:00Z,98.35,3867.2
2025-11-26T10:30:00Z,88.21000000000001,3771.75
2025-11-26T11:00:00Z,75.44,3643.9
2025-11-26T11:30:00Z,75.49000000000001,3505.25
2025-11-26T12:00:00Z,79.05,4040.1
2025-11-26T12:30:00Z,78.41,3958.5
2025-11-26T13:00:00Z,81.57,3499.2
2025-11-26T13:30:00Z,76.36,3839.5
2025-11-26T14:00:00Z,77.69,4328.35
2025-11-26T14:30:00Z,78.95,4382.9
2025-11-26T15:00:00Z,85.34,4578.45
2025-11-26T15:30:00Z,92.93,4729.05
2025-11-26T16:00:00Z,101.1,5061.5
2025-11-26T16:30:00Z,105.67999999999999,5091.35
2025-11-26T17:00:00Z,116.86,5600.4
2025-11-26T17:30:00Z,114.09,5116.2
2025-11-26T18:00:00Z,108.72999999999999,5342.45
2025-11-26T18:30:00Z,106.53000000000002,5014.5
2025-11-26T19:00:00Z,86.29,4119.15
2025-11-26T19:30:00Z,85.02,4082.55
2025-11-26T20:00:00Z,76.1,4101.65
2025-11-26T20:30:00Z,77.66,4229.8
2025-11-26T21:00:00Z,77.98,4424.7
2025-11-26T21:30:00Z,75.9,4151.6
2025-11-26T22:00:00Z,75.27,4226.7
2025-11-26T22:30:00Z,72.49,5040.45
2025-11-26T23:00:00Z,64.95,2467.15
2025-11-26T23:30:00Z,59.269999999999996,2645.15
2025-11-27T00:00:00Z,61.71,2899.95
2025-11-27T00:30:00Z,62.839999999999996,3070.05
2025-11-27T01:00:00Z,56.910000000000004,2750.45
2025-11-27T01:30:00Z,56.13,2784.4
2025-11-27T02:00:00Z,58.42,3277.1
2025-11-27T02:30:00Z,55.17,2877.45
2025-11-27T03:00:00Z,47.51,2748.2
2025-11-27T03:30:00Z,47.27,3286.05
2025-11-27T04:00:00Z,62.4,2764.75
2025-11-27T04:30:00Z,63.21999999999999,2715.4
2025-11-27T05:00:00Z,64.41,2401.85
2025-11-27T05:30:00Z,71.3,2783.8
2025-11-27T06:00:00Z,72.47,2611.25
2025-11-27T06:30:00Z,79.7,3132.4
2025-11-27T07:00:00Z,81.22,3182.05
2025-11-27T07:30:00Z,91.07999999999998,3296.35
2025-11-27T08:00:00Z,87.33,3119.8
2025-11-27T08:30:00Z,87.72,2971.25
2025-11-27T09:00:00Z,84.39000000000001,3522.15
2025-11-27T09:30:00Z,79.42,3311.05
2025-11-27T10:00:00Z,79.71,3287.5
2025-11-27T10:30:00Z,72.44,2697.25
2025-11-27T11:00:00Z,61.43,1985.55
2025-11-27T11:30:00Z,59.0,2101.45
2025-11-27T12:00:00Z,61.67,1870.3
2025-11-27T12:30:00Z,60.81000000000001,1795.5
2025-11-27T13:00:00Z,57.34,1919.75
2025-11-27T13:30:00Z,48.19,2431.35
2025-11-27T14:00:00Z,52.16,2708.05
2025-11-27T14:30:00Z,55.95,2830.65
2025-11-27T15:00:00Z,67.08,2606.2
2025-11-27T15:30:00Z,67.27,2281.55
2025-11-27T16:00:00Z,74.16,2465.15
2025-11-27T16:30:00Z,78.17,2914.75
2025-11-27T17:00:00Z,76.61,2964.8
2025-11-27T17:30:00Z,77.81,3319.75
2025-11-27T18:00:00Z,77.91,3161.15
2025-11-27T18:30:00Z,74.71,3292.15
2025-11-27T19:00:00Z,74.3,2986.25
2025-11-27T19:30:00Z,70.07,3072.95
2025-11-27T20:00:00Z,64.12,2998.15
2025-11-27T20:30:00Z,60.57,2824.0
2025-11-27T21:00:00Z,71.66,3486.65
2025-11-27T21:30:00Z,64.92,3483.75
2025-11-27T22:00:00Z,67.84,3573.95
2025-11-27T22:30:00Z,50.60999999999999,3328.65
2025-11-27T23:00:00Z,45.34,1850.5
2025-11-27T23:30:00Z,44.4,2491.7
2025-11-28T00:00:00Z,49.56,2486.0
2025-11-28T00:30:00Z,60.7,2316.7
2025-11-28T01:00:00Z,58.04,2726.2
2025-11-28T01:30:00Z,54.86,2919.8
2025-11-28T02:00:00Z,58.6,3399.6
2025-11-28T02:30:00Z,56.71,2713.2
2025-11-28T03:00:00Z,58.91,2801.95
2025-11-28T03:30:00Z,57.50000000000001,2715.7
2025-11-28T04:00:00Z,61.14,2669.65
2025-11-28T04:30:00Z,64.47,3185.8
2025-11-28T05:00:00Z,64.29,2536.5
2025-11-28T05:30:00Z,70.77,2565.3
2025-11-28T06:00:00Z,68.12,1967.0
2025-11-28T06:30:00Z,87.06,2433.0
2025-11-28T07:00:00Z,80.06,2514.95
2025-11-28T07:30:00Z,89.73000000000002,3200.05
2025-11-28T08:00:00Z,80.98999999999998,3598.5
2025-11-28T08:30:00Z,85.43,3682.6
2025-11-28T09:00:00Z,89.09999999999998,3543.3
2025-11-28T09:30:00Z,86.22,3785.25
2025-11-28T10:00:00Z,86.7,4093.9
2025-11-28T10:30:00Z,78.01,3695.1
2025-11-28T11:00:00Z,83.09,3737.35
2025-11-28T11:30:00Z,72.2,2962.9
2025-11-28T12:00:00Z,73.88,2937.45
2025-11-28T12:30:00Z,78.45,3616.85
2025-11-28T13:00:00Z,76.01,3082.3
2025-11-28T13:30:00Z,74.42,3094.45
2025-11-28T14:00:00Z,78.39,3103.7
2025-11-28T14:30:00Z,79.32,3292.1
2025-11-28T15:00:00Z,81.21,3270.25
2025-11-28T15:30:00Z,86.59,2809.95
2025-11-28T16:00:00Z,88.54,3143.25
2025-11-28T16:30:00Z,90.14,3510.7
2025-11-28T17:00:00Z,94.15000000000002,3582.05
2025-11-28T17:30:00Z,95.18,3665.75
2025-11-28T18:00:00Z,95.76,3627.75
2025-11-28T18:30:00Z,94.23,3253.4
2025-11-28T19:00:00Z,90.02,2805.85
2025-11-28T19:30:00Z,84.69,2965.1
2025-11-28T20:00:00Z,88.53,2868.4
2025-11-28T20:30:00Z,87.25,2674.25
2025-11-28T21:00:00Z,84.22,2045.5
2025-11-28T21:30:00Z,80.2,2420.95
2025-11-28T22:00:00Z,79.8,2077.75
2025-11-28T22:30:00Z,75.21,2034.95
2025-11-28T23:00:00Z,63.38,1930.0
2025-11-28T23:30:00Z,67.53,1710.05
2025-11-29T00:00:00Z,72.01193128439137,1862.75
2025-11-29T00:30:00Z,76.12545696660052,1839.8500000000001
2025-11-29T01:00:00Z,72.42804696449026,1309.5
2025-11-29T01:30:00Z,71.96832553746513,1111.7
2025-11-29T02:00:00Z,72.74,892.0
2025-11-29T02:30:00Z,73.31,970.5
2025-11-29T03:00:00Z,63.13512455516015,140.5
2025-11-29T03:30:00Z,38.67,201.35
2025-11-29T04:00:00Z,36.48,502.55
2025-11-29T04:30:00Z,33.2,675.95
2025-11-29T05:00:00Z,43.95154464441727,1716.9
2025-11-29T05:30:00Z,39.39,1773.7
2025-11-29T06:00:00Z,44.35,2515.9
2025-11-29T06:30:00Z,40.76218243631812,2956.1
2025-11-29T07:00:00Z,59.48,3404.95
2025-11-29T07:30:00Z,60.3,2992.2
2025-11-29T08:00:00Z,64.62,3238.5
2025-11-29T08:30:00Z,66.04,3134.55
2025-11-29T09:00:00Z,61.85,2742.25
2025-11-29T09:30:00Z,60.39,2837.75
2025-11-29T10:00:00Z,63.339999999999996,3014.55
2025-11-29T10:30:00Z,62.57,3299.25
2025-11-29T11:00:00Z,66.5,3508.35
2025-11-29T11:30:00Z,67.93,3591.1
2025-11-29T12:00:00Z,67.99,3448.2
2025-11-29T12:30:00Z,67.44,3766.7
2025-11-29T13:00:00Z,66.69,3437.65
2025-11-29T13:30:00Z,63.99,3164.25
2025-11-29T14:00:00Z,63.9,3385.0
2025-11-29T14:30:00Z,63.51,3418.1
2025-11-29T15:00:00Z,67.82,3398.6
2025-11-29T15:30:00Z,68.59,3642.1
2025-11-29T16:00:00Z,78.72,4249.95
2025-11-29T16:30:00Z,78.2,4753.6
2025-11-29T17:00:00Z,75.67,4512.0
2025-11-29T17:30:00Z,74.69,4573.5
2025-11-29T18:00:00Z,72.22,4228.4
2025-11-29T18:30:00Z,73.93,4411.55
2025-11-29T19:00:00Z,78.64,5042.6
2025-11-29T19:30:00Z,77.62,4757.8
2025-11-29T20:00:00Z,72.35,4927.95
2025-11-29T20:30:00Z,68.59,4188.45
2025-11-29T21:00:00Z,74.41,4277.5
2025-11-29T21:30:00Z,69.65,3558.35
2025-11-29T22:00:00Z,72.01,3636.0
2025-11-29T22:30:00Z,64.78,3226.9
2025-11-29T23:00:00Z,64.93,2638.6
2025-11-29T23:30:00Z,60.839999999999996,2720.8
2025-11-30T00:00:00Z,66.42,3127.1
2025-11-30T00:30:00Z,69.46,2782.2
2025-11-30T01:00:00Z,67.49,3198.7
2025-11-30T01:30:00Z,69.37,3201.1
2025-11-30T02:00:00Z,65.14,3160.9
2025-11-30T02:30:00Z,63.85,3356.55
2025-11-30T03:00:00Z,63.49999999999999,2785.4
2025-11-30T03:30:00Z,60.59,2550.35
2025-11-30T04:00:00Z,60.31000000000001,2589.1
2025-11-30T04:30:00Z,57.39,2618.65
2025-11-30T05:00:00Z,43.19,2680.9
2025-11-30T05:30:00Z,40.45,2685.1
2025-11-30T06:00:00Z,41.95,3452.5
2025-11-30T06:30:00Z,53.36,3363.6
2025-11-30T07:00:00Z,56.55,3344.55
2025-11-30T07:30:00Z,66.89,2843.8
2025-11-30T08:00:00Z,67.35,3529.85
2025-11-30T08:30:00Z,71.18,3290.7
2025-11-30T09:00:00Z,68.1,2362.3
2025-11-30T09:30:00Z,69.75,2371.65
2025-11-30T10:00:00Z,67.17,2478.6
2025-11-30T10:30:00Z,61.82,2096.25
2025-11-30T11:00:00Z,63.22,2032.9
2025-11-30T11:30:00Z,60.620000000000005,2468.55
2025-11-30T12:00:00Z,61.69,2264.35
2025-11-30T12:30:00Z,61.83,2287.6
2025-11-30T13:00:00Z,66.74,2799.9
2025-11-30T13:30:00Z,66.03,2801.25
2025-11-30T14:00:00Z,75.72,3371.55
2025-11-30T14:30:00Z,76.79,3198.15
2025-11-30T15:00:00Z,81.41,2735.35
2025-11-30T15:30:00Z,90.79,2851.85
2025-11-30T16:00:00Z,95.87,2672.8
2025-11-30T16:30:00Z,97.94,2448.2
2025-11-30T17:00:00Z,101.53,3066.4
2025-11-30T17:30:00Z,102.05000000000001,3575.7
2025-11-30T18:00:00Z,96.16,3313.95
2025-11-30T18:30:00Z,87.96,2968.5
2025-11-30T19:00:00Z,83.54,3135.2
2025-11-30T19:30:00Z,77.0,3382.95
2025-11-30T20:00:00Z,75.01,2998.15
2025-11-30T20:30:00Z,71.99,3007.15
2025-11-30T21:00:00Z,69.07,3807.05
2025-11-30T21:30:00Z,69.36,4074.25
2025-11-30T22:00:00Z,62.77,2760.05
2025-11-30T22:30:00Z,42.8,2559.85
2025-11-30T23:00:00Z,32.76,1617.85
2025-11-30T23:30:00Z,22.77,2296.95
2025-12-01T00:00:00Z,41.55,2200.75
2025-12-01T00:30:00Z,47.45,2468.2
2025-12-01T01:00:00Z,52.4,2902.85
2025-12-01T01:30:00Z,48.53,2990.5
2025-12-01T02:00:00Z,49.3,3014.55
2025-12-01T02:30:00Z,47.09,2924.0
2025-12-01T03:00:00Z,51.65,2846.0
2025-12-01T03:30:00Z,51.68000000000001,3058.75
2025-12-01T04:00:00Z,50.64,2737.0
2025-12-01T04:30:00Z,51.629999999999995,3009.45
2025-12-01T05:00:00Z,56.6,2164.75
2025-12-01T05:30:00Z,68.66,2135.65
2025-12-01T06:00:00Z,71.5,2390.45
2025-12-01T06:30:00Z,74.93,2760.6
2025-12-01T07:00:00Z,81.71,2653.05
2025-12-01T07:30:00Z,88.46,3107.1
2025-12-01T08:00:00Z,81.49,3005.9
2025-12-01T08:30:00Z,86.73,3039.45
2025-12-01T09:00:00Z,81.59,2854.35
2025-12-01T09:30:00Z,84.1,3092.85
2025-12-01T10:00:00Z,78.12,3216.2
2025-12-01T10:30:00Z,78.51,3225.85
2025-12-01T11:00:00Z,79.38,3374.15
2025-12-01T11:30:00Z,76.15,3177.55
2025-12-01T12:00:00Z,80.48,3006.65
2025-12-01T12:30:00Z,80.0,3047.95
2025-12-01T13:00:00Z,77.71,3273.65
2025-12-01T13:30:00Z,77.94,3182.2
2025-12-01T14:00:00Z,82.05,3483.6
2025-12-01T14:30:00Z,83.19,3730.5
2025-12-01T15:00:00Z,85.16,3504.55
2025-12-01T15:30:00Z,87.03,2978.15
2025-12-01T16:00:00Z,87.14,3189.15
2025-12-01T16:30:00Z,87.89,3240.7
2025-12-01T17:00:00Z,88.55,3500.95
2025-12-01T17:30:00Z,87.09,3251.5
2025-12-01T18:00:00Z,82.19,3659.6
2025-12-01T18:30:00Z,83.58,3689.35
2025-12-01T19:00:00Z,83.71,3489.95
2025-12-01T19:30:00Z,80.64,2864.65
2025-12-01T20:00:00Z,81.18,2964.05
2025-12-01T20:30:00Z,78.1,2647.75
2025-12-01T21:00:00Z,77.67,2731.7
2025-12-01T21:30:00Z,79.05,2480.0
2025-12-01T22:00:00Z,82.32,2954.6
2025-12-01T22:30:00Z,71.76,2823.95
2025-12-01T23:00:00Z,74.06,2523.75
2025-12-01T23:30:00Z,68.13,2495.15
2025-12-02T00:00:00Z,68.23,2839.95
2025-12-02T00:30:00Z,65.77,3006.2
2025-12-02T01:00:00Z,63.64999999999999,2627.55
2025-12-02T01:30:00Z,61.89,2618.45
2025-12-02T02:00:00Z,64.2,2697.75
2025-12-02T02:30:00Z,63.88,2648.65
2025-12-02T03:00:00Z,64.25,2884.0
2025-12-02T03:30:00Z,60.63,3099.8
2025-12-02T04:00:00Z,60.35000000000001,2865.2
2025-12-02T04:30:00Z,55.22,3332.6
2025-12-02T05:00:00Z,62.690000000000005,2564.5
2025-12-02T05:30:00Z,66.24,2485.75
2025-12-02T06:00:00Z,72.65,2724.25
2025-12-02T06:30:00Z,70.29,2803.5
2025-12-02T07:00:00Z,80.48,2980.0
2025-12-02T07:30:00Z,86.46,2929.35
2025-12-02T08:00:00Z,84.8,2815.8
2025-12-02T08:30:00Z,85.37,2896.55
2025-12-02T09:00:00Z,84.22,3004.75
2025-12-02T09:30:00Z,76.08,3101.05
2025-12-02T10:00:00Z,78.39,3090.55
2025-12-02T10:30:00Z,73.66,3260.4
2025-12-02T11:00:00Z,73.71,2742.1
2025-12-02T11:30:00Z,73.14,2750.1
2025-12-02T12:00:00Z,76.82,2677.0
2025-12-02T12:30:00Z,80.38,2638.2
2025-12-02T13:00:00Z,84.2,2822.75
2025-12-02T13:30:00Z,84.73000000000002,3112.8
2025-12-02T14:00:00Z,87.67,3581.8
2025-12-02T14:30:00Z,87.41,3827.8
2025-12-02T15:00:00Z,106.87,3364.8
2025-12-02T15:30:00Z,112.85,3848.35
2025-12-02T16:00:00Z,122.77,3602.65
2025-12-02T16:30:00Z,122.39,4056.25
2025-12-02T17:00:00Z,121.99,4894.8
2025-12-02T17:30:00Z,121.22,4566.65
2025-12-02T18:00:00Z,121.51000000000002,4321.4
2025-12-02T18:30:00Z,121.6,4117.6
2025-12-02T19:00:00Z,106.33,3417.95
2025-12-02T19:30:00Z,104.41,3153.85
2025-12-02T20:00:00Z,97.35000000000001,3158.35
2025-12-02T20:30:00Z,92.65,3179.6
2025-12-02T21:00:00Z,90.02,4433.65
2025-12-02T21:30:00Z,84.25,3882.6
2025-12-02T22:00:00Z,83.24,4003.35
2025-12-02T22:30:00Z,81.69,3924.25
2025-12-02T23:00:00Z,72.56,2132.7
2025-12-02T23:30:00Z,75.55,2178.9
2025-12-03T00:00:00Z,74.88,1654.35
2025-12-03T00:30:00Z,79.81,1955.0
2025-12-03T01:00:00Z,78.66,1523.3
2025-12-03T01:30:00Z,80.15000000000002,1670.55
2025-12-03T02:00:00Z,81.62,1661.1
2025-12-03T02:30:00Z,81.86,1553.35
2025-12-03T03:00:00Z,82.17,1188.2
2025-12-03T03:30:00Z,79.61,1113.55
2025-12-03T04:00:00Z,75.6,1224.45
2025-12-03T04:30:00Z,77.87,1361.35
2025-12-03T05:00:00Z,83.16,1499.45
2025-12-03T05:30:00Z,76.73,2230.75
2025-12-03T06:00:00Z,90.38,1920.65
2025-12-03T06:30:00Z,91.6,2043.2
2025-12-03T07:00:00Z,102.33,2132.05
2025-12-03T07:30:00Z,105.2,2173.85
2025-12-03T08:00:00Z,106.99,2612.75
2025-12-03T08:30:00Z,105.15,2991.9
2025-12-03T09:00:00Z,98.01,2482.75
2025-12-03T09:30:00Z,92.11,2603.9
2025-12-03T10:00:00Z,90.97,2700.6
2025-12-03T10:30:00Z,86.41,2748.6
2025-12-03T11:00:00Z,82.45,3159.1
2025-12-03T11:30:00Z,83.83,3059.65
2025-12-03T12:00:00Z,74.51,3747.8
2025-12-03T12:30:00Z,76.03,2893.8
2025-12-03T13:00:00Z,76.47,2994.75
2025-12-03T13:30:00Z,79.5,2677.75
2025-12-03T14:00:00Z,83.45,3065.85
2025-12-03T14:30:00Z,89.5,3370.9
2025-12-03T15:00:00Z,101.5,3346.05
2025-12-03T15:30:00Z,106.59,3793.85
2025-12-03T16:00:00Z,106.49,3811.4
2025-12-03T16:30:00Z,115.59,4110.7
2025-12-03T17:00:00Z,115.6,4214.05
2025-12-03T17:30:00Z,114.2,4397.5
2025-12-03T18:00:00Z,115.16000000000001,4620.55
2025-12-03T18:30:00Z,110.28,4403.65
2025-12-03T19:00:00Z,93.02,3552.75
2025-12-03T19:30:00Z,87.13,3915.4
2025-12-03T20:00:00Z,85.36,3867.35
2025-12-03T20:30:00Z,85.13,3966.15
2025-12-03T21:00:00Z,78.84,4493.9
2025-12-03T21:30:00Z,80.12000000000002,3935.55
2025-12-03T22:00:00Z,79.15,4242.3
2025-12-03T22:30:00Z,76.76,4145.55
2025-12-03T23:00:00Z,82.16,2032.3
2025-12-03T23:30:00Z,83.94,1988.45
2025-12-04T00:00:00Z,79.77,1599.7
2025-12-04T00:30:00Z,83.9,1757.05
2025-12-04T01:00:00Z,83.31999999999998,1979.45
2025-12-04T01:30:00Z,79.89,1786.0
2025-12-04T02:00:00Z,81.61,1778.0
2025-12-04T02:30:00Z,79.64,1830.35
2025-12-04T03:00:00Z,78.25,2132.2
2025-12-04T03:30:00Z,75.72,2332.6
2025-12-04T04:00:00Z,73.66,2196.65
2025-12-04T04:30:00Z,70.49,2261.2
2025-12-04T05:00:00Z,68.07,2227.05
2025-12-04T05:30:00Z,67.91,2069.2
2025-12-04T06:00:00Z,75.6,2285.9
2025-12-04T06:30:00Z,74.0,2331.9
2025-12-04T07:00:00Z,70.37,2470.65
2025-12-04T07:30:00Z,71.38,2321.35
2025-12-04T08:00:00Z,71.49,2363.2
2025-12-04T08:30:00Z,73.54,2498.2
2025-12-04T09:00:00Z,72.84,2763.45
2025-12-04T09:30:00Z,74.85,2907.45
2025-12-04T10:00:00Z,73.08,3191.0
2025-12-04T10:30:00Z,73.87,3707.95
2025-12-04T11:00:00Z,74.87,4015.05
2025-12-04T11:30:00Z,75.48,4031.1
2025-12-04T12:00:00Z,74.18,3877.4
2025-12-04T12:30:00Z,71.66,3666.3
2025-12-04T13:00:00Z,72.49,3576.3
2025-12-04T13:30:00Z,72.4,4162.95
2025-12-04T14:00:00Z,76.52,4230.3
2025-12-04T14:30:00Z,77.73,4270.8
2025-12-04T15:00:00Z,84.71,5513.95
2025-12-04T15:30:00Z,86.65,5205.1
2025-12-04T16:00:00Z,80.49,4664.7
2025-12-04T16:30:00Z,84.53,5030.7
2025-12-04T17:00:00Z,85.85,5774.8
2025-12-04T17:30:00Z,88.11,5163.9
2025-12-04T18:00:00Z,88.06,5264.15
2025-12-04T18:30:00Z,91.69,5231.05
2025-12-04T19:00:00Z,89.91,5029.15
2025-12-04T19:30:00Z,87.2,4810.25
2025-12-04T20:00:00Z,89.26,4402.5
2025-12-04T20:30:00Z,87.40999999999998,3950.5
2025-12-04T21:00:00Z,88.16,3210.0
2025-12-04T21:30:00Z,79.3,2504.9
2025-12-04T22:00:00Z,78.29,2435.2
2025-12-04T22:30:00Z,75.71,2335.75
2025-12-04T23:00:00Z,75.1,1753.75
2025-12-04T23:30:00Z,69.62,1936.55
2025-12-05T00:00:00Z,70.75,1946.55
2025-12-05T00:30:00Z,73.77,1838.65
2025-12-05T01:00:00Z,72.46,1496.4
2025-12-05T01:30:00Z,70.84,1759.1
2025-12-05T02:00:00Z,69.25,1667.25
2025-12-05T02:30:00Z,68.42,1682.55
2025-12-05T03:00:00Z,67.37,1631.05
2025-12-05T03:30:00Z,66.5,1549.9
2025-12-05T04:00:00Z,66.12,1456.25
2025-12-05T04:30:00Z,65.18,1497.05
2025-12-05T05:00:00Z,66.29,1767.35
2025-12-05T05:30:00Z,57.53,1607.2
2025-12-05T06:00:00Z,74.5,1682.15
2025-12-05T06:30:00Z,83.04,1936.6
2025-12-05T07:00:00Z,102.32,2758.75
2025-12-05T07:30:00Z,111.08,3032.05
2025-12-05T08:00:00Z,109.21,3257.2
2025-12-05T08:30:00Z,107.36,3642.1
2025-12-05T09:00:00Z,91.81,2830.4
2025-12-05T09:30:00Z,80.97,2687.85
2025-12-05T10:00:00Z,77.32,2717.65
2025-12-05T10:30:00Z,70.2,3007.6
2025-12-05T11:00:00Z,73.49,4222.75
2025-12-05T11:30:00Z,70.44,4426.0
2025-12-05T12:00:00Z,71.16,4130.4
2025-12-05T12:30:00Z,75.84,4328.15
2025-12-05T13:00:00Z,73.32,4285.95
2025-12-05T13:30:00Z,72.5,3458.85
2025-12-05T14:00:00Z,66.85,2955.7
2025-12-05T14:30:00Z,64.77,3008.25
2025-12-05T15:00:00Z,69.4,2635.25
2025-12-05T15:30:00Z,70.94,2875.8
2025-12-05T16:00:00Z,73.22,3051.9
2025-12-05T16:30:00Z,76.21,3527.8
2025-12-05T17:00:00Z,76.52,3784.4
2025-12-05T17:30:00Z,77.3,3193.7
2025-12-05T18:00:00Z,75.24,3242.25
2025-12-05T18:30:00Z,74.65,3098.4
2025-12-05T19:00:00Z,76.73,2618.55
2025-12-05T19:30:00Z,77.81,2898.9
2025-12-05T20:00:00Z,76.33,2538.0
2025-12-05T20:30:00Z,75.32,2407.8
2025-12-05T21:00:00Z,78.42,1994.35
2025-12-05T21:30:00Z,72.32,1789.15
2025-12-05T22:00:00Z,73.19,1891.1
2025-12-05T22:30:00Z,66.47,1978.15
2025-12-05T23:00:00Z,60.7,1622.4
2025-12-05T23:30:00Z,62.07,1581.1
2025-12-06T00:00:00Z,60.18,1956.5
2025-12-06T00:30:00Z,65.74,2181.95
2025-12-06T01:00:00Z,68.35,1896.0
2025-12-06T01:30:00Z,67.02,1757.2
2025-12-06T02:00:00Z,64.15,2115.35
2025-12-06T02:30:00Z,66.18,2168.25
2025-12-06T03:00:00Z,66.63,1654.25
2025-12-06T03:30:00Z,64.68,1609.15
2025-12-06T04:00:00Z,65.68,1983.1
2025-12-06T04:30:00Z,63.34,1553.9
2025-12-06T05:00:00Z,61.9,1597.25
2025-12-06T05:30:00Z,62.43,1800.6
2025-12-06T06:00:00Z,59.89,1861.45
2025-12-06T06:30:00Z,62.78,1906.8
2025-12-06T07:00:00Z,69.15,2157.1
2025-12-06T07:30:00Z,71.91,2035.95
2025-12-06T08:00:00Z,65.76,2029.4
2025-12-06T08:30:00Z,70.48,2183.4
2025-12-06T09:00:00Z,69.0,2087.5
2025-12-06T09:30:00Z,73.78,2064.3
2025-12-06T10:00:00Z,76.26,2278.4
2025-12-06T10:30:00Z,75.06,2234.6
2025-12-06T11:00:00Z,71.73,2075.15
2025-12-06T11:30:00Z,70.37,2065.3
2025-12-06T12:00:00Z,73.57,2350.8
2025-12-06T12:30:00Z,74.08,2489.0
2025-12-06T13:00:00Z,74.44,2311.5
2025-12-06T13:30:00Z,73.15,2100.7
2025-12-06T14:00:00Z,75.0,2429.7
2025-12-06T14:30:00Z,76.93,2483.75
2025-12-06T15:00:00Z,83.45,2121.9
2025-12-06T15:30:00Z,86.3,2363.25
2025-12-06T16:00:00Z,80.01,2279.75
2025-12-06T16:30:00Z,83.58,2505.05
2025-12-06T17:00:00Z,87.48,2984.45
2025-12-06T17:30:00Z,86.03,2798.45
2025-12-06T18:00:00Z,87.07,2693.45
2025-12-06T18:30:00Z,87.13,2704.6
2025-12-06T19:00:00Z,81.11,1911.95
2025-12-06T19:30:00Z,75.68,1856.7
2025-12-06T20:00:00Z,76.32,2063.1
2025-12-06T20:30:00Z,74.2,1893.3
2025-12-06T21:00:00Z,71.44,2175.1
2025-12-06T21:30:00Z,71.98,1923.4
2025-12-06T22:00:00Z,74.08,2013.2
2025-12-06T22:30:00Z,66.34,1836.9
2025-12-06T23:00:00Z,62.21,1136.3
2025-12-06T23:30:00Z,62.410000000000004,1312.7
2025-12-07T00:00:00Z,65.04,1383.7
2025-12-07T00:30:00Z,66.77,988.75
2025-12-07T01:00:00Z,67.38,1106.4
2025-12-07T01:30:00Z,63.21999999999999,1159.05
2025-12-07T02:00:00Z,63.779999999999994,1210.75
2025-12-07T02:30:00Z,63.190000000000005,1205.65
2025-12-07T03:00:00Z,68.46,1430.35
2025-12-07T03:30:00Z,69.41,1432.8
2025-12-07T04:00:00Z,69.28,1245.25
2025-12-07T04:30:00Z,69.6,1281.05
2025-12-07T05:00:00Z,69.9,1393.4
2025-12-07T05:30:00Z,70.94,1225.1
2025-12-07T06:00:00Z,71.77,1267.85
2025-12-07T06:30:00Z,72.02,1446.2
2025-12-07T07:00:00Z,78.16,1461.8
2025-12-07T07:30:00Z,73.41,1447.4
2025-12-07T08:00:00Z,81.11,1862.05
2025-12-07T08:30:00Z,92.12,2404.65
2025-12-07T09:00:00Z,83.53999999999999,1584.2
2025-12-07T09:30:00Z,89.18000000000002,1690.4
2025-12-07T10:00:00Z,87.40000000000002,1692.35
2025-12-07T10:30:00Z,87.84,2260.9
2025-12-07T11:00:00Z,87.26,2456.9
2025-12-07T11:30:00Z,88.42,2617.95
2025-12-07T12:00:00Z,88.08,2747.65
2025-12-07T12:30:00Z,84.56,2936.6
2025-12-07T13:00:00Z,83.02,2819.6
2025-12-07T13:30:00Z,79.86,2796.65
2025-12-07T14:00:00Z,80.65,2713.6
2025-12-07T14:30:00Z,76.34,2784.95
2025-12-07T15:00:00Z,73.72,2208.65
2025-12-07T15:30:00Z,74.48,2375.8
2025-12-07T16:00:00Z,79.22,2483.85
2025-12-07T16:30:00Z,82.68,2860.6
2025-12-07T17:00:00Z,81.68000000000002,3293.3
2025-12-07T17:30:00Z,80.19,3410.95
2025-12-07T18:00:00Z,75.69,3101.2
2025-12-07T18:30:00Z,77.2,3196.85
2025-12-07T19:00:00Z,71.13,2537.95
2025-12-07T19:30:00Z,64.33,2526.1
2025-12-07T20:00:00Z,63.35000000000001,2335.75
2025-12-07T20:30:00Z,56.76,2202.7
2025-12-07T21:00:00Z,38.56,2907.15
2025-12-07T21:30:00Z,28.439999999999998,2679.85
2025-12-07T22:00:00Z,25.23,2310.9
2025-12-07T22:30:00Z,18.09,2595.6
2025-12-07T23:00:00Z,19.72,2262.85
2025-12-07T23:30:00Z,13.09,2276.05
2025-12-08T00:00:00Z,17.21,1956.65
2025-12-08T00:30:00Z,22.14,2253.4
2025-12-08T01:00:00Z,25.360000000000003,1776.8
2025-12-08T01:30:00Z,24.360000000000003,1673.25
2025-12-08T02:00:00Z,27.68,1872.45
2025-12-08T02:30:00Z,30.13,2060.25
2025-12-08T03:00:00Z,30.62,2665.4
2025-12-08T03:30:00Z,30.58,2962.3
2025-12-08T04:00:00Z,30.64,3304.65
2025-12-08T04:30:00Z,26.229999999999997,3316.9
2025-12-08T05:00:00Z,39.12,2949.85
2025-12-08T05:30:00Z,45.08,2769.75
2025-12-08T06:00:00Z,56.32999999999999,2563.85
2025-12-08T06:30:00Z,72.28,2406.45
2025-12-08T07:00:00Z,83.69,2291.25
2025-12-08T07:30:00Z,88.72,2495.7
2025-12-08T08:00:00Z,89.75,2590.35
2025-12-08T08:30:00Z,89.59,2577.35
2025-12-08T09:00:00Z,89.47,2378.8
2025-12-08T09:30:00Z,86.97,2367.55
2025-12-08T10:00:00Z,82.74,3137.55
2025-12-08T10:30:00Z,74.55,2939.2
2025-12-08T11:00:00Z,70.63,3317.1
2025-12-08T11:30:00Z,72.92,4040.4
2025-12-08T12:00:00Z,72.39,3797.3
2025-12-08T12:30:00Z,73.93,3565.15
2025-12-08T13:00:00Z,76.39,3576.6
2025-12-08T13:30:00Z,73.26,3552.05
2025-12-08T14:00:00Z,76.36,3370.45
2025-12-08T14:30:00Z,78.28000000000002,3589.55
2025-12-08T15:00:00Z,79.32,3451.7
2025-12-08T15:30:00Z,87.4,3549.45
2025-12-08T16:00:00Z,84.90000000000002,3330.75
2025-12-08T16:30:00Z,86.64,4058.85
2025-12-08T17:00:00Z,90.73,3665.75
2025-12-08T17:30:00Z,85.62999999999998,3415.2
2025-12-08T18:00:00Z,83.86,3298.25
2025-12-08T18:30:00Z,81.68,3033.75
2025-12-08T19:00:00Z,76.76,2041.5
2025-12-08T19:30:00Z,87.48,2555.4
2025-12-08T20:00:00Z,82.96,3100.5
2025-12-08T20:30:00Z,78.41,2847.7
2025-12-08T21:00:00Z,72.7,2377.25
2025-12-08T21:30:00Z,72.12,2591.85
2025-12-08T22:00:00Z,77.2,2240.85
2025-12-08T22:30:00Z,70.63,2067.15
2025-12-08T23:00:00Z,71.57,1658.25
2025-12-08T23:30:00Z,63.29,1263.3
2025-12-09T00:00:00Z,63.64,1612.9
2025-12-09T00:30:00Z,61.260000000000005,1523.75
2025-12-09T01:00:00Z,59.75,1893.55
2025-12-09T01:30:00Z,52.51,1642.35
2025-12-09T02:00:00Z,53.92,1555.4
2025-12-09T02:30:00Z,51.22,1886.9
2025-12-09T03:00:00Z,54.61,2203.55
2025-12-09T03:30:00Z,49.67,2198.3
2025-12-09T04:00:00Z,53.32,2180.35
2025-12-09T04:30:00Z,46.8,2651.35
2025-12-09T05:00:00Z,40.32,2252.5
2025-12-09T05:30:00Z,45.3,2501.1
2025-12-09T06:00:00Z,51.739999999999995,2856.4
2025-12-09T06:30:00Z,59.07,2741.95
2025-12-09T07:00:00Z,75.18,2068.55
2025-12-09T07:30:00Z,82.32,2686.15
2025-12-09T08:00:00Z,85.12,2607.35
2025-12-09T08:30:00Z,86.96,2764.7
2025-12-09T09:00:00Z,87.84,2447.65
2025-12-09T09:30:00Z,88.25,2874.3
2025-12-09T10:00:00Z,85.96,3027.15
2025-12-09T10:30:00Z,85.87,3279.25
2025-12-09T11:00:00Z,83.74,2769.3
2025-12-09T11:30:00Z,82.09,3003.15
2025-12-09T12:00:00Z,82.85,3537.65
2025-12-09T12:30:00Z,83.17,3054.8
2025-12-09T13:00:00Z,84.13,2681.2
2025-12-09T13:30:00Z,83.32,2643.4
2025-12-09T14:00:00Z,86.14,2973.1
2025-12-09T14:30:00Z,86.15,3263.55
2025-12-09T15:00:00Z,87.89,2774.2
2025-12-09T15:30:00Z,91.55999999999999,3180.55
2025-12-09T16:00:00Z,89.81000000000002,3014.6
2025-12-09T16:30:00Z,93.83,3397.7
2025-12-09T17:00:00Z,88.89,3707.0
2025-12-09T17:30:00Z,88.65,3662.35
2025-12-09T18:00:00Z,88.73,3132.1
2025-12-09T18:30:00Z,86.95,3415.0
2025-12-09T19:00:00Z,79.68,3063.45
2025-12-09T19:30:00Z,77.03,2577.95
2025-12-09T20:00:00Z,73.94,1801.95
2025-12-09T20:30:00Z,62.72,2009.55
2025-12-09T21:00:00Z,60.97,2602.05
2025-12-09T21:30:00Z,31.71,2851.8
2025-12-09T22:00:00Z,35.8,3098.95
2025-12-09T22:30:00Z,24.87,3338.15
2025-12-09T23:00:00Z,15.770000000000001,2636.65
2025-12-09T23:30:00Z,12.87,2459.75
2025-12-10T00:00:00Z,10.88,2418.9
2025-12-10T00:30:00Z,10.99,2440.55
2025-12-10T01:00:00Z,10.46,2934.1
2025-12-10T01:30:00Z,8.42,3113.5
2025-12-10T02:00:00Z,9.35,2781.3
2025-12-10T02:30:00Z,8.35,2771.4
2025-12-10T03:00:00Z,9.59,2752.8
2025-12-10T03:30:00Z,8.32,2566.35
2025-12-10T04:00:00Z,14.77,2924.2
2025-12-10T04:30:00Z,19.07,2954.1
2025-12-10T05:00:00Z,26.29,2728.35
2025-12-10T05:30:00Z,44.2,2619.45
2025-12-10T06:00:00Z,59.35999999999999,2405.25
2025-12-10T06:30:00Z,73.34,2670.75
2025-12-10T07:00:00Z,77.55,2353.3
2025-12-10T07:30:00Z,83.49,2330.8
2025-12-10T08:00:00Z,80.33,2605.25
2025-12-10T08:30:00Z,80.65,2822.5
2025-12-10T09:00:00Z,78.47,2867.05
2025-12-10T09:30:00Z,72.56,3076.3
2025-12-10T10:00:00Z,74.19,3468.8
2025-12-10T10:30:00Z,69.21,3732.0
2025-12-10T11:00:00Z,62.17,3437.5
2025-12-10T11:30:00Z,58.97,3312.0
2025-12-10T12:00:00Z,65.81,3925.85
2025-12-10T12:30:00Z,60.40999999999999,3659.9
2025-12-10T13:00:00Z,56.19,4301.4
2025-12-10T13:30:00Z,62.18,4071.35
2025-12-10T14:00:00Z,64.07,4312.15
2025-12-10T14:30:00Z,67.98,4359.8
2025-12-10T15:00:00Z,59.38,3462.05
2025-12-10T15:30:00Z,73.11,3247.5
2025-12-10T16:00:00Z,77.87,3299.65
2025-12-10T16:30:00Z,84.85,3601.35
2025-12-10T17:00:00Z,88.46,3199.35
2025-12-10T17:30:00Z,89.55,3274.15
2025-12-10T18:00:00Z,82.33,3152.5
2025-12-10T18:30:00Z,76.9,3103.95
2025-12-10T19:00:00Z,75.87,3500.85
2025-12-10T19:30:00Z,72.95,3179.15
2025-12-10T20:00:00Z,75.84,2855.45
2025-12-10T20:30:00Z,68.79,2339.7
2025-12-10T21:00:00Z,71.67,3115.15
2025-12-10T21:30:00Z,61.28,2746.75
2025-12-10T22:00:00Z,68.62,3303.3
2025-12-10T22:30:00Z,56.62,3338.0
2025-12-10T23:00:00Z,57.52,2050.7
2025-12-10T23:30:00Z,43.06,1900.05
2025-12-11T00:00:00Z,43.34,2140.7
2025-12-11T00:30:00Z,49.71,2215.3
2025-12-11T01:00:00Z,49.0,1886.35
2025-12-11T01:30:00Z,48.5,1721.05
2025-12-11T02:00:00Z,48.14,2303.05
2025-12-11T02:30:00Z,46.83,2083.1
2025-12-11T03:00:00Z,42.86,1921.45
2025-12-11T03:30:00Z,41.03,2143.9
2025-12-11T04:00:00Z,47.34000000000001,1862.4
2025-12-11T04:30:00Z,43.52,1829.6
2025-12-11T05:00:00Z,46.13999999999999,1487.4
2025-12-11T05:30:00Z,41.36,1202.0
2025-12-11T06:00:00Z,49.47,2093.65
2025-12-11T06:30:00Z,63.29999999999999,2596.5
2025-12-11T07:00:00Z,66.02,2191.3
2025-12-11T07:30:00Z,74.28,2599.55
2025-12-11T08:00:00Z,74.68,3100.2
2025-12-11T08:30:00Z,77.5,2944.25
2025-12-11T09:00:00Z,69.34,2628.25
2025-12-11T09:30:00Z,70.65,2741.15
2025-12-11T10:00:00Z,72.03999999999999,3709.2
2025-12-11T10:30:00Z,72.5,3486.6
2025-12-11T11:00:00Z,75.24,3370.7
2025-12-11T11:30:00Z,76.59,3596.85
2025-12-11T12:00:00Z,72.47,3300.35
2025-12-11T12:30:00Z,72.33,3363.95
2025-12-11T13:00:00Z,71.99,3329.65
2025-12-11T13:30:00Z,73.74,3423.6
2025-12-11T14:00:00Z,73.81,3110.65
2025-12-11T14:30:00Z,72.43,3238.3
2025-12-11T15:00:00Z,82.3,3551.75
2025-12-11T15:30:00Z,85.35999999999999,3316.4
2025-12-11T16:00:00Z,82.97,3188.05
2025-12-11T16:30:00Z,84.67,3792.35
2025-12-11T17:00:00Z,85.87,4011.6
2025-12-11T17:30:00Z,86.35,4136.4
2025-12-11T18:00:00Z,85.21,4662.55
2025-12-11T18:30:00Z,81.86,4588.1
2025-12-11T19:00:00Z,74.36,3026.05
2025-12-11T19:30:00Z,69.37,3190.75
2025-12-11T20:00:00Z,72.36,3038.35
2025-12-11T20:30:00Z,73.32,3317.0
2025-12-11T21:00:00Z,70.43,2329.15
2025-12-11T21:30:00Z,67.17,2225.55
2025-12-11T22:00:00Z,68.65,2588.6
2025-12-11T22:30:00Z,64.39,2361.1
2025-12-11T23:00:00Z,63.84,2459.45
2025-12-11T23:30:00Z,67.7,2135.05
2025-12-12T00:00:00Z,63.79,2331.6
2025-12-12T00:30:00Z,69.39,1987.85
2025-12-12T01:00:00Z,70.3,2248.8
2025-12-12T01:30:00Z,69.97,2225.15
2025-12-12T02:00:00Z,68.0,1954.05
2025-12-12T02:30:00Z,68.03,2000.1
2025-12-12T03:00:00Z,65.62,1196.0
2025-12-12T03:30:00Z,68.31,1632.45
2025-12-12T04:00:00Z,66.12,1206.65
2025-12-12T04:30:00Z,63.699999999999996,1311.1
2025-12-12T05:00:00Z,70.32,1791.35
2025-12-12T05:30:00Z,60.98,2179.3
2025-12-12T06:00:00Z,80.81,2529.6
2025-12-12T06:30:00Z,83.19,2722.45
2025-12-12T07:00:00Z,96.44,2123.75
2025-12-12T07:30:00Z,101.52,2551.1
2025-12-12T08:00:00Z,96.79,2170.45
2025-12-12T08:30:00Z,98.95,1938.1
2025-12-12T09:00:00Z,97.33,1651.8
2025-12-12T09:30:00Z,96.07,1802.8
2025-12-12T10:00:00Z,88.21,2644.4
2025-12-12T10:30:00Z,81.97,2179.35
2025-12-12T11:00:00Z,77.43,2339.8
2025-12-12T11:30:00Z,81.79,2867.3
2025-12-12T12:00:00Z,80.31,2876.0
2025-12-12T12:30:00Z,80.53,3019.3
2025-12-12T13:00:00Z,83.79,3419.3
2025-12-12T13:30:00Z,87.65,4047.35
2025-12-12T14:00:00Z,82.71,3994.65
2025-12-12T14:30:00Z,83.55,3869.2
2025-12-12T15:00:00Z,91.41,2457.15
2025-12-12T15:30:00Z,97.03,3074.05
2025-12-12T16:00:00Z,85.68,2983.4
2025-12-12T16:30:00Z,95.54000000000002,3299.75
2025-12-12T17:00:00Z,96.06,3756.2
2025-12-12T17:30:00Z,91.96,3800.2
2025-12-12T18:00:00Z,91.26,3877.6
2025-12-12T18:30:00Z,88.63,3741.9
2025-12-12T19:00:00Z,80.39,3427.35
2025-12-12T19:30:00Z,79.33,3177.95
2025-12-12T20:00:00Z,76.00000000000001,3506.95
2025-12-12T20:30:00Z,74.86,3597.3
2025-12-12T21:00:00Z,78.95,2475.3
2025-12-12T21:30:00Z,76.09,3027.5
2025-12-12T22:00:00Z,76.57,2310.45
2025-12-12T22:30:00Z,74.62,2505.1
2025-12-12T23:00:00Z,70.61,1516.0
2025-12-12T23:30:00Z,74.66,1322.95
2025-12-13T00:00:00Z,78.8,1169.35
2025-12-13T00:30:00Z,79.13,1488.9
2025-12-13T01:00:00Z,78.58,1497.05
2025-12-13T01:30:00Z,74.52,977.45
2025-12-13T02:00:00Z,72.08,1396.15
2025-12-13T02:30:00Z,68.65,1488.0
2025-12-13T03:00:00Z,72.89,1491.5
2025-12-13T03:30:00Z,70.9,1642.5
2025-12-13T04:00:00Z,62.21,1628.55
2025-12-13T04:30:00Z,66.11,1639.0
2025-12-13T05:00:00Z,70.06,1439.25
2025-12-13T05:30:00Z,70.01,1394.15
2025-12-13T06:00:00Z,70.3,1375.7
2025-12-13T06:30:00Z,70.74,1367.45
2025-12-13T07:00:00Z,76.44,1452.95
2025-12-13T07:30:00Z,86.13000000000001,1590.7
2025-12-13T08:00:00Z,87.31,1480.65
2025-12-13T08:30:00Z,89.18000000000002,1706.6
2025-12-13T09:00:00Z,89.73,1753.85
2025-12-13T09:30:00Z,86.43,1807.85
2025-12-13T10:00:00Z,87.94,1643.5
2025-12-13T10:30:00Z,80.99,1675.55
2025-12-13T11:00:00Z,77.73,1829.25
2025-12-13T11:30:00Z,76.31,1874.75
2025-12-13T12:00:00Z,76.43,1875.7
2025-12-13T12:30:00Z,72.09,1903.15
2025-12-13T13:00:00Z,70.75,1953.2
2025-12-13T13:30:00Z,72.06,1754.25
2025-12-13T14:00:00Z,75.6,1864.25
2025-12-13T14:30:00Z,77.42000000000002,1916.35
2025-12-13T15:00:00Z,82.58,1538.6
2025-12-13T15:30:00Z,85.59,1512.0
2025-12-13T16:00:00Z,85.69000000000001,1740.7
2025-12-13T16:30:00Z,86.18,1886.7
2025-12-13T17:00:00Z,85.62,1508.15
2025-12-13T17:30:00Z,85.17,1113.6
2025-12-13T18:00:00Z,85.17999999999999,848.7
2025-12-13T18:30:00Z,83.42,671.25
2025-12-13T19:00:00Z,78.66,131.85
2025-12-13T19:30:00Z,75.53,70.4
2025-12-13T20:00:00Z,75.05,59.9
2025-12-13T20:30:00Z,73.81,79.35
2025-12-13T21:00:00Z,75.14,46.9
2025-12-13T21:30:00Z,73.59,39.65
2025-12-13T22:00:00Z,72.53,31.25
2025-12-13T22:30:00Z,73.57,34.9
2025-12-13T23:00:00Z,26.7,1294.85
2025-12-13T23:30:00Z,20.29,1156.3
2025-12-14T00:00:00Z,18.58,1785.65
2025-12-14T00:30:00Z,19.85,1563.3
2025-12-14T01:00:00Z,20.73,1613.3
2025-12-14T01:30:00Z,22.0,1846.4
2025-12-14T02:00:00Z,29.669999999999998,78.4
2025-12-14T02:30:00Z,30.740000000000002,142.35
2025-12-14T03:00:00Z,16.48,44.1
2025-12-14T03:30:00Z,10.87,190.25
2025-12-14T04:00:00Z,14.26,496.95
2025-12-14T04:30:00Z,11.5,1312.5
2025-12-14T05:00:00Z,14.56,1447.15
2025-12-14T05:30:00Z,18.81,1760.7
2025-12-14T06:00:00Z,22.15,1853.65
2025-12-14T06:30:00Z,30.33,1904.95
2025-12-14T07:00:00Z,41.53,2030.95
2025-12-14T07:30:00Z,52.51,1798.55
2025-12-14T08:00:00Z,51.4,1999.3
2025-12-14T08:30:00Z,66.89,2008.15
2025-12-14T09:00:00Z,62.27,2052.7
2025-12-14T09:30:00Z,69.77,2177.85
2025-12-14T10:00:00Z,59.67,2375.0
2025-12-14T10:30:00Z,51.05,1958.2
2025-12-14T11:00:00Z,44.23,2338.85
2025-12-14T11:30:00Z,40.97,2206.65
2025-12-14T12:00:00Z,51.28,3653.7
2025-12-14T12:30:00Z,50.25,3097.7
2025-12-14T13:00:00Z,53.99,3294.4
2025-12-14T13:30:00Z,52.95,2840.5
2025-12-14T14:00:00Z,56.03999999999999,3109.0
2025-12-14T14:30:00Z,56.85,2779.3
2025-12-14T15:00:00Z,62.08,2008.25
2025-12-14T15:30:00Z,69.22,1615.85
2025-12-14T16:00:00Z,71.5,1966.4
2025-12-14T16:30:00Z,77.52,1925.3
2025-12-14T17:00:00Z,79.72,2116.75
2025-12-14T17:30:00Z,81.5,2255.6
2025-12-14T18:00:00Z,81.51,2170.65
2025-12-14T18:30:00Z,76.39,1872.4
2025-12-14T19:00:00Z,74.46,1741.0
2025-12-14T19:30:00Z,68.4,1731.95
2025-12-14T20:00:00Z,67.64,2075.2
2025-12-14T20:30:00Z,57.38,1835.8
2025-12-14T21:00:00Z,67.64,2343.35
2025-12-14T21:30:00Z,56.44,1922.0
2025-12-14T22:00:00Z,61.22,2261.45
2025-12-14T22:30:00Z,64.24,2418.45
2025-12-14T23:00:00Z,66.32,1967.55
2025-12-14T23:30:00Z,65.33,1881.05
2025-12-15T00:00:00Z,66.46,2072.75
2025-12-15T00:30:00Z,70.72,2146.3
2025-12-15T01:00:00Z,64.06,2113.15
2025-12-15T01:30:00Z,64.41,2089.95
2025-12-15T02:00:00Z,60.72,2373.85
2025-12-15T02:30:00Z,59.74,2723.75
2025-12-15T03:00:00Z,57.78,2384.3
2025-12-15T03:30:00Z,54.830000000000005,2708.6
2025-12-15T04:00:00Z,61.83,2771.75
2025-12-15T04:30:00Z,59.57,2219.35
2025-12-15T05:00:00Z,71.82,2079.25
2025-12-15T05:30:00Z,66.81,2315.85
2025-12-15T06:00:00Z,76.43,2382.65
2025-12-15T06:30:00Z,71.79,2144.5
2025-12-15T07:00:00Z,85.15,2361.45
2025-12-15T07:30:00Z,89.44,2452.7
2025-12-15T08:00:00Z,84.77,2188.85
2025-12-15T08:30:00Z,87.46,2814.2
2025-12-15T09:00:00Z,79.11,2964.7
2025-12-15T09:30:00Z,80.56999999999998,3600.95
2025-12-15T10:00:00Z,82.05999999999999,3846.8
2025-12-15T10:30:00Z,78.73,3869.45
2025-12-15T11:00:00Z,77.89,3082.65
2025-12-15T11:30:00Z,77.45,3101.95
2025-12-15T12:00:00Z,79.28,3242.65
2025-12-15T12:30:00Z,80.84,3652.9
2025-12-15T13:00:00Z,81.13,3060.6
2025-12-15T13:30:00Z,82.99,2666.0
2025-12-15T14:00:00Z,88.97,2698.0
2025-12-15T14:30:00Z,91.0,2750.2
2025-12-15T15:00:00Z,98.71999999999998,2778.65
2025-12-15T15:30:00Z,100.70999999999998,2917.2
2025-12-15T16:00:00Z,97.1,3570.15
2025-12-15T16:30:00Z,102.75,3877.45
2025-12-15T17:00:00Z,104.36000000000001,3419.3
2025-12-15T17:30:00Z,107.12,3742.4
2025-12-15T18:00:00Z,107.04,3372.4
2025-12-15T18:30:00Z,103.16,3530.45
2025-12-15T19:00:00Z,84.15,2254.5
2025-12-15T19:30:00Z,79.86,2685.55
2025-12-15T20:00:00Z,80.98,2608.6
2025-12-15T20:30:00Z,77.96,2445.65
2025-12-15T21:00:00Z,78.16,2949.4
2025-12-15T21:30:00Z,77.42,3055.25
2025-12-15T22:00:00Z,75.44,3894.4
2025-12-15T22:30:00Z,75.12,3315.85
2025-12-15T23:00:00Z,80.43,1778.95
2025-12-15T23:30:00Z,82.82,2068.95
2025-12-16T00:00:00Z,79.78,1763.75
2025-12-16T00:30:00Z,85.29,1708.35
2025-12-16T01:00:00Z,86.2,1957.4
2025-12-16T01:30:00Z,83.77,2249.9
2025-12-16T02:00:00Z,82.13,2361.6
2025-12-16T02:30:00Z,87.05,3005.5
2025-12-16T03:00:00Z,86.48,2802.3
2025-12-16T03:30:00Z,81.41,3069.8
2025-12-16T04:00:00Z,81.08,3049.05
2025-12-16T04:30:00Z,81.1,3179.8
2025-12-16T05:00:00Z,84.17,4321.05
2025-12-16T05:30:00Z,79.54,3814.25
2025-12-16T06:00:00Z,85.34000000000002,3148.9
2025-12-16T06:30:00Z,84.09,3820.75
2025-12-16T07:00:00Z,91.42,2863.9
2025-12-16T07:30:00Z,99.66,3209.1
2025-12-16T08:00:00Z,91.69,2982.95
2025-12-16T08:30:00Z,96.42,3406.7
2025-12-16T09:00:00Z,95.85,3057.4
2025-12-16T09:30:00Z,90.0,2918.3
2025-12-16T10:00:00Z,89.51999999999998,3697.75
2025-12-16T10:30:00Z,82.3,3390.35
2025-12-16T11:00:00Z,78.36,4227.65
2025-12-16T11:30:00Z,76.95,4500.45
2025-12-16T12:00:00Z,78.04,4910.0
2025-12-16T12:30:00Z,77.77,4046.25
2025-12-16T13:00:00Z,78.09,3878.8
2025-12-16T13:30:00Z,78.02,4120.2
2025-12-16T14:00:00Z,79.5,3851.05
2025-12-16T14:30:00Z,81.89,4243.7
2025-12-16T15:00:00Z,88.71,4559.3
2025-12-16T15:30:00Z,95.0,4098.2
2025-12-16T16:00:00Z,93.32,4490.75
2025-12-16T16:30:00Z,99.63,5091.05
2025-12-16T17:00:00Z,105.96000000000001,6068.9
2025-12-16T17:30:00Z,109.74,5970.6
2025-12-16T18:00:00Z,105.76,5258.55
2025-12-16T18:30:00Z,107.14,5337.65
2025-12-16T19:00:00Z,106.51,3589.55
2025-12-16T19:30:00Z,98.45,3488.8
2025-12-16T20:00:00Z,95.64,2722.9
2025-12-16T20:30:00Z,91.91,2615.85
2025-12-16T21:00:00Z,90.73,2814.65
2025-12-16T21:30:00Z,82.74,3312.85
2025-12-16T22:00:00Z,78.48,3252.2
2025-12-16T22:30:00Z,78.58999999999999,3379.0
2025-12-16T23:00:00Z,72.81,2209.85
2025-12-16T23:30:00Z,75.93,2160.85
2025-12-17T00:00:00Z,77.25,1594.9
2025-12-17T00:30:00Z,77.78,1751.2
2025-12-17T01:00:00Z,74.63,1968.6
2025-12-17T01:30:00Z,69.15,1652.7
2025-12-17T02:00:00Z,68.06,1431.15
2025-12-17T02:30:00Z,67.83,1926.25
2025-12-17T03:00:00Z,69.66,1894.6
2025-12-17T03:30:00Z,65.84,1983.4
2025-12-17T04:00:00Z,64.01,1877.6
2025-12-17T04:30:00Z,65.85,1826.85
2025-12-17T05:00:00Z,67.2,1560.65
2025-12-17T05:30:00Z,64.07,1718.6
2025-12-17T06:00:00Z,71.76,2137.4
2025-12-17T06:30:00Z,74.61,2047.3
2025-12-17T07:00:00Z,89.8,2198.35
2025-12-17T07:30:00Z,86.48,2377.4
2025-12-17T08:00:00Z,91.75,2962.85
2025-12-17T08:30:00Z,92.89999999999999,2833.3
2025-12-17T09:00:00Z,87.71,2325.15
2025-12-17T09:30:00Z,87.04,2159.0
2025-12-17T10:00:00Z,84.82,2317.4
2025-12-17T10:30:00Z,84.06,2533.25
2025-12-17T11:00:00Z,80.95,2224.65
2025-12-17T11:30:00Z,82.01,1995.1
2025-12-17T12:00:00Z,73.05,2500.2
2025-12-17T12:30:00Z,77.33,2930.15
2025-12-17T13:00:00Z,76.91,2888.2
2025-12-17T13:30:00Z,75.51,3015.15
2025-12-17T14:00:00Z,74.37,3337.5
2025-12-17T14:30:00Z,73.55,3475.35
2025-12-17T15:00:00Z,72.37,3122.7
2025-12-17T15:30:00Z,73.92,3147.85
2025-12-17T16:00:00Z,81.1,3040.1
2025-12-17T16:30:00Z,85.46,3005.55
2025-12-17T17:00:00Z,87.15,3362.4
2025-12-17T17:30:00Z,92.41,3824.1
2025-12-17T18:00:00Z,83.69,4165.95
2025-12-17T18:30:00Z,80.86,4102.35
2025-12-17T19:00:00Z,77.88,3119.8
2025-12-17T19:30:00Z,82.57,2788.15
2025-12-17T20:00:00Z,81.4,2941.5
2025-12-17T20:30:00Z,80.39,3122.25
2025-12-17T21:00:00Z,79.4,3417.25
2025-12-17T21:30:00Z,76.57,2965.05
2025-12-17T22:00:00Z,76.55,3115.15
2025-12-17T22:30:00Z,72.22,3306.6
2025-12-17T23:00:00Z,64.69,2332.7
2025-12-17T23:30:00Z,59.53,2035.2
2025-12-18T00:00:00Z,55.2,1780.55
2025-12-18T00:30:00Z,52.47,2037.5
2025-12-18T01:00:00Z,40.9,1892.95
2025-12-18T01:30:00Z,29.4,1777.35
2025-12-18T02:00:00Z,34.08,2198.85
2025-12-18T02:30:00Z,29.990000000000002,2312.2
2025-12-18T03:00:00Z,28.21,2166.85
2025-12-18T03:30:00Z,31.66,2576.05
2025-12-18T04:00:00Z,34.71,2970.45
2025-12-18T04:30:00Z,39.11,2746.5
2025-12-18T05:00:00Z,53.04,2245.9
2025-12-18T05:30:00Z,63.55,2695.3
2025-12-18T06:00:00Z,72.7,2258.55
2025-12-18T06:30:00Z,79.28,2672.85
2025-12-18T07:00:00Z,76.19,3463.95
2025-12-18T07:30:00Z,83.84,3222.45
2025-12-18T08:00:00Z,81.64,2111.75
2025-12-18T08:30:00Z,84.72,2708.95
2025-12-18T09:00:00Z,86.48,2166.0
2025-12-18T09:30:00Z,86.08,2569.85
2025-12-18T10:00:00Z,84.99,2421.3
2025-12-18T10:30:00Z,81.65,3335.4
2025-12-18T11:00:00Z,77.91,2941.8
2025-12-18T11:30:00Z,74.99,3361.8
2025-12-18T12:00:00Z,75.21,2892.95
2025-12-18T12:30:00Z,74.39,3781.85
2025-12-18T13:00:00Z,75.83999999999999,3700.85
2025-12-18T13:30:00Z,77.6,3626.6
2025-12-18T14:00:00Z,79.62,4188.05
2025-12-18T14:30:00Z,78.47,4188.55
2025-12-18T15:00:00Z,76.3,2625.0
2025-12-18T15:30:00Z,78.27,2985.8
2025-12-18T16:00:00Z,76.55,2283.6
2025-12-18T16:30:00Z,74.41,2734.85
2025-12-18T17:00:00Z,72.67,2664.75
2025-12-18T17:30:00Z,73.77,2821.5
2025-12-18T18:00:00Z,67.79,3186.5
2025-12-18T18:30:00Z,67.17,3186.95
2025-12-18T19:00:00Z,76.71,3025.9
2025-12-18T19:30:00Z,76.13,3192.75
2025-12-18T20:00:00Z,80.86,2983.85
2025-12-18T20:30:00Z,79.42,3042.85
2025-12-18T21:00:00Z,63.15,2577.55
2025-12-18T21:30:00Z,45.23,2634.6
2025-12-18T22:00:00Z,25.229999999999997,3652.05
2025-12-18T22:30:00Z,9.66,3496.95
2025-12-18T23:00:00Z,4.47,1685.75
2025-12-18T23:30:00Z,-0.07,2087.35
2025-12-19T00:00:00Z,1.6299999999999997,1660.55
2025-12-19T00:30:00Z,2.74,1627.7
2025-12-19T01:00:00Z,4.25,1726.5
2025-12-19T01:30:00Z,4.25,1848.8
2025-12-19T02:00:00Z,6.41,2179.5
2025-12-19T02:30:00Z,5.07,2394.3
2025-12-19T03:00:00Z,6.38,2041.35
2025-12-19T03:30:00Z,3.24,2059.75
2025-12-19T04:00:00Z,6.78,2159.8
2025-12-19T04:30:00Z,4.77,2073.1
2025-12-19T05:00:00Z,19.63,2054.95
2025-12-19T05:30:00Z,32.72,1703.6
2025-12-19T06:00:00Z,53.529999999999994,1988.8
2025-12-19T06:30:00Z,63.8,1983.45
2025-12-19T07:00:00Z,82.16,2318.35
2025-12-19T07:30:00Z,87.07,2103.2
2025-12-19T08:00:00Z,84.33,2349.85
2025-12-19T08:30:00Z,85.02,2138.95
2025-12-19T09:00:00Z,86.14,2005.25
2025-12-19T09:30:00Z,79.81,2066.1
2025-12-19T10:00:00Z,80.28,2405.2
2025-12-19T10:30:00Z,72.82,2071.45
2025-12-19T11:00:00Z,74.13999999999999,1947.0
2025-12-19T11:30:00Z,70.35,2378.0
2025-12-19T12:00:00Z,69.86,2323.7
2025-12-19T12:30:00Z,75.22,2355.9
2025-12-19T13:00:00Z,67.91,3064.95
2025-12-19T13:30:00Z,70.41,3200.4
2025-12-19T14:00:00Z,71.51,2804.7
2025-12-19T14:30:00Z,76.25,2843.2
2025-12-19T15:00:00Z,76.46,2385.2
2025-12-19T15:30:00Z,85.86,2377.4
2025-12-19T16:00:00Z,88.41,2850.7
2025-12-19T16:30:00Z,91.89,3060.45
2025-12-19T17:00:00Z,92.15000000000002,3607.15
2025-12-19T17:30:00Z,92.4,3476.45
2025-12-19T18:00:00Z,88.72,3601.1
2025-12-19T18:30:00Z,87.84999999999998,3398.3
2025-12-19T19:00:00Z,78.28,2757.45
2025-12-19T19:30:00Z,77.97,2464.75
2025-12-19T20:00:00Z,81.7,2698.65
2025-12-19T20:30:00Z,78.5,2809.0
2025-12-19T21:00:00Z,79.17,2713.7
2025-12-19T21:30:00Z,76.97,2218.15
2025-12-19T22:00:00Z,74.48,2190.05
2025-12-19T22:30:00Z,69.78,2613.85
2025-12-19T23:00:00Z,63.99,1187.5
2025-12-19T23:30:00Z,64.24,1412.15
2025-12-20T00:00:00Z,73.5,1497.1
2025-12-20T00:30:00Z,80.41,1296.95
2025-12-20T01:00:00Z,78.04,1336.95
2025-12-20T01:30:00Z,74.13,1212.55
2025-12-20T02:00:00Z,74.34,1413.8
2025-12-20T02:30:00Z,79.01,1451.8
2025-12-20T03:00:00Z,77.57,1161.3
2025-12-20T03:30:00Z,78.27,1437.7
2025-12-20T04:00:00Z,80.38,1220.4
2025-12-20T04:30:00Z,79.47,1566.45
2025-12-20T05:00:00Z,82.52000000000001,1731.2
2025-12-20T05:30:00Z,84.71,2104.75
2025-12-20T06:00:00Z,87.23,2177.7
2025-12-20T06:30:00Z,80.41,2681.5
2025-12-20T07:00:00Z,89.63,2077.9
2025-12-20T07:30:00Z,92.52,2203.45
2025-12-20T08:00:00Z,96.06,2145.9
2025-12-20T08:30:00Z,97.26,2264.85
2025-12-20T09:00:00Z,97.49,2010.1
2025-12-20T09:30:00Z,97.49,2077.45
2025-12-20T10:00:00Z,96.49,2045.95
2025-12-20T10:30:00Z,95.32,2119.8
2025-12-20T11:00:00Z,94.0,2040.2
2025-12-20T11:30:00Z,93.25,2216.1
2025-12-20T12:00:00Z,92.73,1965.1
2025-12-20T12:30:00Z,92.82,2024.0
2025-12-20T13:00:00Z,94.12,2506.8
2025-12-20T13:30:00Z,89.34,2759.5
2025-12-20T14:00:00Z,93.31,2800.5
2025-12-20T14:30:00Z,94.03,2974.55
2025-12-20T15:00:00Z,98.92,2440.6
2025-12-20T15:30:00Z,101.29,2489.1
2025-12-20T16:00:00Z,101.46,2664.25
2025-12-20T16:30:00Z,102.65,2935.8
2025-12-20T17:00:00Z,101.08,3084.1
2025-12-20T17:30:00Z,101.75,2865.75
2025-12-20T18:00:00Z,101.71,3430.35
2025-12-20T18:30:00Z,94.99,3070.05
2025-12-20T19:00:00Z,80.96,3622.85
2025-12-20T19:30:00Z,83.56,3284.6
2025-12-20T20:00:00Z,81.09,3083.8
2025-12-20T20:30:00Z,78.87,3137.6
2025-12-20T21:00:00Z,79.29,3445.7
2025-12-20T21:30:00Z,77.42,3257.2
2025-12-20T22:00:00Z,75.68,2898.8
2025-12-20T22:30:00Z,74.61,3076.6
2025-12-20T23:00:00Z,75.19,1455.15
2025-12-20T23:30:00Z,71.14,1280.5
2025-12-21T00:00:00Z,70.43,1891.35
2025-12-21T00:30:00Z,73.62,2070.0
2025-12-21T01:00:00Z,74.34,2330.25
2025-12-21T01:30:00Z,73.71,2178.85
2025-12-21T02:00:00Z,74.07,2184.85
2025-12-21T02:30:00Z,75.78,2199.65
2025-12-21T03:00:00Z,76.5,1838.5
2025-12-21T03:30:00Z,77.12,1783.95
2025-12-21T04:00:00Z,76.97,1560.85
2025-12-21T04:30:00Z,77.37,1514.8
2025-12-21T05:00:00Z,77.78,1477.75
2025-12-21T05:30:00Z,78.63,1369.95
2025-12-21T06:00:00Z,81.1,1663.1
2025-12-21T06:30:00Z,82.13,1771.8
2025-12-21T07:00:00Z,84.46,1560.2
2025-12-21T07:30:00Z,87.74999999999999,1805.8
2025-12-21T08:00:00Z,86.33,1612.95
2025-12-21T08:30:00Z,82.53,2092.65
2025-12-21T09:00:00Z,77.27,1825.55
2025-12-21T09:30:00Z,78.09,1672.45
2025-12-21T10:00:00Z,79.92,2232.85
2025-12-21T10:30:00Z,76.58,2082.0
2025-12-21T11:00:00Z,73.51,1534.45
2025-12-21T11:30:00Z,74.81,1788.2
2025-12-21T12:00:00Z,75.16,1721.8
2025-12-21T12:30:00Z,73.71,1507.5
2025-12-21T13:00:00Z,74.7,2005.25
2025-12-21T13:30:00Z,74.53,2051.45
2025-12-21T14:00:00Z,77.43,2456.05
2025-12-21T14:30:00Z,78.34,2672.4
2025-12-21T15:00:00Z,79.22,2999.6
2025-12-21T15:30:00Z,80.48,3055.35
2025-12-21T16:00:00Z,83.51,2345.95
2025-12-21T16:30:00Z,85.87,2625.5
2025-12-21T17:00:00Z,83.51,2636.25
2025-12-21T17:30:00Z,83.95,2515.2
2025-12-21T18:00:00Z,83.56,2675.2
2025-12-21T18:30:00Z,84.66,2561.45
2025-12-21T19:00:00Z,85.77,2572.2
2025-12-21T19:30:00Z,83.97,2679.55
2025-12-21T20:00:00Z,85.27,2365.6
2025-12-21T20:30:00Z,80.42,2358.2
2025-12-21T21:00:00Z,80.79,2378.25
2025-12-21T21:30:00Z,80.2,2325.6
2025-12-21T22:00:00Z,78.47,2476.25
2025-12-21T22:30:00Z,76.04,2527.6
2025-12-21T23:00:00Z,77.73,1671.95
2025-12-21T23:30:00Z,70.81,1613.95
2025-12-22T00:00:00Z,63.6,1797.8
2025-12-22T00:30:00Z,58.42,2024.3
2025-12-22T01:00:00Z,52.78,2272.15
2025-12-22T01:30:00Z,45.58,2278.75
2025-12-22T02:00:00Z,42.82,2114.35
2025-12-22T02:30:00Z,40.7,2225.95
2025-12-22T03:00:00Z,39.22,2435.45
2025-12-22T03:30:00Z,38.72,2612.4
2025-12-22T04:00:00Z,36.56,2255.85
2025-12-22T04:30:00Z,31.37,2340.25
2025-12-22T05:00:00Z,58.14,2648.3
2025-12-22T05:30:00Z,72.46,2077.4
2025-12-22T06:00:00Z,74.0,2505.95
2025-12-22T06:30:00Z,72.33,2455.8
2025-12-22T07:00:00Z,80.85432027923467,2736.05
2025-12-22T07:30:00Z,84.78,2437.6
2025-12-22T08:00:00Z,83.96842532565888,1650.5
2025-12-22T08:30:00Z,82.7605683909221,1467.3
2025-12-22T09:00:00Z,81.70314070351759,477.6
2025-12-22T09:30:00Z,82.83,943.75
2025-12-22T10:00:00Z,81.94,1314.5
2025-12-22T10:30:00Z,84.48677307525641,1384.6
2025-12-22T11:00:00Z,85.9619575922018,1492.6499999999999
2025-12-22T11:30:00Z,82.86796142275702,1977.85
2025-12-22T12:00:00Z,72.2569296394826,1635.15
2025-12-22T12:30:00Z,57.35753209205505,2161.75
2025-12-22T13:00:00Z,78.11,2221.35
2025-12-22T13:30:00Z,79.52,2333.35
2025-12-22T14:00:00Z,80.46,2201.45
2025-12-22T14:30:00Z,85.36,2198.4
2025-12-22T15:00:00Z,85.1,1750.45
2025-12-22T15:30:00Z,90.36,1970.05
2025-12-22T16:00:00Z,90.73,2374.7
2025-12-22T16:30:00Z,95.33,2776.75
2025-12-22T17:00:00Z,88.51,2175.6
2025-12-22T17:30:00Z,93.23,2162.65
2025-12-22T18:00:00Z,94.81,2147.35
2025-12-22T18:30:00Z,88.7,2061.05
2025-12-22T19:00:00Z,85.23,1897.4
2025-12-22T19:30:00Z,78.38,1989.1
2025-12-22T20:00:00Z,74.1,2168.6
2025-12-22T20:30:00Z,75.63,2331.45
2025-12-22T21:00:00Z,78.27,3028.05
2025-12-22T21:30:00Z,76.42,2660.3
2025-12-22T22:00:00Z,75.64,2600.85
2025-12-22T22:30:00Z,76.52,2729.9
2025-12-22T23:00:00Z,74.94,1662.45
2025-12-22T23:30:00Z,69.88,1567.45
2025-12-23T00:00:00Z,68.17,1468.35
2025-12-23T00:30:00Z,71.65,1472.6
2025-12-23T01:00:00Z,69.16,1753.95
2025-12-23T01:30:00Z,69.93,1631.05
2025-12-23T02:00:00Z,67.18,1687.55
2025-12-23T02:30:00Z,65.43,1649.4
2025-12-23T03:00:00Z,66.28,1616.25
2025-12-23T03:30:00Z,65.23,1706.4
2025-12-23T04:00:00Z,64.56,1651.3
2025-12-23T04:30:00Z,63.85999999999999,1644.9
2025-12-23T05:00:00Z,63.42,1767.5
2025-12-23T05:30:00Z,63.21,2040.05
2025-12-23T06:00:00Z,69.02,2134.3
2025-12-23T06:30:00Z,66.8,2242.1
2025-12-23T07:00:00Z,69.91,2424.65
2025-12-23T07:30:00Z,71.53,2250.3
2025-12-23T08:00:00Z,69.57,2163.05
2025-12-23T08:30:00Z,72.44,2264.95
2025-12-23T09:00:00Z,78.93,2721.5
2025-12-23T09:30:00Z,81.24,2736.85
2025-12-23T10:00:00Z,83.07,3510.15
2025-12-23T10:30:00Z,84.05,3927.95
2025-12-23T11:00:00Z,86.42,4516.95
2025-12-23T11:30:00Z,86.61,4154.3
2025-12-23T12:00:00Z,87.15,3907.35
2025-12-23T12:30:00Z,88.82,3732.2
2025-12-23T13:00:00Z,82.36999999999999,3195.75
2025-12-23T13:30:00Z,82.16,3071.65
2025-12-23T14:00:00Z,85.16,3676.8
2025-12-23T14:30:00Z,83.66,2964.25
2025-12-23T15:00:00Z,77.35,2487.15
2025-12-23T15:30:00Z,79.82,2414.95
2025-12-23T16:00:00Z,82.7,2468.7
2025-12-23T16:30:00Z,80.81,2776.8
2025-12-23T17:00:00Z,79.17,2825.75
2025-12-23T17:30:00Z,80.17,2414.1
2025-12-23T18:00:00Z,79.17,2299.3
2025-12-23T18:30:00Z,77.29,2334.35
2025-12-23T19:00:00Z,82.03,2336.8
2025-12-23T19:30:00Z,78.31,1818.0
2025-12-23T20:00:00Z,75.13,1416.9
2025-12-23T20:30:00Z,75.52,1732.35
2025-12-23T21:00:00Z,72.69,1720.8
2025-12-23T21:30:00Z,72.6,2112.8
2025-12-23T22:00:00Z,72.97,1910.85
2025-12-23T22:30:00Z,69.46,2135.25
2025-12-23T23:00:00Z,61.72,1126.05
2025-12-23T23:30:00Z,54.0,1142.75
2025-12-24T00:00:00Z,54.92,1397.35
2025-12-24T00:30:00Z,54.4,1425.35
2025-12-24T01:00:00Z,50.5,1682.7
2025-12-24T01:30:00Z,45.55,1350.4
2025-12-24T02:00:00Z,42.24,1548.95
2025-12-24T02:30:00Z,48.61,2058.75
2025-12-24T03:00:00Z,47.65,1902.9
2025-12-24T03:30:00Z,45.27,2059.8
2025-12-24T04:00:00Z,48.04,2378.7
2025-12-24T04:30:00Z,46.65,2149.75
2025-12-24T05:00:00Z,48.66,1986.7
2025-12-24T05:30:00Z,51.72,2172.55
2025-12-24T06:00:00Z,54.93,2020.95
2025-12-24T06:30:00Z,56.73,1852.5
2025-12-24T07:00:00Z,61.68,2640.2
2025-12-24T07:30:00Z,67.71,2452.95
2025-12-24T08:00:00Z,70.93,2475.95
2025-12-24T08:30:00Z,76.91,2884.9
2025-12-24T09:00:00Z,81.94,2596.0
2025-12-24T09:30:00Z,81.63,2457.2
2025-12-24T10:00:00Z,81.99,2415.3
2025-12-24T10:30:00Z,79.22,2405.4
2025-12-24T11:00:00Z,74.42,1671.15
2025-12-24T11:30:00Z,75.58,1877.65
2025-12-24T12:00:00Z,75.06,1669.75
2025-12-24T12:30:00Z,72.63,1485.15
2025-12-24T13:00:00Z,71.86,1855.95
2025-12-24T13:30:00Z,75.96,2114.85
2025-12-24T14:00:00Z,81.63,2415.0
2025-12-24T14:30:00Z,84.0,2564.8
2025-12-24T15:00:00Z,87.43,3224.55
2025-12-24T15:30:00Z,88.49,2570.7
2025-12-24T16:00:00Z,85.07,2623.8
2025-12-24T16:30:00Z,88.14000000000001,3164.5
2025-12-24T17:00:00Z,88.93,3326.3
2025-12-24T17:30:00Z,88.53,2801.1
2025-12-24T18:00:00Z,88.72,2726.6
2025-12-24T18:30:00Z,88.13,2644.65
2025-12-24T19:00:00Z,86.28,1622.25
2025-12-24T19:30:00Z,79.83,1783.1
2025-12-24T20:00:00Z,76.58999999999999,1831.35
2025-12-24T20:30:00Z,79.67,2137.8
2025-12-24T21:00:00Z,81.86,1829.95
2025-12-24T21:30:00Z,79.92,1576.1
2025-12-24T22:00:00Z,86.94999999999999,1774.35
2025-12-24T22:30:00Z,85.06,1842.4
2025-12-24T23:00:00Z,82.19,1399.25
2025-12-24T23:30:00Z,79.7,1132.05
2025-12-25T00:00:00Z,80.66,1419.95
2025-12-25T00:30:00Z,76.1,1874.85
2025-12-25T01:00:00Z,76.61,1701.4
2025-12-25T01:30:00Z,70.53,1543.95
2025-12-25T02:00:00Z,66.2,1269.5
2025-12-25T02:30:00Z,55.47,1706.2
2025-12-25T03:00:00Z,52.47,1974.7
2025-12-25T03:30:00Z,51.51,2049.85
2025-12-25T04:00:00Z,54.49,2146.25
2025-12-25T04:30:00Z,55.78,2345.9
2025-12-25T05:00:00Z,58.43,2107.85
2025-12-25T05:30:00Z,56.68,1906.35
2025-12-25T06:00:00Z,56.22,2095.8
2025-12-25T06:30:00Z,58.68,1958.85
2025-12-25T07:00:00Z,68.97,2228.25
2025-12-25T07:30:00Z,74.55,2186.35
2025-12-25T08:00:00Z,74.98,1564.2
2025-12-25T08:30:00Z,81.68,1796.35
2025-12-25T09:00:00Z,88.46,1774.1
2025-12-25T09:30:00Z,88.21,1676.1
2025-12-25T10:00:00Z,91.75,2008.5
2025-12-25T10:30:00Z,87.87,2368.75
2025-12-25T11:00:00Z,84.67,1553.65
2025-12-25T11:30:00Z,85.38999999999999,1578.6
2025-12-25T12:00:00Z,86.42000000000002,1871.3
2025-12-25T12:30:00Z,90.19,2064.8
2025-12-25T13:00:00Z,88.39,2426.35
2025-12-25T13:30:00Z,89.12,2257.6
2025-12-25T14:00:00Z,91.38,2204.75
2025-12-25T14:30:00Z,90.8,2417.6
2025-12-25T15:00:00Z,94.83,2425.1
2025-12-25T15:30:00Z,97.12,2410.6
2025-12-25T16:00:00Z,100.83000000000001,2865.55
2025-12-25T16:30:00Z,99.65,2963.05
2025-12-25T17:00:00Z,95.47,2246.05
2025-12-25T17:30:00Z,91.48,1968.1
2025-12-25T18:00:00Z,91.26,2480.4
2025-12-25T18:30:00Z,88.56,2611.05
2025-12-25T19:00:00Z,84.35,2455.8
2025-12-25T19:30:00Z,82.9,2107.4
2025-12-25T20:00:00Z,86.29,2165.9
2025-12-25T20:30:00Z,86.82,2098.95
2025-12-25T21:00:00Z,86.66,2374.85
2025-12-25T21:30:00Z,85.72,1986.65
2025-12-25T22:00:00Z,84.22,2441.4
2025-12-25T22:30:00Z,83.49,2039.85
2025-12-25T23:00:00Z,80.75,1451.55
2025-12-25T23:30:00Z,81.97,1417.6
2025-12-26T00:00:00Z,72.93,1362.15
2025-12-26T00:30:00Z,79.68,1432.45
2025-12-26T01:00:00Z,74.45,1521.9
2025-12-26T01:30:00Z,70.82,1469.4
2025-12-26T02:00:00Z,73.42,1905.7
2025-12-26T02:30:00Z,69.98,1736.9
2025-12-26T03:00:00Z,70.21,1963.3
2025-12-26T03:30:00Z,68.64,2081.95
2025-12-26T04:00:00Z,70.09,2220.3
2025-12-26T04:30:00Z,68.57,2451.6
2025-12-26T05:00:00Z,68.35,2076.95
2025-12-26T05:30:00Z,69.54,2080.9
2025-12-26T06:00:00Z,79.05,2039.0
2025-12-26T06:30:00Z,72.09,2720.25
2025-12-26T07:00:00Z,82.36,2152.65
2025-12-26T07:30:00Z,84.18,2239.2
2025-12-26T08:00:00Z,87.84,2733.9
2025-12-26T08:30:00Z,87.13999999999999,3371.2
2025-12-26T09:00:00Z,80.94,2804.95
2025-12-26T09:30:00Z,85.94,2024.55
2025-12-26T10:00:00Z,74.41,1729.25
2025-12-26T10:30:00Z,73.27,1643.15
2025-12-26T11:00:00Z,72.96,1707.6
2025-12-26T11:30:00Z,70.43,1682.8
2025-12-26T12:00:00Z,73.9,2121.7
2025-12-26T12:30:00Z,73.3,2183.3
2025-12-26T13:00:00Z,78.72,1915.85
2025-12-26T13:30:00Z,76.63,1993.2
2025-12-26T14:00:00Z,91.01,2445.65
2025-12-26T14:30:00Z,91.96,2333.1
2025-12-26T15:00:00Z,94.32,2115.55
2025-12-26T15:30:00Z,99.46,2119.2
2025-12-26T16:00:00Z,97.3,2376.6
2025-12-26T16:30:00Z,97.55,2372.9
2025-12-26T17:00:00Z,98.0,1944.8
2025-12-26T17:30:00Z,96.54,2121.5
2025-12-26T18:00:00Z,97.97,2347.85
2025-12-26T18:30:00Z,96.63,2263.35
2025-12-26T19:00:00Z,100.23,2774.1
2025-12-26T19:30:00Z,95.04,2432.7
2025-12-26T20:00:00Z,94.62,1874.05
2025-12-26T20:30:00Z,92.46,1615.25
2025-12-26T21:00:00Z,88.84,1788.5
2025-12-26T21:30:00Z,85.53,1300.6
2025-12-26T22:00:00Z,84.78,1807.3
2025-12-26T22:30:00Z,80.74,1978.05
2025-12-26T23:00:00Z,75.38,1409.9
2025-12-26T23:30:00Z,79.36,1487.75
2025-12-27T00:00:00Z,74.03,1329.5
2025-12-27T00:30:00Z,75.56,1353.7
2025-12-27T01:00:00Z,69.76,1168.75
2025-12-27T01:30:00Z,70.56,1271.05
2025-12-27T02:00:00Z,69.31,1576.2
2025-12-27T02:30:00Z,67.78,1358.1
2025-12-27T03:00:00Z,66.46,1326.55
2025-12-27T03:30:00Z,66.82,1602.25
2025-12-27T04:00:00Z,67.06,1426.35
2025-12-27T04:30:00Z,65.29,1584.45
2025-12-27T05:00:00Z,64.46,1254.15
2025-12-27T05:30:00Z,63.23,1595.15
2025-12-27T06:00:00Z,66.4,1911.8
2025-12-27T06:30:00Z,65.89,1858.65
2025-12-27T07:00:00Z,67.58,1913.85
2025-12-27T07:30:00Z,68.92,2191.75
2025-12-27T08:00:00Z,66.15,2018.35
2025-12-27T08:30:00Z,71.03,2317.55
2025-12-27T09:00:00Z,67.12,1565.0
2025-12-27T09:30:00Z,66.2,1473.35
2025-12-27T10:00:00Z,66.14,1437.35
2025-12-27T10:30:00Z,67.83,1819.15
2025-12-27T11:00:00Z,69.77,2108.85
2025-12-27T11:30:00Z,68.77,2063.6
2025-12-27T12:00:00Z,69.92,2122.85
2025-12-27T12:30:00Z,70.64,1971.55
2025-12-27T13:00:00Z,69.34,1837.7
2025-12-27T13:30:00Z,68.11,1921.5
2025-12-27T14:00:00Z,69.01,1812.9
2025-12-27T14:30:00Z,68.41,2086.0
2025-12-27T15:00:00Z,73.72,1948.9
2025-12-27T15:30:00Z,74.03,2045.8
2025-12-27T16:00:00Z,79.08,1861.8
2025-12-27T16:30:00Z,83.82,2057.15
2025-12-27T17:00:00Z,85.91,2325.55
2025-12-27T17:30:00Z,85.56,2270.35
2025-12-27T18:00:00Z,86.57,2140.95
2025-12-27T18:30:00Z,80.77,2157.55
2025-12-27T19:00:00Z,79.43,1764.05
2025-12-27T19:30:00Z,73.17,1574.75
2025-12-27T20:00:00Z,74.02,1484.75
2025-12-27T20:30:00Z,71.94,1887.9
2025-12-27T21:00:00Z,77.28,1978.2
2025-12-27T21:30:00Z,77.45,2163.05
2025-12-27T22:00:00Z,73.23,1744.15
2025-12-27T22:30:00Z,70.28,2042.9
2025-12-27T23:00:00Z,64.74,1192.6
2025-12-27T23:30:00Z,70.17,1217.1
2025-12-28T00:00:00Z,71.14,1052.5
2025-12-28T00:30:00Z,72.27,1155.75
2025-12-28T01:00:00Z,68.86,1096.3
2025-12-28T01:30:00Z,66.41,1249.45
2025-12-28T02:00:00Z,65.8,991.25
2025-12-28T02:30:00Z,65.61,1090.55
2025-12-28T03:00:00Z,67.08,1194.3
2025-12-28T03:30:00Z,65.84,1287.75
2025-12-28T04:00:00Z,66.22,1178.8
2025-12-28T04:30:00Z,67.09,1223.4
2025-12-28T05:00:00Z,75.67,1254.1
2025-12-28T05:30:00Z,77.28,1463.8
2025-12-28T06:00:00Z,80.03,1386.6
2025-12-28T06:30:00Z,80.92,1764.95
2025-12-28T07:00:00Z,87.75,1803.65
2025-12-28T07:30:00Z,86.27999999999999,1893.8
2025-12-28T08:00:00Z,82.65,1672.0
2025-12-28T08:30:00Z,90.76,1686.35
2025-12-28T09:00:00Z,81.67,1265.15
2025-12-28T09:30:00Z,83.86,1448.45
2025-12-28T10:00:00Z,80.64,1308.35
2025-12-28T10:30:00Z,89.34,1381.0
2025-12-28T11:00:00Z,86.05,1676.75
2025-12-28T11:30:00Z,88.53999999999999,1689.1
2025-12-28T12:00:00Z,89.57,1284.85
2025-12-28T12:30:00Z,84.69000000000001,1725.3
2025-12-28T13:00:00Z,83.74,1950.1
2025-12-28T13:30:00Z,85.39,2230.0
2025-12-28T14:00:00Z,89.33,2300.2
2025-12-28T14:30:00Z,86.35,2264.5
2025-12-28T15:00:00Z,89.15,2122.85
2025-12-28T15:30:00Z,92.61,2000.9
2025-12-28T16:00:00Z,92.68,1713.2
2025-12-28T16:30:00Z,92.84,1959.65
2025-12-28T17:00:00Z,98.77,1763.95
2025-12-28T17:30:00Z,94.34,2058.9
2025-12-28T18:00:00Z,97.02,2077.2
2025-12-28T18:30:00Z,93.14,1899.1
2025-12-28T19:00:00Z,87.38,2095.9
2025-12-28T19:30:00Z,89.97,1975.2
2025-12-28T20:00:00Z,83.73,1895.9
2025-12-28T20:30:00Z,83.65,1954.1
2025-12-28T21:00:00Z,85.05,2096.75
2025-12-28T21:30:00Z,81.3,1777.2
2025-12-28T22:00:00Z,82.17,1827.1
2025-12-28T22:30:00Z,84.09,1839.9
2025-12-28T23:00:00Z,76.81,1071.4
2025-12-28T23:30:00Z,74.71,1082.5
2025-12-29T00:00:00Z,74.92,674.65
2025-12-29T00:30:00Z,77.38,949.6
2025-12-29T01:00:00Z,73.47,904.9
2025-12-29T01:30:00Z,73.32,1186.5
2025-12-29T02:00:00Z,71.24,1465.05
2025-12-29T02:30:00Z,71.14,1468.95
2025-12-29T03:00:00Z,68.89,1475.9
2025-12-29T03:30:00Z,70.38,1628.35
2025-12-29T04:00:00Z,71.95,1193.25
2025-12-29T04:30:00Z,68.94,1126.0
2025-12-29T05:00:00Z,79.64,1202.85
2025-12-29T05:30:00Z,74.56,1338.8
2025-12-29T06:00:00Z,79.15,1260.0
2025-12-29T06:30:00Z,80.45,1575.4
2025-12-29T07:00:00Z,84.48,1884.45
2025-12-29T07:30:00Z,88.16,1971.45
2025-12-29T08:00:00Z,81.42,2172.35
2025-12-29T08:30:00Z,88.28,2138.25
2025-12-29T09:00:00Z,82.14,1926.4
2025-12-29T09:30:00Z,83.92,2082.95
2025-12-29T10:00:00Z,83.83,1929.2
2025-12-29T10:30:00Z,87.8,2122.9
2025-12-29T11:00:00Z,91.23,1984.7
2025-12-29T11:30:00Z,94.5,1922.85
2025-12-29T12:00:00Z,94.99,2528.0
2025-12-29T12:30:00Z,86.06,2974.4
2025-12-29T13:00:00Z,93.57,2565.75
2025-12-29T13:30:00Z,90.98,2415.75
2025-12-29T14:00:00Z,93.56,2248.05
2025-12-29T14:30:00Z,90.08,2328.15
2025-12-29T15:00:00Z,88.45,2758.65
2025-12-29T15:30:00Z,90.53,3282.65
2025-12-29T16:00:00Z,93.3,3051.25
2025-12-29T16:30:00Z,91.04,2982.95
2025-12-29T17:00:00Z,98.33,3096.35
2025-12-29T17:30:00Z,101.68,3236.95
2025-12-29T18:00:00Z,99.7,3565.45
2025-12-29T18:30:00Z,96.02,3528.3
2025-12-29T19:00:00Z,94.05,3621.55
2025-12-29T19:30:00Z,88.63,3467.75
2025-12-29T20:00:00Z,84.52,2944.25
2025-12-29T20:30:00Z,85.66,2654.45
2025-12-29T21:00:00Z,82.18,2262.05
2025-12-29T21:30:00Z,83.2,1967.75
2025-12-29T22:00:00Z,81.14,1991.3
2025-12-29T22:30:00Z,83.08,2604.5
2025-12-29T23:00:00Z,79.87,1957.9
2025-12-29T23:30:00Z,81.94,1685.3
2025-12-30T00:00:00Z,77.96,1480.1
2025-12-30T00:30:00Z,81.02000000000001,1626.4
2025-12-30T01:00:00Z,81.09,1721.85
2025-12-30T01:30:00Z,76.57,1846.2
2025-12-30T02:00:00Z,77.96,2013.4
2025-12-30T02:30:00Z,75.3,1790.5
2025-12-30T03:00:00Z,75.39,1599.5
2025-12-30T03:30:00Z,73.34,1606.5
2025-12-30T04:00:00Z,75.66,1859.45
2025-12-30T04:30:00Z,78.24,2129.15
2025-12-30T05:00:00Z,82.27,2249.0
2025-12-30T05:30:00Z,81.8,2223.2
2025-12-30T06:00:00Z,87.35,1886.3
2025-12-30T06:30:00Z,78.43,2905.6
2025-12-30T07:00:00Z,78.71,2420.0
2025-12-30T07:30:00Z,82.71,2412.7
2025-12-30T08:00:00Z,81.69,2091.45
2025-12-30T08:30:00Z,90.89,2601.1
2025-12-30T09:00:00Z,82.49,1913.65
2025-12-30T09:30:00Z,83.87,2028.95
2025-12-30T10:00:00Z,83.63,1960.25
2025-12-30T10:30:00Z,85.82,2141.9
2025-12-30T11:00:00Z,89.33,2482.6
2025-12-30T11:30:00Z,85.39,2372.65
2025-12-30T12:00:00Z,90.73,2371.6
2025-12-30T12:30:00Z,83.65,2611.4
2025-12-30T13:00:00Z,81.72,2297.9
2025-12-30T13:30:00Z,79.5,2427.6
2025-12-30T14:00:00Z,91.19,3001.85
2025-12-30T14:30:00Z,94.42,3048.4
2025-12-30T15:00:00Z,96.74,3185.0
2025-12-30T15:30:00Z,100.23999999999998,2888.95
2025-12-30T16:00:00Z,98.24,2778.5
2025-12-30T16:30:00Z,99.53,2738.6
2025-12-30T17:00:00Z,104.81999999999998,2970.55
2025-12-30T17:30:00Z,106.78,3144.45
2025-12-30T18:00:00Z,107.74,3159.4
2025-12-30T18:30:00Z,108.64,3419.3
2025-12-30T19:00:00Z,103.25,3166.65
2025-12-30T19:30:00Z,95.40999999999998,2934.65
2025-12-30T20:00:00Z,97.81,3054.05
2025-12-30T20:30:00Z,93.24,2605.0
2025-12-30T21:00:00Z,90.16,3659.7
2025-12-30T21:30:00Z,88.97,3292.0
2025-12-30T22:00:00Z,83.65,2866.55
2025-12-30T22:30:00Z,83.3,2907.0
2025-12-30T23:00:00Z,74.52,1996.2
2025-12-30T23:30:00Z,77.16000000000001,1837.75
2025-12-31T00:00:00Z,76.58,1866.95
2025-12-31T00:30:00Z,81.52,2030.05
2025-12-31T01:00:00Z,80.43,1628.85
2025-12-31T01:30:00Z,68.71,1400.5
2025-12-31T02:00:00Z,65.68,1333.4
2025-12-31T02:30:00Z,64.72,1555.05
2025-12-31T03:00:00Z,65.54,1457.45
2025-12-31T03:30:00Z,63.84,1604.35
2025-12-31T04:00:00Z,63.28,2028.65
2025-12-31T04:30:00Z,57.099999999999994,1936.45
2025-12-31T05:00:00Z,59.89,2054.05
2025-12-31T05:30:00Z,57.25,2050.65
2025-12-31T06:00:00Z,57.1,2083.3
2025-12-31T06:30:00Z,69.19,2215.35
2025-12-31T07:00:00Z,69.08,2576.0
2025-12-31T07:30:00Z,75.83,2310.0
2025-12-31T08:00:00Z,81.21,2509.5
2025-12-31T08:30:00Z,82.39,2466.3
2025-12-31T09:00:00Z,79.66,1874.35
2025-12-31T09:30:00Z,81.1,1981.05
2025-12-31T10:00:00Z,77.91,1696.45
2025-12-31T10:30:00Z,70.59,2041.85
2025-12-31T11:00:00Z,75.71,3100.25
2025-12-31T11:30:00Z,71.73,3308.05
2025-12-31T12:00:00Z,72.79,3278.35
2025-12-31T12:30:00Z,70.11,3033.3
2025-12-31T13:00:00Z,72.93,2827.0
2025-12-31T13:30:00Z,71.1,2941.45
2025-12-31T14:00:00Z,73.59,2751.65
2025-12-31T14:30:00Z,74.28,2752.75
2025-12-31T15:00:00Z,84.11,2693.65
2025-12-31T15:30:00Z,86.75,3231.45
2025-12-31T16:00:00Z,91.42,3714.4
2025-12-31T16:30:00Z,94.19,3687.75
2025-12-31T17:00:00Z,97.51999999999998,3253.4
2025-12-31T17:30:00Z,97.72,3036.6
2025-12-31T18:00:00Z,95.38,3234.1
2025-12-31T18:30:00Z,90.76,3481.7
2025-12-31T19:00:00Z,79.31000000000002,3307.1
2025-12-31T19:30:00Z,80.38,2968.3
2025-12-31T20:00:00Z,69.36,2860.95
2025-12-31T20:30:00Z,64.85,2844.75
2025-12-31T21:00:00Z,62.10999999999999,2635.6
2025-12-31T21:30:00Z,54.75,2754.95
2025-12-31T22:00:00Z,54.06,2115.6
2025-12-31T22:30:00Z,49.09,2686.85
2025-12-31T23:00:00Z,53.58,2038.65
2025-12-31T23:30:00Z,50.47,2090.85
