startTime,combined_price,total_volume
2020-01-01T00:00:00Z,35.28,784.6
2020-01-01T00:30:00Z,37.01,636.25
2020-01-01T01:00:00Z,37.78,740.75
2020-01-01T01:30:00Z,35.6,618.8
2020-01-01T02:00:00Z,31.7,694.7
2020-01-01T02:30:00Z,32.57,568.9
2020-01-01T03:00:00Z,28.97,571.85
2020-01-01T03:30:00Z,27.98,468.4
2020-01-01T04:00:00Z,31.400000000000002,699.25
2020-01-01T04:30:00Z,30.12,426.3
2020-01-01T05:00:00Z,27.12,571.25
2020-01-01T05:30:00Z,27.31,503.1
2020-01-01T06:00:00Z,26.43,522.6
2020-01-01T06:30:00Z,28.120000000000005,585.9
2020-01-01T07:00:00Z,26.86,416.8
2020-01-01T07:30:00Z,27.34,339.7
2020-01-01T08:00:00Z,28.74,398.05
2020-01-01T08:30:00Z,36.02,381.95
2020-01-01T09:00:00Z,37.86,583.8
2020-01-01T09:30:00Z,34.48,543.9
2020-01-01T10:00:00Z,37.61,622.25
2020-01-01T10:30:00Z,36.08,461.2
2020-01-01T11:00:00Z,43.69,1261.6
2020-01-01T11:30:00Z,42.49,1350.5
2020-01-01T12:00:00Z,40.73,995.95
2020-01-01T12:30:00Z,41.06,965.1
2020-01-01T13:00:00Z,41.58,1020.55
2020-01-01T13:30:00Z,41.26,1015.2
2020-01-01T14:00:00Z,40.67,1002.65
2020-01-01T14:30:00Z,36.61,1087.8
2020-01-01T15:00:00Z,36.89,921.25
2020-01-01T15:30:00Z,37.5,1240.4
2020-01-01T16:00:00Z,44.63,1123.6
2020-01-01T16:30:00Z,47.92,1549.65
2020-01-01T17:00:00Z,49.39,1577.15
2020-01-01T17:30:00Z,47.8,1322.3
2020-01-01T18:00:00Z,48.15,1690.3
2020-01-01T18:30:00Z,45.95,1434.4
2020-01-01T19:00:00Z,43.87,1385.65
2020-01-01T19:30:00Z,42.65,1455.45
2020-01-01T20:00:00Z,36.47,1341.5
2020-01-01T20:30:00Z,35.59,1322.55
2020-01-01T21:00:00Z,37.74,981.75
2020-01-01T21:30:00Z,39.41,948.55
2020-01-01T22:00:00Z,40.16,1125.05
2020-01-01T22:30:00Z,37.98,1457.75
2020-01-01T23:00:00Z,44.49,1001.45
2020-01-01T23:30:00Z,37.91,849.9
2020-01-02T00:00:00Z,28.36,504.15
2020-01-02T00:30:00Z,26.66,725.0
2020-01-02T01:00:00Z,28.300000000000004,711.3
2020-01-02T01:30:00Z,23.1,511.05
2020-01-02T02:00:00Z,26.04,595.15
2020-01-02T02:30:00Z,20.85,515.05
2020-01-02T03:00:00Z,27.619999999999997,701.2
2020-01-02T03:30:00Z,23.12,667.15
2020-01-02T04:00:00Z,28.95,594.85
2020-01-02T04:30:00Z,29.6,501.6
2020-01-02T05:00:00Z,34.93,626.45
2020-01-02T05:30:00Z,33.31,710.85
2020-01-02T06:00:00Z,33.97,1290.05
2020-01-02T06:30:00Z,24.63,1198.5
2020-01-02T07:00:00Z,38.51,1582.25
2020-01-02T07:30:00Z,28.25,1297.85
2020-01-02T08:00:00Z,21.34,959.25
2020-01-02T08:30:00Z,34.7,1057.95
2020-01-02T09:00:00Z,25.68,913.15
2020-01-02T09:30:00Z,27.559999999999995,840.6
2020-01-02T10:00:00Z,25.36,986.8
2020-01-02T10:30:00Z,28.879999999999995,919.75
2020-01-02T11:00:00Z,28.11,1058.3
2020-01-02T11:30:00Z,27.09,1110.25
2020-01-02T12:00:00Z,26.56,1189.75
2020-01-02T12:30:00Z,29.279999999999998,1131.45
2020-01-02T13:00:00Z,32.95,1574.55
2020-01-02T13:30:00Z,34.47,1825.15
2020-01-02T14:00:00Z,34.4,2001.9
2020-01-02T14:30:00Z,31.64,1812.05
2020-01-02T15:00:00Z,36.66,1177.35
2020-01-02T15:30:00Z,41.81,1061.9
2020-01-02T16:00:00Z,35.04,1125.6
2020-01-02T16:30:00Z,38.6,1328.85
2020-01-02T17:00:00Z,32.8,1170.45
2020-01-02T17:30:00Z,30.68,1082.85
2020-01-02T18:00:00Z,36.88,1452.95
2020-01-02T18:30:00Z,37.53,1511.2
2020-01-02T19:00:00Z,28.37,1536.65
2020-01-02T19:30:00Z,28.79,1457.45
2020-01-02T20:00:00Z,29.64,1636.45
2020-01-02T20:30:00Z,28.2,1318.75
2020-01-02T21:00:00Z,29.76,1996.9
2020-01-02T21:30:00Z,28.74,2169.45
2020-01-02T22:00:00Z,30.15,2292.5
2020-01-02T22:30:00Z,26.89,2101.4
2020-01-02T23:00:00Z,18.71,1121.8
2020-01-02T23:30:00Z,14.07,1051.3
2020-01-03T00:00:00Z,17.49,816.8
2020-01-03T00:30:00Z,19.64,1053.25
2020-01-03T01:00:00Z,19.29,1184.9
2020-01-03T01:30:00Z,24.04,1314.9
2020-01-03T02:00:00Z,20.05,1057.85
2020-01-03T02:30:00Z,20.88,1105.4
2020-01-03T03:00:00Z,19.87,898.35
2020-01-03T03:30:00Z,16.86,921.55
2020-01-03T04:00:00Z,18.23,926.65
2020-01-03T04:30:00Z,17.57,875.55
2020-01-03T05:00:00Z,18.5,766.2
2020-01-03T05:30:00Z,24.67,940.65
2020-01-03T06:00:00Z,24.94,911.15
2020-01-03T06:30:00Z,29.37,1056.55
2020-01-03T07:00:00Z,32.49,1705.95
2020-01-03T07:30:00Z,26.93,1164.7
2020-01-03T08:00:00Z,21.35,1209.7
2020-01-03T08:30:00Z,24.16,1039.85
2020-01-03T09:00:00Z,27.05,1380.35
2020-01-03T09:30:00Z,32.0,1411.9
2020-01-03T10:00:00Z,36.65,1515.0
2020-01-03T10:30:00Z,39.46,1448.6
2020-01-03T11:00:00Z,37.65,1459.85
2020-01-03T11:30:00Z,34.96,1542.65
2020-01-03T12:00:00Z,34.17,1507.45
2020-01-03T12:30:00Z,33.88,1722.2
2020-01-03T13:00:00Z,29.76,1002.6
2020-01-03T13:30:00Z,28.72,1062.65
2020-01-03T14:00:00Z,27.8,1138.9
2020-01-03T14:30:00Z,26.93,1370.35
2020-01-03T15:00:00Z,28.44,1063.45
2020-01-03T15:30:00Z,27.01,1414.5
2020-01-03T16:00:00Z,32.99,1100.65
2020-01-03T16:30:00Z,38.24,1499.2
2020-01-03T17:00:00Z,41.74,1380.95
2020-01-03T17:30:00Z,42.32,1338.05
2020-01-03T18:00:00Z,42.44,1573.05
2020-01-03T18:30:00Z,38.53,1251.5
2020-01-03T19:00:00Z,35.33,1677.2
2020-01-03T19:30:00Z,35.55,1339.8
2020-01-03T20:00:00Z,34.25,1561.55
2020-01-03T20:30:00Z,32.29,1585.8
2020-01-03T21:00:00Z,36.38,1443.0
2020-01-03T21:30:00Z,33.45,1300.05
2020-01-03T22:00:00Z,29.529999999999998,1559.9
2020-01-03T22:30:00Z,27.349999999999998,1421.4
2020-01-03T23:00:00Z,30.069999999999997,751.35
2020-01-03T23:30:00Z,21.09,535.4
2020-01-04T00:00:00Z,20.86,601.9
2020-01-04T00:30:00Z,22.11,664.4
2020-01-04T01:00:00Z,24.41,584.2
2020-01-04T01:30:00Z,22.3,480.3
2020-01-04T02:00:00Z,21.86,570.7
2020-01-04T02:30:00Z,21.7,614.4
2020-01-04T03:00:00Z,21.09,678.5
2020-01-04T03:30:00Z,20.58,675.85
2020-01-04T04:00:00Z,21.34,655.35
2020-01-04T04:30:00Z,21.35,551.0
2020-01-04T05:00:00Z,19.64,539.95
2020-01-04T05:30:00Z,21.61,596.35
2020-01-04T06:00:00Z,18.37,567.15
2020-01-04T06:30:00Z,18.9,615.35
2020-01-04T07:00:00Z,6.85,576.65
2020-01-04T07:30:00Z,13.97,647.25
2020-01-04T08:00:00Z,0.0,0.0
2020-01-04T08:30:00Z,31.63,965.75
2020-01-04T09:00:00Z,34.38,819.2
2020-01-04T09:30:00Z,27.55,767.4
2020-01-04T10:00:00Z,31.56,850.7
2020-01-04T10:30:00Z,32.35,696.05
2020-01-04T11:00:00Z,37.56,598.2
2020-01-04T11:30:00Z,35.87,667.05
2020-01-04T12:00:00Z,34.73,611.6
2020-01-04T12:30:00Z,33.05,632.45
2020-01-04T13:00:00Z,29.05,900.05
2020-01-04T13:30:00Z,28.39,816.05
2020-01-04T14:00:00Z,28.99,1053.5
2020-01-04T14:30:00Z,29.88,1079.15
2020-01-04T15:00:00Z,35.71,888.1
2020-01-04T15:30:00Z,38.67,906.85
2020-01-04T16:00:00Z,47.62,1021.35
2020-01-04T16:30:00Z,55.91,1069.7
2020-01-04T17:00:00Z,75.39,1226.8
2020-01-04T17:30:00Z,84.75,1522.95
2020-01-04T18:00:00Z,78.33,1662.5
2020-01-04T18:30:00Z,54.8,1563.0
2020-01-04T19:00:00Z,46.05,1348.55
2020-01-04T19:30:00Z,42.94,1107.6
2020-01-04T20:00:00Z,41.95,1354.2
2020-01-04T20:30:00Z,40.88,1324.75
2020-01-04T21:00:00Z,35.28,1235.85
2020-01-04T21:30:00Z,33.12,1516.7
2020-01-04T22:00:00Z,34.23,1673.5
2020-01-04T22:30:00Z,34.89,2228.45
2020-01-04T23:00:00Z,28.15,919.25
2020-01-04T23:30:00Z,22.33,654.7
2020-01-05T00:00:00Z,21.56,700.75
2020-01-05T00:30:00Z,22.82,757.8
2020-01-05T01:00:00Z,21.83,751.15
2020-01-05T01:30:00Z,18.5,718.05
2020-01-05T02:00:00Z,20.48,902.75
2020-01-05T02:30:00Z,22.31,878.6
2020-01-05T03:00:00Z,26.15,601.45
2020-01-05T03:30:00Z,21.32,751.05
2020-01-05T04:00:00Z,21.37,726.4
2020-01-05T04:30:00Z,19.34,757.9
2020-01-05T05:00:00Z,20.84,639.5
2020-01-05T05:30:00Z,19.83,772.6
2020-01-05T06:00:00Z,20.43,989.2
2020-01-05T06:30:00Z,24.56,1023.5
2020-01-05T07:00:00Z,23.19,1505.55
2020-01-05T07:30:00Z,22.16,1753.5
2020-01-05T08:00:00Z,19.89,1470.9
2020-01-05T08:30:00Z,23.37,1328.75
2020-01-05T09:00:00Z,21.39,1501.1
2020-01-05T09:30:00Z,25.71,1378.5
2020-01-05T10:00:00Z,22.97,1699.75
2020-01-05T10:30:00Z,26.72,1584.7
2020-01-05T11:00:00Z,34.0,1453.6
2020-01-05T11:30:00Z,29.37,1302.55
2020-01-05T12:00:00Z,26.460000000000004,1548.1
2020-01-05T12:30:00Z,26.69,1756.7
2020-01-05T13:00:00Z,30.130000000000003,1725.1
2020-01-05T13:30:00Z,31.39,1879.1
2020-01-05T14:00:00Z,30.920000000000005,1862.8
2020-01-05T14:30:00Z,30.78,1976.65
2020-01-05T15:00:00Z,35.74,1345.9
2020-01-05T15:30:00Z,41.68,1265.95
2020-01-05T16:00:00Z,41.71,1131.55
2020-01-05T16:30:00Z,45.77,1330.3
2020-01-05T17:00:00Z,47.589999999999996,960.5
2020-01-05T17:30:00Z,47.92,1112.7
2020-01-05T18:00:00Z,44.81,1184.8
2020-01-05T18:30:00Z,42.69,1352.45
2020-01-05T19:00:00Z,39.18,1087.6
2020-01-05T19:30:00Z,27.470000000000002,818.45
2020-01-05T20:00:00Z,26.710000000000004,853.1
2020-01-05T20:30:00Z,23.93,1194.55
2020-01-05T21:00:00Z,24.09,935.6
2020-01-05T21:30:00Z,17.91,767.7
2020-01-05T22:00:00Z,21.43,1101.95
2020-01-05T22:30:00Z,16.31,1253.65
2020-01-05T23:00:00Z,28.860000000000003,776.3
2020-01-05T23:30:00Z,8.84,571.55
2020-01-06T00:00:00Z,14.949999999999998,772.6
2020-01-06T00:30:00Z,25.36,720.7
2020-01-06T01:00:00Z,27.38,742.7
2020-01-06T01:30:00Z,25.11,723.1
2020-01-06T02:00:00Z,24.81,806.45
2020-01-06T02:30:00Z,22.23,869.7
2020-01-06T03:00:00Z,21.36,716.2
2020-01-06T03:30:00Z,14.6,511.2
2020-01-06T04:00:00Z,17.6,706.75
2020-01-06T04:30:00Z,17.1,758.15
2020-01-06T05:00:00Z,20.48,992.1
2020-01-06T05:30:00Z,22.26,700.0
2020-01-06T06:00:00Z,25.86,1013.15
2020-01-06T06:30:00Z,27.12,1264.1
2020-01-06T07:00:00Z,25.15,1086.45
2020-01-06T07:30:00Z,33.62,1143.75
2020-01-06T08:00:00Z,29.249999999999996,1136.45
2020-01-06T08:30:00Z,32.46,1235.25
2020-01-06T09:00:00Z,34.21,1728.25
2020-01-06T09:30:00Z,34.45,1555.25
2020-01-06T10:00:00Z,35.29,1660.95
2020-01-06T10:30:00Z,33.72,1882.4
2020-01-06T11:00:00Z,32.85,1664.25
2020-01-06T11:30:00Z,32.04,1884.65
2020-01-06T12:00:00Z,29.3,1744.4
2020-01-06T12:30:00Z,29.68,1831.55
2020-01-06T13:00:00Z,33.23,2190.45
2020-01-06T13:30:00Z,33.38,2125.75
2020-01-06T14:00:00Z,33.54,2141.05
2020-01-06T14:30:00Z,33.48,2179.05
2020-01-06T15:00:00Z,36.33,2127.05
2020-01-06T15:30:00Z,44.41,2145.7
2020-01-06T16:00:00Z,40.31,1906.4
2020-01-06T16:30:00Z,45.86,1951.5
2020-01-06T17:00:00Z,45.41,1883.85
2020-01-06T17:30:00Z,44.91,1837.35
2020-01-06T18:00:00Z,43.55,1573.2
2020-01-06T18:30:00Z,42.24,1745.55
2020-01-06T19:00:00Z,37.98,1233.0
2020-01-06T19:30:00Z,36.58,1277.85
2020-01-06T20:00:00Z,34.04,1189.55
2020-01-06T20:30:00Z,32.9,1565.65
2020-01-06T21:00:00Z,33.53,1502.0
2020-01-06T21:30:00Z,34.46,1816.75
2020-01-06T22:00:00Z,38.9,1645.8
2020-01-06T22:30:00Z,36.47,1720.65
2020-01-06T23:00:00Z,20.09,869.45
2020-01-06T23:30:00Z,17.67,712.15
2020-01-07T00:00:00Z,12.87,822.35
2020-01-07T00:30:00Z,18.94,707.95
2020-01-07T01:00:00Z,22.2,697.7
2020-01-07T01:30:00Z,21.73,818.7
2020-01-07T02:00:00Z,23.75,724.7
2020-01-07T02:30:00Z,20.74,762.8
2020-01-07T03:00:00Z,22.22,815.55
2020-01-07T03:30:00Z,17.46,782.05
2020-01-07T04:00:00Z,18.930000000000003,865.9
2020-01-07T04:30:00Z,18.12,783.75
2020-01-07T05:00:00Z,28.12,951.05
2020-01-07T05:30:00Z,25.81,1189.1
2020-01-07T06:00:00Z,32.15,1358.0
2020-01-07T06:30:00Z,25.38,1242.8
2020-01-07T07:00:00Z,35.61,1292.4
2020-01-07T07:30:00Z,40.89,1311.25
2020-01-07T08:00:00Z,44.13,1247.6
2020-01-07T08:30:00Z,45.31,1345.05
2020-01-07T09:00:00Z,43.53,1230.1
2020-01-07T09:30:00Z,42.16,1479.2
2020-01-07T10:00:00Z,41.71,1378.85
2020-01-07T10:30:00Z,42.39,1369.2
2020-01-07T11:00:00Z,43.4,1249.3
2020-01-07T11:30:00Z,43.13,1394.65
2020-01-07T12:00:00Z,43.26,1520.15
2020-01-07T12:30:00Z,43.09,1426.9
2020-01-07T13:00:00Z,42.24,1164.3
2020-01-07T13:30:00Z,41.41,1240.05
2020-01-07T14:00:00Z,41.26,1241.95
2020-01-07T14:30:00Z,38.87,1251.85
2020-01-07T15:00:00Z,28.67,853.3
2020-01-07T15:30:00Z,35.57,968.7
2020-01-07T16:00:00Z,30.28,1908.2
2020-01-07T16:30:00Z,44.71,1605.95
2020-01-07T17:00:00Z,41.15,1393.55
2020-01-07T17:30:00Z,42.29,1776.25
2020-01-07T18:00:00Z,39.34,1645.25
2020-01-07T18:30:00Z,40.32,1981.35
2020-01-07T19:00:00Z,37.29,2011.55
2020-01-07T19:30:00Z,40.17,1193.25
2020-01-07T20:00:00Z,41.39,1302.85
2020-01-07T20:30:00Z,42.44,1756.85
2020-01-07T21:00:00Z,34.39,1736.6
2020-01-07T21:30:00Z,31.689999999999998,1333.45
2020-01-07T22:00:00Z,33.28,1620.65
2020-01-07T22:30:00Z,25.41,1222.0
2020-01-07T23:00:00Z,10.43,656.75
2020-01-07T23:30:00Z,5.54,850.85
2020-01-08T00:00:00Z,12.36,576.0
2020-01-08T00:30:00Z,15.79,577.05
2020-01-08T01:00:00Z,15.91,713.2
2020-01-08T01:30:00Z,15.85,681.15
2020-01-08T02:00:00Z,14.56,679.45
2020-01-08T02:30:00Z,14.28,619.95
2020-01-08T03:00:00Z,15.76,515.45
2020-01-08T03:30:00Z,15.88,508.25
2020-01-08T04:00:00Z,17.36,866.2
2020-01-08T04:30:00Z,18.74,728.3
2020-01-08T05:00:00Z,22.21,700.65
2020-01-08T05:30:00Z,28.79,863.45
2020-01-08T06:00:00Z,31.38,1356.15
2020-01-08T06:30:00Z,21.5,1496.9
2020-01-08T07:00:00Z,33.13,1517.3
2020-01-08T07:30:00Z,36.77,1056.25
2020-01-08T08:00:00Z,40.48,1240.8
2020-01-08T08:30:00Z,41.55,1200.75
2020-01-08T09:00:00Z,41.46,1892.5
2020-01-08T09:30:00Z,41.09,2112.0
2020-01-08T10:00:00Z,39.58,1621.2
2020-01-08T10:30:00Z,39.99,1805.55
2020-01-08T11:00:00Z,33.67,1467.85
2020-01-08T11:30:00Z,31.23,1365.35
2020-01-08T12:00:00Z,31.1,1770.25
2020-01-08T12:30:00Z,34.31,1912.65
2020-01-08T13:00:00Z,37.38,1723.4
2020-01-08T13:30:00Z,37.209999999999994,1773.65
2020-01-08T14:00:00Z,28.9,1654.8
2020-01-08T14:30:00Z,27.97,1914.05
2020-01-08T15:00:00Z,34.41,2153.6
2020-01-08T15:30:00Z,39.05,2058.85
2020-01-08T16:00:00Z,37.88,2183.8
2020-01-08T16:30:00Z,47.42,1503.95
2020-01-08T17:00:00Z,50.53,2141.05
2020-01-08T17:30:00Z,49.57,2095.45
2020-01-08T18:00:00Z,48.54,2064.8
2020-01-08T18:30:00Z,47.75,2122.9
2020-01-08T19:00:00Z,39.13,1292.3
2020-01-08T19:30:00Z,42.13,1531.0
2020-01-08T20:00:00Z,43.6,1208.95
2020-01-08T20:30:00Z,35.61,1299.65
2020-01-08T21:00:00Z,36.0,1181.7
2020-01-08T21:30:00Z,39.34,1283.2
2020-01-08T22:00:00Z,33.36,1440.6
2020-01-08T22:30:00Z,35.26,1547.1
2020-01-08T23:00:00Z,35.21,516.7
2020-01-08T23:30:00Z,40.5,655.6
2020-01-09T00:00:00Z,32.42,443.45
2020-01-09T00:30:00Z,33.09,523.9
2020-01-09T01:00:00Z,28.57,586.6
2020-01-09T01:30:00Z,22.44,499.95
2020-01-09T02:00:00Z,21.41,617.1
2020-01-09T02:30:00Z,18.2,849.0
2020-01-09T03:00:00Z,16.56,634.15
2020-01-09T03:30:00Z,14.93,645.0
2020-01-09T04:00:00Z,19.38,687.5
2020-01-09T04:30:00Z,18.21,745.6
2020-01-09T05:00:00Z,35.92,569.05
2020-01-09T05:30:00Z,36.51,595.5
2020-01-09T06:00:00Z,39.64,1155.7
2020-01-09T06:30:00Z,35.52,1314.85
2020-01-09T07:00:00Z,24.45,1125.1
2020-01-09T07:30:00Z,27.93,1171.95
2020-01-09T08:00:00Z,25.33,1897.0
2020-01-09T08:30:00Z,32.04,1884.15
2020-01-09T09:00:00Z,31.13,1585.75
2020-01-09T09:30:00Z,29.870000000000005,1626.35
2020-01-09T10:00:00Z,31.33,2043.95
2020-01-09T10:30:00Z,31.51,1966.95
2020-01-09T11:00:00Z,30.64,1916.75
2020-01-09T11:30:00Z,29.9,2047.95
2020-01-09T12:00:00Z,31.32,1934.55
2020-01-09T12:30:00Z,31.63,2029.25
2020-01-09T13:00:00Z,30.14,2051.1
2020-01-09T13:30:00Z,29.44,1957.25
2020-01-09T14:00:00Z,32.08,1766.9
2020-01-09T14:30:00Z,34.98,2230.45
2020-01-09T15:00:00Z,40.4,1757.7
2020-01-09T15:30:00Z,43.94,1628.0
2020-01-09T16:00:00Z,45.54,1916.8
2020-01-09T16:30:00Z,48.12,1657.9
2020-01-09T17:00:00Z,48.0,1736.95
2020-01-09T17:30:00Z,44.48,1829.55
2020-01-09T18:00:00Z,44.14,1626.25
2020-01-09T18:30:00Z,43.43,1974.55
2020-01-09T19:00:00Z,43.47,1174.8
2020-01-09T19:30:00Z,44.19,1256.5
2020-01-09T20:00:00Z,44.6,1067.5
2020-01-09T20:30:00Z,43.11,1080.95
2020-01-09T21:00:00Z,36.09,1233.75
2020-01-09T21:30:00Z,37.21,1211.8
2020-01-09T22:00:00Z,39.39,1149.6
2020-01-09T22:30:00Z,39.84,1279.8
2020-01-09T23:00:00Z,33.73,802.15
2020-01-09T23:30:00Z,37.16,431.7
2020-01-10T13:00:00Z,42.16602165087957,1256.3
2020-01-10T13:30:00Z,38.53,1339.1
2020-01-10T14:00:00Z,37.28,1447.65
2020-01-10T14:30:00Z,35.33,1486.1
2020-01-10T15:00:00Z,39.62,1659.2
2020-01-10T15:30:00Z,40.35,1731.45
2020-01-10T16:00:00Z,39.199999999999996,1814.9
2020-01-10T16:30:00Z,45.4,1678.55
2020-01-10T17:00:00Z,45.6,1840.05
2020-01-10T17:30:00Z,42.27,1820.1
2020-01-10T18:00:00Z,44.81,1625.35
2020-01-10T18:30:00Z,44.53,1809.8
2020-01-10T19:00:00Z,40.6,2251.6
2020-01-10T19:30:00Z,36.91,2152.05
2020-01-10T20:00:00Z,40.33,2031.45
2020-01-10T20:30:00Z,40.52,2113.8
2020-01-10T21:00:00Z,35.79,1653.85
2020-01-10T21:30:00Z,35.14,1379.9
2020-01-10T22:00:00Z,37.91,1734.15
2020-01-10T22:30:00Z,38.3,2105.2
2020-01-10T23:00:00Z,34.9,712.3
2020-01-10T23:30:00Z,23.86,666.0
2020-01-11T00:00:00Z,29.09,698.95
2020-01-11T00:30:00Z,30.64,505.5
2020-01-11T01:00:00Z,32.52,382.9
2020-01-11T01:30:00Z,34.45,531.35
2020-01-11T02:00:00Z,32.07,647.65
2020-01-11T02:30:00Z,30.1,825.15
2020-01-11T03:00:00Z,25.95,477.0
2020-01-11T03:30:00Z,23.09,482.6
2020-01-11T04:00:00Z,25.52,629.5
2020-01-11T04:30:00Z,26.05,512.25
2020-01-11T05:00:00Z,27.41,583.1
2020-01-11T05:30:00Z,25.790000000000003,715.7
2020-01-11T06:00:00Z,26.38,721.9
2020-01-11T06:30:00Z,28.540000000000003,623.6
2020-01-11T07:00:00Z,32.46,1033.1
2020-01-11T07:30:00Z,36.15,1039.35
2020-01-11T08:00:00Z,26.309999999999995,1372.15
2020-01-11T08:30:00Z,36.98,1292.15
2020-01-11T09:00:00Z,31.940000000000005,1629.65
2020-01-11T09:30:00Z,34.77,1617.7
2020-01-11T10:00:00Z,33.48,1744.2
2020-01-11T10:30:00Z,34.47,1650.55
2020-01-11T11:00:00Z,39.63,1024.55
2020-01-11T11:30:00Z,40.5,1246.2
2020-01-11T12:00:00Z,41.99,1240.35
2020-01-11T12:30:00Z,42.82,1240.0
2020-01-11T13:00:00Z,43.25,1297.05
2020-01-11T13:30:00Z,41.04,1210.6
2020-01-11T14:00:00Z,41.94,1430.4
2020-01-11T14:30:00Z,39.54,1513.35
2020-01-11T15:00:00Z,30.6,940.8
2020-01-11T15:30:00Z,29.43,790.9
2020-01-11T16:00:00Z,26.51,774.4
2020-01-11T16:30:00Z,40.94,769.4
2020-01-11T17:00:00Z,49.44,682.8
2020-01-11T17:30:00Z,49.74,732.45
2020-01-11T18:00:00Z,45.75,923.8
2020-01-11T18:30:00Z,44.94,898.65
2020-01-11T19:00:00Z,31.27,938.0
2020-01-11T19:30:00Z,28.37,962.9
2020-01-11T20:00:00Z,28.86,931.0
2020-01-11T20:30:00Z,29.81,1077.9
2020-01-11T21:00:00Z,27.15,1141.4
2020-01-11T21:30:00Z,31.33,1044.6
2020-01-11T22:00:00Z,31.09,967.35
2020-01-11T22:30:00Z,29.96,972.7
2020-01-11T23:00:00Z,22.24,708.8
2020-01-11T23:30:00Z,26.8,622.95
2020-01-12T00:00:00Z,30.42,797.95
2020-01-12T00:30:00Z,32.22,787.6
2020-01-12T01:00:00Z,37.79,545.05
2020-01-12T01:30:00Z,35.0,482.15
2020-01-12T02:00:00Z,39.22,585.0
2020-01-12T02:30:00Z,40.07,656.15
2020-01-12T03:00:00Z,41.62,610.2
2020-01-12T03:30:00Z,40.42,695.5
2020-01-12T04:00:00Z,40.78,729.5
2020-01-12T04:30:00Z,41.28,674.5
2020-01-12T05:00:00Z,39.23,694.35
2020-01-12T05:30:00Z,38.55,678.6
2020-01-12T06:00:00Z,36.04,818.55
2020-01-12T06:30:00Z,35.89,886.95
2020-01-12T07:00:00Z,34.97,1270.85
2020-01-12T07:30:00Z,31.01,1419.35
2020-01-12T08:00:00Z,29.14,1102.0
2020-01-12T08:30:00Z,28.71,1363.6
2020-01-12T09:00:00Z,35.63,1698.6
2020-01-12T09:30:00Z,38.73,1800.0
2020-01-12T10:00:00Z,34.84,1601.1
2020-01-12T10:30:00Z,33.52,1742.6
2020-01-12T11:00:00Z,38.86,1413.5
2020-01-12T11:30:00Z,37.79,1608.05
2020-01-12T12:00:00Z,35.38,1702.75
2020-01-12T12:30:00Z,35.15,1504.4
2020-01-12T13:00:00Z,30.5,1708.7
2020-01-12T13:30:00Z,29.69,1852.65
2020-01-12T14:00:00Z,30.78,1660.35
2020-01-12T14:30:00Z,29.96,1659.15
2020-01-12T15:00:00Z,29.3,1318.05
2020-01-12T15:30:00Z,27.96,1147.6
2020-01-12T16:00:00Z,30.51,1490.9
2020-01-12T16:30:00Z,39.66,1478.0
2020-01-12T17:00:00Z,50.01,1038.55
2020-01-12T17:30:00Z,50.2,1118.05
2020-01-12T18:00:00Z,48.41,1032.2
2020-01-12T18:30:00Z,42.8,1195.95
2020-01-12T19:00:00Z,36.68,1058.1
2020-01-12T19:30:00Z,36.49,1121.4
2020-01-12T20:00:00Z,38.55,1204.35
2020-01-12T20:30:00Z,36.2,1118.5
2020-01-12T21:00:00Z,32.65,1000.35
2020-01-12T21:30:00Z,33.57,1147.7
2020-01-12T22:00:00Z,29.54,1193.85
2020-01-12T22:30:00Z,26.68,1273.3
2020-01-12T23:00:00Z,26.01,865.8
2020-01-12T23:30:00Z,15.029999999999998,787.7
2020-01-13T00:00:00Z,19.71,710.5
2020-01-13T00:30:00Z,20.83,764.65
2020-01-13T01:00:00Z,19.7,714.6
2020-01-13T01:30:00Z,12.170000000000002,688.35
2020-01-13T02:00:00Z,18.37,767.5
2020-01-13T02:30:00Z,17.13,675.3
2020-01-13T03:00:00Z,27.030000000000005,416.9
2020-01-13T03:30:00Z,27.93,395.2
2020-01-13T04:00:00Z,31.139999999999997,539.5
2020-01-13T04:30:00Z,31.440000000000005,555.05
2020-01-13T05:00:00Z,32.01,670.7
2020-01-13T05:30:00Z,32.31,651.9
2020-01-13T06:00:00Z,38.41,1440.2
2020-01-13T06:30:00Z,33.84,1622.3
2020-01-13T07:00:00Z,44.13,1134.55
2020-01-13T07:30:00Z,44.97,1152.9
2020-01-13T08:00:00Z,44.9,1173.7
2020-01-13T08:30:00Z,44.09,1172.3
2020-01-13T09:00:00Z,42.9,1701.85
2020-01-13T09:30:00Z,40.769999999999996,1847.8
2020-01-13T10:00:00Z,43.269999999999996,1562.2
2020-01-13T10:30:00Z,41.88,2113.4
2020-01-13T11:00:00Z,34.81,2014.95
2020-01-13T11:30:00Z,35.23,2321.25
2020-01-13T12:00:00Z,39.37,2075.75
2020-01-13T12:30:00Z,39.61,1829.95
2020-01-13T13:00:00Z,40.14,1739.75
2020-01-13T13:30:00Z,39.02,1714.2
2020-01-13T14:00:00Z,38.25,1702.3
2020-01-13T14:30:00Z,38.39,1561.2
2020-01-13T15:00:00Z,37.32,1008.25
2020-01-13T15:30:00Z,37.92,1143.0
2020-01-13T16:00:00Z,37.51,1843.4
2020-01-13T16:30:00Z,42.69,1514.45
2020-01-13T17:00:00Z,0.0,0.0
2020-01-13T17:30:00Z,0.0,0.0
2020-01-13T18:00:00Z,0.0,0.0
2020-01-13T18:30:00Z,0.0,0.0
2020-01-13T19:00:00Z,0.0,0.0
2020-01-13T19:30:00Z,0.0,0.0
2020-01-13T20:00:00Z,0.0,0.0
2020-01-13T20:30:00Z,39.47,1456.7
2020-01-13T21:00:00Z,34.63,1370.2
2020-01-13T21:30:00Z,28.03,1627.25
2020-01-13T22:00:00Z,30.77,1658.1
2020-01-13T22:30:00Z,24.74,1272.4
2020-01-13T23:00:00Z,24.73,588.6
2020-01-13T23:30:00Z,17.38,814.35
2020-01-14T00:00:00Z,12.62,698.3
2020-01-14T00:30:00Z,24.08,823.4
2020-01-14T01:00:00Z,17.03,746.8
2020-01-14T01:30:00Z,16.04,732.7
2020-01-14T02:00:00Z,14.8,896.25
2020-01-14T02:30:00Z,12.42,931.7
2020-01-14T03:00:00Z,11.99,841.0
2020-01-14T03:30:00Z,11.35,825.55
2020-01-14T04:00:00Z,14.800000000000002,760.85
2020-01-14T04:30:00Z,15.12,747.75
2020-01-14T05:00:00Z,26.210000000000004,736.2
2020-01-14T05:30:00Z,34.9,718.3
2020-01-14T06:00:00Z,43.18,1190.2
2020-01-14T06:30:00Z,39.91,875.85
2020-01-14T07:00:00Z,43.43,1178.65
2020-01-14T07:30:00Z,46.88,893.05
2020-01-14T08:00:00Z,47.86,1114.95
2020-01-14T08:30:00Z,45.02,794.85
2020-01-14T09:00:00Z,37.58,1218.6
2020-01-14T09:30:00Z,37.3,1044.75
2020-01-14T10:00:00Z,36.29,1186.95
2020-01-14T10:30:00Z,37.26,1304.9
2020-01-14T11:00:00Z,37.19,837.55
2020-01-14T11:30:00Z,37.72,1028.5
2020-01-14T12:00:00Z,40.02,1000.4
2020-01-14T12:30:00Z,40.33,980.9
2020-01-14T13:00:00Z,43.48,1420.8
2020-01-14T13:30:00Z,43.76,1412.15
2020-01-14T14:00:00Z,43.2,1342.45
2020-01-14T14:30:00Z,44.9,1922.85
2020-01-14T15:00:00Z,48.45,2068.85
2020-01-14T15:30:00Z,49.96,2288.55
2020-01-14T16:00:00Z,50.11,2088.4
2020-01-14T16:30:00Z,52.77,2089.55
2020-01-14T17:00:00Z,53.69,2082.15
2020-01-14T17:30:00Z,54.05,1810.5
2020-01-14T18:00:00Z,51.25,1631.0
2020-01-14T18:30:00Z,46.73,1860.35
2020-01-14T19:00:00Z,37.9,1196.65
2020-01-14T19:30:00Z,38.32,903.15
2020-01-14T20:00:00Z,38.09693870423191,858.95
2020-01-14T20:30:00Z,38.40918320020614,776.2
2020-01-14T21:00:00Z,36.35,449.85
2020-01-14T21:30:00Z,34.97,634.7
2020-01-14T22:00:00Z,32.83,605.8
2020-01-14T22:30:00Z,30.13,1149.75
2020-01-14T23:00:00Z,24.01,529.3
2020-01-14T23:30:00Z,30.460000000000004,593.5
2020-01-15T00:00:00Z,14.74,514.85
2020-01-15T00:30:00Z,19.01,439.15
2020-01-15T01:00:00Z,25.15,586.95
2020-01-15T01:30:00Z,25.9,576.65
2020-01-15T02:00:00Z,27.42,606.3
2020-01-15T02:30:00Z,24.02,620.2
2020-01-15T03:00:00Z,24.94,791.7
2020-01-15T03:30:00Z,18.69,693.05
2020-01-15T04:00:00Z,20.05,733.6
2020-01-15T04:30:00Z,21.7,648.9
2020-01-15T05:00:00Z,16.15,746.85
2020-01-15T05:30:00Z,32.15,639.7
2020-01-15T06:00:00Z,27.25,939.45
2020-01-15T06:30:00Z,36.53,871.4
2020-01-15T07:00:00Z,33.88,615.2
2020-01-15T07:30:00Z,40.7,1108.1
2020-01-15T08:00:00Z,44.36,1198.35
2020-01-15T08:30:00Z,46.27,1181.75
2020-01-15T09:00:00Z,46.43,1540.1
2020-01-15T09:30:00Z,46.86000000000001,1565.45
2020-01-15T10:00:00Z,45.69,1492.25
2020-01-15T10:30:00Z,45.59,1550.05
2020-01-15T11:00:00Z,43.51,1842.3
2020-01-15T11:30:00Z,43.19,1756.05
2020-01-15T12:00:00Z,41.91,1839.9
2020-01-15T12:30:00Z,37.57,2116.1
2020-01-15T13:00:00Z,33.86,1846.55
2020-01-15T13:30:00Z,32.93,1815.65
2020-01-15T14:00:00Z,32.42,1905.3
2020-01-15T14:30:00Z,30.61,1886.25
2020-01-15T15:00:00Z,24.61,1125.7
2020-01-15T15:30:00Z,29.62,1140.2
2020-01-15T16:00:00Z,33.61,1646.4
2020-01-15T16:30:00Z,46.89999999999999,1455.95
2020-01-15T17:00:00Z,49.85,1523.75
2020-01-15T17:30:00Z,49.64000000000001,1420.25
2020-01-15T18:00:00Z,48.800000000000004,1430.15
2020-01-15T18:30:00Z,48.03999999999999,1499.9
2020-01-15T19:00:00Z,45.56,1458.2
2020-01-15T19:30:00Z,34.76,1734.5
2020-01-15T20:00:00Z,33.42,893.65
2020-01-15T20:30:00Z,32.77,985.25
2020-01-15T21:00:00Z,33.41,883.6
2020-01-15T21:30:00Z,27.86,1354.35
2020-01-15T22:00:00Z,37.03,1340.1
2020-01-15T22:30:00Z,24.11,1252.0
2020-01-15T23:00:00Z,17.22,1237.5
2020-01-15T23:30:00Z,12.94,1141.1
2020-01-16T00:00:00Z,17.43,1025.0
2020-01-16T00:30:00Z,23.93,985.75
2020-01-16T01:00:00Z,25.68,1130.05
2020-01-16T01:30:00Z,20.34,1075.95
2020-01-16T02:00:00Z,24.64,1034.65
2020-01-16T02:30:00Z,25.16,1002.25
2020-01-16T03:00:00Z,23.4,715.75
2020-01-16T03:30:00Z,17.05,811.85
2020-01-16T04:00:00Z,18.87,861.55
2020-01-16T04:30:00Z,19.93,890.6
2020-01-16T05:00:00Z,28.94,656.95
2020-01-16T05:30:00Z,35.05,733.4
2020-01-16T06:00:00Z,37.74,888.05
2020-01-16T06:30:00Z,40.13,1055.65
2020-01-16T07:00:00Z,38.53,1066.65
2020-01-16T07:30:00Z,45.57,1187.9
2020-01-16T08:00:00Z,43.32,1376.8
2020-01-16T08:30:00Z,39.22,1666.7
2020-01-16T09:00:00Z,37.32,1864.15
2020-01-16T09:30:00Z,38.76,1842.95
2020-01-16T10:00:00Z,40.39,2078.15
2020-01-16T10:30:00Z,40.58,2458.3
2020-01-16T11:00:00Z,33.46,1901.25
2020-01-16T11:30:00Z,34.17,1979.65
2020-01-16T12:00:00Z,35.88,1650.65
2020-01-16T12:30:00Z,37.1,1882.45
2020-01-16T13:00:00Z,34.09,2174.0
2020-01-16T13:30:00Z,32.79,2246.9
2020-01-16T14:00:00Z,35.87,2468.45
2020-01-16T14:30:00Z,34.4,2396.05
2020-01-16T15:00:00Z,42.41,2548.5
2020-01-16T15:30:00Z,43.2,2546.9
2020-01-16T16:00:00Z,43.61,2346.55
2020-01-16T16:30:00Z,45.89,2611.2
2020-01-16T17:00:00Z,43.0,2175.05
2020-01-16T17:30:00Z,44.51,2178.2
2020-01-16T18:00:00Z,44.36,1792.0
2020-01-16T18:30:00Z,42.87,1854.35
2020-01-16T19:00:00Z,40.72,2118.6
2020-01-16T19:30:00Z,41.45,1878.15
2020-01-16T20:00:00Z,42.24,1983.2
2020-01-16T20:30:00Z,41.34,1799.05
2020-01-16T21:00:00Z,40.02,1346.25
2020-01-16T21:30:00Z,35.41,1210.55
2020-01-16T22:00:00Z,34.36,1399.45
2020-01-16T22:30:00Z,32.6,1266.5
2020-01-16T23:00:00Z,27.39,599.5
2020-01-16T23:30:00Z,20.4,556.25
2020-01-17T00:00:00Z,22.25,574.75
2020-01-17T00:30:00Z,28.12,484.5
2020-01-17T01:00:00Z,25.61,640.05
2020-01-17T01:30:00Z,26.14,622.2
2020-01-17T02:00:00Z,27.8,850.4
2020-01-17T02:30:00Z,28.59,749.3
2020-01-17T03:00:00Z,28.78,850.0
2020-01-17T03:30:00Z,28.45,773.85
2020-01-17T04:00:00Z,28.01,889.15
2020-01-17T04:30:00Z,28.2,834.55
2020-01-17T05:00:00Z,29.71,1025.5
2020-01-17T05:30:00Z,31.87,990.15
2020-01-17T06:00:00Z,38.28,1338.2
2020-01-17T06:30:00Z,27.65,1305.55
2020-01-17T07:00:00Z,30.34,1857.9
2020-01-17T07:30:00Z,32.59,2078.35
2020-01-17T08:00:00Z,37.46,1851.8
2020-01-17T08:30:00Z,38.42,2107.15
2020-01-17T09:00:00Z,42.18,1891.0
2020-01-17T09:30:00Z,41.54,1916.45
2020-01-17T10:00:00Z,32.08,2213.3
2020-01-17T10:30:00Z,31.9,2462.35
2020-01-17T11:00:00Z,37.21,3073.5
2020-01-17T11:30:00Z,38.67,2994.35
2020-01-17T12:00:00Z,35.38,2974.5
2020-01-17T12:30:00Z,33.46,2929.15
2020-01-17T13:00:00Z,32.48,2422.4
2020-01-17T13:30:00Z,32.02,2741.0
2020-01-17T14:00:00Z,31.76,2658.55
2020-01-17T14:30:00Z,30.54,3190.65
2020-01-17T15:00:00Z,33.12,2748.3
2020-01-17T15:30:00Z,35.46,2550.15
2020-01-17T16:00:00Z,33.81,2803.75
2020-01-17T16:30:00Z,41.43,2682.15
2020-01-17T17:00:00Z,41.99,2259.7
2020-01-17T17:30:00Z,42.81,2460.55
2020-01-17T18:00:00Z,42.44,2468.25
2020-01-17T18:30:00Z,40.82,2093.3
2020-01-17T19:00:00Z,37.53,2865.7
2020-01-17T19:30:00Z,37.22,2478.0
2020-01-17T20:00:00Z,35.61,2089.65
2020-01-17T20:30:00Z,35.94,1984.7
2020-01-17T21:00:00Z,34.21,1819.05
2020-01-17T21:30:00Z,33.99,1797.55
2020-01-17T22:00:00Z,33.18,1522.95
2020-01-17T22:30:00Z,31.71,2045.55
2020-01-17T23:00:00Z,37.24,655.4
2020-01-17T23:30:00Z,24.93,566.5
2020-01-18T00:00:00Z,15.34,441.2
2020-01-18T00:30:00Z,11.01,426.1
2020-01-18T01:00:00Z,20.4,512.0
2020-01-18T01:30:00Z,22.48,459.6
2020-01-18T02:00:00Z,21.55,493.65
2020-01-18T02:30:00Z,19.23,588.75
2020-01-18T03:00:00Z,21.22,627.3
2020-01-18T03:30:00Z,22.15,647.55
2020-01-18T04:00:00Z,23.35,557.75
2020-01-18T04:30:00Z,23.61,550.15
2020-01-18T05:00:00Z,25.98,578.4
2020-01-18T05:30:00Z,26.14,667.0
2020-01-18T06:00:00Z,27.2,739.0
2020-01-18T06:30:00Z,28.37,1014.5
2020-01-18T07:00:00Z,39.61,1023.15
2020-01-18T07:30:00Z,41.12,1055.55
2020-01-18T08:00:00Z,38.33,659.3
2020-01-18T08:30:00Z,41.15,945.5
2020-01-18T09:00:00Z,43.42,1049.1
2020-01-18T09:30:00Z,42.71,939.8
2020-01-18T10:00:00Z,42.94,1307.0
2020-01-18T10:30:00Z,41.77,1455.2
2020-01-18T11:00:00Z,38.59,1176.3
2020-01-18T11:30:00Z,38.92,1428.3
2020-01-18T12:00:00Z,37.19,1426.85
2020-01-18T12:30:00Z,36.86,1376.05
2020-01-18T13:00:00Z,32.05,1362.6
2020-01-18T13:30:00Z,29.08,1814.25
2020-01-18T14:00:00Z,30.68,1531.55
2020-01-18T14:30:00Z,28.84,1619.9
2020-01-18T15:00:00Z,32.62,1298.45
2020-01-18T15:30:00Z,34.03,1254.1
2020-01-18T16:00:00Z,36.85,956.4
2020-01-18T16:30:00Z,42.89,1106.25
2020-01-18T17:00:00Z,46.91,1284.35
2020-01-18T17:30:00Z,47.58,1118.1
2020-01-18T18:00:00Z,47.14,1167.65
2020-01-18T18:30:00Z,44.58,1068.75
2020-01-18T19:00:00Z,44.96,1304.4
2020-01-18T19:30:00Z,44.46,1177.8
2020-01-18T20:00:00Z,42.94,1323.5
2020-01-18T20:30:00Z,37.44,1144.0
2020-01-18T21:00:00Z,38.55,1018.65
2020-01-18T21:30:00Z,35.97999999999999,916.75
2020-01-18T22:00:00Z,34.13,1371.85
2020-01-18T22:30:00Z,36.37,1612.0
2020-01-18T23:00:00Z,39.14,438.5
2020-01-18T23:30:00Z,39.85,391.3
2020-01-19T00:00:00Z,39.81,384.35
2020-01-19T00:30:00Z,40.93,377.9
2020-01-19T01:00:00Z,42.67,460.85
2020-01-19T01:30:00Z,36.84,309.35
2020-01-19T02:00:00Z,32.65,532.2
2020-01-19T02:30:00Z,33.52,396.6
2020-01-19T03:00:00Z,28.95,296.5
2020-01-19T03:30:00Z,28.910000000000004,390.05
2020-01-19T04:00:00Z,30.31,496.5
2020-01-19T04:30:00Z,30.78,477.75
2020-01-19T05:00:00Z,33.89,494.0
2020-01-19T05:30:00Z,32.21,518.25
2020-01-19T06:00:00Z,26.93,451.2
2020-01-19T06:30:00Z,22.57,784.75
2020-01-19T07:00:00Z,28.48,871.3
2020-01-19T07:30:00Z,32.99,1118.45
2020-01-19T08:00:00Z,40.67,1048.4
2020-01-19T08:30:00Z,43.98,1485.65
2020-01-19T09:00:00Z,44.64,737.0
2020-01-19T09:30:00Z,40.21,992.65
2020-01-19T10:00:00Z,37.72,899.8
2020-01-19T10:30:00Z,38.7,761.85
2020-01-19T11:00:00Z,37.95,1418.55
2020-01-19T11:30:00Z,38.0,1343.7
2020-01-19T12:00:00Z,30.739999999999995,1157.15
2020-01-19T12:30:00Z,30.18,1284.25
2020-01-19T13:00:00Z,36.24,1168.45
2020-01-19T13:30:00Z,35.76,1106.25
2020-01-19T14:00:00Z,31.429999999999996,1085.85
2020-01-19T14:30:00Z,29.21,1100.05
2020-01-19T15:00:00Z,34.96,1853.8
2020-01-19T15:30:00Z,37.48,1553.05
2020-01-19T16:00:00Z,37.03,1335.2
2020-01-19T16:30:00Z,41.3,1155.8
2020-01-19T17:00:00Z,45.66,1230.9
2020-01-19T17:30:00Z,46.29,1328.75
2020-01-19T18:00:00Z,45.04,1244.15
2020-01-19T18:30:00Z,43.48,1190.1
2020-01-19T19:00:00Z,44.93,1514.45
2020-01-19T19:30:00Z,43.9,1330.45
2020-01-19T20:00:00Z,41.56,1084.95
2020-01-19T20:30:00Z,42.16,998.6
2020-01-19T21:00:00Z,39.74,1029.6
2020-01-19T21:30:00Z,38.65,982.15
2020-01-19T22:00:00Z,37.8,1208.5
2020-01-19T22:30:00Z,36.17,986.3
2020-01-19T23:00:00Z,31.279999999999998,588.35
2020-01-19T23:30:00Z,27.0,555.55
2020-01-20T00:00:00Z,29.59,529.9
2020-01-20T00:30:00Z,27.38,568.85
2020-01-20T01:00:00Z,28.12,561.7
2020-01-20T01:30:00Z,27.4,525.6
2020-01-20T02:00:00Z,27.71,642.0
2020-01-20T02:30:00Z,27.91,739.2
2020-01-20T03:00:00Z,28.19,701.5
2020-01-20T03:30:00Z,27.06,655.9
2020-01-20T04:00:00Z,26.09,599.0
2020-01-20T04:30:00Z,27.16,446.75
2020-01-20T05:00:00Z,33.95,915.4
2020-01-20T05:30:00Z,34.9,967.85
2020-01-20T06:00:00Z,41.4,1227.0
2020-01-20T06:30:00Z,24.03,1321.75
2020-01-20T07:00:00Z,35.27,825.0
2020-01-20T07:30:00Z,40.459999999999994,854.1
2020-01-20T08:00:00Z,34.93,781.25
2020-01-20T08:30:00Z,33.32,924.95
2020-01-20T09:00:00Z,36.28,1029.15
2020-01-20T09:30:00Z,37.16,1214.1
2020-01-20T10:00:00Z,43.89,1084.2
2020-01-20T10:30:00Z,38.79,1111.55
2020-01-20T11:00:00Z,27.46,1190.55
2020-01-20T11:30:00Z,29.800000000000004,1244.05
2020-01-20T12:00:00Z,31.04,1499.05
2020-01-20T12:30:00Z,30.56,1323.5
2020-01-20T13:00:00Z,30.41,1233.35
2020-01-20T13:30:00Z,28.61,1199.9
2020-01-20T14:00:00Z,27.55,1371.9
2020-01-20T14:30:00Z,28.84,1568.2
2020-01-20T15:00:00Z,34.04,1779.0
2020-01-20T15:30:00Z,35.66,1739.05
2020-01-20T16:00:00Z,37.1,1796.0
2020-01-20T16:30:00Z,40.44,1746.25
2020-01-20T17:00:00Z,40.48,3154.15
2020-01-20T17:30:00Z,41.91,3208.9
2020-01-20T18:00:00Z,40.88,3046.45
2020-01-20T18:30:00Z,40.41,3126.3
2020-01-20T19:00:00Z,35.42,1818.1
2020-01-20T19:30:00Z,37.51,1326.9
2020-01-20T20:00:00Z,37.81,1498.5
2020-01-20T20:30:00Z,36.06,1680.35
2020-01-20T21:00:00Z,32.06,2447.95
2020-01-20T21:30:00Z,31.35,2366.1
2020-01-20T22:00:00Z,32.63,2455.25
2020-01-20T22:30:00Z,31.29,2653.1
2020-01-20T23:00:00Z,35.04,785.8
2020-01-20T23:30:00Z,28.51,967.2
2020-01-21T00:00:00Z,27.650000000000002,610.65
2020-01-21T00:30:00Z,31.609999999999996,637.8
2020-01-21T01:00:00Z,32.46,642.4
2020-01-21T01:30:00Z,32.19,603.0
2020-01-21T02:00:00Z,31.130000000000003,550.2
2020-01-21T02:30:00Z,32.33,743.55
2020-01-21T03:00:00Z,33.23,496.9
2020-01-21T03:30:00Z,32.24,521.45
2020-01-21T04:00:00Z,33.64,450.65
2020-01-21T04:30:00Z,34.12,445.85
2020-01-21T05:00:00Z,41.07,662.35
2020-01-21T05:30:00Z,37.69,848.45
2020-01-21T06:00:00Z,43.99,987.35
2020-01-21T06:30:00Z,42.08,1431.4
2020-01-21T07:00:00Z,59.15,1116.15
2020-01-21T07:30:00Z,62.71000000000001,1511.6
2020-01-21T08:00:00Z,62.42,1500.15
2020-01-21T08:30:00Z,65.7,1660.9
2020-01-21T09:00:00Z,65.96,1976.1
2020-01-21T09:30:00Z,65.51,1914.95
2020-01-21T10:00:00Z,59.64000000000001,2275.55
2020-01-21T10:30:00Z,52.95,2267.2
2020-01-21T11:00:00Z,44.88,1764.75
2020-01-21T11:30:00Z,43.63,1951.7
2020-01-21T12:00:00Z,43.75,2068.9
2020-01-21T12:30:00Z,40.57,2115.15
2020-01-21T13:00:00Z,40.71,2022.6
2020-01-21T13:30:00Z,38.65,2534.0
2020-01-21T14:00:00Z,38.33,2724.4
2020-01-21T14:30:00Z,40.44,2230.05
2020-01-21T15:00:00Z,47.16,1815.7
2020-01-21T15:30:00Z,54.3,1521.85
2020-01-21T16:00:00Z,59.22,1650.6
2020-01-21T16:30:00Z,59.69,1749.55
2020-01-21T17:00:00Z,62.93,1673.35
2020-01-21T17:30:00Z,67.05,1656.85
2020-01-21T18:00:00Z,64.77,1595.7
2020-01-21T18:30:00Z,65.04,1758.25
2020-01-21T19:00:00Z,54.38999999999999,1267.95
2020-01-21T19:30:00Z,55.17999999999999,1411.15
2020-01-21T20:00:00Z,55.65,1363.6
2020-01-21T20:30:00Z,49.04,1236.5
2020-01-21T21:00:00Z,45.29,1245.5
2020-01-21T21:30:00Z,45.54,1348.75
2020-01-21T22:00:00Z,42.48,1356.25
2020-01-21T22:30:00Z,40.42,1824.5
2020-01-21T23:00:00Z,36.79,1033.05
2020-01-21T23:30:00Z,40.44,734.0
2020-01-22T00:00:00Z,34.78,463.4
2020-01-22T00:30:00Z,38.22,595.3
2020-01-22T01:00:00Z,32.25,771.05
2020-01-22T01:30:00Z,32.27,668.95
2020-01-22T02:00:00Z,31.44,664.25
2020-01-22T02:30:00Z,34.9,936.75
2020-01-22T03:00:00Z,34.86,926.75
2020-01-22T03:30:00Z,31.8,890.25
2020-01-22T04:00:00Z,37.2,860.15
2020-01-22T04:30:00Z,33.81,1144.4
2020-01-22T05:00:00Z,41.37,1001.4
2020-01-22T05:30:00Z,39.84,1139.0
2020-01-22T06:00:00Z,43.69,1006.6
2020-01-22T06:30:00Z,43.52,1497.85
2020-01-22T07:00:00Z,44.56,1412.3
2020-01-22T07:30:00Z,61.81,1217.35
2020-01-22T08:00:00Z,61.75,1440.25
2020-01-22T08:30:00Z,59.93999999999999,1670.75
2020-01-22T09:00:00Z,58.45,1062.1
2020-01-22T09:30:00Z,58.18,1178.95
2020-01-22T10:00:00Z,60.39,1031.8
2020-01-22T10:30:00Z,62.96,1417.85
2020-01-22T11:00:00Z,70.43,1819.2
2020-01-22T11:30:00Z,74.72,1977.05
2020-01-22T12:00:00Z,79.96,2002.45
2020-01-22T12:30:00Z,0.0,0.0
2020-01-22T13:00:00Z,0.0,0.0
2020-01-22T13:30:00Z,0.0,0.0
2020-01-22T14:00:00Z,0.0,0.0
2020-01-22T14:30:00Z,0.0,0.0
2020-01-22T15:00:00Z,0.0,0.0
2020-01-22T15:30:00Z,0.0,0.0
2020-01-22T16:00:00Z,69.2,1818.5
2020-01-22T16:30:00Z,76.61000000000001,2023.05
2020-01-22T17:00:00Z,84.42,2081.25
2020-01-22T17:30:00Z,88.11,2035.6
2020-01-22T18:00:00Z,86.38999999999999,1846.85
2020-01-22T18:30:00Z,84.62,1641.25
2020-01-22T19:00:00Z,60.56999999999999,1300.8
2020-01-22T19:30:00Z,58.23,1111.85
2020-01-22T20:00:00Z,57.65,1369.05
2020-01-22T20:30:00Z,46.7,1183.8
2020-01-22T21:00:00Z,42.81,1493.7
2020-01-22T21:30:00Z,39.85,1132.3
2020-01-22T22:00:00Z,40.0,1329.85
2020-01-22T22:30:00Z,36.92,1233.65
2020-01-22T23:00:00Z,36.97,455.2
2020-01-22T23:30:00Z,34.46,335.35
2020-01-23T00:00:00Z,35.48,421.1
2020-01-23T00:30:00Z,36.71,446.05
2020-01-23T01:00:00Z,35.03,511.0
2020-01-23T01:30:00Z,33.35,565.5
2020-01-23T02:00:00Z,33.33,437.5
2020-01-23T02:30:00Z,32.24,351.1
2020-01-23T03:00:00Z,32.99,857.85
2020-01-23T03:30:00Z,33.25,910.95
2020-01-23T04:00:00Z,33.29,784.85
2020-01-23T04:30:00Z,32.73,562.3
2020-01-23T05:00:00Z,33.63,329.55
2020-01-23T05:30:00Z,32.0,433.2
2020-01-23T06:00:00Z,32.98,702.95
2020-01-23T06:30:00Z,31.94,649.35
2020-01-23T07:00:00Z,45.06,1206.35
2020-01-23T07:30:00Z,52.0,1042.3
2020-01-23T08:00:00Z,47.13,1141.45
2020-01-23T08:30:00Z,48.45,1267.4
2020-01-23T09:00:00Z,46.75,1570.25
2020-01-23T09:30:00Z,46.35,1540.05
2020-01-23T10:00:00Z,44.88,1705.15
2020-01-23T10:30:00Z,47.52,1803.4
2020-01-23T11:00:00Z,44.209999999999994,1836.35
2020-01-23T11:30:00Z,45.47,1698.65
2020-01-23T12:00:00Z,42.55,1815.0
2020-01-23T12:30:00Z,42.28,1856.1
2020-01-23T13:00:00Z,41.7,1508.4
2020-01-23T13:30:00Z,40.94,1747.35
2020-01-23T14:00:00Z,41.78,1782.85
2020-01-23T14:30:00Z,42.28000000000001,1848.9
2020-01-23T15:00:00Z,47.72,1864.45
2020-01-23T15:30:00Z,50.25,1954.05
2020-01-23T16:00:00Z,50.05,1810.95
2020-01-23T16:30:00Z,56.25999999999999,1951.1
2020-01-23T17:00:00Z,51.52,2260.3
2020-01-23T17:30:00Z,49.65,2322.05
2020-01-23T18:00:00Z,49.73,2275.75
2020-01-23T18:30:00Z,48.12,2521.95
2020-01-23T19:00:00Z,40.44,1816.05
2020-01-23T19:30:00Z,45.34,1423.25
2020-01-23T20:00:00Z,40.65,1258.95
2020-01-23T20:30:00Z,34.52,959.8
2020-01-23T21:00:00Z,41.54,1137.8
2020-01-23T21:30:00Z,36.78,843.75
2020-01-23T22:00:00Z,35.03,650.35
2020-01-23T22:30:00Z,34.21,1041.65
2020-01-23T23:00:00Z,34.51,928.0
2020-01-23T23:30:00Z,29.84,519.0
2020-01-24T00:00:00Z,30.659999999999997,291.0
2020-01-24T00:30:00Z,31.060000000000002,456.6
2020-01-24T01:00:00Z,31.539999999999996,563.1
2020-01-24T01:30:00Z,31.28,419.8
2020-01-24T02:00:00Z,30.27,626.3
2020-01-24T02:30:00Z,30.61,514.05
2020-01-24T03:00:00Z,29.31,461.95
2020-01-24T03:30:00Z,30.47,399.7
2020-01-24T04:00:00Z,31.29,731.15
2020-01-24T04:30:00Z,28.949999999999996,698.25
2020-01-24T05:00:00Z,28.11,623.1
2020-01-24T05:30:00Z,30.78,567.9
2020-01-24T06:00:00Z,39.71,852.3
2020-01-24T06:30:00Z,40.35,1050.65
2020-01-24T07:00:00Z,50.790000000000006,1536.1
2020-01-24T07:30:00Z,52.57,1661.2
2020-01-24T08:00:00Z,47.03,1839.6
2020-01-24T08:30:00Z,49.35,1737.15
2020-01-24T09:00:00Z,51.6,1694.9
2020-01-24T09:30:00Z,51.73,1733.3
2020-01-24T10:00:00Z,48.87,1800.35
2020-01-24T10:30:00Z,47.56,2055.35
2020-01-24T11:00:00Z,39.91,1432.1
2020-01-24T11:30:00Z,40.28,1378.85
2020-01-24T12:00:00Z,42.67,1173.15
2020-01-24T12:30:00Z,44.02,1417.55
2020-01-24T13:00:00Z,41.58,1649.85
2020-01-24T13:30:00Z,39.74,1627.85
2020-01-24T14:00:00Z,41.18,1574.65
2020-01-24T14:30:00Z,38.58,1785.1
2020-01-24T15:00:00Z,46.77,1694.65
2020-01-24T15:30:00Z,48.68,1526.1
2020-01-24T16:00:00Z,43.59,1851.3
2020-01-24T16:30:00Z,48.65,1785.8
2020-01-24T17:00:00Z,45.74,1474.1
2020-01-24T17:30:00Z,44.40999999999999,1561.9
2020-01-24T18:00:00Z,47.04,1471.5
2020-01-24T18:30:00Z,44.41,1426.45
2020-01-24T19:00:00Z,42.04,1720.1
2020-01-24T19:30:00Z,40.67,1651.55
2020-01-24T20:00:00Z,40.67999999999999,1671.4
2020-01-24T20:30:00Z,39.04,1740.4
2020-01-24T21:00:00Z,40.39,906.65
2020-01-24T21:30:00Z,38.96,1023.85
2020-01-24T22:00:00Z,38.21,912.1
2020-01-24T22:30:00Z,38.88,1261.65
2020-01-24T23:00:00Z,27.45,842.1
2020-01-24T23:30:00Z,30.739999999999995,539.35
2020-01-25T00:00:00Z,28.0,471.0
2020-01-25T00:30:00Z,29.19,499.9
2020-01-25T01:00:00Z,25.65,636.9
2020-01-25T01:30:00Z,25.23,652.15
2020-01-25T02:00:00Z,25.37,534.25
2020-01-25T02:30:00Z,22.41,742.45
2020-01-25T03:00:00Z,18.7,752.25
2020-01-25T03:30:00Z,17.9,609.0
2020-01-25T04:00:00Z,18.33,745.0
2020-01-25T04:30:00Z,18.41,631.45
2020-01-25T05:00:00Z,17.95,584.3
2020-01-25T05:30:00Z,18.26,524.5
2020-01-25T06:00:00Z,19.2,461.35
2020-01-25T06:30:00Z,20.589999999999996,445.35
2020-01-25T07:00:00Z,32.85,1003.05
2020-01-25T07:30:00Z,34.18,1024.95
2020-01-25T08:00:00Z,38.14,1135.85
2020-01-25T08:30:00Z,39.57,977.85
2020-01-25T09:00:00Z,39.27,1369.25
2020-01-25T09:30:00Z,41.65,1685.95
2020-01-25T10:00:00Z,41.77000000000001,1746.75
2020-01-25T10:30:00Z,42.22,1751.25
2020-01-25T11:00:00Z,43.91,1406.7
2020-01-25T11:30:00Z,43.84,1463.5
2020-01-25T12:00:00Z,44.64,1535.85
2020-01-25T12:30:00Z,44.330000000000005,1512.75
2020-01-25T13:00:00Z,37.31,1730.2
2020-01-25T13:30:00Z,37.19,1800.45
2020-01-25T14:00:00Z,39.02,1656.0
2020-01-25T14:30:00Z,38.49,1641.5
2020-01-25T15:00:00Z,38.87,1006.1
2020-01-25T15:30:00Z,41.01,1146.7
2020-01-25T16:00:00Z,40.64,1139.35
2020-01-25T16:30:00Z,43.45,1186.85
2020-01-25T17:00:00Z,45.23,1233.85
2020-01-25T17:30:00Z,45.49,1424.95
2020-01-25T18:00:00Z,45.35,1316.7
2020-01-25T18:30:00Z,43.73,1383.55
2020-01-25T19:00:00Z,39.29,1116.25
2020-01-25T19:30:00Z,36.49,1103.5
2020-01-25T20:00:00Z,33.07,1277.15
2020-01-25T20:30:00Z,34.51,1157.7
2020-01-25T21:00:00Z,34.0,1487.05
2020-01-25T21:30:00Z,31.2,1275.35
2020-01-25T22:00:00Z,35.85,1509.6
2020-01-25T22:30:00Z,35.14,1682.25
2020-01-25T23:00:00Z,40.83,431.45
2020-01-25T23:30:00Z,39.4,406.85
2020-01-26T00:00:00Z,41.19,378.15
2020-01-26T00:30:00Z,43.57,386.5
2020-01-26T01:00:00Z,39.05,465.95
2020-01-26T01:30:00Z,31.99,640.55
2020-01-26T02:00:00Z,36.61,619.1
2020-01-26T02:30:00Z,34.17,552.55
2020-01-26T03:00:00Z,38.14,424.85
2020-01-26T03:30:00Z,36.81,428.25
2020-01-26T04:00:00Z,33.41,424.5
2020-01-26T04:30:00Z,32.15,659.45
2020-01-26T05:00:00Z,33.1,670.55
2020-01-26T05:30:00Z,33.36,683.3
2020-01-26T06:00:00Z,32.89,578.6
2020-01-26T06:30:00Z,27.98,966.4
2020-01-26T07:00:00Z,28.64,1035.3
2020-01-26T07:30:00Z,24.06,1143.05
2020-01-26T08:00:00Z,29.680000000000003,1400.95
2020-01-26T08:30:00Z,31.36,1195.55
2020-01-26T09:00:00Z,32.57,740.15
2020-01-26T09:30:00Z,33.82,1249.2
2020-01-26T10:00:00Z,32.56,1407.3
2020-01-26T10:30:00Z,32.52,1343.8
2020-01-26T11:00:00Z,31.21,1121.15
2020-01-26T11:30:00Z,27.199999999999996,1399.55
2020-01-26T12:00:00Z,33.76,1592.55
2020-01-26T12:30:00Z,38.09,1242.75
2020-01-26T13:00:00Z,39.19,1652.75
2020-01-26T13:30:00Z,38.27,1464.2
2020-01-26T14:00:00Z,34.73,1443.9
2020-01-26T14:30:00Z,33.08,1579.5
2020-01-26T15:00:00Z,33.26,1506.0
2020-01-26T15:30:00Z,37.87,1238.95
2020-01-26T16:00:00Z,38.42,1496.0
2020-01-26T16:30:00Z,45.56,1264.65
2020-01-26T17:00:00Z,50.98,1185.1
2020-01-26T17:30:00Z,61.85999999999999,1296.25
2020-01-26T18:00:00Z,54.6,1182.95
2020-01-26T18:30:00Z,49.81,1196.6
2020-01-26T19:00:00Z,42.26,1320.45
2020-01-26T19:30:00Z,40.84,1123.8
2020-01-26T20:00:00Z,41.62,1176.65
2020-01-26T20:30:00Z,37.12,987.35
2020-01-26T21:00:00Z,39.84,849.85
2020-01-26T21:30:00Z,38.5,651.1
2020-01-26T22:00:00Z,29.88,928.65
2020-01-26T22:30:00Z,32.62,1284.75
2020-01-26T23:00:00Z,13.27,646.35
2020-01-26T23:30:00Z,10.75,568.5
2020-01-27T00:00:00Z,9.65,664.5
2020-01-27T00:30:00Z,11.45,705.3
2020-01-27T01:00:00Z,14.58,1016.3
2020-01-27T01:30:00Z,11.75,1073.0
2020-01-27T02:00:00Z,10.76,875.05
2020-01-27T02:30:00Z,10.63,817.05
2020-01-27T03:00:00Z,10.07,919.45
2020-01-27T03:30:00Z,9.19,855.5
2020-01-27T04:00:00Z,7.7,777.8
2020-01-27T04:30:00Z,8.75,819.05
2020-01-27T05:00:00Z,10.36,882.05
2020-01-27T05:30:00Z,14.17,867.75
2020-01-27T06:00:00Z,20.77,1069.75
2020-01-27T06:30:00Z,18.5,1290.0
2020-01-27T07:00:00Z,30.48,1441.9
2020-01-27T07:30:00Z,32.55,1282.45
2020-01-27T08:00:00Z,36.64,1233.95
2020-01-27T08:30:00Z,37.05,1438.45
2020-01-27T09:00:00Z,37.01,1107.35
2020-01-27T09:30:00Z,33.31,1429.4
2020-01-27T10:00:00Z,35.78,1484.05
2020-01-27T10:30:00Z,35.61,1778.85
2020-01-27T11:00:00Z,36.64,1412.4
2020-01-27T11:30:00Z,32.44,1507.3
2020-01-27T12:00:00Z,31.86,1536.35
2020-01-27T12:30:00Z,33.11,1788.2
2020-01-27T13:00:00Z,38.83,1844.7
2020-01-27T13:30:00Z,39.3,1604.4
2020-01-27T14:00:00Z,38.4,1763.45
2020-01-27T14:30:00Z,38.120000000000005,1976.7
2020-01-27T15:00:00Z,45.34,1960.45
2020-01-27T15:30:00Z,46.77,1704.0
2020-01-27T16:00:00Z,48.43,1610.6
2020-01-27T16:30:00Z,51.0,1904.4
2020-01-27T17:00:00Z,57.56000000000001,1645.7
2020-01-27T17:30:00Z,57.7,1765.0
2020-01-27T18:00:00Z,56.13,1608.8
2020-01-27T18:30:00Z,54.96,1636.25
2020-01-27T19:00:00Z,42.3,1543.4
2020-01-27T19:30:00Z,41.4,901.95
2020-01-27T20:00:00Z,41.51,853.9
2020-01-27T20:30:00Z,39.42,863.05
2020-01-27T21:00:00Z,40.96,971.3
2020-01-27T21:30:00Z,39.91,1114.1
2020-01-27T22:00:00Z,40.2,1075.55
2020-01-27T22:30:00Z,38.28,1154.0
2020-01-27T23:00:00Z,43.26,579.15
2020-01-27T23:30:00Z,44.59,669.1
2020-01-28T00:00:00Z,41.71,542.25
2020-01-28T00:30:00Z,38.85,617.15
2020-01-28T01:00:00Z,33.05,724.0
2020-01-28T01:30:00Z,30.85,439.25
2020-01-28T02:00:00Z,31.2,477.4
2020-01-28T02:30:00Z,28.72,540.95
2020-01-28T03:00:00Z,19.99,756.5
2020-01-28T03:30:00Z,18.28,655.6
2020-01-28T04:00:00Z,18.67,749.25
2020-01-28T04:30:00Z,17.33,760.35
2020-01-28T05:00:00Z,10.87,654.1
2020-01-28T05:30:00Z,14.03,745.35
2020-01-28T06:00:00Z,28.05,1001.25
2020-01-28T06:30:00Z,24.85,1130.95
2020-01-28T07:00:00Z,26.85,1091.35
2020-01-28T07:30:00Z,37.71,1017.5
2020-01-28T08:00:00Z,38.48,1214.5
2020-01-28T08:30:00Z,42.56,1249.15
2020-01-28T09:00:00Z,40.63,1206.65
2020-01-28T09:30:00Z,38.62,1277.4
2020-01-28T10:00:00Z,40.62,1369.9
2020-01-28T10:30:00Z,40.19,1424.6
2020-01-28T11:00:00Z,36.28,997.0
2020-01-28T11:30:00Z,34.11,1046.05
2020-01-28T12:00:00Z,32.82,1303.2
2020-01-28T12:30:00Z,34.42,1308.65
2020-01-28T13:00:00Z,36.95,1485.4
2020-01-28T13:30:00Z,36.87,1409.35
2020-01-28T14:00:00Z,36.19,1292.35
2020-01-28T14:30:00Z,35.08,1562.25
2020-01-28T15:00:00Z,34.36,1348.15
2020-01-28T15:30:00Z,36.89,1442.35
2020-01-28T16:00:00Z,37.94,1454.15
2020-01-28T16:30:00Z,44.06999999999999,1613.75
2020-01-28T17:00:00Z,43.31,1446.3
2020-01-28T17:30:00Z,40.96,1461.05
2020-01-28T18:00:00Z,41.57,1733.85
2020-01-28T18:30:00Z,41.57,1707.8
2020-01-28T19:00:00Z,39.63,1275.85
2020-01-28T19:30:00Z,37.64,1214.75
2020-01-28T20:00:00Z,35.2,1180.1
2020-01-28T20:30:00Z,38.44,1019.7
2020-01-28T21:00:00Z,37.22999999999999,967.45
2020-01-28T21:30:00Z,38.78,1054.15
2020-01-28T22:00:00Z,38.52,985.75
2020-01-28T22:30:00Z,35.24,1233.9
2020-01-28T23:00:00Z,37.41,1003.7
2020-01-28T23:30:00Z,31.95,835.4
2020-01-29T00:00:00Z,27.59,785.5
2020-01-29T00:30:00Z,26.11,698.0
2020-01-29T01:00:00Z,29.770000000000003,662.35
2020-01-29T01:30:00Z,28.630000000000003,628.2
2020-01-29T02:00:00Z,28.830000000000002,783.1
2020-01-29T02:30:00Z,25.99,631.1
2020-01-29T03:00:00Z,28.89,753.25
2020-01-29T03:30:00Z,26.469999999999995,701.25
2020-01-29T04:00:00Z,28.629999999999995,764.4
2020-01-29T04:30:00Z,27.86,836.5
2020-01-29T05:00:00Z,31.09,887.9
2020-01-29T05:30:00Z,33.44,1046.15
2020-01-29T06:00:00Z,37.23,1183.5
2020-01-29T06:30:00Z,34.04,1386.7
2020-01-29T07:00:00Z,30.09,1568.95
2020-01-29T07:30:00Z,40.46,1165.35
2020-01-29T08:00:00Z,40.77,1151.65
2020-01-29T08:30:00Z,40.54,1516.2
2020-01-29T09:00:00Z,42.04,1453.75
2020-01-29T09:30:00Z,42.46,1628.95
2020-01-29T10:00:00Z,45.33,1923.1
2020-01-29T10:30:00Z,44.27,2038.3
2020-01-29T11:00:00Z,40.46,1602.8
2020-01-29T11:30:00Z,36.03,1736.9
2020-01-29T12:00:00Z,33.68,2187.4
2020-01-29T12:30:00Z,34.22,2430.45
2020-01-29T13:00:00Z,31.5,1695.1
2020-01-29T13:30:00Z,31.570000000000004,1682.45
2020-01-29T14:00:00Z,32.82,1884.15
2020-01-29T14:30:00Z,33.01,1743.15
2020-01-29T15:00:00Z,36.58,1971.15
2020-01-29T15:30:00Z,37.91,2411.25
2020-01-29T16:00:00Z,38.84,2029.5
2020-01-29T16:30:00Z,43.48,1920.1
2020-01-29T17:00:00Z,45.52,2102.75
2020-01-29T17:30:00Z,46.16,1984.05
2020-01-29T18:00:00Z,45.96,2004.4
2020-01-29T18:30:00Z,44.6,2066.8
2020-01-29T19:00:00Z,40.85,1506.6
2020-01-29T19:30:00Z,39.24,1480.05
2020-01-29T20:00:00Z,32.27,1362.15
2020-01-29T20:30:00Z,32.89,1562.0
2020-01-29T21:00:00Z,35.81,1518.9
2020-01-29T21:30:00Z,35.23,1652.9
2020-01-29T22:00:00Z,33.3,1482.55
2020-01-29T22:30:00Z,29.66,1590.0
2020-01-29T23:00:00Z,13.009999999999998,957.1
2020-01-29T23:30:00Z,12.05,684.3
2020-01-30T00:00:00Z,13.63,715.95
2020-01-30T00:30:00Z,13.849999999999998,728.15
2020-01-30T01:00:00Z,13.14,845.15
2020-01-30T01:30:00Z,14.54,613.95
2020-01-30T02:00:00Z,14.100000000000001,783.1
2020-01-30T02:30:00Z,14.9,666.8
2020-01-30T03:00:00Z,18.71,950.65
2020-01-30T03:30:00Z,18.83,1027.1
2020-01-30T04:00:00Z,22.12,1346.6
2020-01-30T04:30:00Z,22.08,1326.0
2020-01-30T05:00:00Z,31.72,866.8
2020-01-30T05:30:00Z,32.91,993.9
2020-01-30T06:00:00Z,35.48,1058.85
2020-01-30T06:30:00Z,33.53,1755.9
2020-01-30T07:00:00Z,34.82,996.2
2020-01-30T07:30:00Z,35.73,1180.45
2020-01-30T08:00:00Z,36.68,1306.65
2020-01-30T08:30:00Z,36.37,1300.05
2020-01-30T09:00:00Z,37.44,1898.5
2020-01-30T09:30:00Z,35.28,2143.9
2020-01-30T10:00:00Z,34.89,2029.65
2020-01-30T10:30:00Z,33.81,2325.85
2020-01-30T11:00:00Z,31.86,2007.85
2020-01-30T11:30:00Z,30.11,1982.0
2020-01-30T12:00:00Z,31.95,2155.35
2020-01-30T12:30:00Z,32.95,2343.5
2020-01-30T13:00:00Z,32.22,2061.55
2020-01-30T13:30:00Z,30.26,2118.7
2020-01-30T14:00:00Z,29.1,2108.0
2020-01-30T14:30:00Z,26.85,2349.9
2020-01-30T15:00:00Z,34.18,2147.3
2020-01-30T15:30:00Z,35.39,2062.55
2020-01-30T16:00:00Z,34.99,2048.4
2020-01-30T16:30:00Z,37.01,2108.6
2020-01-30T17:00:00Z,38.81,2337.9
2020-01-30T17:30:00Z,39.35,2270.35
2020-01-30T18:00:00Z,39.26,2028.6
2020-01-30T18:30:00Z,38.97,1877.9
2020-01-30T19:00:00Z,37.120000000000005,1996.8
2020-01-30T19:30:00Z,34.67,1931.95
2020-01-30T20:00:00Z,33.01,1488.4
2020-01-30T20:30:00Z,32.6,1396.3
2020-01-30T21:00:00Z,29.7,930.0
2020-01-30T21:30:00Z,27.09,915.05
2020-01-30T22:00:00Z,24.009999999999998,1528.0
2020-01-30T22:30:00Z,19.49,1654.45
2020-01-30T23:00:00Z,11.09,830.15
2020-01-30T23:30:00Z,-0.8799999999999999,306.1
2020-01-31T00:00:00Z,0.18,809.2
2020-01-31T00:30:00Z,10.98,866.5
2020-01-31T01:00:00Z,15.359999999999998,851.95
2020-01-31T01:30:00Z,15.59,776.3
2020-01-31T02:00:00Z,17.63,974.65
2020-01-31T02:30:00Z,16.82,1019.5
2020-01-31T03:00:00Z,16.37,1080.25
2020-01-31T03:30:00Z,14.57,887.6
2020-01-31T04:00:00Z,16.3,929.2
2020-01-31T04:30:00Z,16.27,1069.25
2020-01-31T05:00:00Z,20.33,763.65
2020-01-31T05:30:00Z,28.47,1142.1
2020-01-31T06:00:00Z,24.6,923.25
2020-01-31T06:30:00Z,30.11,1318.65
2020-01-31T07:00:00Z,39.26,890.7
2020-01-31T07:30:00Z,43.66,1091.6
2020-01-31T08:00:00Z,40.88,1289.6
2020-01-31T08:30:00Z,42.85,1521.6
2020-01-31T09:00:00Z,36.39,2228.2
2020-01-31T09:30:00Z,38.54,2129.0
2020-01-31T10:00:00Z,38.03,1824.4
2020-01-31T10:30:00Z,35.85,2061.7
2020-01-31T11:00:00Z,35.16,2301.65
2020-01-31T11:30:00Z,36.42,2074.15
2020-01-31T12:00:00Z,37.34,2106.4
2020-01-31T12:30:00Z,35.93,2437.95
2020-01-31T13:00:00Z,34.48,1481.35
2020-01-31T13:30:00Z,33.5,1722.1
2020-01-31T14:00:00Z,35.05,1656.25
2020-01-31T14:30:00Z,34.76,1836.75
2020-01-31T15:00:00Z,35.5,1741.75
2020-01-31T15:30:00Z,34.38,1803.15
2020-01-31T16:00:00Z,35.81,1700.55
2020-01-31T16:30:00Z,39.66,2465.0
2020-01-31T17:00:00Z,41.69,2057.25
2020-01-31T17:30:00Z,42.19,1865.8
2020-01-31T18:00:00Z,41.1,1671.25
2020-01-31T18:30:00Z,40.32,1550.65
2020-01-31T19:00:00Z,37.67,1321.25
2020-01-31T19:30:00Z,35.88,1174.45
2020-01-31T20:00:00Z,34.72,1316.5
2020-01-31T20:30:00Z,29.48,992.85
2020-01-31T21:00:00Z,23.48,1029.05
2020-01-31T21:30:00Z,19.46,1063.4
2020-01-31T22:00:00Z,25.78,1376.9
2020-01-31T22:30:00Z,19.920000000000005,1719.2
2020-01-31T23:00:00Z,31.01,651.55
2020-01-31T23:30:00Z,14.98,602.6
2020-02-01T00:00:00Z,19.48,560.05
2020-02-01T00:30:00Z,29.69,561.0
2020-02-01T01:00:00Z,26.54,684.9
2020-02-01T01:30:00Z,21.56,504.95
2020-02-01T02:00:00Z,19.46,552.1
2020-02-01T02:30:00Z,15.73,546.45
2020-02-01T03:00:00Z,11.930000000000001,827.0
2020-02-01T03:30:00Z,7.2700000000000005,691.15
2020-02-01T04:00:00Z,6.72,853.0
2020-02-01T04:30:00Z,5.14,808.4
2020-02-01T05:00:00Z,6.53,613.9
2020-02-01T05:30:00Z,10.09,698.3
2020-02-01T06:00:00Z,12.01,565.3
2020-02-01T06:30:00Z,18.32,699.25
2020-02-01T07:00:00Z,-9.27,1034.05
2020-02-01T07:30:00Z,-8.16,1110.6
2020-02-01T08:00:00Z,14.52,812.85
2020-02-01T08:30:00Z,29.03,977.95
2020-02-01T09:00:00Z,26.98,820.45
2020-02-01T09:30:00Z,25.69,879.65
2020-02-01T10:00:00Z,22.3,897.05
2020-02-01T10:30:00Z,9.38,951.7
2020-02-01T11:00:00Z,-23.15,1098.85
2020-02-01T11:30:00Z,-11.34,1141.05
2020-02-01T12:00:00Z,3.13,1318.3
2020-02-01T12:30:00Z,7.279999999999999,1408.2
2020-02-01T13:00:00Z,11.3,1150.4
2020-02-01T13:30:00Z,12.24,1268.85
2020-02-01T14:00:00Z,13.129999999999999,1475.95
2020-02-01T14:30:00Z,13.41,1614.25
2020-02-01T15:00:00Z,26.06,1693.45
2020-02-01T15:30:00Z,25.93,2341.85
2020-02-01T16:00:00Z,28.78,1528.0
2020-02-01T16:30:00Z,33.5,1522.65
2020-02-01T17:00:00Z,46.13,1203.0
2020-02-01T17:30:00Z,46.13,1248.5
2020-02-01T18:00:00Z,45.56,1139.9
2020-02-01T18:30:00Z,46.12,1202.15
2020-02-01T19:00:00Z,43.23,1162.55
2020-02-01T19:30:00Z,37.85,911.2
2020-02-01T20:00:00Z,37.82,914.75
2020-02-01T20:30:00Z,34.87,1064.4
2020-02-01T21:00:00Z,32.75,629.35
2020-02-01T21:30:00Z,32.21,724.95
2020-02-01T22:00:00Z,34.92,834.75
2020-02-01T22:30:00Z,36.66,1001.8
2020-02-01T23:00:00Z,39.23,380.55
2020-02-01T23:30:00Z,39.99,241.0
2020-02-02T00:00:00Z,42.27,258.25
2020-02-02T00:30:00Z,45.81,327.35
2020-02-02T01:00:00Z,42.44,593.1
2020-02-02T01:30:00Z,41.08,527.85
2020-02-02T02:00:00Z,35.14,600.9
2020-02-02T02:30:00Z,34.99,549.4
2020-02-02T03:00:00Z,35.29,393.25
2020-02-02T03:30:00Z,35.79,492.85
2020-02-02T04:00:00Z,35.14,533.25
2020-02-02T04:30:00Z,27.86,553.25
2020-02-02T05:00:00Z,31.459999999999997,267.1
2020-02-02T05:30:00Z,30.830000000000002,309.4
2020-02-02T06:00:00Z,36.8,190.6
2020-02-02T06:30:00Z,39.28,291.0
2020-02-02T07:00:00Z,30.239999999999995,298.7
2020-02-02T07:30:00Z,23.11,458.0
2020-02-02T08:00:00Z,30.16,472.0
2020-02-02T08:30:00Z,32.92,270.0
2020-02-02T09:00:00Z,36.98,66.0
2020-02-02T09:30:00Z,36.99,66.0
2020-02-02T10:00:00Z,36.95,65.5
2020-02-02T10:30:00Z,35.89,248.55
2020-02-02T11:00:00Z,32.38,336.2
2020-02-02T11:30:00Z,32.38,336.2
2020-02-02T12:00:00Z,34.27,874.45
2020-02-02T12:30:00Z,31.39,1599.95
2020-02-02T13:00:00Z,28.5,1670.75
2020-02-02T13:30:00Z,27.86,1556.4
2020-02-02T14:00:00Z,28.41,1879.7
2020-02-02T14:30:00Z,30.059999999999995,1711.05
2020-02-02T15:00:00Z,30.29,823.85
2020-02-02T15:30:00Z,36.09,791.5
2020-02-02T16:00:00Z,35.98,913.5
2020-02-02T16:30:00Z,39.08,1178.3
2020-02-02T17:00:00Z,45.79,950.75
2020-02-02T17:30:00Z,47.6,935.65
2020-02-02T18:00:00Z,45.69,833.35
2020-02-02T18:30:00Z,43.019999999999996,969.45
2020-02-02T19:00:00Z,29.47,956.95
2020-02-02T19:30:00Z,32.47,753.65
2020-02-02T20:00:00Z,37.62,1195.5
2020-02-02T20:30:00Z,33.9,868.85
2020-02-02T21:00:00Z,26.33,1235.9
2020-02-02T21:30:00Z,20.34,1092.55
2020-02-02T22:00:00Z,29.72,1249.25
2020-02-02T22:30:00Z,20.81,1283.9
2020-02-02T23:00:00Z,12.76,748.25
2020-02-02T23:30:00Z,9.71,744.3
2020-02-03T00:00:00Z,15.72,712.2
2020-02-03T00:30:00Z,13.76,745.45
2020-02-03T01:00:00Z,10.07,874.45
2020-02-03T01:30:00Z,3.16,737.0
2020-02-03T02:00:00Z,0.3,808.75
2020-02-03T02:30:00Z,-1.34,698.65
2020-02-03T03:00:00Z,-3.5899999999999994,733.05
2020-02-03T03:30:00Z,-8.87,801.45
2020-02-03T04:00:00Z,-11.0,918.8
2020-02-03T04:30:00Z,-6.74,746.65
2020-02-03T05:00:00Z,9.47,945.55
2020-02-03T05:30:00Z,16.55,694.55
2020-02-03T06:00:00Z,15.53,746.05
2020-02-03T06:30:00Z,24.02,1080.9
2020-02-03T07:00:00Z,20.55,1064.2
2020-02-03T07:30:00Z,37.76,1000.6
2020-02-03T08:00:00Z,34.88,1117.85
2020-02-03T08:30:00Z,23.82,1189.1
2020-02-03T09:00:00Z,28.139999999999997,1323.25
2020-02-03T09:30:00Z,26.360000000000003,1266.0
2020-02-03T10:00:00Z,27.05,1280.2
2020-02-03T10:30:00Z,26.87,1471.25
2020-02-03T11:00:00Z,27.399999999999995,1265.2
2020-02-03T11:30:00Z,25.459999999999997,1299.1
2020-02-03T12:00:00Z,25.37,1364.0
2020-02-03T12:30:00Z,26.269999999999996,1342.2
2020-02-03T13:00:00Z,29.949999999999996,1397.75
2020-02-03T13:30:00Z,31.91,1440.2
2020-02-03T14:00:00Z,33.36,1609.15
2020-02-03T14:30:00Z,31.31,1942.25
2020-02-03T15:00:00Z,39.4,1734.45
2020-02-03T15:30:00Z,41.37,1948.55
2020-02-03T16:00:00Z,42.09,2127.15
2020-02-03T16:30:00Z,43.779999999999994,1698.8
2020-02-03T17:00:00Z,48.07,1587.1
2020-02-03T17:30:00Z,48.36,1505.45
2020-02-03T18:00:00Z,48.09,1796.95
2020-02-03T18:30:00Z,47.39,1739.6
2020-02-03T19:00:00Z,38.7,1394.05
2020-02-03T19:30:00Z,36.0,1734.8
2020-02-03T20:00:00Z,37.38,1521.3
2020-02-03T20:30:00Z,32.78,1449.1
2020-02-03T21:00:00Z,33.38,1594.55
2020-02-03T21:30:00Z,31.049999999999997,1122.1
2020-02-03T22:00:00Z,26.44,1384.3
2020-02-03T22:30:00Z,19.63,1625.65
2020-02-03T23:00:00Z,15.500000000000002,1381.2
2020-02-03T23:30:00Z,11.89,1165.7
2020-02-04T00:00:00Z,19.07,1090.0
2020-02-04T00:30:00Z,18.35,995.0
2020-02-04T01:00:00Z,15.6,841.75
2020-02-04T01:30:00Z,12.43,812.2
2020-02-04T02:00:00Z,11.23,846.85
2020-02-04T02:30:00Z,8.91,881.1
2020-02-04T03:00:00Z,7.13,663.45
2020-02-04T03:30:00Z,4.31,721.15
2020-02-04T04:00:00Z,7.19,988.2
2020-02-04T04:30:00Z,8.38,847.0
2020-02-04T05:00:00Z,17.64,668.25
2020-02-04T05:30:00Z,22.81,976.3
2020-02-04T06:00:00Z,27.35,901.0
2020-02-04T06:30:00Z,34.52,1097.5
2020-02-04T07:00:00Z,39.09,1229.45
2020-02-04T07:30:00Z,44.33,1248.9
2020-02-04T08:00:00Z,44.46,1041.55
2020-02-04T08:30:00Z,44.66,1296.6
2020-02-04T09:00:00Z,43.67,1340.6
2020-02-04T09:30:00Z,42.99,1244.95
2020-02-04T10:00:00Z,43.27,1327.7
2020-02-04T10:30:00Z,43.08,1384.25
2020-02-04T11:00:00Z,41.800000000000004,1702.45
2020-02-04T11:30:00Z,41.26,1600.7
2020-02-04T12:00:00Z,41.22,1425.25
2020-02-04T12:30:00Z,43.18999999999999,1742.15
2020-02-04T13:00:00Z,42.87,1687.9
2020-02-04T13:30:00Z,42.23,1686.55
2020-02-04T14:00:00Z,41.67999999999999,1723.2
2020-02-04T14:30:00Z,38.9,2243.2
2020-02-04T15:00:00Z,31.47,2119.65
2020-02-04T15:30:00Z,29.7,2083.05
2020-02-04T16:00:00Z,29.64,1887.75
2020-02-04T16:30:00Z,30.57,1893.45
2020-02-04T17:00:00Z,34.77,2126.5
2020-02-04T17:30:00Z,37.32,1894.2
2020-02-04T18:00:00Z,39.28,2372.8
2020-02-04T18:30:00Z,35.51,2248.5
2020-02-04T19:00:00Z,34.0,1721.65
2020-02-04T19:30:00Z,35.96,2053.5
2020-02-04T20:00:00Z,38.33,1965.3
2020-02-04T20:30:00Z,36.24,2082.15
2020-02-04T21:00:00Z,35.17,1740.1
2020-02-04T21:30:00Z,33.96,1639.95
2020-02-04T22:00:00Z,32.74,1885.75
2020-02-04T22:30:00Z,31.049999999999997,2293.95
2020-02-04T23:00:00Z,35.55,727.45
2020-02-04T23:30:00Z,25.26,838.55
2020-02-05T00:00:00Z,23.700000000000003,708.9
2020-02-05T00:30:00Z,25.02,586.15
2020-02-05T01:00:00Z,27.79,534.75
2020-02-05T01:30:00Z,26.66,451.55
2020-02-05T02:00:00Z,26.46,415.0
2020-02-05T02:30:00Z,26.33,583.75
2020-02-05T03:00:00Z,29.13,386.95
2020-02-05T03:30:00Z,28.55,426.5
2020-02-05T04:00:00Z,26.86,461.5
2020-02-05T04:30:00Z,19.07,357.65
2020-02-05T05:00:00Z,25.13,559.75
2020-02-05T05:30:00Z,22.8,569.75
2020-02-05T06:00:00Z,29.51,534.2
2020-02-05T06:30:00Z,25.09,549.05
2020-02-05T07:00:00Z,28.87,533.5
2020-02-05T07:30:00Z,36.47,534.3
2020-02-05T08:00:00Z,37.17,710.05
2020-02-05T08:30:00Z,31.66,741.7
2020-02-05T09:00:00Z,28.98,931.05
2020-02-05T09:30:00Z,27.48,1046.5
2020-02-05T10:00:00Z,28.84,1300.6
2020-02-05T10:30:00Z,32.62,1951.35
2020-02-05T11:00:00Z,27.84,1967.85
2020-02-05T11:30:00Z,26.98,2003.05
2020-02-05T12:00:00Z,27.33,1923.25
2020-02-05T12:30:00Z,25.81,1998.9
2020-02-05T13:00:00Z,27.24,2004.6
2020-02-05T13:30:00Z,26.67,2255.85
2020-02-05T14:00:00Z,31.439999999999998,2206.8
2020-02-05T14:30:00Z,31.36,2175.8
2020-02-05T15:00:00Z,32.33,1587.4
2020-02-05T15:30:00Z,31.23,2030.55
2020-02-05T16:00:00Z,30.37,1827.8
2020-02-05T16:30:00Z,35.12,2015.8
2020-02-05T17:00:00Z,34.86,2394.0
2020-02-05T17:30:00Z,35.64,2465.25
2020-02-05T18:00:00Z,36.41,2127.25
2020-02-05T18:30:00Z,37.38,2030.8
2020-02-05T19:00:00Z,38.82,1785.1
2020-02-05T19:30:00Z,40.04,1625.2
2020-02-05T20:00:00Z,38.36,1311.4
2020-02-05T20:30:00Z,34.04,1405.55
2020-02-05T21:00:00Z,36.31,1491.3
2020-02-05T21:30:00Z,33.79,1254.9
2020-02-05T22:00:00Z,33.2,1467.35
2020-02-05T22:30:00Z,31.13,1499.25
2020-02-05T23:00:00Z,21.97,406.7
2020-02-05T23:30:00Z,23.35,488.8
2020-02-06T00:00:00Z,23.28,327.15
2020-02-06T00:30:00Z,28.23,409.65
2020-02-06T01:00:00Z,31.47,439.55
2020-02-06T01:30:00Z,23.590000000000003,368.05
2020-02-06T02:00:00Z,23.99,365.6
2020-02-06T02:30:00Z,20.43,529.45
2020-02-06T03:00:00Z,22.39,692.0
2020-02-06T03:30:00Z,23.32,725.8
2020-02-06T04:00:00Z,23.64,553.7
2020-02-06T04:30:00Z,23.11,554.7
2020-02-06T05:00:00Z,29.33,807.35
2020-02-06T05:30:00Z,30.77,785.4
2020-02-06T06:00:00Z,38.74,846.0
2020-02-06T06:30:00Z,35.18,1355.2
2020-02-06T07:00:00Z,43.38,1148.1
2020-02-06T07:30:00Z,48.14,993.55
2020-02-06T08:00:00Z,45.03,1265.55
2020-02-06T08:30:00Z,41.48,1002.75
2020-02-06T09:00:00Z,44.15,940.45
2020-02-06T09:30:00Z,43.69,1494.35
2020-02-06T10:00:00Z,33.81,1317.6
2020-02-06T10:30:00Z,31.160000000000004,1459.25
2020-02-06T11:00:00Z,32.18,2382.7
2020-02-06T11:30:00Z,31.12,2157.85
2020-02-06T12:00:00Z,29.39,2215.25
2020-02-06T12:30:00Z,28.43,2055.55
2020-02-06T13:00:00Z,27.48,1899.0
2020-02-06T13:30:00Z,27.86,1849.25
2020-02-06T14:00:00Z,28.76,1934.7
2020-02-06T14:30:00Z,29.46,2111.25
2020-02-06T15:00:00Z,34.34,1580.6
2020-02-06T15:30:00Z,36.35,1871.6
2020-02-06T16:00:00Z,39.59,1724.35
2020-02-06T16:30:00Z,51.54,2115.05
2020-02-06T17:00:00Z,46.91,1916.0
2020-02-06T17:30:00Z,49.75,2105.75
2020-02-06T18:00:00Z,51.76,1941.55
2020-02-06T18:30:00Z,51.66,1940.65
2020-02-06T19:00:00Z,50.37,1827.7
2020-02-06T19:30:00Z,44.13,1415.1
2020-02-06T20:00:00Z,43.71,1690.8
2020-02-06T20:30:00Z,41.72,1379.2
2020-02-06T21:00:00Z,39.27,1258.5
2020-02-06T21:30:00Z,37.04,786.85
2020-02-06T22:00:00Z,35.2,977.6
2020-02-06T22:30:00Z,35.87,1281.65
2020-02-06T23:00:00Z,36.44,674.95
2020-02-06T23:30:00Z,32.57,706.25
2020-02-07T00:00:00Z,26.62,435.85
2020-02-07T00:30:00Z,32.62,410.3
2020-02-07T01:00:00Z,30.51,615.55
2020-02-07T01:30:00Z,27.82,482.3
2020-02-07T02:00:00Z,30.079999999999995,620.85
2020-02-07T02:30:00Z,28.91,605.5
2020-02-07T03:00:00Z,29.39,677.9
2020-02-07T03:30:00Z,24.809999999999995,700.05
2020-02-07T04:00:00Z,26.48,840.0
2020-02-07T04:30:00Z,24.17,657.8
2020-02-07T05:00:00Z,32.06,696.1
2020-02-07T05:30:00Z,32.2,653.45
2020-02-07T06:00:00Z,30.89,777.2
2020-02-07T06:30:00Z,31.989999999999995,912.3
2020-02-07T07:00:00Z,41.86,1010.3
2020-02-07T07:30:00Z,47.82,1065.3
2020-02-07T08:00:00Z,42.58,990.3
2020-02-07T08:30:00Z,39.55,1101.7
2020-02-07T09:00:00Z,38.08,1044.65
2020-02-07T09:30:00Z,33.16,1217.05
2020-02-07T10:00:00Z,31.88,1069.45
2020-02-07T10:30:00Z,29.250000000000004,1162.8
2020-02-07T11:00:00Z,30.68,1759.15
2020-02-07T11:30:00Z,31.7,1564.15
2020-02-07T12:00:00Z,29.48,1505.95
2020-02-07T12:30:00Z,28.37,1454.85
2020-02-07T13:00:00Z,24.93,1209.25
2020-02-07T13:30:00Z,24.47,957.1
2020-02-07T14:00:00Z,24.510000000000005,1567.0
2020-02-07T14:30:00Z,26.25,1526.65
2020-02-07T15:00:00Z,28.81,1777.1
2020-02-07T15:30:00Z,35.54,1543.65
2020-02-07T16:00:00Z,32.0,1636.35
2020-02-07T16:30:00Z,37.51,1644.1
2020-02-07T17:00:00Z,40.27,1722.6
2020-02-07T17:30:00Z,39.65,1494.85
2020-02-07T18:00:00Z,39.96,1744.55
2020-02-07T18:30:00Z,36.98,1784.0
2020-02-07T19:00:00Z,36.28,1506.05
2020-02-07T19:30:00Z,36.17,1176.7
2020-02-07T20:00:00Z,36.58,1333.45
2020-02-07T20:30:00Z,35.78,1430.55
2020-02-07T21:00:00Z,21.58,1231.35
2020-02-07T21:30:00Z,22.33,1010.0
2020-02-07T22:00:00Z,27.64,1420.5
2020-02-07T22:30:00Z,26.94,1964.8
2020-02-07T23:00:00Z,22.01,1067.35
2020-02-07T23:30:00Z,10.37,657.8
2020-02-08T00:00:00Z,14.55,621.5
2020-02-08T00:30:00Z,13.109999999999998,701.8
2020-02-08T01:00:00Z,23.76,665.6
2020-02-08T01:30:00Z,11.34,866.55
2020-02-08T02:00:00Z,17.2,578.45
2020-02-08T02:30:00Z,13.029999999999998,648.15
2020-02-08T03:00:00Z,11.02,706.75
2020-02-08T03:30:00Z,10.51,719.95
2020-02-08T04:00:00Z,7.669999999999999,732.65
2020-02-08T04:30:00Z,8.22,965.0
2020-02-08T05:00:00Z,10.92,1021.45
2020-02-08T05:30:00Z,12.49,917.65
2020-02-08T06:00:00Z,10.03,1034.5
2020-02-08T06:30:00Z,23.98,990.65
2020-02-08T07:00:00Z,24.88,945.65
2020-02-08T07:30:00Z,30.149999999999995,1282.3
2020-02-08T08:00:00Z,35.26,856.9
2020-02-08T08:30:00Z,39.15,1174.05
2020-02-08T09:00:00Z,42.53,917.55
2020-02-08T09:30:00Z,42.82,967.8
2020-02-08T10:00:00Z,42.15,917.25
2020-02-08T10:30:00Z,41.84,1073.15
2020-02-08T11:00:00Z,38.27,1038.05
2020-02-08T11:30:00Z,35.8,1121.85
2020-02-08T12:00:00Z,37.36,1443.3
2020-02-08T12:30:00Z,37.19,1281.1
2020-02-08T13:00:00Z,29.9,1298.2
2020-02-08T13:30:00Z,30.160000000000004,1142.15
2020-02-08T14:00:00Z,30.24,1110.6
2020-02-08T14:30:00Z,28.64,1234.45
2020-02-08T15:00:00Z,34.65,997.1
2020-02-08T15:30:00Z,37.52,1006.1
2020-02-08T16:00:00Z,37.33,878.1
2020-02-08T16:30:00Z,38.15,1208.7
2020-02-08T17:00:00Z,42.55,1251.9
2020-02-08T17:30:00Z,43.18,1411.1
2020-02-08T18:00:00Z,42.83,1277.65
2020-02-08T18:30:00Z,42.17,1297.25
2020-02-08T19:00:00Z,34.09,1150.3
2020-02-08T19:30:00Z,34.16,1168.35
2020-02-08T20:00:00Z,35.84,1107.55
2020-02-08T20:30:00Z,35.28,1078.6
2020-02-08T21:00:00Z,32.25,906.55
2020-02-08T21:30:00Z,30.96,894.3
2020-02-08T22:00:00Z,33.43,1273.5
2020-02-08T22:30:00Z,30.16,1233.5
2020-02-08T23:00:00Z,28.88,1242.55
2020-02-08T23:30:00Z,23.95,1166.0
2020-02-09T00:00:00Z,16.66,1324.8
2020-02-09T00:30:00Z,23.260000000000005,1456.0
2020-02-09T01:00:00Z,26.34,1494.95
2020-02-09T01:30:00Z,23.68,1085.65
2020-02-09T02:00:00Z,19.87,1163.25
2020-02-09T02:30:00Z,15.17,871.9
2020-02-09T03:00:00Z,18.17,894.25
2020-02-09T03:30:00Z,13.310000000000002,772.9
2020-02-09T04:00:00Z,17.21,780.55
2020-02-09T04:30:00Z,14.9,779.4
2020-02-09T05:00:00Z,7.95,922.65
2020-02-09T05:30:00Z,5.079999999999999,827.45
2020-02-09T06:00:00Z,5.030000000000001,871.05
2020-02-09T06:30:00Z,4.29,1079.55
2020-02-09T07:00:00Z,9.99,1002.9
2020-02-09T07:30:00Z,8.78,1184.15
2020-02-09T08:00:00Z,6.07,974.3
2020-02-09T08:30:00Z,19.82,1089.65
2020-02-09T09:00:00Z,32.66,1677.3
2020-02-09T09:30:00Z,36.42,1581.45
2020-02-09T10:00:00Z,36.9,1689.75
2020-02-09T10:30:00Z,44.29,2186.2
2020-02-09T11:00:00Z,43.07,2342.8
2020-02-09T11:30:00Z,42.38,2318.2
2020-02-09T12:00:00Z,42.81,2243.55
2020-02-09T12:30:00Z,43.66,2173.55
2020-02-09T13:00:00Z,43.69,2254.4
2020-02-09T13:30:00Z,43.78,2383.2
2020-02-09T14:00:00Z,44.72,2465.45
2020-02-09T14:30:00Z,45.01,2808.2
2020-02-09T15:00:00Z,40.7,1409.35
2020-02-09T15:30:00Z,41.31,1455.4
2020-02-09T16:00:00Z,39.75,1699.5
2020-02-09T16:30:00Z,40.75000000000001,1667.7
2020-02-09T17:00:00Z,43.23,1710.05
2020-02-09T17:30:00Z,44.84,1601.3
2020-02-09T18:00:00Z,42.77,1658.35
2020-02-09T18:30:00Z,40.02,1841.65
2020-02-09T19:00:00Z,31.649999999999995,1240.55
2020-02-09T19:30:00Z,32.85,1389.4
2020-02-09T20:00:00Z,32.54,1446.45
2020-02-09T20:30:00Z,32.12,1391.55
2020-02-09T21:00:00Z,31.57,756.75
2020-02-09T21:30:00Z,19.78,944.15
2020-02-09T22:00:00Z,24.07,789.25
2020-02-09T22:30:00Z,10.24,1172.9
2020-02-09T23:00:00Z,15.77,838.0
2020-02-09T23:30:00Z,7.87,914.5
2020-02-10T00:00:00Z,9.47,834.55
2020-02-10T00:30:00Z,14.1,914.45
2020-02-10T01:00:00Z,18.3,962.75
2020-02-10T01:30:00Z,13.22,869.75
2020-02-10T02:00:00Z,16.03,994.95
2020-02-10T02:30:00Z,11.61,874.95
2020-02-10T03:00:00Z,16.08,974.05
2020-02-10T03:30:00Z,11.22,909.4
2020-02-10T04:00:00Z,15.19,828.55
2020-02-10T04:30:00Z,17.24,945.95
2020-02-10T05:00:00Z,15.46,1002.2
2020-02-10T05:30:00Z,23.62,978.2
2020-02-10T06:00:00Z,25.26,1025.8
2020-02-10T06:30:00Z,32.84,1644.05
2020-02-10T07:00:00Z,38.13,1462.25
2020-02-10T07:30:00Z,41.5,1444.2
2020-02-10T08:00:00Z,42.58,1527.2
2020-02-10T08:30:00Z,43.28,1569.8
2020-02-10T09:00:00Z,43.38,2061.55
2020-02-10T09:30:00Z,43.11,2147.5
2020-02-10T10:00:00Z,40.47,1809.9
2020-02-10T10:30:00Z,37.43,1770.8
2020-02-10T11:00:00Z,30.010000000000005,1290.8
2020-02-10T11:30:00Z,32.88,1440.85
2020-02-10T12:00:00Z,34.93,1403.35
2020-02-10T12:30:00Z,35.77,1407.85
2020-02-10T13:00:00Z,37.01,1632.2
2020-02-10T13:30:00Z,35.99,1450.6
2020-02-10T14:00:00Z,35.73,1620.6
2020-02-10T14:30:00Z,35.42,1926.8
2020-02-10T15:00:00Z,38.03,1547.2
2020-02-10T15:30:00Z,34.94,1510.05
2020-02-10T16:00:00Z,36.72,1393.7
2020-02-10T16:30:00Z,40.16,1377.75
2020-02-10T17:00:00Z,43.339999999999996,1814.6
2020-02-10T17:30:00Z,44.010000000000005,1791.0
2020-02-10T18:00:00Z,43.75,1711.3
2020-02-10T18:30:00Z,42.42,1747.0
2020-02-10T19:00:00Z,40.2,1361.65
2020-02-10T19:30:00Z,38.65,1159.05
2020-02-10T20:00:00Z,33.04,1278.1
2020-02-10T20:30:00Z,34.68,1238.25
2020-02-10T21:00:00Z,34.61,1130.95
2020-02-10T21:30:00Z,34.62,1207.15
2020-02-10T22:00:00Z,31.750000000000004,1342.3
2020-02-10T22:30:00Z,27.54,1189.5
2020-02-10T23:00:00Z,15.94,983.75
2020-02-10T23:30:00Z,3.33,798.2
2020-02-11T00:00:00Z,10.209999999999999,913.7
2020-02-11T00:30:00Z,11.03,1061.05
2020-02-11T01:00:00Z,4.33,649.7
2020-02-11T01:30:00Z,1.71,692.2
2020-02-11T02:00:00Z,4.63,871.1
2020-02-11T02:30:00Z,4.79,747.0
2020-02-11T03:00:00Z,7.639999999999999,690.05
2020-02-11T03:30:00Z,2.88,693.2
2020-02-11T04:00:00Z,6.85,794.9
2020-02-11T04:30:00Z,7.96,860.05
2020-02-11T05:00:00Z,18.65,968.2
2020-02-11T05:30:00Z,24.72,1002.1
2020-02-11T06:00:00Z,30.66,1212.1
2020-02-11T06:30:00Z,30.84,1099.05
2020-02-11T07:00:00Z,41.92,1369.35
2020-02-11T07:30:00Z,43.34,1226.15
2020-02-11T08:00:00Z,44.95,1351.25
2020-02-11T08:30:00Z,44.54,1461.0
2020-02-11T09:00:00Z,43.56999999999999,1579.35
2020-02-11T09:30:00Z,43.17,1761.65
2020-02-11T10:00:00Z,40.63,1805.05
2020-02-11T10:30:00Z,33.39,2027.55
2020-02-11T11:00:00Z,32.09,1609.1
2020-02-11T11:30:00Z,33.0,1592.6
2020-02-11T12:00:00Z,33.28,1869.45
2020-02-11T12:30:00Z,32.49,1988.1
2020-02-11T13:00:00Z,34.92,1987.2
2020-02-11T13:30:00Z,34.41,2176.45
2020-02-11T14:00:00Z,34.0,2278.9
2020-02-11T14:30:00Z,31.53,2031.1
2020-02-11T15:00:00Z,31.84,1728.85
2020-02-11T15:30:00Z,39.52,1727.15
2020-02-11T16:00:00Z,39.49,1822.0
2020-02-11T16:30:00Z,41.23,1770.75
2020-02-11T17:00:00Z,43.64000000000001,1760.8
2020-02-11T17:30:00Z,43.8,1557.0
2020-02-11T18:00:00Z,43.93,1567.5
2020-02-11T18:30:00Z,43.53999999999999,1646.1
2020-02-11T19:00:00Z,40.87,1187.4
2020-02-11T19:30:00Z,38.27,1432.95
2020-02-11T20:00:00Z,34.06,1202.1
2020-02-11T20:30:00Z,34.1,1322.4
2020-02-11T21:00:00Z,36.33,1000.25
2020-02-11T21:30:00Z,30.780000000000005,1104.65
2020-02-11T22:00:00Z,30.27,1643.25
2020-02-11T22:30:00Z,22.7,1680.85
2020-02-11T23:00:00Z,6.719999999999999,611.7
2020-02-11T23:30:00Z,-4.13,855.6
2020-02-12T00:00:00Z,6.24,1171.4
2020-02-12T00:30:00Z,10.86,1048.85
2020-02-12T01:00:00Z,19.31,947.25
2020-02-12T01:30:00Z,17.38,917.35
2020-02-12T02:00:00Z,12.97,930.9
2020-02-12T02:30:00Z,8.97,858.8
2020-02-12T03:00:00Z,-5.0,918.95
2020-02-12T03:30:00Z,-8.44,910.7
2020-02-12T04:00:00Z,18.48,1220.5
2020-02-12T04:30:00Z,15.9,813.2
2020-02-12T05:00:00Z,16.84,831.2
2020-02-12T05:30:00Z,23.610000000000003,808.65
2020-02-12T06:00:00Z,25.38,1165.5
2020-02-12T06:30:00Z,25.250000000000004,1583.15
2020-02-12T07:00:00Z,26.840000000000003,1623.55
2020-02-12T07:30:00Z,29.41,1622.85
2020-02-12T08:00:00Z,33.71,1532.25
2020-02-12T08:30:00Z,34.37,1234.05
2020-02-12T09:00:00Z,23.17,1180.35
2020-02-12T09:30:00Z,18.65,1256.7
2020-02-12T10:00:00Z,25.44,2349.3
2020-02-12T10:30:00Z,23.97,2164.8
2020-02-12T11:00:00Z,22.84,1596.85
2020-02-12T11:30:00Z,21.58,1933.95
2020-02-12T12:00:00Z,23.9,2164.9
2020-02-12T12:30:00Z,23.08,2065.45
2020-02-12T13:00:00Z,21.1,1842.85
2020-02-12T13:30:00Z,20.78,1894.8
2020-02-12T14:00:00Z,22.66,1953.4
2020-02-12T14:30:00Z,23.15,1801.75
2020-02-12T15:00:00Z,24.1,1603.6
2020-02-12T15:30:00Z,26.95,1872.95
2020-02-12T16:00:00Z,23.6,1951.55
2020-02-12T16:30:00Z,33.06,1996.4
2020-02-12T17:00:00Z,39.3,1593.15
2020-02-12T17:30:00Z,44.77,1401.7
2020-02-12T18:00:00Z,46.74,1426.8
2020-02-12T18:30:00Z,45.97,1583.55
2020-02-12T19:00:00Z,42.36,901.9
2020-02-12T19:30:00Z,41.62,777.8
2020-02-12T20:00:00Z,39.17,1117.9
2020-02-12T20:30:00Z,35.21,1089.75
2020-02-12T21:00:00Z,34.03,1484.8
2020-02-12T21:30:00Z,35.66,1832.8
2020-02-12T22:00:00Z,32.17,1838.85
2020-02-12T22:30:00Z,28.86,1812.7
2020-02-12T23:00:00Z,24.65,899.8
2020-02-12T23:30:00Z,22.18,1277.6
2020-02-13T00:00:00Z,22.3,812.15
2020-02-13T00:30:00Z,24.63,812.85
2020-02-13T01:00:00Z,19.46,662.0
2020-02-13T01:30:00Z,14.71,716.65
2020-02-13T02:00:00Z,16.42,767.65
2020-02-13T02:30:00Z,14.65,851.7
2020-02-13T03:00:00Z,15.14,947.9
2020-02-13T03:30:00Z,14.409999999999998,1151.65
2020-02-13T04:00:00Z,14.82,982.3
2020-02-13T04:30:00Z,13.53,969.5
2020-02-13T05:00:00Z,17.39,770.0
2020-02-13T05:30:00Z,25.21,652.5
2020-02-13T06:00:00Z,31.0,1510.85
2020-02-13T06:30:00Z,25.29,1878.5
2020-02-13T07:00:00Z,31.509999999999998,2149.8
2020-02-13T07:30:00Z,32.95,2079.0
2020-02-13T08:00:00Z,30.69,2098.95
2020-02-13T08:30:00Z,31.92,2097.3
2020-02-13T09:00:00Z,27.78,2026.1
2020-02-13T09:30:00Z,32.88,2113.2
2020-02-13T10:00:00Z,33.88,2118.3
2020-02-13T10:30:00Z,35.02,2138.65
2020-02-13T11:00:00Z,35.95,1492.55
2020-02-13T11:30:00Z,35.45,1321.25
2020-02-13T12:00:00Z,36.11,1311.3
2020-02-13T12:30:00Z,36.59,1400.75
2020-02-13T13:00:00Z,35.52,1337.8
2020-02-13T13:30:00Z,36.49,1711.0
2020-02-13T14:00:00Z,36.6,1660.2
2020-02-13T14:30:00Z,36.55,1890.25
2020-02-13T15:00:00Z,41.7,2030.5
2020-02-13T15:30:00Z,42.25,1990.05
2020-02-13T16:00:00Z,43.28,2293.65
2020-02-13T16:30:00Z,45.51,2367.2
2020-02-13T17:00:00Z,49.94,1980.6
2020-02-13T17:30:00Z,53.4,1677.55
2020-02-13T18:00:00Z,52.900000000000006,1462.95
2020-02-13T18:30:00Z,53.620000000000005,1505.8
2020-02-13T19:00:00Z,43.76,1488.0
2020-02-13T19:30:00Z,41.23,1350.65
2020-02-13T20:00:00Z,40.0,1233.1
2020-02-13T20:30:00Z,38.592407478714755,1168.65
2020-02-13T21:00:00Z,33.98,1373.6
2020-02-13T21:30:00Z,32.52,937.05
2020-02-13T22:00:00Z,30.74,1228.65
2020-02-13T22:30:00Z,32.0,981.4
2020-02-13T23:00:00Z,22.392418579818475,374.6
2020-02-13T23:30:00Z,24.440298003935904,355.7
2020-02-14T00:00:00Z,28.93,456.5
2020-02-14T00:30:00Z,31.96680957128614,501.5
2020-02-14T01:00:00Z,33.46622807017545,501.6
2020-02-14T01:30:00Z,32.34,465.8
2020-02-14T02:00:00Z,29.76,547.85
2020-02-14T02:30:00Z,31.7,554.0
2020-02-14T03:00:00Z,31.019999999999996,663.95
2020-02-14T03:30:00Z,27.58,711.35
2020-02-14T04:00:00Z,29.96,680.2
2020-02-14T04:30:00Z,28.52,802.45
2020-02-14T05:00:00Z,32.18,1159.35
2020-02-14T05:30:00Z,29.6,1036.8
2020-02-14T06:00:00Z,32.95,969.05
2020-02-14T06:30:00Z,36.63,1514.15
2020-02-14T07:00:00Z,43.92,1254.9
2020-02-14T07:30:00Z,46.13,1336.55
2020-02-14T08:00:00Z,43.69,1161.85
2020-02-14T08:30:00Z,41.28,1429.55
2020-02-14T09:00:00Z,38.87,1386.9
2020-02-14T09:30:00Z,36.56,2103.15
2020-02-14T10:00:00Z,35.64,1831.4
2020-02-14T10:30:00Z,33.42,2310.8
2020-02-14T11:00:00Z,31.250000000000004,2401.45
2020-02-14T11:30:00Z,30.73,2380.7
2020-02-14T12:00:00Z,30.029999999999998,2277.2
2020-02-14T12:30:00Z,28.930000000000003,2671.95
2020-02-14T13:00:00Z,29.59,1913.65
2020-02-14T13:30:00Z,30.05,2149.7
2020-02-14T14:00:00Z,30.03,2008.7
2020-02-14T14:30:00Z,29.46,2134.8
2020-02-14T15:00:00Z,30.009999999999998,1855.6
2020-02-14T15:30:00Z,32.25,1358.75
2020-02-14T16:00:00Z,30.58,1405.75
2020-02-14T16:30:00Z,35.78,1243.8
2020-02-14T17:00:00Z,36.65,1660.85
2020-02-14T17:30:00Z,37.54,1527.7
2020-02-14T18:00:00Z,37.74,1410.35
2020-02-14T18:30:00Z,37.28,1455.95
2020-02-14T19:00:00Z,35.74,1224.4
2020-02-14T19:30:00Z,33.04,1028.5
2020-02-14T20:00:00Z,27.09,1068.05
2020-02-14T20:30:00Z,26.21,1325.7
2020-02-14T21:00:00Z,30.97,1490.7
2020-02-14T21:30:00Z,29.400000000000002,1306.55
2020-02-14T22:00:00Z,29.94,1466.15
2020-02-14T22:30:00Z,30.27,1841.2
2020-02-14T23:00:00Z,27.36,934.2
2020-02-14T23:30:00Z,26.160000000000004,704.35
2020-02-15T00:00:00Z,23.619999999999997,719.3
2020-02-15T00:30:00Z,27.98,582.6
2020-02-15T01:00:00Z,26.17,611.1
2020-02-15T01:30:00Z,23.51,591.2
2020-02-15T02:00:00Z,23.51,636.35
2020-02-15T02:30:00Z,23.97,615.05
2020-02-15T03:00:00Z,26.03,529.9
2020-02-15T03:30:00Z,25.8,538.5
2020-02-15T04:00:00Z,25.82,650.0
2020-02-15T04:30:00Z,21.39,544.0
2020-02-15T05:00:00Z,12.050000000000002,903.85
2020-02-15T05:30:00Z,10.620000000000001,812.1
2020-02-15T06:00:00Z,11.45,965.75
2020-02-15T06:30:00Z,11.75,966.45
2020-02-15T07:00:00Z,4.44,813.5
2020-02-15T07:30:00Z,13.06,992.75
2020-02-15T08:00:00Z,13.9,1123.2
2020-02-15T08:30:00Z,18.83,1155.7
2020-02-15T09:00:00Z,24.29,1408.65
2020-02-15T09:30:00Z,27.48,1151.15
2020-02-15T10:00:00Z,25.799999999999997,1307.9
2020-02-15T10:30:00Z,26.540000000000003,1330.1
2020-02-15T11:00:00Z,31.069999999999997,1243.7
2020-02-15T11:30:00Z,30.25,1186.45
2020-02-15T12:00:00Z,31.48,1131.4
2020-02-15T12:30:00Z,31.7,1091.7
2020-02-15T13:00:00Z,31.16,1038.6
2020-02-15T13:30:00Z,31.87,1362.4
2020-02-15T14:00:00Z,31.57,1142.35
2020-02-15T14:30:00Z,30.370000000000005,1153.95
2020-02-15T15:00:00Z,34.24,1359.8
2020-02-15T15:30:00Z,33.6,1182.5
2020-02-15T16:00:00Z,33.86,1235.8
2020-02-15T16:30:00Z,36.83,1045.7
2020-02-15T17:00:00Z,40.85,1695.35
2020-02-15T17:30:00Z,42.65,1680.75
2020-02-15T18:00:00Z,43.14,1788.5
2020-02-15T18:30:00Z,42.53,1657.1
2020-02-15T19:00:00Z,38.13,1332.4
2020-02-15T19:30:00Z,34.41,1437.15
2020-02-15T20:00:00Z,32.15,1393.4
2020-02-15T20:30:00Z,32.26,1195.75
2020-02-15T21:00:00Z,27.619999999999997,1266.0
2020-02-15T21:30:00Z,24.89,1130.2
2020-02-15T22:00:00Z,22.95,1117.9
2020-02-15T22:30:00Z,19.35,1264.8
2020-02-15T23:00:00Z,23.54,552.3
2020-02-15T23:30:00Z,14.41,731.35
2020-02-16T00:00:00Z,19.55,587.75
2020-02-16T00:30:00Z,26.72,846.8
2020-02-16T01:00:00Z,21.66,877.2
2020-02-16T01:30:00Z,10.66,724.35
2020-02-16T02:00:00Z,8.25,669.65
2020-02-16T02:30:00Z,13.219999999999999,728.1
2020-02-16T03:00:00Z,16.2,885.8
2020-02-16T03:30:00Z,15.11,902.2
2020-02-16T04:00:00Z,16.01,927.75
2020-02-16T04:30:00Z,16.23,1033.55
2020-02-16T05:00:00Z,10.09,1078.0
2020-02-16T05:30:00Z,4.85,935.45
2020-02-16T06:00:00Z,5.78,1117.35
2020-02-16T06:30:00Z,9.24,983.55
2020-02-16T07:00:00Z,21.68,1145.2
2020-02-16T07:30:00Z,19.92,1081.3
2020-02-16T08:00:00Z,-3.66,1052.15
2020-02-16T08:30:00Z,1.01,1068.0
2020-02-16T09:00:00Z,-7.11,1307.7
2020-02-16T09:30:00Z,7.63,933.35
2020-02-16T10:00:00Z,16.19,1053.0
2020-02-16T10:30:00Z,21.49,1234.65
2020-02-16T11:00:00Z,30.959999999999997,1311.0
2020-02-16T11:30:00Z,31.53,1389.8
2020-02-16T12:00:00Z,32.84,1552.15
2020-02-16T12:30:00Z,33.28,1642.3
2020-02-16T13:00:00Z,32.84,1587.55
2020-02-16T13:30:00Z,32.56,1543.6
2020-02-16T14:00:00Z,33.17,1743.7
2020-02-16T14:30:00Z,32.94,1702.05
2020-02-16T15:00:00Z,32.09,1306.0
2020-02-16T15:30:00Z,23.060000000000002,1449.25
2020-02-16T16:00:00Z,29.31,1594.3
2020-02-16T16:30:00Z,35.85,1261.3
2020-02-16T17:00:00Z,40.32,1836.3
2020-02-16T17:30:00Z,44.31,1434.2
2020-02-16T18:00:00Z,44.79,1337.85
2020-02-16T18:30:00Z,43.94,1206.65
2020-02-16T19:00:00Z,37.01,1074.2
2020-02-16T19:30:00Z,30.61,975.15
2020-02-16T20:00:00Z,27.15,1367.6
2020-02-16T20:30:00Z,28.73,1715.65
2020-02-16T21:00:00Z,29.39,1106.25
2020-02-16T21:30:00Z,24.23,1069.25
2020-02-16T22:00:00Z,24.58,1145.95
2020-02-16T22:30:00Z,12.63,1036.1
2020-02-16T23:00:00Z,24.019999999999996,812.45
2020-02-16T23:30:00Z,16.43,782.45
2020-02-17T00:00:00Z,14.05,657.15
2020-02-17T00:30:00Z,14.19,561.85
2020-02-17T01:00:00Z,14.840000000000002,427.5
2020-02-17T01:30:00Z,16.41,595.0
2020-02-17T02:00:00Z,16.81,531.1
2020-02-17T02:30:00Z,11.24,661.55
2020-02-17T03:00:00Z,14.46,536.05
2020-02-17T03:30:00Z,12.62,674.7
2020-02-17T04:00:00Z,14.86,819.95
2020-02-17T04:30:00Z,17.13,824.5
2020-02-17T05:00:00Z,17.29,916.8
2020-02-17T05:30:00Z,21.94,1086.65
2020-02-17T06:00:00Z,24.95,1344.3
2020-02-17T06:30:00Z,32.6,1126.6
2020-02-17T07:00:00Z,33.48,1733.65
2020-02-17T07:30:00Z,37.74,1017.55
2020-02-17T08:00:00Z,36.64,1118.9
2020-02-17T08:30:00Z,36.63,1471.6
2020-02-17T09:00:00Z,38.82,1353.65
2020-02-17T09:30:00Z,37.95,1607.85
2020-02-17T10:00:00Z,30.3,1688.3
2020-02-17T10:30:00Z,27.65,1729.3
2020-02-17T11:00:00Z,28.569999999999997,1746.05
2020-02-17T11:30:00Z,28.36,1797.55
2020-02-17T12:00:00Z,28.31,1684.85
2020-02-17T12:30:00Z,29.299999999999997,1815.95
2020-02-17T13:00:00Z,27.41,1618.55
2020-02-17T13:30:00Z,26.569999999999997,1451.75
2020-02-17T14:00:00Z,26.9,1718.95
2020-02-17T14:30:00Z,27.12,1590.8
2020-02-17T15:00:00Z,26.64,1121.95
2020-02-17T15:30:00Z,27.71,1094.3
2020-02-17T16:00:00Z,29.16,1434.1
2020-02-17T16:30:00Z,32.35,1349.5
2020-02-17T17:00:00Z,37.59,1919.25
2020-02-17T17:30:00Z,43.5,1523.95
2020-02-17T18:00:00Z,43.800000000000004,1550.3
2020-02-17T18:30:00Z,43.28,1938.1
2020-02-17T19:00:00Z,37.11,1466.1
2020-02-17T19:30:00Z,35.69,1063.85
2020-02-17T20:00:00Z,36.43,1103.8
2020-02-17T20:30:00Z,33.92,1182.8
2020-02-17T21:00:00Z,33.5,1088.1
2020-02-17T21:30:00Z,33.24,1228.35
2020-02-17T22:00:00Z,31.64,1168.45
2020-02-17T22:30:00Z,27.58,1727.65
2020-02-17T23:00:00Z,28.54,664.05
2020-02-17T23:30:00Z,22.35,949.1
2020-02-18T00:00:00Z,20.92,1017.25
2020-02-18T00:30:00Z,22.65,769.15
2020-02-18T01:00:00Z,21.88,697.1
2020-02-18T01:30:00Z,22.51,879.3
2020-02-18T02:00:00Z,21.57,880.8
2020-02-18T02:30:00Z,20.56,972.25
2020-02-18T03:00:00Z,18.13,776.05
2020-02-18T03:30:00Z,17.42,1039.95
2020-02-18T04:00:00Z,21.55,895.0
2020-02-18T04:30:00Z,19.87,980.35
2020-02-18T05:00:00Z,21.11,933.85
2020-02-18T05:30:00Z,25.54,998.1
2020-02-18T06:00:00Z,23.88,1130.6
2020-02-18T06:30:00Z,26.07,1270.2
2020-02-18T07:00:00Z,27.909999999999997,1409.45
2020-02-18T07:30:00Z,26.88,1347.95
2020-02-18T08:00:00Z,29.82,1301.1
2020-02-18T08:30:00Z,32.64,1641.95
2020-02-18T09:00:00Z,33.17,1372.55
2020-02-18T09:30:00Z,30.999999999999996,1401.05
2020-02-18T10:00:00Z,32.19,1385.1
2020-02-18T10:30:00Z,29.73,1175.65
2020-02-18T11:00:00Z,24.639999999999997,1615.2
2020-02-18T11:30:00Z,26.14,1818.3
2020-02-18T12:00:00Z,29.19,1543.4
2020-02-18T12:30:00Z,30.5,1670.05
2020-02-18T13:00:00Z,31.05,1909.8
2020-02-18T13:30:00Z,30.03,2074.15
2020-02-18T14:00:00Z,31.31,2099.2
2020-02-18T14:30:00Z,30.85,2119.6
2020-02-18T15:00:00Z,31.82,1516.3
2020-02-18T15:30:00Z,34.75,1401.2
2020-02-18T16:00:00Z,34.6,1517.75
2020-02-18T16:30:00Z,36.75,1652.25
2020-02-18T17:00:00Z,42.54,1817.85
2020-02-18T17:30:00Z,43.68,1342.15
2020-02-18T18:00:00Z,44.08,1410.9
2020-02-18T18:30:00Z,43.62,1371.65
2020-02-18T19:00:00Z,40.44,1322.75
2020-02-18T19:30:00Z,32.99,1542.9
2020-02-18T20:00:00Z,36.02,1450.05
2020-02-18T20:30:00Z,35.36,1532.55
2020-02-18T21:00:00Z,28.23,1092.25
2020-02-18T21:30:00Z,29.23,1218.3
2020-02-18T22:00:00Z,30.690000000000005,1220.15
2020-02-18T22:30:00Z,26.580000000000002,1383.45
2020-02-18T23:00:00Z,17.81,787.2
2020-02-18T23:30:00Z,10.06,793.85
2020-02-19T00:00:00Z,9.3,821.05
2020-02-19T00:30:00Z,11.01,759.95
2020-02-19T01:00:00Z,15.630000000000003,1051.25
2020-02-19T01:30:00Z,15.66,991.3
2020-02-19T02:00:00Z,14.34,904.2
2020-02-19T02:30:00Z,13.57,961.75
2020-02-19T03:00:00Z,15.479999999999999,824.85
2020-02-19T03:30:00Z,14.24,814.25
2020-02-19T04:00:00Z,16.67,1071.35
2020-02-19T04:30:00Z,15.34,999.25
2020-02-19T05:00:00Z,16.13,870.45
2020-02-19T05:30:00Z,25.76,911.25
2020-02-19T06:00:00Z,30.770000000000003,1127.2
2020-02-19T06:30:00Z,28.350000000000005,1489.9
2020-02-19T07:00:00Z,28.74,1280.5
2020-02-19T07:30:00Z,29.92,1508.05
2020-02-19T08:00:00Z,21.53,1291.2
2020-02-19T08:30:00Z,24.95,1032.85
2020-02-19T09:00:00Z,32.87,1892.15
2020-02-19T09:30:00Z,36.34,1546.9
2020-02-19T10:00:00Z,35.8,1553.75
2020-02-19T10:30:00Z,35.58,1655.05
2020-02-19T11:00:00Z,38.25,1497.35
2020-02-19T11:30:00Z,39.3,1194.35
2020-02-19T12:00:00Z,39.51,1251.9
2020-02-19T12:30:00Z,36.67,1428.9
2020-02-19T13:00:00Z,32.91,1600.3
2020-02-19T13:30:00Z,34.6,1889.3
2020-02-19T14:00:00Z,34.76,1966.75
2020-02-19T14:30:00Z,34.11,1848.2
2020-02-19T15:00:00Z,33.45,1114.5
2020-02-19T15:30:00Z,29.22,1628.2
2020-02-19T16:00:00Z,29.92,1789.0
2020-02-19T16:30:00Z,32.53,1600.2
2020-02-19T17:00:00Z,34.47,2226.8
2020-02-19T17:30:00Z,35.53,2511.75
2020-02-19T18:00:00Z,38.69,2154.8
2020-02-19T18:30:00Z,35.83,2332.25
2020-02-19T19:00:00Z,33.81,1902.25
2020-02-19T19:30:00Z,36.51,1580.0
2020-02-19T20:00:00Z,37.48,1689.6
2020-02-19T20:30:00Z,32.98,1561.6
2020-02-19T21:00:00Z,24.37,1123.7
2020-02-19T21:30:00Z,29.340000000000003,1271.35
2020-02-19T22:00:00Z,27.910000000000004,1329.9
2020-02-19T22:30:00Z,22.96,1518.5
2020-02-19T23:00:00Z,31.03,1111.0
2020-02-19T23:30:00Z,19.65,1128.6
2020-02-20T00:00:00Z,13.88,848.85
2020-02-20T00:30:00Z,17.77,656.8
2020-02-20T01:00:00Z,20.02,637.75
2020-02-20T01:30:00Z,16.26,949.9
2020-02-20T02:00:00Z,14.819999999999999,927.0
2020-02-20T02:30:00Z,11.2,1181.3
2020-02-20T03:00:00Z,10.27,617.1
2020-02-20T03:30:00Z,4.99,1239.4
2020-02-20T04:00:00Z,11.9,1113.75
2020-02-20T04:30:00Z,11.9,1253.5
2020-02-20T05:00:00Z,12.85,1070.35
2020-02-20T05:30:00Z,24.51,1294.75
2020-02-20T06:00:00Z,26.45,1094.15
2020-02-20T06:30:00Z,26.76,1142.65
2020-02-20T07:00:00Z,24.87,1054.25
2020-02-20T07:30:00Z,22.51,953.7
2020-02-20T08:00:00Z,27.44,981.75
2020-02-20T08:30:00Z,35.13,1224.15
2020-02-20T09:00:00Z,36.49,1233.5
2020-02-20T09:30:00Z,36.27,1223.35
2020-02-20T10:00:00Z,33.98,1282.5
2020-02-20T10:30:00Z,33.06,979.0
2020-02-20T11:00:00Z,36.26,1085.45
2020-02-20T11:30:00Z,36.48,1066.25
2020-02-20T12:00:00Z,36.85,1142.9
2020-02-20T12:30:00Z,35.03,937.5
2020-02-20T13:00:00Z,33.36,1396.2
2020-02-20T13:30:00Z,32.33,1491.45
2020-02-20T14:00:00Z,32.33,1580.3
2020-02-20T14:30:00Z,25.75,1772.9
2020-02-20T15:00:00Z,20.4,1164.6
2020-02-20T15:30:00Z,21.78,1459.6
2020-02-20T16:00:00Z,22.98,1315.35
2020-02-20T16:30:00Z,26.29,1420.3
2020-02-20T17:00:00Z,35.45,1677.1
2020-02-20T17:30:00Z,42.16,1324.8
2020-02-20T18:00:00Z,43.76,1325.05
2020-02-20T18:30:00Z,42.48,1481.2
2020-02-20T19:00:00Z,38.27,1192.05
2020-02-20T19:30:00Z,34.83,989.6
2020-02-20T20:00:00Z,35.74,1093.9
2020-02-20T20:30:00Z,34.61,1023.3
2020-02-20T21:00:00Z,33.59,1086.25
2020-02-20T21:30:00Z,33.56,1027.45
2020-02-20T22:00:00Z,29.05,873.7
2020-02-20T22:30:00Z,25.61,1163.95
2020-02-20T23:00:00Z,31.159999999999997,838.55
2020-02-20T23:30:00Z,7.16,729.65
2020-02-21T00:00:00Z,13.99,678.25
2020-02-21T00:30:00Z,14.96,605.4
2020-02-21T01:00:00Z,19.72,632.6
2020-02-21T01:30:00Z,14.61,795.1
2020-02-21T02:00:00Z,21.21,746.45
2020-02-21T02:30:00Z,18.52,723.95
2020-02-21T03:00:00Z,16.35,646.4
2020-02-21T03:30:00Z,9.81,693.8
2020-02-21T04:00:00Z,14.82,619.75
2020-02-21T04:30:00Z,14.480000000000002,637.25
2020-02-21T05:00:00Z,21.14,801.4
2020-02-21T05:30:00Z,30.38,921.4
2020-02-21T06:00:00Z,32.0,1363.6
2020-02-21T06:30:00Z,35.23,1513.6
2020-02-21T07:00:00Z,37.1,1013.65
2020-02-21T07:30:00Z,30.83,1294.1
2020-02-21T08:00:00Z,24.79,1067.85
2020-02-21T08:30:00Z,25.64,1200.3
2020-02-21T09:00:00Z,27.15,1440.4
2020-02-21T09:30:00Z,30.810000000000002,1286.75
2020-02-21T10:00:00Z,30.43,1266.65
2020-02-21T10:30:00Z,32.44,1718.1
2020-02-21T11:00:00Z,32.64,1036.55
2020-02-21T11:30:00Z,30.03,961.25
2020-02-21T12:00:00Z,30.279999999999998,1103.2
2020-02-21T12:30:00Z,30.76,1203.8
2020-02-21T13:00:00Z,30.99,1478.8
2020-02-21T13:30:00Z,30.38,1477.4
2020-02-21T14:00:00Z,29.67,1528.95
2020-02-21T14:30:00Z,29.22,1700.3
2020-02-21T15:00:00Z,21.47,884.5
2020-02-21T15:30:00Z,24.46,1082.2
2020-02-21T16:00:00Z,31.89,1240.0
2020-02-21T16:30:00Z,30.9,1027.15
2020-02-21T17:00:00Z,37.6,1420.35
2020-02-21T17:30:00Z,41.7,1161.05
2020-02-21T18:00:00Z,42.72,1292.15
2020-02-21T18:30:00Z,40.73,1232.0
2020-02-21T19:00:00Z,33.83,993.95
2020-02-21T19:30:00Z,33.52,1117.35
2020-02-21T20:00:00Z,34.79,1199.8
2020-02-21T20:30:00Z,30.859999999999996,1304.95
2020-02-21T21:00:00Z,24.01,1151.3
2020-02-21T21:30:00Z,15.45,864.35
2020-02-21T22:00:00Z,27.569999999999997,882.6
2020-02-21T22:30:00Z,18.77,1134.0
2020-02-21T23:00:00Z,36.04,706.9
2020-02-21T23:30:00Z,31.01,758.8
2020-02-22T00:00:00Z,36.42,742.65
2020-02-22T00:30:00Z,36.92,661.4
2020-02-22T01:00:00Z,37.82,611.1
2020-02-22T01:30:00Z,34.71,757.7
2020-02-22T02:00:00Z,35.04,945.95
2020-02-22T02:30:00Z,26.45,663.1
2020-02-22T03:00:00Z,21.72,721.6
2020-02-22T03:30:00Z,24.39,989.95
2020-02-22T04:00:00Z,24.31,856.45
2020-02-22T04:30:00Z,26.04,1068.8
2020-02-22T05:00:00Z,23.38,640.0
2020-02-22T05:30:00Z,20.23,768.75
2020-02-22T06:00:00Z,22.33,782.15
2020-02-22T06:30:00Z,28.5,893.05
2020-02-22T07:00:00Z,33.47,923.85
2020-02-22T07:30:00Z,36.87,973.8
2020-02-22T08:00:00Z,30.109999999999996,1153.1
2020-02-22T08:30:00Z,38.49,1214.1
2020-02-22T09:00:00Z,38.45,1306.45
2020-02-22T09:30:00Z,38.79,1236.05
2020-02-22T10:00:00Z,38.28,1214.2
2020-02-22T10:30:00Z,36.04,1238.1
2020-02-22T11:00:00Z,29.279999999999998,1553.35
2020-02-22T11:30:00Z,27.929999999999996,1456.75
2020-02-22T12:00:00Z,30.42,1410.35
2020-02-22T12:30:00Z,30.32,1389.3
2020-02-22T13:00:00Z,30.03,1404.7
2020-02-22T13:30:00Z,30.460000000000004,1520.15
2020-02-22T14:00:00Z,30.960000000000004,1392.8
2020-02-22T14:30:00Z,31.129999999999995,1417.75
2020-02-22T15:00:00Z,39.31,811.9
2020-02-22T15:30:00Z,39.67,813.95
2020-02-22T16:00:00Z,37.24,798.5
2020-02-22T16:30:00Z,40.85,1207.3
2020-02-22T17:00:00Z,42.83,1116.45
2020-02-22T17:30:00Z,45.42,1071.35
2020-02-22T18:00:00Z,46.27,1113.1
2020-02-22T18:30:00Z,44.5,1085.25
2020-02-22T19:00:00Z,41.86,1052.65
2020-02-22T19:30:00Z,36.07,996.8
2020-02-22T20:00:00Z,33.06,1015.65
2020-02-22T20:30:00Z,34.38,1127.4
2020-02-22T21:00:00Z,34.92,1260.5
2020-02-22T21:30:00Z,34.93,1279.2
2020-02-22T22:00:00Z,30.89,1123.15
2020-02-22T22:30:00Z,26.58,1195.3
2020-02-22T23:00:00Z,32.01,1025.3
2020-02-22T23:30:00Z,15.18,823.3
2020-02-23T00:00:00Z,12.29,621.15
2020-02-23T00:30:00Z,11.87,879.75
2020-02-23T01:00:00Z,15.58,1000.8
2020-02-23T01:30:00Z,21.35,1162.0
2020-02-23T02:00:00Z,17.4,856.85
2020-02-23T02:30:00Z,21.02,1035.55
2020-02-23T03:00:00Z,21.45,694.7
2020-02-23T03:30:00Z,28.999999999999996,833.3
2020-02-23T04:00:00Z,28.72,789.8
2020-02-23T04:30:00Z,30.8,698.15
2020-02-23T05:00:00Z,33.18,844.95
2020-02-23T05:30:00Z,33.19,849.15
2020-02-23T06:00:00Z,33.3,983.8
2020-02-23T06:30:00Z,34.39,1225.05
2020-02-23T07:00:00Z,35.31,853.15
2020-02-23T07:30:00Z,33.6,835.05
2020-02-23T08:00:00Z,33.62,1129.45
2020-02-23T08:30:00Z,35.09,1371.6
2020-02-23T09:00:00Z,32.88,1329.3
2020-02-23T09:30:00Z,30.389999999999997,1353.6
2020-02-23T10:00:00Z,33.0,1161.35
2020-02-23T10:30:00Z,31.3,1473.6
2020-02-23T11:00:00Z,26.980000000000004,1613.4
2020-02-23T11:30:00Z,26.49,1618.55
2020-02-23T12:00:00Z,26.990000000000002,1418.35
2020-02-23T12:30:00Z,24.810000000000002,1589.7
2020-02-23T13:00:00Z,24.12,1737.05
2020-02-23T13:30:00Z,22.73,1922.7
2020-02-23T14:00:00Z,24.41,1881.7
2020-02-23T14:30:00Z,22.95,1947.35
2020-02-23T15:00:00Z,21.51,2322.7
2020-02-23T15:30:00Z,24.01,2135.65
2020-02-23T16:00:00Z,26.859999999999996,2537.65
2020-02-23T16:30:00Z,27.83,2756.25
2020-02-23T17:00:00Z,35.67,1957.55
2020-02-23T17:30:00Z,40.22,1771.75
2020-02-23T18:00:00Z,42.36,1602.45
2020-02-23T18:30:00Z,42.07,1707.05
2020-02-23T19:00:00Z,41.99000000000001,850.25
2020-02-23T19:30:00Z,41.580000000000005,873.7
2020-02-23T20:00:00Z,41.33,803.45
2020-02-23T20:30:00Z,35.86,946.5
2020-02-23T21:00:00Z,36.66,1248.2
2020-02-23T21:30:00Z,35.99,1098.75
2020-02-23T22:00:00Z,34.44,1348.4
2020-02-23T22:30:00Z,35.28,1360.6
2020-02-23T23:00:00Z,36.79,1383.8
2020-02-23T23:30:00Z,38.72,1068.8
2020-02-24T00:00:00Z,38.17,960.7
2020-02-24T00:30:00Z,38.72,936.5
2020-02-24T01:00:00Z,40.34,1100.75
2020-02-24T01:30:00Z,39.65,1048.15
2020-02-24T02:00:00Z,39.82,1413.25
2020-02-24T02:30:00Z,38.33,1232.4
2020-02-24T03:00:00Z,33.65,645.0
2020-02-24T03:30:00Z,31.03,678.15
2020-02-24T04:00:00Z,28.95,550.65
2020-02-24T04:30:00Z,30.31,353.7
2020-02-24T05:00:00Z,33.61,1020.1
2020-02-24T05:30:00Z,29.44,937.8
2020-02-24T06:00:00Z,32.59,993.9
2020-02-24T06:30:00Z,32.17,1333.7
2020-02-24T07:00:00Z,40.61,1357.4
2020-02-24T07:30:00Z,44.13,1738.3
2020-02-24T08:00:00Z,37.41,1503.9
2020-02-24T08:30:00Z,38.15,1700.75
2020-02-24T09:00:00Z,40.37,1693.05
2020-02-24T09:30:00Z,41.57,1761.85
2020-02-24T10:00:00Z,42.32,1907.65
2020-02-24T10:30:00Z,42.65,2086.5
2020-02-24T11:00:00Z,44.48,1960.95
2020-02-24T11:30:00Z,44.37,1801.25
2020-02-24T12:00:00Z,45.69,2006.65
2020-02-24T12:30:00Z,45.35,2210.9
2020-02-24T13:00:00Z,43.4,2149.5
2020-02-24T13:30:00Z,43.12,2210.05
2020-02-24T14:00:00Z,44.09,2649.2
2020-02-24T14:30:00Z,45.12,3323.85
2020-02-24T15:00:00Z,40.65,3130.6
2020-02-24T15:30:00Z,39.02,2967.25
2020-02-24T16:00:00Z,36.97,3375.85
2020-02-24T16:30:00Z,37.78,3144.9
2020-02-24T17:00:00Z,43.75,2679.4
2020-02-24T17:30:00Z,43.92,2695.7
2020-02-24T18:00:00Z,44.76,2838.25
2020-02-24T18:30:00Z,44.46,2552.15
2020-02-24T19:00:00Z,42.23,2016.6
2020-02-24T19:30:00Z,41.08,1642.85
2020-02-24T20:00:00Z,40.9,1796.45
2020-02-24T20:30:00Z,40.8,2134.95
2020-02-24T21:00:00Z,39.080000000000005,1791.15
2020-02-24T21:30:00Z,38.4,1803.1
2020-02-24T22:00:00Z,33.21,1880.65
2020-02-24T22:30:00Z,30.07,2113.05
2020-02-24T23:00:00Z,26.93,1148.65
2020-02-24T23:30:00Z,25.5,522.9
2020-02-25T00:00:00Z,28.740000000000002,644.05
2020-02-25T00:30:00Z,30.64,521.85
2020-02-25T01:00:00Z,30.21,725.25
2020-02-25T01:30:00Z,28.37,718.75
2020-02-25T02:00:00Z,30.19,784.85
2020-02-25T02:30:00Z,31.11,842.3
2020-02-25T03:00:00Z,26.269999999999996,851.15
2020-02-25T03:30:00Z,26.81,1083.0
2020-02-25T04:00:00Z,25.95,865.4
2020-02-25T04:30:00Z,25.54,824.95
2020-02-25T05:00:00Z,30.6,642.45
2020-02-25T05:30:00Z,31.87,972.3
2020-02-25T06:00:00Z,37.47999999999999,877.65
2020-02-25T06:30:00Z,34.49,1157.55
2020-02-25T07:00:00Z,42.87,1436.75
2020-02-25T07:30:00Z,44.01,1251.75
2020-02-25T08:00:00Z,43.67,1369.3
2020-02-25T08:30:00Z,46.94,1631.85
2020-02-25T09:00:00Z,43.75,2219.5
2020-02-25T09:30:00Z,38.22,2265.65
2020-02-25T10:00:00Z,37.4,2413.55
2020-02-25T10:30:00Z,35.35,2508.8
2020-02-25T11:00:00Z,27.94,2083.3
2020-02-25T11:30:00Z,31.110000000000003,2401.15
2020-02-25T12:00:00Z,32.12,2120.3
2020-02-25T12:30:00Z,33.76,2253.4
2020-02-25T13:00:00Z,36.29,2333.25
2020-02-25T13:30:00Z,35.69,2206.15
2020-02-25T14:00:00Z,37.49,2120.35
2020-02-25T14:30:00Z,38.17,2512.85
2020-02-25T15:00:00Z,44.17,1851.45
2020-02-25T15:30:00Z,44.1,1762.0
2020-02-25T16:00:00Z,43.26,1496.75
2020-02-25T16:30:00Z,48.0,1762.0
2020-02-25T17:00:00Z,50.99000000000001,2973.65
2020-02-25T17:30:00Z,52.52000000000001,2544.1
2020-02-25T18:00:00Z,57.95,2578.9
2020-02-25T18:30:00Z,53.88,2200.4
2020-02-25T19:00:00Z,51.23,2252.45
2020-02-25T19:30:00Z,47.64,1926.45
2020-02-25T20:00:00Z,45.11646601265456,1722.7
2020-02-25T20:30:00Z,43.84,1680.7
2020-02-25T21:00:00Z,37.36249868748031,1428.55
2020-02-25T21:30:00Z,38.43,1321.55
2020-02-25T22:00:00Z,37.25,1411.0
2020-02-25T22:30:00Z,37.9,1183.05
2020-02-25T23:00:00Z,0.0,0.0
2020-02-25T23:30:00Z,30.0,115.0
2020-02-26T00:00:00Z,25.85,87.0
2020-02-26T00:30:00Z,23.270000000000003,102.5
2020-02-26T01:00:00Z,14.14,198.0
2020-02-26T01:30:00Z,13.409490106544903,394.2
2020-02-26T02:00:00Z,18.14,472.8
2020-02-26T02:30:00Z,21.47,562.2
2020-02-26T03:00:00Z,21.31,725.3
2020-02-26T03:30:00Z,21.54,859.1
2020-02-26T04:00:00Z,22.08,807.45
2020-02-26T04:30:00Z,23.91,787.5
2020-02-26T05:00:00Z,29.7,1043.45
2020-02-26T05:30:00Z,34.92,1153.25
2020-02-26T06:00:00Z,39.54,901.7
2020-02-26T06:30:00Z,36.94,1504.95
2020-02-26T07:00:00Z,47.17,1190.8
2020-02-26T07:30:00Z,41.77,1352.55
2020-02-26T08:00:00Z,45.24,1170.15
2020-02-26T08:30:00Z,41.15,1256.75
2020-02-26T09:00:00Z,37.54,1017.7
2020-02-26T09:30:00Z,33.22,950.35
2020-02-26T10:00:00Z,35.97,1662.35
2020-02-26T10:30:00Z,38.16,1669.5
2020-02-26T11:00:00Z,27.25,2025.9
2020-02-26T11:30:00Z,28.29,1798.25
2020-02-26T12:00:00Z,29.17,1711.0
2020-02-26T12:30:00Z,30.579999999999995,1375.8
2020-02-26T13:00:00Z,29.400000000000002,1691.4
2020-02-26T13:30:00Z,28.59,2065.05
2020-02-26T14:00:00Z,26.8,2254.2
2020-02-26T14:30:00Z,29.35,2037.2
2020-02-26T15:00:00Z,35.15999999999999,1971.35
2020-02-26T15:30:00Z,34.98,1924.7
2020-02-26T16:00:00Z,32.67,2030.95
2020-02-26T16:30:00Z,27.08,2152.55
2020-02-26T17:00:00Z,43.78000000000001,3054.55
2020-02-26T17:30:00Z,51.839999999999996,3250.8
2020-02-26T18:00:00Z,47.63999999999999,2830.6
2020-02-26T18:30:00Z,49.05,2614.0
2020-02-26T19:00:00Z,51.19,1421.8
2020-02-26T19:30:00Z,48.36,1308.15
2020-02-26T20:00:00Z,42.08,1298.7
2020-02-26T20:30:00Z,38.03,1377.05
2020-02-26T21:00:00Z,38.82,1378.7
2020-02-26T21:30:00Z,40.16,1213.6
2020-02-26T22:00:00Z,39.26,1604.1
2020-02-26T22:30:00Z,33.06,956.1
2020-02-26T23:00:00Z,26.799999999999997,665.65
2020-02-26T23:30:00Z,25.040000000000003,751.1
2020-02-27T00:00:00Z,27.820000000000004,591.45
2020-02-27T00:30:00Z,28.469999999999995,644.75
2020-02-27T01:00:00Z,33.28,795.45
2020-02-27T01:30:00Z,31.87,582.45
2020-02-27T02:00:00Z,29.889999999999997,808.0
2020-02-27T02:30:00Z,32.68,595.75
2020-02-27T03:00:00Z,35.64,732.15
2020-02-27T03:30:00Z,33.5,817.6
2020-02-27T04:00:00Z,29.94,531.15
2020-02-27T04:30:00Z,28.61,687.2
2020-02-27T05:00:00Z,39.81,1355.75
2020-02-27T05:30:00Z,34.38,1416.15
2020-02-27T06:00:00Z,39.49,988.2
2020-02-27T06:30:00Z,38.71,1187.9
2020-02-27T07:00:00Z,33.3,809.65
2020-02-27T07:30:00Z,44.24000000000001,869.75
2020-02-27T08:00:00Z,44.86,1062.0
2020-02-27T08:30:00Z,45.07,1146.9
2020-02-27T09:00:00Z,44.14,1656.2
2020-02-27T09:30:00Z,40.56,2032.95
2020-02-27T10:00:00Z,42.01,1674.25
2020-02-27T10:30:00Z,33.91,1888.85
2020-02-27T11:00:00Z,33.17,2124.95
2020-02-27T11:30:00Z,26.16,2305.15
2020-02-27T12:00:00Z,30.33,2118.4
2020-02-27T12:30:00Z,27.46,1984.65
2020-02-27T13:00:00Z,28.39,2176.95
2020-02-27T13:30:00Z,27.96,2333.15
2020-02-27T14:00:00Z,27.88,2269.1
2020-02-27T14:30:00Z,27.49,2215.45
2020-02-27T15:00:00Z,28.24,1857.1
2020-02-27T15:30:00Z,28.820000000000004,1499.55
2020-02-27T16:00:00Z,28.61,1494.45
2020-02-27T16:30:00Z,29.68,1472.75
2020-02-27T17:00:00Z,46.1,2904.85
2020-02-27T17:30:00Z,51.1,2164.9
2020-02-27T18:00:00Z,54.78,2541.65
2020-02-27T18:30:00Z,54.45,2295.4
2020-02-27T19:00:00Z,46.09,2289.05
2020-02-27T19:30:00Z,44.61,1962.25
2020-02-27T20:00:00Z,35.7,2034.6
2020-02-27T20:30:00Z,35.34,1789.9
2020-02-27T21:00:00Z,33.19,1304.0
2020-02-27T21:30:00Z,36.25,1624.3
2020-02-27T22:00:00Z,36.15,1378.8
2020-02-27T22:30:00Z,27.85,1499.9
2020-02-27T23:00:00Z,29.32,1032.3
2020-02-27T23:30:00Z,24.879999999999995,879.15
2020-02-28T00:00:00Z,23.660000000000004,788.55
2020-02-28T00:30:00Z,20.66,726.2
2020-02-28T01:00:00Z,24.08,840.9
2020-02-28T01:30:00Z,24.41,680.3
2020-02-28T02:00:00Z,24.16,663.85
2020-02-28T02:30:00Z,28.980000000000004,958.6
2020-02-28T03:00:00Z,27.31,680.8
2020-02-28T03:30:00Z,25.06,569.45
2020-02-28T04:00:00Z,27.94,644.65
2020-02-28T04:30:00Z,28.52,765.35
2020-02-28T05:00:00Z,31.11,787.2
2020-02-28T05:30:00Z,30.75,922.9
2020-02-28T06:00:00Z,31.0,1109.9
2020-02-28T06:30:00Z,26.499999999999996,1568.1
2020-02-28T07:00:00Z,28.17,1053.8
2020-02-28T07:30:00Z,34.31,957.2
2020-02-28T08:00:00Z,32.59,850.15
2020-02-28T08:30:00Z,29.44,1104.6
2020-02-28T09:00:00Z,26.99,1046.5
2020-02-28T09:30:00Z,23.07,1206.45
2020-02-28T10:00:00Z,26.27,1384.4
2020-02-28T10:30:00Z,27.84,1798.35
2020-02-28T11:00:00Z,30.590000000000003,1504.15
2020-02-28T11:30:00Z,33.39,1827.35
2020-02-28T12:00:00Z,32.04,1517.25
2020-02-28T12:30:00Z,29.92,1263.9
2020-02-28T13:00:00Z,29.250000000000004,1181.8
2020-02-28T13:30:00Z,28.58,1248.5
2020-02-28T14:00:00Z,28.27,1363.85
2020-02-28T14:30:00Z,29.01,1525.55
2020-02-28T15:00:00Z,29.91,1195.45
2020-02-28T15:30:00Z,27.69,926.95
2020-02-28T16:00:00Z,24.19,1110.8
2020-02-28T16:30:00Z,25.52,1038.2
2020-02-28T17:00:00Z,31.97,1427.15
2020-02-28T17:30:00Z,34.31,1095.4
2020-02-28T18:00:00Z,35.63,1307.15
2020-02-28T18:30:00Z,36.53,1346.0
2020-02-28T19:00:00Z,34.36,1472.85
2020-02-28T19:30:00Z,32.83,1292.85
2020-02-28T20:00:00Z,33.62,1308.65
2020-02-28T20:30:00Z,31.94,1088.0
2020-02-28T21:00:00Z,26.57,893.7
2020-02-28T21:30:00Z,31.35,1233.45
2020-02-28T22:00:00Z,28.93,1773.4
2020-02-28T22:30:00Z,31.62,1902.15
2020-02-28T23:00:00Z,24.51,947.95
2020-02-28T23:30:00Z,10.97,730.05
2020-02-29T00:00:00Z,10.6,777.65
2020-02-29T00:30:00Z,12.999999999999998,885.65
2020-02-29T01:00:00Z,11.87,753.5
2020-02-29T01:30:00Z,9.4,799.5
2020-02-29T02:00:00Z,7.079999999999999,861.25
2020-02-29T02:30:00Z,3.5,1019.65
2020-02-29T03:00:00Z,4.61,988.3
2020-02-29T03:30:00Z,3.71,1016.15
2020-02-29T04:00:00Z,2.89,991.1
2020-02-29T04:30:00Z,4.38,916.55
2020-02-29T05:00:00Z,5.68,1176.25
2020-02-29T05:30:00Z,6.61,1207.6
2020-02-29T06:00:00Z,7.82,1343.3
2020-02-29T06:30:00Z,9.46,1363.8
2020-02-29T07:00:00Z,14.410000000000002,1153.5
2020-02-29T07:30:00Z,17.32,707.85
2020-02-29T08:00:00Z,28.959999999999997,754.9
2020-02-29T08:30:00Z,31.13,992.05
2020-02-29T09:00:00Z,35.12,1126.05
2020-02-29T09:30:00Z,35.49,1182.25
2020-02-29T10:00:00Z,35.97,1362.1
2020-02-29T10:30:00Z,32.61,1501.4
2020-02-29T11:00:00Z,33.98,1375.1
2020-02-29T11:30:00Z,33.85,1113.05
2020-02-29T12:00:00Z,32.57,1422.85
2020-02-29T12:30:00Z,22.22,1486.0
2020-02-29T13:00:00Z,14.73,1287.65
2020-02-29T13:30:00Z,13.13,1160.9
2020-02-29T14:00:00Z,13.08,1226.25
2020-02-29T14:30:00Z,13.86,1350.55
2020-02-29T15:00:00Z,15.939999999999998,1114.75
2020-02-29T15:30:00Z,14.48,1055.6
2020-02-29T16:00:00Z,12.67,1249.35
2020-02-29T16:30:00Z,16.5,1282.6
2020-02-29T17:00:00Z,33.52,1819.25
2020-02-29T17:30:00Z,39.02,1503.5
2020-02-29T18:00:00Z,40.88,1334.75
2020-02-29T18:30:00Z,40.62,1436.5
2020-02-29T19:00:00Z,35.78,1351.1
2020-02-29T19:30:00Z,27.72,1199.6
2020-02-29T20:00:00Z,24.03,1380.85
2020-02-29T20:30:00Z,25.24,1473.6
2020-02-29T21:00:00Z,28.87,1736.55
2020-02-29T21:30:00Z,28.68,1940.3
2020-02-29T22:00:00Z,24.28,1327.45
2020-02-29T22:30:00Z,22.44,1295.1
2020-02-29T23:00:00Z,11.82,801.55
2020-02-29T23:30:00Z,4.27,864.85
2020-03-01T00:00:00Z,3.91,681.4
2020-03-01T00:30:00Z,3.43,680.5
2020-03-01T01:00:00Z,4.55,637.55
2020-03-01T01:30:00Z,2.68,777.95
2020-03-01T02:00:00Z,2.11,596.7
2020-03-01T02:30:00Z,-0.2,818.8
2020-03-01T03:00:00Z,-0.96,722.85
2020-03-01T03:30:00Z,-7.58,810.85
2020-03-01T04:00:00Z,-4.3,834.4
2020-03-01T04:30:00Z,-4.58,854.45
2020-03-01T05:00:00Z,0.37,668.7
2020-03-01T05:30:00Z,2.35,678.9
2020-03-01T06:00:00Z,1.23,614.3
2020-03-01T06:30:00Z,1.66,520.25
2020-03-01T07:00:00Z,8.74,1144.0
2020-03-01T07:30:00Z,8.45,1113.55
2020-03-01T08:00:00Z,8.42,1059.75
2020-03-01T08:30:00Z,12.900000000000002,1397.75
2020-03-01T09:00:00Z,12.01,1034.95
2020-03-01T09:30:00Z,11.54,1028.75
2020-03-01T10:00:00Z,11.74,960.45
2020-03-01T10:30:00Z,10.47,1100.45
2020-03-01T11:00:00Z,10.76,1187.05
2020-03-01T11:30:00Z,13.24,990.0
2020-03-01T12:00:00Z,14.41,1257.3
2020-03-01T12:30:00Z,18.82,1361.1
2020-03-01T13:00:00Z,23.429999999999996,1400.3
2020-03-01T13:30:00Z,19.91,1427.7
2020-03-01T14:00:00Z,18.75,1358.4
2020-03-01T14:30:00Z,19.08,1273.1
2020-03-01T15:00:00Z,21.89,1836.1
2020-03-01T15:30:00Z,21.83,1574.8
2020-03-01T16:00:00Z,24.47,1725.75
2020-03-01T16:30:00Z,24.280000000000005,1685.1
2020-03-01T17:00:00Z,32.8,2411.85
2020-03-01T17:30:00Z,36.98,1470.9
2020-03-01T18:00:00Z,39.07,1447.75
2020-03-01T18:30:00Z,39.39,1332.5
2020-03-01T19:00:00Z,38.94,1296.4
2020-03-01T19:30:00Z,37.99,1439.85
2020-03-01T20:00:00Z,38.09,1263.2
2020-03-01T20:30:00Z,36.0,956.8
2020-03-01T21:00:00Z,35.92,801.3
2020-03-01T21:30:00Z,35.27,919.35
2020-03-01T22:00:00Z,36.11,1018.0
2020-03-01T22:30:00Z,32.93,918.75
2020-03-01T23:00:00Z,26.91,430.15
2020-03-01T23:30:00Z,24.339999999999996,459.9
2020-03-02T00:00:00Z,26.35,443.8
2020-03-02T00:30:00Z,32.34,399.7
2020-03-02T01:00:00Z,34.42,567.55
2020-03-02T01:30:00Z,34.28,667.25
2020-03-02T02:00:00Z,34.16,648.35
2020-03-02T02:30:00Z,32.74,577.7
2020-03-02T03:00:00Z,33.61,497.2
2020-03-02T03:30:00Z,29.600000000000005,590.45
2020-03-02T04:00:00Z,30.31,480.25
2020-03-02T04:30:00Z,29.46,687.4
2020-03-02T05:00:00Z,33.21,703.45
2020-03-02T05:30:00Z,36.62,1076.35
2020-03-02T06:00:00Z,38.6,1278.3
2020-03-02T06:30:00Z,39.12,1486.5
2020-03-02T07:00:00Z,43.82,828.2
2020-03-02T07:30:00Z,45.43,1056.85
2020-03-02T08:00:00Z,48.58,1147.35
2020-03-02T08:30:00Z,47.51,1271.0
2020-03-02T09:00:00Z,46.93,1568.9
2020-03-02T09:30:00Z,43.06,1599.35
2020-03-02T10:00:00Z,39.34,1587.45
2020-03-02T10:30:00Z,31.05,1512.25
2020-03-02T11:00:00Z,29.77,1107.4
2020-03-02T11:30:00Z,28.91,1300.95
2020-03-02T12:00:00Z,34.97,1423.25
2020-03-02T12:30:00Z,32.95,1354.9
2020-03-02T13:00:00Z,32.57,1591.75
2020-03-02T13:30:00Z,31.15,1533.2
2020-03-02T14:00:00Z,34.32,2121.65
2020-03-02T14:30:00Z,30.68,1967.4
2020-03-02T15:00:00Z,30.009999999999998,1138.45
2020-03-02T15:30:00Z,29.86,1325.8
2020-03-02T16:00:00Z,29.97,1241.55
2020-03-02T16:30:00Z,36.63,1404.95
2020-03-02T17:00:00Z,38.51,2006.0
2020-03-02T17:30:00Z,45.12,1909.05
2020-03-02T18:00:00Z,49.4,1749.25
2020-03-02T18:30:00Z,47.69,1537.9
2020-03-02T19:00:00Z,38.86,1364.35
2020-03-02T19:30:00Z,38.16,1438.9
2020-03-02T20:00:00Z,38.59,1627.4
2020-03-02T20:30:00Z,33.69,1754.05
2020-03-02T21:00:00Z,30.66,1643.3
2020-03-02T21:30:00Z,28.69,1682.1
2020-03-02T22:00:00Z,26.36,1706.2
2020-03-02T22:30:00Z,23.4,1969.05
2020-03-02T23:00:00Z,25.09,1103.1
2020-03-02T23:30:00Z,25.68,996.55
2020-03-03T00:00:00Z,23.520000000000003,705.55
2020-03-03T00:30:00Z,25.17,836.25
2020-03-03T01:00:00Z,29.76,768.75
2020-03-03T01:30:00Z,30.31,597.2
2020-03-03T02:00:00Z,27.35,593.35
2020-03-03T02:30:00Z,26.92,667.5
2020-03-03T03:00:00Z,26.659999999999997,748.5
2020-03-03T03:30:00Z,27.67,636.65
2020-03-03T04:00:00Z,28.91,780.5
2020-03-03T04:30:00Z,26.74,984.0
2020-03-03T05:00:00Z,37.71,999.2
2020-03-03T05:30:00Z,36.83,1231.85
2020-03-03T06:00:00Z,43.26,1249.3
2020-03-03T06:30:00Z,43.49000000000001,1688.0
2020-03-03T07:00:00Z,49.35999999999999,719.5
2020-03-03T07:30:00Z,49.51,1117.75
2020-03-03T08:00:00Z,48.66,925.85
2020-03-03T08:30:00Z,47.99,1272.6
2020-03-03T09:00:00Z,47.63,1140.6
2020-03-03T09:30:00Z,44.08,1133.3
2020-03-03T10:00:00Z,40.91,1196.6
2020-03-03T10:30:00Z,36.46,1279.45
2020-03-03T11:00:00Z,31.45,1618.25
2020-03-03T11:30:00Z,30.48,1540.6
2020-03-03T12:00:00Z,31.390000000000004,1616.55
2020-03-03T12:30:00Z,33.9,1981.0
2020-03-03T13:00:00Z,38.11,1826.45
2020-03-03T13:30:00Z,40.22,2125.4
2020-03-03T14:00:00Z,38.7,2047.6
2020-03-03T14:30:00Z,36.49,2058.5
2020-03-03T15:00:00Z,44.38,1925.5
2020-03-03T15:30:00Z,46.2,2208.5
2020-03-03T16:00:00Z,45.73,2027.65
2020-03-03T16:30:00Z,51.47,2264.95
2020-03-03T17:00:00Z,61.63999999999999,2363.4
2020-03-03T17:30:00Z,64.22,2135.85
2020-03-03T18:00:00Z,63.08,1864.85
2020-03-03T18:30:00Z,62.38,1732.95
2020-03-03T19:00:00Z,48.83,2147.8
2020-03-03T19:30:00Z,41.60999999999999,1785.85
2020-03-03T20:00:00Z,36.69,1742.3
2020-03-03T20:30:00Z,36.96,1754.7
2020-03-03T21:00:00Z,34.06,2556.9
2020-03-03T21:30:00Z,33.86,2344.45
2020-03-03T22:00:00Z,32.99,2232.95
2020-03-03T22:30:00Z,32.32,2277.7
2020-03-03T23:00:00Z,16.22,751.85
2020-03-03T23:30:00Z,19.02,1079.1
2020-03-04T00:00:00Z,26.28,974.8
2020-03-04T00:30:00Z,31.39,713.85
2020-03-04T01:00:00Z,32.57,871.3
2020-03-04T01:30:00Z,32.16,812.5
2020-03-04T02:00:00Z,32.06,848.05
2020-03-04T02:30:00Z,31.89,654.15
2020-03-04T03:00:00Z,34.9,479.25
2020-03-04T03:30:00Z,35.44,557.3
2020-03-04T04:00:00Z,34.86,506.7
2020-03-04T04:30:00Z,31.94,538.05
2020-03-04T05:00:00Z,38.87,442.05
2020-03-04T05:30:00Z,35.84,524.8
2020-03-04T06:00:00Z,37.46,538.5
2020-03-04T06:30:00Z,37.19,1043.9
2020-03-04T07:00:00Z,33.91,629.2
2020-03-04T07:30:00Z,44.82,607.3
2020-03-04T08:00:00Z,44.9,859.35
2020-03-04T08:30:00Z,47.7,1226.05
2020-03-04T09:00:00Z,52.26,1131.6
2020-03-04T09:30:00Z,47.97,1119.1
2020-03-04T10:00:00Z,52.67,1068.2
2020-03-04T10:30:00Z,51.7,1149.55
2020-03-04T11:00:00Z,52.96,1307.15
2020-03-04T11:30:00Z,47.93,1461.3
2020-03-04T12:00:00Z,52.07000000000001,1430.35
2020-03-04T12:30:00Z,49.35,1371.8
2020-03-04T13:00:00Z,51.629999999999995,1633.75
2020-03-04T13:30:00Z,54.78,1535.2
2020-03-04T14:00:00Z,56.52,1871.2
2020-03-04T14:30:00Z,51.59,1788.45
2020-03-04T15:00:00Z,61.27,1456.95
2020-03-04T15:30:00Z,61.62,1567.25
2020-03-04T16:00:00Z,63.22,1561.9
2020-03-04T16:30:00Z,69.28,1564.35
2020-03-04T17:00:00Z,91.27,1721.8
2020-03-04T17:30:00Z,110.5,2006.65
2020-03-04T18:00:00Z,161.48,2205.95
2020-03-04T18:30:00Z,211.79,2367.95
2020-03-04T19:00:00Z,98.88,2376.75
2020-03-04T19:30:00Z,69.07999999999998,1967.7
2020-03-04T20:00:00Z,53.32,1897.95
2020-03-04T20:30:00Z,48.65,2043.8
2020-03-04T21:00:00Z,40.49,1350.15
2020-03-04T21:30:00Z,40.09,1452.1
2020-03-04T22:00:00Z,39.69,1232.95
2020-03-04T22:30:00Z,39.57,1576.25
2020-03-04T23:00:00Z,27.43,348.65
2020-03-04T23:30:00Z,30.32,574.65
2020-03-05T00:00:00Z,31.65,401.3
2020-03-05T00:30:00Z,35.18,455.15
2020-03-05T01:00:00Z,37.87,736.95
2020-03-05T01:30:00Z,33.48,879.5
2020-03-05T02:00:00Z,32.72,710.4
2020-03-05T02:30:00Z,28.5,674.8
2020-03-05T03:00:00Z,28.95,1044.95
2020-03-05T03:30:00Z,28.75,929.8
2020-03-05T04:00:00Z,28.31,1054.5
2020-03-05T04:30:00Z,25.06,995.6
2020-03-05T05:00:00Z,26.61,590.5
2020-03-05T05:30:00Z,16.13,899.3
2020-03-05T06:00:00Z,27.23,1042.6
2020-03-05T06:30:00Z,26.55,1117.9
2020-03-05T07:00:00Z,29.29,1053.5
2020-03-05T07:30:00Z,37.6,963.3
2020-03-05T08:00:00Z,31.219999999999995,921.4
2020-03-05T08:30:00Z,30.270000000000003,1169.1
2020-03-05T09:00:00Z,30.07,1082.9
2020-03-05T09:30:00Z,32.03,1430.0
2020-03-05T10:00:00Z,35.77,1350.2
2020-03-05T10:30:00Z,34.65,1571.1
2020-03-05T11:00:00Z,29.310000000000002,1521.45
2020-03-05T11:30:00Z,30.31,1572.25
2020-03-05T12:00:00Z,33.2,1778.15
2020-03-05T12:30:00Z,33.33,1819.8
2020-03-05T13:00:00Z,30.67,1860.95
2020-03-05T13:30:00Z,30.05,1823.7
2020-03-05T14:00:00Z,30.13,2102.7
2020-03-05T14:30:00Z,31.079999999999995,2245.7
2020-03-05T15:00:00Z,37.49,2146.35
2020-03-05T15:30:00Z,36.75,1770.35
2020-03-05T16:00:00Z,37.72,1954.0
2020-03-05T16:30:00Z,40.34,1790.35
2020-03-05T17:00:00Z,47.75,2305.45
2020-03-05T17:30:00Z,43.84,2448.6
2020-03-05T18:00:00Z,47.05,2325.5
2020-03-05T18:30:00Z,45.28,2258.85
2020-03-05T19:00:00Z,41.78,1782.2
2020-03-05T19:30:00Z,40.21,1565.1
2020-03-05T20:00:00Z,38.89,1361.45
2020-03-05T20:30:00Z,38.14,1282.55
2020-03-05T21:00:00Z,35.43,1464.8
2020-03-05T21:30:00Z,35.5,1253.15
2020-03-05T22:00:00Z,35.3,1168.35
2020-03-05T22:30:00Z,34.24,1498.55
2020-03-05T23:00:00Z,28.39,457.15
2020-03-05T23:30:00Z,22.08,531.3
2020-03-06T00:00:00Z,25.03,473.45
2020-03-06T00:30:00Z,32.72,489.0
2020-03-06T01:00:00Z,33.57,580.9
2020-03-06T01:30:00Z,30.81,514.25
2020-03-06T02:00:00Z,32.61,441.55
2020-03-06T02:30:00Z,33.6,581.85
2020-03-06T03:00:00Z,33.68,547.2
2020-03-06T03:30:00Z,30.74,391.1
2020-03-06T04:00:00Z,32.11,403.35
2020-03-06T04:30:00Z,31.08,480.15
2020-03-06T05:00:00Z,32.84,435.35
2020-03-06T05:30:00Z,35.68,542.25
2020-03-06T06:00:00Z,34.77,535.0
2020-03-06T06:30:00Z,27.57,432.15
2020-03-06T07:00:00Z,24.8,648.3
2020-03-06T07:30:00Z,34.53,560.4
2020-03-06T08:00:00Z,36.75,574.15
2020-03-06T08:30:00Z,36.31,634.4
2020-03-06T09:00:00Z,36.1,645.35
2020-03-06T09:30:00Z,34.31,496.15
2020-03-06T10:00:00Z,32.94,657.8
2020-03-06T10:30:00Z,31.72,805.3
2020-03-06T11:00:00Z,30.010000000000005,1260.2
2020-03-06T11:30:00Z,30.29,1286.45
2020-03-06T12:00:00Z,29.21,1476.35
2020-03-06T12:30:00Z,28.61,1651.15
2020-03-06T13:00:00Z,29.040000000000003,1390.55
2020-03-06T13:30:00Z,29.409999999999997,1490.35
2020-03-06T14:00:00Z,29.21,1266.35
2020-03-06T14:30:00Z,27.58,1544.2
2020-03-06T15:00:00Z,28.42,1804.65
2020-03-06T15:30:00Z,27.23,1351.3
2020-03-06T16:00:00Z,27.71,1486.7
2020-03-06T16:30:00Z,32.73,1731.1
2020-03-06T17:00:00Z,35.79,1539.1
2020-03-06T17:30:00Z,34.74,1795.6
2020-03-06T18:00:00Z,39.09,1563.25
2020-03-06T18:30:00Z,41.45,2640.95
2020-03-06T19:00:00Z,44.57,1691.4
2020-03-06T19:30:00Z,37.87,1723.0
2020-03-06T20:00:00Z,38.68,1272.0
2020-03-06T20:30:00Z,36.96,1202.0
2020-03-06T21:00:00Z,36.42,1372.55
2020-03-06T21:30:00Z,36.93,1353.15
2020-03-06T22:00:00Z,38.06,1564.15
2020-03-06T22:30:00Z,37.65,1406.35
2020-03-06T23:00:00Z,37.27,826.15
2020-03-06T23:30:00Z,38.79,370.1
2020-03-07T00:00:00Z,38.51,349.15
2020-03-07T00:30:00Z,40.05,276.55
2020-03-07T01:00:00Z,39.26,357.35
2020-03-07T01:30:00Z,38.97,540.45
2020-03-07T02:00:00Z,35.35,758.45
2020-03-07T02:30:00Z,32.04,595.75
2020-03-07T03:00:00Z,25.4,661.5
2020-03-07T03:30:00Z,23.219999999999995,788.85
2020-03-07T04:00:00Z,24.44,459.85
2020-03-07T04:30:00Z,22.24,430.4
2020-03-07T05:00:00Z,19.24,871.35
2020-03-07T05:30:00Z,16.24,926.2
2020-03-07T06:00:00Z,22.68,898.35
2020-03-07T06:30:00Z,23.35,925.05
2020-03-07T07:00:00Z,26.11,1166.0
2020-03-07T07:30:00Z,26.87,1188.1
2020-03-07T08:00:00Z,24.51,1122.05
2020-03-07T08:30:00Z,29.51,1032.7
2020-03-07T09:00:00Z,32.51,1047.9
2020-03-07T09:30:00Z,28.730000000000004,1007.65
2020-03-07T10:00:00Z,29.019999999999996,945.0
2020-03-07T10:30:00Z,25.43,1105.2
2020-03-07T11:00:00Z,19.29,1765.55
2020-03-07T11:30:00Z,19.56,2145.3
2020-03-07T12:00:00Z,21.93,1977.5
2020-03-07T12:30:00Z,20.47,1755.0
2020-03-07T13:00:00Z,21.28,1875.75
2020-03-07T13:30:00Z,20.17,2074.3
2020-03-07T14:00:00Z,21.14,2044.25
2020-03-07T14:30:00Z,21.06,2103.3
2020-03-07T15:00:00Z,25.38,1612.9
2020-03-07T15:30:00Z,27.21,1604.45
2020-03-07T16:00:00Z,28.070000000000004,1451.3
2020-03-07T16:30:00Z,28.41,1536.15
2020-03-07T17:00:00Z,28.59,1304.35
2020-03-07T17:30:00Z,29.39,1549.55
2020-03-07T18:00:00Z,29.06,1684.2
2020-03-07T18:30:00Z,33.11,1484.05
2020-03-07T19:00:00Z,30.630000000000003,1916.6
2020-03-07T19:30:00Z,28.650000000000002,1758.05
2020-03-07T20:00:00Z,27.310000000000002,1547.05
2020-03-07T20:30:00Z,25.15,1649.15
2020-03-07T21:00:00Z,21.78,1453.35
2020-03-07T21:30:00Z,19.95,1660.9
2020-03-07T22:00:00Z,19.33,1393.75
2020-03-07T22:30:00Z,14.829999999999998,1429.15
2020-03-07T23:00:00Z,7.490000000000001,787.95
2020-03-07T23:30:00Z,-8.92,689.9
2020-03-08T00:00:00Z,-9.24,667.25
2020-03-08T00:30:00Z,1.72,1112.8
2020-03-08T01:00:00Z,3.8400000000000003,849.9
2020-03-08T01:30:00Z,4.81,1110.75
2020-03-08T02:00:00Z,4.69,961.7
2020-03-08T02:30:00Z,3.83,1040.0
2020-03-08T03:00:00Z,2.29,968.5
2020-03-08T03:30:00Z,0.31,765.6
2020-03-08T04:00:00Z,3.04,959.15
2020-03-08T04:30:00Z,3.54,1004.65
2020-03-08T05:00:00Z,3.74,931.3
2020-03-08T05:30:00Z,4.66,795.2
2020-03-08T06:00:00Z,4.48,779.3
2020-03-08T06:30:00Z,4.61,807.65
2020-03-08T07:00:00Z,6.47,699.1
2020-03-08T07:30:00Z,4.09,614.05
2020-03-08T08:00:00Z,6.4,630.05
2020-03-08T08:30:00Z,8.37,614.05
2020-03-08T09:00:00Z,12.55,919.5
2020-03-08T09:30:00Z,13.82,926.9
2020-03-08T10:00:00Z,13.94,1166.65
2020-03-08T10:30:00Z,13.7,1052.25
2020-03-08T11:00:00Z,20.11,1045.65
2020-03-08T11:30:00Z,20.97,948.3
2020-03-08T12:00:00Z,22.02,1259.7
2020-03-08T12:30:00Z,23.51,886.75
2020-03-08T13:00:00Z,24.71,1443.75
2020-03-08T13:30:00Z,27.05,1484.3
2020-03-08T14:00:00Z,28.2,1603.6
2020-03-08T14:30:00Z,27.72,1502.5
2020-03-08T15:00:00Z,30.66,1904.8
2020-03-08T15:30:00Z,31.99,1743.5
2020-03-08T16:00:00Z,33.81,1319.5
2020-03-08T16:30:00Z,34.55,1399.85
2020-03-08T17:00:00Z,41.040000000000006,1838.7
2020-03-08T17:30:00Z,42.55,1610.0
2020-03-08T18:00:00Z,45.26,2103.45
2020-03-08T18:30:00Z,45.52,1836.65
2020-03-08T19:00:00Z,44.35,2120.35
2020-03-08T19:30:00Z,42.5,1105.2
2020-03-08T20:00:00Z,43.34,1650.25
2020-03-08T20:30:00Z,40.02,1170.25
2020-03-08T21:00:00Z,35.37,1087.8
2020-03-08T21:30:00Z,34.87,1065.75
2020-03-08T22:00:00Z,32.79,828.35
2020-03-08T22:30:00Z,32.5,1063.85
2020-03-08T23:00:00Z,29.59,546.25
2020-03-08T23:30:00Z,22.6,393.0
2020-03-09T00:00:00Z,23.369999999999997,451.7
2020-03-09T00:30:00Z,29.67,473.5
2020-03-09T01:00:00Z,33.91,452.0
2020-03-09T01:30:00Z,29.16,459.6
2020-03-09T02:00:00Z,30.980000000000004,540.05
2020-03-09T02:30:00Z,28.32,539.0
2020-03-09T03:00:00Z,21.92,524.65
2020-03-09T03:30:00Z,18.57,512.45
2020-03-09T04:00:00Z,19.74,732.45
2020-03-09T04:30:00Z,21.63,483.3
2020-03-09T05:00:00Z,33.22,841.1
2020-03-09T05:30:00Z,31.55,832.95
2020-03-09T06:00:00Z,35.55,1084.6
2020-03-09T06:30:00Z,34.12,1543.2
2020-03-09T07:00:00Z,45.95,1617.95
2020-03-09T07:30:00Z,49.58,1549.9
2020-03-09T08:00:00Z,41.21,1554.25
2020-03-09T08:30:00Z,41.16,1779.7
2020-03-09T09:00:00Z,40.81,2200.55
2020-03-09T09:30:00Z,40.07,2665.35
2020-03-09T10:00:00Z,39.74,2108.0
2020-03-09T10:30:00Z,36.85,2347.65
2020-03-09T11:00:00Z,26.98,1584.85
2020-03-09T11:30:00Z,30.22,1411.35
2020-03-09T12:00:00Z,29.33,1545.3
2020-03-09T12:30:00Z,30.73,1835.0
2020-03-09T13:00:00Z,29.35,1890.2
2020-03-09T13:30:00Z,29.49,2161.9
2020-03-09T14:00:00Z,28.89,1978.6
2020-03-09T14:30:00Z,26.540000000000003,1795.75
2020-03-09T15:00:00Z,28.01,1713.0
2020-03-09T15:30:00Z,27.11,1805.9
2020-03-09T16:00:00Z,30.59,2052.0
2020-03-09T16:30:00Z,33.06,2066.45
2020-03-09T17:00:00Z,47.88,2468.4
2020-03-09T17:30:00Z,48.5,2510.6
2020-03-09T18:00:00Z,50.24,2616.4
2020-03-09T18:30:00Z,49.61,2756.65
2020-03-09T19:00:00Z,25.39,1575.05
2020-03-09T19:30:00Z,25.08,1659.85
2020-03-09T20:00:00Z,27.100000000000005,1574.9
2020-03-09T20:30:00Z,26.110000000000003,1384.15
2020-03-09T21:00:00Z,20.96,1743.1
2020-03-09T21:30:00Z,19.63,1603.25
2020-03-09T22:00:00Z,19.22,1416.65
2020-03-09T22:30:00Z,19.26,1906.45
2020-03-09T23:00:00Z,28.55,988.65
2020-03-09T23:30:00Z,8.24,683.9
2020-03-10T00:00:00Z,6.38,743.0
2020-03-10T00:30:00Z,12.9,720.4
2020-03-10T01:00:00Z,13.760000000000002,847.3
2020-03-10T01:30:00Z,7.68,635.9
2020-03-10T02:00:00Z,4.29,591.6
2020-03-10T02:30:00Z,3.7899999999999996,670.05
2020-03-10T03:00:00Z,2.4,899.0
2020-03-10T03:30:00Z,3.66,878.3
2020-03-10T04:00:00Z,3.26,1126.15
2020-03-10T04:30:00Z,3.47,1109.45
2020-03-10T05:00:00Z,11.03,1170.3
2020-03-10T05:30:00Z,14.1,1141.0
2020-03-10T06:00:00Z,13.14,1454.2
2020-03-10T06:30:00Z,20.72,1627.15
2020-03-10T07:00:00Z,14.86,1297.75
2020-03-10T07:30:00Z,9.32,872.25
2020-03-10T08:00:00Z,21.46,1442.2
2020-03-10T08:30:00Z,19.93,1387.65
2020-03-10T09:00:00Z,26.03,1758.35
2020-03-10T09:30:00Z,28.32,2037.5
2020-03-10T10:00:00Z,27.63,1683.95
2020-03-10T10:30:00Z,28.37,1674.75
2020-03-10T11:00:00Z,30.84,1763.45
2020-03-10T11:30:00Z,31.02,1706.35
2020-03-10T12:00:00Z,30.22,1534.65
2020-03-10T12:30:00Z,30.7,1737.4
2020-03-10T13:00:00Z,30.549999999999997,1867.55
2020-03-10T13:30:00Z,28.84,1731.8
2020-03-10T14:00:00Z,28.87,1796.95
2020-03-10T14:30:00Z,28.69,1877.65
2020-03-10T15:00:00Z,27.02,1185.7
2020-03-10T15:30:00Z,27.38825188384083,1134.65
2020-03-10T16:00:00Z,29.95,1154.15
2020-03-10T16:30:00Z,26.61,1342.9
2020-03-10T17:00:00Z,25.73,1733.15
2020-03-10T17:30:00Z,27.8,1536.6
2020-03-10T18:00:00Z,38.98,1713.9
2020-03-10T18:30:00Z,41.41,1732.15
2020-03-10T19:00:00Z,39.692659932659936,1767.15
2020-03-10T19:30:00Z,37.94,1717.3
2020-03-10T20:00:00Z,36.33,1494.0
2020-03-10T20:30:00Z,31.15,1444.8
2020-03-10T21:00:00Z,30.050000000000004,1241.2
2020-03-10T21:30:00Z,32.29,1204.4
2020-03-10T22:00:00Z,30.21,1508.7
2020-03-10T22:30:00Z,31.23,1905.95
2020-03-10T23:00:00Z,31.250000000000004,1415.35
2020-03-10T23:30:00Z,32.33,893.4
2020-03-11T00:00:00Z,32.63,1005.1
2020-03-11T00:30:00Z,32.94,824.3
2020-03-11T01:00:00Z,34.99,650.4
2020-03-11T01:30:00Z,36.27,730.2
2020-03-11T02:00:00Z,35.52,809.25
2020-03-11T02:30:00Z,31.92,672.1
2020-03-11T03:00:00Z,20.74,645.25
2020-03-11T03:30:00Z,11.910000000000002,760.1
2020-03-11T04:00:00Z,17.12,737.15
2020-03-11T04:30:00Z,18.14,679.65
2020-03-11T05:00:00Z,22.34,890.15
2020-03-11T05:30:00Z,23.13,858.8
2020-03-11T06:00:00Z,27.46,924.55
2020-03-11T06:30:00Z,36.1,1215.55
2020-03-11T07:00:00Z,35.51,1030.75
2020-03-11T07:30:00Z,39.65,1181.6
2020-03-11T08:00:00Z,37.15,1198.4
2020-03-11T08:30:00Z,28.33,1122.35
2020-03-11T09:00:00Z,28.09,1898.6
2020-03-11T09:30:00Z,29.36,2063.45
2020-03-11T10:00:00Z,31.73,1718.65
2020-03-11T10:30:00Z,32.99,2074.8
2020-03-11T11:00:00Z,27.67,1770.3
2020-03-11T11:30:00Z,25.28,1767.15
2020-03-11T12:00:00Z,25.76,1689.8
2020-03-11T12:30:00Z,25.200000000000003,1776.9
2020-03-11T13:00:00Z,26.8,1935.2
2020-03-11T13:30:00Z,27.85,2068.35
2020-03-11T14:00:00Z,28.85,2018.8
2020-03-11T14:30:00Z,29.71,2369.55
2020-03-11T15:00:00Z,26.96,1762.55
2020-03-11T15:30:00Z,25.61,1762.75
2020-03-11T16:00:00Z,26.9,2113.25
2020-03-11T16:30:00Z,31.99,2278.75
2020-03-11T17:00:00Z,36.48,1260.15
2020-03-11T17:30:00Z,42.63,1189.4
2020-03-11T18:00:00Z,48.48,1320.4
2020-03-11T18:30:00Z,48.12,1181.85
2020-03-11T19:00:00Z,46.56,1047.4
2020-03-11T19:30:00Z,42.61,1482.65
2020-03-11T20:00:00Z,39.39,1722.7
2020-03-11T20:30:00Z,36.85,1196.15
2020-03-11T21:00:00Z,36.47,1343.65
2020-03-11T21:30:00Z,37.58,1341.75
2020-03-11T22:00:00Z,31.479999999999997,1648.65
2020-03-11T22:30:00Z,29.05,1460.75
2020-03-11T23:00:00Z,32.47,1209.8
2020-03-11T23:30:00Z,26.1,980.3
2020-03-12T00:00:00Z,27.16,743.55
2020-03-12T00:30:00Z,26.94,654.9
2020-03-12T01:00:00Z,22.93,1070.0
2020-03-12T01:30:00Z,9.49,858.8
2020-03-12T02:00:00Z,3.55,987.0
2020-03-12T02:30:00Z,-0.02,991.5
2020-03-12T03:00:00Z,-12.65,954.6
2020-03-12T03:30:00Z,-19.27,788.6
2020-03-12T04:00:00Z,-7.68,862.5
2020-03-12T04:30:00Z,-1.0,886.8
2020-03-12T05:00:00Z,6.46,942.0
2020-03-12T05:30:00Z,16.07,950.25
2020-03-12T06:00:00Z,31.59,965.05
2020-03-12T06:30:00Z,33.54,1099.75
2020-03-12T07:00:00Z,41.879999999999995,1702.75
2020-03-12T07:30:00Z,43.25,1354.6
2020-03-12T08:00:00Z,37.95,1322.95
2020-03-12T08:30:00Z,35.12,1415.85
2020-03-12T09:00:00Z,32.12,1469.6
2020-03-12T09:30:00Z,30.92,1748.85
2020-03-12T10:00:00Z,33.84,1979.6
2020-03-12T10:30:00Z,31.87,2189.8
2020-03-12T11:00:00Z,31.0,1816.05
2020-03-12T11:30:00Z,32.1,2078.55
2020-03-12T12:00:00Z,31.33,1945.85
2020-03-12T12:30:00Z,31.74,2119.15
2020-03-12T13:00:00Z,31.16,1858.3
2020-03-12T13:30:00Z,30.7,1950.25
2020-03-12T14:00:00Z,30.34,2010.75
2020-03-12T14:30:00Z,29.55,2178.2
2020-03-12T15:00:00Z,35.45,1058.7
2020-03-12T15:30:00Z,38.07,1039.7
2020-03-12T16:00:00Z,37.76,1426.8
2020-03-12T16:30:00Z,38.27,1591.5
2020-03-12T17:00:00Z,43.9,1623.55
2020-03-12T17:30:00Z,46.05,1212.85
2020-03-12T18:00:00Z,47.92,1325.0
2020-03-12T18:30:00Z,48.36,1354.1
2020-03-12T19:00:00Z,46.4,1337.8
2020-03-12T19:30:00Z,43.52,1326.95
2020-03-12T20:00:00Z,40.81,1054.15
2020-03-12T20:30:00Z,35.04,1494.1
2020-03-12T21:00:00Z,33.35,1917.85
2020-03-12T21:30:00Z,35.24,1688.35
2020-03-12T22:00:00Z,33.45,1631.55
2020-03-12T22:30:00Z,32.64,1618.7
2020-03-12T23:00:00Z,25.41,1074.05
2020-03-12T23:30:00Z,25.13,920.65
2020-03-13T00:00:00Z,28.48,835.8
2020-03-13T00:30:00Z,28.45,851.0
2020-03-13T01:00:00Z,31.78,1096.7
2020-03-13T01:30:00Z,30.73,886.55
2020-03-13T02:00:00Z,28.9,1026.9
2020-03-13T02:30:00Z,28.61,1182.25
2020-03-13T03:00:00Z,22.99,1110.15
2020-03-13T03:30:00Z,20.87,834.35
2020-03-13T04:00:00Z,23.47,1125.65
2020-03-13T04:30:00Z,23.85,1082.65
2020-03-13T05:00:00Z,24.870000000000005,1338.25
2020-03-13T05:30:00Z,24.969999999999995,711.6
2020-03-13T06:00:00Z,37.07,1461.65
2020-03-13T06:30:00Z,31.769999999999996,1517.0
2020-03-13T07:00:00Z,35.0,1891.85
2020-03-13T07:30:00Z,37.01,1583.25
2020-03-13T08:00:00Z,29.14,1289.85
2020-03-13T08:30:00Z,22.8,1427.5
2020-03-13T09:00:00Z,31.37,1614.55
2020-03-13T09:30:00Z,32.92,1404.95
2020-03-13T10:00:00Z,33.81,1482.4
2020-03-13T10:30:00Z,33.05,1653.25
2020-03-13T11:00:00Z,28.79,1093.15
2020-03-13T11:30:00Z,29.15,1268.55
2020-03-13T12:00:00Z,31.79,1318.15
2020-03-13T12:30:00Z,29.24,1692.3
2020-03-13T13:00:00Z,26.11,1408.3
2020-03-13T13:30:00Z,25.419999999999998,1521.15
2020-03-13T14:00:00Z,28.29,1628.5
2020-03-13T14:30:00Z,26.99,1826.4
2020-03-13T15:00:00Z,30.969999999999995,1512.15
2020-03-13T15:30:00Z,33.81,1584.4
2020-03-13T16:00:00Z,37.25,1476.3
2020-03-13T16:30:00Z,41.23,1529.55
2020-03-13T17:00:00Z,42.12,1917.6
2020-03-13T17:30:00Z,43.37,2124.2
2020-03-13T18:00:00Z,52.89,1835.9
2020-03-13T18:30:00Z,49.12,2060.7
2020-03-13T19:00:00Z,43.96,2706.85
2020-03-13T19:30:00Z,39.32,2225.15
2020-03-13T20:00:00Z,37.74,2227.95
2020-03-13T20:30:00Z,33.65,1775.25
2020-03-13T21:00:00Z,35.15,2611.0
2020-03-13T21:30:00Z,34.31,2753.45
2020-03-13T22:00:00Z,34.53,3042.15
2020-03-13T22:30:00Z,32.77,2689.5
2020-03-13T23:00:00Z,39.2,1025.3
2020-03-13T23:30:00Z,40.29,712.25
2020-03-14T00:00:00Z,36.66,601.55
2020-03-14T00:30:00Z,39.4,601.2
2020-03-14T01:00:00Z,29.13,667.9
2020-03-14T01:30:00Z,22.6,480.45
2020-03-14T02:00:00Z,24.980000000000004,472.65
2020-03-14T02:30:00Z,23.29,529.25
2020-03-14T03:00:00Z,17.42,583.6
2020-03-14T03:30:00Z,15.21,528.95
2020-03-14T04:00:00Z,14.78,525.55
2020-03-14T04:30:00Z,14.280000000000001,636.85
2020-03-14T05:00:00Z,21.5,722.6
2020-03-14T05:30:00Z,11.97,632.1
2020-03-14T06:00:00Z,15.730000000000002,580.9
2020-03-14T06:30:00Z,25.4,652.2
2020-03-14T07:00:00Z,16.65,887.5
2020-03-14T07:30:00Z,20.170000000000005,904.1
2020-03-14T08:00:00Z,28.33,1453.4
2020-03-14T08:30:00Z,31.180000000000003,1287.7
2020-03-14T09:00:00Z,35.81,1203.7
2020-03-14T09:30:00Z,35.29,1221.15
2020-03-14T10:00:00Z,33.38,1073.5
2020-03-14T10:30:00Z,35.07,1115.2
2020-03-14T11:00:00Z,33.97,1564.05
2020-03-14T11:30:00Z,32.05,1245.45
2020-03-14T12:00:00Z,32.15,1180.5
2020-03-14T12:30:00Z,32.42,1207.2
2020-03-14T13:00:00Z,31.120000000000005,1195.35
2020-03-14T13:30:00Z,32.04,1244.65
2020-03-14T14:00:00Z,29.270000000000003,1558.05
2020-03-14T14:30:00Z,25.839999999999996,1510.85
2020-03-14T15:00:00Z,26.69,1559.9
2020-03-14T15:30:00Z,28.28,917.4
2020-03-14T16:00:00Z,24.24,1364.95
2020-03-14T16:30:00Z,25.47,1383.7
2020-03-14T17:00:00Z,28.880000000000003,1148.05
2020-03-14T17:30:00Z,31.03,1305.5
2020-03-14T18:00:00Z,35.36,1330.2
2020-03-14T18:30:00Z,33.67,1563.45
2020-03-14T19:00:00Z,34.79,1672.6
2020-03-14T19:30:00Z,29.06,978.3
2020-03-14T20:00:00Z,26.87,1080.85
2020-03-14T20:30:00Z,22.82,1106.9
2020-03-14T21:00:00Z,28.63,1589.75
2020-03-14T21:30:00Z,29.26,1601.6
2020-03-14T22:00:00Z,30.83,1893.15
2020-03-14T22:30:00Z,28.66,1708.85
2020-03-14T23:00:00Z,28.37,619.55
2020-03-14T23:30:00Z,1.95,440.6
2020-03-15T00:00:00Z,3.07,426.85
2020-03-15T00:30:00Z,15.4,797.65
2020-03-15T01:00:00Z,14.97,768.4
2020-03-15T01:30:00Z,7.089999999999999,587.1
2020-03-15T02:00:00Z,15.05,654.2
2020-03-15T02:30:00Z,13.29,724.0
2020-03-15T03:00:00Z,9.91,727.15
2020-03-15T03:30:00Z,5.1,542.25
2020-03-15T04:00:00Z,4.36,940.95
2020-03-15T04:30:00Z,4.0,844.3
2020-03-15T05:00:00Z,7.37,944.4
2020-03-15T05:30:00Z,9.97,848.95
2020-03-15T06:00:00Z,14.63,1190.25
2020-03-15T06:30:00Z,12.77,1282.8
2020-03-15T07:00:00Z,27.550000000000004,1511.5
2020-03-15T07:30:00Z,25.68,1533.5
2020-03-15T08:00:00Z,17.83,1034.05
2020-03-15T08:30:00Z,33.43,973.35
2020-03-15T09:00:00Z,30.51,987.6
2020-03-15T09:30:00Z,35.0,1073.0
2020-03-15T10:00:00Z,37.0,1114.9
2020-03-15T10:30:00Z,36.92,1080.8
2020-03-15T11:00:00Z,36.7,1169.65
2020-03-15T11:30:00Z,37.73,1230.4
2020-03-15T12:00:00Z,38.78,1140.35
2020-03-15T12:30:00Z,39.11,1130.7
2020-03-15T13:00:00Z,39.52,1133.3
2020-03-15T13:30:00Z,39.11,1044.65
2020-03-15T14:00:00Z,38.37,1160.6
2020-03-15T14:30:00Z,35.69,1495.5
2020-03-15T15:00:00Z,25.32,1287.0
2020-03-15T15:30:00Z,23.81,959.8
2020-03-15T16:00:00Z,21.64,1055.85
2020-03-15T16:30:00Z,21.09,992.7
2020-03-15T17:00:00Z,20.67,1253.1
2020-03-15T17:30:00Z,26.12,1060.5
2020-03-15T18:00:00Z,39.49,921.95
2020-03-15T18:30:00Z,43.05,1081.85
2020-03-15T19:00:00Z,44.0,907.85
2020-03-15T19:30:00Z,43.99,1066.25
2020-03-15T20:00:00Z,45.0,1466.55
2020-03-15T20:30:00Z,44.02,1167.4
2020-03-15T21:00:00Z,42.96,899.75
2020-03-15T21:30:00Z,39.35,946.75
2020-03-15T22:00:00Z,38.91,878.8
2020-03-15T22:30:00Z,36.57,846.25
2020-03-15T23:00:00Z,20.2,687.95
2020-03-15T23:30:00Z,19.96,713.5
2020-03-16T00:00:00Z,30.91,1197.55
2020-03-16T00:30:00Z,35.89,1226.75
2020-03-16T01:00:00Z,30.29,1055.0
2020-03-16T01:30:00Z,31.710000000000004,1249.8
2020-03-16T02:00:00Z,32.52,983.95
2020-03-16T02:30:00Z,33.33,977.95
2020-03-16T03:00:00Z,39.35,516.25
2020-03-16T03:30:00Z,39.06,496.0
2020-03-16T04:00:00Z,35.63,359.55
2020-03-16T04:30:00Z,28.970000000000002,675.5
2020-03-16T05:00:00Z,29.73,879.65
2020-03-16T05:30:00Z,26.04,676.3
2020-03-16T06:00:00Z,30.19,777.2
2020-03-16T06:30:00Z,34.39,1006.8
2020-03-16T07:00:00Z,42.36,1030.65
2020-03-16T07:30:00Z,42.48,1416.35
2020-03-16T08:00:00Z,38.32,1517.6
2020-03-16T08:30:00Z,34.97,1288.9
2020-03-16T09:00:00Z,29.43,1261.2
2020-03-16T09:30:00Z,21.9,1351.0
2020-03-16T10:00:00Z,19.59,1508.6
2020-03-16T10:30:00Z,19.25,2052.6
2020-03-16T11:00:00Z,24.479999999999997,2729.2
2020-03-16T11:30:00Z,25.98,2667.05
2020-03-16T12:00:00Z,25.48,2523.55
2020-03-16T12:30:00Z,23.16,2684.8
2020-03-16T13:00:00Z,23.91,2981.3
2020-03-16T13:30:00Z,22.8,2684.85
2020-03-16T14:00:00Z,24.94,2843.6
2020-03-16T14:30:00Z,23.830000000000002,3081.95
2020-03-16T15:00:00Z,25.24,1538.5
2020-03-16T15:30:00Z,24.67,1568.5
2020-03-16T16:00:00Z,25.87,1857.2
2020-03-16T16:30:00Z,32.24,2385.4
2020-03-16T17:00:00Z,35.43,2185.55
2020-03-16T17:30:00Z,35.43,2197.55
2020-03-16T18:00:00Z,39.23,1795.75
2020-03-16T18:30:00Z,42.92,1860.75
2020-03-16T19:00:00Z,29.27,2817.45
2020-03-16T19:30:00Z,28.7,2677.95
2020-03-16T20:00:00Z,28.99,2811.1
2020-03-16T20:30:00Z,27.709999999999997,2560.25
2020-03-16T21:00:00Z,24.26,2444.2
2020-03-16T21:30:00Z,23.880000000000003,2833.9
2020-03-16T22:00:00Z,25.590000000000003,3249.35
2020-03-16T22:30:00Z,26.41,3101.75
2020-03-16T23:00:00Z,10.6,563.15
2020-03-16T23:30:00Z,10.23,560.8
2020-03-17T00:00:00Z,14.49,874.95
2020-03-17T00:30:00Z,21.14,922.8
2020-03-17T01:00:00Z,25.91,792.6
2020-03-17T01:30:00Z,20.6,958.55
2020-03-17T02:00:00Z,20.33,673.55
2020-03-17T02:30:00Z,20.52,925.05
2020-03-17T03:00:00Z,21.28,987.0
2020-03-17T03:30:00Z,18.31,811.9
2020-03-17T04:00:00Z,19.22,700.6
2020-03-17T04:30:00Z,19.93,909.4
2020-03-17T05:00:00Z,24.52,951.45
2020-03-17T05:30:00Z,28.150000000000002,940.7
2020-03-17T06:00:00Z,26.7,1148.5
2020-03-17T06:30:00Z,26.88,1315.9
2020-03-17T07:00:00Z,25.26,1264.0
2020-03-17T07:30:00Z,30.820000000000004,1300.2
2020-03-17T08:00:00Z,32.14,1577.25
2020-03-17T08:30:00Z,31.09,1297.65
2020-03-17T09:00:00Z,32.59,1591.1
2020-03-17T09:30:00Z,30.26,1622.3
2020-03-17T10:00:00Z,29.03,1673.25
2020-03-17T10:30:00Z,29.89,1928.8
2020-03-17T11:00:00Z,31.409999999999997,1321.65
2020-03-17T11:30:00Z,30.65,1744.25
2020-03-17T12:00:00Z,28.04,1622.25
2020-03-17T12:30:00Z,26.69,1734.8
2020-03-17T13:00:00Z,25.28,1809.3
2020-03-17T13:30:00Z,25.92,1685.1
2020-03-17T14:00:00Z,27.74,2226.0
2020-03-17T14:30:00Z,28.71,2188.9
2020-03-17T15:00:00Z,31.14,1529.95
2020-03-17T15:30:00Z,31.22,1370.8
2020-03-17T16:00:00Z,32.51,1186.05
2020-03-17T16:30:00Z,34.69,1397.95
2020-03-17T17:00:00Z,37.66,1842.6
2020-03-17T17:30:00Z,36.12,2047.95
2020-03-17T18:00:00Z,37.09,1878.55
2020-03-17T18:30:00Z,39.97999999999999,1762.45
2020-03-17T19:00:00Z,41.15,1698.35
2020-03-17T19:30:00Z,38.62,1669.35
2020-03-17T20:00:00Z,34.39,1498.6
2020-03-17T20:30:00Z,31.78,1996.55
2020-03-17T21:00:00Z,33.08,1616.2
2020-03-17T21:30:00Z,30.44,1809.9
2020-03-17T22:00:00Z,29.38,975.8
2020-03-17T22:30:00Z,29.5,1423.9
2020-03-17T23:00:00Z,20.620000000000005,863.45
2020-03-17T23:30:00Z,17.73,918.85
2020-03-18T00:00:00Z,22.04,936.45
2020-03-18T00:30:00Z,21.45,839.05
2020-03-18T01:00:00Z,21.76,632.05
2020-03-18T01:30:00Z,22.24,680.1
2020-03-18T02:00:00Z,22.17,577.4
2020-03-18T02:30:00Z,22.18,586.45
2020-03-18T03:00:00Z,21.73,822.2
2020-03-18T03:30:00Z,23.25,710.5
2020-03-18T04:00:00Z,25.35,874.3
2020-03-18T04:30:00Z,25.15,883.9
2020-03-18T05:00:00Z,29.29,771.55
2020-03-18T05:30:00Z,33.11,754.4
2020-03-18T06:00:00Z,33.62,655.05
2020-03-18T06:30:00Z,29.14,1307.8
2020-03-18T07:00:00Z,20.71,1022.0
2020-03-18T07:30:00Z,19.46,1156.35
2020-03-18T08:00:00Z,29.47,1429.35
2020-03-18T08:30:00Z,31.93,1310.8
2020-03-18T09:00:00Z,35.85,1226.95
2020-03-18T09:30:00Z,39.62,1451.15
2020-03-18T10:00:00Z,38.24,1229.4
2020-03-18T10:30:00Z,37.6,1643.0
2020-03-18T11:00:00Z,36.8,1342.15
2020-03-18T11:30:00Z,36.48,1505.7
2020-03-18T12:00:00Z,36.66,1238.6
2020-03-18T12:30:00Z,36.63,1252.75
2020-03-18T13:00:00Z,36.53,1145.3
2020-03-18T13:30:00Z,36.52,1177.6
2020-03-18T14:00:00Z,35.69,1371.2
2020-03-18T14:30:00Z,32.39,1426.55
2020-03-18T15:00:00Z,30.58,948.1
2020-03-18T15:30:00Z,35.9,1171.1
2020-03-18T16:00:00Z,37.75,1021.8
2020-03-18T16:30:00Z,42.0,1396.55
2020-03-18T17:00:00Z,45.64,1391.6
2020-03-18T17:30:00Z,47.36,1532.8
2020-03-18T18:00:00Z,50.72,1856.45
2020-03-18T18:30:00Z,52.97,1649.85
2020-03-18T19:00:00Z,49.43,1171.25
2020-03-18T19:30:00Z,41.85,991.6
2020-03-18T20:00:00Z,37.53,825.4
2020-03-18T20:30:00Z,32.52,946.55
2020-03-18T21:00:00Z,26.84,932.35
2020-03-18T21:30:00Z,30.8,800.15
2020-03-18T22:00:00Z,34.43,1467.25
2020-03-18T22:30:00Z,27.46,1671.95
2020-03-18T23:00:00Z,28.010000000000005,604.2
2020-03-18T23:30:00Z,27.55,647.45
2020-03-19T00:00:00Z,27.97,440.95
2020-03-19T00:30:00Z,30.36,492.45
2020-03-19T01:00:00Z,31.06,469.4
2020-03-19T01:30:00Z,26.25,363.7
2020-03-19T02:00:00Z,27.15,296.25
2020-03-19T02:30:00Z,26.54,403.9
2020-03-19T03:00:00Z,25.32,505.75
2020-03-19T03:30:00Z,23.11,538.4
2020-03-19T04:00:00Z,22.86,598.1
2020-03-19T04:30:00Z,24.64,492.45
2020-03-19T05:00:00Z,27.36,649.3
2020-03-19T05:30:00Z,27.68,676.0
2020-03-19T06:00:00Z,23.45,690.65
2020-03-19T06:30:00Z,23.38,1084.35
2020-03-19T07:00:00Z,22.75,870.65
2020-03-19T07:30:00Z,22.95,696.75
2020-03-19T08:00:00Z,28.62,981.75
2020-03-19T08:30:00Z,38.8,1088.35
2020-03-19T09:00:00Z,51.22,1366.3
2020-03-19T09:30:00Z,49.81,1495.3
2020-03-19T10:00:00Z,43.66,1486.5
2020-03-19T10:30:00Z,48.38,1582.9
2020-03-19T11:00:00Z,47.27,1052.35
2020-03-19T11:30:00Z,47.62,1360.5
2020-03-19T12:00:00Z,48.76,970.55
2020-03-19T12:30:00Z,50.89,1429.6
2020-03-19T13:00:00Z,43.25,1359.65
2020-03-19T13:30:00Z,41.97,1370.15
2020-03-19T14:00:00Z,38.96,1252.5
2020-03-19T14:30:00Z,36.94,1267.7
2020-03-19T15:00:00Z,45.89,1133.95
2020-03-19T15:30:00Z,49.9,1107.6
2020-03-19T16:00:00Z,49.18,1225.8
2020-03-19T16:30:00Z,56.36999999999999,1336.5
2020-03-19T17:00:00Z,67.85,1591.55
2020-03-19T17:30:00Z,69.72,1583.7
2020-03-19T18:00:00Z,92.49,1565.4
2020-03-19T18:30:00Z,95.74,1351.15
2020-03-19T19:00:00Z,73.16,1021.3
2020-03-19T19:30:00Z,45.37,1010.8
2020-03-19T20:00:00Z,44.4,993.5
2020-03-19T20:30:00Z,29.06,929.7
2020-03-19T21:00:00Z,26.0,1231.25
2020-03-19T21:30:00Z,26.18,1068.85
2020-03-19T22:00:00Z,29.07,1080.55
2020-03-19T22:30:00Z,27.31,1562.75
2020-03-19T23:00:00Z,26.35,598.95
2020-03-19T23:30:00Z,22.34,567.15
2020-03-20T00:00:00Z,20.3,540.65
2020-03-20T00:30:00Z,24.54,441.85
2020-03-20T01:00:00Z,26.9,662.3
2020-03-20T01:30:00Z,26.560000000000002,792.85
2020-03-20T02:00:00Z,25.27,622.75
2020-03-20T02:30:00Z,24.09,509.95
2020-03-20T03:00:00Z,23.61,525.45
2020-03-20T03:30:00Z,20.98,417.35
2020-03-20T04:00:00Z,23.47,599.9
2020-03-20T04:30:00Z,22.9,425.35
2020-03-20T05:00:00Z,26.39,885.95
2020-03-20T05:30:00Z,24.45,696.35
2020-03-20T06:00:00Z,22.27,566.05
2020-03-20T06:30:00Z,25.060000000000002,717.35
2020-03-20T07:00:00Z,20.94,689.45
2020-03-20T07:30:00Z,22.92,836.05
2020-03-20T08:00:00Z,24.2,973.6
2020-03-20T08:30:00Z,24.54,1079.65
2020-03-20T09:00:00Z,25.220000000000002,1420.0
2020-03-20T09:30:00Z,24.92,1156.85
2020-03-20T10:00:00Z,24.89,1295.7
2020-03-20T10:30:00Z,24.17,1518.1
2020-03-20T11:00:00Z,26.71,1866.2
2020-03-20T11:30:00Z,27.41,1672.75
2020-03-20T12:00:00Z,25.87,1852.35
2020-03-20T12:30:00Z,23.629999999999995,1676.9
2020-03-20T13:00:00Z,25.91,1597.75
2020-03-20T13:30:00Z,26.16,1782.85
2020-03-20T14:00:00Z,26.380000000000003,1560.7
2020-03-20T14:30:00Z,25.59,1782.65
2020-03-20T15:00:00Z,28.479999999999997,1497.0
2020-03-20T15:30:00Z,30.11,1523.55
2020-03-20T16:00:00Z,25.65,1527.3
2020-03-20T16:30:00Z,25.519999999999996,1645.5
2020-03-20T17:00:00Z,25.53,1259.45
2020-03-20T17:30:00Z,28.49,1659.65
2020-03-20T18:00:00Z,25.82,1840.75
2020-03-20T18:30:00Z,34.14,1411.5
2020-03-20T19:00:00Z,33.83,1496.45
2020-03-20T19:30:00Z,29.049999999999997,1545.3
2020-03-20T20:00:00Z,31.219999999999995,1245.15
2020-03-20T20:30:00Z,30.01,1608.55
2020-03-20T21:00:00Z,30.76,1174.5
2020-03-20T21:30:00Z,28.47,1311.75
2020-03-20T22:00:00Z,27.25,1288.9
2020-03-20T22:30:00Z,31.44,1816.2
2020-03-20T23:00:00Z,27.69,894.8
2020-03-20T23:30:00Z,23.31,766.45
2020-03-21T00:00:00Z,22.64,569.05
2020-03-21T00:30:00Z,25.19,874.55
2020-03-21T01:00:00Z,27.799999999999997,931.4
2020-03-21T01:30:00Z,28.66,993.8
2020-03-21T02:00:00Z,26.03,1110.1
2020-03-21T02:30:00Z,26.64,843.0
2020-03-21T03:00:00Z,29.38,992.6
2020-03-21T03:30:00Z,28.47,968.7
2020-03-21T04:00:00Z,28.649999999999995,893.0
2020-03-21T04:30:00Z,24.9,762.45
2020-03-21T05:00:00Z,25.92,563.35
2020-03-21T05:30:00Z,24.23,663.1
2020-03-21T06:00:00Z,25.55,799.0
2020-03-21T06:30:00Z,23.94,655.95
2020-03-21T07:00:00Z,31.659999999999997,772.45
2020-03-21T07:30:00Z,33.37,788.7
2020-03-21T08:00:00Z,32.33,1136.6
2020-03-21T08:30:00Z,29.52,1194.9
2020-03-21T09:00:00Z,26.05,1596.8
2020-03-21T09:30:00Z,20.26,1110.15
2020-03-21T10:00:00Z,14.3,1009.9
2020-03-21T10:30:00Z,11.96,1176.25
2020-03-21T11:00:00Z,2.13,872.2
2020-03-21T11:30:00Z,2.61,1017.75
2020-03-21T12:00:00Z,2.91,932.1
2020-03-21T12:30:00Z,3.46,958.05
2020-03-21T13:00:00Z,3.24,1142.9
2020-03-21T13:30:00Z,3.4,1136.95
2020-03-21T14:00:00Z,4.16,1334.85
2020-03-21T14:30:00Z,4.8,1283.45
2020-03-21T15:00:00Z,9.25,1197.95
2020-03-21T15:30:00Z,17.48,1137.55
2020-03-21T16:00:00Z,28.809999999999995,1403.6
2020-03-21T16:30:00Z,33.89,1202.1
2020-03-21T17:00:00Z,35.98,1102.75
2020-03-21T17:30:00Z,39.31,1169.05
2020-03-21T18:00:00Z,42.86,1073.5
2020-03-21T18:30:00Z,44.69,1076.6
2020-03-21T19:00:00Z,47.35,1158.7
2020-03-21T19:30:00Z,44.59,878.95
2020-03-21T20:00:00Z,41.06,1340.05
2020-03-21T20:30:00Z,37.57,1039.05
2020-03-21T21:00:00Z,35.99,1085.3
2020-03-21T21:30:00Z,33.72,1002.1
2020-03-21T22:00:00Z,36.43,1623.6
2020-03-21T22:30:00Z,37.82,1323.55
2020-03-21T23:00:00Z,17.75,807.05
2020-03-21T23:30:00Z,20.209999999999997,892.4
2020-03-22T00:00:00Z,27.11,552.6
2020-03-22T00:30:00Z,31.819999999999997,554.5
2020-03-22T01:00:00Z,29.41,533.25
2020-03-22T01:30:00Z,31.18,597.85
2020-03-22T02:00:00Z,28.54,790.05
2020-03-22T02:30:00Z,30.05,914.0
2020-03-22T03:00:00Z,28.25,910.85
2020-03-22T03:30:00Z,28.73,961.25
2020-03-22T04:00:00Z,28.42,1043.0
2020-03-22T04:30:00Z,29.19,1100.5
2020-03-22T05:00:00Z,33.26,666.3
2020-03-22T05:30:00Z,35.43,880.35
2020-03-22T06:00:00Z,35.9,1029.3
2020-03-22T06:30:00Z,36.36,1063.9
2020-03-22T07:00:00Z,33.68,538.0
2020-03-22T07:30:00Z,37.12,796.75
2020-03-22T08:00:00Z,34.92,1092.25
2020-03-22T08:30:00Z,28.27,1092.0
2020-03-22T09:00:00Z,35.05,1080.9
2020-03-22T09:30:00Z,29.2,1245.1
2020-03-22T10:00:00Z,27.71,933.55
2020-03-22T10:30:00Z,25.86,959.3
2020-03-22T11:00:00Z,29.370000000000005,1217.75
2020-03-22T11:30:00Z,28.12,1308.05
2020-03-22T12:00:00Z,31.17,1279.15
2020-03-22T12:30:00Z,31.45,1447.3
2020-03-22T13:00:00Z,33.15,1201.1
2020-03-22T13:30:00Z,32.85,1157.5
2020-03-22T14:00:00Z,29.2,1531.3
2020-03-22T14:30:00Z,29.559999999999995,1392.15
2020-03-22T15:00:00Z,29.71,995.15
2020-03-22T15:30:00Z,30.95,1266.05
2020-03-22T16:00:00Z,32.03,1339.25
2020-03-22T16:30:00Z,35.94,1527.4
2020-03-22T17:00:00Z,35.2,1636.65
2020-03-22T17:30:00Z,41.95,1722.15
2020-03-22T18:00:00Z,42.85,1714.4
2020-03-22T18:30:00Z,46.309999999999995,1594.35
2020-03-22T19:00:00Z,47.63,1041.9
2020-03-22T19:30:00Z,44.97,1012.0
2020-03-22T20:00:00Z,28.64,782.05
2020-03-22T20:30:00Z,26.38,1028.5
2020-03-22T21:00:00Z,21.26,636.5
2020-03-22T21:30:00Z,28.400000000000002,1232.35
2020-03-22T22:00:00Z,26.03,748.1
2020-03-22T22:30:00Z,22.54,1015.95
2020-03-22T23:00:00Z,21.78,728.85
2020-03-22T23:30:00Z,23.95,934.3
2020-03-23T00:00:00Z,24.4,600.8
2020-03-23T00:30:00Z,27.75,825.5
2020-03-23T01:00:00Z,29.21,923.35
2020-03-23T01:30:00Z,24.56,522.1
2020-03-23T02:00:00Z,19.78,447.6
2020-03-23T02:30:00Z,17.64,546.4
2020-03-23T03:00:00Z,15.36,718.6
2020-03-23T03:30:00Z,15.009999999999998,696.1
2020-03-23T04:00:00Z,15.92,695.95
2020-03-23T04:30:00Z,15.88,793.25
2020-03-23T05:00:00Z,20.12,734.95
2020-03-23T05:30:00Z,20.68,720.05
2020-03-23T06:00:00Z,27.33,1312.9
2020-03-23T06:30:00Z,27.04,1015.95
2020-03-23T07:00:00Z,28.98,1365.25
2020-03-23T07:30:00Z,26.33,1191.95
2020-03-23T08:00:00Z,22.19,1286.05
2020-03-23T08:30:00Z,19.41,1125.9
2020-03-23T09:00:00Z,21.569999999999997,1588.7
2020-03-23T09:30:00Z,23.22,1899.7
2020-03-23T10:00:00Z,24.78,1701.95
2020-03-23T10:30:00Z,26.72,1692.0
2020-03-23T11:00:00Z,22.78,1465.2
2020-03-23T11:30:00Z,20.65,1595.0
2020-03-23T12:00:00Z,22.31,1581.75
2020-03-23T12:30:00Z,25.54,1417.0
2020-03-23T13:00:00Z,24.619999999999997,1488.35
2020-03-23T13:30:00Z,24.45,1550.6
2020-03-23T14:00:00Z,23.89,1516.95
2020-03-23T14:30:00Z,23.15,1536.5
2020-03-23T15:00:00Z,25.29,1502.55
2020-03-23T15:30:00Z,28.81,1177.85
2020-03-23T16:00:00Z,28.61,1367.25
2020-03-23T16:30:00Z,31.46,1485.85
2020-03-23T17:00:00Z,30.189999999999998,1615.7
2020-03-23T17:30:00Z,34.48,1658.15
2020-03-23T18:00:00Z,39.45,2037.45
2020-03-23T18:30:00Z,42.46,2012.95
2020-03-23T19:00:00Z,40.81,1919.5
2020-03-23T19:30:00Z,36.59,1798.85
2020-03-23T20:00:00Z,31.04,1218.05
2020-03-23T20:30:00Z,25.26,1429.25
2020-03-23T21:00:00Z,29.33,1793.15
2020-03-23T21:30:00Z,29.75,2031.7
2020-03-23T22:00:00Z,27.74,2088.85
2020-03-23T22:30:00Z,28.73,1999.55
2020-03-23T23:00:00Z,28.469999999999995,636.4
2020-03-23T23:30:00Z,22.18,545.1
2020-03-24T00:00:00Z,23.46,654.7
2020-03-24T00:30:00Z,29.0,511.75
2020-03-24T01:00:00Z,27.99,644.3
2020-03-24T01:30:00Z,27.19,656.7
2020-03-24T02:00:00Z,24.79,609.5
2020-03-24T02:30:00Z,24.21,716.45
2020-03-24T03:00:00Z,19.84,631.75
2020-03-24T03:30:00Z,17.46,551.3
2020-03-24T04:00:00Z,18.51,709.9
2020-03-24T04:30:00Z,17.94,774.5
2020-03-24T05:00:00Z,20.52,1021.4
2020-03-24T05:30:00Z,19.26,1116.9
2020-03-24T06:00:00Z,21.12,955.55
2020-03-24T06:30:00Z,20.96,1203.95
2020-03-24T07:00:00Z,19.69,1401.5
2020-03-24T07:30:00Z,19.44,1286.5
2020-03-24T08:00:00Z,18.9,1430.0
2020-03-24T08:30:00Z,18.26,1575.7
2020-03-24T09:00:00Z,22.41,2145.75
2020-03-24T09:30:00Z,20.13,1759.2
2020-03-24T10:00:00Z,18.39,1811.4
2020-03-24T10:30:00Z,18.15,1767.05
2020-03-24T11:00:00Z,16.53,2186.1
2020-03-24T11:30:00Z,15.369999999999997,2141.35
2020-03-24T12:00:00Z,16.25,1999.1
2020-03-24T12:30:00Z,15.3,2261.15
2020-03-24T13:00:00Z,19.04,2554.9
2020-03-24T13:30:00Z,19.79,2531.1
2020-03-24T14:00:00Z,18.0,2978.4
2020-03-24T14:30:00Z,17.97,2674.85
2020-03-24T15:00:00Z,23.74,2658.1
2020-03-24T15:30:00Z,25.579999999999995,1919.35
2020-03-24T16:00:00Z,25.29,2294.25
2020-03-24T16:30:00Z,22.77,2238.35
2020-03-24T17:00:00Z,30.01,2452.65
2020-03-24T17:30:00Z,33.92,2663.8
2020-03-24T18:00:00Z,35.29,2390.95
2020-03-24T18:30:00Z,37.74,2567.65
2020-03-24T19:00:00Z,34.65,2917.75
2020-03-24T19:30:00Z,31.17,2352.9
2020-03-24T20:00:00Z,27.960000000000004,1969.0
2020-03-24T20:30:00Z,27.58,1944.4
2020-03-24T21:00:00Z,25.19,1759.35
2020-03-24T21:30:00Z,25.81,1628.25
2020-03-24T22:00:00Z,23.12,2166.25
2020-03-24T22:30:00Z,20.73,2814.85
2020-03-24T23:00:00Z,18.36,1215.5
2020-03-24T23:30:00Z,17.36,743.0
2020-03-25T00:00:00Z,13.45,883.75
2020-03-25T00:30:00Z,16.33,979.85
2020-03-25T01:00:00Z,15.15,949.15
2020-03-25T01:30:00Z,14.27,797.15
2020-03-25T02:00:00Z,14.75,655.4
2020-03-25T02:30:00Z,17.76,908.7
2020-03-25T03:00:00Z,21.3,741.4
2020-03-25T03:30:00Z,24.47,703.5
2020-03-25T04:00:00Z,25.97,858.35
2020-03-25T04:30:00Z,19.99,901.4
2020-03-25T05:00:00Z,21.259999999999998,887.6
2020-03-25T05:30:00Z,22.34,705.65
2020-03-25T06:00:00Z,26.78,1196.15
2020-03-25T06:30:00Z,24.22,1257.75
2020-03-25T07:00:00Z,21.36,1212.3
2020-03-25T07:30:00Z,13.64,980.0
2020-03-25T08:00:00Z,16.64,859.0
2020-03-25T08:30:00Z,14.14,1054.5
2020-03-25T09:00:00Z,14.53,1225.25
2020-03-25T09:30:00Z,15.69,1350.55
2020-03-25T10:00:00Z,18.51,1583.2
2020-03-25T10:30:00Z,19.12,1657.15
2020-03-25T11:00:00Z,17.38,1518.35
2020-03-25T11:30:00Z,17.35,1545.55
2020-03-25T12:00:00Z,17.7,1940.75
2020-03-25T12:30:00Z,18.77,2117.6
2020-03-25T13:00:00Z,19.12,1990.15
2020-03-25T13:30:00Z,18.37,1951.4
2020-03-25T14:00:00Z,18.11,2004.45
2020-03-25T14:30:00Z,17.45,2070.25
2020-03-25T15:00:00Z,19.77,2074.6
2020-03-25T15:30:00Z,22.22,2172.7
2020-03-25T16:00:00Z,23.1,2304.95
2020-03-25T16:30:00Z,21.8,2214.55
2020-03-25T17:00:00Z,27.65,1912.4
2020-03-25T17:30:00Z,31.73,2009.8
2020-03-25T18:00:00Z,36.48,1860.75
2020-03-25T18:30:00Z,41.02,1776.4
2020-03-25T19:00:00Z,39.63,1484.0
2020-03-25T19:30:00Z,33.65,1860.6
2020-03-25T20:00:00Z,25.09,1126.7
2020-03-25T20:30:00Z,25.1,1968.05
2020-03-25T21:00:00Z,28.78,1433.85
2020-03-25T21:30:00Z,26.949999999999996,1714.95
2020-03-25T22:00:00Z,28.040000000000003,1215.15
2020-03-25T22:30:00Z,28.38,1489.6
2020-03-25T23:00:00Z,31.150000000000002,534.65
2020-03-25T23:30:00Z,29.41,474.05
2020-03-26T00:00:00Z,22.99,516.95
2020-03-26T00:30:00Z,26.46,305.7
2020-03-26T01:00:00Z,28.72,837.65
2020-03-26T01:30:00Z,28.7,721.1
2020-03-26T02:00:00Z,29.58,849.7
2020-03-26T02:30:00Z,29.309999999999995,952.8
2020-03-26T03:00:00Z,31.5,644.1
2020-03-26T03:30:00Z,30.949999999999996,753.25
2020-03-26T04:00:00Z,29.800000000000004,607.95
2020-03-26T04:30:00Z,30.910000000000004,654.85
2020-03-26T05:00:00Z,34.01,575.45
2020-03-26T05:30:00Z,31.52,605.55
2020-03-26T06:00:00Z,38.5,691.8
2020-03-26T06:30:00Z,34.63,869.25
2020-03-26T07:00:00Z,41.79,1183.1
2020-03-26T07:30:00Z,45.08,1301.4
2020-03-26T08:00:00Z,39.17,1450.4
2020-03-26T08:30:00Z,34.27,1574.6
2020-03-26T09:00:00Z,32.6,1805.65
2020-03-26T09:30:00Z,32.51,2286.45
2020-03-26T10:00:00Z,29.62,1661.9
2020-03-26T10:30:00Z,26.07,1983.25
2020-03-26T11:00:00Z,22.41,1996.95
2020-03-26T11:30:00Z,23.74,1989.5
2020-03-26T12:00:00Z,26.71,2548.5
2020-03-26T12:30:00Z,27.37,2291.55
2020-03-26T13:00:00Z,26.56,2044.9
2020-03-26T13:30:00Z,27.28,2290.1
2020-03-26T14:00:00Z,26.810000000000002,2499.25
2020-03-26T14:30:00Z,24.55,2247.8
2020-03-26T15:00:00Z,22.75,1436.1
2020-03-26T15:30:00Z,24.140000000000004,1680.0
2020-03-26T16:00:00Z,24.42,1543.55
2020-03-26T16:30:00Z,30.77,1737.0
2020-03-26T17:00:00Z,31.27,1487.85
2020-03-26T17:30:00Z,34.48,1500.9
2020-03-26T18:00:00Z,35.9,1522.6
2020-03-26T18:30:00Z,40.86,1412.3
2020-03-26T19:00:00Z,35.11,1798.5
2020-03-26T19:30:00Z,32.46,1901.95
2020-03-26T20:00:00Z,30.93,1397.8
2020-03-26T20:30:00Z,25.99,1343.65
2020-03-26T21:00:00Z,23.33,1551.8
2020-03-26T21:30:00Z,22.46,1759.05
2020-03-26T22:00:00Z,24.95,1853.4
2020-03-26T22:30:00Z,26.89,2297.2
2020-03-26T23:00:00Z,30.95,953.4
2020-03-26T23:30:00Z,29.789999999999996,928.9
2020-03-27T00:00:00Z,29.06,920.5
2020-03-27T00:30:00Z,29.530000000000005,734.65
2020-03-27T01:00:00Z,26.73,883.6
2020-03-27T01:30:00Z,23.88,618.4
2020-03-27T02:00:00Z,24.79,646.55
2020-03-27T02:30:00Z,24.020000000000003,701.85
2020-03-27T03:00:00Z,25.0,633.1
2020-03-27T03:30:00Z,21.8,598.6
2020-03-27T04:00:00Z,22.18,583.9
2020-03-27T04:30:00Z,21.67,707.7
2020-03-27T05:00:00Z,22.38,861.05
2020-03-27T05:30:00Z,25.42,872.6
2020-03-27T06:00:00Z,25.38,907.1
2020-03-27T06:30:00Z,25.22,1087.7
2020-03-27T07:00:00Z,23.25,785.95
2020-03-27T07:30:00Z,29.07,1144.45
2020-03-27T08:00:00Z,31.850000000000005,1060.65
2020-03-27T08:30:00Z,33.25,1170.3
2020-03-27T09:00:00Z,32.04,684.1
2020-03-27T09:30:00Z,23.66,1106.95
2020-03-27T10:00:00Z,20.95,1264.0
2020-03-27T10:30:00Z,20.52,1475.75
2020-03-27T11:00:00Z,21.530000000000005,1583.5
2020-03-27T11:30:00Z,22.11,1484.05
2020-03-27T12:00:00Z,22.05,1582.15
2020-03-27T12:30:00Z,20.78,1497.45
2020-03-27T13:00:00Z,19.05,1821.15
2020-03-27T13:30:00Z,18.869999999999997,1813.95
2020-03-27T14:00:00Z,19.040000000000003,1769.0
2020-03-27T14:30:00Z,19.09,2215.55
2020-03-27T15:00:00Z,18.71,1771.2
2020-03-27T15:30:00Z,16.86,1669.7
2020-03-27T16:00:00Z,18.29,1846.65
2020-03-27T16:30:00Z,21.9,1872.05
2020-03-27T17:00:00Z,28.21,1429.55
2020-03-27T17:30:00Z,31.68,1494.9
2020-03-27T18:00:00Z,32.01,1442.45
2020-03-27T18:30:00Z,34.08,1593.8
2020-03-27T19:00:00Z,33.47,1372.95
2020-03-27T19:30:00Z,31.36,1552.65
2020-03-27T20:00:00Z,27.9,1310.7
2020-03-27T20:30:00Z,28.04,1631.8
2020-03-27T21:00:00Z,28.49,987.6
2020-03-27T21:30:00Z,29.53,1076.1
2020-03-27T22:00:00Z,28.0,1108.6
2020-03-27T22:30:00Z,24.480000000000004,1362.55
2020-03-27T23:00:00Z,19.38,810.2
2020-03-27T23:30:00Z,16.44,484.15
2020-03-28T00:00:00Z,16.76,366.4
2020-03-28T00:30:00Z,21.81,593.85
2020-03-28T01:00:00Z,22.109999999999996,748.3
2020-03-28T01:30:00Z,19.08,634.65
2020-03-28T02:00:00Z,19.37,571.95
2020-03-28T02:30:00Z,18.82,773.25
2020-03-28T03:00:00Z,20.98,670.75
2020-03-28T03:30:00Z,15.17,483.6
2020-03-28T04:00:00Z,16.97,672.25
2020-03-28T04:30:00Z,15.4,719.8
2020-03-28T05:00:00Z,15.7,682.95
2020-03-28T05:30:00Z,15.45,832.1
2020-03-28T06:00:00Z,14.4,748.45
2020-03-28T06:30:00Z,13.600000000000001,840.2
2020-03-28T07:00:00Z,9.26,1148.5
2020-03-28T07:30:00Z,10.41,1103.35
2020-03-28T08:00:00Z,9.21,1344.9
2020-03-28T08:30:00Z,9.19,1168.25
2020-03-28T09:00:00Z,4.27,814.5
2020-03-28T09:30:00Z,3.58,912.75
2020-03-28T10:00:00Z,2.25,1009.0
2020-03-28T10:30:00Z,1.77,1104.75
2020-03-28T11:00:00Z,-1.19,1437.1
2020-03-28T11:30:00Z,0.98,1584.25
2020-03-28T12:00:00Z,2.32,1503.55
2020-03-28T12:30:00Z,4.85,1551.0
2020-03-28T13:00:00Z,10.2,1669.85
2020-03-28T13:30:00Z,12.01,1835.85
2020-03-28T14:00:00Z,8.61,1746.9
2020-03-28T14:30:00Z,5.2,1697.65
2020-03-28T15:00:00Z,2.92,1099.4
2020-03-28T15:30:00Z,2.96,1223.05
2020-03-28T16:00:00Z,9.65,1356.85
2020-03-28T16:30:00Z,11.56,1476.5
2020-03-28T17:00:00Z,15.25,1497.75
2020-03-28T17:30:00Z,19.95,1614.05
2020-03-28T18:00:00Z,25.179999999999996,1476.65
2020-03-28T18:30:00Z,28.720000000000002,1294.75
2020-03-28T19:00:00Z,33.45,1313.3
2020-03-28T19:30:00Z,30.18,1071.55
2020-03-28T20:00:00Z,28.98,1042.75
2020-03-28T20:30:00Z,20.9,1182.95
2020-03-28T21:00:00Z,15.14,992.1
2020-03-28T21:30:00Z,14.24,878.7
2020-03-28T22:00:00Z,13.57,928.25
2020-03-28T22:30:00Z,13.35,821.8
2020-03-28T23:00:00Z,11.2,851.25
2020-03-28T23:30:00Z,11.62,915.4
2020-03-29T00:00:00Z,2.17,535.25
2020-03-29T00:30:00Z,2.36,390.25
2020-03-29T01:00:00Z,-0.1,413.8
2020-03-29T01:30:00Z,0.95,424.1
2020-03-29T02:00:00Z,0.74,478.95
2020-03-29T02:30:00Z,1.1,386.4
2020-03-29T03:00:00Z,1.23,425.35
2020-03-29T03:30:00Z,0.05,428.6
2020-03-29T04:00:00Z,-0.55,438.95
2020-03-29T04:30:00Z,0.53,344.9
2020-03-29T05:00:00Z,-0.01,420.8
2020-03-29T05:30:00Z,0.25,423.25
2020-03-29T06:00:00Z,5.07,989.1
2020-03-29T06:30:00Z,6.69,999.9
2020-03-29T07:00:00Z,5.68,889.2
2020-03-29T07:30:00Z,8.25,1048.05
2020-03-29T08:00:00Z,11.65,613.6
2020-03-29T08:30:00Z,8.13,751.15
2020-03-29T09:00:00Z,6.81,721.7
2020-03-29T09:30:00Z,9.28,872.95
2020-03-29T10:00:00Z,14.79,920.2
2020-03-29T10:30:00Z,15.36,1102.15
2020-03-29T11:00:00Z,18.4,1150.35
2020-03-29T11:30:00Z,20.13,1125.45
2020-03-29T12:00:00Z,23.51,1004.55
2020-03-29T12:30:00Z,25.06,976.1
2020-03-29T13:00:00Z,25.67,1112.8
2020-03-29T13:30:00Z,24.24,1006.9
2020-03-29T14:00:00Z,31.43,714.25
2020-03-29T14:30:00Z,29.85,1016.8
2020-03-29T15:00:00Z,34.2,1298.0
2020-03-29T15:30:00Z,34.81,1186.05
2020-03-29T16:00:00Z,36.62,1210.05
2020-03-29T16:30:00Z,35.44,1075.95
2020-03-29T17:00:00Z,36.5,1177.55
2020-03-29T17:30:00Z,35.25,1275.15
2020-03-29T18:00:00Z,36.8,1611.05
2020-03-29T18:30:00Z,36.97,1444.0
2020-03-29T19:00:00Z,37.13,1529.25
2020-03-29T19:30:00Z,36.46,1323.1
2020-03-29T20:00:00Z,35.41,1470.2
2020-03-29T20:30:00Z,33.14,1140.35
2020-03-29T21:00:00Z,31.62,1383.7
2020-03-29T21:30:00Z,31.82,1504.4
2020-03-29T22:00:00Z,22.41,1026.15
2020-03-29T22:30:00Z,20.44,1068.35
2020-03-29T23:00:00Z,21.060000000000002,849.9
2020-03-29T23:30:00Z,19.2,872.2
2020-03-30T00:00:00Z,19.19,765.2
2020-03-30T00:30:00Z,20.77,794.2
2020-03-30T01:00:00Z,22.34,821.2
2020-03-30T01:30:00Z,23.38,903.85
2020-03-30T02:00:00Z,23.62,886.15
2020-03-30T02:30:00Z,22.84,874.45
2020-03-30T03:00:00Z,22.45,888.2
2020-03-30T03:30:00Z,22.6,916.95
2020-03-30T04:00:00Z,26.06,786.8
2020-03-30T04:30:00Z,26.82,965.45
2020-03-30T05:00:00Z,31.129999999999995,1225.6
2020-03-30T05:30:00Z,28.070000000000004,1305.55
2020-03-30T06:00:00Z,32.45,1082.4
2020-03-30T06:30:00Z,33.72,1203.9
2020-03-30T07:00:00Z,32.79,1178.9
2020-03-30T07:30:00Z,31.9,1485.05
2020-03-30T08:00:00Z,31.199999999999996,1364.4
2020-03-30T08:30:00Z,30.02,1355.1
2020-03-30T09:00:00Z,28.39,1278.3
2020-03-30T09:30:00Z,27.88,1367.6
2020-03-30T10:00:00Z,23.16,902.6
2020-03-30T10:30:00Z,23.07,1274.85
2020-03-30T11:00:00Z,28.27,1781.25
2020-03-30T11:30:00Z,31.360000000000003,1768.9
2020-03-30T12:00:00Z,29.83,1334.8
2020-03-30T12:30:00Z,29.46,1403.1
2020-03-30T13:00:00Z,29.41,1493.25
2020-03-30T13:30:00Z,27.72,1342.95
2020-03-30T14:00:00Z,22.2,1233.65
2020-03-30T14:30:00Z,23.55,1224.45
2020-03-30T15:00:00Z,25.05,1421.0
2020-03-30T15:30:00Z,28.97,1448.2
2020-03-30T16:00:00Z,30.4,1844.6
2020-03-30T16:30:00Z,33.46,1814.65
2020-03-30T17:00:00Z,34.21,1439.25
2020-03-30T17:30:00Z,34.81,1702.45
2020-03-30T18:00:00Z,36.07,1076.35
2020-03-30T18:30:00Z,35.17,1236.8
2020-03-30T19:00:00Z,36.21,1081.8
2020-03-30T19:30:00Z,35.69,1292.65
2020-03-30T20:00:00Z,32.38,1051.45
2020-03-30T20:30:00Z,26.99,901.35
2020-03-30T21:00:00Z,21.19,993.85
2020-03-30T21:30:00Z,24.47,1680.45
2020-03-30T22:00:00Z,26.79,832.1
2020-03-30T22:30:00Z,21.64,773.35
2020-03-30T23:00:00Z,21.17,676.7
2020-03-30T23:30:00Z,20.44,741.4
2020-03-31T00:00:00Z,16.91,835.65
2020-03-31T00:30:00Z,22.09,651.8
2020-03-31T01:00:00Z,21.69,599.5
2020-03-31T01:30:00Z,23.07,551.3
2020-03-31T02:00:00Z,27.25,929.1
2020-03-31T02:30:00Z,26.32,1033.75
2020-03-31T03:00:00Z,26.03,824.25
2020-03-31T03:30:00Z,26.66,1083.9
2020-03-31T04:00:00Z,26.95,618.2
2020-03-31T04:30:00Z,29.14,625.0
2020-03-31T05:00:00Z,31.53,1033.15
2020-03-31T05:30:00Z,27.3,1142.0
2020-03-31T06:00:00Z,20.32,1001.15
2020-03-31T06:30:00Z,21.69,1126.75
2020-03-31T07:00:00Z,23.06,1086.3
2020-03-31T07:30:00Z,24.51,1291.4
2020-03-31T08:00:00Z,29.44,1368.8
2020-03-31T08:30:00Z,29.619999999999997,1487.75
2020-03-31T09:00:00Z,29.04,1580.9
2020-03-31T09:30:00Z,28.88,1542.05
2020-03-31T10:00:00Z,31.02,998.85
2020-03-31T10:30:00Z,30.92,919.7
2020-03-31T11:00:00Z,31.77,930.15
2020-03-31T11:30:00Z,34.29,1291.3
2020-03-31T12:00:00Z,32.11,1116.4
2020-03-31T12:30:00Z,31.719999999999995,1267.3
2020-03-31T13:00:00Z,28.280000000000005,1193.6
2020-03-31T13:30:00Z,25.15,1132.7
2020-03-31T14:00:00Z,23.2,1353.15
2020-03-31T14:30:00Z,23.74,1519.65
2020-03-31T15:00:00Z,23.29,1671.3
2020-03-31T15:30:00Z,24.22,1628.3
2020-03-31T16:00:00Z,29.079999999999995,1678.9
2020-03-31T16:30:00Z,33.54,1718.15
2020-03-31T17:00:00Z,34.01,1726.75
2020-03-31T17:30:00Z,34.36,1568.15
2020-03-31T18:00:00Z,34.68,1094.55
2020-03-31T18:30:00Z,33.76,1221.05
2020-03-31T19:00:00Z,33.12,1461.1
2020-03-31T19:30:00Z,33.02,1569.35
2020-03-31T20:00:00Z,35.04,1129.0
2020-03-31T20:30:00Z,38.58,1468.45
2020-03-31T21:00:00Z,33.24,1271.85
2020-03-31T21:30:00Z,33.19,1522.0
2020-03-31T22:00:00Z,37.98,788.85
2020-03-31T22:30:00Z,36.97,494.95
2020-03-31T23:00:00Z,36.23,296.25
2020-03-31T23:30:00Z,35.42,223.8
2020-04-01T00:00:00Z,33.92,434.55
2020-04-01T00:30:00Z,35.71,466.1
2020-04-01T01:00:00Z,36.2,592.95
2020-04-01T01:30:00Z,35.46,503.6
2020-04-01T02:00:00Z,33.87,538.6
2020-04-01T02:30:00Z,32.9,462.4
2020-04-01T03:00:00Z,32.82,450.1
2020-04-01T03:30:00Z,31.52,458.6
2020-04-01T04:00:00Z,32.73,548.2
2020-04-01T04:30:00Z,31.99,414.9
2020-04-01T05:00:00Z,29.21,712.45
2020-04-01T05:30:00Z,29.45,1043.5
2020-04-01T06:00:00Z,30.2,1262.5
2020-04-01T06:30:00Z,36.34,1189.75
2020-04-01T07:00:00Z,38.7,1508.95
2020-04-01T07:30:00Z,37.46,1417.8
2020-04-01T08:00:00Z,35.76,1434.3
2020-04-01T08:30:00Z,35.75,1353.95
2020-04-01T09:00:00Z,35.35,1372.5
2020-04-01T09:30:00Z,34.54,1854.85
2020-04-01T10:00:00Z,33.31,1221.45
2020-04-01T10:30:00Z,30.899999999999995,1420.95
2020-04-01T11:00:00Z,29.32,1309.55
2020-04-01T11:30:00Z,29.31,1819.15
2020-04-01T12:00:00Z,28.73,1679.85
2020-04-01T12:30:00Z,27.65,1602.4
2020-04-01T13:00:00Z,26.82,1578.05
2020-04-01T13:30:00Z,25.7,1548.75
2020-04-01T14:00:00Z,27.089999999999996,1218.3
2020-04-01T14:30:00Z,29.750000000000004,1119.7
2020-04-01T15:00:00Z,30.86,1161.6
2020-04-01T15:30:00Z,31.24,1458.05
2020-04-01T16:00:00Z,36.38,1216.55
2020-04-01T16:30:00Z,38.61,1243.9
2020-04-01T17:00:00Z,39.77,1410.8
2020-04-01T17:30:00Z,39.57,1462.4
2020-04-01T18:00:00Z,39.12,1421.7
2020-04-01T18:30:00Z,39.32,1283.6
2020-04-01T19:00:00Z,39.77,1506.95
2020-04-01T19:30:00Z,37.74,1242.5
2020-04-01T20:00:00Z,35.63,1112.8
2020-04-01T20:30:00Z,31.44,1428.0
2020-04-01T21:00:00Z,31.459999999999997,1229.55
2020-04-01T21:30:00Z,32.4,1476.25
2020-04-01T22:00:00Z,32.23,1525.1
2020-04-01T22:30:00Z,33.53,565.75
2020-04-01T23:00:00Z,29.08,790.8
2020-04-01T23:30:00Z,25.329999999999995,786.6
2020-04-02T00:00:00Z,28.490000000000002,589.9
2020-04-02T00:30:00Z,32.6,814.4
2020-04-02T01:00:00Z,34.57,717.9
2020-04-02T01:30:00Z,32.41,565.4
2020-04-02T02:00:00Z,26.67,577.35
2020-04-02T02:30:00Z,24.59,643.45
2020-04-02T03:00:00Z,26.28,594.7
2020-04-02T03:30:00Z,18.63,695.75
2020-04-02T04:00:00Z,25.11,1227.5
2020-04-02T04:30:00Z,23.22,896.95
2020-04-02T05:00:00Z,21.83,684.9
2020-04-02T05:30:00Z,23.19,1104.3
2020-04-02T06:00:00Z,22.14,1005.8
2020-04-02T06:30:00Z,26.489999999999995,1303.95
2020-04-02T07:00:00Z,25.29,1580.7
2020-04-02T07:30:00Z,27.23,1331.5
2020-04-02T08:00:00Z,26.94,1383.0
2020-04-02T08:30:00Z,27.739999999999995,1275.4
2020-04-02T09:00:00Z,25.289999999999996,1494.3
2020-04-02T09:30:00Z,20.95,1537.55
2020-04-02T10:00:00Z,15.27,1261.2
2020-04-02T10:30:00Z,15.93,1275.85
2020-04-02T11:00:00Z,17.38,1624.6
2020-04-02T11:30:00Z,20.67,1580.3
2020-04-02T12:00:00Z,21.82,1704.5
2020-04-02T12:30:00Z,21.46,1801.85
2020-04-02T13:00:00Z,19.18,1719.5
2020-04-02T13:30:00Z,17.98,1493.95
2020-04-02T14:00:00Z,16.12,1607.8
2020-04-02T14:30:00Z,17.53,1446.05
2020-04-02T15:00:00Z,22.09,1574.3
2020-04-02T15:30:00Z,26.929999999999996,1429.45
2020-04-02T16:00:00Z,29.9,1659.0
2020-04-02T16:30:00Z,30.41,1954.6
2020-04-02T17:00:00Z,31.25,2042.5
2020-04-02T17:30:00Z,32.34,2180.25
2020-04-02T18:00:00Z,34.97,1760.15
2020-04-02T18:30:00Z,37.74,1365.25
2020-04-02T19:00:00Z,39.940000000000005,1657.25
2020-04-02T19:30:00Z,38.82,1632.75
2020-04-02T20:00:00Z,40.04,1773.85
2020-04-02T20:30:00Z,38.68,1477.05
2020-04-02T21:00:00Z,38.65,1564.6
2020-04-02T21:30:00Z,37.71,1943.4
2020-04-02T22:00:00Z,32.9,1063.55
2020-04-02T22:30:00Z,27.78,694.7
2020-04-02T23:00:00Z,23.58,908.6
2020-04-02T23:30:00Z,22.97,764.2
2020-04-03T00:00:00Z,25.07,722.35
2020-04-03T00:30:00Z,24.97,968.95
2020-04-03T01:00:00Z,28.21,925.25
2020-04-03T01:30:00Z,27.17,821.85
2020-04-03T02:00:00Z,29.48,596.45
2020-04-03T02:30:00Z,32.2,885.35
2020-04-03T03:00:00Z,29.989999999999995,769.45
2020-04-03T03:30:00Z,29.15,771.5
2020-04-03T04:00:00Z,28.88,824.8
2020-04-03T04:30:00Z,29.29,825.0
2020-04-03T05:00:00Z,31.15,1059.9
2020-04-03T05:30:00Z,30.85,1006.85
2020-04-03T06:00:00Z,27.730000000000004,1310.0
2020-04-03T06:30:00Z,32.86,1241.35
2020-04-03T07:00:00Z,32.91,1157.75
2020-04-03T07:30:00Z,27.29,1478.6
2020-04-03T08:00:00Z,29.579999999999995,1155.5
2020-04-03T08:30:00Z,33.46,1410.55
2020-04-03T09:00:00Z,36.13,1588.95
2020-04-03T09:30:00Z,34.18,1543.95
2020-04-03T10:00:00Z,36.2,1114.45
2020-04-03T10:30:00Z,33.16,1127.55
2020-04-03T11:00:00Z,33.77,1156.95
2020-04-03T11:30:00Z,30.07,1663.6
2020-04-03T12:00:00Z,25.19,1463.9
2020-04-03T12:30:00Z,23.88,1418.75
2020-04-03T13:00:00Z,20.479999999999997,1683.75
2020-04-03T13:30:00Z,20.52,1420.7
2020-04-03T14:00:00Z,19.39,1659.9
2020-04-03T14:30:00Z,21.25,1312.3
2020-04-03T15:00:00Z,19.36,1847.6
2020-04-03T15:30:00Z,19.98,1859.15
2020-04-03T16:00:00Z,25.03,1602.3
2020-04-03T16:30:00Z,27.6,1982.45
2020-04-03T17:00:00Z,29.24,1910.65
2020-04-03T17:30:00Z,32.11,1981.6
2020-04-03T18:00:00Z,30.43,2036.1
2020-04-03T18:30:00Z,30.82,1726.2
2020-04-03T19:00:00Z,31.26,1760.4
2020-04-03T19:30:00Z,30.82,1613.8
2020-04-03T20:00:00Z,30.8,1753.3
2020-04-03T20:30:00Z,27.900000000000002,1572.9
2020-04-03T21:00:00Z,26.71,1353.65
2020-04-03T21:30:00Z,23.47,1852.75
2020-04-03T22:00:00Z,15.27,759.85
2020-04-03T22:30:00Z,22.54,844.7
2020-04-03T23:00:00Z,22.33,414.05
2020-04-03T23:30:00Z,20.969999999999995,396.2
2020-04-04T00:00:00Z,18.24,248.65
2020-04-04T00:30:00Z,17.65,470.05
2020-04-04T01:00:00Z,15.189999999999998,548.0
2020-04-04T01:30:00Z,20.8,273.1
2020-04-04T02:00:00Z,23.63,754.7
2020-04-04T02:30:00Z,27.22,840.05
2020-04-04T03:00:00Z,24.43,527.9
2020-04-04T03:30:00Z,24.72,580.55
2020-04-04T04:00:00Z,24.73,638.9
2020-04-04T04:30:00Z,24.2,599.05
2020-04-04T05:00:00Z,25.28,657.75
2020-04-04T05:30:00Z,26.63,750.2
2020-04-04T06:00:00Z,35.04,1002.85
2020-04-04T06:30:00Z,35.85,632.45
2020-04-04T07:00:00Z,37.27,738.0
2020-04-04T07:30:00Z,38.39,840.35
2020-04-04T08:00:00Z,38.04,902.35
2020-04-04T08:30:00Z,38.09,1066.5
2020-04-04T09:00:00Z,37.62,955.55
2020-04-04T09:30:00Z,37.28,1067.35
2020-04-04T10:00:00Z,29.04,996.85
2020-04-04T10:30:00Z,25.82,1184.3
2020-04-04T11:00:00Z,22.23,1086.5
2020-04-04T11:30:00Z,21.17,1039.6
2020-04-04T12:00:00Z,13.3,1012.9
2020-04-04T12:30:00Z,10.78,1067.45
2020-04-04T13:00:00Z,10.38,1244.1
2020-04-04T13:30:00Z,11.04,1427.35
2020-04-04T14:00:00Z,15.72,1404.3
2020-04-04T14:30:00Z,14.33,1556.85
2020-04-04T15:00:00Z,12.36,1418.0
2020-04-04T15:30:00Z,15.28,1392.2
2020-04-04T16:00:00Z,30.05,1442.4
2020-04-04T16:30:00Z,33.5,1384.2
2020-04-04T17:00:00Z,34.62,1752.2
2020-04-04T17:30:00Z,34.21,1523.45
2020-04-04T18:00:00Z,36.14,1378.6
2020-04-04T18:30:00Z,35.6,1124.0
2020-04-04T19:00:00Z,36.55,1375.25
2020-04-04T19:30:00Z,30.05,1354.9
2020-04-04T20:00:00Z,30.81,1373.6
2020-04-04T20:30:00Z,27.68,1128.65
2020-04-04T21:00:00Z,29.300000000000004,1243.65
2020-04-04T21:30:00Z,24.119999999999997,1906.7
2020-04-04T22:00:00Z,17.14,968.8
2020-04-04T22:30:00Z,10.21,853.7
2020-04-04T23:00:00Z,12.46,644.45
2020-04-04T23:30:00Z,10.970000000000002,818.85
2020-04-05T00:00:00Z,11.19,720.1
2020-04-05T00:30:00Z,11.74,867.1
2020-04-05T01:00:00Z,10.34,720.5
2020-04-05T01:30:00Z,14.44,861.0
2020-04-05T02:00:00Z,12.52,910.4
2020-04-05T02:30:00Z,11.73,1058.05
2020-04-05T03:00:00Z,16.27,890.2
2020-04-05T03:30:00Z,19.19,992.35
2020-04-05T04:00:00Z,14.459999999999999,828.85
2020-04-05T04:30:00Z,10.47,666.65
2020-04-05T05:00:00Z,10.1,686.75
2020-04-05T05:30:00Z,22.9,892.15
2020-04-05T06:00:00Z,22.36,850.95
2020-04-05T06:30:00Z,21.22,777.2
2020-04-05T07:00:00Z,2.24,1211.6
2020-04-05T07:30:00Z,4.82,1347.25
2020-04-05T08:00:00Z,-4.52,991.25
2020-04-05T08:30:00Z,-8.56,1150.95
2020-04-05T09:00:00Z,-6.67,1068.6
2020-04-05T09:30:00Z,-7.7,1177.5
2020-04-05T10:00:00Z,-15.41,1276.65
2020-04-05T10:30:00Z,-14.13,1208.8
2020-04-05T11:00:00Z,-19.65,1220.25
2020-04-05T11:30:00Z,-16.81,1092.75
2020-04-05T12:00:00Z,-12.64,1431.2
2020-04-05T12:30:00Z,-11.550000000000002,1722.25
2020-04-05T13:00:00Z,-20.07,1504.75
2020-04-05T13:30:00Z,-24.469999999999995,1670.5
2020-04-05T14:00:00Z,-5.96,1559.55
2020-04-05T14:30:00Z,-6.889999999999999,1289.25
2020-04-05T15:00:00Z,-17.15,1222.5
2020-04-05T15:30:00Z,8.28,973.65
2020-04-05T16:00:00Z,14.31,1217.9
2020-04-05T16:30:00Z,26.99,1357.2
2020-04-05T17:00:00Z,25.849999999999998,1349.2
2020-04-05T17:30:00Z,29.22,1324.6
2020-04-05T18:00:00Z,27.37,1035.45
2020-04-05T18:30:00Z,24.93,1095.85
2020-04-05T19:00:00Z,26.29,1280.0
2020-04-05T19:30:00Z,25.09,1183.85
2020-04-05T20:00:00Z,28.529999999999998,1180.7
2020-04-05T20:30:00Z,17.42,1009.55
2020-04-05T21:00:00Z,19.53,1226.45
2020-04-05T21:30:00Z,14.15,516.7
2020-04-05T22:00:00Z,4.06,938.3
2020-04-05T22:30:00Z,-36.91,886.6
2020-04-05T23:00:00Z,-29.24,669.4
2020-04-05T23:30:00Z,-12.09,833.0
2020-04-06T00:00:00Z,-1.97,663.2
2020-04-06T00:30:00Z,0.67,848.5
2020-04-06T01:00:00Z,3.16,806.25
2020-04-06T01:30:00Z,-0.34,676.65
2020-04-06T02:00:00Z,-3.6900000000000004,816.35
2020-04-06T02:30:00Z,-8.15,788.65
2020-04-06T03:00:00Z,-27.41,848.15
2020-04-06T03:30:00Z,-16.64,838.65
2020-04-06T04:00:00Z,-34.4,569.4
2020-04-06T04:30:00Z,-12.81,568.4
2020-04-06T05:00:00Z,-2.9,796.1
2020-04-06T05:30:00Z,5.35,891.35
2020-04-06T06:00:00Z,13.69,1088.7
2020-04-06T06:30:00Z,16.3,1093.05
2020-04-06T07:00:00Z,12.900000000000002,822.7
2020-04-06T07:30:00Z,14.85,1006.2
2020-04-06T08:00:00Z,18.28,924.75
2020-04-06T08:30:00Z,16.15,1022.95
2020-04-06T09:00:00Z,15.19,1054.65
2020-04-06T09:30:00Z,14.55,1089.85
2020-04-06T10:00:00Z,18.48,761.45
2020-04-06T10:30:00Z,18.76,875.5
2020-04-06T11:00:00Z,23.06,1055.85
2020-04-06T11:30:00Z,25.6,1381.55
2020-04-06T12:00:00Z,25.59,1419.4
2020-04-06T12:30:00Z,22.07,1436.6
2020-04-06T13:00:00Z,16.72,1487.65
2020-04-06T13:30:00Z,15.1,1529.15
2020-04-06T14:00:00Z,17.81,1476.5
2020-04-06T14:30:00Z,18.07,1941.5
2020-04-06T15:00:00Z,18.33,1687.7
2020-04-06T15:30:00Z,17.3,1491.85
2020-04-06T16:00:00Z,18.98,1474.9
2020-04-06T16:30:00Z,21.72,1669.9
2020-04-06T17:00:00Z,25.06,1685.85
2020-04-06T17:30:00Z,30.57,2100.35
2020-04-06T18:00:00Z,36.42,1516.95
2020-04-06T18:30:00Z,36.51,1511.85
2020-04-06T19:00:00Z,41.12,1173.0
2020-04-06T19:30:00Z,38.25,1321.5
2020-04-06T20:00:00Z,37.9,1187.15
2020-04-06T20:30:00Z,34.98,868.6
2020-04-06T21:00:00Z,32.96,1125.6
2020-04-06T21:30:00Z,33.71,1087.45
2020-04-06T22:00:00Z,33.33,888.0
2020-04-06T22:30:00Z,28.52,494.1
2020-04-06T23:00:00Z,26.07,353.75
2020-04-06T23:30:00Z,23.04,450.95
2020-04-07T00:00:00Z,24.73,793.5
2020-04-07T00:30:00Z,25.57,820.4
2020-04-07T01:00:00Z,25.580000000000002,773.3
2020-04-07T01:30:00Z,25.359999999999996,751.65
2020-04-07T02:00:00Z,24.84,640.85
2020-04-07T02:30:00Z,25.14,528.05
2020-04-07T03:00:00Z,25.9,615.6
2020-04-07T03:30:00Z,27.859999999999996,708.75
2020-04-07T04:00:00Z,28.840000000000003,376.55
2020-04-07T04:30:00Z,31.609999999999996,529.6
2020-04-07T05:00:00Z,33.03,532.05
2020-04-07T05:30:00Z,33.81,710.05
2020-04-07T06:00:00Z,38.56,1146.0
2020-04-07T06:30:00Z,40.18,1347.45
2020-04-07T07:00:00Z,42.16,1378.45
2020-04-07T07:30:00Z,40.36,1907.5
2020-04-07T08:00:00Z,36.54,1136.7
2020-04-07T08:30:00Z,33.88,1144.05
2020-04-07T09:00:00Z,34.42,1044.4
2020-04-07T09:30:00Z,33.64,1422.05
2020-04-07T10:00:00Z,27.05,1239.65
2020-04-07T10:30:00Z,24.14,1346.75
2020-04-07T11:00:00Z,23.66,1312.15
2020-04-07T11:30:00Z,21.56,1160.2
2020-04-07T12:00:00Z,20.11,1738.95
2020-04-07T12:30:00Z,22.63,1872.55
2020-04-07T13:00:00Z,19.54,1775.0
2020-04-07T13:30:00Z,18.22,1943.8
2020-04-07T14:00:00Z,17.77,2021.55
2020-04-07T14:30:00Z,19.35,1656.6
2020-04-07T15:00:00Z,19.43,1348.55
2020-04-07T15:30:00Z,22.87,1481.15
2020-04-07T16:00:00Z,28.34,761.5
2020-04-07T16:30:00Z,29.56,923.35
2020-04-07T17:00:00Z,34.78,915.05
2020-04-07T17:30:00Z,36.17,1006.1
2020-04-07T18:00:00Z,31.12,1485.55
2020-04-07T18:30:00Z,31.979999999999997,2101.95
2020-04-07T19:00:00Z,38.11,1377.6
2020-04-07T19:30:00Z,33.94,1290.65
2020-04-07T20:00:00Z,29.98,1198.75
2020-04-07T20:30:00Z,25.14,1085.55
2020-04-07T21:00:00Z,24.7,1127.5
2020-04-07T21:30:00Z,27.72,930.75
2020-04-07T22:00:00Z,25.35,544.5
2020-04-07T22:30:00Z,18.96,511.5
2020-04-07T23:00:00Z,20.69,954.95
2020-04-07T23:30:00Z,20.13,801.4
2020-04-08T00:00:00Z,21.74,764.1
2020-04-08T00:30:00Z,22.86,683.55
2020-04-08T01:00:00Z,24.4,823.3
2020-04-08T01:30:00Z,24.09,780.1
2020-04-08T02:00:00Z,21.99,551.9
2020-04-08T02:30:00Z,21.49,666.75
2020-04-08T03:00:00Z,21.27,683.85
2020-04-08T03:30:00Z,21.97,605.75
2020-04-08T04:00:00Z,25.58,577.95
2020-04-08T04:30:00Z,24.73,558.35
2020-04-08T05:00:00Z,24.77,497.05
2020-04-08T05:30:00Z,21.29,645.05
2020-04-08T06:00:00Z,20.34,822.15
2020-04-08T06:30:00Z,20.14,907.75
2020-04-08T07:00:00Z,19.77,934.85
2020-04-08T07:30:00Z,21.44,879.9
2020-04-08T08:00:00Z,22.95,1695.85
2020-04-08T08:30:00Z,24.61,1907.4
2020-04-08T09:00:00Z,23.93,1583.5
2020-04-08T09:30:00Z,23.07,1823.2
2020-04-08T10:00:00Z,22.9,1422.2
2020-04-08T10:30:00Z,22.14,1278.6
2020-04-08T11:00:00Z,21.18,1215.75
2020-04-08T11:30:00Z,19.92,1365.15
2020-04-08T12:00:00Z,21.56,1907.4
2020-04-08T12:30:00Z,21.119999999999997,1696.35
2020-04-08T13:00:00Z,20.66,1699.95
2020-04-08T13:30:00Z,20.41,1664.9
2020-04-08T14:00:00Z,18.06,1928.35
2020-04-08T14:30:00Z,17.24,1877.35
2020-04-08T15:00:00Z,18.37,1840.05
2020-04-08T15:30:00Z,19.549999999999997,1886.65
2020-04-08T16:00:00Z,25.67,1722.95
2020-04-08T16:30:00Z,33.61,1555.35
2020-04-08T17:00:00Z,33.52,1445.5
2020-04-08T17:30:00Z,33.7,1552.7
2020-04-08T18:00:00Z,34.42,1533.05
2020-04-08T18:30:00Z,35.86,1297.3
2020-04-08T19:00:00Z,33.42,1299.6
2020-04-08T19:30:00Z,36.51,1272.1
2020-04-08T20:00:00Z,34.66,863.6
2020-04-08T20:30:00Z,21.67,1269.15
2020-04-08T21:00:00Z,26.93,1018.1
2020-04-08T21:30:00Z,28.31,1150.15
2020-04-08T22:00:00Z,31.39,1121.6
2020-04-08T22:30:00Z,35.53,720.75
2020-04-08T23:00:00Z,32.74,471.55
2020-04-08T23:30:00Z,30.55,494.7
2020-04-09T00:00:00Z,29.890000000000004,579.1
2020-04-09T00:30:00Z,29.95,414.7
2020-04-09T01:00:00Z,30.66,525.8
2020-04-09T01:30:00Z,28.0,559.8
2020-04-09T02:00:00Z,23.39,412.8
2020-04-09T02:30:00Z,23.029999999999998,466.4
2020-04-09T03:00:00Z,22.2,676.3
2020-04-09T03:30:00Z,23.01,607.95
2020-04-09T04:00:00Z,28.21,468.3
2020-04-09T04:30:00Z,30.82,525.4
2020-04-09T05:00:00Z,31.58,544.4
2020-04-09T05:30:00Z,31.93,748.65
2020-04-09T06:00:00Z,27.8,856.2
2020-04-09T06:30:00Z,34.56,641.95
2020-04-09T07:00:00Z,35.37,1068.85
2020-04-09T07:30:00Z,34.98,1133.2
2020-04-09T08:00:00Z,32.57,903.35
2020-04-09T08:30:00Z,32.34,1091.95
2020-04-09T09:00:00Z,32.08,1142.1
2020-04-09T09:30:00Z,31.23,983.35
2020-04-09T10:00:00Z,28.819999999999997,1225.8
2020-04-09T10:30:00Z,29.3,1107.25
2020-04-09T11:00:00Z,29.51,1386.75
2020-04-09T11:30:00Z,29.279999999999998,1359.6
2020-04-09T12:00:00Z,26.85,1124.1
2020-04-09T12:30:00Z,27.62,1420.9
2020-04-09T13:00:00Z,25.15,1287.25
2020-04-09T13:30:00Z,23.22,1646.75
2020-04-09T14:00:00Z,16.62,897.85
2020-04-09T14:30:00Z,19.5,847.05
2020-04-09T15:00:00Z,26.82,1070.1
2020-04-09T15:30:00Z,28.94,986.75
2020-04-09T16:00:00Z,30.18,1269.85
2020-04-09T16:30:00Z,32.45,1109.8
2020-04-09T17:00:00Z,32.57,1048.8
2020-04-09T17:30:00Z,33.25,978.35
2020-04-09T18:00:00Z,34.56,726.25
2020-04-09T18:30:00Z,34.63,787.05
2020-04-09T19:00:00Z,34.23,635.0
2020-04-09T19:30:00Z,34.68,900.2
2020-04-09T20:00:00Z,32.89,874.1
2020-04-09T20:30:00Z,32.87,1090.25
2020-04-09T21:00:00Z,32.24,1113.55
2020-04-09T21:30:00Z,33.1,1550.8
2020-04-09T22:00:00Z,32.63,832.05
2020-04-09T22:30:00Z,33.43,988.9
2020-04-09T23:00:00Z,33.34,813.35
2020-04-09T23:30:00Z,33.19,804.95
2020-04-10T00:00:00Z,33.2,780.25
2020-04-10T00:30:00Z,33.25,661.0
2020-04-10T01:00:00Z,33.14,612.45
2020-04-10T01:30:00Z,32.95,632.25
2020-04-10T02:00:00Z,33.63,413.0
2020-04-10T02:30:00Z,33.26,371.75
2020-04-10T03:00:00Z,33.59,371.1
2020-04-10T03:30:00Z,33.74,411.6
2020-04-10T04:00:00Z,33.93,562.2
2020-04-10T04:30:00Z,34.58,621.1
2020-04-10T05:00:00Z,34.34,669.45
2020-04-10T05:30:00Z,33.52,970.75
2020-04-10T06:00:00Z,35.31,1063.85
2020-04-10T06:30:00Z,35.9,1138.05
2020-04-10T07:00:00Z,35.91,863.4
2020-04-10T07:30:00Z,36.52,1042.7
2020-04-10T08:00:00Z,37.55,1117.4
2020-04-10T08:30:00Z,38.09,1296.1
2020-04-10T09:00:00Z,38.169999999999995,949.9
2020-04-10T09:30:00Z,38.0,935.85
2020-04-10T10:00:00Z,35.2,1085.6
2020-04-10T10:30:00Z,34.27,889.05
2020-04-10T11:00:00Z,34.19,895.5
2020-04-10T11:30:00Z,34.44,1007.95
2020-04-10T12:00:00Z,32.73,897.6
2020-04-10T12:30:00Z,32.27,867.45
2020-04-10T13:00:00Z,32.54,994.95
2020-04-10T13:30:00Z,32.35,1103.4
2020-04-10T14:00:00Z,33.31,1500.45
2020-04-10T14:30:00Z,33.35,1639.45
2020-04-10T15:00:00Z,34.51,1797.95
2020-04-10T15:30:00Z,36.21,1807.6
2020-04-10T16:00:00Z,38.62,1401.5
2020-04-10T16:30:00Z,41.21,1019.75
2020-04-10T17:00:00Z,40.959999999999994,833.05
2020-04-10T17:30:00Z,42.94,992.85
2020-04-10T18:00:00Z,41.73,1226.8
2020-04-10T18:30:00Z,40.78,1164.4
2020-04-10T19:00:00Z,41.78,1041.85
2020-04-10T19:30:00Z,39.96,1192.6
2020-04-10T20:00:00Z,38.12,982.0
2020-04-10T20:30:00Z,31.97,941.9
2020-04-10T21:00:00Z,31.71,752.05
2020-04-10T21:30:00Z,33.46,936.1
2020-04-10T22:00:00Z,31.38,998.25
2020-04-10T22:30:00Z,33.34,641.7
2020-04-10T23:00:00Z,30.48,491.6
2020-04-10T23:30:00Z,24.32,490.4
2020-04-11T00:00:00Z,19.42,589.0
2020-04-11T00:30:00Z,21.44,497.7
2020-04-11T01:00:00Z,19.11,810.15
2020-04-11T01:30:00Z,20.33,506.15
2020-04-11T02:00:00Z,13.36,442.15
2020-04-11T02:30:00Z,14.23,262.9
2020-04-11T03:00:00Z,11.88,338.85
2020-04-11T03:30:00Z,8.94,600.8
2020-04-11T04:00:00Z,10.530000000000001,419.3
2020-04-11T04:30:00Z,13.87,585.05
2020-04-11T05:00:00Z,12.59,609.9
2020-04-11T05:30:00Z,12.93,582.7
2020-04-11T06:00:00Z,14.7,687.4
2020-04-11T06:30:00Z,18.41,594.05
2020-04-11T07:00:00Z,22.07,881.7
2020-04-11T07:30:00Z,22.5,1044.1
2020-04-11T08:00:00Z,24.94,1232.1
2020-04-11T08:30:00Z,23.86,994.35
2020-04-11T09:00:00Z,21.09,1328.1
2020-04-11T09:30:00Z,18.59,1418.8
2020-04-11T10:00:00Z,15.03,888.55
2020-04-11T10:30:00Z,14.13,1151.0
2020-04-11T11:00:00Z,15.439999999999998,1065.8
2020-04-11T11:30:00Z,13.83,1110.55
2020-04-11T12:00:00Z,10.5,1052.85
2020-04-11T12:30:00Z,10.52,1013.3
2020-04-11T13:00:00Z,10.39,1026.15
2020-04-11T13:30:00Z,10.43,1102.4
2020-04-11T14:00:00Z,13.47,965.75
2020-04-11T14:30:00Z,15.27,1065.6
2020-04-11T15:00:00Z,26.8,1866.15
2020-04-11T15:30:00Z,27.0,1315.6
2020-04-11T16:00:00Z,33.65,861.4
2020-04-11T16:30:00Z,36.95,1045.85
2020-04-11T17:00:00Z,35.71,1092.85
2020-04-11T17:30:00Z,34.15,1332.1
2020-04-11T18:00:00Z,33.16,1150.45
2020-04-11T18:30:00Z,32.83,1376.6
2020-04-11T19:00:00Z,34.51,1062.5
2020-04-11T19:30:00Z,34.0,1059.45
2020-04-11T20:00:00Z,34.97,657.4
2020-04-11T20:30:00Z,31.529999999999998,581.2
2020-04-11T21:00:00Z,32.67,943.9
2020-04-11T21:30:00Z,35.64,710.45
2020-04-11T22:00:00Z,34.37,602.0
2020-04-11T22:30:00Z,34.72,487.1
2020-04-11T23:00:00Z,30.859999999999996,648.85
2020-04-11T23:30:00Z,30.98,512.05
2020-04-12T00:00:00Z,31.08,365.55
2020-04-12T00:30:00Z,31.43,360.4
2020-04-12T01:00:00Z,32.55,445.4
2020-04-12T01:30:00Z,32.29,386.0
2020-04-12T02:00:00Z,29.63,449.9
2020-04-12T02:30:00Z,29.47,650.0
2020-04-12T03:00:00Z,29.4,562.9
2020-04-12T03:30:00Z,27.99,540.1
2020-04-12T04:00:00Z,31.330000000000002,387.1
2020-04-12T04:30:00Z,32.09,441.1
2020-04-12T05:00:00Z,32.29,475.75
2020-04-12T05:30:00Z,33.0,509.55
2020-04-12T06:00:00Z,32.79,745.45
2020-04-12T06:30:00Z,33.27,671.6
2020-04-12T07:00:00Z,28.529999999999998,728.75
2020-04-12T07:30:00Z,32.63,730.65
2020-04-12T08:00:00Z,33.79,781.15
2020-04-12T08:30:00Z,33.23,969.55
2020-04-12T09:00:00Z,33.76,998.25
2020-04-12T09:30:00Z,35.11,1635.1
2020-04-12T10:00:00Z,33.93,1572.6
2020-04-12T10:30:00Z,35.19,1780.6
2020-04-12T11:00:00Z,35.68,1692.85
2020-04-12T11:30:00Z,36.40999999999999,1879.15
2020-04-12T12:00:00Z,34.41,1508.95
2020-04-12T12:30:00Z,33.7,1380.75
2020-04-12T13:00:00Z,31.47,1399.15
2020-04-12T13:30:00Z,32.04,1280.35
2020-04-12T14:00:00Z,33.08,1212.75
2020-04-12T14:30:00Z,33.1,862.95
2020-04-12T15:00:00Z,34.46,995.75
2020-04-12T15:30:00Z,35.4,975.1
2020-04-12T16:00:00Z,36.02,1020.2
2020-04-12T16:30:00Z,35.39,1096.55
2020-04-12T17:00:00Z,36.18,1125.5
2020-04-12T17:30:00Z,33.68,1235.1
2020-04-12T18:00:00Z,22.85,1345.1
2020-04-12T18:30:00Z,20.99,1396.9
2020-04-12T19:00:00Z,20.5,1093.75
2020-04-12T19:30:00Z,18.09,1343.1
2020-04-12T20:00:00Z,10.64,1172.75
2020-04-12T20:30:00Z,6.22,1250.15
2020-04-12T21:00:00Z,8.39,1630.1
2020-04-12T21:30:00Z,2.94,1604.7
2020-04-12T22:00:00Z,12.56,734.65
2020-04-12T22:30:00Z,14.88,597.0
2020-04-12T23:00:00Z,10.13,623.75
2020-04-12T23:30:00Z,1.6,526.8
2020-04-13T00:00:00Z,-18.16,633.2
2020-04-13T00:30:00Z,-25.56,687.5
2020-04-13T01:00:00Z,-24.41,738.8
2020-04-13T01:30:00Z,-13.06,836.65
2020-04-13T02:00:00Z,-18.0,678.2
2020-04-13T02:30:00Z,-21.16,679.45
2020-04-13T03:00:00Z,-27.14,679.35
2020-04-13T03:30:00Z,-33.63,710.7
2020-04-13T04:00:00Z,-32.0,829.25
2020-04-13T04:30:00Z,-22.109999999999996,823.55
2020-04-13T05:00:00Z,-23.75,875.75
2020-04-13T05:30:00Z,-15.82,881.3
2020-04-13T06:00:00Z,-11.04,1044.35
2020-04-13T06:30:00Z,0.19,1375.15
2020-04-13T07:00:00Z,-10.2,939.25
2020-04-13T07:30:00Z,-5.56,1202.2
2020-04-13T08:00:00Z,1.03,928.0
2020-04-13T08:30:00Z,1.44,1051.65
2020-04-13T09:00:00Z,4.04,1203.75
2020-04-13T09:30:00Z,12.17,1416.3
2020-04-13T10:00:00Z,22.36,1441.45
2020-04-13T10:30:00Z,22.92,1225.4
2020-04-13T11:00:00Z,26.37,1188.6
2020-04-13T11:30:00Z,27.8,1271.8
2020-04-13T12:00:00Z,30.23,1594.1
2020-04-13T12:30:00Z,29.91,1521.95
2020-04-13T13:00:00Z,28.420000000000005,1415.35
2020-04-13T13:30:00Z,26.75,1671.05
2020-04-13T14:00:00Z,25.13,1008.0
2020-04-13T14:30:00Z,27.990000000000002,1207.75
2020-04-13T15:00:00Z,28.009999999999998,1252.7
2020-04-13T15:30:00Z,22.85,1466.75
2020-04-13T16:00:00Z,28.84,1719.0
2020-04-13T16:30:00Z,37.28,1461.35
2020-04-13T17:00:00Z,36.24,1471.95
2020-04-13T17:30:00Z,36.14,1569.05
2020-04-13T18:00:00Z,35.17,1147.35
2020-04-13T18:30:00Z,35.28000000000001,929.7
2020-04-13T19:00:00Z,36.52,1248.85
2020-04-13T19:30:00Z,30.74,1407.25
2020-04-13T20:00:00Z,33.4,1533.25
2020-04-13T20:30:00Z,32.43,1398.85
2020-04-13T21:00:00Z,31.16,1206.85
2020-04-13T21:30:00Z,32.47,1303.35
2020-04-13T22:00:00Z,36.76,438.7
2020-04-13T22:30:00Z,32.26,398.1
2020-04-13T23:00:00Z,26.83,249.8
2020-04-13T23:30:00Z,18.56,338.05
2020-04-14T00:00:00Z,20.39,399.3
2020-04-14T00:30:00Z,22.19,420.8
2020-04-14T01:00:00Z,23.08,418.25
2020-04-14T01:30:00Z,18.33,737.95
2020-04-14T02:00:00Z,22.16,815.7
2020-04-14T02:30:00Z,23.84,794.95
2020-04-14T03:00:00Z,21.01,855.05
2020-04-14T03:30:00Z,18.85,861.65
2020-04-14T04:00:00Z,22.68,872.75
2020-04-14T04:30:00Z,22.25,958.2
2020-04-14T05:00:00Z,24.86,1073.4
2020-04-14T05:30:00Z,22.79,1697.35
2020-04-14T06:00:00Z,23.23,1222.8
2020-04-14T06:30:00Z,26.5,1192.05
2020-04-14T07:00:00Z,29.329999999999995,1336.55
2020-04-14T07:30:00Z,29.98,1307.0
2020-04-14T08:00:00Z,26.06,1278.0
2020-04-14T08:30:00Z,21.33,1376.15
2020-04-14T09:00:00Z,22.39,1102.9
2020-04-14T09:30:00Z,22.46,1478.45
2020-04-14T10:00:00Z,23.67,982.75
2020-04-14T10:30:00Z,23.19,1359.1
2020-04-14T11:00:00Z,23.74,1274.6
2020-04-14T11:30:00Z,22.27,1399.05
2020-04-14T12:00:00Z,21.56,1368.1
2020-04-14T12:30:00Z,19.0,1507.95
2020-04-14T13:00:00Z,19.68,1868.15
2020-04-14T13:30:00Z,18.71,1873.1
2020-04-14T14:00:00Z,18.32,1433.1
2020-04-14T14:30:00Z,18.47,1322.25
2020-04-14T15:00:00Z,20.36,1437.4
2020-04-14T15:30:00Z,19.709999999999997,1687.75
2020-04-14T16:00:00Z,19.18,1431.7
2020-04-14T16:30:00Z,21.71,1391.3
2020-04-14T17:00:00Z,29.72,1667.95
2020-04-14T17:30:00Z,33.69,1763.7
2020-04-14T18:00:00Z,34.65,1094.9
2020-04-14T18:30:00Z,34.62,937.65
2020-04-14T19:00:00Z,34.74,929.65
2020-04-14T19:30:00Z,34.99,961.55
2020-04-14T20:00:00Z,31.090000000000003,771.45
2020-04-14T20:30:00Z,28.96,629.7
2020-04-14T21:00:00Z,24.392941176470586,771.8
2020-04-14T21:30:00Z,27.47,666.05
2020-04-14T22:00:00Z,26.05,673.75
2020-04-14T22:30:00Z,27.76,612.2
2020-04-14T23:00:00Z,27.55,556.05
2020-04-14T23:30:00Z,18.05,702.55
2020-04-15T00:00:00Z,17.78,653.65
2020-04-15T00:30:00Z,19.29,636.0
2020-04-15T01:00:00Z,20.61,671.45
2020-04-15T01:30:00Z,18.82,608.9
2020-04-15T02:00:00Z,15.97,489.55
2020-04-15T02:30:00Z,15.07,499.45
2020-04-15T03:00:00Z,15.07,547.3
2020-04-15T03:30:00Z,14.539999999999997,628.9
2020-04-15T04:00:00Z,18.51,591.4
2020-04-15T04:30:00Z,22.17,577.85
2020-04-15T05:00:00Z,26.95,918.95
2020-04-15T05:30:00Z,29.430000000000003,1138.3
2020-04-15T06:00:00Z,28.71,610.6
2020-04-15T06:30:00Z,33.33,871.65
2020-04-15T07:00:00Z,32.29,766.9
2020-04-15T07:30:00Z,30.69,995.55
2020-04-15T08:00:00Z,24.45,947.1
2020-04-15T08:30:00Z,20.92,701.85
2020-04-15T09:00:00Z,20.04,711.95
2020-04-15T09:30:00Z,19.62,1039.1
2020-04-15T10:00:00Z,20.82,1463.1
2020-04-15T10:30:00Z,21.49,1480.3
2020-04-15T11:00:00Z,22.22,1434.55
2020-04-15T11:30:00Z,23.539999999999996,1756.65
2020-04-15T12:00:00Z,23.31,1660.5
2020-04-15T12:30:00Z,20.99,1602.6
2020-04-15T13:00:00Z,20.21,1350.15
2020-04-15T13:30:00Z,20.63,1414.95
2020-04-15T14:00:00Z,20.31,1034.75
2020-04-15T14:30:00Z,21.63,1176.6
2020-04-15T15:00:00Z,20.56,1070.2
2020-04-15T15:30:00Z,27.88,1438.25
2020-04-15T16:00:00Z,29.229999999999997,1480.2
2020-04-15T16:30:00Z,33.77,1684.6
2020-04-15T17:00:00Z,34.4,1729.05
2020-04-15T17:30:00Z,35.29,1745.6
2020-04-15T18:00:00Z,37.14,1207.85
2020-04-15T18:30:00Z,36.64,1108.45
2020-04-15T19:00:00Z,32.91,1241.35
2020-04-15T19:30:00Z,31.070000000000004,1309.2
2020-04-15T20:00:00Z,28.83,1452.65
2020-04-15T20:30:00Z,23.0,1162.45
2020-04-15T21:00:00Z,28.13,1071.35
2020-04-15T21:30:00Z,31.07,1209.05
2020-04-15T22:00:00Z,29.14,504.65
2020-04-15T22:30:00Z,27.4,438.05
2020-04-15T23:00:00Z,25.1,453.7
2020-04-15T23:30:00Z,25.25,424.0
2020-04-16T00:00:00Z,22.83,480.1
2020-04-16T00:30:00Z,23.9,466.25
2020-04-16T01:00:00Z,23.94,503.15
2020-04-16T01:30:00Z,21.11,408.0
2020-04-16T02:00:00Z,20.64,247.65
2020-04-16T02:30:00Z,20.03,486.4
2020-04-16T03:00:00Z,22.41,594.9
2020-04-16T03:30:00Z,24.2,687.8
2020-04-16T04:00:00Z,22.730000000000004,412.8
2020-04-16T04:30:00Z,25.34,521.05
2020-04-16T05:00:00Z,21.89,725.9
2020-04-16T05:30:00Z,24.259999999999998,876.35
2020-04-16T06:00:00Z,26.85,1104.75
2020-04-16T06:30:00Z,28.7,1191.6
2020-04-16T07:00:00Z,30.169999999999998,1381.75
2020-04-16T07:30:00Z,30.12,1320.55
2020-04-16T08:00:00Z,26.289999999999996,1264.15
2020-04-16T08:30:00Z,20.24,1416.15
2020-04-16T09:00:00Z,18.52,780.5
2020-04-16T09:30:00Z,16.85,1245.25
2020-04-16T10:00:00Z,19.53,1989.15
2020-04-16T10:30:00Z,20.23,1816.95
2020-04-16T11:00:00Z,19.97,1569.0
2020-04-16T11:30:00Z,20.13,1585.3
2020-04-16T12:00:00Z,20.03,1880.9
2020-04-16T12:30:00Z,17.33,1741.1
2020-04-16T13:00:00Z,16.8,1815.25
2020-04-16T13:30:00Z,15.259999999999998,2239.4
2020-04-16T14:00:00Z,16.85,2099.85
2020-04-16T14:30:00Z,17.33,1931.3
2020-04-16T15:00:00Z,17.58,1964.95
2020-04-16T15:30:00Z,18.56,2118.6
2020-04-16T16:00:00Z,24.73,1579.85
2020-04-16T16:30:00Z,28.27,1532.0
2020-04-16T17:00:00Z,30.01,1950.0
2020-04-16T17:30:00Z,30.4,1989.65
2020-04-16T18:00:00Z,30.010000000000005,1239.95
2020-04-16T18:30:00Z,29.12,990.55
2020-04-16T19:00:00Z,28.63,1072.7
2020-04-16T19:30:00Z,28.639999999999997,1228.5
2020-04-16T20:00:00Z,24.16,826.8
2020-04-16T20:30:00Z,20.5,1177.7
2020-04-16T21:00:00Z,29.93,1221.55
2020-04-16T21:30:00Z,30.85,1782.75
2020-04-16T22:00:00Z,27.34,671.2
2020-04-16T22:30:00Z,16.26,647.35
2020-04-16T23:00:00Z,18.55,499.45
2020-04-16T23:30:00Z,17.57,638.4
2020-04-17T00:00:00Z,16.49,762.0
2020-04-17T00:30:00Z,14.81,804.2
2020-04-17T01:00:00Z,15.609999999999998,856.45
2020-04-17T01:30:00Z,17.31,902.2
2020-04-17T02:00:00Z,20.38,896.7
2020-04-17T02:30:00Z,19.66,804.9
2020-04-17T03:00:00Z,17.81,814.6
2020-04-17T03:30:00Z,17.37,908.1
2020-04-17T04:00:00Z,17.36,764.1
2020-04-17T04:30:00Z,18.77,748.35
2020-04-17T05:00:00Z,18.070000000000004,916.3
2020-04-17T05:30:00Z,18.18,1021.35
2020-04-17T06:00:00Z,20.6,988.65
2020-04-17T06:30:00Z,26.220000000000002,1334.35
2020-04-17T07:00:00Z,23.74,1228.15
2020-04-17T07:30:00Z,24.57,1136.2
2020-04-17T08:00:00Z,26.82,1209.0
2020-04-17T08:30:00Z,27.820000000000004,1318.55
2020-04-17T09:00:00Z,28.18,1639.7
2020-04-17T09:30:00Z,28.62,2142.85
2020-04-17T10:00:00Z,27.27,1262.85
2020-04-17T10:30:00Z,26.39,1142.0
2020-04-17T11:00:00Z,26.97,1170.7
2020-04-17T11:30:00Z,27.13,1152.5
2020-04-17T12:00:00Z,24.46,1442.9
2020-04-17T12:30:00Z,20.34,1248.6
2020-04-17T13:00:00Z,17.12,1429.05
2020-04-17T13:30:00Z,17.01,1518.45
2020-04-17T14:00:00Z,13.96,1401.3
2020-04-17T14:30:00Z,14.14,1124.15
2020-04-17T15:00:00Z,16.38,1658.15
2020-04-17T15:30:00Z,24.37,1735.75
2020-04-17T16:00:00Z,30.49,1635.25
2020-04-17T16:30:00Z,29.9,1348.2
2020-04-17T17:00:00Z,31.06,1729.25
2020-04-17T17:30:00Z,31.05,1725.9
2020-04-17T18:00:00Z,29.79,1080.75
2020-04-17T18:30:00Z,29.520000000000003,1160.45
2020-04-17T19:00:00Z,29.92,1076.3
2020-04-17T19:30:00Z,28.24,1056.3
2020-04-17T20:00:00Z,26.370000000000005,734.35
2020-04-17T20:30:00Z,24.39,990.45
2020-04-17T21:00:00Z,28.750000000000004,1165.85
2020-04-17T21:30:00Z,26.14,1555.55
2020-04-17T22:00:00Z,24.690000000000005,665.1
2020-04-17T22:30:00Z,16.68,400.55
2020-04-17T23:00:00Z,16.1,426.5
2020-04-17T23:30:00Z,14.13,448.6
2020-04-18T00:00:00Z,11.97,493.85
2020-04-18T00:30:00Z,11.41,503.9
2020-04-18T01:00:00Z,12.83,545.7
2020-04-18T01:30:00Z,12.52,608.15
2020-04-18T02:00:00Z,12.47,479.05
2020-04-18T02:30:00Z,12.01,622.8
2020-04-18T03:00:00Z,12.68,463.95
2020-04-18T03:30:00Z,11.29,495.5
2020-04-18T04:00:00Z,10.45,562.15
2020-04-18T04:30:00Z,11.49,764.4
2020-04-18T05:00:00Z,12.2,590.0
2020-04-18T05:30:00Z,12.76,613.1
2020-04-18T06:00:00Z,21.82,1197.0
2020-04-18T06:30:00Z,20.6,1340.9
2020-04-18T07:00:00Z,14.9,864.55
2020-04-18T07:30:00Z,20.38,1214.25
2020-04-18T08:00:00Z,23.12,1417.35
2020-04-18T08:30:00Z,27.35,1209.25
2020-04-18T09:00:00Z,27.46,1713.3
2020-04-18T09:30:00Z,28.9,1895.1
2020-04-18T10:00:00Z,33.37,1598.75
2020-04-18T10:30:00Z,33.71,1645.3
2020-04-18T11:00:00Z,34.87,1383.95
2020-04-18T11:30:00Z,34.94,1489.55
2020-04-18T12:00:00Z,36.41,1504.05
2020-04-18T12:30:00Z,35.4,1175.6
2020-04-18T13:00:00Z,34.64,1026.75
2020-04-18T13:30:00Z,34.81,1197.05
2020-04-18T14:00:00Z,35.41,1143.95
2020-04-18T14:30:00Z,35.27,1132.1
2020-04-18T15:00:00Z,33.91,1497.25
2020-04-18T15:30:00Z,36.23,1240.8
2020-04-18T16:00:00Z,39.03,1147.3
2020-04-18T16:30:00Z,39.31,1145.85
2020-04-18T17:00:00Z,39.81,1169.65
2020-04-18T17:30:00Z,40.66,960.6
2020-04-18T18:00:00Z,40.81,780.6
2020-04-18T18:30:00Z,41.03,1045.25
2020-04-18T19:00:00Z,40.52,1144.75
2020-04-18T19:30:00Z,41.21,1203.65
2020-04-18T20:00:00Z,41.72,1075.4
2020-04-18T20:30:00Z,39.62,1037.15
2020-04-18T21:00:00Z,35.69,1254.05
2020-04-18T21:30:00Z,35.53,1611.7
2020-04-18T22:00:00Z,34.4,1315.15
2020-04-18T22:30:00Z,34.44,944.8
2020-04-18T23:00:00Z,33.08,767.5
2020-04-18T23:30:00Z,31.899999999999995,755.3
2020-04-19T00:00:00Z,32.49,528.65
2020-04-19T00:30:00Z,33.49,601.9
2020-04-19T01:00:00Z,33.08,515.0
2020-04-19T01:30:00Z,32.11,507.0
2020-04-19T02:00:00Z,25.09,397.85
2020-04-19T02:30:00Z,20.09,583.85
2020-04-19T03:00:00Z,21.88,506.0
2020-04-19T03:30:00Z,21.85,389.85
2020-04-19T04:00:00Z,21.45,378.05
2020-04-19T04:30:00Z,23.05,446.65
2020-04-19T05:00:00Z,28.04,570.25
2020-04-19T05:30:00Z,27.990000000000002,750.75
2020-04-19T06:00:00Z,28.23,1075.95
2020-04-19T06:30:00Z,29.14,978.65
2020-04-19T07:00:00Z,27.57,1080.1
2020-04-19T07:30:00Z,27.72,1042.4
2020-04-19T08:00:00Z,24.48,1050.35
2020-04-19T08:30:00Z,23.31,1015.15
2020-04-19T09:00:00Z,20.44,1414.1
2020-04-19T09:30:00Z,21.05,1401.55
2020-04-19T10:00:00Z,6.11,803.05
2020-04-19T10:30:00Z,2.83,749.15
2020-04-19T11:00:00Z,1.73,1046.4
2020-04-19T11:30:00Z,1.29,1466.25
2020-04-19T12:00:00Z,3.22,1775.75
2020-04-19T12:30:00Z,0.0,1210.15
2020-04-19T13:00:00Z,-1.27,1264.75
2020-04-19T13:30:00Z,-1.59,1345.5
2020-04-19T14:00:00Z,0.43,1696.35
2020-04-19T14:30:00Z,7.36,1779.4
2020-04-19T15:00:00Z,10.3,1394.95
2020-04-19T15:30:00Z,16.73,2405.2
2020-04-19T16:00:00Z,22.02,1559.85
2020-04-19T16:30:00Z,24.49,1629.1
2020-04-19T17:00:00Z,25.44,1699.4
2020-04-19T17:30:00Z,25.440000000000005,1625.9
2020-04-19T18:00:00Z,27.68,1534.4
2020-04-19T18:30:00Z,28.29,1375.85
2020-04-19T19:00:00Z,26.78,1342.5
2020-04-19T19:30:00Z,25.289999999999996,1373.1
2020-04-19T20:00:00Z,28.28,1246.35
2020-04-19T20:30:00Z,27.41,820.3
2020-04-19T21:00:00Z,28.76,868.9
2020-04-19T21:30:00Z,24.53,1238.9
2020-04-19T22:00:00Z,24.22,700.25
2020-04-19T22:30:00Z,12.6,736.45
2020-04-19T23:00:00Z,7.82,423.35
2020-04-19T23:30:00Z,4.6,710.7
2020-04-20T00:00:00Z,7.58,631.4
2020-04-20T00:30:00Z,15.86,696.7
2020-04-20T01:00:00Z,18.01,628.05
2020-04-20T01:30:00Z,11.47,514.75
2020-04-20T02:00:00Z,9.41,618.1
2020-04-20T02:30:00Z,6.03,652.85
2020-04-20T03:00:00Z,14.860000000000001,585.9
2020-04-20T03:30:00Z,14.03,768.85
2020-04-20T04:00:00Z,9.95,578.75
2020-04-20T04:30:00Z,17.57,330.15
2020-04-20T05:00:00Z,16.03,693.6
2020-04-20T05:30:00Z,26.87,508.95
2020-04-20T06:00:00Z,13.359999999999998,888.25
2020-04-20T06:30:00Z,18.72,1175.0
2020-04-20T07:00:00Z,13.24,997.5
2020-04-20T07:30:00Z,12.99,1041.55
2020-04-20T08:00:00Z,10.43,1193.1
2020-04-20T08:30:00Z,9.6,1377.35
2020-04-20T09:00:00Z,3.63,1326.75
2020-04-20T09:30:00Z,-3.68,1089.5
2020-04-20T10:00:00Z,-7.31,1063.45
2020-04-20T10:30:00Z,-9.44,1092.1
2020-04-20T11:00:00Z,-9.81,1056.15
2020-04-20T11:30:00Z,-10.35,956.85
2020-04-20T12:00:00Z,-23.83,1113.65
2020-04-20T12:30:00Z,-26.68,1093.25
2020-04-20T13:00:00Z,-31.520000000000003,1180.55
2020-04-20T13:30:00Z,-31.8,1198.55
2020-04-20T14:00:00Z,-30.989999999999995,1282.8
2020-04-20T14:30:00Z,-24.650000000000002,1352.45
2020-04-20T15:00:00Z,-19.2,1529.95
2020-04-20T15:30:00Z,-0.68,1682.2
2020-04-20T16:00:00Z,12.52,1607.05
2020-04-20T16:30:00Z,18.97,1358.55
2020-04-20T17:00:00Z,21.9,1496.75
2020-04-20T17:30:00Z,20.81,1776.1
2020-04-20T18:00:00Z,25.44,1506.25
2020-04-20T18:30:00Z,26.68,1250.35
2020-04-20T19:00:00Z,27.8,1152.7
2020-04-20T19:30:00Z,28.390000000000004,1244.8
2020-04-20T20:00:00Z,14.9,1203.1
2020-04-20T20:30:00Z,12.22,1061.1
2020-04-20T21:00:00Z,21.46,828.7
2020-04-20T21:30:00Z,13.11,919.4
2020-04-20T22:00:00Z,24.48,687.15
2020-04-20T22:30:00Z,7.25,665.75
2020-04-20T23:00:00Z,10.17,792.15
2020-04-20T23:30:00Z,6.62,679.8
2020-04-21T00:00:00Z,9.68,755.2
2020-04-21T00:30:00Z,12.28,873.15
2020-04-21T01:00:00Z,5.89,703.4
2020-04-21T01:30:00Z,2.4,609.9
2020-04-21T02:00:00Z,1.2,564.05
2020-04-21T02:30:00Z,0.07,704.55
2020-04-21T03:00:00Z,2.57,619.35
2020-04-21T03:30:00Z,13.33,754.5
2020-04-21T04:00:00Z,19.13,688.35
2020-04-21T04:30:00Z,23.16,850.9
2020-04-21T05:00:00Z,7.470000000000001,577.5
2020-04-21T05:30:00Z,20.49,845.9
2020-04-21T06:00:00Z,14.27,824.65
2020-04-21T06:30:00Z,27.290000000000003,1236.15
2020-04-21T07:00:00Z,26.670000000000005,1416.45
2020-04-21T07:30:00Z,24.42,1238.45
2020-04-21T08:00:00Z,15.2,1390.2
2020-04-21T08:30:00Z,12.659999999999998,1437.7
2020-04-21T09:00:00Z,18.8,2022.6
2020-04-21T09:30:00Z,11.910000000000002,1835.9
2020-04-21T10:00:00Z,15.19,1681.45
2020-04-21T10:30:00Z,8.7,1524.25
2020-04-21T11:00:00Z,-0.59,1571.25
2020-04-21T11:30:00Z,-9.61,1651.0
2020-04-21T12:00:00Z,-12.63,1683.9
2020-04-21T12:30:00Z,-14.2,1469.35
2020-04-21T13:00:00Z,-18.82,1701.8
2020-04-21T13:30:00Z,-20.18,1763.55
2020-04-21T14:00:00Z,-31.12,882.7
2020-04-21T14:30:00Z,-35.23,986.5
2020-04-21T15:00:00Z,-28.67,1352.4
2020-04-21T15:30:00Z,7.76,2124.65
2020-04-21T16:00:00Z,9.08,1449.5
2020-04-21T16:30:00Z,20.95,1464.45
2020-04-21T17:00:00Z,22.480000000000004,1470.2
2020-04-21T17:30:00Z,25.59,1483.45
2020-04-21T18:00:00Z,28.75,1749.8
2020-04-21T18:30:00Z,28.27,1547.05
2020-04-21T19:00:00Z,29.560000000000002,1275.1
2020-04-21T19:30:00Z,30.71,1426.7
2020-04-21T20:00:00Z,33.75,1468.65
2020-04-21T20:30:00Z,33.44,1090.35
2020-04-21T21:00:00Z,33.0,1130.7
2020-04-21T21:30:00Z,31.229999999999997,1168.2
2020-04-21T22:00:00Z,29.85,941.95
2020-04-21T22:30:00Z,10.05,658.45
2020-04-21T23:00:00Z,17.94,631.2
2020-04-21T23:30:00Z,14.109999999999998,759.3
2020-04-22T00:00:00Z,12.74,813.9
2020-04-22T00:30:00Z,13.27,834.25
2020-04-22T01:00:00Z,8.8,616.75
2020-04-22T01:30:00Z,5.21,705.8
2020-04-22T02:00:00Z,3.53,760.8
2020-04-22T02:30:00Z,2.9999999999999996,811.8
2020-04-22T03:00:00Z,5.24,602.7
2020-04-22T03:30:00Z,9.31,615.75
2020-04-22T04:00:00Z,13.38,529.55
2020-04-22T04:30:00Z,24.3,858.8
2020-04-22T05:00:00Z,17.87,781.8
2020-04-22T05:30:00Z,21.119999999999997,861.35
2020-04-22T06:00:00Z,33.88,1704.65
2020-04-22T06:30:00Z,35.33,1523.05
2020-04-22T07:00:00Z,35.57,1701.45
2020-04-22T07:30:00Z,35.52,1713.15
2020-04-22T08:00:00Z,38.53,1304.4
2020-04-22T08:30:00Z,38.84,1280.3
2020-04-22T09:00:00Z,38.96,1329.15
2020-04-22T09:30:00Z,37.86,1333.4
2020-04-22T10:00:00Z,34.6,1924.8
2020-04-22T10:30:00Z,31.66,1719.2
2020-04-22T11:00:00Z,30.45,1639.8
2020-04-22T11:30:00Z,29.78,1894.3
2020-04-22T12:00:00Z,24.79,1827.35
2020-04-22T12:30:00Z,23.09,1565.55
2020-04-22T13:00:00Z,23.37,1666.45
2020-04-22T13:30:00Z,23.65,1884.65
2020-04-22T14:00:00Z,31.75,1809.25
2020-04-22T14:30:00Z,32.22,1309.75
2020-04-22T15:00:00Z,32.08,1296.7
2020-04-22T15:30:00Z,30.409999999999997,1528.3
2020-04-22T16:00:00Z,33.32,1693.65
2020-04-22T16:30:00Z,35.22,1657.55
2020-04-22T17:00:00Z,35.91,1387.3
2020-04-22T17:30:00Z,37.19,1377.4
2020-04-22T18:00:00Z,37.44,1274.95
2020-04-22T18:30:00Z,36.84,1088.6
2020-04-22T19:00:00Z,37.74,1268.9
2020-04-22T19:30:00Z,37.98,1207.95
2020-04-22T20:00:00Z,34.54,913.1
2020-04-22T20:30:00Z,31.7,1111.75
2020-04-22T21:00:00Z,29.12,1096.25
2020-04-22T21:30:00Z,26.2,1151.3
2020-04-22T22:00:00Z,27.56,752.9
2020-04-22T22:30:00Z,30.33,620.6
2020-04-22T23:00:00Z,29.24,681.15
2020-04-22T23:30:00Z,25.22,659.05
2020-04-23T00:00:00Z,21.94,716.45
2020-04-23T00:30:00Z,25.33,660.7
2020-04-23T01:00:00Z,26.33,742.05
2020-04-23T01:30:00Z,28.08,731.95
2020-04-23T02:00:00Z,30.04,617.25
2020-04-23T02:30:00Z,29.96,527.6
2020-04-23T03:00:00Z,30.76,618.3
2020-04-23T03:30:00Z,31.680000000000003,672.75
2020-04-23T04:00:00Z,31.780000000000005,701.9
2020-04-23T04:30:00Z,31.14,878.65
2020-04-23T05:00:00Z,34.84,1129.85
2020-04-23T05:30:00Z,32.57,1200.7
2020-04-23T06:00:00Z,21.24,1558.0
2020-04-23T06:30:00Z,24.19,1426.05
2020-04-23T07:00:00Z,29.600000000000005,1290.75
2020-04-23T07:30:00Z,33.68,1404.35
2020-04-23T08:00:00Z,32.95,932.45
2020-04-23T08:30:00Z,31.929999999999996,1362.0
2020-04-23T09:00:00Z,24.66,1302.75
2020-04-23T09:30:00Z,25.73,1504.25
2020-04-23T10:00:00Z,23.35,1352.0
2020-04-23T10:30:00Z,26.419999999999998,1409.0
2020-04-23T11:00:00Z,26.969999999999995,1524.85
2020-04-23T11:30:00Z,27.78,1725.05
2020-04-23T12:00:00Z,29.23,1976.75
2020-04-23T12:30:00Z,28.75,1749.85
2020-04-23T13:00:00Z,29.76,1957.45
2020-04-23T13:30:00Z,28.07,2087.85
2020-04-23T14:00:00Z,20.81,866.0
2020-04-23T14:30:00Z,19.87,775.6
2020-04-23T15:00:00Z,17.35,1328.95
2020-04-23T15:30:00Z,22.77,1069.8
2020-04-23T16:00:00Z,31.61,1398.35
2020-04-23T16:30:00Z,40.38,1404.65
2020-04-23T17:00:00Z,45.03,2310.15
2020-04-23T17:30:00Z,39.87,1933.1
2020-04-23T18:00:00Z,38.34,1570.9
2020-04-23T18:30:00Z,36.19,1378.65
2020-04-23T19:00:00Z,32.63,1133.35
2020-04-23T19:30:00Z,31.210000000000004,1273.45
2020-04-23T20:00:00Z,28.55,1618.15
2020-04-23T20:30:00Z,28.17,1485.25
2020-04-23T21:00:00Z,26.19,1444.5
2020-04-23T21:30:00Z,24.51,1606.5
2020-04-23T22:00:00Z,27.21,546.85
2020-04-23T22:30:00Z,28.2,802.15
2020-04-23T23:00:00Z,26.52,475.25
2020-04-23T23:30:00Z,27.860000000000003,747.1
2020-04-24T00:00:00Z,26.94,572.9
2020-04-24T00:30:00Z,27.26,566.5
2020-04-24T01:00:00Z,27.2,581.0
2020-04-24T01:30:00Z,25.5,716.5
2020-04-24T02:00:00Z,23.23,703.15
2020-04-24T02:30:00Z,23.190000000000005,734.9
2020-04-24T03:00:00Z,24.34,723.9
2020-04-24T03:30:00Z,23.129999999999995,709.3
2020-04-24T04:00:00Z,21.12,713.85
2020-04-24T04:30:00Z,21.68,740.4
2020-04-24T05:00:00Z,22.06,964.05
2020-04-24T05:30:00Z,22.19,1195.15
2020-04-24T06:00:00Z,17.68,1183.75
2020-04-24T06:30:00Z,15.38,828.0
2020-04-24T07:00:00Z,19.05,1357.65
2020-04-24T07:30:00Z,23.37,1227.55
2020-04-24T08:00:00Z,22.32,1220.75
2020-04-24T08:30:00Z,22.14,1293.65
2020-04-24T09:00:00Z,17.76,1286.55
2020-04-24T09:30:00Z,16.65,1264.4
2020-04-24T10:00:00Z,18.53,1412.65
2020-04-24T10:30:00Z,20.56,1411.05
2020-04-24T11:00:00Z,20.88,1308.6
2020-04-24T11:30:00Z,18.17,1695.3
2020-04-24T12:00:00Z,14.540000000000001,1207.3
2020-04-24T12:30:00Z,12.950000000000001,1461.2
2020-04-24T13:00:00Z,13.099999999999998,1275.25
2020-04-24T13:30:00Z,13.12,1160.0
2020-04-24T14:00:00Z,13.440000000000001,1394.55
2020-04-24T14:30:00Z,14.3,1078.85
2020-04-24T15:00:00Z,14.88,1040.55
2020-04-24T15:30:00Z,16.42,1282.55
2020-04-24T16:00:00Z,20.12,1145.3
2020-04-24T16:30:00Z,20.95,1549.5
2020-04-24T17:00:00Z,23.38,1618.45
2020-04-24T17:30:00Z,25.57,1522.95
2020-04-24T18:00:00Z,29.19,1040.55
2020-04-24T18:30:00Z,21.139999999999997,987.9
2020-04-24T19:00:00Z,25.3,1224.15
2020-04-24T19:30:00Z,30.36,1212.4
2020-04-24T20:00:00Z,28.869999999999997,1231.75
2020-04-24T20:30:00Z,22.69,1111.6
2020-04-24T21:00:00Z,24.27,1106.15
2020-04-24T21:30:00Z,22.11,1021.45
2020-04-24T22:00:00Z,23.88,1164.7
2020-04-24T22:30:00Z,29.19,221.65
2020-04-24T23:00:00Z,25.36,199.6
2020-04-24T23:30:00Z,24.07,282.1
2020-04-25T00:00:00Z,21.7,253.35
2020-04-25T00:30:00Z,23.55,203.5
2020-04-25T01:00:00Z,25.63,225.0
2020-04-25T01:30:00Z,26.74,311.35
2020-04-25T02:00:00Z,26.1,268.5
2020-04-25T02:30:00Z,27.09,346.3
2020-04-25T03:00:00Z,26.76,319.45
2020-04-25T03:30:00Z,29.059999999999995,387.25
2020-04-25T04:00:00Z,33.65,347.2
2020-04-25T04:30:00Z,33.25,180.95
2020-04-25T05:00:00Z,27.099999999999998,346.05
2020-04-25T05:30:00Z,19.29,328.0
2020-04-25T06:00:00Z,20.99,362.95
2020-04-25T06:30:00Z,24.0,720.35
2020-04-25T07:00:00Z,22.76,467.9
2020-04-25T07:30:00Z,29.73,591.0
2020-04-25T08:00:00Z,31.76,502.45
2020-04-25T08:30:00Z,32.77,545.3
2020-04-25T09:00:00Z,33.12,588.05
2020-04-25T09:30:00Z,33.07,616.0
2020-04-25T10:00:00Z,32.37,937.2
2020-04-25T10:30:00Z,31.520000000000003,806.35
2020-04-25T11:00:00Z,31.54,898.75
2020-04-25T11:30:00Z,29.41,1041.8
2020-04-25T12:00:00Z,23.44,982.1
2020-04-25T12:30:00Z,19.64,855.05
2020-04-25T13:00:00Z,16.98,810.9
2020-04-25T13:30:00Z,15.970000000000002,877.15
2020-04-25T14:00:00Z,12.73,479.4
2020-04-25T14:30:00Z,12.92,479.0
2020-04-25T15:00:00Z,15.660000000000002,602.3
2020-04-25T15:30:00Z,15.86,702.2
2020-04-25T16:00:00Z,21.07,923.55
2020-04-25T16:30:00Z,26.41,746.35
2020-04-25T17:00:00Z,28.34,619.35
2020-04-25T17:30:00Z,31.210000000000004,786.05
2020-04-25T18:00:00Z,34.17,311.4
2020-04-25T18:30:00Z,34.08,501.1
2020-04-25T19:00:00Z,33.91,337.65
2020-04-25T19:30:00Z,35.78,498.5
2020-04-25T20:00:00Z,35.12,1174.4
2020-04-25T20:30:00Z,33.72,913.5
2020-04-25T21:00:00Z,32.34,1146.25
2020-04-25T21:30:00Z,31.3,1354.85
2020-04-25T22:00:00Z,34.78,317.7
2020-04-25T22:30:00Z,32.89,248.85
2020-04-25T23:00:00Z,29.16,259.45
2020-04-25T23:30:00Z,26.49,279.95
2020-04-26T00:00:00Z,25.98,189.7
2020-04-26T00:30:00Z,26.88,326.65
2020-04-26T01:00:00Z,24.199999999999996,344.15
2020-04-26T01:30:00Z,21.94,236.2
2020-04-26T02:00:00Z,15.36,228.8
2020-04-26T02:30:00Z,13.69,230.15
2020-04-26T03:00:00Z,13.42,242.4
2020-04-26T03:30:00Z,12.91,313.05
2020-04-26T04:00:00Z,13.54,208.55
2020-04-26T04:30:00Z,12.7,310.15
2020-04-26T05:00:00Z,12.15,279.25
2020-04-26T05:30:00Z,13.08,262.75
2020-04-26T06:00:00Z,14.31,528.05
2020-04-26T06:30:00Z,14.4,580.0
2020-04-26T07:00:00Z,8.1,668.4
2020-04-26T07:30:00Z,9.61,445.55
2020-04-26T08:00:00Z,10.52,553.9
2020-04-26T08:30:00Z,11.87,518.0
2020-04-26T09:00:00Z,12.870000000000001,688.05
2020-04-26T09:30:00Z,11.75,942.4
2020-04-26T10:00:00Z,14.509999999999998,1284.85
2020-04-26T10:30:00Z,15.99,1230.6
2020-04-26T11:00:00Z,15.44,1157.95
2020-04-26T11:30:00Z,14.880000000000003,1239.45
2020-04-26T12:00:00Z,14.85,1038.85
2020-04-26T12:30:00Z,16.26,1339.1
2020-04-26T13:00:00Z,15.35,1358.95
2020-04-26T13:30:00Z,14.900000000000002,1382.1
2020-04-26T14:00:00Z,15.78,1292.4
2020-04-26T14:30:00Z,19.56,1014.5
2020-04-26T15:00:00Z,23.48,991.3
2020-04-26T15:30:00Z,26.83,1027.55
2020-04-26T16:00:00Z,31.309999999999995,1077.0
2020-04-26T16:30:00Z,31.73,1020.05
2020-04-26T17:00:00Z,32.92,1071.2
2020-04-26T17:30:00Z,33.12,1099.2
2020-04-26T18:00:00Z,35.9,907.5
2020-04-26T18:30:00Z,35.3,872.5
2020-04-26T19:00:00Z,35.28,1090.0
2020-04-26T19:30:00Z,35.58,1031.75
2020-04-26T20:00:00Z,36.67,890.1
2020-04-26T20:30:00Z,31.71,899.0
2020-04-26T21:00:00Z,30.01,643.4
2020-04-26T21:30:00Z,30.14,989.0
2020-04-26T22:00:00Z,27.17,470.35
2020-04-26T22:30:00Z,25.67,279.0
2020-04-26T23:00:00Z,21.84,252.3
2020-04-26T23:30:00Z,19.32,263.9
2020-04-27T00:00:00Z,18.54,319.0
2020-04-27T00:30:00Z,22.100000000000005,408.65
2020-04-27T01:00:00Z,19.99,305.7
2020-04-27T01:30:00Z,18.77,297.65
2020-04-27T02:00:00Z,15.16,399.85
2020-04-27T02:30:00Z,14.45,320.9
2020-04-27T03:00:00Z,16.19,218.7
2020-04-27T03:30:00Z,15.06,316.75
2020-04-27T04:00:00Z,18.02,321.4
2020-04-27T04:30:00Z,19.1,398.25
2020-04-27T05:00:00Z,19.23,509.8
2020-04-27T05:30:00Z,17.02,683.35
2020-04-27T06:00:00Z,15.2,898.45
2020-04-27T06:30:00Z,13.6,968.85
2020-04-27T07:00:00Z,13.48,973.85
2020-04-27T07:30:00Z,16.46,832.9
2020-04-27T08:00:00Z,20.42,1439.35
2020-04-27T08:30:00Z,22.1,1728.35
2020-04-27T09:00:00Z,19.68,1819.1
2020-04-27T09:30:00Z,20.51,1801.35
2020-04-27T10:00:00Z,20.05,908.25
2020-04-27T10:30:00Z,19.52,800.2
2020-04-27T11:00:00Z,19.22,1220.3
2020-04-27T11:30:00Z,21.78,1053.65
2020-04-27T12:00:00Z,21.81,1187.55
2020-04-27T12:30:00Z,19.65,1141.3
2020-04-27T13:00:00Z,19.88,1009.0
2020-04-27T13:30:00Z,19.06,1300.95
2020-04-27T14:00:00Z,19.96,1151.85
2020-04-27T14:30:00Z,21.65,1410.4
2020-04-27T15:00:00Z,19.71,1001.15
2020-04-27T15:30:00Z,21.22,1368.7
2020-04-27T16:00:00Z,32.25,1213.2
2020-04-27T16:30:00Z,36.0,1131.25
2020-04-27T17:00:00Z,35.26,1261.5
2020-04-27T17:30:00Z,32.29,1456.25
2020-04-27T18:00:00Z,26.34,1060.65
2020-04-27T18:30:00Z,22.85,1154.25
2020-04-27T19:00:00Z,26.55,1026.95
2020-04-27T19:30:00Z,25.19,1087.2
2020-04-27T20:00:00Z,23.29,1482.85
2020-04-27T20:30:00Z,18.74,1157.65
2020-04-27T21:00:00Z,20.33,1003.8
2020-04-27T21:30:00Z,22.53,1194.55
2020-04-27T22:00:00Z,27.07,373.7
2020-04-27T22:30:00Z,29.360000000000003,686.45
2020-04-27T23:00:00Z,26.31,397.95
2020-04-27T23:30:00Z,19.22,411.6
2020-04-28T00:00:00Z,23.64,394.15
2020-04-28T00:30:00Z,24.050000000000004,459.45
2020-04-28T01:00:00Z,24.88,458.65
2020-04-28T01:30:00Z,23.21,354.45
2020-04-28T02:00:00Z,22.08,279.75
2020-04-28T02:30:00Z,20.07,346.5
2020-04-28T03:00:00Z,21.04,407.2
2020-04-28T03:30:00Z,24.01,401.7
2020-04-28T04:00:00Z,27.5,447.4
2020-04-28T04:30:00Z,26.76,490.1
2020-04-28T05:00:00Z,27.6,742.45
2020-04-28T05:30:00Z,26.68,679.7
2020-04-28T06:00:00Z,15.24,852.9
2020-04-28T06:30:00Z,21.31,916.15
2020-04-28T07:00:00Z,25.8,1113.85
2020-04-28T07:30:00Z,31.840000000000003,1266.45
2020-04-28T08:00:00Z,30.339999999999996,1186.8
2020-04-28T08:30:00Z,29.02,1095.25
2020-04-28T09:00:00Z,29.43,1099.95
2020-04-28T09:30:00Z,29.95,1035.1
2020-04-28T10:00:00Z,26.04,1210.75
2020-04-28T10:30:00Z,26.410000000000004,1363.5
2020-04-28T11:00:00Z,30.34,1196.1
2020-04-28T11:30:00Z,30.589999999999996,1362.6
2020-04-28T12:00:00Z,30.089999999999996,1322.1
2020-04-28T12:30:00Z,30.43,1322.2
2020-04-28T13:00:00Z,31.180000000000003,1406.3
2020-04-28T13:30:00Z,31.3,1465.6
2020-04-28T14:00:00Z,36.9,1558.2
2020-04-28T14:30:00Z,36.71,1502.3
2020-04-28T15:00:00Z,36.15,1680.8
2020-04-28T15:30:00Z,37.97,1490.35
2020-04-28T16:00:00Z,39.24,1410.95
2020-04-28T16:30:00Z,39.97,1516.35
2020-04-28T17:00:00Z,40.79,1632.75
2020-04-28T17:30:00Z,40.08,1313.65
2020-04-28T18:00:00Z,39.48,1382.2
2020-04-28T18:30:00Z,35.61,1170.35
2020-04-28T19:00:00Z,33.27,828.6
2020-04-28T19:30:00Z,29.76,1042.0
2020-04-28T20:00:00Z,30.51,1070.75
2020-04-28T20:30:00Z,27.53,940.65
2020-04-28T21:00:00Z,26.440000000000005,658.75
2020-04-28T21:30:00Z,22.650000000000002,1471.35
2020-04-28T22:00:00Z,27.820000000000004,665.3
2020-04-28T22:30:00Z,27.21,405.7
2020-04-28T23:00:00Z,23.42,136.4
2020-04-28T23:30:00Z,23.42,136.4
2020-04-29T00:00:00Z,22.58,132.35
2020-04-29T00:30:00Z,16.82,271.2
2020-04-29T01:00:00Z,15.99,318.3
2020-04-29T01:30:00Z,15.74,454.85
2020-04-29T02:00:00Z,20.62,591.0
2020-04-29T02:30:00Z,19.11,658.45
2020-04-29T03:00:00Z,20.5,560.1
2020-04-29T03:30:00Z,20.65,553.45
2020-04-29T04:00:00Z,17.41,351.85
2020-04-29T04:30:00Z,17.16,464.2
2020-04-29T05:00:00Z,20.63,505.9
2020-04-29T05:30:00Z,25.99,955.3
2020-04-29T06:00:00Z,21.789999999999996,887.8
2020-04-29T06:30:00Z,30.25,899.3
2020-04-29T07:00:00Z,27.36,952.85
2020-04-29T07:30:00Z,25.93,1183.55
2020-04-29T08:00:00Z,29.0,1762.95
2020-04-29T08:30:00Z,27.56,1585.45
2020-04-29T09:00:00Z,27.309999999999995,1594.9
2020-04-29T09:30:00Z,28.090000000000003,1734.95
2020-04-29T10:00:00Z,21.7,1509.55
2020-04-29T10:30:00Z,20.07,1584.95
2020-04-29T11:00:00Z,20.18,1716.05
2020-04-29T11:30:00Z,21.95,2018.25
2020-04-29T12:00:00Z,22.41,2536.85
2020-04-29T12:30:00Z,20.46,2313.1
2020-04-29T13:00:00Z,18.97,2034.65
2020-04-29T13:30:00Z,17.98,2222.3
2020-04-29T14:00:00Z,18.0,2090.15
2020-04-29T14:30:00Z,16.69,1929.45
2020-04-29T15:00:00Z,16.47,2228.0
2020-04-29T15:30:00Z,17.81,2294.55
2020-04-29T16:00:00Z,18.73,2403.1
2020-04-29T16:30:00Z,22.22,2695.3
2020-04-29T17:00:00Z,24.45,2068.05
2020-04-29T17:30:00Z,23.92,2090.85
2020-04-29T18:00:00Z,23.939999999999998,1824.5
2020-04-29T18:30:00Z,24.41,1743.55
2020-04-29T19:00:00Z,26.63,1694.8
2020-04-29T19:30:00Z,26.77,1450.8
2020-04-29T20:00:00Z,28.37,1513.95
2020-04-29T20:30:00Z,25.86,1078.65
2020-04-29T21:00:00Z,23.97,1084.5
2020-04-29T21:30:00Z,24.65,1633.25
2020-04-29T22:00:00Z,30.239999999999995,611.4
2020-04-29T22:30:00Z,27.4,447.65
2020-04-29T23:00:00Z,11.32,448.6
2020-04-29T23:30:00Z,12.010000000000002,763.75
2020-04-30T00:00:00Z,15.620000000000001,869.1
2020-04-30T00:30:00Z,13.48,898.85
2020-04-30T01:00:00Z,12.86,948.8
2020-04-30T01:30:00Z,11.84,849.7
2020-04-30T02:00:00Z,7.2,736.35
2020-04-30T02:30:00Z,4.11,1167.4
2020-04-30T03:00:00Z,4.53,1083.15
2020-04-30T03:30:00Z,5.31,1136.15
2020-04-30T04:00:00Z,7.09,1231.85
2020-04-30T04:30:00Z,6.15,991.0
2020-04-30T05:00:00Z,7.34,828.35
2020-04-30T05:30:00Z,9.54,928.85
2020-04-30T06:00:00Z,15.05,1607.6
2020-04-30T06:30:00Z,22.18,1227.1
2020-04-30T07:00:00Z,22.03,1552.55
2020-04-30T07:30:00Z,24.07,1242.9
2020-04-30T08:00:00Z,25.27,1356.1
2020-04-30T08:30:00Z,24.37,1186.35
2020-04-30T09:00:00Z,25.400000000000002,1386.0
2020-04-30T09:30:00Z,26.34,1654.4
2020-04-30T10:00:00Z,26.94,965.05
2020-04-30T10:30:00Z,26.61,808.8
2020-04-30T11:00:00Z,27.59,945.05
2020-04-30T11:30:00Z,28.25,962.15
2020-04-30T12:00:00Z,26.87,1039.85
2020-04-30T12:30:00Z,22.94,1080.8
2020-04-30T13:00:00Z,22.65,827.25
2020-04-30T13:30:00Z,20.62,932.85
2020-04-30T14:00:00Z,12.53,1124.4
2020-04-30T14:30:00Z,10.25,1603.05
2020-04-30T15:00:00Z,18.93,2267.65
2020-04-30T15:30:00Z,20.82,1835.1
2020-04-30T16:00:00Z,22.88,2273.45
2020-04-30T16:30:00Z,26.06,2501.55
2020-04-30T17:00:00Z,26.02,2555.45
2020-04-30T17:30:00Z,23.82,2308.4
2020-04-30T18:00:00Z,17.83,1471.75
2020-04-30T18:30:00Z,19.26,1515.35
2020-04-30T19:00:00Z,23.74,1527.8
2020-04-30T19:30:00Z,24.68,1393.5
2020-04-30T20:00:00Z,26.59,1151.3
2020-04-30T20:30:00Z,16.64,795.1
2020-04-30T21:00:00Z,14.54,975.7
2020-04-30T21:30:00Z,24.04,1173.65
2020-04-30T22:00:00Z,27.79,788.55
2020-04-30T22:30:00Z,27.71,551.1
2020-04-30T23:00:00Z,26.52,497.8
2020-04-30T23:30:00Z,23.83,568.35
2020-05-01T00:00:00Z,20.49,470.4
2020-05-01T00:30:00Z,22.36,429.55
2020-05-01T01:00:00Z,23.28,498.2
2020-05-01T01:30:00Z,19.69,550.9
2020-05-01T02:00:00Z,22.31,426.8
2020-05-01T02:30:00Z,22.98,496.05
2020-05-01T03:00:00Z,23.21,436.8
2020-05-01T03:30:00Z,23.03,339.2
2020-05-01T04:00:00Z,23.41,499.2
2020-05-01T04:30:00Z,20.27,573.1
2020-05-01T05:00:00Z,23.25,618.75
2020-05-01T05:30:00Z,21.58,745.8
2020-05-01T06:00:00Z,23.82,1049.15
2020-05-01T06:30:00Z,27.1,1099.95
2020-05-01T07:00:00Z,30.6,1248.05
2020-05-01T07:30:00Z,33.1,2396.8
2020-05-01T08:00:00Z,32.71,1651.15
2020-05-01T08:30:00Z,32.76,1800.4
2020-05-01T09:00:00Z,32.22,1418.3
2020-05-01T09:30:00Z,32.43,1604.1
2020-05-01T10:00:00Z,33.01,1252.15
2020-05-01T10:30:00Z,32.65,1185.65
2020-05-01T11:00:00Z,33.16,1280.85
2020-05-01T11:30:00Z,32.99,1254.4
2020-05-01T12:00:00Z,30.58,1473.1
2020-05-01T12:30:00Z,30.46,1517.75
2020-05-01T13:00:00Z,28.54,1620.55
2020-05-01T13:30:00Z,28.06,1579.5
2020-05-01T14:00:00Z,23.790000000000003,1550.85
2020-05-01T14:30:00Z,22.72,1364.15
2020-05-01T15:00:00Z,22.489999999999995,1587.4
2020-05-01T15:30:00Z,22.28,1673.3
2020-05-01T16:00:00Z,24.63,1098.35
2020-05-01T16:30:00Z,23.47,1074.6
2020-05-01T17:00:00Z,23.5,1198.45
2020-05-01T17:30:00Z,25.73,1396.5
2020-05-01T18:00:00Z,29.98,1017.65
2020-05-01T18:30:00Z,30.01,926.2
2020-05-01T19:00:00Z,30.799999999999997,1109.35
2020-05-01T19:30:00Z,30.47,1029.0
2020-05-01T20:00:00Z,33.86,603.85
2020-05-01T20:30:00Z,31.14,783.6
2020-05-01T21:00:00Z,27.44,691.05
2020-05-01T21:30:00Z,27.530000000000005,900.55
2020-05-01T22:00:00Z,28.11,851.45
2020-05-01T22:30:00Z,29.7,581.6
2020-05-01T23:00:00Z,28.19,506.05
2020-05-01T23:30:00Z,25.36,598.6
2020-05-02T00:00:00Z,25.069999999999997,444.7
2020-05-02T00:30:00Z,21.8,481.8
2020-05-02T01:00:00Z,21.79,534.8
2020-05-02T01:30:00Z,15.77,648.5
2020-05-02T02:00:00Z,20.32,547.4
2020-05-02T02:30:00Z,19.83,574.4
2020-05-02T03:00:00Z,20.29,524.05
2020-05-02T03:30:00Z,20.91,495.8
2020-05-02T04:00:00Z,21.73,527.3
2020-05-02T04:30:00Z,17.56,557.2
2020-05-02T05:00:00Z,17.19,787.4
2020-05-02T05:30:00Z,15.95,855.9
2020-05-02T06:00:00Z,11.840000000000002,774.1
2020-05-02T06:30:00Z,11.82,764.3
2020-05-02T07:00:00Z,11.22,794.55
2020-05-02T07:30:00Z,12.86,858.15
2020-05-02T08:00:00Z,13.68,904.1
2020-05-02T08:30:00Z,13.1,829.7
2020-05-02T09:00:00Z,12.66,1068.3
2020-05-02T09:30:00Z,16.08,1418.1
2020-05-02T10:00:00Z,22.84,1551.15
2020-05-02T10:30:00Z,23.76,1295.2
2020-05-02T11:00:00Z,25.79,1492.0
2020-05-02T11:30:00Z,26.36,1619.65
2020-05-02T12:00:00Z,26.09,1440.0
2020-05-02T12:30:00Z,25.859999999999996,1583.15
2020-05-02T13:00:00Z,26.22,1530.45
2020-05-02T13:30:00Z,24.44,1594.0
2020-05-02T14:00:00Z,26.470000000000002,1426.0
2020-05-02T14:30:00Z,27.680000000000003,1444.4
2020-05-02T15:00:00Z,28.38,1465.75
2020-05-02T15:30:00Z,26.96,1823.6
2020-05-02T16:00:00Z,29.4,941.55
2020-05-02T16:30:00Z,34.13,1141.5
2020-05-02T17:00:00Z,35.02,819.2
2020-05-02T17:30:00Z,36.19,1133.4
2020-05-02T18:00:00Z,35.27,739.15
2020-05-02T18:30:00Z,34.83,833.0
2020-05-02T19:00:00Z,34.36,874.55
2020-05-02T19:30:00Z,35.38,947.7
2020-05-02T20:00:00Z,35.04,827.55
2020-05-02T20:30:00Z,32.38,877.6
2020-05-02T21:00:00Z,32.78,994.25
2020-05-02T21:30:00Z,31.42,1038.55
2020-05-02T22:00:00Z,30.700000000000003,634.9
2020-05-02T22:30:00Z,31.34,771.6
2020-05-02T23:00:00Z,31.960000000000004,712.25
2020-05-02T23:30:00Z,30.1,438.55
2020-05-03T00:00:00Z,20.23,637.85
2020-05-03T00:30:00Z,24.91,550.65
2020-05-03T01:00:00Z,26.89,487.65
2020-05-03T01:30:00Z,26.79,375.95
2020-05-03T02:00:00Z,27.4,268.95
2020-05-03T02:30:00Z,26.57,258.1
2020-05-03T03:00:00Z,26.08,331.3
2020-05-03T03:30:00Z,25.049999999999997,394.9
2020-05-03T04:00:00Z,25.82,483.95
2020-05-03T04:30:00Z,24.810000000000002,424.2
2020-05-03T05:00:00Z,23.68,411.25
2020-05-03T05:30:00Z,24.24,583.3
2020-05-03T06:00:00Z,26.89,405.15
2020-05-03T06:30:00Z,26.0,476.85
2020-05-03T07:00:00Z,22.75,529.0
2020-05-03T07:30:00Z,21.28,750.5
2020-05-03T08:00:00Z,24.07,841.85
2020-05-03T08:30:00Z,26.57,769.15
2020-05-03T09:00:00Z,29.03,1006.7
2020-05-03T09:30:00Z,30.18,932.65
2020-05-03T10:00:00Z,32.02,1253.25
2020-05-03T10:30:00Z,32.05,1206.45
2020-05-03T11:00:00Z,32.76,1339.95
2020-05-03T11:30:00Z,34.07,1552.35
2020-05-03T12:00:00Z,34.44,1734.65
2020-05-03T12:30:00Z,34.04,1708.05
2020-05-03T13:00:00Z,34.13,1919.95
2020-05-03T13:30:00Z,32.98,1814.3
2020-05-03T14:00:00Z,36.29,1262.45
2020-05-03T14:30:00Z,36.69,1212.1
2020-05-03T15:00:00Z,38.11,1240.45
2020-05-03T15:30:00Z,39.44,1336.2
2020-05-03T16:00:00Z,43.99,1557.45
2020-05-03T16:30:00Z,44.18,1626.55
2020-05-03T17:00:00Z,44.13,1513.55
2020-05-03T17:30:00Z,44.61,1470.3
2020-05-03T18:00:00Z,41.69,1685.8
2020-05-03T18:30:00Z,41.51,1806.7
2020-05-03T19:00:00Z,40.51,1383.2
2020-05-03T19:30:00Z,40.89,1303.8
2020-05-03T20:00:00Z,37.2,1208.05
2020-05-03T20:30:00Z,32.52,1509.95
2020-05-03T21:00:00Z,32.83,943.15
2020-05-03T21:30:00Z,31.15,969.45
2020-05-03T22:00:00Z,30.18,425.45
2020-05-03T22:30:00Z,33.63,321.4
2020-05-03T23:00:00Z,32.56,280.85
2020-05-03T23:30:00Z,31.92,282.1
2020-05-04T00:00:00Z,30.730000000000004,281.45
2020-05-04T00:30:00Z,31.13,403.0
2020-05-04T01:00:00Z,30.780000000000005,369.25
2020-05-04T01:30:00Z,29.63,350.1
2020-05-04T02:00:00Z,31.69,445.65
2020-05-04T02:30:00Z,30.98,409.4
2020-05-04T03:00:00Z,30.560000000000002,442.85
2020-05-04T03:30:00Z,30.25,349.8
2020-05-04T04:00:00Z,28.82,422.5
2020-05-04T04:30:00Z,27.73,407.9
2020-05-04T05:00:00Z,31.43,383.1
2020-05-04T05:30:00Z,29.840000000000003,806.85
2020-05-04T06:00:00Z,33.07,911.1
2020-05-04T06:30:00Z,35.81,508.15
2020-05-04T07:00:00Z,34.42,924.25
2020-05-04T07:30:00Z,34.12,1100.9
2020-05-04T08:00:00Z,33.33,1072.45
2020-05-04T08:30:00Z,32.84,1168.55
2020-05-04T09:00:00Z,31.679999999999996,1316.45
2020-05-04T09:30:00Z,27.74,1372.7
2020-05-04T10:00:00Z,26.820000000000004,1504.55
2020-05-04T10:30:00Z,27.53,1444.0
2020-05-04T11:00:00Z,28.65,1338.9
2020-05-04T11:30:00Z,28.1,1164.25
2020-05-04T12:00:00Z,27.39,1055.8
2020-05-04T12:30:00Z,27.81,1310.25
2020-05-04T13:00:00Z,27.4,1240.6
2020-05-04T13:30:00Z,26.34,1217.15
2020-05-04T14:00:00Z,26.29,1447.45
2020-05-04T14:30:00Z,23.25,1804.75
2020-05-04T15:00:00Z,24.59,2269.0
2020-05-04T15:30:00Z,20.88,2256.2
2020-05-04T16:00:00Z,24.52,1850.3
2020-05-04T16:30:00Z,29.29,1833.35
2020-05-04T17:00:00Z,29.82,2041.15
2020-05-04T17:30:00Z,29.02,1888.0
2020-05-04T18:00:00Z,26.1,1121.5
2020-05-04T18:30:00Z,19.8,1054.25
2020-05-04T19:00:00Z,18.8,997.0
2020-05-04T19:30:00Z,17.9,1380.85
2020-05-04T20:00:00Z,20.72,1948.6
2020-05-04T20:30:00Z,20.88,1964.7
2020-05-04T21:00:00Z,22.3,1898.1
2020-05-04T21:30:00Z,21.01,2025.55
2020-05-04T22:00:00Z,13.47,660.6
2020-05-04T22:30:00Z,6.74,550.25
2020-05-04T23:00:00Z,7.66,470.45
2020-05-04T23:30:00Z,6.74,468.05
2020-05-05T00:00:00Z,6.35,630.25
2020-05-05T00:30:00Z,6.52,525.3
2020-05-05T01:00:00Z,6.06,652.3
2020-05-05T01:30:00Z,4.65,655.75
2020-05-05T02:00:00Z,1.31,554.3
2020-05-05T02:30:00Z,2.23,666.55
2020-05-05T03:00:00Z,7.69,702.85
2020-05-05T03:30:00Z,7.72,457.95
2020-05-05T04:00:00Z,8.2,794.5
2020-05-05T04:30:00Z,7.6,692.2
2020-05-05T05:00:00Z,11.709999999999999,764.75
2020-05-05T05:30:00Z,14.84,783.25
2020-05-05T06:00:00Z,14.93,1024.8
2020-05-05T06:30:00Z,18.18,1153.5
2020-05-05T07:00:00Z,20.6,885.7
2020-05-05T07:30:00Z,24.69,1202.95
2020-05-05T08:00:00Z,26.76,1591.15
2020-05-05T08:30:00Z,26.05,1590.75
2020-05-05T09:00:00Z,24.029999999999998,1553.95
2020-05-05T09:30:00Z,21.52,2140.45
2020-05-05T10:00:00Z,18.01,1271.55
2020-05-05T10:30:00Z,18.97,1522.1
2020-05-05T11:00:00Z,22.7,1608.05
2020-05-05T11:30:00Z,22.61,1641.75
2020-05-05T12:00:00Z,22.37,1685.05
2020-05-05T12:30:00Z,20.39,1319.7
2020-05-05T13:00:00Z,19.01,1306.3
2020-05-05T13:30:00Z,18.5,1380.15
2020-05-05T14:00:00Z,17.83,1078.15
2020-05-05T14:30:00Z,19.71,1282.6
2020-05-05T15:00:00Z,21.63,1550.65
2020-05-05T15:30:00Z,23.82,1509.5
2020-05-05T16:00:00Z,28.58,1148.45
2020-05-05T16:30:00Z,33.83,1005.95
2020-05-05T17:00:00Z,35.27,1138.25
2020-05-05T17:30:00Z,35.05,1325.55
2020-05-05T18:00:00Z,36.38,1182.05
2020-05-05T18:30:00Z,35.91,1194.45
2020-05-05T19:00:00Z,34.67,1025.95
2020-05-05T19:30:00Z,34.2,1020.65
2020-05-05T20:00:00Z,33.03,1108.75
2020-05-05T20:30:00Z,30.650000000000002,1229.6
2020-05-05T21:00:00Z,30.14,1064.45
2020-05-05T21:30:00Z,29.829999999999995,1156.55
2020-05-05T22:00:00Z,19.84,704.15
2020-05-05T22:30:00Z,15.28,401.1
2020-05-05T23:00:00Z,15.199999999999998,379.15
2020-05-05T23:30:00Z,14.65,593.55
2020-05-06T00:00:00Z,15.04,468.25
2020-05-06T00:30:00Z,19.3,368.8
2020-05-06T01:00:00Z,19.94,675.8
2020-05-06T01:30:00Z,20.17,500.95
2020-05-06T02:00:00Z,22.21,273.25
2020-05-06T02:30:00Z,21.21,371.25
2020-05-06T03:00:00Z,24.87,355.7
2020-05-06T03:30:00Z,25.81,401.0
2020-05-06T04:00:00Z,29.48,283.1
2020-05-06T04:30:00Z,28.88,330.75
2020-05-06T05:00:00Z,26.86,695.45
2020-05-06T05:30:00Z,27.98,606.25
2020-05-06T06:00:00Z,23.84,1005.45
2020-05-06T06:30:00Z,25.87,936.95
2020-05-06T07:00:00Z,25.77,1313.7
2020-05-06T07:30:00Z,26.99,1209.5
2020-05-06T08:00:00Z,26.3,1100.8
2020-05-06T08:30:00Z,23.66,1101.45
2020-05-06T09:00:00Z,23.74,883.55
2020-05-06T09:30:00Z,21.25,1213.35
2020-05-06T10:00:00Z,17.95,1026.6
2020-05-06T10:30:00Z,18.9,1171.4
2020-05-06T11:00:00Z,21.55,1059.45
2020-05-06T11:30:00Z,23.89,1446.2
2020-05-06T12:00:00Z,21.19,1330.45
2020-05-06T12:30:00Z,18.99,1164.0
2020-05-06T13:00:00Z,16.7,1234.8
2020-05-06T13:30:00Z,17.24,1132.35
2020-05-06T14:00:00Z,15.740000000000002,1507.45
2020-05-06T14:30:00Z,16.47,1364.85
2020-05-06T15:00:00Z,16.31,1818.1
2020-05-06T15:30:00Z,19.66,1548.05
2020-05-06T16:00:00Z,22.779999999999998,1854.55
2020-05-06T16:30:00Z,22.73,1895.65
2020-05-06T17:00:00Z,25.04,1913.95
2020-05-06T17:30:00Z,27.52,1748.35
2020-05-06T18:00:00Z,26.98,1075.2
2020-05-06T18:30:00Z,29.9,1084.0
2020-05-06T19:00:00Z,29.58,1298.15
2020-05-06T19:30:00Z,30.01,1186.0
2020-05-06T20:00:00Z,31.929999999999996,1077.15
2020-05-06T20:30:00Z,28.06,756.8
2020-05-06T21:00:00Z,27.76,908.9
2020-05-06T21:30:00Z,24.92,918.2
2020-05-06T22:00:00Z,29.349999999999998,1353.55
2020-05-06T22:30:00Z,29.81,781.35
2020-05-06T23:00:00Z,29.42,782.25
2020-05-06T23:30:00Z,29.27,760.55
2020-05-07T00:00:00Z,28.17,592.8
2020-05-07T00:30:00Z,27.92,526.0
2020-05-07T01:00:00Z,28.75,527.3
2020-05-07T01:30:00Z,0.0,0.0
2020-05-07T02:00:00Z,0.0,0.0
2020-05-07T02:30:00Z,0.0,0.0
2020-05-07T03:00:00Z,0.0,0.0
2020-05-07T03:30:00Z,0.0,0.0
2020-05-07T04:00:00Z,0.0,0.0
2020-05-07T04:30:00Z,0.0,0.0
2020-05-07T05:00:00Z,0.0,0.0
2020-05-07T05:30:00Z,0.0,0.0
2020-05-07T06:00:00Z,0.0,0.0
2020-05-07T06:30:00Z,0.0,0.0
2020-05-07T07:00:00Z,0.0,0.0
2020-05-07T07:30:00Z,0.0,0.0
2020-05-07T08:00:00Z,0.0,0.0
2020-05-07T08:30:00Z,30.549999999999997,1360.4
2020-05-07T09:00:00Z,28.909999999999997,1508.8
2020-05-07T09:30:00Z,27.66,1564.9
2020-05-07T10:00:00Z,0.0,0.0
2020-05-07T10:30:00Z,0.0,0.0
2020-05-07T11:00:00Z,0.0,0.0
2020-05-07T11:30:00Z,0.0,0.0
2020-05-07T12:00:00Z,0.0,0.0
2020-05-07T12:30:00Z,25.69,2448.6
2020-05-07T13:00:00Z,23.74,2342.75
2020-05-07T13:30:00Z,22.58,2346.15
2020-05-07T14:00:00Z,26.89,1449.95
2020-05-07T14:30:00Z,29.33,1843.0
2020-05-07T15:00:00Z,28.54,1812.1
2020-05-07T15:30:00Z,28.56,1938.3
2020-05-07T16:00:00Z,33.52,1936.4
2020-05-07T16:30:00Z,34.47,2166.0
2020-05-07T17:00:00Z,35.6,2196.05
2020-05-07T17:30:00Z,0.0,0.0
2020-05-07T18:00:00Z,31.9,2011.25
2020-05-07T18:30:00Z,33.69,1928.9
2020-05-07T19:00:00Z,36.91,1954.8
2020-05-07T19:30:00Z,35.48,2192.8
2020-05-07T20:00:00Z,36.89,1954.5
2020-05-07T20:30:00Z,35.07,1759.65
2020-05-07T21:00:00Z,35.08,1843.8
2020-05-07T21:30:00Z,33.07,1995.05
2020-05-07T22:00:00Z,32.14,767.2
2020-05-07T22:30:00Z,33.48,666.0
2020-05-07T23:00:00Z,32.78,406.95
2020-05-07T23:30:00Z,32.23,417.8
2020-05-08T00:00:00Z,30.65,442.6
2020-05-08T00:30:00Z,31.13,283.95
2020-05-08T01:00:00Z,29.61,405.6
2020-05-08T01:30:00Z,27.78,537.2
2020-05-08T02:00:00Z,31.04,337.8
2020-05-08T02:30:00Z,30.5,406.45
2020-05-08T03:00:00Z,30.28,340.4
2020-05-08T03:30:00Z,29.7,374.9
2020-05-08T04:00:00Z,29.65,311.35
2020-05-08T04:30:00Z,29.09,377.25
2020-05-08T05:00:00Z,26.88,389.0
2020-05-08T05:30:00Z,27.21,517.65
2020-05-08T06:00:00Z,30.67,978.55
2020-05-08T06:30:00Z,29.71,1086.2
2020-05-08T07:00:00Z,28.77,1357.95
2020-05-08T07:30:00Z,30.35,1724.45
2020-05-08T08:00:00Z,31.93,1257.9
2020-05-08T08:30:00Z,31.489999999999995,1455.9
2020-05-08T09:00:00Z,32.33,1281.5
2020-05-08T09:30:00Z,33.43,1553.4
2020-05-08T10:00:00Z,33.8,871.7
2020-05-08T10:30:00Z,33.66,1367.0
2020-05-08T11:00:00Z,34.14,1275.45
2020-05-08T11:30:00Z,34.02,1412.8
2020-05-08T12:00:00Z,28.320000000000004,1185.35
2020-05-08T12:30:00Z,21.41,1408.9
2020-05-08T13:00:00Z,23.81,990.3
2020-05-08T13:30:00Z,23.47,1483.6
2020-05-08T14:00:00Z,20.34,1018.05
2020-05-08T14:30:00Z,20.94,1152.25
2020-05-08T15:00:00Z,22.19,1209.1
2020-05-08T15:30:00Z,25.73,1544.75
2020-05-08T16:00:00Z,24.959999999999997,1476.3
2020-05-08T16:30:00Z,33.08,1466.75
2020-05-08T17:00:00Z,35.1,1658.85
2020-05-08T17:30:00Z,34.08,1650.85
2020-05-08T18:00:00Z,33.74,811.25
2020-05-08T18:30:00Z,34.06,1001.55
2020-05-08T19:00:00Z,35.06,748.2
2020-05-08T19:30:00Z,34.82,803.5
2020-05-08T20:00:00Z,34.36,875.35
2020-05-08T20:30:00Z,32.56,817.65
2020-05-08T21:00:00Z,32.69,1000.1
2020-05-08T21:30:00Z,32.94,1178.3
2020-05-08T22:00:00Z,36.81,849.7
2020-05-08T22:30:00Z,38.17,575.3
2020-05-08T23:00:00Z,38.86,457.4
2020-05-08T23:30:00Z,38.39,628.3
2020-05-09T00:00:00Z,37.02,403.55
2020-05-09T00:30:00Z,36.89,270.2
2020-05-09T01:00:00Z,35.85,288.75
2020-05-09T01:30:00Z,34.73,315.9
2020-05-09T02:00:00Z,30.96,367.65
2020-05-09T02:30:00Z,30.64,358.2
2020-05-09T03:00:00Z,30.47,387.15
2020-05-09T03:30:00Z,30.03,443.4
2020-05-09T04:00:00Z,30.61,264.0
2020-05-09T04:30:00Z,31.619999999999997,312.95
2020-05-09T05:00:00Z,31.27,344.4
2020-05-09T05:30:00Z,34.95,552.85
2020-05-09T06:00:00Z,33.29,941.75
2020-05-09T06:30:00Z,34.57,808.5
2020-05-09T07:00:00Z,34.31,943.85
2020-05-09T07:30:00Z,35.01,747.15
2020-05-09T08:00:00Z,34.01,855.2
2020-05-09T08:30:00Z,34.16,941.7
2020-05-09T09:00:00Z,34.11,890.2
2020-05-09T09:30:00Z,33.49,1066.7
2020-05-09T10:00:00Z,29.76,854.2
2020-05-09T10:30:00Z,31.51,855.1
2020-05-09T11:00:00Z,32.71,1298.3
2020-05-09T11:30:00Z,31.259999999999998,1125.75
2020-05-09T12:00:00Z,29.11,1010.5
2020-05-09T12:30:00Z,25.8,1281.0
2020-05-09T13:00:00Z,22.68,1180.2
2020-05-09T13:30:00Z,22.0,1035.6
2020-05-09T14:00:00Z,20.7,1038.8
2020-05-09T14:30:00Z,20.8,1084.05
2020-05-09T15:00:00Z,27.58,1555.6
2020-05-09T15:30:00Z,28.12,1676.55
2020-05-09T16:00:00Z,34.97,1151.15
2020-05-09T16:30:00Z,36.69,1311.65
2020-05-09T17:00:00Z,36.39,1090.2
2020-05-09T17:30:00Z,35.69,1525.2
2020-05-09T18:00:00Z,35.91,930.25
2020-05-09T18:30:00Z,35.91,836.8
2020-05-09T19:00:00Z,35.05,983.35
2020-05-09T19:30:00Z,35.52,1003.2
2020-05-09T20:00:00Z,35.85,696.35
2020-05-09T20:30:00Z,35.58,913.0
2020-05-09T21:00:00Z,32.75,1563.4
2020-05-09T21:30:00Z,27.37,1617.9
2020-05-09T22:00:00Z,33.42,1174.05
2020-05-09T22:30:00Z,37.47,1005.15
2020-05-09T23:00:00Z,40.14000000000001,951.9
2020-05-09T23:30:00Z,31.44,964.95
2020-05-10T00:00:00Z,33.99,752.0
2020-05-10T00:30:00Z,32.82,812.15
2020-05-10T01:00:00Z,34.05,677.75
2020-05-10T01:30:00Z,33.17,808.0
2020-05-10T02:00:00Z,23.25,806.05
2020-05-10T02:30:00Z,22.67,846.35
2020-05-10T03:00:00Z,21.18,808.95
2020-05-10T03:30:00Z,19.07,796.7
2020-05-10T04:00:00Z,22.1,799.2
2020-05-10T04:30:00Z,18.77,1014.25
2020-05-10T05:00:00Z,19.83,975.5
2020-05-10T05:30:00Z,15.18,1050.2
2020-05-10T06:00:00Z,17.35,1095.0
2020-05-10T06:30:00Z,19.66,1076.85
2020-05-10T07:00:00Z,18.69,1508.55
2020-05-10T07:30:00Z,15.07,1935.4
2020-05-10T08:00:00Z,12.629999999999999,1826.55
2020-05-10T08:30:00Z,12.0,1986.95
2020-05-10T09:00:00Z,11.62,1891.25
2020-05-10T09:30:00Z,12.6,2238.4
2020-05-10T10:00:00Z,6.56,1582.25
2020-05-10T10:30:00Z,11.29,1760.25
2020-05-10T11:00:00Z,8.35,1303.8
2020-05-10T11:30:00Z,12.3,1443.45
2020-05-10T12:00:00Z,15.620000000000001,1664.8
2020-05-10T12:30:00Z,13.75,1719.35
2020-05-10T13:00:00Z,7.04,1738.25
2020-05-10T13:30:00Z,9.96,1946.75
2020-05-10T14:00:00Z,18.04,1242.15
2020-05-10T14:30:00Z,24.06,1134.95
2020-05-10T15:00:00Z,-1.5499999999999998,1324.5
2020-05-10T15:30:00Z,22.110000000000003,1644.15
2020-05-10T16:00:00Z,17.01,1647.8
2020-05-10T16:30:00Z,26.21,1704.55
2020-05-10T17:00:00Z,19.33,1742.25
2020-05-10T17:30:00Z,11.61,1288.6
2020-05-10T18:00:00Z,5.64,987.45
2020-05-10T18:30:00Z,-2.89,1010.25
2020-05-10T19:00:00Z,3.43,1115.95
2020-05-10T19:30:00Z,4.25,1131.8
2020-05-10T20:00:00Z,9.39,1458.65
2020-05-10T20:30:00Z,5.52,1221.5
2020-05-10T21:00:00Z,6.16,1454.45
2020-05-10T21:30:00Z,-1.24,1271.8
2020-05-10T22:00:00Z,1.3,958.0
2020-05-10T22:30:00Z,-4.47,842.35
2020-05-10T23:00:00Z,5.21,1010.25
2020-05-10T23:30:00Z,-1.33,1165.15
2020-05-11T00:00:00Z,-6.27,868.2
2020-05-11T00:30:00Z,-5.7,1049.75
2020-05-11T01:00:00Z,-6.180000000000001,839.7
2020-05-11T01:30:00Z,-5.53,959.7
2020-05-11T02:00:00Z,-9.79,1200.45
2020-05-11T02:30:00Z,-11.95,1453.9
2020-05-11T03:00:00Z,-7.919999999999999,1086.65
2020-05-11T03:30:00Z,-9.48,1038.65
2020-05-11T04:00:00Z,-10.18,924.7
2020-05-11T04:30:00Z,-9.47,1261.45
2020-05-11T05:00:00Z,-5.11,958.9
2020-05-11T05:30:00Z,-3.26,959.2
2020-05-11T06:00:00Z,-1.28,1174.45
2020-05-11T06:30:00Z,1.34,1004.75
2020-05-11T07:00:00Z,2.5,846.8
2020-05-11T07:30:00Z,3.32,1078.3
2020-05-11T08:00:00Z,3.89,1053.2
2020-05-11T08:30:00Z,3.7600000000000002,1136.4
2020-05-11T09:00:00Z,7.67,1540.2
2020-05-11T09:30:00Z,10.23,2219.15
2020-05-11T10:00:00Z,18.04,1525.45
2020-05-11T10:30:00Z,18.06,1926.35
2020-05-11T11:00:00Z,18.47,1561.05
2020-05-11T11:30:00Z,18.64,2117.4
2020-05-11T12:00:00Z,14.519999999999998,1457.85
2020-05-11T12:30:00Z,15.4,1588.9
2020-05-11T13:00:00Z,21.24,1746.95
2020-05-11T13:30:00Z,18.41,1838.5
2020-05-11T14:00:00Z,17.73,1152.75
2020-05-11T14:30:00Z,15.66,1207.45
2020-05-11T15:00:00Z,13.14,1828.2
2020-05-11T15:30:00Z,15.07,1917.6
2020-05-11T16:00:00Z,18.18,1430.7
2020-05-11T16:30:00Z,22.68,1428.8
2020-05-11T17:00:00Z,26.42,1513.15
2020-05-11T17:30:00Z,29.259999999999998,1639.0
2020-05-11T18:00:00Z,31.4,1243.75
2020-05-11T18:30:00Z,31.369999999999997,1104.05
2020-05-11T19:00:00Z,30.87,1012.65
2020-05-11T19:30:00Z,32.18,1236.95
2020-05-11T20:00:00Z,36.1,1397.8
2020-05-11T20:30:00Z,31.500000000000004,1374.4
2020-05-11T21:00:00Z,32.23,1265.95
2020-05-11T21:30:00Z,34.53,1416.4
2020-05-11T22:00:00Z,39.73,714.6
2020-05-11T22:30:00Z,34.38,749.9
2020-05-11T23:00:00Z,30.180000000000003,786.25
2020-05-11T23:30:00Z,31.050000000000004,575.8
2020-05-12T00:00:00Z,36.1,702.65
2020-05-12T00:30:00Z,38.19,615.55
2020-05-12T01:00:00Z,37.6,610.0
2020-05-12T01:30:00Z,36.85,606.6
2020-05-12T02:00:00Z,36.38,577.25
2020-05-12T02:30:00Z,35.35,563.65
2020-05-12T03:00:00Z,32.89,562.75
2020-05-12T03:30:00Z,33.26,687.9
2020-05-12T04:00:00Z,30.720000000000002,660.6
2020-05-12T04:30:00Z,28.17,600.4
2020-05-12T05:00:00Z,30.190000000000005,1145.3
2020-05-12T05:30:00Z,28.08,1061.75
2020-05-12T06:00:00Z,27.17,1800.05
2020-05-12T06:30:00Z,23.34,1324.8
2020-05-12T07:00:00Z,19.57,1248.0
2020-05-12T07:30:00Z,19.32,1515.65
2020-05-12T08:00:00Z,21.23,1504.3
2020-05-12T08:30:00Z,21.66,1376.8
2020-05-12T09:00:00Z,19.7,1418.4
2020-05-12T09:30:00Z,17.42,1446.6
2020-05-12T10:00:00Z,17.74,1970.7
2020-05-12T10:30:00Z,20.16,2259.05
2020-05-12T11:00:00Z,23.57,2061.35
2020-05-12T11:30:00Z,23.08,2076.35
2020-05-12T12:00:00Z,21.06,1943.05
2020-05-12T12:30:00Z,19.34,1958.05
2020-05-12T13:00:00Z,18.59,2172.55
2020-05-12T13:30:00Z,18.63,1988.55
2020-05-12T14:00:00Z,18.74,2257.95
2020-05-12T14:30:00Z,18.4,2312.55
2020-05-12T15:00:00Z,18.34,2678.4
2020-05-12T15:30:00Z,19.22,2609.9
2020-05-12T16:00:00Z,22.11,1968.0
2020-05-12T16:30:00Z,22.79,2418.7
2020-05-12T17:00:00Z,26.06,2342.8
2020-05-12T17:30:00Z,26.66,1900.65
2020-05-12T18:00:00Z,29.13,1753.4
2020-05-12T18:30:00Z,29.819999999999997,1531.55
2020-05-12T19:00:00Z,28.940000000000005,1431.15
2020-05-12T19:30:00Z,28.46,1180.05
2020-05-12T20:00:00Z,28.01,870.35
2020-05-12T20:30:00Z,27.93,837.05
2020-05-12T21:00:00Z,28.04,873.9
2020-05-12T21:30:00Z,0.0,0.0
2020-05-12T22:00:00Z,15.119999999999997,663.45
2020-05-12T22:30:00Z,15.39,920.45
2020-05-12T23:00:00Z,16.85,538.85
2020-05-12T23:30:00Z,15.43,525.5
2020-05-13T00:00:00Z,11.989999999999998,803.0
2020-05-13T00:30:00Z,11.91,747.9
2020-05-13T01:00:00Z,11.7,675.3
2020-05-13T01:30:00Z,10.56,729.65
2020-05-13T02:00:00Z,11.49,695.6
2020-05-13T02:30:00Z,13.020000000000001,664.15
2020-05-13T03:00:00Z,13.81,709.8
2020-05-13T03:30:00Z,14.419999999999998,594.25
2020-05-13T04:00:00Z,13.21,562.65
2020-05-13T04:30:00Z,12.85,583.15
2020-05-13T05:00:00Z,16.93,737.75
2020-05-13T05:30:00Z,17.91,924.75
2020-05-13T06:00:00Z,21.97,1030.95
2020-05-13T06:30:00Z,31.39,865.3
2020-05-13T07:00:00Z,28.53,1268.05
2020-05-13T07:30:00Z,26.74,1204.85
2020-05-13T08:00:00Z,24.48,1426.1
2020-05-13T08:30:00Z,24.3,1351.35
2020-05-13T09:00:00Z,25.65,1416.2
2020-05-13T09:30:00Z,24.85,1618.8
2020-05-13T10:00:00Z,24.29,986.6
2020-05-13T10:30:00Z,27.14,899.15
2020-05-13T11:00:00Z,28.91,968.45
2020-05-13T11:30:00Z,30.7,1437.05
2020-05-13T12:00:00Z,29.399999999999995,1314.2
2020-05-13T12:30:00Z,28.86,1185.55
2020-05-13T13:00:00Z,29.1,1445.0
2020-05-13T13:30:00Z,28.28,1360.35
2020-05-13T14:00:00Z,29.18,1572.45
2020-05-13T14:30:00Z,26.57,1941.2
2020-05-13T15:00:00Z,28.899999999999995,2350.95
2020-05-13T15:30:00Z,29.13,2159.7
2020-05-13T16:00:00Z,30.27,1853.75
2020-05-13T16:30:00Z,31.96,1963.75
2020-05-13T17:00:00Z,28.44,2204.25
2020-05-13T17:30:00Z,29.45,2017.45
2020-05-13T18:00:00Z,25.79,1786.15
2020-05-13T18:30:00Z,25.62,1305.9
2020-05-13T19:00:00Z,25.75,1534.75
2020-05-13T19:30:00Z,26.31,1360.25
2020-05-13T20:00:00Z,28.04,1002.95
2020-05-13T20:30:00Z,24.39,1000.3
2020-05-13T21:00:00Z,22.63,1267.7
2020-05-13T21:30:00Z,26.92,1714.8
2020-05-13T22:00:00Z,32.02,608.8
2020-05-13T22:30:00Z,32.89,836.4
2020-05-13T23:00:00Z,19.21,459.85
2020-05-13T23:30:00Z,18.5,779.0
2020-05-14T00:00:00Z,20.26,717.6
2020-05-14T00:30:00Z,25.709999999999997,686.75
2020-05-14T01:00:00Z,25.21,631.15
2020-05-14T01:30:00Z,24.48,714.35
2020-05-14T02:00:00Z,23.88,621.55
2020-05-14T02:30:00Z,24.22,522.45
2020-05-14T03:00:00Z,23.03,450.8
2020-05-14T03:30:00Z,23.37,478.75
2020-05-14T04:00:00Z,26.300000000000004,376.0
2020-05-14T04:30:00Z,29.41,482.55
2020-05-14T05:00:00Z,32.35,974.25
2020-05-14T05:30:00Z,32.4,974.2
2020-05-14T06:00:00Z,26.48,833.9
2020-05-14T06:30:00Z,31.17,815.15
2020-05-14T07:00:00Z,32.42,695.7
2020-05-14T07:30:00Z,31.97,678.45
2020-05-14T08:00:00Z,30.07,771.4
2020-05-14T08:30:00Z,27.5,1049.15
2020-05-14T09:00:00Z,28.5,1389.35
2020-05-14T09:30:00Z,28.65,1932.35
2020-05-14T10:00:00Z,27.09,890.35
2020-05-14T10:30:00Z,27.97,1019.0
2020-05-14T11:00:00Z,29.12,955.1
2020-05-14T11:30:00Z,29.64,915.1
2020-05-14T12:00:00Z,28.890000000000004,1523.3
2020-05-14T12:30:00Z,25.4,1408.25
2020-05-14T13:00:00Z,23.7,1264.55
2020-05-14T13:30:00Z,21.32,1653.55
2020-05-14T14:00:00Z,14.43,1254.7
2020-05-14T14:30:00Z,14.830000000000002,1205.65
2020-05-14T15:00:00Z,13.88,1723.9
2020-05-14T15:30:00Z,15.76,1296.5
2020-05-14T16:00:00Z,13.16,1614.25
2020-05-14T16:30:00Z,16.13,1647.1
2020-05-14T17:00:00Z,20.48,1586.1
2020-05-14T17:30:00Z,22.05,1859.6
2020-05-14T18:00:00Z,24.96,1586.55
2020-05-14T18:30:00Z,25.3,1353.1
2020-05-14T19:00:00Z,25.31,1122.4
2020-05-14T19:30:00Z,26.07,1283.7
2020-05-14T20:00:00Z,27.170000000000005,1314.0
2020-05-14T20:30:00Z,28.24,1414.3
2020-05-14T21:00:00Z,27.43,1393.2
2020-05-14T21:30:00Z,25.77,1383.8
2020-05-14T22:00:00Z,28.41,675.45
2020-05-14T22:30:00Z,30.49,639.6
2020-05-14T23:00:00Z,25.92,665.95
2020-05-14T23:30:00Z,23.55,424.85
2020-05-15T00:00:00Z,20.44,470.95
2020-05-15T00:30:00Z,21.95,578.9
2020-05-15T01:00:00Z,24.32,647.95
2020-05-15T01:30:00Z,26.81,570.75
2020-05-15T02:00:00Z,24.89,655.9
2020-05-15T02:30:00Z,23.31,583.1
2020-05-15T03:00:00Z,22.79,556.95
2020-05-15T03:30:00Z,22.41,485.7
2020-05-15T04:00:00Z,22.48,455.4
2020-05-15T04:30:00Z,22.29,427.2
2020-05-15T05:00:00Z,21.25,567.45
2020-05-15T05:30:00Z,25.61,788.65
2020-05-15T06:00:00Z,28.81,702.0
2020-05-15T06:30:00Z,32.48,638.2
2020-05-15T07:00:00Z,32.25,626.9
2020-05-15T07:30:00Z,28.35,861.25
2020-05-15T08:00:00Z,22.36,1339.95
2020-05-15T08:30:00Z,22.18,1309.8
2020-05-15T09:00:00Z,20.51,1487.15
2020-05-15T09:30:00Z,22.01,1457.9
2020-05-15T10:00:00Z,21.83,1153.05
2020-05-15T10:30:00Z,21.39,1113.85
2020-05-15T11:00:00Z,22.01,1227.65
2020-05-15T11:30:00Z,21.13,1401.7
2020-05-15T12:00:00Z,21.47,1229.1
2020-05-15T12:30:00Z,21.42,1245.2
2020-05-15T13:00:00Z,18.67,1295.3
2020-05-15T13:30:00Z,17.44,1178.1
2020-05-15T14:00:00Z,14.409999999999998,1243.35
2020-05-15T14:30:00Z,14.790000000000001,1424.6
2020-05-15T15:00:00Z,14.36,1358.35
2020-05-15T15:30:00Z,15.93,1774.65
2020-05-15T16:00:00Z,21.74,1679.0
2020-05-15T16:30:00Z,23.38,1766.5
2020-05-15T17:00:00Z,27.18,1423.4
2020-05-15T17:30:00Z,29.400000000000002,1520.3
2020-05-15T18:00:00Z,28.76,1890.95
2020-05-15T18:30:00Z,27.77,1730.5
2020-05-15T19:00:00Z,29.83,1436.55
2020-05-15T19:30:00Z,30.009999999999998,1504.4
2020-05-15T20:00:00Z,31.36,1518.2
2020-05-15T20:30:00Z,31.06,1649.0
2020-05-15T21:00:00Z,29.64,1716.05
2020-05-15T21:30:00Z,28.12,1857.3
2020-05-15T22:00:00Z,28.23,706.85
2020-05-15T22:30:00Z,29.72,601.6
2020-05-15T23:00:00Z,28.999999999999996,565.8
2020-05-15T23:30:00Z,22.3,398.1
2020-05-16T00:00:00Z,16.01,623.6
2020-05-16T00:30:00Z,15.779999999999998,682.7
2020-05-16T01:00:00Z,15.45,573.15
2020-05-16T01:30:00Z,14.680000000000001,568.6
2020-05-16T02:00:00Z,12.04,641.4
2020-05-16T02:30:00Z,14.16,740.8
2020-05-16T03:00:00Z,12.26,545.0
2020-05-16T03:30:00Z,12.04,573.7
2020-05-16T04:00:00Z,12.46,494.65
2020-05-16T04:30:00Z,12.08,502.2
2020-05-16T05:00:00Z,13.01,545.35
2020-05-16T05:30:00Z,13.78,696.0
2020-05-16T06:00:00Z,23.47,807.3
2020-05-16T06:30:00Z,26.160000000000004,787.45
2020-05-16T07:00:00Z,29.27,1113.0
2020-05-16T07:30:00Z,30.88,1105.05
2020-05-16T08:00:00Z,26.830000000000002,1400.3
2020-05-16T08:30:00Z,26.02,1421.15
2020-05-16T09:00:00Z,22.52,1378.3
2020-05-16T09:30:00Z,21.64,1457.25
2020-05-16T10:00:00Z,13.75,1102.75
2020-05-16T10:30:00Z,13.32,1124.0
2020-05-16T11:00:00Z,13.289999999999997,1298.75
2020-05-16T11:30:00Z,13.41,1224.25
2020-05-16T12:00:00Z,11.66,1282.05
2020-05-16T12:30:00Z,10.55,1255.55
2020-05-16T13:00:00Z,10.92,1173.4
2020-05-16T13:30:00Z,10.61,1228.0
2020-05-16T14:00:00Z,9.58,999.85
2020-05-16T14:30:00Z,9.65,930.75
2020-05-16T15:00:00Z,10.48,1010.05
2020-05-16T15:30:00Z,14.36,1375.7
2020-05-16T16:00:00Z,22.99,1149.05
2020-05-16T16:30:00Z,28.29,1187.4
2020-05-16T17:00:00Z,30.42,996.1
2020-05-16T17:30:00Z,30.59,886.9
2020-05-16T18:00:00Z,34.13,677.55
2020-05-16T18:30:00Z,33.95,645.25
2020-05-16T19:00:00Z,34.8,709.45
2020-05-16T19:30:00Z,35.11,653.35
2020-05-16T20:00:00Z,35.24,486.35
2020-05-16T20:30:00Z,34.81,523.95
2020-05-16T21:00:00Z,34.53,874.1
2020-05-16T21:30:00Z,34.64,927.25
2020-05-16T22:00:00Z,34.67,760.95
2020-05-16T22:30:00Z,32.73,637.95
2020-05-16T23:00:00Z,29.71,389.9
2020-05-16T23:30:00Z,28.52,476.95
2020-05-17T00:00:00Z,31.55,184.55
2020-05-17T00:30:00Z,32.69,265.3
2020-05-17T01:00:00Z,31.050000000000004,273.2
2020-05-17T01:30:00Z,30.400000000000002,322.6
2020-05-17T02:00:00Z,25.88,511.6
2020-05-17T02:30:00Z,23.16,454.3
2020-05-17T03:00:00Z,22.16,612.15
2020-05-17T03:30:00Z,21.8,503.75
2020-05-17T04:00:00Z,21.05,542.1
2020-05-17T04:30:00Z,20.03,603.8
2020-05-17T05:00:00Z,18.27,622.2
2020-05-17T05:30:00Z,17.06,808.75
2020-05-17T06:00:00Z,24.34,672.65
2020-05-17T06:30:00Z,25.23,717.95
2020-05-17T07:00:00Z,23.38,1107.0
2020-05-17T07:30:00Z,26.11,1091.55
2020-05-17T08:00:00Z,27.49,867.45
2020-05-17T08:30:00Z,27.37,908.7
2020-05-17T09:00:00Z,26.8,1163.55
2020-05-17T09:30:00Z,26.949999999999996,815.6
2020-05-17T10:00:00Z,26.300000000000004,1483.9
2020-05-17T10:30:00Z,24.72,1319.75
2020-05-17T11:00:00Z,25.94,1364.1
2020-05-17T11:30:00Z,25.099999999999998,1309.75
2020-05-17T12:00:00Z,14.84,1401.8
2020-05-17T12:30:00Z,12.589999999999998,1523.35
2020-05-17T13:00:00Z,16.43,1733.0
2020-05-17T13:30:00Z,12.88,1333.0
2020-05-17T14:00:00Z,7.07,896.0
2020-05-17T14:30:00Z,6.96,876.95
2020-05-17T15:00:00Z,9.530000000000001,903.4
2020-05-17T15:30:00Z,12.17,1286.6
2020-05-17T16:00:00Z,28.14,1470.85
2020-05-17T16:30:00Z,32.27,1384.05
2020-05-17T17:00:00Z,32.0,1119.0
2020-05-17T17:30:00Z,33.45,1425.75
2020-05-17T18:00:00Z,34.63,1376.5
2020-05-17T18:30:00Z,34.53,1198.75
2020-05-17T19:00:00Z,35.83,1181.3
2020-05-17T19:30:00Z,35.72,1112.95
2020-05-17T20:00:00Z,35.57,1264.5
2020-05-17T20:30:00Z,34.5,1531.1
2020-05-17T21:00:00Z,30.349999999999998,1175.65
2020-05-17T21:30:00Z,27.78,1174.7
2020-05-17T22:00:00Z,24.19,588.1
2020-05-17T22:30:00Z,20.47,509.85
2020-05-17T23:00:00Z,19.45,577.3
2020-05-17T23:30:00Z,13.9,503.85
2020-05-18T00:00:00Z,17.16,536.25
2020-05-18T00:30:00Z,13.62,460.15
2020-05-18T01:00:00Z,12.8,604.35
2020-05-18T01:30:00Z,11.81,528.6
2020-05-18T02:00:00Z,21.56,534.05
2020-05-18T02:30:00Z,20.22,500.35
2020-05-18T03:00:00Z,19.4,891.65
2020-05-18T03:30:00Z,17.88,803.45
2020-05-18T04:00:00Z,29.62,551.15
2020-05-18T04:30:00Z,30.26,444.05
2020-05-18T05:00:00Z,28.959999999999997,690.55
2020-05-18T05:30:00Z,28.6,642.6
2020-05-18T06:00:00Z,22.96,1305.3
2020-05-18T06:30:00Z,29.53,1303.6
2020-05-18T07:00:00Z,31.43,1453.55
2020-05-18T07:30:00Z,31.04,1091.45
2020-05-18T08:00:00Z,31.92,1510.85
2020-05-18T08:30:00Z,31.43,1652.05
2020-05-18T09:00:00Z,30.32,1916.3
2020-05-18T09:30:00Z,29.61,1647.9
2020-05-18T10:00:00Z,26.78,1299.3
2020-05-18T10:30:00Z,21.150000000000002,1655.45
2020-05-18T11:00:00Z,23.33,1703.75
2020-05-18T11:30:00Z,26.550000000000004,1478.15
2020-05-18T12:00:00Z,19.56,1707.9
2020-05-18T12:30:00Z,15.62,1336.75
2020-05-18T13:00:00Z,15.56,1486.4
2020-05-18T13:30:00Z,16.14,1426.0
2020-05-18T14:00:00Z,18.06,1282.15
2020-05-18T14:30:00Z,20.58,1465.0
2020-05-18T15:00:00Z,16.9,1544.95
2020-05-18T15:30:00Z,27.13,1794.95
2020-05-18T16:00:00Z,33.4,1445.9
2020-05-18T16:30:00Z,34.86,1073.1
2020-05-18T17:00:00Z,35.03,965.05
2020-05-18T17:30:00Z,35.21,1236.05
2020-05-18T18:00:00Z,34.48,1465.6
2020-05-18T18:30:00Z,34.84,1383.65
2020-05-18T19:00:00Z,34.26,1164.85
2020-05-18T19:30:00Z,34.4,1212.95
2020-05-18T20:00:00Z,34.22,986.35
2020-05-18T20:30:00Z,34.04,991.25
2020-05-18T21:00:00Z,32.94,996.75
2020-05-18T21:30:00Z,30.84,1182.85
2020-05-18T22:00:00Z,24.67,504.7
2020-05-18T22:30:00Z,23.2,547.85
2020-05-18T23:00:00Z,18.67,509.0
2020-05-18T23:30:00Z,16.15,418.0
2020-05-19T00:00:00Z,14.400000000000002,578.0
2020-05-19T00:30:00Z,15.85,587.4
2020-05-19T01:00:00Z,13.43,511.15
2020-05-19T01:30:00Z,12.14,446.3
2020-05-19T02:00:00Z,11.5,375.65
2020-05-19T02:30:00Z,10.55,454.65
2020-05-19T03:00:00Z,11.21,406.3
2020-05-19T03:30:00Z,12.46,466.85
2020-05-19T04:00:00Z,19.81,349.6
2020-05-19T04:30:00Z,16.57,286.45
2020-05-19T05:00:00Z,16.45,390.7
2020-05-19T05:30:00Z,20.45,797.3
2020-05-19T06:00:00Z,21.07,999.4
2020-05-19T06:30:00Z,22.31,767.9
2020-05-19T07:00:00Z,30.38,1037.35
2020-05-19T07:30:00Z,30.850000000000005,962.3
2020-05-19T08:00:00Z,31.940000000000005,1167.15
2020-05-19T08:30:00Z,30.82,1272.1
2020-05-19T09:00:00Z,31.53,981.25
2020-05-19T09:30:00Z,31.24,1155.8
2020-05-19T10:00:00Z,30.199999999999996,1260.05
2020-05-19T10:30:00Z,30.4,936.0
2020-05-19T11:00:00Z,31.44,1056.8
2020-05-19T11:30:00Z,31.53,1448.15
2020-05-19T12:00:00Z,25.01,840.2
2020-05-19T12:30:00Z,20.03,826.4
2020-05-19T13:00:00Z,18.96,774.15
2020-05-19T13:30:00Z,18.91,953.8
2020-05-19T14:00:00Z,20.56,961.1
2020-05-19T14:30:00Z,19.23,1008.45
2020-05-19T15:00:00Z,15.1,1130.4
2020-05-19T15:30:00Z,18.25,1240.95
2020-05-19T16:00:00Z,24.35,1373.1
2020-05-19T16:30:00Z,28.319999999999997,1760.0
2020-05-19T17:00:00Z,31.500000000000004,1203.9
2020-05-19T17:30:00Z,31.539999999999996,1151.6
2020-05-19T18:00:00Z,32.3,1239.5
2020-05-19T18:30:00Z,32.97,1161.85
2020-05-19T19:00:00Z,33.2,921.35
2020-05-19T19:30:00Z,33.71,989.5
2020-05-19T20:00:00Z,33.07,892.3
2020-05-19T20:30:00Z,31.37,1008.75
2020-05-19T21:00:00Z,29.980000000000004,1166.1
2020-05-19T21:30:00Z,28.8,1429.85
2020-05-19T22:00:00Z,26.62,1072.15
2020-05-19T22:30:00Z,28.08,951.1
2020-05-19T23:00:00Z,28.53,377.55
2020-05-19T23:30:00Z,27.18,381.55
2020-05-20T00:00:00Z,27.909999999999997,455.5
2020-05-20T00:30:00Z,27.77,411.3
2020-05-20T01:00:00Z,25.41,358.8
2020-05-20T01:30:00Z,23.15,399.7
2020-05-20T02:00:00Z,24.56,634.4
2020-05-20T02:30:00Z,22.12,393.4
2020-05-20T03:00:00Z,19.75,537.25
2020-05-20T03:30:00Z,18.61,487.45
2020-05-20T04:00:00Z,17.08,433.75
2020-05-20T04:30:00Z,15.72,418.0
2020-05-20T05:00:00Z,18.18,505.7
2020-05-20T05:30:00Z,27.34,939.5
2020-05-20T06:00:00Z,24.98,848.85
2020-05-20T06:30:00Z,31.44,643.2
2020-05-20T07:00:00Z,32.32,984.65
2020-05-20T07:30:00Z,32.54,1547.1
2020-05-20T08:00:00Z,30.21,998.75
2020-05-20T08:30:00Z,29.359999999999996,1166.05
2020-05-20T09:00:00Z,26.15,990.35
2020-05-20T09:30:00Z,24.67,953.3
2020-05-20T10:00:00Z,22.5,971.85
2020-05-20T10:30:00Z,24.67,1252.45
2020-05-20T11:00:00Z,26.42,1490.7
2020-05-20T11:30:00Z,25.84,1842.95
2020-05-20T12:00:00Z,21.77,1402.9
2020-05-20T12:30:00Z,20.32,1411.9
2020-05-20T13:00:00Z,18.43,1324.2
2020-05-20T13:30:00Z,17.04,1269.95
2020-05-20T14:00:00Z,15.64,1212.2
2020-05-20T14:30:00Z,18.29,1472.8
2020-05-20T15:00:00Z,21.68,1639.95
2020-05-20T15:30:00Z,23.69,1700.15
2020-05-20T16:00:00Z,29.84,1679.25
2020-05-20T16:30:00Z,29.89,1849.35
2020-05-20T17:00:00Z,29.07,1894.4
2020-05-20T17:30:00Z,27.99,2298.0
2020-05-20T18:00:00Z,33.47,1249.7
2020-05-20T18:30:00Z,33.51,1247.45
2020-05-20T19:00:00Z,32.66,921.3
2020-05-20T19:30:00Z,32.72,1056.2
2020-05-20T20:00:00Z,28.78,1062.9
2020-05-20T20:30:00Z,26.45,1096.15
2020-05-20T21:00:00Z,25.73,1225.35
2020-05-20T21:30:00Z,26.579999999999995,1419.2
2020-05-20T22:00:00Z,28.48,565.55
2020-05-20T22:30:00Z,25.03,690.95
2020-05-20T23:00:00Z,21.04,386.55
2020-05-20T23:30:00Z,16.87,558.85
2020-05-21T00:00:00Z,17.02,552.65
2020-05-21T00:30:00Z,17.95,675.3
2020-05-21T01:00:00Z,16.12,672.25
2020-05-21T01:30:00Z,14.779999999999998,570.35
2020-05-21T02:00:00Z,16.49,641.25
2020-05-21T02:30:00Z,14.4,558.3
2020-05-21T03:00:00Z,14.83,638.15
2020-05-21T03:30:00Z,14.72,536.25
2020-05-21T04:00:00Z,13.96,412.85
2020-05-21T04:30:00Z,14.7,500.75
2020-05-21T05:00:00Z,13.45,510.1
2020-05-21T05:30:00Z,14.55,953.05
2020-05-21T06:00:00Z,12.45,614.25
2020-05-21T06:30:00Z,16.08,772.9
2020-05-21T07:00:00Z,22.269999999999996,835.65
2020-05-21T07:30:00Z,26.41,1031.35
2020-05-21T08:00:00Z,29.76,1096.4
2020-05-21T08:30:00Z,29.840000000000003,1116.05
2020-05-21T09:00:00Z,29.62,1083.5
2020-05-21T09:30:00Z,28.26,1379.8
2020-05-21T10:00:00Z,22.03,1027.15
2020-05-21T10:30:00Z,20.06,1490.8
2020-05-21T11:00:00Z,22.37,1239.8
2020-05-21T11:30:00Z,23.92,1313.25
2020-05-21T12:00:00Z,24.390000000000004,1499.75
2020-05-21T12:30:00Z,21.38,1504.35
2020-05-21T13:00:00Z,21.37,1541.75
2020-05-21T13:30:00Z,24.49,1771.45
2020-05-21T14:00:00Z,26.03,1242.35
2020-05-21T14:30:00Z,25.31,1889.85
2020-05-21T15:00:00Z,24.780000000000005,1454.4
2020-05-21T15:30:00Z,23.38,1402.2
2020-05-21T16:00:00Z,25.39,1049.8
2020-05-21T16:30:00Z,28.31,1078.0
2020-05-21T17:00:00Z,29.83,986.85
2020-05-21T17:30:00Z,30.970000000000002,1218.2
2020-05-21T18:00:00Z,25.47,1262.65
2020-05-21T18:30:00Z,23.22,969.7
2020-05-21T19:00:00Z,22.37,950.35
2020-05-21T19:30:00Z,19.82,1159.9
2020-05-21T20:00:00Z,19.69,1528.6
2020-05-21T20:30:00Z,17.94,1852.4
2020-05-21T21:00:00Z,17.87,2332.05
2020-05-21T21:30:00Z,19.94,3200.05
2020-05-21T22:00:00Z,16.7,1134.4
2020-05-21T22:30:00Z,15.16,1166.5
2020-05-21T23:00:00Z,15.99,963.8
2020-05-21T23:30:00Z,4.9,1067.05
2020-05-22T00:00:00Z,12.55,1080.55
2020-05-22T00:30:00Z,4.09,934.9
2020-05-22T01:00:00Z,6.83,945.65
2020-05-22T01:30:00Z,-6.03,704.5
2020-05-22T02:00:00Z,-26.7,744.35
2020-05-22T02:30:00Z,-33.12,680.8
2020-05-22T03:00:00Z,-41.04,1031.45
2020-05-22T03:30:00Z,-41.11,917.8
2020-05-22T04:00:00Z,-53.02,1123.65
2020-05-22T04:30:00Z,-52.03,968.55
2020-05-22T05:00:00Z,-51.75,953.15
2020-05-22T05:30:00Z,-45.62,986.5
2020-05-22T06:00:00Z,-51.46,1272.45
2020-05-22T06:30:00Z,-36.88,1342.8
2020-05-22T07:00:00Z,-31.43,1584.45
2020-05-22T07:30:00Z,-22.95,1590.9
2020-05-22T08:00:00Z,8.92,1566.6
2020-05-22T08:30:00Z,5.75,1607.4
2020-05-22T09:00:00Z,11.64,2003.3
2020-05-22T09:30:00Z,0.03,2082.8
2020-05-22T10:00:00Z,-2.05,1683.2
2020-05-22T10:30:00Z,0.32,1761.95
2020-05-22T11:00:00Z,6.51,1787.35
2020-05-22T11:30:00Z,-0.29,1954.7
2020-05-22T12:00:00Z,-20.48,1347.85
2020-05-22T12:30:00Z,-26.860000000000003,1279.15
2020-05-22T13:00:00Z,-27.3,1520.55
2020-05-22T13:30:00Z,-28.14,1649.4
2020-05-22T14:00:00Z,-42.61,1655.65
2020-05-22T14:30:00Z,-29.199999999999996,1496.5
2020-05-22T15:00:00Z,-22.16,1902.85
2020-05-22T15:30:00Z,-2.75,1889.0
2020-05-22T16:00:00Z,-4.29,1534.1
2020-05-22T16:30:00Z,6.73,1628.75
2020-05-22T17:00:00Z,-1.46,2041.85
2020-05-22T17:30:00Z,2.96,1996.7
2020-05-22T18:00:00Z,8.0,1874.4
2020-05-22T18:30:00Z,6.56,1771.35
2020-05-22T19:00:00Z,8.94,1997.2
2020-05-22T19:30:00Z,12.36,2275.95
2020-05-22T20:00:00Z,17.06,1900.6
2020-05-22T20:30:00Z,13.79,1701.5
2020-05-22T21:00:00Z,23.25,2330.15
2020-05-22T21:30:00Z,18.88,2121.85
2020-05-22T22:00:00Z,21.79,1400.3
2020-05-22T22:30:00Z,6.81,1177.0
2020-05-22T23:00:00Z,5.39,1093.85
2020-05-22T23:30:00Z,4.0,1130.75
2020-05-23T00:00:00Z,13.150000000000002,888.2
2020-05-23T00:30:00Z,26.28,930.75
2020-05-23T01:00:00Z,22.46,1023.95
2020-05-23T01:30:00Z,19.08,888.1
2020-05-23T02:00:00Z,16.28,950.7
2020-05-23T02:30:00Z,10.36,703.35
2020-05-23T03:00:00Z,7.9,935.8
2020-05-23T03:30:00Z,4.34,950.65
2020-05-23T04:00:00Z,4.52,810.2
2020-05-23T04:30:00Z,4.87,691.6
2020-05-23T05:00:00Z,7.79,797.0
2020-05-23T05:30:00Z,10.93,820.95
2020-05-23T06:00:00Z,13.8,923.8
2020-05-23T06:30:00Z,19.08,1227.15
2020-05-23T07:00:00Z,11.57,1337.8
2020-05-23T07:30:00Z,5.05,1264.65
2020-05-23T08:00:00Z,10.380000000000003,1598.25
2020-05-23T08:30:00Z,14.14,1525.25
2020-05-23T09:00:00Z,14.36,1725.05
2020-05-23T09:30:00Z,12.36,1511.45
2020-05-23T10:00:00Z,2.89,1401.65
2020-05-23T10:30:00Z,4.05,1476.65
2020-05-23T11:00:00Z,7.02,1836.7
2020-05-23T11:30:00Z,7.49,1793.4
2020-05-23T12:00:00Z,11.45,1620.1
2020-05-23T12:30:00Z,13.26,1611.4
2020-05-23T13:00:00Z,9.46,1920.45
2020-05-23T13:30:00Z,6.66,1705.25
2020-05-23T14:00:00Z,18.86,1432.4
2020-05-23T14:30:00Z,17.6,1259.45
2020-05-23T15:00:00Z,-7.27,1599.2
2020-05-23T15:30:00Z,12.8,1663.9
2020-05-23T16:00:00Z,24.600000000000005,1642.4
2020-05-23T16:30:00Z,23.97,1854.2
2020-05-23T17:00:00Z,2.76,2267.15
2020-05-23T17:30:00Z,14.05,2090.3
2020-05-23T18:00:00Z,22.87,1032.7
2020-05-23T18:30:00Z,18.610000000000003,915.55
2020-05-23T19:00:00Z,9.88,956.7
2020-05-23T19:30:00Z,14.08,839.4
2020-05-23T20:00:00Z,16.27,925.9
2020-05-23T20:30:00Z,18.03,1092.15
2020-05-23T21:00:00Z,21.93,1040.3
2020-05-23T21:30:00Z,19.42,1203.9
2020-05-23T22:00:00Z,12.39,1078.6
2020-05-23T22:30:00Z,-0.49,625.5
2020-05-23T23:00:00Z,9.87,749.7
2020-05-23T23:30:00Z,13.01,807.8
2020-05-24T00:00:00Z,6.62,796.4
2020-05-24T00:30:00Z,-3.25,572.95
2020-05-24T01:00:00Z,-15.52,711.8
2020-05-24T01:30:00Z,-16.3,791.75
2020-05-24T02:00:00Z,-32.93,828.5
2020-05-24T02:30:00Z,-30.13,933.45
2020-05-24T03:00:00Z,-28.88,917.65
2020-05-24T03:30:00Z,-31.58,687.5
2020-05-24T04:00:00Z,-27.01,870.6
2020-05-24T04:30:00Z,-22.54,890.9
2020-05-24T05:00:00Z,-22.620000000000005,813.5
2020-05-24T05:30:00Z,-16.4,1039.15
2020-05-24T06:00:00Z,-21.11,1063.7
2020-05-24T06:30:00Z,-25.49,893.45
2020-05-24T07:00:00Z,-26.52,910.2
2020-05-24T07:30:00Z,-21.33,914.25
2020-05-24T08:00:00Z,-36.28,1126.3
2020-05-24T08:30:00Z,-16.81,1290.7
2020-05-24T09:00:00Z,-5.29,1195.6
2020-05-24T09:30:00Z,-0.9699999999999999,1110.7
2020-05-24T10:00:00Z,-26.22,922.75
2020-05-24T10:30:00Z,-17.08,769.85
2020-05-24T11:00:00Z,-29.32,966.0
2020-05-24T11:30:00Z,-23.95,781.7
2020-05-24T12:00:00Z,-22.54,1002.75
2020-05-24T12:30:00Z,-21.21,920.85
2020-05-24T13:00:00Z,-15.76,1162.15
2020-05-24T13:30:00Z,-15.53,934.7
2020-05-24T14:00:00Z,-3.04,1063.3
2020-05-24T14:30:00Z,-1.86,1201.8
2020-05-24T15:00:00Z,-4.35,1160.8
2020-05-24T15:30:00Z,10.28,1430.95
2020-05-24T16:00:00Z,18.99,1213.35
2020-05-24T16:30:00Z,30.26,1059.35
2020-05-24T17:00:00Z,32.24,1303.85
2020-05-24T17:30:00Z,30.13,1685.4
2020-05-24T18:00:00Z,33.52,1151.05
2020-05-24T18:30:00Z,34.26,914.9
2020-05-24T19:00:00Z,36.01,1037.2
2020-05-24T19:30:00Z,35.82,1082.55
2020-05-24T20:00:00Z,37.17,1051.6
2020-05-24T20:30:00Z,36.28,998.4
2020-05-24T21:00:00Z,32.61,1042.3
2020-05-24T21:30:00Z,34.82,1146.85
2020-05-24T22:00:00Z,48.56,472.95
2020-05-24T22:30:00Z,45.64,477.2
2020-05-24T23:00:00Z,41.9,318.3
2020-05-24T23:30:00Z,41.059999999999995,444.2
2020-05-25T00:00:00Z,42.0,376.75
2020-05-25T00:30:00Z,42.34,452.6
2020-05-25T01:00:00Z,41.39,475.1
2020-05-25T01:30:00Z,41.05,626.8
2020-05-25T02:00:00Z,38.9,357.45
2020-05-25T02:30:00Z,36.14,523.55
2020-05-25T03:00:00Z,36.88,417.75
2020-05-25T03:30:00Z,35.79,468.4
2020-05-25T04:00:00Z,30.790000000000003,590.3
2020-05-25T04:30:00Z,37.36,636.0
2020-05-25T05:00:00Z,36.48,710.45
2020-05-25T05:30:00Z,38.03,1038.4
2020-05-25T06:00:00Z,38.34,836.75
2020-05-25T06:30:00Z,35.35,997.85
2020-05-25T07:00:00Z,36.44,897.45
2020-05-25T07:30:00Z,37.47,946.1
2020-05-25T08:00:00Z,35.16,1496.8
2020-05-25T08:30:00Z,34.93,1788.25
2020-05-25T09:00:00Z,32.58,1506.5
2020-05-25T09:30:00Z,29.48,1423.35
2020-05-25T10:00:00Z,21.73,1092.25
2020-05-25T10:30:00Z,21.61,1124.9
2020-05-25T11:00:00Z,20.55,1292.3
2020-05-25T11:30:00Z,19.19,1203.95
2020-05-25T12:00:00Z,17.98,1255.7
2020-05-25T12:30:00Z,16.43,1245.45
2020-05-25T13:00:00Z,17.62,1392.05
2020-05-25T13:30:00Z,15.56,1437.5
2020-05-25T14:00:00Z,12.71,1057.95
2020-05-25T14:30:00Z,13.51,1220.25
2020-05-25T15:00:00Z,12.24,1441.25
2020-05-25T15:30:00Z,15.039999999999997,1435.45
2020-05-25T16:00:00Z,15.139999999999999,1254.8
2020-05-25T16:30:00Z,18.65,1130.95
2020-05-25T17:00:00Z,20.56,1541.3
2020-05-25T17:30:00Z,24.38,1790.95
2020-05-25T18:00:00Z,32.95,1461.05
2020-05-25T18:30:00Z,33.19,1250.85
2020-05-25T19:00:00Z,34.67,1055.7
2020-05-25T19:30:00Z,36.07,1105.4
2020-05-25T20:00:00Z,38.57000000000001,917.8
2020-05-25T20:30:00Z,38.76,976.35
2020-05-25T21:00:00Z,38.53,1027.3
2020-05-25T21:30:00Z,37.75,971.7
2020-05-25T22:00:00Z,37.02,1276.6
2020-05-25T22:30:00Z,30.78,1026.1
2020-05-25T23:00:00Z,28.19,1016.8
2020-05-25T23:30:00Z,27.240000000000002,822.85
2020-05-26T00:00:00Z,25.659999999999997,753.75
2020-05-26T00:30:00Z,26.27,634.0
2020-05-26T01:00:00Z,29.6,731.0
2020-05-26T01:30:00Z,27.64,600.2
2020-05-26T02:00:00Z,27.25,492.6
2020-05-26T02:30:00Z,28.44,532.65
2020-05-26T03:00:00Z,29.14,492.9
2020-05-26T03:30:00Z,30.269999999999996,602.7
2020-05-26T04:00:00Z,28.77,803.05
2020-05-26T04:30:00Z,29.39,772.35
2020-05-26T05:00:00Z,36.52,1117.5
2020-05-26T05:30:00Z,32.97,766.0
2020-05-26T06:00:00Z,22.43,997.1
2020-05-26T06:30:00Z,22.61,704.7
2020-05-26T07:00:00Z,21.97,1187.3
2020-05-26T07:30:00Z,22.89,907.95
2020-05-26T08:00:00Z,20.340000000000003,817.1
2020-05-26T08:30:00Z,19.42,1106.75
2020-05-26T09:00:00Z,24.61,1516.6
2020-05-26T09:30:00Z,19.6,1395.5
2020-05-26T10:00:00Z,23.39,1636.45
2020-05-26T10:30:00Z,23.98,1972.45
2020-05-26T11:00:00Z,24.8,1915.4
2020-05-26T11:30:00Z,24.23,2022.75
2020-05-26T12:00:00Z,23.27,1606.6
2020-05-26T12:30:00Z,24.76,1953.0
2020-05-26T13:00:00Z,24.46,1749.55
2020-05-26T13:30:00Z,23.35,1760.85
2020-05-26T14:00:00Z,23.049999999999997,1486.3
2020-05-26T14:30:00Z,24.599999999999998,1593.65
2020-05-26T15:00:00Z,29.75,1827.35
2020-05-26T15:30:00Z,31.12,1878.75
2020-05-26T16:00:00Z,34.67,1713.55
2020-05-26T16:30:00Z,36.79,1612.2
2020-05-26T17:00:00Z,39.52,1820.35
2020-05-26T17:30:00Z,38.72,1833.7
2020-05-26T18:00:00Z,40.89,1353.4
2020-05-26T18:30:00Z,40.56,1233.6
2020-05-26T19:00:00Z,38.08,1393.4
2020-05-26T19:30:00Z,36.15,1242.65
2020-05-26T20:00:00Z,36.43,1222.45
2020-05-26T20:30:00Z,34.54,1321.55
2020-05-26T21:00:00Z,34.07,1076.75
2020-05-26T21:30:00Z,33.64,1558.3
2020-05-26T22:00:00Z,40.41,700.25
2020-05-26T22:30:00Z,38.41,701.1
2020-05-26T23:00:00Z,29.43,433.05
2020-05-26T23:30:00Z,25.53,395.4
2020-05-27T00:00:00Z,26.31,968.05
2020-05-27T00:30:00Z,26.6,946.85
2020-05-27T01:00:00Z,25.600000000000005,770.45
2020-05-27T01:30:00Z,24.94,726.15
2020-05-27T02:00:00Z,23.15,628.2
2020-05-27T02:30:00Z,23.17,609.95
2020-05-27T03:00:00Z,22.91,631.8
2020-05-27T03:30:00Z,22.19,786.05
2020-05-27T04:00:00Z,21.83,738.55
2020-05-27T04:30:00Z,23.51,896.25
2020-05-27T05:00:00Z,25.06,1016.85
2020-05-27T05:30:00Z,24.03,903.1
2020-05-27T06:00:00Z,28.41,1195.55
2020-05-27T06:30:00Z,30.440000000000005,1156.65
2020-05-27T07:00:00Z,33.77,1143.8
2020-05-27T07:30:00Z,34.17,1161.2
2020-05-27T08:00:00Z,34.09,828.4
2020-05-27T08:30:00Z,33.97,1042.45
2020-05-27T09:00:00Z,28.82,1227.0
2020-05-27T09:30:00Z,25.1,1079.9
2020-05-27T10:00:00Z,23.58,1174.05
2020-05-27T10:30:00Z,25.24,1116.2
2020-05-27T11:00:00Z,27.74,1073.85
2020-05-27T11:30:00Z,27.239999999999995,1239.8
2020-05-27T12:00:00Z,30.889999999999997,1129.65
2020-05-27T12:30:00Z,27.84,867.65
2020-05-27T13:00:00Z,23.93,1064.65
2020-05-27T13:30:00Z,21.83,1407.65
2020-05-27T14:00:00Z,23.65,1055.5
2020-05-27T14:30:00Z,24.31,1278.7
2020-05-27T15:00:00Z,24.13,1535.8
2020-05-27T15:30:00Z,27.1,1790.5
2020-05-27T16:00:00Z,31.770000000000003,1361.6
2020-05-27T16:30:00Z,35.3,1304.85
2020-05-27T17:00:00Z,35.72,1041.75
2020-05-27T17:30:00Z,33.47,1227.75
2020-05-27T18:00:00Z,31.0,829.0
2020-05-27T18:30:00Z,30.33,992.0
2020-05-27T19:00:00Z,29.42,1115.9
2020-05-27T19:30:00Z,29.94,1098.4
2020-05-27T20:00:00Z,30.02,983.8
2020-05-27T20:30:00Z,23.94,931.4
2020-05-27T21:00:00Z,24.46,956.25
2020-05-27T21:30:00Z,25.56,1459.6
2020-05-27T22:00:00Z,33.15,568.95
2020-05-27T22:30:00Z,30.42,533.95
2020-05-27T23:00:00Z,26.92,442.35
2020-05-27T23:30:00Z,22.97,384.45
2020-05-28T00:00:00Z,19.11,500.75
2020-05-28T00:30:00Z,17.51,639.9
2020-05-28T01:00:00Z,18.51,655.55
2020-05-28T01:30:00Z,18.4,533.55
2020-05-28T02:00:00Z,20.95,659.05
2020-05-28T02:30:00Z,18.84,590.05
2020-05-28T03:00:00Z,19.99,748.95
2020-05-28T03:30:00Z,17.75,629.45
2020-05-28T04:00:00Z,15.88,427.45
2020-05-28T04:30:00Z,15.54,400.9
2020-05-28T05:00:00Z,13.35,538.75
2020-05-28T05:30:00Z,12.18,534.05
2020-05-28T06:00:00Z,16.34,807.55
2020-05-28T06:30:00Z,20.69,792.05
2020-05-28T07:00:00Z,25.5,747.25
2020-05-28T07:30:00Z,25.82,1259.2
2020-05-28T08:00:00Z,22.24,1093.1
2020-05-28T08:30:00Z,20.04,1193.9
2020-05-28T09:00:00Z,19.47,1200.35
2020-05-28T09:30:00Z,21.5,1294.55
2020-05-28T10:00:00Z,23.34,1152.7
2020-05-28T10:30:00Z,24.48,1155.1
2020-05-28T11:00:00Z,26.230000000000004,1417.45
2020-05-28T11:30:00Z,25.48,1491.45
2020-05-28T12:00:00Z,22.98,1590.6
2020-05-28T12:30:00Z,22.19,1477.1
2020-05-28T13:00:00Z,21.68,1451.6
2020-05-28T13:30:00Z,21.87,1308.4
2020-05-28T14:00:00Z,21.73,1479.85
2020-05-28T14:30:00Z,24.36,1536.7
2020-05-28T15:00:00Z,24.12,1530.7
2020-05-28T15:30:00Z,24.859999999999996,1797.95
2020-05-28T16:00:00Z,26.9,1115.8
2020-05-28T16:30:00Z,29.95,1145.8
2020-05-28T17:00:00Z,31.57,1410.8
2020-05-28T17:30:00Z,30.69,1295.8
2020-05-28T18:00:00Z,29.76,824.15
2020-05-28T18:30:00Z,27.43,695.1
2020-05-28T19:00:00Z,27.02,779.1
2020-05-28T19:30:00Z,27.05,836.6
2020-05-28T20:00:00Z,29.05,706.3
2020-05-28T20:30:00Z,28.24,884.05
2020-05-28T21:00:00Z,28.030000000000005,776.0
2020-05-28T21:30:00Z,28.010000000000005,851.05
2020-05-28T22:00:00Z,30.81,349.5
2020-05-28T22:30:00Z,19.73,324.55
2020-05-28T23:00:00Z,17.33,350.6
2020-05-28T23:30:00Z,17.19,304.05
2020-05-29T00:00:00Z,13.45,392.45
2020-05-29T00:30:00Z,14.21,333.25
2020-05-29T01:00:00Z,14.400000000000002,382.9
2020-05-29T01:30:00Z,13.8,396.95
2020-05-29T02:00:00Z,15.58,430.85
2020-05-29T02:30:00Z,15.79,407.25
2020-05-29T03:00:00Z,15.95,395.5
2020-05-29T03:30:00Z,15.4,430.4
2020-05-29T04:00:00Z,16.05,375.1
2020-05-29T04:30:00Z,16.25,464.4
2020-05-29T05:00:00Z,19.45,611.25
2020-05-29T05:30:00Z,21.67,752.7
2020-05-29T06:00:00Z,24.83,894.4
2020-05-29T06:30:00Z,27.780000000000005,638.2
2020-05-29T07:00:00Z,27.440000000000005,623.2
2020-05-29T07:30:00Z,26.259999999999998,748.7
2020-05-29T08:00:00Z,22.07,1027.9
2020-05-29T08:30:00Z,21.5,1057.45
2020-05-29T09:00:00Z,22.68,971.55
2020-05-29T09:30:00Z,23.72,993.7
2020-05-29T10:00:00Z,20.88,737.6
2020-05-29T10:30:00Z,20.82,728.95
2020-05-29T11:00:00Z,21.74,857.35
2020-05-29T11:30:00Z,19.52,1075.9
2020-05-29T12:00:00Z,16.59,1466.5
2020-05-29T12:30:00Z,16.87,902.3
2020-05-29T13:00:00Z,16.43,922.0
2020-05-29T13:30:00Z,16.21,949.6
2020-05-29T14:00:00Z,14.65,865.45
2020-05-29T14:30:00Z,15.57,939.45
2020-05-29T15:00:00Z,19.15,1084.8
2020-05-29T15:30:00Z,22.0,1244.3
2020-05-29T16:00:00Z,25.39,1276.35
2020-05-29T16:30:00Z,26.61,1050.65
2020-05-29T17:00:00Z,26.4,861.4
2020-05-29T17:30:00Z,26.63,957.05
2020-05-29T18:00:00Z,28.63,627.8
2020-05-29T18:30:00Z,29.23,666.05
2020-05-29T19:00:00Z,28.61,539.0
2020-05-29T19:30:00Z,31.21,684.0
2020-05-29T20:00:00Z,30.29,571.6
2020-05-29T20:30:00Z,31.679999999999996,826.2
2020-05-29T21:00:00Z,29.63,990.35
2020-05-29T21:30:00Z,32.2,1129.35
2020-05-29T22:00:00Z,31.479999999999997,813.75
2020-05-29T22:30:00Z,26.730000000000004,666.9
2020-05-29T23:00:00Z,22.25,540.2
2020-05-29T23:30:00Z,20.510000000000005,417.35
2020-05-30T00:00:00Z,16.49,443.7
2020-05-30T00:30:00Z,16.33,407.65
2020-05-30T01:00:00Z,19.98,439.25
2020-05-30T01:30:00Z,20.38,453.5
2020-05-30T02:00:00Z,19.33,581.1
2020-05-30T02:30:00Z,15.81,552.85
2020-05-30T03:00:00Z,13.89,548.6
2020-05-30T03:30:00Z,13.59,543.3
2020-05-30T04:00:00Z,12.28,534.75
2020-05-30T04:30:00Z,11.64,363.35
2020-05-30T05:00:00Z,10.540000000000001,413.45
2020-05-30T05:30:00Z,10.72,383.85
2020-05-30T06:00:00Z,17.52,600.55
2020-05-30T06:30:00Z,19.01,727.4
2020-05-30T07:00:00Z,18.43,876.95
2020-05-30T07:30:00Z,21.51,919.65
2020-05-30T08:00:00Z,21.91,1003.2
2020-05-30T08:30:00Z,21.64,1086.95
2020-05-30T09:00:00Z,20.19,1007.15
2020-05-30T09:30:00Z,17.91,1022.5
2020-05-30T10:00:00Z,10.34,506.1
2020-05-30T10:30:00Z,7.66,530.05
2020-05-30T11:00:00Z,4.36,487.85
2020-05-30T11:30:00Z,2.62,563.75
2020-05-30T12:00:00Z,0.44,750.8
2020-05-30T12:30:00Z,-1.05,811.0
2020-05-30T13:00:00Z,-1.72,1080.2
2020-05-30T13:30:00Z,-1.63,1084.25
2020-05-30T14:00:00Z,-0.03,827.45
2020-05-30T14:30:00Z,-0.07,839.25
2020-05-30T15:00:00Z,1.75,820.25
2020-05-30T15:30:00Z,3.64,1093.7
2020-05-30T16:00:00Z,11.58,1195.9
2020-05-30T16:30:00Z,16.39,908.1
2020-05-30T17:00:00Z,23.17,1012.45
2020-05-30T17:30:00Z,26.24,924.9
2020-05-30T18:00:00Z,27.03,834.8
2020-05-30T18:30:00Z,25.11,901.7
2020-05-30T19:00:00Z,28.42,1024.25
2020-05-30T19:30:00Z,27.85,807.75
2020-05-30T20:00:00Z,24.93,599.8
2020-05-30T20:30:00Z,25.619999999999997,852.45
2020-05-30T21:00:00Z,27.61,868.15
2020-05-30T21:30:00Z,26.27,737.8
2020-05-30T22:00:00Z,28.21,472.75
2020-05-30T22:30:00Z,17.69,648.55
2020-05-30T23:00:00Z,11.16,512.05
2020-05-30T23:30:00Z,8.88,608.5
2020-05-31T00:00:00Z,6.35,578.65
2020-05-31T00:30:00Z,5.65,473.0
2020-05-31T01:00:00Z,5.55,369.95
2020-05-31T01:30:00Z,5.59,497.7
2020-05-31T02:00:00Z,4.15,332.6
2020-05-31T02:30:00Z,4.14,406.6
2020-05-31T03:00:00Z,4.02,442.95
2020-05-31T03:30:00Z,2.51,448.65
2020-05-31T04:00:00Z,1.29,336.35
2020-05-31T04:30:00Z,2.04,455.0
2020-05-31T05:00:00Z,3.73,330.35
2020-05-31T05:30:00Z,7.109999999999999,350.65
2020-05-31T06:00:00Z,16.57,763.85
2020-05-31T06:30:00Z,21.21,567.65
2020-05-31T07:00:00Z,16.77,818.45
2020-05-31T07:30:00Z,19.1,709.05
2020-05-31T08:00:00Z,17.91,1036.45
2020-05-31T08:30:00Z,20.15,1249.55
2020-05-31T09:00:00Z,25.23,1273.7
2020-05-31T09:30:00Z,25.4,1277.5
2020-05-31T10:00:00Z,22.48,1172.95
2020-05-31T10:30:00Z,24.71,1043.65
2020-05-31T11:00:00Z,25.99,1123.8
2020-05-31T11:30:00Z,26.09,1170.4
2020-05-31T12:00:00Z,24.72,1365.6
2020-05-31T12:30:00Z,21.37,1255.1
2020-05-31T13:00:00Z,19.9,1151.65
2020-05-31T13:30:00Z,19.32,1174.5
2020-05-31T14:00:00Z,20.08,923.9
2020-05-31T14:30:00Z,19.59,1103.7
2020-05-31T15:00:00Z,19.2,1269.25
2020-05-31T15:30:00Z,24.51,1493.6
2020-05-31T16:00:00Z,32.21,1508.3
2020-05-31T16:30:00Z,34.87,1321.4
2020-05-31T17:00:00Z,34.61,1169.25
2020-05-31T17:30:00Z,35.8,1591.15
2020-05-31T18:00:00Z,35.37,1077.05
2020-05-31T18:30:00Z,36.17,1079.55
2020-05-31T19:00:00Z,36.22,1166.0
2020-05-31T19:30:00Z,37.15,1568.45
2020-05-31T20:00:00Z,36.78,1000.65
2020-05-31T20:30:00Z,37.02,1063.25
2020-05-31T21:00:00Z,34.54,1324.7
2020-05-31T21:30:00Z,32.79,1395.5
2020-05-31T22:00:00Z,23.439999999999998,788.75
2020-05-31T22:30:00Z,15.12,485.25
2020-05-31T23:00:00Z,13.369999999999997,333.95
2020-05-31T23:30:00Z,12.12,378.75
2020-06-01T00:00:00Z,7.349999999999999,284.7
2020-06-01T00:30:00Z,8.08,261.45
2020-06-01T01:00:00Z,7.13,289.25
2020-06-01T01:30:00Z,5.17,282.55
2020-06-01T02:00:00Z,6.36,458.55
2020-06-01T02:30:00Z,11.26,399.3
2020-06-01T03:00:00Z,19.37,419.8
2020-06-01T03:30:00Z,19.21,337.5
2020-06-01T04:00:00Z,29.85,301.25
2020-06-01T04:30:00Z,24.04,345.1
2020-06-01T05:00:00Z,31.4,470.5
2020-06-01T05:30:00Z,28.62,817.3
2020-06-01T06:00:00Z,30.429999999999996,664.7
2020-06-01T06:30:00Z,33.05,827.6
2020-06-01T07:00:00Z,33.71,1107.95
2020-06-01T07:30:00Z,35.28,1181.3
2020-06-01T08:00:00Z,36.56,1270.75
2020-06-01T08:30:00Z,36.28,1399.05
2020-06-01T09:00:00Z,35.61,1217.4
2020-06-01T09:30:00Z,33.18,1558.3
2020-06-01T10:00:00Z,29.009999999999998,1167.9
2020-06-01T10:30:00Z,30.579999999999995,1465.85
2020-06-01T11:00:00Z,31.77,1280.4
2020-06-01T11:30:00Z,31.71,1336.65
2020-06-01T12:00:00Z,27.9,1275.1
2020-06-01T12:30:00Z,26.76,1093.0
2020-06-01T13:00:00Z,26.45,1236.0
2020-06-01T13:30:00Z,24.54,1430.2
2020-06-01T14:00:00Z,17.62,1791.1
2020-06-01T14:30:00Z,23.0,1811.2
2020-06-01T15:00:00Z,26.01,1883.95
2020-06-01T15:30:00Z,30.56,2134.65
2020-06-01T16:00:00Z,33.02,1918.55
2020-06-01T16:30:00Z,34.73,2094.0
2020-06-01T17:00:00Z,36.25,2390.35
2020-06-01T17:30:00Z,36.18,2194.1
2020-06-01T18:00:00Z,37.97,1086.85
2020-06-01T18:30:00Z,37.77,910.0
2020-06-01T19:00:00Z,38.1,1088.05
2020-06-01T19:30:00Z,36.45,1136.2
2020-06-01T20:00:00Z,37.81,1206.2
2020-06-01T20:30:00Z,36.16,1240.0
2020-06-01T21:00:00Z,33.3,1211.2
2020-06-01T21:30:00Z,36.68,1035.8
2020-06-01T22:00:00Z,36.14,628.1
2020-06-01T22:30:00Z,34.09,632.8
2020-06-01T23:00:00Z,34.37,534.55
2020-06-01T23:30:00Z,34.54,495.25
2020-06-02T00:00:00Z,30.3,869.05
2020-06-02T00:30:00Z,30.900000000000002,903.05
2020-06-02T01:00:00Z,31.31,1003.55
2020-06-02T01:30:00Z,29.45,918.85
2020-06-02T02:00:00Z,29.06,640.35
2020-06-02T02:30:00Z,27.16,510.65
2020-06-02T03:00:00Z,29.060000000000002,667.85
2020-06-02T03:30:00Z,28.099999999999998,606.75
2020-06-02T04:00:00Z,33.44,646.15
2020-06-02T04:30:00Z,34.14,766.45
2020-06-02T05:00:00Z,36.85,763.4
2020-06-02T05:30:00Z,35.94,704.35
2020-06-02T06:00:00Z,30.26,1118.25
2020-06-02T06:30:00Z,34.83,513.05
2020-06-02T07:00:00Z,30.21,853.75
2020-06-02T07:30:00Z,24.13,1138.4
2020-06-02T08:00:00Z,27.940000000000005,1363.7
2020-06-02T08:30:00Z,28.15,1311.05
2020-06-02T09:00:00Z,24.82,1354.05
2020-06-02T09:30:00Z,23.35,1513.4
2020-06-02T10:00:00Z,22.99,1110.1
2020-06-02T10:30:00Z,19.06,1783.5
2020-06-02T11:00:00Z,20.91,1600.45
2020-06-02T11:30:00Z,19.78,1400.7
2020-06-02T12:00:00Z,21.19,1329.2
2020-06-02T12:30:00Z,21.44,1348.25
2020-06-02T13:00:00Z,22.51,1419.0
2020-06-02T13:30:00Z,22.64,1371.5
2020-06-02T14:00:00Z,20.17,1053.95
2020-06-02T14:30:00Z,21.43,996.95
2020-06-02T15:00:00Z,26.01,1085.15
2020-06-02T15:30:00Z,28.34,1592.9
2020-06-02T16:00:00Z,34.9,1211.55
2020-06-02T16:30:00Z,36.99,1256.35
2020-06-02T17:00:00Z,37.67,1349.3
2020-06-02T17:30:00Z,38.32,1165.75
2020-06-02T18:00:00Z,39.64,854.9
2020-06-02T18:30:00Z,38.24,654.6
2020-06-02T19:00:00Z,37.830000000000005,886.2
2020-06-02T19:30:00Z,34.93,693.35
2020-06-02T20:00:00Z,35.73,881.9
2020-06-02T20:30:00Z,33.77,822.45
2020-06-02T21:00:00Z,29.33,1072.25
2020-06-02T21:30:00Z,32.87,979.6
2020-06-02T22:00:00Z,26.39,758.45
2020-06-02T22:30:00Z,33.47,537.4
2020-06-02T23:00:00Z,32.38,512.5
2020-06-02T23:30:00Z,28.629999999999995,636.25
2020-06-03T00:00:00Z,24.5,520.25
2020-06-03T00:30:00Z,22.26,564.85
2020-06-03T01:00:00Z,20.37,753.55
2020-06-03T01:30:00Z,17.61,802.3
2020-06-03T02:00:00Z,12.97,593.0
2020-06-03T02:30:00Z,13.52,562.3
2020-06-03T03:00:00Z,16.72,711.7
2020-06-03T03:30:00Z,19.03,610.8
2020-06-03T04:00:00Z,17.28,544.5
2020-06-03T04:30:00Z,16.62,744.85
2020-06-03T05:00:00Z,18.46,970.0
2020-06-03T05:30:00Z,15.540000000000001,850.6
2020-06-03T06:00:00Z,20.61,1098.3
2020-06-03T06:30:00Z,29.979999999999997,1102.5
2020-06-03T07:00:00Z,25.78,923.8
2020-06-03T07:30:00Z,23.91,1295.6
2020-06-03T08:00:00Z,20.55,1331.55
2020-06-03T08:30:00Z,20.23,1617.7
2020-06-03T09:00:00Z,19.83,1856.8
2020-06-03T09:30:00Z,22.93,2011.7
2020-06-03T10:00:00Z,20.02,1933.7
2020-06-03T10:30:00Z,21.48,1834.2
2020-06-03T11:00:00Z,21.58,1844.7
2020-06-03T11:30:00Z,21.899999999999995,1766.4
2020-06-03T12:00:00Z,22.76,1349.4
2020-06-03T12:30:00Z,20.95,1332.95
2020-06-03T13:00:00Z,21.43,1338.15
2020-06-03T13:30:00Z,21.470000000000002,1532.8
2020-06-03T14:00:00Z,24.98,1254.1
2020-06-03T14:30:00Z,26.730000000000004,1316.2
2020-06-03T15:00:00Z,24.67,1688.9
2020-06-03T15:30:00Z,25.48,1504.6
2020-06-03T16:00:00Z,27.22,1629.25
2020-06-03T16:30:00Z,27.68,1918.55
2020-06-03T17:00:00Z,28.25,1768.55
2020-06-03T17:30:00Z,27.040000000000003,2002.05
2020-06-03T18:00:00Z,26.01,1600.55
2020-06-03T18:30:00Z,25.09,1528.05
2020-06-03T19:00:00Z,23.11,1513.35
2020-06-03T19:30:00Z,23.48,1296.2
2020-06-03T20:00:00Z,22.75511906363514,1114.95
2020-06-03T20:30:00Z,22.941141950832673,1261.0
2020-06-03T21:00:00Z,22.85,1299.45
2020-06-03T21:30:00Z,24.130000000000003,1472.05
2020-06-03T22:00:00Z,28.84,530.45
2020-06-03T22:30:00Z,23.47,444.55
2020-06-03T23:00:00Z,20.47,458.9
2020-06-03T23:30:00Z,17.92,293.0
2020-06-04T00:00:00Z,21.48,471.2
2020-06-04T00:30:00Z,19.23,389.3
2020-06-04T01:00:00Z,21.72,452.3
2020-06-04T01:30:00Z,21.95,407.2
2020-06-04T02:00:00Z,24.79,461.75
2020-06-04T02:30:00Z,20.980000000000004,399.75
2020-06-04T03:00:00Z,20.68,420.35
2020-06-04T03:30:00Z,20.33,529.25
2020-06-04T04:00:00Z,20.45,440.5
2020-06-04T04:30:00Z,24.38,514.5
2020-06-04T05:00:00Z,24.3,617.75
2020-06-04T05:30:00Z,21.22,1023.75
2020-06-04T06:00:00Z,21.38,951.5
2020-06-04T06:30:00Z,26.95,1141.55
2020-06-04T07:00:00Z,29.07,1446.9
2020-06-04T07:30:00Z,30.92,1410.6
2020-06-04T08:00:00Z,32.33,1798.05
2020-06-04T08:30:00Z,33.48,1850.55
2020-06-04T09:00:00Z,32.78,1671.0
2020-06-04T09:30:00Z,32.5,1804.65
2020-06-04T10:00:00Z,33.12,1934.4
2020-06-04T10:30:00Z,32.78,1821.3
2020-06-04T11:00:00Z,32.86,2384.1
2020-06-04T11:30:00Z,32.71,2365.1
2020-06-04T12:00:00Z,32.08,2226.4
2020-06-04T12:30:00Z,32.23,2145.6
2020-06-04T13:00:00Z,32.31,2406.25
2020-06-04T13:30:00Z,32.35,2482.3
2020-06-04T14:00:00Z,34.09,2179.45
2020-06-04T14:30:00Z,34.56,2178.95
2020-06-04T15:00:00Z,32.95,2388.25
2020-06-04T15:30:00Z,33.3,2477.6
2020-06-04T16:00:00Z,34.21,1964.35
2020-06-04T16:30:00Z,35.21,1932.55
2020-06-04T17:00:00Z,35.61,1842.3
2020-06-04T17:30:00Z,36.09,1547.15
2020-06-04T18:00:00Z,33.42,1209.15
2020-06-04T18:30:00Z,33.21,1463.85
2020-06-04T19:00:00Z,31.629999999999995,1256.35
2020-06-04T19:30:00Z,31.02,1323.75
2020-06-04T20:00:00Z,29.65,1251.55
2020-06-04T20:30:00Z,29.52,947.5
2020-06-04T21:00:00Z,28.53,1027.95
2020-06-04T21:30:00Z,30.809999999999995,834.9
2020-06-04T22:00:00Z,33.86,771.3
2020-06-04T22:30:00Z,33.49,327.25
2020-06-04T23:00:00Z,27.8,831.0
2020-06-04T23:30:00Z,25.92,623.8
2020-06-05T00:00:00Z,18.84,204.6
2020-06-05T00:30:00Z,17.69,194.45
2020-06-05T01:00:00Z,19.11,270.35
2020-06-05T01:30:00Z,15.28,457.5
2020-06-05T02:00:00Z,17.82,375.2
2020-06-05T02:30:00Z,14.67,494.5
2020-06-05T03:00:00Z,15.73,542.2
2020-06-05T03:30:00Z,13.02,525.85
2020-06-05T04:00:00Z,11.61,587.0
2020-06-05T04:30:00Z,12.11,547.8
2020-06-05T05:00:00Z,13.87,561.35
2020-06-05T05:30:00Z,15.159999999999998,677.15
2020-06-05T06:00:00Z,25.15,1179.7
2020-06-05T06:30:00Z,24.91,995.55
2020-06-05T07:00:00Z,23.0,1206.3
2020-06-05T07:30:00Z,23.78,1146.1
2020-06-05T08:00:00Z,23.35,1063.65
2020-06-05T08:30:00Z,21.81,1004.1
2020-06-05T09:00:00Z,20.74,1060.35
2020-06-05T09:30:00Z,18.78,1037.5
2020-06-05T10:00:00Z,9.18,974.1
2020-06-05T10:30:00Z,6.500000000000001,851.1
2020-06-05T11:00:00Z,5.68,1015.65
2020-06-05T11:30:00Z,6.77,1212.9
2020-06-05T12:00:00Z,3.58,1192.1
2020-06-05T12:30:00Z,2.83,1072.5
2020-06-05T13:00:00Z,3.08,1209.35
2020-06-05T13:30:00Z,3.41,1170.6
2020-06-05T14:00:00Z,4.44,1257.1
2020-06-05T14:30:00Z,-0.9,1112.45
2020-06-05T15:00:00Z,-1.01,1166.35
2020-06-05T15:30:00Z,5.54,1430.45
2020-06-05T16:00:00Z,15.54,768.25
2020-06-05T16:30:00Z,19.940000000000005,938.75
2020-06-05T17:00:00Z,22.9,1163.35
2020-06-05T17:30:00Z,22.89,1186.4
2020-06-05T18:00:00Z,23.26,1176.45
2020-06-05T18:30:00Z,26.1,1651.35
2020-06-05T19:00:00Z,23.56,1460.5
2020-06-05T19:30:00Z,21.03,1367.15
2020-06-05T20:00:00Z,22.96,1395.35
2020-06-05T20:30:00Z,24.18,1798.85
2020-06-05T21:00:00Z,23.4,1733.1
2020-06-05T21:30:00Z,18.329999999999995,1971.0
2020-06-05T22:00:00Z,29.94,1573.8
2020-06-05T22:30:00Z,9.0,844.95
2020-06-05T23:00:00Z,5.79,1037.15
2020-06-05T23:30:00Z,-14.720000000000002,828.05
2020-06-06T00:00:00Z,-19.21,858.7
2020-06-06T00:30:00Z,-15.809999999999999,872.85
2020-06-06T01:00:00Z,-15.06,869.65
2020-06-06T01:30:00Z,-12.56,901.4
2020-06-06T02:00:00Z,-5.690000000000001,811.3
2020-06-06T02:30:00Z,-16.8,875.5
2020-06-06T03:00:00Z,-27.87,1019.3
2020-06-06T03:30:00Z,-30.16,949.7
2020-06-06T04:00:00Z,-31.75,752.45
2020-06-06T04:30:00Z,-31.24,1006.75
2020-06-06T05:00:00Z,-21.900000000000002,880.15
2020-06-06T05:30:00Z,-16.11,1150.2
2020-06-06T06:00:00Z,-5.44,952.05
2020-06-06T06:30:00Z,-2.71,1138.45
2020-06-06T07:00:00Z,-10.869999999999997,791.05
2020-06-06T07:30:00Z,-3.52,947.1
2020-06-06T08:00:00Z,-7.41,1232.85
2020-06-06T08:30:00Z,-4.05,1094.85
2020-06-06T09:00:00Z,-7.949999999999999,1100.05
2020-06-06T09:30:00Z,-5.34,979.15
2020-06-06T10:00:00Z,-1.8000000000000003,1306.5
2020-06-06T10:30:00Z,-1.22,1090.35
2020-06-06T11:00:00Z,-1.22,1024.3
2020-06-06T11:30:00Z,-0.7299999999999999,867.1
2020-06-06T12:00:00Z,-2.26,807.75
2020-06-06T12:30:00Z,-2.65,893.6
2020-06-06T13:00:00Z,-1.21,899.85
2020-06-06T13:30:00Z,-0.85,984.6
2020-06-06T14:00:00Z,8.3,1079.95
2020-06-06T14:30:00Z,10.98,1189.5
2020-06-06T15:00:00Z,15.91,1199.0
2020-06-06T15:30:00Z,30.16,1213.9
2020-06-06T16:00:00Z,37.45,1721.2
2020-06-06T16:30:00Z,37.11,1537.7
2020-06-06T17:00:00Z,36.15,1592.85
2020-06-06T17:30:00Z,38.48,1474.55
2020-06-06T18:00:00Z,39.95,1281.55
2020-06-06T18:30:00Z,40.01,1098.35
2020-06-06T19:00:00Z,37.16,1269.9
2020-06-06T19:30:00Z,35.55,1216.05
2020-06-06T20:00:00Z,34.23,1101.2
2020-06-06T20:30:00Z,32.02,1086.9
2020-06-06T21:00:00Z,31.97,1254.3
2020-06-06T21:30:00Z,30.52,706.35
2020-06-06T22:00:00Z,31.9,869.45
2020-06-06T22:30:00Z,27.58,550.6
2020-06-06T23:00:00Z,26.95,451.05
2020-06-06T23:30:00Z,24.849999999999998,334.05
2020-06-07T00:00:00Z,18.62,493.1
2020-06-07T00:30:00Z,18.99,425.7
2020-06-07T01:00:00Z,16.22,526.2
2020-06-07T01:30:00Z,15.01,536.45
2020-06-07T02:00:00Z,7.64,495.4
2020-06-07T02:30:00Z,7.3,555.85
2020-06-07T03:00:00Z,8.89,522.25
2020-06-07T03:30:00Z,7.67,447.05
2020-06-07T04:00:00Z,10.24,680.2
2020-06-07T04:30:00Z,13.16,565.85
2020-06-07T05:00:00Z,13.95,529.15
2020-06-07T05:30:00Z,16.23,794.35
2020-06-07T06:00:00Z,29.28,927.65
2020-06-07T06:30:00Z,28.11,1116.4
2020-06-07T07:00:00Z,13.49,962.15
2020-06-07T07:30:00Z,13.88,811.9
2020-06-07T08:00:00Z,23.39,617.15
2020-06-07T08:30:00Z,23.78,890.05
2020-06-07T09:00:00Z,26.72,699.55
2020-06-07T09:30:00Z,25.11,592.8
2020-06-07T10:00:00Z,26.739999999999995,640.5
2020-06-07T10:30:00Z,29.35,535.95
2020-06-07T11:00:00Z,31.88,606.25
2020-06-07T11:30:00Z,31.65,840.1
2020-06-07T12:00:00Z,31.670000000000005,736.7
2020-06-07T12:30:00Z,32.45,845.8
2020-06-07T13:00:00Z,32.8,929.15
2020-06-07T13:30:00Z,32.87,994.95
2020-06-07T14:00:00Z,35.75,1133.55
2020-06-07T14:30:00Z,35.67,839.35
2020-06-07T15:00:00Z,36.08,757.25
2020-06-07T15:30:00Z,36.63,1364.6
2020-06-07T16:00:00Z,38.55,966.25
2020-06-07T16:30:00Z,38.69,924.95
2020-06-07T17:00:00Z,39.44,1290.75
2020-06-07T17:30:00Z,39.3,1037.15
2020-06-07T18:00:00Z,39.31,1045.85
2020-06-07T18:30:00Z,38.94,924.9
2020-06-07T19:00:00Z,38.1,1010.85
2020-06-07T19:30:00Z,37.67,975.0
2020-06-07T20:00:00Z,34.38,600.4
2020-06-07T20:30:00Z,34.18,534.25
2020-06-07T21:00:00Z,28.86,797.6
2020-06-07T21:30:00Z,26.52,822.55
2020-06-07T22:00:00Z,22.01,855.55
2020-06-07T22:30:00Z,21.46,1049.6
2020-06-07T23:00:00Z,22.31,743.2
2020-06-07T23:30:00Z,22.12,676.3
2020-06-08T00:00:00Z,25.47,519.05
2020-06-08T00:30:00Z,24.54,514.95
2020-06-08T01:00:00Z,24.53,595.1
2020-06-08T01:30:00Z,23.550000000000004,727.35
2020-06-08T02:00:00Z,20.86,586.25
2020-06-08T02:30:00Z,19.66,696.55
2020-06-08T03:00:00Z,22.989999999999995,861.6
2020-06-08T03:30:00Z,26.39,695.0
2020-06-08T04:00:00Z,32.9,788.65
2020-06-08T04:30:00Z,26.010000000000005,736.8
2020-06-08T05:00:00Z,32.81,983.45
2020-06-08T05:30:00Z,27.900000000000002,1369.15
2020-06-08T06:00:00Z,35.72,980.25
2020-06-08T06:30:00Z,37.49,1068.15
2020-06-08T07:00:00Z,34.58,1044.65
2020-06-08T07:30:00Z,37.26,1077.75
2020-06-08T08:00:00Z,37.99,1312.95
2020-06-08T08:30:00Z,38.77,1408.7
2020-06-08T09:00:00Z,38.37,2019.5
2020-06-08T09:30:00Z,37.98,1766.55
2020-06-08T10:00:00Z,36.35,1056.85
2020-06-08T10:30:00Z,38.33,1282.65
2020-06-08T11:00:00Z,37.47,1130.15
2020-06-08T11:30:00Z,37.39,1118.3
2020-06-08T12:00:00Z,39.16,1379.4
2020-06-08T12:30:00Z,37.64,1077.75
2020-06-08T13:00:00Z,36.05,1197.5
2020-06-08T13:30:00Z,32.68,1520.45
2020-06-08T14:00:00Z,30.730000000000004,1499.2
2020-06-08T14:30:00Z,32.94,1505.7
2020-06-08T15:00:00Z,33.48,1684.1
2020-06-08T15:30:00Z,35.7,2000.3
2020-06-08T16:00:00Z,37.11,1569.15
2020-06-08T16:30:00Z,36.76,1673.95
2020-06-08T17:00:00Z,36.88,1520.5
2020-06-08T17:30:00Z,37.78,1542.9
2020-06-08T18:00:00Z,37.45,912.7
2020-06-08T18:30:00Z,35.86,1023.2
2020-06-08T19:00:00Z,38.169999999999995,890.3
2020-06-08T19:30:00Z,37.42,1065.1
2020-06-08T20:00:00Z,35.84,1096.85
2020-06-08T20:30:00Z,31.560000000000002,1127.5
2020-06-08T21:00:00Z,27.280000000000005,1622.4
2020-06-08T21:30:00Z,25.57,2223.95
2020-06-08T22:00:00Z,27.41,995.3
2020-06-08T22:30:00Z,26.27,657.9
2020-06-08T23:00:00Z,28.320000000000004,618.85
2020-06-08T23:30:00Z,27.5,491.9
2020-06-09T00:00:00Z,31.380000000000003,601.95
2020-06-09T00:30:00Z,30.65,631.6
2020-06-09T01:00:00Z,29.97,757.7
2020-06-09T01:30:00Z,27.990000000000002,626.85
2020-06-09T02:00:00Z,29.95,488.75
2020-06-09T02:30:00Z,29.84,625.25
2020-06-09T03:00:00Z,28.61,688.6
2020-06-09T03:30:00Z,28.960000000000004,726.8
2020-06-09T04:00:00Z,32.95,849.6
2020-06-09T04:30:00Z,30.35,591.5
2020-06-09T05:00:00Z,25.23,602.85
2020-06-09T05:30:00Z,27.71,1059.95
2020-06-09T06:00:00Z,28.089999999999996,1463.05
2020-06-09T06:30:00Z,33.64,794.5
2020-06-09T07:00:00Z,36.01,719.25
2020-06-09T07:30:00Z,38.16,980.55
2020-06-09T08:00:00Z,34.1,977.3
2020-06-09T08:30:00Z,33.22,1058.1
2020-06-09T09:00:00Z,34.28,1078.6
2020-06-09T09:30:00Z,29.01,1287.65
2020-06-09T10:00:00Z,20.42,972.1
2020-06-09T10:30:00Z,26.380000000000003,1505.8
2020-06-09T11:00:00Z,26.08,1353.5
2020-06-09T11:30:00Z,25.1,1250.3
2020-06-09T12:00:00Z,28.51,976.1
2020-06-09T12:30:00Z,25.55,854.7
2020-06-09T13:00:00Z,23.03,843.3
2020-06-09T13:30:00Z,25.27,1381.25
2020-06-09T14:00:00Z,27.75,546.1
2020-06-09T14:30:00Z,28.32,671.65
2020-06-09T15:00:00Z,22.63,1164.7
2020-06-09T15:30:00Z,31.47,1274.25
2020-06-09T16:00:00Z,25.38,1092.6
2020-06-09T16:30:00Z,26.27,1433.5
2020-06-09T17:00:00Z,28.46,1342.4
2020-06-09T17:30:00Z,27.509999999999998,1276.7
2020-06-09T18:00:00Z,32.39,733.5
2020-06-09T18:30:00Z,31.38,619.15
2020-06-09T19:00:00Z,31.959999999999997,593.0
2020-06-09T19:30:00Z,30.210000000000004,683.05
2020-06-09T20:00:00Z,31.900000000000002,633.35
2020-06-09T20:30:00Z,31.32,412.7
2020-06-09T21:00:00Z,31.36,407.7
2020-06-09T21:30:00Z,27.728120552532445,597.25
2020-06-09T22:00:00Z,25.20531227566403,69.65
2020-06-09T22:30:00Z,32.06,48.45
2020-06-09T23:00:00Z,26.05,298.7
2020-06-09T23:30:00Z,23.900549383655456,328.55
2020-06-10T00:00:00Z,23.3,378.45
2020-06-10T00:30:00Z,23.270000000000003,406.35
2020-06-10T01:00:00Z,22.52,450.8
2020-06-10T01:30:00Z,20.25,694.0
2020-06-10T02:00:00Z,21.89,559.2
2020-06-10T02:30:00Z,20.96,453.9
2020-06-10T03:00:00Z,23.15,501.8
2020-06-10T03:30:00Z,21.92,613.3
2020-06-10T04:00:00Z,30.77,464.7
2020-06-10T04:30:00Z,23.36,430.6
2020-06-10T05:00:00Z,29.05,546.95
2020-06-10T05:30:00Z,25.34,604.8
2020-06-10T06:00:00Z,20.41,935.7
2020-06-10T06:30:00Z,30.39,788.95
2020-06-10T07:00:00Z,22.52,813.6
2020-06-10T07:30:00Z,28.51,962.45
2020-06-10T08:00:00Z,32.46,1663.85
2020-06-10T08:30:00Z,31.909999999999997,1416.0
2020-06-10T09:00:00Z,31.51,1743.85
2020-06-10T09:30:00Z,32.12,1423.55
2020-06-10T10:00:00Z,32.45,1249.4
2020-06-10T10:30:00Z,33.94,1204.3
2020-06-10T11:00:00Z,33.25,1198.6
2020-06-10T11:30:00Z,31.899999999999995,1208.25
2020-06-10T12:00:00Z,33.52,1077.25
2020-06-10T12:30:00Z,30.69,1149.3
2020-06-10T13:00:00Z,32.62,1283.6
2020-06-10T13:30:00Z,28.57,1517.0
2020-06-10T14:00:00Z,26.46,1285.35
2020-06-10T14:30:00Z,28.760000000000005,1201.15
2020-06-10T15:00:00Z,29.76,1687.35
2020-06-10T15:30:00Z,33.23,1124.0
2020-06-10T16:00:00Z,30.46,1287.2
2020-06-10T16:30:00Z,31.060000000000002,1216.1
2020-06-10T17:00:00Z,33.18,940.3
2020-06-10T17:30:00Z,32.91,1021.4
2020-06-10T18:00:00Z,28.329999999999995,1363.05
2020-06-10T18:30:00Z,26.67,1583.8
2020-06-10T19:00:00Z,26.27,1486.95
2020-06-10T19:30:00Z,26.000000000000004,1447.7
2020-06-10T20:00:00Z,24.580000000000002,1357.15
2020-06-10T20:30:00Z,26.17,1199.7
2020-06-10T21:00:00Z,22.6,1345.6
2020-06-10T21:30:00Z,23.81,1474.55
2020-06-10T22:00:00Z,20.02,749.7
2020-06-10T22:30:00Z,21.92,670.1
2020-06-10T23:00:00Z,25.85,516.6
2020-06-10T23:30:00Z,19.78,468.4
2020-06-11T00:00:00Z,21.76,448.0
2020-06-11T00:30:00Z,19.36,580.85
2020-06-11T01:00:00Z,24.16,613.3
2020-06-11T01:30:00Z,18.26,568.0
2020-06-11T02:00:00Z,16.49,458.0
2020-06-11T02:30:00Z,10.16,510.75
2020-06-11T03:00:00Z,17.71,441.25
2020-06-11T03:30:00Z,17.16,619.4
2020-06-11T04:00:00Z,12.62,583.2
2020-06-11T04:30:00Z,13.449999999999998,623.7
2020-06-11T05:00:00Z,10.67,739.1
2020-06-11T05:30:00Z,24.339999999999996,983.1
2020-06-11T06:00:00Z,19.53,1175.7
2020-06-11T06:30:00Z,29.61,914.1
2020-06-11T07:00:00Z,28.77,906.05
2020-06-11T07:30:00Z,29.28,1418.05
2020-06-11T08:00:00Z,31.29,1442.95
2020-06-11T08:30:00Z,31.659999999999997,1428.2
2020-06-11T09:00:00Z,32.34,1685.65
2020-06-11T09:30:00Z,32.52,1352.5
2020-06-11T10:00:00Z,33.64,1255.25
2020-06-11T10:30:00Z,33.76,1318.85
2020-06-11T11:00:00Z,33.81,1246.15
2020-06-11T11:30:00Z,33.53,1285.45
2020-06-11T12:00:00Z,32.05,1343.45
2020-06-11T12:30:00Z,31.1,1680.9
2020-06-11T13:00:00Z,27.15,1576.5
2020-06-11T13:30:00Z,25.71,1904.4
2020-06-11T14:00:00Z,28.98,1268.9
2020-06-11T14:30:00Z,29.55,1248.95
2020-06-11T15:00:00Z,29.79,1363.5
2020-06-11T15:30:00Z,32.49,1258.45
2020-06-11T16:00:00Z,35.96,1414.45
2020-06-11T16:30:00Z,36.16,1250.0
2020-06-11T17:00:00Z,37.14,1345.45
2020-06-11T17:30:00Z,36.76,1374.15
2020-06-11T18:00:00Z,38.22,1064.3
2020-06-11T18:30:00Z,37.62,887.85
2020-06-11T19:00:00Z,37.59,897.65
2020-06-11T19:30:00Z,37.51,807.0
2020-06-11T20:00:00Z,38.33,586.7
2020-06-11T20:30:00Z,36.92,531.5
2020-06-11T21:00:00Z,33.91,754.6
2020-06-11T21:30:00Z,27.47,1318.45
2020-06-11T22:00:00Z,25.15,579.35
2020-06-11T22:30:00Z,19.24,485.15
2020-06-11T23:00:00Z,19.3,634.3
2020-06-11T23:30:00Z,14.5,540.9
2020-06-12T00:00:00Z,14.790000000000001,562.3
2020-06-12T00:30:00Z,14.11,861.9
2020-06-12T01:00:00Z,15.889999999999999,592.3
2020-06-12T01:30:00Z,14.54,978.55
2020-06-12T02:00:00Z,19.55,571.35
2020-06-12T02:30:00Z,17.04,712.2
2020-06-12T03:00:00Z,19.05,526.5
2020-06-12T03:30:00Z,19.61,660.25
2020-06-12T04:00:00Z,19.18,489.6
2020-06-12T04:30:00Z,19.96,595.15
2020-06-12T05:00:00Z,15.909999999999998,1126.15
2020-06-12T05:30:00Z,22.95,1137.1
2020-06-12T06:00:00Z,22.5,1355.4
2020-06-12T06:30:00Z,27.01,1046.1
2020-06-12T07:00:00Z,21.869999999999997,1604.3
2020-06-12T07:30:00Z,28.559999999999995,1388.4
2020-06-12T08:00:00Z,32.29,1478.5
2020-06-12T08:30:00Z,32.08,1078.45
2020-06-12T09:00:00Z,30.330000000000002,1278.95
2020-06-12T09:30:00Z,25.580000000000002,1284.1
2020-06-12T10:00:00Z,25.17,1296.4
2020-06-12T10:30:00Z,25.709999999999997,1477.85
2020-06-12T11:00:00Z,31.77,1357.6
2020-06-12T11:30:00Z,31.739999999999995,1134.7
2020-06-12T12:00:00Z,32.27,1527.05
2020-06-12T12:30:00Z,32.21,1535.7
2020-06-12T13:00:00Z,32.41,1799.5
2020-06-12T13:30:00Z,31.49,1844.85
2020-06-12T14:00:00Z,32.57,1202.15
2020-06-12T14:30:00Z,33.66,954.4
2020-06-12T15:00:00Z,35.22,1129.65
2020-06-12T15:30:00Z,36.69,1431.55
2020-06-12T16:00:00Z,38.84,1625.05
2020-06-12T16:30:00Z,38.76,1499.4
2020-06-12T17:00:00Z,38.81,1500.6
2020-06-12T17:30:00Z,38.87,1541.95
2020-06-12T18:00:00Z,37.6,1088.75
2020-06-12T18:30:00Z,37.44,1149.1
2020-06-12T19:00:00Z,36.57,1008.75
2020-06-12T19:30:00Z,32.58,1351.8
2020-06-12T20:00:00Z,33.85,1037.1
2020-06-12T20:30:00Z,34.42,981.45
2020-06-12T21:00:00Z,34.75,999.45
2020-06-12T21:30:00Z,34.31,1130.5
2020-06-12T22:00:00Z,36.78,808.35
2020-06-12T22:30:00Z,37.05,768.7
2020-06-12T23:00:00Z,37.34,443.5
2020-06-12T23:30:00Z,36.98,485.15
2020-06-13T00:00:00Z,34.65,388.35
2020-06-13T00:30:00Z,33.75,357.3
2020-06-13T01:00:00Z,31.44,522.1
2020-06-13T01:30:00Z,33.48,495.55
2020-06-13T02:00:00Z,29.79,383.5
2020-06-13T02:30:00Z,30.65,370.55
2020-06-13T03:00:00Z,32.99,583.95
2020-06-13T03:30:00Z,30.96,531.8
2020-06-13T04:00:00Z,29.249999999999996,346.55
2020-06-13T04:30:00Z,28.03,458.55
2020-06-13T05:00:00Z,31.149999999999995,608.1
2020-06-13T05:30:00Z,30.73,513.7
2020-06-13T06:00:00Z,28.31,944.7
2020-06-13T06:30:00Z,26.020000000000003,763.75
2020-06-13T07:00:00Z,21.76,1050.85
2020-06-13T07:30:00Z,25.12,1044.55
2020-06-13T08:00:00Z,33.32,1073.6
2020-06-13T08:30:00Z,33.08,887.3
2020-06-13T09:00:00Z,33.24,875.25
2020-06-13T09:30:00Z,34.23,1106.65
2020-06-13T10:00:00Z,33.53,917.55
2020-06-13T10:30:00Z,33.35,1009.55
2020-06-13T11:00:00Z,33.83,1047.65
2020-06-13T11:30:00Z,33.1,1266.7
2020-06-13T12:00:00Z,30.43,1396.9
2020-06-13T12:30:00Z,30.13,1250.45
2020-06-13T13:00:00Z,28.89,1337.85
2020-06-13T13:30:00Z,28.130000000000003,1272.55
2020-06-13T14:00:00Z,26.77,1390.25
2020-06-13T14:30:00Z,28.57,1491.4
2020-06-13T15:00:00Z,28.150000000000002,1724.05
2020-06-13T15:30:00Z,30.32,1565.35
2020-06-13T16:00:00Z,32.62,1037.2
2020-06-13T16:30:00Z,36.88,878.0
2020-06-13T17:00:00Z,37.92,927.7
2020-06-13T17:30:00Z,38.81,1252.4
2020-06-13T18:00:00Z,39.16,953.9
2020-06-13T18:30:00Z,38.83,1026.05
2020-06-13T19:00:00Z,38.18,981.65
2020-06-13T19:30:00Z,37.23,1065.85
2020-06-13T20:00:00Z,33.49,1035.95
2020-06-13T20:30:00Z,29.15,1109.35
2020-06-13T21:00:00Z,29.25,891.4
2020-06-13T21:30:00Z,28.05,984.9
2020-06-13T22:00:00Z,31.51,836.05
2020-06-13T22:30:00Z,36.4,608.4
2020-06-13T23:00:00Z,34.64,416.45
2020-06-13T23:30:00Z,31.78,429.6
2020-06-14T00:00:00Z,31.43,313.05
2020-06-14T00:30:00Z,32.88,370.35
2020-06-14T01:00:00Z,33.48,413.95
2020-06-14T01:30:00Z,32.31,319.9
2020-06-14T02:00:00Z,24.44,245.6
2020-06-14T02:30:00Z,24.41,360.3
2020-06-14T03:00:00Z,25.32,328.4
2020-06-14T03:30:00Z,23.68,326.55
2020-06-14T04:00:00Z,23.43,475.65
2020-06-14T04:30:00Z,24.26,511.9
2020-06-14T05:00:00Z,26.38,608.15
2020-06-14T05:30:00Z,27.609999999999996,608.05
2020-06-14T06:00:00Z,23.5,940.15
2020-06-14T06:30:00Z,26.4,895.15
2020-06-14T07:00:00Z,25.25,979.0
2020-06-14T07:30:00Z,29.01,1198.05
2020-06-14T08:00:00Z,31.34,1144.0
2020-06-14T08:30:00Z,30.139999999999997,1199.7
2020-06-14T09:00:00Z,31.68,1078.45
2020-06-14T09:30:00Z,32.46,1131.4
2020-06-14T10:00:00Z,34.59,852.35
2020-06-14T10:30:00Z,34.3,845.25
2020-06-14T11:00:00Z,34.34,897.65
2020-06-14T11:30:00Z,34.09,917.35
2020-06-14T12:00:00Z,30.59,758.5
2020-06-14T12:30:00Z,27.78,813.45
2020-06-14T13:00:00Z,24.68,955.35
2020-06-14T13:30:00Z,22.11,1097.95
2020-06-14T14:00:00Z,19.55,1082.25
2020-06-14T14:30:00Z,19.92,1506.55
2020-06-14T15:00:00Z,20.61,1365.75
2020-06-14T15:30:00Z,25.35,1366.25
2020-06-14T16:00:00Z,30.59,1068.05
2020-06-14T16:30:00Z,32.36,1366.85
2020-06-14T17:00:00Z,33.29,1237.2
2020-06-14T17:30:00Z,34.53,811.7
2020-06-14T18:00:00Z,33.41,685.15
2020-06-14T18:30:00Z,35.72,545.7
2020-06-14T19:00:00Z,34.67,752.95
2020-06-14T19:30:00Z,34.27,1054.3
2020-06-14T20:00:00Z,37.51,704.2
2020-06-14T20:30:00Z,39.27,875.6
2020-06-14T21:00:00Z,33.53,850.6
2020-06-14T21:30:00Z,27.29,1079.55
2020-06-14T22:00:00Z,31.74,795.15
2020-06-14T22:30:00Z,33.99,622.5
2020-06-14T23:00:00Z,32.23,511.2
2020-06-14T23:30:00Z,26.01,486.9
2020-06-15T00:00:00Z,31.23,685.65
2020-06-15T00:30:00Z,30.96,594.45
2020-06-15T01:00:00Z,30.52,794.5
2020-06-15T01:30:00Z,27.13,654.15
2020-06-15T02:00:00Z,26.34,429.65
2020-06-15T02:30:00Z,26.19,409.05
2020-06-15T03:00:00Z,25.74,448.35
2020-06-15T03:30:00Z,24.729999999999997,422.5
2020-06-15T04:00:00Z,31.91,409.95
2020-06-15T04:30:00Z,33.95,611.4
2020-06-15T05:00:00Z,36.26,589.8
2020-06-15T05:30:00Z,35.2,736.15
2020-06-15T06:00:00Z,35.11,1764.65
2020-06-15T06:30:00Z,37.48,1623.2
2020-06-15T07:00:00Z,28.350000000000005,1586.15
2020-06-15T07:30:00Z,33.53,1564.1
2020-06-15T08:00:00Z,35.92,1290.95
2020-06-15T08:30:00Z,36.75,1485.7
2020-06-15T09:00:00Z,36.0,1713.8
2020-06-15T09:30:00Z,34.05,2047.55
2020-06-15T10:00:00Z,27.92,1681.9
2020-06-15T10:30:00Z,32.36,1660.95
2020-06-15T11:00:00Z,33.8,1257.8
2020-06-15T11:30:00Z,33.18,1865.15
2020-06-15T12:00:00Z,29.97,1705.5
2020-06-15T12:30:00Z,27.84,1838.85
2020-06-15T13:00:00Z,33.22,2342.1
2020-06-15T13:30:00Z,32.94,2252.35
2020-06-15T14:00:00Z,29.43,1514.2
2020-06-15T14:30:00Z,31.040000000000003,1498.5
2020-06-15T15:00:00Z,35.48,1758.45
2020-06-15T15:30:00Z,37.63,2078.15
2020-06-15T16:00:00Z,38.87,1318.25
2020-06-15T16:30:00Z,41.42,1580.65
2020-06-15T17:00:00Z,41.81,1493.75
2020-06-15T17:30:00Z,38.83,1722.1
2020-06-15T18:00:00Z,39.42,1286.45
2020-06-15T18:30:00Z,43.44,1840.25
2020-06-15T19:00:00Z,39.06,1578.65
2020-06-15T19:30:00Z,35.82,1319.75
2020-06-15T20:00:00Z,37.34,1606.1
2020-06-15T20:30:00Z,35.52,1242.5
2020-06-15T21:00:00Z,35.87,1374.4
2020-06-15T21:30:00Z,31.95,1450.85
2020-06-15T22:00:00Z,17.12,974.8
2020-06-15T22:30:00Z,29.819999999999997,661.7
2020-06-15T23:00:00Z,28.450000000000003,380.55
2020-06-15T23:30:00Z,24.32,609.15
2020-06-16T00:00:00Z,25.89,381.0
2020-06-16T00:30:00Z,25.92,478.15
2020-06-16T01:00:00Z,26.82,423.3
2020-06-16T01:30:00Z,25.27,463.55
2020-06-16T02:00:00Z,25.49,283.3
2020-06-16T02:30:00Z,21.75,447.45
2020-06-16T03:00:00Z,24.97,420.5
2020-06-16T03:30:00Z,24.77,392.25
2020-06-16T04:00:00Z,30.58,463.0
2020-06-16T04:30:00Z,25.92,561.7
2020-06-16T05:00:00Z,23.92,492.95
2020-06-16T05:30:00Z,18.49,877.8
2020-06-16T06:00:00Z,22.49,828.95
2020-06-16T06:30:00Z,32.57,264.5
2020-06-16T07:00:00Z,28.96,687.3
2020-06-16T07:30:00Z,35.73,659.65
2020-06-16T08:00:00Z,40.07,1028.2
2020-06-16T08:30:00Z,38.81,1508.35
2020-06-16T09:00:00Z,40.84,1210.55
2020-06-16T09:30:00Z,41.68,1648.55
2020-06-16T10:00:00Z,39.46,1310.65
2020-06-16T10:30:00Z,39.43,1564.1
2020-06-16T11:00:00Z,38.97,1596.35
2020-06-16T11:30:00Z,38.19,1604.9
2020-06-16T12:00:00Z,35.31,1490.3
2020-06-16T12:30:00Z,33.15,1411.3
2020-06-16T13:00:00Z,30.89,1565.15
2020-06-16T13:30:00Z,29.97,1461.35
2020-06-16T14:00:00Z,24.42,1139.9
2020-06-16T14:30:00Z,24.41,1224.0
2020-06-16T15:00:00Z,23.81,1293.15
2020-06-16T15:30:00Z,33.19,1189.95
2020-06-16T16:00:00Z,32.24,1503.3
2020-06-16T16:30:00Z,36.92,1580.4
2020-06-16T17:00:00Z,37.26,1271.5
2020-06-16T17:30:00Z,34.59,1459.8
2020-06-16T18:00:00Z,30.12,1048.7
2020-06-16T18:30:00Z,27.279999999999998,913.95
2020-06-16T19:00:00Z,33.91,961.05
2020-06-16T19:30:00Z,30.779999999999998,867.45
2020-06-16T20:00:00Z,36.93,1044.85
2020-06-16T20:30:00Z,35.37,899.65
2020-06-16T21:00:00Z,29.750000000000004,747.85
2020-06-16T21:30:00Z,30.45,991.55
2020-06-16T22:00:00Z,23.87,702.85
2020-06-16T22:30:00Z,25.65,353.0
2020-06-16T23:00:00Z,25.24,282.95
2020-06-16T23:30:00Z,27.03,280.85
2020-06-17T00:00:00Z,25.87,276.95
2020-06-17T00:30:00Z,26.26,311.15
2020-06-17T01:00:00Z,24.59,263.05
2020-06-17T01:30:00Z,25.52,327.75
2020-06-17T02:00:00Z,25.1,428.1
2020-06-17T02:30:00Z,24.860000000000003,407.25
2020-06-17T03:00:00Z,24.21,405.6
2020-06-17T03:30:00Z,25.28,445.95
2020-06-17T04:00:00Z,28.03,434.15
2020-06-17T04:30:00Z,23.83,755.75
2020-06-17T05:00:00Z,28.82,775.35
2020-06-17T05:30:00Z,27.22,843.0
2020-06-17T06:00:00Z,28.28,830.5
2020-06-17T06:30:00Z,37.97,518.05
2020-06-17T07:00:00Z,29.54,683.0
2020-06-17T07:30:00Z,31.66,844.8
2020-06-17T08:00:00Z,25.48,1182.0
2020-06-17T08:30:00Z,23.32,1385.95
2020-06-17T09:00:00Z,24.74,1271.85
2020-06-17T09:30:00Z,28.470000000000002,1482.25
2020-06-17T10:00:00Z,24.75,1038.1
2020-06-17T10:30:00Z,24.6,1003.65
2020-06-17T11:00:00Z,21.13,970.25
2020-06-17T11:30:00Z,19.25,1019.8
2020-06-17T12:00:00Z,24.98,1623.1
2020-06-17T12:30:00Z,24.99,1700.45
2020-06-17T13:00:00Z,24.2,1552.2
2020-06-17T13:30:00Z,22.06,1800.2
2020-06-17T14:00:00Z,28.47,1919.8
2020-06-17T14:30:00Z,30.89,1928.05
2020-06-17T15:00:00Z,28.42,1778.95
2020-06-17T15:30:00Z,30.23,2021.35
2020-06-17T16:00:00Z,31.56,1671.35
2020-06-17T16:30:00Z,36.63,1655.35
2020-06-17T17:00:00Z,38.57,1935.5
2020-06-17T17:30:00Z,40.07,2443.15
2020-06-17T18:00:00Z,32.89,1442.75
2020-06-17T18:30:00Z,32.07,1460.1
2020-06-17T19:00:00Z,35.48,1057.65
2020-06-17T19:30:00Z,33.06,1119.65
2020-06-17T20:00:00Z,33.33,1238.95
2020-06-17T20:30:00Z,28.17,1156.65
2020-06-17T21:00:00Z,27.570000000000004,1576.55
2020-06-17T21:30:00Z,28.05,1953.55
2020-06-17T22:00:00Z,19.9,783.95
2020-06-17T22:30:00Z,26.08,674.75
2020-06-17T23:00:00Z,22.87,643.1
2020-06-17T23:30:00Z,19.92,617.9
2020-06-18T00:00:00Z,21.56,579.5
2020-06-18T00:30:00Z,21.84,612.65
2020-06-18T01:00:00Z,21.31,541.4
2020-06-18T01:30:00Z,19.87,586.0
2020-06-18T02:00:00Z,22.1,374.7
2020-06-18T02:30:00Z,18.84,444.95
2020-06-18T03:00:00Z,24.46,498.25
2020-06-18T03:30:00Z,18.64,622.1
2020-06-18T04:00:00Z,26.06,440.85
2020-06-18T04:30:00Z,21.6,543.4
2020-06-18T05:00:00Z,27.059999999999995,658.7
2020-06-18T05:30:00Z,22.69,905.35
2020-06-18T06:00:00Z,27.89,666.45
2020-06-18T06:30:00Z,33.81,922.2
2020-06-18T07:00:00Z,24.25,1007.25
2020-06-18T07:30:00Z,32.49,1172.45
2020-06-18T08:00:00Z,31.13,1357.75
2020-06-18T08:30:00Z,31.38,959.05
2020-06-18T09:00:00Z,29.5,1392.8
2020-06-18T09:30:00Z,29.52,1416.95
2020-06-18T10:00:00Z,30.52,1289.5
2020-06-18T10:30:00Z,31.46,1020.2
2020-06-18T11:00:00Z,33.1,1189.6
2020-06-18T11:30:00Z,33.05,1359.45
2020-06-18T12:00:00Z,28.97,1113.95
2020-06-18T12:30:00Z,24.41,1366.85
2020-06-18T13:00:00Z,30.84,1012.2
2020-06-18T13:30:00Z,31.18,1128.4
2020-06-18T14:00:00Z,33.43,1154.1
2020-06-18T14:30:00Z,34.1,1278.55
2020-06-18T15:00:00Z,29.08,1401.4
2020-06-18T15:30:00Z,35.91,1330.1
2020-06-18T16:00:00Z,34.52,1340.35
2020-06-18T16:30:00Z,35.23,1268.9
2020-06-18T17:00:00Z,36.3,1356.0
2020-06-18T17:30:00Z,34.38,1318.0
2020-06-18T18:00:00Z,36.93,960.8
2020-06-18T18:30:00Z,36.18,1030.5
2020-06-18T19:00:00Z,35.51,948.15
2020-06-18T19:30:00Z,33.64,1380.05
2020-06-18T20:00:00Z,32.71,1065.05
2020-06-18T20:30:00Z,26.39,1014.2
2020-06-18T21:00:00Z,22.36,1064.85
2020-06-18T21:30:00Z,32.14,1170.75
2020-06-18T22:00:00Z,31.25,984.4
2020-06-18T22:30:00Z,31.07,800.5
2020-06-18T23:00:00Z,29.040000000000003,598.9
2020-06-18T23:30:00Z,24.83,552.8
2020-06-19T00:00:00Z,26.01,600.2
2020-06-19T00:30:00Z,25.9,622.8
2020-06-19T01:00:00Z,26.12,670.75
2020-06-19T01:30:00Z,25.390000000000004,771.75
2020-06-19T02:00:00Z,24.14,811.5
2020-06-19T02:30:00Z,24.05,759.25
2020-06-19T03:00:00Z,25.06,910.05
2020-06-19T03:30:00Z,25.18,861.1
2020-06-19T04:00:00Z,30.9,388.9
2020-06-19T04:30:00Z,30.86,718.6
2020-06-19T05:00:00Z,32.92,679.25
2020-06-19T05:30:00Z,32.5,791.5
2020-06-19T06:00:00Z,23.76,1288.6
2020-06-19T06:30:00Z,34.47,1397.85
2020-06-19T07:00:00Z,30.4,1084.65
2020-06-19T07:30:00Z,35.04,1126.0
2020-06-19T08:00:00Z,34.96,1167.1
2020-06-19T08:30:00Z,37.33,1343.6
2020-06-19T09:00:00Z,36.05,1189.7
2020-06-19T09:30:00Z,36.64,1346.55
2020-06-19T10:00:00Z,38.63,1424.2
2020-06-19T10:30:00Z,37.75,1504.0
2020-06-19T11:00:00Z,36.77,1403.95
2020-06-19T11:30:00Z,34.45,1461.2
2020-06-19T12:00:00Z,29.75,1487.35
2020-06-19T12:30:00Z,24.31,1705.0
2020-06-19T13:00:00Z,30.5,1940.75
2020-06-19T13:30:00Z,25.58,1815.6
2020-06-19T14:00:00Z,26.43,1494.2
2020-06-19T14:30:00Z,25.12,1339.3
2020-06-19T15:00:00Z,28.35,1048.3
2020-06-19T15:30:00Z,30.199999999999996,1457.65
2020-06-19T16:00:00Z,27.12,1081.95
2020-06-19T16:30:00Z,30.05,1253.6
2020-06-19T17:00:00Z,31.5,1182.5
2020-06-19T17:30:00Z,31.11,948.3
2020-06-19T18:00:00Z,30.160000000000004,1116.55
2020-06-19T18:30:00Z,29.86,1193.15
2020-06-19T19:00:00Z,32.42,1228.6
2020-06-19T19:30:00Z,30.499999999999996,1288.7
2020-06-19T20:00:00Z,31.970000000000002,1097.9
2020-06-19T20:30:00Z,30.22,953.35
2020-06-19T21:00:00Z,23.67,1259.15
2020-06-19T21:30:00Z,29.97,1335.15
2020-06-19T22:00:00Z,23.78,760.9
2020-06-19T22:30:00Z,31.23,487.95
2020-06-19T23:00:00Z,31.66,508.85
2020-06-19T23:30:00Z,30.29,521.8
2020-06-20T00:00:00Z,31.700000000000003,258.65
2020-06-20T00:30:00Z,33.78,395.95
2020-06-20T01:00:00Z,32.39,285.45
2020-06-20T01:30:00Z,29.469999999999995,354.05
2020-06-20T02:00:00Z,29.43,422.5
2020-06-20T02:30:00Z,29.33,440.4
2020-06-20T03:00:00Z,27.12,683.85
2020-06-20T03:30:00Z,24.15,868.15
2020-06-20T04:00:00Z,23.05,817.3
2020-06-20T04:30:00Z,24.17,980.5
2020-06-20T05:00:00Z,25.4,463.4
2020-06-20T05:30:00Z,27.06,519.8
2020-06-20T06:00:00Z,31.26,641.65
2020-06-20T06:30:00Z,34.73,652.5
2020-06-20T07:00:00Z,27.630000000000003,742.3
2020-06-20T07:30:00Z,34.17,1180.25
2020-06-20T08:00:00Z,38.19,1266.55
2020-06-20T08:30:00Z,38.36,1042.35
2020-06-20T09:00:00Z,40.4,1424.95
2020-06-20T09:30:00Z,40.82,1494.1
2020-06-20T10:00:00Z,40.99,790.35
2020-06-20T10:30:00Z,40.82,1010.65
2020-06-20T11:00:00Z,40.86,931.0
2020-06-20T11:30:00Z,36.98,975.6
2020-06-20T12:00:00Z,30.75,1034.35
2020-06-20T12:30:00Z,26.740000000000002,905.7
2020-06-20T13:00:00Z,22.98,1170.45
2020-06-20T13:30:00Z,20.54,969.1
2020-06-20T14:00:00Z,18.28,1065.1
2020-06-20T14:30:00Z,18.21,967.9
2020-06-20T15:00:00Z,18.17,698.55
2020-06-20T15:30:00Z,21.3,872.85
2020-06-20T16:00:00Z,27.89,1022.1
2020-06-20T16:30:00Z,34.63,1018.6
2020-06-20T17:00:00Z,35.26,1132.85
2020-06-20T17:30:00Z,34.28,1251.0
2020-06-20T18:00:00Z,34.91,854.4
2020-06-20T18:30:00Z,36.35,940.45
2020-06-20T19:00:00Z,35.39,756.15
2020-06-20T19:30:00Z,34.69,684.85
2020-06-20T20:00:00Z,37.7,723.4
2020-06-20T20:30:00Z,37.16,790.6
2020-06-20T21:00:00Z,37.09,831.0
2020-06-20T21:30:00Z,33.55,875.75
2020-06-20T22:00:00Z,25.19,812.45
2020-06-20T22:30:00Z,22.11,979.85
2020-06-20T23:00:00Z,25.12,721.0
2020-06-20T23:30:00Z,9.8,701.2
2020-06-21T00:00:00Z,21.7,433.7
2020-06-21T00:30:00Z,7.81,639.65
2020-06-21T01:00:00Z,21.92,380.45
2020-06-21T01:30:00Z,6.72,670.55
2020-06-21T02:00:00Z,16.74,630.35
2020-06-21T02:30:00Z,7.659999999999999,562.7
2020-06-21T03:00:00Z,5.91,489.9
2020-06-21T03:30:00Z,0.66,557.85
2020-06-21T04:00:00Z,-1.11,721.5
2020-06-21T04:30:00Z,0.37,596.1
2020-06-21T05:00:00Z,1.23,552.8
2020-06-21T05:30:00Z,6.12,714.85
2020-06-21T06:00:00Z,3.01,953.25
2020-06-21T06:30:00Z,8.08,664.9
2020-06-21T07:00:00Z,2.04,846.55
2020-06-21T07:30:00Z,14.87,988.65
2020-06-21T08:00:00Z,5.66,909.65
2020-06-21T08:30:00Z,7.45,805.15
2020-06-21T09:00:00Z,7.28,759.3
2020-06-21T09:30:00Z,6.74,761.95
2020-06-21T10:00:00Z,-2.76,774.45
2020-06-21T10:30:00Z,0.95,969.95
2020-06-21T11:00:00Z,3.74,845.65
2020-06-21T11:30:00Z,5.09,868.05
2020-06-21T12:00:00Z,2.44,1163.9
2020-06-21T12:30:00Z,1.53,1151.95
2020-06-21T13:00:00Z,1.4,1298.25
2020-06-21T13:30:00Z,1.05,1276.0
2020-06-21T14:00:00Z,-4.49,1218.45
2020-06-21T14:30:00Z,0.31,1246.6
2020-06-21T15:00:00Z,5.609999999999999,1536.85
2020-06-21T15:30:00Z,17.75,1183.8
2020-06-21T16:00:00Z,13.99,1052.65
2020-06-21T16:30:00Z,18.86,1053.65
2020-06-21T17:00:00Z,22.17,1108.85
2020-06-21T17:30:00Z,22.95,1366.15
2020-06-21T18:00:00Z,30.47,1438.2
2020-06-21T18:30:00Z,30.43,1570.5
2020-06-21T19:00:00Z,32.52,1451.15
2020-06-21T19:30:00Z,33.92,1552.25
2020-06-21T20:00:00Z,35.55,1322.05
2020-06-21T20:30:00Z,35.74,1469.55
2020-06-21T21:00:00Z,36.0,1423.8
2020-06-21T21:30:00Z,33.18,1298.8
2020-06-21T22:00:00Z,34.61,639.1
2020-06-21T22:30:00Z,31.01,466.15
2020-06-21T23:00:00Z,25.98,462.65
2020-06-21T23:30:00Z,21.74,405.75
2020-06-22T00:00:00Z,20.95,430.0
2020-06-22T00:30:00Z,19.61,518.35
2020-06-22T01:00:00Z,19.25,591.45
2020-06-22T01:30:00Z,18.11,490.45
2020-06-22T02:00:00Z,24.4,519.25
2020-06-22T02:30:00Z,25.44,492.2
2020-06-22T03:00:00Z,25.729999999999997,412.2
2020-06-22T03:30:00Z,23.84,434.0
2020-06-22T04:00:00Z,25.18,429.2
2020-06-22T04:30:00Z,29.109999999999996,351.5
2020-06-22T05:00:00Z,29.85,513.55
2020-06-22T05:30:00Z,34.36,600.4
2020-06-22T06:00:00Z,32.53,1546.25
2020-06-22T06:30:00Z,35.26,1458.8
2020-06-22T07:00:00Z,35.11,1409.2
2020-06-22T07:30:00Z,34.32,1616.95
2020-06-22T08:00:00Z,30.439999999999998,1279.4
2020-06-22T08:30:00Z,28.77,1167.9
2020-06-22T09:00:00Z,29.64,1379.8
2020-06-22T09:30:00Z,28.119999999999997,1377.1
2020-06-22T10:00:00Z,21.17,1169.65
2020-06-22T10:30:00Z,19.04,1279.9
2020-06-22T11:00:00Z,20.19,1211.4
2020-06-22T11:30:00Z,19.94,1247.4
2020-06-22T12:00:00Z,21.71,1691.0
2020-06-22T12:30:00Z,20.13,1680.2
2020-06-22T13:00:00Z,19.4,1774.25
2020-06-22T13:30:00Z,19.56,1846.05
2020-06-22T14:00:00Z,22.35,1409.7
2020-06-22T14:30:00Z,26.470000000000002,1488.5
2020-06-22T15:00:00Z,25.060000000000002,1377.5
2020-06-22T15:30:00Z,28.87,1808.9
2020-06-22T16:00:00Z,26.65,1618.8
2020-06-22T16:30:00Z,31.76,1475.85
2020-06-22T17:00:00Z,33.22,1698.3
2020-06-22T17:30:00Z,34.16,1433.2
2020-06-22T18:00:00Z,35.38,1466.6
2020-06-22T18:30:00Z,32.01,1177.9
2020-06-22T19:00:00Z,35.02,1268.55
2020-06-22T19:30:00Z,31.03,1170.3
2020-06-22T20:00:00Z,29.7,1150.65
2020-06-22T20:30:00Z,25.45,1113.2
2020-06-22T21:00:00Z,24.09,1299.4
2020-06-22T21:30:00Z,17.15,1548.25
2020-06-22T22:00:00Z,22.79,885.4
2020-06-22T22:30:00Z,20.59,1037.95
2020-06-22T23:00:00Z,23.72,754.95
2020-06-22T23:30:00Z,23.71,741.4
2020-06-23T00:00:00Z,21.949999999999996,807.3
2020-06-23T00:30:00Z,22.52,890.75
2020-06-23T01:00:00Z,21.62,857.95
2020-06-23T01:30:00Z,22.87,823.8
2020-06-23T02:00:00Z,27.7,692.4
2020-06-23T02:30:00Z,30.22,651.45
2020-06-23T03:00:00Z,32.61,739.9
2020-06-23T03:30:00Z,33.06,800.1
2020-06-23T04:00:00Z,38.9,1045.9
2020-06-23T04:30:00Z,37.94,1351.55
2020-06-23T05:00:00Z,39.84,1094.95
2020-06-23T05:30:00Z,36.5,1349.35
2020-06-23T06:00:00Z,37.53,1279.5
2020-06-23T06:30:00Z,38.69,1118.9
2020-06-23T07:00:00Z,35.83,1351.2
2020-06-23T07:30:00Z,38.04,1585.6
2020-06-23T08:00:00Z,36.36,1308.1
2020-06-23T08:30:00Z,33.87,1334.85
2020-06-23T09:00:00Z,31.21,1590.9
2020-06-23T09:30:00Z,30.42,1333.25
2020-06-23T10:00:00Z,30.85,1964.35
2020-06-23T10:30:00Z,31.64,1802.5
2020-06-23T11:00:00Z,31.659999999999997,2130.05
2020-06-23T11:30:00Z,30.17,1903.45
2020-06-23T12:00:00Z,30.78,1914.05
2020-06-23T12:30:00Z,28.999999999999996,1747.6
2020-06-23T13:00:00Z,31.46,2149.5
2020-06-23T13:30:00Z,32.35,2356.45
2020-06-23T14:00:00Z,33.73,1966.65
2020-06-23T14:30:00Z,32.35,2122.55
2020-06-23T15:00:00Z,31.140000000000004,2673.65
2020-06-23T15:30:00Z,31.939999999999998,2530.95
2020-06-23T16:00:00Z,34.57,2483.45
2020-06-23T16:30:00Z,36.88,2577.05
2020-06-23T17:00:00Z,39.49999999999999,1912.3
2020-06-23T17:30:00Z,39.65,1895.45
2020-06-23T18:00:00Z,42.79,1629.8
2020-06-23T18:30:00Z,42.41,1681.8
2020-06-23T19:00:00Z,41.68,1709.45
2020-06-23T19:30:00Z,41.32,1742.0
2020-06-23T20:00:00Z,38.89,1638.65
2020-06-23T20:30:00Z,39.38,1558.55
2020-06-23T21:00:00Z,39.07,1439.1
2020-06-23T21:30:00Z,38.43,1585.05
2020-06-23T22:00:00Z,19.900000000000002,448.55
2020-06-23T22:30:00Z,23.65,518.5
2020-06-23T23:00:00Z,31.25,403.9
2020-06-23T23:30:00Z,27.35,558.3
2020-06-24T00:00:00Z,28.0,508.6
2020-06-24T00:30:00Z,28.22,549.25
2020-06-24T01:00:00Z,24.92,567.6
2020-06-24T01:30:00Z,21.83,608.75
2020-06-24T02:00:00Z,21.3,472.5
2020-06-24T02:30:00Z,17.16,574.7
2020-06-24T03:00:00Z,24.14,853.95
2020-06-24T03:30:00Z,21.85,695.6
2020-06-24T04:00:00Z,22.709999999999997,880.6
2020-06-24T04:30:00Z,19.62,977.2
2020-06-24T05:00:00Z,23.74,1274.0
2020-06-24T05:30:00Z,23.77,1254.4
2020-06-24T06:00:00Z,22.24,1119.25
2020-06-24T06:30:00Z,33.83,976.35
2020-06-24T07:00:00Z,28.4,1064.55
2020-06-24T07:30:00Z,34.13,1439.25
2020-06-24T08:00:00Z,30.02,1415.95
2020-06-24T08:30:00Z,31.480000000000004,1502.85
2020-06-24T09:00:00Z,33.47,1598.2
2020-06-24T09:30:00Z,33.52,1441.75
2020-06-24T10:00:00Z,21.82,1177.35
2020-06-24T10:30:00Z,0.0,0.0
2020-06-24T11:00:00Z,0.0,0.0
2020-06-24T11:30:00Z,0.0,0.0
2020-06-24T12:00:00Z,0.0,0.0
2020-06-24T12:30:00Z,26.859999999999996,1267.35
2020-06-24T13:00:00Z,32.16,1528.2
2020-06-24T13:30:00Z,30.83,1498.05
2020-06-24T14:00:00Z,36.79,1241.2
2020-06-24T14:30:00Z,34.74,1407.65
2020-06-24T15:00:00Z,31.970000000000002,1170.5
2020-06-24T15:30:00Z,38.28,1399.0
2020-06-24T16:00:00Z,42.31,1316.9
2020-06-24T16:30:00Z,44.7,1104.35
2020-06-24T17:00:00Z,41.01,1426.85
2020-06-24T17:30:00Z,40.44,1108.9
2020-06-24T18:00:00Z,37.76,1565.25
2020-06-24T18:30:00Z,39.45,1097.3
2020-06-24T19:00:00Z,40.23,1031.8
2020-06-24T19:30:00Z,40.25,890.3
2020-06-24T20:00:00Z,40.51,734.75
2020-06-24T20:30:00Z,40.94,1273.4
2020-06-24T21:00:00Z,37.23,1221.15
2020-06-24T21:30:00Z,28.31,1453.55
2020-06-24T22:00:00Z,15.45,907.35
2020-06-24T22:30:00Z,35.19,815.85
2020-06-24T23:00:00Z,30.45,428.3
2020-06-24T23:30:00Z,25.35,572.6
2020-06-25T00:00:00Z,25.01,711.5
2020-06-25T00:30:00Z,25.11,525.9
2020-06-25T01:00:00Z,28.119999999999997,696.95
2020-06-25T01:30:00Z,26.070000000000004,717.05
2020-06-25T02:00:00Z,24.39,591.95
2020-06-25T02:30:00Z,21.66,747.2
2020-06-25T03:00:00Z,28.14,508.75
2020-06-25T03:30:00Z,24.47,588.45
2020-06-25T04:00:00Z,33.5,613.25
2020-06-25T04:30:00Z,30.52,819.75
2020-06-25T05:00:00Z,39.94,819.5
2020-06-25T05:30:00Z,33.45,930.15
2020-06-25T06:00:00Z,38.0,686.55
2020-06-25T06:30:00Z,43.92,697.6
2020-06-25T07:00:00Z,38.26,923.05
2020-06-25T07:30:00Z,37.54,990.45
2020-06-25T08:00:00Z,38.03,855.85
2020-06-25T08:30:00Z,36.72,947.25
2020-06-25T09:00:00Z,36.88,948.7
2020-06-25T09:30:00Z,33.94,847.85
2020-06-25T10:00:00Z,24.57,907.5
2020-06-25T10:30:00Z,23.25,848.65
2020-06-25T11:00:00Z,29.1,1487.05
2020-06-25T11:30:00Z,25.83,1320.05
2020-06-25T12:00:00Z,27.02,1806.7
2020-06-25T12:30:00Z,24.15,1837.8
2020-06-25T13:00:00Z,22.59,1859.75
2020-06-25T13:30:00Z,22.550000000000004,1506.2
2020-06-25T14:00:00Z,23.78,1138.15
2020-06-25T14:30:00Z,21.71,1472.95
2020-06-25T15:00:00Z,23.98,1586.25
2020-06-25T15:30:00Z,31.37,1558.05
2020-06-25T16:00:00Z,29.91,1911.4
2020-06-25T16:30:00Z,32.47,1649.55
2020-06-25T17:00:00Z,34.57,1559.75
2020-06-25T17:30:00Z,36.06,1394.45
2020-06-25T18:00:00Z,33.8,923.15
2020-06-25T18:30:00Z,32.47,994.05
2020-06-25T19:00:00Z,36.4,873.95
2020-06-25T19:30:00Z,35.16,1180.3
2020-06-25T20:00:00Z,36.84,920.4
2020-06-25T20:30:00Z,35.21,944.2
2020-06-25T21:00:00Z,35.49,1338.2
2020-06-25T21:30:00Z,36.59,1223.85
2020-06-25T22:00:00Z,16.83,1261.3
2020-06-25T22:30:00Z,30.15,669.15
2020-06-25T23:00:00Z,26.95,596.2
2020-06-25T23:30:00Z,25.05,688.75
2020-06-26T00:00:00Z,23.729999999999997,784.1
2020-06-26T00:30:00Z,24.69,870.5
2020-06-26T01:00:00Z,23.84,907.75
2020-06-26T01:30:00Z,21.02,1144.0
2020-06-26T02:00:00Z,26.42,802.35
2020-06-26T02:30:00Z,24.55,739.75
2020-06-26T03:00:00Z,25.19,678.85
2020-06-26T03:30:00Z,21.97,873.25
2020-06-26T04:00:00Z,30.22,825.25
2020-06-26T04:30:00Z,19.26,967.9
2020-06-26T05:00:00Z,33.3,818.35
2020-06-26T05:30:00Z,26.55,1077.05
2020-06-26T06:00:00Z,19.800000000000004,829.15
2020-06-26T06:30:00Z,34.59,999.1
2020-06-26T07:00:00Z,29.3,991.15
2020-06-26T07:30:00Z,35.17,1132.0
2020-06-26T08:00:00Z,33.88,1061.9
2020-06-26T08:30:00Z,34.4,1150.65
2020-06-26T09:00:00Z,31.839999999999996,1330.9
2020-06-26T09:30:00Z,30.18,1246.75
2020-06-26T10:00:00Z,28.36,976.55
2020-06-26T10:30:00Z,29.53,998.7
2020-06-26T11:00:00Z,29.1,1115.15
2020-06-26T11:30:00Z,26.09,1034.65
2020-06-26T12:00:00Z,26.98,1240.25
2020-06-26T12:30:00Z,23.98,1198.95
2020-06-26T13:00:00Z,26.51,1232.1
2020-06-26T13:30:00Z,28.86,1814.65
2020-06-26T14:00:00Z,30.5,1374.25
2020-06-26T14:30:00Z,30.91,1176.1
2020-06-26T15:00:00Z,26.49,1439.05
2020-06-26T15:30:00Z,36.76,1140.8
2020-06-26T16:00:00Z,34.97,1372.75
2020-06-26T16:30:00Z,36.63,1059.9
2020-06-26T17:00:00Z,33.79,1256.5
2020-06-26T17:30:00Z,33.68,1258.7
2020-06-26T18:00:00Z,35.64,743.1
2020-06-26T18:30:00Z,36.51,604.05
2020-06-26T19:00:00Z,39.480000000000004,910.65
2020-06-26T19:30:00Z,38.19,911.4
2020-06-26T20:00:00Z,34.76,889.05
2020-06-26T20:30:00Z,36.9,810.65
2020-06-26T21:00:00Z,36.8,1061.25
2020-06-26T21:30:00Z,31.55,1182.1
2020-06-26T22:00:00Z,15.18,1157.75
2020-06-26T22:30:00Z,36.36,672.8
2020-06-26T23:00:00Z,35.31,489.75
2020-06-26T23:30:00Z,30.65,406.55
2020-06-27T00:00:00Z,29.839999999999996,473.7
2020-06-27T00:30:00Z,32.81,471.1
2020-06-27T01:00:00Z,29.42,460.65
2020-06-27T01:30:00Z,26.07,527.25
2020-06-27T02:00:00Z,24.299999999999997,423.05
2020-06-27T02:30:00Z,23.28,508.75
2020-06-27T03:00:00Z,24.76,613.75
2020-06-27T03:30:00Z,23.04,506.2
2020-06-27T04:00:00Z,22.96,473.4
2020-06-27T04:30:00Z,21.94,487.5
2020-06-27T05:00:00Z,22.71,627.95
2020-06-27T05:30:00Z,23.11,743.15
2020-06-27T06:00:00Z,12.149999999999999,676.2
2020-06-27T06:30:00Z,17.81,625.6
2020-06-27T07:00:00Z,22.74,931.7
2020-06-27T07:30:00Z,29.829999999999995,1103.95
2020-06-27T08:00:00Z,28.25,1196.65
2020-06-27T08:30:00Z,28.489999999999995,1342.75
2020-06-27T09:00:00Z,28.699999999999996,1340.25
2020-06-27T09:30:00Z,28.160000000000004,1436.65
2020-06-27T10:00:00Z,27.409999999999997,1431.65
2020-06-27T10:30:00Z,25.42,1612.7
2020-06-27T11:00:00Z,25.5,1468.9
2020-06-27T11:30:00Z,23.929999999999996,1506.75
2020-06-27T12:00:00Z,14.76,1095.85
2020-06-27T12:30:00Z,8.94,958.45
2020-06-27T13:00:00Z,1.13,1256.6
2020-06-27T13:30:00Z,-2.72,1252.15
2020-06-27T14:00:00Z,1.1599999999999997,1790.3
2020-06-27T14:30:00Z,2.02,1780.95
2020-06-27T15:00:00Z,4.22,1751.9
2020-06-27T15:30:00Z,8.43,1719.7
2020-06-27T16:00:00Z,16.42,1825.45
2020-06-27T16:30:00Z,22.47,1804.8
2020-06-27T17:00:00Z,20.11,1534.25
2020-06-27T17:30:00Z,19.59,1527.3
2020-06-27T18:00:00Z,21.26,1218.05
2020-06-27T18:30:00Z,21.37,1388.75
2020-06-27T19:00:00Z,23.92,1261.15
2020-06-27T19:30:00Z,22.62,1186.3
2020-06-27T20:00:00Z,23.51,1042.6
2020-06-27T20:30:00Z,22.1,1200.8
2020-06-27T21:00:00Z,21.69,1226.9
2020-06-27T21:30:00Z,14.75,1246.95
2020-06-27T22:00:00Z,16.29,732.0
2020-06-27T22:30:00Z,6.639999999999999,689.15
2020-06-27T23:00:00Z,18.39,812.95
2020-06-27T23:30:00Z,10.76,643.0
2020-06-28T00:00:00Z,11.66,624.55
2020-06-28T00:30:00Z,5.84,552.65
2020-06-28T01:00:00Z,10.15,684.35
2020-06-28T01:30:00Z,-8.7,472.65
2020-06-28T02:00:00Z,-28.47,755.75
2020-06-28T02:30:00Z,-44.19,678.65
2020-06-28T03:00:00Z,-45.11,722.25
2020-06-28T03:30:00Z,-47.9,1139.6
2020-06-28T04:00:00Z,-43.55,1096.9
2020-06-28T04:30:00Z,-40.91,1005.4
2020-06-28T05:00:00Z,-39.25,1140.2
2020-06-28T05:30:00Z,-32.27,1137.9
2020-06-28T06:00:00Z,-36.47,1066.15
2020-06-28T06:30:00Z,-25.27,976.45
2020-06-28T07:00:00Z,-41.36,1032.45
2020-06-28T07:30:00Z,-30.65,941.8
2020-06-28T08:00:00Z,-39.050000000000004,938.6
2020-06-28T08:30:00Z,-25.96,1054.85
2020-06-28T09:00:00Z,-22.76,945.15
2020-06-28T09:30:00Z,-20.61,963.7
2020-06-28T10:00:00Z,-16.98,909.65
2020-06-28T10:30:00Z,-16.34,959.55
2020-06-28T11:00:00Z,-24.31,1034.05
2020-06-28T11:30:00Z,-24.96,1261.95
2020-06-28T12:00:00Z,-22.75,1268.7
2020-06-28T12:30:00Z,-34.79,880.75
2020-06-28T13:00:00Z,-31.98,765.9
2020-06-28T13:30:00Z,-37.36,1028.45
2020-06-28T14:00:00Z,-34.8,1623.95
2020-06-28T14:30:00Z,-28.81,1729.65
2020-06-28T15:00:00Z,-14.57,1636.6
2020-06-28T15:30:00Z,0.48000000000000004,1405.6
2020-06-28T16:00:00Z,14.890000000000002,1223.15
2020-06-28T16:30:00Z,19.82,1527.15
2020-06-28T17:00:00Z,18.58,1356.85
2020-06-28T17:30:00Z,21.47,1405.2
2020-06-28T18:00:00Z,24.62,1157.15
2020-06-28T18:30:00Z,26.26,1435.35
2020-06-28T19:00:00Z,23.54,1390.9
2020-06-28T19:30:00Z,22.5,1171.0
2020-06-28T20:00:00Z,23.93,1325.3
2020-06-28T20:30:00Z,22.24,1279.4
2020-06-28T21:00:00Z,18.46,1481.25
2020-06-28T21:30:00Z,8.22,1525.35
2020-06-28T22:00:00Z,13.84,1130.9
2020-06-28T22:30:00Z,-0.11,1005.05
2020-06-28T23:00:00Z,-8.88,688.15
2020-06-28T23:30:00Z,-19.53,806.95
2020-06-29T00:00:00Z,-3.63,1048.75
2020-06-29T00:30:00Z,-3.43,911.8
2020-06-29T01:00:00Z,-6.8100000000000005,825.9
2020-06-29T01:30:00Z,-10.47,1021.0
2020-06-29T02:00:00Z,-8.46,1021.15
2020-06-29T02:30:00Z,-4.7,933.85
2020-06-29T03:00:00Z,-2.01,1074.05
2020-06-29T03:30:00Z,-4.06,942.85
2020-06-29T04:00:00Z,-9.1,1015.05
2020-06-29T04:30:00Z,-3.28,809.0
2020-06-29T05:00:00Z,13.85,1010.55
2020-06-29T05:30:00Z,19.87,1109.35
2020-06-29T06:00:00Z,20.42,1072.65
2020-06-29T06:30:00Z,33.59,1259.15
2020-06-29T07:00:00Z,29.13,1317.65
2020-06-29T07:30:00Z,32.92,1150.55
2020-06-29T08:00:00Z,33.31,1472.1
2020-06-29T08:30:00Z,33.38,1407.05
2020-06-29T09:00:00Z,34.95,1400.15
2020-06-29T09:30:00Z,33.22,1094.95
2020-06-29T10:00:00Z,33.37,1495.6
2020-06-29T10:30:00Z,33.46,1522.15
2020-06-29T11:00:00Z,30.81,1260.75
2020-06-29T11:30:00Z,30.560000000000002,1283.75
2020-06-29T12:00:00Z,36.3,2008.45
2020-06-29T12:30:00Z,30.06,1509.75
2020-06-29T13:00:00Z,27.22,1747.0
2020-06-29T13:30:00Z,26.72,1945.55
2020-06-29T14:00:00Z,29.57,1377.65
2020-06-29T14:30:00Z,29.900000000000002,1479.65
2020-06-29T15:00:00Z,26.49,1419.85
2020-06-29T15:30:00Z,35.5,1370.75
2020-06-29T16:00:00Z,35.23,1512.0
2020-06-29T16:30:00Z,36.61,1515.9
2020-06-29T17:00:00Z,35.41,1507.25
2020-06-29T17:30:00Z,35.13,1636.95
2020-06-29T18:00:00Z,31.77,1503.6
2020-06-29T18:30:00Z,27.27,1557.7
2020-06-29T19:00:00Z,30.979999999999997,1365.8
2020-06-29T19:30:00Z,30.01,1446.8
2020-06-29T20:00:00Z,30.19,1156.8
2020-06-29T20:30:00Z,28.919999999999998,1153.7
2020-06-29T21:00:00Z,28.8,1038.0
2020-06-29T21:30:00Z,28.23,1159.15
2020-06-29T22:00:00Z,19.57,605.65
2020-06-29T22:30:00Z,11.45,782.1
2020-06-29T23:00:00Z,11.11,599.4
2020-06-29T23:30:00Z,4.78,550.55
2020-06-30T00:00:00Z,4.0,853.6
2020-06-30T00:30:00Z,3.52,958.95
2020-06-30T01:00:00Z,5.33,671.5
2020-06-30T01:30:00Z,4.58,828.1
2020-06-30T02:00:00Z,4.2,564.8
2020-06-30T02:30:00Z,7.07,748.8
2020-06-30T03:00:00Z,6.73,786.25
2020-06-30T03:30:00Z,8.54,814.85
2020-06-30T04:00:00Z,15.3,949.35
2020-06-30T04:30:00Z,18.99,683.2
2020-06-30T05:00:00Z,20.99,703.6
2020-06-30T05:30:00Z,23.359999999999996,937.95
2020-06-30T06:00:00Z,19.4,1303.55
2020-06-30T06:30:00Z,23.630000000000003,1525.2
2020-06-30T07:00:00Z,27.579999999999995,1371.2
2020-06-30T07:30:00Z,28.47,1570.1
2020-06-30T08:00:00Z,28.4,1598.9
2020-06-30T08:30:00Z,29.57,1451.4
2020-06-30T09:00:00Z,33.18,1582.0
2020-06-30T09:30:00Z,35.0,2057.55
2020-06-30T10:00:00Z,37.69,1502.55
2020-06-30T10:30:00Z,37.46,1514.1
2020-06-30T11:00:00Z,37.18,1498.2
2020-06-30T11:30:00Z,37.22,1932.85
2020-06-30T12:00:00Z,37.67,1928.35
2020-06-30T12:30:00Z,37.25,1939.45
2020-06-30T13:00:00Z,38.6,2124.1
2020-06-30T13:30:00Z,36.08,2803.8
2020-06-30T14:00:00Z,39.63,1722.25
2020-06-30T14:30:00Z,39.32,1983.75
2020-06-30T15:00:00Z,36.26,1897.1
2020-06-30T15:30:00Z,40.71,1603.5
2020-06-30T16:00:00Z,41.54,1239.05
2020-06-30T16:30:00Z,42.3,1538.75
2020-06-30T17:00:00Z,40.96,1233.8
2020-06-30T17:30:00Z,40.03,1126.1
2020-06-30T18:00:00Z,40.52,1152.35
2020-06-30T18:30:00Z,38.98,948.6
2020-06-30T19:00:00Z,43.6,1334.6
2020-06-30T19:30:00Z,41.09,1070.6
2020-06-30T20:00:00Z,42.84,1038.65
2020-06-30T20:30:00Z,43.04,1178.3
2020-06-30T21:00:00Z,41.77000000000001,839.35
2020-06-30T21:30:00Z,38.62,1100.9
2020-06-30T22:00:00Z,26.87,1182.6
2020-06-30T22:30:00Z,33.0,776.9
2020-06-30T23:00:00Z,29.67,701.6
2020-06-30T23:30:00Z,25.67,512.55
2020-07-01T00:00:00Z,25.23,620.25
2020-07-01T00:30:00Z,26.64,653.9
2020-07-01T01:00:00Z,27.26,546.65
2020-07-01T01:30:00Z,27.44,637.15
2020-07-01T02:00:00Z,21.34,696.0
2020-07-01T02:30:00Z,21.04,671.1
2020-07-01T03:00:00Z,24.92,787.95
2020-07-01T03:30:00Z,21.24,764.7
2020-07-01T04:00:00Z,32.09,399.1
2020-07-01T04:30:00Z,28.34,565.6
2020-07-01T05:00:00Z,32.11,589.9
2020-07-01T05:30:00Z,31.3,772.25
2020-07-01T06:00:00Z,25.45,983.75
2020-07-01T06:30:00Z,28.88,1322.75
2020-07-01T07:00:00Z,22.2,1055.1
2020-07-01T07:30:00Z,29.579999999999995,1113.6
2020-07-01T08:00:00Z,34.07,1434.75
2020-07-01T08:30:00Z,35.06,1531.55
2020-07-01T09:00:00Z,33.27,1550.3
2020-07-01T09:30:00Z,30.17,1561.8
2020-07-01T10:00:00Z,30.59,1454.05
2020-07-01T10:30:00Z,35.08,1590.95
2020-07-01T11:00:00Z,33.27,1375.7
2020-07-01T11:30:00Z,31.309999999999995,1279.3
2020-07-01T12:00:00Z,29.53,1392.45
2020-07-01T12:30:00Z,27.180000000000003,1246.1
2020-07-01T13:00:00Z,28.18,1540.55
2020-07-01T13:30:00Z,28.73,1801.65
2020-07-01T14:00:00Z,23.01,1245.05
2020-07-01T14:30:00Z,22.54,1581.8
2020-07-01T15:00:00Z,24.57,1703.95
2020-07-01T15:30:00Z,25.14,1560.6
2020-07-01T16:00:00Z,27.39,1257.8
2020-07-01T16:30:00Z,28.0,1492.75
2020-07-01T17:00:00Z,34.69,1245.0
2020-07-01T17:30:00Z,35.05,1307.2
2020-07-01T18:00:00Z,40.42,1344.3
2020-07-01T18:30:00Z,38.69,1379.8
2020-07-01T19:00:00Z,35.94,1236.95
2020-07-01T19:30:00Z,31.39,1361.95
2020-07-01T20:00:00Z,36.21,990.9
2020-07-01T20:30:00Z,37.52,1157.9
2020-07-01T21:00:00Z,35.2,1176.9
2020-07-01T21:30:00Z,31.53,1400.3
2020-07-01T22:00:00Z,22.430000000000003,797.9
2020-07-01T22:30:00Z,34.31,687.25
2020-07-01T23:00:00Z,33.27,598.5
2020-07-01T23:30:00Z,31.04,565.55
2020-07-02T00:00:00Z,34.96,574.35
2020-07-02T00:30:00Z,33.64,508.7
2020-07-02T01:00:00Z,32.55,678.9
2020-07-02T01:30:00Z,28.14,630.3
2020-07-02T02:00:00Z,31.95,436.4
2020-07-02T02:30:00Z,32.48,622.4
2020-07-02T03:00:00Z,34.79,532.45
2020-07-02T03:30:00Z,30.73,722.5
2020-07-02T04:00:00Z,33.05,556.5
2020-07-02T04:30:00Z,30.5,680.8
2020-07-02T05:00:00Z,32.99,656.7
2020-07-02T05:30:00Z,29.81,904.9
2020-07-02T06:00:00Z,27.53,1355.9
2020-07-02T06:30:00Z,31.93,1306.85
2020-07-02T07:00:00Z,36.34,1624.15
2020-07-02T07:30:00Z,36.94,1439.15
2020-07-02T08:00:00Z,37.3,1010.25
2020-07-02T08:30:00Z,38.12,1149.2
2020-07-02T09:00:00Z,38.17,1431.3
2020-07-02T09:30:00Z,37.99,1464.85
2020-07-02T10:00:00Z,32.02,1565.05
2020-07-02T10:30:00Z,33.07,1431.35
2020-07-02T11:00:00Z,35.48,1617.15
2020-07-02T11:30:00Z,35.32,1757.6
2020-07-02T12:00:00Z,32.47,1642.9
2020-07-02T12:30:00Z,26.57,1639.25
2020-07-02T13:00:00Z,26.48,1557.35
2020-07-02T13:30:00Z,26.040000000000003,1675.1
2020-07-02T14:00:00Z,29.49,1207.8
2020-07-02T14:30:00Z,31.12,1318.1
2020-07-02T15:00:00Z,28.91,1519.65
2020-07-02T15:30:00Z,34.88,1524.0
2020-07-02T16:00:00Z,33.24,1423.1
2020-07-02T16:30:00Z,31.72,1300.9
2020-07-02T17:00:00Z,35.28,1403.8
2020-07-02T17:30:00Z,36.47,1127.55
2020-07-02T18:00:00Z,37.1,775.35
2020-07-02T18:30:00Z,31.49,880.25
2020-07-02T19:00:00Z,37.42000000000001,947.85
2020-07-02T19:30:00Z,33.52,773.45
2020-07-02T20:00:00Z,32.26,895.3
2020-07-02T20:30:00Z,31.01,850.05
2020-07-02T21:00:00Z,28.26,882.25
2020-07-02T21:30:00Z,34.19,1373.9
2020-07-02T22:00:00Z,22.48,1281.2
2020-07-02T22:30:00Z,35.61,592.4
2020-07-02T23:00:00Z,32.57,522.75
2020-07-02T23:30:00Z,28.3,543.8
2020-07-03T00:00:00Z,29.07,539.9
2020-07-03T00:30:00Z,29.97,508.9
2020-07-03T01:00:00Z,30.69,465.9
2020-07-03T01:30:00Z,26.13,483.15
2020-07-03T02:00:00Z,24.11,593.75
2020-07-03T02:30:00Z,26.12,913.45
2020-07-03T03:00:00Z,29.23,973.6
2020-07-03T03:30:00Z,23.44,1163.45
2020-07-03T04:00:00Z,35.78,795.3
2020-07-03T04:30:00Z,27.51,759.0
2020-07-03T05:00:00Z,25.82,1233.6
2020-07-03T05:30:00Z,30.36,1059.9
2020-07-03T06:00:00Z,34.5,1634.55
2020-07-03T06:30:00Z,36.28,1944.75
2020-07-03T07:00:00Z,34.76,1663.55
2020-07-03T07:30:00Z,35.8,1708.1
2020-07-03T08:00:00Z,27.13,1710.05
2020-07-03T08:30:00Z,28.51,1874.5
2020-07-03T09:00:00Z,29.46,1926.75
2020-07-03T09:30:00Z,27.85,2272.35
2020-07-03T10:00:00Z,26.33,2391.8
2020-07-03T10:30:00Z,27.41,2086.85
2020-07-03T11:00:00Z,23.96,2212.45
2020-07-03T11:30:00Z,24.25,1784.4
2020-07-03T12:00:00Z,24.76,1784.45
2020-07-03T12:30:00Z,24.24,1477.6
2020-07-03T13:00:00Z,22.54,1592.75
2020-07-03T13:30:00Z,23.34,1638.35
2020-07-03T14:00:00Z,18.08,1329.05
2020-07-03T14:30:00Z,22.7,1334.35
2020-07-03T15:00:00Z,24.19,1320.0
2020-07-03T15:30:00Z,26.81,1384.8
2020-07-03T16:00:00Z,26.48,1199.75
2020-07-03T16:30:00Z,27.86,1045.45
2020-07-03T17:00:00Z,29.25,970.3
2020-07-03T17:30:00Z,29.47,1039.15
2020-07-03T18:00:00Z,31.83,995.8
2020-07-03T18:30:00Z,23.81,998.2
2020-07-03T19:00:00Z,26.69,1051.2
2020-07-03T19:30:00Z,27.08,1174.75
2020-07-03T20:00:00Z,28.519999999999996,1153.35
2020-07-03T20:30:00Z,30.310000000000002,1450.55
2020-07-03T21:00:00Z,29.3,1046.15
2020-07-03T21:30:00Z,27.06,1176.1
2020-07-03T22:00:00Z,16.88,628.8
2020-07-03T22:30:00Z,6.289999999999999,805.4
2020-07-03T23:00:00Z,6.91,575.85
2020-07-03T23:30:00Z,1.53,807.75
2020-07-04T00:00:00Z,1.53,631.1
2020-07-04T00:30:00Z,0.88,743.1
2020-07-04T01:00:00Z,1.57,687.4
2020-07-04T01:30:00Z,0.83,845.8
2020-07-04T02:00:00Z,1.34,978.25
2020-07-04T02:30:00Z,1.77,1028.8
2020-07-04T03:00:00Z,1.96,970.85
2020-07-04T03:30:00Z,1.65,1147.85
2020-07-04T04:00:00Z,3.15,893.75
2020-07-04T04:30:00Z,-0.03,887.75
2020-07-04T05:00:00Z,0.76,703.6
2020-07-04T05:30:00Z,4.82,693.75
2020-07-04T06:00:00Z,6.03,706.95
2020-07-04T06:30:00Z,13.35,825.45
2020-07-04T07:00:00Z,11.6,855.2
2020-07-04T07:30:00Z,18.8,618.8
2020-07-04T08:00:00Z,28.5,1540.85
2020-07-04T08:30:00Z,29.05,1757.85
2020-07-04T09:00:00Z,29.4,1580.25
2020-07-04T09:30:00Z,31.1,1952.2
2020-07-04T10:00:00Z,33.37,1121.05
2020-07-04T10:30:00Z,33.86,1064.85
2020-07-04T11:00:00Z,35.57,1278.65
2020-07-04T11:30:00Z,35.13,1237.25
2020-07-04T12:00:00Z,37.16,1455.5
2020-07-04T12:30:00Z,35.72,1355.3
2020-07-04T13:00:00Z,34.01,1438.75
2020-07-04T13:30:00Z,33.22,1445.65
2020-07-04T14:00:00Z,29.95,894.0
2020-07-04T14:30:00Z,32.97,1039.3
2020-07-04T15:00:00Z,37.01,1369.1
2020-07-04T15:30:00Z,37.35,856.95
2020-07-04T16:00:00Z,41.74,1037.95
2020-07-04T16:30:00Z,42.9,1002.55
2020-07-04T17:00:00Z,42.739999999999995,889.25
2020-07-04T17:30:00Z,43.65,987.05
2020-07-04T18:00:00Z,45.31,1195.15
2020-07-04T18:30:00Z,34.39,938.8
2020-07-04T19:00:00Z,27.54,1112.3
2020-07-04T19:30:00Z,25.18,933.75
2020-07-04T20:00:00Z,14.97,954.45
2020-07-04T20:30:00Z,14.250000000000002,809.6
2020-07-04T21:00:00Z,17.78,1000.1
2020-07-04T21:30:00Z,7.15,978.9
2020-07-04T22:00:00Z,8.48,793.8
2020-07-04T22:30:00Z,-15.75,730.85
2020-07-04T23:00:00Z,-17.7,514.05
2020-07-04T23:30:00Z,-32.18,716.2
2020-07-05T00:00:00Z,-25.3,869.15
2020-07-05T00:30:00Z,-19.62,1165.7
2020-07-05T01:00:00Z,3.83,1038.05
2020-07-05T01:30:00Z,2.74,1067.2
2020-07-05T02:00:00Z,13.779999999999998,1402.7
2020-07-05T02:30:00Z,0.08000000000000002,938.75
2020-07-05T03:00:00Z,1.08,871.85
2020-07-05T03:30:00Z,-11.26,1015.6
2020-07-05T04:00:00Z,-2.28,943.35
2020-07-05T04:30:00Z,-2.84,941.6
2020-07-05T05:00:00Z,-2.92,984.95
2020-07-05T05:30:00Z,-2.77,1230.75
2020-07-05T06:00:00Z,1.49,1119.85
2020-07-05T06:30:00Z,3.03,906.1
2020-07-05T07:00:00Z,-10.68,1074.0
2020-07-05T07:30:00Z,14.07,1451.75
2020-07-05T08:00:00Z,20.12,1541.85
2020-07-05T08:30:00Z,22.149999999999995,1576.15
2020-07-05T09:00:00Z,15.22,1864.35
2020-07-05T09:30:00Z,11.72,2103.15
2020-07-05T10:00:00Z,10.45,1320.3
2020-07-05T10:30:00Z,12.32,1169.9
2020-07-05T11:00:00Z,12.97,1040.65
2020-07-05T11:30:00Z,17.78,1252.75
2020-07-05T12:00:00Z,8.43,976.2
2020-07-05T12:30:00Z,-2.3,1331.85
2020-07-05T13:00:00Z,1.5,1093.65
2020-07-05T13:30:00Z,7.699999999999999,1213.4
2020-07-05T14:00:00Z,14.139999999999999,1162.8
2020-07-05T14:30:00Z,24.8,1138.9
2020-07-05T15:00:00Z,13.69,888.3
2020-07-05T15:30:00Z,26.06,1011.7
2020-07-05T16:00:00Z,32.04,871.95
2020-07-05T16:30:00Z,34.69,798.65
2020-07-05T17:00:00Z,36.98,767.8
2020-07-05T17:30:00Z,34.98,776.15
2020-07-05T18:00:00Z,26.77,736.9
2020-07-05T18:30:00Z,22.68,797.25
2020-07-05T19:00:00Z,26.61,665.7
2020-07-05T19:30:00Z,24.120000000000005,751.95
2020-07-05T20:00:00Z,23.19,973.95
2020-07-05T20:30:00Z,22.65,728.55
2020-07-05T21:00:00Z,15.75,1005.75
2020-07-05T21:30:00Z,-3.33,1043.7
2020-07-05T22:00:00Z,16.79,880.45
2020-07-05T22:30:00Z,-0.8799999999999999,859.4
2020-07-05T23:00:00Z,-0.79,825.0
2020-07-05T23:30:00Z,-25.06,695.25
2020-07-06T00:00:00Z,-30.97,705.85
2020-07-06T00:30:00Z,-45.73,847.75
2020-07-06T01:00:00Z,-27.15,1009.35
2020-07-06T01:30:00Z,-25.22,1107.15
2020-07-06T02:00:00Z,-32.59,881.5
2020-07-06T02:30:00Z,-30.79,922.65
2020-07-06T03:00:00Z,-28.85,901.45
2020-07-06T03:30:00Z,-28.229999999999997,835.2
2020-07-06T04:00:00Z,0.46,704.7
2020-07-06T04:30:00Z,2.17,855.9
2020-07-06T05:30:00Z,8.18,1097.05
2020-07-06T06:00:00Z,22.62,1238.3
2020-07-06T06:30:00Z,36.32,1210.75
2020-07-06T07:00:00Z,22.25,1062.4
2020-07-06T07:30:00Z,32.84,1139.8
2020-07-06T08:00:00Z,24.49,852.6
2020-07-06T08:30:00Z,23.77,871.5
2020-07-06T09:00:00Z,28.64,1229.05
2020-07-06T09:30:00Z,31.97,1477.85
2020-07-06T10:00:00Z,36.8,981.05
2020-07-06T10:30:00Z,37.04,972.6
2020-07-06T11:00:00Z,36.47,868.55
2020-07-06T11:30:00Z,36.79,963.5
2020-07-06T12:00:00Z,36.93,1160.55
2020-07-06T12:30:00Z,36.52,1052.75
2020-07-06T13:00:00Z,37.16,1155.0
2020-07-06T13:30:00Z,36.33,1317.4
2020-07-06T14:00:00Z,36.23,1436.7
2020-07-06T14:30:00Z,38.81,1663.7
2020-07-06T15:00:00Z,35.33,1616.8
2020-07-06T15:30:00Z,32.73,1673.65
2020-07-06T16:00:00Z,31.34,1846.3
2020-07-06T16:30:00Z,29.04,2154.95
2020-07-06T17:00:00Z,31.52,1973.4
2020-07-06T17:30:00Z,30.720000000000002,1801.0
2020-07-06T18:00:00Z,32.02,1468.4
2020-07-06T18:30:00Z,31.030000000000005,1496.9
2020-07-06T19:00:00Z,32.83,1540.75
2020-07-06T19:30:00Z,32.51,1519.75
2020-07-06T20:00:00Z,30.770000000000003,1168.4
2020-07-06T20:30:00Z,29.65,1152.7
2020-07-06T21:00:00Z,30.710000000000004,1109.35
2020-07-06T21:30:00Z,30.96,1885.05
2020-07-06T22:00:00Z,32.86,703.8
2020-07-06T22:30:00Z,26.48,574.8
2020-07-06T23:00:00Z,31.44,415.7
2020-07-06T23:30:00Z,24.640000000000004,665.1
2020-07-08T00:00:00Z,27.79,617.0
2020-07-08T00:30:00Z,26.98,605.0
2020-07-08T01:00:00Z,29.250000000000004,726.9
2020-07-08T01:30:00Z,27.68,701.65
2020-07-08T02:00:00Z,25.53,432.25
2020-07-08T02:30:00Z,26.45,344.5
2020-07-08T03:00:00Z,29.41,398.35
2020-07-08T03:30:00Z,25.83,413.2
2020-07-08T04:00:00Z,26.48,456.35
2020-07-08T04:30:00Z,26.71,308.55
2020-07-08T05:00:00Z,24.12,427.35
2020-07-08T05:30:00Z,25.489999999999995,862.7
2020-07-08T06:00:00Z,26.9,1684.2
2020-07-08T06:30:00Z,30.799999999999997,1672.3
2020-07-08T07:00:00Z,38.67,1176.15
2020-07-08T07:30:00Z,39.88,1632.0
2020-07-08T08:00:00Z,35.9,1590.95
2020-07-08T08:30:00Z,35.55,2040.65
2020-07-08T09:00:00Z,40.66,1698.1
2020-07-08T09:30:00Z,41.38,1865.1
2020-07-08T10:00:00Z,37.16,1275.65
2020-07-08T10:30:00Z,37.58,1735.0
2020-07-08T11:00:00Z,37.88,1130.25
2020-07-08T11:30:00Z,36.65,1032.1
2020-07-08T12:00:00Z,40.49,715.55
2020-07-08T12:30:00Z,37.76,860.6
2020-07-08T13:00:00Z,40.25,772.5
2020-07-08T13:30:00Z,39.48,813.5
2020-07-08T14:00:00Z,38.62,822.35
2020-07-08T14:30:00Z,34.73,966.4
2020-07-08T15:00:00Z,37.94,1070.5
2020-07-08T15:30:00Z,44.9,1118.65
2020-07-08T16:00:00Z,50.53,1652.8
2020-07-08T16:30:00Z,50.61999999999999,1650.3
2020-07-08T17:00:00Z,53.620000000000005,1661.8
2020-07-08T17:30:00Z,50.46,1454.65
2020-07-08T18:00:00Z,47.2,922.0
2020-07-08T18:30:00Z,42.94,538.6
2020-07-08T19:00:00Z,37.97,511.5
2020-07-08T19:30:00Z,30.7,714.1
2020-07-08T20:00:00Z,25.46,965.95
2020-07-08T20:30:00Z,28.5,1070.45
2020-07-08T21:00:00Z,28.88,996.55
2020-07-08T21:30:00Z,28.11,1700.0
2020-07-08T22:00:00Z,26.77,920.75
2020-07-08T22:30:00Z,27.58,1058.35
2020-07-08T23:00:00Z,30.12,784.0
2020-07-08T23:30:00Z,21.59,908.0
2020-07-09T00:00:00Z,19.43,481.2
2020-07-09T00:30:00Z,18.37,703.85
2020-07-09T01:00:00Z,22.76,1179.45
2020-07-09T01:30:00Z,18.93,937.7
2020-07-09T02:00:00Z,22.2,714.75
2020-07-09T02:30:00Z,22.24,707.15
2020-07-09T03:00:00Z,22.17,693.4
2020-07-09T03:30:00Z,18.4,831.85
2020-07-09T04:00:00Z,17.83,760.25
2020-07-09T04:30:00Z,19.12,610.45
2020-07-09T05:00:00Z,16.77,828.8
2020-07-09T05:30:00Z,14.680000000000001,955.7
2020-07-09T06:00:00Z,15.34,906.6
2020-07-09T06:30:00Z,16.61,964.2
2020-07-09T07:00:00Z,18.12,1184.55
2020-07-09T07:30:00Z,18.18,1281.2
2020-07-09T08:00:00Z,25.049999999999997,1404.3
2020-07-09T08:30:00Z,26.22,1359.5
2020-07-09T09:00:00Z,25.880000000000003,1310.1
2020-07-09T09:30:00Z,25.42,1113.35
2020-07-09T10:00:00Z,23.8,1737.5
2020-07-09T10:30:00Z,27.51,1742.3
2020-07-09T11:00:00Z,27.71,1665.05
2020-07-09T11:30:00Z,27.8,1737.2
2020-07-09T12:00:00Z,26.0,2089.2
2020-07-09T12:30:00Z,26.13,2047.4
2020-07-09T13:00:00Z,25.93,1777.75
2020-07-09T13:30:00Z,25.35,1995.5
2020-07-09T14:00:00Z,26.7,1005.85
2020-07-09T14:30:00Z,32.33,1080.3
2020-07-09T15:00:00Z,28.400000000000002,1256.1
2020-07-09T15:30:00Z,38.57,1063.95
2020-07-09T16:00:00Z,41.11,968.65
2020-07-09T16:30:00Z,41.97,1254.35
2020-07-09T17:00:00Z,45.76,1369.1
2020-07-09T17:30:00Z,42.44,1532.85
2020-07-09T18:00:00Z,40.11,924.0
2020-07-09T18:30:00Z,37.34,807.25
2020-07-09T19:00:00Z,41.93,771.15
2020-07-09T19:30:00Z,37.18,665.2
2020-07-09T20:00:00Z,35.65,591.55
2020-07-09T20:30:00Z,34.56,652.45
2020-07-09T21:00:00Z,32.98,558.25
2020-07-09T21:30:00Z,33.62,796.8
2020-07-09T22:00:00Z,31.42,649.9
2020-07-09T22:30:00Z,28.419999999999998,446.9
2020-07-09T23:00:00Z,31.94,458.85
2020-07-09T23:30:00Z,30.689999999999998,421.45
2020-07-10T00:00:00Z,29.42,377.1
2020-07-10T00:30:00Z,26.25,476.15
2020-07-10T01:00:00Z,25.3,475.4
2020-07-10T01:30:00Z,24.45,326.1
2020-07-10T02:00:00Z,25.84,425.6
2020-07-10T02:30:00Z,26.7,562.15
2020-07-10T03:00:00Z,26.82,568.5
2020-07-10T03:30:00Z,26.63,663.95
2020-07-10T04:00:00Z,29.24,843.0
2020-07-10T04:30:00Z,29.1,525.35
2020-07-10T05:00:00Z,31.48,509.3
2020-07-10T05:30:00Z,31.04,904.6
2020-07-10T06:00:00Z,26.08,1239.25
2020-07-10T06:30:00Z,37.52,1247.25
2020-07-10T07:00:00Z,30.77,872.3
2020-07-10T07:30:00Z,37.34,731.25
2020-07-10T08:00:00Z,33.99,1143.4
2020-07-10T08:30:00Z,32.51,1173.2
2020-07-10T09:00:00Z,30.180000000000003,1168.4
2020-07-10T09:30:00Z,27.04,1389.15
2020-07-10T10:00:00Z,27.32,1240.65
2020-07-10T10:30:00Z,32.01,1102.9
2020-07-10T11:00:00Z,32.24,1448.75
2020-07-10T11:30:00Z,31.039999999999996,1526.55
2020-07-10T12:00:00Z,27.4,953.6
2020-07-10T12:30:00Z,24.17,1076.2
2020-07-10T13:00:00Z,26.26,945.25
2020-07-10T13:30:00Z,22.42,1190.2
2020-07-10T14:00:00Z,20.5,928.25
2020-07-10T14:30:00Z,25.2,1318.4
2020-07-10T15:00:00Z,26.789999999999996,1423.4
2020-07-10T15:30:00Z,26.74,1308.7
2020-07-10T16:00:00Z,23.56,1126.1
2020-07-10T16:30:00Z,25.48,1176.8
2020-07-10T17:00:00Z,28.43,1098.95
2020-07-10T17:30:00Z,27.85,884.0
2020-07-10T18:00:00Z,26.5,1179.0
2020-07-10T18:30:00Z,27.94,1075.75
2020-07-10T19:00:00Z,33.45,762.0
2020-07-10T19:30:00Z,31.74,920.7
2020-07-10T20:00:00Z,33.81,752.15
2020-07-10T20:30:00Z,31.39,700.4
2020-07-10T21:00:00Z,30.65,940.9
2020-07-10T21:30:00Z,33.75,1080.3
2020-07-10T22:00:00Z,20.75,925.55
2020-07-10T22:30:00Z,29.27,990.05
2020-07-10T23:00:00Z,26.26,782.35
2020-07-10T23:30:00Z,25.889999999999997,843.7
2020-07-11T00:00:00Z,25.44,692.9
2020-07-11T00:30:00Z,23.21,618.0
2020-07-11T01:00:00Z,25.320000000000004,746.7
2020-07-11T01:30:00Z,23.64,762.1
2020-07-11T02:00:00Z,22.65,581.6
2020-07-11T02:30:00Z,21.78,625.15
2020-07-11T03:00:00Z,24.72,563.65
2020-07-11T03:30:00Z,24.27,659.65
2020-07-11T04:00:00Z,23.45,435.15
2020-07-11T04:30:00Z,23.1,537.5
2020-07-11T05:00:00Z,23.17,691.65
2020-07-11T05:30:00Z,27.13,618.4
2020-07-11T06:00:00Z,27.01,837.7
2020-07-11T06:30:00Z,29.59,637.95
2020-07-11T07:00:00Z,30.73,691.6
2020-07-11T07:30:00Z,26.13,915.65
2020-07-11T08:00:00Z,23.33,730.55
2020-07-11T08:30:00Z,27.65,829.5
2020-07-11T09:00:00Z,28.34,826.8
2020-07-11T09:30:00Z,27.78,847.85
2020-07-11T10:00:00Z,22.91,669.65
2020-07-11T10:30:00Z,26.31,814.85
2020-07-11T11:00:00Z,29.09,869.6
2020-07-11T11:30:00Z,29.180000000000003,1165.35
2020-07-11T12:00:00Z,26.7,767.4
2020-07-11T12:30:00Z,23.4,660.35
2020-07-11T13:00:00Z,24.24,1088.9
2020-07-11T13:30:00Z,23.14,925.95
2020-07-11T14:00:00Z,23.82,931.75
2020-07-11T14:30:00Z,23.55,1077.0
2020-07-11T15:00:00Z,24.4,1162.6
2020-07-11T15:30:00Z,24.79,1351.35
2020-07-11T16:00:00Z,25.75,953.6
2020-07-11T16:30:00Z,26.889999999999997,980.65
2020-07-11T17:00:00Z,28.08,1017.8
2020-07-11T17:30:00Z,33.02,1302.35
2020-07-11T18:00:00Z,30.99,1028.9
2020-07-11T18:30:00Z,29.97,1165.55
2020-07-11T19:00:00Z,36.21,943.7
2020-07-11T19:30:00Z,36.68,1054.45
2020-07-11T20:00:00Z,33.36,927.8
2020-07-11T20:30:00Z,32.42,895.95
2020-07-11T21:00:00Z,32.34,977.55
2020-07-11T21:30:00Z,27.030000000000005,1212.6
2020-07-11T22:00:00Z,30.58,772.1
2020-07-11T22:30:00Z,28.61,906.15
2020-07-11T23:00:00Z,29.69,700.8
2020-07-11T23:30:00Z,27.23,487.35
2020-07-12T00:00:00Z,25.52,319.0
2020-07-12T00:30:00Z,27.7,291.1
2020-07-12T01:00:00Z,24.489999999999995,376.6
2020-07-12T01:30:00Z,23.65,340.95
2020-07-12T02:00:00Z,26.829999999999995,189.7
2020-07-12T02:30:00Z,27.1,203.55
2020-07-12T03:00:00Z,28.39,291.7
2020-07-12T03:30:00Z,24.76,235.0
2020-07-12T04:00:00Z,22.17,175.75
2020-07-12T04:30:00Z,21.86,315.4
2020-07-12T05:00:00Z,23.0,320.4
2020-07-12T05:30:00Z,23.45,441.15
2020-07-12T06:00:00Z,23.33,598.75
2020-07-12T06:30:00Z,23.14,604.85
2020-07-12T07:00:00Z,15.59,576.35
2020-07-12T07:30:00Z,19.22,879.15
2020-07-12T08:00:00Z,25.05,968.0
2020-07-12T08:30:00Z,27.770000000000003,1228.7
2020-07-12T09:00:00Z,24.14,1052.3
2020-07-12T09:30:00Z,24.23,1098.55
2020-07-12T10:00:00Z,26.7,936.65
2020-07-12T10:30:00Z,26.19,1038.45
2020-07-12T11:00:00Z,27.47,921.85
2020-07-12T11:30:00Z,27.209999999999997,1262.3
2020-07-12T12:00:00Z,25.46,1262.6
2020-07-12T12:30:00Z,20.58,1163.9
2020-07-12T13:00:00Z,20.65,1037.65
2020-07-12T13:30:00Z,17.89,1506.4
2020-07-12T14:00:00Z,16.56,890.55
2020-07-12T14:30:00Z,13.89,1037.0
2020-07-12T15:00:00Z,16.05,896.25
2020-07-12T15:30:00Z,18.43,1180.25
2020-07-12T16:00:00Z,18.19,745.4
2020-07-12T16:30:00Z,21.54,1077.7
2020-07-12T17:00:00Z,21.22,1047.75
2020-07-12T17:30:00Z,21.03,1166.3
2020-07-12T18:00:00Z,25.29,802.35
2020-07-12T18:30:00Z,26.19,934.45
2020-07-12T19:00:00Z,28.899999999999995,954.4
2020-07-12T19:30:00Z,26.76,872.7
2020-07-12T20:00:00Z,26.7,887.7
2020-07-12T20:30:00Z,27.31,1105.75
2020-07-12T21:00:00Z,31.25,666.75
2020-07-12T21:30:00Z,29.8,877.85
2020-07-12T22:00:00Z,23.7,1018.9
2020-07-12T22:30:00Z,23.3,895.5
2020-07-12T23:00:00Z,24.51,726.3
2020-07-12T23:30:00Z,23.08,857.45
2020-07-13T00:00:00Z,24.19,659.05
2020-07-13T00:30:00Z,22.849999999999998,732.2
2020-07-13T01:00:00Z,20.43,806.25
2020-07-13T01:30:00Z,18.93,751.0
2020-07-13T02:00:00Z,20.29,867.95
2020-07-13T02:30:00Z,19.34,1117.65
2020-07-13T03:00:00Z,20.54,852.35
2020-07-13T03:30:00Z,23.03,1055.65
2020-07-13T04:00:00Z,29.49,505.2
2020-07-13T04:30:00Z,30.18,701.0
2020-07-13T05:00:00Z,31.93,813.65
2020-07-13T05:30:00Z,29.890000000000004,1122.7
2020-07-13T06:00:00Z,31.68,724.0
2020-07-13T06:30:00Z,35.72,689.6
2020-07-13T07:00:00Z,24.050000000000004,737.0
2020-07-13T07:30:00Z,27.66,937.8
2020-07-13T08:00:00Z,24.05,836.75
2020-07-13T08:30:00Z,30.19,1154.65
2020-07-13T09:00:00Z,31.539999999999996,1078.3
2020-07-13T09:30:00Z,29.310000000000002,1127.45
2020-07-13T10:00:00Z,27.68,1165.85
2020-07-13T10:30:00Z,26.01,1131.3
2020-07-13T11:00:00Z,22.34,750.15
2020-07-13T11:30:00Z,22.37,905.4
2020-07-13T12:00:00Z,23.94,1052.55
2020-07-13T12:30:00Z,22.59,1167.15
2020-07-13T13:00:00Z,27.100000000000005,924.8
2020-07-13T13:30:00Z,24.64,983.65
2020-07-13T14:00:00Z,20.82,931.85
2020-07-13T14:30:00Z,24.18,1291.35
2020-07-13T15:00:00Z,28.019999999999996,1177.35
2020-07-13T15:30:00Z,31.229999999999997,1140.15
2020-07-13T16:00:00Z,24.130000000000003,1556.3
2020-07-13T16:30:00Z,32.15,1876.0
2020-07-13T17:00:00Z,34.61,1438.4
2020-07-13T17:30:00Z,33.38,1437.75
2020-07-13T18:00:00Z,36.3,1320.85
2020-07-13T18:30:00Z,34.72,1254.25
2020-07-13T19:00:00Z,33.73,1155.0
2020-07-13T19:30:00Z,32.38,1033.7
2020-07-13T20:00:00Z,35.3,1145.55
2020-07-13T20:30:00Z,33.44,1143.45
2020-07-13T21:00:00Z,34.87,1236.75
2020-07-13T21:30:00Z,34.21,1175.05
2020-07-13T22:00:00Z,33.69,884.2
2020-07-13T22:30:00Z,34.18,904.6
2020-07-13T23:00:00Z,33.38,717.15
2020-07-13T23:30:00Z,30.090000000000003,751.45
2020-07-14T00:00:00Z,30.78,828.2
2020-07-14T00:30:00Z,30.77,932.65
2020-07-14T01:00:00Z,28.85,942.0
2020-07-14T01:30:00Z,28.38,846.15
2020-07-14T02:00:00Z,28.959999999999997,575.9
2020-07-14T02:30:00Z,28.41,740.55
2020-07-14T03:00:00Z,28.54,740.8
2020-07-14T03:30:00Z,28.440000000000005,588.5
2020-07-14T04:00:00Z,28.11,574.6
2020-07-14T04:30:00Z,30.46,802.85
2020-07-14T05:00:00Z,28.15,793.65
2020-07-14T05:30:00Z,26.4,946.45
2020-07-14T06:00:00Z,31.04,899.75
2020-07-14T06:30:00Z,36.019999999999996,984.15
2020-07-14T07:00:00Z,35.36,1247.75
2020-07-14T07:30:00Z,36.62,1230.2
2020-07-14T08:00:00Z,34.56,1207.6
2020-07-14T08:30:00Z,34.51,1276.85
2020-07-14T09:00:00Z,35.01,1494.4
2020-07-14T09:30:00Z,34.67,1241.2
2020-07-14T10:00:00Z,36.71,1243.9
2020-07-14T10:30:00Z,37.18,1428.8
2020-07-14T11:00:00Z,34.42,1299.8
2020-07-14T11:30:00Z,33.06,1224.6
2020-07-14T12:00:00Z,0.0,0.0
2020-07-14T12:30:00Z,0.0,0.0
2020-07-14T13:00:00Z,33.82,1204.15
2020-07-14T13:30:00Z,29.73,1344.3
2020-07-14T14:00:00Z,31.6,1050.0
2020-07-14T14:30:00Z,32.6,885.35
2020-07-14T15:00:00Z,30.960000000000004,1224.6
2020-07-14T15:30:00Z,35.31,1086.2
2020-07-14T16:00:00Z,34.5,1152.4
2020-07-14T16:30:00Z,37.09,1010.5
2020-07-14T17:00:00Z,34.3,1307.15
2020-07-14T17:30:00Z,31.859999999999996,1054.2
2020-07-14T18:00:00Z,36.98,904.7
2020-07-14T18:30:00Z,35.76,878.3
2020-07-14T19:00:00Z,37.85,701.3
2020-07-14T19:30:00Z,35.96,821.5
2020-07-14T20:00:00Z,40.11,736.45
2020-07-14T20:30:00Z,36.04,682.2
2020-07-14T21:00:00Z,34.18,821.8
2020-07-14T21:30:00Z,33.84,969.15
2020-07-14T22:00:00Z,31.690000000000005,728.3
2020-07-14T22:30:00Z,27.34,486.85
2020-07-14T23:00:00Z,29.73,771.5
2020-07-14T23:30:00Z,26.54,735.1
2020-07-15T00:00:00Z,24.18,661.55
2020-07-15T00:30:00Z,21.63,449.35
2020-07-15T01:00:00Z,21.75,734.9
2020-07-15T01:30:00Z,22.650000000000002,830.65
2020-07-15T02:00:00Z,21.43,402.85
2020-07-15T02:30:00Z,19.93,636.25
2020-07-15T03:00:00Z,20.32,758.25
2020-07-15T03:30:00Z,19.86,626.55
2020-07-15T04:00:00Z,22.62,778.15
2020-07-15T04:30:00Z,25.16,762.75
2020-07-15T05:00:00Z,26.52,677.15
2020-07-15T05:30:00Z,25.030000000000005,679.25
2020-07-15T06:00:00Z,24.24,1021.05
2020-07-15T06:30:00Z,27.6,676.35
2020-07-15T07:00:00Z,35.8,650.75
2020-07-15T07:30:00Z,36.39,629.9
2020-07-15T08:00:00Z,35.0,755.75
2020-07-15T08:30:00Z,36.24,1036.15
2020-07-15T09:00:00Z,35.66,955.25
2020-07-15T09:30:00Z,35.44,933.65
2020-07-15T10:00:00Z,31.87,1079.15
2020-07-15T10:30:00Z,30.779999999999998,1171.7
2020-07-15T11:00:00Z,30.3,1118.75
2020-07-15T11:30:00Z,28.639999999999997,1185.1
2020-07-15T12:00:00Z,31.94,1236.1
2020-07-15T12:30:00Z,30.73,1234.85
2020-07-15T13:00:00Z,29.5,1147.4
2020-07-15T13:30:00Z,29.43,1251.0
2020-07-15T14:00:00Z,28.19,661.6
2020-07-15T14:30:00Z,27.720000000000002,597.45
2020-07-15T15:00:00Z,27.5,687.9
2020-07-15T15:30:00Z,32.79,759.05
2020-07-15T16:00:00Z,33.56,869.85
2020-07-15T16:30:00Z,33.85,739.45
2020-07-15T17:00:00Z,35.23,887.35
2020-07-15T17:30:00Z,33.22,873.05
2020-07-15T18:00:00Z,35.56,820.45
2020-07-15T18:30:00Z,0.0,0.0
2020-07-15T19:00:00Z,0.0,0.0
2020-07-15T19:30:00Z,0.0,0.0
2020-07-15T20:00:00Z,0.0,0.0
2020-07-15T20:30:00Z,0.0,0.0
2020-07-15T21:00:00Z,30.28,506.0
2020-07-15T21:30:00Z,30.03,449.5
2020-07-15T22:00:00Z,0.0,0.0
2020-07-15T22:30:00Z,0.0,0.0
2020-07-15T23:00:00Z,0.0,0.0
2020-07-15T23:30:00Z,0.0,0.0
2020-07-16T00:00:00Z,0.0,0.0
2020-07-16T00:30:00Z,23.92,712.7
2020-07-16T01:00:00Z,24.54,441.65
2020-07-16T01:30:00Z,25.85,617.3
2020-07-16T02:00:00Z,26.61,368.5
2020-07-16T02:30:00Z,25.8,457.75
2020-07-16T03:00:00Z,24.42,629.6
2020-07-16T03:30:00Z,25.27,539.3
2020-07-16T04:00:00Z,25.43,624.8
2020-07-16T04:30:00Z,25.12,549.1
2020-07-16T05:00:00Z,24.48,612.4
2020-07-16T05:30:00Z,25.58,576.0
2020-07-16T06:00:00Z,25.23,947.65
2020-07-16T06:30:00Z,31.89,736.4
2020-07-16T07:00:00Z,38.28,767.5
2020-07-16T07:30:00Z,42.54,678.35
2020-07-16T08:00:00Z,43.12,1251.85
2020-07-16T08:30:00Z,42.86,1201.25
2020-07-16T09:00:00Z,43.67,1205.55
2020-07-16T09:30:00Z,42.78,1184.05
2020-07-16T10:00:00Z,42.870000000000005,816.1
2020-07-16T10:30:00Z,42.74,993.15
2020-07-16T11:00:00Z,43.24,1277.6
2020-07-16T11:30:00Z,42.43,1217.8
2020-07-16T12:00:00Z,36.88,1344.1
2020-07-16T12:30:00Z,32.79,1301.7
2020-07-16T13:00:00Z,33.41,1167.95
2020-07-16T13:30:00Z,32.74,1239.4
2020-07-16T14:00:00Z,29.91,829.45
2020-07-16T14:30:00Z,30.409999999999997,1201.15
2020-07-16T15:00:00Z,30.99,1129.75
2020-07-16T15:30:00Z,36.27,1133.85
2020-07-16T16:00:00Z,40.41,1353.7
2020-07-16T16:30:00Z,41.52,1485.25
2020-07-16T17:00:00Z,41.35,1236.7
2020-07-16T17:30:00Z,41.21,1496.45
2020-07-16T18:00:00Z,39.28,968.0
2020-07-16T18:30:00Z,39.26,800.95
2020-07-16T19:00:00Z,38.41,934.7
2020-07-16T19:30:00Z,34.73,999.45
2020-07-16T20:00:00Z,34.43,783.4
2020-07-16T20:30:00Z,29.51,875.35
2020-07-16T21:00:00Z,31.81,576.8
2020-07-16T21:30:00Z,28.45,969.55
2020-07-16T22:00:00Z,20.85,693.6
2020-07-16T22:30:00Z,18.03,545.85
2020-07-16T23:00:00Z,16.8,547.95
2020-07-16T23:30:00Z,19.51,731.95
2020-07-17T00:00:00Z,21.57,495.85
2020-07-17T00:30:00Z,22.26,621.05
2020-07-17T01:00:00Z,24.38,599.65
2020-07-17T01:30:00Z,24.44,682.05
2020-07-17T02:00:00Z,24.28,256.5
2020-07-17T02:30:00Z,22.22,407.85
2020-07-17T03:00:00Z,19.3,525.35
2020-07-17T03:30:00Z,20.05,637.4
2020-07-17T04:00:00Z,22.77,709.4
2020-07-17T04:30:00Z,23.22,653.4
2020-07-17T05:00:00Z,22.55,765.65
2020-07-17T05:30:00Z,22.4,758.65
2020-07-17T06:00:00Z,21.38,740.65
2020-07-17T06:30:00Z,26.180000000000003,691.15
2020-07-17T07:00:00Z,20.44,890.0
2020-07-17T07:30:00Z,22.85,596.5
2020-07-17T08:00:00Z,23.97,1022.75
2020-07-17T08:30:00Z,25.18,1147.85
2020-07-17T09:00:00Z,24.35,898.15
2020-07-17T09:30:00Z,24.18,920.2
2020-07-17T10:00:00Z,25.57,1315.5
2020-07-17T10:30:00Z,25.69,954.7
2020-07-17T11:00:00Z,25.35,947.3
2020-07-17T11:30:00Z,25.6,1086.0
2020-07-17T12:00:00Z,27.29,1095.5
2020-07-17T12:30:00Z,25.62,947.05
2020-07-17T13:00:00Z,25.14,820.65
2020-07-17T13:30:00Z,24.740000000000002,848.15
2020-07-17T14:00:00Z,22.46,508.85
2020-07-17T14:30:00Z,22.46,596.7
2020-07-17T15:00:00Z,23.81,686.85
2020-07-17T15:30:00Z,25.389999999999997,739.15
2020-07-17T16:00:00Z,25.12,782.15
2020-07-17T16:30:00Z,25.480000000000004,714.75
2020-07-17T17:00:00Z,24.53,790.0
2020-07-17T17:30:00Z,24.44,824.8
2020-07-17T18:00:00Z,26.38,533.3
2020-07-17T18:30:00Z,26.35,616.35
2020-07-17T19:00:00Z,27.16,637.65
2020-07-17T19:30:00Z,26.09,603.0
2020-07-17T20:00:00Z,25.670000000000005,469.2
2020-07-17T20:30:00Z,26.07,398.6
2020-07-17T21:00:00Z,27.52,541.2
2020-07-17T21:30:00Z,27.760000000000005,987.85
2020-07-17T22:00:00Z,18.96,1209.4
2020-07-17T22:30:00Z,33.7,445.35
2020-07-17T23:00:00Z,27.86,707.55
2020-07-17T23:30:00Z,28.090000000000003,601.2
2020-07-18T00:00:00Z,29.070000000000004,355.95
2020-07-18T00:30:00Z,28.24,412.05
2020-07-18T01:00:00Z,28.31,421.65
2020-07-18T01:30:00Z,27.49,453.1
2020-07-18T02:00:00Z,27.45,261.35
2020-07-18T02:30:00Z,26.82,232.05
2020-07-18T03:00:00Z,26.34,399.7
2020-07-18T03:30:00Z,23.79,319.55
2020-07-18T04:00:00Z,23.62,244.7
2020-07-18T04:30:00Z,22.93,378.75
2020-07-18T05:00:00Z,24.94,301.15
2020-07-18T05:30:00Z,23.12,520.65
2020-07-18T06:00:00Z,28.12,605.45
2020-07-18T06:30:00Z,30.63,513.5
2020-07-18T07:00:00Z,26.3,1078.35
2020-07-18T07:30:00Z,31.85,1073.9
2020-07-18T08:00:00Z,30.05,945.2
2020-07-18T08:30:00Z,30.61,1011.3
2020-07-18T09:00:00Z,31.55,974.8
2020-07-18T09:30:00Z,30.62,975.25
2020-07-18T10:00:00Z,25.96,870.05
2020-07-18T10:30:00Z,25.07,843.65
2020-07-18T11:00:00Z,22.37,952.75
2020-07-18T11:30:00Z,23.13,893.45
2020-07-18T12:00:00Z,27.56,1032.05
2020-07-18T12:30:00Z,23.510000000000005,848.75
2020-07-18T13:00:00Z,24.48,963.95
2020-07-18T13:30:00Z,24.75,987.45
2020-07-18T14:00:00Z,24.04,619.1
2020-07-18T14:30:00Z,23.1,621.15
2020-07-18T15:00:00Z,26.57,647.5
2020-07-18T15:30:00Z,31.13,667.6
2020-07-18T16:00:00Z,32.25,761.75
2020-07-18T16:30:00Z,33.46,709.25
2020-07-18T17:00:00Z,33.02,829.6
2020-07-18T17:30:00Z,33.35,665.9
2020-07-18T18:00:00Z,36.18,375.25
2020-07-18T18:30:00Z,37.09,463.95
2020-07-18T19:00:00Z,36.76,477.15
2020-07-18T19:30:00Z,36.7,490.5
2020-07-18T20:00:00Z,36.8,398.85
2020-07-18T20:30:00Z,36.79,263.5
2020-07-18T21:00:00Z,38.02,498.7
2020-07-18T21:30:00Z,35.59,633.45
2020-07-18T22:00:00Z,31.03,573.6
2020-07-18T22:30:00Z,30.930000000000003,580.4
2020-07-18T23:00:00Z,29.4,485.4
2020-07-18T23:30:00Z,29.740000000000002,664.0
2020-07-19T00:00:00Z,29.440000000000005,448.1
2020-07-19T00:30:00Z,29.689999999999998,413.15
2020-07-19T01:00:00Z,29.38,410.6
2020-07-19T01:30:00Z,25.160000000000004,326.9
2020-07-19T02:00:00Z,23.81,388.35
2020-07-19T02:30:00Z,21.49,513.5
2020-07-19T03:00:00Z,21.98,289.0
2020-07-19T03:30:00Z,19.27,285.2
2020-07-19T04:00:00Z,18.07,275.6
2020-07-19T04:30:00Z,15.18,423.5
2020-07-19T05:00:00Z,9.8,366.1
2020-07-19T05:30:00Z,10.68,340.2
2020-07-19T06:00:00Z,8.88,771.55
2020-07-19T06:30:00Z,26.02,795.15
2020-07-19T07:00:00Z,16.35,838.55
2020-07-19T07:30:00Z,26.32,825.85
2020-07-19T08:00:00Z,28.479999999999997,582.85
2020-07-19T08:30:00Z,27.67,729.6
2020-07-19T09:00:00Z,30.54,903.9
2020-07-19T09:30:00Z,27.019999999999996,723.65
2020-07-19T10:00:00Z,26.14,839.85
2020-07-19T10:30:00Z,23.54,969.2
2020-07-19T11:00:00Z,24.67,1102.1
2020-07-19T11:30:00Z,25.5,1395.35
2020-07-19T12:00:00Z,27.88,1341.5
2020-07-19T12:30:00Z,23.08,1207.3
2020-07-19T13:00:00Z,21.82,1052.8
2020-07-19T13:30:00Z,20.66,1036.15
2020-07-19T14:00:00Z,18.29,798.15
2020-07-19T14:30:00Z,20.95,818.65
2020-07-19T15:00:00Z,21.02,1086.25
2020-07-19T15:30:00Z,20.96,942.75
2020-07-19T16:00:00Z,28.74,1085.65
2020-07-19T16:30:00Z,30.76,969.8
2020-07-19T17:00:00Z,31.43,994.1
2020-07-19T17:30:00Z,31.5,977.0
2020-07-19T18:00:00Z,36.67,969.05
2020-07-19T18:30:00Z,36.65,802.05
2020-07-19T19:00:00Z,36.8,742.65
2020-07-19T19:30:00Z,36.61,775.0
2020-07-19T20:00:00Z,39.84,898.35
2020-07-19T20:30:00Z,39.95,957.05
2020-07-19T21:00:00Z,39.81,943.95
2020-07-19T21:30:00Z,38.37,1069.65
2020-07-19T22:00:00Z,35.47,530.25
2020-07-19T22:30:00Z,27.440000000000005,302.1
2020-07-19T23:00:00Z,26.59,383.4
2020-07-19T23:30:00Z,25.15,552.2
2020-07-21T00:00:00Z,26.22,285.6
2020-07-21T00:30:00Z,25.75,458.2
2020-07-21T01:00:00Z,25.019999999999996,341.75
2020-07-21T01:30:00Z,26.4,513.45
2020-07-21T02:00:00Z,26.45,379.4
2020-07-21T02:30:00Z,27.24,445.85
2020-07-21T03:00:00Z,28.64,392.4
2020-07-21T03:30:00Z,28.66,424.15
2020-07-21T04:00:00Z,28.2,434.45
2020-07-21T04:30:00Z,25.02,543.95
2020-07-21T05:00:00Z,30.84,757.8
2020-07-21T05:30:00Z,26.85,712.65
2020-07-21T06:00:00Z,28.62,1076.9
2020-07-21T06:30:00Z,35.48,734.85
2020-07-21T07:00:00Z,28.7,1072.8
2020-07-21T07:30:00Z,32.14,1002.35
2020-07-21T08:00:00Z,29.940000000000005,1194.05
2020-07-21T08:30:00Z,28.720000000000002,1225.15
2020-07-21T09:00:00Z,26.28,1070.6
2020-07-21T09:30:00Z,23.01,1405.1
2020-07-21T10:00:00Z,26.390000000000004,1334.4
2020-07-21T10:30:00Z,29.1,1165.9
2020-07-21T11:00:00Z,31.349999999999998,1283.8
2020-07-21T11:30:00Z,32.45,1482.75
2020-07-21T12:00:00Z,33.31,1364.35
2020-07-21T12:30:00Z,31.83,1242.75
2020-07-21T13:00:00Z,29.709999999999997,1143.45
2020-07-21T13:30:00Z,29.64,1098.0
2020-07-21T14:00:00Z,32.66,981.3
2020-07-21T14:30:00Z,33.12,834.05
2020-07-21T15:00:00Z,23.1,1187.55
2020-07-21T15:30:00Z,31.730000000000004,1191.2
2020-07-21T16:00:00Z,29.08,1062.85
2020-07-21T16:30:00Z,34.22,1066.0
2020-07-21T17:00:00Z,35.45,998.95
2020-07-21T17:30:00Z,35.45,1005.1
2020-07-21T18:00:00Z,31.01,907.1
2020-07-21T18:30:00Z,33.51,712.7
2020-07-21T19:00:00Z,37.32,742.1
2020-07-21T19:30:00Z,31.7,1019.85
2020-07-21T20:00:00Z,33.33,570.3
2020-07-21T20:30:00Z,30.88,740.4
2020-07-21T21:00:00Z,33.61,647.2
2020-07-21T21:30:00Z,32.7,992.15
2020-07-21T22:00:00Z,26.47,574.45
2020-07-21T22:30:00Z,37.02,203.25
2020-07-21T23:00:00Z,28.43,197.0
2020-07-21T23:30:00Z,25.49,319.85
2020-07-22T00:00:00Z,22.76,318.5
2020-07-22T00:30:00Z,23.69,475.45
2020-07-22T01:00:00Z,25.9,243.95
2020-07-22T01:30:00Z,23.38,289.0
2020-07-22T02:00:00Z,26.060000000000002,168.45
2020-07-22T02:30:00Z,24.64,156.7
2020-07-22T03:00:00Z,28.96,193.5
2020-07-22T03:30:00Z,21.73,220.05
2020-07-22T04:00:00Z,25.839999999999996,172.4
2020-07-22T04:30:00Z,17.96,381.8
2020-07-22T05:00:00Z,27.23,431.2
2020-07-22T05:30:00Z,25.69,547.65
2020-07-22T06:00:00Z,26.98,849.65
2020-07-22T06:30:00Z,32.05,804.6
2020-07-22T07:00:00Z,25.79,824.0
2020-07-22T07:30:00Z,28.97,1026.65
2020-07-22T08:00:00Z,26.3,1648.1
2020-07-22T08:30:00Z,26.97,1590.35
2020-07-22T09:00:00Z,26.95,1602.95
2020-07-22T09:30:00Z,26.09,1510.45
2020-07-22T10:00:00Z,23.4,1235.7
2020-07-22T10:30:00Z,23.73,1466.55
2020-07-22T11:00:00Z,24.009999999999998,1489.1
2020-07-22T11:30:00Z,23.789999999999996,1393.85
2020-07-22T12:00:00Z,23.22,1401.25
2020-07-22T12:30:00Z,22.09,1399.55
2020-07-22T13:00:00Z,21.75,1341.0
2020-07-22T13:30:00Z,21.93,1233.65
2020-07-22T14:00:00Z,24.38,1267.35
2020-07-22T14:30:00Z,24.84,1527.45
2020-07-22T15:00:00Z,30.170000000000005,1152.15
2020-07-22T15:30:00Z,31.07,1023.9
2020-07-22T16:00:00Z,34.8,1463.85
2020-07-22T16:30:00Z,34.63,1292.5
2020-07-22T17:00:00Z,35.51,1288.6
2020-07-22T17:30:00Z,33.95,1230.35
2020-07-22T18:00:00Z,31.34,1039.15
2020-07-22T18:30:00Z,31.149999999999995,1125.75
2020-07-22T19:00:00Z,31.630000000000003,1253.05
2020-07-22T19:30:00Z,29.35,988.35
2020-07-22T20:00:00Z,29.77,1002.35
2020-07-22T20:30:00Z,27.57,1385.55
2020-07-22T21:00:00Z,30.57,997.15
2020-07-22T21:30:00Z,29.649999999999995,1524.7
2020-07-22T22:00:00Z,29.49,520.05
2020-07-22T22:30:00Z,27.86,443.2
2020-07-22T23:00:00Z,29.37,338.8
2020-07-22T23:30:00Z,25.69,464.65
2020-07-23T00:00:00Z,24.86,271.45
2020-07-23T00:30:00Z,24.44,388.1
2020-07-23T01:00:00Z,24.17,334.85
2020-07-23T01:30:00Z,23.99,283.0
2020-07-23T02:00:00Z,25.49,338.7
2020-07-23T02:30:00Z,24.84,349.0
2020-07-23T03:00:00Z,26.52,436.9
2020-07-23T03:30:00Z,24.4,427.25
2020-07-23T04:00:00Z,30.359999999999996,562.45
2020-07-23T04:30:00Z,27.58,519.05
2020-07-23T05:00:00Z,27.749999999999996,621.55
2020-07-23T05:30:00Z,25.52,683.4
2020-07-23T06:00:00Z,30.85,1014.45
2020-07-23T06:30:00Z,35.97,615.15
2020-07-23T07:00:00Z,29.05,1136.7
2020-07-23T07:30:00Z,33.02,1073.9
2020-07-23T08:00:00Z,27.1,1050.75
2020-07-23T08:30:00Z,26.78,1042.55
2020-07-23T09:00:00Z,26.55,976.25
2020-07-23T09:30:00Z,22.97,1124.2
2020-07-23T10:00:00Z,24.4,1810.65
2020-07-23T10:30:00Z,25.02,1621.95
2020-07-23T11:00:00Z,26.16,1765.35
2020-07-23T11:30:00Z,27.56,1729.55
2020-07-23T12:00:00Z,25.4,1601.25
2020-07-23T12:30:00Z,24.28,1745.55
2020-07-23T13:00:00Z,25.31,1673.1
2020-07-23T13:30:00Z,26.25,1650.4
2020-07-23T14:00:00Z,23.18,1321.0
2020-07-23T14:30:00Z,23.05,1399.4
2020-07-23T15:00:00Z,30.35,1627.55
2020-07-23T15:30:00Z,31.139999999999997,1089.8
2020-07-23T16:00:00Z,38.04,1762.15
2020-07-23T16:30:00Z,38.01,1619.5
2020-07-23T17:00:00Z,37.59,1333.75
2020-07-23T17:30:00Z,37.64,1422.3
2020-07-23T18:00:00Z,38.6,1021.45
2020-07-23T18:30:00Z,36.96,1182.05
2020-07-23T19:00:00Z,37.11,1034.45
2020-07-23T19:30:00Z,36.51,949.25
2020-07-23T20:00:00Z,38.56,758.15
2020-07-23T20:30:00Z,38.95,651.1
2020-07-23T21:00:00Z,39.5,709.2
2020-07-23T21:30:00Z,37.3,942.9
2020-07-23T22:00:00Z,24.599999999999998,1515.45
2020-07-23T22:30:00Z,31.4,543.6
2020-07-23T23:00:00Z,33.69,888.9
2020-07-23T23:30:00Z,28.3,953.55
2020-07-24T00:00:00Z,26.840000000000003,424.25
2020-07-24T00:30:00Z,28.99,420.95
2020-07-24T01:00:00Z,25.79,526.55
2020-07-24T01:30:00Z,22.91,640.7
2020-07-24T02:00:00Z,23.69,298.85
2020-07-24T02:30:00Z,25.58,309.65
2020-07-24T03:00:00Z,27.61,394.5
2020-07-24T03:30:00Z,23.69,301.8
2020-07-24T04:00:00Z,26.85,448.85
2020-07-24T04:30:00Z,27.79,481.9
2020-07-24T05:00:00Z,29.44,456.9
2020-07-24T05:30:00Z,31.61,670.6
2020-07-24T06:00:00Z,36.63,882.5
2020-07-24T06:30:00Z,45.67999999999999,930.6
2020-07-24T07:00:00Z,43.02,1117.4
2020-07-24T07:30:00Z,44.57,1400.0
2020-07-24T08:00:00Z,43.67,1391.05
2020-07-24T08:30:00Z,43.76,1428.55
2020-07-24T09:00:00Z,42.48,1234.4
2020-07-24T09:30:00Z,43.23,1463.5
2020-07-24T10:00:00Z,44.41,1136.0
2020-07-24T10:30:00Z,44.99,1186.6
2020-07-24T11:00:00Z,45.17,1317.05
2020-07-24T11:30:00Z,42.64,1370.85
2020-07-24T12:00:00Z,40.73,1676.15
2020-07-24T12:30:00Z,36.34,1895.95
2020-07-24T13:00:00Z,40.88,1559.6
2020-07-24T13:30:00Z,40.47,2171.1
2020-07-24T14:00:00Z,35.3,1127.6
2020-07-24T14:30:00Z,31.67,1209.8
2020-07-24T15:00:00Z,26.51,1248.05
2020-07-24T15:30:00Z,27.080000000000002,1468.8
2020-07-24T16:00:00Z,31.07,1660.6
2020-07-24T16:30:00Z,34.4,2033.45
2020-07-24T17:00:00Z,34.65,1970.25
2020-07-24T17:30:00Z,32.39,2133.65
2020-07-24T18:00:00Z,34.54,1176.35
2020-07-24T18:30:00Z,32.81,1466.3
2020-07-24T19:00:00Z,32.3,1206.85
2020-07-24T19:30:00Z,26.87,1518.0
2020-07-24T20:00:00Z,29.67,1776.7
2020-07-24T20:30:00Z,31.22,1945.45
2020-07-24T21:00:00Z,30.63,1673.3
2020-07-24T21:30:00Z,29.06,2090.85
2020-07-24T22:00:00Z,25.73,930.35
2020-07-24T22:30:00Z,31.74,690.75
2020-07-24T23:00:00Z,24.47,513.35
2020-07-24T23:30:00Z,21.44,539.65
2020-07-25T00:00:00Z,21.96,579.25
2020-07-25T00:30:00Z,21.7,607.25
2020-07-25T01:00:00Z,20.09,651.35
2020-07-25T01:30:00Z,19.32,713.1
2020-07-25T02:00:00Z,19.25,700.0
2020-07-25T02:30:00Z,20.64,641.45
2020-07-25T03:00:00Z,20.36,511.8
2020-07-25T03:30:00Z,19.48,583.8
2020-07-25T04:00:00Z,21.4,681.4
2020-07-25T04:30:00Z,21.7,613.4
2020-07-25T05:00:00Z,18.83,720.0
2020-07-25T05:30:00Z,20.25,803.3
2020-07-25T06:00:00Z,11.39,868.7
2020-07-25T06:30:00Z,25.36,859.5
2020-07-25T07:00:00Z,16.58,833.4
2020-07-25T07:30:00Z,23.99,942.65
2020-07-25T08:00:00Z,29.13,1131.45
2020-07-25T08:30:00Z,30.24,984.9
2020-07-25T09:00:00Z,31.83,1088.45
2020-07-25T09:30:00Z,31.850000000000005,1240.7
2020-07-25T10:00:00Z,37.59,1263.45
2020-07-25T10:30:00Z,39.03,1306.95
2020-07-25T11:00:00Z,38.61,1269.1
2020-07-25T11:30:00Z,39.04,1329.0
2020-07-25T12:00:00Z,37.87,1122.05
2020-07-25T12:30:00Z,37.5,1043.5
2020-07-25T13:00:00Z,38.63,1340.8
2020-07-25T13:30:00Z,38.13,1277.8
2020-07-25T14:00:00Z,38.44,1593.55
2020-07-25T14:30:00Z,38.26,1876.2
2020-07-25T15:00:00Z,38.43,1911.45
2020-07-25T15:30:00Z,39.34000000000001,1761.65
2020-07-25T16:00:00Z,40.23,1718.6
2020-07-25T16:30:00Z,41.28,1820.45
2020-07-25T17:00:00Z,41.64,1779.65
2020-07-25T17:30:00Z,41.44,2072.15
2020-07-25T18:00:00Z,41.11,1436.8
2020-07-25T18:30:00Z,41.08,1490.55
2020-07-25T19:00:00Z,40.34,1590.0
2020-07-25T19:30:00Z,40.78,1552.7
2020-07-25T20:00:00Z,40.11,1525.4
2020-07-25T20:30:00Z,40.34,1329.25
2020-07-25T21:00:00Z,38.98,1727.0
2020-07-25T21:30:00Z,38.38,1489.05
2020-07-25T22:00:00Z,39.91,1193.25
2020-07-25T22:30:00Z,38.91,791.7
2020-07-25T23:00:00Z,38.26,687.35
2020-07-25T23:30:00Z,36.67,642.45
2020-07-26T00:00:00Z,19.02,459.55
2020-07-26T00:30:00Z,19.31,285.5
2020-07-26T01:00:00Z,19.47,333.1
2020-07-26T01:30:00Z,17.38,532.15
2020-07-26T02:00:00Z,20.8,449.45
2020-07-26T02:30:00Z,21.100000000000005,455.3
2020-07-26T03:00:00Z,21.71,456.05
2020-07-26T03:30:00Z,23.68,617.15
2020-07-26T04:00:00Z,23.28,641.4
2020-07-26T04:30:00Z,22.25,679.8
2020-07-26T05:00:00Z,21.7,829.65
2020-07-26T05:30:00Z,24.54,929.0
2020-07-26T06:00:00Z,29.06,900.3
2020-07-26T06:30:00Z,28.72,945.7
2020-07-26T07:00:00Z,24.89,819.05
2020-07-26T07:30:00Z,25.44,916.4
2020-07-26T08:00:00Z,25.96,918.55
2020-07-26T08:30:00Z,27.05,1120.65
2020-07-26T09:00:00Z,28.14,1001.6
2020-07-26T09:30:00Z,28.32,1077.55
2020-07-26T10:00:00Z,25.48,723.6
2020-07-26T10:30:00Z,24.26,877.55
2020-07-26T11:00:00Z,25.74,971.6
2020-07-26T11:30:00Z,26.85,979.05
2020-07-26T12:00:00Z,24.46,920.6
2020-07-26T12:30:00Z,21.22,864.6
2020-07-26T13:00:00Z,18.84,1243.85
2020-07-26T13:30:00Z,19.63,1024.25
2020-07-26T14:00:00Z,18.34,863.6
2020-07-26T14:30:00Z,21.0,854.95
2020-07-26T15:00:00Z,27.95,759.75
2020-07-26T15:30:00Z,28.26,999.65
2020-07-26T16:00:00Z,32.72,1068.7
2020-07-26T16:30:00Z,34.62,1126.8
2020-07-26T17:00:00Z,35.19,1000.35
2020-07-26T17:30:00Z,36.38,1078.3
2020-07-26T18:00:00Z,37.73,926.0
2020-07-26T18:30:00Z,35.39,878.85
2020-07-26T19:00:00Z,33.2,957.05
2020-07-26T19:30:00Z,30.27,1143.1
2020-07-26T20:00:00Z,32.58,1134.65
2020-07-26T20:30:00Z,31.58,1373.5
2020-07-26T21:00:00Z,31.439999999999998,1066.15
2020-07-26T21:30:00Z,24.66,1176.0
2020-07-26T22:00:00Z,26.69,825.6
2020-07-26T22:30:00Z,27.0,732.65
2020-07-26T23:00:00Z,21.34,268.85
2020-07-26T23:30:00Z,13.36,412.35
2020-07-27T00:00:00Z,20.81,475.75
2020-07-27T00:30:00Z,23.44,507.7
2020-07-27T01:00:00Z,24.41,511.1
2020-07-27T01:30:00Z,25.42,553.0
2020-07-27T02:00:00Z,21.48,441.7
2020-07-27T02:30:00Z,17.92,585.4
2020-07-27T03:00:00Z,23.48,550.2
2020-07-27T03:30:00Z,21.79,497.85
2020-07-27T04:00:00Z,27.79,467.7
2020-07-27T04:30:00Z,27.85,608.3
2020-07-27T05:00:00Z,33.53,576.65
2020-07-27T05:30:00Z,25.26,838.8
2020-07-27T06:00:00Z,14.78,941.95
2020-07-27T06:30:00Z,39.26,1232.9
2020-07-27T07:00:00Z,27.85,1318.8
2020-07-27T07:30:00Z,42.08,1460.9
2020-07-27T08:00:00Z,31.58,955.35
2020-07-27T08:30:00Z,25.59,990.7
2020-07-27T09:00:00Z,26.19,1196.45
2020-07-27T09:30:00Z,27.08,1218.2
2020-07-27T10:00:00Z,22.97,1086.35
2020-07-27T10:30:00Z,21.9,998.35
2020-07-27T11:00:00Z,20.35,1170.85
2020-07-27T11:30:00Z,21.11,991.45
2020-07-27T12:00:00Z,25.54,1179.6
2020-07-27T12:30:00Z,23.36,1290.45
2020-07-27T13:00:00Z,25.02,1429.35
2020-07-27T13:30:00Z,24.99,1545.4
2020-07-27T14:00:00Z,26.33,2112.8
2020-07-27T14:30:00Z,26.26,2034.05
2020-07-27T15:00:00Z,26.35,2037.9
2020-07-27T15:30:00Z,26.59,2045.15
2020-07-27T16:00:00Z,25.95,2079.1
2020-07-27T16:30:00Z,27.75,2142.35
2020-07-27T17:00:00Z,27.57,2107.5
2020-07-27T17:30:00Z,26.46,2157.6
2020-07-27T18:00:00Z,25.34,1830.35
2020-07-27T18:30:00Z,25.55,1901.85
2020-07-27T19:00:00Z,26.9,1382.85
2020-07-27T19:30:00Z,27.6,1794.25
2020-07-27T20:00:00Z,25.72,1751.65
2020-07-27T20:30:00Z,26.11,1590.85
2020-07-27T21:00:00Z,24.68,1643.5
2020-07-27T21:30:00Z,26.69,1848.6
2020-07-27T22:00:00Z,23.92,1184.95
2020-07-27T22:30:00Z,12.46,487.8
2020-07-27T23:00:00Z,9.32,508.1
2020-07-27T23:30:00Z,0.51,709.5
2020-07-28T00:00:00Z,8.57,668.9
2020-07-28T00:30:00Z,11.46,797.1
2020-07-28T01:00:00Z,15.410000000000002,645.0
2020-07-28T01:30:00Z,11.53,522.9
2020-07-28T02:00:00Z,17.96,688.65
2020-07-28T02:30:00Z,15.310000000000002,669.35
2020-07-28T03:00:00Z,14.44,579.7
2020-07-28T03:30:00Z,14.22,631.4
2020-07-28T04:00:00Z,17.8,679.1
2020-07-28T04:30:00Z,18.4,680.15
2020-07-28T05:00:00Z,20.17,888.6
2020-07-28T05:30:00Z,27.28,1029.5
2020-07-28T06:00:00Z,26.94,1041.8
2020-07-28T06:30:00Z,30.71,1216.75
2020-07-28T07:00:00Z,17.64,1065.55
2020-07-28T07:30:00Z,23.72,1221.05
2020-07-28T08:00:00Z,26.37,1068.65
2020-07-28T08:30:00Z,20.8,1312.3
2020-07-28T09:00:00Z,19.67,1374.8
2020-07-28T09:30:00Z,19.21,1622.15
2020-07-28T10:00:00Z,25.109999999999996,1572.85
2020-07-28T10:30:00Z,22.39,1783.35
2020-07-28T11:00:00Z,23.02,1926.55
2020-07-28T11:30:00Z,22.26,2022.55
2020-07-28T12:00:00Z,18.32,1978.7
2020-07-28T12:30:00Z,14.94,1676.3
2020-07-28T13:00:00Z,9.82,2067.15
2020-07-28T13:30:00Z,11.62,1837.9
2020-07-28T14:00:00Z,16.6,2128.7
2020-07-28T14:30:00Z,21.7,2034.6
2020-07-28T15:00:00Z,21.33,2022.35
2020-07-28T15:30:00Z,25.93,2051.25
2020-07-28T16:00:00Z,29.34,1589.75
2020-07-28T16:30:00Z,33.56,1468.35
2020-07-28T17:00:00Z,33.67,1468.5
2020-07-28T17:30:00Z,34.55,1368.7
2020-07-28T18:00:00Z,39.47,1092.65
2020-07-28T18:30:00Z,38.76,1024.65
2020-07-28T19:00:00Z,39.31,1006.55
2020-07-28T19:30:00Z,39.09,1015.75
2020-07-28T20:00:00Z,42.03,1168.15
2020-07-28T20:30:00Z,40.79,1023.4
2020-07-28T21:00:00Z,41.63,1096.95
2020-07-28T21:30:00Z,39.07,1320.2
2020-07-28T22:00:00Z,41.51,638.65
2020-07-28T22:30:00Z,36.72,1002.0
2020-07-28T23:00:00Z,35.55,614.05
2020-07-28T23:30:00Z,29.329999999999995,583.95
2020-07-29T00:00:00Z,21.59,500.25
2020-07-29T00:30:00Z,20.14,370.65
2020-07-29T01:00:00Z,21.579999999999995,404.65
2020-07-29T01:30:00Z,22.31,322.05
2020-07-29T02:00:00Z,22.34,253.9
2020-07-29T02:30:00Z,23.11,271.8
2020-07-29T03:00:00Z,25.37,345.55
2020-07-29T03:30:00Z,25.21,275.95
2020-07-29T04:00:00Z,32.77,429.15
2020-07-29T04:30:00Z,32.96,244.6
2020-07-29T05:00:00Z,36.9,788.25
2020-07-29T05:30:00Z,30.02,1065.55
2020-07-29T06:00:00Z,24.91,985.05
2020-07-29T06:30:00Z,33.4,1327.3
2020-07-29T07:00:00Z,29.07,929.35
2020-07-29T07:30:00Z,27.79,961.65
2020-07-29T08:00:00Z,29.580000000000002,928.35
2020-07-29T08:30:00Z,28.53,978.15
2020-07-29T09:00:00Z,23.75,1060.2
2020-07-29T09:30:00Z,20.88,977.2
2020-07-29T10:00:00Z,34.92,1346.85
2020-07-29T10:30:00Z,35.52,1371.85
2020-07-29T11:00:00Z,29.93,1307.8
2020-07-29T11:30:00Z,28.98,1343.6
2020-07-29T12:00:00Z,27.920000000000005,1593.2
2020-07-29T12:30:00Z,25.9,1466.25
2020-07-29T13:00:00Z,27.88,1461.4
2020-07-29T13:30:00Z,29.0,1409.95
2020-07-29T14:00:00Z,28.78,1002.9
2020-07-29T14:30:00Z,29.729999999999997,1144.9
2020-07-29T15:00:00Z,24.84,1153.25
2020-07-29T15:30:00Z,28.34,1238.8
2020-07-29T16:00:00Z,32.25,1134.4
2020-07-29T16:30:00Z,33.69,1107.5
2020-07-29T17:00:00Z,34.97,1544.3
2020-07-29T17:30:00Z,37.6,1413.1
2020-07-29T18:00:00Z,39.07,589.55
2020-07-29T18:30:00Z,39.5,577.1
2020-07-29T19:00:00Z,41.0,796.75
2020-07-29T19:30:00Z,39.6,812.1
2020-07-29T20:00:00Z,42.32,1041.9
2020-07-29T20:30:00Z,42.14,962.15
2020-07-29T21:00:00Z,42.25,1087.9
2020-07-29T21:30:00Z,35.9,1299.1
2020-07-29T22:00:00Z,33.36,475.3
2020-07-29T22:30:00Z,27.639999999999997,337.55
2020-07-29T23:00:00Z,31.13,337.75
2020-07-29T23:30:00Z,19.35,325.6
2020-07-30T00:00:00Z,24.73,494.15
2020-07-30T00:30:00Z,29.16,620.7
2020-07-30T01:00:00Z,27.29,431.9
2020-07-30T01:30:00Z,26.31,480.8
2020-07-30T02:00:00Z,28.32,334.3
2020-07-30T02:30:00Z,25.95,423.4
2020-07-30T03:00:00Z,27.29,366.35
2020-07-30T03:30:00Z,26.43,559.3
2020-07-30T04:00:00Z,28.96,416.8
2020-07-30T04:30:00Z,26.73,306.45
2020-07-30T05:00:00Z,31.26,712.45
2020-07-30T05:30:00Z,36.11,726.9
2020-07-30T06:00:00Z,34.39,714.4
2020-07-30T06:30:00Z,40.7,720.25
2020-07-30T07:00:00Z,37.71,1080.3
2020-07-30T07:30:00Z,41.19,946.8
2020-07-30T08:00:00Z,40.2,957.5
2020-07-30T08:30:00Z,39.15,1344.2
2020-07-30T09:00:00Z,41.24,1650.2
2020-07-30T09:30:00Z,38.7,1509.2
2020-07-30T10:00:00Z,35.55,1477.35
2020-07-30T10:30:00Z,35.93,1566.1
2020-07-30T11:00:00Z,36.62,1816.5
2020-07-30T11:30:00Z,35.15,1792.05
2020-07-30T12:00:00Z,33.5,1519.25
2020-07-30T12:30:00Z,30.889999999999997,1629.5
2020-07-30T13:00:00Z,31.699999999999996,1641.5
2020-07-30T13:30:00Z,29.31,1813.6
2020-07-30T14:00:00Z,29.85,961.6
2020-07-30T14:30:00Z,29.65,997.65
2020-07-30T15:00:00Z,30.09,1352.25
2020-07-30T15:30:00Z,42.24,1435.15
2020-07-30T16:00:00Z,51.62,1867.35
2020-07-30T16:30:00Z,53.17,1827.6
2020-07-30T17:00:00Z,56.61,2040.95
2020-07-30T17:30:00Z,55.38,2118.85
2020-07-30T18:00:00Z,52.08,1326.9
2020-07-30T18:30:00Z,53.92,1494.2
2020-07-30T19:00:00Z,50.79,1367.25
2020-07-30T19:30:00Z,49.13,1324.95
2020-07-30T20:00:00Z,47.03,901.75
2020-07-30T20:30:00Z,44.97,852.65
2020-07-30T21:00:00Z,43.37,983.0
2020-07-30T21:30:00Z,41.21,1140.55
2020-07-30T22:00:00Z,25.42,922.95
2020-07-30T22:30:00Z,26.53,778.95
2020-07-30T23:00:00Z,26.51,575.6
2020-07-30T23:30:00Z,23.090000000000003,760.55
2020-07-31T00:00:00Z,26.73,553.15
2020-07-31T00:30:00Z,22.43,610.45
2020-07-31T01:00:00Z,23.05,404.85
2020-07-31T01:30:00Z,21.51,451.7
2020-07-31T02:00:00Z,22.14,465.2
2020-07-31T02:30:00Z,15.58,587.65
2020-07-31T03:00:00Z,22.0,645.3
2020-07-31T03:30:00Z,21.94,541.15
2020-07-31T04:00:00Z,27.610000000000003,598.4
2020-07-31T04:30:00Z,25.540000000000003,407.05
2020-07-31T05:00:00Z,27.81,576.7
2020-07-31T05:30:00Z,27.55,782.9
2020-07-31T06:00:00Z,30.899999999999995,663.55
2020-07-31T06:30:00Z,37.94,538.35
2020-07-31T07:00:00Z,32.3,641.2
2020-07-31T07:30:00Z,35.83,891.1
2020-07-31T08:00:00Z,34.4,491.15
2020-07-31T08:30:00Z,26.74,746.1
2020-07-31T09:00:00Z,28.65,546.15
2020-07-31T09:30:00Z,28.03,835.6
2020-07-31T10:00:00Z,28.89,880.35
2020-07-31T10:30:00Z,25.71,996.75
2020-07-31T11:00:00Z,26.72,1153.85
2020-07-31T11:30:00Z,25.49,886.4
2020-07-31T12:00:00Z,24.58,1034.55
2020-07-31T12:30:00Z,22.96,1000.65
2020-07-31T13:00:00Z,21.68,1126.95
2020-07-31T13:30:00Z,20.57,1209.65
2020-07-31T14:00:00Z,25.970000000000002,1573.1
2020-07-31T14:30:00Z,26.849999999999998,1442.3
2020-07-31T15:00:00Z,40.36,1643.8
2020-07-31T15:30:00Z,42.16,1787.55
2020-07-31T16:00:00Z,48.59,1603.2
2020-07-31T16:30:00Z,50.17,1477.65
2020-07-31T17:00:00Z,43.52000000000001,1754.2
2020-07-31T17:30:00Z,47.07,1436.35
2020-07-31T18:00:00Z,48.51,618.45
2020-07-31T18:30:00Z,46.54,757.7
2020-07-31T19:00:00Z,38.58,543.8
2020-07-31T19:30:00Z,33.18,571.2
2020-07-31T20:00:00Z,36.63,508.9
2020-07-31T20:30:00Z,35.47,417.15
2020-07-31T21:00:00Z,32.64,546.8
2020-07-31T21:30:00Z,34.09,945.95
2020-07-31T22:00:00Z,30.83,667.1
2020-07-31T22:30:00Z,32.75,472.25
2020-07-31T23:00:00Z,28.389999999999997,453.55
2020-07-31T23:30:00Z,10.89,323.5
2020-08-01T00:00:00Z,15.29,439.4
2020-08-01T00:30:00Z,15.050000000000002,693.95
2020-08-01T01:00:00Z,12.12,667.1
2020-08-01T01:30:00Z,12.25,564.15
2020-08-01T02:00:00Z,16.38,768.9
2020-08-01T02:30:00Z,14.550000000000002,584.3
2020-08-01T03:00:00Z,12.34,448.9
2020-08-01T03:30:00Z,12.96,557.15
2020-08-01T04:00:00Z,12.07,667.7
2020-08-01T04:30:00Z,12.9,616.85
2020-08-01T05:00:00Z,15.66,678.7
2020-08-01T05:30:00Z,20.580000000000002,816.9
2020-08-01T06:00:00Z,24.67,1234.3
2020-08-01T06:30:00Z,27.3,1041.65
2020-08-01T07:00:00Z,22.13,1055.0
2020-08-01T07:30:00Z,23.36,1011.2
2020-08-01T08:00:00Z,21.72,941.85
2020-08-01T08:30:00Z,24.15,906.85
2020-08-01T09:00:00Z,27.05,841.7
2020-08-01T09:30:00Z,27.57,826.05
2020-08-01T10:00:00Z,26.43,568.3
2020-08-01T10:30:00Z,24.25,742.0
2020-08-01T11:00:00Z,25.26,815.8
2020-08-01T11:30:00Z,24.44,929.25
2020-08-01T12:00:00Z,27.79,799.85
2020-08-01T12:30:00Z,22.34,958.0
2020-08-01T13:00:00Z,32.41,1034.15
2020-08-01T13:30:00Z,28.79,817.45
2020-08-01T14:00:00Z,26.77,824.9
2020-08-01T14:30:00Z,25.03,943.85
2020-08-01T15:00:00Z,24.14,842.55
2020-08-01T15:30:00Z,27.67,743.65
2020-08-01T16:00:00Z,28.65,782.25
2020-08-01T16:30:00Z,30.830000000000002,691.55
2020-08-01T17:00:00Z,25.13,871.95
2020-08-01T17:30:00Z,26.64,809.3
2020-08-01T18:00:00Z,29.590000000000003,578.75
2020-08-01T18:30:00Z,25.1,767.0
2020-08-01T19:00:00Z,29.71,542.85
2020-08-01T19:30:00Z,26.760000000000005,764.15
2020-08-01T20:00:00Z,21.03,854.35
2020-08-01T20:30:00Z,23.04,668.0
2020-08-01T21:00:00Z,27.67,627.05
2020-08-01T21:30:00Z,21.65,871.95
2020-08-01T22:00:00Z,21.62,766.5
2020-08-01T22:30:00Z,21.49,581.35
2020-08-01T23:00:00Z,28.19,560.8
2020-08-01T23:30:00Z,21.42,342.15
2020-08-02T00:00:00Z,29.39,276.1
2020-08-02T00:30:00Z,28.0,276.3
2020-08-02T01:00:00Z,26.41,417.25
2020-08-02T01:30:00Z,24.62,465.75
2020-08-02T02:00:00Z,26.650000000000002,408.95
2020-08-02T02:30:00Z,29.020000000000003,398.45
2020-08-02T03:00:00Z,26.950000000000003,497.1
2020-08-02T03:30:00Z,25.05,440.5
2020-08-02T04:00:00Z,24.17,293.75
2020-08-02T04:30:00Z,22.66,490.0
2020-08-02T05:00:00Z,19.4,436.8
2020-08-02T05:30:00Z,18.3,506.95
2020-08-02T06:00:00Z,20.59,978.1
2020-08-02T06:30:00Z,23.62,994.7
2020-08-02T07:00:00Z,23.549999999999997,807.6
2020-08-02T07:30:00Z,25.11,727.15
2020-08-02T08:00:00Z,23.02,850.1
2020-08-02T08:30:00Z,24.869999999999997,849.8
2020-08-02T09:00:00Z,21.22,713.95
2020-08-02T09:30:00Z,23.06,972.4
2020-08-02T10:00:00Z,28.72,956.35
2020-08-02T10:30:00Z,27.41,916.95
2020-08-02T11:00:00Z,26.78,960.65
2020-08-02T11:30:00Z,25.22,912.65
2020-08-02T12:00:00Z,26.95,814.45
2020-08-02T12:30:00Z,21.48,748.8
2020-08-02T13:00:00Z,22.75,966.85
2020-08-02T13:30:00Z,21.29,924.75
2020-08-02T14:00:00Z,19.87,563.1
2020-08-02T14:30:00Z,21.7,753.65
2020-08-02T15:00:00Z,24.97,808.3
2020-08-02T15:30:00Z,28.74,884.5
2020-08-02T16:00:00Z,31.84,929.8
2020-08-02T16:30:00Z,31.050000000000004,839.8
2020-08-02T17:00:00Z,34.33,780.05
2020-08-02T17:30:00Z,36.77,798.15
2020-08-02T18:00:00Z,38.44,960.3
2020-08-02T18:30:00Z,36.87,672.5
2020-08-02T19:00:00Z,32.67,634.15
2020-08-02T19:30:00Z,30.76,729.75
2020-08-02T20:00:00Z,35.02,604.1
2020-08-02T20:30:00Z,32.15,614.3
2020-08-02T21:00:00Z,31.1,520.4
2020-08-02T21:30:00Z,24.11,731.5
2020-08-02T22:00:00Z,22.67,554.15
2020-08-02T22:30:00Z,17.99,535.1
2020-08-02T23:00:00Z,24.15,503.45
2020-08-02T23:30:00Z,25.71,571.4
2020-08-03T00:00:00Z,23.36,479.35
2020-08-03T00:30:00Z,24.99,411.6
2020-08-03T01:00:00Z,27.94,583.55
2020-08-03T01:30:00Z,27.94,558.7
2020-08-03T02:00:00Z,27.17,992.75
2020-08-03T02:30:00Z,21.41,1143.0
2020-08-03T03:00:00Z,27.07,840.45
2020-08-03T03:30:00Z,26.29,999.0
2020-08-03T04:00:00Z,32.95,552.65
2020-08-03T04:30:00Z,30.64,594.0
2020-08-03T05:00:00Z,38.4,1035.65
2020-08-03T05:30:00Z,33.0,1068.8
2020-08-03T06:00:00Z,19.5,921.0
2020-08-03T06:30:00Z,30.02,1018.6
2020-08-03T07:00:00Z,26.61,951.3
2020-08-03T07:30:00Z,30.93,1173.45
2020-08-03T08:00:00Z,33.48,1226.25
2020-08-03T08:30:00Z,35.62,1117.5
2020-08-03T09:00:00Z,35.09,926.25
2020-08-03T09:30:00Z,33.97,1193.65
2020-08-03T10:00:00Z,33.87,1255.35
2020-08-03T10:30:00Z,37.05,1073.4
2020-08-03T11:00:00Z,41.55,1475.0
2020-08-03T11:30:00Z,37.51,1434.55
2020-08-03T12:00:00Z,34.56,1629.25
2020-08-03T12:30:00Z,31.86,1568.1
2020-08-03T13:00:00Z,35.83,1499.65
2020-08-03T13:30:00Z,34.54,1500.3
2020-08-03T14:00:00Z,33.67,868.2
2020-08-03T14:30:00Z,32.57,941.15
2020-08-03T15:00:00Z,30.6,1119.15
2020-08-03T15:30:00Z,36.68,758.7
2020-08-03T16:00:00Z,36.99,624.75
2020-08-03T16:30:00Z,37.86,548.25
2020-08-03T17:00:00Z,37.84,548.25
2020-08-03T17:30:00Z,37.84,555.75
2020-08-03T18:00:00Z,34.95,262.05
2020-08-03T18:30:00Z,34.33,357.0
2020-08-03T19:00:00Z,34.47,633.15
2020-08-03T19:30:00Z,32.1,984.55
2020-08-03T20:00:00Z,30.77,900.05
2020-08-03T20:30:00Z,32.72,983.2
2020-08-03T21:00:00Z,33.86,1137.25
2020-08-03T21:30:00Z,30.97,1248.75
2020-08-03T22:00:00Z,29.07,926.75
2020-08-03T22:30:00Z,26.19,696.1
2020-08-03T23:00:00Z,28.25,589.95
2020-08-03T23:30:00Z,25.9,933.4
2020-08-04T00:00:00Z,25.0,695.5
2020-08-04T00:30:00Z,25.54,718.25
2020-08-04T01:00:00Z,28.91,616.5
2020-08-04T01:30:00Z,23.85,622.1
2020-08-04T02:00:00Z,22.46,519.6
2020-08-04T02:30:00Z,21.11,519.8
2020-08-04T03:00:00Z,26.24,542.25
2020-08-04T03:30:00Z,23.11,608.3
2020-08-04T04:00:00Z,28.41,864.4
2020-08-04T04:30:00Z,25.08,642.15
2020-08-04T05:00:00Z,26.08,555.1
2020-08-04T05:30:00Z,33.23,836.05
2020-08-04T06:00:00Z,32.37,810.4
2020-08-04T06:30:00Z,37.18,1086.8
2020-08-04T07:00:00Z,31.390000000000004,1246.9
2020-08-04T07:30:00Z,34.48,1415.85
2020-08-04T08:00:00Z,33.11,1109.95
2020-08-04T08:30:00Z,31.699999999999996,1400.25
2020-08-04T09:00:00Z,31.849999999999998,1318.6
2020-08-04T09:30:00Z,32.36,1543.5
2020-08-04T10:00:00Z,34.39,997.5
2020-08-04T10:30:00Z,33.47,1046.15
2020-08-04T11:00:00Z,32.8,1232.65
2020-08-04T11:30:00Z,31.79,1259.75
2020-08-04T12:00:00Z,30.72,1300.5
2020-08-04T12:30:00Z,28.14,1386.4
2020-08-04T13:00:00Z,29.920000000000005,1201.5
2020-08-04T13:30:00Z,28.68,1272.4
2020-08-04T14:00:00Z,26.529999999999998,1297.45
2020-08-04T14:30:00Z,25.48,1522.3
2020-08-04T15:00:00Z,28.26,1422.55
2020-08-04T15:30:00Z,30.08,1669.8
2020-08-04T16:00:00Z,28.489999999999995,1336.2
2020-08-04T16:30:00Z,29.72,1108.65
2020-08-04T17:00:00Z,30.41,1272.9
2020-08-04T17:30:00Z,31.220000000000002,1360.8
2020-08-04T18:00:00Z,31.82,967.1
2020-08-04T18:30:00Z,28.63,848.85
2020-08-04T19:00:00Z,30.56,851.95
2020-08-04T19:30:00Z,27.05,881.5
2020-08-04T20:00:00Z,23.27,1230.55
2020-08-04T20:30:00Z,28.750000000000004,1295.85
2020-08-04T21:00:00Z,26.48,1092.75
2020-08-04T21:30:00Z,23.86,1181.5
2020-08-04T22:00:00Z,31.260000000000005,709.2
2020-08-04T22:30:00Z,15.06,628.95
2020-08-04T23:00:00Z,17.86,586.6
2020-08-04T23:30:00Z,10.36,596.5
2020-08-05T00:00:00Z,9.54,838.4
2020-08-05T00:30:00Z,6.94,766.05
2020-08-05T01:00:00Z,5.83,1043.95
2020-08-05T01:30:00Z,5.36,1091.4
2020-08-05T02:00:00Z,6.04,708.6
2020-08-05T02:30:00Z,6.24,759.1
2020-08-05T03:00:00Z,8.43,897.05
2020-08-05T03:30:00Z,10.97,752.0
2020-08-05T04:00:00Z,14.75,828.95
2020-08-05T04:30:00Z,17.52,714.85
2020-08-05T05:00:00Z,6.349999999999999,764.65
2020-08-05T05:30:00Z,10.73,1078.35
2020-08-05T06:00:00Z,21.79,1100.25
2020-08-05T06:30:00Z,35.13,953.3
2020-08-05T07:00:00Z,30.94,1628.6
2020-08-05T07:30:00Z,37.86,1940.9
2020-08-05T08:00:00Z,37.92,1768.3
2020-08-05T08:30:00Z,37.8,1865.85
2020-08-05T09:00:00Z,37.61,1755.0
2020-08-05T09:30:00Z,36.94,2310.2
2020-08-05T10:00:00Z,35.31,1782.25
2020-08-05T10:30:00Z,30.88,2190.3
2020-08-05T11:00:00Z,32.39,1980.6
2020-08-05T11:30:00Z,33.31,2204.8
2020-08-05T12:00:00Z,33.91,1902.85
2020-08-05T12:30:00Z,34.39,1809.25
2020-08-05T13:00:00Z,34.28,2015.55
2020-08-05T13:30:00Z,34.93,2246.75
2020-08-05T14:00:00Z,35.34,1723.55
2020-08-05T14:30:00Z,33.56,1638.0
2020-08-05T15:00:00Z,28.610000000000003,1622.25
2020-08-05T15:30:00Z,29.47,1825.45
2020-08-05T16:00:00Z,31.679999999999996,2200.55
2020-08-05T16:30:00Z,32.79,1824.25
2020-08-05T17:00:00Z,30.64,2192.55
2020-08-05T17:30:00Z,33.34,1930.7
2020-08-05T18:00:00Z,35.93,1373.9
2020-08-05T18:30:00Z,31.779999999999998,1293.45
2020-08-05T19:00:00Z,30.61,1315.3
2020-08-05T19:30:00Z,31.370000000000005,1416.65
2020-08-05T20:00:00Z,30.999999999999996,1073.3
2020-08-05T20:30:00Z,31.82,1172.4
2020-08-05T21:00:00Z,36.52,931.9
2020-08-05T21:30:00Z,33.63,1332.25
2020-08-05T22:00:00Z,35.21,649.4
2020-08-05T22:30:00Z,34.38,668.55
2020-08-05T23:00:00Z,34.16,517.85
2020-08-05T23:30:00Z,32.24,406.8
2020-08-06T00:00:00Z,30.88,491.4
2020-08-06T00:30:00Z,33.95,645.25
2020-08-06T01:00:00Z,32.74,581.7
2020-08-06T01:30:00Z,32.92,612.95
2020-08-06T02:00:00Z,34.09,538.65
2020-08-06T02:30:00Z,33.16,625.2
2020-08-06T03:00:00Z,34.09,430.8
2020-08-06T03:30:00Z,30.68,487.9
2020-08-06T04:00:00Z,34.64,355.55
2020-08-06T04:30:00Z,34.26,417.35
2020-08-06T05:00:00Z,37.15,649.95
2020-08-06T05:30:00Z,28.9,794.6
2020-08-06T06:00:00Z,16.42,1287.7
2020-08-06T06:30:00Z,35.93,1032.8
2020-08-06T07:00:00Z,33.89,1062.0
2020-08-06T07:30:00Z,36.27,849.9
2020-08-06T08:00:00Z,36.56,942.65
2020-08-06T08:30:00Z,37.04,907.8
2020-08-06T09:00:00Z,36.78,1011.35
2020-08-06T09:30:00Z,36.94,1215.4
2020-08-06T10:00:00Z,37.1,694.05
2020-08-06T10:30:00Z,36.14,713.6
2020-08-06T11:00:00Z,37.05,698.6
2020-08-06T11:30:00Z,36.47,735.5
2020-08-06T12:00:00Z,35.63,744.3
2020-08-06T12:30:00Z,35.03,815.45
2020-08-06T13:00:00Z,35.59,865.6
2020-08-06T13:30:00Z,31.69,1050.45
2020-08-06T14:00:00Z,28.46,852.35
2020-08-06T14:30:00Z,28.84,982.65
2020-08-06T15:00:00Z,30.76,903.6
2020-08-06T15:30:00Z,37.0,1051.9
2020-08-06T16:00:00Z,32.79,1524.15
2020-08-06T16:30:00Z,34.29,980.5
2020-08-06T17:00:00Z,42.39,1490.0
2020-08-06T17:30:00Z,42.85,1063.2
2020-08-06T18:00:00Z,39.34,1268.65
2020-08-06T18:30:00Z,38.54,1194.0
2020-08-06T19:00:00Z,42.49,1193.8
2020-08-06T19:30:00Z,41.34,1106.8
2020-08-06T20:00:00Z,39.61,1017.9
2020-08-06T20:30:00Z,38.32,989.25
2020-08-06T21:00:00Z,38.83,987.35
2020-08-06T21:30:00Z,36.04,991.9
2020-08-06T22:00:00Z,33.41,640.2
2020-08-06T22:30:00Z,32.72,573.55
2020-08-06T23:00:00Z,30.93,378.55
2020-08-06T23:30:00Z,28.42,328.6
2020-08-07T00:00:00Z,24.8,375.9
2020-08-07T00:30:00Z,24.19,361.0
2020-08-07T01:00:00Z,27.39,644.2
2020-08-07T01:30:00Z,26.98,581.5
2020-08-07T02:00:00Z,31.09,568.8
2020-08-07T02:30:00Z,30.36,616.65
2020-08-07T03:00:00Z,30.780000000000005,505.3
2020-08-07T03:30:00Z,29.64,668.1
2020-08-07T04:00:00Z,34.83,238.0
2020-08-07T04:30:00Z,33.75,393.45
2020-08-07T05:00:00Z,37.46,417.65
2020-08-07T05:30:00Z,36.59,752.55
2020-08-07T06:00:00Z,32.23,1158.95
2020-08-07T06:30:00Z,39.33,1109.2
2020-08-07T07:00:00Z,33.73,1044.95
2020-08-07T07:30:00Z,36.94,1287.0
2020-08-07T08:00:00Z,36.7,1126.95
2020-08-07T08:30:00Z,31.93,1367.7
2020-08-07T09:00:00Z,33.23,1258.8
2020-08-07T09:30:00Z,33.3,1281.35
2020-08-07T10:00:00Z,35.19,1004.65
2020-08-07T10:30:00Z,32.97,1327.55
2020-08-07T11:00:00Z,25.400000000000002,1780.8
2020-08-07T11:30:00Z,29.34,1377.25
2020-08-07T12:00:00Z,35.19,1414.1
2020-08-07T12:30:00Z,35.11,1561.25
2020-08-07T13:00:00Z,33.46,1715.75
2020-08-07T13:30:00Z,33.28,1888.45
2020-08-07T14:00:00Z,36.04,1066.2
2020-08-07T14:30:00Z,40.53,1279.95
2020-08-07T15:00:00Z,39.72,1006.35
2020-08-07T15:30:00Z,43.1,1085.45
2020-08-07T16:00:00Z,42.02,995.05
2020-08-07T16:30:00Z,40.81,941.5
2020-08-07T17:00:00Z,44.14,984.8
2020-08-07T17:30:00Z,42.8,964.65
2020-08-07T18:00:00Z,34.53,1185.75
2020-08-07T18:30:00Z,36.01,1149.7
2020-08-07T19:00:00Z,43.99,1083.35
2020-08-07T19:30:00Z,41.59,976.9
2020-08-07T20:00:00Z,38.38999999999999,855.9
2020-08-07T20:30:00Z,34.69,1004.0
2020-08-07T21:00:00Z,38.19,1052.45
2020-08-07T21:30:00Z,38.56,1256.55
2020-08-07T22:00:00Z,32.19,789.75
2020-08-07T22:30:00Z,41.07,313.75
2020-08-07T23:00:00Z,38.17,261.35
2020-08-07T23:30:00Z,36.14,236.85
2020-08-08T00:00:00Z,32.47,366.75
2020-08-08T00:30:00Z,31.65,300.6
2020-08-08T01:00:00Z,31.610000000000003,351.0
2020-08-08T01:30:00Z,28.13,426.45
2020-08-08T02:00:00Z,26.6,200.3
2020-08-08T02:30:00Z,25.09,243.15
2020-08-08T03:00:00Z,30.39,221.8
2020-08-08T03:30:00Z,30.68,316.1
2020-08-08T04:00:00Z,30.919999999999998,437.55
2020-08-08T04:30:00Z,28.459999999999997,301.6
2020-08-08T05:00:00Z,30.290000000000003,423.5
2020-08-08T05:30:00Z,31.1,444.65
2020-08-08T06:00:00Z,26.97,533.1
2020-08-08T06:30:00Z,27.58,881.8
2020-08-08T07:00:00Z,30.79,1039.6
2020-08-08T07:30:00Z,34.51,949.6
2020-08-08T08:00:00Z,35.78,835.15
2020-08-08T08:30:00Z,35.43,934.65
2020-08-08T09:00:00Z,32.88,1044.0
2020-08-08T09:30:00Z,28.25,978.45
2020-08-08T10:00:00Z,25.33,966.05
2020-08-08T10:30:00Z,23.32,1217.1
2020-08-08T11:00:00Z,28.379999999999995,1201.9
2020-08-08T11:30:00Z,28.420000000000005,1153.55
2020-08-08T12:00:00Z,27.89,1132.45
2020-08-08T12:30:00Z,26.89,1321.05
2020-08-08T13:00:00Z,27.11,1067.75
2020-08-08T13:30:00Z,26.98,1193.25
2020-08-08T14:00:00Z,30.12,1027.35
2020-08-08T14:30:00Z,30.57,821.05
2020-08-08T15:00:00Z,29.830000000000002,1150.85
2020-08-08T15:30:00Z,33.1,1177.8
2020-08-08T16:00:00Z,38.67,741.35
2020-08-08T16:30:00Z,39.1,727.9
2020-08-08T17:00:00Z,40.06,725.75
2020-08-08T17:30:00Z,40.76,798.95
2020-08-08T18:00:00Z,37.07,1246.05
2020-08-08T18:30:00Z,37.67,953.75
2020-08-08T19:00:00Z,38.98,903.25
2020-08-08T19:30:00Z,39.09,964.95
2020-08-08T20:00:00Z,37.68,868.7
2020-08-08T20:30:00Z,37.57,896.0
2020-08-08T21:00:00Z,37.59,883.6
2020-08-08T21:30:00Z,38.18,1104.8
2020-08-08T22:00:00Z,35.18,386.55
2020-08-08T22:30:00Z,35.78,397.7
2020-08-08T23:00:00Z,35.84,365.25
2020-08-08T23:30:00Z,31.99,430.4
2020-08-09T00:00:00Z,28.53,455.3
2020-08-09T00:30:00Z,27.92,565.35
2020-08-09T01:00:00Z,28.28,395.55
2020-08-09T01:30:00Z,29.34,504.75
2020-08-09T02:00:00Z,28.05,395.35
2020-08-09T02:30:00Z,27.46,456.55
2020-08-09T03:00:00Z,27.75,500.0
2020-08-09T03:30:00Z,28.45,463.45
2020-08-09T04:00:00Z,26.29,624.1
2020-08-09T04:30:00Z,25.75,628.85
2020-08-09T05:00:00Z,28.04,676.85
2020-08-09T05:30:00Z,28.220000000000002,654.35
2020-08-09T06:00:00Z,29.72,442.0
2020-08-09T06:30:00Z,31.380000000000003,654.4
2020-08-09T07:00:00Z,27.11,603.4
2020-08-09T07:30:00Z,33.29,488.2
2020-08-09T08:00:00Z,36.26,621.6
2020-08-09T08:30:00Z,37.65,773.05
2020-08-09T09:00:00Z,38.76,934.6
2020-08-09T09:30:00Z,37.68,873.35
2020-08-09T10:00:00Z,37.68,1098.35
2020-08-09T10:30:00Z,37.32,1172.8
2020-08-09T11:00:00Z,38.29,1373.45
2020-08-09T11:30:00Z,36.5,1495.05
2020-08-09T12:00:00Z,34.99,891.85
2020-08-09T12:30:00Z,33.87,1007.3
2020-08-09T13:00:00Z,34.14,1124.0
2020-08-09T13:30:00Z,33.22,1080.3
2020-08-09T14:00:00Z,32.7,932.6
2020-08-09T14:30:00Z,32.4,1075.5
2020-08-09T15:00:00Z,34.24,935.3
2020-08-09T15:30:00Z,36.31,853.6
2020-08-09T16:00:00Z,38.24,1064.8
2020-08-09T16:30:00Z,39.36,1103.2
2020-08-09T17:00:00Z,40.47,1095.85
2020-08-09T17:30:00Z,40.35,986.2
2020-08-09T18:00:00Z,40.88,848.15
2020-08-09T18:30:00Z,41.37,893.7
2020-08-09T19:00:00Z,41.16,876.5
2020-08-09T19:30:00Z,42.31,921.2
2020-08-09T20:00:00Z,41.8,912.25
2020-08-09T20:30:00Z,42.25,1270.65
2020-08-09T21:00:00Z,42.7,1181.15
2020-08-09T21:30:00Z,43.36,1265.6
2020-08-09T22:00:00Z,41.83,636.4
2020-08-09T22:30:00Z,40.63,618.45
2020-08-09T23:00:00Z,36.34,323.35
2020-08-09T23:30:00Z,31.520000000000003,352.15
2020-08-10T00:00:00Z,31.349999999999998,285.8
2020-08-10T00:30:00Z,35.54,289.95
2020-08-10T01:00:00Z,29.4,307.25
2020-08-10T01:30:00Z,29.39,275.8
2020-08-10T02:00:00Z,27.36,326.95
2020-08-10T02:30:00Z,29.12,441.8
2020-08-10T03:00:00Z,28.99,277.45
2020-08-10T03:30:00Z,29.89,400.8
2020-08-10T04:00:00Z,43.36,387.8
2020-08-10T04:30:00Z,35.47,428.8
2020-08-10T05:00:00Z,43.21999999999999,428.65
2020-08-10T05:30:00Z,35.26,891.85
2020-08-10T06:00:00Z,28.93,1308.6
2020-08-10T06:30:00Z,40.4,1038.95
2020-08-10T07:00:00Z,40.16,1005.35
2020-08-10T07:30:00Z,42.97,951.7
2020-08-10T08:00:00Z,42.11,1188.15
2020-08-10T08:30:00Z,42.69,1440.4
2020-08-10T09:00:00Z,44.3,1440.6
2020-08-10T09:30:00Z,44.14,1476.5
2020-08-10T10:00:00Z,44.1,1054.95
2020-08-10T10:30:00Z,44.62,1148.15
2020-08-10T11:00:00Z,41.66,1291.05
2020-08-10T11:30:00Z,39.41,1345.4
2020-08-10T12:00:00Z,41.17,1594.6
2020-08-10T12:30:00Z,40.419999999999995,1658.25
2020-08-10T13:00:00Z,40.9,1527.75
2020-08-10T13:30:00Z,40.73,1749.1
2020-08-10T14:00:00Z,45.85,962.2
2020-08-10T14:30:00Z,47.19,1036.8
2020-08-10T15:00:00Z,49.16,1111.6
2020-08-10T15:30:00Z,50.49,1187.35
2020-08-10T16:00:00Z,50.400000000000006,1416.9
2020-08-10T16:30:00Z,51.0,1624.95
2020-08-10T17:00:00Z,48.55,1954.5
2020-08-10T17:30:00Z,47.07,1902.15
2020-08-10T18:00:00Z,48.16,1499.25
2020-08-10T18:30:00Z,47.97,1488.45
2020-08-10T19:00:00Z,45.33,1528.3
2020-08-10T19:30:00Z,45.2,1762.05
2020-08-10T20:00:00Z,47.07,1192.4
2020-08-10T20:30:00Z,48.45,1669.25
2020-08-10T21:00:00Z,48.41,1733.95
2020-08-10T21:30:00Z,41.90999999999999,1695.85
2020-08-10T22:00:00Z,26.569999999999997,646.9
2020-08-10T22:30:00Z,26.33,746.45
2020-08-10T23:00:00Z,28.53,884.6
2020-08-10T23:30:00Z,30.13,586.15
2020-08-11T00:00:00Z,33.77,513.25
2020-08-11T00:30:00Z,33.73,653.9
2020-08-11T01:00:00Z,27.669999999999998,592.4
2020-08-11T01:30:00Z,29.09,523.1
2020-08-11T02:00:00Z,26.839999999999996,476.2
2020-08-11T02:30:00Z,27.24,503.6
2020-08-11T03:00:00Z,28.2,553.9
2020-08-11T03:30:00Z,27.81,499.3
2020-08-11T04:00:00Z,28.86,486.05
2020-08-11T04:30:00Z,30.34,568.35
2020-08-11T05:00:00Z,31.73,723.2
2020-08-11T05:30:00Z,31.75,1171.9
2020-08-11T06:00:00Z,35.06,1060.3
2020-08-11T06:30:00Z,41.64,812.45
2020-08-11T07:00:00Z,31.97,978.9
2020-08-11T07:30:00Z,40.99,861.9
2020-08-11T08:00:00Z,39.47,1054.1
2020-08-11T08:30:00Z,40.29,999.15
2020-08-11T09:00:00Z,39.48,1059.0
2020-08-11T09:30:00Z,35.91,1231.7
2020-08-11T10:00:00Z,36.15,1006.75
2020-08-11T10:30:00Z,35.21,1150.9
2020-08-11T11:00:00Z,36.59,1057.1
2020-08-11T11:30:00Z,37.02,1151.75
2020-08-11T12:00:00Z,36.33,1281.45
2020-08-11T12:30:00Z,35.29,1411.0
2020-08-11T13:00:00Z,37.26,1367.4
2020-08-11T13:30:00Z,37.15,1289.2
2020-08-11T14:00:00Z,40.02,1147.05
2020-08-11T14:30:00Z,42.99,1181.0
2020-08-11T15:00:00Z,47.28,1111.2
2020-08-11T15:30:00Z,52.36,1388.35
2020-08-11T16:00:00Z,57.29,1640.15
2020-08-11T16:30:00Z,61.5,1372.15
2020-08-11T17:00:00Z,63.459999999999994,1410.7
2020-08-11T17:30:00Z,64.28,1455.4
2020-08-11T18:00:00Z,60.27,991.95
2020-08-11T18:30:00Z,59.2,851.65
2020-08-11T19:00:00Z,60.18,835.4
2020-08-11T19:30:00Z,59.52,732.65
2020-08-11T20:00:00Z,62.38999999999999,816.9
2020-08-11T20:30:00Z,59.35723616332954,571.85
2020-08-11T21:00:00Z,60.91,654.8
2020-08-11T21:30:00Z,53.540000000000006,924.2
2020-08-11T22:00:00Z,28.4,475.55
2020-08-11T22:30:00Z,24.82,551.0
2020-08-11T23:00:00Z,31.4,480.15
2020-08-11T23:30:00Z,32.57,372.5
2020-08-12T00:00:00Z,34.76,486.8
2020-08-12T00:30:00Z,34.57,438.15
2020-08-12T01:00:00Z,31.66,435.8
2020-08-12T01:30:00Z,28.38,413.7
2020-08-12T02:00:00Z,26.340000000000003,459.45
2020-08-12T02:30:00Z,29.09,354.1
2020-08-12T03:00:00Z,32.35,340.05
2020-08-12T03:30:00Z,31.12,446.9
2020-08-12T04:00:00Z,30.53,431.9
2020-08-12T04:30:00Z,29.76,307.4
2020-08-12T05:00:00Z,30.88,689.8
2020-08-12T05:30:00Z,30.63,574.45
2020-08-12T06:00:00Z,20.32,799.85
2020-08-12T06:30:00Z,32.57,705.4
2020-08-12T07:00:00Z,28.86,817.3
2020-08-12T07:30:00Z,33.46,739.05
2020-08-12T08:00:00Z,31.379999999999995,962.55
2020-08-12T08:30:00Z,28.52,1175.7
2020-08-12T09:00:00Z,37.26,1193.2
2020-08-12T09:30:00Z,41.91,1164.8
2020-08-12T10:00:00Z,29.69,989.15
2020-08-12T10:30:00Z,29.07,891.4
2020-08-12T11:00:00Z,36.69,1068.1
2020-08-12T11:30:00Z,38.09,1090.0
2020-08-12T12:00:00Z,42.21000000000001,1553.3
2020-08-12T12:30:00Z,38.05,1632.2
2020-08-12T13:00:00Z,36.37,1362.3
2020-08-12T13:30:00Z,35.32,1562.25
2020-08-12T14:00:00Z,44.76,1774.05
2020-08-12T14:30:00Z,49.36,1809.9
2020-08-12T15:00:00Z,49.97,1852.0
2020-08-12T15:30:00Z,52.25,2214.6
2020-08-12T16:00:00Z,52.19,2016.8
2020-08-12T16:30:00Z,53.83,1688.8
2020-08-12T17:00:00Z,49.17,1955.85
2020-08-12T17:30:00Z,47.230000000000004,1946.7
2020-08-12T18:00:00Z,38.74,1068.4
2020-08-12T18:30:00Z,40.87,1111.55
2020-08-12T19:00:00Z,43.6,955.8
2020-08-12T19:30:00Z,39.93,858.85
2020-08-12T20:00:00Z,45.55,1024.1
2020-08-12T20:30:00Z,37.57,997.15
2020-08-12T21:00:00Z,36.66,1092.8
2020-08-12T21:30:00Z,34.22,1036.3
2020-08-12T22:00:00Z,31.42,732.8
2020-08-12T22:30:00Z,27.44,496.95
2020-08-12T23:00:00Z,26.51,464.25
2020-08-12T23:30:00Z,26.69,567.2
2020-08-13T00:00:00Z,24.18,539.3
2020-08-13T00:30:00Z,27.060000000000002,625.05
2020-08-13T01:00:00Z,24.39,578.2
2020-08-13T01:30:00Z,19.09,580.2
2020-08-13T02:00:00Z,25.03,494.65
2020-08-13T02:30:00Z,22.94,470.25
2020-08-13T03:00:00Z,27.72,586.4
2020-08-13T03:30:00Z,26.2,577.3
2020-08-13T04:00:00Z,31.189999999999998,528.0
2020-08-13T04:30:00Z,30.99,538.0
2020-08-13T05:00:00Z,30.7,832.1
2020-08-13T05:30:00Z,30.81,615.7
2020-08-13T06:00:00Z,33.75,932.2
2020-08-13T06:30:00Z,40.980000000000004,846.9
2020-08-13T07:00:00Z,34.79,759.1
2020-08-13T07:30:00Z,40.95,747.55
2020-08-13T08:00:00Z,38.36,1112.1
2020-08-13T08:30:00Z,39.330000000000005,886.4
2020-08-13T09:00:00Z,40.4,877.35
2020-08-13T09:30:00Z,40.56,1073.05
2020-08-13T10:00:00Z,41.02,823.85
2020-08-13T10:30:00Z,39.43,1009.15
2020-08-13T11:00:00Z,39.96,938.3
2020-08-13T11:30:00Z,40.97999999999999,818.2
2020-08-13T12:00:00Z,41.84,1013.15
2020-08-13T12:30:00Z,42.33,1239.7
2020-08-13T13:00:00Z,42.31,1195.65
2020-08-13T13:30:00Z,37.7,1387.4
2020-08-13T14:00:00Z,38.34,1311.45
2020-08-13T14:30:00Z,40.53,1282.2
2020-08-13T15:00:00Z,40.36,1159.65
2020-08-13T15:30:00Z,42.8,1090.6
2020-08-13T16:00:00Z,40.2,1666.25
2020-08-13T16:30:00Z,45.57,1498.3
2020-08-13T17:00:00Z,46.48,1447.65
2020-08-13T17:30:00Z,46.49,1422.75
2020-08-13T18:00:00Z,40.02000000000001,857.75
2020-08-13T18:30:00Z,35.69,977.55
2020-08-13T19:00:00Z,44.24,990.85
2020-08-13T19:30:00Z,40.81,904.45
2020-08-13T20:00:00Z,39.57,939.9
2020-08-13T20:30:00Z,35.53,844.5
2020-08-13T21:00:00Z,37.26,831.95
2020-08-13T21:30:00Z,29.59,1077.8
2020-08-13T22:00:00Z,31.99,494.35
2020-08-13T22:30:00Z,27.06,451.75
2020-08-13T23:00:00Z,28.65,410.4
2020-08-13T23:30:00Z,28.97,446.6
2020-08-14T00:00:00Z,28.34,644.5
2020-08-14T00:30:00Z,30.38,439.8
2020-08-14T01:00:00Z,29.77,492.2
2020-08-14T01:30:00Z,29.319999999999997,598.25
2020-08-14T02:00:00Z,28.499999999999996,372.95
2020-08-14T02:30:00Z,27.42,351.65
2020-08-14T03:00:00Z,27.67,303.0
2020-08-14T03:30:00Z,27.369999999999997,476.95
2020-08-14T04:00:00Z,27.74,447.85
2020-08-14T04:30:00Z,26.27,464.35
2020-08-14T05:00:00Z,28.96,625.65
2020-08-14T05:30:00Z,31.31,774.55
2020-08-14T06:00:00Z,29.58,1232.45
2020-08-14T06:30:00Z,40.40999999999999,921.0
2020-08-14T07:00:00Z,36.61,918.35
2020-08-14T07:30:00Z,46.29,1021.2
2020-08-14T08:00:00Z,45.04999999999999,878.0
2020-08-14T08:30:00Z,45.07,792.35
2020-08-14T09:00:00Z,44.8,1167.85
2020-08-14T09:30:00Z,46.58,931.7
2020-08-14T10:00:00Z,46.970000000000006,826.15
2020-08-14T10:30:00Z,46.75999999999999,848.4
2020-08-14T11:00:00Z,44.84,1018.25
2020-08-14T11:30:00Z,40.65,978.85
2020-08-14T12:00:00Z,37.16,1250.9
2020-08-14T12:30:00Z,31.629999999999995,1396.2
2020-08-14T13:00:00Z,34.27,1194.0
2020-08-14T13:30:00Z,34.74,1531.4
2020-08-14T14:00:00Z,29.64,896.65
2020-08-14T14:30:00Z,30.75,786.7
2020-08-14T15:00:00Z,34.4,922.5
2020-08-14T15:30:00Z,38.46,873.85
2020-08-14T16:00:00Z,38.68999999999999,911.3
2020-08-14T16:30:00Z,38.74,822.25
2020-08-14T17:00:00Z,43.580000000000005,890.15
2020-08-14T17:30:00Z,44.7,885.45
2020-08-14T18:00:00Z,39.61,761.4
2020-08-14T18:30:00Z,38.43,665.1
2020-08-14T19:00:00Z,43.14,780.4
2020-08-14T19:30:00Z,41.34,795.95
2020-08-14T20:00:00Z,44.88,976.9
2020-08-14T20:30:00Z,42.2,912.7
2020-08-14T21:00:00Z,34.87,1122.95
2020-08-14T21:30:00Z,37.06,1103.75
2020-08-14T22:00:00Z,38.19,1092.2
2020-08-14T22:30:00Z,36.55,627.0
2020-08-14T23:00:00Z,33.85,695.55
2020-08-14T23:30:00Z,32.92,683.45
2020-08-15T00:00:00Z,32.17,470.7
2020-08-15T00:30:00Z,32.89,436.9
2020-08-15T01:00:00Z,32.77,579.2
2020-08-15T01:30:00Z,32.44,529.75
2020-08-15T02:00:00Z,33.91,552.55
2020-08-15T02:30:00Z,32.11,674.75
2020-08-15T03:00:00Z,31.55,631.3
2020-08-15T03:30:00Z,29.77,479.7
2020-08-15T04:00:00Z,31.11,549.8
2020-08-15T04:30:00Z,31.12,495.45
2020-08-15T05:00:00Z,32.72,511.75
2020-08-15T05:30:00Z,32.3,813.3
2020-08-15T06:00:00Z,30.89,1112.5
2020-08-15T06:30:00Z,31.55,1011.95
2020-08-15T07:00:00Z,26.8,952.2
2020-08-15T07:30:00Z,34.16,925.0
2020-08-15T08:00:00Z,41.12,643.15
2020-08-15T08:30:00Z,41.93,791.3
2020-08-15T09:00:00Z,41.06,770.7
2020-08-15T09:30:00Z,40.96,875.75
2020-08-15T10:00:00Z,43.18,569.35
2020-08-15T10:30:00Z,44.26,652.45
2020-08-15T11:00:00Z,45.26,771.5
2020-08-15T11:30:00Z,45.06,774.2
2020-08-15T12:00:00Z,44.07,766.3
2020-08-15T12:30:00Z,42.48,773.25
2020-08-15T13:00:00Z,40.67,735.65
2020-08-15T13:30:00Z,39.25,821.45
2020-08-15T14:00:00Z,38.97,679.9
2020-08-15T14:30:00Z,39.98,677.2
2020-08-15T15:00:00Z,43.2,572.3
2020-08-15T15:30:00Z,48.38999999999999,848.25
2020-08-15T16:00:00Z,46.05,870.95
2020-08-15T16:30:00Z,47.24000000000001,824.05
2020-08-15T17:00:00Z,49.79,841.0
2020-08-15T17:30:00Z,51.59,949.0
2020-08-15T18:00:00Z,49.07000000000001,874.8
2020-08-15T18:30:00Z,46.21,711.35
2020-08-15T19:00:00Z,48.96,990.4
2020-08-15T19:30:00Z,45.36,1096.75
2020-08-15T20:00:00Z,45.83,877.35
2020-08-15T20:30:00Z,42.71,832.2
2020-08-15T21:00:00Z,34.91,1076.15
2020-08-15T21:30:00Z,36.01,1151.9
2020-08-15T22:00:00Z,32.52,747.35
2020-08-15T22:30:00Z,35.84,458.05
2020-08-15T23:00:00Z,34.57,231.4
2020-08-15T23:30:00Z,32.66,357.0
2020-08-16T00:00:00Z,34.34,250.2
2020-08-16T00:30:00Z,33.81,321.55
2020-08-16T01:00:00Z,35.03,299.85
2020-08-16T01:30:00Z,35.52,268.35
2020-08-16T02:00:00Z,32.51,281.95
2020-08-16T02:30:00Z,32.17,237.05
2020-08-16T03:00:00Z,31.3,195.6
2020-08-16T03:30:00Z,31.26,204.95
2020-08-16T04:00:00Z,29.929999999999996,401.9
2020-08-16T04:30:00Z,29.74,424.65
2020-08-16T05:00:00Z,32.42,308.0
2020-08-16T05:30:00Z,33.09,352.85
2020-08-16T06:00:00Z,30.82,611.55
2020-08-16T06:30:00Z,30.28,618.05
2020-08-16T07:00:00Z,26.96,599.35
2020-08-16T07:30:00Z,29.5,599.6
2020-08-16T08:00:00Z,28.22,553.25
2020-08-16T08:30:00Z,26.47,854.7
2020-08-16T09:00:00Z,32.26,619.25
2020-08-16T09:30:00Z,33.91,927.85
2020-08-16T10:00:00Z,37.59,588.3
2020-08-16T10:30:00Z,37.26,811.65
2020-08-16T11:00:00Z,38.84,613.65
2020-08-16T11:30:00Z,38.82,578.6
2020-08-16T12:00:00Z,39.43,520.6
2020-08-16T12:30:00Z,40.33,754.45
2020-08-16T13:00:00Z,39.8,656.95
2020-08-16T13:30:00Z,38.71,677.8
2020-08-16T14:00:00Z,39.72,654.8
2020-08-16T14:30:00Z,40.88,739.5
2020-08-16T15:00:00Z,45.44,733.9
2020-08-16T15:30:00Z,50.79,1054.6
2020-08-16T16:00:00Z,50.31,1019.8
2020-08-16T16:30:00Z,48.45,977.75
2020-08-16T17:00:00Z,51.56,1253.5
2020-08-16T17:30:00Z,51.99,1009.9
2020-08-16T18:00:00Z,52.26,908.95
2020-08-16T18:30:00Z,50.92000000000001,807.45
2020-08-16T19:00:00Z,51.54,761.6
2020-08-16T19:30:00Z,50.32000000000001,755.75
2020-08-16T20:00:00Z,50.70000000000001,776.75
2020-08-16T20:30:00Z,48.7,771.9
2020-08-16T21:00:00Z,38.55,915.0
2020-08-16T21:30:00Z,36.75,685.85
2020-08-16T22:00:00Z,34.87,822.25
2020-08-16T22:30:00Z,35.07,539.85
2020-08-16T23:00:00Z,32.22,250.1
2020-08-16T23:30:00Z,32.43,308.9
2020-08-17T00:00:00Z,33.07,380.45
2020-08-17T00:30:00Z,32.44,376.4
2020-08-17T01:00:00Z,32.85,388.05
2020-08-17T01:30:00Z,32.24,307.4
2020-08-17T02:00:00Z,31.280000000000005,267.95
2020-08-17T02:30:00Z,30.48,417.7
2020-08-17T03:00:00Z,29.42,501.35
2020-08-17T03:30:00Z,29.0,439.7
2020-08-17T04:00:00Z,31.01,389.3
2020-08-17T04:30:00Z,29.72,706.05
2020-08-17T05:00:00Z,34.43,754.45
2020-08-17T05:30:00Z,29.46,733.25
2020-08-17T06:00:00Z,30.18,1338.35
2020-08-17T06:30:00Z,45.470000000000006,887.4
2020-08-17T07:00:00Z,40.84,980.4
2020-08-17T07:30:00Z,44.41,850.2
2020-08-17T08:00:00Z,44.14,1012.55
2020-08-17T08:30:00Z,49.08,1119.45
2020-08-17T09:00:00Z,48.85,1556.85
2020-08-17T09:30:00Z,46.71,1504.0
2020-08-17T10:00:00Z,41.99,1123.0
2020-08-17T10:30:00Z,48.73,1723.85
2020-08-17T11:00:00Z,51.980000000000004,1719.2
2020-08-17T11:30:00Z,48.93999999999999,1705.85
2020-08-17T12:00:00Z,44.0,1811.25
2020-08-17T12:30:00Z,41.79999999999999,1705.85
2020-08-17T13:00:00Z,43.57,1533.0
2020-08-17T13:30:00Z,43.64,1415.15
2020-08-17T14:00:00Z,39.21,1323.15
2020-08-17T14:30:00Z,38.26,1424.15
2020-08-17T15:00:00Z,40.24,1804.3
2020-08-17T15:30:00Z,47.11999999999999,1674.25
2020-08-17T16:00:00Z,53.1,2084.9
2020-08-17T16:30:00Z,57.03,2316.5
2020-08-17T17:00:00Z,56.81,1978.5
2020-08-17T17:30:00Z,55.67,1808.1
2020-08-17T18:00:00Z,50.75000000000001,1803.95
2020-08-17T18:30:00Z,48.92999999999999,1663.5
2020-08-17T19:00:00Z,47.26,1942.05
2020-08-17T19:30:00Z,48.59,1569.45
2020-08-17T20:00:00Z,48.59,1082.25
2020-08-17T20:30:00Z,35.78,1015.35
2020-08-17T21:00:00Z,40.35,1016.65
2020-08-17T21:30:00Z,33.54,1202.75
2020-08-17T22:00:00Z,34.5,695.4
2020-08-17T22:30:00Z,30.98,790.4
2020-08-17T23:00:00Z,32.38,391.5
2020-08-17T23:30:00Z,31.29,675.1
2020-08-18T00:00:00Z,31.209999999999997,390.95
2020-08-18T00:30:00Z,32.99,644.75
2020-08-18T01:00:00Z,31.62,552.85
2020-08-18T01:30:00Z,26.840000000000003,428.55
2020-08-18T02:00:00Z,29.600000000000005,640.3
2020-08-18T02:30:00Z,24.810000000000002,331.95
2020-08-18T03:00:00Z,30.35,570.3
2020-08-18T03:30:00Z,31.16,618.9
2020-08-18T04:00:00Z,32.65,540.25
2020-08-18T04:30:00Z,31.35,459.35
2020-08-18T05:00:00Z,32.68,548.35
2020-08-18T05:30:00Z,34.93,533.05
2020-08-18T06:00:00Z,34.78,1152.7
2020-08-18T06:30:00Z,44.99,1006.1
2020-08-18T07:00:00Z,39.57,931.4
2020-08-18T07:30:00Z,44.84,1254.9
2020-08-18T08:00:00Z,36.97,1069.05
2020-08-18T08:30:00Z,35.97,1701.7
2020-08-18T09:00:00Z,40.11,1205.15
2020-08-18T09:30:00Z,38.28,1448.75
2020-08-18T10:00:00Z,34.48,1349.7
2020-08-18T10:30:00Z,33.6,1763.1
2020-08-18T11:00:00Z,33.69,1261.0
2020-08-18T11:30:00Z,33.27,1311.8
2020-08-18T12:00:00Z,35.69,1565.85
2020-08-18T12:30:00Z,32.7,1510.45
2020-08-18T13:00:00Z,31.67,1468.25
2020-08-18T13:30:00Z,31.17,1709.2
2020-08-18T14:00:00Z,29.539999999999996,1206.7
2020-08-18T14:30:00Z,30.55,1241.05
2020-08-18T15:00:00Z,28.75,1504.8
2020-08-18T15:30:00Z,37.99,1054.55
2020-08-18T16:00:00Z,37.27,1414.05
2020-08-18T16:30:00Z,43.81,1305.6
2020-08-18T17:00:00Z,48.86,1337.45
2020-08-18T17:30:00Z,39.76,1631.15
2020-08-18T18:00:00Z,42.88,1253.2
2020-08-18T18:30:00Z,41.48,1019.0
2020-08-18T19:00:00Z,41.68,1105.85
2020-08-18T19:30:00Z,50.34000000000001,845.85
2020-08-18T20:00:00Z,47.12,954.95
2020-08-18T20:30:00Z,44.64,680.0
2020-08-18T21:00:00Z,46.71,735.3
2020-08-18T21:30:00Z,34.16,852.0
2020-08-18T22:00:00Z,34.02,582.2
2020-08-18T22:30:00Z,36.3,307.7
2020-08-18T23:00:00Z,38.33,273.05
2020-08-18T23:30:00Z,35.93000000000001,486.65
2020-08-19T00:00:00Z,33.48,646.4
2020-08-19T00:30:00Z,34.2,535.65
2020-08-19T01:00:00Z,33.03,346.1
2020-08-19T01:30:00Z,32.53,496.95
2020-08-19T02:00:00Z,32.98,292.6
2020-08-19T02:30:00Z,34.09,386.05
2020-08-19T03:00:00Z,33.37,418.7
2020-08-19T03:30:00Z,32.38,436.7
2020-08-19T04:00:00Z,37.24,299.5
2020-08-19T04:30:00Z,38.28,386.85
2020-08-19T05:00:00Z,39.42,488.65
2020-08-19T05:30:00Z,39.43,601.0
2020-08-19T06:00:00Z,35.5,986.3
2020-08-19T06:30:00Z,47.89,877.5
2020-08-19T07:00:00Z,48.37,1280.25
2020-08-19T07:30:00Z,51.25999999999999,1436.8
2020-08-19T08:00:00Z,55.58,1005.4
2020-08-19T08:30:00Z,55.64,1210.1
2020-08-19T09:00:00Z,58.06,1572.8
2020-08-19T09:30:00Z,56.03,1725.6
2020-08-19T10:00:00Z,57.28,1014.3
2020-08-19T10:30:00Z,51.15,1242.85
2020-08-19T11:00:00Z,49.13,1131.5
2020-08-19T11:30:00Z,46.46,981.2
2020-08-19T12:00:00Z,42.04,1004.6
2020-08-19T12:30:00Z,36.27,1198.25
2020-08-19T13:00:00Z,34.76,1359.6
2020-08-19T13:30:00Z,33.76,1249.25
2020-08-19T14:00:00Z,34.54,1650.85
2020-08-19T14:30:00Z,32.11,1519.75
2020-08-19T15:00:00Z,36.23,1428.7
2020-08-19T15:30:00Z,37.68,1573.45
2020-08-19T16:00:00Z,38.73,1526.15
2020-08-19T16:30:00Z,39.42,1509.95
2020-08-19T17:00:00Z,43.81,1423.6
2020-08-19T17:30:00Z,41.9,1322.1
2020-08-19T18:00:00Z,40.75,1603.4
2020-08-19T18:30:00Z,39.61,1374.35
2020-08-19T19:00:00Z,39.45000000000001,1663.05
2020-08-19T19:30:00Z,39.16,1816.1
2020-08-19T20:00:00Z,34.98,2223.1
2020-08-19T20:30:00Z,36.94,1646.95
2020-08-19T21:00:00Z,35.44,1940.0
2020-08-19T21:30:00Z,36.52,1887.3
2020-08-19T22:00:00Z,32.34,893.7
2020-08-19T22:30:00Z,27.08,711.25
2020-08-19T23:00:00Z,33.67,564.35
2020-08-19T23:30:00Z,18.1,668.9
2020-08-20T00:00:00Z,24.07,855.8
2020-08-20T00:30:00Z,18.41,923.8
2020-08-20T01:00:00Z,22.61,892.1
2020-08-20T01:30:00Z,18.08,963.2
2020-08-20T02:00:00Z,24.13,842.2
2020-08-20T02:30:00Z,19.36,721.85
2020-08-20T03:00:00Z,18.799999999999997,874.45
2020-08-20T03:30:00Z,19.81,699.45
2020-08-20T04:00:00Z,18.2,688.7
2020-08-20T04:30:00Z,31.479999999999997,656.95
2020-08-20T05:00:00Z,34.66,668.4
2020-08-20T05:30:00Z,39.75,843.15
2020-08-20T06:00:00Z,32.98,1537.9
2020-08-20T06:30:00Z,40.28,1151.9
2020-08-20T07:00:00Z,39.9,1803.4
2020-08-20T07:30:00Z,41.57,1230.4
2020-08-20T08:00:00Z,41.36,1323.75
2020-08-20T08:30:00Z,41.71,1489.8
2020-08-20T09:00:00Z,41.75,1636.45
2020-08-20T09:30:00Z,41.35,1862.25
2020-08-20T10:00:00Z,38.21,1567.35
2020-08-20T10:30:00Z,36.24,1671.3
2020-08-20T11:00:00Z,35.66,1375.75
2020-08-20T11:30:00Z,33.34,1626.85
2020-08-20T12:00:00Z,31.18,1270.9
2020-08-20T12:30:00Z,30.449999999999996,1185.3
2020-08-20T13:00:00Z,31.97,1530.0
2020-08-20T13:30:00Z,29.809999999999995,1863.1
2020-08-20T14:00:00Z,31.85,1932.15
2020-08-20T14:30:00Z,29.53,1781.1
2020-08-20T15:00:00Z,37.29,1697.9
2020-08-20T15:30:00Z,35.78,1878.65
2020-08-20T16:00:00Z,39.6,1774.5
2020-08-20T16:30:00Z,45.47,2166.2
2020-08-20T17:00:00Z,50.76,1712.8
2020-08-20T17:30:00Z,52.11,2083.9
2020-08-20T18:00:00Z,49.9,1823.7
2020-08-20T18:30:00Z,48.97,1698.1
2020-08-20T19:00:00Z,48.73,1239.35
2020-08-20T19:30:00Z,50.11,1280.55
2020-08-20T20:00:00Z,50.83,1152.9
2020-08-20T20:30:00Z,48.15,1289.95
2020-08-20T21:00:00Z,48.78,1256.75
2020-08-20T21:30:00Z,43.67,1446.05
2020-08-20T22:00:00Z,35.34,1040.8
2020-08-20T22:30:00Z,39.72,742.4
2020-08-20T23:00:00Z,47.17,534.7
2020-08-20T23:30:00Z,41.85,655.8
2020-08-21T00:00:00Z,40.16,767.7
2020-08-21T00:30:00Z,37.54,961.75
2020-08-21T01:00:00Z,39.29,797.0
2020-08-21T01:30:00Z,35.14,1053.95
2020-08-21T02:00:00Z,35.59,1034.95
2020-08-21T02:30:00Z,34.1,974.45
2020-08-21T03:00:00Z,31.38,1002.15
2020-08-21T03:30:00Z,26.67,1153.0
2020-08-21T04:00:00Z,23.95,933.95
2020-08-21T04:30:00Z,24.77,932.45
2020-08-21T05:00:00Z,26.75,710.7
2020-08-21T05:30:00Z,39.74,1052.0
2020-08-21T06:00:00Z,33.48,1672.95
2020-08-21T06:30:00Z,42.7,1168.4
2020-08-21T07:00:00Z,39.33,1227.85
2020-08-21T07:30:00Z,43.15,1392.65
2020-08-21T08:00:00Z,44.31,1057.8
2020-08-21T08:30:00Z,43.58,1480.35
2020-08-21T09:00:00Z,40.44,1576.2
2020-08-21T09:30:00Z,38.4,1672.75
2020-08-21T10:00:00Z,35.89,1953.55
2020-08-21T10:30:00Z,37.2,2030.8
2020-08-21T11:00:00Z,37.29,1925.75
2020-08-21T11:30:00Z,36.25,1951.3
2020-08-21T12:00:00Z,34.51,2048.7
2020-08-21T12:30:00Z,34.31,1946.3
2020-08-21T13:00:00Z,36.79,2109.8
2020-08-21T13:30:00Z,35.92,1918.1
2020-08-21T14:00:00Z,42.21,1047.0
2020-08-21T14:30:00Z,43.01,1393.85
2020-08-21T15:00:00Z,41.4,1583.3
2020-08-21T15:30:00Z,42.04,1406.55
2020-08-21T16:00:00Z,44.11,1621.2
2020-08-21T16:30:00Z,44.41,1442.95
2020-08-21T17:00:00Z,44.77,1715.45
2020-08-21T17:30:00Z,44.54,1679.55
2020-08-21T18:00:00Z,43.59,1374.15
2020-08-21T18:30:00Z,43.34,1158.95
2020-08-21T19:00:00Z,43.08,1008.35
2020-08-21T19:30:00Z,43.88,1118.05
2020-08-21T20:00:00Z,43.620000000000005,842.1
2020-08-21T20:30:00Z,41.76,929.05
2020-08-21T21:00:00Z,40.74,1097.9
2020-08-21T21:30:00Z,37.68,701.5
2020-08-21T22:00:00Z,31.79,604.65
2020-08-21T22:30:00Z,24.36,477.85
2020-08-21T23:00:00Z,30.24,343.35
2020-08-21T23:30:00Z,19.11,417.65
2020-08-22T00:00:00Z,22.91,328.9
2020-08-22T00:30:00Z,16.61,440.7
2020-08-22T01:00:00Z,16.95,474.75
2020-08-22T01:30:00Z,26.76,750.95
2020-08-22T02:00:00Z,25.31,605.95
2020-08-22T02:30:00Z,28.98,760.95
2020-08-22T03:00:00Z,28.39,818.25
2020-08-22T03:30:00Z,26.1,706.2
2020-08-22T04:00:00Z,26.78,575.1
2020-08-22T04:30:00Z,28.62,671.55
2020-08-22T05:00:00Z,28.76,633.2
2020-08-22T05:30:00Z,30.61,627.3
2020-08-22T06:00:00Z,23.39,1492.1
2020-08-22T06:30:00Z,36.27,581.95
2020-08-22T07:00:00Z,35.3,1098.75
2020-08-22T07:30:00Z,38.18,971.85
2020-08-22T08:00:00Z,34.55,795.4
2020-08-22T08:30:00Z,35.01,1060.0
2020-08-22T09:00:00Z,37.01,923.55
2020-08-22T09:30:00Z,37.16,1038.6
2020-08-22T10:00:00Z,36.43,1254.65
2020-08-22T10:30:00Z,34.99,1162.55
2020-08-22T11:00:00Z,32.22,1051.65
2020-08-22T11:30:00Z,27.549999999999997,1195.85
2020-08-22T12:00:00Z,23.89,1659.45
2020-08-22T12:30:00Z,21.12,1939.15
2020-08-22T13:00:00Z,22.01,1694.45
2020-08-22T13:30:00Z,18.11,2070.6
2020-08-22T14:00:00Z,17.76,1354.05
2020-08-22T14:30:00Z,19.52,1227.7
2020-08-22T15:00:00Z,24.67,1486.9
2020-08-22T15:30:00Z,30.51,1625.5
2020-08-22T16:00:00Z,38.22,1334.8
2020-08-22T16:30:00Z,41.23,943.1
2020-08-22T17:00:00Z,45.18,1058.95
2020-08-22T17:30:00Z,46.67,1091.85
2020-08-22T18:00:00Z,49.84,912.9
2020-08-22T18:30:00Z,49.76,855.5
2020-08-22T19:00:00Z,49.58,730.75
2020-08-22T19:30:00Z,49.970000000000006,752.0
2020-08-22T20:00:00Z,50.05,969.15
2020-08-22T20:30:00Z,49.97,1123.45
2020-08-22T21:00:00Z,49.76,1232.4
2020-08-22T21:30:00Z,41.38,1137.4
2020-08-22T22:00:00Z,41.83,553.15
2020-08-22T22:30:00Z,25.68,380.65
2020-08-22T23:00:00Z,20.41,454.25
2020-08-22T23:30:00Z,18.75,406.75
2020-08-23T00:00:00Z,17.5,420.7
2020-08-23T00:30:00Z,18.09,616.8
2020-08-23T01:00:00Z,18.27,387.45
2020-08-23T01:30:00Z,16.55,593.2
2020-08-23T02:00:00Z,13.85,790.25
2020-08-23T02:30:00Z,15.57,536.75
2020-08-23T03:00:00Z,12.85,720.55
2020-08-23T03:30:00Z,14.85,489.6
2020-08-23T04:00:00Z,14.13,638.75
2020-08-23T04:30:00Z,17.93,633.75
2020-08-23T05:00:00Z,26.499999999999996,680.8
2020-08-23T05:30:00Z,30.72,782.65
2020-08-23T06:00:00Z,32.54,1048.85
2020-08-23T06:30:00Z,34.28,841.8
2020-08-23T07:00:00Z,24.53,882.5
2020-08-23T07:30:00Z,27.04,992.75
2020-08-23T08:00:00Z,31.910000000000004,1217.1
2020-08-23T08:30:00Z,32.58,1048.1
2020-08-23T09:00:00Z,37.15,1160.1
2020-08-23T09:30:00Z,36.17,1598.15
2020-08-23T10:00:00Z,29.63,1096.55
2020-08-23T10:30:00Z,24.57,1114.3
2020-08-23T11:00:00Z,28.46,914.2
2020-08-23T11:30:00Z,29.18,1135.8
2020-08-23T12:00:00Z,30.98,1266.2
2020-08-23T12:30:00Z,31.280000000000005,1208.8
2020-08-23T13:00:00Z,32.07,1280.4
2020-08-23T13:30:00Z,30.67,1506.7
2020-08-23T14:00:00Z,33.65,896.45
2020-08-23T14:30:00Z,30.37,676.55
2020-08-23T15:00:00Z,22.02,803.4
2020-08-23T15:30:00Z,22.49,956.7
2020-08-23T16:00:00Z,35.82,1375.6
2020-08-23T16:30:00Z,37.97,1258.25
2020-08-23T17:00:00Z,35.3,1522.95
2020-08-23T17:30:00Z,32.64,1466.2
2020-08-23T18:00:00Z,33.04,2197.0
2020-08-23T18:30:00Z,35.55,1866.05
2020-08-23T19:00:00Z,39.48,2220.7
2020-08-23T19:30:00Z,39.29,1933.85
2020-08-23T20:00:00Z,35.08,1791.7
2020-08-23T20:30:00Z,31.45,1700.0
2020-08-23T21:00:00Z,29.28,1634.25
2020-08-23T21:30:00Z,27.75,1845.2
2020-08-23T22:00:00Z,26.61,800.75
2020-08-23T22:30:00Z,21.06,592.25
2020-08-23T23:00:00Z,11.18,418.35
2020-08-23T23:30:00Z,7.97,496.0
2020-08-24T00:00:00Z,19.03,808.6
2020-08-24T00:30:00Z,19.54,794.75
2020-08-24T01:00:00Z,20.23,971.4
2020-08-24T01:30:00Z,18.34,837.85
2020-08-24T02:00:00Z,19.689999999999998,991.85
2020-08-24T02:30:00Z,18.62,897.15
2020-08-24T03:00:00Z,19.41,1044.1
2020-08-24T03:30:00Z,19.34,1063.2
2020-08-24T04:00:00Z,32.38,791.2
2020-08-24T04:30:00Z,31.44,951.3
2020-08-24T05:00:00Z,33.8,1179.5
2020-08-24T05:30:00Z,33.0,1445.6
2020-08-24T06:00:00Z,30.91,955.6
2020-08-24T06:30:00Z,39.41,1139.85
2020-08-24T07:00:00Z,30.610000000000003,1201.85
2020-08-24T07:30:00Z,38.07,1101.15
2020-08-24T08:00:00Z,27.760000000000005,1381.1
2020-08-24T08:30:00Z,31.7,1586.1
2020-08-24T09:00:00Z,37.48,1774.3
2020-08-24T09:30:00Z,37.41,1525.45
2020-08-24T10:00:00Z,33.94,1322.2
2020-08-24T10:30:00Z,32.18,1670.95
2020-08-24T11:00:00Z,36.27,1731.7
2020-08-24T11:30:00Z,37.07,1622.7
2020-08-24T12:00:00Z,36.49,1619.55
2020-08-24T12:30:00Z,35.94,1719.4
2020-08-24T13:00:00Z,36.64,1544.05
2020-08-24T13:30:00Z,35.88,1603.9
2020-08-24T14:00:00Z,37.8,1524.35
2020-08-24T14:30:00Z,41.42999999999999,1600.9
2020-08-24T15:00:00Z,37.42,1598.7
2020-08-24T15:30:00Z,42.84,1643.4
2020-08-24T16:00:00Z,49.65,1714.2
2020-08-24T16:30:00Z,56.02,1599.05
2020-08-24T17:00:00Z,57.06,1807.45
2020-08-24T17:30:00Z,54.61999999999999,1549.0
2020-08-24T18:00:00Z,48.279999999999994,1559.05
2020-08-24T18:30:00Z,46.7,1495.4
2020-08-24T19:00:00Z,50.1,1592.5
2020-08-24T19:30:00Z,49.559999999999995,1641.05
2020-08-24T20:00:00Z,44.18,1099.25
2020-08-24T20:30:00Z,37.05,1055.05
2020-08-24T21:00:00Z,39.62,1158.9
2020-08-24T22:00:00Z,29.440000000000005,646.55
2020-08-24T22:30:00Z,24.66,504.6
2020-08-24T23:00:00Z,32.23,429.95
2020-08-24T23:30:00Z,31.23,479.8
2020-08-25T00:00:00Z,30.87,486.7
2020-08-25T00:30:00Z,26.19,581.15
2020-08-25T01:00:00Z,30.32,612.55
2020-08-25T01:30:00Z,23.92,705.4
2020-08-25T02:00:00Z,30.1,914.65
2020-08-25T02:30:00Z,29.569999999999997,994.8
2020-08-25T03:00:00Z,28.06,961.6
2020-08-25T03:30:00Z,27.22,1017.95
2020-08-25T04:00:00Z,27.26,762.5
2020-08-25T04:30:00Z,22.87,893.85
2020-08-25T05:00:00Z,21.52,757.25
2020-08-25T05:30:00Z,33.16,1048.5
2020-08-25T06:00:00Z,21.74,1165.0
2020-08-25T06:30:00Z,32.58,1219.4
2020-08-25T07:00:00Z,24.22,1321.1
2020-08-25T07:30:00Z,32.79,1340.85
2020-08-25T08:00:00Z,32.95,1804.0
2020-08-25T08:30:00Z,33.48,1615.65
2020-08-25T09:00:00Z,33.15,1708.45
2020-08-25T09:30:00Z,30.63,1829.75
2020-08-25T10:00:00Z,31.39,1375.0
2020-08-25T10:30:00Z,33.29,1214.7
2020-08-25T11:00:00Z,31.839999999999996,1514.4
2020-08-25T11:30:00Z,26.67,1610.15
2020-08-25T12:00:00Z,31.25,1842.5
2020-08-25T12:30:00Z,30.21,2073.7
2020-08-25T13:00:00Z,31.529999999999998,2206.55
2020-08-25T13:30:00Z,30.51,2302.05
2020-08-25T14:00:00Z,26.77,1184.7
2020-08-25T14:30:00Z,29.81,1671.15
2020-08-25T15:00:00Z,34.99,1640.0
2020-08-25T15:30:00Z,40.15,1625.6
2020-08-25T16:00:00Z,36.67,1698.35
2020-08-25T16:30:00Z,38.92,1073.5
2020-08-25T17:00:00Z,41.52,1321.7
2020-08-25T17:30:00Z,40.61,1313.65
2020-08-25T18:00:00Z,39.81,1184.75
2020-08-25T18:30:00Z,34.42,1118.85
2020-08-25T19:00:00Z,32.86,1109.05
2020-08-25T19:30:00Z,29.81,1339.1
2020-08-25T20:00:00Z,36.92,1060.4
2020-08-25T20:30:00Z,30.96,1047.2
2020-08-25T21:00:00Z,28.94,1072.2
2020-08-25T21:30:00Z,26.36,1000.3
2020-08-25T22:00:00Z,19.39,736.7
2020-08-25T22:30:00Z,6.65,371.25
2020-08-25T23:00:00Z,9.93,722.65
2020-08-25T23:30:00Z,9.82,672.75
2020-08-26T00:00:00Z,7.7,735.1
2020-08-26T00:30:00Z,6.33,695.65
2020-08-26T01:00:00Z,5.63,820.85
2020-08-26T01:30:00Z,6.7299999999999995,758.95
2020-08-26T02:00:00Z,9.04,750.45
2020-08-26T02:30:00Z,8.72,848.3
2020-08-26T03:00:00Z,15.830000000000002,1088.55
2020-08-26T03:30:00Z,21.21,1004.85
2020-08-26T04:00:00Z,32.28,857.85
2020-08-26T04:30:00Z,31.78,942.75
2020-08-26T05:00:00Z,32.69,675.35
2020-08-26T05:30:00Z,30.23,997.65
2020-08-26T06:00:00Z,38.94,1499.5
2020-08-26T06:30:00Z,46.81,1050.0
2020-08-26T07:00:00Z,39.86,1632.7
2020-08-26T07:30:00Z,43.62,1271.5
2020-08-26T08:00:00Z,41.21,1274.7
2020-08-26T08:30:00Z,43.21,1351.85
2020-08-26T09:00:00Z,42.65,1279.8
2020-08-26T09:30:00Z,42.0,1393.9
2020-08-26T10:00:00Z,38.77,1176.0
2020-08-26T10:30:00Z,35.1,1368.7
2020-08-26T11:00:00Z,37.41,1263.1
2020-08-26T11:30:00Z,38.28,1216.55
2020-08-26T12:00:00Z,39.13,904.3
2020-08-26T12:30:00Z,37.35,734.15
2020-08-26T13:00:00Z,38.135610124397786,695.35
2020-08-26T13:30:00Z,38.55712889783015,695.9
2020-08-26T14:00:00Z,37.582587539790815,439.8
2020-08-26T14:30:00Z,37.33672877846791,676.2
2020-08-26T15:00:00Z,27.459999999999997,784.5
2020-08-26T15:30:00Z,39.24,924.3
2020-08-26T16:00:00Z,37.08,1216.15
2020-08-26T16:30:00Z,38.11,1640.05
2020-08-26T17:00:00Z,41.85,1523.75
2020-08-26T17:30:00Z,41.669999999999995,1714.3
2020-08-26T18:00:00Z,47.92,1217.4
2020-08-26T18:30:00Z,56.93,851.55
2020-08-26T19:00:00Z,56.81000000000001,1182.4
2020-08-26T19:30:00Z,59.2,1020.15
2020-08-26T20:00:00Z,60.760000000000005,859.4
2020-08-26T20:30:00Z,51.739999999999995,675.7
2020-08-26T21:00:00Z,53.74,702.0
2020-08-26T21:30:00Z,41.44,960.05
2020-08-26T22:00:00Z,49.47,433.6
2020-08-26T22:30:00Z,47.04,415.45
2020-08-26T23:00:00Z,48.36,256.0
2020-08-26T23:30:00Z,45.06999999999999,196.65
2020-08-27T00:00:00Z,39.44,265.6
2020-08-27T00:30:00Z,37.58,252.6
2020-08-27T01:00:00Z,40.04,241.85
2020-08-27T01:30:00Z,39.89,169.75
2020-08-27T02:00:00Z,38.4,197.05
2020-08-27T02:30:00Z,37.52,145.0
2020-08-27T03:00:00Z,36.52,171.0
2020-08-27T03:30:00Z,36.56,254.65
2020-08-27T04:00:00Z,39.34,299.4
2020-08-27T04:30:00Z,39.75,197.0
2020-08-27T05:00:00Z,44.54,473.8
2020-08-27T05:30:00Z,46.74,357.7
2020-08-27T06:00:00Z,41.839999999999996,964.95
2020-08-27T06:30:00Z,50.44,833.65
2020-08-27T07:00:00Z,53.14,1140.65
2020-08-27T07:30:00Z,53.83,1141.05
2020-08-27T08:00:00Z,48.21,1127.95
2020-08-27T08:30:00Z,46.08,1298.35
2020-08-27T09:00:00Z,47.67,1285.85
2020-08-27T09:30:00Z,48.4,1406.85
2020-08-27T10:00:00Z,48.33,1370.55
2020-08-27T10:30:00Z,49.669999999999995,1505.35
2020-08-27T11:00:00Z,52.00000000000001,1331.7
2020-08-27T11:30:00Z,52.529999999999994,1522.2
2020-08-27T12:00:00Z,50.18,1285.1
2020-08-27T12:30:00Z,44.07,1683.95
2020-08-27T13:00:00Z,43.73,1899.25
2020-08-27T13:30:00Z,45.24,2132.0
2020-08-27T14:00:00Z,46.92,1728.2
2020-08-27T14:30:00Z,45.42,1797.25
2020-08-27T15:00:00Z,45.57,1959.9
2020-08-27T15:30:00Z,50.2,2056.9
2020-08-27T16:00:00Z,46.44,2007.9
2020-08-27T16:30:00Z,47.050000000000004,1853.3
2020-08-27T17:00:00Z,55.69,2203.45
2020-08-27T17:30:00Z,50.45,1963.1
2020-08-27T18:00:00Z,45.71,2288.2
2020-08-27T18:30:00Z,45.44,2181.0
2020-08-27T19:00:00Z,43.11,2472.95
2020-08-27T19:30:00Z,41.87,2690.7
2020-08-27T20:00:00Z,39.43,3452.3
2020-08-27T20:30:00Z,38.87,3018.95
2020-08-27T21:00:00Z,37.7,2983.15
2020-08-27T21:30:00Z,35.75,2842.05
2020-08-27T22:00:00Z,31.63,817.85
2020-08-27T22:30:00Z,36.26,832.95
2020-08-27T23:00:00Z,32.75,679.0
2020-08-27T23:30:00Z,31.319999999999997,618.0
2020-08-28T00:00:00Z,31.74,703.3
2020-08-28T00:30:00Z,28.26,517.75
2020-08-28T01:00:00Z,26.589999999999996,687.7
2020-08-28T01:30:00Z,23.98,610.9
2020-08-28T02:00:00Z,19.59,686.2
2020-08-28T02:30:00Z,20.91,666.55
2020-08-28T03:00:00Z,23.03,664.5
2020-08-28T03:30:00Z,24.45,654.05
2020-08-28T04:00:00Z,35.63,614.4
2020-08-28T04:30:00Z,34.66,557.5
2020-08-28T05:00:00Z,38.48,689.35
2020-08-28T05:30:00Z,37.51,863.2
2020-08-28T06:00:00Z,36.4,1499.85
2020-08-28T06:30:00Z,43.82,1313.6
2020-08-28T07:00:00Z,33.13,1103.25
2020-08-28T07:30:00Z,39.15,1226.8
2020-08-28T08:00:00Z,40.09,1350.6
2020-08-28T08:30:00Z,40.48,1402.2
2020-08-28T09:00:00Z,41.44,1412.05
2020-08-28T09:30:00Z,37.51,1464.95
2020-08-28T10:00:00Z,33.23,1980.85
2020-08-28T10:30:00Z,34.76,2010.4
2020-08-28T11:00:00Z,35.18,2222.1
2020-08-28T11:30:00Z,34.95,2292.9
2020-08-28T12:00:00Z,36.51,1830.4
2020-08-28T12:30:00Z,35.85,2060.25
2020-08-28T13:00:00Z,37.22,2041.25
2020-08-28T13:30:00Z,34.45,2259.85
2020-08-28T14:00:00Z,37.49,1023.8
2020-08-28T14:30:00Z,35.15,1204.55
2020-08-28T15:00:00Z,37.33,1100.85
2020-08-28T15:30:00Z,39.03,1038.3
2020-08-28T16:00:00Z,40.77,1195.2
2020-08-28T16:30:00Z,42.0,1308.9
2020-08-28T17:00:00Z,40.37,1219.55
2020-08-28T17:30:00Z,38.29,1343.3
2020-08-28T18:00:00Z,40.24,1471.55
2020-08-28T18:30:00Z,40.52,1225.35
2020-08-28T19:00:00Z,41.78,1247.5
2020-08-28T19:30:00Z,39.84,1407.0
2020-08-28T20:00:00Z,42.05,914.65
2020-08-28T20:30:00Z,38.38,1086.05
2020-08-28T21:00:00Z,40.8,1174.4
2020-08-28T21:30:00Z,46.18,1607.45
2020-08-28T22:00:00Z,40.24,582.95
2020-08-28T22:30:00Z,36.03,733.45
2020-08-28T23:00:00Z,41.99,514.8
2020-08-28T23:30:00Z,35.31,527.3
2020-08-29T00:00:00Z,38.95,655.8
2020-08-29T00:30:00Z,37.24,700.4
2020-08-29T01:00:00Z,37.93,670.65
2020-08-29T01:30:00Z,37.93,808.3
2020-08-29T02:00:00Z,39.22,879.5
2020-08-29T02:30:00Z,38.04,922.55
2020-08-29T03:00:00Z,39.0,980.15
2020-08-29T03:30:00Z,38.64,967.25
2020-08-29T04:00:00Z,39.26,860.45
2020-08-29T04:30:00Z,39.42,760.95
2020-08-29T05:00:00Z,36.96,865.85
2020-08-29T05:30:00Z,39.3,824.2
2020-08-29T06:00:00Z,32.0,1014.45
2020-08-29T06:30:00Z,36.74,960.35
2020-08-29T07:00:00Z,31.43,1006.65
2020-08-29T07:30:00Z,39.11,870.25
2020-08-29T08:00:00Z,34.43,910.7
2020-08-29T08:30:00Z,35.04,961.6
2020-08-29T09:00:00Z,35.33,926.4
2020-08-29T09:30:00Z,31.15,1196.3
2020-08-29T10:00:00Z,27.46,776.65
2020-08-29T10:30:00Z,28.05,770.5
2020-08-29T11:00:00Z,28.52,781.25
2020-08-29T11:30:00Z,29.14,872.6
2020-08-29T12:00:00Z,33.87,1301.2
2020-08-29T12:30:00Z,32.25,1150.15
2020-08-29T13:00:00Z,31.63,831.75
2020-08-29T13:30:00Z,35.48,1494.65
2020-08-29T14:00:00Z,39.72,998.75
2020-08-29T14:30:00Z,38.41,1055.6
2020-08-29T15:00:00Z,38.72,703.7
2020-08-29T15:30:00Z,39.64,884.8
2020-08-29T16:00:00Z,39.28,980.05
2020-08-29T16:30:00Z,41.62,898.05
2020-08-29T17:00:00Z,44.96,799.95
2020-08-29T17:30:00Z,45.69,836.0
2020-08-29T18:00:00Z,49.63,1082.85
2020-08-29T18:30:00Z,48.88,1005.7
2020-08-29T19:00:00Z,49.59,1198.3
2020-08-29T19:30:00Z,49.47,1097.95
2020-08-29T20:00:00Z,48.15,1207.3
2020-08-29T20:30:00Z,46.03,1311.0
2020-08-29T21:00:00Z,45.92,975.45
2020-08-29T21:30:00Z,39.33,1284.1
2020-08-29T22:00:00Z,38.53,784.55
2020-08-29T22:30:00Z,39.72,837.1
2020-08-29T23:00:00Z,40.33,515.5
2020-08-29T23:30:00Z,40.89,495.0
2020-08-30T00:00:00Z,38.46,567.6
2020-08-30T00:30:00Z,35.76,473.7
2020-08-30T01:00:00Z,34.51,364.55
2020-08-30T01:30:00Z,36.03,598.4
2020-08-30T02:00:00Z,35.53,570.5
2020-08-30T02:30:00Z,36.58,556.1
2020-08-30T03:00:00Z,37.16,608.45
2020-08-30T03:30:00Z,37.4,618.1
2020-08-30T04:00:00Z,34.26,570.0
2020-08-30T04:30:00Z,33.92,554.75
2020-08-30T05:00:00Z,35.31,672.6
2020-08-30T05:30:00Z,35.52,622.75
2020-08-30T06:00:00Z,30.61,669.0
2020-08-30T06:30:00Z,40.22,695.6
2020-08-30T07:00:00Z,35.86,616.85
2020-08-30T07:30:00Z,43.85,794.4
2020-08-30T08:00:00Z,45.12,822.95
2020-08-30T08:30:00Z,45.59,928.15
2020-08-30T09:00:00Z,45.14000000000001,881.45
2020-08-30T09:30:00Z,42.28,1236.8
2020-08-30T10:00:00Z,29.35,999.1
2020-08-30T10:30:00Z,32.73,938.65
2020-08-30T11:00:00Z,37.39,797.95
2020-08-30T11:30:00Z,39.03,818.65
2020-08-30T12:00:00Z,44.07,785.05
2020-08-30T12:30:00Z,43.81,782.95
2020-08-30T13:00:00Z,43.46,752.2
2020-08-30T13:30:00Z,40.88625282167043,686.65
2020-08-30T14:00:00Z,34.41983664317745,312.2
2020-08-30T14:30:00Z,32.37511953707933,328.35
2020-08-30T15:00:00Z,41.149479328011445,419.65
2020-08-30T15:30:00Z,46.22511698495004,395.35
2020-08-30T16:00:00Z,44.956214988644966,660.5
2020-08-30T16:30:00Z,46.790000000000006,420.25
2020-08-30T17:00:00Z,47.47,567.75
2020-08-30T17:30:00Z,47.57,433.9
2020-08-30T18:00:00Z,52.67,978.65
2020-08-30T18:30:00Z,52.3,829.05
2020-08-30T19:00:00Z,49.0,794.35
2020-08-30T19:30:00Z,46.64,691.9
2020-08-30T20:00:00Z,40.38,818.35
2020-08-30T20:30:00Z,37.14,808.35
2020-08-30T21:00:00Z,30.800000000000004,758.95
2020-08-30T21:30:00Z,31.41,953.95
2020-08-30T22:00:00Z,36.56,557.75
2020-08-30T22:30:00Z,36.42,621.95
2020-08-30T23:00:00Z,36.96,428.65
2020-08-30T23:30:00Z,37.94,430.85
2020-08-31T00:00:00Z,40.46,499.15
2020-08-31T00:30:00Z,39.74,407.45
2020-08-31T01:00:00Z,40.38,448.8
2020-08-31T01:30:00Z,40.69,457.15
2020-08-31T02:00:00Z,39.31,556.9
2020-08-31T02:30:00Z,38.08,596.1
2020-08-31T03:00:00Z,39.33,614.6
2020-08-31T03:30:00Z,38.68,573.0
2020-08-31T04:00:00Z,45.23,790.35
2020-08-31T04:30:00Z,42.86,790.1
2020-08-31T05:00:00Z,52.51,631.85
2020-08-31T05:30:00Z,40.35,999.9
2020-08-31T06:00:00Z,53.91,1139.55
2020-08-31T06:30:00Z,63.25,985.15
2020-08-31T07:00:00Z,51.34,726.7
2020-08-31T07:30:00Z,55.11,949.35
2020-08-31T08:00:00Z,43.04,1158.5
2020-08-31T08:30:00Z,43.08,1497.2
2020-08-31T09:00:00Z,41.91,1448.05
2020-08-31T09:30:00Z,39.37,1320.1
2020-08-31T10:00:00Z,31.72,1803.2
2020-08-31T10:30:00Z,34.37,1549.45
2020-08-31T11:00:00Z,34.7,1975.9
2020-08-31T11:30:00Z,35.12,1725.3
2020-08-31T12:00:00Z,39.32,1697.95
2020-08-31T12:30:00Z,34.87,1843.3
2020-08-31T13:00:00Z,35.8,1541.75
2020-08-31T13:30:00Z,36.17,1478.4
2020-08-31T14:00:00Z,38.83,1576.05
2020-08-31T14:30:00Z,41.62,1983.65
2020-08-31T15:00:00Z,41.09,1614.3
2020-08-31T15:30:00Z,45.39,1822.65
2020-08-31T16:00:00Z,44.71,1417.5
2020-08-31T16:30:00Z,44.73,1954.3
2020-08-31T17:00:00Z,47.43,1330.05
2020-08-31T17:30:00Z,47.65,1356.05
2020-08-31T18:00:00Z,49.38,1000.55
2020-08-31T18:30:00Z,48.2,1028.0
2020-08-31T19:00:00Z,47.77,1149.0
2020-08-31T19:30:00Z,48.44,1025.75
2020-08-31T20:00:00Z,48.98,1248.1
2020-08-31T20:30:00Z,41.77,1113.5
2020-08-31T21:00:00Z,47.0,972.85
2020-08-31T21:30:00Z,39.44,1081.4
2020-08-31T22:00:00Z,39.09,413.1
2020-08-31T22:30:00Z,36.19,894.45
2020-08-31T23:00:00Z,38.64,532.7
2020-08-31T23:30:00Z,37.35,839.9
2020-09-01T00:00:00Z,35.78,658.15
2020-09-01T00:30:00Z,36.77,523.15
2020-09-01T01:00:00Z,40.19,794.1
2020-09-01T01:30:00Z,38.74,640.7
2020-09-01T02:00:00Z,41.68,346.35
2020-09-01T02:30:00Z,42.17,362.85
2020-09-01T03:00:00Z,41.67,461.55
2020-09-01T03:30:00Z,40.61,482.3
2020-09-01T04:00:00Z,43.02,533.15
2020-09-01T04:30:00Z,31.65,569.1
2020-09-01T05:00:00Z,47.67,1175.5
2020-09-01T05:30:00Z,51.269999999999996,1324.65
2020-09-01T06:00:00Z,55.45,859.7
2020-09-01T06:30:00Z,60.07,691.1
2020-09-01T07:00:00Z,58.9,820.1
2020-09-01T07:30:00Z,62.42,941.2
2020-09-01T08:00:00Z,55.85,1272.25
2020-09-01T08:30:00Z,52.79,1080.15
2020-09-01T09:00:00Z,52.56,1233.9
2020-09-01T09:30:00Z,47.61,1371.3
2020-09-01T10:00:00Z,40.59,1115.9
2020-09-01T10:30:00Z,41.42,1058.05
2020-09-01T11:00:00Z,41.58,1407.3
2020-09-01T11:30:00Z,41.84,1227.7
2020-09-01T12:00:00Z,42.42,1235.1
2020-09-01T12:30:00Z,41.66,1176.4
2020-09-01T13:00:00Z,41.38,1128.6
2020-09-01T13:30:00Z,41.31,1045.3
2020-09-01T14:00:00Z,39.83,835.4
2020-09-01T14:30:00Z,43.06,825.0
2020-09-01T15:00:00Z,40.03,900.5
2020-09-01T15:30:00Z,42.59,880.75
2020-09-01T16:00:00Z,46.38,1183.6
2020-09-01T16:30:00Z,56.29,1324.85
2020-09-01T17:00:00Z,52.19,1443.1
2020-09-01T17:30:00Z,48.86000000000001,1354.1
2020-09-01T18:00:00Z,55.85,1119.9
2020-09-01T18:30:00Z,56.12,1050.2
2020-09-01T19:00:00Z,49.81,1073.55
2020-09-01T19:30:00Z,50.01,1177.75
2020-09-01T20:00:00Z,52.15,1138.0
2020-09-01T20:30:00Z,37.6,1199.95
2020-09-01T21:00:00Z,38.98,1090.25
2020-09-01T21:30:00Z,40.5,1714.25
2020-09-01T22:00:00Z,31.980000000000004,859.35
2020-09-01T22:30:00Z,34.77,443.5
2020-09-01T23:00:00Z,37.29,465.0
2020-09-01T23:30:00Z,34.04,630.0
2020-09-02T00:00:00Z,35.19,604.35
2020-09-02T00:30:00Z,31.45,978.25
2020-09-02T01:00:00Z,33.73,700.7
2020-09-02T01:30:00Z,33.5,827.35
2020-09-02T02:00:00Z,36.5,657.35
2020-09-02T02:30:00Z,37.96,763.3
2020-09-02T03:00:00Z,38.55,874.45
2020-09-02T03:30:00Z,34.44,1118.2
2020-09-02T04:00:00Z,43.22,1133.55
2020-09-02T04:30:00Z,40.81,891.3
2020-09-02T05:00:00Z,44.44,969.1
2020-09-02T05:30:00Z,41.15,967.85
2020-09-02T06:00:00Z,48.84,884.25
2020-09-02T06:30:00Z,56.48,1245.75
2020-09-02T07:00:00Z,54.37,1018.2
2020-09-02T07:30:00Z,55.03,1041.45
2020-09-02T08:00:00Z,47.79,1116.45
2020-09-02T08:30:00Z,46.45,1215.0
2020-09-02T09:00:00Z,45.88,1219.6
2020-09-02T09:30:00Z,42.88,1448.9
2020-09-02T10:00:00Z,41.43,1512.95
2020-09-02T10:30:00Z,41.54,1448.85
2020-09-02T11:00:00Z,42.04,1405.1
2020-09-02T11:30:00Z,42.129999999999995,1633.75
2020-09-02T12:00:00Z,40.37,1533.2
2020-09-02T12:30:00Z,37.32,1638.05
2020-09-02T13:00:00Z,37.02,2105.2
2020-09-02T13:30:00Z,39.11,1948.45
2020-09-02T14:00:00Z,47.23,1562.45
2020-09-02T14:30:00Z,50.08,1582.6
2020-09-02T15:00:00Z,49.23,1596.5
2020-09-02T15:30:00Z,54.220000000000006,1416.0
2020-09-02T16:00:00Z,54.24999999999999,1516.85
2020-09-02T16:30:00Z,56.74,1915.85
2020-09-02T17:00:00Z,59.76,1901.5
2020-09-02T17:30:00Z,60.26,1966.15
2020-09-02T18:00:00Z,58.76,1503.55
2020-09-02T18:30:00Z,55.68000000000001,1354.65
2020-09-02T19:00:00Z,51.85,1347.15
2020-09-02T19:30:00Z,46.23,1260.4
2020-09-02T20:00:00Z,44.43,1165.7
2020-09-02T20:30:00Z,46.24,1211.4
2020-09-02T21:00:00Z,42.12,1544.35
2020-09-02T21:30:00Z,41.47,1886.05
2020-09-02T22:00:00Z,36.76,823.05
2020-09-02T22:30:00Z,40.48,668.95
2020-09-02T23:00:00Z,38.39,739.4
2020-09-02T23:30:00Z,37.79,719.2
2020-09-03T00:00:00Z,36.25,840.9
2020-09-03T00:30:00Z,35.96,654.7
2020-09-03T01:00:00Z,29.9,764.9
2020-09-03T01:30:00Z,27.250000000000004,758.6
2020-09-03T02:00:00Z,28.31,624.95
2020-09-03T02:30:00Z,22.97,661.95
2020-09-03T03:00:00Z,27.96,742.6
2020-09-03T03:30:00Z,30.620000000000005,628.9
2020-09-03T04:00:00Z,43.02,621.8
2020-09-03T04:30:00Z,42.57,924.8
2020-09-03T05:00:00Z,46.94,1012.75
2020-09-03T05:30:00Z,44.59,1053.85
2020-09-03T06:00:00Z,41.58,1553.85
2020-09-03T06:30:00Z,47.51,1079.6
2020-09-03T07:00:00Z,43.53,1309.55
2020-09-03T07:30:00Z,45.83,1215.3
2020-09-03T08:00:00Z,45.11,1195.6
2020-09-03T08:30:00Z,44.21,1297.1
2020-09-03T09:00:00Z,46.34,1123.0
2020-09-03T09:30:00Z,46.58,1295.85
2020-09-03T10:00:00Z,41.15,1070.1
2020-09-03T10:30:00Z,40.28,1320.4
2020-09-03T11:00:00Z,42.7,1107.45
2020-09-03T11:30:00Z,44.41,1341.4
2020-09-03T12:00:00Z,39.65999999999999,1687.15
2020-09-03T12:30:00Z,37.31,1606.6
2020-09-03T13:00:00Z,38.49,1656.9
2020-09-03T13:30:00Z,34.97,1643.5
2020-09-03T14:00:00Z,31.36,1517.65
2020-09-03T14:30:00Z,35.84,1416.75
2020-09-03T15:00:00Z,34.84,1734.0
2020-09-03T15:30:00Z,38.59,1188.55
2020-09-03T16:00:00Z,32.27,1617.15
2020-09-03T16:30:00Z,30.45,1797.65
2020-09-03T17:00:00Z,37.71,1607.95
2020-09-03T17:30:00Z,41.97,1316.95
2020-09-03T18:00:00Z,41.41,1240.65
2020-09-03T18:30:00Z,42.62,970.4
2020-09-03T19:00:00Z,41.7,1245.15
2020-09-03T19:30:00Z,37.7,1412.55
2020-09-03T20:00:00Z,39.86,1358.7
2020-09-03T20:30:00Z,35.86,1155.05
2020-09-03T21:00:00Z,37.34,1348.65
2020-09-03T21:30:00Z,38.94,1286.35
2020-09-03T22:00:00Z,46.21,766.45
2020-09-03T22:30:00Z,48.33,724.6
2020-09-03T23:00:00Z,42.36,539.35
2020-09-03T23:30:00Z,29.09,807.1
2020-09-04T00:00:00Z,19.58,656.5
2020-09-04T00:30:00Z,21.48,542.75
2020-09-04T01:00:00Z,23.4,694.55
2020-09-04T01:30:00Z,19.69,859.55
2020-09-04T02:00:00Z,28.5,820.7
2020-09-04T02:30:00Z,28.140000000000004,691.8
2020-09-04T03:00:00Z,29.15,757.3
2020-09-04T03:30:00Z,30.35,960.7
2020-09-04T04:00:00Z,38.84,587.35
2020-09-04T04:30:00Z,39.75,486.8
2020-09-04T05:00:00Z,44.75,776.55
2020-09-04T05:30:00Z,39.83,685.75
2020-09-04T06:00:00Z,42.18,1237.2
2020-09-04T06:30:00Z,49.62,1007.2
2020-09-04T07:00:00Z,46.61,1027.95
2020-09-04T07:30:00Z,48.93,989.05
2020-09-04T08:00:00Z,50.13,825.5
2020-09-04T08:30:00Z,49.26,981.75
2020-09-04T09:00:00Z,49.5,854.55
2020-09-04T09:30:00Z,48.36,1041.2
2020-09-04T10:00:00Z,44.5,1284.9
2020-09-04T10:30:00Z,43.68,1242.75
2020-09-04T11:00:00Z,42.58,1192.7
2020-09-04T11:30:00Z,39.59,1393.0
2020-09-04T12:00:00Z,35.12,1363.65
2020-09-04T12:30:00Z,34.84,1872.8
2020-09-04T13:00:00Z,34.76,1474.85
2020-09-04T13:30:00Z,34.72,1471.15
2020-09-04T14:00:00Z,26.98,1144.9
2020-09-04T14:30:00Z,28.95,847.7
2020-09-04T15:00:00Z,34.52,1315.7
2020-09-04T15:30:00Z,39.04,855.9
2020-09-04T16:00:00Z,43.98,1047.95
2020-09-04T16:30:00Z,47.15,889.7
2020-09-04T17:00:00Z,48.19,799.8
2020-09-04T17:30:00Z,48.11,985.9
2020-09-04T18:00:00Z,47.68,1187.45
2020-09-04T18:30:00Z,48.01,806.75
2020-09-04T19:00:00Z,49.06,1044.6
2020-09-04T19:30:00Z,45.94,958.35
2020-09-04T20:00:00Z,48.63000000000001,1005.15
2020-09-04T20:30:00Z,46.47,1403.2
2020-09-04T21:00:00Z,44.89999999999999,1592.75
2020-09-04T21:30:00Z,44.7,1494.3
2020-09-04T22:00:00Z,26.95,845.1
2020-09-04T22:30:00Z,20.66,694.1
2020-09-04T23:00:00Z,18.11,770.3
2020-09-04T23:30:00Z,17.63,586.8
2020-09-05T00:00:00Z,18.56,878.45
2020-09-05T00:30:00Z,22.13,865.65
2020-09-05T01:00:00Z,26.62,916.15
2020-09-05T01:30:00Z,26.45,1110.8
2020-09-05T02:00:00Z,19.29,622.45
2020-09-05T02:30:00Z,21.9,644.05
2020-09-05T03:00:00Z,21.44,582.75
2020-09-05T03:30:00Z,21.82,537.3
2020-09-05T04:00:00Z,22.99,592.35
2020-09-05T04:30:00Z,23.24,501.3
2020-09-05T05:00:00Z,12.45,787.5
2020-09-05T05:30:00Z,26.060000000000002,681.0
2020-09-05T06:00:00Z,15.289999999999997,1141.25
2020-09-05T06:30:00Z,32.74,992.45
2020-09-05T07:00:00Z,32.2,1199.35
2020-09-05T07:30:00Z,37.2,1254.45
2020-09-05T08:00:00Z,38.36,1387.85
2020-09-05T08:30:00Z,38.52,1537.65
2020-09-05T09:00:00Z,38.1,1492.25
2020-09-05T09:30:00Z,39.5,1366.8
2020-09-05T10:00:00Z,44.0,1272.15
2020-09-05T10:30:00Z,44.82,1307.05
2020-09-05T11:00:00Z,43.73,1219.65
2020-09-05T11:30:00Z,44.34,1530.8
2020-09-05T12:00:00Z,42.46,1776.8
2020-09-05T12:30:00Z,40.3,1762.0
2020-09-05T13:00:00Z,39.14,1765.15
2020-09-05T13:30:00Z,38.83,1881.55
2020-09-05T14:00:00Z,38.12,1512.65
2020-09-05T14:30:00Z,40.82,1180.9
2020-09-05T15:00:00Z,40.76,1310.65
2020-09-05T15:30:00Z,42.4,1231.8
2020-09-05T16:00:00Z,47.48,1185.6
2020-09-05T16:30:00Z,45.62,1459.95
2020-09-05T17:00:00Z,49.57,1257.25
2020-09-05T17:30:00Z,52.32,1229.55
2020-09-05T18:00:00Z,56.04,1256.3
2020-09-05T18:30:00Z,55.7,1397.55
2020-09-05T19:00:00Z,54.40999999999999,1506.7
2020-09-05T19:30:00Z,54.41,1292.35
2020-09-05T20:00:00Z,47.32,1518.8
2020-09-05T20:30:00Z,41.27,1413.4
2020-09-05T21:00:00Z,40.75,1536.45
2020-09-05T21:30:00Z,40.29,1530.7
2020-09-05T22:00:00Z,36.72,1115.65
2020-09-05T22:30:00Z,38.93,889.8
2020-09-05T23:00:00Z,38.16,892.35
2020-09-05T23:30:00Z,36.47,673.6
2020-09-06T00:00:00Z,34.5,724.45
2020-09-06T00:30:00Z,36.79,740.1
2020-09-06T01:00:00Z,34.92,793.8
2020-09-06T01:30:00Z,35.53,758.85
2020-09-06T02:00:00Z,41.73,411.0
2020-09-06T02:30:00Z,42.54,593.8
2020-09-06T03:00:00Z,41.95,555.85
2020-09-06T03:30:00Z,44.87,547.8
2020-09-06T04:00:00Z,44.379999999999995,375.6
2020-09-06T04:30:00Z,47.82,494.95
2020-09-06T05:00:00Z,46.29,506.7
2020-09-06T05:30:00Z,41.74,817.75
2020-09-06T06:00:00Z,35.95,1166.6
2020-09-06T06:30:00Z,40.56,828.25
2020-09-06T07:00:00Z,38.22,737.5
2020-09-06T07:30:00Z,41.97,796.55
2020-09-06T08:00:00Z,44.779999999999994,736.45
2020-09-06T08:30:00Z,45.290000000000006,778.9
2020-09-06T09:00:00Z,45.98,812.8
2020-09-06T09:30:00Z,44.18,821.85
2020-09-06T10:00:00Z,43.5,690.8
2020-09-06T10:30:00Z,44.61,841.15
2020-09-06T11:00:00Z,48.65,559.4
2020-09-06T11:30:00Z,49.57,695.95
2020-09-06T12:00:00Z,50.32,586.65
2020-09-06T12:30:00Z,48.33,819.35
2020-09-06T13:00:00Z,45.9,927.8
2020-09-06T13:30:00Z,42.58,966.6
2020-09-06T14:00:00Z,40.4,951.9
2020-09-06T14:30:00Z,45.64,853.05
2020-09-06T15:00:00Z,50.44,568.95
2020-09-06T15:30:00Z,53.64,869.05
2020-09-06T16:00:00Z,57.38,889.9
2020-09-06T16:30:00Z,61.76,961.75
2020-09-06T17:00:00Z,64.24,878.3
2020-09-06T17:30:00Z,63.62,937.9
2020-09-06T18:00:00Z,58.6,985.6
2020-09-06T18:30:00Z,57.33,1069.9
2020-09-06T19:00:00Z,55.52,1045.4
2020-09-06T19:30:00Z,51.87,1048.35
2020-09-06T20:00:00Z,49.63,1237.5
2020-09-06T20:30:00Z,49.16,904.75
2020-09-06T21:00:00Z,42.37,1043.2
2020-09-06T21:30:00Z,37.35,1235.0
2020-09-06T22:00:00Z,46.58,1006.7
2020-09-06T22:30:00Z,47.84,792.25
2020-09-06T23:00:00Z,38.0,602.65
2020-09-06T23:30:00Z,28.75,521.5
2020-09-07T00:00:00Z,29.999999999999996,742.2
2020-09-07T00:30:00Z,30.01,369.45
2020-09-07T01:00:00Z,27.81,534.8
2020-09-07T01:30:00Z,26.66,687.6
2020-09-07T02:00:00Z,30.11,638.9
2020-09-07T02:30:00Z,28.33,542.3
2020-09-07T03:00:00Z,26.61,656.6
2020-09-07T03:30:00Z,23.91,682.75
2020-09-07T04:00:00Z,42.11,848.85
2020-09-07T04:30:00Z,40.58,1022.65
2020-09-07T05:00:00Z,45.16,978.4
2020-09-07T05:30:00Z,47.7,745.45
2020-09-07T06:00:00Z,50.52,1065.1
2020-09-07T06:30:00Z,53.9,781.6
2020-09-07T07:00:00Z,51.43,948.55
2020-09-07T07:30:00Z,51.9,1084.45
2020-09-07T08:00:00Z,50.7,1460.95
2020-09-07T08:30:00Z,43.34,1485.15
2020-09-07T09:00:00Z,45.99,1463.3
2020-09-07T09:30:00Z,42.06,1563.2
2020-09-07T10:00:00Z,38.36,1327.9
2020-09-07T10:30:00Z,38.59,1406.75
2020-09-07T11:00:00Z,40.43,1256.9
2020-09-07T11:30:00Z,39.02,1470.2
2020-09-07T12:00:00Z,39.79,1384.35
2020-09-07T12:30:00Z,37.7,1634.7
2020-09-07T13:00:00Z,38.23,1324.15
2020-09-07T13:30:00Z,36.34,1294.05
2020-09-07T14:00:00Z,33.32,897.9
2020-09-07T14:30:00Z,31.960000000000004,1153.95
2020-09-07T15:00:00Z,32.6,1411.8
2020-09-07T16:00:00Z,42.96,1418.95
2020-09-07T16:30:00Z,44.32,1494.5
2020-09-07T17:00:00Z,49.31,1138.9
2020-09-07T17:30:00Z,48.88,1106.3
2020-09-07T18:00:00Z,45.66,750.7
2020-09-07T18:30:00Z,45.93,836.5
2020-09-07T19:00:00Z,46.31,955.65
2020-09-07T19:30:00Z,45.76,1187.0
2020-09-07T20:00:00Z,39.9,1571.9
2020-09-07T20:30:00Z,39.12,1518.65
2020-09-07T21:00:00Z,37.38,1586.15
2020-09-07T21:30:00Z,38.39,1856.4
2020-09-07T22:00:00Z,23.78,879.9
2020-09-07T22:30:00Z,25.51,791.5
2020-09-07T23:00:00Z,31.45,578.8
2020-09-07T23:30:00Z,30.14,627.15
2020-09-08T00:00:00Z,32.67,927.9
2020-09-08T00:30:00Z,36.07,741.35
2020-09-08T01:00:00Z,36.04,701.9
2020-09-08T01:30:00Z,37.09,829.35
2020-09-08T02:00:00Z,38.54,882.55
2020-09-08T02:30:00Z,36.62,857.05
2020-09-08T03:00:00Z,32.88,921.45
2020-09-08T03:30:00Z,34.78,936.35
2020-09-08T04:00:00Z,36.37,1053.95
2020-09-08T04:30:00Z,27.41,1141.8
2020-09-08T05:00:00Z,36.85,1325.2
2020-09-08T05:30:00Z,33.44,1626.7
2020-09-08T06:00:00Z,51.79,1803.9
2020-09-08T06:30:00Z,56.629999999999995,1577.5
2020-09-08T07:00:00Z,53.47,1546.45
2020-09-08T07:30:00Z,55.1,1754.75
2020-09-08T08:00:00Z,51.51,1476.25
2020-09-08T08:30:00Z,49.7,1703.4
2020-09-08T09:00:00Z,45.77,1365.85
2020-09-08T09:30:00Z,44.24,1447.9
2020-09-08T10:00:00Z,46.4,1016.05
2020-09-08T10:30:00Z,47.86,1184.75
2020-09-08T11:00:00Z,47.529999999999994,1609.2
2020-09-08T11:30:00Z,44.56,1470.65
2020-09-08T12:00:00Z,43.35,2241.15
2020-09-08T12:30:00Z,0.0,0.0
2020-09-08T13:00:00Z,0.0,0.0
2020-09-08T13:30:00Z,0.0,0.0
2020-09-08T14:00:00Z,45.95,1377.15
2020-09-08T14:30:00Z,50.49,1124.35
2020-09-08T15:00:00Z,53.2,1403.55
2020-09-08T15:30:00Z,54.4,1778.55
2020-09-08T16:00:00Z,57.18,1982.6
2020-09-08T16:30:00Z,57.779999999999994,1655.95
2020-09-08T17:00:00Z,58.730000000000004,1338.25
2020-09-08T17:30:00Z,56.92,1298.7
2020-09-08T18:00:00Z,50.94,1168.8
2020-09-08T18:30:00Z,49.99,1082.5
2020-09-08T19:00:00Z,50.61,968.75
2020-09-08T19:30:00Z,45.04,1121.85
2020-09-08T20:00:00Z,37.98,1426.4
2020-09-08T20:30:00Z,36.83,1125.75
2020-09-08T21:00:00Z,32.69,1264.65
2020-09-08T21:30:00Z,31.06,1949.0
2020-09-08T22:00:00Z,20.79,885.3
2020-09-08T22:30:00Z,25.93,1119.05
2020-09-08T23:00:00Z,27.08,602.35
2020-09-08T23:30:00Z,24.61,915.8
2020-09-09T00:00:00Z,23.63,567.3
2020-09-09T00:30:00Z,25.44,690.3
2020-09-09T01:00:00Z,22.84,820.65
2020-09-09T01:30:00Z,22.78,625.0
2020-09-09T02:00:00Z,19.67,630.05
2020-09-09T02:30:00Z,20.16,618.2
2020-09-09T03:00:00Z,26.45,703.8
2020-09-09T03:30:00Z,26.83,858.0
2020-09-09T04:00:00Z,40.17,599.45
2020-09-09T04:30:00Z,42.66,750.5
2020-09-09T05:00:00Z,48.12,894.45
2020-09-09T05:30:00Z,40.99,1220.3
2020-09-09T06:00:00Z,33.26,1218.15
2020-09-09T06:30:00Z,44.65,1050.85
2020-09-09T07:00:00Z,49.05,1424.9
2020-09-09T07:30:00Z,50.1,1266.1
2020-09-09T08:00:00Z,50.24,1162.85
2020-09-09T08:30:00Z,50.25,1204.25
2020-09-09T09:00:00Z,49.23,1167.9
2020-09-09T09:30:00Z,47.89,1286.4
2020-09-09T10:00:00Z,34.48,1400.75
2020-09-09T10:30:00Z,38.09,1604.75
2020-09-09T11:00:00Z,43.83,1509.5
2020-09-09T11:30:00Z,41.49,1724.0
2020-09-09T12:00:00Z,38.81,1281.8
2020-09-09T12:30:00Z,37.34,1280.85
2020-09-09T13:00:00Z,39.31,1332.0
2020-09-09T13:30:00Z,39.3,1187.85
2020-09-09T14:00:00Z,40.17,1592.95
2020-09-09T14:30:00Z,37.08,1768.95
2020-09-09T15:00:00Z,34.1,2151.95
2020-09-09T15:30:00Z,44.11,2250.3
2020-09-09T16:00:00Z,51.93,2071.3
2020-09-09T16:30:00Z,55.36,1895.0
2020-09-09T17:00:00Z,54.22,2037.35
2020-09-09T17:30:00Z,51.63,2025.5
2020-09-09T18:00:00Z,50.11,1830.05
2020-09-09T18:30:00Z,52.31,1758.25
2020-09-09T19:00:00Z,50.49,2142.95
2020-09-09T19:30:00Z,50.3,1814.1
2020-09-09T20:00:00Z,43.29,1667.45
2020-09-09T20:30:00Z,40.32,1510.9
2020-09-09T21:00:00Z,39.58,1809.8
2020-09-09T21:30:00Z,34.49,1815.4
2020-09-09T22:00:00Z,33.51,1297.15
2020-09-09T22:30:00Z,25.8,797.9
2020-09-09T23:00:00Z,27.819999999999997,856.85
2020-09-09T23:30:00Z,30.76,876.55
2020-09-10T00:00:00Z,33.27,497.85
2020-09-10T00:30:00Z,37.77,683.15
2020-09-10T01:00:00Z,35.97,653.25
2020-09-10T01:30:00Z,34.68,1038.75
2020-09-10T02:00:00Z,31.379999999999995,591.2
2020-09-10T02:30:00Z,31.47,617.35
2020-09-10T03:00:00Z,34.17,634.5
2020-09-10T03:30:00Z,32.73,607.3
2020-09-10T04:00:00Z,42.95,369.45
2020-09-10T04:30:00Z,44.06,752.0
2020-09-10T05:00:00Z,45.99,513.3
2020-09-10T05:30:00Z,48.44,809.75
2020-09-10T06:00:00Z,51.54,886.45
2020-09-10T06:30:00Z,56.23,1079.4
2020-09-10T07:00:00Z,49.85,945.85
2020-09-10T07:30:00Z,52.1,891.9
2020-09-10T08:00:00Z,50.01,1114.1
2020-09-10T08:30:00Z,46.33,1066.55
2020-09-10T09:00:00Z,47.53,1111.45
2020-09-10T09:30:00Z,44.85,1053.4
2020-09-10T10:00:00Z,40.75,955.2
2020-09-10T10:30:00Z,43.27,1186.7
2020-09-10T11:00:00Z,44.69,1201.7
2020-09-10T11:30:00Z,42.58,1164.85
2020-09-10T12:00:00Z,37.4,1320.65
2020-09-10T12:30:00Z,35.85,1312.75
2020-09-10T13:00:00Z,35.46,1431.95
2020-09-10T13:30:00Z,35.4,1428.4
2020-09-10T14:00:00Z,42.56,1282.2
2020-09-10T14:30:00Z,47.75,1328.4
2020-09-10T15:00:00Z,51.49,1101.95
2020-09-10T15:30:00Z,56.97,1374.3
2020-09-10T16:00:00Z,67.63,1805.4
2020-09-10T16:30:00Z,67.42,1818.05
2020-09-10T17:00:00Z,70.91,2039.7
2020-09-10T17:30:00Z,67.25,1954.85
2020-09-10T18:00:00Z,59.76,1159.05
2020-09-10T18:30:00Z,56.33,1085.45
2020-09-10T19:00:00Z,54.55,1380.9
2020-09-10T19:30:00Z,49.0,1189.45
2020-09-10T20:00:00Z,43.76,756.7
2020-09-10T20:30:00Z,37.58,654.7
2020-09-10T21:00:00Z,37.76,922.85
2020-09-10T21:30:00Z,39.71,1458.4
2020-09-10T22:00:00Z,32.94,1017.85
2020-09-10T22:30:00Z,42.85,782.75
2020-09-10T23:00:00Z,39.05,370.05
2020-09-10T23:30:00Z,26.32,540.95
2020-09-11T00:00:00Z,39.32,491.05
2020-09-11T00:30:00Z,36.97,600.35
2020-09-11T01:00:00Z,34.37,646.8
2020-09-11T01:30:00Z,33.95,1095.95
2020-09-11T02:00:00Z,35.3,570.8
2020-09-11T02:30:00Z,35.04,755.1
2020-09-11T03:00:00Z,37.01,838.8
2020-09-11T03:30:00Z,31.35,743.4
2020-09-11T04:00:00Z,40.8,730.35
2020-09-11T04:30:00Z,37.43,758.35
2020-09-11T05:00:00Z,41.94,763.35
2020-09-11T05:30:00Z,41.02,882.9
2020-09-11T06:00:00Z,47.730000000000004,1469.1
2020-09-11T06:30:00Z,53.22,1321.6
2020-09-11T07:00:00Z,40.86,1119.05
2020-09-11T07:30:00Z,40.47,1505.2
2020-09-11T08:00:00Z,39.3,1507.5
2020-09-11T08:30:00Z,39.91,1481.7
2020-09-11T09:00:00Z,40.02,1556.25
2020-09-11T09:30:00Z,39.29,1875.1
2020-09-11T10:00:00Z,35.99,1239.0
2020-09-11T10:30:00Z,35.65,1466.0
2020-09-11T11:00:00Z,35.87,1380.05
2020-09-11T11:30:00Z,33.46,1462.1
2020-09-11T12:00:00Z,35.84,1082.5
2020-09-11T12:30:00Z,36.96,1345.75
2020-09-11T13:00:00Z,35.1,1179.2
2020-09-11T13:30:00Z,33.49,1098.75
2020-09-11T14:00:00Z,33.48,776.45
2020-09-11T14:30:00Z,29.21,892.6
2020-09-11T15:00:00Z,28.26,973.6
2020-09-11T15:30:00Z,35.78,1234.0
2020-09-11T16:00:00Z,39.79,895.95
2020-09-11T16:30:00Z,43.15,931.55
2020-09-11T17:00:00Z,46.17,1239.15
2020-09-11T17:30:00Z,48.23,1184.75
2020-09-11T18:00:00Z,39.23,1050.75
2020-09-11T18:30:00Z,44.15,999.55
2020-09-11T19:00:00Z,39.17,963.35
2020-09-11T19:30:00Z,34.98,1004.3
2020-09-11T20:00:00Z,36.45,1072.45
2020-09-11T20:30:00Z,34.56,1205.0
2020-09-11T21:00:00Z,32.14,1037.35
2020-09-11T21:30:00Z,34.77,1780.55
2020-09-11T22:00:00Z,36.74,724.65
2020-09-11T22:30:00Z,41.69,650.75
2020-09-11T23:00:00Z,34.81,675.25
2020-09-11T23:30:00Z,30.290000000000003,605.35
2020-09-12T00:00:00Z,29.13,517.7
2020-09-12T00:30:00Z,19.53,619.95
2020-09-12T01:00:00Z,18.59,696.15
2020-09-12T01:30:00Z,16.79,809.3
2020-09-12T02:00:00Z,16.17,901.45
2020-09-12T02:30:00Z,14.97,1003.5
2020-09-12T03:00:00Z,13.05,1197.5
2020-09-12T03:30:00Z,12.94,1030.2
2020-09-12T04:00:00Z,9.28,950.2
2020-09-12T04:30:00Z,10.209999999999999,991.15
2020-09-12T05:00:00Z,10.2,1049.7
2020-09-12T05:30:00Z,10.59,1450.15
2020-09-12T06:00:00Z,12.3,1515.1
2020-09-12T06:30:00Z,26.659999999999997,1482.55
2020-09-12T07:00:00Z,19.98,1468.05
2020-09-12T07:30:00Z,25.34,1399.1
2020-09-12T08:00:00Z,24.54,1690.0
2020-09-12T08:30:00Z,26.420000000000005,1622.95
2020-09-12T09:00:00Z,27.22,1607.4
2020-09-12T09:30:00Z,25.5,1717.75
2020-09-12T10:00:00Z,24.59,1462.8
2020-09-12T10:30:00Z,23.34,1463.2
2020-09-12T11:00:00Z,23.79,1424.2
2020-09-12T11:30:00Z,23.330000000000002,1494.25
2020-09-12T12:00:00Z,20.09,2266.2
2020-09-12T12:30:00Z,20.08,2044.4
2020-09-12T13:00:00Z,19.33,2057.75
2020-09-12T13:30:00Z,20.14,1901.4
2020-09-12T14:00:00Z,18.96,1470.1
2020-09-12T14:30:00Z,22.14,1445.6
2020-09-12T15:00:00Z,19.74,1521.6
2020-09-12T15:30:00Z,27.46,1375.1
2020-09-12T16:00:00Z,32.16,1221.45
2020-09-12T16:30:00Z,40.24,1164.95
2020-09-12T17:00:00Z,40.88,842.6
2020-09-12T17:30:00Z,39.21,1121.55
2020-09-12T18:00:00Z,43.61,1171.8
2020-09-12T18:30:00Z,43.8,1080.8
2020-09-12T19:00:00Z,42.84,1159.05
2020-09-12T19:30:00Z,39.24,1078.45
2020-09-12T20:00:00Z,32.91,1225.1
2020-09-12T20:30:00Z,31.08,1007.7
2020-09-12T21:00:00Z,33.71,1144.5
2020-09-12T21:30:00Z,25.13,1337.0
2020-09-12T22:00:00Z,37.12,889.9
2020-09-12T22:30:00Z,17.73,710.85
2020-09-12T23:00:00Z,36.68,547.35
2020-09-12T23:30:00Z,18.72,772.35
2020-09-13T00:00:00Z,34.35,443.55
2020-09-13T00:30:00Z,32.96,428.15
2020-09-13T01:00:00Z,33.24,591.5
2020-09-13T01:30:00Z,29.6,505.6
2020-09-13T02:00:00Z,26.23,326.4
2020-09-13T02:30:00Z,26.84,371.75
2020-09-13T03:00:00Z,27.71,394.95
2020-09-13T03:30:00Z,26.18,507.15
2020-09-13T04:00:00Z,26.56,618.55
2020-09-13T04:30:00Z,24.9,657.2
2020-09-13T05:00:00Z,26.76,665.4
2020-09-13T05:30:00Z,24.84,824.3
2020-09-13T06:00:00Z,9.990000000000002,918.1
2020-09-13T06:30:00Z,27.359999999999996,652.85
2020-09-13T07:00:00Z,21.01,1037.65
2020-09-13T07:30:00Z,34.35,862.8
2020-09-13T08:00:00Z,20.839999999999996,816.85
2020-09-13T08:30:00Z,21.85,950.3
2020-09-13T09:00:00Z,17.53,1004.7
2020-09-13T09:30:00Z,15.32,1240.15
2020-09-13T10:00:00Z,17.44,1178.35
2020-09-13T10:30:00Z,15.85,1271.65
2020-09-13T11:00:00Z,15.7,1211.85
2020-09-13T11:30:00Z,16.19,1194.3
2020-09-13T12:00:00Z,18.39,1677.3
2020-09-13T12:30:00Z,18.11,1387.4
2020-09-13T13:00:00Z,16.62,1617.8
2020-09-13T13:30:00Z,15.84,1676.5
2020-09-13T14:00:00Z,14.349999999999998,1561.05
2020-09-13T14:30:00Z,17.78,1524.95
2020-09-13T15:00:00Z,16.34,1413.7
2020-09-13T15:30:00Z,23.29,1315.65
2020-09-13T16:00:00Z,35.11,1320.95
2020-09-13T16:30:00Z,42.25,1168.7
2020-09-13T17:00:00Z,43.56,1142.05
2020-09-13T17:30:00Z,45.84,1053.15
2020-09-13T18:00:00Z,50.82,1028.6
2020-09-13T18:30:00Z,51.06,870.35
2020-09-13T19:00:00Z,52.71,978.3
2020-09-13T19:30:00Z,50.64,934.85
2020-09-13T20:00:00Z,47.83,1274.25
2020-09-13T20:30:00Z,42.03,1244.85
2020-09-13T21:00:00Z,41.52,1011.25
2020-09-13T21:30:00Z,36.86,978.3
2020-09-13T22:00:00Z,39.81,777.1
2020-09-13T22:30:00Z,26.84,732.9
2020-09-13T23:00:00Z,27.549999999999997,448.55
2020-09-13T23:30:00Z,30.62,606.95
2020-09-14T00:00:00Z,33.64,564.25
2020-09-14T00:30:00Z,31.85,518.4
2020-09-14T01:00:00Z,31.79,645.7
2020-09-14T01:30:00Z,32.06,624.6
2020-09-14T02:00:00Z,35.1,430.9
2020-09-14T02:30:00Z,33.61,420.1
2020-09-14T03:00:00Z,38.07,478.4
2020-09-14T03:30:00Z,23.68,651.55
2020-09-14T04:00:00Z,44.25,923.0
2020-09-14T04:30:00Z,29.46,878.45
2020-09-14T05:00:00Z,33.48,786.75
2020-09-14T05:30:00Z,38.86,808.85
2020-09-14T06:00:00Z,27.950000000000003,777.3
2020-09-14T06:30:00Z,49.19,862.45
2020-09-14T07:00:00Z,53.48,992.95
2020-09-14T07:30:00Z,55.68,1129.9
2020-09-14T08:00:00Z,44.75,1139.6
2020-09-14T08:30:00Z,43.72,1347.15
2020-09-14T09:00:00Z,47.64000000000001,1500.5
2020-09-14T09:30:00Z,45.98,1477.4
2020-09-14T10:00:00Z,48.04,1014.7
2020-09-14T10:30:00Z,46.53,1129.85
2020-09-14T11:00:00Z,46.52,1074.35
2020-09-14T11:30:00Z,45.63,1204.85
2020-09-14T12:00:00Z,45.92,1390.65
2020-09-14T12:30:00Z,43.98,1531.9
2020-09-14T13:00:00Z,47.56,1455.7
2020-09-14T13:30:00Z,49.03,1672.95
2020-09-14T14:00:00Z,80.38,1167.3
2020-09-14T14:30:00Z,83.82,1365.35
2020-09-14T15:00:00Z,85.74,1609.4
2020-09-14T15:30:00Z,100.05,2155.15
2020-09-14T16:00:00Z,115.20000000000002,2604.05
2020-09-14T16:30:00Z,125.84,2555.35
2020-09-14T17:00:00Z,151.03,2394.25
2020-09-14T17:30:00Z,154.14,2125.75
2020-09-14T18:00:00Z,118.0,1239.75
2020-09-14T18:30:00Z,117.82,1215.45
2020-09-14T19:00:00Z,112.4,1117.7
2020-09-14T19:30:00Z,91.9,951.8
2020-09-14T20:00:00Z,66.65,1343.1
2020-09-14T20:30:00Z,55.86,915.45
2020-09-14T21:00:00Z,61.97,1100.85
2020-09-14T21:30:00Z,51.14,1101.1
2020-09-14T22:00:00Z,67.09,514.3
2020-09-14T22:30:00Z,47.57,522.5
2020-09-14T23:00:00Z,43.44,586.15
2020-09-14T23:30:00Z,40.22,581.6
2020-09-15T00:00:00Z,33.78,346.75
2020-09-15T00:30:00Z,31.97,474.75
2020-09-15T01:00:00Z,31.3,395.0
2020-09-15T01:30:00Z,33.61,563.2
2020-09-15T02:00:00Z,34.03,415.55
2020-09-15T02:30:00Z,33.14,502.4
2020-09-15T03:00:00Z,36.41,535.5
2020-09-15T03:30:00Z,35.45,533.0
2020-09-15T04:00:00Z,43.05,566.0
2020-09-15T04:30:00Z,55.050000000000004,615.5
2020-09-15T05:00:00Z,66.4,492.25
2020-09-15T05:30:00Z,70.19,888.75
2020-09-15T06:00:00Z,92.09,844.1
2020-09-15T06:30:00Z,101.99,796.95
2020-09-15T07:00:00Z,90.0,667.65
2020-09-15T07:30:00Z,89.53,658.05
2020-09-15T08:00:00Z,77.54,802.15
2020-09-15T08:30:00Z,74.82,765.65
2020-09-15T09:00:00Z,72.94,1003.0
2020-09-15T09:30:00Z,69.02,1164.35
2020-09-15T10:00:00Z,70.66,608.6
2020-09-15T10:30:00Z,72.02,825.5
2020-09-15T11:00:00Z,67.75,952.95
2020-09-15T11:30:00Z,65.2,907.5
2020-09-15T12:00:00Z,77.27,1150.5
2020-09-15T12:30:00Z,71.93,961.6
2020-09-15T13:00:00Z,73.4,1043.0
2020-09-15T13:30:00Z,73.86,1202.9
2020-09-15T14:00:00Z,110.62,1333.8
2020-09-15T14:30:00Z,131.03,1258.3
2020-09-15T15:00:00Z,135.44,1601.3
2020-09-15T15:30:00Z,191.07999999999998,1581.05
2020-09-15T16:00:00Z,320.85,1829.95
2020-09-15T16:30:00Z,327.06,1722.8
2020-09-15T17:00:00Z,510.88,1759.25
2020-09-15T17:30:00Z,476.03999999999996,1843.25
2020-09-15T18:00:00Z,221.53,1651.55
2020-09-15T18:30:00Z,207.88,1560.6
2020-09-15T19:00:00Z,165.93999999999997,1604.2
2020-09-15T19:30:00Z,127.07,1472.95
2020-09-15T20:00:00Z,78.2,1114.45
2020-09-15T20:30:00Z,69.08,889.25
2020-09-15T21:00:00Z,71.82,680.55
2020-09-15T21:30:00Z,58.98,977.2
2020-09-15T22:00:00Z,49.160000000000004,358.95
2020-09-15T22:30:00Z,41.6,317.8
2020-09-15T23:00:00Z,45.02,248.5
2020-09-15T23:30:00Z,44.05,363.4
2020-09-16T00:00:00Z,41.27,564.2
2020-09-16T00:30:00Z,39.32,554.2
2020-09-16T01:00:00Z,36.66,474.85
2020-09-16T01:30:00Z,37.480000000000004,453.5
2020-09-16T02:00:00Z,35.61,423.1
2020-09-16T02:30:00Z,34.23,529.9
2020-09-16T03:00:00Z,35.64,589.15
2020-09-16T03:30:00Z,35.39,605.35
2020-09-16T04:00:00Z,34.07,790.4
2020-09-16T04:30:00Z,30.75,594.7
2020-09-16T05:00:00Z,34.2,761.2
2020-09-16T05:30:00Z,42.51,901.2
2020-09-16T06:00:00Z,53.75,924.65
2020-09-16T06:30:00Z,64.07,1019.45
2020-09-16T07:00:00Z,51.81,836.3
2020-09-16T07:30:00Z,51.95,1175.55
2020-09-16T08:00:00Z,55.29,1245.45
2020-09-16T08:30:00Z,55.93,1485.3
2020-09-16T09:00:00Z,57.45,1666.45
2020-09-16T09:30:00Z,53.51,1660.5
2020-09-16T10:00:00Z,43.58,1281.5
2020-09-16T10:30:00Z,41.38,1349.85
2020-09-16T11:00:00Z,40.36,1080.05
2020-09-16T11:30:00Z,39.73,1132.6
2020-09-16T12:00:00Z,37.73,1444.35
2020-09-16T12:30:00Z,36.69,1308.65
2020-09-16T13:00:00Z,36.99,1376.6
2020-09-16T13:30:00Z,36.72,1604.55
2020-09-16T14:00:00Z,34.11,1032.95
2020-09-16T14:30:00Z,35.23,943.85
2020-09-16T15:00:00Z,36.18,884.3
2020-09-16T15:30:00Z,41.61,1157.05
2020-09-16T16:00:00Z,41.93,1392.05
2020-09-16T16:30:00Z,44.01,1434.0
2020-09-16T17:00:00Z,44.54,1552.15
2020-09-16T17:30:00Z,44.9,1317.55
2020-09-16T18:00:00Z,43.36,1228.9
2020-09-16T18:30:00Z,47.29,1154.0
2020-09-16T19:00:00Z,47.67,791.6
2020-09-16T19:30:00Z,40.15,1059.6
2020-09-16T20:00:00Z,44.78,919.45
2020-09-16T20:30:00Z,38.64,973.65
2020-09-16T21:00:00Z,39.06,1158.15
2020-09-16T21:30:00Z,37.11,1391.1
2020-09-16T22:00:00Z,32.53,600.65
2020-09-16T22:30:00Z,28.53,678.15
2020-09-16T23:00:00Z,28.92,679.05
2020-09-16T23:30:00Z,28.619999999999997,848.3
2020-09-17T00:00:00Z,30.28,700.25
2020-09-17T00:30:00Z,30.77,782.1
2020-09-17T01:00:00Z,29.259999999999998,789.0
2020-09-17T01:30:00Z,28.579999999999995,784.1
2020-09-17T02:00:00Z,27.48,548.35
2020-09-17T02:30:00Z,27.419999999999998,606.5
2020-09-17T03:00:00Z,31.39,617.8
2020-09-17T03:30:00Z,29.03,604.4
2020-09-17T04:00:00Z,46.69,620.8
2020-09-17T04:30:00Z,42.42,528.55
2020-09-17T05:00:00Z,42.44,713.1
2020-09-17T05:30:00Z,47.57,829.25
2020-09-17T06:00:00Z,37.34,883.7
2020-09-17T06:30:00Z,51.17,896.2
2020-09-17T07:00:00Z,44.98,881.5
2020-09-17T07:30:00Z,43.03,1030.95
2020-09-17T08:00:00Z,40.36,1060.95
2020-09-17T08:30:00Z,36.7,1229.75
2020-09-17T09:00:00Z,40.43,1569.8
2020-09-17T09:30:00Z,39.06,1676.65
2020-09-17T10:00:00Z,34.82,1176.75
2020-09-17T10:30:00Z,34.21,1110.45
2020-09-17T11:00:00Z,34.85,1135.3
2020-09-17T11:30:00Z,34.85,1314.35
2020-09-17T12:00:00Z,36.03,1333.45
2020-09-17T12:30:00Z,36.68,1313.4
2020-09-17T13:00:00Z,38.5,1231.35
2020-09-17T13:30:00Z,37.04,1427.3
2020-09-17T14:00:00Z,43.29,1374.15
2020-09-17T14:30:00Z,43.14,1578.65
2020-09-17T15:00:00Z,42.66,1694.55
2020-09-17T15:30:00Z,47.6,1712.7
2020-09-17T16:00:00Z,47.68000000000001,1877.3
2020-09-17T16:30:00Z,48.18,2152.3
2020-09-17T17:00:00Z,51.14,2195.55
2020-09-17T17:30:00Z,51.51,2347.55
2020-09-17T18:00:00Z,42.75,1197.25
2020-09-17T18:30:00Z,41.78,1307.3
2020-09-17T19:00:00Z,40.68,1319.55
2020-09-17T19:30:00Z,39.18,1424.75
2020-09-17T20:00:00Z,39.63,1302.4
2020-09-17T20:30:00Z,37.31,1436.3
2020-09-17T21:00:00Z,40.29,1770.45
2020-09-17T21:30:00Z,40.35,1716.95
2020-09-17T22:00:00Z,37.14,765.65
2020-09-17T22:30:00Z,33.64,466.6
2020-09-17T23:00:00Z,22.060000000000002,403.45
2020-09-17T23:30:00Z,21.72,377.4
2020-09-18T00:00:00Z,27.23,552.1
2020-09-18T00:30:00Z,27.48,609.85
2020-09-18T01:00:00Z,27.639999999999997,740.7
2020-09-18T01:30:00Z,25.289999999999996,695.05
2020-09-18T02:00:00Z,26.36,558.35
2020-09-18T02:30:00Z,26.89,598.05
2020-09-18T03:00:00Z,31.26,745.1
2020-09-18T03:30:00Z,29.940000000000005,762.65
2020-09-18T04:00:00Z,35.52,668.75
2020-09-18T04:30:00Z,30.53,662.05
2020-09-18T05:00:00Z,41.24,856.0
2020-09-18T05:30:00Z,44.51,1101.35
2020-09-18T06:00:00Z,29.67,976.05
2020-09-18T06:30:00Z,46.87,939.95
2020-09-18T07:00:00Z,43.33,1175.95
2020-09-18T07:30:00Z,40.82,1026.85
2020-09-18T08:00:00Z,35.62,905.4
2020-09-18T08:30:00Z,30.130000000000003,1130.95
2020-09-18T09:00:00Z,34.77,1113.35
2020-09-18T09:30:00Z,31.289999999999996,1339.35
2020-09-18T10:00:00Z,33.63,1253.6
2020-09-18T10:30:00Z,34.79,1401.1
2020-09-18T11:00:00Z,32.7,1358.55
2020-09-18T11:30:00Z,30.550000000000004,1227.4
2020-09-18T12:00:00Z,31.89,1500.55
2020-09-18T12:30:00Z,31.17,1682.65
2020-09-18T13:00:00Z,32.31,1574.05
2020-09-18T13:30:00Z,29.989999999999995,1717.8
2020-09-18T14:00:00Z,31.46,1785.95
2020-09-18T14:30:00Z,34.82,1656.85
2020-09-18T15:00:00Z,37.41,2175.55
2020-09-18T15:30:00Z,37.57,1877.3
2020-09-18T16:00:00Z,36.86,1527.5
2020-09-18T16:30:00Z,41.44,1362.3
2020-09-18T17:00:00Z,43.57,1285.15
2020-09-18T17:30:00Z,41.34,1425.85
2020-09-18T18:00:00Z,33.31,1405.6
2020-09-18T18:30:00Z,37.85,1093.55
2020-09-18T19:00:00Z,38.64,950.05
2020-09-18T19:30:00Z,35.1,1400.6
2020-09-18T20:00:00Z,38.2,1326.25
2020-09-18T20:30:00Z,37.28,1369.85
2020-09-18T21:00:00Z,36.3,1679.3
2020-09-18T21:30:00Z,37.17,1657.15
2020-09-18T22:00:00Z,35.35,797.05
2020-09-18T22:30:00Z,33.18,745.2
2020-09-18T23:00:00Z,28.02,376.45
2020-09-18T23:30:00Z,21.27,345.55
2020-09-19T00:00:00Z,21.07,386.6
2020-09-19T00:30:00Z,17.0,572.75
2020-09-19T01:00:00Z,18.01,701.0
2020-09-19T01:30:00Z,16.55,674.35
2020-09-19T02:00:00Z,17.07,752.25
2020-09-19T02:30:00Z,17.31,786.4
2020-09-19T03:00:00Z,22.72,946.9
2020-09-19T03:30:00Z,20.95,663.45
2020-09-19T04:00:00Z,23.4,604.55
2020-09-19T04:30:00Z,32.71,711.0
2020-09-19T05:00:00Z,33.1,763.35
2020-09-19T05:30:00Z,39.55,708.65
2020-09-19T06:00:00Z,38.57,813.7
2020-09-19T06:30:00Z,45.21000000000001,865.6
2020-09-19T07:00:00Z,45.02,586.95
2020-09-19T07:30:00Z,45.97,617.6
2020-09-19T08:00:00Z,45.11,603.8
2020-09-19T08:30:00Z,45.36,1002.55
2020-09-19T09:00:00Z,45.71,953.9
2020-09-19T09:30:00Z,37.06,1187.0
2020-09-19T10:00:00Z,29.46,998.35
2020-09-19T10:30:00Z,27.54,992.25
2020-09-19T11:00:00Z,27.6,1036.85
2020-09-19T11:30:00Z,25.840000000000003,1556.05
2020-09-19T12:00:00Z,29.49,1399.15
2020-09-19T12:30:00Z,28.580000000000002,1155.9
2020-09-19T13:00:00Z,29.260000000000005,1226.4
2020-09-19T13:30:00Z,30.080000000000002,1152.75
2020-09-19T14:00:00Z,29.57,952.4
2020-09-19T14:30:00Z,31.17,905.2
2020-09-19T15:00:00Z,32.85,936.25
2020-09-19T15:30:00Z,38.32,1160.05
2020-09-19T16:00:00Z,44.7,853.55
2020-09-19T16:30:00Z,50.4,949.5
2020-09-19T17:00:00Z,50.45,897.15
2020-09-19T17:30:00Z,49.93,915.6
2020-09-19T18:00:00Z,50.06,704.5
2020-09-19T18:30:00Z,52.05,826.2
2020-09-19T19:00:00Z,53.39,837.95
2020-09-19T19:30:00Z,50.43000000000001,704.15
2020-09-19T20:00:00Z,46.95,835.45
2020-09-19T20:30:00Z,39.99,760.75
2020-09-19T21:00:00Z,34.68,739.0
2020-09-19T21:30:00Z,41.29,639.65
2020-09-19T22:00:00Z,35.51,574.5
2020-09-19T22:30:00Z,33.97,589.0
2020-09-19T23:00:00Z,24.050000000000004,352.55
2020-09-19T23:30:00Z,13.44,364.15
2020-09-20T00:00:00Z,20.06,271.6
2020-09-20T00:30:00Z,19.77,336.7
2020-09-20T01:00:00Z,28.68,584.85
2020-09-20T01:30:00Z,28.97,734.3
2020-09-20T02:00:00Z,28.19,477.15
2020-09-20T02:30:00Z,28.24,528.65
2020-09-20T03:00:00Z,28.5,493.45
2020-09-20T03:30:00Z,29.18,710.65
2020-09-20T04:00:00Z,24.0,491.55
2020-09-20T04:30:00Z,33.68,678.3
2020-09-20T05:00:00Z,35.89,485.55
2020-09-20T05:30:00Z,32.88,595.7
2020-09-20T06:00:00Z,31.609999999999996,612.8
2020-09-20T06:30:00Z,34.91,788.4
2020-09-20T07:00:00Z,30.59,854.35
2020-09-20T07:30:00Z,34.65,771.7
2020-09-20T08:00:00Z,41.77,752.0
2020-09-20T08:30:00Z,41.89,1040.8
2020-09-20T09:00:00Z,39.98,994.25
2020-09-20T09:30:00Z,39.89,1038.85
2020-09-20T10:00:00Z,43.26,1110.5
2020-09-20T10:30:00Z,43.97,1179.25
2020-09-20T11:00:00Z,44.7,965.2
2020-09-20T11:30:00Z,44.68,1091.6
2020-09-20T12:00:00Z,40.71,968.05
2020-09-20T12:30:00Z,36.87,805.85
2020-09-20T13:00:00Z,35.31,687.5
2020-09-20T13:30:00Z,32.17,822.15
2020-09-20T14:00:00Z,26.83,815.35
2020-09-20T14:30:00Z,29.109999999999996,701.05
2020-09-20T15:00:00Z,28.88,1023.4
2020-09-20T15:30:00Z,36.22,914.15
2020-09-20T16:00:00Z,46.13,795.35
2020-09-20T16:30:00Z,51.35,637.15
2020-09-20T17:00:00Z,54.129999999999995,815.15
2020-09-20T17:30:00Z,55.3,984.6
2020-09-20T18:00:00Z,53.56,1150.3
2020-09-20T18:30:00Z,55.14,986.05
2020-09-20T19:00:00Z,54.49,940.15
2020-09-20T19:30:00Z,51.48,1208.85
2020-09-20T20:00:00Z,42.84,922.8
2020-09-20T20:30:00Z,39.42,933.6
2020-09-20T21:00:00Z,42.87,1033.0
2020-09-20T21:30:00Z,36.1,1168.7
2020-09-20T22:00:00Z,24.56,387.65
2020-09-20T22:30:00Z,22.37,351.75
2020-09-20T23:00:00Z,26.76,282.4
2020-09-20T23:30:00Z,24.87,421.55
2020-09-21T00:00:00Z,26.2,291.7
2020-09-21T00:30:00Z,29.27,354.55
2020-09-21T01:00:00Z,29.66,290.9
2020-09-21T01:30:00Z,28.52,390.7
2020-09-21T02:00:00Z,30.859999999999996,458.15
2020-09-21T02:30:00Z,28.85,507.5
2020-09-21T03:00:00Z,32.73,388.4
2020-09-21T03:30:00Z,31.37,502.1
2020-09-21T04:00:00Z,40.52,372.35
2020-09-21T04:30:00Z,33.91,485.9
2020-09-21T05:00:00Z,29.19,314.25
2020-09-21T05:30:00Z,33.21,900.2
2020-09-21T06:00:00Z,35.76,1061.95
2020-09-21T06:30:00Z,42.68,1228.8
2020-09-21T07:00:00Z,39.7,1004.4
2020-09-21T07:30:00Z,45.54,890.2
2020-09-21T08:00:00Z,41.65,1019.7
2020-09-21T08:30:00Z,35.7,1103.7
2020-09-21T09:00:00Z,38.36,1175.4
2020-09-21T09:30:00Z,35.05,1195.4
2020-09-21T10:00:00Z,35.6,1230.2
2020-09-21T10:30:00Z,34.93,1657.25
2020-09-21T11:00:00Z,31.869999999999997,1310.55
2020-09-21T11:30:00Z,32.44,1310.85
2020-09-21T12:00:00Z,36.04,1746.0
2020-09-21T12:30:00Z,35.13,1784.6
2020-09-21T13:00:00Z,34.68,1805.3
2020-09-21T13:30:00Z,33.98,1719.55
2020-09-21T14:00:00Z,30.579999999999995,1692.2
2020-09-21T14:30:00Z,39.96000000000001,1847.6
2020-09-21T15:00:00Z,38.87,2267.95
2020-09-21T15:30:00Z,44.98,1933.6
2020-09-21T16:00:00Z,46.58,2275.6
2020-09-21T16:30:00Z,47.81,2367.15
2020-09-21T17:00:00Z,51.37,2126.95
2020-09-21T17:30:00Z,53.9,2293.35
2020-09-21T18:00:00Z,49.02,1919.4
2020-09-21T18:30:00Z,51.13,1712.8
2020-09-21T19:00:00Z,51.60000000000001,1707.75
2020-09-21T19:30:00Z,45.69,1612.85
2020-09-21T20:00:00Z,40.23,1367.05
2020-09-21T20:30:00Z,37.99,1289.75
2020-09-21T21:00:00Z,43.51,1076.45
2020-09-21T21:30:00Z,38.79,1317.55
2020-09-21T22:00:00Z,37.43,733.6
2020-09-21T22:30:00Z,42.85,533.55
2020-09-21T23:00:00Z,41.330000000000005,423.3
2020-09-21T23:30:00Z,35.75,328.5
2020-09-22T00:00:00Z,35.96,376.8
2020-09-22T00:30:00Z,36.43,345.55
2020-09-22T01:00:00Z,39.33,374.4
2020-09-22T01:30:00Z,37.59,612.45
2020-09-22T02:00:00Z,41.74,357.3
2020-09-22T02:30:00Z,36.57,506.25
2020-09-22T03:00:00Z,38.97,363.4
2020-09-22T03:30:00Z,27.47,507.15
2020-09-22T04:00:00Z,27.23,599.0
2020-09-22T04:30:00Z,30.58,647.85
2020-09-22T05:00:00Z,30.38,504.55
2020-09-22T05:30:00Z,39.27,1006.5
2020-09-22T06:00:00Z,52.34,977.15
2020-09-22T06:30:00Z,56.24,821.8
2020-09-22T07:00:00Z,53.88,1119.85
2020-09-22T07:30:00Z,53.08,1056.1
2020-09-22T08:00:00Z,52.25,1449.25
2020-09-22T08:30:00Z,48.36,1735.4
2020-09-22T09:00:00Z,41.58,1600.9
2020-09-22T09:30:00Z,39.13,1597.2
2020-09-22T10:00:00Z,36.37,1326.8
2020-09-22T10:30:00Z,36.52,1310.45
2020-09-22T11:00:00Z,38.16,1400.0
2020-09-22T11:30:00Z,34.96,1209.15
2020-09-22T12:00:00Z,36.05,1930.25
2020-09-22T12:30:00Z,36.93,1943.7
2020-09-22T13:00:00Z,36.32,1775.7
2020-09-22T13:30:00Z,36.24,1682.8
2020-09-22T14:00:00Z,40.59,1336.8
2020-09-22T14:30:00Z,40.58,1370.8
2020-09-22T15:00:00Z,41.59,1400.95
2020-09-22T15:30:00Z,48.25000000000001,1663.2
2020-09-22T16:00:00Z,52.99999999999999,1667.35
2020-09-22T16:30:00Z,53.76,1581.35
2020-09-22T17:00:00Z,54.2,1738.1
2020-09-22T17:30:00Z,53.46,1874.95
2020-09-22T18:00:00Z,52.45,1494.3
2020-09-22T18:30:00Z,52.8,1653.2
2020-09-22T19:00:00Z,45.11,1438.8
2020-09-22T19:30:00Z,42.88,1158.05
2020-09-22T20:00:00Z,41.83,1204.2
2020-09-22T20:30:00Z,41.36,1304.25
2020-09-22T21:00:00Z,39.43,1556.45
2020-09-22T21:30:00Z,39.42,1424.5
2020-09-22T22:00:00Z,35.14,759.3
2020-09-22T22:30:00Z,36.01,633.35
2020-09-22T23:00:00Z,39.37,456.05
2020-09-22T23:30:00Z,38.85000000000001,436.0
2020-09-23T00:00:00Z,38.93,582.55
2020-09-23T00:30:00Z,39.88,585.75
2020-09-23T01:00:00Z,40.74,504.75
2020-09-23T01:30:00Z,40.48,473.45
2020-09-23T02:00:00Z,40.58,527.95
2020-09-23T02:30:00Z,40.68,533.9
2020-09-23T03:00:00Z,40.9,646.0
2020-09-23T03:30:00Z,40.76,920.95
2020-09-23T04:00:00Z,42.9,589.35
2020-09-23T04:30:00Z,44.34,559.15
2020-09-23T05:00:00Z,47.81,894.45
2020-09-23T05:30:00Z,41.32,1385.3
2020-09-23T06:00:00Z,39.47,829.9
2020-09-23T06:30:00Z,51.64,975.05
2020-09-23T07:00:00Z,46.78,1006.2
2020-09-23T07:30:00Z,47.62,1170.05
2020-09-23T08:00:00Z,45.36,1138.7
2020-09-23T08:30:00Z,48.29,1137.45
2020-09-23T09:00:00Z,50.01,1274.05
2020-09-23T09:30:00Z,49.48,1216.0
2020-09-23T10:00:00Z,49.75,849.35
2020-09-23T10:30:00Z,49.79,981.15
2020-09-23T11:00:00Z,51.6,977.15
2020-09-23T11:30:00Z,49.44,1232.4
2020-09-23T12:00:00Z,48.95,1132.8
2020-09-23T12:30:00Z,49.42,1248.4
2020-09-23T13:00:00Z,46.57000000000001,1689.9
2020-09-23T13:30:00Z,42.08,1463.15
2020-09-23T14:00:00Z,40.67,1630.7
2020-09-23T14:30:00Z,43.9,2194.6
2020-09-23T15:00:00Z,41.96,2236.4
2020-09-23T15:30:00Z,45.74,2179.95
2020-09-23T16:00:00Z,52.17,1838.35
2020-09-23T16:30:00Z,52.63,1684.75
2020-09-23T17:00:00Z,52.9,2081.2
2020-09-23T17:30:00Z,54.22,2055.25
2020-09-23T18:00:00Z,55.52,1945.55
2020-09-23T18:30:00Z,47.39,1749.75
2020-09-23T19:00:00Z,44.9,1330.05
2020-09-23T19:30:00Z,43.24,1518.75
2020-09-23T20:00:00Z,44.27,1911.2
2020-09-23T20:30:00Z,40.42,2215.15
2020-09-23T21:00:00Z,38.62,2447.7
2020-09-23T21:30:00Z,39.12,2812.9
2020-09-23T22:00:00Z,39.66,712.2
2020-09-23T22:30:00Z,39.2,646.85
2020-09-23T23:00:00Z,31.77,434.4
2020-09-23T23:30:00Z,30.59,549.9
2020-09-24T00:00:00Z,28.91,501.1
2020-09-24T00:30:00Z,27.96,507.1
2020-09-24T01:00:00Z,26.200000000000003,648.9
2020-09-24T01:30:00Z,26.75,678.95
2020-09-24T02:00:00Z,26.63,808.5
2020-09-24T02:30:00Z,25.72,608.15
2020-09-24T03:00:00Z,27.46,663.05
2020-09-24T03:30:00Z,30.22,630.45
2020-09-24T04:00:00Z,40.18,966.4
2020-09-24T04:30:00Z,40.44,753.75
2020-09-24T05:00:00Z,39.06,1151.75
2020-09-24T05:30:00Z,39.49,1239.65
2020-09-24T06:00:00Z,45.9,1166.2
2020-09-24T06:30:00Z,53.79,1180.45
2020-09-24T07:00:00Z,52.03,1073.0
2020-09-24T07:30:00Z,50.09,1138.25
2020-09-24T08:00:00Z,52.13,1201.25
2020-09-24T08:30:00Z,51.04,1196.05
2020-09-24T09:00:00Z,46.64,1468.7
2020-09-24T09:30:00Z,42.49,1282.7
2020-09-24T10:00:00Z,38.8,1762.05
2020-09-24T10:30:00Z,42.08,1718.0
2020-09-24T11:00:00Z,40.99,1827.15
2020-09-24T11:30:00Z,40.8,1664.25
2020-09-24T12:00:00Z,43.63,1898.9
2020-09-24T12:30:00Z,41.84,1800.3
2020-09-24T13:00:00Z,42.92,1755.75
2020-09-24T13:30:00Z,44.0,1686.2
2020-09-24T14:00:00Z,48.49,1596.3
2020-09-24T14:30:00Z,43.73,1577.15
2020-09-24T15:00:00Z,49.38,1116.2
2020-09-24T15:30:00Z,54.6,1069.5
2020-09-24T16:00:00Z,59.35,2096.35
2020-09-24T16:30:00Z,61.84,1716.15
2020-09-24T17:00:00Z,64.24,1570.7
2020-09-24T17:30:00Z,65.02,1590.55
2020-09-24T18:00:00Z,73.08,1404.1
2020-09-24T18:30:00Z,69.74,1360.55
2020-09-24T19:00:00Z,61.76,1711.35
2020-09-24T19:30:00Z,51.6,1675.6
2020-09-24T20:00:00Z,42.52,1455.85
2020-09-24T20:30:00Z,37.72,1446.2
2020-09-24T21:00:00Z,37.85,1524.3
2020-09-24T21:30:00Z,40.739999999999995,1631.35
2020-09-24T22:00:00Z,43.09,1415.65
2020-09-24T22:30:00Z,46.17,952.25
2020-09-24T23:00:00Z,44.97,1120.3
2020-09-24T23:30:00Z,41.47,957.15
2020-09-25T00:00:00Z,36.0,923.4
2020-09-25T00:30:00Z,33.89,941.9
2020-09-25T01:00:00Z,26.3,861.65
2020-09-25T01:30:00Z,21.33,1041.05
2020-09-25T02:00:00Z,15.12,1045.7
2020-09-25T02:30:00Z,11.62,1234.1
2020-09-25T03:00:00Z,13.6,995.85
2020-09-25T03:30:00Z,12.51,1041.2
2020-09-25T04:00:00Z,25.87,781.1
2020-09-25T04:30:00Z,24.94,928.2
2020-09-25T05:00:00Z,32.78,1155.55
2020-09-25T05:30:00Z,37.45,1428.2
2020-09-25T06:00:00Z,28.840000000000003,1146.3
2020-09-25T06:30:00Z,42.81,1120.1
2020-09-25T07:00:00Z,48.34,1260.5
2020-09-25T07:30:00Z,46.22,1148.0
2020-09-25T08:00:00Z,49.22,1583.0
2020-09-25T08:30:00Z,41.77,1405.75
2020-09-25T09:00:00Z,41.71,1267.5
2020-09-25T09:30:00Z,37.93,1711.05
2020-09-25T10:00:00Z,39.98,1441.4
2020-09-25T10:30:00Z,40.49,1716.7
2020-09-25T11:00:00Z,37.75,1402.35
2020-09-25T11:30:00Z,37.14,1349.25
2020-09-25T12:00:00Z,36.49,1436.6
2020-09-25T12:30:00Z,34.36,1507.05
2020-09-25T13:00:00Z,28.55,1716.1
2020-09-25T13:30:00Z,25.45,1506.85
2020-09-25T14:00:00Z,23.65,1281.0
2020-09-25T14:30:00Z,27.68,1097.05
2020-09-25T15:00:00Z,37.3,1237.7
2020-09-25T15:30:00Z,39.62,1054.45
2020-09-25T16:00:00Z,41.239999999999995,1723.75
2020-09-25T16:30:00Z,52.66,1679.1
2020-09-25T17:00:00Z,55.58,1515.4
2020-09-25T17:30:00Z,56.71,1540.05
2020-09-25T18:00:00Z,59.11,1137.5
2020-09-25T18:30:00Z,59.3,1141.8
2020-09-25T19:00:00Z,58.49,1160.75
2020-09-25T19:30:00Z,55.5,1231.3
2020-09-25T20:00:00Z,49.82,1044.3
2020-09-25T20:30:00Z,51.55,1144.15
2020-09-25T21:00:00Z,45.97,1258.3
2020-09-25T21:30:00Z,44.19,1409.5
2020-09-25T22:00:00Z,51.07,490.05
2020-09-25T22:30:00Z,37.89,500.55
2020-09-25T23:00:00Z,44.83,854.5
2020-09-25T23:30:00Z,38.67,709.7
2020-09-26T00:00:00Z,35.95,653.7
2020-09-26T00:30:00Z,33.46,582.8
2020-09-26T01:00:00Z,34.29,681.6
2020-09-26T01:30:00Z,34.35,912.5
2020-09-26T02:00:00Z,29.64,723.45
2020-09-26T02:30:00Z,28.82,685.5
2020-09-26T03:00:00Z,27.48,818.45
2020-09-26T03:30:00Z,25.85,934.7
2020-09-26T04:00:00Z,25.98,694.5
2020-09-26T04:30:00Z,22.24,781.35
2020-09-26T05:00:00Z,19.51,765.8
2020-09-26T05:30:00Z,24.62,892.55
2020-09-26T06:00:00Z,17.46,862.05
2020-09-26T06:30:00Z,39.0,536.0
2020-09-26T07:00:00Z,31.74,825.6
2020-09-26T07:30:00Z,45.75,611.3
2020-09-26T08:00:00Z,43.19,731.7
2020-09-26T08:30:00Z,43.36,910.65
2020-09-26T09:00:00Z,43.45000000000001,918.2
2020-09-26T09:30:00Z,35.88,895.45
2020-09-26T10:00:00Z,37.82,909.55
2020-09-26T10:30:00Z,38.21,922.2
2020-09-26T11:00:00Z,37.68,959.2
2020-09-26T11:30:00Z,37.12,917.0
2020-09-26T12:00:00Z,37.76,991.0
2020-09-26T12:30:00Z,37.1,977.35
2020-09-26T13:00:00Z,35.02,931.85
2020-09-26T13:30:00Z,37.63,1098.7
2020-09-26T14:00:00Z,32.64,1279.1
2020-09-26T14:30:00Z,31.38,1254.8
2020-09-26T15:00:00Z,34.16,1265.5
2020-09-26T15:30:00Z,41.35,1271.35
2020-09-26T16:00:00Z,42.18,1141.15
2020-09-26T16:30:00Z,44.19,1075.85
2020-09-26T17:00:00Z,49.58,1015.4
2020-09-26T17:30:00Z,50.16,972.75
2020-09-26T18:00:00Z,55.55,1078.4
2020-09-26T18:30:00Z,54.41,1033.9
2020-09-26T19:00:00Z,53.73,945.1
2020-09-26T19:30:00Z,49.37,1142.7
2020-09-26T20:00:00Z,29.94,804.2
2020-09-26T20:30:00Z,27.16,884.3
2020-09-26T21:00:00Z,36.28,1023.15
2020-09-26T21:30:00Z,30.51,1250.0
2020-09-26T22:00:00Z,45.59,658.35
2020-09-26T22:30:00Z,32.03,511.0
2020-09-26T23:00:00Z,19.19,609.15
2020-09-26T23:30:00Z,14.910000000000002,594.0
2020-09-27T00:00:00Z,12.25,790.65
2020-09-27T00:30:00Z,14.53,634.3
2020-09-27T01:00:00Z,9.67,728.4
2020-09-27T01:30:00Z,7.6899999999999995,774.05
2020-09-27T02:00:00Z,5.76,545.9
2020-09-27T02:30:00Z,5.73,585.35
2020-09-27T03:00:00Z,6.85,681.9
2020-09-27T03:30:00Z,8.18,624.6
2020-09-27T04:00:00Z,12.3,644.45
2020-09-27T04:30:00Z,13.0,614.05
2020-09-27T05:00:00Z,14.48,734.55
2020-09-27T05:30:00Z,16.04,834.0
2020-09-27T06:00:00Z,23.44,986.6
2020-09-27T06:30:00Z,32.16,677.35
2020-09-27T07:00:00Z,28.17,1043.3
2020-09-27T07:30:00Z,39.22,950.1
2020-09-27T08:00:00Z,42.14,701.15
2020-09-27T08:30:00Z,39.93,973.25
2020-09-27T09:00:00Z,40.77,976.5
2020-09-27T09:30:00Z,39.68,1219.55
2020-09-27T10:00:00Z,35.43,687.8
2020-09-27T10:30:00Z,35.03,713.15
2020-09-27T11:00:00Z,35.34,969.95
2020-09-27T11:30:00Z,35.1,786.25
2020-09-27T12:00:00Z,38.01,725.8
2020-09-27T12:30:00Z,34.39,767.9
2020-09-27T13:00:00Z,36.8,857.05
2020-09-27T13:30:00Z,38.58,702.9
2020-09-27T14:00:00Z,39.0,943.35
2020-09-27T14:30:00Z,36.38,891.95
2020-09-27T15:00:00Z,38.17,738.7
2020-09-27T15:30:00Z,40.09,881.85
2020-09-27T16:00:00Z,41.88,1100.7
2020-09-27T16:30:00Z,49.96000000000001,822.45
2020-09-27T17:00:00Z,46.73,963.3
2020-09-27T17:30:00Z,47.48,752.4
2020-09-27T18:00:00Z,54.76,600.05
2020-09-27T18:30:00Z,43.3,683.95
2020-09-27T19:00:00Z,44.04,577.85
2020-09-27T19:30:00Z,30.77,493.55
2020-09-27T20:00:00Z,34.93,1171.5
2020-09-27T20:30:00Z,29.54,1263.25
2020-09-27T21:00:00Z,32.23,1278.75
2020-09-27T21:30:00Z,31.28,1753.0
2020-09-27T22:00:00Z,26.780000000000005,697.2
2020-09-27T22:30:00Z,16.34,741.2
2020-09-27T23:00:00Z,20.87,627.0
2020-09-27T23:30:00Z,24.7,1036.4
2020-09-28T00:00:00Z,29.14,891.65
2020-09-28T00:30:00Z,33.25,839.2
2020-09-28T01:00:00Z,32.39,1076.25
2020-09-28T01:30:00Z,29.28,986.4
2020-09-28T02:00:00Z,25.61,720.95
2020-09-28T02:30:00Z,20.84,570.05
2020-09-28T03:00:00Z,22.96,553.95
2020-09-28T03:30:00Z,21.42,651.45
2020-09-28T04:00:00Z,43.76,858.65
2020-09-28T04:30:00Z,43.33,725.05
2020-09-28T05:00:00Z,50.34,769.35
2020-09-28T05:30:00Z,51.67,1237.55
2020-09-28T06:00:00Z,56.38999999999999,960.7
2020-09-28T06:30:00Z,61.15,585.9
2020-09-28T07:00:00Z,58.53,814.9
2020-09-28T07:30:00Z,59.43,975.05
2020-09-28T08:00:00Z,58.44,840.3
2020-09-28T08:30:00Z,58.25,1008.9
2020-09-28T09:00:00Z,58.050000000000004,866.2
2020-09-28T09:30:00Z,57.53999999999999,920.0
2020-09-28T10:00:00Z,57.379999999999995,1159.8
2020-09-28T10:30:00Z,56.95,960.85
2020-09-28T11:00:00Z,56.98,995.6
2020-09-28T11:30:00Z,56.07,1045.35
2020-09-28T12:00:00Z,56.989999999999995,1339.45
2020-09-28T12:30:00Z,56.3,1439.15
2020-09-28T13:00:00Z,57.01,1416.15
2020-09-28T13:30:00Z,56.57,1513.9
2020-09-28T14:00:00Z,64.86,1708.1
2020-09-28T14:30:00Z,68.83,1587.45
2020-09-28T15:00:00Z,64.75,1867.65
2020-09-28T15:30:00Z,68.77,1979.3
2020-09-28T16:00:00Z,67.5,1544.25
2020-09-28T16:30:00Z,79.97,1523.75
2020-09-28T17:00:00Z,86.85999999999999,1617.55
2020-09-28T17:30:00Z,90.91,1955.9
2020-09-28T18:00:00Z,82.48,1426.45
2020-09-28T18:30:00Z,79.75,1325.9
2020-09-28T19:00:00Z,76.8,1278.55
2020-09-28T19:30:00Z,61.54,1334.15
2020-09-28T20:00:00Z,55.56,1900.0
2020-09-28T20:30:00Z,44.36,1275.35
2020-09-28T21:00:00Z,52.64999999999999,995.45
2020-09-28T21:30:00Z,45.07,1356.45
2020-09-28T22:00:00Z,38.58,724.25
2020-09-28T22:30:00Z,50.75,322.35
2020-09-28T23:00:00Z,50.02,440.2
2020-09-28T23:30:00Z,45.31,417.45
2020-09-29T00:00:00Z,43.66,767.8
2020-09-29T00:30:00Z,44.7,827.25
2020-09-29T01:00:00Z,43.85,657.4
2020-09-29T01:30:00Z,45.08,872.05
2020-09-29T02:00:00Z,45.65,931.9
2020-09-29T02:30:00Z,43.98,1247.0
2020-09-29T03:00:00Z,45.05,1027.65
2020-09-29T03:30:00Z,44.48,1320.2
2020-09-29T04:00:00Z,61.14,959.1
2020-09-29T04:30:00Z,60.029999999999994,1124.8
2020-09-29T05:00:00Z,65.46,1323.8
2020-09-29T05:30:00Z,73.47,1390.65
2020-09-29T06:00:00Z,88.57,1152.45
2020-09-29T06:30:00Z,100.01,752.15
2020-09-29T07:00:00Z,88.88,1010.9
2020-09-29T07:30:00Z,89.61,942.55
2020-09-29T08:00:00Z,90.31,1004.3
2020-09-29T08:30:00Z,86.27,1130.35
2020-09-29T09:00:00Z,84.48,1317.6
2020-09-29T09:30:00Z,72.21,1378.4
2020-09-29T10:00:00Z,58.68,1184.8
2020-09-29T10:30:00Z,61.25000000000001,1324.1
2020-09-29T11:00:00Z,63.1,1452.2
2020-09-29T11:30:00Z,56.21,1341.0
2020-09-29T12:00:00Z,51.92,1849.1
2020-09-29T12:30:00Z,50.84,1848.45
2020-09-29T13:00:00Z,54.63,1740.05
2020-09-29T13:30:00Z,50.78,1811.35
2020-09-29T14:00:00Z,59.07,2091.8
2020-09-29T14:30:00Z,66.69,1919.85
2020-09-29T15:00:00Z,62.22,1866.25
2020-09-29T15:30:00Z,65.59,1929.25
2020-09-29T16:00:00Z,68.79,2294.4
2020-09-29T16:30:00Z,68.86,2231.35
2020-09-29T17:00:00Z,72.12,2140.45
2020-09-29T17:30:00Z,75.5,2116.5
2020-09-29T18:00:00Z,55.510000000000005,1457.2
2020-09-29T18:30:00Z,56.75000000000001,1363.4
2020-09-29T19:00:00Z,63.18,1687.45
2020-09-29T19:30:00Z,48.71,1570.35
2020-09-29T20:00:00Z,49.54,1835.2
2020-09-29T20:30:00Z,44.66,1508.45
2020-09-29T21:00:00Z,47.74,1427.3
2020-09-29T21:30:00Z,44.69,2004.3
2020-09-29T22:00:00Z,36.03,749.7
2020-09-29T22:30:00Z,45.71,565.55
2020-09-29T23:00:00Z,44.42,461.1
2020-09-29T23:30:00Z,39.94,421.0
2020-09-30T00:00:00Z,45.4,346.35
2020-09-30T00:30:00Z,39.35,493.85
2020-09-30T01:00:00Z,37.59,531.05
2020-09-30T01:30:00Z,18.48,484.1
2020-09-30T02:00:00Z,41.44,674.6
2020-09-30T02:30:00Z,36.54,650.75
2020-09-30T03:00:00Z,37.93,666.2
2020-09-30T03:30:00Z,35.78,736.55
2020-09-30T04:00:00Z,48.29,573.1
2020-09-30T04:30:00Z,43.34,748.05
2020-09-30T05:00:00Z,49.15,734.05
2020-09-30T05:30:00Z,52.13,1452.35
2020-09-30T06:00:00Z,53.339999999999996,1296.5
2020-09-30T06:30:00Z,58.83,1266.4
2020-09-30T07:00:00Z,50.87,1072.4
2020-09-30T07:30:00Z,53.34,1115.2
2020-09-30T08:00:00Z,49.46,1272.15
2020-09-30T08:30:00Z,46.86,1393.45
2020-09-30T09:00:00Z,51.53,1519.15
2020-09-30T09:30:00Z,50.74,1609.85
2020-09-30T10:00:00Z,49.72,1619.3
2020-09-30T10:30:00Z,52.17,1602.15
2020-09-30T11:00:00Z,50.83,1486.05
2020-09-30T11:30:00Z,50.849999999999994,1499.55
2020-09-30T12:00:00Z,47.21999999999999,1424.45
2020-09-30T12:30:00Z,46.8,1586.65
2020-09-30T13:00:00Z,46.989999999999995,1586.45
2020-09-30T13:30:00Z,47.519999999999996,1561.1
2020-09-30T14:00:00Z,56.86,1622.35
2020-09-30T14:30:00Z,61.13,1804.9
2020-09-30T15:00:00Z,59.58,2144.25
2020-09-30T15:30:00Z,62.67,2009.45
2020-09-30T16:00:00Z,70.18,2173.8
2020-09-30T16:30:00Z,71.5,1941.15
2020-09-30T17:00:00Z,70.24,1986.55
2020-09-30T17:30:00Z,67.56,2133.35
2020-09-30T18:00:00Z,62.99999999999999,1408.35
2020-09-30T18:30:00Z,59.42,1122.05
2020-09-30T19:00:00Z,58.97,1108.85
2020-09-30T19:30:00Z,55.73,1187.15
2020-09-30T20:00:00Z,44.86,1053.45
2020-09-30T20:30:00Z,40.79,1007.2
2020-09-30T21:00:00Z,40.2,984.15
2020-09-30T21:30:00Z,37.77,1136.8
2020-09-30T22:00:00Z,14.5,542.95
2020-09-30T22:30:00Z,13.04,518.35
2020-09-30T23:00:00Z,15.92,694.65
2020-09-30T23:30:00Z,16.29,731.05
2020-10-01T00:00:00Z,15.66,648.0
2020-10-01T00:30:00Z,17.13,669.0
2020-10-01T01:00:00Z,16.07,651.1
2020-10-01T01:30:00Z,18.76,671.55
2020-10-01T02:00:00Z,22.32,647.5
2020-10-01T02:30:00Z,18.1,550.55
2020-10-01T03:00:00Z,20.43,506.45
2020-10-01T03:30:00Z,18.78,555.6
2020-10-01T04:00:00Z,30.16,1009.0
2020-10-01T04:30:00Z,31.15,1122.4
2020-10-01T05:00:00Z,42.65,1009.9
2020-10-01T05:30:00Z,45.08,1713.75
2020-10-01T06:00:00Z,36.46,626.9
2020-10-01T06:30:00Z,52.47,689.7
2020-10-01T07:00:00Z,64.5,780.5
2020-10-01T07:30:00Z,59.82999999999999,999.85
2020-10-01T08:00:00Z,36.84,1227.0
2020-10-01T08:30:00Z,37.14,933.0
2020-10-01T09:00:00Z,42.73,1160.3
2020-10-01T09:30:00Z,42.34,1467.4
2020-10-01T10:00:00Z,43.04,898.2
2020-10-01T10:30:00Z,46.21,1235.35
2020-10-01T11:00:00Z,45.87,1073.75
2020-10-01T11:30:00Z,44.27,1212.25
2020-10-01T12:00:00Z,48.98,1656.9
2020-10-01T12:30:00Z,44.59,1352.45
2020-10-01T13:00:00Z,39.59,1555.4
2020-10-01T13:30:00Z,40.08,1602.7
2020-10-01T14:00:00Z,41.72,999.2
2020-10-01T14:30:00Z,43.75,1164.05
2020-10-01T15:00:00Z,43.11,1049.5
2020-10-01T15:30:00Z,45.95,1820.95
2020-10-01T16:00:00Z,65.95,1953.95
2020-10-01T16:30:00Z,66.97,1245.15
2020-10-01T17:00:00Z,62.949999999999996,1295.45
2020-10-01T17:30:00Z,65.75,1559.15
2020-10-01T18:00:00Z,65.15,1214.75
2020-10-01T18:30:00Z,59.13,1316.05
2020-10-01T19:00:00Z,52.9,1209.55
2020-10-01T19:30:00Z,50.96999999999999,1330.0
2020-10-01T20:00:00Z,47.94,982.55
2020-10-01T20:30:00Z,44.44,1002.15
2020-10-01T21:00:00Z,44.19,927.2
2020-10-01T21:30:00Z,41.25,1307.55
2020-10-01T22:00:00Z,38.86,1244.75
2020-10-01T22:30:00Z,39.78,947.95
2020-10-01T23:00:00Z,39.779999999999994,870.75
2020-10-01T23:30:00Z,37.64,638.7
2020-10-02T00:00:00Z,30.83,636.15
2020-10-02T00:30:00Z,29.95,800.95
2020-10-02T01:00:00Z,24.000000000000004,930.45
2020-10-02T01:30:00Z,22.77,777.65
2020-10-02T02:00:00Z,21.34,592.85
2020-10-02T02:30:00Z,15.16,546.15
2020-10-02T03:00:00Z,15.11,661.2
2020-10-02T03:30:00Z,12.54,668.75
2020-10-02T04:00:00Z,22.16,829.1
2020-10-02T04:30:00Z,24.78,868.25
2020-10-02T05:00:00Z,39.14,1019.15
2020-10-02T05:30:00Z,40.44,1466.5
2020-10-02T06:00:00Z,35.64,1222.35
2020-10-02T06:30:00Z,47.53,1167.0
2020-10-02T07:00:00Z,42.59,1035.0
2020-10-02T07:30:00Z,44.6,1206.9
2020-10-02T08:00:00Z,46.41,1281.25
2020-10-02T08:30:00Z,45.879999999999995,1734.0
2020-10-02T09:00:00Z,49.95,2220.25
2020-10-02T09:30:00Z,49.08,1901.1
2020-10-02T10:00:00Z,44.53,1813.75
2020-10-02T10:30:00Z,45.35,1758.0
2020-10-02T11:00:00Z,45.89,2298.2
2020-10-02T11:30:00Z,41.85999999999999,1801.3
2020-10-02T12:00:00Z,40.4,1805.3
2020-10-02T12:30:00Z,40.17,1797.05
2020-10-02T13:00:00Z,42.63,2099.9
2020-10-02T13:30:00Z,38.79,1984.65
2020-10-02T14:00:00Z,35.44,1678.2
2020-10-02T14:30:00Z,34.77,1091.7
2020-10-02T15:00:00Z,31.679999999999996,1438.9
2020-10-02T15:30:00Z,33.39,1481.1
2020-10-02T16:00:00Z,40.0,1799.0
2020-10-02T16:30:00Z,48.76,2049.15
2020-10-02T17:00:00Z,48.13,2029.85
2020-10-02T17:30:00Z,46.62,1669.65
2020-10-02T18:00:00Z,45.94,1279.2
2020-10-02T18:30:00Z,36.52,1313.2
2020-10-02T19:00:00Z,34.49,1080.1
2020-10-02T19:30:00Z,34.09,1223.35
2020-10-02T20:00:00Z,39.89,1649.65
2020-10-02T20:30:00Z,38.51,1499.35
2020-10-02T21:00:00Z,40.45,1784.5
2020-10-02T21:30:00Z,40.2,2044.25
2020-10-02T22:00:00Z,51.2,883.45
2020-10-02T22:30:00Z,44.85,708.15
2020-10-02T23:00:00Z,35.03,704.9
2020-10-02T23:30:00Z,25.93,640.9
2020-10-03T00:00:00Z,30.16,503.85
2020-10-03T00:30:00Z,33.14,498.1
2020-10-03T01:00:00Z,27.56,435.9
2020-10-03T01:30:00Z,25.52,470.15
2020-10-03T02:00:00Z,24.84,545.55
2020-10-03T02:30:00Z,24.64,591.4
2020-10-03T03:00:00Z,33.54,648.15
2020-10-03T03:30:00Z,33.16,613.35
2020-10-03T04:00:00Z,38.08,708.85
2020-10-03T04:30:00Z,40.33,581.4
2020-10-03T05:00:00Z,41.3,538.9
2020-10-03T05:30:00Z,45.14,760.4
2020-10-03T06:00:00Z,48.79,1238.6
2020-10-03T06:30:00Z,49.05,912.3
2020-10-03T07:00:00Z,49.5,1007.15
2020-10-03T07:30:00Z,54.91,1046.25
2020-10-03T08:00:00Z,57.59,968.7
2020-10-03T08:30:00Z,59.32,1163.45
2020-10-03T09:00:00Z,58.86,1166.35
2020-10-03T09:30:00Z,58.6,1081.6
2020-10-03T10:00:00Z,60.87,1310.25
2020-10-03T10:30:00Z,60.37,1079.75
2020-10-03T11:00:00Z,61.18,1015.65
2020-10-03T11:30:00Z,61.379999999999995,1168.5
2020-10-03T12:00:00Z,61.49,914.9
2020-10-03T12:30:00Z,62.18000000000001,1103.6
2020-10-03T13:00:00Z,61.76,1257.6
2020-10-03T13:30:00Z,59.98,1115.2
2020-10-03T14:00:00Z,58.33,1035.3
2020-10-03T14:30:00Z,57.79,955.55
2020-10-03T15:00:00Z,59.91,1075.75
2020-10-03T15:30:00Z,60.34,1000.05
2020-10-03T16:00:00Z,62.39000000000001,1480.15
2020-10-03T16:30:00Z,62.31000000000001,1296.5
2020-10-03T17:00:00Z,60.830000000000005,1408.1
2020-10-03T17:30:00Z,60.13,1738.15
2020-10-03T18:00:00Z,56.33,1600.0
2020-10-03T18:30:00Z,48.65999999999999,1703.05
2020-10-03T19:00:00Z,50.55,1434.2
2020-10-03T19:30:00Z,51.26,1385.1
2020-10-03T20:00:00Z,43.08,1225.65
2020-10-03T20:30:00Z,43.75,1371.6
2020-10-03T21:00:00Z,42.99,1249.25
2020-10-03T21:30:00Z,38.75,1612.35
2020-10-03T22:00:00Z,37.14,1074.35
2020-10-03T22:30:00Z,21.57,884.45
2020-10-03T23:00:00Z,18.11,699.3
2020-10-03T23:30:00Z,12.86,808.4
2020-10-04T00:00:00Z,2.67,611.85
2020-10-04T00:30:00Z,3.46,639.7
2020-10-04T01:00:00Z,0.71,603.15
2020-10-04T01:30:00Z,0.35,642.05
2020-10-04T02:00:00Z,-0.08,521.4
2020-10-04T02:30:00Z,-2.25,625.95
2020-10-04T03:00:00Z,-4.59,609.75
2020-10-04T03:30:00Z,-4.51,673.5
2020-10-04T04:00:00Z,-2.26,607.6
2020-10-04T04:30:00Z,-0.02,632.85
2020-10-04T05:00:00Z,11.37,843.7
2020-10-04T05:30:00Z,20.46,849.7
2020-10-04T06:00:00Z,25.83,1853.75
2020-10-04T06:30:00Z,27.629999999999995,1549.0
2020-10-04T07:00:00Z,27.74,1336.35
2020-10-04T07:30:00Z,31.790000000000003,1475.9
2020-10-04T08:00:00Z,29.42,1449.35
2020-10-04T08:30:00Z,35.2,1702.35
2020-10-04T09:00:00Z,38.45,1723.8
2020-10-04T09:30:00Z,40.78,1569.45
2020-10-04T10:00:00Z,51.84,957.3
2020-10-04T10:30:00Z,51.63000000000001,931.45
2020-10-04T11:00:00Z,53.24,1080.0
2020-10-04T11:30:00Z,53.02,982.55
2020-10-04T12:00:00Z,55.18,1196.1
2020-10-04T12:30:00Z,55.78999999999999,1442.0
2020-10-04T13:00:00Z,54.39999999999999,1281.15
2020-10-04T13:30:00Z,53.81,1225.15
2020-10-04T14:00:00Z,60.64,1018.25
2020-10-04T14:30:00Z,62.18000000000001,831.8
2020-10-04T15:00:00Z,60.73,1205.05
2020-10-04T15:30:00Z,61.91,1002.95
2020-10-04T16:00:00Z,66.41,1191.15
2020-10-04T16:30:00Z,67.85,1030.65
2020-10-04T17:00:00Z,67.05,1012.05
2020-10-04T17:30:00Z,67.57,868.35
2020-10-04T18:00:00Z,63.4,975.3
2020-10-04T18:30:00Z,61.94,1032.65
2020-10-04T19:00:00Z,60.50999999999999,1153.65
2020-10-04T19:30:00Z,48.24,1297.35
2020-10-04T20:00:00Z,44.98,1212.0
2020-10-04T20:30:00Z,45.13,1160.75
2020-10-04T21:00:00Z,47.25,1110.65
2020-10-04T21:30:00Z,46.39,1276.35
2020-10-04T22:00:00Z,50.12,606.6
2020-10-04T22:30:00Z,47.95,840.65
2020-10-04T23:00:00Z,43.16,738.0
2020-10-04T23:30:00Z,44.99,873.1
2020-10-05T00:00:00Z,44.83,492.4
2020-10-05T00:30:00Z,47.72,603.65
2020-10-05T01:00:00Z,47.08,636.0
2020-10-05T01:30:00Z,48.25,808.25
2020-10-05T02:00:00Z,47.54,663.4
2020-10-05T02:30:00Z,43.5,679.7
2020-10-05T03:00:00Z,40.57,461.25
2020-10-05T03:30:00Z,40.05,490.65
2020-10-05T04:00:00Z,45.88,535.2
2020-10-05T04:30:00Z,46.65999999999999,706.55
2020-10-05T05:00:00Z,50.11,866.45
2020-10-05T05:30:00Z,42.73,1188.55
2020-10-05T06:00:00Z,40.43,1504.4
2020-10-05T06:30:00Z,42.19,1122.1
2020-10-05T07:00:00Z,47.62,989.75
2020-10-05T07:30:00Z,52.27,1155.95
2020-10-05T08:00:00Z,50.33,1086.45
2020-10-05T08:30:00Z,50.38,1122.35
2020-10-05T09:00:00Z,50.46,1248.35
2020-10-05T09:30:00Z,44.760000000000005,1520.8
2020-10-05T10:00:00Z,41.42,1179.9
2020-10-05T10:30:00Z,43.4,1486.55
2020-10-05T11:00:00Z,44.51,1610.95
2020-10-05T11:30:00Z,41.0,1566.75
2020-10-05T12:00:00Z,40.71,1791.05
2020-10-05T12:30:00Z,40.54,1902.3
2020-10-05T13:00:00Z,42.49,2007.25
2020-10-05T13:30:00Z,39.69,2199.2
2020-10-05T14:00:00Z,39.52,1390.3
2020-10-05T14:30:00Z,40.71,1886.6
2020-10-05T15:00:00Z,43.04,1568.75
2020-10-05T15:30:00Z,42.49,1673.55
2020-10-05T16:00:00Z,42.11,1500.65
2020-10-05T16:30:00Z,37.93,2058.25
2020-10-05T17:00:00Z,41.38,1886.0
2020-10-05T17:30:00Z,37.54,2439.85
2020-10-05T18:00:00Z,41.27,2672.85
2020-10-05T18:30:00Z,42.56,2732.15
2020-10-05T19:00:00Z,41.67,2461.6
2020-10-05T19:30:00Z,43.67,2438.7
2020-10-05T20:00:00Z,43.63,2928.4
2020-10-05T20:30:00Z,42.61,2556.7
2020-10-05T21:00:00Z,42.62,2760.15
2020-10-05T21:30:00Z,41.14,2442.2
2020-10-05T22:00:00Z,40.96,858.55
2020-10-05T22:30:00Z,28.92,1012.85
2020-10-05T23:00:00Z,31.37,686.5
2020-10-05T23:30:00Z,27.59,673.7
2020-10-06T00:00:00Z,20.03,516.3
2020-10-06T00:30:00Z,23.1,746.45
2020-10-06T01:00:00Z,25.2,650.0
2020-10-06T01:30:00Z,27.88,874.1
2020-10-06T02:00:00Z,31.15,682.05
2020-10-06T02:30:00Z,35.84,824.55
2020-10-06T03:00:00Z,30.64,866.45
2020-10-06T03:30:00Z,29.97,894.2
2020-10-06T04:00:00Z,41.34,376.35
2020-10-06T04:30:00Z,49.99,569.85
2020-10-06T05:00:00Z,48.69,823.35
2020-10-06T05:30:00Z,42.5,1305.6
2020-10-06T06:00:00Z,35.32,1373.25
2020-10-06T06:30:00Z,48.59,1272.15
2020-10-06T07:00:00Z,54.07,1180.4
2020-10-06T07:30:00Z,53.10999999999999,1449.9
2020-10-06T08:00:00Z,53.65,1220.45
2020-10-06T08:30:00Z,50.19,1476.1
2020-10-06T09:00:00Z,42.85,1634.85
2020-10-06T09:30:00Z,43.9,1951.4
2020-10-06T10:00:00Z,39.82,1603.2
2020-10-06T10:30:00Z,40.21,1266.0
2020-10-06T11:00:00Z,41.8,1457.75
2020-10-06T11:30:00Z,41.34,1547.65
2020-10-06T12:00:00Z,39.78,1360.7
2020-10-06T12:30:00Z,39.16,1378.85
2020-10-06T13:00:00Z,38.84,1374.45
2020-10-06T13:30:00Z,39.28,1531.15
2020-10-06T14:00:00Z,41.66,997.25
2020-10-06T14:30:00Z,41.82,1028.85
2020-10-06T15:00:00Z,38.57,1214.05
2020-10-06T15:30:00Z,47.88,1071.0
2020-10-06T16:00:00Z,51.96,1087.35
2020-10-06T16:30:00Z,54.65,1183.1
2020-10-06T17:00:00Z,55.31,1316.75
2020-10-06T17:30:00Z,56.53000000000001,1183.4
2020-10-06T18:00:00Z,56.32000000000001,1344.75
2020-10-06T18:30:00Z,53.13,1275.25
2020-10-06T19:00:00Z,52.47,947.45
2020-10-06T19:30:00Z,48.71,1088.2
2020-10-06T20:00:00Z,46.52,1165.4
2020-10-06T20:30:00Z,41.55,805.1
2020-10-06T21:00:00Z,44.95,1089.15
2020-10-06T21:30:00Z,40.13,1183.8
2020-10-06T22:00:00Z,43.94,918.2
2020-10-06T22:30:00Z,21.72,614.85
2020-10-06T23:00:00Z,30.25,774.9
2020-10-06T23:30:00Z,28.65,634.85
2020-10-07T00:00:00Z,32.36,802.75
2020-10-07T00:30:00Z,28.43,657.05
2020-10-07T01:00:00Z,23.64,785.55
2020-10-07T01:30:00Z,15.49,849.3
2020-10-07T02:00:00Z,25.82,924.85
2020-10-07T02:30:00Z,22.53,928.8
2020-10-07T03:00:00Z,28.29,962.4
2020-10-07T03:30:00Z,25.3,882.95
2020-10-07T04:00:00Z,31.290000000000003,1189.3
2020-10-07T04:30:00Z,39.67,973.0
2020-10-07T05:00:00Z,38.78,1063.7
2020-10-07T05:30:00Z,43.06,1296.85
2020-10-07T06:00:00Z,40.16,1186.95
2020-10-07T06:30:00Z,49.88,1116.7
2020-10-07T07:00:00Z,48.26,1307.65
2020-10-07T07:30:00Z,48.74,1609.0
2020-10-07T08:00:00Z,48.21000000000001,1467.1
2020-10-07T08:30:00Z,46.59000000000001,1488.5
2020-10-07T09:00:00Z,46.71,1318.45
2020-10-07T09:30:00Z,38.29,1504.85
2020-10-07T10:00:00Z,30.41,1264.8
2020-10-07T10:30:00Z,29.0,1343.2
2020-10-07T11:00:00Z,32.4,1628.5
2020-10-07T11:30:00Z,32.49,1558.95
2020-10-07T12:00:00Z,37.96,1839.95
2020-10-07T12:30:00Z,37.4,1625.65
2020-10-07T13:00:00Z,37.39,1669.1
2020-10-07T13:30:00Z,37.44,1658.45
2020-10-07T14:00:00Z,37.63,1609.05
2020-10-07T14:30:00Z,39.3,1206.4
2020-10-07T15:00:00Z,39.84,1493.65
2020-10-07T15:30:00Z,44.78,1613.25
2020-10-07T16:00:00Z,49.19,1466.0
2020-10-07T16:30:00Z,52.63,1120.9
2020-10-07T17:00:00Z,56.93,1030.4
2020-10-07T17:30:00Z,57.75,811.65
2020-10-07T18:00:00Z,62.32,577.95
2020-10-07T18:30:00Z,60.83,1129.65
2020-10-07T19:00:00Z,57.63000000000001,850.65
2020-10-07T19:30:00Z,55.01,783.9
2020-10-07T20:00:00Z,45.5,896.1
2020-10-07T20:30:00Z,41.99,1016.95
2020-10-07T21:00:00Z,41.67,1005.0
2020-10-07T21:30:00Z,42.67,1322.85
2020-10-07T22:00:00Z,42.03,1129.0
2020-10-07T22:30:00Z,49.41,749.9
2020-10-07T23:00:00Z,46.31000000000001,717.2
2020-10-07T23:30:00Z,44.93,735.8
2020-10-08T00:00:00Z,41.79,505.6
2020-10-08T00:30:00Z,44.61,735.35
2020-10-08T01:00:00Z,43.69,490.55
2020-10-08T01:30:00Z,42.9,685.1
2020-10-08T02:00:00Z,30.329999999999995,857.05
2020-10-08T02:30:00Z,26.28,590.25
2020-10-08T03:00:00Z,18.39,831.35
2020-10-08T03:30:00Z,15.93,864.3
2020-10-08T04:00:00Z,23.52,1223.9
2020-10-08T04:30:00Z,36.69,1203.85
2020-10-08T05:00:00Z,36.83,1104.8
2020-10-08T05:30:00Z,37.43,1605.65
2020-10-08T06:00:00Z,32.35,1517.9
2020-10-08T06:30:00Z,45.40999999999999,1484.5
2020-10-08T07:00:00Z,49.58,1321.7
2020-10-08T07:30:00Z,48.81,1406.1
2020-10-08T08:00:00Z,49.209999999999994,1526.05
2020-10-08T08:30:00Z,50.870000000000005,1670.95
2020-10-08T09:00:00Z,50.34,1785.55
2020-10-08T09:30:00Z,49.37,1806.1
2020-10-08T10:00:00Z,44.39,1883.75
2020-10-08T10:30:00Z,40.87,1820.6
2020-10-08T11:00:00Z,39.0,1889.25
2020-10-08T11:30:00Z,38.34,1968.8
2020-10-08T12:00:00Z,39.04,1888.75
2020-10-08T12:30:00Z,40.36,1989.75
2020-10-08T13:00:00Z,38.41,1843.05
2020-10-08T13:30:00Z,38.2,1872.35
2020-10-08T14:00:00Z,46.02,1238.9
2020-10-08T14:30:00Z,47.42999999999999,1428.7
2020-10-08T15:00:00Z,46.49,1448.4
2020-10-08T15:30:00Z,51.84000000000001,1530.4
2020-10-08T16:00:00Z,59.65,1793.4
2020-10-08T16:30:00Z,61.86999999999999,1763.05
2020-10-08T17:00:00Z,62.9,1639.65
2020-10-08T17:30:00Z,65.84,1229.75
2020-10-08T18:00:00Z,76.0,1439.85
2020-10-08T18:30:00Z,85.57,1396.65
2020-10-08T19:00:00Z,89.07,1277.6
2020-10-08T19:30:00Z,71.63,1419.95
2020-10-08T20:00:00Z,60.06,1688.0
2020-10-08T20:30:00Z,47.040000000000006,1906.8
2020-10-08T21:00:00Z,51.5,1959.8
2020-10-08T21:30:00Z,50.99,1887.05
2020-10-08T22:00:00Z,53.53,1141.25
2020-10-08T22:30:00Z,54.79,770.2
2020-10-08T23:00:00Z,46.37,933.4
2020-10-08T23:30:00Z,34.59,1079.7
2020-10-09T00:00:00Z,28.99,788.15
2020-10-09T00:30:00Z,28.220000000000002,716.6
2020-10-09T01:00:00Z,31.1,860.05
2020-10-09T01:30:00Z,26.55,693.7
2020-10-09T02:00:00Z,27.55,805.3
2020-10-09T02:30:00Z,26.04,733.5
2020-10-09T03:00:00Z,26.83,861.45
2020-10-09T03:30:00Z,27.210000000000004,903.2
2020-10-09T04:00:00Z,37.65,819.55
2020-10-09T04:30:00Z,41.42,920.55
2020-10-09T05:00:00Z,46.46,1060.2
2020-10-09T05:30:00Z,42.96,965.95
2020-10-09T06:00:00Z,47.599999999999994,1612.65
2020-10-09T06:30:00Z,56.5,1160.05
2020-10-09T07:00:00Z,51.48,1242.15
2020-10-09T07:30:00Z,52.7,1458.25
2020-10-09T08:00:00Z,47.709999999999994,1544.45
2020-10-09T08:30:00Z,44.99,1337.55
2020-10-09T09:00:00Z,45.74999999999999,1613.05
2020-10-09T09:30:00Z,43.66,2032.7
2020-10-09T10:00:00Z,39.01,1619.55
2020-10-09T10:30:00Z,37.93,1663.95
2020-10-09T11:00:00Z,36.9,1812.7
2020-10-09T11:30:00Z,38.37,1506.6
2020-10-09T12:00:00Z,38.68,1616.5
2020-10-09T12:30:00Z,38.39,1685.1
2020-10-09T13:00:00Z,40.03,1626.15
2020-10-09T13:30:00Z,38.96,1546.85
2020-10-09T14:00:00Z,39.24,1369.15
2020-10-09T14:30:00Z,39.16,1416.2
2020-10-09T15:00:00Z,41.79,1567.8
2020-10-09T15:30:00Z,43.71,1552.0
2020-10-09T16:00:00Z,44.19,1202.45
2020-10-09T16:30:00Z,43.54,1321.75
2020-10-09T17:00:00Z,50.01,1237.8
2020-10-09T17:30:00Z,53.52,1132.05
2020-10-09T18:00:00Z,52.97,1238.2
2020-10-09T18:30:00Z,50.15,1074.0
2020-10-09T19:00:00Z,46.83,871.2
2020-10-09T19:30:00Z,44.65,808.75
2020-10-09T20:00:00Z,40.2,829.9
2020-10-09T20:30:00Z,39.57,971.05
2020-10-09T21:00:00Z,46.6,982.75
2020-10-09T21:30:00Z,45.03,756.0
2020-10-09T22:00:00Z,49.24000000000001,792.2
2020-10-09T22:30:00Z,29.49,878.35
2020-10-09T23:00:00Z,33.33,793.85
2020-10-09T23:30:00Z,26.33,459.55
2020-10-10T00:00:00Z,27.07,604.7
2020-10-10T00:30:00Z,27.28,611.5
2020-10-10T01:00:00Z,40.52,758.3
2020-10-10T01:30:00Z,34.95,540.65
2020-10-10T02:00:00Z,41.78,605.2
2020-10-10T02:30:00Z,32.04,552.05
2020-10-10T03:00:00Z,37.85,544.65
2020-10-10T03:30:00Z,33.07,535.7
2020-10-10T04:00:00Z,30.299999999999997,542.85
2020-10-10T04:30:00Z,30.29,767.1
2020-10-10T05:00:00Z,13.240000000000002,773.2
2020-10-10T05:30:00Z,29.73,812.2
2020-10-10T06:00:00Z,32.46,1294.35
2020-10-10T06:30:00Z,39.84,978.75
2020-10-10T07:00:00Z,44.72,817.3
2020-10-10T07:30:00Z,47.44,1215.5
2020-10-10T08:00:00Z,54.31,958.45
2020-10-10T08:30:00Z,54.31,983.95
2020-10-10T09:00:00Z,53.43,1003.35
2020-10-10T09:30:00Z,52.79,924.6
2020-10-10T10:00:00Z,51.849999999999994,674.1
2020-10-10T10:30:00Z,46.63,698.9
2020-10-10T11:00:00Z,42.45,890.65
2020-10-10T11:30:00Z,42.51,785.75
2020-10-10T12:00:00Z,44.790000000000006,897.05
2020-10-10T12:30:00Z,39.35,816.3
2020-10-10T13:00:00Z,37.4,803.15
2020-10-10T13:30:00Z,35.95,864.2
2020-10-10T14:00:00Z,38.15,780.95
2020-10-10T14:30:00Z,39.39,885.0
2020-10-10T15:00:00Z,41.38,782.65
2020-10-10T15:30:00Z,43.57000000000001,802.9
2020-10-10T16:00:00Z,54.18,1519.0
2020-10-10T16:30:00Z,59.57000000000001,1275.85
2020-10-10T17:00:00Z,62.46,1090.55
2020-10-10T17:30:00Z,64.31,1177.3
2020-10-10T18:00:00Z,64.41,1193.5
2020-10-10T18:30:00Z,60.23,1059.95
2020-10-10T19:00:00Z,56.27,964.7
2020-10-10T19:30:00Z,48.95,1022.45
2020-10-10T20:00:00Z,48.81,823.3
2020-10-10T20:30:00Z,52.17,945.7
2020-10-10T21:00:00Z,49.26,1020.65
2020-10-10T21:30:00Z,50.28,1080.85
2020-10-10T22:00:00Z,51.44,928.05
2020-10-10T22:30:00Z,49.6,790.35
2020-10-10T23:00:00Z,39.0,730.65
2020-10-10T23:30:00Z,32.11,698.4
2020-10-11T00:00:00Z,39.59,710.95
2020-10-11T00:30:00Z,32.44,753.9
2020-10-11T01:00:00Z,35.3,683.35
2020-10-11T01:30:00Z,38.0,657.15
2020-10-11T02:00:00Z,32.85,724.4
2020-10-11T02:30:00Z,24.93,831.4
2020-10-11T03:00:00Z,23.94,825.3
2020-10-11T03:30:00Z,21.98,787.55
2020-10-11T04:00:00Z,15.74,816.4
2020-10-11T04:30:00Z,18.8,858.45
2020-10-11T05:00:00Z,25.76,752.7
2020-10-11T05:30:00Z,28.18,771.55
2020-10-11T06:00:00Z,34.68,933.45
2020-10-11T06:30:00Z,41.77,695.8
2020-10-11T07:00:00Z,36.92,658.8
2020-10-11T07:30:00Z,36.48,792.2
2020-10-11T08:00:00Z,40.27,848.6
2020-10-11T08:30:00Z,41.36000000000001,802.35
2020-10-11T09:00:00Z,35.13,672.95
2020-10-11T09:30:00Z,36.73,883.95
2020-10-11T10:00:00Z,38.3,873.6
2020-10-11T10:30:00Z,39.09,755.9
2020-10-11T11:00:00Z,41.29,1055.05
2020-10-11T11:30:00Z,42.28000000000001,924.05
2020-10-11T12:00:00Z,42.98,866.95
2020-10-11T12:30:00Z,40.32,885.6
2020-10-11T13:00:00Z,41.63,914.45
2020-10-11T13:30:00Z,35.8,1121.85
2020-10-11T14:00:00Z,32.23,1250.65
2020-10-11T14:30:00Z,38.19,1326.2
2020-10-11T15:00:00Z,40.26,1092.9
2020-10-11T15:30:00Z,36.69,958.45
2020-10-11T16:00:00Z,39.12,1052.2
2020-10-11T16:30:00Z,46.78999999999999,705.6
2020-10-11T17:00:00Z,52.89999999999999,1274.95
2020-10-11T17:30:00Z,56.650000000000006,712.2
2020-10-11T18:00:00Z,59.57,1278.65
2020-10-11T18:30:00Z,57.18000000000001,1161.6
2020-10-11T19:00:00Z,55.32,1026.55
2020-10-11T19:30:00Z,45.92,1102.0
2020-10-11T20:00:00Z,43.05,995.95
2020-10-11T20:30:00Z,42.2,1093.85
2020-10-11T21:00:00Z,44.68,1327.55
2020-10-11T21:30:00Z,42.79,1626.25
2020-10-11T22:00:00Z,46.8,666.05
2020-10-11T22:30:00Z,45.45,573.75
2020-10-11T23:00:00Z,45.32,289.5
2020-10-11T23:30:00Z,43.77,392.2
2020-10-12T00:00:00Z,44.26,280.9
2020-10-12T00:30:00Z,47.5,401.15
2020-10-12T01:00:00Z,47.02,329.1
2020-10-12T01:30:00Z,43.48,514.2
2020-10-12T02:00:00Z,36.52,619.7
2020-10-12T02:30:00Z,39.86,581.45
2020-10-12T03:00:00Z,40.12,534.85
2020-10-12T03:30:00Z,32.01,543.7
2020-10-12T04:00:00Z,45.73,577.55
2020-10-12T04:30:00Z,40.97,926.9
2020-10-12T05:00:00Z,51.83,936.1
2020-10-12T05:30:00Z,45.46,1518.4
2020-10-12T06:00:00Z,62.16,1654.35
2020-10-12T06:30:00Z,69.29,1266.8
2020-10-12T07:00:00Z,57.97,1746.5
2020-10-12T07:30:00Z,61.29,1885.45
2020-10-12T08:00:00Z,54.23,1828.4
2020-10-12T08:30:00Z,55.06,1859.5
2020-10-12T09:00:00Z,55.5,1802.7
2020-10-12T09:30:00Z,51.71,2163.8
2020-10-12T10:00:00Z,39.68,1637.2
2020-10-12T10:30:00Z,51.76,2056.7
2020-10-12T11:00:00Z,51.16,2146.45
2020-10-12T11:30:00Z,42.89,1905.15
2020-10-12T12:00:00Z,39.73,1917.4
2020-10-12T12:30:00Z,38.81,1949.85
2020-10-12T13:00:00Z,37.96,2409.45
2020-10-12T13:30:00Z,36.73,2601.6
2020-10-12T14:00:00Z,41.75,2828.05
2020-10-12T14:30:00Z,44.41,2877.5
2020-10-12T15:00:00Z,43.48,2701.15
2020-10-12T15:30:00Z,45.50000000000001,2951.45
2020-10-12T16:00:00Z,47.84,3165.3
2020-10-12T16:30:00Z,46.94,2715.9
2020-10-12T17:00:00Z,46.81000000000001,2891.3
2020-10-12T17:30:00Z,47.050000000000004,2915.4
2020-10-12T18:00:00Z,43.76,2874.9
2020-10-12T18:30:00Z,45.14,2593.95
2020-10-12T19:00:00Z,44.32,2376.1
2020-10-12T19:30:00Z,42.6,2356.15
2020-10-12T20:00:00Z,40.55,2478.95
2020-10-12T20:30:00Z,39.12,2387.95
2020-10-12T21:00:00Z,38.95,2336.85
2020-10-12T21:30:00Z,39.62,2338.0
2020-10-12T22:00:00Z,24.24,853.95
2020-10-12T22:30:00Z,25.02,1065.0
2020-10-12T23:00:00Z,32.22,784.75
2020-10-12T23:30:00Z,33.35,876.6
2020-10-13T00:00:00Z,39.18,862.85
2020-10-13T00:30:00Z,38.19,1097.15
2020-10-13T01:00:00Z,36.56,851.3
2020-10-13T01:30:00Z,37.68,894.15
2020-10-13T02:00:00Z,47.519999999999996,857.0
2020-10-13T02:30:00Z,44.88,856.55
2020-10-13T03:00:00Z,40.22,784.3
2020-10-13T03:30:00Z,39.82,929.8
2020-10-13T04:00:00Z,54.120000000000005,629.2
2020-10-13T04:30:00Z,50.74000000000001,882.25
2020-10-13T05:00:00Z,56.83,934.65
2020-10-13T05:30:00Z,56.14,1195.0
2020-10-13T06:00:00Z,68.26,1707.25
2020-10-13T06:30:00Z,74.55,1354.15
2020-10-13T07:00:00Z,69.83,1514.25
2020-10-13T07:30:00Z,67.96,1618.5
2020-10-13T08:00:00Z,65.76,1552.3
2020-10-13T08:30:00Z,64.9,1646.4
2020-10-13T09:00:00Z,63.26,1979.5
2020-10-13T09:30:00Z,59.67,2094.35
2020-10-13T10:00:00Z,51.99,1697.9
2020-10-13T10:30:00Z,49.14,1820.05
2020-10-13T11:00:00Z,47.519999999999996,1686.1
2020-10-13T11:30:00Z,44.72,1788.65
2020-10-13T12:00:00Z,41.99,2123.65
2020-10-13T12:30:00Z,41.52,1964.2
2020-10-13T13:00:00Z,43.53,1788.25
2020-10-13T13:30:00Z,42.14,1667.0
2020-10-13T14:00:00Z,44.64,1173.2
2020-10-13T14:30:00Z,43.57,1564.75
2020-10-13T15:00:00Z,46.18,1632.45
2020-10-13T15:30:00Z,50.66,1529.0
2020-10-13T16:00:00Z,49.47,1465.4
2020-10-13T16:30:00Z,55.38000000000001,1592.3
2020-10-13T17:00:00Z,58.92,1650.0
2020-10-13T17:30:00Z,60.1,1436.35
2020-10-13T18:00:00Z,56.51,934.75
2020-10-13T18:30:00Z,43.70180033756329,799.85
2020-10-13T19:00:00Z,46.206196673897324,553.2
2020-10-13T19:30:00Z,41.8362821488358,657.1
2020-10-13T20:00:00Z,38.51,436.2
2020-10-13T20:30:00Z,36.17,484.3
2020-10-13T21:00:00Z,35.76,703.7
2020-10-13T21:30:00Z,27.6,1047.85
2020-10-13T22:00:00Z,10.04,934.8
2020-10-13T22:30:00Z,8.77,1009.95
2020-10-13T23:00:00Z,27.75,922.25
2020-10-13T23:30:00Z,28.0,1092.15
2020-10-14T00:00:00Z,28.79,986.35
2020-10-14T00:30:00Z,28.48,718.7
2020-10-14T01:00:00Z,28.07,883.3
2020-10-14T01:30:00Z,25.52,928.45
2020-10-14T02:00:00Z,31.989999999999995,726.3
2020-10-14T02:30:00Z,31.34,775.2
2020-10-14T03:00:00Z,32.0,765.75
2020-10-14T03:30:00Z,32.23,728.55
2020-10-14T04:00:00Z,33.93,923.1
2020-10-14T04:30:00Z,34.62,911.25
2020-10-14T05:00:00Z,41.03,1246.4
2020-10-14T05:30:00Z,33.62,1301.45
2020-10-14T06:00:00Z,28.05,1510.75
2020-10-14T06:30:00Z,47.38999999999999,837.45
2020-10-14T07:00:00Z,61.4,1522.85
2020-10-14T07:30:00Z,62.980000000000004,1818.2
2020-10-14T08:00:00Z,53.03,1683.8
2020-10-14T08:30:00Z,49.23,1938.25
2020-10-14T09:00:00Z,48.47,1810.9
2020-10-14T09:30:00Z,46.74,1900.4
2020-10-14T10:00:00Z,53.33,2085.85
2020-10-14T10:30:00Z,48.26,1687.65
2020-10-14T11:00:00Z,49.87,2318.2
2020-10-14T11:30:00Z,51.59,2108.3
2020-10-14T12:00:00Z,50.02,2077.9
2020-10-14T12:30:00Z,50.24,2267.25
2020-10-14T13:00:00Z,46.54,2759.1
2020-10-14T13:30:00Z,45.23,2687.9
2020-10-14T14:00:00Z,51.99,1762.2
2020-10-14T14:30:00Z,55.96,1943.85
2020-10-14T15:00:00Z,58.79,2392.3
2020-10-14T15:30:00Z,65.83,2043.1
2020-10-14T16:00:00Z,68.91,1787.4
2020-10-14T16:30:00Z,75.91,2095.0
2020-10-14T17:00:00Z,78.26,2230.75
2020-10-14T17:30:00Z,73.29,2470.1
2020-10-14T18:00:00Z,67.38,1645.6
2020-10-14T18:30:00Z,55.39,1350.4
2020-10-14T19:00:00Z,53.16,1349.7
2020-10-14T19:30:00Z,46.24,1540.7
2020-10-14T20:00:00Z,44.08,1359.4
2020-10-14T20:30:00Z,45.07,1333.65
2020-10-14T21:00:00Z,41.1,1632.7
2020-10-14T21:30:00Z,40.51,1599.4
2020-10-14T22:00:00Z,22.3,612.65
2020-10-14T22:30:00Z,23.75,448.45
2020-10-14T23:00:00Z,26.0,432.85
2020-10-14T23:30:00Z,28.470000000000002,652.05
2020-10-15T00:00:00Z,31.239999999999995,351.5
2020-10-15T00:30:00Z,31.86,421.7
2020-10-15T01:00:00Z,31.320000000000004,542.35
2020-10-15T01:30:00Z,31.000000000000004,640.35
2020-10-15T02:00:00Z,37.62,444.7
2020-10-15T02:30:00Z,35.84,628.75
2020-10-15T03:00:00Z,36.2,626.8
2020-10-15T03:30:00Z,37.78,679.55
2020-10-15T04:00:00Z,45.14,662.85
2020-10-15T04:30:00Z,39.96,800.05
2020-10-15T05:00:00Z,46.51,1011.45
2020-10-15T05:30:00Z,38.47,1401.4
2020-10-15T06:00:00Z,27.97,1106.45
2020-10-15T06:30:00Z,41.78,820.8
2020-10-15T07:00:00Z,50.58,1220.1
2020-10-15T07:30:00Z,51.63,1503.85
2020-10-15T08:00:00Z,44.1,988.1
2020-10-15T08:30:00Z,40.18,1761.7
2020-10-15T09:00:00Z,43.79,1236.65
2020-10-15T09:30:00Z,38.46,1754.1
2020-10-15T10:00:00Z,32.91,1527.55
2020-10-15T10:30:00Z,43.95,2163.9
2020-10-15T11:00:00Z,44.0,1835.3
2020-10-15T11:30:00Z,40.63,1539.55
2020-10-15T12:00:00Z,40.04,1305.15
2020-10-15T12:30:00Z,43.84000000000001,1603.7
2020-10-15T13:00:00Z,44.84,1255.2
2020-10-15T13:30:00Z,42.5,1520.0
2020-10-15T14:00:00Z,45.26,1425.3
2020-10-15T14:30:00Z,50.69,1287.7
2020-10-15T15:00:00Z,44.82000000000001,1585.35
2020-10-15T15:30:00Z,50.95,1628.2
2020-10-15T16:00:00Z,56.21,1508.8
2020-10-15T16:30:00Z,59.18,1932.45
2020-10-15T17:00:00Z,75.46,1830.35
2020-10-15T17:30:00Z,77.4,1594.15
2020-10-15T18:00:00Z,68.87,1569.8
2020-10-15T18:30:00Z,49.5,1377.1
2020-10-15T19:00:00Z,46.1,1204.65
2020-10-15T19:30:00Z,43.34,1233.65
2020-10-15T20:00:00Z,52.6,1539.85
2020-10-15T20:30:00Z,40.75,1487.1
2020-10-15T21:00:00Z,43.84,1370.25
2020-10-15T21:30:00Z,36.98,1261.5
2020-10-15T22:00:00Z,32.92,585.6
2020-10-15T22:30:00Z,37.31,575.7
2020-10-15T23:00:00Z,14.69,355.95
2020-10-15T23:30:00Z,16.25,476.65
2020-10-16T00:00:00Z,29.74,640.1
2020-10-16T00:30:00Z,37.16,652.2
2020-10-16T01:00:00Z,40.28,744.1
2020-10-16T01:30:00Z,38.55,686.25
2020-10-16T02:00:00Z,39.49,609.55
2020-10-16T02:30:00Z,32.53,686.3
2020-10-16T03:00:00Z,37.42,589.3
2020-10-16T03:30:00Z,34.48,875.0
2020-10-16T04:00:00Z,40.25,569.0
2020-10-16T04:30:00Z,43.11,808.6
2020-10-16T05:00:00Z,49.22,856.25
2020-10-16T05:30:00Z,48.08,1224.8
2020-10-16T06:00:00Z,45.31,928.8
2020-10-16T06:30:00Z,60.76,947.0
2020-10-16T07:00:00Z,45.52,1091.25
2020-10-16T07:30:00Z,39.62,1243.35
2020-10-16T08:00:00Z,45.66,1176.2
2020-10-16T08:30:00Z,51.12,1428.35
2020-10-16T09:00:00Z,53.37,1339.4
2020-10-16T09:30:00Z,49.69,1296.1
2020-10-16T10:00:00Z,32.33,1434.25
2020-10-16T10:30:00Z,35.45,1367.45
2020-10-16T11:00:00Z,33.75,1399.8
2020-10-16T11:30:00Z,30.95,1681.2
2020-10-16T12:00:00Z,42.77,1545.6
2020-10-16T12:30:00Z,43.04,1577.4
2020-10-16T13:00:00Z,41.88,1900.15
2020-10-16T13:30:00Z,42.42,2052.95
2020-10-16T14:00:00Z,46.940000000000005,1698.35
2020-10-16T14:30:00Z,47.65999999999999,1507.1
2020-10-16T15:00:00Z,48.40999999999999,1624.45
2020-10-16T15:30:00Z,54.02,2343.0
2020-10-16T16:00:00Z,60.45,2138.75
2020-10-16T16:30:00Z,61.99,1892.1
2020-10-16T17:00:00Z,60.27000000000001,2322.75
2020-10-16T17:30:00Z,65.06,2068.65
2020-10-16T18:00:00Z,60.370000000000005,1674.5
2020-10-16T18:30:00Z,55.74,2049.65
2020-10-16T19:00:00Z,47.75,1551.1
2020-10-16T19:30:00Z,46.5,1717.75
2020-10-16T20:00:00Z,45.94,1272.4
2020-10-16T20:30:00Z,46.34000000000001,1679.05
2020-10-16T21:00:00Z,44.86,1401.6
2020-10-16T21:30:00Z,44.3,1487.0
2020-10-16T22:00:00Z,47.07999999999999,434.8
2020-10-16T22:30:00Z,50.15,363.2
2020-10-16T23:00:00Z,50.54,313.6
2020-10-16T23:30:00Z,46.15,344.4
2020-10-17T00:00:00Z,41.56,624.65
2020-10-17T00:30:00Z,43.52,480.7
2020-10-17T01:00:00Z,41.81,475.8
2020-10-17T01:30:00Z,41.74,378.25
2020-10-17T02:00:00Z,37.81,441.55
2020-10-17T02:30:00Z,36.22,403.2
2020-10-17T03:00:00Z,37.26,359.3
2020-10-17T03:30:00Z,38.71,642.05
2020-10-17T04:00:00Z,40.62,626.35
2020-10-17T04:30:00Z,38.97,564.7
2020-10-17T05:00:00Z,39.14,594.4
2020-10-17T05:30:00Z,37.82,699.05
2020-10-17T06:00:00Z,38.95,666.05
2020-10-17T06:30:00Z,42.57,814.7
2020-10-17T07:00:00Z,41.77,978.65
2020-10-17T07:30:00Z,42.08,713.95
2020-10-17T08:00:00Z,40.73,1132.05
2020-10-17T08:30:00Z,46.86,1380.6
2020-10-17T09:00:00Z,47.79,1098.15
2020-10-17T09:30:00Z,43.48,1086.75
2020-10-17T10:00:00Z,41.23,911.45
2020-10-17T10:30:00Z,39.0,1359.0
2020-10-17T11:00:00Z,41.97,906.1
2020-10-17T11:30:00Z,44.29,1007.7
2020-10-17T12:00:00Z,42.97,1480.8
2020-10-17T12:30:00Z,41.48,1444.45
2020-10-17T13:00:00Z,42.18,1506.75
2020-10-17T13:30:00Z,42.27,1747.25
2020-10-17T14:00:00Z,45.15,1061.8
2020-10-17T14:30:00Z,42.32,1179.85
2020-10-17T15:00:00Z,39.04,1704.65
2020-10-17T15:30:00Z,42.06,2022.3
2020-10-17T16:00:00Z,54.74000000000001,1530.25
2020-10-17T16:30:00Z,58.59,1041.2
2020-10-17T17:00:00Z,61.23,1084.35
2020-10-17T17:30:00Z,62.28,995.8
2020-10-17T18:00:00Z,59.33,988.25
2020-10-17T18:30:00Z,56.330000000000005,780.1
2020-10-17T19:00:00Z,48.11,996.35
2020-10-17T19:30:00Z,48.1,1115.55
2020-10-17T20:00:00Z,53.33,832.3
2020-10-17T20:30:00Z,52.62,746.1
2020-10-17T21:00:00Z,48.36,867.9
2020-10-17T21:30:00Z,44.88,748.8
2020-10-17T22:00:00Z,39.9,592.6
2020-10-17T22:30:00Z,46.12,383.1
2020-10-17T23:00:00Z,45.5,418.05
2020-10-17T23:30:00Z,43.78,618.85
2020-10-18T00:00:00Z,45.0,649.3
2020-10-18T00:30:00Z,45.2,408.1
2020-10-18T01:00:00Z,46.73,454.8
2020-10-18T01:30:00Z,44.85,526.05
2020-10-18T02:00:00Z,44.14999999999999,379.75
2020-10-18T02:30:00Z,43.14,346.35
2020-10-18T03:00:00Z,43.3,328.9
2020-10-18T03:30:00Z,43.97,628.0
2020-10-18T04:00:00Z,45.73,480.9
2020-10-18T04:30:00Z,45.67,574.5
2020-10-18T05:00:00Z,47.56,741.2
2020-10-18T05:30:00Z,47.88,754.0
2020-10-18T06:00:00Z,42.92,1367.45
2020-10-18T06:30:00Z,38.94,1280.55
2020-10-18T07:00:00Z,53.24,1096.8
2020-10-18T07:30:00Z,50.31,1206.5
2020-10-18T08:00:00Z,50.4,1327.1
2020-10-18T08:30:00Z,50.35,1292.7
2020-10-18T09:00:00Z,52.86,1169.4
2020-10-18T09:30:00Z,53.32,1449.5
2020-10-18T10:00:00Z,49.14,1242.2
2020-10-18T10:30:00Z,50.76,1218.05
2020-10-18T11:00:00Z,51.53,1068.15
2020-10-18T11:30:00Z,51.08,1057.95
2020-10-18T12:00:00Z,50.87,1295.05
2020-10-18T12:30:00Z,50.87,1314.6
2020-10-18T13:00:00Z,50.55,1460.7
2020-10-18T13:30:00Z,47.69,1558.15
2020-10-18T14:00:00Z,52.629999999999995,700.05
2020-10-18T14:30:00Z,55.02,780.8
2020-10-18T15:00:00Z,55.76,920.05
2020-10-18T15:30:00Z,57.3,907.2
2020-10-18T16:00:00Z,65.89,784.55
2020-10-18T16:30:00Z,67.24,602.4
2020-10-18T17:00:00Z,68.61,666.6
2020-10-18T17:30:00Z,75.6,760.85
2020-10-18T18:00:00Z,62.97,1036.15
2020-10-18T18:30:00Z,51.95,496.65
2020-10-18T19:00:00Z,49.72,711.05
2020-10-18T19:30:00Z,43.14,696.85
2020-10-18T20:00:00Z,39.61,1016.85
2020-10-18T20:30:00Z,42.03,1015.55
2020-10-18T21:00:00Z,43.53,1272.6
2020-10-18T21:30:00Z,46.16,1163.05
2020-10-18T22:00:00Z,52.26,777.95
2020-10-18T22:30:00Z,52.63,663.9
2020-10-18T23:00:00Z,47.16,447.75
2020-10-18T23:30:00Z,44.35,541.55
2020-10-19T00:00:00Z,42.99,335.4
2020-10-19T00:30:00Z,48.18,273.2
2020-10-19T01:00:00Z,49.36,316.75
2020-10-19T01:30:00Z,47.28,295.4
2020-10-19T02:00:00Z,44.34,451.65
2020-10-19T02:30:00Z,40.83,557.75
2020-10-19T03:00:00Z,42.35,462.65
2020-10-19T03:30:00Z,39.75,609.25
2020-10-19T04:00:00Z,44.05,850.25
2020-10-19T04:30:00Z,38.69,724.75
2020-10-19T05:00:00Z,51.0,1186.85
2020-10-19T05:30:00Z,48.86,1550.05
2020-10-19T06:00:00Z,59.13,1275.35
2020-10-19T06:30:00Z,64.06,1236.3
2020-10-19T07:00:00Z,53.480000000000004,1311.45
2020-10-19T07:30:00Z,55.63,1581.5
2020-10-19T08:00:00Z,48.8,1442.2
2020-10-19T08:30:00Z,46.17,1324.3
2020-10-19T09:00:00Z,48.959999999999994,1750.7
2020-10-19T09:30:00Z,49.02,2001.8
2020-10-19T10:00:00Z,46.48,1902.2
2020-10-19T10:30:00Z,41.92,2143.55
2020-10-19T11:00:00Z,40.82,1758.0
2020-10-19T11:30:00Z,39.66,1987.3
2020-10-19T12:00:00Z,39.86,1892.8
2020-10-19T12:30:00Z,39.06,1946.35
2020-10-19T13:00:00Z,38.97,1956.3
2020-10-19T13:30:00Z,38.6,2059.65
2020-10-19T14:00:00Z,42.38,1661.2
2020-10-19T14:30:00Z,43.02,1450.55
2020-10-19T15:00:00Z,43.17,1490.5
2020-10-19T15:30:00Z,46.49,1569.05
2020-10-19T16:00:00Z,49.68,1596.25
2020-10-19T16:30:00Z,51.43999999999999,1583.0
2020-10-19T17:00:00Z,56.47,1714.35
2020-10-19T17:30:00Z,57.33,1636.5
2020-10-19T18:00:00Z,52.44,1587.35
2020-10-19T18:30:00Z,42.4,1242.95
2020-10-19T19:00:00Z,38.36,1340.85
2020-10-19T19:30:00Z,37.99,1658.7
2020-10-19T20:00:00Z,35.38,1804.5
2020-10-19T20:30:00Z,31.889999999999997,1470.65
2020-10-19T21:00:00Z,35.18,1878.75
2020-10-19T21:30:00Z,35.8,2080.85
2020-10-19T22:00:00Z,22.87,1193.25
2020-10-19T22:30:00Z,18.5,866.75
2020-10-19T23:00:00Z,22.74,609.05
2020-10-19T23:30:00Z,21.91,743.0
2020-10-20T00:00:00Z,23.27,627.7
2020-10-20T00:30:00Z,25.75,498.45
2020-10-20T01:00:00Z,23.49,534.75
2020-10-20T01:30:00Z,22.6,508.35
2020-10-20T02:00:00Z,26.17,646.1
2020-10-20T02:30:00Z,29.15,642.6
2020-10-20T03:00:00Z,33.2,485.45
2020-10-20T03:30:00Z,33.11,638.65
2020-10-20T04:00:00Z,29.440000000000005,705.15
2020-10-20T04:30:00Z,33.4,636.4
2020-10-20T05:00:00Z,44.68,682.45
2020-10-20T05:30:00Z,42.37,1146.15
2020-10-20T06:00:00Z,37.38,1031.4
2020-10-20T06:30:00Z,43.72,1096.55
2020-10-20T07:00:00Z,52.8,1520.2
2020-10-20T07:30:00Z,52.120000000000005,1474.5
2020-10-20T08:00:00Z,52.89999999999999,1314.0
2020-10-20T08:30:00Z,52.61,1572.9
2020-10-20T09:00:00Z,51.160000000000004,1583.8
2020-10-20T09:30:00Z,48.62,1280.85
2020-10-20T10:00:00Z,46.1,1448.0
2020-10-20T10:30:00Z,46.74,1348.45
2020-10-20T11:00:00Z,45.45,1339.15
2020-10-20T11:30:00Z,45.36,1539.6
2020-10-20T12:00:00Z,45.39,1857.3
2020-10-20T12:30:00Z,43.519999999999996,1731.1
2020-10-20T13:00:00Z,42.35,1847.8
2020-10-20T13:30:00Z,40.56,2006.55
2020-10-20T14:00:00Z,38.92,1587.2
2020-10-20T14:30:00Z,44.79,1539.55
2020-10-20T15:00:00Z,46.309999999999995,1437.85
2020-10-20T15:30:00Z,48.02000000000001,1486.55
2020-10-20T16:00:00Z,51.99,1216.8
2020-10-20T16:30:00Z,55.15,1231.4
2020-10-20T17:00:00Z,59.28,1847.5
2020-10-20T17:30:00Z,59.06,1597.35
2020-10-20T18:00:00Z,53.97,1197.45
2020-10-20T18:30:00Z,49.81,1199.75
2020-10-20T19:00:00Z,38.32,1059.2
2020-10-20T19:30:00Z,31.5,1144.95
2020-10-20T20:00:00Z,37.49,1374.0
2020-10-20T20:30:00Z,37.36,1604.2
2020-10-20T21:00:00Z,36.31,1571.6
2020-10-20T21:30:00Z,36.37,1795.05
2020-10-20T22:00:00Z,39.04,902.05
2020-10-20T22:30:00Z,28.07,1085.25
2020-10-20T23:00:00Z,27.66,791.0
2020-10-20T23:30:00Z,25.89,1038.45
2020-10-21T00:00:00Z,22.7,766.3
2020-10-21T00:30:00Z,24.07,676.55
2020-10-21T01:00:00Z,22.75,778.6
2020-10-21T01:30:00Z,23.46,860.3
2020-10-21T02:00:00Z,24.58,761.45
2020-10-21T02:30:00Z,25.4,722.85
2020-10-21T03:00:00Z,26.65,841.2
2020-10-21T03:30:00Z,26.550000000000004,855.75
2020-10-21T04:00:00Z,33.52,973.3
2020-10-21T04:30:00Z,25.43,1219.5
2020-10-21T05:00:00Z,37.76,1725.05
2020-10-21T05:30:00Z,29.6,1672.15
2020-10-21T06:00:00Z,33.87,1807.25
2020-10-21T06:30:00Z,39.63,1759.4
2020-10-21T07:00:00Z,39.7,1801.65
2020-10-21T07:30:00Z,48.33,2149.95
2020-10-21T08:00:00Z,51.88,1335.0
2020-10-21T08:30:00Z,53.88,1629.2
2020-10-21T09:00:00Z,53.13,1629.25
2020-10-21T09:30:00Z,53.58,1619.8
2020-10-21T10:00:00Z,58.62,927.15
2020-10-21T10:30:00Z,59.87,1044.4
2020-10-21T11:00:00Z,58.58,1471.6
2020-10-21T11:30:00Z,58.31,1183.95
2020-10-21T12:00:00Z,57.74,859.8
2020-10-21T12:30:00Z,57.71999999999999,1202.65
2020-10-21T13:00:00Z,52.29,1143.6
2020-10-21T13:30:00Z,48.49,1316.35
2020-10-21T14:00:00Z,43.64,1482.4
2020-10-21T14:30:00Z,45.05,1416.25
2020-10-21T15:00:00Z,50.290000000000006,1382.05
2020-10-21T15:30:00Z,52.19,1564.8
2020-10-21T16:00:00Z,59.15,1574.8
2020-10-21T16:30:00Z,59.16,1423.65
2020-10-21T17:00:00Z,62.21,1473.3
2020-10-21T17:30:00Z,59.48,1460.55
2020-10-21T18:00:00Z,46.73,1637.5
2020-10-21T18:30:00Z,45.98,1730.1
2020-10-21T19:00:00Z,47.85,1372.4
2020-10-21T19:30:00Z,48.349999999999994,1592.7
2020-10-21T20:00:00Z,42.5,1688.0
2020-10-21T20:30:00Z,40.44,1996.65
2020-10-21T21:00:00Z,38.18,2010.75
2020-10-21T21:30:00Z,36.06,2407.95
2020-10-21T22:00:00Z,43.73,942.45
2020-10-21T22:30:00Z,34.85,1146.2
2020-10-21T23:00:00Z,32.14,1026.05
2020-10-21T23:30:00Z,23.92,970.95
2020-10-22T00:00:00Z,27.41,808.0
2020-10-22T00:30:00Z,31.84,932.15
2020-10-22T01:00:00Z,24.1,1026.1
2020-10-22T01:30:00Z,20.74,992.45
2020-10-22T02:00:00Z,20.56,786.7
2020-10-22T02:30:00Z,17.7,975.75
2020-10-22T03:00:00Z,20.09,1013.8
2020-10-22T03:30:00Z,21.3,926.2
2020-10-22T04:00:00Z,28.77,843.15
2020-10-22T04:30:00Z,41.65,745.95
2020-10-22T05:00:00Z,44.64,781.25
2020-10-22T05:30:00Z,34.63,1277.55
2020-10-22T06:00:00Z,32.53,1313.45
2020-10-22T06:30:00Z,44.26,908.65
2020-10-22T07:00:00Z,36.0,1218.75
2020-10-22T07:30:00Z,37.94,1693.3
2020-10-22T08:00:00Z,37.99,1113.0
2020-10-22T08:30:00Z,33.86,1220.4
2020-10-22T09:00:00Z,44.62,1492.55
2020-10-22T09:30:00Z,39.63,1649.4
2020-10-22T10:00:00Z,40.11,1658.55
2020-10-22T10:30:00Z,41.43,1456.75
2020-10-22T11:00:00Z,41.86,1486.7
2020-10-22T11:30:00Z,42.13,1670.95
2020-10-22T12:00:00Z,38.49,1390.35
2020-10-22T12:30:00Z,39.43,1350.1
2020-10-22T13:00:00Z,38.81,1586.8
2020-10-22T13:30:00Z,38.43,1421.2
2020-10-22T14:00:00Z,36.28,1297.85
2020-10-22T14:30:00Z,39.06,1142.1
2020-10-22T15:00:00Z,45.84,1402.3
2020-10-22T15:30:00Z,42.48,1568.3
2020-10-22T16:00:00Z,44.629999999999995,1809.8
2020-10-22T16:30:00Z,51.47,1693.05
2020-10-22T17:00:00Z,63.15,1780.8
2020-10-22T17:30:00Z,66.6,1632.55
2020-10-22T18:00:00Z,60.60000000000001,1389.85
2020-10-22T18:30:00Z,47.82,1262.65
2020-10-22T19:00:00Z,35.76,1067.85
2020-10-22T19:30:00Z,39.59,946.55
2020-10-22T20:00:00Z,38.97,969.05
2020-10-22T20:30:00Z,40.38,1118.2
2020-10-22T21:00:00Z,42.22,1341.55
2020-10-22T21:30:00Z,42.94,1110.2
2020-10-22T22:00:00Z,49.66,676.45
2020-10-22T22:30:00Z,52.55,636.7
2020-10-22T23:00:00Z,51.97,551.2
2020-10-22T23:30:00Z,50.67,641.9
2020-10-23T00:00:00Z,48.78,618.05
2020-10-23T00:30:00Z,49.84,601.65
2020-10-23T01:00:00Z,49.78000000000001,490.95
2020-10-23T01:30:00Z,44.47,540.7
2020-10-23T02:00:00Z,45.38,335.95
2020-10-23T02:30:00Z,40.76,498.85
2020-10-23T03:00:00Z,44.61,576.85
2020-10-23T03:30:00Z,39.35,660.0
2020-10-23T04:00:00Z,43.87,454.7
2020-10-23T04:30:00Z,47.73,578.45
2020-10-23T05:00:00Z,55.18000000000001,850.15
2020-10-23T05:30:00Z,46.74,1701.2
2020-10-23T06:00:00Z,54.42,1033.35
2020-10-23T06:30:00Z,55.8,1025.75
2020-10-23T07:00:00Z,43.93,1206.5
2020-10-23T07:30:00Z,47.13,1439.1
2020-10-23T08:00:00Z,40.88,1285.25
2020-10-23T08:30:00Z,40.27,1353.0
2020-10-23T09:00:00Z,43.38,1523.15
2020-10-23T09:30:00Z,41.81,1458.9
2020-10-23T10:00:00Z,44.56,2019.95
2020-10-23T10:30:00Z,48.33,1782.6
2020-10-23T11:00:00Z,47.77,1765.9
2020-10-23T11:30:00Z,48.14,1937.8
2020-10-23T12:00:00Z,50.82,1525.3
2020-10-23T12:30:00Z,46.13,1570.2
2020-10-23T13:00:00Z,43.13,1389.1
2020-10-23T13:30:00Z,41.56,1709.8
2020-10-23T14:00:00Z,45.5,1841.45
2020-10-23T14:30:00Z,43.52000000000001,1785.9
2020-10-23T15:00:00Z,43.96,1688.25
2020-10-23T15:30:00Z,45.56,1782.05
2020-10-23T16:00:00Z,41.43,1848.35
2020-10-23T16:30:00Z,43.88,1789.95
2020-10-23T17:00:00Z,52.46,1299.25
2020-10-23T17:30:00Z,55.11,1176.05
2020-10-23T18:00:00Z,48.63,1503.0
2020-10-23T18:30:00Z,50.22999999999999,1685.0
2020-10-23T19:00:00Z,49.07000000000001,1598.4
2020-10-23T19:30:00Z,45.13,1597.9
2020-10-23T20:00:00Z,49.61,1911.8
2020-10-23T20:30:00Z,48.92,1393.45
2020-10-23T21:00:00Z,47.07,1456.5
2020-10-23T21:30:00Z,47.48,1954.45
2020-10-23T22:00:00Z,55.28,712.95
2020-10-23T22:30:00Z,52.35000000000001,763.7
2020-10-23T23:00:00Z,41.5,501.9
2020-10-23T23:30:00Z,36.78,432.55
2020-10-24T00:00:00Z,23.56,532.7
2020-10-24T00:30:00Z,15.2,570.65
2020-10-24T01:00:00Z,22.53,609.2
2020-10-24T01:30:00Z,14.05,941.45
2020-10-24T02:00:00Z,13.61,660.55
2020-10-24T02:30:00Z,-4.58,468.6
2020-10-24T03:00:00Z,11.61,589.7
2020-10-24T03:30:00Z,1.41,782.35
2020-10-24T04:00:00Z,9.57,652.0
2020-10-24T04:30:00Z,12.22,540.55
2020-10-24T05:00:00Z,12.48,673.6
2020-10-24T05:30:00Z,22.77,828.3
2020-10-24T06:00:00Z,18.88,724.0
2020-10-24T06:30:00Z,24.82,651.5
2020-10-24T07:00:00Z,14.81,855.0
2020-10-24T07:30:00Z,27.09,835.85
2020-10-24T08:00:00Z,27.4,1076.2
2020-10-24T08:30:00Z,37.13,1433.0
2020-10-24T09:00:00Z,44.66,1632.9
2020-10-24T09:30:00Z,42.61,1117.25
2020-10-24T10:00:00Z,53.94,1074.85
2020-10-24T10:30:00Z,54.64999999999999,1240.3
2020-10-24T11:00:00Z,54.39000000000001,1350.65
2020-10-24T11:30:00Z,56.41,1535.7
2020-10-24T12:00:00Z,57.2,1929.75
2020-10-24T12:30:00Z,56.29,1764.75
2020-10-24T13:00:00Z,53.83,1653.75
2020-10-24T13:30:00Z,52.84,1824.2
2020-10-24T14:00:00Z,53.21,953.05
2020-10-24T14:30:00Z,54.11,737.55
2020-10-24T15:00:00Z,58.49000000000001,772.55
2020-10-24T15:30:00Z,61.18,1044.15
2020-10-24T16:00:00Z,67.94,1201.55
2020-10-24T16:30:00Z,70.8,1209.45
2020-10-24T17:00:00Z,71.52,1039.2
2020-10-24T17:30:00Z,74.4,1075.4
2020-10-24T18:00:00Z,68.36,1193.1
2020-10-24T18:30:00Z,62.599999999999994,1139.1
2020-10-24T19:00:00Z,54.97,1173.7
2020-10-24T19:30:00Z,54.02,796.9
2020-10-24T20:00:00Z,58.11,947.65
2020-10-24T20:30:00Z,54.63,873.5
2020-10-24T21:00:00Z,32.66,948.3
2020-10-24T21:30:00Z,20.37,742.0
2020-10-24T22:00:00Z,4.01,551.1
2020-10-24T22:30:00Z,-2.12,564.7
2020-10-24T23:00:00Z,7.99,632.85
2020-10-24T23:30:00Z,-8.25,666.35
2020-10-25T00:00:00Z,-14.42,604.9
2020-10-25T00:30:00Z,-12.8,440.0
2020-10-25T01:00:00Z,-17.1,603.7
2020-10-25T01:30:00Z,-18.63,544.4
2020-10-25T02:00:00Z,0.63,487.75
2020-10-25T02:30:00Z,-14.44,790.5
2020-10-25T03:00:00Z,-15.34,741.3
2020-10-25T03:30:00Z,-15.180000000000001,662.05
2020-10-25T04:00:00Z,-14.850000000000001,847.8
2020-10-25T04:30:00Z,-18.79,923.7
2020-10-25T05:00:00Z,-10.09,676.0
2020-10-25T05:30:00Z,6.11,739.15
2020-10-25T06:00:00Z,10.93,662.0
2020-10-25T06:30:00Z,3.82,636.15
2020-10-25T07:00:00Z,39.08,718.9
2020-10-25T07:30:00Z,41.11,643.35
2020-10-25T08:00:00Z,34.13,902.15
2020-10-25T08:30:00Z,47.48,1056.9
2020-10-25T09:00:00Z,53.129999999999995,843.5
2020-10-25T09:30:00Z,50.62,833.25
2020-10-25T10:00:00Z,53.32,821.0
2020-10-25T10:30:00Z,50.419999999999995,792.4
2020-10-25T11:00:00Z,47.66,940.2
2020-10-25T11:30:00Z,46.4,1091.85
2020-10-25T12:00:00Z,42.67,1219.1
2020-10-25T12:30:00Z,39.37,1081.8
2020-10-25T13:00:00Z,38.19,1464.4
2020-10-25T13:30:00Z,38.01,1320.75
2020-10-25T14:00:00Z,35.47,1474.9
2020-10-25T14:30:00Z,36.36,1478.7
2020-10-25T15:00:00Z,50.72999999999999,1379.65
2020-10-25T15:30:00Z,48.01,1512.6
2020-10-25T16:00:00Z,56.9,1459.4
2020-10-25T16:30:00Z,59.559999999999995,1627.9
2020-10-25T17:00:00Z,71.04,1262.35
2020-10-25T17:30:00Z,70.82,1156.8
2020-10-25T18:00:00Z,68.93,1454.65
2020-10-25T18:30:00Z,61.03,1637.15
2020-10-25T19:00:00Z,59.92,1818.95
2020-10-25T19:30:00Z,51.63000000000001,1564.05
2020-10-25T20:00:00Z,48.32,1320.15
2020-10-25T20:30:00Z,46.25,1608.3
2020-10-25T21:00:00Z,31.4,966.9
2020-10-25T21:30:00Z,23.1,976.35
2020-10-25T22:00:00Z,25.15,794.0
2020-10-25T22:30:00Z,15.15,1130.8
2020-10-25T23:00:00Z,18.87,623.7
2020-10-25T23:30:00Z,13.830000000000002,826.5
2020-10-26T00:00:00Z,12.31,581.65
2020-10-26T00:30:00Z,14.66,382.6
2020-10-26T01:00:00Z,14.52,479.8
2020-10-26T01:30:00Z,14.910000000000002,477.75
2020-10-26T02:00:00Z,10.66,542.9
2020-10-26T02:30:00Z,9.51,577.75
2020-10-26T03:00:00Z,14.030000000000001,604.25
2020-10-26T03:30:00Z,13.34,596.85
2020-10-26T04:00:00Z,18.42,706.7
2020-10-26T04:30:00Z,22.470000000000002,467.5
2020-10-26T05:00:00Z,37.17,908.2
2020-10-26T05:30:00Z,38.49,887.95
2020-10-26T06:00:00Z,45.97999999999999,732.4
2020-10-26T06:30:00Z,47.93,1235.3
2020-10-26T07:00:00Z,33.91,1088.8
2020-10-26T07:30:00Z,37.91,1168.15
2020-10-26T08:00:00Z,37.78,981.8
2020-10-26T08:30:00Z,37.92,1119.85
2020-10-26T09:00:00Z,42.62,1293.0
2020-10-26T09:30:00Z,38.48,1127.9
2020-10-26T10:00:00Z,34.08,1417.5
2020-10-26T10:30:00Z,33.1,1373.9
2020-10-26T11:00:00Z,31.06,1417.6
2020-10-26T11:30:00Z,29.810000000000002,1461.75
2020-10-26T12:00:00Z,35.4,1822.95
2020-10-26T12:30:00Z,34.93,1885.2
2020-10-26T13:00:00Z,34.8,1632.8
2020-10-26T13:30:00Z,34.73,1781.9
2020-10-26T14:00:00Z,34.22,1937.65
2020-10-26T14:30:00Z,31.8,1814.15
2020-10-26T15:00:00Z,41.71,2365.65
2020-10-26T15:30:00Z,45.53,2087.5
2020-10-26T16:00:00Z,42.2,2473.25
2020-10-26T16:30:00Z,48.49,2026.05
2020-10-26T17:00:00Z,64.64,1299.5
2020-10-26T17:30:00Z,67.82,1662.85
2020-10-26T18:00:00Z,68.47,1632.15
2020-10-26T18:30:00Z,64.22,1486.55
2020-10-26T19:00:00Z,58.29,992.35
2020-10-26T19:30:00Z,53.02,901.4
2020-10-26T20:00:00Z,44.72,854.45
2020-10-26T20:30:00Z,38.1,729.9
2020-10-26T21:00:00Z,30.699999999999996,976.85
2020-10-26T21:30:00Z,30.63,998.95
2020-10-26T22:00:00Z,31.9,1205.5
2020-10-26T22:30:00Z,32.48,2130.3
2020-10-26T23:00:00Z,40.5,1073.9
2020-10-26T23:30:00Z,32.75,907.4
2020-10-27T00:00:00Z,33.05,662.1
2020-10-27T00:30:00Z,38.08,485.3
2020-10-27T01:00:00Z,30.86,520.75
2020-10-27T01:30:00Z,30.350000000000005,541.8
2020-10-27T02:00:00Z,27.34,464.8
2020-10-27T02:30:00Z,25.46,643.5
2020-10-27T03:00:00Z,26.76,493.45
2020-10-27T03:30:00Z,26.69,503.85
2020-10-27T04:00:00Z,34.32,657.05
2020-10-27T04:30:00Z,42.12,676.05
2020-10-27T05:00:00Z,45.42999999999999,387.05
2020-10-27T05:30:00Z,49.37,560.0
2020-10-27T06:00:00Z,56.31,1145.15
2020-10-27T06:30:00Z,53.88,993.95
2020-10-27T07:00:00Z,52.91,1589.25
2020-10-27T07:30:00Z,51.96,2180.35
2020-10-27T08:00:00Z,57.36000000000001,1568.8
2020-10-27T08:30:00Z,59.28,1494.2
2020-10-27T09:00:00Z,62.66,1149.65
2020-10-27T09:30:00Z,59.900000000000006,1189.85
2020-10-27T10:00:00Z,58.85000000000001,1304.0
2020-10-27T10:30:00Z,57.87,1339.2
2020-10-27T11:00:00Z,56.510000000000005,812.35
2020-10-27T11:30:00Z,40.57,1008.6
2020-10-27T12:00:00Z,37.76,883.85
2020-10-27T12:30:00Z,38.72,1112.95
2020-10-27T13:00:00Z,41.99,1714.1
2020-10-27T13:30:00Z,38.73,1540.05
2020-10-27T14:00:00Z,41.17,1689.6
2020-10-27T14:30:00Z,37.75,1464.75
2020-10-27T15:00:00Z,34.59,1634.0
2020-10-27T15:30:00Z,35.7,1425.0
2020-10-27T16:00:00Z,35.44,1577.3
2020-10-27T16:30:00Z,45.49,1465.8
2020-10-27T17:00:00Z,60.419999999999995,1501.8
2020-10-27T17:30:00Z,64.23,1469.4
2020-10-27T18:00:00Z,60.37,1326.35
2020-10-27T18:30:00Z,53.15,1487.25
2020-10-27T19:00:00Z,49.92,1126.3
2020-10-27T19:30:00Z,43.25,838.55
2020-10-27T20:00:00Z,40.49,1093.15
2020-10-27T20:30:00Z,41.22,978.05
2020-10-27T21:00:00Z,44.4,1743.35
2020-10-27T21:30:00Z,45.78,1745.85
2020-10-27T22:00:00Z,42.88,1910.65
2020-10-27T22:30:00Z,38.8,2103.7
2020-10-27T23:00:00Z,34.8,684.85
2020-10-27T23:30:00Z,22.38,747.65
2020-10-28T00:00:00Z,28.219999999999995,810.25
2020-10-28T00:30:00Z,44.83,791.55
2020-10-28T01:00:00Z,41.85,585.75
2020-10-28T01:30:00Z,36.12,472.7
2020-10-28T02:00:00Z,34.98,630.45
2020-10-28T02:30:00Z,26.750000000000004,636.15
2020-10-28T03:00:00Z,39.48,423.5
2020-10-28T03:30:00Z,28.53,665.65
2020-10-28T04:00:00Z,30.409999999999997,681.95
2020-10-28T04:30:00Z,29.63,675.05
2020-10-28T05:00:00Z,35.01,729.4
2020-10-28T05:30:00Z,40.04,682.3
2020-10-28T06:00:00Z,35.81,750.65
2020-10-28T06:30:00Z,34.97,992.35
2020-10-28T07:00:00Z,34.77,1074.75
2020-10-28T07:30:00Z,38.45,1208.2
2020-10-28T08:00:00Z,36.59,1348.1
2020-10-28T08:30:00Z,43.07,1620.25
2020-10-28T09:00:00Z,47.08,1372.65
2020-10-28T09:30:00Z,45.91,1253.55
2020-10-28T10:00:00Z,43.4,1385.25
2020-10-28T10:30:00Z,41.71,1518.75
2020-10-28T11:00:00Z,37.52,1101.45
2020-10-28T11:30:00Z,37.64,1287.3
2020-10-28T12:00:00Z,44.27,1209.4
2020-10-28T12:30:00Z,46.48,1351.85
2020-10-28T13:00:00Z,47.23,1200.3
2020-10-28T13:30:00Z,45.88,1236.85
2020-10-28T14:00:00Z,47.54,1355.5
2020-10-28T14:30:00Z,47.99,1246.05
2020-10-28T15:00:00Z,40.75,1045.0
2020-10-28T15:30:00Z,37.54,1090.25
2020-10-28T16:00:00Z,45.74,956.2
2020-10-28T16:30:00Z,54.61999999999999,1390.3
2020-10-28T17:00:00Z,65.89,1226.05
2020-10-28T17:30:00Z,66.67,1190.5
2020-10-28T18:00:00Z,66.94,1265.4
2020-10-28T18:30:00Z,60.43,1449.1
2020-10-28T19:00:00Z,48.11,1594.75
2020-10-28T19:30:00Z,45.74,1315.15
2020-10-28T20:00:00Z,43.3,1207.15
2020-10-28T20:30:00Z,43.25,1032.5
2020-10-28T21:00:00Z,44.39,1744.85
2020-10-28T21:30:00Z,46.8,1997.55
2020-10-28T22:00:00Z,44.24,1792.2
2020-10-28T22:30:00Z,42.81,1418.15
2020-10-28T23:00:00Z,28.51,634.55
2020-10-28T23:30:00Z,18.02,523.1
2020-10-29T00:00:00Z,22.85,515.75
2020-10-29T00:30:00Z,29.21,548.9
2020-10-29T01:00:00Z,34.6,628.3
2020-10-29T01:30:00Z,22.26,419.7
2020-10-29T02:00:00Z,9.13,520.45
2020-10-29T02:30:00Z,8.79,468.8
2020-10-29T03:00:00Z,13.85,512.5
2020-10-29T03:30:00Z,13.25,557.05
2020-10-29T04:00:00Z,16.06,759.8
2020-10-29T04:30:00Z,19.46,740.75
2020-10-29T05:00:00Z,18.94,672.6
2020-10-29T05:30:00Z,30.28,727.0
2020-10-29T06:00:00Z,44.35,839.75
2020-10-29T06:30:00Z,44.730000000000004,1768.8
2020-10-29T07:00:00Z,49.26,1403.4
2020-10-29T07:30:00Z,51.5,1393.1
2020-10-29T08:00:00Z,50.19,1552.65
2020-10-29T08:30:00Z,51.02,1450.15
2020-10-29T09:00:00Z,53.93,1481.95
2020-10-29T09:30:00Z,56.13,1604.15
2020-10-29T10:00:00Z,55.14,1517.6
2020-10-29T10:30:00Z,54.60999999999999,1507.3
2020-10-29T11:00:00Z,51.36,1778.5
2020-10-29T11:30:00Z,50.55,1442.95
2020-10-29T12:00:00Z,49.22,1568.75
2020-10-29T12:30:00Z,47.27,1564.85
2020-10-29T13:00:00Z,45.87,1660.2
2020-10-29T13:30:00Z,45.49,1693.85
2020-10-29T14:00:00Z,43.98,1919.75
2020-10-29T14:30:00Z,42.76,2207.1
2020-10-29T15:00:00Z,46.89,1256.95
2020-10-29T15:30:00Z,43.66,1223.85
2020-10-29T16:00:00Z,39.83,1112.3
2020-10-29T16:30:00Z,48.35,1104.4
2020-10-29T17:00:00Z,58.13,1235.55
2020-10-29T17:30:00Z,57.59,1058.7
2020-10-29T18:00:00Z,50.28,1207.05
2020-10-29T18:30:00Z,40.89,1341.7
2020-10-29T19:00:00Z,43.21,1380.9
2020-10-29T19:30:00Z,44.45,1224.95
2020-10-29T20:00:00Z,44.68684599024146,1198.95
2020-10-29T20:30:00Z,43.99,1111.2
2020-10-29T21:00:00Z,37.26,1063.75
2020-10-29T21:30:00Z,31.697930393198725,1129.2
2020-10-29T22:00:00Z,34.76,952.85
2020-10-29T22:30:00Z,28.99469186931436,1412.55
2020-10-29T23:00:00Z,-9.9715987933635,331.5
2020-10-29T23:30:00Z,-8.15,368.2
2020-10-30T00:00:00Z,-2.47,499.6
2020-10-30T00:30:00Z,0.73,575.45
2020-10-30T01:00:00Z,-4.52,628.75
2020-10-30T01:30:00Z,-9.23,776.55
2020-10-30T02:00:00Z,-9.56,723.0
2020-10-30T02:30:00Z,-9.82,724.95
2020-10-30T03:00:00Z,-7.03,1070.8
2020-10-30T03:30:00Z,-7.769999999999999,1109.65
2020-10-30T04:00:00Z,-6.34,1155.55
2020-10-30T04:30:00Z,-5.81,1255.9
2020-10-30T05:00:00Z,12.6,1368.65
2020-10-30T05:30:00Z,27.27,1048.0
2020-10-30T06:00:00Z,18.499999999999996,929.4
2020-10-30T06:30:00Z,36.58,1532.25
2020-10-30T07:00:00Z,45.52,1464.5
2020-10-30T07:30:00Z,44.410000000000004,1569.25
2020-10-30T08:00:00Z,31.82,1265.9
2020-10-30T08:30:00Z,32.7,1350.1
2020-10-30T09:00:00Z,34.38,1319.9
2020-10-30T09:30:00Z,33.45,1250.8
2020-10-30T10:00:00Z,36.73,1410.55
2020-10-30T10:30:00Z,38.58,1644.25
2020-10-30T11:00:00Z,34.27,1541.4
2020-10-30T11:30:00Z,37.77,1918.25
2020-10-30T12:00:00Z,48.22,2318.2
2020-10-30T12:30:00Z,43.28,2317.05
2020-10-30T13:00:00Z,46.19,2259.15
2020-10-30T13:30:00Z,47.14,2121.95
2020-10-30T14:00:00Z,46.6,2253.15
2020-10-30T14:30:00Z,42.7,2036.35
2020-10-30T15:00:00Z,34.65,1433.85
2020-10-30T15:30:00Z,38.06,1690.45
2020-10-30T16:00:00Z,42.25,1839.25
2020-10-30T16:30:00Z,60.370000000000005,1684.35
2020-10-30T17:00:00Z,83.1,1353.55
2020-10-30T17:30:00Z,85.69,1355.7
2020-10-30T18:00:00Z,81.24,1309.65
2020-10-30T18:30:00Z,66.49,1642.75
2020-10-30T19:00:00Z,51.65,1451.2
2020-10-30T19:30:00Z,51.86,1392.15
2020-10-30T20:00:00Z,55.64000000000001,1386.3
2020-10-30T20:30:00Z,53.0,1356.3
2020-10-30T21:00:00Z,51.59,1282.0
2020-10-30T21:30:00Z,46.74,1305.1
2020-10-30T22:00:00Z,45.47,1660.15
2020-10-30T22:30:00Z,42.76,1684.8
2020-10-30T23:00:00Z,50.89,1346.4
2020-10-30T23:30:00Z,52.03,1129.4
2020-10-31T00:00:00Z,50.07,949.85
2020-10-31T00:30:00Z,45.45,647.15
2020-10-31T01:00:00Z,49.93999999999999,725.2
2020-10-31T01:30:00Z,37.24,635.7
2020-10-31T02:00:00Z,47.4,729.45
2020-10-31T02:30:00Z,29.430000000000003,626.2
2020-10-31T03:00:00Z,35.82,1084.8
2020-10-31T03:30:00Z,24.47,1015.6
2020-10-31T04:00:00Z,30.619999999999997,1177.0
2020-10-31T04:30:00Z,24.62,1025.05
2020-10-31T05:00:00Z,19.36,674.35
2020-10-31T05:30:00Z,18.53,978.6
2020-10-31T06:00:00Z,22.69,839.35
2020-10-31T06:30:00Z,29.34,1449.3
2020-10-31T07:00:00Z,15.79,1274.45
2020-10-31T07:30:00Z,23.87,1162.35
2020-10-31T08:00:00Z,19.59,1177.9
2020-10-31T08:30:00Z,28.82,1320.05
2020-10-31T09:00:00Z,19.42,985.85
2020-10-31T09:30:00Z,20.37,1137.35
2020-10-31T10:00:00Z,22.89,1234.35
2020-10-31T10:30:00Z,26.38,1274.25
2020-10-31T11:00:00Z,27.54,1365.55
2020-10-31T11:30:00Z,26.17,1278.4
2020-10-31T12:00:00Z,27.049999999999997,1438.7
2020-10-31T12:30:00Z,25.26,1573.15
2020-10-31T13:00:00Z,21.77,1247.6
2020-10-31T13:30:00Z,16.95,1348.1
2020-10-31T14:00:00Z,19.81,1327.9
2020-10-31T14:30:00Z,22.08,1300.45
2020-10-31T15:00:00Z,33.91,1286.4
2020-10-31T15:30:00Z,36.58,1241.25
2020-10-31T16:00:00Z,28.129999999999995,1176.05
2020-10-31T16:30:00Z,35.88,1160.3
2020-10-31T17:00:00Z,52.47,1341.3
2020-10-31T17:30:00Z,56.0,1268.0
2020-10-31T18:00:00Z,54.91,1559.95
2020-10-31T18:30:00Z,49.32,1802.35
2020-10-31T19:00:00Z,40.12,947.05
2020-10-31T19:30:00Z,38.21,1179.2
2020-10-31T20:00:00Z,36.62,1095.85
2020-10-31T20:30:00Z,37.44,1298.6
2020-10-31T21:00:00Z,38.66,1385.75
2020-10-31T21:30:00Z,31.79,1543.3
2020-10-31T22:00:00Z,39.47,1255.15
2020-10-31T22:30:00Z,29.219999999999995,1224.45
2020-10-31T23:00:00Z,35.17,828.5
2020-10-31T23:30:00Z,21.23,726.95
2020-11-04T00:00:00Z,33.46,435.85
2020-11-04T00:30:00Z,38.52,432.1
2020-11-04T01:00:00Z,38.55,349.15
2020-11-04T01:30:00Z,37.67,424.3
2020-11-04T02:00:00Z,33.7,284.5
2020-11-04T02:30:00Z,32.52,398.35
2020-11-04T03:00:00Z,32.57,386.6
2020-11-04T03:30:00Z,32.04,398.8
2020-11-04T04:00:00Z,29.75,316.85
2020-11-04T04:30:00Z,37.07,1087.75
2020-11-04T05:00:00Z,40.71,699.55
2020-11-04T05:30:00Z,38.86,633.8
2020-11-04T06:00:00Z,40.34,977.25
2020-11-04T06:30:00Z,23.86,835.85
2020-11-04T07:00:00Z,31.540000000000003,1557.55
2020-11-04T07:30:00Z,40.59,1382.6
2020-11-04T08:00:00Z,47.5,1371.15
2020-11-04T08:30:00Z,51.39000000000001,1329.65
2020-11-04T09:00:00Z,48.52000000000001,1434.55
2020-11-04T09:30:00Z,43.75,1723.5
2020-11-04T10:00:00Z,43.09,1858.65
2020-11-04T10:30:00Z,42.57,2009.45
2020-11-04T11:00:00Z,39.71,1503.7
2020-11-04T11:30:00Z,44.57,2015.05
2020-11-04T12:00:00Z,40.57,1706.75
2020-11-04T12:30:00Z,40.19,1420.05
2020-11-04T13:00:00Z,45.39,1426.45
2020-11-04T13:30:00Z,47.49,1557.95
2020-11-04T14:00:00Z,47.42,1684.0
2020-11-04T14:30:00Z,45.03,1674.0
2020-11-04T15:00:00Z,54.12,966.05
2020-11-04T15:30:00Z,52.59,933.05
2020-11-04T16:00:00Z,45.13,1393.8
2020-11-04T16:30:00Z,64.79,1418.2
2020-11-04T17:00:00Z,109.34000000000002,1477.7
2020-11-04T17:30:00Z,93.27,1760.25
2020-11-04T18:00:00Z,76.36,1781.45
2020-11-04T18:30:00Z,71.36,1712.7
2020-11-04T19:00:00Z,41.14,1173.7
2020-11-04T19:30:00Z,38.99,1496.5
2020-11-04T20:00:00Z,39.96,1207.5
2020-11-04T20:30:00Z,36.49,1438.6
2020-11-04T21:00:00Z,34.12,1164.75
2020-11-04T21:30:00Z,35.61,1255.3
2020-11-04T22:00:00Z,35.88,1491.9
2020-11-04T22:30:00Z,32.84,1697.1
2020-11-04T23:00:00Z,25.74,996.65
2020-11-04T23:30:00Z,29.95,903.65
2020-11-05T00:00:00Z,17.52,491.6
2020-11-05T00:30:00Z,14.77,471.5
2020-11-05T01:00:00Z,26.379999999999995,789.45
2020-11-05T01:30:00Z,23.69,922.4
2020-11-05T02:00:00Z,20.09,461.45
2020-11-05T02:30:00Z,18.21,473.6
2020-11-05T03:00:00Z,24.51,751.0
2020-11-05T03:30:00Z,24.2,736.45
2020-11-05T04:00:00Z,24.019999999999996,720.55
2020-11-05T04:30:00Z,23.58,767.9
2020-11-05T05:00:00Z,30.18,691.85
2020-11-05T05:30:00Z,32.0,856.65
2020-11-05T06:00:00Z,37.12,1122.25
2020-11-05T06:30:00Z,38.32,1334.3
2020-11-05T07:00:00Z,25.49,918.95
2020-11-05T07:30:00Z,31.749999999999996,1608.7
2020-11-05T08:00:00Z,47.84,1235.8
2020-11-05T08:30:00Z,48.98,1148.5
2020-11-05T09:00:00Z,45.29,1299.85
2020-11-05T09:30:00Z,44.72,1458.95
2020-11-05T10:00:00Z,42.33,1474.4
2020-11-05T10:30:00Z,34.38,1673.35
2020-11-05T11:00:00Z,34.04,1242.4
2020-11-05T11:30:00Z,35.99,1279.4
2020-11-05T12:00:00Z,39.14,1188.85
2020-11-05T12:30:00Z,41.39,1419.75
2020-11-05T13:00:00Z,39.41,1273.65
2020-11-05T13:30:00Z,38.93,1423.6
2020-11-05T14:00:00Z,41.2,1704.85
2020-11-05T14:30:00Z,40.29,1787.75
2020-11-05T15:00:00Z,37.43,1384.0
2020-11-05T15:30:00Z,44.60000000000001,1532.75
2020-11-05T16:00:00Z,48.099999999999994,1545.3
2020-11-05T16:30:00Z,60.73,1795.45
2020-11-05T17:00:00Z,113.24,1916.85
2020-11-05T17:30:00Z,0.0,0.0
2020-11-05T18:00:00Z,0.0,0.0
2020-11-05T18:30:00Z,0.0,0.0
2020-11-05T19:00:00Z,0.0,0.0
2020-11-05T19:30:00Z,0.0,0.0
2020-11-05T20:00:00Z,0.0,0.0
2020-11-05T20:30:00Z,0.0,0.0
2020-11-05T21:00:00Z,0.0,0.0
2020-11-05T21:30:00Z,0.0,0.0
2020-11-05T22:00:00Z,0.0,0.0
2020-11-05T22:30:00Z,0.0,0.0
2020-11-05T23:00:00Z,0.0,0.0
2020-11-05T23:30:00Z,0.0,0.0
2020-11-06T00:00:00Z,0.0,0.0
2020-11-06T00:30:00Z,0.0,0.0
2020-11-06T01:00:00Z,0.0,0.0
2020-11-06T01:30:00Z,0.0,0.0
2020-11-06T02:00:00Z,0.0,0.0
2020-11-06T02:30:00Z,41.35,515.0
2020-11-06T03:00:00Z,43.73,328.95
2020-11-06T03:30:00Z,39.15,337.2
2020-11-06T04:00:00Z,39.75,294.7
2020-11-06T04:30:00Z,38.41,297.4
2020-11-06T05:00:00Z,47.800000000000004,223.4
2020-11-06T05:30:00Z,43.3,359.5
2020-11-06T06:00:00Z,38.78,520.1
2020-11-06T06:30:00Z,36.82,619.9
2020-11-06T07:00:00Z,42.26,770.6
2020-11-06T07:30:00Z,55.99,952.95
2020-11-06T08:00:00Z,56.72,926.5
2020-11-06T08:30:00Z,53.98,794.8
2020-11-06T09:00:00Z,56.29,800.65
2020-11-06T09:30:00Z,55.69,1010.85
2020-11-06T10:00:00Z,50.71,1053.05
2020-11-06T10:30:00Z,39.75,1184.0
2020-11-06T11:00:00Z,36.47,1329.55
2020-11-06T11:30:00Z,35.45,1313.85
2020-11-06T12:00:00Z,34.87,1354.75
2020-11-06T12:30:00Z,36.15,1349.1
2020-11-06T13:00:00Z,41.29,1474.9
2020-11-06T13:30:00Z,43.01,1662.9
2020-11-06T14:00:00Z,46.36,2366.7
2020-11-06T14:30:00Z,41.57,2083.8
2020-11-06T15:00:00Z,45.48,1279.45
2020-11-06T15:30:00Z,48.89,1558.25
2020-11-06T16:00:00Z,42.91,1349.8
2020-11-06T16:30:00Z,52.76,1700.2
2020-11-06T17:00:00Z,48.38999999999999,1459.35
2020-11-06T17:30:00Z,52.37,1577.6
2020-11-06T18:00:00Z,52.02000000000001,1756.3
2020-11-06T18:30:00Z,42.88,1755.15
2020-11-06T19:00:00Z,42.52,1306.95
2020-11-06T19:30:00Z,36.25,1026.45
2020-11-06T20:00:00Z,37.09,1356.6
2020-11-06T20:30:00Z,43.56,1588.9
2020-11-06T21:00:00Z,40.48,1315.75
2020-11-06T21:30:00Z,36.03,1091.85
2020-11-06T22:00:00Z,38.35,1253.8
2020-11-06T22:30:00Z,36.8,1391.45
2020-11-06T23:00:00Z,37.93,479.35
2020-11-06T23:30:00Z,35.17,458.55
2020-11-07T00:00:00Z,38.02,286.65
2020-11-07T00:30:00Z,44.94,255.2
2020-11-07T01:00:00Z,39.64,391.5
2020-11-07T01:30:00Z,32.82,399.2
2020-11-07T02:00:00Z,33.85,290.1
2020-11-07T02:30:00Z,33.52,310.7
2020-11-07T03:00:00Z,21.44,310.9
2020-11-07T03:30:00Z,16.61,247.95
2020-11-07T04:00:00Z,20.27,335.3
2020-11-07T04:30:00Z,21.85,312.45
2020-11-07T05:00:00Z,35.56,249.65
2020-11-07T05:30:00Z,31.44,141.85
2020-11-07T06:00:00Z,40.05,107.5
2020-11-07T06:30:00Z,41.48,254.25
2020-11-07T07:00:00Z,43.99217712177122,135.5
2020-11-07T07:30:00Z,50.23297356828194,227.0
2020-11-07T08:00:00Z,54.66962809917355,242.0
2020-11-07T08:30:00Z,49.49650406504065,246.0
2020-11-07T09:00:00Z,53.004630872483226,298.0
2020-11-07T09:30:00Z,52.5824834193073,746.35
2020-11-07T10:00:00Z,50.03,801.8
2020-11-07T10:30:00Z,44.87,722.1
2020-11-07T11:00:00Z,51.22,599.1
2020-11-07T11:30:00Z,51.23,781.65
2020-11-07T12:00:00Z,50.44,888.6
2020-11-07T12:30:00Z,48.84,926.95
2020-11-07T13:00:00Z,50.62,682.4
2020-11-07T13:30:00Z,45.52,1024.15
2020-11-07T14:00:00Z,45.11,1093.05
2020-11-07T14:30:00Z,41.38,1273.25
2020-11-07T15:00:00Z,46.77000000000001,935.45
2020-11-07T15:30:00Z,55.77,724.4
2020-11-07T16:00:00Z,53.71,1160.6
2020-11-07T16:30:00Z,68.54,1137.95
2020-11-07T17:00:00Z,71.14,1074.35
2020-11-07T17:30:00Z,71.29,1157.05
2020-11-07T18:00:00Z,61.90999999999999,1349.3
2020-11-07T18:30:00Z,58.73,1434.7
2020-11-07T19:00:00Z,50.5,997.85
2020-11-07T19:30:00Z,47.2,1068.8
2020-11-07T20:00:00Z,50.49,919.8
2020-11-07T20:30:00Z,50.11,877.9
2020-11-07T21:00:00Z,44.15,1061.65
2020-11-07T21:30:00Z,41.07,732.7
2020-11-07T22:00:00Z,40.71,726.4
2020-11-07T22:30:00Z,40.3,1037.6
2020-11-07T23:00:00Z,50.85,631.5
2020-11-07T23:30:00Z,51.0,495.7
2020-11-10T00:00:00Z,42.77,356.2
2020-11-10T00:30:00Z,44.27,648.75
2020-11-10T01:00:00Z,45.14,361.25
2020-11-10T01:30:00Z,43.8,265.9
2020-11-10T02:00:00Z,39.04,353.0
2020-11-10T02:30:00Z,39.9,322.2
2020-11-10T03:00:00Z,36.56,310.7
2020-11-10T03:30:00Z,34.8,356.45
2020-11-10T04:00:00Z,37.24,315.9
2020-11-10T04:30:00Z,34.8,332.2
2020-11-10T05:00:00Z,42.4,269.2
2020-11-10T05:30:00Z,40.86,455.55
2020-11-10T06:00:00Z,46.12,727.35
2020-11-10T06:30:00Z,42.75,688.85
2020-11-10T07:00:00Z,28.56,1036.05
2020-11-10T07:30:00Z,42.27,658.8
2020-11-10T08:00:00Z,38.6,699.05
2020-11-10T08:30:00Z,41.4,952.35
2020-11-10T09:00:00Z,43.56,846.65
2020-11-10T09:30:00Z,41.14,1016.7
2020-11-10T10:00:00Z,40.38,943.25
2020-11-10T10:30:00Z,39.16,1186.55
2020-11-10T11:00:00Z,45.76,1250.95
2020-11-10T11:30:00Z,44.82,1320.35
2020-11-10T12:00:00Z,43.8,1263.35
2020-11-10T12:30:00Z,44.99,1578.65
2020-11-10T13:00:00Z,45.33,1428.4
2020-11-10T13:30:00Z,43.81,1244.25
2020-11-10T14:00:00Z,43.27,1327.9
2020-11-10T14:30:00Z,41.11,1486.95
2020-11-10T15:00:00Z,49.42,1039.9
2020-11-10T15:30:00Z,58.77,1665.9
2020-11-10T16:00:00Z,54.57,1545.75
2020-11-10T16:30:00Z,84.74,1500.75
2020-11-10T17:00:00Z,72.16000000000001,1971.1
2020-11-10T17:30:00Z,60.7,1712.8
2020-11-10T18:00:00Z,60.17999999999999,1924.0
2020-11-10T18:30:00Z,54.14,1861.15
2020-11-10T19:00:00Z,49.54,1232.95
2020-11-10T19:30:00Z,42.62,1109.45
2020-11-10T20:00:00Z,41.84,679.55
2020-11-10T20:30:00Z,40.78,805.75
2020-11-10T21:00:00Z,39.75235311543399,1012.6999999999999
2020-11-10T21:30:00Z,39.67,960.2
2020-11-10T22:00:00Z,31.78,1191.0
2020-11-10T22:30:00Z,27.25,1815.5
2020-11-10T23:00:00Z,26.61,1019.7
2020-11-10T23:30:00Z,29.58,801.5
2020-11-13T00:00:00Z,32.64,891.35
2020-11-13T00:30:00Z,32.75,710.2
2020-11-13T01:00:00Z,34.95,847.3
2020-11-13T01:30:00Z,28.01,924.55
2020-11-13T02:00:00Z,27.170000000000005,844.2
2020-11-13T02:30:00Z,26.719999999999995,793.35
2020-11-13T03:00:00Z,30.039999999999996,583.25
2020-11-13T03:30:00Z,30.6,682.65
2020-11-13T04:00:00Z,30.510000000000005,755.0
2020-11-13T04:30:00Z,32.93,845.85
2020-11-13T05:00:00Z,36.01,915.4
2020-11-13T05:30:00Z,40.2,945.7
2020-11-13T06:00:00Z,41.17,1369.1
2020-11-13T06:30:00Z,47.4,1237.65
2020-11-13T07:00:00Z,55.74999999999999,1424.05
2020-11-13T07:30:00Z,60.28999999999999,1249.0
2020-11-13T08:00:00Z,49.3,1481.25
2020-11-13T08:30:00Z,45.09,1300.9
2020-11-13T09:00:00Z,47.84,1256.95
2020-11-13T09:30:00Z,49.02,1096.2
2020-11-13T10:00:00Z,49.03,1289.65
2020-11-13T10:30:00Z,39.83,1763.2
2020-11-13T11:00:00Z,33.18,1768.7
2020-11-13T11:30:00Z,29.13,2000.95
2020-11-13T12:00:00Z,32.52,1896.65
2020-11-13T12:30:00Z,33.74,1701.35
2020-11-13T13:00:00Z,40.92,1990.75
2020-11-13T13:30:00Z,44.65,1914.95
2020-11-13T14:00:00Z,44.89,1865.75
2020-11-13T14:30:00Z,39.8,2152.75
2020-11-13T15:00:00Z,35.09,2046.45
2020-11-13T15:30:00Z,34.63,1769.2
2020-11-13T16:00:00Z,39.1,2160.2
2020-11-13T16:30:00Z,48.74,1528.55
2020-11-13T17:00:00Z,56.11,1520.7
2020-11-13T17:30:00Z,51.91,1785.85
2020-11-13T18:00:00Z,47.66,1626.25
2020-11-13T18:30:00Z,48.64,1560.85
2020-11-13T19:00:00Z,45.68,935.35
2020-11-13T19:30:00Z,39.47,1027.45
2020-11-13T20:00:00Z,35.64,922.4
2020-11-13T20:30:00Z,43.54,1171.85
2020-11-13T21:00:00Z,35.32,1347.3
2020-11-13T21:30:00Z,34.17,1529.75
2020-11-13T22:00:00Z,37.45,1434.85
2020-11-13T22:30:00Z,36.81000000000001,1842.3
2020-11-13T23:00:00Z,46.47,644.05
2020-11-13T23:30:00Z,32.76,654.7
2020-11-15T00:00:00Z,3.12,1162.85
2020-11-15T00:30:00Z,4.93,1095.65
2020-11-15T01:00:00Z,4.49,782.35
2020-11-15T01:30:00Z,0.13,859.15
2020-11-15T02:00:00Z,0.28,841.75
2020-11-15T02:30:00Z,-0.4000000000000001,785.45
2020-11-15T03:00:00Z,-2.07,628.45
2020-11-15T03:30:00Z,-2.5799999999999996,808.55
2020-11-15T04:00:00Z,-1.87,773.65
2020-11-15T04:30:00Z,-0.33,828.45
2020-11-15T05:00:00Z,-0.27,959.85
2020-11-15T05:30:00Z,16.61,885.05
2020-11-15T06:00:00Z,0.67,895.65
2020-11-15T06:30:00Z,7.73,1059.1
2020-11-15T07:00:00Z,1.17,773.05
2020-11-15T07:30:00Z,5.08,911.8
2020-11-15T08:00:00Z,-7.32,981.25
2020-11-15T08:30:00Z,19.4,821.4
2020-11-15T09:00:00Z,31.17,1035.55
2020-11-15T09:30:00Z,33.04,1532.15
2020-11-15T10:00:00Z,38.7,1629.45
2020-11-15T10:30:00Z,37.87,1348.3
2020-11-15T11:00:00Z,38.7,1522.8
2020-11-15T11:30:00Z,36.82,1355.25
2020-11-15T12:00:00Z,39.29,1437.0
2020-11-15T12:30:00Z,37.93,1365.35
2020-11-15T13:00:00Z,45.64999999999999,1697.2
2020-11-15T13:30:00Z,47.39,1749.55
2020-11-15T14:00:00Z,48.85,1422.2
2020-11-15T14:30:00Z,47.54999999999999,1731.4
2020-11-15T15:00:00Z,44.7,1257.75
2020-11-15T15:30:00Z,41.69,1036.8
2020-11-15T16:00:00Z,40.68,1244.6
2020-11-15T16:30:00Z,62.22,1252.75
2020-11-15T17:00:00Z,67.45,1382.6
2020-11-15T17:30:00Z,63.65999999999999,1355.5
2020-11-15T18:00:00Z,56.84,1704.0
2020-11-15T18:30:00Z,44.02,1316.2
2020-11-15T19:00:00Z,32.39,1329.7
2020-11-15T19:30:00Z,33.55,1262.75
2020-11-15T20:00:00Z,30.96,1228.8
2020-11-15T20:30:00Z,24.149999999999995,1558.7
2020-11-15T21:00:00Z,18.96,1984.7
2020-11-15T21:30:00Z,6.65,1539.35
2020-11-15T22:00:00Z,3.36,1536.55
2020-11-15T22:30:00Z,-5.46,1591.95
2020-11-15T23:00:00Z,21.12,959.55
2020-11-15T23:30:00Z,11.17,866.55
2020-11-20T00:00:00Z,38.0,1126.9
2020-11-20T00:30:00Z,40.9,917.0
2020-11-20T01:00:00Z,38.63,775.3
2020-11-20T01:30:00Z,38.07,732.0
2020-11-20T02:00:00Z,39.25,756.65
2020-11-20T02:30:00Z,36.68,648.1
2020-11-20T03:00:00Z,33.6,802.75
2020-11-20T03:30:00Z,28.16,723.6
2020-11-20T04:00:00Z,32.02,600.9
2020-11-20T04:30:00Z,30.999999999999996,690.15
2020-11-20T05:00:00Z,41.11,456.65
2020-11-20T05:30:00Z,40.06999999999999,883.95
2020-11-20T06:00:00Z,42.94,906.05
2020-11-20T06:30:00Z,45.03,981.4
2020-11-20T07:00:00Z,49.87,1150.55
2020-11-20T07:30:00Z,58.69,900.8
2020-11-20T08:00:00Z,57.85,1076.65
2020-11-20T08:30:00Z,55.08,1098.0
2020-11-20T09:00:00Z,58.4,1350.5
2020-11-20T09:30:00Z,58.54,1398.85
2020-11-20T10:00:00Z,51.85,1332.25
2020-11-20T10:30:00Z,48.47,1220.3
2020-11-20T11:00:00Z,52.61,1626.35
2020-11-20T11:30:00Z,49.08,1463.25
2020-11-20T12:00:00Z,42.89,1681.25
2020-11-20T12:30:00Z,41.2,1245.5
2020-11-20T13:00:00Z,44.61,1765.55
2020-11-20T13:30:00Z,41.18,2550.0
2020-11-20T14:00:00Z,49.66,1671.9
2020-11-20T14:30:00Z,45.28,1969.8
2020-11-20T15:00:00Z,43.48,1386.85
2020-11-20T15:30:00Z,48.21999999999999,1380.0
2020-11-20T16:00:00Z,47.46,1738.05
2020-11-20T16:30:00Z,53.36,1426.45
2020-11-20T17:00:00Z,37.18,2226.05
2020-11-20T17:30:00Z,40.28,2614.2
2020-11-20T18:00:00Z,45.11,2432.65
2020-11-20T18:30:00Z,47.23,2224.95
2020-11-20T19:00:00Z,37.85,1426.1
2020-11-20T19:30:00Z,42.56,1585.45
2020-11-20T20:00:00Z,41.07,1330.9
2020-11-20T20:30:00Z,30.510000000000005,1126.25
2020-11-20T21:00:00Z,33.95,1240.3
2020-11-20T21:30:00Z,31.280000000000005,1140.2
2020-11-20T22:00:00Z,41.95000000000001,1767.25
2020-11-20T22:30:00Z,34.56,1956.2
2020-11-20T23:00:00Z,32.18,682.6
2020-11-20T23:30:00Z,-24.65,469.5
2020-11-22T00:00:00Z,32.97,537.2
2020-11-22T00:30:00Z,29.44,588.25
2020-11-22T01:00:00Z,35.95,453.25
2020-11-22T01:30:00Z,32.16,363.5
2020-11-22T02:00:00Z,30.629999999999995,453.55
2020-11-22T02:30:00Z,30.03,338.85
2020-11-22T03:00:00Z,27.67,464.35
2020-11-22T03:30:00Z,21.12,301.4
2020-11-22T04:00:00Z,21.72,390.75
2020-11-22T04:30:00Z,23.46,376.45
2020-11-22T05:00:00Z,21.48,742.5
2020-11-22T05:30:00Z,25.370000000000005,398.15
2020-11-22T06:00:00Z,25.480000000000004,420.75
2020-11-22T06:30:00Z,30.38,457.55
2020-11-22T07:00:00Z,32.02,1070.4
2020-11-22T07:30:00Z,38.07,879.0
2020-11-22T08:00:00Z,26.73,865.4
2020-11-22T08:30:00Z,34.32,1143.75
2020-11-22T09:00:00Z,41.72,1382.1
2020-11-22T09:30:00Z,41.19,1338.95
2020-11-22T10:00:00Z,40.77,1300.95
2020-11-22T10:30:00Z,37.52,1533.1
2020-11-22T11:00:00Z,41.22,1523.2
2020-11-22T11:30:00Z,41.05,1457.55
2020-11-22T12:00:00Z,34.91,1412.75
2020-11-22T12:30:00Z,36.49,1380.05
2020-11-22T13:00:00Z,33.09,1434.7
2020-11-22T13:30:00Z,31.349999999999998,1498.5
2020-11-22T14:00:00Z,32.57,1672.85
2020-11-22T14:30:00Z,30.94,1585.1
2020-11-22T15:00:00Z,39.22,1966.75
2020-11-22T15:30:00Z,40.64,1871.25
2020-11-22T16:00:00Z,38.6,1612.2
2020-11-22T16:30:00Z,54.05,1750.6
2020-11-22T17:00:00Z,58.23,1567.55
2020-11-22T17:30:00Z,56.11,1372.0
2020-11-22T18:00:00Z,55.04,1460.5
2020-11-22T18:30:00Z,51.73,1183.75
2020-11-22T19:00:00Z,41.74,1198.65
2020-11-22T19:30:00Z,35.03,1137.0
2020-11-22T20:00:00Z,29.1,1208.55
2020-11-22T20:30:00Z,31.470000000000002,1388.9
2020-11-22T21:00:00Z,36.82,1251.0
2020-11-22T21:30:00Z,38.83,1278.1
2020-11-22T22:00:00Z,37.43,1196.7
2020-11-22T22:30:00Z,33.98,1271.8
2020-11-22T23:00:00Z,23.79,661.55
2020-11-22T23:30:00Z,23.52,571.1
2020-11-23T00:00:00Z,24.48,668.25
2020-11-23T00:30:00Z,27.369999999999997,678.7
2020-11-23T01:00:00Z,29.600000000000005,815.85
2020-11-23T01:30:00Z,27.82,674.5
2020-11-23T02:00:00Z,28.06,717.75
2020-11-23T02:30:00Z,27.7,730.55
2020-11-23T03:00:00Z,30.68,449.8
2020-11-23T03:30:00Z,29.51,356.45
2020-11-23T04:00:00Z,31.58,508.85
2020-11-23T04:30:00Z,30.099999999999998,556.75
2020-11-23T05:00:00Z,44.76,669.2
2020-11-23T05:30:00Z,38.27,613.5
2020-11-23T06:00:00Z,48.81,630.55
2020-11-23T06:30:00Z,31.24,1089.35
2020-11-23T07:00:00Z,32.45,1299.6
2020-11-23T07:30:00Z,45.62,1362.1
2020-11-23T08:00:00Z,44.4,1225.15
2020-11-23T08:30:00Z,35.15,1309.05
2020-11-23T09:00:00Z,45.61000000000001,1532.4
2020-11-23T09:30:00Z,41.4,2052.35
2020-11-23T10:00:00Z,38.46,1875.7
2020-11-23T10:30:00Z,43.41,2760.5
2020-11-23T11:00:00Z,42.96,2621.55
2020-11-23T11:30:00Z,37.54,2313.65
2020-11-23T12:00:00Z,40.55,2423.6
2020-11-23T12:30:00Z,38.69,2692.75
2020-11-23T13:00:00Z,37.75,2051.55
2020-11-23T13:30:00Z,40.81,2475.3
2020-11-23T14:00:00Z,42.96,2022.85
2020-11-23T14:30:00Z,41.1,1849.6
2020-11-23T15:00:00Z,44.55,2376.5
2020-11-23T15:30:00Z,46.82,1747.25
2020-11-23T16:00:00Z,43.51,1747.65
2020-11-23T16:30:00Z,50.92,2024.5
2020-11-23T17:00:00Z,48.39,1869.25
2020-11-23T17:30:00Z,49.59,1981.25
2020-11-23T18:00:00Z,54.38,1732.4
2020-11-23T18:30:00Z,45.93,2077.95
2020-11-23T19:00:00Z,34.39,1406.85
2020-11-23T19:30:00Z,42.07,1452.25
2020-11-23T20:00:00Z,42.08,1458.4
2020-11-23T20:30:00Z,36.46,1689.7
2020-11-23T21:00:00Z,45.15,1660.0
2020-11-23T21:30:00Z,34.54,1920.75
2020-11-23T22:00:00Z,38.88,1673.3
2020-11-23T22:30:00Z,34.89,2186.35
2020-11-23T23:00:00Z,17.92,919.95
2020-11-23T23:30:00Z,18.53,813.7
2020-11-25T00:00:00Z,30.430000000000003,553.5
2020-11-25T00:30:00Z,34.85,410.5
2020-11-25T01:00:00Z,32.0,452.45
2020-11-25T01:30:00Z,30.060000000000002,625.9
2020-11-25T02:00:00Z,38.1,525.25
2020-11-25T02:30:00Z,39.79,707.0
2020-11-25T03:00:00Z,40.42,490.25
2020-11-25T03:30:00Z,38.65,367.65
2020-11-25T04:00:00Z,38.64999999999999,427.05
2020-11-25T04:30:00Z,37.09,690.6
2020-11-25T05:00:00Z,37.28,853.35
2020-11-25T05:30:00Z,38.81,847.55
2020-11-25T06:00:00Z,54.66,921.6
2020-11-25T06:30:00Z,25.910000000000004,1372.4
2020-11-25T07:00:00Z,40.73,1194.05
2020-11-25T07:30:00Z,50.26,738.65
2020-11-25T08:00:00Z,47.68,815.8
2020-11-25T08:30:00Z,50.05,796.0
2020-11-25T09:00:00Z,44.65,1276.4
2020-11-25T09:30:00Z,48.38,1376.8
2020-11-25T10:00:00Z,49.87,1302.05
2020-11-25T10:30:00Z,51.01,1159.45
2020-11-25T11:00:00Z,53.95,782.6
2020-11-25T11:30:00Z,55.059999999999995,866.45
2020-11-25T12:00:00Z,53.25,793.5
2020-11-25T12:30:00Z,50.510000000000005,909.85
2020-11-25T13:00:00Z,47.92,915.45
2020-11-25T13:30:00Z,43.64000000000001,824.75
2020-11-25T14:00:00Z,48.38,903.9
2020-11-25T14:30:00Z,44.6,1133.85
2020-11-25T15:00:00Z,45.6,670.55
2020-11-25T15:30:00Z,58.91,805.6
2020-11-25T16:00:00Z,49.3,1116.0
2020-11-25T16:30:00Z,75.56,1400.35
2020-11-25T17:00:00Z,74.21,1289.95
2020-11-25T17:30:00Z,63.41,1616.7
2020-11-25T18:00:00Z,63.36,1794.65
2020-11-25T18:30:00Z,65.27,1795.35
2020-11-25T19:00:00Z,61.95,1091.6
2020-11-25T19:30:00Z,54.95,1054.55
2020-11-25T20:00:00Z,45.96,968.7
2020-11-25T20:30:00Z,47.25,1153.45
2020-11-25T21:00:00Z,45.83,906.35
2020-11-25T21:30:00Z,39.65,863.8
2020-11-25T22:00:00Z,30.96,800.1
2020-11-25T22:30:00Z,29.93,1185.35
2020-11-25T23:00:00Z,37.49,361.65
2020-11-25T23:30:00Z,29.85,423.1
2020-11-27T00:00:00Z,41.83,370.75
2020-11-27T00:30:00Z,48.46,651.65
2020-11-27T01:00:00Z,41.42,724.85
2020-11-27T01:30:00Z,40.82,548.5
2020-11-27T02:00:00Z,36.23,691.85
2020-11-27T02:30:00Z,37.69,643.8
2020-11-27T03:00:00Z,45.88,310.4
2020-11-27T03:30:00Z,41.45,302.6
2020-11-27T04:00:00Z,43.53,302.65
2020-11-27T04:30:00Z,30.75,462.75
2020-11-27T05:00:00Z,50.7,585.2
2020-11-27T05:30:00Z,48.44,561.25
2020-11-27T06:00:00Z,53.16,621.05
2020-11-27T06:30:00Z,55.71999999999999,703.0
2020-11-27T07:00:00Z,47.98,1078.75
2020-11-27T07:30:00Z,72.05,852.25
2020-11-27T08:00:00Z,58.98,906.55
2020-11-27T08:30:00Z,61.13000000000001,1095.1
2020-11-27T09:00:00Z,59.85,976.75
2020-11-27T09:30:00Z,59.21,885.75
2020-11-27T10:00:00Z,55.870000000000005,801.25
2020-11-27T10:30:00Z,54.08,1180.45
2020-11-27T11:00:00Z,59.57,1131.45
2020-11-27T11:30:00Z,59.83,1104.6
2020-11-27T12:00:00Z,59.699999999999996,1303.3
2020-11-27T12:30:00Z,62.67000000000001,1350.35
2020-11-27T13:00:00Z,58.69,1826.9
2020-11-27T13:30:00Z,55.52,1615.15
2020-11-27T14:00:00Z,58.86,1586.75
2020-11-27T14:30:00Z,61.02,1689.95
2020-11-27T15:00:00Z,89.34,1405.35
2020-11-27T15:30:00Z,87.34,1409.45
2020-11-27T16:00:00Z,81.13,1374.15
2020-11-27T16:30:00Z,107.55,1376.95
2020-11-27T17:00:00Z,100.25,1612.65
2020-11-27T17:30:00Z,82.2,1499.45
2020-11-27T18:00:00Z,79.43,1685.65
2020-11-27T18:30:00Z,74.29,1403.05
2020-11-27T19:00:00Z,61.62,2021.95
2020-11-27T19:30:00Z,57.85,1696.75
2020-11-27T20:00:00Z,53.300000000000004,1470.8
2020-11-27T20:30:00Z,50.62,1628.25
2020-11-27T21:00:00Z,49.03,2038.75
2020-11-27T21:30:00Z,49.49,1857.75
2020-11-27T22:00:00Z,51.04,1910.3
2020-11-27T22:30:00Z,49.86,1931.85
2020-11-27T23:00:00Z,47.83,569.45
2020-11-27T23:30:00Z,45.56,341.15
2020-12-01T00:00:00Z,39.14,671.85
2020-12-01T00:30:00Z,40.29,646.7
2020-12-01T01:00:00Z,42.9,529.95
2020-12-01T01:30:00Z,42.61,656.1
2020-12-01T02:00:00Z,41.64,621.65
2020-12-01T02:30:00Z,40.19,819.1
2020-12-01T03:00:00Z,40.07,357.9
2020-12-01T03:30:00Z,37.48,494.2
2020-12-01T04:00:00Z,40.04,543.65
2020-12-01T04:30:00Z,36.8,456.8
2020-12-01T05:00:00Z,44.6,567.2
2020-12-01T05:30:00Z,41.62,729.8
2020-12-01T06:00:00Z,56.93,780.65
2020-12-01T06:30:00Z,30.42,1218.8
2020-12-01T07:00:00Z,48.81,965.75
2020-12-01T07:30:00Z,60.16,1084.7
2020-12-01T08:00:00Z,55.95,1103.15
2020-12-01T08:30:00Z,56.2,856.05
2020-12-01T09:00:00Z,57.58,912.45
2020-12-01T09:30:00Z,58.56,1092.7
2020-12-01T10:00:00Z,59.88999999999999,1102.15
2020-12-01T10:30:00Z,56.99,1047.3
2020-12-01T11:00:00Z,60.19,1084.0
2020-12-01T11:30:00Z,57.76,1078.35
2020-12-01T12:00:00Z,57.74,1026.4
2020-12-01T12:30:00Z,58.76,1128.6
2020-12-01T13:00:00Z,58.97,1009.05
2020-12-01T13:30:00Z,58.78,1221.95
2020-12-01T14:00:00Z,56.25,1159.75
2020-12-01T14:30:00Z,57.13,1188.05
2020-12-01T15:00:00Z,58.1,1368.85
2020-12-01T15:30:00Z,71.39,1397.4
2020-12-01T16:00:00Z,70.3,1743.85
2020-12-01T16:30:00Z,81.16999999999999,1722.0
2020-12-01T17:00:00Z,76.43,2012.85
2020-12-01T17:30:00Z,76.1,2511.2
2020-12-01T18:00:00Z,64.64,2005.5
2020-12-01T18:30:00Z,59.04,2151.3
2020-12-01T19:00:00Z,63.13999999999999,1296.5
2020-12-01T19:30:00Z,58.779999999999994,1169.6
2020-12-01T20:00:00Z,58.37,1488.75
2020-12-01T20:30:00Z,53.18,1622.65
2020-12-01T21:00:00Z,48.32,1716.05
2020-12-01T21:30:00Z,50.02000000000001,1601.7
2020-12-01T22:00:00Z,51.35,1351.25
2020-12-01T22:30:00Z,44.79,1694.05
2020-12-01T23:00:00Z,47.87,855.2
2020-12-01T23:30:00Z,42.63,555.4
2020-12-02T00:00:00Z,42.4,771.65
2020-12-02T00:30:00Z,46.72,451.8
2020-12-02T01:00:00Z,48.34,523.4
2020-12-02T01:30:00Z,42.92,522.0
2020-12-02T02:00:00Z,45.79,388.95
2020-12-02T02:30:00Z,35.22,422.45
2020-12-02T03:00:00Z,45.35,421.45
2020-12-02T03:30:00Z,31.630000000000003,374.8
2020-12-02T04:00:00Z,48.66,387.95
2020-12-02T04:30:00Z,44.82,498.05
2020-12-02T05:00:00Z,59.26,658.85
2020-12-02T05:30:00Z,46.11,826.2
2020-12-02T06:00:00Z,52.86,796.25
2020-12-02T06:30:00Z,46.98,947.7
2020-12-02T07:00:00Z,50.75,1191.1
2020-12-02T07:30:00Z,62.15,1335.4
2020-12-02T08:00:00Z,70.59,915.65
2020-12-02T08:30:00Z,73.65,1151.55
2020-12-02T09:00:00Z,77.28,1279.25
2020-12-02T09:30:00Z,78.12,1008.85
2020-12-02T10:00:00Z,79.09,1489.55
2020-12-02T10:30:00Z,79.78,1348.55
2020-12-02T11:00:00Z,79.36,1420.6
2020-12-02T11:30:00Z,78.61,1473.6
2020-12-02T12:00:00Z,79.13,1448.95
2020-12-02T12:30:00Z,78.5,1369.75
2020-12-02T13:00:00Z,75.49,1871.85
2020-12-02T13:30:00Z,74.13,1679.85
2020-12-02T14:00:00Z,73.5,1647.3
2020-12-02T14:30:00Z,72.67,1517.25
2020-12-02T15:00:00Z,87.94999999999999,1564.65
2020-12-02T15:30:00Z,104.51999999999998,1455.25
2020-12-02T16:00:00Z,107.59,1836.3
2020-12-02T16:30:00Z,123.74,1990.8
2020-12-02T17:00:00Z,96.75,2142.15
2020-12-02T17:30:00Z,98.04,2285.0
2020-12-02T18:00:00Z,100.5,2400.15
2020-12-02T18:30:00Z,90.46,2404.75
2020-12-02T19:00:00Z,58.18,1351.4
2020-12-02T19:30:00Z,59.04999999999999,1201.05
2020-12-02T20:00:00Z,52.36,1318.5
2020-12-02T20:30:00Z,53.57,1371.0
2020-12-02T21:00:00Z,49.64000000000001,1335.2
2020-12-02T21:30:00Z,45.27,828.75
2020-12-02T22:00:00Z,48.2,1000.45
2020-12-02T22:30:00Z,43.3,1423.2
2020-12-02T23:00:00Z,21.42,936.25
2020-12-02T23:30:00Z,40.96,896.1
2020-12-03T00:00:00Z,18.7,508.6
2020-12-03T00:30:00Z,29.070000000000004,813.6
2020-12-03T01:00:00Z,37.77,603.5
2020-12-03T01:30:00Z,32.72,621.35
2020-12-03T02:00:00Z,32.65,904.5
2020-12-03T02:30:00Z,36.43,766.45
2020-12-03T03:00:00Z,42.77,778.7
2020-12-03T03:30:00Z,43.4,789.0
2020-12-03T04:00:00Z,44.0,764.85
2020-12-03T04:30:00Z,44.54,923.5
2020-12-03T05:00:00Z,47.29,1041.25
2020-12-03T05:30:00Z,39.03,985.6
2020-12-03T06:00:00Z,54.52,1080.85
2020-12-03T06:30:00Z,43.9,1940.15
2020-12-03T07:00:00Z,43.89,1271.6
2020-12-03T07:30:00Z,66.25,1012.9
2020-12-03T08:00:00Z,65.03,1176.35
2020-12-03T08:30:00Z,74.77,1241.45
2020-12-03T09:00:00Z,65.67,1153.7
2020-12-03T09:30:00Z,68.77,1405.3
2020-12-03T10:00:00Z,69.74,1449.55
2020-12-03T10:30:00Z,66.96,1585.7
2020-12-03T11:00:00Z,66.61,1499.6
2020-12-03T11:30:00Z,62.71,1758.5
2020-12-03T12:00:00Z,62.98,1906.45
2020-12-03T12:30:00Z,67.6,1829.05
2020-12-03T13:00:00Z,60.62,1898.5
2020-12-03T13:30:00Z,56.92,1870.55
2020-12-03T14:00:00Z,55.39,2044.6
2020-12-03T14:30:00Z,64.09,2440.3
2020-12-03T15:00:00Z,84.52,2505.3
2020-12-03T15:30:00Z,88.91,2534.95
2020-12-03T16:00:00Z,109.13,2050.95
2020-12-03T16:30:00Z,142.9,2020.4
2020-12-03T17:00:00Z,124.15,2065.3
2020-12-03T17:30:00Z,109.08,2298.15
2020-12-03T18:00:00Z,96.78,2070.55
2020-12-03T18:30:00Z,86.22,2416.0
2020-12-03T19:00:00Z,52.1,1902.5
2020-12-03T19:30:00Z,51.0,1485.0
2020-12-03T20:00:00Z,50.69,1174.05
2020-12-03T20:30:00Z,48.87,1259.9
2020-12-03T21:00:00Z,47.19,1309.35
2020-12-03T21:30:00Z,46.47,978.0
2020-12-03T22:00:00Z,44.64,1254.7
2020-12-03T22:30:00Z,44.06,1641.3
2020-12-03T23:00:00Z,44.25,932.35
2020-12-03T23:30:00Z,48.85,874.7
2020-12-04T00:00:00Z,49.54,1025.4
2020-12-04T00:30:00Z,47.68,1059.95
2020-12-04T01:00:00Z,46.27,778.85
2020-12-04T01:30:00Z,44.73,634.55
2020-12-04T02:00:00Z,44.64,685.8
2020-12-04T02:30:00Z,35.59,1071.0
2020-12-04T03:00:00Z,27.5,665.4
2020-12-04T03:30:00Z,20.25,950.1
2020-12-04T04:00:00Z,25.05,1091.7
2020-12-04T04:30:00Z,20.44,994.9
2020-12-04T05:00:00Z,19.84,1057.8
2020-12-04T05:30:00Z,20.85,963.4
2020-12-04T06:00:00Z,36.39,1067.7
2020-12-04T06:30:00Z,30.72,1519.15
2020-12-04T07:00:00Z,41.9,1350.15
2020-12-04T07:30:00Z,47.00000000000001,1490.2
2020-12-04T08:00:00Z,55.06,1522.3
2020-12-04T08:30:00Z,60.08,1504.45
2020-12-04T09:00:00Z,53.87,2181.55
2020-12-04T09:30:00Z,56.67,2373.85
2020-12-04T10:00:00Z,59.99,2293.2
2020-12-04T10:30:00Z,60.269999999999996,2439.95
2020-12-04T11:00:00Z,70.81,2109.0
2020-12-04T11:30:00Z,70.05,2229.75
2020-12-04T12:00:00Z,68.29,2567.2
2020-12-04T12:30:00Z,66.92,2455.85
2020-12-04T13:00:00Z,64.54,2253.05
2020-12-04T13:30:00Z,55.48,2241.35
2020-12-04T14:00:00Z,51.51,1930.55
2020-12-04T14:30:00Z,51.21999999999999,1889.05
2020-12-04T15:00:00Z,41.51,1529.5
2020-12-04T15:30:00Z,44.47,1673.05
2020-12-04T16:00:00Z,40.0,1567.9
2020-12-04T16:30:00Z,46.25,1418.1
2020-12-04T17:00:00Z,47.29,1865.9
2020-12-04T17:30:00Z,41.79,1966.45
2020-12-04T18:00:00Z,53.20000000000001,1780.55
2020-12-04T18:30:00Z,53.76,2223.3
2020-12-04T19:00:00Z,38.96,1334.15
2020-12-04T19:30:00Z,36.58,1433.75
2020-12-04T20:00:00Z,50.06,1466.0
2020-12-04T20:30:00Z,49.31,1735.3
2020-12-04T21:00:00Z,46.85,1915.45
2020-12-04T21:30:00Z,39.43000000000001,1732.2
2020-12-04T22:00:00Z,44.46,2024.55
2020-12-04T22:30:00Z,41.46,1989.75
2020-12-04T23:00:00Z,12.84,1160.05
2020-12-04T23:30:00Z,15.63,1362.55
2020-12-05T00:00:00Z,18.49,1045.95
2020-12-05T00:30:00Z,28.64,1108.7
2020-12-05T01:00:00Z,13.679999999999998,709.55
2020-12-05T01:30:00Z,12.32,705.5
2020-12-05T02:00:00Z,19.17,507.45
2020-12-05T02:30:00Z,16.97,662.7
2020-12-05T03:00:00Z,22.44,642.6
2020-12-05T03:30:00Z,19.82,796.75
2020-12-05T04:00:00Z,21.84,731.75
2020-12-05T04:30:00Z,20.35,769.15
2020-12-05T05:00:00Z,24.69,931.95
2020-12-05T05:30:00Z,23.159999999999997,900.1
2020-12-05T06:00:00Z,29.94,1028.35
2020-12-05T06:30:00Z,15.37,1487.5
2020-12-05T07:00:00Z,39.46,1404.25
2020-12-05T07:30:00Z,34.94,935.15
2020-12-05T08:00:00Z,31.72,1516.25
2020-12-05T08:30:00Z,45.88,1288.8
2020-12-05T09:00:00Z,32.7,1389.15
2020-12-05T09:30:00Z,46.55,1613.05
2020-12-05T10:00:00Z,43.61,1961.1
2020-12-05T10:30:00Z,48.4,1565.1
2020-12-05T11:00:00Z,50.36,1331.45
2020-12-05T11:30:00Z,48.42,1468.05
2020-12-05T12:00:00Z,46.89,1270.35
2020-12-05T12:30:00Z,49.84,1144.95
2020-12-05T13:00:00Z,47.06,1166.9
2020-12-05T13:30:00Z,41.04,1095.7
2020-12-05T14:00:00Z,49.44,1183.05
2020-12-05T14:30:00Z,56.72,1268.7
2020-12-05T15:00:00Z,55.93,704.15
2020-12-05T15:30:00Z,58.60999999999999,1135.3
2020-12-05T16:00:00Z,64.7,966.1
2020-12-05T16:30:00Z,80.64,764.15
2020-12-05T17:00:00Z,105.74,843.1
2020-12-05T17:30:00Z,85.63,954.7
2020-12-05T18:00:00Z,84.09,918.35
2020-12-05T18:30:00Z,76.37,891.05
2020-12-05T19:00:00Z,55.28,965.5
2020-12-05T19:30:00Z,58.33,986.95
2020-12-05T20:00:00Z,50.620000000000005,956.0
2020-12-05T20:30:00Z,49.6,871.4
2020-12-05T21:00:00Z,49.82,562.6
2020-12-05T21:30:00Z,49.60999999999999,722.9
2020-12-05T22:00:00Z,50.29,774.6
2020-12-05T22:30:00Z,48.69,811.15
2020-12-05T23:00:00Z,36.27,570.7
2020-12-05T23:30:00Z,32.72,730.0
2020-12-06T00:00:00Z,34.15,651.0
2020-12-06T00:30:00Z,38.39,313.6
2020-12-06T01:00:00Z,44.34,634.6
2020-12-06T01:30:00Z,39.8,528.8
2020-12-06T02:00:00Z,35.32,608.85
2020-12-06T02:30:00Z,33.67,682.6
2020-12-06T03:00:00Z,34.55,440.9
2020-12-06T03:30:00Z,31.17,538.65
2020-12-06T04:00:00Z,29.29,538.0
2020-12-06T04:30:00Z,28.31,550.95
2020-12-06T05:00:00Z,28.969999999999995,754.15
2020-12-06T05:30:00Z,34.14,645.8
2020-12-06T06:00:00Z,34.8,673.3
2020-12-06T06:30:00Z,25.239999999999995,755.0
2020-12-06T07:00:00Z,27.63,473.4
2020-12-06T07:30:00Z,19.38,249.8
2020-12-06T08:00:00Z,19.5,601.4
2020-12-06T08:30:00Z,45.6,609.55
2020-12-06T09:00:00Z,37.64,847.55
2020-12-06T09:30:00Z,46.09,786.55
2020-12-06T10:00:00Z,41.730000000000004,993.15
2020-12-06T10:30:00Z,46.64,810.25
2020-12-06T11:00:00Z,40.62,856.85
2020-12-06T11:30:00Z,41.31,580.2
2020-12-06T12:00:00Z,43.74,835.9
2020-12-06T12:30:00Z,46.58,634.35
2020-12-06T13:00:00Z,44.92,517.0
2020-12-06T13:30:00Z,42.45,504.0
2020-12-06T14:00:00Z,42.41,454.2
2020-12-06T14:30:00Z,54.48,563.2
2020-12-06T15:00:00Z,120.67,1122.2
2020-12-06T15:30:00Z,101.0,1377.75
2020-12-06T16:00:00Z,105.06,1008.0
2020-12-06T16:30:00Z,158.92,831.85
2020-12-06T17:00:00Z,211.55,898.65
2020-12-06T17:30:00Z,209.68,870.4
2020-12-06T18:00:00Z,172.73,1092.95
2020-12-06T18:30:00Z,123.84,1237.05
2020-12-06T19:00:00Z,93.05,961.15
2020-12-06T19:30:00Z,65.19,940.4
2020-12-06T20:00:00Z,53.989999999999995,808.95
2020-12-06T20:30:00Z,50.65,772.75
2020-12-06T21:00:00Z,46.38,958.95
2020-12-06T21:30:00Z,42.77,1112.05
2020-12-06T22:00:00Z,49.06,1035.3
2020-12-06T22:30:00Z,47.38,1552.3
2020-12-06T23:00:00Z,39.11,548.9
2020-12-06T23:30:00Z,41.85,741.7
2020-12-07T00:00:00Z,40.0,245.65
2020-12-07T00:30:00Z,47.61,486.95
2020-12-07T01:00:00Z,45.39,560.4
2020-12-07T01:30:00Z,44.17,424.1
2020-12-07T02:00:00Z,42.81,552.05
2020-12-07T02:30:00Z,39.57,588.0
2020-12-07T03:00:00Z,45.04,467.05
2020-12-07T03:30:00Z,43.8,559.95
2020-12-07T04:00:00Z,45.49,451.5
2020-12-07T04:30:00Z,41.98,648.1
2020-12-07T05:00:00Z,56.21,540.5
2020-12-07T05:30:00Z,54.97,998.95
2020-12-07T06:00:00Z,70.37,787.15
2020-12-07T06:30:00Z,56.839999999999996,1358.3
2020-12-07T07:00:00Z,86.8,1317.75
2020-12-07T07:30:00Z,121.04000000000002,1305.2
2020-12-07T08:00:00Z,122.86000000000001,1164.45
2020-12-07T08:30:00Z,126.87,1354.8
2020-12-07T09:00:00Z,151.76,1634.5
2020-12-07T09:30:00Z,153.07,1665.3
2020-12-07T10:00:00Z,153.24000000000004,1729.15
2020-12-07T10:30:00Z,151.45920084241683,1756.85
2020-12-07T11:00:00Z,159.37267113718914,1610.55
2020-12-07T11:30:00Z,175.31000000000003,1812.0
2020-12-07T12:00:00Z,202.88,2133.55
2020-12-07T12:30:00Z,206.11,2365.05
2020-12-07T13:00:00Z,190.11,2136.85
2020-12-07T13:30:00Z,185.54,2013.05
2020-12-07T14:00:00Z,202.21,2401.75
2020-12-07T14:30:00Z,185.37,2625.5
2020-12-07T15:00:00Z,216.23,2056.4
2020-12-07T15:30:00Z,236.15999999999997,2321.5
2020-12-07T16:00:00Z,246.38,1775.75
2020-12-07T16:30:00Z,272.79,2223.15
2020-12-07T17:00:00Z,241.85,2111.0
2020-12-07T17:30:00Z,216.07,2271.4
2020-12-07T18:00:00Z,170.35,2612.15
2020-12-07T18:30:00Z,165.31,2626.05
2020-12-07T19:00:00Z,67.02,1539.35
2020-12-07T19:30:00Z,56.5,1652.3
2020-12-07T20:00:00Z,62.06,1779.15
2020-12-07T20:30:00Z,59.169999999999995,1526.8
2020-12-07T21:00:00Z,51.67,2156.45
2020-12-07T21:30:00Z,51.08,2052.15
2020-12-07T22:00:00Z,54.45,2062.8
2020-12-07T22:30:00Z,49.65,2633.9
2020-12-07T23:00:00Z,36.59,1611.1
2020-12-07T23:30:00Z,42.61,999.1
2020-12-08T00:00:00Z,40.1,998.1
2020-12-08T00:30:00Z,41.43,775.65
2020-12-08T01:00:00Z,36.76,990.8
2020-12-08T01:30:00Z,34.18,1154.95
2020-12-08T02:00:00Z,34.56,1031.95
2020-12-08T02:30:00Z,33.01,1133.5
2020-12-08T03:00:00Z,33.7,727.4
2020-12-08T03:30:00Z,32.54,891.25
2020-12-08T04:00:00Z,33.65,713.9
2020-12-08T04:30:00Z,33.18,749.4
2020-12-08T05:00:00Z,32.96,906.1
2020-12-08T05:30:00Z,39.0,594.5
2020-12-08T06:00:00Z,52.06,753.8
2020-12-08T06:30:00Z,37.96,1131.9
2020-12-08T07:00:00Z,37.08,887.0
2020-12-08T07:30:00Z,58.27,973.15
2020-12-08T08:00:00Z,51.64,1330.5
2020-12-08T08:30:00Z,76.23,1155.6
2020-12-08T09:00:00Z,71.31,1342.1
2020-12-08T09:30:00Z,64.78,1302.3
2020-12-08T10:00:00Z,65.72,1371.35
2020-12-08T10:30:00Z,65.54,1546.35
2020-12-08T11:00:00Z,61.56,1372.85
2020-12-08T11:30:00Z,60.67000000000001,1309.15
2020-12-08T12:00:00Z,62.93,1417.15
2020-12-08T12:30:00Z,64.09,1427.4
2020-12-08T13:00:00Z,64.38,1318.1
2020-12-08T13:30:00Z,62.660000000000004,1301.15
2020-12-08T14:00:00Z,66.86,1877.9
2020-12-08T14:30:00Z,68.6,2073.3
2020-12-08T15:00:00Z,78.01,1911.95
2020-12-08T15:30:00Z,81.46,1801.25
2020-12-08T16:00:00Z,80.23,1518.45
2020-12-08T16:30:00Z,101.43,1842.7
2020-12-08T17:00:00Z,94.14,1577.1
2020-12-08T17:30:00Z,83.46,1925.6
2020-12-08T18:00:00Z,94.62,1986.35
2020-12-08T18:30:00Z,84.93,1960.3
2020-12-08T19:00:00Z,79.53,1977.25
2020-12-08T19:30:00Z,70.95,1477.75
2020-12-08T20:00:00Z,68.29,1463.3
2020-12-08T20:30:00Z,61.56999999999999,1398.3
2020-12-08T21:00:00Z,47.06,1497.35
2020-12-08T21:30:00Z,46.78,1251.1
2020-12-08T22:00:00Z,45.14815436874882,1324.75
2020-12-08T22:30:00Z,42.01828043581241,2111.0
2020-12-08T23:00:00Z,40.19576251197759,678.35
2020-12-08T23:30:00Z,48.620000000000005,756.1
2020-12-09T00:00:00Z,54.36,525.25
2020-12-09T00:30:00Z,52.72,507.35
2020-12-09T01:00:00Z,49.96,635.05
2020-12-09T01:30:00Z,48.36,528.55
2020-12-09T02:00:00Z,47.59,423.95
2020-12-09T02:30:00Z,29.27,497.6
2020-12-09T03:00:00Z,31.24,522.2
2020-12-09T03:30:00Z,20.11,502.25
2020-12-09T04:00:00Z,33.21,575.9
2020-12-09T04:30:00Z,36.79,617.35
2020-12-09T05:00:00Z,45.7,634.8
2020-12-09T05:30:00Z,25.740000000000002,741.95
2020-12-09T06:00:00Z,44.25000000000001,893.55
2020-12-09T06:30:00Z,38.33,1209.0
2020-12-09T07:00:00Z,77.13,1448.2
2020-12-09T07:30:00Z,101.6,1147.85
2020-12-09T08:00:00Z,97.11,992.05
2020-12-09T08:30:00Z,104.71,912.7
2020-12-09T09:00:00Z,90.54,1368.35
2020-12-09T09:30:00Z,96.04,1413.6
2020-12-09T10:00:00Z,97.05,1718.45
2020-12-09T10:30:00Z,95.96,1792.4
2020-12-09T11:00:00Z,79.94,1797.1
2020-12-09T11:30:00Z,89.59,1624.3
2020-12-09T12:00:00Z,81.87,1908.05
2020-12-09T12:30:00Z,81.75,1967.35
2020-12-09T13:00:00Z,94.72,1686.85
2020-12-09T13:30:00Z,86.46,2083.3
2020-12-09T14:00:00Z,79.01,1922.9
2020-12-09T14:30:00Z,83.94,2088.95
2020-12-09T15:00:00Z,84.28,1093.05
2020-12-09T15:30:00Z,87.45000000000002,957.65
2020-12-09T16:00:00Z,87.26,1536.45
2020-12-09T16:30:00Z,127.82,1487.55
2020-12-09T17:00:00Z,99.32,1306.9
2020-12-09T17:30:00Z,91.3,1281.1
2020-12-09T18:00:00Z,79.95,1642.6
2020-12-09T18:30:00Z,70.34,1738.75
2020-12-09T19:00:00Z,63.06,2035.85
2020-12-09T19:30:00Z,52.49,1656.95
2020-12-09T20:00:00Z,49.06,1428.35
2020-12-09T20:30:00Z,45.12,1750.5
2020-12-09T21:00:00Z,53.65,2005.0
2020-12-09T21:30:00Z,44.98,1792.7
2020-12-09T22:00:00Z,42.800000000000004,1560.95
2020-12-09T22:30:00Z,39.81,2869.5
2020-12-09T23:00:00Z,13.81,911.45
2020-12-09T23:30:00Z,20.0,1212.4
2020-12-10T00:00:00Z,4.13,1042.25
2020-12-10T00:30:00Z,12.33,791.1
2020-12-10T01:00:00Z,9.79,1230.25
2020-12-10T01:30:00Z,11.48,1047.55
2020-12-10T02:00:00Z,11.28,978.95
2020-12-10T02:30:00Z,7.02,999.2
2020-12-10T03:00:00Z,23.9,846.0
2020-12-10T03:30:00Z,19.61,816.6
2020-12-10T04:00:00Z,20.08,935.65
2020-12-10T04:30:00Z,20.58,882.9
2020-12-10T05:00:00Z,40.92,990.9
2020-12-10T05:30:00Z,35.29,1250.8
2020-12-10T06:00:00Z,42.77,1181.3
2020-12-10T06:30:00Z,33.3,1460.4
2020-12-10T07:00:00Z,26.850000000000005,1268.3
2020-12-10T07:30:00Z,37.58,1401.2
2020-12-10T08:00:00Z,48.65,1029.0
2020-12-10T08:30:00Z,53.03,1067.5
2020-12-10T09:00:00Z,47.77,1337.3
2020-12-10T09:30:00Z,45.63,1640.95
2020-12-10T10:00:00Z,54.27,2169.7
2020-12-10T10:30:00Z,54.12,1963.95
2020-12-10T11:00:00Z,49.75,1542.25
2020-12-10T11:30:00Z,55.23,1342.9
2020-12-10T12:00:00Z,61.24000000000001,1639.5
2020-12-10T12:30:00Z,55.89,1373.65
2020-12-10T13:00:00Z,57.19,1256.0
2020-12-10T13:30:00Z,52.75,1168.95
2020-12-10T14:00:00Z,56.39,1128.15
2020-12-10T14:30:00Z,53.13,1066.75
2020-12-10T15:00:00Z,43.43,990.85
2020-12-10T15:30:00Z,50.48,1323.75
2020-12-10T16:00:00Z,58.64000000000001,1382.95
2020-12-10T16:30:00Z,57.34000000000001,1596.45
2020-12-10T17:00:00Z,58.35999999999999,1319.35
2020-12-10T17:30:00Z,52.059999999999995,1649.6
2020-12-10T18:00:00Z,46.87,1314.3
2020-12-10T18:30:00Z,55.53,1888.15
2020-12-10T19:00:00Z,47.38,1916.65
2020-12-10T19:30:00Z,41.59,1553.9
2020-12-10T20:00:00Z,44.08,1550.7
2020-12-10T20:30:00Z,46.91,2061.3
2020-12-10T21:00:00Z,37.96,1588.45
2020-12-10T21:30:00Z,36.87,1547.0
2020-12-10T22:00:00Z,41.22,1514.15
2020-12-10T22:30:00Z,38.88,1754.35
2020-12-10T23:00:00Z,35.28,1308.3
2020-12-10T23:30:00Z,20.58,745.6
2020-12-11T00:00:00Z,18.55,819.25
2020-12-11T00:30:00Z,25.24,792.35
2020-12-11T01:00:00Z,25.96,839.7
2020-12-11T01:30:00Z,26.889999999999997,696.0
2020-12-11T02:00:00Z,27.24,1020.2
2020-12-11T02:30:00Z,31.279999999999998,1170.65
2020-12-11T03:00:00Z,33.56,937.8
2020-12-11T03:30:00Z,34.34,805.7
2020-12-11T04:00:00Z,20.23,913.85
2020-12-11T04:30:00Z,29.26,906.75
2020-12-11T05:00:00Z,34.03,761.35
2020-12-11T05:30:00Z,42.64,687.45
2020-12-11T06:00:00Z,54.52,922.5
2020-12-11T06:30:00Z,27.62,1484.4
2020-12-11T07:00:00Z,32.73,1311.65
2020-12-11T07:30:00Z,43.41,1231.1
2020-12-11T08:00:00Z,49.67,1665.3
2020-12-11T08:30:00Z,53.01,1513.05
2020-12-11T09:00:00Z,50.31,1780.6
2020-12-11T09:30:00Z,48.45,1871.8
2020-12-11T10:00:00Z,54.63,2582.5
2020-12-11T10:30:00Z,56.5,2526.4
2020-12-11T11:00:00Z,57.56,2371.6
2020-12-11T11:30:00Z,58.77,2606.55
2020-12-11T12:00:00Z,64.01,2880.9
2020-12-11T12:30:00Z,62.73,2719.1
2020-12-11T13:00:00Z,55.77,2263.7
2020-12-11T13:30:00Z,59.67,2249.1
2020-12-11T14:00:00Z,62.05,2460.55
2020-12-11T14:30:00Z,61.26,2602.05
2020-12-11T15:00:00Z,47.17,863.75
2020-12-11T15:30:00Z,73.12,847.95
2020-12-11T16:00:00Z,76.58,1093.05
2020-12-11T16:30:00Z,101.06,1196.7
2020-12-11T17:00:00Z,98.07,1310.2
2020-12-11T17:30:00Z,90.35,1449.1
2020-12-11T18:00:00Z,84.72,1294.55
2020-12-11T18:30:00Z,69.13,1711.7
2020-12-11T19:00:00Z,68.08,916.15
2020-12-11T19:30:00Z,58.2,881.05
2020-12-11T20:00:00Z,57.47,720.55
2020-12-11T20:30:00Z,57.34,647.55
2020-12-11T21:00:00Z,61.06,397.8
2020-12-11T21:30:00Z,46.45,352.4
2020-12-11T22:00:00Z,43.58,725.75
2020-12-11T22:30:00Z,45.38,764.0
2020-12-11T23:00:00Z,53.69,946.1
2020-12-11T23:30:00Z,54.92,611.3
2020-12-12T00:00:00Z,55.07999999999999,610.1
2020-12-12T00:30:00Z,58.0,894.1
2020-12-12T01:00:00Z,58.27,697.7
2020-12-12T01:30:00Z,58.86,932.65
2020-12-12T02:00:00Z,58.31,621.7
2020-12-12T02:30:00Z,58.31,680.5
2020-12-12T03:00:00Z,55.11,944.9
2020-12-12T03:30:00Z,54.36,872.4
2020-12-12T04:00:00Z,52.03,935.85
2020-12-12T04:30:00Z,51.63,1019.5
2020-12-12T05:00:00Z,50.63,783.8
2020-12-12T05:30:00Z,53.04,993.15
2020-12-12T06:00:00Z,56.04,1256.2
2020-12-12T06:30:00Z,50.52,1519.5
2020-12-12T07:00:00Z,48.35,746.9
2020-12-12T07:30:00Z,45.25,1239.2
2020-12-12T08:00:00Z,49.11,1088.55
2020-12-12T08:30:00Z,51.21,992.75
2020-12-12T09:00:00Z,51.92,1077.3
2020-12-12T09:30:00Z,53.39,905.15
2020-12-12T10:00:00Z,44.96,1068.85
2020-12-12T10:30:00Z,48.07,866.9
2020-12-12T11:00:00Z,49.22,866.45
2020-12-12T11:30:00Z,51.44,782.45
2020-12-12T12:00:00Z,52.16,1059.8
2020-12-12T12:30:00Z,51.7,954.05
2020-12-12T13:00:00Z,51.83,865.35
2020-12-12T13:30:00Z,51.98,1083.5
2020-12-12T14:00:00Z,53.27,1033.85
2020-12-12T14:30:00Z,48.16,1194.75
2020-12-12T15:00:00Z,49.29,1149.9
2020-12-12T15:30:00Z,49.83,894.8
2020-12-12T16:00:00Z,48.68,1228.35
2020-12-12T16:30:00Z,57.52,1048.75
2020-12-12T17:00:00Z,66.93,1033.05
2020-12-12T17:30:00Z,64.59,1239.4
2020-12-12T18:00:00Z,64.32,1032.7
2020-12-12T18:30:00Z,60.43999999999999,1196.35
2020-12-12T19:00:00Z,57.04,771.65
2020-12-12T19:30:00Z,51.3,1032.55
2020-12-12T20:00:00Z,49.74,959.2
2020-12-12T20:30:00Z,52.06,838.6
2020-12-12T21:00:00Z,51.24,898.7
2020-12-12T21:30:00Z,52.120000000000005,896.35
2020-12-12T22:00:00Z,46.86,1047.5
2020-12-12T22:30:00Z,43.84,1148.3
2020-12-12T23:00:00Z,42.69,737.7
2020-12-12T23:30:00Z,51.18,419.35
2020-12-13T00:00:00Z,46.86,530.6
2020-12-13T00:30:00Z,51.78,559.15
2020-12-13T01:00:00Z,53.529999999999994,728.85
2020-12-13T01:30:00Z,48.16,609.4
2020-12-13T02:00:00Z,47.38,753.8
2020-12-13T02:30:00Z,49.76,732.65
2020-12-13T03:00:00Z,47.15,721.85
2020-12-13T03:30:00Z,47.46,839.2
2020-12-13T04:00:00Z,42.82,597.55
2020-12-13T04:30:00Z,39.7,582.1
2020-12-13T05:00:00Z,41.46,647.25
2020-12-13T05:30:00Z,37.2,707.95
2020-12-13T06:00:00Z,40.04,778.85
2020-12-13T06:30:00Z,40.96,792.9
2020-12-13T07:00:00Z,44.55,1131.45
2020-12-13T07:30:00Z,40.76,959.9
2020-12-13T08:00:00Z,37.74,1110.85
2020-12-13T08:30:00Z,45.16,1173.9
2020-12-13T09:00:00Z,51.82,1206.35
2020-12-13T09:30:00Z,49.65,1046.7
2020-12-13T10:00:00Z,49.77000000000001,1487.4
2020-12-13T10:30:00Z,42.59,1418.55
2020-12-13T11:00:00Z,43.03,1668.4
2020-12-13T11:30:00Z,47.47,1467.95
2020-12-13T12:00:00Z,50.86,1526.8
2020-12-13T12:30:00Z,52.64,1666.65
2020-12-13T13:00:00Z,52.21,1431.3
2020-12-13T13:30:00Z,50.3,1214.95
2020-12-13T14:00:00Z,50.96000000000001,1424.8
2020-12-13T14:30:00Z,49.31000000000001,1564.15
2020-12-13T15:00:00Z,55.36,1816.8
2020-12-13T15:30:00Z,52.75,1800.75
2020-12-13T16:00:00Z,55.41,1945.85
2020-12-13T16:30:00Z,60.1,1530.75
2020-12-13T17:00:00Z,61.79,1303.2
2020-12-13T17:30:00Z,61.29999999999999,1438.65
2020-12-13T18:00:00Z,56.29,1449.25
2020-12-13T18:30:00Z,55.12,1828.85
2020-12-13T19:00:00Z,40.36,1278.0
2020-12-13T19:30:00Z,39.26,1273.9
2020-12-13T20:00:00Z,45.64,1149.25
2020-12-13T20:30:00Z,47.24,1310.1
2020-12-13T21:00:00Z,43.75,1236.1
2020-12-13T21:30:00Z,37.72,1077.4
2020-12-13T22:00:00Z,40.94,1113.3
2020-12-13T22:30:00Z,36.0,1145.6
2020-12-13T23:00:00Z,16.62,581.35
2020-12-13T23:30:00Z,2.6,762.65
2020-12-14T00:00:00Z,16.12,801.6
2020-12-14T00:30:00Z,26.14,963.65
2020-12-14T01:00:00Z,26.45,941.3
2020-12-14T01:30:00Z,15.279999999999998,794.85
2020-12-14T02:00:00Z,22.13,761.45
2020-12-14T02:30:00Z,17.45,839.45
2020-12-14T03:00:00Z,24.74,656.5
2020-12-14T03:30:00Z,8.2,471.0
2020-12-14T04:00:00Z,-1.13,455.3
2020-12-14T04:30:00Z,0.42,523.3
2020-12-14T05:00:00Z,18.61,1043.55
2020-12-14T05:30:00Z,30.55,837.25
2020-12-14T06:00:00Z,20.81,950.85
2020-12-14T06:30:00Z,18.78,1453.85
2020-12-14T07:00:00Z,49.84,1625.15
2020-12-14T07:30:00Z,49.18,1368.1
2020-12-14T08:00:00Z,45.279999999999994,1614.65
2020-12-14T08:30:00Z,42.78,1239.0
2020-12-14T09:00:00Z,49.5,1431.85
2020-12-14T09:30:00Z,48.709999999999994,1868.5
2020-12-14T10:00:00Z,50.27,1706.35
2020-12-14T10:30:00Z,47.22,1976.05
2020-12-14T11:00:00Z,45.42,1806.4
2020-12-14T11:30:00Z,44.77,1469.0
2020-12-14T12:00:00Z,47.20000000000001,1745.8
2020-12-14T12:30:00Z,49.76,1753.95
2020-12-14T13:00:00Z,50.26,1840.55
2020-12-14T13:30:00Z,43.59,1622.65
2020-12-14T14:00:00Z,45.87,1424.8
2020-12-14T14:30:00Z,50.23,1705.75
2020-12-14T15:00:00Z,60.58,1861.2
2020-12-14T15:30:00Z,60.45,2203.0
2020-12-14T16:00:00Z,54.95,2185.15
2020-12-14T16:30:00Z,62.9,2285.2
2020-12-14T17:00:00Z,65.18,1790.4
2020-12-14T17:30:00Z,64.52,1781.1
2020-12-14T18:00:00Z,63.35,1807.55
2020-12-14T18:30:00Z,58.58,2030.45
2020-12-14T19:00:00Z,57.85,972.1
2020-12-14T19:30:00Z,56.98,1077.9
2020-12-14T20:00:00Z,51.76,1027.3
2020-12-14T20:30:00Z,54.849999999999994,604.75
2020-12-14T21:00:00Z,54.12,989.95
2020-12-14T21:30:00Z,53.01,1080.35
2020-12-14T22:00:00Z,50.46999999999999,1309.1
2020-12-14T22:30:00Z,52.28999999999999,1266.25
2020-12-14T23:00:00Z,60.46,440.25
2020-12-14T23:30:00Z,60.17,542.9
2020-12-15T00:00:00Z,55.87,591.65
2020-12-15T00:30:00Z,53.69,819.4
2020-12-15T01:00:00Z,52.48,705.55
2020-12-15T01:30:00Z,39.88,869.55
2020-12-15T02:00:00Z,37.39,816.8
2020-12-15T02:30:00Z,38.81,747.25
2020-12-15T03:00:00Z,34.55,775.0
2020-12-15T03:30:00Z,32.38,602.95
2020-12-15T04:00:00Z,31.89,621.9
2020-12-15T04:30:00Z,29.42,729.8
2020-12-15T05:00:00Z,22.76,887.15
2020-12-15T05:30:00Z,19.82,825.0
2020-12-15T06:00:00Z,52.85,1228.35
2020-12-15T06:30:00Z,45.45,1572.7
2020-12-15T07:00:00Z,49.8,1163.95
2020-12-15T07:30:00Z,53.39,1281.5
2020-12-15T08:00:00Z,54.72,1247.2
2020-12-15T08:30:00Z,59.73,1170.9
2020-12-15T09:00:00Z,63.88,1078.5
2020-12-15T09:30:00Z,62.55,1200.7
2020-12-15T10:00:00Z,61.5,1375.25
2020-12-15T10:30:00Z,53.26,1624.75
2020-12-15T11:00:00Z,58.14,1602.65
2020-12-15T11:30:00Z,56.03,1729.45
2020-12-15T12:00:00Z,54.879999999999995,1815.65
2020-12-15T12:30:00Z,55.62,1639.2
2020-12-15T13:00:00Z,54.86,1888.5
2020-12-15T13:30:00Z,56.28999999999999,1530.8
2020-12-15T14:00:00Z,59.93000000000001,1499.25
2020-12-15T14:30:00Z,62.94,1696.7
2020-12-15T15:00:00Z,60.01,1250.9
2020-12-15T15:30:00Z,71.38,1355.05
2020-12-15T16:00:00Z,61.31,1397.85
2020-12-15T16:30:00Z,70.32,1487.55
2020-12-15T17:00:00Z,78.56,1629.95
2020-12-15T17:30:00Z,61.27,1537.35
2020-12-15T18:00:00Z,59.71,1836.8
2020-12-15T18:30:00Z,59.57,1547.35
2020-12-15T19:00:00Z,46.56,1233.3
2020-12-15T19:30:00Z,39.24,1243.6
2020-12-15T20:00:00Z,46.03,1255.25
2020-12-15T20:30:00Z,52.53,1080.0
2020-12-15T21:00:00Z,52.31,1064.5
2020-12-15T21:30:00Z,47.89,1070.7
2020-12-15T22:00:00Z,44.83,1165.85
2020-12-15T22:30:00Z,48.19,1022.0
2020-12-15T23:00:00Z,51.87,1163.7
2020-12-15T23:30:00Z,50.81,619.5
2020-12-16T00:00:00Z,45.23,608.45
2020-12-16T00:30:00Z,48.09,676.85
2020-12-16T01:00:00Z,46.18,510.0
2020-12-16T01:30:00Z,40.0,643.0
2020-12-16T02:00:00Z,41.839999999999996,858.6
2020-12-16T02:30:00Z,29.079999999999995,681.15
2020-12-16T03:00:00Z,29.42,914.35
2020-12-16T03:30:00Z,18.93,655.3
2020-12-16T04:00:00Z,24.87,669.95
2020-12-16T04:30:00Z,14.99,709.75
2020-12-16T05:00:00Z,12.5,718.1
2020-12-16T05:30:00Z,24.08,679.4
2020-12-16T06:00:00Z,37.3,941.65
2020-12-16T06:30:00Z,25.789999999999996,1634.3
2020-12-16T07:00:00Z,50.41,1384.8
2020-12-16T07:30:00Z,55.74,1094.5
2020-12-16T08:00:00Z,42.88,1112.4
2020-12-16T08:30:00Z,48.06,1090.05
2020-12-16T09:00:00Z,48.36,1163.45
2020-12-16T09:30:00Z,48.66,1375.45
2020-12-16T10:00:00Z,46.75,1154.25
2020-12-16T10:30:00Z,47.39,1269.25
2020-12-16T11:00:00Z,47.0,846.2
2020-12-16T11:30:00Z,49.54,878.7
2020-12-16T12:00:00Z,51.68,957.1
2020-12-16T12:30:00Z,52.39,1043.75
2020-12-16T13:00:00Z,53.13,1138.05
2020-12-16T13:30:00Z,53.49,1165.9
2020-12-16T14:00:00Z,53.19,1114.9
2020-12-16T14:30:00Z,53.64,1334.9
2020-12-16T15:00:00Z,56.38000000000001,1183.25
2020-12-16T15:30:00Z,62.03,1327.95
2020-12-16T16:00:00Z,65.71,1346.15
2020-12-16T16:30:00Z,68.47,1164.9
2020-12-16T17:00:00Z,69.42,1384.55
2020-12-16T17:30:00Z,68.92,1527.25
2020-12-16T18:00:00Z,67.18,1632.75
2020-12-16T18:30:00Z,66.01,1702.35
2020-12-16T19:00:00Z,63.099999999999994,1539.05
2020-12-16T19:30:00Z,62.1,1236.65
2020-12-16T20:00:00Z,59.42,1049.2
2020-12-16T20:30:00Z,55.2,1365.9
2020-12-16T21:00:00Z,56.12,1542.15
2020-12-16T21:30:00Z,59.19,1085.0
2020-12-16T22:00:00Z,58.26,1362.0
2020-12-16T22:30:00Z,58.61,838.8
2020-12-16T23:00:00Z,26.17,940.35
2020-12-16T23:30:00Z,24.57,580.75
2020-12-17T00:00:00Z,38.72,672.7
2020-12-17T00:30:00Z,44.2,749.75
2020-12-17T01:00:00Z,45.52,523.5
2020-12-17T01:30:00Z,45.08,556.35
2020-12-17T02:00:00Z,48.33,529.4
2020-12-17T02:30:00Z,48.51,615.95
2020-12-17T03:00:00Z,50.48,643.6
2020-12-17T03:30:00Z,50.11,619.35
2020-12-17T04:00:00Z,51.22,557.65
2020-12-17T04:30:00Z,51.23,686.4
2020-12-17T05:00:00Z,59.05,979.5
2020-12-17T05:30:00Z,58.589999999999996,910.5
2020-12-17T06:00:00Z,61.61999999999999,1188.65
2020-12-17T06:30:00Z,47.0,1863.8
2020-12-17T07:00:00Z,47.04,1169.45
2020-12-17T07:30:00Z,59.79,1232.1
2020-12-17T08:00:00Z,62.1,1034.15
2020-12-17T08:30:00Z,64.1,1151.15
2020-12-17T09:00:00Z,65.95,1106.35
2020-12-17T09:30:00Z,62.660000000000004,1461.4
2020-12-17T10:00:00Z,59.86,1330.1
2020-12-17T10:30:00Z,60.89,1528.05
2020-12-17T11:00:00Z,50.71,1223.25
2020-12-17T11:30:00Z,46.15,1233.3
2020-12-17T12:00:00Z,47.16,1857.9
2020-12-17T12:30:00Z,50.62,1697.65
2020-12-17T13:00:00Z,55.13,1317.7
2020-12-17T13:30:00Z,57.03,1219.75
2020-12-17T14:00:00Z,57.79,1240.05
2020-12-17T14:30:00Z,58.809999999999995,1282.55
2020-12-17T15:00:00Z,63.47,1100.4
2020-12-17T15:30:00Z,62.63,1609.45
2020-12-17T16:00:00Z,59.17999999999999,1348.35
2020-12-17T16:30:00Z,64.68,1466.0
2020-12-17T17:00:00Z,67.59,1282.2
2020-12-17T17:30:00Z,65.34,1556.6
2020-12-17T18:00:00Z,62.42,1363.55
2020-12-17T18:30:00Z,49.27,1834.2
2020-12-17T19:00:00Z,54.28,1795.3
2020-12-17T19:30:00Z,52.57,1402.5
2020-12-17T20:00:00Z,46.44,1271.5
2020-12-17T20:30:00Z,47.77,1443.45
2020-12-17T21:00:00Z,42.56,1293.0
2020-12-17T21:30:00Z,40.34,1256.0
2020-12-17T22:00:00Z,41.35,1410.55
2020-12-17T22:30:00Z,38.61,1262.3
2020-12-17T23:00:00Z,23.28,851.0
2020-12-17T23:30:00Z,0.25,1306.3
2020-12-18T00:00:00Z,14.200000000000001,1489.9
2020-12-18T00:30:00Z,21.55,1321.15
2020-12-18T01:00:00Z,24.17,1380.05
2020-12-18T01:30:00Z,21.47,1087.25
2020-12-18T02:00:00Z,24.97,1278.75
2020-12-18T02:30:00Z,22.11,960.2
2020-12-18T03:00:00Z,9.76,979.5
2020-12-18T03:30:00Z,5.95,857.6
2020-12-18T04:00:00Z,6.66,923.25
2020-12-18T04:30:00Z,8.52,1030.6
2020-12-18T05:00:00Z,25.54,1257.55
2020-12-18T05:30:00Z,37.55,1105.6
2020-12-18T06:00:00Z,38.0,1094.5
2020-12-18T06:30:00Z,42.95,1697.9
2020-12-18T07:00:00Z,54.95,1922.55
2020-12-18T07:30:00Z,56.3,2311.95
2020-12-18T08:00:00Z,47.28,1759.95
2020-12-18T08:30:00Z,50.36,1837.45
2020-12-18T09:00:00Z,51.16,1486.0
2020-12-18T09:30:00Z,51.36999999999999,1591.35
2020-12-18T10:00:00Z,46.14999999999999,1434.8
2020-12-18T10:30:00Z,46.81,1594.6
2020-12-18T11:00:00Z,46.51,1360.9
2020-12-18T11:30:00Z,47.69,1348.5
2020-12-18T12:00:00Z,49.919999999999995,1402.65
2020-12-18T12:30:00Z,49.89000000000001,1337.0
2020-12-18T13:00:00Z,51.68,1215.9
2020-12-18T13:30:00Z,46.34,1191.35
2020-12-18T14:00:00Z,46.36,1242.3
2020-12-18T14:30:00Z,44.32,1411.35
2020-12-18T15:00:00Z,47.14999999999999,1541.55
2020-12-18T15:30:00Z,50.27,1493.3
2020-12-18T16:00:00Z,53.17,1237.35
2020-12-18T16:30:00Z,58.57,1104.55
2020-12-18T17:00:00Z,62.75999999999999,1196.55
2020-12-18T17:30:00Z,62.230000000000004,1244.2
2020-12-18T18:00:00Z,58.68,1203.3
2020-12-18T18:30:00Z,56.209999999999994,1256.45
2020-12-18T19:00:00Z,54.93,889.6
2020-12-18T19:30:00Z,53.71,1037.55
2020-12-18T20:00:00Z,51.35,1158.35
2020-12-18T20:30:00Z,52.36,1225.1
2020-12-18T21:00:00Z,53.6,946.35
2020-12-18T21:30:00Z,50.18,1190.1
2020-12-18T22:00:00Z,47.669999999999995,924.65
2020-12-18T22:30:00Z,51.96,1002.75
2020-12-18T23:00:00Z,46.7,876.9
2020-12-18T23:30:00Z,31.86,541.75
2020-12-19T00:00:00Z,30.28,758.8
2020-12-19T00:30:00Z,25.630000000000003,696.25
2020-12-19T01:00:00Z,25.85,519.55
2020-12-19T01:30:00Z,16.37,424.4
2020-12-19T02:00:00Z,22.93,574.7
2020-12-19T02:30:00Z,5.65,634.6
2020-12-19T03:00:00Z,18.96,708.6
2020-12-19T03:30:00Z,13.49,772.35
2020-12-19T04:00:00Z,20.21,578.45
2020-12-19T04:30:00Z,27.98,782.85
2020-12-19T05:00:00Z,50.35,600.0
2020-12-19T05:30:00Z,43.25,567.9
2020-12-19T06:00:00Z,41.88,606.95
2020-12-19T06:30:00Z,49.08,803.05
2020-12-19T07:00:00Z,54.94,1109.3
2020-12-19T07:30:00Z,57.6,1158.45
2020-12-19T08:00:00Z,52.32,1223.85
2020-12-19T08:30:00Z,55.620000000000005,1311.1
2020-12-19T09:00:00Z,60.13,768.35
2020-12-19T09:30:00Z,60.89,927.85
2020-12-19T10:00:00Z,59.79,1434.1
2020-12-19T10:30:00Z,57.29,1053.75
2020-12-19T11:00:00Z,47.86,927.1
2020-12-19T11:30:00Z,43.17,1067.4
2020-12-19T12:00:00Z,38.86,1247.7
2020-12-19T12:30:00Z,41.43,1087.45
2020-12-19T13:00:00Z,45.82,1202.4
2020-12-19T13:30:00Z,41.71,1129.55
2020-12-19T14:00:00Z,42.62,1148.8
2020-12-19T14:30:00Z,41.55,1132.6
2020-12-19T15:00:00Z,51.58,1089.95
2020-12-19T15:30:00Z,50.28000000000001,812.85
2020-12-19T16:00:00Z,50.32,1220.1
2020-12-19T16:30:00Z,60.47,1154.65
2020-12-19T17:00:00Z,62.08,1275.9
2020-12-19T17:30:00Z,62.53,1426.05
2020-12-19T18:00:00Z,61.41,1371.45
2020-12-19T18:30:00Z,52.75,1376.35
2020-12-19T19:00:00Z,46.93,1092.3
2020-12-19T19:30:00Z,50.16,1052.95
2020-12-19T20:00:00Z,50.0,972.3
2020-12-19T20:30:00Z,50.1,860.25
2020-12-19T21:00:00Z,51.3,735.4
2020-12-19T21:30:00Z,45.86,874.0
2020-12-19T22:00:00Z,49.64,766.0
2020-12-19T22:30:00Z,47.55,851.15
2020-12-19T23:00:00Z,42.98,516.5
2020-12-19T23:30:00Z,18.45,748.45
2020-12-20T00:00:00Z,20.65,894.75
2020-12-20T00:30:00Z,25.34,672.75
2020-12-20T01:00:00Z,35.97,565.95
2020-12-20T01:30:00Z,38.93,794.25
2020-12-20T02:00:00Z,39.03,685.45
2020-12-20T02:30:00Z,27.11,734.15
2020-12-20T03:00:00Z,35.19,588.75
2020-12-20T03:30:00Z,31.820000000000004,725.25
2020-12-20T04:00:00Z,30.18,674.35
2020-12-20T04:30:00Z,31.93,692.05
2020-12-20T05:00:00Z,34.65,711.3
2020-12-20T05:30:00Z,36.84,669.3
2020-12-20T06:00:00Z,33.73,648.9
2020-12-20T06:30:00Z,40.5,596.05
2020-12-20T07:00:00Z,44.63,553.6
2020-12-20T07:30:00Z,50.02,361.95
2020-12-20T08:00:00Z,41.54,974.3
2020-12-20T08:30:00Z,52.67,731.3
2020-12-20T09:00:00Z,53.37,875.95
2020-12-20T09:30:00Z,55.26,965.7
2020-12-20T10:00:00Z,55.12,1071.4
2020-12-20T10:30:00Z,55.31,1146.7
2020-12-20T11:00:00Z,54.09,1293.55
2020-12-20T11:30:00Z,51.0,1126.9
2020-12-20T12:00:00Z,53.82,1157.05
2020-12-20T12:30:00Z,50.33,1349.65
2020-12-20T13:00:00Z,54.38,1021.1
2020-12-20T13:30:00Z,56.19,1239.2
2020-12-20T14:00:00Z,55.65,1084.05
2020-12-20T14:30:00Z,49.46,1332.55
2020-12-20T15:00:00Z,54.3,1167.55
2020-12-20T15:30:00Z,53.96,1286.65
2020-12-20T16:00:00Z,61.14000000000001,1105.35
2020-12-20T16:30:00Z,66.21,1042.6
2020-12-20T17:00:00Z,73.68,1136.5
2020-12-20T17:30:00Z,72.8,1392.7
2020-12-20T18:00:00Z,69.87,1483.7
2020-12-20T18:30:00Z,62.9,1817.2
2020-12-20T19:00:00Z,60.33,1001.05
2020-12-20T19:30:00Z,61.56000000000001,1142.15
2020-12-20T20:00:00Z,48.53,913.5
2020-12-20T20:30:00Z,38.6,1284.25
2020-12-20T21:00:00Z,47.73,1491.3
2020-12-20T21:30:00Z,52.16,1077.55
2020-12-20T22:00:00Z,52.72999999999999,1318.1
2020-12-20T22:30:00Z,50.019999999999996,1529.3
2020-12-20T23:00:00Z,46.76,713.4
2020-12-20T23:30:00Z,40.2,695.25
2020-12-21T00:00:00Z,42.01,490.15
2020-12-21T00:30:00Z,51.27,530.6
2020-12-21T01:00:00Z,53.24000000000001,759.65
2020-12-21T01:30:00Z,49.77,644.4
2020-12-21T02:00:00Z,53.08,893.25
2020-12-21T02:30:00Z,53.23,743.8
2020-12-21T03:00:00Z,54.989999999999995,630.8
2020-12-21T03:30:00Z,55.63,711.8
2020-12-21T04:00:00Z,56.07,834.9
2020-12-21T04:30:00Z,56.71,827.25
2020-12-21T05:00:00Z,57.25,945.95
2020-12-21T05:30:00Z,57.2,741.5
2020-12-21T06:00:00Z,56.03,1122.1
2020-12-21T06:30:00Z,45.17999999999999,1558.3
2020-12-21T07:00:00Z,50.84,1875.5
2020-12-21T07:30:00Z,51.87,1221.9
2020-12-21T08:00:00Z,47.6,1121.0
2020-12-21T08:30:00Z,42.31,1441.5
2020-12-21T09:00:00Z,45.82,1507.1
2020-12-21T09:30:00Z,50.07,1295.8
2020-12-21T10:00:00Z,47.93,1162.8
2020-12-21T10:30:00Z,46.01,1345.25
2020-12-21T11:00:00Z,53.47,943.15
2020-12-21T11:30:00Z,56.6,846.5
2020-12-21T12:00:00Z,57.63,937.2
2020-12-21T12:30:00Z,58.61,975.55
2020-12-21T13:00:00Z,59.74,717.25
2020-12-21T13:30:00Z,61.03999999999999,938.75
2020-12-21T14:00:00Z,60.44,946.95
2020-12-21T14:30:00Z,60.03000000000001,1169.0
2020-12-21T15:00:00Z,68.51,1602.75
2020-12-21T15:30:00Z,70.3,1431.25
2020-12-21T16:00:00Z,71.2,1733.8
2020-12-21T16:30:00Z,74.99,1596.05
2020-12-21T17:00:00Z,73.74,1983.25
2020-12-21T17:30:00Z,70.03,2273.15
2020-12-21T18:00:00Z,65.57,2459.05
2020-12-21T18:30:00Z,65.79,2075.65
2020-12-21T19:00:00Z,58.67999999999999,2341.25
2020-12-21T19:30:00Z,63.3,1630.0
2020-12-21T20:00:00Z,57.97999999999999,1405.35
2020-12-21T20:30:00Z,52.75,1534.05
2020-12-21T21:00:00Z,49.660000000000004,1821.0
2020-12-21T21:30:00Z,44.86,1875.85
2020-12-21T22:00:00Z,42.44,2100.8
2020-12-21T22:30:00Z,37.18,2653.15
2020-12-21T23:00:00Z,22.03,1156.9
2020-12-21T23:30:00Z,23.83,1069.2
2020-12-22T00:00:00Z,18.57,1118.95
2020-12-22T00:30:00Z,17.91,1039.7
2020-12-22T01:00:00Z,15.96,931.25
2020-12-22T01:30:00Z,15.560000000000002,1107.2
2020-12-22T02:00:00Z,14.010000000000002,782.5
2020-12-22T02:30:00Z,11.45,729.45
2020-12-22T03:00:00Z,10.839999999999998,883.35
2020-12-22T03:30:00Z,14.84,890.05
2020-12-22T04:00:00Z,14.59,989.25
2020-12-22T04:30:00Z,12.87,1025.3
2020-12-22T05:00:00Z,17.67,1345.65
2020-12-22T05:30:00Z,21.36,916.05
2020-12-22T06:00:00Z,26.91,1239.9
2020-12-22T06:30:00Z,27.23,1463.75
2020-12-22T07:00:00Z,27.55,1028.15
2020-12-22T07:30:00Z,30.78,944.9
2020-12-22T08:00:00Z,27.66,950.9
2020-12-22T08:30:00Z,27.53,1010.45
2020-12-22T09:00:00Z,46.42,1357.9
2020-12-22T09:30:00Z,47.89,1337.4
2020-12-22T10:00:00Z,49.35,1259.75
2020-12-22T10:30:00Z,47.35999999999999,1510.6
2020-12-22T11:00:00Z,41.72,1685.65
2020-12-22T11:30:00Z,39.74,1767.85
2020-12-22T12:00:00Z,49.74,1965.15
2020-12-22T12:30:00Z,51.04,2177.15
2020-12-22T13:00:00Z,50.84000000000001,1861.8
2020-12-22T13:30:00Z,48.260000000000005,1729.8
2020-12-22T14:00:00Z,47.83,1863.4
2020-12-22T14:30:00Z,48.39,1824.35
2020-12-22T15:00:00Z,59.86999999999999,1176.95
2020-12-22T15:30:00Z,63.52000000000001,1338.3
2020-12-22T16:00:00Z,65.02,1843.4
2020-12-22T16:30:00Z,67.13,1291.55
2020-12-22T17:00:00Z,73.99,1439.1
2020-12-22T17:30:00Z,72.6,1482.45
2020-12-22T18:00:00Z,67.88,1357.95
2020-12-22T18:30:00Z,67.64,1382.65
2020-12-22T19:00:00Z,60.68,1064.2
2020-12-22T19:30:00Z,60.809999999999995,1149.85
2020-12-22T20:00:00Z,58.63,923.2
2020-12-22T20:30:00Z,55.1,910.35
2020-12-22T21:00:00Z,54.12,1436.55
2020-12-22T21:30:00Z,50.26,643.85
2020-12-22T22:00:00Z,49.49999999999999,896.15
2020-12-22T22:30:00Z,51.29,732.1
2020-12-22T23:00:00Z,57.67000000000001,1191.45
2020-12-22T23:30:00Z,58.36,1121.1
2020-12-23T00:00:00Z,54.41,888.4
2020-12-23T00:30:00Z,57.47,990.75
2020-12-23T01:00:00Z,53.5,733.8
2020-12-23T01:30:00Z,55.36,862.65
2020-12-23T02:00:00Z,56.510000000000005,630.35
2020-12-23T02:30:00Z,55.650000000000006,691.55
2020-12-23T03:00:00Z,59.47,435.85
2020-12-23T03:30:00Z,54.11,662.0
2020-12-23T04:00:00Z,52.40999999999999,405.35
2020-12-23T04:30:00Z,47.24,492.8
2020-12-23T05:00:00Z,49.23,363.5
2020-12-23T05:30:00Z,49.36,455.55
2020-12-23T06:00:00Z,49.63000000000001,699.5
2020-12-23T06:30:00Z,53.96000000000001,742.45
2020-12-23T07:00:00Z,50.19,799.75
2020-12-23T07:30:00Z,49.82000000000001,869.25
2020-12-23T08:00:00Z,50.86,1075.8
2020-12-23T08:30:00Z,51.88999999999999,1538.55
2020-12-23T09:00:00Z,58.67,1380.6
2020-12-23T09:30:00Z,59.19,1497.9
2020-12-23T10:00:00Z,59.83,1808.55
2020-12-23T10:30:00Z,60.22,1925.7
2020-12-23T11:00:00Z,57.01,1251.45
2020-12-23T11:30:00Z,56.24,1218.75
2020-12-23T12:00:00Z,56.47,1228.25
2020-12-23T12:30:00Z,55.26,1296.05
2020-12-23T13:00:00Z,50.01,1282.8
2020-12-23T13:30:00Z,45.54,1522.3
2020-12-23T14:00:00Z,49.54999999999999,1494.3
2020-12-23T14:30:00Z,53.15,1669.9
2020-12-23T15:00:00Z,45.6,1254.15
2020-12-23T15:30:00Z,40.9,1438.0
2020-12-23T16:00:00Z,46.41,1194.15
2020-12-23T16:30:00Z,48.28,1314.8
2020-12-23T17:00:00Z,49.32,1176.25
2020-12-23T17:30:00Z,45.77,1354.95
2020-12-23T18:00:00Z,47.97,1613.6
2020-12-23T18:30:00Z,47.62,1649.05
2020-12-23T19:00:00Z,49.18,1691.35
2020-12-23T19:30:00Z,50.529999999999994,1449.55
2020-12-23T20:00:00Z,49.62,1362.5
2020-12-23T20:30:00Z,51.09,1172.9
2020-12-23T21:00:00Z,53.900000000000006,914.2
2020-12-23T21:30:00Z,53.14000000000001,971.2
2020-12-23T22:00:00Z,50.61,1244.4
2020-12-23T22:30:00Z,49.77,1544.0
2020-12-23T23:00:00Z,50.87,1541.95
2020-12-23T23:30:00Z,49.72,1107.95
2020-12-24T00:00:00Z,48.58,997.45
2020-12-24T00:30:00Z,50.18,937.6
2020-12-24T01:00:00Z,45.77,673.6
2020-12-24T01:30:00Z,36.2,758.6
2020-12-24T02:00:00Z,15.570000000000002,671.75
2020-12-24T02:30:00Z,9.48,952.25
2020-12-24T03:00:00Z,1.41,1030.65
2020-12-24T03:30:00Z,0.73,993.85
2020-12-24T04:00:00Z,1.62,1023.75
2020-12-24T04:30:00Z,1.7,1019.95
2020-12-24T05:00:00Z,4.8,904.4
2020-12-24T05:30:00Z,6.170000000000001,803.7
2020-12-24T06:00:00Z,15.38,950.4
2020-12-24T06:30:00Z,22.18,971.9
2020-12-24T07:00:00Z,51.83,928.0
2020-12-24T07:30:00Z,55.97,848.3
2020-12-24T08:00:00Z,32.44,518.0
2020-12-24T08:30:00Z,32.33,718.45
2020-12-24T09:00:00Z,49.29,1002.2
2020-12-24T09:30:00Z,53.16,1126.3
2020-12-24T10:00:00Z,55.31,924.2
2020-12-24T10:30:00Z,56.47,1096.6
2020-12-24T11:00:00Z,56.08,921.9
2020-12-24T11:30:00Z,57.34,936.15
2020-12-24T12:00:00Z,60.69,1124.2
2020-12-24T12:30:00Z,60.61,1173.6
2020-12-24T13:00:00Z,58.52,965.1
2020-12-24T13:30:00Z,58.49,925.6
2020-12-24T14:00:00Z,58.88,1096.5
2020-12-24T14:30:00Z,56.55,1116.75
2020-12-24T15:00:00Z,63.37,1169.0
2020-12-24T15:30:00Z,63.91,1233.9
2020-12-24T16:00:00Z,62.59,1473.8
2020-12-24T16:30:00Z,67.99,1355.85
2020-12-24T17:00:00Z,68.04,1340.4
2020-12-24T17:30:00Z,68.96,1525.05
2020-12-24T18:00:00Z,68.24,1427.95
2020-12-24T18:30:00Z,66.89,1737.6
2020-12-24T19:00:00Z,64.36,1280.15
2020-12-24T19:30:00Z,62.720000000000006,1274.2
2020-12-24T20:00:00Z,60.1,946.2
2020-12-24T20:30:00Z,61.34,935.1
2020-12-24T21:00:00Z,54.83,962.4
2020-12-24T21:30:00Z,52.22,1021.5
2020-12-24T22:00:00Z,51.95,945.7
2020-12-24T22:30:00Z,52.1,859.7
2020-12-24T23:00:00Z,59.31,801.4
2020-12-24T23:30:00Z,58.529999999999994,689.5
2020-12-25T00:00:00Z,58.15,735.6
2020-12-25T00:30:00Z,58.84,658.45
2020-12-25T01:00:00Z,54.68,750.05
2020-12-25T01:30:00Z,50.7,602.4
2020-12-25T02:00:00Z,48.76,528.45
2020-12-25T02:30:00Z,51.43,607.15
2020-12-25T03:00:00Z,49.22,427.1
2020-12-25T03:30:00Z,50.75,630.1
2020-12-25T04:00:00Z,51.19,526.85
2020-12-25T04:30:00Z,49.9,417.3
2020-12-25T05:00:00Z,50.16,432.3
2020-12-25T05:30:00Z,51.82,477.75
2020-12-25T06:00:00Z,54.47999999999999,718.25
2020-12-25T06:30:00Z,54.09,582.25
2020-12-25T07:00:00Z,52.42,1006.5
2020-12-25T07:30:00Z,49.13999999999999,854.35
2020-12-25T08:00:00Z,43.8,1008.05
2020-12-25T08:30:00Z,57.6,819.7
2020-12-25T09:00:00Z,65.81,817.15
2020-12-25T09:30:00Z,65.68,860.35
2020-12-25T10:00:00Z,67.24,1043.1
2020-12-25T10:30:00Z,66.33,917.45
2020-12-25T11:00:00Z,68.7,986.8
2020-12-25T11:30:00Z,70.15,1289.25
2020-12-25T12:00:00Z,70.55,1164.25
2020-12-25T12:30:00Z,70.82,1329.15
2020-12-25T13:00:00Z,69.17,1179.45
2020-12-25T13:30:00Z,68.15,1117.05
2020-12-25T14:00:00Z,66.99,1060.7
2020-12-25T14:30:00Z,67.94,1103.1
2020-12-25T15:00:00Z,61.71000000000001,1777.5
2020-12-25T15:30:00Z,59.4,1499.8
2020-12-25T16:00:00Z,58.74,1648.7
2020-12-25T16:30:00Z,58.650000000000006,1688.65
2020-12-25T17:00:00Z,61.00999999999999,1775.45
2020-12-25T17:30:00Z,58.87,1599.4
2020-12-25T18:00:00Z,56.709999999999994,1706.0
2020-12-25T18:30:00Z,55.29,2316.15
2020-12-25T19:00:00Z,58.19,1894.55
2020-12-25T19:30:00Z,59.33,1500.1
2020-12-25T20:00:00Z,60.0,1344.05
2020-12-25T20:30:00Z,55.75,1594.1
2020-12-25T21:00:00Z,47.47,1451.4
2020-12-25T21:30:00Z,48.82000000000001,1460.3
2020-12-25T22:00:00Z,49.42,1340.15
2020-12-25T22:30:00Z,50.38999999999999,1423.1
2020-12-25T23:00:00Z,45.47,836.95
2020-12-25T23:30:00Z,40.23,551.65
2020-12-26T00:00:00Z,29.260000000000005,586.55
2020-12-26T00:30:00Z,30.580000000000002,539.85
2020-12-26T01:00:00Z,30.29,514.4
2020-12-26T01:30:00Z,20.65,571.85
2020-12-26T02:00:00Z,25.34,549.3
2020-12-26T02:30:00Z,22.54,616.0
2020-12-26T03:00:00Z,37.08,557.75
2020-12-26T03:30:00Z,18.38,539.6
2020-12-26T04:00:00Z,6.89,618.55
2020-12-26T04:30:00Z,-11.83,684.5
2020-12-26T05:00:00Z,-14.95,556.95
2020-12-26T05:30:00Z,-11.25,546.45
2020-12-26T06:00:00Z,-21.91,674.85
2020-12-26T06:30:00Z,-19.07,660.45
2020-12-26T07:00:00Z,-30.26,1033.0
2020-12-26T07:30:00Z,-20.67,1007.85
2020-12-26T08:00:00Z,-10.79,1037.5
2020-12-26T08:30:00Z,14.58,1283.45
2020-12-26T09:00:00Z,3.4000000000000004,667.7
2020-12-26T09:30:00Z,6.93,752.65
2020-12-26T10:00:00Z,18.1,1142.45
2020-12-26T10:30:00Z,20.58,1104.45
2020-12-26T11:00:00Z,36.55,1198.05
2020-12-26T11:30:00Z,41.31,1339.15
2020-12-26T12:00:00Z,43.56,1284.2
2020-12-26T12:30:00Z,47.75,1373.7
2020-12-26T13:00:00Z,47.6,1225.35
2020-12-26T13:30:00Z,47.18,1318.9
2020-12-26T14:00:00Z,45.45,1124.55
2020-12-26T14:30:00Z,43.92,1132.85
2020-12-26T15:00:00Z,39.02,699.8
2020-12-26T15:30:00Z,44.64,744.7
2020-12-26T16:00:00Z,46.72,1031.4
2020-12-26T16:30:00Z,54.63,1036.0
2020-12-26T17:00:00Z,57.24,1026.65
2020-12-26T17:30:00Z,56.2,1046.55
2020-12-26T18:00:00Z,56.92,1089.85
2020-12-26T18:30:00Z,52.94,901.9
2020-12-26T19:00:00Z,46.43,944.85
2020-12-26T19:30:00Z,42.22,886.6
2020-12-26T20:00:00Z,20.59,832.9
2020-12-26T20:30:00Z,15.56,606.55
2020-12-26T21:00:00Z,19.73,889.65
2020-12-26T21:30:00Z,3.8399999999999994,694.4
2020-12-26T22:00:00Z,3.29,769.2
2020-12-26T22:30:00Z,-1.65,760.0
2020-12-26T23:00:00Z,-0.38,569.7
2020-12-26T23:30:00Z,2.68,696.5
2020-12-27T00:00:00Z,1.8199999999999998,915.0
2020-12-27T00:30:00Z,-1.98,736.5
2020-12-27T01:00:00Z,6.46,896.3
2020-12-27T01:30:00Z,11.45,769.2
2020-12-27T02:00:00Z,17.75,864.8
2020-12-27T02:30:00Z,22.3,1099.45
2020-12-27T03:00:00Z,18.18,1207.4
2020-12-27T03:30:00Z,15.81,1110.8
2020-12-27T04:00:00Z,16.92,1137.6
2020-12-27T04:30:00Z,16.76,1134.3
2020-12-27T05:00:00Z,19.0,894.25
2020-12-27T05:30:00Z,21.29,1005.25
2020-12-27T06:00:00Z,17.03,842.25
2020-12-27T06:30:00Z,21.09,1108.75
2020-12-27T07:00:00Z,41.41,1284.0
2020-12-27T07:30:00Z,46.92,1336.2
2020-12-27T08:00:00Z,35.34,895.9
2020-12-27T08:30:00Z,42.07,1274.25
2020-12-27T09:00:00Z,45.05,1741.2
2020-12-27T09:30:00Z,42.19,1667.5
2020-12-27T10:00:00Z,39.4,1500.1
2020-12-27T10:30:00Z,46.92,1669.3
2020-12-27T11:00:00Z,48.67,1157.15
2020-12-27T11:30:00Z,40.81,1497.1
2020-12-27T12:00:00Z,43.800000000000004,1794.45
2020-12-27T12:30:00Z,45.99000000000001,1509.55
2020-12-27T13:00:00Z,47.08,1855.15
2020-12-27T13:30:00Z,46.21000000000001,1577.05
2020-12-27T14:00:00Z,46.23,1660.25
2020-12-27T14:30:00Z,43.03,1815.3
2020-12-27T15:00:00Z,46.38,1891.35
2020-12-27T15:30:00Z,50.099999999999994,1683.05
2020-12-27T16:00:00Z,58.61999999999999,2303.45
2020-12-27T16:30:00Z,69.98,2365.05
2020-12-27T17:00:00Z,99.82,2112.9
2020-12-27T17:30:00Z,98.34,2024.75
2020-12-27T18:00:00Z,99.22,2557.95
2020-12-27T18:30:00Z,83.99,2572.1
2020-12-27T19:00:00Z,62.33,1253.9
2020-12-27T19:30:00Z,54.88,1121.15
2020-12-27T20:00:00Z,55.63,1158.95
2020-12-27T20:30:00Z,52.63,1181.4
2020-12-27T21:00:00Z,45.39,1541.05
2020-12-27T21:30:00Z,55.76,1483.95
2020-12-27T22:00:00Z,55.48,1159.6
2020-12-27T22:30:00Z,53.09,1360.6
2020-12-27T23:00:00Z,45.1,697.35
2020-12-27T23:30:00Z,48.31999999999999,440.35
2020-12-28T00:00:00Z,48.6,621.85
2020-12-28T00:30:00Z,56.37,497.65
2020-12-28T01:00:00Z,57.11000000000001,578.05
2020-12-28T01:30:00Z,54.02,512.55
2020-12-28T02:00:00Z,44.39,554.05
2020-12-28T02:30:00Z,43.5,630.25
2020-12-28T03:00:00Z,42.33,525.3
2020-12-28T03:30:00Z,40.46,482.25
2020-12-28T04:00:00Z,42.61,558.8
2020-12-28T04:30:00Z,46.35,767.45
2020-12-28T05:00:00Z,53.79,498.05
2020-12-28T05:30:00Z,48.99,295.55
2020-12-28T06:00:00Z,53.82,595.4
2020-12-28T06:30:00Z,51.06,1236.45
2020-12-28T07:00:00Z,54.566276238250616,1026.65
2020-12-28T07:30:00Z,52.98319480043939,1092.4
2020-12-28T08:00:00Z,45.66070812399279,1054.9
2020-12-28T08:30:00Z,46.914177000169865,1471.75
2020-12-28T09:00:00Z,58.05,982.15
2020-12-28T09:30:00Z,60.65999999999999,1117.45
2020-12-28T10:00:00Z,62.06000000000001,1458.5
2020-12-28T10:30:00Z,67.48,1430.25
2020-12-28T11:00:00Z,79.05,1426.8
2020-12-28T11:30:00Z,78.23,1448.4
2020-12-28T12:00:00Z,77.42,1675.8
2020-12-28T12:30:00Z,77.64,1532.15
2020-12-28T13:00:00Z,76.59,1445.15
2020-12-28T13:30:00Z,76.25999999999999,1790.6
2020-12-28T14:00:00Z,79.36,1684.15
2020-12-28T14:30:00Z,85.49,2081.2
2020-12-28T15:00:00Z,89.08,2348.35
2020-12-28T15:30:00Z,100.43,2065.15
2020-12-28T16:00:00Z,111.8,2047.2
2020-12-28T16:30:00Z,145.41,1774.5
2020-12-28T17:00:00Z,181.1,1932.45
2020-12-28T17:30:00Z,151.97,2095.9
2020-12-28T18:00:00Z,124.39,2009.2
2020-12-28T18:30:00Z,113.35,2028.8
2020-12-28T19:00:00Z,83.35,2062.1
2020-12-28T19:30:00Z,75.32,1569.0
2020-12-28T20:00:00Z,81.03,1936.8
2020-12-28T20:30:00Z,77.01,1568.4
2020-12-28T21:00:00Z,71.89,1826.15
2020-12-28T21:30:00Z,68.98,1421.35
2020-12-28T22:00:00Z,64.82,1486.15
2020-12-28T22:30:00Z,60.5,2246.65
2020-12-28T23:00:00Z,64.21,1019.1
2020-12-28T23:30:00Z,68.06,615.35
2020-12-29T00:00:00Z,67.61,552.85
2020-12-29T00:30:00Z,67.97,547.9
2020-12-29T01:00:00Z,67.53,625.15
2020-12-29T01:30:00Z,68.44,764.75
2020-12-29T02:00:00Z,67.78,817.45
2020-12-29T02:30:00Z,68.44,909.4
2020-12-29T03:00:00Z,63.81,640.2
2020-12-29T03:30:00Z,63.15,589.3
2020-12-29T04:00:00Z,62.51,694.7
2020-12-29T04:30:00Z,59.88,599.2
2020-12-29T05:00:00Z,57.42,369.05
2020-12-29T05:30:00Z,60.83,444.5
2020-12-29T06:00:00Z,62.05,590.05
2020-12-29T06:30:00Z,58.58,935.6
2020-12-29T07:00:00Z,52.64,1544.95
2020-12-29T07:30:00Z,45.69,1046.35
2020-12-29T08:00:00Z,44.550000000000004,1010.1
2020-12-29T08:30:00Z,46.39999999999999,885.6
2020-12-29T09:00:00Z,40.7,994.5
2020-12-29T09:30:00Z,41.31,1303.85
2020-12-29T10:00:00Z,51.63,1237.4
2020-12-29T10:30:00Z,59.94,1044.7
2020-12-29T11:00:00Z,59.57,1193.4
2020-12-29T11:30:00Z,60.23,1222.45
2020-12-29T12:00:00Z,65.2,1154.7
2020-12-29T12:30:00Z,64.22,1162.8
2020-12-29T13:00:00Z,63.13000000000001,1251.85
2020-12-29T13:30:00Z,62.61,1395.75
2020-12-29T14:00:00Z,65.17,1350.1
2020-12-29T14:30:00Z,64.69,1379.75
2020-12-29T15:00:00Z,88.37,1590.45
2020-12-29T15:30:00Z,87.84,1767.8
2020-12-29T16:00:00Z,96.53000000000002,1545.15
2020-12-29T16:30:00Z,117.18,1874.85
2020-12-29T17:00:00Z,117.12,1925.75
2020-12-29T17:30:00Z,118.53,2186.8
2020-12-29T18:00:00Z,113.08,2416.05
2020-12-29T18:30:00Z,105.06,2130.35
2020-12-29T19:00:00Z,77.25,2311.8
2020-12-29T19:30:00Z,73.04,1940.9
2020-12-29T20:00:00Z,73.23,2248.8
2020-12-29T20:30:00Z,70.34,2122.4
2020-12-29T21:00:00Z,70.76,2015.0
2020-12-29T21:30:00Z,68.39,1653.7
2020-12-29T22:00:00Z,64.42,1654.7
2020-12-29T22:30:00Z,61.28,1713.55
2020-12-29T23:00:00Z,63.06999999999999,842.25
2020-12-29T23:30:00Z,64.57,502.15
2020-12-30T00:00:00Z,66.48,627.7
2020-12-30T00:30:00Z,67.51,708.55
2020-12-30T01:00:00Z,66.73,661.15
2020-12-30T01:30:00Z,65.85,540.15
2020-12-30T02:00:00Z,64.98,464.0
2020-12-30T02:30:00Z,64.34,620.25
2020-12-30T03:00:00Z,60.34,484.45
2020-12-30T03:30:00Z,59.22,515.45
2020-12-30T04:00:00Z,61.22,384.0
2020-12-30T04:30:00Z,61.25000000000001,367.65
2020-12-30T05:00:00Z,67.3,349.45
2020-12-30T05:30:00Z,67.46,504.4
2020-12-30T06:00:00Z,65.41,737.55
2020-12-30T06:30:00Z,61.39,1295.8
2020-12-30T07:00:00Z,61.31999999999999,1091.55
2020-12-30T07:30:00Z,60.58,941.65
2020-12-30T08:00:00Z,52.34,738.4
2020-12-30T08:30:00Z,55.45,1206.4
2020-12-30T09:00:00Z,54.26,1002.5
2020-12-30T09:30:00Z,52.37,938.5
2020-12-30T10:00:00Z,58.37,708.95
2020-12-30T10:30:00Z,58.1,928.05
2020-12-30T11:00:00Z,60.82,935.45
2020-12-30T11:30:00Z,62.77,817.9
2020-12-30T12:00:00Z,61.87,882.65
2020-12-30T12:30:00Z,63.64,1136.3
2020-12-30T13:00:00Z,66.35,1086.75
2020-12-30T13:30:00Z,63.02,1076.1
2020-12-30T14:00:00Z,58.669999999999995,1118.65
2020-12-30T14:30:00Z,58.01,1104.05
2020-12-30T15:00:00Z,89.74,1175.95
2020-12-30T15:30:00Z,101.89,1280.1
2020-12-30T16:00:00Z,95.14999999999999,1424.75
2020-12-30T16:30:00Z,133.33,1373.9
2020-12-30T17:00:00Z,145.66,1510.95
2020-12-30T17:30:00Z,145.97,1640.25
2020-12-30T18:00:00Z,124.8,1792.9
2020-12-30T18:30:00Z,109.02,1980.2
2020-12-30T19:00:00Z,85.03,1359.75
2020-12-30T19:30:00Z,67.62,1089.55
2020-12-30T20:00:00Z,65.77,1238.9
2020-12-30T20:30:00Z,73.56,1104.75
2020-12-30T21:00:00Z,64.52,1540.45
2020-12-30T21:30:00Z,55.85000000000001,1687.75
2020-12-30T22:00:00Z,61.53000000000001,1637.7
2020-12-30T22:30:00Z,59.97,1328.95
2020-12-30T23:00:00Z,52.05,1231.1
2020-12-30T23:30:00Z,57.77,925.85
2020-12-31T00:00:00Z,53.72,722.1
2020-12-31T00:30:00Z,54.75,888.65
2020-12-31T01:00:00Z,56.03,666.8
2020-12-31T01:30:00Z,57.91,534.9
2020-12-31T02:00:00Z,56.05,836.0
2020-12-31T02:30:00Z,57.01,766.5
2020-12-31T03:00:00Z,54.81,551.5
2020-12-31T03:30:00Z,55.23,579.75
2020-12-31T04:00:00Z,51.75,579.7
2020-12-31T04:30:00Z,49.67,592.55
2020-12-31T05:00:00Z,50.12,561.8
2020-12-31T05:30:00Z,54.82999999999999,634.45
2020-12-31T06:00:00Z,59.7,580.15
2020-12-31T06:30:00Z,59.34,790.05
2020-12-31T07:00:00Z,56.82,686.4
2020-12-31T07:30:00Z,56.8,880.0
2020-12-31T08:00:00Z,52.61,920.1
2020-12-31T08:30:00Z,53.87,1085.45
2020-12-31T09:00:00Z,59.21999999999999,721.75
2020-12-31T09:30:00Z,64.93,746.9
2020-12-31T10:00:00Z,68.46,786.9
2020-12-31T10:30:00Z,68.92,975.6
2020-12-31T11:00:00Z,69.38,1125.25
2020-12-31T11:30:00Z,60.52000000000001,1183.25
2020-12-31T12:00:00Z,55.99,1409.4
2020-12-31T12:30:00Z,63.82000000000001,1206.85
2020-12-31T13:00:00Z,66.95,1159.15
2020-12-31T13:30:00Z,67.66,1231.0
2020-12-31T14:00:00Z,65.58,1114.65
2020-12-31T14:30:00Z,62.349999999999994,1155.75
2020-12-31T15:00:00Z,70.86,912.15
2020-12-31T15:30:00Z,70.11,1073.55
2020-12-31T16:00:00Z,74.71,1050.15
2020-12-31T16:30:00Z,86.48,1395.1
2020-12-31T17:00:00Z,85.48,1172.95
2020-12-31T17:30:00Z,82.56,1192.0
2020-12-31T18:00:00Z,79.23,1271.05
2020-12-31T18:30:00Z,73.56,1510.75
2020-12-31T19:00:00Z,66.87,1236.15
2020-12-31T19:30:00Z,66.74,1019.65
2020-12-31T20:00:00Z,69.07,1460.05
2020-12-31T20:30:00Z,68.82,1307.95
2020-12-31T21:00:00Z,66.25,1384.4
2020-12-31T21:30:00Z,66.48,1389.55
2020-12-31T22:00:00Z,62.06,1143.5
2020-12-31T22:30:00Z,59.74,1582.9
2020-12-31T23:00:00Z,61.62,1147.85
2020-12-31T23:30:00Z,64.85,491.3
