startTime,combined_price,total_volume
2024-01-01T00:00:00Z,36.51,664.4
2024-01-01T00:30:00Z,45.17,768.65
2024-01-01T01:00:00Z,57.43,805.4
2024-01-01T01:30:00Z,46.61,655.85
2024-01-01T02:00:00Z,61.98,756.35
2024-01-01T02:30:00Z,61.09000000000001,807.9
2024-01-01T03:00:00Z,64.29,744.7
2024-01-01T03:30:00Z,51.7,762.25
2024-01-01T04:00:00Z,53.16,806.95
2024-01-01T04:30:00Z,34.87,1125.35
2024-01-01T05:00:00Z,36.36,1072.5
2024-01-01T05:30:00Z,34.98,1202.3
2024-01-01T06:00:00Z,41.7,979.75
2024-01-01T06:30:00Z,55.33,1041.8
2024-01-01T07:00:00Z,54.37,1154.9
2024-01-01T07:30:00Z,56.24,1157.5
2024-01-01T08:00:00Z,31.319999999999997,1149.65
2024-01-01T08:30:00Z,51.55,981.8
2024-01-01T09:00:00Z,59.32,1018.0
2024-01-01T09:30:00Z,72.25,900.5
2024-01-01T10:00:00Z,72.03,894.5
2024-01-01T10:30:00Z,82.01,1019.05
2024-01-01T11:00:00Z,74.73,1122.75
2024-01-01T11:30:00Z,81.93,1406.65
2024-01-01T12:00:00Z,80.76,1207.6
2024-01-01T12:30:00Z,77.51,1472.75
2024-01-01T13:00:00Z,76.18,1066.15
2024-01-01T13:30:00Z,77.48,1242.0
2024-01-01T14:00:00Z,79.5,991.2
2024-01-01T14:30:00Z,81.15,1270.8
2024-01-01T15:00:00Z,66.03,1173.5
2024-01-01T15:30:00Z,61.93000000000001,1211.75
2024-01-01T16:00:00Z,67.62,1377.85
2024-01-01T16:30:00Z,68.13,1615.05
2024-01-01T17:00:00Z,60.94,1834.95
2024-01-01T17:30:00Z,59.6,2022.0
2024-01-01T18:00:00Z,57.81,1982.05
2024-01-01T18:30:00Z,56.01,1804.9
2024-01-01T19:00:00Z,49.22,2423.9
2024-01-01T19:30:00Z,36.77,2392.65
2024-01-01T20:00:00Z,32.8,2618.35
2024-01-01T20:30:00Z,26.77,2622.85
2024-01-01T21:00:00Z,29.14,3210.7
2024-01-01T21:30:00Z,22.319999999999997,3401.95
2024-01-01T22:00:00Z,15.77,3720.55
2024-01-01T22:30:00Z,14.32,3622.75
2024-01-01T23:00:00Z,-13.73,1715.2
2024-01-01T23:30:00Z,-20.16,1760.3
2024-01-02T00:00:00Z,-16.93,1805.65
2024-01-02T00:30:00Z,-11.09,1625.85
2024-01-02T01:00:00Z,-7.61,2039.5
2024-01-02T01:30:00Z,-10.94,2011.55
2024-01-02T02:00:00Z,-15.39,1603.35
2024-01-02T02:30:00Z,-11.55,1709.05
2024-01-02T03:00:00Z,-1.7400000000000002,1444.7
2024-01-02T03:30:00Z,-10.46,1390.35
2024-01-02T04:00:00Z,-8.68,1625.15
2024-01-02T04:30:00Z,16.66,1640.5
2024-01-02T05:00:00Z,11.710000000000003,1473.35
2024-01-02T05:30:00Z,31.42,1873.45
2024-01-02T06:00:00Z,33.62,1928.6
2024-01-02T06:30:00Z,46.71,1891.85
2024-01-02T07:00:00Z,50.87,2081.25
2024-01-02T07:30:00Z,52.47,2040.85
2024-01-02T08:00:00Z,50.41,2521.35
2024-01-02T08:30:00Z,49.32,2595.15
2024-01-02T09:00:00Z,56.36999999999999,2675.55
2024-01-02T09:30:00Z,55.39000000000001,2662.55
2024-01-02T10:00:00Z,56.68,2051.35
2024-01-02T10:30:00Z,66.05,2646.8
2024-01-02T11:00:00Z,65.33,2542.5
2024-01-02T11:30:00Z,76.54,3270.8
2024-01-02T12:00:00Z,80.93,2935.2
2024-01-02T12:30:00Z,75.65,2934.5
2024-01-02T13:00:00Z,76.97,2868.0
2024-01-02T13:30:00Z,74.97,2802.1
2024-01-02T14:00:00Z,77.05,2763.0
2024-01-02T14:30:00Z,78.21,2834.2
2024-01-02T15:00:00Z,66.8,1841.35
2024-01-02T15:30:00Z,73.21,2084.3
2024-01-02T16:00:00Z,73.76,2026.15
2024-01-02T16:30:00Z,77.03,2308.0
2024-01-02T17:00:00Z,69.8,2177.65
2024-01-02T17:30:00Z,70.61,2414.3
2024-01-02T18:00:00Z,67.7,2394.9
2024-01-02T18:30:00Z,69.11,2787.0
2024-01-02T19:00:00Z,76.07,2189.3
2024-01-02T19:30:00Z,77.06,2147.1
2024-01-02T20:00:00Z,80.64,2280.2
2024-01-02T20:30:00Z,73.83,2561.3
2024-01-02T21:00:00Z,63.5,2423.05
2024-01-02T21:30:00Z,59.78,2506.1
2024-01-02T22:00:00Z,59.71,2107.3
2024-01-02T22:30:00Z,58.88,2090.4
2024-01-02T23:00:00Z,78.77,1297.55
2024-01-02T23:30:00Z,75.17,1423.8
2024-01-03T00:00:00Z,71.16,1576.4
2024-01-03T00:30:00Z,87.09,1747.65
2024-01-03T01:00:00Z,82.24,1427.9
2024-01-03T01:30:00Z,80.81,1511.45
2024-01-03T02:00:00Z,84.72,1890.35
2024-01-03T02:30:00Z,77.7,1916.6
2024-01-03T03:00:00Z,84.63,1472.7
2024-01-03T03:30:00Z,80.15,1611.85
2024-01-03T04:00:00Z,66.99,1906.9
2024-01-03T04:30:00Z,76.65,1984.2
2024-01-03T05:00:00Z,66.69,2039.5
2024-01-03T05:30:00Z,71.11,1884.95
2024-01-03T06:00:00Z,56.59,2134.8
2024-01-03T06:30:00Z,53.63000000000001,2686.3
2024-01-03T07:00:00Z,51.61,2816.9
2024-01-03T07:30:00Z,56.96,3021.85
2024-01-03T08:00:00Z,57.31,2528.8
2024-01-03T08:30:00Z,56.720000000000006,2824.8
2024-01-03T09:00:00Z,75.17,2448.7
2024-01-03T09:30:00Z,85.91,2790.75
2024-01-03T10:00:00Z,89.33,2527.35
2024-01-03T10:30:00Z,86.82999999999998,3418.05
2024-01-03T11:00:00Z,97.1,2500.5
2024-01-03T11:30:00Z,96.2,2896.6
2024-01-03T12:00:00Z,93.56,2954.3
2024-01-03T12:30:00Z,89.65999999999998,2931.7
2024-01-03T13:00:00Z,85.62000000000002,3323.3
2024-01-03T13:30:00Z,86.0,3154.9
2024-01-03T14:00:00Z,87.27,2904.95
2024-01-03T14:30:00Z,82.64,3106.45
2024-01-03T15:00:00Z,87.58,3144.85
2024-01-03T15:30:00Z,84.99,3198.3
2024-01-03T16:00:00Z,87.72,2809.4
2024-01-03T16:30:00Z,90.79,3307.3
2024-01-03T17:00:00Z,88.13,3291.95
2024-01-03T17:30:00Z,84.55,3054.9
2024-01-03T18:00:00Z,83.92,2890.6
2024-01-03T18:30:00Z,87.29,2971.4
2024-01-03T19:00:00Z,82.93,2923.95
2024-01-03T19:30:00Z,77.09,2906.8
2024-01-03T20:00:00Z,74.49,2481.9
2024-01-03T20:30:00Z,71.72,2536.7
2024-01-03T21:00:00Z,70.55,2456.8
2024-01-03T21:30:00Z,73.65,2592.7
2024-01-03T22:00:00Z,79.5,2634.85
2024-01-03T22:30:00Z,77.07,2604.6
2024-01-03T23:00:00Z,68.83,1352.3
2024-01-03T23:30:00Z,60.38000000000001,1249.2
2024-01-04T00:00:00Z,71.52,1431.1
2024-01-04T00:30:00Z,67.48,1576.25
2024-01-04T01:00:00Z,62.54,1630.0
2024-01-04T01:30:00Z,59.58,1546.3
2024-01-04T02:00:00Z,60.42,1627.5
2024-01-04T02:30:00Z,60.379999999999995,1756.45
2024-01-04T03:00:00Z,57.23,1813.55
2024-01-04T03:30:00Z,50.82999999999999,1463.9
2024-01-04T04:00:00Z,57.07,1437.0
2024-01-04T04:30:00Z,54.36999999999999,1338.2
2024-01-04T05:00:00Z,61.31,1660.15
2024-01-04T05:30:00Z,60.85999999999999,1456.2
2024-01-04T06:00:00Z,73.56,2171.6
2024-01-04T06:30:00Z,52.52,1941.35
2024-01-04T07:00:00Z,56.05,2021.75
2024-01-04T07:30:00Z,64.92,1817.15
2024-01-04T08:00:00Z,66.22,1992.75
2024-01-04T08:30:00Z,77.67,2277.45
2024-01-04T09:00:00Z,74.71,2087.15
2024-01-04T09:30:00Z,75.85,2206.1
2024-01-04T10:00:00Z,69.74,2272.85
2024-01-04T10:30:00Z,75.57,2593.75
2024-01-04T11:00:00Z,72.14,2383.6
2024-01-04T11:30:00Z,73.2,2796.95
2024-01-04T12:00:00Z,80.16,1948.3
2024-01-04T12:30:00Z,83.97,2090.1
2024-01-04T13:00:00Z,86.81,2061.7
2024-01-04T13:30:00Z,88.78,2133.95
2024-01-04T14:00:00Z,95.02,2021.45
2024-01-04T14:30:00Z,87.97,2555.65
2024-01-04T15:00:00Z,97.13,2050.05
2024-01-04T15:30:00Z,106.02,2220.5
2024-01-04T16:00:00Z,115.45,2155.7
2024-01-04T16:30:00Z,109.2,3240.3
2024-01-04T17:00:00Z,104.71,2510.0
2024-01-04T17:30:00Z,106.86,3626.65
2024-01-04T18:00:00Z,102.16,3196.9
2024-01-04T18:30:00Z,95.04,2776.85
2024-01-04T19:00:00Z,84.36999999999999,3421.25
2024-01-04T19:30:00Z,87.5,3326.2
2024-01-04T20:00:00Z,84.95,2943.0
2024-01-04T20:30:00Z,78.6,2887.35
2024-01-04T21:00:00Z,78.4,2844.75
2024-01-04T21:30:00Z,75.4,3101.95
2024-01-04T22:00:00Z,73.94,3070.45
2024-01-04T22:30:00Z,73.10999999999999,3835.5
2024-01-04T23:00:00Z,76.1,1733.85
2024-01-04T23:30:00Z,80.74,1775.3
2024-01-05T00:00:00Z,69.35,1606.7
2024-01-05T00:30:00Z,69.96,1568.25
2024-01-05T01:00:00Z,68.64,1656.05
2024-01-05T01:30:00Z,68.54,1731.4
2024-01-05T02:00:00Z,69.65,1543.9
2024-01-05T02:30:00Z,67.64,1647.5
2024-01-05T03:00:00Z,64.45,1319.0
2024-01-05T03:30:00Z,59.989999999999995,1302.45
2024-01-05T04:00:00Z,61.34,1690.3
2024-01-05T04:30:00Z,60.59,1907.8
2024-01-05T05:00:00Z,68.65,2241.0
2024-01-05T05:30:00Z,63.69,1723.5
2024-01-05T06:00:00Z,69.2,2048.4
2024-01-05T06:30:00Z,68.55,2377.75
2024-01-05T07:00:00Z,70.68,2210.75
2024-01-05T07:30:00Z,75.21,2364.1
2024-01-05T08:00:00Z,68.45,2140.35
2024-01-05T08:30:00Z,77.46,2597.2
2024-01-05T09:00:00Z,80.34,2629.1
2024-01-05T09:30:00Z,83.01,2957.25
2024-01-05T10:00:00Z,82.93,2555.35
2024-01-05T10:30:00Z,84.05,2754.05
2024-01-05T11:00:00Z,73.03,2219.25
2024-01-05T11:30:00Z,74.27,2470.6
2024-01-05T12:00:00Z,78.06,2079.05
2024-01-05T12:30:00Z,74.4,2379.4
2024-01-05T13:00:00Z,76.85,2411.65
2024-01-05T13:30:00Z,75.03,2405.35
2024-01-05T14:00:00Z,86.21,2659.0
2024-01-05T14:30:00Z,91.43,3164.15
2024-01-05T15:00:00Z,78.99,2640.1
2024-01-05T15:30:00Z,81.58,2930.95
2024-01-05T16:00:00Z,86.49,2954.3
2024-01-05T16:30:00Z,88.09,2802.2
2024-01-05T17:00:00Z,88.7,2679.1
2024-01-05T17:30:00Z,94.29,2751.65
2024-01-05T18:00:00Z,94.55,2773.9
2024-01-05T18:30:00Z,90.43999999999998,3101.3
2024-01-05T19:00:00Z,89.3,2255.85
2024-01-05T19:30:00Z,88.83,2046.05
2024-01-05T20:00:00Z,89.78,1979.9
2024-01-05T20:30:00Z,83.94999999999999,1845.85
2024-01-05T21:00:00Z,81.87,2106.85
2024-01-05T21:30:00Z,80.02,1968.8
2024-01-05T22:00:00Z,78.08,2203.15
2024-01-05T22:30:00Z,77.45,2412.3
2024-01-05T23:00:00Z,85.22,1115.75
2024-01-05T23:30:00Z,95.48,755.7
2024-01-06T00:00:00Z,85.34,841.5
2024-01-06T00:30:00Z,85.73,806.45
2024-01-06T01:00:00Z,76.78,684.55
2024-01-06T01:30:00Z,69.08,782.5
2024-01-06T02:00:00Z,72.6,823.9
2024-01-06T02:30:00Z,67.85,861.2
2024-01-06T03:00:00Z,64.38,814.5
2024-01-06T03:30:00Z,64.0,862.1
2024-01-06T04:00:00Z,63.99,1029.35
2024-01-06T04:30:00Z,64.12,926.8
2024-01-06T05:00:00Z,66.83,1075.75
2024-01-06T05:30:00Z,70.72,1261.3
2024-01-06T06:00:00Z,69.87,1301.1
2024-01-06T06:30:00Z,71.29,1274.45
2024-01-06T07:00:00Z,72.27,1327.25
2024-01-06T07:30:00Z,68.66,1123.75
2024-01-06T08:00:00Z,69.07,1053.05
2024-01-06T08:30:00Z,66.31,1050.8
2024-01-06T09:00:00Z,68.1,1631.25
2024-01-06T09:30:00Z,76.77,1434.85
2024-01-06T10:00:00Z,73.79,1223.5
2024-01-06T10:30:00Z,73.94,1477.3
2024-01-06T11:00:00Z,74.56,1286.4
2024-01-06T11:30:00Z,79.03,1417.45
2024-01-06T12:00:00Z,78.04,1272.8
2024-01-06T12:30:00Z,90.62,1521.05
2024-01-06T13:00:00Z,89.92999999999999,1708.9
2024-01-06T13:30:00Z,85.47,2001.9
2024-01-06T14:00:00Z,88.75,1791.95
2024-01-06T14:30:00Z,94.23,1976.2
2024-01-06T15:00:00Z,98.93000000000002,1452.75
2024-01-06T15:30:00Z,104.43,1572.9
2024-01-06T16:00:00Z,99.33,1773.8
2024-01-06T16:30:00Z,105.16,1837.6
2024-01-06T17:00:00Z,106.92,1559.6
2024-01-06T17:30:00Z,106.15,1701.9
2024-01-06T18:00:00Z,104.17,2063.75
2024-01-06T18:30:00Z,104.38,1519.0
2024-01-06T19:00:00Z,99.69999999999999,1820.95
2024-01-06T19:30:00Z,89.73,1620.9
2024-01-06T20:00:00Z,88.3,1974.75
2024-01-06T20:30:00Z,84.38,1303.6
2024-01-06T21:00:00Z,92.06,1671.85
2024-01-06T21:30:00Z,86.33,1388.7
2024-01-06T22:00:00Z,84.13,1293.2
2024-01-06T22:30:00Z,79.77,1364.5
2024-01-06T23:00:00Z,71.44,864.8
2024-01-06T23:30:00Z,86.11,1070.35
2024-01-07T00:00:00Z,73.77,772.45
2024-01-07T00:30:00Z,83.01999999999998,922.05
2024-01-07T01:00:00Z,77.08,924.95
2024-01-07T01:30:00Z,74.98000000000002,876.4
2024-01-07T02:00:00Z,73.07,922.45
2024-01-07T02:30:00Z,70.63,943.35
2024-01-07T03:00:00Z,75.66,1016.15
2024-01-07T03:30:00Z,73.35,1206.7
2024-01-07T04:00:00Z,72.0,1043.6
2024-01-07T04:30:00Z,70.37,1077.3
2024-01-07T05:00:00Z,72.93,1069.25
2024-01-07T05:30:00Z,69.6,928.3
2024-01-07T06:00:00Z,69.09,877.05
2024-01-07T06:30:00Z,69.95,1199.9
2024-01-07T07:00:00Z,75.88,1400.85
2024-01-07T07:30:00Z,84.04,1423.55
2024-01-07T08:00:00Z,80.62,1611.75
2024-01-07T08:30:00Z,88.51,1581.6
2024-01-07T09:00:00Z,88.89,1421.6
2024-01-07T09:30:00Z,92.73,1367.5
2024-01-07T10:00:00Z,91.88999999999999,1451.85
2024-01-07T10:30:00Z,91.79,1032.8
2024-01-07T11:00:00Z,92.47,858.6
2024-01-07T11:30:00Z,95.07,969.45
2024-01-07T12:00:00Z,94.03,1102.1
2024-01-07T12:30:00Z,97.19,1189.0
2024-01-07T13:00:00Z,105.95,1099.65
2024-01-07T13:30:00Z,106.25000000000001,1257.1
2024-01-07T14:00:00Z,106.17,1288.25
2024-01-07T14:30:00Z,98.66,2001.95
2024-01-07T15:00:00Z,102.43,1553.6
2024-01-07T15:30:00Z,103.22,1562.8
2024-01-07T16:00:00Z,103.0,2015.25
2024-01-07T16:30:00Z,110.46,1850.3
2024-01-07T17:00:00Z,112.94,1591.4
2024-01-07T17:30:00Z,112.50000000000001,1388.6
2024-01-07T18:00:00Z,107.27999999999999,1491.05
2024-01-07T18:30:00Z,102.33,1525.6
2024-01-07T19:00:00Z,93.33,1504.15
2024-01-07T19:30:00Z,82.34,1497.05
2024-01-07T20:00:00Z,81.79,1518.95
2024-01-07T20:30:00Z,82.24,1372.05
2024-01-07T21:00:00Z,89.55,1318.95
2024-01-07T21:30:00Z,81.75,1254.5
2024-01-07T22:00:00Z,80.24,1698.6
2024-01-07T22:30:00Z,80.39,2150.25
2024-01-07T23:00:00Z,73.92,586.85
2024-01-07T23:30:00Z,68.25,610.4
2024-01-08T00:00:00Z,67.06,669.0
2024-01-08T00:30:00Z,69.8,654.4
2024-01-08T01:00:00Z,68.98,865.6
2024-01-08T01:30:00Z,67.56,982.5
2024-01-08T02:00:00Z,69.11,1058.45
2024-01-08T02:30:00Z,67.46,1039.6
2024-01-08T03:00:00Z,66.9,1192.7
2024-01-08T03:30:00Z,66.11,1096.55
2024-01-08T04:00:00Z,66.45,1194.9
2024-01-08T04:30:00Z,64.99,1271.75
2024-01-08T05:00:00Z,70.87,1255.25
2024-01-08T05:30:00Z,70.67,1641.3
2024-01-08T06:00:00Z,88.06999999999998,1871.7
2024-01-08T06:30:00Z,76.68,1950.6
2024-01-08T07:00:00Z,86.99,1887.2
2024-01-08T07:30:00Z,96.83,1929.75
2024-01-08T08:00:00Z,89.96,1512.6
2024-01-08T08:30:00Z,91.15,1812.0
2024-01-08T09:00:00Z,77.67,1810.35
2024-01-08T09:30:00Z,77.66,1930.5
2024-01-08T10:00:00Z,82.36,2045.1
2024-01-08T10:30:00Z,82.76,2065.3
2024-01-08T11:00:00Z,85.04,2004.0
2024-01-08T11:30:00Z,85.63,2073.45
2024-01-08T12:00:00Z,83.14,2190.95
2024-01-08T12:30:00Z,82.26,2366.2
2024-01-08T13:00:00Z,82.5,2401.7
2024-01-08T13:30:00Z,82.8,2626.75
2024-01-08T14:00:00Z,82.44,2709.0
2024-01-08T14:30:00Z,80.95,2643.95
2024-01-08T15:00:00Z,98.76,2608.15
2024-01-08T15:30:00Z,100.70999999999998,2775.9
2024-01-08T16:00:00Z,93.53,2788.3
2024-01-08T16:30:00Z,97.66,2973.5
2024-01-08T17:00:00Z,97.31000000000002,2822.85
2024-01-08T17:30:00Z,92.36,2875.0
2024-01-08T18:00:00Z,90.88999999999999,3262.8
2024-01-08T18:30:00Z,90.13,3081.3
2024-01-08T19:00:00Z,85.7,2970.7
2024-01-08T19:30:00Z,82.84,2461.95
2024-01-08T20:00:00Z,85.13,2373.4
2024-01-08T20:30:00Z,82.13,2641.75
2024-01-08T21:00:00Z,77.57,2388.9
2024-01-08T21:30:00Z,72.78,2025.05
2024-01-08T22:00:00Z,74.25,1965.0
2024-01-08T22:30:00Z,71.74,2246.75
2024-01-08T23:00:00Z,67.47,1002.1
2024-01-08T23:30:00Z,63.3,1024.25
2024-01-09T00:00:00Z,60.86,1115.4
2024-01-09T00:30:00Z,62.71,1346.65
2024-01-09T01:00:00Z,61.470000000000006,1332.85
2024-01-09T01:30:00Z,61.06999999999999,1160.65
2024-01-09T02:00:00Z,64.7,1505.85
2024-01-09T02:30:00Z,62.71999999999999,1518.5
2024-01-09T03:00:00Z,57.29999999999999,1393.15
2024-01-09T03:30:00Z,55.96999999999999,1413.05
2024-01-09T04:00:00Z,61.93,1744.25
2024-01-09T04:30:00Z,54.73,1680.1
2024-01-09T05:00:00Z,55.08,1797.1
2024-01-09T05:30:00Z,57.86,2554.5
2024-01-09T06:00:00Z,61.05,2122.95
2024-01-09T06:30:00Z,62.3,2186.2
2024-01-09T07:00:00Z,77.57,2299.45
2024-01-09T07:30:00Z,93.36,2915.2
2024-01-09T08:00:00Z,77.31,2094.3
2024-01-09T08:30:00Z,83.66,2462.25
2024-01-09T09:00:00Z,78.12,2080.1
2024-01-09T09:30:00Z,78.44,2081.75
2024-01-09T10:00:00Z,78.55,2363.5
2024-01-09T10:30:00Z,76.97,2146.95
2024-01-09T11:00:00Z,69.64,2106.1
2024-01-09T11:30:00Z,69.24,1992.45
2024-01-09T12:00:00Z,69.29,2056.8
2024-01-09T12:30:00Z,69.36,2015.15
2024-01-09T13:00:00Z,68.75,1966.25
2024-01-09T13:30:00Z,68.44,1976.2
2024-01-09T14:00:00Z,68.12,2373.95
2024-01-09T14:30:00Z,68.98,2294.25
2024-01-09T15:00:00Z,77.72,2564.6
2024-01-09T15:30:00Z,82.12,2483.0
2024-01-09T16:00:00Z,89.9,2618.75
2024-01-09T16:30:00Z,93.81,2972.05
2024-01-09T17:00:00Z,83.69,2753.55
2024-01-09T17:30:00Z,86.68,2767.9
2024-01-09T18:00:00Z,92.61,2976.8
2024-01-09T18:30:00Z,92.67999999999999,2863.55
2024-01-09T19:00:00Z,85.74,2316.55
2024-01-09T19:30:00Z,78.19,2102.3
2024-01-09T20:00:00Z,74.8,2099.3
2024-01-09T20:30:00Z,69.99,1838.1
2024-01-09T21:00:00Z,74.33,1905.4
2024-01-09T21:30:00Z,69.82,1765.25
2024-01-09T22:00:00Z,68.23,1768.3
2024-01-09T22:30:00Z,65.53,1993.5
2024-01-09T23:00:00Z,57.75,1316.2
2024-01-09T23:30:00Z,60.82,1506.55
2024-01-10T00:00:00Z,62.69,1559.5
2024-01-10T00:30:00Z,62.84,1454.9
2024-01-10T01:00:00Z,63.63,1551.75
2024-01-10T01:30:00Z,64.73,1584.5
2024-01-10T02:00:00Z,63.28999999999999,1478.7
2024-01-10T02:30:00Z,64.79,1556.75
2024-01-10T03:00:00Z,69.51,1338.85
2024-01-10T03:30:00Z,70.79,1602.4
2024-01-10T04:00:00Z,70.49,1433.4
2024-01-10T04:30:00Z,68.27,1336.7
2024-01-10T05:00:00Z,70.43,1539.9
2024-01-10T05:30:00Z,69.2,1534.0
2024-01-10T06:00:00Z,73.61,1601.65
2024-01-10T06:30:00Z,94.23,1954.75
2024-01-10T07:00:00Z,119.6,2347.3
2024-01-10T07:30:00Z,125.77000000000001,2313.45
2024-01-10T08:00:00Z,119.97,1990.45
2024-01-10T08:30:00Z,125.41,2250.25
2024-01-10T09:00:00Z,116.68,2223.0
2024-01-10T09:30:00Z,115.03,2037.75
2024-01-10T10:00:00Z,111.15,2259.55
2024-01-10T10:30:00Z,110.77,2236.55
2024-01-10T11:00:00Z,98.87,1931.05
2024-01-10T11:30:00Z,96.45,1961.35
2024-01-10T12:00:00Z,98.5,1858.2
2024-01-10T12:30:00Z,97.5,1786.3
2024-01-10T13:00:00Z,94.64000000000001,1708.35
2024-01-10T13:30:00Z,93.75,1783.65
2024-01-10T14:00:00Z,100.13,1911.25
2024-01-10T14:30:00Z,95.48,2142.4
2024-01-10T15:00:00Z,98.4,1799.1
2024-01-10T15:30:00Z,109.66,1859.0
2024-01-10T16:00:00Z,113.76,1862.95
2024-01-10T16:30:00Z,122.53,1980.05
2024-01-10T17:00:00Z,114.46,2477.7
2024-01-10T17:30:00Z,112.41,2812.8
2024-01-10T18:00:00Z,112.65,2829.1
2024-01-10T18:30:00Z,107.64999999999999,2826.3
2024-01-10T19:00:00Z,95.03,2243.9
2024-01-10T19:30:00Z,97.18,1934.25
2024-01-10T20:00:00Z,94.91,1942.85
2024-01-10T20:30:00Z,82.25,2051.3
2024-01-10T21:00:00Z,81.72,1953.55
2024-01-10T21:30:00Z,73.05,1555.9
2024-01-10T22:00:00Z,74.22,1506.8
2024-01-10T22:30:00Z,70.01,1658.35
2024-01-10T23:00:00Z,68.2,1163.55
2024-01-10T23:30:00Z,66.11,1031.7
2024-01-11T00:00:00Z,66.55,1121.55
2024-01-11T00:30:00Z,76.21,1753.75
2024-01-11T01:00:00Z,75.81,1815.05
2024-01-11T01:30:00Z,72.06,1612.75
2024-01-11T02:00:00Z,82.81,1872.95
2024-01-11T02:30:00Z,74.74,1813.8
2024-01-11T03:00:00Z,75.5,1231.05
2024-01-11T03:30:00Z,74.55,1292.65
2024-01-11T04:00:00Z,74.11,1012.85
2024-01-11T04:30:00Z,70.24,1029.9
2024-01-11T05:00:00Z,69.27,1148.1
2024-01-11T05:30:00Z,69.02,1657.9
2024-01-11T06:00:00Z,71.69,1495.4
2024-01-11T06:30:00Z,78.77,2068.2
2024-01-11T07:00:00Z,90.11,2705.5
2024-01-11T07:30:00Z,105.38,2384.05
2024-01-11T08:00:00Z,101.97,2557.85
2024-01-11T08:30:00Z,109.65999999999998,2606.35
2024-01-11T09:00:00Z,92.75,2195.5
2024-01-11T09:30:00Z,91.94,2366.3
2024-01-11T10:00:00Z,94.8,1787.3
2024-01-11T10:30:00Z,86.49,1756.25
2024-01-11T11:00:00Z,80.38,2050.15
2024-01-11T11:30:00Z,82.7,2189.1
2024-01-11T12:00:00Z,84.88,1856.4
2024-01-11T12:30:00Z,82.36,2268.2
2024-01-11T13:00:00Z,79.63,1740.85
2024-01-11T13:30:00Z,78.2,1836.25
2024-01-11T14:00:00Z,81.7,1727.35
2024-01-11T14:30:00Z,85.73,2121.8
2024-01-11T15:00:00Z,95.98,2005.85
2024-01-11T15:30:00Z,95.79,2133.6
2024-01-11T16:00:00Z,97.99,1884.6
2024-01-11T16:30:00Z,102.52,2174.45
2024-01-11T17:00:00Z,102.34,1945.3
2024-01-11T17:30:00Z,102.69,2105.1
2024-01-11T18:00:00Z,101.73,2007.55
2024-01-11T18:30:00Z,99.22,2019.3
2024-01-11T19:00:00Z,97.46,1726.4
2024-01-11T19:30:00Z,94.94,1625.05
2024-01-11T20:00:00Z,93.16000000000001,1664.45
2024-01-11T20:30:00Z,89.96,1399.45
2024-01-11T21:00:00Z,79.9,1235.2
2024-01-11T21:30:00Z,76.27,1410.55
2024-01-11T22:00:00Z,73.64,1372.9
2024-01-11T22:30:00Z,69.64,1639.85
2024-01-11T23:00:00Z,71.87,1107.75
2024-01-11T23:30:00Z,73.25,839.15
2024-01-12T00:00:00Z,72.25,1178.9
2024-01-12T00:30:00Z,82.2,792.7
2024-01-12T01:00:00Z,74.02,1241.25
2024-01-12T01:30:00Z,68.05,1048.95
2024-01-12T02:00:00Z,64.59,1009.0
2024-01-12T02:30:00Z,67.74,1300.55
2024-01-12T03:00:00Z,70.53,1309.6
2024-01-12T03:30:00Z,70.48,1273.95
2024-01-12T04:00:00Z,73.85,1533.45
2024-01-12T04:30:00Z,68.86,1343.75
2024-01-12T05:00:00Z,75.84,1215.4
2024-01-12T05:30:00Z,82.89,1307.5
2024-01-12T06:00:00Z,92.36,1303.5
2024-01-12T06:30:00Z,103.23,1459.65
2024-01-12T07:00:00Z,106.34,1581.25
2024-01-12T07:30:00Z,114.52,1820.15
2024-01-12T08:00:00Z,107.73000000000002,1309.85
2024-01-12T08:30:00Z,114.22,1488.6
2024-01-12T09:00:00Z,106.16,1713.3
2024-01-12T09:30:00Z,108.61,1907.75
2024-01-12T10:00:00Z,98.36,1550.8
2024-01-12T10:30:00Z,102.1,1633.15
2024-01-12T11:00:00Z,93.1,1666.8
2024-01-12T11:30:00Z,92.4,1737.1
2024-01-12T12:00:00Z,105.72,1970.25
2024-01-12T12:30:00Z,94.87999999999998,1591.45
2024-01-12T13:00:00Z,92.99,2211.65
2024-01-12T13:30:00Z,93.12,2305.7
2024-01-12T14:00:00Z,99.2,2036.05
2024-01-12T14:30:00Z,97.24,2430.9
2024-01-12T15:00:00Z,106.16,1660.2
2024-01-12T15:30:00Z,105.16000000000001,1733.85
2024-01-12T16:00:00Z,102.97,1653.7
2024-01-12T16:30:00Z,104.17,1717.1
2024-01-12T17:00:00Z,106.61,2096.15
2024-01-12T17:30:00Z,110.26,2357.95
2024-01-12T18:00:00Z,110.17,1780.7
2024-01-12T18:30:00Z,109.41,2260.55
2024-01-12T19:00:00Z,97.1,1891.05
2024-01-12T19:30:00Z,92.61,1775.15
2024-01-12T20:00:00Z,96.04,1722.9
2024-01-12T20:30:00Z,88.75,1721.75
2024-01-12T21:00:00Z,86.07,1740.4
2024-01-12T21:30:00Z,82.14,1581.1
2024-01-12T22:00:00Z,80.3,1874.9
2024-01-12T22:30:00Z,77.11,2051.2
2024-01-12T23:00:00Z,80.55,1515.25
2024-01-12T23:30:00Z,93.29,1063.9
2024-01-13T00:00:00Z,89.76,1074.0
2024-01-13T00:30:00Z,92.83,1290.65
2024-01-13T01:00:00Z,91.41,988.95
2024-01-13T01:30:00Z,78.94,1042.25
2024-01-13T02:00:00Z,79.09,1027.9
2024-01-13T02:30:00Z,72.17,1199.45
2024-01-13T03:00:00Z,74.36,1179.55
2024-01-13T03:30:00Z,81.2,1322.2
2024-01-13T04:00:00Z,74.52,1265.0
2024-01-13T04:30:00Z,74.15,1449.7
2024-01-13T05:00:00Z,83.25,1076.6
2024-01-13T05:30:00Z,83.43,1409.85
2024-01-13T06:00:00Z,79.1,1736.1
2024-01-13T06:30:00Z,79.35,1759.95
2024-01-13T07:00:00Z,89.58,1399.8
2024-01-13T07:30:00Z,90.69,1474.4
2024-01-13T08:00:00Z,89.78,1072.45
2024-01-13T08:30:00Z,96.5,1404.4
2024-01-13T09:00:00Z,84.61,1325.45
2024-01-13T09:30:00Z,95.6,1339.25
2024-01-13T10:00:00Z,94.4,1204.65
2024-01-13T10:30:00Z,93.71,1291.2
2024-01-13T11:00:00Z,85.29,1228.75
2024-01-13T11:30:00Z,83.53,1322.55
2024-01-13T12:00:00Z,87.66,1348.35
2024-01-13T12:30:00Z,87.96,1255.85
2024-01-13T13:00:00Z,93.40999999999998,1628.65
2024-01-13T13:30:00Z,93.01,1828.8
2024-01-13T14:00:00Z,86.42,2161.55
2024-01-13T14:30:00Z,82.8,2276.9
2024-01-13T15:00:00Z,89.66,1524.4
2024-01-13T15:30:00Z,94.77,1587.05
2024-01-13T16:00:00Z,97.36,1908.9
2024-01-13T16:30:00Z,103.84,2442.1
2024-01-13T17:00:00Z,107.42,2795.05
2024-01-13T17:30:00Z,108.63,2754.15
2024-01-13T18:00:00Z,102.83,2315.0
2024-01-13T18:30:00Z,100.62,2389.7
2024-01-13T19:00:00Z,97.8,1977.65
2024-01-13T19:30:00Z,88.64,1824.55
2024-01-13T20:00:00Z,90.52999999999999,1788.45
2024-01-13T20:30:00Z,84.72,1624.75
2024-01-13T21:00:00Z,79.06,1594.45
2024-01-13T21:30:00Z,75.91,1280.85
2024-01-13T22:00:00Z,81.55,1479.55
2024-01-13T22:30:00Z,80.64,1393.9
2024-01-13T23:00:00Z,65.45,1109.0
2024-01-13T23:30:00Z,87.47,1188.6
2024-01-14T00:00:00Z,70.17,1123.1
2024-01-14T00:30:00Z,86.19,1567.7
2024-01-14T01:00:00Z,86.84,1341.7
2024-01-14T01:30:00Z,83.14,1107.85
2024-01-14T02:00:00Z,82.85,1265.5
2024-01-14T02:30:00Z,82.92,1256.7
2024-01-14T03:00:00Z,85.19,1256.9
2024-01-14T03:30:00Z,82.03,1267.2
2024-01-14T04:00:00Z,84.91,1296.75
2024-01-14T04:30:00Z,85.9,1473.45
2024-01-14T05:00:00Z,84.00000000000001,1717.7
2024-01-14T05:30:00Z,81.29,1693.45
2024-01-14T06:00:00Z,80.85,1695.35
2024-01-14T06:30:00Z,77.59,1885.45
2024-01-14T07:00:00Z,75.99,1586.05
2024-01-14T07:30:00Z,73.6,1628.75
2024-01-14T08:00:00Z,79.57,1597.65
2024-01-14T08:30:00Z,85.66,1822.5
2024-01-14T09:00:00Z,86.4,1815.25
2024-01-14T09:30:00Z,87.17,1972.9
2024-01-14T10:00:00Z,77.39,1258.6
2024-01-14T10:30:00Z,72.16,1441.3
2024-01-14T11:00:00Z,76.16,1455.3
2024-01-14T11:30:00Z,73.37,1713.2
2024-01-14T12:00:00Z,72.71,1601.65
2024-01-14T12:30:00Z,73.75,1551.8
2024-01-14T13:00:00Z,80.37,2063.65
2024-01-14T13:30:00Z,77.24,2330.25
2024-01-14T14:00:00Z,75.93,2137.45
2024-01-14T14:30:00Z,74.2,1947.85
2024-01-14T15:00:00Z,81.33,1536.4
2024-01-14T15:30:00Z,82.85000000000001,1681.45
2024-01-14T16:00:00Z,81.53,1764.15
2024-01-14T16:30:00Z,88.67,2030.7
2024-01-14T17:00:00Z,90.09,1859.25
2024-01-14T17:30:00Z,90.91,1982.95
2024-01-14T18:00:00Z,93.53,2054.05
2024-01-14T18:30:00Z,85.99,1955.15
2024-01-14T19:00:00Z,91.45,1796.2
2024-01-14T19:30:00Z,84.25,1926.35
2024-01-14T20:00:00Z,84.25,1771.15
2024-01-14T20:30:00Z,77.31,1971.6
2024-01-14T21:00:00Z,80.07,2002.1
2024-01-14T21:30:00Z,80.19,2060.3
2024-01-14T22:00:00Z,74.11,1988.65
2024-01-14T22:30:00Z,101.48,2328.5
2024-01-14T23:00:00Z,81.14,1359.45
2024-01-14T23:30:00Z,84.65,1217.2
2024-01-15T00:00:00Z,82.74,1440.25
2024-01-15T00:30:00Z,82.77,1500.65
2024-01-15T01:00:00Z,70.49,1266.3
2024-01-15T01:30:00Z,62.309999999999995,1268.95
2024-01-15T02:00:00Z,63.22,1302.9
2024-01-15T02:30:00Z,61.73,1334.4
2024-01-15T03:00:00Z,62.88,1068.8
2024-01-15T03:30:00Z,63.589999999999996,1129.5
2024-01-15T04:00:00Z,72.1,1002.4
2024-01-15T04:30:00Z,64.5,1104.1
2024-01-15T05:00:00Z,77.45,1307.3
2024-01-15T05:30:00Z,57.58,1119.0
2024-01-15T06:00:00Z,88.17,1586.0
2024-01-15T06:30:00Z,71.48,1735.3
2024-01-15T07:00:00Z,83.85,1415.0
2024-01-15T07:30:00Z,87.64,1965.7
2024-01-15T08:00:00Z,75.86,1863.5
2024-01-15T08:30:00Z,82.32,1846.55
2024-01-15T09:00:00Z,85.56,1792.4
2024-01-15T09:30:00Z,85.85999999999999,1847.55
2024-01-15T10:00:00Z,82.24,2037.45
2024-01-15T10:30:00Z,77.78,2186.05
2024-01-15T11:00:00Z,73.94,1797.65
2024-01-15T11:30:00Z,71.84,1867.3
2024-01-15T12:00:00Z,78.1,2001.05
2024-01-15T12:30:00Z,76.74,1901.15
2024-01-15T13:00:00Z,75.02,2216.45
2024-01-15T13:30:00Z,74.46,2404.85
2024-01-15T14:00:00Z,80.68,2119.15
2024-01-15T14:30:00Z,80.92,2067.8
2024-01-15T15:00:00Z,80.39,2556.05
2024-01-15T15:30:00Z,93.13,2532.95
2024-01-15T16:00:00Z,85.12,2203.4
2024-01-15T16:30:00Z,92.81,2852.05
2024-01-15T17:00:00Z,90.7,2510.65
2024-01-15T17:30:00Z,95.52,2546.75
2024-01-15T18:00:00Z,92.13,2462.7
2024-01-15T18:30:00Z,93.31,2373.1
2024-01-15T19:00:00Z,84.94,2365.75
2024-01-15T19:30:00Z,78.62,2433.85
2024-01-15T20:00:00Z,92.94,2183.45
2024-01-15T20:30:00Z,82.95,2318.7
2024-01-15T21:00:00Z,78.09,2125.05
2024-01-15T21:30:00Z,68.67,1911.4
2024-01-15T22:00:00Z,74.92,2118.1
2024-01-15T22:30:00Z,68.13,2117.6
2024-01-15T23:00:00Z,70.35,994.6
2024-01-15T23:30:00Z,66.67,1234.7
2024-01-16T00:00:00Z,70.43,1439.8
2024-01-16T00:30:00Z,78.34,1470.95
2024-01-16T01:00:00Z,73.15,1272.75
2024-01-16T01:30:00Z,73.38,1400.4
2024-01-16T02:00:00Z,73.14,1601.55
2024-01-16T02:30:00Z,69.7,1554.85
2024-01-16T03:00:00Z,77.29,1270.9
2024-01-16T03:30:00Z,72.26,1188.55
2024-01-16T04:00:00Z,75.93,1206.65
2024-01-16T04:30:00Z,68.22,1077.7
2024-01-16T05:00:00Z,82.11,1107.75
2024-01-16T05:30:00Z,71.69,1029.8
2024-01-16T06:00:00Z,81.63,1346.45
2024-01-16T06:30:00Z,90.29,1610.9
2024-01-16T07:00:00Z,104.67,1603.45
2024-01-16T07:30:00Z,114.78,1948.35
2024-01-16T08:00:00Z,109.88,2048.9
2024-01-16T08:30:00Z,116.1,2066.65
2024-01-16T09:00:00Z,104.46,2171.8
2024-01-16T09:30:00Z,99.03,2000.5
2024-01-16T10:00:00Z,105.81,2116.25
2024-01-16T10:30:00Z,102.96,2478.1
2024-01-16T11:00:00Z,90.62,2155.25
2024-01-16T11:30:00Z,87.09,2401.1
2024-01-16T12:00:00Z,82.67,1918.75
2024-01-16T12:30:00Z,77.73,2283.0
2024-01-16T13:00:00Z,78.42,1848.3
2024-01-16T13:30:00Z,75.09,1783.5
2024-01-16T14:00:00Z,82.62,1533.15
2024-01-16T14:30:00Z,84.23,1926.5
2024-01-16T15:00:00Z,89.32,1821.75
2024-01-16T15:30:00Z,90.98,2230.8
2024-01-16T16:00:00Z,92.4,2042.15
2024-01-16T16:30:00Z,92.51,2605.3
2024-01-16T17:00:00Z,90.64,2759.0
2024-01-16T17:30:00Z,90.01,2857.75
2024-01-16T18:00:00Z,83.43,2648.75
2024-01-16T18:30:00Z,83.27,2582.35
2024-01-16T19:00:00Z,79.3,2383.1
2024-01-16T19:30:00Z,75.24,1790.3
2024-01-16T20:00:00Z,73.60492996429552,1456.4
2024-01-16T20:30:00Z,71.82641344302468,1428.25
2024-01-16T21:00:00Z,76.62,1509.4
2024-01-16T21:30:00Z,76.16,1439.75
2024-01-16T22:00:00Z,74.01,1575.85
2024-01-16T22:30:00Z,69.22,1776.3
2024-01-16T23:00:00Z,60.06999999999999,1198.05
2024-01-16T23:30:00Z,61.04,919.75
2024-01-17T00:00:00Z,60.86000000000001,1300.85
2024-01-17T00:30:00Z,71.57,1120.2
2024-01-17T01:00:00Z,54.919999999999995,857.25
2024-01-17T01:30:00Z,63.35,1401.65
2024-01-17T02:00:00Z,57.209999999999994,1240.4
2024-01-17T02:30:00Z,58.35,872.35
2024-01-17T03:00:00Z,58.72999999999999,1296.65
2024-01-17T03:30:00Z,65.39,1117.1
2024-01-17T04:00:00Z,65.44,1136.8
2024-01-17T04:30:00Z,62.85999999999999,1402.65
2024-01-17T05:00:00Z,67.45,1630.6
2024-01-17T05:30:00Z,68.33,1754.65
2024-01-17T06:00:00Z,70.45,1887.65
2024-01-17T06:30:00Z,71.37,1549.6
2024-01-17T07:00:00Z,67.65,1842.9
2024-01-17T07:30:00Z,67.24,2884.45
2024-01-17T08:00:00Z,75.23,2616.65
2024-01-17T08:30:00Z,89.35,2884.3
2024-01-17T09:00:00Z,87.65,2188.2
2024-01-17T09:30:00Z,79.71,2415.65
2024-01-17T10:00:00Z,84.49,2378.55
2024-01-17T10:30:00Z,83.49,2394.1
2024-01-17T11:00:00Z,89.26,2532.6
2024-01-17T11:30:00Z,90.0,2503.2
2024-01-17T12:00:00Z,99.27,2219.25
2024-01-17T12:30:00Z,88.59,2749.25
2024-01-17T13:00:00Z,94.55,2521.3
2024-01-17T13:30:00Z,90.61,2516.45
2024-01-17T14:00:00Z,94.0,2345.8
2024-01-17T14:30:00Z,92.32,2428.7
2024-01-17T15:00:00Z,86.66,1689.45
2024-01-17T15:30:00Z,92.38,1894.45
2024-01-17T16:00:00Z,101.13,1838.1
2024-01-17T16:30:00Z,104.96,2308.9
2024-01-17T17:00:00Z,82.29,2616.35
2024-01-17T17:30:00Z,81.06,2411.05
2024-01-17T18:00:00Z,80.86,1949.25
2024-01-17T18:30:00Z,84.75,2490.2
2024-01-17T19:00:00Z,84.6,2083.2
2024-01-17T19:30:00Z,71.91,1859.4
2024-01-17T20:00:00Z,70.29,2054.5
2024-01-17T20:30:00Z,63.56,1924.5
2024-01-17T21:00:00Z,77.08,1917.15
2024-01-17T21:30:00Z,77.96,2260.95
2024-01-17T22:00:00Z,76.48,2054.1
2024-01-17T22:30:00Z,71.34,2493.25
2024-01-17T23:00:00Z,67.92,1151.45
2024-01-17T23:30:00Z,72.48,1177.6
2024-01-18T00:00:00Z,69.77,1268.85
2024-01-18T00:30:00Z,76.59,1212.0
2024-01-18T01:00:00Z,70.25,1198.15
2024-01-18T01:30:00Z,60.98,1490.7
2024-01-18T02:00:00Z,57.36,1616.0
2024-01-18T02:30:00Z,58.09,1815.75
2024-01-18T03:00:00Z,66.21,1729.35
2024-01-18T03:30:00Z,76.47,1897.65
2024-01-18T04:00:00Z,73.95,2146.5
2024-01-18T04:30:00Z,77.92,2055.3
2024-01-18T05:00:00Z,92.18,2099.35
2024-01-18T05:30:00Z,87.82,2587.6
2024-01-18T06:00:00Z,86.53,2929.2
2024-01-18T06:30:00Z,93.9,2741.6
2024-01-18T07:00:00Z,103.0,2543.45
2024-01-18T07:30:00Z,108.2,2986.85
2024-01-18T08:00:00Z,107.61,2991.5
2024-01-18T08:30:00Z,108.14,3174.8
2024-01-18T09:00:00Z,100.03,3679.55
2024-01-18T09:30:00Z,98.12,3674.25
2024-01-18T10:00:00Z,98.24,3791.75
2024-01-18T10:30:00Z,93.78,4202.0
2024-01-18T11:00:00Z,91.98,2763.1
2024-01-18T11:30:00Z,89.86,2842.6
2024-01-18T12:00:00Z,88.98,2691.85
2024-01-18T12:30:00Z,84.89,3126.25
2024-01-18T13:00:00Z,89.3,2453.7
2024-01-18T13:30:00Z,87.97,2553.7
2024-01-18T14:00:00Z,89.86,2481.1
2024-01-18T14:30:00Z,86.6,3132.1
2024-01-18T15:00:00Z,86.56,2510.75
2024-01-18T15:30:00Z,87.9,2542.1
2024-01-18T16:00:00Z,85.08,2232.65
2024-01-18T16:30:00Z,87.67,2825.7
2024-01-18T17:00:00Z,85.95,2869.9
2024-01-18T17:30:00Z,87.48,2918.05
2024-01-18T18:00:00Z,83.76,2587.85
2024-01-18T18:30:00Z,84.85,2406.75
2024-01-18T19:00:00Z,80.85,2048.25
2024-01-18T19:30:00Z,79.79,1767.45
2024-01-18T20:00:00Z,81.37,2616.4
2024-01-18T20:30:00Z,81.76,2510.9
2024-01-18T21:00:00Z,77.03,2443.65
2024-01-18T21:30:00Z,71.24,2420.4
2024-01-18T22:00:00Z,70.15,2309.65
2024-01-18T22:30:00Z,68.36,2348.3
2024-01-18T23:00:00Z,68.77,1467.3
2024-01-18T23:30:00Z,59.36,1480.8
2024-01-19T00:00:00Z,51.13,1274.2
2024-01-19T00:30:00Z,58.2,1321.3
2024-01-19T01:00:00Z,62.67000000000001,1548.6
2024-01-19T01:30:00Z,56.74,1506.5
2024-01-19T02:00:00Z,59.45,1673.4
2024-01-19T02:30:00Z,57.04,1769.85
2024-01-19T03:00:00Z,58.47,1351.1
2024-01-19T03:30:00Z,59.09000000000001,1506.6
2024-01-19T04:00:00Z,62.330000000000005,1427.55
2024-01-19T04:30:00Z,59.41,1507.5
2024-01-19T05:00:00Z,72.62,1667.0
2024-01-19T05:30:00Z,61.52,2459.35
2024-01-19T06:00:00Z,78.23,1886.85
2024-01-19T06:30:00Z,81.79,2231.0
2024-01-19T07:00:00Z,91.7,1666.95
2024-01-19T07:30:00Z,96.51,2095.75
2024-01-19T08:00:00Z,92.46,2178.15
2024-01-19T08:30:00Z,92.87,2017.9
2024-01-19T09:00:00Z,87.05,2238.8
2024-01-19T09:30:00Z,83.45,1853.7
2024-01-19T10:00:00Z,86.52,1977.1
2024-01-19T10:30:00Z,78.36,2144.5
2024-01-19T11:00:00Z,72.34,1725.5
2024-01-19T11:30:00Z,65.65,1873.6
2024-01-19T12:00:00Z,65.7,2235.45
2024-01-19T12:30:00Z,65.14,2065.25
2024-01-19T13:00:00Z,62.77,2110.45
2024-01-19T13:30:00Z,60.21,1935.55
2024-01-19T14:00:00Z,61.52,1951.1
2024-01-19T14:30:00Z,61.46,1996.4
2024-01-19T15:00:00Z,72.39,2157.8
2024-01-19T15:30:00Z,76.14,1754.4
2024-01-19T16:00:00Z,74.6,1949.05
2024-01-19T16:30:00Z,79.88,2253.85
2024-01-19T17:00:00Z,79.36,1678.7
2024-01-19T17:30:00Z,81.55,1969.05
2024-01-19T18:00:00Z,81.69,2082.2
2024-01-19T18:30:00Z,77.42,2197.55
2024-01-19T19:00:00Z,71.56,1903.05
2024-01-19T19:30:00Z,72.43,2258.5
2024-01-19T20:00:00Z,65.69,1930.55
2024-01-19T20:30:00Z,63.33,1848.85
2024-01-19T21:00:00Z,70.46,1967.35
2024-01-19T21:30:00Z,69.16,2230.05
2024-01-19T22:00:00Z,64.44,2436.15
2024-01-19T22:30:00Z,64.92,2473.4
2024-01-19T23:00:00Z,62.79,1620.6
2024-01-19T23:30:00Z,65.16,1429.2
2024-01-20T00:00:00Z,66.07,1313.5
2024-01-20T00:30:00Z,70.89,1438.2
2024-01-20T01:00:00Z,65.1,1663.8
2024-01-20T01:30:00Z,63.89,1653.3
2024-01-20T02:00:00Z,62.53,1573.45
2024-01-20T02:30:00Z,55.19,1621.8
2024-01-20T03:00:00Z,59.75,1707.7
2024-01-20T03:30:00Z,58.21000000000001,1670.55
2024-01-20T04:00:00Z,58.21,1615.2
2024-01-20T04:30:00Z,59.080000000000005,1629.65
2024-01-20T05:00:00Z,63.06,1383.7
2024-01-20T05:30:00Z,55.52,1533.0
2024-01-20T06:00:00Z,62.06,1628.3
2024-01-20T06:30:00Z,65.51,1680.15
2024-01-20T07:00:00Z,72.9,1851.2
2024-01-20T07:30:00Z,68.53,1597.35
2024-01-20T08:00:00Z,64.24,1448.25
2024-01-20T08:30:00Z,80.99,1718.1
2024-01-20T09:00:00Z,79.11,1617.6
2024-01-20T09:30:00Z,79.34000000000002,1925.55
2024-01-20T10:00:00Z,71.8,1546.9
2024-01-20T10:30:00Z,75.19,1590.3
2024-01-20T11:00:00Z,72.14,1795.15
2024-01-20T11:30:00Z,72.77,1637.6
2024-01-20T12:00:00Z,65.04,1890.25
2024-01-20T12:30:00Z,65.14,2159.55
2024-01-20T13:00:00Z,63.92,1884.6
2024-01-20T13:30:00Z,64.29,2053.85
2024-01-20T14:00:00Z,71.18,2153.05
2024-01-20T14:30:00Z,66.98,2231.0
2024-01-20T15:00:00Z,76.49,1884.2
2024-01-20T15:30:00Z,75.88,1943.65
2024-01-20T16:00:00Z,77.88,1978.65
2024-01-20T16:30:00Z,81.68,2184.55
2024-01-20T17:00:00Z,83.55,1807.9
2024-01-20T17:30:00Z,82.88,1730.55
2024-01-20T18:00:00Z,79.81,1635.85
2024-01-20T18:30:00Z,72.88,1695.1
2024-01-20T19:00:00Z,71.39,2060.05
2024-01-20T19:30:00Z,69.02,2090.05
2024-01-20T20:00:00Z,69.3,1887.55
2024-01-20T20:30:00Z,68.6,2000.4
2024-01-20T21:00:00Z,64.42,2554.25
2024-01-20T21:30:00Z,63.68999999999999,2469.2
2024-01-20T22:00:00Z,66.12,2717.75
2024-01-20T22:30:00Z,59.77,2641.35
2024-01-20T23:00:00Z,63.84,1518.3
2024-01-20T23:30:00Z,61.72,1365.75
2024-01-21T00:00:00Z,55.65,1445.0
2024-01-21T00:30:00Z,64.41,1450.3
2024-01-21T01:00:00Z,61.79999999999999,1402.2
2024-01-21T01:30:00Z,56.41,1485.65
2024-01-21T02:00:00Z,57.98,1423.5
2024-01-21T02:30:00Z,55.52,1391.55
2024-01-21T03:00:00Z,53.74,1058.7
2024-01-21T03:30:00Z,55.91,1172.95
2024-01-21T04:00:00Z,60.330000000000005,1334.15
2024-01-21T04:30:00Z,61.1,1617.7
2024-01-21T05:00:00Z,59.05,1594.5
2024-01-21T05:30:00Z,56.73,1912.45
2024-01-21T06:00:00Z,53.09,2025.9
2024-01-21T06:30:00Z,55.5,2103.1
2024-01-21T07:00:00Z,63.989999999999995,1703.1
2024-01-21T07:30:00Z,67.02,2053.35
2024-01-21T08:00:00Z,47.26,1995.05
2024-01-21T08:30:00Z,64.96,2200.35
2024-01-21T09:00:00Z,57.90999999999999,1840.65
2024-01-21T09:30:00Z,67.29,1999.1
2024-01-21T10:00:00Z,69.24,1730.75
2024-01-21T10:30:00Z,69.56,1638.35
2024-01-21T11:00:00Z,72.43,1445.55
2024-01-21T11:30:00Z,76.04,1462.35
2024-01-21T12:00:00Z,78.02,1458.85
2024-01-21T12:30:00Z,77.93,1373.05
2024-01-21T13:00:00Z,75.97,1342.25
2024-01-21T13:30:00Z,75.05,1683.45
2024-01-21T14:00:00Z,73.43,1771.2
2024-01-21T14:30:00Z,72.51,1930.7
2024-01-21T15:00:00Z,72.76,1740.95
2024-01-21T15:30:00Z,72.55,2005.0
2024-01-21T16:00:00Z,75.25,2214.75
2024-01-21T16:30:00Z,85.11,2423.2
2024-01-21T17:00:00Z,93.5,2353.75
2024-01-21T17:30:00Z,93.79,2425.3
2024-01-21T18:00:00Z,88.75,2165.2
2024-01-21T18:30:00Z,87.56,2126.4
2024-01-21T19:00:00Z,86.78,1989.2
2024-01-21T19:30:00Z,87.18,2264.9
2024-01-21T20:00:00Z,88.39,2309.8
2024-01-21T20:30:00Z,86.63,2376.9
2024-01-21T21:00:00Z,80.22,2007.25
2024-01-21T21:30:00Z,85.0,2400.1
2024-01-21T22:00:00Z,83.36,2986.25
2024-01-21T22:30:00Z,76.04,2896.25
2024-01-21T23:00:00Z,77.06,2234.9
2024-01-21T23:30:00Z,74.84,2429.4
2024-01-22T00:00:00Z,70.66,2597.7
2024-01-22T00:30:00Z,71.86,2650.75
2024-01-22T01:00:00Z,63.949999999999996,2255.1
2024-01-22T01:30:00Z,65.1,3013.75
2024-01-22T02:00:00Z,69.86,3639.05
2024-01-22T02:30:00Z,65.19,4420.2
2024-01-22T03:00:00Z,63.15,3783.8
2024-01-22T03:30:00Z,60.71,3861.8
2024-01-22T04:00:00Z,59.43,3601.3
2024-01-22T04:30:00Z,57.89,3620.75
2024-01-22T05:00:00Z,65.26,3012.4
2024-01-22T05:30:00Z,67.42,3543.45
2024-01-22T06:00:00Z,61.15,3400.45
2024-01-22T06:30:00Z,73.01,3664.0
2024-01-22T07:00:00Z,80.53,2673.55
2024-01-22T07:30:00Z,85.69,2503.0
2024-01-22T08:00:00Z,86.38,2049.35
2024-01-22T08:30:00Z,86.92,2294.5
2024-01-22T09:00:00Z,81.84,1924.5
2024-01-22T09:30:00Z,81.34,2015.65
2024-01-22T10:00:00Z,76.23,1917.8
2024-01-22T10:30:00Z,70.02,2080.95
2024-01-22T11:00:00Z,66.62,1743.05
2024-01-22T11:30:00Z,68.06,1970.35
2024-01-22T12:00:00Z,59.40999999999999,1682.9
2024-01-22T12:30:00Z,61.05,1793.6
2024-01-22T13:00:00Z,61.98,1755.15
2024-01-22T13:30:00Z,59.22,1656.95
2024-01-22T14:00:00Z,59.58,1702.4
2024-01-22T14:30:00Z,59.4,1992.05
2024-01-22T15:00:00Z,60.81,1704.75
2024-01-22T15:30:00Z,56.42,1713.45
2024-01-22T16:00:00Z,64.13,2175.55
2024-01-22T16:30:00Z,71.92,2178.1
2024-01-22T17:00:00Z,69.76,2287.0
2024-01-22T17:30:00Z,74.88,2455.85
2024-01-22T18:00:00Z,73.62,2344.25
2024-01-22T18:30:00Z,69.53,2088.45
2024-01-22T19:00:00Z,66.61,1723.15
2024-01-22T19:30:00Z,58.10000000000001,1569.4
2024-01-22T20:00:00Z,63.08,1668.0
2024-01-22T20:30:00Z,60.35,1860.8
2024-01-22T21:00:00Z,54.01,1575.95
2024-01-22T21:30:00Z,40.72,1723.55
2024-01-22T22:00:00Z,53.49,1948.55
2024-01-22T22:30:00Z,40.33,1791.35
2024-01-22T23:00:00Z,38.36,1414.15
2024-01-22T23:30:00Z,20.81,1525.95
2024-01-23T00:00:00Z,16.44,1310.6
2024-01-23T00:30:00Z,30.52,1490.5
2024-01-23T01:00:00Z,16.82,1149.3
2024-01-23T01:30:00Z,6.840000000000001,1396.95
2024-01-23T02:00:00Z,4.69,1535.95
2024-01-23T02:30:00Z,4.32,1171.65
2024-01-23T03:00:00Z,12.82,1349.45
2024-01-23T03:30:00Z,14.12,1333.05
2024-01-23T04:00:00Z,35.85,2081.7
2024-01-23T04:30:00Z,38.81,1979.9
2024-01-23T05:00:00Z,52.35,1770.15
2024-01-23T05:30:00Z,59.84,1889.85
2024-01-23T06:00:00Z,68.3,1878.95
2024-01-23T06:30:00Z,66.9,2312.2
2024-01-23T07:00:00Z,68.89,1677.85
2024-01-23T07:30:00Z,80.41,1699.15
2024-01-23T08:00:00Z,76.34999999999998,1804.75
2024-01-23T08:30:00Z,76.09,1915.25
2024-01-23T09:00:00Z,71.35,1769.3
2024-01-23T09:30:00Z,67.36,1548.8
2024-01-23T10:00:00Z,62.77,1541.5
2024-01-23T10:30:00Z,60.14,1739.65
2024-01-23T11:00:00Z,48.62,1549.6
2024-01-23T11:30:00Z,47.62,1349.2
2024-01-23T12:00:00Z,47.54,1330.85
2024-01-23T12:30:00Z,47.55,1304.05
2024-01-23T13:00:00Z,51.59,1280.35
2024-01-23T13:30:00Z,49.01,1295.2
2024-01-23T14:00:00Z,53.88,1508.45
2024-01-23T14:30:00Z,50.949999999999996,1456.0
2024-01-23T15:00:00Z,44.05,1503.3
2024-01-23T15:30:00Z,51.94,1512.55
2024-01-23T16:00:00Z,63.769999999999996,1744.6
2024-01-23T16:30:00Z,68.33,1990.1
2024-01-23T17:00:00Z,60.04999999999999,2271.05
2024-01-23T17:30:00Z,63.39,2342.45
2024-01-23T18:00:00Z,62.14999999999999,2361.9
2024-01-23T18:30:00Z,56.16,2114.2
2024-01-23T19:00:00Z,63.78,2396.1
2024-01-23T19:30:00Z,64.81,2384.3
2024-01-23T20:00:00Z,64.9,2519.4
2024-01-23T20:30:00Z,54.97,2105.65
2024-01-23T21:00:00Z,61.71,2160.35
2024-01-23T21:30:00Z,53.09,1628.25
2024-01-23T22:00:00Z,33.09,1557.9
2024-01-23T22:30:00Z,24.85,1840.4
2024-01-23T23:00:00Z,22.160000000000004,1595.4
2024-01-23T23:30:00Z,19.88,1741.9
2024-01-24T00:00:00Z,29.57,1877.4
2024-01-24T00:30:00Z,37.98,1973.7
2024-01-24T01:00:00Z,36.11,2299.0
2024-01-24T01:30:00Z,24.81,2365.7
2024-01-24T02:00:00Z,20.38,2184.85
2024-01-24T02:30:00Z,21.64,2404.5
2024-01-24T03:00:00Z,6.69,1765.45
2024-01-24T03:30:00Z,6.24,1825.15
2024-01-24T04:00:00Z,6.6,1843.85
2024-01-24T04:30:00Z,6.7,1986.75
2024-01-24T05:00:00Z,29.650000000000002,2310.85
2024-01-24T05:30:00Z,47.62,2085.25
2024-01-24T06:00:00Z,56.69,1988.9
2024-01-24T06:30:00Z,64.18,2268.1
2024-01-24T07:00:00Z,80.28,3421.95
2024-01-24T07:30:00Z,83.19,3902.15
2024-01-24T08:00:00Z,80.95,2701.65
2024-01-24T08:30:00Z,81.02,2617.3
2024-01-24T09:00:00Z,83.26,2587.5
2024-01-24T09:30:00Z,83.09,2523.55
2024-01-24T10:00:00Z,71.79,2530.95
2024-01-24T10:30:00Z,67.7,2854.65
2024-01-24T11:00:00Z,50.86,2080.3
2024-01-24T11:30:00Z,56.85,2256.25
2024-01-24T12:00:00Z,56.35,2187.8
2024-01-24T12:30:00Z,55.28,2138.05
2024-01-24T13:00:00Z,52.88,2365.8
2024-01-24T13:30:00Z,53.29,2127.4
2024-01-24T14:00:00Z,50.8,2168.3
2024-01-24T14:30:00Z,50.92,2380.85
2024-01-24T15:00:00Z,52.69,2110.2
2024-01-24T15:30:00Z,52.44,2263.6
2024-01-24T16:00:00Z,46.45,2963.65
2024-01-24T16:30:00Z,50.81,3371.35
2024-01-24T17:00:00Z,65.52,2974.45
2024-01-24T17:30:00Z,72.75,3183.4
2024-01-24T18:00:00Z,57.56,3209.4
2024-01-24T18:30:00Z,66.13,3076.1
2024-01-24T19:00:00Z,70.81,2586.8
2024-01-24T19:30:00Z,63.85,2588.5
2024-01-24T20:00:00Z,70.81,2003.2
2024-01-24T20:30:00Z,60.09,2161.2
2024-01-24T21:00:00Z,58.42,1772.95
2024-01-24T21:30:00Z,59.57999999999999,2207.25
2024-01-24T22:00:00Z,58.35,1784.2
2024-01-24T22:30:00Z,57.449999999999996,2396.9
2024-01-24T23:00:00Z,61.64,1639.8
2024-01-24T23:30:00Z,55.99,1818.2
2024-01-25T00:00:00Z,57.43,1837.8
2024-01-25T00:30:00Z,58.129999999999995,1771.6
2024-01-25T01:00:00Z,63.300000000000004,1469.75
2024-01-25T01:30:00Z,55.45,1547.7
2024-01-25T02:00:00Z,57.18,1416.25
2024-01-25T02:30:00Z,56.73,1423.2
2024-01-25T03:00:00Z,55.61,1705.2
2024-01-25T03:30:00Z,57.69,1917.35
2024-01-25T04:00:00Z,57.07,2034.6
2024-01-25T04:30:00Z,55.3,2092.05
2024-01-25T05:00:00Z,63.2,2249.6
2024-01-25T05:30:00Z,60.08,2092.7
2024-01-25T06:00:00Z,72.91,2353.1
2024-01-25T06:30:00Z,77.84,2216.8
2024-01-25T07:00:00Z,79.47000000000001,3462.05
2024-01-25T07:30:00Z,82.19,3383.5
2024-01-25T08:00:00Z,84.7,2556.1
2024-01-25T08:30:00Z,83.16,2511.15
2024-01-25T09:00:00Z,80.12,2406.2
2024-01-25T09:30:00Z,70.59,2582.8
2024-01-25T10:00:00Z,68.85,2891.9
2024-01-25T10:30:00Z,66.03,2649.85
2024-01-25T11:00:00Z,58.63999999999999,2286.35
2024-01-25T11:30:00Z,56.50999999999999,2560.2
2024-01-25T12:00:00Z,62.57,1910.25
2024-01-25T12:30:00Z,61.17,2023.45
2024-01-25T13:00:00Z,65.85,2142.8
2024-01-25T13:30:00Z,59.16,1668.45
2024-01-25T14:00:00Z,64.73,1981.95
2024-01-25T14:30:00Z,56.47,1724.85
2024-01-25T15:00:00Z,65.64,1930.75
2024-01-25T15:30:00Z,72.37,2194.75
2024-01-25T16:00:00Z,73.73,2036.8
2024-01-25T16:30:00Z,77.21,2357.8
2024-01-25T17:00:00Z,81.67,2417.85
2024-01-25T17:30:00Z,82.11,2558.65
2024-01-25T18:00:00Z,78.35,2508.8
2024-01-25T18:30:00Z,74.02,2528.0
2024-01-25T19:00:00Z,75.35,1717.4
2024-01-25T19:30:00Z,68.12,1456.4
2024-01-25T20:00:00Z,68.39,1578.8
2024-01-25T20:30:00Z,71.21,1856.35
2024-01-25T21:00:00Z,64.64,1825.0
2024-01-25T21:30:00Z,60.76,2096.35
2024-01-25T22:00:00Z,62.47,2153.25
2024-01-25T22:30:00Z,55.02,2142.8
2024-01-25T23:00:00Z,57.91,1568.75
2024-01-25T23:30:00Z,44.81,1530.45
2024-01-26T00:00:00Z,49.419999999999995,1785.45
2024-01-26T00:30:00Z,59.11,1707.35
2024-01-26T01:00:00Z,59.760000000000005,1823.75
2024-01-26T01:30:00Z,56.93,1777.5
2024-01-26T02:00:00Z,55.48,1725.4
2024-01-26T02:30:00Z,50.99,1720.25
2024-01-26T03:00:00Z,47.78,1649.4
2024-01-26T03:30:00Z,39.5,1523.85
2024-01-26T04:00:00Z,43.12,1205.8
2024-01-26T04:30:00Z,42.01,1331.2
2024-01-26T05:00:00Z,49.37,1140.15
2024-01-26T05:30:00Z,49.79,1342.85
2024-01-26T06:00:00Z,48.48,1560.1
2024-01-26T06:30:00Z,73.66,2285.65
2024-01-26T07:00:00Z,60.040000000000006,2801.0
2024-01-26T07:30:00Z,77.19,2200.4
2024-01-26T08:00:00Z,69.11,2027.6
2024-01-26T08:30:00Z,72.48,1983.3
2024-01-26T09:00:00Z,73.29,2016.45
2024-01-26T09:30:00Z,73.65,1985.6
2024-01-26T10:00:00Z,70.7,2562.15
2024-01-26T10:30:00Z,62.63,2425.6
2024-01-26T11:00:00Z,50.7,1953.2
2024-01-26T11:30:00Z,37.53,2278.85
2024-01-26T12:00:00Z,28.240000000000002,2480.05
2024-01-26T12:30:00Z,22.51,2559.7
2024-01-26T13:00:00Z,34.66,3537.0
2024-01-26T13:30:00Z,37.8,3153.15
2024-01-26T14:00:00Z,32.46,2913.0
2024-01-26T14:30:00Z,39.08,2890.9
2024-01-26T15:00:00Z,50.66,2499.85
2024-01-26T15:30:00Z,53.67,2796.1
2024-01-26T16:00:00Z,60.05,2651.25
2024-01-26T16:30:00Z,67.99,2657.65
2024-01-26T17:00:00Z,78.76,2141.55
2024-01-26T17:30:00Z,80.81,2361.45
2024-01-26T18:00:00Z,80.43,2417.1
2024-01-26T18:30:00Z,77.92,2486.45
2024-01-26T19:00:00Z,73.17,2270.45
2024-01-26T19:30:00Z,69.96,2274.0
2024-01-26T20:00:00Z,71.41,1780.35
2024-01-26T20:30:00Z,54.26,2054.2
2024-01-26T21:00:00Z,61.7,2081.9
2024-01-26T21:30:00Z,56.92,2387.85
2024-01-26T22:00:00Z,62.29,2075.9
2024-01-26T22:30:00Z,59.480000000000004,2399.15
2024-01-26T23:00:00Z,44.98,954.65
2024-01-26T23:30:00Z,41.97,1357.75
2024-01-27T00:00:00Z,45.47,1119.25
2024-01-27T00:30:00Z,58.78999999999999,1239.05
2024-01-27T01:00:00Z,53.51,958.35
2024-01-27T01:30:00Z,48.33,1172.75
2024-01-27T02:00:00Z,45.78,1030.5
2024-01-27T02:30:00Z,40.64,1001.65
2024-01-27T03:00:00Z,50.49,970.4
2024-01-27T03:30:00Z,47.64,984.05
2024-01-27T04:00:00Z,44.47,1119.4
2024-01-27T04:30:00Z,42.5,1235.3
2024-01-27T05:00:00Z,47.34,1056.75
2024-01-27T05:30:00Z,44.43,1028.8
2024-01-27T06:00:00Z,39.74,1025.45
2024-01-27T06:30:00Z,48.83,1261.35
2024-01-27T07:00:00Z,57.1,1601.8
2024-01-27T07:30:00Z,60.02,1986.8
2024-01-27T08:00:00Z,55.90999999999999,1487.65
2024-01-27T08:30:00Z,68.92,1574.0
2024-01-27T09:00:00Z,61.0,1659.25
2024-01-27T09:30:00Z,55.65,1728.65
2024-01-27T10:00:00Z,50.41,1757.75
2024-01-27T10:30:00Z,53.51,2086.3
2024-01-27T11:00:00Z,56.66,1991.65
2024-01-27T11:30:00Z,57.5,2176.4
2024-01-27T12:00:00Z,48.69,2211.1
2024-01-27T12:30:00Z,44.22,2514.15
2024-01-27T13:00:00Z,41.01,2711.75
2024-01-27T13:30:00Z,40.09,2811.55
2024-01-27T14:00:00Z,47.21999999999999,3071.9
2024-01-27T14:30:00Z,49.68,3068.45
2024-01-27T15:00:00Z,68.7,2039.4
2024-01-27T15:30:00Z,62.62,1997.85
2024-01-27T16:00:00Z,63.3,1854.05
2024-01-27T16:30:00Z,72.1,2204.05
2024-01-27T17:00:00Z,81.76,2155.95
2024-01-27T17:30:00Z,81.94,2023.85
2024-01-27T18:00:00Z,80.58,2026.4
2024-01-27T18:30:00Z,74.94,1943.35
2024-01-27T19:00:00Z,69.68,1806.5
2024-01-27T19:30:00Z,65.85,1980.95
2024-01-27T20:00:00Z,67.4,1923.45
2024-01-27T20:30:00Z,60.68,2011.05
2024-01-27T21:00:00Z,62.52,1579.05
2024-01-27T21:30:00Z,59.56,1850.4
2024-01-27T22:00:00Z,55.86,2001.15
2024-01-27T22:30:00Z,56.980000000000004,2489.95
2024-01-27T23:00:00Z,44.31,810.65
2024-01-27T23:30:00Z,21.290000000000003,880.1
2024-01-28T00:00:00Z,40.24,1336.5
2024-01-28T00:30:00Z,50.43,1158.6
2024-01-28T01:00:00Z,46.8,1301.4
2024-01-28T01:30:00Z,24.07,1114.4
2024-01-28T02:00:00Z,53.04,1096.45
2024-01-28T02:30:00Z,42.4,1234.75
2024-01-28T03:00:00Z,43.24,865.75
2024-01-28T03:30:00Z,39.61,1062.4
2024-01-28T04:00:00Z,39.71,864.85
2024-01-28T04:30:00Z,27.430000000000003,850.95
2024-01-28T05:00:00Z,35.97,1015.3
2024-01-28T05:30:00Z,33.1,969.05
2024-01-28T06:00:00Z,33.01,1167.55
2024-01-28T06:30:00Z,30.070000000000004,1089.9
2024-01-28T07:00:00Z,38.21,1471.7
2024-01-28T07:30:00Z,48.42,1674.85
2024-01-28T08:00:00Z,33.37,1765.25
2024-01-28T08:30:00Z,44.87,1726.25
2024-01-28T09:00:00Z,36.62,1802.8
2024-01-28T09:30:00Z,45.13,2036.45
2024-01-28T10:00:00Z,37.41,1932.55
2024-01-28T10:30:00Z,33.39,2122.9
2024-01-28T11:00:00Z,19.17,2053.0
2024-01-28T11:30:00Z,22.88,2233.9
2024-01-28T12:00:00Z,36.01,2754.65
2024-01-28T12:30:00Z,38.54,2616.1
2024-01-28T13:00:00Z,34.93,2641.6
2024-01-28T13:30:00Z,37.27,2679.2
2024-01-28T14:00:00Z,44.34,2620.2
2024-01-28T14:30:00Z,47.98,2472.85
2024-01-28T15:00:00Z,78.63,1411.65
2024-01-28T15:30:00Z,78.58,1740.4
2024-01-28T16:00:00Z,82.49,1372.65
2024-01-28T16:30:00Z,88.51,1713.8
2024-01-28T17:00:00Z,88.06,1711.1
2024-01-28T17:30:00Z,87.31,1878.85
2024-01-28T18:00:00Z,80.58,1870.25
2024-01-28T18:30:00Z,70.46,2134.1
2024-01-28T19:00:00Z,76.22,2969.3
2024-01-28T19:30:00Z,70.17,2338.4
2024-01-28T20:00:00Z,73.97,2628.55
2024-01-28T20:30:00Z,68.52,2431.0
2024-01-28T21:00:00Z,69.42,1933.9
2024-01-28T21:30:00Z,66.41,2264.55
2024-01-28T22:00:00Z,65.81,2301.5
2024-01-28T22:30:00Z,57.64,2676.7
2024-01-28T23:00:00Z,59.3,1261.7
2024-01-28T23:30:00Z,61.44,1400.25
2024-01-29T00:00:00Z,62.03,1475.35
2024-01-29T00:30:00Z,80.21,1266.9
2024-01-29T01:00:00Z,85.86,1699.35
2024-01-29T01:30:00Z,84.55,1805.15
2024-01-29T02:00:00Z,81.26,1909.8
2024-01-29T02:30:00Z,80.86,2104.0
2024-01-29T03:00:00Z,74.53,2080.25
2024-01-29T03:30:00Z,70.88,2039.45
2024-01-29T04:00:00Z,60.93000000000001,2388.35
2024-01-29T04:30:00Z,61.330000000000005,2767.7
2024-01-29T05:00:00Z,75.3,1762.45
2024-01-29T05:30:00Z,65.2,2120.8
2024-01-29T06:00:00Z,83.46,1877.3
2024-01-29T06:30:00Z,76.01,2068.95
2024-01-29T07:00:00Z,82.97,2026.7
2024-01-29T07:30:00Z,95.17,2076.0
2024-01-29T08:00:00Z,77.54,2394.5
2024-01-29T08:30:00Z,77.75,2495.4
2024-01-29T09:00:00Z,76.99,2475.25
2024-01-29T09:30:00Z,77.41,2192.15
2024-01-29T10:00:00Z,79.08,2620.35
2024-01-29T10:30:00Z,83.34,2984.0
2024-01-29T11:00:00Z,87.04,2795.1
2024-01-29T11:30:00Z,82.7,2997.35
2024-01-29T12:00:00Z,80.28,2487.55
2024-01-29T12:30:00Z,83.3,2697.7
2024-01-29T13:00:00Z,87.3,2626.4
2024-01-29T13:30:00Z,83.77,2611.9
2024-01-29T14:00:00Z,87.12,2764.1
2024-01-29T14:30:00Z,79.65,3056.9
2024-01-29T15:00:00Z,83.5,2710.6
2024-01-29T15:30:00Z,85.68,3033.65
2024-01-29T16:00:00Z,86.67,2778.6
2024-01-29T16:30:00Z,87.91,2854.25
2024-01-29T17:00:00Z,83.71,2986.55
2024-01-29T17:30:00Z,79.69,3006.2
2024-01-29T18:00:00Z,79.9,2948.4
2024-01-29T18:30:00Z,78.05,3165.2
2024-01-29T19:00:00Z,75.27,3722.6
2024-01-29T19:30:00Z,74.24,3777.7
2024-01-29T20:00:00Z,70.93,3037.5
2024-01-29T20:30:00Z,66.85,2854.75
2024-01-29T21:00:00Z,67.76,2469.2
2024-01-29T21:30:00Z,67.66,2507.0
2024-01-29T22:00:00Z,66.89,3292.9
2024-01-29T22:30:00Z,62.7,2894.65
2024-01-29T23:00:00Z,63.98,1208.35
2024-01-29T23:30:00Z,62.15999999999999,1102.55
2024-01-30T00:00:00Z,63.41,1082.9
2024-01-30T00:30:00Z,70.27,1218.3
2024-01-30T01:00:00Z,57.970000000000006,1307.7
2024-01-30T01:30:00Z,55.269999999999996,1283.5
2024-01-30T02:00:00Z,55.44,1446.45
2024-01-30T02:30:00Z,53.56,1410.3
2024-01-30T03:00:00Z,51.84,1020.75
2024-01-30T03:30:00Z,48.62,1185.5
2024-01-30T04:00:00Z,48.66,1201.5
2024-01-30T04:30:00Z,45.91,1121.15
2024-01-30T05:00:00Z,55.75,1463.35
2024-01-30T05:30:00Z,49.14,1262.3
2024-01-30T06:00:00Z,62.97,1983.6
2024-01-30T06:30:00Z,58.06,1848.2
2024-01-30T07:00:00Z,61.64,2035.0
2024-01-30T07:30:00Z,72.84,2131.65
2024-01-30T08:00:00Z,63.4,2107.5
2024-01-30T08:30:00Z,74.65,2370.9
2024-01-30T09:00:00Z,62.34,1646.2
2024-01-30T09:30:00Z,58.63999999999999,1561.4
2024-01-30T10:00:00Z,55.54,1614.0
2024-01-30T10:30:00Z,54.93,1655.5
2024-01-30T11:00:00Z,56.540000000000006,1893.6
2024-01-30T11:30:00Z,55.74,1780.9
2024-01-30T12:00:00Z,55.09,1723.3
2024-01-30T12:30:00Z,60.4,1845.75
2024-01-30T13:00:00Z,69.47,2291.45
2024-01-30T13:30:00Z,65.64,1972.3
2024-01-30T14:00:00Z,64.3,1736.35
2024-01-30T14:30:00Z,64.91,2015.35
2024-01-30T15:00:00Z,61.21,2039.85
2024-01-30T15:30:00Z,72.53,2324.15
2024-01-30T16:00:00Z,76.66,1917.15
2024-01-30T16:30:00Z,83.74,2317.3
2024-01-30T17:00:00Z,81.54,2239.45
2024-01-30T17:30:00Z,80.18,2507.2
2024-01-30T18:00:00Z,81.48,2604.7
2024-01-30T18:30:00Z,81.36,2481.85
2024-01-30T19:00:00Z,77.26,1917.75
2024-01-30T19:30:00Z,74.27,1664.8
2024-01-30T20:00:00Z,78.8,1917.3
2024-01-30T20:30:00Z,70.08,1802.85
2024-01-30T21:00:00Z,69.74,2237.6
2024-01-30T21:30:00Z,61.97,2083.65
2024-01-30T22:00:00Z,63.480000000000004,2244.65
2024-01-30T22:30:00Z,63.35000000000001,2569.3
2024-01-30T23:00:00Z,61.79,1071.05
2024-01-30T23:30:00Z,57.13,1034.95
2024-01-31T00:00:00Z,56.48,1150.0
2024-01-31T00:30:00Z,62.13,1058.35
2024-01-31T01:00:00Z,61.14,1100.05
2024-01-31T01:30:00Z,54.23,1251.95
2024-01-31T02:00:00Z,57.82,1211.7
2024-01-31T02:30:00Z,53.44,1303.5
2024-01-31T03:00:00Z,54.39,1296.75
2024-01-31T03:30:00Z,49.05,1757.0
2024-01-31T04:00:00Z,53.51,1449.85
2024-01-31T04:30:00Z,46.81,1683.55
2024-01-31T05:00:00Z,53.03000000000001,1858.95
2024-01-31T05:30:00Z,47.43,1781.95
2024-01-31T06:00:00Z,60.21,2025.95
2024-01-31T06:30:00Z,53.56999999999999,1872.0
2024-01-31T07:00:00Z,59.69,1946.55
2024-01-31T07:30:00Z,62.42,2092.5
2024-01-31T08:00:00Z,58.1,2072.4
2024-01-31T08:30:00Z,62.84,2376.6
2024-01-31T09:00:00Z,65.31,2203.1
2024-01-31T09:30:00Z,63.91,1951.3
2024-01-31T10:00:00Z,67.26,2252.45
2024-01-31T10:30:00Z,70.53,2463.3
2024-01-31T11:00:00Z,71.3,2597.85
2024-01-31T11:30:00Z,71.2,2623.15
2024-01-31T12:00:00Z,68.42,2510.15
2024-01-31T12:30:00Z,65.67,2352.15
2024-01-31T13:00:00Z,68.58,2247.8
2024-01-31T13:30:00Z,64.32,2218.3
2024-01-31T14:00:00Z,59.38,2326.85
2024-01-31T14:30:00Z,60.67000000000001,2811.7
2024-01-31T15:00:00Z,60.68000000000001,2256.45
2024-01-31T15:30:00Z,62.2,2108.75
2024-01-31T16:00:00Z,65.1,1835.15
2024-01-31T16:30:00Z,72.44,2048.6
2024-01-31T17:00:00Z,74.12,2063.35
2024-01-31T17:30:00Z,76.67,2140.65
2024-01-31T18:00:00Z,77.84,2245.8
2024-01-31T18:30:00Z,77.53,2286.75
2024-01-31T19:00:00Z,73.78,2695.85
2024-01-31T19:30:00Z,74.69,2470.25
2024-01-31T20:00:00Z,66.37,2504.85
2024-01-31T20:30:00Z,63.7,2500.8
2024-01-31T21:00:00Z,63.77,1654.2
2024-01-31T21:30:00Z,52.85,2025.35
2024-01-31T22:00:00Z,55.89,1860.45
2024-01-31T22:30:00Z,46.22,2143.95
2024-01-31T23:00:00Z,40.35,1248.65
2024-01-31T23:30:00Z,36.19,1240.5
2024-02-01T00:00:00Z,34.54,1440.65
2024-02-01T00:30:00Z,42.46,1403.65
2024-02-01T01:00:00Z,37.62,1269.45
2024-02-01T01:30:00Z,34.38,1319.6
2024-02-01T02:00:00Z,35.23,1108.1
2024-02-01T02:30:00Z,36.04,1356.15
2024-02-01T03:00:00Z,33.1,1033.1
2024-02-01T03:30:00Z,32.06,1268.5
2024-02-01T04:00:00Z,40.7,1403.6
2024-02-01T04:30:00Z,46.29,1402.15
2024-02-01T05:00:00Z,52.73,1250.45
2024-02-01T05:30:00Z,44.9,1423.65
2024-02-01T06:00:00Z,48.95,1953.95
2024-02-01T06:30:00Z,51.35,1812.15
2024-02-01T07:00:00Z,65.31,1909.2
2024-02-01T07:30:00Z,74.45,2074.95
2024-02-01T08:00:00Z,65.15,1757.0
2024-02-01T08:30:00Z,75.65,1903.45
2024-02-01T09:00:00Z,67.45,1760.2
2024-02-01T09:30:00Z,62.7,1718.1
2024-02-01T10:00:00Z,62.08,2512.8
2024-02-01T10:30:00Z,60.48,2395.05
2024-02-01T11:00:00Z,54.85,1963.5
2024-02-01T11:30:00Z,54.31,2170.45
2024-02-01T12:00:00Z,54.28,2324.55
2024-02-01T12:30:00Z,53.83,2715.8
2024-02-01T13:00:00Z,57.61,3102.6
2024-02-01T13:30:00Z,57.34,2647.75
2024-02-01T14:00:00Z,57.31000000000001,2687.85
2024-02-01T14:30:00Z,58.260000000000005,3027.05
2024-02-01T15:00:00Z,61.09,2299.45
2024-02-01T15:30:00Z,61.93,2521.1
2024-02-01T16:00:00Z,63.98,2068.45
2024-02-01T16:30:00Z,69.8,2785.15
2024-02-01T17:00:00Z,77.87,2357.5
2024-02-01T17:30:00Z,79.02,3003.8
2024-02-01T18:00:00Z,78.56,3002.85
2024-02-01T18:30:00Z,72.56,3308.55
2024-02-01T19:00:00Z,70.92,2010.75
2024-02-01T19:30:00Z,65.94,2260.25
2024-02-01T20:00:00Z,73.06,2340.15
2024-02-01T20:30:00Z,69.31,2414.55
2024-02-01T21:00:00Z,66.32,2222.15
2024-02-01T21:30:00Z,62.05,2106.5
2024-02-01T22:00:00Z,62.92000000000001,1842.25
2024-02-01T22:30:00Z,53.8,2221.95
2024-02-01T23:00:00Z,58.27,1569.75
2024-02-01T23:30:00Z,43.7,1698.95
2024-02-02T00:00:00Z,43.00999999999999,1533.85
2024-02-02T00:30:00Z,48.71,1381.15
2024-02-02T01:00:00Z,37.6,1584.05
2024-02-02T01:30:00Z,30.7,1770.25
2024-02-02T02:00:00Z,45.2,1883.3
2024-02-02T02:30:00Z,43.96,1757.5
2024-02-02T03:00:00Z,43.83,1710.7
2024-02-02T03:30:00Z,40.5,1724.25
2024-02-02T04:00:00Z,50.88000000000001,1572.65
2024-02-02T04:30:00Z,51.03,1596.3
2024-02-02T05:00:00Z,44.04999999999999,1749.75
2024-02-02T05:30:00Z,42.02,1891.8
2024-02-02T06:00:00Z,61.41,1848.95
2024-02-02T06:30:00Z,67.65,1901.55
2024-02-02T07:00:00Z,64.07,1878.9
2024-02-02T07:30:00Z,70.43,2216.7
2024-02-02T08:00:00Z,58.35,2091.45
2024-02-02T08:30:00Z,62.94,2222.5
2024-02-02T09:00:00Z,69.79,2522.55
2024-02-02T09:30:00Z,68.57,2651.2
2024-02-02T10:00:00Z,62.86,2600.45
2024-02-02T10:30:00Z,56.08,2573.55
2024-02-02T11:00:00Z,40.18,1987.3
2024-02-02T11:30:00Z,41.73,2071.7
2024-02-02T12:00:00Z,46.31,1999.75
2024-02-02T12:30:00Z,40.28,2107.35
2024-02-02T13:00:00Z,36.11,1555.8
2024-02-02T13:30:00Z,31.909999999999997,1721.6
2024-02-02T14:00:00Z,36.24,1739.0
2024-02-02T14:30:00Z,35.57,1912.75
2024-02-02T15:00:00Z,36.64,1981.7
2024-02-02T15:30:00Z,42.73,1841.5
2024-02-02T16:00:00Z,46.99,1808.85
2024-02-02T16:30:00Z,62.97,1752.7
2024-02-02T17:00:00Z,68.34,2062.4
2024-02-02T17:30:00Z,70.03,1912.4
2024-02-02T18:00:00Z,71.55,2085.55
2024-02-02T18:30:00Z,68.13,2029.15
2024-02-02T19:00:00Z,64.81,1960.45
2024-02-02T19:30:00Z,54.47,1528.75
2024-02-02T20:00:00Z,58.86,2025.15
2024-02-02T20:30:00Z,48.8,1465.95
2024-02-02T21:00:00Z,60.64,1811.4
2024-02-02T21:30:00Z,37.09,1514.4
2024-02-02T22:00:00Z,50.79,1684.35
2024-02-02T22:30:00Z,24.74,1679.65
2024-02-02T23:00:00Z,19.49,1077.35
2024-02-02T23:30:00Z,21.53,1361.7
2024-02-03T00:00:00Z,16.32,1309.3
2024-02-03T00:30:00Z,18.3,1483.45
2024-02-03T01:00:00Z,15.389999999999999,1481.05
2024-02-03T01:30:00Z,14.55,1438.35
2024-02-03T02:00:00Z,8.07,1347.45
2024-02-03T02:30:00Z,7.39,1407.15
2024-02-03T03:00:00Z,2.56,1039.9
2024-02-03T03:30:00Z,1.46,1172.2
2024-02-03T04:00:00Z,4.48,1163.6
2024-02-03T04:30:00Z,2.98,1099.6
2024-02-03T05:00:00Z,5.3,1063.55
2024-02-03T05:30:00Z,8.21,1162.5
2024-02-03T06:00:00Z,3.36,1237.0
2024-02-03T06:30:00Z,19.359999999999996,1707.45
2024-02-03T07:00:00Z,30.360000000000003,2235.7
2024-02-03T07:30:00Z,56.41,1994.25
2024-02-03T08:00:00Z,45.29,2284.25
2024-02-03T08:30:00Z,62.279999999999994,2322.35
2024-02-03T09:00:00Z,46.33,1741.05
2024-02-03T09:30:00Z,56.07,1486.95
2024-02-03T10:00:00Z,55.220000000000006,1228.5
2024-02-03T10:30:00Z,46.0,1411.65
2024-02-03T11:00:00Z,41.78,1411.4
2024-02-03T11:30:00Z,44.22,1455.65
2024-02-03T12:00:00Z,45.9,1475.9
2024-02-03T12:30:00Z,49.559999999999995,1680.45
2024-02-03T13:00:00Z,50.64,1782.75
2024-02-03T13:30:00Z,50.78,1849.85
2024-02-03T14:00:00Z,53.09,1857.7
2024-02-03T14:30:00Z,51.06,2049.45
2024-02-03T15:00:00Z,46.64,1548.3
2024-02-03T15:30:00Z,45.84,1460.65
2024-02-03T16:00:00Z,55.77,1783.7
2024-02-03T16:30:00Z,70.36,1880.05
2024-02-03T17:00:00Z,71.03,2120.5
2024-02-03T17:30:00Z,74.8,1936.65
2024-02-03T18:00:00Z,75.82,1933.4
2024-02-03T18:30:00Z,74.75,1988.35
2024-02-03T19:00:00Z,71.8,1866.05
2024-02-03T19:30:00Z,59.58,1666.9
2024-02-03T20:00:00Z,60.64,2310.75
2024-02-03T20:30:00Z,56.97,1965.45
2024-02-03T21:00:00Z,60.35000000000001,1568.85
2024-02-03T21:30:00Z,44.95,1338.4
2024-02-03T22:00:00Z,50.88,1506.25
2024-02-03T22:30:00Z,36.25,1566.9
2024-02-03T23:00:00Z,35.39,1609.9
2024-02-03T23:30:00Z,22.439999999999998,1524.5
2024-02-04T00:00:00Z,19.43,1196.55
2024-02-04T00:30:00Z,21.9,1250.6
2024-02-04T01:00:00Z,10.62,1699.35
2024-02-04T01:30:00Z,4.81,1504.75
2024-02-04T02:00:00Z,11.69,1834.6
2024-02-04T02:30:00Z,1.5,1769.5
2024-02-04T03:00:00Z,-1.1799999999999997,1817.65
2024-02-04T03:30:00Z,-4.7,1945.4
2024-02-04T04:00:00Z,-2.73,1980.8
2024-02-04T04:30:00Z,-6.31,2014.9
2024-02-04T05:00:00Z,-7.320000000000001,1896.3
2024-02-04T05:30:00Z,-6.03,1744.6
2024-02-04T06:00:00Z,0.22,1780.55
2024-02-04T06:30:00Z,11.53,1899.25
2024-02-04T07:00:00Z,12.01,2294.05
2024-02-04T07:30:00Z,11.89,2051.65
2024-02-04T08:00:00Z,8.71,1942.35
2024-02-04T08:30:00Z,16.21,1879.55
2024-02-04T09:00:00Z,10.89,1711.4
2024-02-04T09:30:00Z,18.98,1498.0
2024-02-04T10:00:00Z,18.58,1510.05
2024-02-04T10:30:00Z,29.9,1688.15
2024-02-04T11:00:00Z,29.84,1615.25
2024-02-04T11:30:00Z,28.52,1669.6
2024-02-04T12:00:00Z,30.76,1727.65
2024-02-04T12:30:00Z,27.18,1631.05
2024-02-04T13:00:00Z,32.57,1495.75
2024-02-04T13:30:00Z,37.15,1835.4
2024-02-04T14:00:00Z,44.4,1838.45
2024-02-04T14:30:00Z,46.15,1870.35
2024-02-04T15:00:00Z,50.99,2248.95
2024-02-04T15:30:00Z,56.6,2096.05
2024-02-04T16:00:00Z,56.27,1836.1
2024-02-04T16:30:00Z,62.98,2048.2
2024-02-04T17:00:00Z,79.2,1264.2
2024-02-04T17:30:00Z,83.21,1362.65
2024-02-04T18:00:00Z,86.23,1465.8
2024-02-04T18:30:00Z,82.39,1336.4
2024-02-04T19:00:00Z,76.52,1241.75
2024-02-04T19:30:00Z,69.73,1520.2
2024-02-04T20:00:00Z,66.77,1647.35
2024-02-04T20:30:00Z,58.0,1918.0
2024-02-04T21:00:00Z,56.97,2102.55
2024-02-04T21:30:00Z,31.84,2136.25
2024-02-04T22:00:00Z,46.7,2114.0
2024-02-04T22:30:00Z,23.51,2106.75
2024-02-04T23:00:00Z,2.32,1178.55
2024-02-04T23:30:00Z,-0.1,1114.35
2024-02-05T00:00:00Z,-0.33,1039.65
2024-02-05T00:30:00Z,2.36,1214.55
2024-02-05T01:00:00Z,0.89,987.25
2024-02-05T01:30:00Z,-3.22,1149.15
2024-02-05T02:00:00Z,-2.92,1091.4
2024-02-05T02:30:00Z,-5.27,882.1
2024-02-05T03:00:00Z,-0.94,946.2
2024-02-05T03:30:00Z,-3.54,957.05
2024-02-05T04:00:00Z,1.9400000000000002,1158.25
2024-02-05T04:30:00Z,1.35,1315.7
2024-02-05T05:00:00Z,29.14,1896.4
2024-02-05T05:30:00Z,49.519999999999996,1723.55
2024-02-05T06:00:00Z,36.49,1150.1
2024-02-05T06:30:00Z,69.26,1791.8
2024-02-05T07:00:00Z,70.47,1766.0
2024-02-05T07:30:00Z,84.68,2098.75
2024-02-05T08:00:00Z,79.44,1752.3
2024-02-05T08:30:00Z,81.11,1591.15
2024-02-05T09:00:00Z,79.4,1800.3
2024-02-05T09:30:00Z,66.25,1907.05
2024-02-05T10:00:00Z,62.04,1902.0
2024-02-05T10:30:00Z,63.39,2180.2
2024-02-05T11:00:00Z,68.0,2321.25
2024-02-05T11:30:00Z,68.54,2208.15
2024-02-05T12:00:00Z,68.59,2172.05
2024-02-05T12:30:00Z,69.65,2108.35
2024-02-05T13:00:00Z,71.49,2027.8
2024-02-05T13:30:00Z,71.68,1948.05
2024-02-05T14:00:00Z,73.84,2089.75
2024-02-05T14:30:00Z,75.55,2456.85
2024-02-05T15:00:00Z,71.65,2180.2
2024-02-05T15:30:00Z,72.18,2591.7
2024-02-05T16:00:00Z,71.57,2479.7
2024-02-05T16:30:00Z,82.98,2541.1
2024-02-05T17:00:00Z,85.76,2333.85
2024-02-05T17:30:00Z,85.78,2352.5
2024-02-05T18:00:00Z,85.72,2343.1
2024-02-05T18:30:00Z,80.68,2718.65
2024-02-05T19:00:00Z,78.19,2265.05
2024-02-05T19:30:00Z,69.42,2257.7
2024-02-05T20:00:00Z,74.12,2598.55
2024-02-05T20:30:00Z,54.39,2473.85
2024-02-05T21:00:00Z,67.69,2294.15
2024-02-05T21:30:00Z,44.35,2142.55
2024-02-05T22:00:00Z,57.68999999999999,2332.95
2024-02-05T22:30:00Z,39.45,2269.35
2024-02-05T23:00:00Z,33.87,1454.75
2024-02-05T23:30:00Z,24.83,1362.35
2024-02-06T00:00:00Z,17.74,1501.45
2024-02-06T00:30:00Z,23.88,1556.85
2024-02-06T01:00:00Z,12.52,1513.4
2024-02-06T01:30:00Z,9.25,1209.2
2024-02-06T02:00:00Z,8.83,1254.05
2024-02-06T02:30:00Z,7.250000000000001,1182.4
2024-02-06T03:00:00Z,5.57,1096.4
2024-02-06T03:30:00Z,1.49,1438.05
2024-02-06T04:00:00Z,17.92,1297.55
2024-02-06T04:30:00Z,12.320000000000002,1420.8
2024-02-06T05:00:00Z,30.93,1660.85
2024-02-06T05:30:00Z,43.88,1756.0
2024-02-06T06:00:00Z,31.03,1712.55
2024-02-06T06:30:00Z,49.84,2208.55
2024-02-06T07:00:00Z,50.0,2179.1
2024-02-06T07:30:00Z,59.52000000000001,2460.15
2024-02-06T08:00:00Z,56.8,2321.1
2024-02-06T08:30:00Z,55.96,1981.75
2024-02-06T09:00:00Z,46.33,2423.4
2024-02-06T09:30:00Z,48.94,2591.65
2024-02-06T10:00:00Z,47.3,2205.25
2024-02-06T10:30:00Z,46.36,2463.55
2024-02-06T11:00:00Z,51.0,3163.95
2024-02-06T11:30:00Z,55.24,3163.05
2024-02-06T12:00:00Z,56.13,3096.45
2024-02-06T12:30:00Z,55.27,2904.0
2024-02-06T13:00:00Z,53.61,2963.1
2024-02-06T13:30:00Z,53.38,2578.85
2024-02-06T14:00:00Z,54.56,3134.05
2024-02-06T14:30:00Z,56.040000000000006,3427.2
2024-02-06T15:00:00Z,59.39,3482.95
2024-02-06T15:30:00Z,65.25,3172.1
2024-02-06T16:00:00Z,67.91,3518.6
2024-02-06T16:30:00Z,72.36,3163.45
2024-02-06T17:00:00Z,83.47,2320.15
2024-02-06T17:30:00Z,86.87,2275.15
2024-02-06T18:00:00Z,88.66,2420.35
2024-02-06T18:30:00Z,91.25,2399.85
2024-02-06T19:00:00Z,101.93,2483.7
2024-02-06T19:30:00Z,101.48,2178.7
2024-02-06T20:00:00Z,101.68,2491.55
2024-02-06T20:30:00Z,94.93,2391.2
2024-02-06T21:00:00Z,87.91,2269.0
2024-02-06T21:30:00Z,81.17,2167.6
2024-02-06T22:00:00Z,78.37,2297.75
2024-02-06T22:30:00Z,68.94,2263.55
2024-02-06T23:00:00Z,58.24,1213.55
2024-02-06T23:30:00Z,60.52,1213.65
2024-02-07T00:00:00Z,65.07,1371.85
2024-02-07T00:30:00Z,69.17,1615.65
2024-02-07T01:00:00Z,69.75,1263.2
2024-02-07T01:30:00Z,65.99,1075.2
2024-02-07T02:00:00Z,65.36,1189.35
2024-02-07T02:30:00Z,63.15,1044.3
2024-02-07T03:00:00Z,58.37,943.15
2024-02-07T03:30:00Z,62.17,1215.9
2024-02-07T04:00:00Z,56.39,1118.7
2024-02-07T04:30:00Z,55.52,1173.55
2024-02-07T05:00:00Z,55.21999999999999,1237.25
2024-02-07T05:30:00Z,56.53,1405.55
2024-02-07T06:00:00Z,77.03,1729.1
2024-02-07T06:30:00Z,67.9,2020.65
2024-02-07T07:00:00Z,69.07,2564.65
2024-02-07T07:30:00Z,76.26,2678.4
2024-02-07T08:00:00Z,76.78,1798.35
2024-02-07T08:30:00Z,80.45,1802.8
2024-02-07T09:00:00Z,85.36,1853.5
2024-02-07T09:30:00Z,78.72,1666.4
2024-02-07T10:00:00Z,77.36000000000001,1870.85
2024-02-07T10:30:00Z,76.56,1667.85
2024-02-07T11:00:00Z,75.67,1582.85
2024-02-07T11:30:00Z,72.89,1590.1
2024-02-07T12:00:00Z,73.52,1604.6
2024-02-07T12:30:00Z,69.82,1831.05
2024-02-07T13:00:00Z,71.02,1866.65
2024-02-07T13:30:00Z,69.75,2028.2
2024-02-07T14:00:00Z,74.98,1971.2
2024-02-07T14:30:00Z,77.71,2062.55
2024-02-07T15:00:00Z,84.53,2176.5
2024-02-07T15:30:00Z,82.87,2408.0
2024-02-07T16:00:00Z,103.0,2317.9
2024-02-07T16:30:00Z,104.35000000000001,2767.0
2024-02-07T17:00:00Z,101.74,2731.05
2024-02-07T17:30:00Z,105.18,2871.7
2024-02-07T18:00:00Z,99.12,2957.25
2024-02-07T18:30:00Z,103.45,2802.4
2024-02-07T19:00:00Z,91.3,2385.95
2024-02-07T19:30:00Z,85.54,2017.35
2024-02-07T20:00:00Z,80.53,1936.35
2024-02-07T20:30:00Z,71.33,1643.65
2024-02-07T21:00:00Z,76.64,1988.1
2024-02-07T21:30:00Z,77.84,2423.15
2024-02-07T22:00:00Z,69.93,2643.5
2024-02-07T22:30:00Z,65.58,2489.45
2024-02-07T23:00:00Z,65.87,989.2
2024-02-07T23:30:00Z,67.17,1061.8
2024-02-08T00:00:00Z,61.61,873.45
2024-02-08T00:30:00Z,64.15,881.3
2024-02-08T01:00:00Z,61.23,864.6
2024-02-08T01:30:00Z,55.97,1050.35
2024-02-08T02:00:00Z,56.13,1011.15
2024-02-08T02:30:00Z,55.58,1061.0
2024-02-08T03:00:00Z,62.10000000000001,1120.3
2024-02-08T03:30:00Z,54.62,1282.8
2024-02-08T04:00:00Z,52.08,964.65
2024-02-08T04:30:00Z,53.06,1206.65
2024-02-08T05:00:00Z,55.4,1367.9
2024-02-08T05:30:00Z,52.669999999999995,1387.75
2024-02-08T06:00:00Z,65.85,1527.35
2024-02-08T06:30:00Z,70.24,2091.7
2024-02-08T07:00:00Z,91.58,2622.7
2024-02-08T07:30:00Z,91.27,3493.85
2024-02-08T08:00:00Z,87.51,2571.65
2024-02-08T08:30:00Z,85.57,2764.8
2024-02-08T09:00:00Z,76.73,2746.15
2024-02-08T09:30:00Z,75.35,2968.5
2024-02-08T10:00:00Z,80.44,2667.45
2024-02-08T10:30:00Z,80.63,2733.65
2024-02-08T11:00:00Z,71.13,1768.8
2024-02-08T11:30:00Z,69.04,1647.75
2024-02-08T12:00:00Z,69.9,1888.75
2024-02-08T12:30:00Z,67.74,1960.95
2024-02-08T13:00:00Z,70.47,2170.85
2024-02-08T13:30:00Z,69.33,2077.6
2024-02-08T14:00:00Z,76.66,1972.05
2024-02-08T14:30:00Z,73.82,1987.2
2024-02-08T15:00:00Z,68.89,1757.7
2024-02-08T15:30:00Z,75.67,2086.95
2024-02-08T16:00:00Z,67.9,2104.9
2024-02-08T16:30:00Z,71.65,2551.7
2024-02-08T17:00:00Z,70.08,2542.6
2024-02-08T17:30:00Z,69.38,2599.8
2024-02-08T18:00:00Z,66.86,2549.2
2024-02-08T18:30:00Z,66.38,2481.25
2024-02-08T19:00:00Z,72.21,2427.55
2024-02-08T19:30:00Z,67.47,2466.8
2024-02-08T20:00:00Z,62.64,2355.95
2024-02-08T20:30:00Z,65.32,2057.65
2024-02-08T21:00:00Z,65.21,2293.25
2024-02-08T21:30:00Z,61.29,1904.6
2024-02-08T22:00:00Z,63.330000000000005,2347.75
2024-02-08T22:30:00Z,53.910000000000004,2746.8
2024-02-08T23:00:00Z,69.37,1870.1
2024-02-08T23:30:00Z,57.73,1728.6
2024-02-09T00:00:00Z,62.55,1677.4
2024-02-09T00:30:00Z,64.0,1822.3
2024-02-09T01:00:00Z,56.38,2150.4
2024-02-09T01:30:00Z,55.79,2070.4
2024-02-09T02:00:00Z,59.18,2183.15
2024-02-09T02:30:00Z,60.010000000000005,2385.0
2024-02-09T03:00:00Z,63.35,2057.65
2024-02-09T03:30:00Z,61.46000000000001,1977.5
2024-02-09T04:00:00Z,62.89,1988.65
2024-02-09T04:30:00Z,59.84,2188.85
2024-02-09T05:00:00Z,64.04,2194.35
2024-02-09T05:30:00Z,66.15,2264.9
2024-02-09T06:00:00Z,66.41,2138.95
2024-02-09T06:30:00Z,73.06,2355.9
2024-02-09T07:00:00Z,65.57,2352.35
2024-02-09T07:30:00Z,74.52,2322.4
2024-02-09T08:00:00Z,72.84,2239.3
2024-02-09T08:30:00Z,78.21,2583.55
2024-02-09T09:00:00Z,80.38,2635.5
2024-02-09T09:30:00Z,79.86,2763.95
2024-02-09T10:00:00Z,77.23,2652.9
2024-02-09T10:30:00Z,75.65,2354.7
2024-02-09T11:00:00Z,72.77,2179.6
2024-02-09T11:30:00Z,73.16,2065.55
2024-02-09T12:00:00Z,72.92,2158.35
2024-02-09T12:30:00Z,70.4,2060.75
2024-02-09T13:00:00Z,68.96,2127.05
2024-02-09T13:30:00Z,57.82999999999999,2457.05
2024-02-09T14:00:00Z,67.21,2820.55
2024-02-09T14:30:00Z,61.470000000000006,3311.8
2024-02-09T15:00:00Z,68.62,2543.65
2024-02-09T15:30:00Z,74.6,2677.55
2024-02-09T16:00:00Z,71.26,2648.5
2024-02-09T16:30:00Z,73.6,2525.15
2024-02-09T17:00:00Z,73.35,2288.4
2024-02-09T17:30:00Z,72.46,2613.75
2024-02-09T18:00:00Z,66.75,2141.9
2024-02-09T18:30:00Z,67.85,2676.1
2024-02-09T19:00:00Z,65.96,1943.1
2024-02-09T19:30:00Z,69.31,2284.45
2024-02-09T20:00:00Z,67.34,2048.2
2024-02-09T20:30:00Z,50.23,1837.65
2024-02-09T21:00:00Z,58.2,2318.5
2024-02-09T21:30:00Z,58.36,2442.0
2024-02-09T22:00:00Z,60.620000000000005,2478.45
2024-02-09T22:30:00Z,51.44,2733.65
2024-02-09T23:00:00Z,59.27,1940.55
2024-02-09T23:30:00Z,59.1,1483.25
2024-02-10T00:00:00Z,53.519999999999996,1720.55
2024-02-10T00:30:00Z,60.76,1480.3
2024-02-10T01:00:00Z,59.169999999999995,1574.85
2024-02-10T01:30:00Z,61.61999999999999,1485.3
2024-02-10T02:00:00Z,60.91,1622.7
2024-02-10T02:30:00Z,59.73,1455.35
2024-02-10T03:00:00Z,66.42,1062.65
2024-02-10T03:30:00Z,71.5,1142.7
2024-02-10T04:00:00Z,71.92,1153.75
2024-02-10T04:30:00Z,71.16,1241.4
2024-02-10T05:00:00Z,67.91,1162.35
2024-02-10T05:30:00Z,66.08,1290.45
2024-02-10T06:00:00Z,74.47,1257.8
2024-02-10T06:30:00Z,62.669999999999995,1510.9
2024-02-10T07:00:00Z,72.73,1511.3
2024-02-10T07:30:00Z,73.77,1494.65
2024-02-10T08:00:00Z,66.71,1540.6
2024-02-10T08:30:00Z,81.55,1572.65
2024-02-10T09:00:00Z,67.38,1791.45
2024-02-10T09:30:00Z,71.33,1892.35
2024-02-10T10:00:00Z,69.92,1503.6
2024-02-10T10:30:00Z,71.98,1489.6
2024-02-10T11:00:00Z,70.58,1727.9
2024-02-10T11:30:00Z,70.98,1886.85
2024-02-10T12:00:00Z,75.62,1931.6
2024-02-10T12:30:00Z,75.71,2134.0
2024-02-10T13:00:00Z,76.75,1903.05
2024-02-10T13:30:00Z,72.44,1684.0
2024-02-10T14:00:00Z,71.05,1714.6
2024-02-10T14:30:00Z,68.66,1968.1
2024-02-10T15:00:00Z,72.17,1422.3
2024-02-10T15:30:00Z,79.89,1985.9
2024-02-10T16:00:00Z,70.18,1715.3
2024-02-10T16:30:00Z,79.48,1841.65
2024-02-10T17:00:00Z,78.2,1555.35
2024-02-10T17:30:00Z,80.40000000000002,1667.55
2024-02-10T18:00:00Z,76.88,1915.95
2024-02-10T18:30:00Z,78.25,1790.25
2024-02-10T19:00:00Z,75.72,1573.1
2024-02-10T19:30:00Z,68.87,1666.0
2024-02-10T20:00:00Z,74.44,1721.3
2024-02-10T20:30:00Z,62.12,1686.25
2024-02-10T21:00:00Z,57.72999999999999,1604.9
2024-02-10T21:30:00Z,57.16,1605.5
2024-02-10T22:00:00Z,55.41,1780.65
2024-02-10T22:30:00Z,54.15,1929.5
2024-02-10T23:00:00Z,66.33,1472.3
2024-02-10T23:30:00Z,69.07,1541.65
2024-02-11T00:00:00Z,69.05,1318.35
2024-02-11T00:30:00Z,69.44,1408.5
2024-02-11T01:00:00Z,71.07,1222.2
2024-02-11T01:30:00Z,69.12,1321.15
2024-02-11T02:00:00Z,66.78,1410.65
2024-02-11T02:30:00Z,62.11999999999999,1358.25
2024-02-11T03:00:00Z,59.589999999999996,1322.9
2024-02-11T03:30:00Z,59.16,1167.15
2024-02-11T04:00:00Z,60.26,1156.15
2024-02-11T04:30:00Z,61.39,1358.65
2024-02-11T05:00:00Z,61.27,1098.75
2024-02-11T05:30:00Z,60.2,1002.9
2024-02-11T06:00:00Z,57.56,1190.95
2024-02-11T06:30:00Z,59.14,1032.1
2024-02-11T07:00:00Z,63.21,1384.3
2024-02-11T07:30:00Z,64.8,1529.05
2024-02-11T08:00:00Z,61.67,1386.55
2024-02-11T08:30:00Z,61.35,1158.85
2024-02-11T09:00:00Z,62.77,1109.7
2024-02-11T09:30:00Z,62.879999999999995,1366.15
2024-02-11T10:00:00Z,61.75,1421.25
2024-02-11T10:30:00Z,60.68,1474.5
2024-02-11T11:00:00Z,55.33,1399.25
2024-02-11T11:30:00Z,53.87,1370.35
2024-02-11T12:00:00Z,59.27,1713.7
2024-02-11T12:30:00Z,59.65,1615.05
2024-02-11T13:00:00Z,58.47,1921.25
2024-02-11T13:30:00Z,56.92,1930.05
2024-02-11T14:00:00Z,57.42,1685.2
2024-02-11T14:30:00Z,57.45,2266.4
2024-02-11T15:00:00Z,71.2,2179.6
2024-02-11T15:30:00Z,68.05,1762.7
2024-02-11T16:00:00Z,65.09,1536.85
2024-02-11T16:30:00Z,74.91,1722.8
2024-02-11T17:00:00Z,79.77,1938.75
2024-02-11T17:30:00Z,84.09,1830.45
2024-02-11T18:00:00Z,81.3,1873.8
2024-02-11T18:30:00Z,81.55,1677.05
2024-02-11T19:00:00Z,79.22,2396.15
2024-02-11T19:30:00Z,73.88,2210.75
2024-02-11T20:00:00Z,74.06,2240.6
2024-02-11T20:30:00Z,65.68,2334.1
2024-02-11T21:00:00Z,65.69,1960.75
2024-02-11T21:30:00Z,63.08,1948.7
2024-02-11T22:00:00Z,68.84,1818.1
2024-02-11T22:30:00Z,66.03,2006.25
2024-02-11T23:00:00Z,74.66,1197.15
2024-02-11T23:30:00Z,66.34,1067.25
2024-02-12T00:00:00Z,60.589999999999996,1131.65
2024-02-12T00:30:00Z,65.07,1075.15
2024-02-12T01:00:00Z,60.21,1389.75
2024-02-12T01:30:00Z,55.76,1021.8
2024-02-12T02:00:00Z,60.78,1132.15
2024-02-12T02:30:00Z,60.98,1033.85
2024-02-12T03:00:00Z,65.91,882.75
2024-02-12T03:30:00Z,58.5,1013.35
2024-02-12T04:00:00Z,64.46,1379.5
2024-02-12T04:30:00Z,55.82,1015.55
2024-02-12T05:00:00Z,74.56,1210.2
2024-02-12T05:30:00Z,70.67,1432.95
2024-02-12T06:00:00Z,82.41,1557.35
2024-02-12T06:30:00Z,74.2,1910.45
2024-02-12T07:00:00Z,81.8,2822.3
2024-02-12T07:30:00Z,88.63999999999999,3063.7
2024-02-12T08:00:00Z,83.32,3258.0
2024-02-12T08:30:00Z,83.29,3389.55
2024-02-12T09:00:00Z,74.93,2790.8
2024-02-12T09:30:00Z,67.42,2889.25
2024-02-12T10:00:00Z,68.35,3041.9
2024-02-12T10:30:00Z,64.04,3067.35
2024-02-12T11:00:00Z,60.18,2786.5
2024-02-12T11:30:00Z,58.53,2603.65
2024-02-12T12:00:00Z,58.769999999999996,2558.15
2024-02-12T12:30:00Z,57.33,2588.3
2024-02-12T13:00:00Z,57.01,2091.2
2024-02-12T13:30:00Z,56.61,2096.85
2024-02-12T14:00:00Z,57.97,1883.45
2024-02-12T14:30:00Z,58.38,1953.95
2024-02-12T15:00:00Z,61.44,1938.15
2024-02-12T15:30:00Z,67.76,2106.15
2024-02-12T16:00:00Z,69.53,2134.8
2024-02-12T16:30:00Z,77.47,2261.1
2024-02-12T17:00:00Z,86.31,2331.25
2024-02-12T17:30:00Z,88.28,2483.5
2024-02-12T18:00:00Z,81.46,2559.65
2024-02-12T18:30:00Z,81.84,2852.9
2024-02-12T19:00:00Z,72.82,2525.8
2024-02-12T19:30:00Z,71.16,2288.15
2024-02-12T20:00:00Z,72.59,2328.85
2024-02-12T20:30:00Z,64.62,2102.4
2024-02-12T21:00:00Z,66.62,1647.25
2024-02-12T21:30:00Z,59.66,1784.25
2024-02-12T22:00:00Z,63.42,1436.75
2024-02-12T22:30:00Z,64.65,2414.05
2024-02-12T23:00:00Z,51.73,1389.5
2024-02-12T23:30:00Z,56.6,1145.85
2024-02-13T00:00:00Z,60.85999999999999,1649.05
2024-02-13T00:30:00Z,61.31999999999999,1425.05
2024-02-13T01:00:00Z,50.43,1242.95
2024-02-13T01:30:00Z,59.940000000000005,1707.5
2024-02-13T02:00:00Z,55.15,1420.5
2024-02-13T02:30:00Z,55.62,1435.8
2024-02-13T03:00:00Z,59.85,1457.6
2024-02-13T03:30:00Z,58.54,1388.95
2024-02-13T04:00:00Z,60.39999999999999,1347.35
2024-02-13T04:30:00Z,58.19,1294.0
2024-02-13T05:00:00Z,71.86,1082.25
2024-02-13T05:30:00Z,57.53000000000001,1645.1
2024-02-13T06:00:00Z,65.41,2052.95
2024-02-13T06:30:00Z,66.58,2121.85
2024-02-13T07:00:00Z,67.01,1960.55
2024-02-13T07:30:00Z,79.9,2399.3
2024-02-13T08:00:00Z,61.95,2179.6
2024-02-13T08:30:00Z,71.68,2195.5
2024-02-13T09:00:00Z,60.83,2043.4
2024-02-13T09:30:00Z,63.18000000000001,2218.35
2024-02-13T10:00:00Z,61.11,2017.45
2024-02-13T10:30:00Z,59.56,2134.8
2024-02-13T11:00:00Z,61.21,1830.15
2024-02-13T11:30:00Z,60.69,2044.1
2024-02-13T12:00:00Z,60.58,2129.05
2024-02-13T12:30:00Z,59.32,1851.75
2024-02-13T13:00:00Z,54.82,2024.05
2024-02-13T13:30:00Z,56.54,2057.05
2024-02-13T14:00:00Z,58.27,2146.0
2024-02-13T14:30:00Z,57.86,2151.65
2024-02-13T15:00:00Z,65.34,2816.7
2024-02-13T15:30:00Z,64.11,2672.25
2024-02-13T16:00:00Z,65.7,2675.05
2024-02-13T16:30:00Z,68.12,3013.35
2024-02-13T17:00:00Z,69.78,3195.45
2024-02-13T17:30:00Z,73.98,3250.95
2024-02-13T18:00:00Z,72.15,3424.3
2024-02-13T18:30:00Z,71.61,3239.9
2024-02-13T19:00:00Z,68.74,3153.45
2024-02-13T19:30:00Z,63.13,2856.0
2024-02-13T20:00:00Z,66.8,2760.8
2024-02-13T20:30:00Z,67.2,2899.75
2024-02-13T21:00:00Z,66.38,3067.6
2024-02-13T21:30:00Z,67.71,2625.15
2024-02-13T22:00:00Z,69.68,2933.5
2024-02-13T22:30:00Z,68.22,3215.65
2024-02-13T23:00:00Z,67.72,1718.5
2024-02-13T23:30:00Z,67.77,1712.3
2024-02-14T00:00:00Z,66.22,1943.0
2024-02-14T00:30:00Z,67.13,2015.35
2024-02-14T01:00:00Z,63.68000000000001,2105.6
2024-02-14T01:30:00Z,61.75,1869.85
2024-02-14T02:00:00Z,62.39,1930.5
2024-02-14T02:30:00Z,62.41,2105.2
2024-02-14T03:00:00Z,61.09000000000001,1890.3
2024-02-14T03:30:00Z,56.59,1818.95
2024-02-14T04:00:00Z,57.79,1630.7
2024-02-14T04:30:00Z,59.21,1663.8
2024-02-14T05:00:00Z,59.589999999999996,1911.45
2024-02-14T05:30:00Z,57.66,1932.9
2024-02-14T06:00:00Z,66.56,2757.6
2024-02-14T06:30:00Z,62.830000000000005,2641.5
2024-02-14T07:00:00Z,66.41,2741.15
2024-02-14T07:30:00Z,70.97,2899.1
2024-02-14T08:00:00Z,68.52,2276.3
2024-02-14T08:30:00Z,71.65,2272.05
2024-02-14T09:00:00Z,76.13,2078.9
2024-02-14T09:30:00Z,71.55,2117.6
2024-02-14T10:00:00Z,67.74,2394.95
2024-02-14T10:30:00Z,63.84000000000001,2277.15
2024-02-14T11:00:00Z,60.47,2011.2
2024-02-14T11:30:00Z,58.52,2065.0
2024-02-14T12:00:00Z,56.36,2278.15
2024-02-14T12:30:00Z,57.12,2697.3
2024-02-14T13:00:00Z,59.68,2173.6
2024-02-14T13:30:00Z,56.91,2162.75
2024-02-14T14:00:00Z,61.019999999999996,2331.0
2024-02-14T14:30:00Z,59.86,2315.6
2024-02-14T15:00:00Z,61.72999999999999,1722.4
2024-02-14T15:30:00Z,62.97999999999999,1593.3
2024-02-14T16:00:00Z,62.46,1556.4
2024-02-14T16:30:00Z,69.95,1947.65
2024-02-14T17:00:00Z,69.3,2035.9
2024-02-14T17:30:00Z,75.21,2582.5
2024-02-14T18:00:00Z,74.32,2029.9
2024-02-14T18:30:00Z,71.55,2195.5
2024-02-14T19:00:00Z,66.71,1662.6
2024-02-14T19:30:00Z,56.91,1300.25
2024-02-14T20:00:00Z,54.91,1277.8
2024-02-14T20:30:00Z,53.06999999999999,1431.15
2024-02-14T21:00:00Z,50.79,1510.5
2024-02-14T21:30:00Z,55.29,1790.2
2024-02-14T22:00:00Z,53.75,2005.1
2024-02-14T22:30:00Z,51.34,2247.8
2024-02-14T23:00:00Z,48.00999999999999,1442.75
2024-02-14T23:30:00Z,45.27,1353.7
2024-02-15T00:00:00Z,39.96,1581.3
2024-02-15T00:30:00Z,48.07,1696.05
2024-02-15T01:00:00Z,47.35,1299.2
2024-02-15T01:30:00Z,48.53,1433.5
2024-02-15T02:00:00Z,45.4,1085.05
2024-02-15T02:30:00Z,42.71,1160.1
2024-02-15T03:00:00Z,44.32,1067.4
2024-02-15T03:30:00Z,41.72,957.1
2024-02-15T04:00:00Z,48.33,1263.95
2024-02-15T04:30:00Z,47.74,1173.5
2024-02-15T05:00:00Z,60.14,1265.95
2024-02-15T05:30:00Z,61.53,1542.65
2024-02-15T06:00:00Z,68.0,1457.85
2024-02-15T06:30:00Z,64.54,1922.3
2024-02-15T07:00:00Z,61.39,1860.3
2024-02-15T07:30:00Z,67.61,1862.4
2024-02-15T08:00:00Z,57.2,1454.05
2024-02-15T08:30:00Z,63.18,2065.1
2024-02-15T09:00:00Z,59.3,1842.8
2024-02-15T09:30:00Z,57.07,2122.65
2024-02-15T10:00:00Z,54.57,1759.3
2024-02-15T10:30:00Z,55.77,2274.6
2024-02-15T11:00:00Z,52.19,1727.05
2024-02-15T11:30:00Z,52.52,1610.35
2024-02-15T12:00:00Z,51.8,1549.4
2024-02-15T12:30:00Z,52.95,1714.15
2024-02-15T13:00:00Z,54.41,1837.55
2024-02-15T13:30:00Z,54.25,1925.25
2024-02-15T14:00:00Z,58.25999999999999,2292.25
2024-02-15T14:30:00Z,54.52,2177.45
2024-02-15T15:00:00Z,64.37,2488.15
2024-02-15T15:30:00Z,68.75,2442.4
2024-02-15T16:00:00Z,65.86,2263.0
2024-02-15T16:30:00Z,67.98,2441.3
2024-02-15T17:00:00Z,65.6,2492.15
2024-02-15T17:30:00Z,72.04,2559.2
2024-02-15T18:00:00Z,65.13,2357.9
2024-02-15T18:30:00Z,63.81,2549.3
2024-02-15T19:00:00Z,64.06,2097.4
2024-02-15T19:30:00Z,61.07,2055.3
2024-02-15T20:00:00Z,57.53,1645.85
2024-02-15T20:30:00Z,55.86,1959.5
2024-02-15T21:00:00Z,57.519999999999996,2424.1
2024-02-15T21:30:00Z,58.75000000000001,2335.95
2024-02-15T22:00:00Z,58.71,2352.25
2024-02-15T22:30:00Z,56.60000000000001,2498.9
2024-02-15T23:00:00Z,52.69,1095.0
2024-02-15T23:30:00Z,54.08,1168.0
2024-02-16T00:00:00Z,56.53,1002.65
2024-02-16T00:30:00Z,63.96000000000001,1160.65
2024-02-16T01:00:00Z,66.82,1601.2
2024-02-16T01:30:00Z,63.06,1421.15
2024-02-16T02:00:00Z,63.29,1377.75
2024-02-16T02:30:00Z,62.949999999999996,1414.05
2024-02-16T03:00:00Z,58.68,1392.65
2024-02-16T03:30:00Z,55.400000000000006,1362.0
2024-02-16T04:00:00Z,54.72,1458.25
2024-02-16T04:30:00Z,53.790000000000006,1379.9
2024-02-16T05:00:00Z,56.73,1552.2
2024-02-16T05:30:00Z,55.260000000000005,1408.8
2024-02-16T06:00:00Z,57.6,1725.6
2024-02-16T06:30:00Z,56.16,1953.7
2024-02-16T07:00:00Z,51.51,2264.4
2024-02-16T07:30:00Z,59.99000000000001,2350.35
2024-02-16T08:00:00Z,64.67,2475.5
2024-02-16T08:30:00Z,66.95,2523.95
2024-02-16T09:00:00Z,71.0,2872.6
2024-02-16T09:30:00Z,65.98,2534.55
2024-02-16T10:00:00Z,70.23,2786.3
2024-02-16T10:30:00Z,63.17,2518.05
2024-02-16T11:00:00Z,59.0,2121.75
2024-02-16T11:30:00Z,61.02000000000001,2158.45
2024-02-16T12:00:00Z,63.16,2048.3
2024-02-16T12:30:00Z,61.64999999999999,2292.4
2024-02-16T13:00:00Z,61.25,2582.85
2024-02-16T13:30:00Z,62.15,2403.25
2024-02-16T14:00:00Z,64.5,2216.25
2024-02-16T14:30:00Z,69.94,2665.25
2024-02-16T15:00:00Z,73.7,2343.85
2024-02-16T15:30:00Z,76.52,2490.6
2024-02-16T16:00:00Z,76.54,2793.8
2024-02-16T16:30:00Z,74.18,2769.85
2024-02-16T17:00:00Z,76.24,2282.4
2024-02-16T17:30:00Z,84.18,2433.7
2024-02-16T18:00:00Z,83.01,2413.45
2024-02-16T18:30:00Z,82.05,2048.35
2024-02-16T19:00:00Z,83.04,2184.65
2024-02-16T19:30:00Z,79.96,2027.3
2024-02-16T20:00:00Z,77.0,2254.65
2024-02-16T20:30:00Z,73.9,2221.3
2024-02-16T21:00:00Z,74.56,1999.5
2024-02-16T21:30:00Z,66.16,2120.3
2024-02-16T22:00:00Z,64.44,2044.15
2024-02-16T22:30:00Z,59.91,1954.15
2024-02-16T23:00:00Z,55.29,1168.45
2024-02-16T23:30:00Z,56.53,1236.5
2024-02-17T00:00:00Z,54.11999999999999,1217.15
2024-02-17T00:30:00Z,57.290000000000006,1375.45
2024-02-17T01:00:00Z,53.28,1198.35
2024-02-17T01:30:00Z,51.99,1219.35
2024-02-17T02:00:00Z,51.01,889.4
2024-02-17T02:30:00Z,50.07,906.7
2024-02-17T03:00:00Z,48.88,1002.95
2024-02-17T03:30:00Z,47.71,901.55
2024-02-17T04:00:00Z,47.19,874.4
2024-02-17T04:30:00Z,46.65,886.35
2024-02-17T05:00:00Z,47.01,864.95
2024-02-17T05:30:00Z,47.38,822.45
2024-02-17T06:00:00Z,47.01,955.6
2024-02-17T06:30:00Z,47.81,964.1
2024-02-17T07:00:00Z,51.33,1326.75
2024-02-17T07:30:00Z,53.2,1167.1
2024-02-17T08:00:00Z,54.239999999999995,1239.55
2024-02-17T08:30:00Z,58.169999999999995,1536.1
2024-02-17T09:00:00Z,63.13,1610.85
2024-02-17T09:30:00Z,59.97,1533.2
2024-02-17T10:00:00Z,53.190000000000005,1635.6
2024-02-17T10:30:00Z,49.77,1689.4
2024-02-17T11:00:00Z,46.08,1656.0
2024-02-17T11:30:00Z,47.0,1864.0
2024-02-17T12:00:00Z,56.31,2102.05
2024-02-17T12:30:00Z,51.54,2025.25
2024-02-17T13:00:00Z,49.23,1969.0
2024-02-17T13:30:00Z,47.65,2121.35
2024-02-17T14:00:00Z,49.2,1949.55
2024-02-17T14:30:00Z,49.0,1917.25
2024-02-17T15:00:00Z,60.63,1695.65
2024-02-17T15:30:00Z,54.28,2088.5
2024-02-17T16:00:00Z,63.400000000000006,2187.85
2024-02-17T16:30:00Z,64.17,2432.9
2024-02-17T17:00:00Z,65.23,2484.3
2024-02-17T17:30:00Z,67.83,2738.75
2024-02-17T18:00:00Z,64.22,3438.4
2024-02-17T18:30:00Z,62.85,3346.05
2024-02-17T19:00:00Z,61.86,3035.8
2024-02-17T19:30:00Z,57.440000000000005,3210.6
2024-02-17T20:00:00Z,56.39000000000001,3021.8
2024-02-17T20:30:00Z,54.72,2171.45
2024-02-17T21:00:00Z,50.9,1774.25
2024-02-17T21:30:00Z,52.48,1897.6
2024-02-17T22:00:00Z,54.54,1917.25
2024-02-17T22:30:00Z,57.03,2092.3
2024-02-17T23:00:00Z,59.18,1079.65
2024-02-17T23:30:00Z,56.37,1136.15
2024-02-18T00:00:00Z,53.4,1057.45
2024-02-18T00:30:00Z,59.260000000000005,1113.1
2024-02-18T01:00:00Z,48.55,1330.5
2024-02-18T01:30:00Z,45.82,1618.55
2024-02-18T02:00:00Z,46.04,1627.15
2024-02-18T02:30:00Z,43.06,1676.7
2024-02-18T03:00:00Z,47.22,1745.2
2024-02-18T03:30:00Z,50.33,1802.3
2024-02-18T04:00:00Z,45.75999999999999,1436.7
2024-02-18T04:30:00Z,54.69,1689.55
2024-02-18T05:00:00Z,56.24999999999999,1396.65
2024-02-18T05:30:00Z,55.85,1560.75
2024-02-18T06:00:00Z,51.38,1644.35
2024-02-18T06:30:00Z,52.29,1773.25
2024-02-18T07:00:00Z,55.93,2215.45
2024-02-18T07:30:00Z,63.15,2071.0
2024-02-18T08:00:00Z,60.25,1900.45
2024-02-18T08:30:00Z,66.15,1980.75
2024-02-18T09:00:00Z,68.73,1630.2
2024-02-18T09:30:00Z,64.41,1991.95
2024-02-18T10:00:00Z,61.03,1854.15
2024-02-18T10:30:00Z,55.33,2380.5
2024-02-18T11:00:00Z,55.93,2331.9
2024-02-18T11:30:00Z,53.62,2571.1
2024-02-18T12:00:00Z,54.27,2448.85
2024-02-18T12:30:00Z,50.28,2279.0
2024-02-18T13:00:00Z,46.49,2452.75
2024-02-18T13:30:00Z,46.87,2210.1
2024-02-18T14:00:00Z,45.59,2663.65
2024-02-18T14:30:00Z,36.26,2849.75
2024-02-18T15:00:00Z,37.99,3680.8
2024-02-18T15:30:00Z,43.78,3852.15
2024-02-18T16:00:00Z,48.79,3221.15
2024-02-18T16:30:00Z,50.36000000000001,2982.6
2024-02-18T17:00:00Z,54.480000000000004,2762.25
2024-02-18T17:30:00Z,59.78,2809.45
2024-02-18T18:00:00Z,62.6,2433.05
2024-02-18T18:30:00Z,62.04,2128.2
2024-02-18T19:00:00Z,62.57999999999999,1764.9
2024-02-18T19:30:00Z,64.22,1912.7
2024-02-18T20:00:00Z,58.35999999999999,2278.9
2024-02-18T20:30:00Z,53.37,2490.85
2024-02-18T21:00:00Z,56.97999999999999,1896.6
2024-02-18T21:30:00Z,54.43,1744.1
2024-02-18T22:00:00Z,50.48,1893.45
2024-02-18T22:30:00Z,46.51,2047.4
2024-02-18T23:00:00Z,32.54,1803.4
2024-02-18T23:30:00Z,31.17,1465.5
2024-02-19T00:00:00Z,22.39,1628.0
2024-02-19T00:30:00Z,20.51,1654.25
2024-02-19T01:00:00Z,17.22,1661.85
2024-02-19T01:30:00Z,12.36,1791.7
2024-02-19T02:00:00Z,16.91,1878.0
2024-02-19T02:30:00Z,14.56,1784.6
2024-02-19T03:00:00Z,16.96,1981.95
2024-02-19T03:30:00Z,12.830000000000002,1837.7
2024-02-19T04:00:00Z,19.41,1740.4
2024-02-19T04:30:00Z,19.92,1786.9
2024-02-19T05:00:00Z,33.47,1820.45
2024-02-19T05:30:00Z,41.15,1885.35
2024-02-19T06:00:00Z,48.87,1712.95
2024-02-19T06:30:00Z,52.51,1788.25
2024-02-19T07:00:00Z,53.84,1659.95
2024-02-19T07:30:00Z,62.78,2027.75
2024-02-19T08:00:00Z,53.74,1808.6
2024-02-19T08:30:00Z,59.81,2102.65
2024-02-19T09:00:00Z,60.37,1926.8
2024-02-19T09:30:00Z,59.24,2141.7
2024-02-19T10:00:00Z,56.98,1842.95
2024-02-19T10:30:00Z,52.13,1881.75
2024-02-19T11:00:00Z,57.71,1874.25
2024-02-19T11:30:00Z,52.51,2009.65
2024-02-19T12:00:00Z,51.62,1744.55
2024-02-19T12:30:00Z,52.26,1691.95
2024-02-19T13:00:00Z,57.1,1830.1
2024-02-19T13:30:00Z,57.660000000000004,1842.95
2024-02-19T14:00:00Z,57.849999999999994,2274.9
2024-02-19T14:30:00Z,58.04999999999999,2489.2
2024-02-19T15:00:00Z,61.37,2065.65
2024-02-19T15:30:00Z,60.43,1988.7
2024-02-19T16:00:00Z,59.02,2202.55
2024-02-19T16:30:00Z,69.37,2553.15
2024-02-19T17:00:00Z,78.25,3029.7
2024-02-19T17:30:00Z,84.41,3142.55
2024-02-19T18:00:00Z,73.08,2829.5
2024-02-19T18:30:00Z,70.27,2982.7
2024-02-19T19:00:00Z,66.24,2525.25
2024-02-19T19:30:00Z,59.3,1798.7
2024-02-19T20:00:00Z,63.55,2245.3
2024-02-19T20:30:00Z,57.22,2091.5
2024-02-19T21:00:00Z,55.34,1796.4
2024-02-19T21:30:00Z,54.44,1785.0
2024-02-19T22:00:00Z,55.16,1891.35
2024-02-19T22:30:00Z,52.26,2215.55
2024-02-19T23:00:00Z,41.04,2101.75
2024-02-19T23:30:00Z,46.5,2196.9
2024-02-20T00:00:00Z,54.82,1855.2
2024-02-20T00:30:00Z,59.41,1712.85
2024-02-20T01:00:00Z,60.31,1489.8
2024-02-20T01:30:00Z,58.79999999999999,1882.8
2024-02-20T02:00:00Z,51.97,2332.9
2024-02-20T02:30:00Z,46.68,2261.85
2024-02-20T03:00:00Z,50.19,1578.75
2024-02-20T03:30:00Z,39.66,1602.7
2024-02-20T04:00:00Z,56.93,2126.65
2024-02-20T04:30:00Z,55.74,2023.3
2024-02-20T05:00:00Z,71.72,2095.45
2024-02-20T05:30:00Z,61.57000000000001,2209.15
2024-02-20T06:00:00Z,72.49,2024.5
2024-02-20T06:30:00Z,75.86,2209.25
2024-02-20T07:00:00Z,72.54,2716.7
2024-02-20T07:30:00Z,75.91,2407.05
2024-02-20T08:00:00Z,67.15,2267.35
2024-02-20T08:30:00Z,72.1,2446.25
2024-02-20T09:00:00Z,64.06,2149.0
2024-02-20T09:30:00Z,62.99,1953.95
2024-02-20T10:00:00Z,58.790000000000006,2374.85
2024-02-20T10:30:00Z,59.45,2809.05
2024-02-20T11:00:00Z,52.03,2565.1
2024-02-20T11:30:00Z,53.53,2332.65
2024-02-20T12:00:00Z,47.57,2230.45
2024-02-20T12:30:00Z,44.47,2219.8
2024-02-20T13:00:00Z,50.02,2563.55
2024-02-20T13:30:00Z,46.26,2273.15
2024-02-20T14:00:00Z,46.07,2108.65
2024-02-20T14:30:00Z,34.86,2654.0
2024-02-20T15:00:00Z,44.44,2822.25
2024-02-20T15:30:00Z,55.16,2536.4
2024-02-20T16:00:00Z,48.02,2728.95
2024-02-20T16:30:00Z,57.7,3171.6
2024-02-20T17:00:00Z,56.44,3434.65
2024-02-20T17:30:00Z,60.260000000000005,3469.5
2024-02-20T18:00:00Z,57.74,3333.15
2024-02-20T18:30:00Z,60.17,3596.4
2024-02-20T19:00:00Z,56.74,3123.5
2024-02-20T19:30:00Z,55.199999999999996,2958.85
2024-02-20T20:00:00Z,54.71,2857.8
2024-02-20T20:30:00Z,56.96,2729.3
2024-02-20T21:00:00Z,57.1,2377.5
2024-02-20T21:30:00Z,52.84,2317.1
2024-02-20T22:00:00Z,51.98,2445.55
2024-02-20T22:30:00Z,51.92999999999999,2742.45
2024-02-20T23:00:00Z,49.27,1484.05
2024-02-20T23:30:00Z,42.55,1440.2
2024-02-21T00:00:00Z,49.38,1456.4
2024-02-21T00:30:00Z,55.28,1810.2
2024-02-21T01:00:00Z,51.69,1661.6
2024-02-21T01:30:00Z,48.29,1830.8
2024-02-21T02:00:00Z,47.16,1891.4
2024-02-21T02:30:00Z,38.25,2140.75
2024-02-21T03:00:00Z,38.01,2657.45
2024-02-21T03:30:00Z,32.47,2208.3
2024-02-21T04:00:00Z,40.08,2710.9
2024-02-21T04:30:00Z,35.04,2385.9
2024-02-21T05:00:00Z,44.73,2415.75
2024-02-21T05:30:00Z,41.9,2228.05
2024-02-21T06:00:00Z,44.33,2443.55
2024-02-21T06:30:00Z,51.02,2528.15
2024-02-21T07:00:00Z,50.02,2209.3
2024-02-21T07:30:00Z,57.7,2138.25
2024-02-21T08:00:00Z,54.94,2004.7
2024-02-21T08:30:00Z,61.76,1896.0
2024-02-21T09:00:00Z,54.7,1804.65
2024-02-21T09:30:00Z,55.65,2088.95
2024-02-21T10:00:00Z,49.39,1784.25
2024-02-21T10:30:00Z,48.86,1788.9
2024-02-21T11:00:00Z,47.51,1741.15
2024-02-21T11:30:00Z,48.36,1410.4
2024-02-21T12:00:00Z,50.65,2028.85
2024-02-21T12:30:00Z,47.97,1849.05
2024-02-21T13:00:00Z,50.46,1846.7
2024-02-21T13:30:00Z,51.11,2110.4
2024-02-21T14:00:00Z,52.11,2297.35
2024-02-21T14:30:00Z,47.25,2531.2
2024-02-21T15:00:00Z,45.77,2195.2
2024-02-21T15:30:00Z,54.42,2292.4
2024-02-21T16:00:00Z,55.410000000000004,2384.0
2024-02-21T16:30:00Z,62.970000000000006,2298.7
2024-02-21T17:00:00Z,64.03,2179.9
2024-02-21T17:30:00Z,69.58,1911.55
2024-02-21T18:00:00Z,71.86,2001.15
2024-02-21T18:30:00Z,72.98,1850.6
2024-02-21T19:00:00Z,70.67,2196.35
2024-02-21T19:30:00Z,66.36,2106.5
2024-02-21T20:00:00Z,58.67,1846.0
2024-02-21T20:30:00Z,58.24,2143.65
2024-02-21T21:00:00Z,51.98,2369.05
2024-02-21T21:30:00Z,43.67,2167.9
2024-02-21T22:00:00Z,40.8,2075.75
2024-02-21T22:30:00Z,21.61,2463.3
2024-02-21T23:00:00Z,19.33,1700.65
2024-02-21T23:30:00Z,16.24,1857.9
2024-02-22T00:00:00Z,22.61,2228.35
2024-02-22T00:30:00Z,27.83,2326.2
2024-02-22T01:00:00Z,30.88,2365.7
2024-02-22T01:30:00Z,28.2,2227.1
2024-02-22T02:00:00Z,32.02,2361.65
2024-02-22T02:30:00Z,25.48,2218.65
2024-02-22T03:00:00Z,40.88,1486.65
2024-02-22T03:30:00Z,38.16,1678.7
2024-02-22T04:00:00Z,43.82,1929.25
2024-02-22T04:30:00Z,53.43,2056.5
2024-02-22T05:00:00Z,65.24,2500.95
2024-02-22T05:30:00Z,61.27,3757.5
2024-02-22T06:00:00Z,60.24,3678.8
2024-02-22T06:30:00Z,65.73,3725.3
2024-02-22T07:00:00Z,80.47,3049.9
2024-02-22T07:30:00Z,87.94,3333.6
2024-02-22T08:00:00Z,77.61,3015.75
2024-02-22T08:30:00Z,81.97,3087.3
2024-02-22T09:00:00Z,79.95,2765.4
2024-02-22T09:30:00Z,76.58,2911.8
2024-02-22T10:00:00Z,70.58,2651.15
2024-02-22T10:30:00Z,70.84,2757.55
2024-02-22T11:00:00Z,75.09,2193.8
2024-02-22T11:30:00Z,77.2,2635.55
2024-02-22T12:00:00Z,79.86,2832.9
2024-02-22T12:30:00Z,80.28,3049.9
2024-02-22T13:00:00Z,81.13,3016.9
2024-02-22T13:30:00Z,82.19,3038.25
2024-02-22T14:00:00Z,82.51999999999998,3974.05
2024-02-22T14:30:00Z,79.54,4011.6
2024-02-22T15:00:00Z,76.9,4293.95
2024-02-22T15:30:00Z,72.81,3950.65
2024-02-22T16:00:00Z,73.77,4024.1
2024-02-22T16:30:00Z,69.57,4279.65
2024-02-22T17:00:00Z,67.66,4385.25
2024-02-22T17:30:00Z,66.81,4597.1
2024-02-22T18:00:00Z,67.61,4991.0
2024-02-22T18:30:00Z,67.26,4477.15
2024-02-22T19:00:00Z,64.76,3726.6
2024-02-22T19:30:00Z,61.0,3587.9
2024-02-22T20:00:00Z,59.8,3383.85
2024-02-22T20:30:00Z,59.63,3230.7
2024-02-22T21:00:00Z,62.15999999999999,2567.95
2024-02-22T21:30:00Z,60.67,2442.1
2024-02-22T22:00:00Z,55.18,2291.4
2024-02-22T22:30:00Z,48.0,2517.85
2024-02-22T23:00:00Z,45.28,1641.8
2024-02-22T23:30:00Z,46.83,1896.85
2024-02-23T00:00:00Z,51.209999999999994,1560.1
2024-02-23T00:30:00Z,52.56000000000001,1464.9
2024-02-23T01:00:00Z,57.61,1658.4
2024-02-23T01:30:00Z,59.44,1219.8
2024-02-23T02:00:00Z,63.309999999999995,1259.15
2024-02-23T02:30:00Z,59.92,1395.65
2024-02-23T03:00:00Z,57.25,1056.5
2024-02-23T03:30:00Z,46.1,1136.05
2024-02-23T04:00:00Z,49.66,1114.0
2024-02-23T04:30:00Z,43.0,1081.65
2024-02-23T05:00:00Z,48.44,1305.15
2024-02-23T05:30:00Z,58.75000000000001,1225.1
2024-02-23T06:00:00Z,61.05,1495.25
2024-02-23T06:30:00Z,58.89,1812.35
2024-02-23T07:00:00Z,50.8,2143.15
2024-02-23T07:30:00Z,61.27000000000001,2552.95
2024-02-23T08:00:00Z,63.43,1887.1
2024-02-23T08:30:00Z,66.71,2016.05
2024-02-23T09:00:00Z,68.82,2177.05
2024-02-23T09:30:00Z,61.55,1761.95
2024-02-23T10:00:00Z,56.97,1712.4
2024-02-23T10:30:00Z,57.7,1908.3
2024-02-23T11:00:00Z,57.34,2107.7
2024-02-23T11:30:00Z,60.9,2180.1
2024-02-23T12:00:00Z,62.00999999999999,2150.45
2024-02-23T12:30:00Z,62.02000000000001,2251.35
2024-02-23T13:00:00Z,64.8,2565.8
2024-02-23T13:30:00Z,67.78,2634.1
2024-02-23T14:00:00Z,65.2,2542.95
2024-02-23T14:30:00Z,60.47,2562.65
2024-02-23T15:00:00Z,61.81,1985.55
2024-02-23T15:30:00Z,62.13000000000001,2158.15
2024-02-23T16:00:00Z,61.83,2054.8
2024-02-23T16:30:00Z,64.93,2538.55
2024-02-23T17:00:00Z,84.77,3684.4
2024-02-23T17:30:00Z,88.33,3932.65
2024-02-23T18:00:00Z,82.7,3714.35
2024-02-23T18:30:00Z,83.54,3569.0
2024-02-23T19:00:00Z,72.96,2279.35
2024-02-23T19:30:00Z,71.42,2187.35
2024-02-23T20:00:00Z,71.65,2000.2
2024-02-23T20:30:00Z,64.79,1930.9
2024-02-23T21:00:00Z,68.48,1834.25
2024-02-23T21:30:00Z,66.73,1605.65
2024-02-23T22:00:00Z,63.13,1782.45
2024-02-23T22:30:00Z,59.86,2150.75
2024-02-23T23:00:00Z,68.22,1276.15
2024-02-23T23:30:00Z,58.209999999999994,1211.55
2024-02-24T00:00:00Z,55.11,1068.55
2024-02-24T00:30:00Z,60.3,1045.6
2024-02-24T01:00:00Z,63.730000000000004,1131.95
2024-02-24T01:30:00Z,62.81,915.5
2024-02-24T02:00:00Z,65.31,830.9
2024-02-24T02:30:00Z,65.05,861.9
2024-02-24T03:00:00Z,72.91,532.15
2024-02-24T03:30:00Z,66.21,539.65
2024-02-24T04:00:00Z,66.4,617.2
2024-02-24T04:30:00Z,61.98,640.1
2024-02-24T05:00:00Z,64.49,922.1
2024-02-24T05:30:00Z,63.76,937.2
2024-02-24T06:00:00Z,63.05,939.45
2024-02-24T06:30:00Z,62.42,963.25
2024-02-24T07:00:00Z,60.82,1130.8
2024-02-24T07:30:00Z,66.95,1482.85
2024-02-24T08:00:00Z,64.82,1234.85
2024-02-24T08:30:00Z,73.71,1578.75
2024-02-24T09:00:00Z,75.99,1414.75
2024-02-24T09:30:00Z,75.24,1424.5
2024-02-24T10:00:00Z,76.38,1544.5
2024-02-24T10:30:00Z,74.54,1540.45
2024-02-24T11:00:00Z,73.22,1825.3
2024-02-24T11:30:00Z,68.27,1695.65
2024-02-24T12:00:00Z,66.7,1868.25
2024-02-24T12:30:00Z,68.69,1855.9
2024-02-24T13:00:00Z,70.18000000000002,1964.75
2024-02-24T13:30:00Z,70.04,2039.45
2024-02-24T14:00:00Z,69.87,2181.85
2024-02-24T14:30:00Z,69.15,2213.65
2024-02-24T15:00:00Z,69.1,1534.2
2024-02-24T15:30:00Z,67.9,1663.25
2024-02-24T16:00:00Z,74.41,1540.15
2024-02-24T16:30:00Z,77.85,2100.6
2024-02-24T17:00:00Z,84.16000000000001,1839.05
2024-02-24T17:30:00Z,86.47,1914.15
2024-02-24T18:00:00Z,89.72,2052.35
2024-02-24T18:30:00Z,87.69,1807.6
2024-02-24T19:00:00Z,85.83,1619.6
2024-02-24T19:30:00Z,84.57,1674.4
2024-02-24T20:00:00Z,80.9,1628.15
2024-02-24T20:30:00Z,70.84,1392.95
2024-02-24T21:00:00Z,70.26,1291.85
2024-02-24T21:30:00Z,63.87,1362.15
2024-02-24T22:00:00Z,68.67,1431.6
2024-02-24T22:30:00Z,61.23,1040.75
2024-02-24T23:00:00Z,57.04,686.55
2024-02-24T23:30:00Z,57.85,797.25
2024-02-25T00:00:00Z,65.52,705.5
2024-02-25T00:30:00Z,71.6,942.45
2024-02-25T01:00:00Z,64.81,995.3
2024-02-25T01:30:00Z,59.03,1041.75
2024-02-25T02:00:00Z,61.46,1288.55
2024-02-25T02:30:00Z,56.53,1007.9
2024-02-25T03:00:00Z,57.41,1152.6
2024-02-25T03:30:00Z,56.33,1078.45
2024-02-25T04:00:00Z,55.31,1157.95
2024-02-25T04:30:00Z,53.75000000000001,1316.6
2024-02-25T05:00:00Z,53.08,920.7
2024-02-25T05:30:00Z,56.28,1095.8
2024-02-25T06:00:00Z,54.09,1181.85
2024-02-25T06:30:00Z,53.67999999999999,1510.4
2024-02-25T07:00:00Z,56.29,1472.45
2024-02-25T07:30:00Z,54.04,1369.1
2024-02-25T08:00:00Z,53.23,1185.6
2024-02-25T08:30:00Z,56.06,1325.35
2024-02-25T09:00:00Z,58.32,1191.8
2024-02-25T09:30:00Z,58.87,1326.05
2024-02-25T10:00:00Z,56.81,1016.15
2024-02-25T10:30:00Z,56.49,1037.2
2024-02-25T11:00:00Z,53.51,1188.2
2024-02-25T11:30:00Z,53.17,1067.65
2024-02-25T12:00:00Z,54.2,1334.3
2024-02-25T12:30:00Z,55.79,1289.35
2024-02-25T13:00:00Z,59.46000000000001,1401.05
2024-02-25T13:30:00Z,59.42000000000001,1392.8
2024-02-25T14:00:00Z,61.45,1448.65
2024-02-25T14:30:00Z,59.43,1464.8
2024-02-25T15:00:00Z,60.22,1568.05
2024-02-25T15:30:00Z,60.39,1742.0
2024-02-25T16:00:00Z,71.96,1999.95
2024-02-25T16:30:00Z,69.42,2411.7
2024-02-25T17:00:00Z,70.33,2446.8
2024-02-25T17:30:00Z,72.87,2598.45
2024-02-25T18:00:00Z,66.06,2213.45
2024-02-25T18:30:00Z,63.95,2234.25
2024-02-25T19:00:00Z,68.26,1982.25
2024-02-25T19:30:00Z,61.86,2120.45
2024-02-25T20:00:00Z,58.71,1695.35
2024-02-25T20:30:00Z,52.17,1619.65
2024-02-25T21:00:00Z,52.95,1552.05
2024-02-25T21:30:00Z,47.77000000000001,1485.0
2024-02-25T22:00:00Z,51.959999999999994,1572.0
2024-02-25T22:30:00Z,52.87,2095.5
2024-02-25T23:00:00Z,50.83,1177.85
2024-02-25T23:30:00Z,46.809999999999995,1560.55
2024-02-26T00:00:00Z,44.97,1315.0
2024-02-26T00:30:00Z,49.46,1629.95
2024-02-26T01:00:00Z,47.73,1579.25
2024-02-26T01:30:00Z,46.86999999999999,1597.05
2024-02-26T02:00:00Z,43.96,1585.45
2024-02-26T02:30:00Z,42.56,1896.35
2024-02-26T03:00:00Z,44.39,1458.7
2024-02-26T03:30:00Z,43.8,1685.45
2024-02-26T04:00:00Z,48.71999999999999,1571.3
2024-02-26T04:30:00Z,43.48,1263.5
2024-02-26T05:00:00Z,57.64000000000001,1843.3
2024-02-26T05:30:00Z,51.06,1631.65
2024-02-26T06:00:00Z,55.09,1775.8
2024-02-26T06:30:00Z,54.9,1961.9
2024-02-26T07:00:00Z,57.16,1827.5
2024-02-26T07:30:00Z,68.2,2002.75
2024-02-26T08:00:00Z,51.839999999999996,1642.4
2024-02-26T08:30:00Z,60.06,1690.05
2024-02-26T09:00:00Z,61.8,1586.7
2024-02-26T09:30:00Z,55.56,1545.7
2024-02-26T10:00:00Z,60.26,1891.6
2024-02-26T10:30:00Z,58.66,1678.6
2024-02-26T11:00:00Z,51.94,2099.8
2024-02-26T11:30:00Z,53.74,2030.6
2024-02-26T12:00:00Z,53.01,2340.6
2024-02-26T12:30:00Z,52.26,2086.1
2024-02-26T13:00:00Z,54.85,1722.95
2024-02-26T13:30:00Z,54.62,1706.2
2024-02-26T14:00:00Z,53.73,2166.9
2024-02-26T14:30:00Z,53.74,2268.95
2024-02-26T15:00:00Z,57.04,2365.45
2024-02-26T15:30:00Z,58.71,2024.3
2024-02-26T16:00:00Z,56.81,2267.65
2024-02-26T16:30:00Z,67.33,2301.65
2024-02-26T17:00:00Z,64.23,2650.4
2024-02-26T17:30:00Z,69.93,2931.8
2024-02-26T18:00:00Z,65.54,2265.65
2024-02-26T18:30:00Z,66.83,2470.15
2024-02-26T19:00:00Z,70.09,1832.95
2024-02-26T19:30:00Z,65.27,1710.6
2024-02-26T20:00:00Z,62.28,1436.15
2024-02-26T20:30:00Z,61.69,1982.9
2024-02-26T21:00:00Z,60.91,1848.8
2024-02-26T21:30:00Z,58.92,2049.7
2024-02-26T22:00:00Z,59.86999999999999,2566.9
2024-02-26T22:30:00Z,56.98,3241.5
2024-02-26T23:00:00Z,54.96,1009.95
2024-02-26T23:30:00Z,50.15,1158.55
2024-02-27T00:00:00Z,47.49,1276.2
2024-02-27T00:30:00Z,47.15,1322.05
2024-02-27T01:00:00Z,50.309999999999995,1698.1
2024-02-27T01:30:00Z,48.61,1868.2
2024-02-27T02:00:00Z,48.910000000000004,1642.95
2024-02-27T02:30:00Z,48.59,1909.95
2024-02-27T03:00:00Z,50.01,1675.65
2024-02-27T03:30:00Z,47.25,1834.35
2024-02-27T04:00:00Z,47.95,2216.95
2024-02-27T04:30:00Z,43.91,1932.2
2024-02-27T05:00:00Z,56.74,1618.9
2024-02-27T05:30:00Z,50.7,1495.4
2024-02-27T06:00:00Z,61.9,2038.5
2024-02-27T06:30:00Z,56.05,2005.35
2024-02-27T07:00:00Z,61.68,1910.95
2024-02-27T07:30:00Z,70.82,2433.1
2024-02-27T08:00:00Z,60.480000000000004,2206.0
2024-02-27T08:30:00Z,60.95,2300.6
2024-02-27T09:00:00Z,57.27,2224.0
2024-02-27T09:30:00Z,59.31,2079.45
2024-02-27T10:00:00Z,55.27,2583.5
2024-02-27T10:30:00Z,54.58,2714.5
2024-02-27T11:00:00Z,51.76,2543.3
2024-02-27T11:30:00Z,50.87,2495.75
2024-02-27T12:00:00Z,52.32,2718.1
2024-02-27T12:30:00Z,49.7,2827.5
2024-02-27T13:00:00Z,49.73,2361.3
2024-02-27T13:30:00Z,49.04999999999999,2858.9
2024-02-27T14:00:00Z,49.32,2931.2
2024-02-27T14:30:00Z,48.669999999999995,3227.6
2024-02-27T15:00:00Z,57.52,2462.1
2024-02-27T15:30:00Z,58.35,2351.0
2024-02-27T16:00:00Z,61.199999999999996,2289.8
2024-02-27T16:30:00Z,70.89,2348.45
2024-02-27T17:00:00Z,86.0,2695.0
2024-02-27T17:30:00Z,90.92999999999999,3085.55
2024-02-27T18:00:00Z,90.31,2865.45
2024-02-27T18:30:00Z,90.7,3145.25
2024-02-27T19:00:00Z,74.04,2168.1
2024-02-27T19:30:00Z,73.07,2131.15
2024-02-27T20:00:00Z,70.42,1850.05
2024-02-27T20:30:00Z,67.49,1576.4
2024-02-27T21:00:00Z,61.58,1735.0
2024-02-27T21:30:00Z,62.14,1898.3
2024-02-27T22:00:00Z,62.42,2359.7
2024-02-27T22:30:00Z,58.44,2294.2
2024-02-27T23:00:00Z,56.18,1052.15
2024-02-27T23:30:00Z,57.69,975.25
2024-02-28T00:00:00Z,56.05,1109.7
2024-02-28T00:30:00Z,57.800000000000004,1213.45
2024-02-28T01:00:00Z,54.05,1195.75
2024-02-28T01:30:00Z,55.08,1633.95
2024-02-28T02:00:00Z,55.98,1075.1
2024-02-28T02:30:00Z,59.660000000000004,1221.85
2024-02-28T03:00:00Z,64.7,1074.65
2024-02-28T03:30:00Z,60.58,1488.5
2024-02-28T04:00:00Z,63.38999999999999,1400.3
2024-02-28T04:30:00Z,56.32,1322.85
2024-02-28T05:00:00Z,68.57,1908.85
2024-02-28T05:30:00Z,65.18,2062.45
2024-02-28T06:00:00Z,77.87,2055.8
2024-02-28T06:30:00Z,86.61,2411.4
2024-02-28T07:00:00Z,89.19,2368.5
2024-02-28T07:30:00Z,90.69,2508.1
2024-02-28T08:00:00Z,81.19,2730.25
2024-02-28T08:30:00Z,80.63,2803.1
2024-02-28T09:00:00Z,76.97,3035.1
2024-02-28T09:30:00Z,73.9,3046.6
2024-02-28T10:00:00Z,72.03,3245.9
2024-02-28T10:30:00Z,71.5,3149.9
2024-02-28T11:00:00Z,59.72,2833.15
2024-02-28T11:30:00Z,61.5,2401.55
2024-02-28T12:00:00Z,62.09,2441.35
2024-02-28T12:30:00Z,60.03,2376.35
2024-02-28T13:00:00Z,60.25,1818.45
2024-02-28T13:30:00Z,55.57,2217.2
2024-02-28T14:00:00Z,57.24,2230.3
2024-02-28T14:30:00Z,58.27,2201.95
2024-02-28T15:00:00Z,67.43,2460.75
2024-02-28T15:30:00Z,60.21,2721.9
2024-02-28T16:00:00Z,60.1,2607.65
2024-02-28T16:30:00Z,64.23,2598.8
2024-02-28T17:00:00Z,68.53,2350.2
2024-02-28T17:30:00Z,67.96,2451.7
2024-02-28T18:00:00Z,69.14,2406.0
2024-02-28T18:30:00Z,66.02,2509.6
2024-02-28T19:00:00Z,59.44,1881.7
2024-02-28T19:30:00Z,60.89,1862.5
2024-02-28T20:00:00Z,59.9,1824.65
2024-02-28T20:30:00Z,60.8,1742.35
2024-02-28T21:00:00Z,59.62,2062.3
2024-02-28T21:30:00Z,48.44,2407.3
2024-02-28T22:00:00Z,57.650000000000006,2548.95
2024-02-28T22:30:00Z,51.56999999999999,2958.75
2024-02-28T23:00:00Z,55.18,1849.2
2024-02-28T23:30:00Z,47.33,2269.8
2024-02-29T00:00:00Z,36.89,2320.35
2024-02-29T00:30:00Z,46.67,2449.6
2024-02-29T01:00:00Z,51.37,2439.4
2024-02-29T01:30:00Z,46.18,2326.2
2024-02-29T02:00:00Z,42.72,2296.8
2024-02-29T02:30:00Z,42.86,2587.05
2024-02-29T03:00:00Z,51.16,2235.3
2024-02-29T03:30:00Z,50.08,2020.85
2024-02-29T04:00:00Z,46.26,2384.9
2024-02-29T04:30:00Z,49.5,2257.3
2024-02-29T05:00:00Z,52.7,2279.75
2024-02-29T05:30:00Z,54.56,2428.8
2024-02-29T06:00:00Z,58.87,2482.85
2024-02-29T06:30:00Z,56.74000000000001,2358.35
2024-02-29T07:00:00Z,47.57,1893.6
2024-02-29T07:30:00Z,63.32000000000001,2364.5
2024-02-29T08:00:00Z,59.52,2040.05
2024-02-29T08:30:00Z,69.58,2256.8
2024-02-29T09:00:00Z,58.3,2042.6
2024-02-29T09:30:00Z,64.1,1903.65
2024-02-29T10:00:00Z,66.36,2170.9
2024-02-29T10:30:00Z,68.81,2398.5
2024-02-29T11:00:00Z,70.6,2159.0
2024-02-29T11:30:00Z,68.95,2458.95
2024-02-29T12:00:00Z,67.71,2014.0
2024-02-29T12:30:00Z,67.58,1926.4
2024-02-29T13:00:00Z,69.66,1693.9
2024-02-29T13:30:00Z,70.05,2067.05
2024-02-29T14:00:00Z,69.36,2253.8
2024-02-29T14:30:00Z,65.01,2718.4
2024-02-29T15:00:00Z,64.28,2372.6
2024-02-29T15:30:00Z,64.74,2224.5
2024-02-29T16:00:00Z,64.31,2179.75
2024-02-29T16:30:00Z,67.94,2423.1
2024-02-29T17:00:00Z,68.93,2712.35
2024-02-29T17:30:00Z,76.18,3106.65
2024-02-29T18:00:00Z,75.57,2944.75
2024-02-29T18:30:00Z,76.89,2797.2
2024-02-29T19:00:00Z,78.68,2548.8
2024-02-29T19:30:00Z,78.25,2594.6
2024-02-29T20:00:00Z,75.35,2764.65
2024-02-29T20:30:00Z,72.5,2706.95
2024-02-29T21:00:00Z,72.12,2533.0
2024-02-29T21:30:00Z,70.2,2067.75
2024-02-29T22:00:00Z,66.57,2345.4
2024-02-29T22:30:00Z,64.79,2608.05
2024-02-29T23:00:00Z,65.34,1641.1
2024-02-29T23:30:00Z,60.06,1873.0
2024-03-01T00:00:00Z,65.38,1963.05
2024-03-01T00:30:00Z,68.53,1852.75
2024-03-01T01:00:00Z,64.16,2056.3
2024-03-01T01:30:00Z,61.47999999999999,1673.45
2024-03-01T02:00:00Z,62.19,2075.35
2024-03-01T02:30:00Z,61.67,1836.95
2024-03-01T03:00:00Z,56.36999999999999,1562.45
2024-03-01T03:30:00Z,54.51,1631.45
2024-03-01T04:00:00Z,53.89,1548.05
2024-03-01T04:30:00Z,53.78999999999999,1555.25
2024-03-01T05:00:00Z,57.14,1842.65
2024-03-01T05:30:00Z,55.62,2012.15
2024-03-01T06:00:00Z,65.38,2284.05
2024-03-01T06:30:00Z,77.58,2854.55
2024-03-01T07:00:00Z,75.95,2560.1
2024-03-01T07:30:00Z,84.31,2969.55
2024-03-01T08:00:00Z,76.98,2213.4
2024-03-01T08:30:00Z,79.57,2490.95
2024-03-01T09:00:00Z,80.18,3014.75
2024-03-01T09:30:00Z,76.19,3048.75
2024-03-01T10:00:00Z,69.89,2862.4
2024-03-01T10:30:00Z,67.2,3390.2
2024-03-01T11:00:00Z,66.69,3149.5
2024-03-01T11:30:00Z,64.26,3162.75
2024-03-01T12:00:00Z,60.11,3278.15
2024-03-01T12:30:00Z,60.55,2947.4
2024-03-01T13:00:00Z,63.16,3049.5
2024-03-01T13:30:00Z,60.99,2991.6
2024-03-01T14:00:00Z,64.08,3581.2
2024-03-01T14:30:00Z,58.17,3816.35
2024-03-01T15:00:00Z,59.2,3020.35
2024-03-01T15:30:00Z,67.36,3349.1
2024-03-01T16:00:00Z,73.17,3229.25
2024-03-01T16:30:00Z,79.69,3380.35
2024-03-01T17:00:00Z,82.21,2664.4
2024-03-01T17:30:00Z,86.21,2849.65
2024-03-01T18:00:00Z,87.01,2478.0
2024-03-01T18:30:00Z,91.33,2436.35
2024-03-01T19:00:00Z,97.54000000000002,2920.4
2024-03-01T19:30:00Z,91.72,3492.7
2024-03-01T20:00:00Z,85.31,2755.95
2024-03-01T20:30:00Z,77.9,2717.75
2024-03-01T21:00:00Z,68.35,2847.3
2024-03-01T21:30:00Z,65.55,2718.4
2024-03-01T22:00:00Z,68.21,3296.2
2024-03-01T22:30:00Z,71.21,4006.9
2024-03-01T23:00:00Z,75.71,2352.1
2024-03-01T23:30:00Z,67.36,2373.0
2024-03-02T00:00:00Z,67.44,2199.95
2024-03-02T00:30:00Z,71.36,2466.65
2024-03-02T01:00:00Z,71.24,1956.6
2024-03-02T01:30:00Z,69.22,2033.85
2024-03-02T02:00:00Z,64.5,2071.75
2024-03-02T02:30:00Z,61.43,1955.9
2024-03-02T03:00:00Z,60.209999999999994,2204.6
2024-03-02T03:30:00Z,61.72,1852.75
2024-03-02T04:00:00Z,62.98,1902.05
2024-03-02T04:30:00Z,61.85,1698.65
2024-03-02T05:00:00Z,62.36,1809.95
2024-03-02T05:30:00Z,60.26,1842.6
2024-03-02T06:00:00Z,58.86,2127.3
2024-03-02T06:30:00Z,55.95,1867.8
2024-03-02T07:00:00Z,53.97,1507.7
2024-03-02T07:30:00Z,58.52000000000001,1659.55
2024-03-02T08:00:00Z,59.029999999999994,1625.15
2024-03-02T08:30:00Z,63.38,1897.7
2024-03-02T09:00:00Z,69.96,1926.8
2024-03-02T09:30:00Z,71.24,1934.1
2024-03-02T10:00:00Z,72.87,2107.4
2024-03-02T10:30:00Z,69.44,2222.05
2024-03-02T11:00:00Z,74.46,2029.0
2024-03-02T11:30:00Z,74.74,2224.8
2024-03-02T12:00:00Z,64.73,1941.75
2024-03-02T12:30:00Z,59.38999999999999,2283.6
2024-03-02T13:00:00Z,55.26,2005.65
2024-03-02T13:30:00Z,58.82,2075.75
2024-03-02T14:00:00Z,56.87,1999.8
2024-03-02T14:30:00Z,55.76,2234.05
2024-03-02T15:00:00Z,57.0,1837.15
2024-03-02T15:30:00Z,55.49000000000001,1642.45
2024-03-02T16:00:00Z,59.07,1897.05
2024-03-02T16:30:00Z,67.85,2292.9
2024-03-02T17:00:00Z,68.56,2345.15
2024-03-02T17:30:00Z,72.7,2572.9
2024-03-02T18:00:00Z,64.71,2021.65
2024-03-02T18:30:00Z,67.71,2247.4
2024-03-02T19:00:00Z,63.919999999999995,2380.9
2024-03-02T19:30:00Z,63.20000000000001,2377.05
2024-03-02T20:00:00Z,61.37,2003.3
2024-03-02T20:30:00Z,60.879999999999995,2423.5
2024-03-02T21:00:00Z,65.1,2314.9
2024-03-02T21:30:00Z,61.32000000000001,2490.6
2024-03-02T22:00:00Z,60.44,2738.35
2024-03-02T22:30:00Z,59.17,2690.15
2024-03-02T23:00:00Z,62.2,1016.6
2024-03-02T23:30:00Z,57.02,1045.6
2024-03-03T00:00:00Z,54.88,993.25
2024-03-03T00:30:00Z,59.69,941.85
2024-03-03T01:00:00Z,56.19,1014.2
2024-03-03T01:30:00Z,56.53,935.8
2024-03-03T02:00:00Z,65.59,1033.15
2024-03-03T02:30:00Z,71.72,1205.95
2024-03-03T03:00:00Z,72.88,1021.8
2024-03-03T03:30:00Z,69.13,881.15
2024-03-03T04:00:00Z,66.46,934.7
2024-03-03T04:30:00Z,64.33,905.4
2024-03-03T05:00:00Z,61.290000000000006,1132.3
2024-03-03T05:30:00Z,65.27,926.35
2024-03-03T06:00:00Z,64.52,926.2
2024-03-03T06:30:00Z,64.17,1201.35
2024-03-03T07:00:00Z,67.5,868.25
2024-03-03T07:30:00Z,65.69,1058.85
2024-03-03T08:00:00Z,58.34000000000001,1180.5
2024-03-03T08:30:00Z,59.95,1084.25
2024-03-03T09:00:00Z,62.55,1439.25
2024-03-03T09:30:00Z,63.21,1583.95
2024-03-03T10:00:00Z,58.330000000000005,1409.7
2024-03-03T10:30:00Z,59.21999999999999,1553.45
2024-03-03T11:00:00Z,56.86000000000001,1195.3
2024-03-03T11:30:00Z,53.879999999999995,1264.4
2024-03-03T12:00:00Z,55.02,1750.75
2024-03-03T12:30:00Z,51.93,1425.3
2024-03-03T13:00:00Z,51.66,1581.15
2024-03-03T13:30:00Z,56.43,1648.4
2024-03-03T14:00:00Z,57.02,1981.85
2024-03-03T14:30:00Z,58.620000000000005,1930.75
2024-03-03T15:00:00Z,62.64,1927.15
2024-03-03T15:30:00Z,58.22,1818.45
2024-03-03T16:00:00Z,60.02,1487.75
2024-03-03T16:30:00Z,67.55,1804.2
2024-03-03T17:00:00Z,74.78,1807.05
2024-03-03T17:30:00Z,75.43,1799.7
2024-03-03T18:00:00Z,74.14,2165.55
2024-03-03T18:30:00Z,75.25,2166.25
2024-03-03T19:00:00Z,71.56,1832.55
2024-03-03T19:30:00Z,65.2,1896.2
2024-03-03T20:00:00Z,66.46,1637.75
2024-03-03T20:30:00Z,59.660000000000004,1377.25
2024-03-03T21:00:00Z,68.01,1886.8
2024-03-03T21:30:00Z,61.99,1837.15
2024-03-03T22:00:00Z,61.36000000000001,1662.95
2024-03-03T22:30:00Z,60.22,2456.35
2024-03-03T23:00:00Z,57.87,981.4
2024-03-03T23:30:00Z,56.79,936.2
2024-03-04T00:00:00Z,57.45,896.5
2024-03-04T00:30:00Z,63.53,1217.9
2024-03-04T01:00:00Z,54.93,649.7
2024-03-04T01:30:00Z,55.88,786.5
2024-03-04T02:00:00Z,60.77,1109.1
2024-03-04T02:30:00Z,57.23,1101.25
2024-03-04T03:00:00Z,57.39999999999999,944.1
2024-03-04T03:30:00Z,55.22,944.95
2024-03-04T04:00:00Z,65.73,1045.65
2024-03-04T04:30:00Z,61.34,1350.25
2024-03-04T05:00:00Z,77.22,1137.5
2024-03-04T05:30:00Z,72.37,1035.5
2024-03-04T06:00:00Z,74.11,1327.2
2024-03-04T06:30:00Z,83.98,1301.9
2024-03-04T07:00:00Z,84.98,1508.35
2024-03-04T07:30:00Z,88.12,1403.9
2024-03-04T08:00:00Z,85.0,1028.55
2024-03-04T08:30:00Z,78.45,1609.7
2024-03-04T09:00:00Z,76.36,1550.55
2024-03-04T09:30:00Z,64.48,1374.2
2024-03-04T10:00:00Z,61.3,1440.0
2024-03-04T10:30:00Z,57.5,1935.55
2024-03-04T11:00:00Z,54.35,2061.45
2024-03-04T11:30:00Z,52.61,2330.05
2024-03-04T12:00:00Z,51.13,2005.2
2024-03-04T12:30:00Z,50.78,2151.95
2024-03-04T13:00:00Z,50.8,2242.1
2024-03-04T13:30:00Z,51.1,2245.65
2024-03-04T14:00:00Z,54.04,1912.0
2024-03-04T14:30:00Z,52.98,2153.9
2024-03-04T15:00:00Z,60.55,1634.25
2024-03-04T15:30:00Z,66.35,2015.1
2024-03-04T16:00:00Z,70.33,2552.25
2024-03-04T16:30:00Z,71.76,3124.3
2024-03-04T17:00:00Z,79.51,2802.9
2024-03-04T17:30:00Z,80.05,2912.55
2024-03-04T18:00:00Z,76.52,2677.65
2024-03-04T18:30:00Z,73.57,2765.8
2024-03-04T19:00:00Z,68.29,3029.25
2024-03-04T19:30:00Z,69.86,3390.85
2024-03-04T20:00:00Z,63.43999999999999,3231.95
2024-03-04T20:30:00Z,60.52,3310.3
2024-03-04T21:00:00Z,58.92000000000001,2947.1
2024-03-04T21:30:00Z,57.900000000000006,3102.35
2024-03-04T22:00:00Z,57.720000000000006,3178.2
2024-03-04T22:30:00Z,47.25,3424.6
2024-03-04T23:00:00Z,61.25,1701.75
2024-03-04T23:30:00Z,56.67999999999999,1602.6
2024-03-05T00:00:00Z,52.46,1869.6
2024-03-05T00:30:00Z,61.3,1647.4
2024-03-05T01:00:00Z,55.22,2121.55
2024-03-05T01:30:00Z,53.27,2223.9
2024-03-05T02:00:00Z,49.66,1952.55
2024-03-05T02:30:00Z,52.74,2102.3
2024-03-05T03:00:00Z,55.6,1364.2
2024-03-05T03:30:00Z,55.94,1447.35
2024-03-05T04:00:00Z,52.82,1655.8
2024-03-05T04:30:00Z,52.63,1893.5
2024-03-05T05:00:00Z,57.49000000000001,1721.45
2024-03-05T05:30:00Z,56.6,1514.4
2024-03-05T06:00:00Z,64.53,1658.35
2024-03-05T06:30:00Z,66.2,1778.9
2024-03-05T07:00:00Z,61.13,2545.75
2024-03-05T07:30:00Z,75.28,2206.5
2024-03-05T08:00:00Z,70.67,1889.7
2024-03-05T08:30:00Z,74.98,1911.7
2024-03-05T09:00:00Z,75.6,2121.6
2024-03-05T09:30:00Z,72.61,2430.4
2024-03-05T10:00:00Z,70.63,2988.65
2024-03-05T10:30:00Z,69.93,3122.9
2024-03-05T11:00:00Z,60.97,3671.75
2024-03-05T11:30:00Z,60.16,3750.7
2024-03-05T12:00:00Z,60.46,3898.7
2024-03-05T12:30:00Z,59.99,3934.8
2024-03-05T13:00:00Z,64.23,3176.5
2024-03-05T13:30:00Z,59.59,3183.6
2024-03-05T14:00:00Z,60.76,3172.45
2024-03-05T14:30:00Z,62.98,3826.85
2024-03-05T15:00:00Z,69.21,2827.95
2024-03-05T15:30:00Z,66.3,2554.85
2024-03-05T16:00:00Z,68.03,2853.1
2024-03-05T16:30:00Z,72.13,2623.8
2024-03-05T17:00:00Z,80.87,2833.1
2024-03-05T17:30:00Z,88.19,3064.9
2024-03-05T18:00:00Z,93.07,2466.0
2024-03-05T18:30:00Z,95.23,2653.05
2024-03-05T19:00:00Z,86.41,2795.3
2024-03-05T19:30:00Z,81.35,2889.2
2024-03-05T20:00:00Z,77.96,2355.1
2024-03-05T20:30:00Z,68.8,2177.85
2024-03-05T21:00:00Z,72.21,2202.65
2024-03-05T21:30:00Z,67.79,2097.4
2024-03-05T22:00:00Z,66.59,1846.1
2024-03-05T22:30:00Z,65.02,2297.5
2024-03-05T23:00:00Z,70.46,1238.8
2024-03-05T23:30:00Z,60.23,1045.3
2024-03-06T00:00:00Z,60.13,978.35
2024-03-06T00:30:00Z,60.3,1109.0
2024-03-06T01:00:00Z,61.73,1287.65
2024-03-06T01:30:00Z,62.48,1700.8
2024-03-06T02:00:00Z,63.40999999999999,1244.75
2024-03-06T02:30:00Z,61.88,1501.85
2024-03-06T03:00:00Z,68.29,1456.65
2024-03-06T03:30:00Z,66.47,1557.95
2024-03-06T04:00:00Z,70.27,1655.9
2024-03-06T04:30:00Z,67.17,1717.3
2024-03-06T05:00:00Z,77.95,1174.75
2024-03-06T05:30:00Z,74.38,1736.35
2024-03-06T06:00:00Z,90.95,1521.05
2024-03-06T06:30:00Z,95.65,1482.15
2024-03-06T07:00:00Z,91.82,1584.25
2024-03-06T07:30:00Z,95.53999999999999,1564.75
2024-03-06T08:00:00Z,71.07,1581.8
2024-03-06T08:30:00Z,76.32,2690.55
2024-03-06T09:00:00Z,68.42,2463.0
2024-03-06T09:30:00Z,62.67000000000001,2444.65
2024-03-06T10:00:00Z,60.54,2954.35
2024-03-06T10:30:00Z,58.49,2815.25
2024-03-06T11:00:00Z,59.22,2920.95
2024-03-06T11:30:00Z,58.89,2937.35
2024-03-06T12:00:00Z,56.91,2700.5
2024-03-06T12:30:00Z,55.52,2934.95
2024-03-06T13:00:00Z,56.87,2423.95
2024-03-06T13:30:00Z,61.34000000000001,3285.0
2024-03-06T14:00:00Z,59.93000000000001,3460.55
2024-03-06T14:30:00Z,60.07000000000001,2953.6
2024-03-06T15:00:00Z,65.54,3021.65
2024-03-06T15:30:00Z,66.44,3089.4
2024-03-06T16:00:00Z,64.81,3540.45
2024-03-06T16:30:00Z,69.74,3094.45
2024-03-06T17:00:00Z,96.1,3404.75
2024-03-06T17:30:00Z,98.34000000000002,3594.3
2024-03-06T18:00:00Z,93.54,3203.7
2024-03-06T18:30:00Z,94.39,3404.45
2024-03-06T19:00:00Z,87.92,2476.2
2024-03-06T19:30:00Z,72.31,2167.8
2024-03-06T20:00:00Z,74.09,2151.1
2024-03-06T20:30:00Z,69.71,2361.3
2024-03-06T21:00:00Z,64.05,2123.75
2024-03-06T21:30:00Z,58.49,2179.05
2024-03-06T22:00:00Z,68.85,2138.25
2024-03-06T22:30:00Z,63.31,2173.65
2024-03-06T23:00:00Z,63.11,1444.6
2024-03-06T23:30:00Z,66.12,1707.25
2024-03-07T00:00:00Z,60.88,1849.75
2024-03-07T00:30:00Z,59.61,2044.4
2024-03-07T01:00:00Z,55.89,2016.75
2024-03-07T01:30:00Z,58.81000000000001,2373.15
2024-03-07T02:00:00Z,57.18,2072.5
2024-03-07T02:30:00Z,59.89,2131.6
2024-03-07T03:00:00Z,61.89,1731.05
2024-03-07T03:30:00Z,64.55,1659.55
2024-03-07T04:00:00Z,70.58,1943.75
2024-03-07T04:30:00Z,62.7,1981.65
2024-03-07T05:00:00Z,78.13,1640.65
2024-03-07T05:30:00Z,83.74,1654.95
2024-03-07T06:00:00Z,75.56,2485.1
2024-03-07T06:30:00Z,90.1,2608.85
2024-03-07T07:00:00Z,82.0,2530.8
2024-03-07T07:30:00Z,86.45,2280.05
2024-03-07T08:00:00Z,81.21,2042.7
2024-03-07T08:30:00Z,73.63,2123.15
2024-03-07T09:00:00Z,69.55,2112.05
2024-03-07T09:30:00Z,66.55,2177.95
2024-03-07T10:00:00Z,70.67,2462.25
2024-03-07T10:30:00Z,66.51,2909.5
2024-03-07T11:00:00Z,63.05,2759.45
2024-03-07T11:30:00Z,62.27,2497.9
2024-03-07T12:00:00Z,58.0,2104.25
2024-03-07T12:30:00Z,59.4,2586.25
2024-03-07T13:00:00Z,63.36,2263.35
2024-03-07T13:30:00Z,60.46999999999999,2598.35
2024-03-07T14:00:00Z,63.040000000000006,2494.0
2024-03-07T14:30:00Z,62.15,2255.8
2024-03-07T15:00:00Z,76.49,2914.85
2024-03-07T15:30:00Z,73.68,2728.1
2024-03-07T16:00:00Z,77.34,2907.25
2024-03-07T16:30:00Z,83.69,2599.6
2024-03-07T17:00:00Z,83.12,2722.0
2024-03-07T17:30:00Z,83.23,2986.95
2024-03-07T18:00:00Z,80.1,3148.9
2024-03-07T18:30:00Z,81.42,3170.35
2024-03-07T19:00:00Z,71.2,2305.55
2024-03-07T19:30:00Z,63.99,2138.85
2024-03-07T20:00:00Z,65.11,1797.4
2024-03-07T20:30:00Z,64.48,2069.4
2024-03-07T21:00:00Z,60.99,2083.05
2024-03-07T21:30:00Z,55.73,2034.5
2024-03-07T22:00:00Z,58.800000000000004,2649.05
2024-03-07T22:30:00Z,49.82999999999999,3047.35
2024-03-07T23:00:00Z,50.89,2244.0
2024-03-07T23:30:00Z,51.12,2192.0
2024-03-08T00:00:00Z,46.89,1853.1
2024-03-08T00:30:00Z,52.51,1848.1
2024-03-08T01:00:00Z,49.32,1639.5
2024-03-08T01:30:00Z,46.61999999999999,1764.65
2024-03-08T02:00:00Z,44.88,1500.25
2024-03-08T02:30:00Z,42.68,1581.8
2024-03-08T03:00:00Z,51.3,2023.55
2024-03-08T03:30:00Z,46.41,1885.65
2024-03-08T04:00:00Z,57.85,1848.15
2024-03-08T04:30:00Z,49.68,1961.3
2024-03-08T05:00:00Z,66.77,2019.7
2024-03-08T05:30:00Z,71.88,2221.7
2024-03-08T06:00:00Z,61.72,2413.45
2024-03-08T06:30:00Z,82.55,2757.6
2024-03-08T07:00:00Z,74.12,2596.5
2024-03-08T07:30:00Z,77.21,2509.3
2024-03-08T08:00:00Z,77.9,2137.9
2024-03-08T08:30:00Z,79.06,2227.45
2024-03-08T09:00:00Z,75.16,2165.9
2024-03-08T09:30:00Z,68.71,2821.2
2024-03-08T10:00:00Z,70.62,2400.25
2024-03-08T10:30:00Z,69.53,2207.75
2024-03-08T11:00:00Z,65.67,2259.8
2024-03-08T11:30:00Z,63.63,2759.3
2024-03-08T12:00:00Z,63.38,2537.5
2024-03-08T12:30:00Z,63.64,2787.5
2024-03-08T13:00:00Z,64.52,2686.15
2024-03-08T13:30:00Z,61.14,2656.6
2024-03-08T14:00:00Z,57.25,2511.8
2024-03-08T14:30:00Z,56.86,2832.35
2024-03-08T15:00:00Z,50.03,2314.2
2024-03-08T15:30:00Z,57.53999999999999,2371.15
2024-03-08T16:00:00Z,64.76,2087.0
2024-03-08T16:30:00Z,74.01,1964.1
2024-03-08T17:00:00Z,78.44,1592.25
2024-03-08T17:30:00Z,84.21,1881.15
2024-03-08T18:00:00Z,86.89,1693.25
2024-03-08T18:30:00Z,90.16,1822.45
2024-03-08T19:00:00Z,89.95,1980.15
2024-03-08T19:30:00Z,82.37,1726.55
2024-03-08T20:00:00Z,77.7,1411.95
2024-03-08T20:30:00Z,64.93,1493.25
2024-03-08T21:00:00Z,60.2,1374.05
2024-03-08T21:30:00Z,51.85,1401.35
2024-03-08T22:00:00Z,56.19,1139.4
2024-03-08T22:30:00Z,42.77,1228.65
2024-03-08T23:00:00Z,46.44,908.75
2024-03-08T23:30:00Z,35.86,961.6
2024-03-09T00:00:00Z,36.45,1016.25
2024-03-09T00:30:00Z,40.59,902.85
2024-03-09T01:00:00Z,37.85,1022.85
2024-03-09T01:30:00Z,34.36,1293.0
2024-03-09T02:00:00Z,32.3,988.6
2024-03-09T02:30:00Z,30.97,1025.85
2024-03-09T03:00:00Z,35.89,859.75
2024-03-09T03:30:00Z,32.47,785.45
2024-03-09T04:00:00Z,39.25,888.15
2024-03-09T04:30:00Z,40.34,881.85
2024-03-09T05:00:00Z,53.52,851.75
2024-03-09T05:30:00Z,54.0,956.15
2024-03-09T06:00:00Z,49.39,1008.65
2024-03-09T06:30:00Z,51.56,1020.55
2024-03-09T07:00:00Z,41.73,1118.8
2024-03-09T07:30:00Z,51.86,1436.55
2024-03-09T08:00:00Z,23.350000000000005,1687.95
2024-03-09T08:30:00Z,54.69,1469.4
2024-03-09T09:00:00Z,59.2,1360.1
2024-03-09T09:30:00Z,61.59,1578.2
2024-03-09T10:00:00Z,61.55,1287.75
2024-03-09T10:30:00Z,61.28,1502.15
2024-03-09T11:00:00Z,71.49,1779.45
2024-03-09T11:30:00Z,73.63,1884.8
2024-03-09T12:00:00Z,73.89,1762.85
2024-03-09T12:30:00Z,74.46,1684.6
2024-03-09T13:00:00Z,75.08,1859.3
2024-03-09T13:30:00Z,73.45,1860.9
2024-03-09T14:00:00Z,65.66,1869.6
2024-03-09T14:30:00Z,68.21,2068.6
2024-03-09T15:00:00Z,75.23,1816.7
2024-03-09T15:30:00Z,76.96,2277.85
2024-03-09T16:00:00Z,69.82,2354.6
2024-03-09T16:30:00Z,72.58,2291.7
2024-03-09T17:00:00Z,75.65,1996.0
2024-03-09T17:30:00Z,77.96,2005.0
2024-03-09T18:00:00Z,78.5,1807.7
2024-03-09T18:30:00Z,75.51,1954.45
2024-03-09T19:00:00Z,62.32,1671.9
2024-03-09T19:30:00Z,53.13,1743.45
2024-03-09T20:00:00Z,49.31,1478.65
2024-03-09T20:30:00Z,46.21,1589.75
2024-03-09T21:00:00Z,53.0,1868.0
2024-03-09T21:30:00Z,42.84,1747.8
2024-03-09T22:00:00Z,51.82,1914.05
2024-03-09T22:30:00Z,34.21,1924.65
2024-03-09T23:00:00Z,65.49,1743.25
2024-03-09T23:30:00Z,60.94,1800.25
2024-03-10T00:00:00Z,47.17,1661.85
2024-03-10T00:30:00Z,59.97,1827.15
2024-03-10T01:00:00Z,61.1,1676.8
2024-03-10T01:30:00Z,54.550000000000004,1558.3
2024-03-10T02:00:00Z,37.6,1880.95
2024-03-10T02:30:00Z,33.12,1640.95
2024-03-10T03:00:00Z,40.05,1467.65
2024-03-10T03:30:00Z,37.02,1251.7
2024-03-10T04:00:00Z,34.05,1189.15
2024-03-10T04:30:00Z,29.620000000000005,1544.55
2024-03-10T05:00:00Z,30.81,1466.9
2024-03-10T05:30:00Z,38.28,1307.4
2024-03-10T06:00:00Z,49.91,1147.4
2024-03-10T06:30:00Z,56.99999999999999,1177.05
2024-03-10T07:00:00Z,48.11,1590.95
2024-03-10T07:30:00Z,58.37,1233.05
2024-03-10T08:00:00Z,39.99,1938.1
2024-03-10T08:30:00Z,67.07,1419.1
2024-03-10T09:00:00Z,67.81,1637.45
2024-03-10T09:30:00Z,73.29,1392.85
2024-03-10T10:00:00Z,81.16,1679.55
2024-03-10T10:30:00Z,81.06,1708.2
2024-03-10T11:00:00Z,76.94,1755.85
2024-03-10T11:30:00Z,78.11,1723.2
2024-03-10T12:00:00Z,78.84,1518.05
2024-03-10T12:30:00Z,79.05,1493.5
2024-03-10T13:00:00Z,77.02,1675.65
2024-03-10T13:30:00Z,73.9,2030.6
2024-03-10T14:00:00Z,70.33,2314.6
2024-03-10T14:30:00Z,71.06,2569.2
2024-03-10T15:00:00Z,68.58,1492.15
2024-03-10T15:30:00Z,68.27,1594.05
2024-03-10T16:00:00Z,66.17,1985.3
2024-03-10T16:30:00Z,63.46,1884.6
2024-03-10T17:00:00Z,64.55,1947.0
2024-03-10T17:30:00Z,66.38,2046.35
2024-03-10T18:00:00Z,79.06,1792.95
2024-03-10T18:30:00Z,80.97,1923.6
2024-03-10T19:00:00Z,71.25,1552.1
2024-03-10T19:30:00Z,68.28,1609.6
2024-03-10T20:00:00Z,73.28,1681.4
2024-03-10T20:30:00Z,72.14,1822.05
2024-03-10T21:00:00Z,71.52,1611.0
2024-03-10T21:30:00Z,64.38,1645.45
2024-03-10T22:00:00Z,61.550000000000004,2163.25
2024-03-10T22:30:00Z,56.48,2294.65
2024-03-10T23:00:00Z,57.24,1362.95
2024-03-10T23:30:00Z,54.75000000000001,1512.55
2024-03-11T00:00:00Z,54.71,1314.7
2024-03-11T00:30:00Z,61.52,1359.3
2024-03-11T01:00:00Z,57.95,1210.55
2024-03-11T01:30:00Z,49.12,1301.3
2024-03-11T02:00:00Z,53.50000000000001,1350.05
2024-03-11T02:30:00Z,54.5,1319.6
2024-03-11T03:00:00Z,54.61,1313.3
2024-03-11T03:30:00Z,52.95,1390.6
2024-03-11T04:00:00Z,56.83,1537.65
2024-03-11T04:30:00Z,53.62,1218.95
2024-03-11T05:00:00Z,71.05,1764.75
2024-03-11T05:30:00Z,69.31,1915.2
2024-03-11T06:00:00Z,70.04,2499.9
2024-03-11T06:30:00Z,58.7,2173.1
2024-03-11T07:00:00Z,60.55,1748.8
2024-03-11T07:30:00Z,84.18,1972.45
2024-03-11T08:00:00Z,64.81,1889.45
2024-03-11T08:30:00Z,78.54,2319.2
2024-03-11T09:00:00Z,78.79,1931.05
2024-03-11T09:30:00Z,80.89,2139.55
2024-03-11T10:00:00Z,78.17,2241.65
2024-03-11T10:30:00Z,82.2,2429.1
2024-03-11T11:00:00Z,85.45,3117.5
2024-03-11T11:30:00Z,82.77,3043.85
2024-03-11T12:00:00Z,80.03,3347.1
2024-03-11T12:30:00Z,75.79,3494.9
2024-03-11T13:00:00Z,74.18,3246.75
2024-03-11T13:30:00Z,73.89,3213.4
2024-03-11T14:00:00Z,74.38,3438.05
2024-03-11T14:30:00Z,75.75,3446.05
2024-03-11T15:00:00Z,81.07,3115.55
2024-03-11T15:30:00Z,83.66,3165.35
2024-03-11T16:00:00Z,86.55,3037.3
2024-03-11T16:30:00Z,88.2,3337.35
2024-03-11T17:00:00Z,101.2,3260.2
2024-03-11T17:30:00Z,105.38,3725.85
2024-03-11T18:00:00Z,105.28,3758.65
2024-03-11T18:30:00Z,108.32,3964.45
2024-03-11T19:00:00Z,94.52,4023.2
2024-03-11T19:30:00Z,88.87,4196.25
2024-03-11T20:00:00Z,77.72,3211.75
2024-03-11T20:30:00Z,72.66,3276.75
2024-03-11T21:00:00Z,66.96,3155.4
2024-03-11T21:30:00Z,65.81,2838.6
2024-03-11T22:00:00Z,69.38,3698.45
2024-03-11T22:30:00Z,67.4,4203.5
2024-03-11T23:00:00Z,60.96,1895.9
2024-03-11T23:30:00Z,60.96,1360.5
2024-03-12T00:00:00Z,59.63999999999999,1280.1
2024-03-12T00:30:00Z,61.879999999999995,1093.1
2024-03-12T01:00:00Z,58.09,1446.55
2024-03-12T01:30:00Z,55.83,1256.7
2024-03-12T02:00:00Z,54.86,1427.4
2024-03-12T02:30:00Z,55.39,1562.4
2024-03-12T03:00:00Z,55.01,1318.5
2024-03-12T03:30:00Z,53.23,1253.95
2024-03-12T04:00:00Z,56.68,1334.6
2024-03-12T04:30:00Z,56.089999999999996,1280.05
2024-03-12T05:00:00Z,76.05,1626.9
2024-03-12T05:30:00Z,61.6,1797.35
2024-03-12T06:00:00Z,77.95,2034.65
2024-03-12T06:30:00Z,77.25,2481.8
2024-03-12T07:00:00Z,73.65,2627.55
2024-03-12T07:30:00Z,81.74,2616.85
2024-03-12T08:00:00Z,69.4,1981.05
2024-03-12T08:30:00Z,70.23,2284.9
2024-03-12T09:00:00Z,64.31,1708.1
2024-03-12T09:30:00Z,61.49,1970.75
2024-03-12T10:00:00Z,71.08,2629.7
2024-03-12T10:30:00Z,65.06,2693.85
2024-03-12T11:00:00Z,62.13000000000001,2506.45
2024-03-12T11:30:00Z,61.269999999999996,2476.05
2024-03-12T12:00:00Z,61.24,2366.8
2024-03-12T12:30:00Z,59.43999999999999,2546.7
2024-03-12T13:00:00Z,62.76,1928.8
2024-03-12T13:30:00Z,60.13,2179.5
2024-03-12T14:00:00Z,63.59,1960.3
2024-03-12T14:30:00Z,65.94,2260.9
2024-03-12T15:00:00Z,81.19,2210.7
2024-03-12T15:30:00Z,83.2,2536.65
2024-03-12T16:00:00Z,83.26,2399.45
2024-03-12T16:30:00Z,86.62,2495.45
2024-03-12T17:00:00Z,79.36,4072.4
2024-03-12T17:30:00Z,79.62,3870.9
2024-03-12T18:00:00Z,83.83,4381.35
2024-03-12T18:30:00Z,81.3,4192.9
2024-03-12T19:00:00Z,72.99,3310.2
2024-03-12T19:30:00Z,70.97,2994.3
2024-03-12T20:00:00Z,67.12149301231493,2890.8
2024-03-12T20:30:00Z,66.42,2204.0
2024-03-12T21:00:00Z,64.96,1446.55
2024-03-12T21:30:00Z,65.25,1229.65
2024-03-12T22:00:00Z,68.33,1844.95
2024-03-12T22:30:00Z,57.27000000000001,2330.15
2024-03-12T23:00:00Z,60.81999999999999,1467.9
2024-03-12T23:30:00Z,51.26,1091.85
2024-03-13T00:00:00Z,58.760000000000005,1237.75
2024-03-13T00:30:00Z,62.85,1486.0
2024-03-13T01:00:00Z,60.28,2038.2
2024-03-13T01:30:00Z,45.9,1993.7
2024-03-13T02:00:00Z,50.63,1908.25
2024-03-13T02:30:00Z,45.72,1948.4
2024-03-13T03:00:00Z,51.71,1616.95
2024-03-13T03:30:00Z,50.24,1838.65
2024-03-13T04:00:00Z,52.9,1311.55
2024-03-13T04:30:00Z,52.93,1594.7
2024-03-13T05:00:00Z,55.05,1397.2
2024-03-13T05:30:00Z,59.38999999999999,1348.35
2024-03-13T06:00:00Z,67.67,1729.3
2024-03-13T06:30:00Z,69.37,1630.05
2024-03-13T07:00:00Z,70.16,2208.9
2024-03-13T07:30:00Z,82.26,2529.3
2024-03-13T08:00:00Z,62.17,1887.45
2024-03-13T08:30:00Z,61.29,2550.05
2024-03-13T09:00:00Z,48.53,2290.65
2024-03-13T09:30:00Z,54.12,2817.3
2024-03-13T10:00:00Z,50.86,2791.15
2024-03-13T10:30:00Z,51.35,2411.2
2024-03-13T11:00:00Z,52.96,2466.85
2024-03-13T11:30:00Z,55.14,1989.7
2024-03-13T12:00:00Z,54.58,1807.55
2024-03-13T12:30:00Z,54.81,1944.4
2024-03-13T13:00:00Z,57.65,1876.4
2024-03-13T13:30:00Z,57.28,1888.2
2024-03-13T14:00:00Z,56.41,1793.6
2024-03-13T14:30:00Z,57.65,1966.8
2024-03-13T15:00:00Z,56.67,1565.4
2024-03-13T15:30:00Z,57.11,1685.6
2024-03-13T16:00:00Z,63.04999999999999,2190.05
2024-03-13T16:30:00Z,66.13,2210.9
2024-03-13T17:00:00Z,77.88,2840.5
2024-03-13T17:30:00Z,82.78,2614.35
2024-03-13T18:00:00Z,89.44,3156.15
2024-03-13T18:30:00Z,89.89,3160.3
2024-03-13T19:00:00Z,78.14,2907.85
2024-03-13T19:30:00Z,74.09,3030.35
2024-03-13T20:00:00Z,69.9,2806.85
2024-03-13T20:30:00Z,62.86,3057.8
2024-03-13T21:00:00Z,66.04,2627.95
2024-03-13T21:30:00Z,67.0,2137.65
2024-03-13T22:00:00Z,59.86999999999999,2291.65
2024-03-13T22:30:00Z,60.56,2676.25
2024-03-13T23:00:00Z,53.01,1583.35
2024-03-13T23:30:00Z,41.71,1749.55
2024-03-14T00:00:00Z,54.59,1961.55
2024-03-14T00:30:00Z,61.47,1917.5
2024-03-14T01:00:00Z,58.37,2129.3
2024-03-14T01:30:00Z,56.67,1839.8
2024-03-14T02:00:00Z,55.01,2076.35
2024-03-14T02:30:00Z,50.88,1980.15
2024-03-14T03:00:00Z,43.06,1920.85
2024-03-14T03:30:00Z,41.66,2095.6
2024-03-14T04:00:00Z,45.75,2201.25
2024-03-14T04:30:00Z,46.56,2383.0
2024-03-14T05:00:00Z,59.28999999999999,1617.75
2024-03-14T05:30:00Z,54.23,1600.9
2024-03-14T06:00:00Z,72.94,2451.65
2024-03-14T06:30:00Z,73.64,1838.0
2024-03-14T07:00:00Z,67.74,2007.95
2024-03-14T07:30:00Z,83.76,2404.25
2024-03-14T08:00:00Z,68.5,1713.1
2024-03-14T08:30:00Z,69.76,1704.25
2024-03-14T09:00:00Z,75.35,1736.3
2024-03-14T09:30:00Z,69.85,1752.85
2024-03-14T10:00:00Z,68.84,1597.4
2024-03-14T10:30:00Z,68.81,1548.5
2024-03-14T11:00:00Z,68.49,1612.05
2024-03-14T11:30:00Z,71.3,1860.65
2024-03-14T12:00:00Z,73.57,1938.0
2024-03-14T12:30:00Z,73.07,1967.35
2024-03-14T13:00:00Z,71.92,1732.6
2024-03-14T13:30:00Z,69.12,1754.8
2024-03-14T14:00:00Z,66.45,2037.15
2024-03-14T14:30:00Z,64.7,2205.1
2024-03-14T15:00:00Z,63.25,2322.25
2024-03-14T15:30:00Z,65.48,2288.25
2024-03-14T16:00:00Z,75.91,2273.55
2024-03-14T16:30:00Z,77.02,2205.0
2024-03-14T17:00:00Z,85.25,2409.35
2024-03-14T17:30:00Z,87.0,2382.1
2024-03-14T18:00:00Z,87.57,2739.45
2024-03-14T18:30:00Z,85.41,2549.6
2024-03-14T19:00:00Z,71.06,2191.8
2024-03-14T19:30:00Z,67.48,2100.7
2024-03-14T20:00:00Z,72.63,1585.95
2024-03-14T20:30:00Z,72.01,1962.65
2024-03-14T21:00:00Z,71.09,1258.1
2024-03-14T21:30:00Z,67.82,1342.5
2024-03-14T22:00:00Z,52.46000000000001,1548.85
2024-03-14T22:30:00Z,40.31,2027.7
2024-03-14T23:00:00Z,51.940000000000005,1316.9
2024-03-14T23:30:00Z,45.709999999999994,1517.85
2024-03-15T00:00:00Z,42.87,1477.35
2024-03-15T00:30:00Z,49.66,1714.9
2024-03-15T01:00:00Z,43.029999999999994,1530.8
2024-03-15T01:30:00Z,33.59,1329.4
2024-03-15T02:00:00Z,36.93,1397.1
2024-03-15T02:30:00Z,32.83,1387.45
2024-03-15T03:00:00Z,26.85,1373.2
2024-03-15T03:30:00Z,25.17,1267.55
2024-03-15T04:00:00Z,25.69,1390.15
2024-03-15T04:30:00Z,24.94,1656.65
2024-03-15T05:00:00Z,32.82,1248.75
2024-03-15T05:30:00Z,37.09,1233.75
2024-03-15T06:00:00Z,34.28,1803.05
2024-03-15T06:30:00Z,45.51,1836.15
2024-03-15T07:00:00Z,31.38,1799.05
2024-03-15T07:30:00Z,34.09,1764.1
2024-03-15T08:00:00Z,36.96,2238.75
2024-03-15T08:30:00Z,40.42,2582.05
2024-03-15T09:00:00Z,48.38,2819.75
2024-03-15T09:30:00Z,48.72,2623.0
2024-03-15T10:00:00Z,46.16,2402.35
2024-03-15T10:30:00Z,45.31,2688.85
2024-03-15T11:00:00Z,41.84,2393.1
2024-03-15T11:30:00Z,43.61,2933.2
2024-03-15T12:00:00Z,44.67,2888.95
2024-03-15T12:30:00Z,38.85,2888.15
2024-03-15T13:00:00Z,35.82,2752.2
2024-03-15T13:30:00Z,35.38,3270.85
2024-03-15T14:00:00Z,34.64,3164.8
2024-03-15T14:30:00Z,34.09,2932.4
2024-03-15T15:00:00Z,41.66,2686.1
2024-03-15T15:30:00Z,43.4,2811.05
2024-03-15T16:00:00Z,54.49,2943.2
2024-03-15T16:30:00Z,57.4,3118.3
2024-03-15T17:00:00Z,59.74000000000001,3068.45
2024-03-15T17:30:00Z,67.08,2788.05
2024-03-15T18:00:00Z,73.35,3212.95
2024-03-15T18:30:00Z,76.01,2860.8
2024-03-15T19:00:00Z,77.44,2736.0
2024-03-15T19:30:00Z,75.22,2272.5
2024-03-15T20:00:00Z,75.18,2216.6
2024-03-15T20:30:00Z,75.16,1826.1
2024-03-15T21:00:00Z,72.68,1504.95
2024-03-15T21:30:00Z,64.63,1573.4
2024-03-15T22:00:00Z,63.95,1768.35
2024-03-15T22:30:00Z,57.07,1985.95
2024-03-15T23:00:00Z,55.07,1845.75
2024-03-15T23:30:00Z,57.63,1568.35
2024-03-16T00:00:00Z,64.19,1417.3
2024-03-16T00:30:00Z,67.31,1527.15
2024-03-16T01:00:00Z,65.1,1471.55
2024-03-16T01:30:00Z,60.68000000000001,1443.3
2024-03-16T02:00:00Z,59.52,1308.0
2024-03-16T02:30:00Z,64.38,1291.7
2024-03-16T03:00:00Z,60.97,1702.8
2024-03-16T03:30:00Z,61.06,1688.65
2024-03-16T04:00:00Z,61.220000000000006,1272.6
2024-03-16T04:30:00Z,62.6,1444.55
2024-03-16T05:00:00Z,66.2,1033.2
2024-03-16T05:30:00Z,63.779999999999994,1282.65
2024-03-16T06:00:00Z,65.47,1096.05
2024-03-16T06:30:00Z,60.47,1473.55
2024-03-16T07:00:00Z,62.14,1461.2
2024-03-16T07:30:00Z,67.59,1247.85
2024-03-16T08:00:00Z,70.4,1458.7
2024-03-16T08:30:00Z,71.19,1512.9
2024-03-16T09:00:00Z,72.21,1734.55
2024-03-16T09:30:00Z,69.15,1699.05
2024-03-16T10:00:00Z,66.46,1394.65
2024-03-16T10:30:00Z,65.26,1424.1
2024-03-16T11:00:00Z,63.93999999999999,1385.9
2024-03-16T11:30:00Z,61.92,1677.8
2024-03-16T12:00:00Z,67.88,1618.85
2024-03-16T12:30:00Z,67.95,1685.3
2024-03-16T13:00:00Z,71.32,1606.25
2024-03-16T13:30:00Z,69.51,1811.0
2024-03-16T14:00:00Z,62.53,1826.25
2024-03-16T14:30:00Z,65.67,1952.95
2024-03-16T15:00:00Z,72.78,1470.55
2024-03-16T15:30:00Z,73.48,1632.6
2024-03-16T16:00:00Z,73.51,1703.3
2024-03-16T16:30:00Z,72.71,1959.7
2024-03-16T17:00:00Z,74.4,1646.05
2024-03-16T17:30:00Z,75.58,1793.65
2024-03-16T18:00:00Z,78.21,1919.1
2024-03-16T18:30:00Z,77.36,2075.45
2024-03-16T19:00:00Z,66.42,1619.05
2024-03-16T19:30:00Z,66.79,1839.9
2024-03-16T20:00:00Z,70.43,1721.2
2024-03-16T20:30:00Z,66.52,1926.4
2024-03-16T21:00:00Z,61.40999999999999,1462.85
2024-03-16T21:30:00Z,49.96,1941.2
2024-03-16T22:00:00Z,59.33,1762.25
2024-03-16T22:30:00Z,57.28,1877.85
2024-03-16T23:00:00Z,52.98,1942.3
2024-03-16T23:30:00Z,52.45,1585.5
2024-03-17T00:00:00Z,43.22,1784.7
2024-03-17T00:30:00Z,46.17999999999999,1784.95
2024-03-17T01:00:00Z,47.46,1324.1
2024-03-17T01:30:00Z,45.59,1311.35
2024-03-17T02:00:00Z,43.85,1385.25
2024-03-17T02:30:00Z,44.61,1148.35
2024-03-17T03:00:00Z,42.15,1139.55
2024-03-17T03:30:00Z,41.54,1233.8
2024-03-17T04:00:00Z,47.62,1433.15
2024-03-17T04:30:00Z,46.0,1360.85
2024-03-17T05:00:00Z,43.17,1090.7
2024-03-17T05:30:00Z,52.62,1064.5
2024-03-17T06:00:00Z,48.74,1239.75
2024-03-17T06:30:00Z,50.529999999999994,1299.9
2024-03-17T07:00:00Z,58.05,1532.45
2024-03-17T07:30:00Z,69.18,1736.45
2024-03-17T08:00:00Z,68.26,1537.7
2024-03-17T08:30:00Z,80.24,1763.85
2024-03-17T09:00:00Z,86.7,1831.5
2024-03-17T09:30:00Z,86.66,1744.65
2024-03-17T10:00:00Z,87.54,1629.6
2024-03-17T10:30:00Z,89.49,2323.1
2024-03-17T11:00:00Z,87.49,1631.6
2024-03-17T11:30:00Z,88.65,2040.95
2024-03-17T12:00:00Z,84.41,2062.0
2024-03-17T12:30:00Z,78.05,1951.85
2024-03-17T13:00:00Z,68.58,2406.45
2024-03-17T13:30:00Z,63.75,2106.85
2024-03-17T14:00:00Z,65.22,2416.6
2024-03-17T14:30:00Z,64.95,2205.7
2024-03-17T15:00:00Z,56.88,2033.1
2024-03-17T15:30:00Z,58.57,2002.55
2024-03-17T16:00:00Z,61.81999999999999,2214.6
2024-03-17T16:30:00Z,72.45,2304.05
2024-03-17T17:00:00Z,78.64,1781.45
2024-03-17T17:30:00Z,80.24,2007.85
2024-03-17T18:00:00Z,80.93,2083.35
2024-03-17T18:30:00Z,83.4,1948.6
2024-03-17T19:00:00Z,84.29,1479.9
2024-03-17T19:30:00Z,76.53,1366.65
2024-03-17T20:00:00Z,76.65,1409.3
2024-03-17T20:30:00Z,72.19,1388.15
2024-03-17T21:00:00Z,73.12,1573.2
2024-03-17T21:30:00Z,65.5,1865.7
2024-03-17T22:00:00Z,63.5,2034.85
2024-03-17T22:30:00Z,56.79999999999999,2555.45
2024-03-17T23:00:00Z,57.92,1632.8
2024-03-17T23:30:00Z,57.2,1521.05
2024-03-18T00:00:00Z,58.89,1448.75
2024-03-18T00:30:00Z,67.32,1661.0
2024-03-18T01:00:00Z,68.55,1752.4
2024-03-18T01:30:00Z,64.57,1991.45
2024-03-18T02:00:00Z,62.52,2069.55
2024-03-18T02:30:00Z,60.78,1965.6
2024-03-18T03:00:00Z,62.05,1595.05
2024-03-18T03:30:00Z,61.28,1488.75
2024-03-18T04:00:00Z,57.220000000000006,1765.9
2024-03-18T04:30:00Z,56.71,1889.35
2024-03-18T05:00:00Z,63.18,1994.6
2024-03-18T05:30:00Z,60.19,2306.25
2024-03-18T06:00:00Z,63.59,1837.4
2024-03-18T06:30:00Z,75.1,1934.0
2024-03-18T07:00:00Z,87.1,1929.85
2024-03-18T07:30:00Z,99.88,2112.55
2024-03-18T08:00:00Z,92.19,1820.3
2024-03-18T08:30:00Z,82.37,2084.55
2024-03-18T09:00:00Z,74.29,2038.15
2024-03-18T09:30:00Z,72.41,2330.0
2024-03-18T10:00:00Z,68.58,2385.2
2024-03-18T10:30:00Z,64.95,2668.35
2024-03-18T11:00:00Z,69.17,2237.85
2024-03-18T11:30:00Z,69.5,2444.9
2024-03-18T12:00:00Z,67.26,2366.95
2024-03-18T12:30:00Z,61.83,2509.0
2024-03-18T13:00:00Z,60.51,2370.3
2024-03-18T13:30:00Z,58.0,2587.75
2024-03-18T14:00:00Z,63.46,2670.0
2024-03-18T14:30:00Z,62.330000000000005,2665.75
2024-03-18T15:00:00Z,69.36,1854.6
2024-03-18T15:30:00Z,70.15,1829.45
2024-03-18T16:00:00Z,67.15,1891.15
2024-03-18T16:30:00Z,65.48,1987.05
2024-03-18T17:00:00Z,77.35,2354.15
2024-03-18T17:30:00Z,76.79,2568.85
2024-03-18T18:00:00Z,93.22,3039.95
2024-03-18T18:30:00Z,90.98,2874.85
2024-03-18T19:00:00Z,74.05,2002.35
2024-03-18T19:30:00Z,74.57,2143.85
2024-03-18T20:00:00Z,66.57,2145.95
2024-03-18T20:30:00Z,64.68,2184.0
2024-03-18T21:00:00Z,59.3,1694.55
2024-03-18T21:30:00Z,37.91,2226.45
2024-03-18T22:00:00Z,44.6,2239.7
2024-03-18T22:30:00Z,26.14,2174.65
2024-03-18T23:00:00Z,45.38,1775.7
2024-03-18T23:30:00Z,42.95,2188.85
2024-03-19T00:00:00Z,42.22,2217.85
2024-03-19T00:30:00Z,48.370000000000005,2721.8
2024-03-19T01:00:00Z,45.41,1681.55
2024-03-19T01:30:00Z,41.84,1920.85
2024-03-19T02:00:00Z,37.62,2083.15
2024-03-19T02:30:00Z,43.04,2100.95
2024-03-19T03:00:00Z,45.95,2368.25
2024-03-19T03:30:00Z,40.04,2075.75
2024-03-19T04:00:00Z,53.31,2022.55
2024-03-19T04:30:00Z,47.96,2177.0
2024-03-19T05:00:00Z,46.47,1675.7
2024-03-19T05:30:00Z,58.47,2202.55
2024-03-19T06:00:00Z,71.99,2307.2
2024-03-19T06:30:00Z,81.63,2295.45
2024-03-19T07:00:00Z,65.65,2317.65
2024-03-19T07:30:00Z,77.87,2148.75
2024-03-19T08:00:00Z,58.58,1680.7
2024-03-19T08:30:00Z,59.91,1795.8
2024-03-19T09:00:00Z,44.51,2321.2
2024-03-19T09:30:00Z,40.35,2977.95
2024-03-19T10:00:00Z,61.32,3015.9
2024-03-19T10:30:00Z,63.98,2546.15
2024-03-19T11:00:00Z,56.73,2054.75
2024-03-19T11:30:00Z,63.38000000000001,2216.75
2024-03-19T12:00:00Z,67.83,2216.65
2024-03-19T12:30:00Z,72.18,1944.75
2024-03-19T13:00:00Z,77.78,1983.7
2024-03-19T13:30:00Z,76.53,2211.35
2024-03-19T14:00:00Z,74.44,2307.75
2024-03-19T14:30:00Z,72.06,2671.0
2024-03-19T15:00:00Z,81.94,2598.35
2024-03-19T15:30:00Z,81.95,3056.8
2024-03-19T16:00:00Z,83.77,3035.6
2024-03-19T16:30:00Z,87.05,2795.65
2024-03-19T17:00:00Z,108.72999999999999,2670.9
2024-03-19T17:30:00Z,113.84,2949.3
2024-03-19T18:00:00Z,119.26000000000002,2578.75
2024-03-19T18:30:00Z,123.23,2612.8
2024-03-19T19:00:00Z,106.71,2210.75
2024-03-19T19:30:00Z,101.19,1923.95
2024-03-19T20:00:00Z,87.39,2053.15
2024-03-19T20:30:00Z,80.17,1778.9
2024-03-19T21:00:00Z,77.83,2506.5
2024-03-19T21:30:00Z,76.84,2486.05
2024-03-19T22:00:00Z,74.46,1958.65
2024-03-19T22:30:00Z,68.84,2104.4
2024-03-19T23:00:00Z,70.22,1143.7
2024-03-19T23:30:00Z,66.95,1252.3
2024-03-20T00:00:00Z,67.49,1128.9
2024-03-20T00:30:00Z,76.43,1173.05
2024-03-20T01:00:00Z,74.29,1364.25
2024-03-20T01:30:00Z,67.26,1200.25
2024-03-20T02:00:00Z,68.81,1480.45
2024-03-20T02:30:00Z,66.19,1437.45
2024-03-20T03:00:00Z,65.19,1311.75
2024-03-20T03:30:00Z,64.73,1287.8
2024-03-20T04:00:00Z,75.85,1034.8
2024-03-20T04:30:00Z,70.33,1685.75
2024-03-20T05:00:00Z,84.21,1393.6
2024-03-20T05:30:00Z,75.2,2142.8
2024-03-20T06:00:00Z,88.21,1554.6
2024-03-20T06:30:00Z,99.0,2131.45
2024-03-20T07:00:00Z,79.34,1950.5
2024-03-20T07:30:00Z,89.28,2352.6
2024-03-20T08:00:00Z,90.33,2044.65
2024-03-20T08:30:00Z,90.15,1578.0
2024-03-20T09:00:00Z,90.54,1604.2
2024-03-20T09:30:00Z,85.83,1436.2
2024-03-20T10:00:00Z,81.3,1599.75
2024-03-20T10:30:00Z,78.63,1715.65
2024-03-20T11:00:00Z,71.37,1836.15
2024-03-20T11:30:00Z,69.41,1742.35
2024-03-20T12:00:00Z,70.82,1830.6
2024-03-20T12:30:00Z,72.43,1677.55
2024-03-20T13:00:00Z,74.28,1552.65
2024-03-20T13:30:00Z,74.77,1729.75
2024-03-20T14:00:00Z,77.82,2135.95
2024-03-20T14:30:00Z,75.8,2080.15
2024-03-20T15:00:00Z,91.07,2345.15
2024-03-20T15:30:00Z,86.44,2245.35
2024-03-20T16:00:00Z,92.38,2222.35
2024-03-20T16:30:00Z,93.29,2481.9
2024-03-20T17:00:00Z,107.57,3574.55
2024-03-20T17:30:00Z,104.29,3625.4
2024-03-20T18:00:00Z,114.54,3990.9
2024-03-20T18:30:00Z,120.63,3888.45
2024-03-20T19:00:00Z,98.65,3088.6
2024-03-20T19:30:00Z,97.73,2937.3
2024-03-20T20:00:00Z,79.02,2317.4
2024-03-20T20:30:00Z,72.86,2043.55
2024-03-20T21:00:00Z,67.32,1704.7
2024-03-20T21:30:00Z,75.61,2209.8
2024-03-20T22:00:00Z,71.39,1647.85
2024-03-20T22:30:00Z,67.62,2075.4
2024-03-20T23:00:00Z,71.54,2045.45
2024-03-20T23:30:00Z,77.22,1832.35
2024-03-21T00:00:00Z,75.36,1876.05
2024-03-21T00:30:00Z,76.34,1848.65
2024-03-21T01:00:00Z,69.07,1526.2
2024-03-21T01:30:00Z,63.59,1742.75
2024-03-21T02:00:00Z,52.9,1819.05
2024-03-21T02:30:00Z,51.52,2105.0
2024-03-21T03:00:00Z,54.14,1779.6
2024-03-21T03:30:00Z,47.17,1860.2
2024-03-21T04:00:00Z,50.03,1857.8
2024-03-21T04:30:00Z,56.32,2075.95
2024-03-21T05:00:00Z,65.55,1658.75
2024-03-21T05:30:00Z,60.51,1881.0
2024-03-21T06:00:00Z,68.03,1735.5
2024-03-21T06:30:00Z,80.0,1715.35
2024-03-21T07:00:00Z,73.64,1827.05
2024-03-21T07:30:00Z,84.13,1879.5
2024-03-21T08:00:00Z,84.04,2009.05
2024-03-21T08:30:00Z,83.5,2397.65
2024-03-21T09:00:00Z,80.55,2446.35
2024-03-21T09:30:00Z,77.14,2817.85
2024-03-21T10:00:00Z,77.58,3018.55
2024-03-21T10:30:00Z,76.78,2839.4
2024-03-21T11:00:00Z,57.56,2089.05
2024-03-21T11:30:00Z,52.27,2427.9
2024-03-21T12:00:00Z,54.71,2388.0
2024-03-21T12:30:00Z,52.00000000000001,2899.9
2024-03-21T13:00:00Z,56.03,2439.45
2024-03-21T13:30:00Z,52.879999999999995,2598.5
2024-03-21T14:00:00Z,53.72,2662.5
2024-03-21T14:30:00Z,52.92000000000001,2752.55
2024-03-21T15:00:00Z,62.91,1949.4
2024-03-21T15:30:00Z,64.35,2174.3
2024-03-21T16:00:00Z,59.64,2359.15
2024-03-21T16:30:00Z,63.57,2420.6
2024-03-21T17:00:00Z,71.77,2140.15
2024-03-21T17:30:00Z,75.57,2314.7
2024-03-21T18:00:00Z,79.61,2329.95
2024-03-21T18:30:00Z,81.47,2570.1
2024-03-21T19:00:00Z,64.45,2058.1
2024-03-21T19:30:00Z,62.44,2081.9
2024-03-21T20:00:00Z,64.37,2031.8
2024-03-21T20:30:00Z,60.37,1998.8
2024-03-21T21:00:00Z,51.02,1792.35
2024-03-21T21:30:00Z,31.79,1768.6
2024-03-21T22:00:00Z,45.01,1941.5
2024-03-21T22:30:00Z,23.84,2438.85
2024-03-21T23:00:00Z,25.189999999999998,1653.2
2024-03-21T23:30:00Z,17.41,1492.85
2024-03-22T00:00:00Z,14.429999999999998,1592.55
2024-03-22T00:30:00Z,16.47,1603.2
2024-03-22T01:00:00Z,4.82,1876.15
2024-03-22T01:30:00Z,-2.31,1726.0
2024-03-22T02:00:00Z,2.21,2108.35
2024-03-22T02:30:00Z,0.95,1733.05
2024-03-22T03:00:00Z,27.03,2201.5
2024-03-22T03:30:00Z,25.86,2528.5
2024-03-22T04:00:00Z,9.19,1800.25
2024-03-22T04:30:00Z,19.09,2167.45
2024-03-22T05:00:00Z,15.45,2038.9
2024-03-22T05:30:00Z,37.46,1956.75
2024-03-22T06:00:00Z,32.06,1881.75
2024-03-22T06:30:00Z,58.44,2019.55
2024-03-22T07:00:00Z,8.42,1954.9
2024-03-22T07:30:00Z,33.89,2253.4
2024-03-22T08:00:00Z,50.43,2368.05
2024-03-22T08:30:00Z,44.2,2838.15
2024-03-22T09:00:00Z,32.01,2100.55
2024-03-22T09:30:00Z,30.75,2270.9
2024-03-22T10:00:00Z,44.94,2524.55
2024-03-22T10:30:00Z,41.52,2910.15
2024-03-22T11:00:00Z,31.96,2136.9
2024-03-22T11:30:00Z,30.24,2030.25
2024-03-22T12:00:00Z,47.1,2125.95
2024-03-22T12:30:00Z,44.71,2391.9
2024-03-22T13:00:00Z,52.4,2394.1
2024-03-22T13:30:00Z,50.2,2199.6
2024-03-22T14:00:00Z,41.34,2667.6
2024-03-22T14:30:00Z,32.04,2557.55
2024-03-22T15:00:00Z,28.3,2212.2
2024-03-22T15:30:00Z,26.41,2196.5
2024-03-22T16:00:00Z,27.03,2088.45
2024-03-22T16:30:00Z,40.58,2480.55
2024-03-22T17:00:00Z,47.49,2024.95
2024-03-22T17:30:00Z,60.29,2142.85
2024-03-22T18:00:00Z,71.59,2051.25
2024-03-22T18:30:00Z,75.03,2423.4
2024-03-22T19:00:00Z,79.41,2183.5
2024-03-22T19:30:00Z,75.55,2116.85
2024-03-22T20:00:00Z,69.09,2202.05
2024-03-22T20:30:00Z,57.37,2236.3
2024-03-22T21:00:00Z,55.25,1774.75
2024-03-22T21:30:00Z,26.98,1712.15
2024-03-22T22:00:00Z,47.34,1910.05
2024-03-22T22:30:00Z,25.8,2050.65
2024-03-22T23:00:00Z,44.82,2039.9
2024-03-22T23:30:00Z,16.66,2154.4
2024-03-23T00:00:00Z,16.64,1991.8
2024-03-23T00:30:00Z,17.53,2245.9
2024-03-23T01:00:00Z,13.77,1962.6
2024-03-23T01:30:00Z,2.73,1706.25
2024-03-23T02:00:00Z,14.93,2197.95
2024-03-23T02:30:00Z,2.43,1669.85
2024-03-23T03:00:00Z,-3.5099999999999993,1698.55
2024-03-23T03:30:00Z,-6.84,1458.85
2024-03-23T04:00:00Z,-4.65,1463.4
2024-03-23T04:30:00Z,-6.3999999999999995,1482.15
2024-03-23T05:00:00Z,-7.94,1110.7
2024-03-23T05:30:00Z,-4.95,1402.3
2024-03-23T06:00:00Z,2.07,1705.75
2024-03-23T06:30:00Z,5.629999999999999,1736.5
2024-03-23T07:00:00Z,-3.3,1154.65
2024-03-23T07:30:00Z,-4.51,1488.15
2024-03-23T08:00:00Z,-14.39,1630.35
2024-03-23T08:30:00Z,-1.76,1655.35
2024-03-23T09:00:00Z,-16.27,1528.05
2024-03-23T09:30:00Z,-13.59,1739.35
2024-03-23T10:00:00Z,1.4,1982.25
2024-03-23T10:30:00Z,-1.39,1877.35
2024-03-23T11:00:00Z,-14.170000000000002,1610.3
2024-03-23T11:30:00Z,-15.39,1965.3
2024-03-23T12:00:00Z,0.24,2377.4
2024-03-23T12:30:00Z,-4.21,2371.3
2024-03-23T13:00:00Z,-8.46,1832.5
2024-03-23T13:30:00Z,-3.27,1914.4
2024-03-23T14:00:00Z,-5.06,2208.6
2024-03-23T14:30:00Z,-1.27,2304.75
2024-03-23T15:00:00Z,9.28,2275.85
2024-03-23T15:30:00Z,8.46,2226.8
2024-03-23T16:00:00Z,10.56,1786.1
2024-03-23T16:30:00Z,33.68,2120.75
2024-03-23T17:00:00Z,47.21,2047.4
2024-03-23T17:30:00Z,67.8,2335.9
2024-03-23T18:00:00Z,64.08,2127.7
2024-03-23T18:30:00Z,71.57,2074.65
2024-03-23T19:00:00Z,70.77,1688.1
2024-03-23T19:30:00Z,58.37,1794.75
2024-03-23T20:00:00Z,57.95,2270.0
2024-03-23T20:30:00Z,30.39,2121.2
2024-03-23T21:00:00Z,57.99,2109.65
2024-03-23T21:30:00Z,25.15,2462.5
2024-03-23T22:00:00Z,42.2,2544.65
2024-03-23T22:30:00Z,13.27,1945.9
2024-03-23T23:00:00Z,23.42,1853.9
2024-03-23T23:30:00Z,6.92,1508.55
2024-03-24T00:00:00Z,-2.8000000000000003,1965.45
2024-03-24T00:30:00Z,11.34,2180.45
2024-03-24T01:00:00Z,4.81,1697.9
2024-03-24T01:30:00Z,-1.7699999999999998,1652.75
2024-03-24T02:00:00Z,0.9099999999999999,1700.3
2024-03-24T02:30:00Z,0.6900000000000001,1537.9
2024-03-24T03:00:00Z,-2.85,1326.65
2024-03-24T03:30:00Z,-4.55,1304.75
2024-03-24T04:00:00Z,-3.1,1113.8
2024-03-24T04:30:00Z,-1.59,1124.9
2024-03-24T05:00:00Z,-1.57,970.1
2024-03-24T05:30:00Z,-1.65,989.5
2024-03-24T06:00:00Z,-6.82,1185.95
2024-03-24T06:30:00Z,-4.82,1155.3
2024-03-24T07:00:00Z,-9.73,1333.0
2024-03-24T07:30:00Z,-7.85,1648.65
2024-03-24T08:00:00Z,-14.16,1741.35
2024-03-24T08:30:00Z,-13.13,1834.15
2024-03-24T09:00:00Z,-10.77,1281.45
2024-03-24T09:30:00Z,-2.3,1296.45
2024-03-24T10:00:00Z,6.89,1234.55
2024-03-24T10:30:00Z,28.39,1425.0
2024-03-24T11:00:00Z,50.17,1650.95
2024-03-24T11:30:00Z,67.41,1792.45
2024-03-24T12:00:00Z,72.3,1810.95
2024-03-24T12:30:00Z,75.3,1883.3
2024-03-24T13:00:00Z,73.6,1998.2
2024-03-24T13:30:00Z,68.15,2337.25
2024-03-24T14:00:00Z,65.48,2404.0
2024-03-24T14:30:00Z,64.63,2297.25
2024-03-24T15:00:00Z,62.51,2049.5
2024-03-24T15:30:00Z,69.36,2371.25
2024-03-24T16:00:00Z,70.43999999999998,2004.1
2024-03-24T16:30:00Z,74.41,1925.05
2024-03-24T17:00:00Z,80.89,1804.8
2024-03-24T17:30:00Z,91.83,2129.1
2024-03-24T18:00:00Z,96.72,2230.0
2024-03-24T18:30:00Z,99.89,2340.9
2024-03-24T19:00:00Z,96.61,1784.45
2024-03-24T19:30:00Z,95.74000000000001,1589.9
2024-03-24T20:00:00Z,98.37,1863.25
2024-03-24T20:30:00Z,93.35,1931.7
2024-03-24T21:00:00Z,87.08,2142.75
2024-03-24T21:30:00Z,78.31,2041.85
2024-03-24T22:00:00Z,78.25,1858.55
2024-03-24T22:30:00Z,71.9,1963.65
2024-03-24T23:00:00Z,70.62,815.3
2024-03-24T23:30:00Z,70.13,857.05
2024-03-25T00:00:00Z,60.86,989.7
2024-03-25T00:30:00Z,62.04999999999999,1012.8
2024-03-25T01:00:00Z,61.78,1154.75
2024-03-25T01:30:00Z,58.52,1136.9
2024-03-25T02:00:00Z,56.58,961.4
2024-03-25T02:30:00Z,54.16,1021.85
2024-03-25T03:00:00Z,54.35,1053.3
2024-03-25T03:30:00Z,53.32999999999999,966.7
2024-03-25T04:00:00Z,56.23,1005.6
2024-03-25T04:30:00Z,54.85,1061.25
2024-03-25T05:00:00Z,63.21,1178.35
2024-03-25T05:30:00Z,60.16,1132.65
2024-03-25T06:00:00Z,72.56,1643.5
2024-03-25T06:30:00Z,82.22,2112.25
2024-03-25T07:00:00Z,66.52,2369.7
2024-03-25T07:30:00Z,78.48,2531.15
2024-03-25T08:00:00Z,69.11,1821.6
2024-03-25T08:30:00Z,68.22,1695.9
2024-03-25T09:00:00Z,72.89,1898.35
2024-03-25T09:30:00Z,67.68,2075.3
2024-03-25T10:00:00Z,67.24,1854.5
2024-03-25T10:30:00Z,65.87,2024.65
2024-03-25T11:00:00Z,63.64,1696.2
2024-03-25T11:30:00Z,63.13,1980.95
2024-03-25T12:00:00Z,64.5,2471.15
2024-03-25T12:30:00Z,65.98,2584.05
2024-03-25T13:00:00Z,67.98,2217.95
2024-03-25T13:30:00Z,67.46,2291.65
2024-03-25T14:00:00Z,66.85,2281.85
2024-03-25T14:30:00Z,66.14,2402.75
2024-03-25T15:00:00Z,73.97,2666.05
2024-03-25T15:30:00Z,71.35,2850.45
2024-03-25T16:00:00Z,78.47,2802.35
2024-03-25T16:30:00Z,85.10999999999999,3240.55
2024-03-25T17:00:00Z,105.71999999999998,3922.0
2024-03-25T17:30:00Z,107.81,3935.65
2024-03-25T18:00:00Z,103.82,3805.5
2024-03-25T18:30:00Z,104.76000000000002,3664.65
2024-03-25T19:00:00Z,85.41,2548.95
2024-03-25T19:30:00Z,81.83,2698.15
2024-03-25T20:00:00Z,79.32,2653.85
2024-03-25T20:30:00Z,76.97,2548.1
2024-03-25T21:00:00Z,84.86,3212.3
2024-03-25T21:30:00Z,82.01,2826.1
2024-03-25T22:00:00Z,75.56,3064.2
2024-03-25T22:30:00Z,75.67,2701.45
2024-03-25T23:00:00Z,70.4,1446.9
2024-03-25T23:30:00Z,60.38,1308.15
2024-03-26T00:00:00Z,59.55,1755.3
2024-03-26T00:30:00Z,64.25,1623.35
2024-03-26T01:00:00Z,59.87,1714.75
2024-03-26T01:30:00Z,59.95,1513.8
2024-03-26T02:00:00Z,60.44,1681.05
2024-03-26T02:30:00Z,59.0,1603.85
2024-03-26T03:00:00Z,60.69,1158.7
2024-03-26T03:30:00Z,61.18,1081.9
2024-03-26T04:00:00Z,66.01,1282.1
2024-03-26T04:30:00Z,63.11,1655.8
2024-03-26T05:00:00Z,67.42,1793.15
2024-03-26T05:30:00Z,70.7,2022.55
2024-03-26T06:00:00Z,74.6,1723.8
2024-03-26T06:30:00Z,75.29,2615.95
2024-03-26T07:00:00Z,76.25,2508.4
2024-03-26T07:30:00Z,79.37,2305.55
2024-03-26T08:00:00Z,86.08,2104.05
2024-03-26T08:30:00Z,84.03,2116.15
2024-03-26T09:00:00Z,85.53,2364.75
2024-03-26T09:30:00Z,83.66,2535.75
2024-03-26T10:00:00Z,76.87,2798.6
2024-03-26T10:30:00Z,74.89,2776.9
2024-03-26T11:00:00Z,71.81,3130.8
2024-03-26T11:30:00Z,70.22,3511.75
2024-03-26T12:00:00Z,67.5,3491.45
2024-03-26T12:30:00Z,68.21,3455.3
2024-03-26T13:00:00Z,69.73,3417.1
2024-03-26T13:30:00Z,69.47,3347.95
2024-03-26T14:00:00Z,70.31,3399.95
2024-03-26T14:30:00Z,72.16,2974.1
2024-03-26T15:00:00Z,80.87,2429.05
2024-03-26T15:30:00Z,81.02,2320.4
2024-03-26T16:00:00Z,80.58,2436.3
2024-03-26T16:30:00Z,84.64,2638.9
2024-03-26T17:00:00Z,90.9,2767.05
2024-03-26T17:30:00Z,92.91,2707.5
2024-03-26T18:00:00Z,96.5,2999.5
2024-03-26T18:30:00Z,98.03000000000002,2979.55
2024-03-26T19:00:00Z,75.28,3164.35
2024-03-26T19:30:00Z,73.96,3187.4
2024-03-26T20:00:00Z,68.65,2537.5
2024-03-26T20:30:00Z,64.2,2571.05
2024-03-26T21:00:00Z,63.459999999999994,2136.95
2024-03-26T21:30:00Z,58.02000000000001,2343.25
2024-03-26T22:00:00Z,56.92999999999999,2421.95
2024-03-26T22:30:00Z,31.86,2389.1
2024-03-26T23:00:00Z,64.92,1285.45
2024-03-26T23:30:00Z,49.68,1487.3
2024-03-27T00:00:00Z,38.82,1807.1
2024-03-27T00:30:00Z,52.800000000000004,1703.8
2024-03-27T01:00:00Z,57.09,1560.8
2024-03-27T01:30:00Z,48.22,1688.15
2024-03-27T02:00:00Z,43.91,1631.5
2024-03-27T02:30:00Z,34.84,1872.6
2024-03-27T03:00:00Z,43.26,1701.05
2024-03-27T03:30:00Z,38.73,1662.1
2024-03-27T04:00:00Z,34.2,1699.8
2024-03-27T04:30:00Z,27.76,1823.75
2024-03-27T05:00:00Z,53.45,2293.85
2024-03-27T05:30:00Z,63.19,2539.8
2024-03-27T06:00:00Z,67.86,2711.75
2024-03-27T06:30:00Z,81.89,2770.9
2024-03-27T07:00:00Z,76.63,3856.15
2024-03-27T07:30:00Z,84.26,3981.15
2024-03-27T08:00:00Z,83.1,3704.0
2024-03-27T08:30:00Z,82.29,3866.2
2024-03-27T09:00:00Z,76.05,3210.9
2024-03-27T09:30:00Z,77.8,3396.6
2024-03-27T10:00:00Z,67.56,3462.65
2024-03-27T10:30:00Z,64.99,3609.35
2024-03-27T11:00:00Z,61.49,2819.05
2024-03-27T11:30:00Z,66.34,2747.15
2024-03-27T12:00:00Z,69.44,2449.45
2024-03-27T12:30:00Z,70.1,2287.2
2024-03-27T13:00:00Z,73.35,2718.6
2024-03-27T13:30:00Z,69.81,2833.4
2024-03-27T14:00:00Z,66.78,2921.35
2024-03-27T14:30:00Z,59.91,3190.1
2024-03-27T15:00:00Z,56.54,3511.9
2024-03-27T15:30:00Z,56.35,3738.05
2024-03-27T16:00:00Z,63.970000000000006,3853.2
2024-03-27T16:30:00Z,63.94,3965.4
2024-03-27T17:00:00Z,75.83,3643.9
2024-03-27T17:30:00Z,84.37,3606.45
2024-03-27T18:00:00Z,82.68,3217.45
2024-03-27T18:30:00Z,87.02,3431.95
2024-03-27T19:00:00Z,74.7,1992.9
2024-03-27T19:30:00Z,74.64,1964.75
2024-03-27T20:00:00Z,78.91,1961.05
2024-03-27T20:30:00Z,79.08,1958.85
2024-03-27T21:00:00Z,76.56,2415.05
2024-03-27T21:30:00Z,67.41,2703.4
2024-03-27T22:00:00Z,73.13,2410.4
2024-03-27T22:30:00Z,76.91,2414.5
2024-03-27T23:00:00Z,70.35,1740.5
2024-03-27T23:30:00Z,58.59000000000001,1684.6
2024-03-28T00:00:00Z,63.44,1709.3
2024-03-28T00:30:00Z,61.37,1885.4
2024-03-28T01:00:00Z,59.34,1838.75
2024-03-28T01:30:00Z,59.08,2118.85
2024-03-28T02:00:00Z,62.91,2139.85
2024-03-28T02:30:00Z,46.3,2198.7
2024-03-28T03:00:00Z,50.01,2171.2
2024-03-28T03:30:00Z,42.919999999999995,1841.05
2024-03-28T04:00:00Z,48.78,1522.5
2024-03-28T04:30:00Z,42.68,1576.05
2024-03-28T05:00:00Z,46.02,1534.95
2024-03-28T05:30:00Z,47.85999999999999,1577.7
2024-03-28T06:00:00Z,51.5,1740.15
2024-03-28T06:30:00Z,64.63,1922.9
2024-03-28T07:00:00Z,40.54,2312.25
2024-03-28T07:30:00Z,59.03,2329.45
2024-03-28T08:00:00Z,64.71,2358.85
2024-03-28T08:30:00Z,65.86,2478.1
2024-03-28T09:00:00Z,70.51,2940.95
2024-03-28T09:30:00Z,71.07,3304.95
2024-03-28T10:00:00Z,70.71,2974.1
2024-03-28T10:30:00Z,71.88,2760.7
2024-03-28T11:00:00Z,80.92,3199.45
2024-03-28T11:30:00Z,82.77,3248.85
2024-03-28T12:00:00Z,83.43,3348.95
2024-03-28T12:30:00Z,83.15,3373.3
2024-03-28T13:00:00Z,83.68,3462.45
2024-03-28T13:30:00Z,79.6,3771.75
2024-03-28T14:00:00Z,69.5,4317.05
2024-03-28T14:30:00Z,70.93,4235.6
2024-03-28T15:00:00Z,65.92,3128.85
2024-03-28T15:30:00Z,66.3,3208.0
2024-03-28T16:00:00Z,66.62,3453.35
2024-03-28T16:30:00Z,72.3,3145.15
2024-03-28T17:00:00Z,81.15,2698.4
2024-03-28T17:30:00Z,84.82,2444.65
2024-03-28T18:00:00Z,87.42,2718.7
2024-03-28T18:30:00Z,89.84,3050.8
2024-03-28T19:00:00Z,90.51,2529.15
2024-03-28T19:30:00Z,88.22,2384.15
2024-03-28T20:00:00Z,86.96,2386.85
2024-03-28T20:30:00Z,83.81,2418.65
2024-03-28T21:00:00Z,84.47,2033.35
2024-03-28T21:30:00Z,82.22,2082.65
2024-03-28T22:00:00Z,73.88,2329.35
2024-03-28T22:30:00Z,72.21,2261.45
2024-03-28T23:00:00Z,75.51,1721.45
2024-03-28T23:30:00Z,74.04,1552.4
2024-03-29T00:00:00Z,70.66,1850.9
2024-03-29T00:30:00Z,76.88,1656.55
2024-03-29T01:00:00Z,75.17,1266.9
2024-03-29T01:30:00Z,72.98,1387.9
2024-03-29T02:00:00Z,72.62,1436.35
2024-03-29T02:30:00Z,72.44,1613.0
2024-03-29T03:00:00Z,74.23,1487.85
2024-03-29T03:30:00Z,72.98,1574.8
2024-03-29T04:00:00Z,73.44,1273.2
2024-03-29T04:30:00Z,72.43,1410.65
2024-03-29T05:00:00Z,76.9,1212.05
2024-03-29T05:30:00Z,76.5,1462.6
2024-03-29T06:00:00Z,76.43,1677.9
2024-03-29T06:30:00Z,79.37,2071.0
2024-03-29T07:00:00Z,82.24,2457.05
2024-03-29T07:30:00Z,81.07,2245.55
2024-03-29T08:00:00Z,74.13,3270.15
2024-03-29T08:30:00Z,78.77,3215.75
2024-03-29T09:00:00Z,80.68,3062.65
2024-03-29T09:30:00Z,81.42,3052.25
2024-03-29T10:00:00Z,79.99,3182.6
2024-03-29T10:30:00Z,75.17,3040.55
2024-03-29T11:00:00Z,70.86,2199.15
2024-03-29T11:30:00Z,62.65,3102.3
2024-03-29T12:00:00Z,63.41,2892.9
2024-03-29T12:30:00Z,64.96,2815.85
2024-03-29T13:00:00Z,68.71,3213.35
2024-03-29T13:30:00Z,69.58,3670.9
2024-03-29T14:00:00Z,66.8,4251.3
2024-03-29T14:30:00Z,62.42,4490.7
2024-03-29T15:00:00Z,65.48,3446.9
2024-03-29T15:30:00Z,67.83,3909.25
2024-03-29T16:00:00Z,80.62000000000002,3747.3
2024-03-29T16:30:00Z,86.24,4074.15
2024-03-29T17:00:00Z,100.94,3735.0
2024-03-29T17:30:00Z,102.82,3847.05
2024-03-29T18:00:00Z,104.15,3826.0
2024-03-29T18:30:00Z,104.31,3788.05
2024-03-29T19:00:00Z,94.18,2645.05
2024-03-29T19:30:00Z,92.96,2973.3
2024-03-29T20:00:00Z,91.45,2731.55
2024-03-29T20:30:00Z,81.31,2909.2
2024-03-29T21:00:00Z,73.93,2779.75
2024-03-29T21:30:00Z,68.47,2773.05
2024-03-29T22:00:00Z,73.2,2595.4
2024-03-29T22:30:00Z,72.88,2661.55
2024-03-29T23:00:00Z,71.09,1362.85
2024-03-29T23:30:00Z,74.5,1143.55
2024-03-30T00:00:00Z,73.91,1105.85
2024-03-30T00:30:00Z,78.56,1322.45
2024-03-30T01:00:00Z,79.24,987.1
2024-03-30T01:30:00Z,77.74,1166.95
2024-03-30T02:00:00Z,76.33,1014.4
2024-03-30T02:30:00Z,74.36,957.25
2024-03-30T03:00:00Z,72.72,971.4
2024-03-30T03:30:00Z,72.37,1005.35
2024-03-30T04:00:00Z,71.6,934.7
2024-03-30T04:30:00Z,74.09,1067.05
2024-03-30T05:00:00Z,71.48,954.25
2024-03-30T05:30:00Z,74.85,1060.9
2024-03-30T06:00:00Z,74.76,1107.7
2024-03-30T06:30:00Z,78.52,1281.0
2024-03-30T07:00:00Z,80.98,1333.95
2024-03-30T07:30:00Z,78.06,1480.8
2024-03-30T08:00:00Z,81.64,1953.55
2024-03-30T08:30:00Z,87.46,1893.5
2024-03-30T09:00:00Z,87.57,1963.9
2024-03-30T09:30:00Z,87.52,1845.4
2024-03-30T10:00:00Z,86.15,1434.9
2024-03-30T10:30:00Z,82.09,1511.75
2024-03-30T11:00:00Z,78.65,1775.7
2024-03-30T11:30:00Z,77.34,1839.85
2024-03-30T12:00:00Z,78.63,2151.95
2024-03-30T12:30:00Z,76.16,2233.95
2024-03-30T13:00:00Z,66.24,2134.1
2024-03-30T13:30:00Z,62.53999999999999,2440.95
2024-03-30T14:00:00Z,65.27,2154.8
2024-03-30T14:30:00Z,64.47,2022.35
2024-03-30T15:00:00Z,61.05,1766.25
2024-03-30T15:30:00Z,61.33,1884.4
2024-03-30T16:00:00Z,63.22,1967.05
2024-03-30T16:30:00Z,66.78,2007.4
2024-03-30T17:00:00Z,75.51,2043.1
2024-03-30T17:30:00Z,85.81,2179.45
2024-03-30T18:00:00Z,89.79,2557.4
2024-03-30T18:30:00Z,94.03,2348.7
2024-03-30T19:00:00Z,91.05,2045.25
2024-03-30T19:30:00Z,88.36,2015.8
2024-03-30T20:00:00Z,85.64,1830.55
2024-03-30T20:30:00Z,79.42,1607.85
2024-03-30T21:00:00Z,73.9,1369.05
2024-03-30T21:30:00Z,68.1,1519.8
2024-03-30T22:00:00Z,68.49,1640.1
2024-03-30T22:30:00Z,67.53,1862.1
2024-03-30T23:00:00Z,61.81,1001.45
2024-03-30T23:30:00Z,62.69,888.65
2024-03-31T00:00:00Z,62.03,835.2
2024-03-31T00:30:00Z,70.06,801.5
2024-03-31T01:00:00Z,75.06,799.9
2024-03-31T01:30:00Z,73.09,849.05
2024-03-31T02:00:00Z,76.11,975.65
2024-03-31T02:30:00Z,81.48,1061.65
2024-03-31T03:00:00Z,74.66,852.35
2024-03-31T03:30:00Z,68.37,555.35
2024-03-31T04:00:00Z,58.04,830.1
2024-03-31T04:30:00Z,53.01,949.8
2024-03-31T05:00:00Z,52.13,854.4
2024-03-31T05:30:00Z,50.75,1014.15
2024-03-31T06:00:00Z,49.58,1112.4
2024-03-31T06:30:00Z,55.27,1148.6
2024-03-31T07:00:00Z,53.66,1187.1
2024-03-31T07:30:00Z,48.86,1332.7
2024-03-31T08:00:00Z,53.64,1610.3
2024-03-31T08:30:00Z,61.339999999999996,1553.15
2024-03-31T09:00:00Z,62.86,1516.7
2024-03-31T09:30:00Z,58.989999999999995,1573.35
2024-03-31T10:00:00Z,64.41,1386.75
2024-03-31T10:30:00Z,64.39,1582.3
2024-03-31T11:00:00Z,67.37,1733.2
2024-03-31T11:30:00Z,69.5,1818.25
2024-03-31T12:00:00Z,69.51,1766.15
2024-03-31T12:30:00Z,68.06,1854.7
2024-03-31T13:00:00Z,64.12,1995.8
2024-03-31T13:30:00Z,61.6,2234.7
2024-03-31T14:00:00Z,62.32999999999999,1596.1
2024-03-31T14:30:00Z,62.290000000000006,1439.35
2024-03-31T15:00:00Z,55.1,1873.9
2024-03-31T15:30:00Z,54.66,1951.7
2024-03-31T16:00:00Z,60.61,1600.65
2024-03-31T16:30:00Z,64.42,1801.65
2024-03-31T17:00:00Z,66.96,1949.3
2024-03-31T17:30:00Z,66.43,1923.95
2024-03-31T18:00:00Z,69.79,1942.45
2024-03-31T18:30:00Z,71.42,1908.2
2024-03-31T19:00:00Z,66.53,1685.8
2024-03-31T19:30:00Z,55.87,1644.6
2024-03-31T20:00:00Z,51.01,1416.85
2024-03-31T20:30:00Z,53.440000000000005,1472.55
2024-03-31T21:00:00Z,48.34,1507.35
2024-03-31T21:30:00Z,45.89,1650.9
2024-03-31T22:00:00Z,32.43,1083.3
2024-03-31T22:30:00Z,31.38,726.65
2024-03-31T23:00:00Z,27.54,860.0
2024-03-31T23:30:00Z,26.46,974.3
2024-04-01T00:00:00Z,25.19,749.0
2024-04-01T00:30:00Z,33.6,745.3
2024-04-01T01:00:00Z,47.54,792.4
2024-04-01T01:30:00Z,44.65,980.8
2024-04-01T02:00:00Z,47.36,1325.85
2024-04-01T02:30:00Z,52.94,1243.0
2024-04-01T03:00:00Z,55.34,1000.55
2024-04-01T03:30:00Z,56.26,1080.6
2024-04-01T04:00:00Z,53.730000000000004,1261.55
2024-04-01T04:30:00Z,52.61000000000001,1571.15
2024-04-01T05:00:00Z,52.57000000000001,1251.95
2024-04-01T05:30:00Z,53.910000000000004,1348.1
2024-04-01T06:00:00Z,54.5,1042.05
2024-04-01T06:30:00Z,54.66,1150.45
2024-04-01T07:00:00Z,55.86,1332.6
2024-04-01T07:30:00Z,55.16,1219.85
2024-04-01T08:00:00Z,55.25,1468.4
2024-04-01T08:30:00Z,57.38,1373.3
2024-04-01T09:00:00Z,63.120000000000005,1521.9
2024-04-01T09:30:00Z,67.31,1796.3
2024-04-01T10:00:00Z,79.40000000000002,1658.5
2024-04-01T10:30:00Z,81.52,1592.55
2024-04-01T11:00:00Z,75.43,1523.95
2024-04-01T11:30:00Z,77.27,1376.3
2024-04-01T12:00:00Z,74.43,1388.55
2024-04-01T12:30:00Z,64.69,1405.15
2024-04-01T13:00:00Z,63.64,1392.15
2024-04-01T13:30:00Z,60.26,1454.8
2024-04-01T14:00:00Z,58.84,1444.1
2024-04-01T14:30:00Z,59.22,1568.85
2024-04-01T15:00:00Z,59.379999999999995,1349.55
2024-04-01T15:30:00Z,71.41,1604.15
2024-04-01T16:00:00Z,71.49,1780.6
2024-04-01T16:30:00Z,70.24,1678.85
2024-04-01T17:00:00Z,84.13,1866.8
2024-04-01T17:30:00Z,86.72,1985.15
2024-04-01T18:00:00Z,90.73,1773.3
2024-04-01T18:30:00Z,91.83,1590.05
2024-04-01T19:00:00Z,92.69,1424.9
2024-04-01T19:30:00Z,91.38,1366.05
2024-04-01T20:00:00Z,81.63,1353.55
2024-04-01T20:30:00Z,67.73,1497.7
2024-04-01T21:00:00Z,71.53,1376.3
2024-04-01T21:30:00Z,75.19,1059.55
2024-04-01T22:00:00Z,73.11,666.85
2024-04-01T22:30:00Z,65.83,732.9
2024-04-01T23:00:00Z,68.58,670.0
2024-04-01T23:30:00Z,67.05,613.7
2024-04-02T00:00:00Z,67.0,826.15
2024-04-02T00:30:00Z,60.169999999999995,1413.65
2024-04-02T01:00:00Z,50.07,1106.7
2024-04-02T01:30:00Z,53.96,1225.65
2024-04-02T02:00:00Z,55.86,1008.0
2024-04-02T02:30:00Z,51.21,991.75
2024-04-02T03:00:00Z,50.77,802.8
2024-04-02T03:30:00Z,42.480000000000004,953.05
2024-04-02T04:00:00Z,41.85,862.5
2024-04-02T04:30:00Z,40.28,913.2
2024-04-02T05:00:00Z,52.43,1629.85
2024-04-02T05:30:00Z,57.44,1430.7
2024-04-02T06:00:00Z,60.56,1599.2
2024-04-02T06:30:00Z,64.37,1092.8
2024-04-02T07:00:00Z,79.26,1320.8
2024-04-02T07:30:00Z,74.83,1182.75
2024-04-02T08:00:00Z,72.29,1447.75
2024-04-02T08:30:00Z,68.27,1613.95
2024-04-02T09:00:00Z,64.03,1660.25
2024-04-02T09:30:00Z,61.34,1802.8
2024-04-02T10:00:00Z,59.45,1447.3
2024-04-02T10:30:00Z,59.38,1606.1
2024-04-02T11:00:00Z,61.11,1605.95
2024-04-02T11:30:00Z,62.26,1627.85
2024-04-02T12:00:00Z,62.64,1616.0
2024-04-02T12:30:00Z,64.12,1537.1
2024-04-02T13:00:00Z,66.62,1725.25
2024-04-02T13:30:00Z,68.49,1884.9
2024-04-02T14:00:00Z,73.17,1478.8
2024-04-02T14:30:00Z,76.86,1562.7
2024-04-02T15:00:00Z,73.83,1617.15
2024-04-02T15:30:00Z,77.27,1777.8
2024-04-02T16:00:00Z,79.84,1359.05
2024-04-02T16:30:00Z,83.16,1618.0
2024-04-02T17:00:00Z,85.68,1891.5
2024-04-02T17:30:00Z,86.48000000000002,1761.45
2024-04-02T18:00:00Z,87.23,2009.95
2024-04-02T18:30:00Z,85.85,2263.25
2024-04-02T19:00:00Z,82.28,1981.9
2024-04-02T19:30:00Z,73.64,2355.85
2024-04-02T20:00:00Z,68.92,2492.4
2024-04-02T20:30:00Z,69.7,2295.2
2024-04-02T21:00:00Z,67.46,2164.05
2024-04-02T21:30:00Z,60.28,2148.05
2024-04-02T22:00:00Z,67.61,1249.0
2024-04-02T22:30:00Z,60.300000000000004,1241.95
2024-04-02T23:00:00Z,61.46,1401.8
2024-04-02T23:30:00Z,57.54,1302.6
2024-04-03T00:00:00Z,59.02000000000001,1208.45
2024-04-03T00:30:00Z,61.49,1826.8
2024-04-03T01:00:00Z,62.41,1870.55
2024-04-03T01:30:00Z,55.48,2198.1
2024-04-03T02:00:00Z,58.70000000000001,1583.5
2024-04-03T02:30:00Z,58.72,1853.4
2024-04-03T03:00:00Z,59.53,1462.9
2024-04-03T03:30:00Z,58.95,1958.2
2024-04-03T04:00:00Z,54.76,2075.0
2024-04-03T04:30:00Z,57.98,2358.25
2024-04-03T05:00:00Z,70.3,2008.15
2024-04-03T05:30:00Z,69.21,2086.65
2024-04-03T06:00:00Z,76.28,2723.7
2024-04-03T06:30:00Z,84.49,2554.4
2024-04-03T07:00:00Z,78.32,2567.8
2024-04-03T07:30:00Z,78.18,2683.0
2024-04-03T08:00:00Z,78.43,2336.0
2024-04-03T08:30:00Z,75.41,2330.05
2024-04-03T09:00:00Z,67.3,2302.6
2024-04-03T09:30:00Z,62.760000000000005,2341.25
2024-04-03T10:00:00Z,60.07,1933.05
2024-04-03T10:30:00Z,61.85,2294.3
2024-04-03T11:00:00Z,64.29,2477.05
2024-04-03T11:30:00Z,63.099999999999994,2438.55
2024-04-03T12:00:00Z,61.03,2141.35
2024-04-03T12:30:00Z,54.66,2371.75
2024-04-03T13:00:00Z,59.07,2049.55
2024-04-03T13:30:00Z,54.57,1911.2
2024-04-03T14:00:00Z,58.42999999999999,1834.35
2024-04-03T14:30:00Z,60.29,1668.55
2024-04-03T15:00:00Z,55.69,1928.35
2024-04-03T15:30:00Z,55.87,2247.7
2024-04-03T16:00:00Z,59.71,2306.35
2024-04-03T16:30:00Z,65.34,2331.7
2024-04-03T17:00:00Z,62.269999999999996,2766.7
2024-04-03T17:30:00Z,64.51,2519.0
2024-04-03T18:00:00Z,62.58,1811.4
2024-04-03T18:30:00Z,70.15,1979.95
2024-04-03T19:00:00Z,73.58,1951.85
2024-04-03T19:30:00Z,72.01,2095.4
2024-04-03T20:00:00Z,69.48,2184.55
2024-04-03T20:30:00Z,62.809999999999995,2160.15
2024-04-03T21:00:00Z,57.59,2096.05
2024-04-03T21:30:00Z,47.55,2295.65
2024-04-03T22:00:00Z,33.89,1402.05
2024-04-03T22:30:00Z,30.48,1405.85
2024-04-03T23:00:00Z,31.11,1414.1
2024-04-03T23:30:00Z,34.06,1723.4
2024-04-04T00:00:00Z,34.31,1476.95
2024-04-04T00:30:00Z,38.33,1378.55
2024-04-04T01:00:00Z,42.21,1702.2
2024-04-04T01:30:00Z,39.41,1795.55
2024-04-04T02:00:00Z,39.57,1371.4
2024-04-04T02:30:00Z,38.56,1428.5
2024-04-04T03:00:00Z,40.41,1403.75
2024-04-04T03:30:00Z,38.88,1482.05
2024-04-04T04:00:00Z,43.27,1591.75
2024-04-04T04:30:00Z,47.89,1579.25
2024-04-04T05:00:00Z,50.33,2108.15
2024-04-04T05:30:00Z,51.16,2282.65
2024-04-04T06:00:00Z,54.82,2250.35
2024-04-04T06:30:00Z,60.72,2087.35
2024-04-04T07:00:00Z,58.2,1993.65
2024-04-04T07:30:00Z,61.06000000000001,2190.45
2024-04-04T08:00:00Z,59.01,2074.25
2024-04-04T08:30:00Z,54.39,1880.35
2024-04-04T09:00:00Z,51.9,1988.75
2024-04-04T09:30:00Z,54.41,1996.25
2024-04-04T10:00:00Z,59.0,1591.7
2024-04-04T10:30:00Z,56.78999999999999,1726.6
2024-04-04T11:00:00Z,55.85,1844.7
2024-04-04T11:30:00Z,55.74,2101.35
2024-04-04T12:00:00Z,53.92,1797.75
2024-04-04T12:30:00Z,53.75,1831.95
2024-04-04T13:00:00Z,54.21,1902.9
2024-04-04T13:30:00Z,55.79,1906.05
2024-04-04T14:00:00Z,58.53,1367.7
2024-04-04T14:30:00Z,58.58,1478.35
2024-04-04T15:00:00Z,60.199999999999996,1574.1
2024-04-04T15:30:00Z,63.78,1404.75
2024-04-04T16:00:00Z,69.65,1638.85
2024-04-04T16:30:00Z,73.33,1909.85
2024-04-04T17:00:00Z,65.85,1913.7
2024-04-04T17:30:00Z,66.15,2027.4
2024-04-04T18:00:00Z,72.6,2066.7
2024-04-04T18:30:00Z,70.85,2164.95
2024-04-04T19:00:00Z,72.84,1741.65
2024-04-04T19:30:00Z,68.86,1983.95
2024-04-04T20:00:00Z,64.27,1716.4
2024-04-04T20:30:00Z,68.35,1450.85
2024-04-04T21:00:00Z,58.13,1941.35
2024-04-04T21:30:00Z,54.25,2288.25
2024-04-04T22:00:00Z,52.14,1947.75
2024-04-04T22:30:00Z,43.49,1781.5
2024-04-04T23:00:00Z,49.55,2181.45
2024-04-04T23:30:00Z,35.06,2130.2
2024-04-05T00:00:00Z,39.58,2118.2
2024-04-05T00:30:00Z,28.25,1862.65
2024-04-05T01:00:00Z,35.84,1697.4
2024-04-05T01:30:00Z,23.56,1801.9
2024-04-05T02:00:00Z,14.589999999999998,1375.4
2024-04-05T02:30:00Z,8.96,1360.2
2024-04-05T03:00:00Z,6.089999999999999,1381.5
2024-04-05T03:30:00Z,6.47,1495.8
2024-04-05T04:00:00Z,3.23,1371.95
2024-04-05T04:30:00Z,15.36,1494.5
2024-04-05T05:00:00Z,19.18,1442.35
2024-04-05T05:30:00Z,46.27,1937.45
2024-04-05T06:00:00Z,52.78,2027.65
2024-04-05T06:30:00Z,73.27,2724.45
2024-04-05T07:00:00Z,70.87,2154.5
2024-04-05T07:30:00Z,69.21,2254.4
2024-04-05T08:00:00Z,64.7,2080.0
2024-04-05T08:30:00Z,55.06,2050.1
2024-04-05T09:00:00Z,53.98,2558.25
2024-04-05T09:30:00Z,48.779999999999994,2687.15
2024-04-05T10:00:00Z,50.970000000000006,2867.9
2024-04-05T10:30:00Z,42.26,2864.9
2024-04-05T11:00:00Z,39.79,2506.3
2024-04-05T11:30:00Z,37.16,2453.5
2024-04-05T12:00:00Z,19.2,2180.75
2024-04-05T12:30:00Z,13.53,2056.05
2024-04-05T13:00:00Z,13.92,1947.6
2024-04-05T13:30:00Z,12.33,1980.15
2024-04-05T14:00:00Z,6.52,1801.8
2024-04-05T14:30:00Z,11.9,1774.9
2024-04-05T15:00:00Z,16.39,1781.8
2024-04-05T15:30:00Z,30.64,1886.75
2024-04-05T16:00:00Z,29.12,1985.75
2024-04-05T16:30:00Z,41.71,2436.25
2024-04-05T17:00:00Z,46.54,2720.0
2024-04-05T17:30:00Z,46.45,2914.7
2024-04-05T18:00:00Z,44.96,2651.75
2024-04-05T18:30:00Z,51.57,2359.65
2024-04-05T19:00:00Z,56.04,2149.9
2024-04-05T19:30:00Z,56.72,2010.65
2024-04-05T20:00:00Z,59.21,2291.25
2024-04-05T20:30:00Z,31.13,1946.6
2024-04-05T21:00:00Z,41.25,2679.15
2024-04-05T21:30:00Z,7.2,2683.45
2024-04-05T22:00:00Z,6.23,2084.1
2024-04-05T22:30:00Z,10.23,1815.65
2024-04-05T23:00:00Z,18.48,1902.35
2024-04-05T23:30:00Z,14.67,1898.5
2024-04-06T00:00:00Z,4.4,1537.35
2024-04-06T00:30:00Z,1.95,1687.7
2024-04-06T01:00:00Z,6.28,1906.6
2024-04-06T01:30:00Z,-8.8,1515.8
2024-04-06T02:00:00Z,-14.669999999999998,1138.25
2024-04-06T02:30:00Z,-17.55,1436.9
2024-04-06T03:00:00Z,-19.86,1331.2
2024-04-06T03:30:00Z,-24.69,1305.6
2024-04-06T04:00:00Z,-22.75,1252.75
2024-04-06T04:30:00Z,-20.46,1193.45
2024-04-06T05:00:00Z,-24.67,1329.65
2024-04-06T05:30:00Z,-16.69,1680.25
2024-04-06T06:00:00Z,-27.719999999999995,1364.65
2024-04-06T06:30:00Z,-16.58,1331.85
2024-04-06T07:00:00Z,-12.31,1677.75
2024-04-06T07:30:00Z,16.35,1712.25
2024-04-06T08:00:00Z,-2.72,1766.65
2024-04-06T08:30:00Z,2.54,2099.05
2024-04-06T09:00:00Z,23.31,1773.75
2024-04-06T09:30:00Z,20.14,1932.3
2024-04-06T10:00:00Z,1.92,1773.65
2024-04-06T10:30:00Z,18.65,2257.4
2024-04-06T11:00:00Z,21.11,1881.0
2024-04-06T11:30:00Z,0.36,2144.25
2024-04-06T12:00:00Z,-10.21,2352.7
2024-04-06T12:30:00Z,-20.91,2498.1
2024-04-06T13:00:00Z,-24.39,2529.5
2024-04-06T13:30:00Z,-24.36,2293.05
2024-04-06T14:00:00Z,2.14,2073.8
2024-04-06T14:30:00Z,-0.13,2238.45
2024-04-06T15:00:00Z,0.030000000000000002,2141.9
2024-04-06T15:30:00Z,17.1,2445.45
2024-04-06T16:00:00Z,17.59,1635.2
2024-04-06T16:30:00Z,36.18,1882.55
2024-04-06T17:00:00Z,46.77,2578.2
2024-04-06T17:30:00Z,51.26,2391.3
2024-04-06T18:00:00Z,57.27000000000001,2480.75
2024-04-06T18:30:00Z,55.72,2508.1
2024-04-06T19:00:00Z,55.690000000000005,2522.8
2024-04-06T19:30:00Z,46.4,2345.3
2024-04-06T20:00:00Z,40.37,2000.1
2024-04-06T20:30:00Z,13.01,1903.55
2024-04-06T21:00:00Z,19.5,1688.6
2024-04-06T21:30:00Z,7.13,1903.1
2024-04-06T22:00:00Z,22.72,1630.4
2024-04-06T22:30:00Z,7.25,1797.85
2024-04-06T23:00:00Z,-0.66,1436.95
2024-04-06T23:30:00Z,7.46,1578.6
2024-04-07T00:00:00Z,11.51,1801.35
2024-04-07T00:30:00Z,19.46,2043.65
2024-04-07T01:00:00Z,4.89,2170.0
2024-04-07T01:30:00Z,-4.82,2133.65
2024-04-07T02:00:00Z,3.33,1975.4
2024-04-07T02:30:00Z,-2.5,1855.7
2024-04-07T03:00:00Z,-1.59,2016.3
2024-04-07T03:30:00Z,-8.42,2073.85
2024-04-07T04:00:00Z,-4.25,1683.6
2024-04-07T04:30:00Z,-1.99,1404.4
2024-04-07T05:00:00Z,-9.37,1658.35
2024-04-07T05:30:00Z,-8.91,1634.55
2024-04-07T06:00:00Z,-19.97,1605.85
2024-04-07T06:30:00Z,-19.32,1654.05
2024-04-07T07:00:00Z,-19.27,1489.85
2024-04-07T07:30:00Z,-17.88,1524.55
2024-04-07T08:00:00Z,-17.2,1396.2
2024-04-07T08:30:00Z,-18.51,1570.45
2024-04-07T09:00:00Z,-21.65,1534.8
2024-04-07T09:30:00Z,-26.77,1668.05
2024-04-07T10:00:00Z,-61.09,1743.6
2024-04-07T10:30:00Z,-59.63,1898.1
2024-04-07T11:00:00Z,-53.55,2204.75
2024-04-07T11:30:00Z,-54.87,2217.2
2024-04-07T12:00:00Z,-60.65,2514.7
2024-04-07T12:30:00Z,-59.379999999999995,2398.9
2024-04-07T13:00:00Z,-50.18,2654.55
2024-04-07T13:30:00Z,-50.41,2532.4
2024-04-07T14:00:00Z,-42.39,2347.6
2024-04-07T14:30:00Z,-48.52,2515.25
2024-04-07T15:00:00Z,-31.8,2048.85
2024-04-07T15:30:00Z,-9.8,1989.25
2024-04-07T16:00:00Z,8.8,1673.4
2024-04-07T16:30:00Z,35.75,1428.2
2024-04-07T17:00:00Z,46.75,1757.45
2024-04-07T17:30:00Z,56.02,1808.25
2024-04-07T18:00:00Z,66.84,1809.65
2024-04-07T18:30:00Z,67.89,1934.55
2024-04-07T19:00:00Z,68.49,1780.8
2024-04-07T19:30:00Z,64.91,1772.0
2024-04-07T20:00:00Z,66.76,1836.3
2024-04-07T20:30:00Z,60.47,1951.0
2024-04-07T21:00:00Z,66.83,1648.2
2024-04-07T21:30:00Z,36.24,1850.5
2024-04-07T22:00:00Z,41.15,1435.15
2024-04-07T22:30:00Z,28.73,1553.0
2024-04-07T23:00:00Z,31.79,1659.4
2024-04-07T23:30:00Z,39.61,1758.0
2024-04-08T00:00:00Z,32.57,1709.7
2024-04-08T00:30:00Z,38.07,2004.85
2024-04-08T01:00:00Z,29.03,1807.9
2024-04-08T01:30:00Z,39.66,1964.35
2024-04-08T02:00:00Z,31.669999999999998,1397.9
2024-04-08T02:30:00Z,32.66,1659.0
2024-04-08T03:00:00Z,14.160000000000002,1701.15
2024-04-08T03:30:00Z,25.03,1839.5
2024-04-08T04:00:00Z,41.69,1733.5
2024-04-08T04:30:00Z,42.17,1861.55
2024-04-08T05:00:00Z,51.69,2115.9
2024-04-08T05:30:00Z,53.42,2378.3
2024-04-08T06:00:00Z,54.16,1496.85
2024-04-08T06:30:00Z,72.091006101928,1745.35
2024-04-08T07:00:00Z,60.45,1879.4
2024-04-08T07:30:00Z,75.73,1698.35
2024-04-08T08:00:00Z,73.98,1249.6
2024-04-08T08:30:00Z,75.57,1368.25
2024-04-08T09:00:00Z,67.59,1459.55
2024-04-08T09:30:00Z,65.32,1470.05
2024-04-08T10:00:00Z,60.33,1744.5
2024-04-08T10:30:00Z,59.06999999999999,1379.55
2024-04-08T11:00:00Z,65.19,1967.4
2024-04-08T11:30:00Z,60.62,1993.55
2024-04-08T12:00:00Z,59.49,1763.95
2024-04-08T12:30:00Z,55.45,2047.55
2024-04-08T13:00:00Z,52.86,1747.3
2024-04-08T13:30:00Z,51.54,2064.4
2024-04-08T14:00:00Z,52.38000000000001,2725.9
2024-04-08T14:30:00Z,50.38,2378.65
2024-04-08T15:00:00Z,51.76,2604.15
2024-04-08T15:30:00Z,55.36,2247.1
2024-04-08T16:00:00Z,69.59,2832.6
2024-04-08T16:30:00Z,74.94,3052.2
2024-04-08T17:00:00Z,83.27,3040.7
2024-04-08T17:30:00Z,85.16000000000001,3271.15
2024-04-08T18:00:00Z,81.63,2637.8
2024-04-08T18:30:00Z,80.49,2329.55
2024-04-08T19:00:00Z,78.53,2505.85
2024-04-08T19:30:00Z,81.47,2292.55
2024-04-08T20:00:00Z,74.39,2447.6
2024-04-08T20:30:00Z,74.2,2107.0
2024-04-08T21:00:00Z,69.31,2241.6
2024-04-08T21:30:00Z,66.3,2267.35
2024-04-08T22:00:00Z,64.8,1806.85
2024-04-08T22:30:00Z,60.64000000000001,1645.95
2024-04-08T23:00:00Z,54.05,1456.1
2024-04-08T23:30:00Z,49.31,1603.75
2024-04-09T00:00:00Z,43.63,1586.65
2024-04-09T00:30:00Z,42.25,1386.05
2024-04-09T01:00:00Z,39.82000000000001,1669.2
2024-04-09T01:30:00Z,29.359999999999996,1807.3
2024-04-09T02:00:00Z,12.47,1516.1
2024-04-09T02:30:00Z,9.96,1384.3
2024-04-09T03:00:00Z,8.89,1847.8
2024-04-09T03:30:00Z,4.94,1598.05
2024-04-09T04:00:00Z,5.43,1222.3
2024-04-09T04:30:00Z,4.8,1244.55
2024-04-09T05:00:00Z,6.16,1217.65
2024-04-09T05:30:00Z,16.12,1623.9
2024-04-09T06:00:00Z,27.84,2084.8
2024-04-09T06:30:00Z,48.89,2722.95
2024-04-09T07:00:00Z,35.09,1861.45
2024-04-09T07:30:00Z,32.43,2344.35
2024-04-09T08:00:00Z,42.11,2489.65
2024-04-09T08:30:00Z,39.87,2382.3
2024-04-09T09:00:00Z,40.12,2296.2
2024-04-09T09:30:00Z,27.41,2399.4
2024-04-09T10:00:00Z,20.12,2562.75
2024-04-09T10:30:00Z,16.79,2470.8
2024-04-09T11:00:00Z,18.79,2406.15
2024-04-09T11:30:00Z,11.21,2464.9
2024-04-09T12:00:00Z,7.610000000000001,2449.1
2024-04-09T12:30:00Z,4.54,2274.25
2024-04-09T13:00:00Z,3.82,2699.75
2024-04-09T13:30:00Z,2.53,2561.7
2024-04-09T14:00:00Z,0.66,2384.1
2024-04-09T14:30:00Z,0.76,2394.35
2024-04-09T15:00:00Z,3.55,2303.15
2024-04-09T15:30:00Z,10.52,2738.0
2024-04-09T16:00:00Z,21.33,2590.6
2024-04-09T16:30:00Z,31.37,3399.9
2024-04-09T17:00:00Z,31.22,3007.85
2024-04-09T17:30:00Z,41.34,3191.0
2024-04-09T18:00:00Z,37.29,2013.95
2024-04-09T18:30:00Z,35.84,2417.8
2024-04-09T19:00:00Z,35.39,2025.4
2024-04-09T19:30:00Z,38.39,2329.2
2024-04-09T20:00:00Z,30.23,2097.8
2024-04-09T20:30:00Z,23.17,1763.6
2024-04-09T21:00:00Z,37.04,1876.25
2024-04-09T21:30:00Z,12.66,2018.9
2024-04-09T22:00:00Z,8.85,1426.8
2024-04-09T22:30:00Z,2.07,1339.55
2024-04-09T23:00:00Z,1.6800000000000002,1758.55
2024-04-09T23:30:00Z,4.92,1686.05
2024-04-10T00:00:00Z,24.03,2055.2
2024-04-10T00:30:00Z,32.27,2047.6
2024-04-10T01:00:00Z,27.07,1964.55
2024-04-10T01:30:00Z,35.6,1792.75
2024-04-10T02:00:00Z,41.71,1305.35
2024-04-10T02:30:00Z,45.82,1389.1
2024-04-10T03:00:00Z,45.4,1303.0
2024-04-10T03:30:00Z,44.71,1337.45
2024-04-10T04:00:00Z,62.839999999999996,1628.7
2024-04-10T04:30:00Z,68.87,1578.45
2024-04-10T05:00:00Z,82.42,1873.1
2024-04-10T05:30:00Z,89.21,2079.7
2024-04-10T06:00:00Z,85.29,2655.95
2024-04-10T06:30:00Z,93.79,2668.0
2024-04-10T07:00:00Z,84.23,2372.4
2024-04-10T07:30:00Z,83.36,2317.85
2024-04-10T08:00:00Z,73.99,2596.15
2024-04-10T08:30:00Z,71.4,2330.4
2024-04-10T09:00:00Z,74.39,2737.75
2024-04-10T09:30:00Z,67.66,2726.8
2024-04-10T10:00:00Z,55.65,2419.2
2024-04-10T10:30:00Z,59.779999999999994,2820.65
2024-04-10T11:00:00Z,60.64,2819.35
2024-04-10T11:30:00Z,59.56,2823.85
2024-04-10T12:00:00Z,41.68,2187.95
2024-04-10T12:30:00Z,24.53,2112.65
2024-04-10T13:00:00Z,20.77,2153.35
2024-04-10T13:30:00Z,20.4,1929.8
2024-04-10T14:00:00Z,24.9,1880.65
2024-04-10T14:30:00Z,36.85,2065.05
2024-04-10T15:00:00Z,40.35,2739.95
2024-04-10T15:30:00Z,51.35,2488.85
2024-04-10T16:00:00Z,64.59,2995.25
2024-04-10T16:30:00Z,65.57,3131.6
2024-04-10T17:00:00Z,71.4,2902.95
2024-04-10T17:30:00Z,67.59,3063.95
2024-04-10T18:00:00Z,62.7,2293.5
2024-04-10T18:30:00Z,57.1,2292.95
2024-04-10T19:00:00Z,52.22,2416.45
2024-04-10T19:30:00Z,43.08,2524.3
2024-04-10T20:00:00Z,44.73,2265.55
2024-04-10T20:30:00Z,18.26,1808.2
2024-04-10T21:00:00Z,32.03,2236.7
2024-04-10T21:30:00Z,23.31,2975.45
2024-04-10T22:00:00Z,28.15,1743.2
2024-04-10T22:30:00Z,0.21000000000000002,1586.25
2024-04-10T23:00:00Z,2.94,1753.55
2024-04-10T23:30:00Z,2.65,1929.25
2024-04-11T00:00:00Z,0.12,1637.2
2024-04-11T00:30:00Z,13.76,1883.25
2024-04-11T01:00:00Z,0.0,2058.95
2024-04-11T01:30:00Z,-3.3,1980.45
2024-04-11T02:00:00Z,5.7,2196.2
2024-04-11T02:30:00Z,7.06,1914.3
2024-04-11T03:00:00Z,3.52,2035.4
2024-04-11T03:30:00Z,7.779999999999999,2361.7
2024-04-11T04:00:00Z,6.64,1817.1
2024-04-11T04:30:00Z,34.66,2371.95
2024-04-11T05:00:00Z,39.16,2148.8
2024-04-11T05:30:00Z,59.54,2601.75
2024-04-11T06:00:00Z,59.11000000000001,3005.35
2024-04-11T06:30:00Z,75.62,2400.65
2024-04-11T07:00:00Z,59.81,2042.6
2024-04-11T07:30:00Z,67.7,1975.3
2024-04-11T08:00:00Z,70.29,2109.55
2024-04-11T08:30:00Z,71.8,2289.45
2024-04-11T09:00:00Z,72.65,1922.2
2024-04-11T09:30:00Z,68.26,1997.15
2024-04-11T10:00:00Z,58.6,2159.5
2024-04-11T10:30:00Z,59.71000000000001,2641.8
2024-04-11T11:00:00Z,64.77,2472.6
2024-04-11T11:30:00Z,65.65,2703.2
2024-04-11T12:00:00Z,63.35999999999999,2609.05
2024-04-11T12:30:00Z,56.57999999999999,2586.7
2024-04-11T13:00:00Z,49.830000000000005,2969.25
2024-04-11T13:30:00Z,47.02,3188.5
2024-04-11T14:00:00Z,48.25,2289.2
2024-04-11T14:30:00Z,56.97999999999999,2575.4
2024-04-11T15:00:00Z,61.66,2835.7
2024-04-11T15:30:00Z,65.56,3053.65
2024-04-11T16:00:00Z,59.24000000000001,2416.15
2024-04-11T16:30:00Z,68.23,2491.95
2024-04-11T17:00:00Z,74.0,2402.45
2024-04-11T17:30:00Z,73.93,2449.9
2024-04-11T18:00:00Z,77.72,2434.4
2024-04-11T18:30:00Z,75.04,2273.85
2024-04-11T19:00:00Z,73.69,2344.3
2024-04-11T19:30:00Z,69.83,2072.8
2024-04-11T20:00:00Z,66.19,2090.6
2024-04-11T20:30:00Z,61.31,2052.4
2024-04-11T21:00:00Z,42.4,1840.8
2024-04-11T21:30:00Z,31.82,1978.25
2024-04-11T22:00:00Z,32.14,2203.5
2024-04-11T22:30:00Z,24.68,1807.1
2024-04-11T23:00:00Z,29.32,1759.1
2024-04-11T23:30:00Z,14.9,1839.9
2024-04-12T00:00:00Z,10.92,1996.8
2024-04-12T00:30:00Z,8.99,1922.4
2024-04-12T01:00:00Z,10.1,2117.5
2024-04-12T01:30:00Z,6.4,2026.55
2024-04-12T02:00:00Z,4.02,1985.35
2024-04-12T02:30:00Z,1.92,1951.85
2024-04-12T03:00:00Z,7.61,2144.15
2024-04-12T03:30:00Z,7.15,2247.15
2024-04-12T04:00:00Z,3.26,1567.45
2024-04-12T04:30:00Z,3.88,1856.3
2024-04-12T05:00:00Z,42.59,1825.55
2024-04-12T05:30:00Z,66.08,1872.85
2024-04-12T06:00:00Z,49.53,2135.3
2024-04-12T06:30:00Z,68.77,2349.8
2024-04-12T07:00:00Z,41.51,1978.75
2024-04-12T07:30:00Z,48.69,2349.05
2024-04-12T08:00:00Z,33.24,2629.55
2024-04-12T08:30:00Z,22.32,2213.3
2024-04-12T09:00:00Z,14.38,2352.9
2024-04-12T09:30:00Z,4.03,2307.2
2024-04-12T10:00:00Z,-5.06,1987.75
2024-04-12T10:30:00Z,-4.45,1927.05
2024-04-12T11:00:00Z,-2.29,2098.3
2024-04-12T11:30:00Z,-5.61,2079.3
2024-04-12T12:00:00Z,-3.7,2490.85
2024-04-12T12:30:00Z,-5.32,2296.85
2024-04-12T13:00:00Z,-1.37,3117.35
2024-04-12T13:30:00Z,-2.23,2843.0
2024-04-12T14:00:00Z,-4.6,2404.75
2024-04-12T14:30:00Z,-4.28,2375.45
2024-04-12T15:00:00Z,-2.17,2166.2
2024-04-12T15:30:00Z,2.21,2442.95
2024-04-12T16:00:00Z,11.11,2044.9
2024-04-12T16:30:00Z,29.589999999999996,2569.3
2024-04-12T17:00:00Z,34.28,2288.85
2024-04-12T17:30:00Z,39.83,2534.15
2024-04-12T18:00:00Z,56.19,2403.8
2024-04-12T18:30:00Z,56.76,2572.7
2024-04-12T19:00:00Z,59.440000000000005,2684.8
2024-04-12T19:30:00Z,55.76,2467.7
2024-04-12T20:00:00Z,44.25,2874.35
2024-04-12T20:30:00Z,24.35,2529.45
2024-04-12T21:00:00Z,20.2,2393.45
2024-04-12T21:30:00Z,15.16,2549.7
2024-04-12T22:00:00Z,15.62,1390.6
2024-04-12T22:30:00Z,8.96,1052.4
2024-04-12T23:00:00Z,23.88,1454.15
2024-04-12T23:30:00Z,18.89,1356.25
2024-04-13T00:00:00Z,8.21,1565.9
2024-04-13T00:30:00Z,10.47,1731.45
2024-04-13T01:00:00Z,7.83,1524.2
2024-04-13T01:30:00Z,8.08,1353.25
2024-04-13T02:00:00Z,6.09,1360.5
2024-04-13T02:30:00Z,13.800000000000002,1427.9
2024-04-13T03:00:00Z,21.83,1289.25
2024-04-13T03:30:00Z,24.01,1538.35
2024-04-13T04:00:00Z,4.66,1302.1
2024-04-13T04:30:00Z,12.5,1342.2
2024-04-13T05:00:00Z,4.42,1397.5
2024-04-13T05:30:00Z,9.27,1223.25
2024-04-13T06:00:00Z,-3.26,1238.15
2024-04-13T06:30:00Z,1.71,1533.65
2024-04-13T07:00:00Z,0.0,0.0
2024-04-13T07:30:00Z,6.84,2250.55
2024-04-13T08:00:00Z,-2.95,1996.65
2024-04-13T08:30:00Z,-5.99,2163.45
2024-04-13T09:00:00Z,17.32,2751.85
2024-04-13T09:30:00Z,22.78,3259.2
2024-04-13T10:00:00Z,4.8,3807.35
2024-04-13T10:30:00Z,-2.95,3499.65
2024-04-13T11:00:00Z,-9.5,3480.1
2024-04-13T11:30:00Z,-16.42,3691.15
2024-04-13T12:00:00Z,-29.46,3282.15
2024-04-13T12:30:00Z,-32.86,3139.1
2024-04-13T13:00:00Z,-30.06,3563.0
2024-04-13T13:30:00Z,-33.02,3462.6
2024-04-13T14:00:00Z,-6.56,2887.85
2024-04-13T14:30:00Z,-8.46,2853.35
2024-04-13T15:00:00Z,-5.4,2355.3
2024-04-13T15:30:00Z,0.51,2377.5
2024-04-13T16:00:00Z,-3.94,1723.5
2024-04-13T16:30:00Z,16.13,2165.95
2024-04-13T17:00:00Z,1.06,1580.7
2024-04-13T17:30:00Z,11.62,1964.3
2024-04-13T18:00:00Z,31.169999999999998,2511.75
2024-04-13T18:30:00Z,36.22,2492.05
2024-04-13T19:00:00Z,49.03,2855.6
2024-04-13T19:30:00Z,44.1,2647.45
2024-04-13T20:00:00Z,25.31,2214.35
2024-04-13T20:30:00Z,19.48,2166.65
2024-04-13T21:00:00Z,25.79,2277.85
2024-04-13T21:30:00Z,5.57,2210.2
2024-04-13T22:00:00Z,9.91,1398.5
2024-04-13T22:30:00Z,6.620000000000001,1384.45
2024-04-13T23:00:00Z,17.25,1572.3
2024-04-13T23:30:00Z,23.74,1856.7
2024-04-14T00:00:00Z,6.0,1772.75
2024-04-14T00:30:00Z,4.05,1875.1
2024-04-14T01:00:00Z,-0.77,1583.7
2024-04-14T01:30:00Z,-2.02,1705.7
2024-04-14T02:00:00Z,4.1,1482.2
2024-04-14T02:30:00Z,7.53,1478.45
2024-04-14T03:00:00Z,4.51,1417.0
2024-04-14T03:30:00Z,7.16,1363.65
2024-04-14T04:00:00Z,-0.74,1033.9
2024-04-14T04:30:00Z,4.36,1143.75
2024-04-14T05:00:00Z,0.49,1100.95
2024-04-14T05:30:00Z,7.66,1215.25
2024-04-14T06:00:00Z,-7.080000000000001,1226.2
2024-04-14T06:30:00Z,1.35,1120.25
2024-04-14T07:00:00Z,-1.25,1374.95
2024-04-14T07:30:00Z,8.38,1661.5
2024-04-14T08:00:00Z,3.82,1644.2
2024-04-14T08:30:00Z,-1.42,1354.4
2024-04-14T09:00:00Z,-4.83,1274.25
2024-04-14T09:30:00Z,-8.13,1474.1
2024-04-14T10:00:00Z,-24.46,1768.95
2024-04-14T10:30:00Z,-26.32,1901.15
2024-04-14T11:00:00Z,-33.38,2022.5
2024-04-14T11:30:00Z,-36.38,2154.0
2024-04-14T12:00:00Z,-44.2,2522.25
2024-04-14T12:30:00Z,-45.05,2357.4
2024-04-14T13:00:00Z,-47.29,2468.7
2024-04-14T13:30:00Z,-48.78,2540.65
2024-04-14T14:00:00Z,-29.37,2274.5
2024-04-14T14:30:00Z,-20.88,2256.4
2024-04-14T15:00:00Z,-20.0,1893.3
2024-04-14T15:30:00Z,11.79,2744.3
2024-04-14T16:00:00Z,26.13,2015.9
2024-04-14T16:30:00Z,52.33,2398.5
2024-04-14T17:00:00Z,77.13,2729.7
2024-04-14T17:30:00Z,75.21,2391.7
2024-04-14T18:00:00Z,85.07,2585.55
2024-04-14T18:30:00Z,85.43,2594.55
2024-04-14T19:00:00Z,84.62,2628.75
2024-04-14T19:30:00Z,78.11,2624.4
2024-04-14T20:00:00Z,73.35,2127.75
2024-04-14T20:30:00Z,34.08,1725.5
2024-04-14T21:00:00Z,26.939999999999998,1590.25
2024-04-14T21:30:00Z,11.68,1640.0
2024-04-14T22:00:00Z,-0.82,1124.4
2024-04-14T22:30:00Z,-10.13,1458.2
2024-04-14T23:00:00Z,-1.8600000000000003,1168.9
2024-04-14T23:30:00Z,-8.71,1158.15
2024-04-15T00:00:00Z,-9.16,1170.0
2024-04-15T00:30:00Z,-7.040000000000001,1258.85
2024-04-15T01:00:00Z,-8.2,1250.05
2024-04-15T01:30:00Z,-9.08,1154.8
2024-04-15T02:00:00Z,-2.0,1290.7
2024-04-15T02:30:00Z,7.43,1360.75
2024-04-15T03:00:00Z,28.309999999999995,1399.6
2024-04-15T03:30:00Z,25.72,1467.75
2024-04-15T04:00:00Z,10.69,1628.25
2024-04-15T04:30:00Z,17.12,1536.6
2024-04-15T05:00:00Z,13.33,1761.8
2024-04-15T05:30:00Z,45.7,1824.25
2024-04-15T06:00:00Z,42.7,1729.8
2024-04-15T06:30:00Z,71.95,2083.45
2024-04-15T07:00:00Z,59.39,1820.0
2024-04-15T07:30:00Z,64.56,1926.55
2024-04-15T08:00:00Z,63.85,2036.0
2024-04-15T08:30:00Z,59.0,2217.4
2024-04-15T09:00:00Z,55.19,2279.5
2024-04-15T09:30:00Z,39.9,1828.05
2024-04-15T10:00:00Z,22.61,2194.45
2024-04-15T10:30:00Z,13.1,2266.55
2024-04-15T11:00:00Z,7.7,2436.3
2024-04-15T11:30:00Z,3.38,2101.35
2024-04-15T12:00:00Z,3.44,2354.8
2024-04-15T12:30:00Z,-1.22,2616.05
2024-04-15T13:00:00Z,-1.98,2429.3
2024-04-15T13:30:00Z,-7.21,2505.4
2024-04-15T14:00:00Z,-9.73,1992.95
2024-04-15T14:30:00Z,-4.58,2097.25
2024-04-15T15:00:00Z,-8.04,1867.2
2024-04-15T15:30:00Z,25.96,3247.4
2024-04-15T16:00:00Z,12.8,2755.8
2024-04-15T16:30:00Z,29.740000000000002,2968.5
2024-04-15T17:00:00Z,35.35,3056.05
2024-04-15T17:30:00Z,43.07,2811.7
2024-04-15T18:00:00Z,31.36,2680.7
2024-04-15T18:30:00Z,29.29,2692.35
2024-04-15T19:00:00Z,35.13,2826.6
2024-04-15T19:30:00Z,30.4,2533.35
2024-04-15T20:00:00Z,26.61,2193.65
2024-04-15T20:30:00Z,13.99,1735.0
2024-04-15T21:00:00Z,11.839999999999998,1738.7
2024-04-15T21:30:00Z,-8.55,1915.6
2024-04-15T22:00:00Z,10.88,1297.7
2024-04-15T22:30:00Z,-8.18,1300.3
2024-04-15T23:00:00Z,-0.18,1223.35
2024-04-15T23:30:00Z,9.65,1425.45
2024-04-16T00:00:00Z,3.65,1710.1
2024-04-16T00:30:00Z,11.21,1987.35
2024-04-16T01:00:00Z,7.62,1796.55
2024-04-16T01:30:00Z,-0.41,1677.4
2024-04-16T02:00:00Z,-10.2,1883.2
2024-04-16T02:30:00Z,-10.6,1698.6
2024-04-16T03:00:00Z,-0.6,1381.5
2024-04-16T03:30:00Z,2.94,1287.5
2024-04-16T04:00:00Z,2.94,1787.7
2024-04-16T04:30:00Z,20.92,2123.4
2024-04-16T05:00:00Z,19.92,1859.15
2024-04-16T05:30:00Z,62.699999999999996,2091.3
2024-04-16T06:00:00Z,74.21,2092.2
2024-04-16T06:30:00Z,85.62,1999.05
2024-04-16T07:00:00Z,78.57,2324.25
2024-04-16T07:30:00Z,77.9,2411.7
2024-04-16T08:00:00Z,74.96,1883.3
2024-04-16T08:30:00Z,68.76,1855.7
2024-04-16T09:00:00Z,65.9,2025.4
2024-04-16T09:30:00Z,67.09,2324.1
2024-04-16T10:00:00Z,61.169999999999995,2715.85
2024-04-16T10:30:00Z,60.14,3285.15
2024-04-16T11:00:00Z,65.1,2961.55
2024-04-16T11:30:00Z,66.01,3209.15
2024-04-16T12:00:00Z,67.00130363902629,3619.1
2024-04-16T12:30:00Z,65.8,3428.1
2024-04-16T13:00:00Z,65.82708660025503,3960.15
2024-04-16T13:30:00Z,57.749843487487844,3958.1499999999996
2024-04-16T14:00:00Z,57.11,3780.95
2024-04-16T14:30:00Z,48.61,3473.8
2024-04-16T15:00:00Z,60.88,3618.65
2024-04-16T15:30:00Z,62.41,3746.9
2024-04-16T16:00:00Z,55.06,3454.05
2024-04-16T16:30:00Z,54.27,3918.1
2024-04-16T17:00:00Z,66.23,3548.35
2024-04-16T17:30:00Z,73.97,3218.9
2024-04-16T18:00:00Z,84.04,2786.2
2024-04-16T18:30:00Z,85.52,3106.2
2024-04-16T19:00:00Z,74.91,3183.6
2024-04-16T19:30:00Z,80.68000000000002,3495.9
2024-04-16T20:00:00Z,84.97,2740.85
2024-04-16T20:30:00Z,80.9,2979.85
2024-04-16T21:00:00Z,83.33,3040.8
2024-04-16T21:30:00Z,78.68,3350.15
2024-04-16T22:00:00Z,78.81,2157.9
2024-04-16T22:30:00Z,74.02,1633.3
2024-04-16T23:00:00Z,77.88,1850.95
2024-04-16T23:30:00Z,71.39,1836.4
2024-04-17T00:00:00Z,68.56,1966.6
2024-04-17T00:30:00Z,64.85,2096.35
2024-04-17T01:00:00Z,67.9,1877.35
2024-04-17T01:30:00Z,53.86,2105.5
2024-04-17T02:00:00Z,56.18,1932.2
2024-04-17T02:30:00Z,54.84,2011.95
2024-04-17T03:00:00Z,61.36,1995.95
2024-04-17T03:30:00Z,58.92,1941.8
2024-04-17T04:00:00Z,75.88,1775.85
2024-04-17T04:30:00Z,79.31,2247.85
2024-04-17T05:00:00Z,102.75,2960.45
2024-04-17T05:30:00Z,106.25999999999999,2992.85
2024-04-17T06:00:00Z,94.17,3952.6
2024-04-17T06:30:00Z,109.30000000000001,3487.95
2024-04-17T07:00:00Z,88.18,3314.05
2024-04-17T07:30:00Z,80.13,3156.15
2024-04-17T08:00:00Z,64.52,2535.55
2024-04-17T08:30:00Z,65.0,2773.25
2024-04-17T09:00:00Z,70.66,2664.9
2024-04-17T09:30:00Z,62.65,2986.7
2024-04-17T10:00:00Z,53.42478091693452,2364.4
2024-04-17T10:30:00Z,55.980000000000004,2717.0
2024-04-17T11:00:00Z,56.37,2395.35
2024-04-17T11:30:00Z,56.10000000000001,2806.75
2024-04-17T12:00:00Z,55.03999999999999,2526.3
2024-04-17T12:30:00Z,55.4,2259.9
2024-04-17T13:00:00Z,55.9,1999.1
2024-04-17T13:30:00Z,56.36,2218.1
2024-04-17T14:00:00Z,62.60999999999999,2369.4
2024-04-17T14:30:00Z,70.53,3158.6
2024-04-17T15:00:00Z,69.33,3328.85
2024-04-17T15:30:00Z,68.45,3548.85
2024-04-17T16:00:00Z,76.57,3110.05
2024-04-17T16:30:00Z,82.52,2886.45
2024-04-17T17:00:00Z,98.26000000000002,3154.25
2024-04-17T17:30:00Z,96.77,3035.15
2024-04-17T18:00:00Z,96.32,2653.85
2024-04-17T18:30:00Z,94.28000000000002,2893.4
2024-04-17T19:00:00Z,93.99,2486.85
2024-04-17T19:30:00Z,86.67,2676.85
2024-04-17T20:00:00Z,79.95,2185.1
2024-04-17T20:30:00Z,70.88,2279.15
2024-04-17T21:00:00Z,73.82,2147.95
2024-04-17T21:30:00Z,66.04,2426.2
2024-04-17T22:00:00Z,69.61,1304.05
2024-04-17T22:30:00Z,83.5,1147.3
2024-04-17T23:00:00Z,76.66,1116.2
2024-04-17T23:30:00Z,76.93,1376.0
2024-04-18T00:00:00Z,74.93,1263.65
2024-04-18T00:30:00Z,76.81,1161.95
2024-04-18T01:00:00Z,70.23,1501.6
2024-04-18T01:30:00Z,65.85,1637.4
2024-04-18T02:00:00Z,68.21,1287.65
2024-04-18T02:30:00Z,68.49,1170.3
2024-04-18T03:00:00Z,65.45,1058.75
2024-04-18T03:30:00Z,58.19,1329.2
2024-04-18T04:00:00Z,68.07,1221.2
2024-04-18T04:30:00Z,66.21,1153.5
2024-04-18T05:00:00Z,85.55,1694.95
2024-04-18T05:30:00Z,100.79,1876.25
2024-04-18T06:00:00Z,93.2,1806.45
2024-04-18T06:30:00Z,104.74,1645.5
2024-04-18T07:00:00Z,83.49000000000001,1799.3
2024-04-18T07:30:00Z,76.14,1835.1
2024-04-18T08:00:00Z,64.27,1967.3
2024-04-18T08:30:00Z,61.63,2557.6
2024-04-18T09:00:00Z,69.08,2954.15
2024-04-18T09:30:00Z,70.63,3278.95
2024-04-18T10:00:00Z,59.81999999999999,2553.65
2024-04-18T10:30:00Z,55.400000000000006,2874.45
2024-04-18T11:00:00Z,53.3,2451.8
2024-04-18T11:30:00Z,45.61160673623511,3052.15
2024-04-18T12:00:00Z,36.77,2613.3
2024-04-18T12:30:00Z,29.17,2742.1
2024-04-18T13:00:00Z,31.04,2986.3
2024-04-18T13:30:00Z,27.79,3030.8
2024-04-18T14:00:00Z,21.26,3263.05
2024-04-18T14:30:00Z,23.16,3748.5
2024-04-18T15:00:00Z,29.01,3859.65
2024-04-18T15:30:00Z,42.6,4414.55
2024-04-18T16:00:00Z,57.69,3528.45
2024-04-18T16:30:00Z,57.73,3944.05
2024-04-18T17:00:00Z,77.3,3446.45
2024-04-18T17:30:00Z,76.24,3221.75
2024-04-18T18:00:00Z,85.26,2387.1
2024-04-18T18:30:00Z,85.44,2650.55
2024-04-18T19:00:00Z,77.72,2359.15
2024-04-18T19:30:00Z,74.46,2188.7
2024-04-18T20:00:00Z,75.63,2423.1
2024-04-18T20:30:00Z,69.16,2306.35
2024-04-18T21:00:00Z,68.06,2461.35
2024-04-18T21:30:00Z,59.68,2460.95
2024-04-18T22:00:00Z,37.7,1707.35
2024-04-18T22:30:00Z,17.35,1857.4
2024-04-18T23:00:00Z,17.0,1892.55
2024-04-18T23:30:00Z,13.74,1807.45
2024-04-19T00:00:00Z,12.19,2006.7
2024-04-19T00:30:00Z,14.9,1763.45
2024-04-19T01:00:00Z,8.89,1634.35
2024-04-19T01:30:00Z,1.5,1381.75
2024-04-19T02:00:00Z,-0.64,1748.75
2024-04-19T02:30:00Z,-3.44,1476.6
2024-04-19T03:00:00Z,1.32,1582.3
2024-04-19T03:30:00Z,3.88,1707.5
2024-04-19T04:00:00Z,-4.82,1490.3
2024-04-19T04:30:00Z,18.66,1733.25
2024-04-19T05:00:00Z,15.4,2159.05
2024-04-19T05:30:00Z,51.22,2578.65
2024-04-19T06:00:00Z,58.1,2346.9
2024-04-19T06:30:00Z,81.27,2048.7
2024-04-19T07:00:00Z,69.08,1994.75
2024-04-19T07:30:00Z,72.88,2394.0
2024-04-19T08:00:00Z,78.54,2747.25
2024-04-19T08:30:00Z,75.75,2999.25
2024-04-19T09:00:00Z,71.84,2603.6
2024-04-19T09:30:00Z,70.08,2770.35
2024-04-19T10:00:00Z,67.24,3025.25
2024-04-19T10:30:00Z,57.78,2988.6
2024-04-19T11:00:00Z,58.2,3265.15
2024-04-19T11:30:00Z,44.37,3312.65
2024-04-19T12:00:00Z,49.64,3189.55
2024-04-19T12:30:00Z,39.91,3092.6
2024-04-19T13:00:00Z,31.23,3114.05
2024-04-19T13:30:00Z,24.21,3580.8
2024-04-19T14:00:00Z,25.16,2796.15
2024-04-19T14:30:00Z,26.010000000000005,2919.2
2024-04-19T15:00:00Z,25.4,2898.5
2024-04-19T15:30:00Z,42.94,3509.05
2024-04-19T16:00:00Z,55.67,2816.45
2024-04-19T16:30:00Z,66.6,2914.7
2024-04-19T17:00:00Z,57.7,3117.95
2024-04-19T17:30:00Z,69.49,3013.85
2024-04-19T18:00:00Z,82.67,2738.5
2024-04-19T18:30:00Z,81.76,2570.4
2024-04-19T19:00:00Z,80.82,2913.35
2024-04-19T19:30:00Z,83.15,2686.25
2024-04-19T20:00:00Z,83.26,2433.5
2024-04-19T20:30:00Z,82.27,2326.65
2024-04-19T21:00:00Z,82.03,2257.25
2024-04-19T21:30:00Z,76.53,2048.75
2024-04-19T22:00:00Z,65.15,1603.7
2024-04-19T22:30:00Z,67.1,1325.0
2024-04-19T23:00:00Z,71.75,1440.15
2024-04-19T23:30:00Z,69.37,1597.5
2024-04-20T00:00:00Z,71.28,1480.35
2024-04-20T00:30:00Z,73.85,1420.65
2024-04-20T01:00:00Z,71.31,1254.0
2024-04-20T01:30:00Z,71.6,1267.75
2024-04-20T02:00:00Z,67.15,1312.75
2024-04-20T02:30:00Z,70.4,1080.25
2024-04-20T03:00:00Z,63.89999999999999,1186.8
2024-04-20T03:30:00Z,66.75,1386.6
2024-04-20T04:00:00Z,66.11,1272.55
2024-04-20T04:30:00Z,64.52,1283.75
2024-04-20T05:00:00Z,64.64,1335.35
2024-04-20T05:30:00Z,61.339999999999996,1466.1
2024-04-20T06:00:00Z,63.12,1544.6
2024-04-20T06:30:00Z,64.23,1789.25
2024-04-20T07:00:00Z,70.88,1742.4
2024-04-20T07:30:00Z,74.91,1564.7
2024-04-20T08:00:00Z,78.46,1523.0
2024-04-20T08:30:00Z,72.54,1730.05
2024-04-20T09:00:00Z,67.28,1652.5
2024-04-20T09:30:00Z,58.95,1578.35
2024-04-20T10:00:00Z,48.82,2137.0
2024-04-20T10:30:00Z,49.29,2431.85
2024-04-20T11:00:00Z,46.92,2342.65
2024-04-20T11:30:00Z,45.42,2467.35
2024-04-20T12:00:00Z,40.28,2150.7
2024-04-20T12:30:00Z,34.34,2366.65
2024-04-20T13:00:00Z,45.23,2333.4
2024-04-20T13:30:00Z,46.14,2220.5
2024-04-20T14:00:00Z,53.95,2281.3
2024-04-20T14:30:00Z,58.74,2006.35
2024-04-20T15:00:00Z,62.08,1938.0
2024-04-20T15:30:00Z,66.88,2059.15
2024-04-20T16:00:00Z,69.12,1604.0
2024-04-20T16:30:00Z,73.68999999999998,1797.4
2024-04-20T17:00:00Z,82.3,1493.9
2024-04-20T17:30:00Z,84.48,1856.0
2024-04-20T18:00:00Z,81.75999999999999,1948.7
2024-04-20T18:30:00Z,83.32,1914.35
2024-04-20T19:00:00Z,86.61,1640.6
2024-04-20T19:30:00Z,84.5,1370.05
2024-04-20T20:00:00Z,85.46,1172.55
2024-04-20T20:30:00Z,80.76,1080.35
2024-04-20T21:00:00Z,68.36,1321.3
2024-04-20T21:30:00Z,67.49,1327.95
2024-04-20T22:00:00Z,63.669999999999995,1224.25
2024-04-20T22:30:00Z,62.46,1316.9
2024-04-20T23:00:00Z,55.82000000000001,949.45
2024-04-20T23:30:00Z,53.93,996.2
2024-04-21T00:00:00Z,55.79,1082.85
2024-04-21T00:30:00Z,55.34,1116.15
2024-04-21T01:00:00Z,52.48,1219.9
2024-04-21T01:30:00Z,51.7,1267.45
2024-04-21T02:00:00Z,47.35,1026.7
2024-04-21T02:30:00Z,46.2,992.85
2024-04-21T03:00:00Z,43.99,948.25
2024-04-21T03:30:00Z,39.72,1107.1
2024-04-21T04:00:00Z,39.65,1062.4
2024-04-21T04:30:00Z,39.3,1061.4
2024-04-21T05:00:00Z,41.87,1148.3
2024-04-21T05:30:00Z,41.41,1219.4
2024-04-21T06:00:00Z,41.53,1609.7
2024-04-21T06:30:00Z,47.300000000000004,1421.0
2024-04-21T07:00:00Z,38.48,1385.55
2024-04-21T07:30:00Z,38.94,1657.45
2024-04-21T08:00:00Z,32.07,1645.75
2024-04-21T08:30:00Z,29.67,1707.75
2024-04-21T09:00:00Z,28.85,1568.25
2024-04-21T09:30:00Z,31.77,1679.2
2024-04-21T10:00:00Z,21.46,1921.45
2024-04-21T10:30:00Z,24.16,2138.9
2024-04-21T11:00:00Z,30.06,2843.05
2024-04-21T11:30:00Z,27.32,2832.85
2024-04-21T12:00:00Z,28.460000000000004,2992.75
2024-04-21T12:30:00Z,37.5,3170.45
2024-04-21T13:00:00Z,41.72,3060.45
2024-04-21T13:30:00Z,42.34,3203.6
2024-04-21T14:00:00Z,46.91,2859.3
2024-04-21T14:30:00Z,50.47,3065.55
2024-04-21T15:00:00Z,55.07,3083.05
2024-04-21T15:30:00Z,53.86999999999999,2628.75
2024-04-21T16:00:00Z,55.55,1780.7
2024-04-21T16:30:00Z,61.71,1794.35
2024-04-21T17:00:00Z,70.45,2185.55
2024-04-21T17:30:00Z,76.87,2091.05
2024-04-21T18:00:00Z,80.47,1935.95
2024-04-21T18:30:00Z,89.36,2023.95
2024-04-21T19:00:00Z,87.71,2249.0
2024-04-21T19:30:00Z,87.06,1810.45
2024-04-21T20:00:00Z,88.28,1813.8
2024-04-21T20:30:00Z,83.34,1448.9
2024-04-21T21:00:00Z,79.3,1569.05
2024-04-21T21:30:00Z,58.67,1894.85
2024-04-21T22:00:00Z,62.309999999999995,1280.15
2024-04-21T22:30:00Z,53.84,1416.25
2024-04-21T23:00:00Z,67.35,1655.5
2024-04-21T23:30:00Z,63.4,1474.85
2024-04-22T00:00:00Z,58.9,1631.85
2024-04-22T00:30:00Z,62.550000000000004,1888.35
2024-04-22T01:00:00Z,64.62,1841.0
2024-04-22T01:30:00Z,61.58,1889.85
2024-04-22T02:00:00Z,59.32,1757.35
2024-04-22T02:30:00Z,58.72,1592.05
2024-04-22T03:00:00Z,57.559999999999995,1525.6
2024-04-22T03:30:00Z,55.519999999999996,1628.1
2024-04-22T04:00:00Z,77.27,1639.15
2024-04-22T04:30:00Z,77.0,2112.55
2024-04-22T05:00:00Z,98.33,2135.3
2024-04-22T05:30:00Z,109.48,2245.3
2024-04-22T06:00:00Z,108.67,1741.05
2024-04-22T06:30:00Z,113.52,1995.9
2024-04-22T07:00:00Z,78.58000000000001,1837.7
2024-04-22T07:30:00Z,84.04,2123.65
2024-04-22T08:00:00Z,91.44,1927.4
2024-04-22T08:30:00Z,79.05,2092.25
2024-04-22T09:00:00Z,77.68,2198.85
2024-04-22T09:30:00Z,76.89,2481.05
2024-04-22T10:00:00Z,79.12,1941.9
2024-04-22T10:30:00Z,75.23,1904.95
2024-04-22T11:00:00Z,76.26,1751.05
2024-04-22T11:30:00Z,74.77,1743.7
2024-04-22T12:00:00Z,71.25,1670.4
2024-04-22T12:30:00Z,68.31,1884.15
2024-04-22T13:00:00Z,72.61,1922.05
2024-04-22T13:30:00Z,72.17,1991.85
2024-04-22T14:00:00Z,69.96,1662.55
2024-04-22T14:30:00Z,69.81,1955.05
2024-04-22T15:00:00Z,73.88,2233.25
2024-04-22T15:30:00Z,74.16,2344.35
2024-04-22T16:00:00Z,90.59,2196.75
2024-04-22T16:30:00Z,92.25,2427.5
2024-04-22T17:00:00Z,92.57,2912.7
2024-04-22T17:30:00Z,92.54,2696.5
2024-04-22T18:00:00Z,97.63999999999999,2689.85
2024-04-22T18:30:00Z,95.4,2648.9
2024-04-22T19:00:00Z,95.33,2680.2
2024-04-22T19:30:00Z,93.57,2648.25
2024-04-22T20:00:00Z,86.22,2342.7
2024-04-22T20:30:00Z,82.91,1964.6
2024-04-22T21:00:00Z,83.16,1796.4
2024-04-22T21:30:00Z,81.63,2051.55
2024-04-22T22:00:00Z,69.58,1447.6
2024-04-22T22:30:00Z,76.45,1281.2
2024-04-22T23:00:00Z,74.68,1251.4
2024-04-22T23:30:00Z,74.65,1524.9
2024-04-23T00:00:00Z,72.45,1151.4
2024-04-23T00:30:00Z,72.68,1351.75
2024-04-23T01:00:00Z,69.76,1597.15
2024-04-23T01:30:00Z,68.91,1922.7
2024-04-23T02:00:00Z,65.2,1662.3
2024-04-23T02:30:00Z,62.53,1365.2
2024-04-23T03:00:00Z,63.93,1668.55
2024-04-23T03:30:00Z,61.42,1280.3
2024-04-23T04:00:00Z,68.96,1729.0
2024-04-23T04:30:00Z,63.91,1539.85
2024-04-23T05:00:00Z,81.6,2085.25
2024-04-23T05:30:00Z,88.06,2119.25
2024-04-23T06:00:00Z,82.13,2651.2
2024-04-23T06:30:00Z,95.65999999999998,2805.9
2024-04-23T07:00:00Z,75.09,2429.0
2024-04-23T07:30:00Z,77.54,2635.05
2024-04-23T08:00:00Z,75.47,2931.0
2024-04-23T08:30:00Z,72.38,3684.9
2024-04-23T09:00:00Z,73.66099602649007,3775.0
2024-04-23T09:30:00Z,73.66045422452342,3824.1
2024-04-23T10:00:00Z,75.02,3862.85
2024-04-23T10:30:00Z,73.49,3706.75
2024-04-23T11:00:00Z,67.93,3343.35
2024-04-23T11:30:00Z,62.47,3359.9
2024-04-23T12:00:00Z,63.08,3360.1
2024-04-23T12:30:00Z,61.75,3324.5
2024-04-23T13:00:00Z,61.03,2584.65
2024-04-23T13:30:00Z,60.86,3089.8
2024-04-23T14:00:00Z,55.98,1836.55
2024-04-23T14:30:00Z,60.56000000000001,2423.25
2024-04-23T15:00:00Z,59.81999999999999,2208.75
2024-04-23T15:30:00Z,61.489999999999995,2289.05
2024-04-23T16:00:00Z,66.22,2301.85
2024-04-23T16:30:00Z,66.09,2887.55
2024-04-23T17:00:00Z,67.57,3055.05
2024-04-23T17:30:00Z,66.08,2828.2
2024-04-23T18:00:00Z,74.1,1954.1
2024-04-23T18:30:00Z,77.43,1448.75
2024-04-23T19:00:00Z,77.56,1246.0
2024-04-23T19:30:00Z,77.73,1162.25
2024-04-23T20:00:00Z,77.91985226019847,907.0
2024-04-23T20:30:00Z,71.54,691.1
2024-04-23T21:00:00Z,68.28,738.4
2024-04-23T21:30:00Z,73.37,1226.0
2024-04-23T22:00:00Z,65.81,944.8
2024-04-23T22:30:00Z,67.56,931.95
2024-04-23T23:00:00Z,60.79,1189.5
2024-04-23T23:30:00Z,61.89,1148.7
2024-04-24T00:00:00Z,62.19,1241.2
2024-04-24T00:30:00Z,63.129999999999995,1221.15
2024-04-24T01:00:00Z,59.72,1079.9
2024-04-24T01:30:00Z,62.09,1158.05
2024-04-24T02:00:00Z,64.58,1369.6
2024-04-24T02:30:00Z,63.60000000000001,1155.45
2024-04-24T03:00:00Z,63.72,1301.25
2024-04-24T03:30:00Z,63.5,1556.65
2024-04-24T04:00:00Z,65.85,1598.8
2024-04-24T04:30:00Z,64.76,1710.85
2024-04-24T05:00:00Z,74.89,2019.0
2024-04-24T05:30:00Z,86.8,2458.7
2024-04-24T06:00:00Z,94.43,2082.85
2024-04-24T06:30:00Z,99.34,2255.9
2024-04-24T07:00:00Z,88.60959065050704,2425.8
2024-04-24T07:30:00Z,86.1436460217468,2404.95
2024-04-24T08:00:00Z,76.53,2347.75
2024-04-24T08:30:00Z,72.21,2299.4
2024-04-24T09:00:00Z,74.98,2210.55
2024-04-24T09:30:00Z,74.33,2463.0
2024-04-24T10:00:00Z,77.83471532124497,2324.5499999999997
2024-04-24T10:30:00Z,73.80053242877692,2328.95
2024-04-24T11:00:00Z,73.34647708064035,2514.25
2024-04-24T11:30:00Z,72.87,2592.85
2024-04-24T12:00:00Z,70.45029725463016,2597.1
2024-04-24T12:30:00Z,74.12,2991.0
2024-04-24T13:00:00Z,76.51,2972.6
2024-04-24T13:30:00Z,73.7,3206.55
2024-04-24T14:00:00Z,74.49,3007.45
2024-04-24T14:30:00Z,75.23,3030.15
2024-04-24T15:00:00Z,74.23,2698.05
2024-04-24T15:30:00Z,72.81,3268.4
2024-04-24T16:00:00Z,76.75,2560.1
2024-04-24T16:30:00Z,73.84,3292.9
2024-04-24T17:00:00Z,88.54,3178.5
2024-04-24T17:30:00Z,88.53,3222.75
2024-04-24T18:00:00Z,94.39,2395.65
2024-04-24T18:30:00Z,95.7,2488.95
2024-04-24T19:00:00Z,94.38,2499.45
2024-04-24T19:30:00Z,95.33,2314.15
2024-04-24T20:00:00Z,92.04,2188.25
2024-04-24T20:30:00Z,86.22,2072.55
2024-04-24T21:00:00Z,84.23,2028.0
2024-04-24T21:30:00Z,74.41,1571.0
2024-04-24T22:00:00Z,73.73,1433.35
2024-04-24T22:30:00Z,68.04,1230.2
2024-04-24T23:00:00Z,67.4,1132.65
2024-04-24T23:30:00Z,63.88,1211.65
2024-04-25T00:00:00Z,67.95,1398.9
2024-04-25T00:30:00Z,69.26,1392.7
2024-04-25T01:00:00Z,69.34,1330.3
2024-04-25T01:30:00Z,65.11,1105.9
2024-04-25T02:00:00Z,61.05,1192.4
2024-04-25T02:30:00Z,55.989999999999995,1201.1
2024-04-25T03:00:00Z,62.96,1146.35
2024-04-25T03:30:00Z,56.54,1211.65
2024-04-25T04:00:00Z,60.44,1193.65
2024-04-25T04:30:00Z,60.56,1395.7
2024-04-25T05:00:00Z,68.86,2007.4
2024-04-25T05:30:00Z,76.46,2018.7
2024-04-25T06:00:00Z,83.06,2060.35
2024-04-25T06:30:00Z,95.43,2298.35
2024-04-25T07:00:00Z,77.93,2353.55
2024-04-25T07:30:00Z,73.65,2197.1
2024-04-25T08:00:00Z,65.94,1983.55
2024-04-25T08:30:00Z,60.78,2318.4
2024-04-25T09:00:00Z,63.43,2580.15
2024-04-25T09:30:00Z,65.01,2548.8
2024-04-25T10:00:00Z,56.59,2403.35
2024-04-25T10:30:00Z,63.64999999999999,2858.8
2024-04-25T11:00:00Z,60.669999999999995,2389.3
2024-04-25T11:30:00Z,59.59,1987.4
2024-04-25T12:00:00Z,60.76,2131.85
2024-04-25T12:30:00Z,64.98,2390.35
2024-04-25T13:00:00Z,66.0,2433.05
2024-04-25T13:30:00Z,65.51,2643.35
2024-04-25T14:00:00Z,68.43,1831.6
2024-04-25T14:30:00Z,68.92,1531.5
2024-04-25T15:00:00Z,70.50856036027311,1032.55
2024-04-25T15:30:00Z,70.24141668053937,1201.3999999999999
2024-04-25T16:00:00Z,78.68610738255033,938.7
2024-04-25T16:30:00Z,83.32490251916758,913.0
2024-04-25T17:00:00Z,84.76773227152067,659.25
2024-04-25T17:30:00Z,81.4725232712766,1052.8
2024-04-25T18:00:00Z,80.53,1514.65
2024-04-25T18:30:00Z,81.6,1670.55
2024-04-25T19:00:00Z,78.69,1878.3
2024-04-25T19:30:00Z,80.01,1995.75
2024-04-25T20:00:00Z,75.68,1620.3
2024-04-25T20:30:00Z,71.43,1510.15
2024-04-25T21:00:00Z,72.05,1781.8
2024-04-25T21:30:00Z,69.72,1876.05
2024-04-25T22:00:00Z,68.21,1027.45
2024-04-25T22:30:00Z,63.48,1271.6
2024-04-25T23:00:00Z,70.85,1154.8
2024-04-25T23:30:00Z,65.79,1104.6
2024-04-26T00:00:00Z,64.1,1130.15
2024-04-26T00:30:00Z,64.98,1056.55
2024-04-26T01:00:00Z,64.81,1229.5
2024-04-26T01:30:00Z,64.17,1205.15
2024-04-26T02:00:00Z,65.42,1348.55
2024-04-26T02:30:00Z,61.5,983.75
2024-04-26T03:00:00Z,63.79,1034.9
2024-04-26T03:30:00Z,60.87,1174.75
2024-04-26T04:00:00Z,68.77,1274.25
2024-04-26T04:30:00Z,63.03,1013.35
2024-04-26T05:00:00Z,69.42,1453.6
2024-04-26T05:30:00Z,84.78,2186.6
2024-04-26T06:00:00Z,74.12,2216.5
2024-04-26T06:30:00Z,84.29,2631.45
2024-04-26T07:00:00Z,86.92,1981.1
2024-04-26T07:30:00Z,84.35,1988.2
2024-04-26T08:00:00Z,76.9,1979.95
2024-04-26T08:30:00Z,71.68,1713.45
2024-04-26T09:00:00Z,67.4,1977.1
2024-04-26T09:30:00Z,66.81,1768.7
2024-04-26T10:00:00Z,62.92,1615.6
2024-04-26T10:30:00Z,62.54,1738.75
2024-04-26T11:00:00Z,62.85,1764.1
2024-04-26T11:30:00Z,63.04999999999999,1991.1
2024-04-26T12:00:00Z,63.16,1739.25
2024-04-26T12:30:00Z,62.37,1604.45
2024-04-26T13:00:00Z,62.34,1561.15
2024-04-26T13:30:00Z,62.0,1673.0
2024-04-26T14:00:00Z,63.49,1535.95
2024-04-26T14:30:00Z,63.99,1696.75
2024-04-26T15:00:00Z,65.94,1517.75
2024-04-26T15:30:00Z,67.07,1536.8
2024-04-26T16:00:00Z,77.69,1883.75
2024-04-26T16:30:00Z,84.51,2066.15
2024-04-26T17:00:00Z,93.01,2097.5
2024-04-26T17:30:00Z,92.11,2380.2
2024-04-26T18:00:00Z,100.66000000000001,1404.75
2024-04-26T18:30:00Z,98.01,1941.9
2024-04-26T19:00:00Z,91.84,1457.4
2024-04-26T19:30:00Z,90.72,1508.5
2024-04-26T20:00:00Z,86.21,1507.8
2024-04-26T20:30:00Z,78.5,1536.95
2024-04-26T21:00:00Z,73.58,1493.7
2024-04-26T21:30:00Z,70.18,1440.6
2024-04-26T22:00:00Z,68.42,1164.2
2024-04-26T22:30:00Z,77.71,992.3
2024-04-26T23:00:00Z,72.64,988.7
2024-04-26T23:30:00Z,73.97,953.05
2024-04-27T00:00:00Z,71.2,1112.15
2024-04-27T00:30:00Z,74.12,1174.8
2024-04-27T01:00:00Z,73.29,1132.1
2024-04-27T01:30:00Z,68.9,1261.0
2024-04-27T02:00:00Z,68.66,1262.35
2024-04-27T02:30:00Z,66.22,1164.3
2024-04-27T03:00:00Z,66.07,1032.7
2024-04-27T03:30:00Z,64.92,1019.0
2024-04-27T04:00:00Z,66.05,1058.85
2024-04-27T04:30:00Z,65.99,1209.65
2024-04-27T05:00:00Z,67.86,1083.95
2024-04-27T05:30:00Z,67.61,1622.45
2024-04-27T06:00:00Z,63.46999999999999,1049.05
2024-04-27T06:30:00Z,65.85,1151.7
2024-04-27T07:00:00Z,65.09,1074.6
2024-04-27T07:30:00Z,65.8,975.15
2024-04-27T08:00:00Z,70.38,1289.0
2024-04-27T08:30:00Z,74.24,1343.5
2024-04-27T09:00:00Z,74.31,1292.65
2024-04-27T09:30:00Z,76.73,1257.0
2024-04-27T10:00:00Z,84.32,1169.4
2024-04-27T10:30:00Z,87.45,1172.45
2024-04-27T11:00:00Z,88.75,1070.25
2024-04-27T11:30:00Z,90.34,1270.45
2024-04-27T12:00:00Z,93.64,1257.35
2024-04-27T12:30:00Z,92.88,1451.45
2024-04-27T13:00:00Z,88.72,1738.75
2024-04-27T13:30:00Z,83.14,1986.55
2024-04-27T14:00:00Z,82.46999999999998,1628.95
2024-04-27T14:30:00Z,84.34,1546.3
2024-04-27T15:00:00Z,87.99000000000001,1499.8
2024-04-27T15:30:00Z,90.66,1402.65
2024-04-27T16:00:00Z,90.78,1658.75
2024-04-27T16:30:00Z,92.06999999999998,1685.8
2024-04-27T17:00:00Z,95.7,1974.2
2024-04-27T17:30:00Z,95.29,1992.6
2024-04-27T18:00:00Z,90.38,1573.55
2024-04-27T18:30:00Z,89.34,1539.4
2024-04-27T19:00:00Z,88.22,1234.95
2024-04-27T19:30:00Z,86.85,1199.4
2024-04-27T20:00:00Z,79.31999999999998,1816.15
2024-04-27T20:30:00Z,78.37,1754.3
2024-04-27T21:00:00Z,74.19,1883.75
2024-04-27T21:30:00Z,74.96,1675.15
2024-04-27T22:00:00Z,78.41,1678.65
2024-04-27T22:30:00Z,78.39,1875.45
2024-04-27T23:00:00Z,77.22,2098.95
2024-04-27T23:30:00Z,75.62,1805.5
2024-04-28T00:00:00Z,72.95,1891.65
2024-04-28T00:30:00Z,74.1,1758.05
2024-04-28T01:00:00Z,67.04,1847.25
2024-04-28T01:30:00Z,64.3,1846.1
2024-04-28T02:00:00Z,52.28,1383.15
2024-04-28T02:30:00Z,47.41,1566.85
2024-04-28T03:00:00Z,36.81,1279.85
2024-04-28T03:30:00Z,32.47,1448.25
2024-04-28T04:00:00Z,24.409999999999997,1370.15
2024-04-28T04:30:00Z,22.11,1401.85
2024-04-28T05:00:00Z,20.95,1478.5
2024-04-28T05:30:00Z,29.12,1583.5
2024-04-28T06:00:00Z,54.63999999999999,1662.35
2024-04-28T06:30:00Z,67.14,1741.25
2024-04-28T07:00:00Z,65.91,1952.5
2024-04-28T07:30:00Z,72.33,2088.2
2024-04-28T08:00:00Z,82.61,1943.15
2024-04-28T08:30:00Z,83.42,1965.1
2024-04-28T09:00:00Z,80.96,1886.85
2024-04-28T09:30:00Z,80.27,1986.55
2024-04-28T10:00:00Z,79.38,1902.65
2024-04-28T10:30:00Z,78.03,2027.2
2024-04-28T11:00:00Z,78.76,1802.35
2024-04-28T11:30:00Z,71.61,1837.4
2024-04-28T12:00:00Z,64.05,1650.1
2024-04-28T12:30:00Z,59.99,1757.0
2024-04-28T13:00:00Z,61.06000000000001,1931.45
2024-04-28T13:30:00Z,54.17,2039.55
2024-04-28T14:00:00Z,56.28,1727.35
2024-04-28T14:30:00Z,64.02,1861.0
2024-04-28T15:00:00Z,68.34,1792.25
2024-04-28T15:30:00Z,70.33,1785.15
2024-04-28T16:00:00Z,75.31,1499.35
2024-04-28T16:30:00Z,79.0,1786.5
2024-04-28T17:00:00Z,76.84,1855.4
2024-04-28T17:30:00Z,74.82999999999998,1800.85
2024-04-28T18:00:00Z,67.66,1413.65
2024-04-28T18:30:00Z,65.46,1476.45
2024-04-28T19:00:00Z,72.22,1845.95
2024-04-28T19:30:00Z,68.15,1510.35
2024-04-28T20:00:00Z,63.44,1680.25
2024-04-28T20:30:00Z,66.17,1970.45
2024-04-28T21:00:00Z,72.27,2295.55
2024-04-28T21:30:00Z,64.29,2101.8
2024-04-28T22:00:00Z,52.63000000000001,1260.05
2024-04-28T22:30:00Z,34.66,1134.75
2024-04-28T23:00:00Z,35.81,1761.3
2024-04-28T23:30:00Z,38.35,1660.45
2024-04-29T00:00:00Z,45.06,1768.8
2024-04-29T00:30:00Z,45.48,1982.7
2024-04-29T01:00:00Z,47.00999999999999,1533.9
2024-04-29T01:30:00Z,46.8,1528.85
2024-04-29T02:00:00Z,44.5,1389.5
2024-04-29T02:30:00Z,48.57,1287.35
2024-04-29T03:00:00Z,62.28,1142.55
2024-04-29T03:30:00Z,55.1,1495.8
2024-04-29T04:00:00Z,74.28,1305.8
2024-04-29T04:30:00Z,85.23000000000002,1617.75
2024-04-29T05:00:00Z,85.44,1934.25
2024-04-29T05:30:00Z,93.68,2025.6
2024-04-29T06:00:00Z,85.88,1971.7
2024-04-29T06:30:00Z,95.49,2177.6
2024-04-29T07:00:00Z,86.24,1713.6
2024-04-29T07:30:00Z,80.9,1737.2
2024-04-29T08:00:00Z,67.45,2217.45
2024-04-29T08:30:00Z,63.06000000000001,2280.85
2024-04-29T09:00:00Z,59.99,2608.05
2024-04-29T09:30:00Z,53.68,2322.65
2024-04-29T10:00:00Z,32.64,2185.65
2024-04-29T10:30:00Z,31.0,2316.5
2024-04-29T11:00:00Z,33.54,2695.3
2024-04-29T11:30:00Z,31.11,2704.05
2024-04-29T12:00:00Z,28.289999999999996,2902.4
2024-04-29T12:30:00Z,23.05,3188.6
2024-04-29T13:00:00Z,33.55,3486.6
2024-04-29T13:30:00Z,29.78,3544.25
2024-04-29T14:00:00Z,35.5,2956.65
2024-04-29T14:30:00Z,40.6,2874.0
2024-04-29T15:00:00Z,58.32,3357.5
2024-04-29T15:30:00Z,58.01,3008.35
2024-04-29T16:00:00Z,63.22999999999999,2453.05
2024-04-29T16:30:00Z,63.05,2350.0
2024-04-29T17:00:00Z,64.08,2465.1
2024-04-29T17:30:00Z,72.71,2592.35
2024-04-29T18:00:00Z,78.97,2274.1
2024-04-29T18:30:00Z,80.79,2283.2
2024-04-29T19:00:00Z,76.06,2096.05
2024-04-29T19:30:00Z,76.5,2027.85
2024-04-29T20:00:00Z,74.51,1911.0
2024-04-29T20:30:00Z,67.78,2014.75
2024-04-29T21:00:00Z,66.06,1971.35
2024-04-29T21:30:00Z,64.09,2114.3
2024-04-29T22:00:00Z,61.47,1576.75
2024-04-29T22:30:00Z,61.349999999999994,1292.0
2024-04-29T23:00:00Z,38.5,1329.1
2024-04-29T23:30:00Z,45.29,1584.55
2024-04-30T00:00:00Z,54.44,1539.45
2024-04-30T00:30:00Z,53.71,1786.9
2024-04-30T01:00:00Z,41.85,1791.5
2024-04-30T01:30:00Z,50.38,2136.35
2024-04-30T02:00:00Z,44.39,2168.25
2024-04-30T02:30:00Z,43.78,1827.55
2024-04-30T03:00:00Z,51.81,2010.55
2024-04-30T03:30:00Z,52.18,1850.15
2024-04-30T04:00:00Z,57.88999999999999,1591.9
2024-04-30T04:30:00Z,68.25,1638.35
2024-04-30T05:00:00Z,69.76,2097.2
2024-04-30T05:30:00Z,79.82,2401.05
2024-04-30T06:00:00Z,61.34,1967.5
2024-04-30T06:30:00Z,73.19,2552.2
2024-04-30T07:00:00Z,66.3880861244019,2194.5
2024-04-30T07:30:00Z,59.41059782608695,2024.0
2024-04-30T08:00:00Z,54.66,2276.3
2024-04-30T08:30:00Z,47.09,2538.2
2024-04-30T09:00:00Z,36.5,2304.7
2024-04-30T09:30:00Z,24.71,2146.45
2024-04-30T10:00:00Z,16.38,2249.6
2024-04-30T10:30:00Z,16.27,2154.7
2024-04-30T11:00:00Z,14.539999999999997,2360.35
2024-04-30T11:30:00Z,12.48,2477.5
2024-04-30T12:00:00Z,7.910000000000001,2194.85
2024-04-30T12:30:00Z,5.93,2081.65
2024-04-30T13:00:00Z,7.65,2348.65
2024-04-30T13:30:00Z,8.41,2463.45
2024-04-30T14:00:00Z,11.7,2459.45
2024-04-30T14:30:00Z,24.46,2705.3
2024-04-30T15:00:00Z,34.68,2590.35
2024-04-30T15:30:00Z,46.62,2843.75
2024-04-30T16:00:00Z,56.05,2967.1
2024-04-30T16:30:00Z,60.72,3010.75
2024-04-30T17:00:00Z,68.89,3317.95
2024-04-30T17:30:00Z,73.19,3341.35
2024-04-30T18:00:00Z,81.58,2850.95
2024-04-30T18:30:00Z,84.59,2778.65
2024-04-30T19:00:00Z,86.41,2280.3
2024-04-30T19:30:00Z,85.02,2337.85
2024-04-30T20:00:00Z,84.74,2370.05
2024-04-30T20:30:00Z,76.85,2115.95
2024-04-30T21:00:00Z,68.96,1896.85
2024-04-30T21:30:00Z,62.74,1970.9
2024-04-30T22:00:00Z,67.13,1241.55
2024-04-30T22:30:00Z,67.31,1149.25
2024-04-30T23:00:00Z,61.970000000000006,1262.45
2024-04-30T23:30:00Z,68.36,1445.75
2024-05-01T00:00:00Z,69.85,1286.1
2024-05-01T00:30:00Z,72.2,1452.8
2024-05-01T01:00:00Z,67.83,1531.6
2024-05-01T01:30:00Z,61.00999999999999,1636.45
2024-05-01T02:00:00Z,59.25,1772.9
2024-05-01T02:30:00Z,57.71,1706.7
2024-05-01T03:00:00Z,58.41,1668.6
2024-05-01T03:30:00Z,64.07,2059.55
2024-05-01T04:00:00Z,60.99,1642.6
2024-05-01T04:30:00Z,60.94,1722.6
2024-05-01T05:00:00Z,67.96,2162.25
2024-05-01T05:30:00Z,68.49,2057.9
2024-05-01T06:00:00Z,73.81,2385.3
2024-05-01T06:30:00Z,82.96,2473.55
2024-05-01T07:00:00Z,89.62,2309.15
2024-05-01T07:30:00Z,89.76,2162.85
2024-05-01T08:00:00Z,89.97,2895.5
2024-05-01T08:30:00Z,84.91,2996.0
2024-05-01T09:00:00Z,83.94,3079.55
2024-05-01T09:30:00Z,81.57,3184.4
2024-05-01T10:00:00Z,75.72,2205.75
2024-05-01T10:30:00Z,68.74,2432.75
2024-05-01T11:00:00Z,66.81,1950.65
2024-05-01T11:30:00Z,69.31,2410.25
2024-05-01T12:00:00Z,67.08,1989.5
2024-05-01T12:30:00Z,63.96,1810.75
2024-05-01T13:00:00Z,63.26,1984.25
2024-05-01T13:30:00Z,64.56,2060.5
2024-05-01T14:00:00Z,73.33,1655.95
2024-05-01T14:30:00Z,80.02,2019.05
2024-05-01T15:00:00Z,80.28,2020.45
2024-05-01T15:30:00Z,85.62,1945.6
2024-05-01T16:00:00Z,91.2,2229.2
2024-05-01T16:30:00Z,97.07,2266.5
2024-05-01T17:00:00Z,104.29,2641.25
2024-05-01T17:30:00Z,101.55,2612.5
2024-05-01T18:00:00Z,106.56,2867.6
2024-05-01T18:30:00Z,98.25,3119.8
2024-05-01T19:00:00Z,93.64,2765.5
2024-05-01T19:30:00Z,90.98,2808.85
2024-05-01T20:00:00Z,76.84,1582.0
2024-05-01T20:30:00Z,65.29,1825.55
2024-05-01T21:00:00Z,64.52,1592.45
2024-05-01T21:30:00Z,61.28000000000001,2167.25
2024-05-01T22:00:00Z,81.02999999999999,1675.9
2024-05-01T22:30:00Z,70.25,1565.35
2024-05-01T23:00:00Z,50.29,1052.65
2024-05-01T23:30:00Z,46.79,1192.1
2024-05-02T00:00:00Z,37.33,1308.55
2024-05-02T00:30:00Z,37.33,1579.3
2024-05-02T01:00:00Z,34.01,1430.2
2024-05-02T01:30:00Z,32.54,1230.15
2024-05-02T02:00:00Z,27.42,1000.25
2024-05-02T02:30:00Z,26.26,1116.7
2024-05-02T03:00:00Z,30.53,1391.55
2024-05-02T03:30:00Z,35.4,1619.5
2024-05-02T04:00:00Z,64.0,1566.85
2024-05-02T04:30:00Z,62.77,1890.8
2024-05-02T05:00:00Z,53.99000000000001,1656.75
2024-05-02T05:30:00Z,63.51,2068.85
2024-05-02T06:00:00Z,63.49000000000001,1904.8
2024-05-02T06:30:00Z,73.23,2354.3
2024-05-02T07:00:00Z,76.83,2090.2
2024-05-02T07:30:00Z,78.74,2112.1
2024-05-02T08:00:00Z,85.34,1969.5
2024-05-02T08:30:00Z,83.94,2322.95
2024-05-02T09:00:00Z,85.98,2182.8
2024-05-02T09:30:00Z,82.93,2399.55
2024-05-02T10:00:00Z,73.05,2438.5
2024-05-02T10:30:00Z,64.48,2736.15
2024-05-02T11:00:00Z,59.480000000000004,2833.95
2024-05-02T11:30:00Z,64.87,3513.6
2024-05-02T12:00:00Z,65.67,2800.7
2024-05-02T12:30:00Z,64.28,2973.0
2024-05-02T13:00:00Z,63.75000000000001,3088.45
2024-05-02T13:30:00Z,60.07999999999999,3032.55
2024-05-02T14:00:00Z,63.85,1897.0
2024-05-02T14:30:00Z,63.720000000000006,2102.4
2024-05-02T15:00:00Z,75.12,2180.95
2024-05-02T15:30:00Z,84.09,2528.35
2024-05-02T16:00:00Z,80.32,3307.5
2024-05-02T16:30:00Z,79.84,3199.6
2024-05-02T17:00:00Z,77.16,3378.4
2024-05-02T17:30:00Z,75.51,3686.45
2024-05-02T18:00:00Z,82.28,2591.55
2024-05-02T18:30:00Z,84.28,2392.4
2024-05-02T19:00:00Z,76.51,2322.9
2024-05-02T19:30:00Z,73.8,2228.75
2024-05-02T20:00:00Z,71.82,2104.65
2024-05-02T20:30:00Z,66.31,1764.65
2024-05-02T21:00:00Z,63.96,1774.8
2024-05-02T21:30:00Z,60.22,1755.75
2024-05-02T22:00:00Z,66.08,1760.2
2024-05-02T22:30:00Z,66.77,1392.6
2024-05-02T23:00:00Z,63.14,1144.2
2024-05-02T23:30:00Z,61.440000000000005,1096.7
2024-05-03T00:00:00Z,61.599999999999994,1072.6
2024-05-03T00:30:00Z,62.28,1101.85
2024-05-03T01:00:00Z,61.58,998.2
2024-05-03T01:30:00Z,59.52,1086.4
2024-05-03T02:00:00Z,53.69,1063.0
2024-05-03T02:30:00Z,51.3,1160.7
2024-05-03T03:00:00Z,50.02,1225.9
2024-05-03T03:30:00Z,46.26,1293.1
2024-05-03T04:00:00Z,56.86999999999999,1725.55
2024-05-03T04:30:00Z,52.61,1730.9
2024-05-03T05:00:00Z,67.07,1966.35
2024-05-03T05:30:00Z,70.04,2134.65
2024-05-03T06:00:00Z,72.32,2998.15
2024-05-03T06:30:00Z,85.46,2804.75
2024-05-03T07:00:00Z,83.07,2503.4
2024-05-03T07:30:00Z,84.77,2934.15
2024-05-03T08:00:00Z,86.9,2862.95
2024-05-03T08:30:00Z,81.76,2938.35
2024-05-03T09:00:00Z,79.55,3387.25
2024-05-03T09:30:00Z,81.74000000000001,3393.35
2024-05-03T10:00:00Z,81.33,2622.45
2024-05-03T10:30:00Z,76.61,2469.8
2024-05-03T11:00:00Z,71.17,2559.75
2024-05-03T11:30:00Z,68.91,2700.95
2024-05-03T12:00:00Z,65.3,2324.95
2024-05-03T12:30:00Z,64.85,2295.0
2024-05-03T13:00:00Z,67.19,2165.3
2024-05-03T13:30:00Z,64.46,2239.75
2024-05-03T14:00:00Z,64.41,1760.7
2024-05-03T14:30:00Z,64.79,1637.75
2024-05-03T15:00:00Z,66.25,1531.8
2024-05-03T15:30:00Z,74.17,1598.3
2024-05-03T16:00:00Z,90.3,1713.9
2024-05-03T16:30:00Z,94.37,1758.65
2024-05-03T17:00:00Z,100.09,2181.4
2024-05-03T17:30:00Z,100.24,2301.9
2024-05-03T18:00:00Z,94.68,2733.5
2024-05-03T18:30:00Z,90.95,2619.4
2024-05-03T19:00:00Z,88.27,2561.25
2024-05-03T19:30:00Z,86.58,2583.05
2024-05-03T20:00:00Z,79.06,2122.0
2024-05-03T20:30:00Z,73.13,2022.9
2024-05-03T21:00:00Z,74.2,2439.85
2024-05-03T21:30:00Z,72.15,2219.7
2024-05-03T22:00:00Z,71.18,1042.45
2024-05-03T22:30:00Z,73.1,864.5
2024-05-03T23:00:00Z,69.33,1156.2
2024-05-03T23:30:00Z,66.84,986.4
2024-05-04T00:00:00Z,70.73,767.8
2024-05-04T00:30:00Z,73.27,841.75
2024-05-04T01:00:00Z,79.22,1014.25
2024-05-04T01:30:00Z,76.8,936.0
2024-05-04T02:00:00Z,72.06,1295.35
2024-05-04T02:30:00Z,68.61,1209.0
2024-05-04T03:00:00Z,69.85,1316.35
2024-05-04T03:30:00Z,67.75,1305.55
2024-05-04T04:00:00Z,77.18,1318.25
2024-05-04T04:30:00Z,80.16,1146.45
2024-05-04T05:00:00Z,71.43,870.05
2024-05-04T05:30:00Z,76.11,1058.25
2024-05-04T06:00:00Z,72.77,924.65
2024-05-04T06:30:00Z,69.13,1340.75
2024-05-04T07:00:00Z,66.53,1227.85
2024-05-04T07:30:00Z,79.71,1171.45
2024-05-04T08:00:00Z,85.22,1278.9
2024-05-04T08:30:00Z,80.16,1385.85
2024-05-04T09:00:00Z,72.26,1207.7
2024-05-04T09:30:00Z,63.38,1408.4
2024-05-04T10:00:00Z,64.91,2014.7
2024-05-04T10:30:00Z,64.82,2242.35
2024-05-04T11:00:00Z,53.61,2225.45
2024-05-04T11:30:00Z,60.92,3081.55
2024-05-04T12:00:00Z,61.96000000000001,2183.8
2024-05-04T12:30:00Z,50.4,2212.5
2024-05-04T13:00:00Z,61.47,2007.1
2024-05-04T13:30:00Z,64.01,2067.1
2024-05-04T14:00:00Z,60.47,1799.2
2024-05-04T14:30:00Z,61.42,1554.85
2024-05-04T15:00:00Z,68.56,1511.85
2024-05-04T15:30:00Z,68.22,1371.2
2024-05-04T16:00:00Z,79.41,1252.05
2024-05-04T16:30:00Z,82.22,1553.45
2024-05-04T17:00:00Z,92.73,1501.55
2024-05-04T17:30:00Z,93.07,1465.7
2024-05-04T18:00:00Z,97.99,1939.8
2024-05-04T18:30:00Z,97.95999999999998,1895.8
2024-05-04T19:00:00Z,95.59,1955.8
2024-05-04T19:30:00Z,98.53,1936.95
2024-05-04T20:00:00Z,97.65,1755.95
2024-05-04T20:30:00Z,96.88999999999999,1878.95
2024-05-04T21:00:00Z,80.24,1894.55
2024-05-04T21:30:00Z,76.49,2324.65
2024-05-04T22:00:00Z,71.21,1566.25
2024-05-04T22:30:00Z,71.0,1329.0
2024-05-04T23:00:00Z,81.34,1290.85
2024-05-04T23:30:00Z,82.18,1084.55
2024-05-05T00:00:00Z,73.44,1121.75
2024-05-05T00:30:00Z,73.53,1067.45
2024-05-05T01:00:00Z,75.23,1005.45
2024-05-05T01:30:00Z,76.11,1230.75
2024-05-05T02:00:00Z,75.1,702.7
2024-05-05T02:30:00Z,73.68,819.85
2024-05-05T03:00:00Z,77.17,733.75
2024-05-05T03:30:00Z,78.93,859.3
2024-05-05T04:00:00Z,71.31,940.2
2024-05-05T04:30:00Z,71.47,1082.7
2024-05-05T05:00:00Z,68.11,920.15
2024-05-05T05:30:00Z,68.37,1151.4
2024-05-05T06:00:00Z,75.85,986.45
2024-05-05T06:30:00Z,74.68,992.15
2024-05-05T07:00:00Z,64.21,1170.8
2024-05-05T07:30:00Z,69.82,1001.5
2024-05-05T08:00:00Z,69.88,876.35
2024-05-05T08:30:00Z,68.54,949.3
2024-05-05T09:00:00Z,68.39,1127.6
2024-05-05T09:30:00Z,67.84,1039.95
2024-05-05T10:00:00Z,66.33,1267.5
2024-05-05T10:30:00Z,70.28,1768.6
2024-05-05T11:00:00Z,77.01,1658.45
2024-05-05T11:30:00Z,77.51,1937.4
2024-05-05T12:00:00Z,81.54999999999998,1739.0
2024-05-05T12:30:00Z,82.02,1878.55
2024-05-05T13:00:00Z,85.06,1822.05
2024-05-05T13:30:00Z,86.23,1884.0
2024-05-05T14:00:00Z,86.44,1706.3
2024-05-05T14:30:00Z,82.86,1809.7
2024-05-05T15:00:00Z,75.11,1549.45
2024-05-05T15:30:00Z,70.97,1907.9
2024-05-05T16:00:00Z,71.29,2097.4
2024-05-05T16:30:00Z,70.9,2237.05
2024-05-05T17:00:00Z,75.44,2356.45
2024-05-05T17:30:00Z,74.92,2451.1
2024-05-05T18:00:00Z,79.05,2087.35
2024-05-05T18:30:00Z,78.82,2114.55
2024-05-05T19:00:00Z,80.07,1888.2
2024-05-05T19:30:00Z,79.65,1964.45
2024-05-05T20:00:00Z,81.74,1924.85
2024-05-05T20:30:00Z,80.41,1938.75
2024-05-05T21:00:00Z,77.35,1630.75
2024-05-05T21:30:00Z,74.87,1921.2
2024-05-05T22:00:00Z,70.87,1113.05
2024-05-05T22:30:00Z,76.31,1256.7
2024-05-05T23:00:00Z,73.13,1023.3
2024-05-05T23:30:00Z,72.08,1103.0
2024-05-06T00:00:00Z,79.96,1035.2
2024-05-06T00:30:00Z,82.69,997.1
2024-05-06T01:00:00Z,71.75,1082.2
2024-05-06T01:30:00Z,71.99,1047.35
2024-05-06T02:00:00Z,71.21,673.15
2024-05-06T02:30:00Z,68.62,711.2
2024-05-06T03:00:00Z,71.19,688.1
2024-05-06T03:30:00Z,71.3,836.1
2024-05-06T04:00:00Z,97.28,1142.1
2024-05-06T04:30:00Z,90.38,1130.3
2024-05-06T05:00:00Z,95.24,1214.05
2024-05-06T05:30:00Z,87.38,1474.05
2024-05-06T06:00:00Z,72.46,1148.3
2024-05-06T06:30:00Z,75.44,1545.0
2024-05-06T07:00:00Z,68.56,1321.9
2024-05-06T07:30:00Z,70.01,1449.9
2024-05-06T08:00:00Z,63.3,1183.0
2024-05-06T08:30:00Z,62.74,1243.2
2024-05-06T09:00:00Z,63.51,1296.75
2024-05-06T09:30:00Z,63.93,1346.6
2024-05-06T10:00:00Z,61.19,1191.25
2024-05-06T10:30:00Z,61.18,1486.35
2024-05-06T11:00:00Z,63.2,1485.0
2024-05-06T11:30:00Z,62.08,1398.25
2024-05-06T12:00:00Z,61.47,1409.0
2024-05-06T12:30:00Z,62.23,1721.45
2024-05-06T13:00:00Z,66.37,1681.25
2024-05-06T13:30:00Z,66.62,1764.5
2024-05-06T14:00:00Z,74.29,1759.4
2024-05-06T14:30:00Z,75.73,2298.05
2024-05-06T15:00:00Z,80.04,2220.55
2024-05-06T15:30:00Z,87.78,2062.5
2024-05-06T16:00:00Z,97.53,2384.95
2024-05-06T16:30:00Z,97.3,2400.85
2024-05-06T17:00:00Z,98.73,2109.1
2024-05-06T17:30:00Z,100.49,2224.7
2024-05-06T18:00:00Z,101.36,2080.55
2024-05-06T18:30:00Z,100.24,2234.6
2024-05-06T19:00:00Z,90.24,2419.05
2024-05-06T19:30:00Z,90.22,2464.15
2024-05-06T20:00:00Z,89.73,2321.0
2024-05-06T20:30:00Z,80.09,2171.3
2024-05-06T21:00:00Z,74.43,2080.9
2024-05-06T21:30:00Z,70.39,2205.8
2024-05-06T22:00:00Z,65.59,1383.0
2024-05-06T22:30:00Z,66.57,1173.2
2024-05-06T23:00:00Z,66.9,1130.1
2024-05-06T23:30:00Z,65.35,1035.45
2024-05-07T00:00:00Z,65.98,905.15
2024-05-07T00:30:00Z,65.23,947.9
2024-05-07T01:00:00Z,65.22,1041.2
2024-05-07T01:30:00Z,64.27,803.05
2024-05-07T02:00:00Z,70.37,1180.25
2024-05-07T02:30:00Z,66.66,1160.55
2024-05-07T03:00:00Z,67.18,1030.85
2024-05-07T03:30:00Z,65.85,1231.3
2024-05-07T04:00:00Z,68.64,1081.4
2024-05-07T04:30:00Z,67.92,994.7
2024-05-07T05:00:00Z,73.82,1862.05
2024-05-07T05:30:00Z,85.93,2023.95
2024-05-07T06:00:00Z,85.96,2397.15
2024-05-07T06:30:00Z,100.21,2391.2
2024-05-07T07:00:00Z,82.17,1703.9
2024-05-07T07:30:00Z,76.27,1731.0
2024-05-07T08:00:00Z,71.79,1771.85
2024-05-07T08:30:00Z,66.59,1781.15
2024-05-07T09:00:00Z,61.15,1668.45
2024-05-07T09:30:00Z,61.32,1993.4
2024-05-07T10:00:00Z,66.87,2446.75
2024-05-07T10:30:00Z,68.77,2668.25
2024-05-07T11:00:00Z,68.17,2406.5
2024-05-07T11:30:00Z,64.04,2188.2
2024-05-07T12:00:00Z,62.9,1649.05
2024-05-07T12:30:00Z,62.81,1810.1
2024-05-07T13:00:00Z,63.77,1797.2
2024-05-07T13:30:00Z,64.64,1980.0
2024-05-07T14:00:00Z,68.26,1175.15
2024-05-07T14:30:00Z,65.94,1711.1
2024-05-07T15:00:00Z,76.66,2139.55
2024-05-07T15:30:00Z,80.86,2207.75
2024-05-07T16:00:00Z,86.40000000000002,1571.8
2024-05-07T16:30:00Z,82.74,1683.55
2024-05-07T17:00:00Z,89.98,1860.25
2024-05-07T17:30:00Z,88.4,1931.35
2024-05-07T18:00:00Z,94.34,1891.05
2024-05-07T18:30:00Z,89.86,1907.85
2024-05-07T19:00:00Z,84.13,1777.7
2024-05-07T19:30:00Z,88.65,2219.95
2024-05-07T20:00:00Z,79.67,1525.15
2024-05-07T20:30:00Z,72.28,1554.85
2024-05-07T21:00:00Z,69.17,1662.05
2024-05-07T21:30:00Z,70.93,1523.2
2024-05-07T22:00:00Z,66.82,872.2
2024-05-07T22:30:00Z,73.93,914.8
2024-05-07T23:00:00Z,74.94,1115.75
2024-05-07T23:30:00Z,69.92,994.65
2024-05-08T00:00:00Z,69.11,993.85
2024-05-08T00:30:00Z,70.71,1059.0
2024-05-08T01:00:00Z,72.85,1255.15
2024-05-08T01:30:00Z,69.49,1202.6
2024-05-08T02:00:00Z,69.55,1248.95
2024-05-08T02:30:00Z,68.21,1142.05
2024-05-08T03:00:00Z,69.41,978.3
2024-05-08T03:30:00Z,65.47,1284.0
2024-05-08T04:00:00Z,69.17,1649.1
2024-05-08T04:30:00Z,72.01,1593.95
2024-05-08T05:00:00Z,76.04,1597.45
2024-05-08T05:30:00Z,81.81,1976.1
2024-05-08T06:00:00Z,72.83,2047.7
2024-05-08T06:30:00Z,81.85,2267.35
2024-05-08T07:00:00Z,80.87,1918.35
2024-05-08T07:30:00Z,80.71,1792.6
2024-05-08T08:00:00Z,80.48,1717.25
2024-05-08T08:30:00Z,78.34,1823.35
2024-05-08T09:00:00Z,79.79,2634.8
2024-05-08T09:30:00Z,75.96,2926.85
2024-05-08T10:00:00Z,65.13,2720.4
2024-05-08T10:30:00Z,63.46000000000001,2554.25
2024-05-08T11:00:00Z,60.26,2722.65
2024-05-08T11:30:00Z,61.58,2921.3
2024-05-08T12:00:00Z,60.61,3499.35
2024-05-08T12:30:00Z,61.07,3274.3
2024-05-08T13:00:00Z,60.51,2656.2
2024-05-08T13:30:00Z,59.69,2741.6
2024-05-08T14:00:00Z,59.85999999999999,2223.45
2024-05-08T14:30:00Z,60.99,2575.4
2024-05-08T15:00:00Z,67.87,2927.7
2024-05-08T15:30:00Z,63.72,2979.8
2024-05-08T16:00:00Z,69.06,2926.95
2024-05-08T16:30:00Z,67.54,2804.0
2024-05-08T17:00:00Z,70.94,2809.2
2024-05-08T17:30:00Z,74.68,3076.6
2024-05-08T18:00:00Z,82.17,2664.85
2024-05-08T18:30:00Z,85.11,2610.0
2024-05-08T19:00:00Z,84.23,2454.8
2024-05-08T19:30:00Z,81.24,2685.65
2024-05-08T20:00:00Z,70.88,2033.75
2024-05-08T20:30:00Z,67.87,1636.0
2024-05-08T21:00:00Z,66.38,2111.75
2024-05-08T21:30:00Z,68.74,2069.0
2024-05-08T22:00:00Z,65.65,846.95
2024-05-08T22:30:00Z,72.79,1153.2
2024-05-08T23:00:00Z,65.77,967.25
2024-05-08T23:30:00Z,63.07,907.55
2024-05-09T00:00:00Z,68.2,1053.5
2024-05-09T00:30:00Z,67.35,1105.65
2024-05-09T01:00:00Z,63.65,1110.85
2024-05-09T01:30:00Z,63.43,997.25
2024-05-09T02:00:00Z,57.95,975.0
2024-05-09T02:30:00Z,62.36,1515.2
2024-05-09T03:00:00Z,65.11,1390.6
2024-05-09T03:30:00Z,62.51,1543.2
2024-05-09T04:00:00Z,66.53,1286.5
2024-05-09T04:30:00Z,69.05,1119.55
2024-05-09T05:00:00Z,67.5,743.8
2024-05-09T05:30:00Z,78.98,1204.85
2024-05-09T06:00:00Z,60.209999999999994,1304.3
2024-05-09T06:30:00Z,70.87,1339.85
2024-05-09T07:00:00Z,76.91,1711.6
2024-05-09T07:30:00Z,66.61,1421.65
2024-05-09T08:00:00Z,61.239999999999995,1222.95
2024-05-09T08:30:00Z,59.15,1562.0
2024-05-09T09:00:00Z,58.44,1612.75
2024-05-09T09:30:00Z,55.419999999999995,1850.65
2024-05-09T10:00:00Z,60.0,2090.9
2024-05-09T10:30:00Z,59.88,2109.8
2024-05-09T11:00:00Z,59.8,2016.75
2024-05-09T11:30:00Z,59.32,1887.3
2024-05-09T12:00:00Z,58.71000000000001,1354.95
2024-05-09T12:30:00Z,59.04,1487.3
2024-05-09T13:00:00Z,58.87,1457.5
2024-05-09T13:30:00Z,58.87,1420.5
2024-05-09T14:00:00Z,60.46000000000001,1233.9
2024-05-09T14:30:00Z,62.14,1096.35
2024-05-09T15:00:00Z,65.09,1493.65
2024-05-09T15:30:00Z,64.69,1230.35
2024-05-09T16:00:00Z,65.52,1419.7
2024-05-09T16:30:00Z,67.31,1320.95
2024-05-09T17:00:00Z,79.03,1954.3
2024-05-09T17:30:00Z,86.25,1608.95
2024-05-09T18:00:00Z,92.84,1766.85
2024-05-09T18:30:00Z,93.68,1945.55
2024-05-09T19:00:00Z,94.97,1510.25
2024-05-09T19:30:00Z,96.15,1715.05
2024-05-09T20:00:00Z,89.23,1260.85
2024-05-09T20:30:00Z,83.44000000000001,966.8
2024-05-09T21:00:00Z,89.95,1025.55
2024-05-09T21:30:00Z,77.15,1420.75
2024-05-09T22:00:00Z,80.26,1316.75
2024-05-09T22:30:00Z,82.68,1076.8
2024-05-09T23:00:00Z,78.2,880.9
2024-05-09T23:30:00Z,71.47,765.15
2024-05-10T00:00:00Z,70.54,833.3
2024-05-10T00:30:00Z,68.16,829.25
2024-05-10T01:00:00Z,66.78,722.45
2024-05-10T01:30:00Z,65.97,801.45
2024-05-10T02:00:00Z,64.96,1009.2
2024-05-10T02:30:00Z,64.49,854.25
2024-05-10T03:00:00Z,64.04,945.7
2024-05-10T03:30:00Z,64.14,1099.2
2024-05-10T04:00:00Z,66.01,877.7
2024-05-10T04:30:00Z,64.85,936.95
2024-05-10T05:00:00Z,70.98,1428.45
2024-05-10T05:30:00Z,84.65,1514.8
2024-05-10T06:00:00Z,73.74,1235.3
2024-05-10T06:30:00Z,84.9,1322.1
2024-05-10T07:00:00Z,86.46,1561.4
2024-05-10T07:30:00Z,82.11,1481.15
2024-05-10T08:00:00Z,77.57,1639.95
2024-05-10T08:30:00Z,75.69000000000001,1829.0
2024-05-10T09:00:00Z,72.16,1718.55
2024-05-10T09:30:00Z,65.11,2045.0
2024-05-10T10:00:00Z,61.69,1521.4
2024-05-10T10:30:00Z,64.14,1738.1
2024-05-10T11:00:00Z,63.42,1918.85
2024-05-10T11:30:00Z,61.39000000000001,1432.8
2024-05-10T12:00:00Z,61.49,1589.65
2024-05-10T12:30:00Z,60.59000000000001,1546.7
2024-05-10T13:00:00Z,57.38,2059.6
2024-05-10T13:30:00Z,56.06,2044.1
2024-05-10T14:00:00Z,58.58,2139.3
2024-05-10T14:30:00Z,59.42000000000001,1808.15
2024-05-10T15:00:00Z,58.410000000000004,1858.5
2024-05-10T15:30:00Z,58.65,1833.25
2024-05-10T16:00:00Z,64.81,1653.05
2024-05-10T16:30:00Z,65.39,1729.3
2024-05-10T17:00:00Z,75.51,2080.15
2024-05-10T17:30:00Z,77.75,2290.25
2024-05-10T18:00:00Z,79.38,2027.7
2024-05-10T18:30:00Z,79.13,1975.0
2024-05-10T19:00:00Z,79.23000000000002,1701.05
2024-05-10T19:30:00Z,81.08,1877.6
2024-05-10T20:00:00Z,80.71,1467.05
2024-05-10T20:30:00Z,75.16,1517.5
2024-05-10T21:00:00Z,77.72,1340.2
2024-05-10T21:30:00Z,74.19,1140.95
2024-05-10T22:00:00Z,82.79,1646.3
2024-05-10T22:30:00Z,88.06,1110.55
2024-05-10T23:00:00Z,82.81,1244.45
2024-05-10T23:30:00Z,90.24999999999999,1517.05
2024-05-11T00:00:00Z,85.86,1775.5
2024-05-11T00:30:00Z,87.85,1687.15
2024-05-11T01:00:00Z,85.40000000000002,1711.3
2024-05-11T01:30:00Z,78.73000000000002,1739.6
2024-05-11T02:00:00Z,70.66,1481.45
2024-05-11T02:30:00Z,67.61,1503.15
2024-05-11T03:00:00Z,67.52,1287.35
2024-05-11T03:30:00Z,64.92,1551.7
2024-05-11T04:00:00Z,73.24,1556.95
2024-05-11T04:30:00Z,72.96,1559.05
2024-05-11T05:00:00Z,68.4,1823.85
2024-05-11T05:30:00Z,72.35,1740.3
2024-05-11T06:00:00Z,81.56,1652.4
2024-05-11T06:30:00Z,87.0,1434.1
2024-05-11T07:00:00Z,86.54999999999998,1638.7
2024-05-11T07:30:00Z,90.6,1750.3
2024-05-11T08:00:00Z,94.45,1460.3
2024-05-11T08:30:00Z,91.02,1752.2
2024-05-11T09:00:00Z,85.53,2041.95
2024-05-11T09:30:00Z,76.8,2046.0
2024-05-11T10:00:00Z,58.27,2244.7
2024-05-11T10:30:00Z,51.48,2164.1
2024-05-11T11:00:00Z,47.08,2398.5
2024-05-11T11:30:00Z,38.63,2291.05
2024-05-11T12:00:00Z,7.0600000000000005,2716.6
2024-05-11T12:30:00Z,-1.34,2477.75
2024-05-11T13:00:00Z,-1.2,2658.9
2024-05-11T13:30:00Z,-5.19,2632.15
2024-05-11T14:00:00Z,-6.93,2087.05
2024-05-11T14:30:00Z,4.22,2230.8
2024-05-11T15:00:00Z,23.39,1838.35
2024-05-11T15:30:00Z,39.14,1891.45
2024-05-11T16:00:00Z,53.37,2245.6
2024-05-11T16:30:00Z,56.67,2418.7
2024-05-11T17:00:00Z,66.67,2294.15
2024-05-11T17:30:00Z,70.6,2367.15
2024-05-11T18:00:00Z,96.34,2472.65
2024-05-11T18:30:00Z,95.49,2880.9
2024-05-11T19:00:00Z,78.73,2412.4
2024-05-11T19:30:00Z,77.95,2148.75
2024-05-11T20:00:00Z,70.51,1857.45
2024-05-11T20:30:00Z,63.94,1760.85
2024-05-11T21:00:00Z,54.86,1683.9
2024-05-11T21:30:00Z,51.25,2294.35
2024-05-11T22:00:00Z,30.59,1203.3
2024-05-11T22:30:00Z,25.31,1166.4
2024-05-11T23:00:00Z,21.93,1169.95
2024-05-11T23:30:00Z,19.9,1177.3
2024-05-12T00:00:00Z,25.460000000000004,1398.9
2024-05-12T00:30:00Z,29.0,1614.8
2024-05-12T01:00:00Z,22.56,1415.4
2024-05-12T01:30:00Z,17.08,1424.25
2024-05-12T02:00:00Z,20.01,1379.25
2024-05-12T02:30:00Z,17.56,1108.0
2024-05-12T03:00:00Z,24.51,1190.15
2024-05-12T03:30:00Z,22.01,1276.85
2024-05-12T04:00:00Z,10.26,1557.0
2024-05-12T04:30:00Z,12.98,1550.0
2024-05-12T05:00:00Z,11.55,1389.7
2024-05-12T05:30:00Z,10.82,1343.95
2024-05-12T06:00:00Z,1.05,1215.85
2024-05-12T06:30:00Z,2.49,1410.55
2024-05-12T07:00:00Z,-5.890000000000001,1640.0
2024-05-12T07:30:00Z,9.87,2120.95
2024-05-12T08:00:00Z,18.12,2307.45
2024-05-12T08:30:00Z,4.62,2351.6
2024-05-12T09:00:00Z,14.019999999999998,2601.4
2024-05-12T09:30:00Z,16.63,2419.95
2024-05-12T10:00:00Z,-4.86,2445.05
2024-05-12T10:30:00Z,-17.62,2166.95
2024-05-12T11:00:00Z,-21.94,2304.95
2024-05-12T11:30:00Z,-31.93,2322.75
2024-05-12T12:00:00Z,-16.68,2765.75
2024-05-12T12:30:00Z,-13.9,2759.2
2024-05-12T13:00:00Z,-25.270000000000003,2839.55
2024-05-12T13:30:00Z,-22.59,2837.65
2024-05-12T14:00:00Z,-21.04,2054.5
2024-05-12T14:30:00Z,-6.12,2008.4
2024-05-12T15:00:00Z,6.9,1834.8
2024-05-12T15:30:00Z,21.29,1816.15
2024-05-12T16:00:00Z,50.54,1936.0
2024-05-12T16:30:00Z,63.949999999999996,1860.35
2024-05-12T17:00:00Z,70.53,2151.75
2024-05-12T17:30:00Z,72.18,2255.5
2024-05-12T18:00:00Z,78.24,1698.8
2024-05-12T18:30:00Z,80.22,1738.15
2024-05-12T19:00:00Z,83.12,1722.95
2024-05-12T19:30:00Z,83.22000000000001,1722.5
2024-05-12T20:00:00Z,83.9,1904.15
2024-05-12T20:30:00Z,81.06,1937.2
2024-05-12T21:00:00Z,78.62,1716.65
2024-05-12T21:30:00Z,71.42,2133.55
2024-05-12T22:00:00Z,75.4,1746.1
2024-05-12T22:30:00Z,73.7,1430.45
2024-05-12T23:00:00Z,69.02,1871.95
2024-05-12T23:30:00Z,66.56,1839.0
2024-05-13T00:00:00Z,69.74,1323.0
2024-05-13T00:30:00Z,73.23,1585.5
2024-05-13T01:00:00Z,69.41,1461.25
2024-05-13T01:30:00Z,67.28,1572.0
2024-05-13T02:00:00Z,59.08,1694.25
2024-05-13T02:30:00Z,60.21999999999999,1694.9
2024-05-13T03:00:00Z,67.68,1511.8
2024-05-13T03:30:00Z,66.36,1541.75
2024-05-13T04:00:00Z,79.00000000000001,1902.95
2024-05-13T04:30:00Z,80.57,2283.4
2024-05-13T05:00:00Z,88.27,2473.5
2024-05-13T05:30:00Z,90.42,2506.35
2024-05-13T06:00:00Z,92.68999999999998,2831.75
2024-05-13T06:30:00Z,98.46,2549.65
2024-05-13T07:00:00Z,98.14,2347.5
2024-05-13T07:30:00Z,98.2,2554.8
2024-05-13T08:00:00Z,97.73,2320.95
2024-05-13T08:30:00Z,91.94,2695.8
2024-05-13T09:00:00Z,86.11,2816.25
2024-05-13T09:30:00Z,84.98,2818.15
2024-05-13T10:00:00Z,74.22,2398.65
2024-05-13T10:30:00Z,76.72,2504.15
2024-05-13T11:00:00Z,74.88,2647.1
2024-05-13T11:30:00Z,71.59,3041.7
2024-05-13T12:00:00Z,67.67,2997.35
2024-05-13T12:30:00Z,67.46,3015.05
2024-05-13T13:00:00Z,74.18,3063.8
2024-05-13T13:30:00Z,73.94,2683.95
2024-05-13T14:00:00Z,74.57,2141.1
2024-05-13T14:30:00Z,76.77,2256.8
2024-05-13T15:00:00Z,75.91,2213.05
2024-05-13T15:30:00Z,78.7,2349.85
2024-05-13T16:00:00Z,83.87,2353.65
2024-05-13T16:30:00Z,87.79,2908.9
2024-05-13T17:00:00Z,93.26,2765.8
2024-05-13T17:30:00Z,95.33,3144.6
2024-05-13T18:00:00Z,94.11,2752.05
2024-05-13T18:30:00Z,92.34,2845.45
2024-05-13T19:00:00Z,87.53,2779.75
2024-05-13T19:30:00Z,82.86,2986.15
2024-05-13T20:00:00Z,76.79,2396.1
2024-05-13T20:30:00Z,72.57,1988.1
2024-05-13T21:00:00Z,72.96,1880.6
2024-05-13T21:30:00Z,71.84,1881.15
2024-05-13T22:00:00Z,75.06,1447.05
2024-05-13T22:30:00Z,72.37,1925.05
2024-05-13T23:00:00Z,69.59,1748.35
2024-05-13T23:30:00Z,67.48,2012.0
2024-05-14T00:00:00Z,67.56,1886.35
2024-05-14T00:30:00Z,70.48,2275.75
2024-05-14T01:00:00Z,71.14,2363.1
2024-05-14T01:30:00Z,70.14,2428.95
2024-05-14T02:00:00Z,68.35,2256.75
2024-05-14T02:30:00Z,69.82,2082.2
2024-05-14T03:00:00Z,70.28,2154.6
2024-05-14T03:30:00Z,68.24,2368.85
2024-05-14T04:00:00Z,71.04,2397.55
2024-05-14T04:30:00Z,71.39,2577.55
2024-05-14T05:00:00Z,69.2,2467.9
2024-05-14T05:30:00Z,70.68,2273.9
2024-05-14T06:00:00Z,71.65,1624.85
2024-05-14T06:30:00Z,81.38,1593.4
2024-05-14T07:00:00Z,80.78,2264.45
2024-05-14T07:30:00Z,72.85,2374.55
2024-05-14T08:00:00Z,76.27,2661.75
2024-05-14T08:30:00Z,78.85,2434.7
2024-05-14T09:00:00Z,79.5,2615.0
2024-05-14T09:30:00Z,80.38,2634.15
2024-05-14T10:00:00Z,76.64,3121.7
2024-05-14T10:30:00Z,78.01,2644.6
2024-05-14T11:00:00Z,77.73,2624.15
2024-05-14T11:30:00Z,76.51,2480.85
2024-05-14T12:00:00Z,74.82,2484.4
2024-05-14T12:30:00Z,73.67,2856.2
2024-05-14T13:00:00Z,72.41,3543.3
2024-05-14T13:30:00Z,72.89,3351.35
2024-05-14T14:00:00Z,73.54000000000002,3573.45
2024-05-14T14:30:00Z,76.86,3000.25
2024-05-14T15:00:00Z,81.93,2455.05
2024-05-14T15:30:00Z,85.12,3038.1
2024-05-14T16:00:00Z,89.47,3493.65
2024-05-14T16:30:00Z,95.46,3370.2
2024-05-14T17:00:00Z,96.75999999999999,2889.55
2024-05-14T17:30:00Z,97.05000000000001,2892.35
2024-05-14T18:00:00Z,103.63,2445.9
2024-05-14T18:30:00Z,100.58999999999999,2612.4
2024-05-14T19:00:00Z,96.13,2856.75
2024-05-14T19:30:00Z,93.77,2246.1
2024-05-14T20:00:00Z,89.31,2196.65
2024-05-14T20:30:00Z,85.84,2103.65
2024-05-14T21:00:00Z,78.04,2407.65
2024-05-14T21:30:00Z,74.7,2776.35
2024-05-14T22:00:00Z,70.36,2045.4
2024-05-14T22:30:00Z,72.15,1952.3
2024-05-14T23:00:00Z,72.56,1696.75
2024-05-14T23:30:00Z,71.24,1680.2
2024-05-15T00:00:00Z,72.73,1415.8
2024-05-15T00:30:00Z,75.81,1424.9
2024-05-15T01:00:00Z,71.82,1621.6
2024-05-15T01:30:00Z,69.96,1804.8
2024-05-15T02:00:00Z,73.5,1268.2
2024-05-15T02:30:00Z,73.87,1250.25
2024-05-15T03:00:00Z,71.29,1547.0
2024-05-15T03:30:00Z,72.75,1288.85
2024-05-15T04:00:00Z,69.88,2105.3
2024-05-15T04:30:00Z,65.18,2408.35
2024-05-15T05:00:00Z,78.51,2134.2
2024-05-15T05:30:00Z,83.67,1738.15
2024-05-15T06:00:00Z,81.43,2262.5
2024-05-15T06:30:00Z,91.69,2421.95
2024-05-15T07:00:00Z,86.69,2108.95
2024-05-15T07:30:00Z,84.18,2067.9
2024-05-15T08:00:00Z,87.34,2129.15
2024-05-15T08:30:00Z,83.91,2050.95
2024-05-15T09:00:00Z,84.17,1947.5
2024-05-15T09:30:00Z,82.54,1869.25
2024-05-15T10:00:00Z,76.12,2363.95
2024-05-15T10:30:00Z,73.7,2420.45
2024-05-15T11:00:00Z,71.3,2442.6
2024-05-15T11:30:00Z,70.69,2411.15
2024-05-15T12:00:00Z,67.03,2469.9
2024-05-15T12:30:00Z,65.44,2859.15
2024-05-15T13:00:00Z,69.06,2670.6
2024-05-15T13:30:00Z,67.47,2663.35
2024-05-15T14:00:00Z,70.19,2369.7
2024-05-15T14:30:00Z,70.07,2469.0
2024-05-15T15:00:00Z,67.49,2968.2
2024-05-15T15:30:00Z,73.13,2774.95
2024-05-15T16:00:00Z,79.83,2611.25
2024-05-15T16:30:00Z,81.52,2154.2
2024-05-15T17:00:00Z,79.47,2180.5
2024-05-15T17:30:00Z,82.17,2154.8
2024-05-15T18:00:00Z,96.31,1952.55
2024-05-15T18:30:00Z,95.62,1729.95
2024-05-15T19:00:00Z,91.88,1925.45
2024-05-15T19:30:00Z,90.11,1926.95
2024-05-15T20:00:00Z,86.21,1894.15
2024-05-15T20:30:00Z,82.08,1934.4
2024-05-15T21:00:00Z,76.5,2118.25
2024-05-15T21:30:00Z,75.63,1998.5
2024-05-15T22:00:00Z,85.3,996.5
2024-05-15T22:30:00Z,79.86,990.65
2024-05-15T23:00:00Z,73.31,1216.5
2024-05-15T23:30:00Z,71.81,919.85
2024-05-16T00:00:00Z,66.08,792.5
2024-05-16T00:30:00Z,68.36,961.55
2024-05-16T01:00:00Z,69.75,1057.1
2024-05-16T01:30:00Z,66.26,1002.15
2024-05-16T02:00:00Z,64.66,1292.5
2024-05-16T02:30:00Z,66.85,1338.75
2024-05-16T03:00:00Z,66.55,1145.25
2024-05-16T03:30:00Z,64.11,1248.9
2024-05-16T04:00:00Z,74.35,1105.55
2024-05-16T04:30:00Z,73.14,1148.1
2024-05-16T05:00:00Z,74.12,1326.1
2024-05-16T05:30:00Z,79.88,1412.95
2024-05-16T06:00:00Z,83.6,1699.1
2024-05-16T06:30:00Z,86.14,2044.05
2024-05-16T07:00:00Z,92.73,1962.45
2024-05-16T07:30:00Z,92.42,2016.5
2024-05-16T08:00:00Z,91.43,1819.5
2024-05-16T08:30:00Z,90.45,2073.65
2024-05-16T09:00:00Z,89.46,1649.15
2024-05-16T09:30:00Z,90.17999999999999,1688.9
2024-05-16T10:00:00Z,87.67,1785.3
2024-05-16T10:30:00Z,86.47,1798.7
2024-05-16T11:00:00Z,84.79,1674.35
2024-05-16T11:30:00Z,80.71,1814.15
2024-05-16T12:00:00Z,74.13,1967.05
2024-05-16T12:30:00Z,72.62,2246.25
2024-05-16T13:00:00Z,74.38,2487.2
2024-05-16T13:30:00Z,77.97,2500.4
2024-05-16T14:00:00Z,75.65,2577.2
2024-05-16T14:30:00Z,73.69,2658.1
2024-05-16T15:00:00Z,73.26,2775.7
2024-05-16T15:30:00Z,74.72,2848.4
2024-05-16T16:00:00Z,83.81,2443.45
2024-05-16T16:30:00Z,87.93,2396.15
2024-05-16T17:00:00Z,84.59,2350.7
2024-05-16T17:30:00Z,87.02,2598.1
2024-05-16T18:00:00Z,89.96,2207.9
2024-05-16T18:30:00Z,88.93,2213.2
2024-05-16T19:00:00Z,90.49,2176.65
2024-05-16T19:30:00Z,89.34,1948.8
2024-05-16T20:00:00Z,88.38,2484.8
2024-05-16T20:30:00Z,83.91,2744.55
2024-05-16T21:00:00Z,74.87,2918.7
2024-05-16T21:30:00Z,74.48,2702.2
2024-05-16T22:00:00Z,67.86,1315.1
2024-05-16T22:30:00Z,65.74,1177.1
2024-05-16T23:00:00Z,62.36000000000001,1136.7
2024-05-16T23:30:00Z,62.66,1192.3
2024-05-17T00:00:00Z,59.36,1006.1
2024-05-17T00:30:00Z,60.15,1066.85
2024-05-17T01:00:00Z,59.36,942.3
2024-05-17T01:30:00Z,59.94,1031.0
2024-05-17T02:00:00Z,59.45,808.7
2024-05-17T02:30:00Z,59.05,842.75
2024-05-17T03:00:00Z,59.35,894.65
2024-05-17T03:30:00Z,58.17,812.55
2024-05-17T04:00:00Z,61.46000000000001,720.9
2024-05-17T04:30:00Z,63.91,825.2
2024-05-17T05:00:00Z,67.58,1302.95
2024-05-17T05:30:00Z,75.12,1656.3
2024-05-17T06:00:00Z,74.68,1695.7
2024-05-17T06:30:00Z,82.83,1953.15
2024-05-17T07:00:00Z,81.51,1627.3
2024-05-17T07:30:00Z,81.2,1964.2
2024-05-17T08:00:00Z,78.07,1404.55
2024-05-17T08:30:00Z,70.86,1433.95
2024-05-17T09:00:00Z,64.09,1579.95
2024-05-17T09:30:00Z,64.12,1625.3
2024-05-17T10:00:00Z,66.84,1497.7
2024-05-17T10:30:00Z,65.28,1494.9
2024-05-17T11:00:00Z,63.769999999999996,1375.2
2024-05-17T11:30:00Z,63.35,1285.7
2024-05-17T12:00:00Z,63.27,1403.25
2024-05-17T12:30:00Z,62.61,1323.0
2024-05-17T13:00:00Z,62.57,1369.85
2024-05-17T13:30:00Z,65.27,1412.55
2024-05-17T14:00:00Z,71.32000000000001,1948.8
2024-05-17T14:30:00Z,75.84,1787.85
2024-05-17T15:00:00Z,79.12,1677.3
2024-05-17T15:30:00Z,73.04,1766.95
2024-05-17T16:00:00Z,72.42,1679.85
2024-05-17T16:30:00Z,77.3,1548.95
2024-05-17T17:00:00Z,80.45,1525.7
2024-05-17T17:30:00Z,79.52,1630.85
2024-05-17T18:00:00Z,81.61,1741.05
2024-05-17T18:30:00Z,80.61,1845.35
2024-05-17T19:00:00Z,82.16,1280.95
2024-05-17T19:30:00Z,79.62,1332.9
2024-05-17T20:00:00Z,81.79,1490.3
2024-05-17T20:30:00Z,78.69,1314.15
2024-05-17T21:00:00Z,67.3,1315.95
2024-05-17T21:30:00Z,72.16,1407.05
2024-05-17T22:00:00Z,74.65,1105.7
2024-05-17T22:30:00Z,78.18,1085.35
2024-05-17T23:00:00Z,76.49,907.3
2024-05-17T23:30:00Z,73.9,1383.2
2024-05-18T00:00:00Z,75.65,1173.1
2024-05-18T00:30:00Z,74.9,1522.7
2024-05-18T01:00:00Z,73.58,1340.25
2024-05-18T01:30:00Z,66.68,1388.75
2024-05-18T02:00:00Z,67.5,1275.75
2024-05-18T02:30:00Z,65.43,1168.55
2024-05-18T03:00:00Z,67.14,1300.8
2024-05-18T03:30:00Z,67.29,1504.35
2024-05-18T04:00:00Z,63.05,1476.4
2024-05-18T04:30:00Z,64.93,1238.75
2024-05-18T05:00:00Z,70.2,1555.6
2024-05-18T05:30:00Z,71.07,1592.4
2024-05-18T06:00:00Z,70.96,1123.85
2024-05-18T06:30:00Z,81.56,1239.1
2024-05-18T07:00:00Z,85.41,1419.6
2024-05-18T07:30:00Z,86.47,1514.5
2024-05-18T08:00:00Z,82.7,1412.4
2024-05-18T08:30:00Z,82.13,1223.05
2024-05-18T09:00:00Z,84.57,1479.6
2024-05-18T09:30:00Z,85.03,1614.85
2024-05-18T10:00:00Z,84.31,1077.25
2024-05-18T10:30:00Z,83.27,968.75
2024-05-18T11:00:00Z,82.78,1081.95
2024-05-18T11:30:00Z,81.62,1103.4
2024-05-18T12:00:00Z,81.46,1444.85
2024-05-18T12:30:00Z,79.77,1300.25
2024-05-18T13:00:00Z,77.77,1703.85
2024-05-18T13:30:00Z,70.07,1916.0
2024-05-18T14:00:00Z,69.77,1429.9
2024-05-18T14:30:00Z,69.98,1463.35
2024-05-18T15:00:00Z,68.42,1678.25
2024-05-18T15:30:00Z,67.18,1611.05
2024-05-18T16:00:00Z,69.49,1636.0
2024-05-18T16:30:00Z,66.58,1700.0
2024-05-18T17:00:00Z,77.39,1854.2
2024-05-18T17:30:00Z,80.41,2016.1
2024-05-18T18:00:00Z,88.37,2198.1
2024-05-18T18:30:00Z,87.43,2063.4
2024-05-18T19:00:00Z,85.19,2049.85
2024-05-18T19:30:00Z,83.23,2102.5
2024-05-18T20:00:00Z,78.15,1925.0
2024-05-18T20:30:00Z,69.00000000000001,1930.95
2024-05-18T21:00:00Z,71.58,1648.0
2024-05-18T21:30:00Z,72.42,1754.0
2024-05-18T22:00:00Z,74.49,1148.2
2024-05-18T22:30:00Z,75.99,1124.9
2024-05-18T23:00:00Z,75.06,1391.05
2024-05-18T23:30:00Z,75.17,1474.85
2024-05-19T00:00:00Z,75.72,1035.65
2024-05-19T00:30:00Z,74.92,1016.65
2024-05-19T01:00:00Z,69.27,1107.3
2024-05-19T01:30:00Z,67.88,1100.4
2024-05-19T02:00:00Z,69.2,773.55
2024-05-19T02:30:00Z,68.84,823.9
2024-05-19T03:00:00Z,70.6,1041.45
2024-05-19T03:30:00Z,67.74,888.45
2024-05-19T04:00:00Z,64.9,1013.95
2024-05-19T04:30:00Z,63.550000000000004,1053.4
2024-05-19T05:00:00Z,64.81,1000.5
2024-05-19T05:30:00Z,63.34,1105.45
2024-05-19T06:00:00Z,66.38,1633.15
2024-05-19T06:30:00Z,66.56,1891.35
2024-05-19T07:00:00Z,66.08,1412.8
2024-05-19T07:30:00Z,69.0,1647.5
2024-05-19T08:00:00Z,70.1,1591.0
2024-05-19T08:30:00Z,68.67,1891.2
2024-05-19T09:00:00Z,71.87,1551.55
2024-05-19T09:30:00Z,69.0,1689.7
2024-05-19T10:00:00Z,64.04,1408.6
2024-05-19T10:30:00Z,61.56,1428.85
2024-05-19T11:00:00Z,62.77,1730.9
2024-05-19T11:30:00Z,62.13,1753.8
2024-05-19T12:00:00Z,61.17,1757.3
2024-05-19T12:30:00Z,61.91,1694.95
2024-05-19T13:00:00Z,56.9,1892.85
2024-05-19T13:30:00Z,60.23,1973.45
2024-05-19T14:00:00Z,61.7,1676.15
2024-05-19T14:30:00Z,66.31,1671.45
2024-05-19T15:00:00Z,69.27,1742.4
2024-05-19T15:30:00Z,73.45,1840.75
2024-05-19T16:00:00Z,83.44,1566.0
2024-05-19T16:30:00Z,76.3,1748.05
2024-05-19T17:00:00Z,78.56,1548.25
2024-05-19T17:30:00Z,87.36,1724.65
2024-05-19T18:00:00Z,95.47,1806.2
2024-05-19T18:30:00Z,97.7,1849.45
2024-05-19T19:00:00Z,95.1,1896.7
2024-05-19T19:30:00Z,91.6,1847.4
2024-05-19T20:00:00Z,91.69999999999999,1697.7
2024-05-19T20:30:00Z,89.85,1379.85
2024-05-19T21:00:00Z,87.54,1391.85
2024-05-19T21:30:00Z,77.4,1314.3
2024-05-19T22:00:00Z,80.82,1088.75
2024-05-19T22:30:00Z,75.69,956.1
2024-05-19T23:00:00Z,78.98,1130.1
2024-05-19T23:30:00Z,78.44,1120.85
2024-05-20T00:00:00Z,79.3,1171.75
2024-05-20T00:30:00Z,75.39,1308.45
2024-05-20T01:00:00Z,76.86,1468.8
2024-05-20T01:30:00Z,75.55,1325.45
2024-05-20T02:00:00Z,73.39,1117.5
2024-05-20T02:30:00Z,72.61,1109.15
2024-05-20T03:00:00Z,77.38,1350.25
2024-05-20T03:30:00Z,74.64,1275.05
2024-05-20T04:00:00Z,74.33,2026.35
2024-05-20T04:30:00Z,76.37,2081.85
2024-05-20T05:00:00Z,76.34,2078.9
2024-05-20T05:30:00Z,82.67,2395.05
2024-05-20T06:00:00Z,74.49,1649.25
2024-05-20T06:30:00Z,82.74,2226.45
2024-05-20T07:00:00Z,88.9,2026.5
2024-05-20T07:30:00Z,86.96,2183.15
2024-05-20T08:00:00Z,82.12,1848.7
2024-05-20T08:30:00Z,79.33,1845.85
2024-05-20T09:00:00Z,75.96,1635.7
2024-05-20T09:30:00Z,68.2,1884.6
2024-05-20T10:00:00Z,63.86,1638.5
2024-05-20T10:30:00Z,67.14,1677.5
2024-05-20T11:00:00Z,71.0,1555.25
2024-05-20T11:30:00Z,70.49,1878.2
2024-05-20T12:00:00Z,72.81,2127.4
2024-05-20T12:30:00Z,69.24,2399.35
2024-05-20T13:00:00Z,68.53,2527.2
2024-05-20T13:30:00Z,68.74,2549.4
2024-05-20T14:00:00Z,72.01,2405.95
2024-05-20T14:30:00Z,70.77,2395.85
2024-05-20T15:00:00Z,74.12,2027.0
2024-05-20T15:30:00Z,72.33,1905.95
2024-05-20T16:00:00Z,72.49,1294.4
2024-05-20T16:30:00Z,77.14,1719.15
2024-05-20T17:00:00Z,93.47,2003.9
2024-05-20T17:30:00Z,95.21,1990.6
2024-05-20T18:00:00Z,105.62,2108.35
2024-05-20T18:30:00Z,106.46,2219.35
2024-05-20T19:00:00Z,99.81,1830.65
2024-05-20T19:30:00Z,100.15,1628.45
2024-05-20T20:00:00Z,92.43,1377.7
2024-05-20T20:30:00Z,84.34,1443.55
2024-05-20T21:00:00Z,86.78,1310.3
2024-05-20T21:30:00Z,81.16,1278.35
2024-05-20T22:00:00Z,72.0,1230.4
2024-05-20T22:30:00Z,71.29,1100.85
2024-05-20T23:00:00Z,70.6,988.75
2024-05-20T23:30:00Z,69.89,1099.6
2024-05-21T00:00:00Z,72.5,1025.5
2024-05-21T00:30:00Z,68.74,1057.75
2024-05-21T01:00:00Z,66.04,1142.55
2024-05-21T01:30:00Z,65.92,1145.5
2024-05-21T02:00:00Z,65.1,945.1
2024-05-21T02:30:00Z,63.48,1021.2
2024-05-21T03:00:00Z,65.44,833.55
2024-05-21T03:30:00Z,64.77,932.5
2024-05-21T04:00:00Z,65.49,684.45
2024-05-21T04:30:00Z,65.92,848.35
2024-05-21T05:00:00Z,75.46,1209.1
2024-05-21T05:30:00Z,77.11,1644.5
2024-05-21T06:00:00Z,79.09,1850.05
2024-05-21T06:30:00Z,86.9,2134.45
2024-05-21T07:00:00Z,84.18,1419.45
2024-05-21T07:30:00Z,85.37,1814.9
2024-05-21T08:00:00Z,86.65,1431.0
2024-05-21T08:30:00Z,84.74,1616.65
2024-05-21T09:00:00Z,85.16,1580.5
2024-05-21T09:30:00Z,84.81,1540.85
2024-05-21T10:00:00Z,82.04,1332.4
2024-05-21T10:30:00Z,81.46,1388.85
2024-05-21T11:00:00Z,81.47,1286.95
2024-05-21T11:30:00Z,81.54,1529.0
2024-05-21T12:00:00Z,81.18,1398.95
2024-05-21T12:30:00Z,77.19,1566.65
2024-05-21T13:00:00Z,82.28,1878.85
2024-05-21T13:30:00Z,82.1,1997.7
2024-05-21T14:00:00Z,91.31,2634.95
2024-05-21T14:30:00Z,95.16,2994.3
2024-05-21T15:00:00Z,96.34,3110.2
2024-05-21T15:30:00Z,99.29,3134.65
2024-05-21T16:00:00Z,104.22999999999999,3080.9
2024-05-21T16:30:00Z,105.95000000000002,2748.7
2024-05-21T17:00:00Z,106.45,3265.05
2024-05-21T17:30:00Z,104.72999999999999,3063.85
2024-05-21T18:00:00Z,95.25,2820.7
2024-05-21T18:30:00Z,92.67,2899.65
2024-05-21T19:00:00Z,92.5,2310.2
2024-05-21T19:30:00Z,90.84,2070.35
2024-05-21T20:00:00Z,87.75,1605.35
2024-05-21T20:30:00Z,81.85,1567.4
2024-05-21T21:00:00Z,85.67,1431.6
2024-05-21T21:30:00Z,77.51,1390.15
2024-05-21T22:00:00Z,85.9,1192.4
2024-05-21T22:30:00Z,81.81,974.45
2024-05-21T23:00:00Z,77.32,1013.55
2024-05-21T23:30:00Z,77.06,1031.55
2024-05-22T00:00:00Z,69.3,826.0
2024-05-22T00:30:00Z,66.8,828.1
2024-05-22T01:00:00Z,65.13,1017.8
2024-05-22T01:30:00Z,64.52,1062.15
2024-05-22T02:00:00Z,64.8,1287.0
2024-05-22T02:30:00Z,64.53,1381.1
2024-05-22T03:00:00Z,65.32,1450.4
2024-05-22T03:30:00Z,63.87,1642.15
2024-05-22T04:00:00Z,63.09,1366.6
2024-05-22T04:30:00Z,62.26,1541.7
2024-05-22T05:00:00Z,62.72,1567.1
2024-05-22T05:30:00Z,65.77,1740.7
2024-05-22T06:00:00Z,73.98,2191.95
2024-05-22T06:30:00Z,83.37,2532.95
2024-05-22T07:00:00Z,86.54,2142.3
2024-05-22T07:30:00Z,84.77,2232.5
2024-05-22T08:00:00Z,85.71,1961.0
2024-05-22T08:30:00Z,88.17,2436.6
2024-05-22T09:00:00Z,90.73,2910.7
2024-05-22T09:30:00Z,91.41,3317.1
2024-05-22T10:00:00Z,90.44,3302.8
2024-05-22T10:30:00Z,88.46,3196.6
2024-05-22T11:00:00Z,81.7,3779.05
2024-05-22T11:30:00Z,73.5,3699.0
2024-05-22T12:00:00Z,71.18,3225.0
2024-05-22T12:30:00Z,71.55,3395.15
2024-05-22T13:00:00Z,70.41,3358.45
2024-05-22T13:30:00Z,70.1,3609.45
2024-05-22T14:00:00Z,67.11,2891.95
2024-05-22T14:30:00Z,63.72,2672.1
2024-05-22T15:00:00Z,64.05,2544.65
2024-05-22T15:30:00Z,63.0,2620.75
2024-05-22T16:00:00Z,67.86,2482.1
2024-05-22T16:30:00Z,67.51,2690.2
2024-05-22T17:00:00Z,69.97,2824.6
2024-05-22T17:30:00Z,71.08,3191.4
2024-05-22T18:00:00Z,75.88,3240.55
2024-05-22T18:30:00Z,69.11,3251.95
2024-05-22T19:00:00Z,67.79,3032.3
2024-05-22T19:30:00Z,67.29,3233.25
2024-05-22T20:00:00Z,67.57,3049.8
2024-05-22T20:30:00Z,64.41,2962.35
2024-05-22T21:00:00Z,54.35,2358.5
2024-05-22T21:30:00Z,46.92,2479.05
2024-05-22T22:00:00Z,58.47,1562.6
2024-05-22T22:30:00Z,38.23,1528.65
2024-05-22T23:00:00Z,44.45,1788.75
2024-05-22T23:30:00Z,35.36,1793.55
2024-05-23T00:00:00Z,19.77,1945.45
2024-05-23T00:30:00Z,22.93,2198.25
2024-05-23T01:00:00Z,42.59,2639.3
2024-05-23T01:30:00Z,29.24,2213.75
2024-05-23T02:00:00Z,16.36,1897.55
2024-05-23T02:30:00Z,23.57,2225.5
2024-05-23T03:00:00Z,22.97,1964.6
2024-05-23T03:30:00Z,23.38,1946.05
2024-05-23T04:00:00Z,35.81,1421.05
2024-05-23T04:30:00Z,61.06,1588.9
2024-05-23T05:00:00Z,64.95,1737.1
2024-05-23T05:30:00Z,81.44,1972.8
2024-05-23T06:00:00Z,81.15,2288.95
2024-05-23T06:30:00Z,93.99,2349.0
2024-05-23T07:00:00Z,78.76,2388.7
2024-05-23T07:30:00Z,83.92,2486.85
2024-05-23T08:00:00Z,85.36,1950.25
2024-05-23T08:30:00Z,87.48,2063.9
2024-05-23T09:00:00Z,88.28,2022.05
2024-05-23T09:30:00Z,88.37,2486.75
2024-05-23T10:00:00Z,93.5,2388.8
2024-05-23T10:30:00Z,89.65,2706.25
2024-05-23T11:00:00Z,88.02,2588.95
2024-05-23T11:30:00Z,86.58,2607.75
2024-05-23T12:00:00Z,82.63,2670.9
2024-05-23T12:30:00Z,80.83,2690.35
2024-05-23T13:00:00Z,77.01,2830.5
2024-05-23T13:30:00Z,76.18,2919.4
2024-05-23T14:00:00Z,84.71,2541.95
2024-05-23T14:30:00Z,84.5,2962.15
2024-05-23T15:00:00Z,83.38,2287.05
2024-05-23T15:30:00Z,87.31000000000002,3160.05
2024-05-23T16:00:00Z,100.01,2568.3
2024-05-23T16:30:00Z,96.43000000000002,3343.85
2024-05-23T17:00:00Z,104.46,2933.8
2024-05-23T17:30:00Z,105.48,2732.3
2024-05-23T18:00:00Z,108.52,2783.3
2024-05-23T18:30:00Z,109.03,2851.9
2024-05-23T19:00:00Z,106.93,2890.55
2024-05-23T19:30:00Z,104.87,2985.15
2024-05-23T20:00:00Z,100.84,2927.7
2024-05-23T20:30:00Z,99.8,2196.35
2024-05-23T21:00:00Z,100.09,2350.55
2024-05-23T21:30:00Z,90.56,2523.65
2024-05-23T22:00:00Z,87.42,2085.65
2024-05-23T22:30:00Z,88.29,1949.55
2024-05-23T23:00:00Z,88.16,1418.75
2024-05-23T23:30:00Z,86.15,1291.2
2024-05-24T00:00:00Z,80.43,1550.9
2024-05-24T00:30:00Z,81.53,1467.25
2024-05-24T01:00:00Z,82.14,1346.95
2024-05-24T01:30:00Z,80.38,1421.3
2024-05-24T02:00:00Z,85.11,933.45
2024-05-24T02:30:00Z,85.56,1167.2
2024-05-24T03:00:00Z,90.24999999999999,832.15
2024-05-24T03:30:00Z,90.44,1131.95
2024-05-24T04:00:00Z,92.03,1245.5
2024-05-24T04:30:00Z,79.2,1545.85
2024-05-24T05:00:00Z,98.12,1533.85
2024-05-24T05:30:00Z,103.81,1769.05
2024-05-24T06:00:00Z,93.05,2294.3
2024-05-24T06:30:00Z,108.18,2264.1
2024-05-24T07:00:00Z,103.29,2307.65
2024-05-24T07:30:00Z,105.82,2317.35
2024-05-24T08:00:00Z,106.92,1859.35
2024-05-24T08:30:00Z,101.8,1739.1
2024-05-24T09:00:00Z,103.14,2215.6
2024-05-24T09:30:00Z,102.32,2372.55
2024-05-24T10:00:00Z,101.87,2020.65
2024-05-24T10:30:00Z,104.71,1885.0
2024-05-24T11:00:00Z,108.92999999999999,2530.4
2024-05-24T11:30:00Z,108.71,2628.7
2024-05-24T12:00:00Z,104.08,2452.1
2024-05-24T12:30:00Z,97.44,2899.25
2024-05-24T13:00:00Z,89.35,2581.85
2024-05-24T13:30:00Z,85.0,3121.15
2024-05-24T14:00:00Z,84.26,2616.3
2024-05-24T14:30:00Z,85.66,2525.1
2024-05-24T15:00:00Z,85.76,2352.7
2024-05-24T15:30:00Z,89.36,2315.2
2024-05-24T16:00:00Z,93.02,2109.1
2024-05-24T16:30:00Z,98.55,2140.05
2024-05-24T17:00:00Z,100.26,2298.7
2024-05-24T17:30:00Z,95.07,2517.1
2024-05-24T18:00:00Z,91.75,2524.95
2024-05-24T18:30:00Z,91.59,2480.75
2024-05-24T19:00:00Z,104.02,2570.7
2024-05-24T19:30:00Z,90.4,2419.4
2024-05-24T20:00:00Z,92.76,2034.35
2024-05-24T20:30:00Z,93.03,1664.25
2024-05-24T21:00:00Z,88.74,1991.1
2024-05-24T21:30:00Z,84.28,2248.65
2024-05-24T22:00:00Z,80.64,915.45
2024-05-24T22:30:00Z,85.58,739.95
2024-05-24T23:00:00Z,79.6,881.0
2024-05-24T23:30:00Z,78.17,816.3
2024-05-25T00:00:00Z,76.72,1280.1
2024-05-25T00:30:00Z,81.77,1082.25
2024-05-25T01:00:00Z,89.46,1246.45
2024-05-25T01:30:00Z,87.85,1123.35
2024-05-25T02:00:00Z,80.31,842.3
2024-05-25T02:30:00Z,80.85,893.45
2024-05-25T03:00:00Z,78.31,907.7
2024-05-25T03:30:00Z,76.94,843.55
2024-05-25T04:00:00Z,76.79,747.45
2024-05-25T04:30:00Z,79.15,743.85
2024-05-25T05:00:00Z,72.87,737.6
2024-05-25T05:30:00Z,75.99,763.05
2024-05-25T06:00:00Z,79.34,758.6
2024-05-25T06:30:00Z,86.93,837.65
2024-05-25T07:00:00Z,80.8,1411.65
2024-05-25T07:30:00Z,79.38,1662.2
2024-05-25T08:00:00Z,58.59,1703.25
2024-05-25T08:30:00Z,56.07,1702.45
2024-05-25T09:00:00Z,63.31,1731.8
2024-05-25T09:30:00Z,72.01,1659.7
2024-05-25T10:00:00Z,49.34,1317.65
2024-05-25T10:30:00Z,50.0,1440.25
2024-05-25T11:00:00Z,58.3,1630.9
2024-05-25T11:30:00Z,56.88,1559.9
2024-05-25T12:00:00Z,49.12,1695.85
2024-05-25T12:30:00Z,38.09,1694.95
2024-05-25T13:00:00Z,51.2,1886.7
2024-05-25T13:30:00Z,47.42,2005.45
2024-05-25T14:00:00Z,49.84,1790.85
2024-05-25T14:30:00Z,45.77,1905.6
2024-05-25T15:00:00Z,52.79,2351.3
2024-05-25T15:30:00Z,51.63,2290.05
2024-05-25T16:00:00Z,76.83,2536.35
2024-05-25T16:30:00Z,60.73,2414.25
2024-05-25T17:00:00Z,69.02,2419.15
2024-05-25T17:30:00Z,77.23,2561.65
2024-05-25T18:00:00Z,81.26,2056.95
2024-05-25T18:30:00Z,84.48,1825.6
2024-05-25T19:00:00Z,84.69,2052.5
2024-05-25T19:30:00Z,82.05,1794.2
2024-05-25T20:00:00Z,86.47,1772.2
2024-05-25T20:30:00Z,81.55,1504.85
2024-05-25T21:00:00Z,78.45,1275.45
2024-05-25T21:30:00Z,82.3,1816.6
2024-05-25T22:00:00Z,80.52,1303.9
2024-05-25T22:30:00Z,84.84,1747.05
2024-05-25T23:00:00Z,80.93,1577.8
2024-05-25T23:30:00Z,78.26,1670.15
2024-05-26T00:00:00Z,76.38,1644.55
2024-05-26T00:30:00Z,81.0,1653.25
2024-05-26T01:00:00Z,79.56,1453.1
2024-05-26T01:30:00Z,77.52,1477.1
2024-05-26T02:00:00Z,76.51,1245.0
2024-05-26T02:30:00Z,76.52,1038.2
2024-05-26T03:00:00Z,73.63,1061.6
2024-05-26T03:30:00Z,70.62,1187.0
2024-05-26T04:00:00Z,66.15,1232.8
2024-05-26T04:30:00Z,66.54,1086.0
2024-05-26T05:00:00Z,59.69,1333.95
2024-05-26T05:30:00Z,67.17,1602.9
2024-05-26T06:00:00Z,78.14,1557.65
2024-05-26T06:30:00Z,83.7,1722.45
2024-05-26T07:00:00Z,88.59,1545.4
2024-05-26T07:30:00Z,93.88,1689.65
2024-05-26T08:00:00Z,96.01,1931.9
2024-05-26T08:30:00Z,98.37,2139.65
2024-05-26T09:00:00Z,96.84,2273.1
2024-05-26T09:30:00Z,97.35,2205.5
2024-05-26T10:00:00Z,93.58,2637.15
2024-05-26T10:30:00Z,92.34,2585.4
2024-05-26T11:00:00Z,90.55,2729.35
2024-05-26T11:30:00Z,87.96,2722.75
2024-05-26T12:00:00Z,81.8,2547.5
2024-05-26T12:30:00Z,79.37,2730.0
2024-05-26T13:00:00Z,79.1,2678.8
2024-05-26T13:30:00Z,68.66,3238.25
2024-05-26T14:00:00Z,66.37,2340.8
2024-05-26T14:30:00Z,63.300000000000004,2499.5
2024-05-26T15:00:00Z,56.8,2499.15
2024-05-26T15:30:00Z,59.45,2715.45
2024-05-26T16:00:00Z,69.11,2993.25
2024-05-26T16:30:00Z,67.4,2981.45
2024-05-26T17:00:00Z,81.01,3164.45
2024-05-26T17:30:00Z,84.03,3122.05
2024-05-26T18:00:00Z,82.99,2887.4
2024-05-26T18:30:00Z,77.53,3026.3
2024-05-26T19:00:00Z,81.58,3658.0
2024-05-26T19:30:00Z,82.84,2901.45
2024-05-26T20:00:00Z,84.16,2233.95
2024-05-26T20:30:00Z,85.29,2195.15
2024-05-26T21:00:00Z,86.19,2454.35
2024-05-26T21:30:00Z,78.61,2484.1
2024-05-26T22:00:00Z,49.16,1437.45
2024-05-26T22:30:00Z,42.41,1401.2
2024-05-26T23:00:00Z,35.72,1754.55
2024-05-26T23:30:00Z,35.73,1973.45
2024-05-27T00:00:00Z,33.22,1834.6
2024-05-27T00:30:00Z,28.97,1655.45
2024-05-27T01:00:00Z,25.35,1835.7
2024-05-27T01:30:00Z,25.85,2079.7
2024-05-27T02:00:00Z,30.630000000000003,1457.35
2024-05-27T02:30:00Z,40.47,1702.75
2024-05-27T03:00:00Z,52.95,1933.85
2024-05-27T03:30:00Z,50.39,1842.1
2024-05-27T04:00:00Z,68.81,1411.3
2024-05-27T04:30:00Z,69.65,1296.45
2024-05-27T05:00:00Z,69.47,1649.1
2024-05-27T05:30:00Z,76.74,1863.1
2024-05-27T06:00:00Z,67.68,1762.05
2024-05-27T06:30:00Z,62.66,1978.15
2024-05-27T07:00:00Z,57.19,1585.25
2024-05-27T07:30:00Z,61.01,1849.9
2024-05-27T08:00:00Z,53.12,1656.7
2024-05-27T08:30:00Z,50.54,1927.2
2024-05-27T09:00:00Z,50.26,1950.7
2024-05-27T09:30:00Z,48.31,1989.5
2024-05-27T10:00:00Z,50.92,1879.55
2024-05-27T10:30:00Z,49.0,1785.5
2024-05-27T11:00:00Z,51.83,1988.3
2024-05-27T11:30:00Z,50.15,1779.2
2024-05-27T12:00:00Z,53.8,2168.85
2024-05-27T12:30:00Z,48.36,2015.0
2024-05-27T13:00:00Z,51.23,2540.8
2024-05-27T13:30:00Z,49.87,2557.05
2024-05-27T14:00:00Z,52.76,2350.35
2024-05-27T14:30:00Z,49.0,2379.6
2024-05-27T15:00:00Z,64.24,2745.35
2024-05-27T15:30:00Z,71.4,2655.75
2024-05-27T16:00:00Z,92.47,2696.55
2024-05-27T16:30:00Z,101.52,2921.8
2024-05-27T17:00:00Z,105.74,3024.5
2024-05-27T17:30:00Z,108.1,2997.75
2024-05-27T18:00:00Z,114.35,2074.55
2024-05-27T18:30:00Z,114.16,1766.55
2024-05-27T19:00:00Z,105.29,2054.15
2024-05-27T19:30:00Z,105.09,2152.8
2024-05-27T20:00:00Z,101.31,1757.15
2024-05-27T20:30:00Z,98.52999999999999,1615.05
2024-05-27T21:00:00Z,91.56,1650.4
2024-05-27T21:30:00Z,85.64,1934.15
2024-05-27T22:00:00Z,89.83,1430.9
2024-05-27T22:30:00Z,91.75,1145.7
2024-05-27T23:00:00Z,92.67,1649.35
2024-05-27T23:30:00Z,82.64,1152.7
2024-05-28T00:00:00Z,77.91,1321.85
2024-05-28T00:30:00Z,79.84,1284.35
2024-05-28T01:00:00Z,79.12,1660.1
2024-05-28T01:30:00Z,74.74,1503.65
2024-05-28T02:00:00Z,74.31,1062.55
2024-05-28T02:30:00Z,73.37,1119.4
2024-05-28T03:00:00Z,77.4,1129.65
2024-05-28T03:30:00Z,77.96,1310.25
2024-05-28T04:00:00Z,88.51,1286.3
2024-05-28T04:30:00Z,92.42,1350.6
2024-05-28T05:00:00Z,94.04,1387.85
2024-05-28T05:30:00Z,96.66,1480.0
2024-05-28T06:00:00Z,94.33,1795.0
2024-05-28T06:30:00Z,107.33,1888.75
2024-05-28T07:00:00Z,99.06,2122.9
2024-05-28T07:30:00Z,98.15,1993.2
2024-05-28T08:00:00Z,96.48,2383.0
2024-05-28T08:30:00Z,93.06,2047.6
2024-05-28T09:00:00Z,95.23,2201.9
2024-05-28T09:30:00Z,93.03,2325.8
2024-05-28T10:00:00Z,83.06,2743.45
2024-05-28T10:30:00Z,80.74,3127.85
2024-05-28T11:00:00Z,73.37,2953.55
2024-05-28T11:30:00Z,65.95,3050.3
2024-05-28T12:00:00Z,70.05,3635.1
2024-05-28T12:30:00Z,70.26,3607.1
2024-05-28T13:00:00Z,69.18,3330.15
2024-05-28T13:30:00Z,66.83,3353.15
2024-05-28T14:00:00Z,66.68,2433.6
2024-05-28T14:30:00Z,67.88,2631.5
2024-05-28T15:00:00Z,68.34,2763.3
2024-05-28T15:30:00Z,67.82,2755.3
2024-05-28T16:00:00Z,73.53,1896.35
2024-05-28T16:30:00Z,78.4,2301.9
2024-05-28T17:00:00Z,83.93,2198.25
2024-05-28T17:30:00Z,84.09,1966.05
2024-05-28T18:00:00Z,90.51,1715.05
2024-05-28T18:30:00Z,92.09312462532472,1501.3
2024-05-28T19:00:00Z,87.92,1299.1
2024-05-28T19:30:00Z,85.59686120963656,1085.45
2024-05-28T20:00:00Z,78.2,897.65
2024-05-28T20:30:00Z,81.77,1036.95
2024-05-28T21:00:00Z,74.84,1509.0
2024-05-28T21:30:00Z,68.76,1710.95
2024-05-28T22:00:00Z,41.99999999999999,1840.05
2024-05-28T22:30:00Z,31.220000000000002,1696.1
2024-05-28T23:00:00Z,30.85,2318.75
2024-05-28T23:30:00Z,26.14,2178.4
2024-05-29T00:00:00Z,20.38,1907.6
2024-05-29T00:30:00Z,20.36,1991.9
2024-05-29T01:00:00Z,17.3,2075.65
2024-05-29T01:30:00Z,16.34,2199.45
2024-05-29T02:00:00Z,12.29,2046.0
2024-05-29T02:30:00Z,11.34,2079.35
2024-05-29T03:00:00Z,15.46,2408.35
2024-05-29T03:30:00Z,14.509999999999998,2297.1
2024-05-29T04:00:00Z,21.23,2497.5
2024-05-29T04:30:00Z,25.58,2688.55
2024-05-29T05:00:00Z,38.47,2295.0
2024-05-29T05:30:00Z,40.15,2530.75
2024-05-29T06:00:00Z,60.66,2345.9
2024-05-29T06:30:00Z,68.89,2162.0
2024-05-29T07:00:00Z,67.64,2096.75
2024-05-29T07:30:00Z,69.83,1958.3
2024-05-29T08:00:00Z,63.41,2579.3
2024-05-29T08:30:00Z,60.54999999999999,2690.45
2024-05-29T09:00:00Z,64.31,2972.9
2024-05-29T09:30:00Z,83.51,3490.65
2024-05-29T10:00:00Z,88.92,3571.45
2024-05-29T10:30:00Z,85.35,3494.3
2024-05-29T11:00:00Z,88.44,3059.9
2024-05-29T11:30:00Z,90.76,3250.1
2024-05-29T12:00:00Z,89.95,2880.55
2024-05-29T12:30:00Z,90.33,3305.5
2024-05-29T13:00:00Z,89.44,3268.55
2024-05-29T13:30:00Z,88.37,3826.05
2024-05-29T14:00:00Z,82.09,2949.2
2024-05-29T14:30:00Z,85.74,2389.25
2024-05-29T15:00:00Z,81.62,2661.1
2024-05-29T15:30:00Z,82.25,2606.25
2024-05-29T16:00:00Z,83.27,2345.6
2024-05-29T16:30:00Z,79.75,2160.3
2024-05-29T17:00:00Z,83.61,2568.75
2024-05-29T17:30:00Z,85.67,2330.6
2024-05-29T18:00:00Z,98.73,2044.25
2024-05-29T18:30:00Z,96.25,2154.65
2024-05-29T19:00:00Z,103.19,2256.95
2024-05-29T19:30:00Z,98.44,2108.85
2024-05-29T20:00:00Z,95.44,1782.65
2024-05-29T20:30:00Z,88.97,1721.25
2024-05-29T21:00:00Z,84.78,2128.4
2024-05-29T21:30:00Z,84.08,2394.55
2024-05-29T22:00:00Z,87.07,2271.4
2024-05-29T22:30:00Z,83.41,1958.7
2024-05-29T23:00:00Z,77.03,2317.2
2024-05-29T23:30:00Z,81.5,2008.6
2024-05-30T00:00:00Z,83.64,1482.6
2024-05-30T00:30:00Z,87.18,1746.05
2024-05-30T01:00:00Z,82.55,1959.0
2024-05-30T01:30:00Z,73.44,2017.55
2024-05-30T02:00:00Z,49.58,2030.2
2024-05-30T02:30:00Z,49.02,2147.35
2024-05-30T03:00:00Z,55.32,2301.3
2024-05-30T03:30:00Z,51.7,1963.75
2024-05-30T04:00:00Z,53.82000000000001,1706.45
2024-05-30T04:30:00Z,49.05,1745.15
2024-05-30T05:00:00Z,71.92,2115.05
2024-05-30T05:30:00Z,89.4,2225.1
2024-05-30T06:00:00Z,80.75,2961.65
2024-05-30T06:30:00Z,92.09000000000002,2905.2
2024-05-30T07:00:00Z,79.1,2483.8
2024-05-30T07:30:00Z,81.34,2584.2
2024-05-30T08:00:00Z,81.42,2168.1
2024-05-30T08:30:00Z,76.59,2203.25
2024-05-30T09:00:00Z,68.48,2453.65
2024-05-30T09:30:00Z,63.410000000000004,2518.35
2024-05-30T10:00:00Z,55.12,1894.75
2024-05-30T10:30:00Z,54.790000000000006,2412.1
2024-05-30T11:00:00Z,58.49,2334.25
2024-05-30T11:30:00Z,53.54,2043.0
2024-05-30T12:00:00Z,62.29,2553.0
2024-05-30T12:30:00Z,57.36000000000001,2740.15
2024-05-30T13:00:00Z,64.25,2624.25
2024-05-30T13:30:00Z,62.830000000000005,2677.3
2024-05-30T14:00:00Z,68.67,2890.25
2024-05-30T14:30:00Z,77.01,2594.65
2024-05-30T15:00:00Z,77.06,2445.65
2024-05-30T15:30:00Z,82.23,2505.95
2024-05-30T16:00:00Z,71.99,2620.8
2024-05-30T16:30:00Z,75.86,2690.25
2024-05-30T17:00:00Z,96.18,2519.65
2024-05-30T17:30:00Z,96.03,2729.0
2024-05-30T18:00:00Z,98.52,2631.65
2024-05-30T18:30:00Z,99.12,2668.25
2024-05-30T19:00:00Z,81.81,3026.45
2024-05-30T19:30:00Z,81.05,2773.95
2024-05-30T20:00:00Z,82.78,2968.25
2024-05-30T20:30:00Z,75.05,2974.7
2024-05-30T21:00:00Z,81.8,1977.3
2024-05-30T21:30:00Z,82.33,2081.2
2024-05-30T22:00:00Z,76.11,1617.2
2024-05-30T22:30:00Z,74.93,1559.05
2024-05-30T23:00:00Z,75.85,1667.85
2024-05-30T23:30:00Z,63.27,1757.5
2024-05-31T00:00:00Z,61.17,1779.55
2024-05-31T00:30:00Z,60.79,1726.9
2024-05-31T01:00:00Z,56.16,2089.0
2024-05-31T01:30:00Z,55.38,2115.2
2024-05-31T02:00:00Z,56.91,1770.85
2024-05-31T02:30:00Z,56.75,1810.8
2024-05-31T03:00:00Z,65.84,1727.6
2024-05-31T03:30:00Z,64.46,1722.7
2024-05-31T04:00:00Z,73.41,1708.6
2024-05-31T04:30:00Z,80.82,1522.8
2024-05-31T05:00:00Z,82.03,1939.35
2024-05-31T05:30:00Z,88.37,2090.2
2024-05-31T06:00:00Z,79.56,2444.35
2024-05-31T06:30:00Z,85.25,2641.95
2024-05-31T07:00:00Z,73.79,2671.15
2024-05-31T07:30:00Z,76.98,2970.8
2024-05-31T08:00:00Z,80.61,2406.9
2024-05-31T08:30:00Z,81.22,2406.25
2024-05-31T09:00:00Z,77.64,2661.1
2024-05-31T09:30:00Z,81.78,2327.1
2024-05-31T10:00:00Z,87.35,1845.55
2024-05-31T10:30:00Z,86.46,2005.5
2024-05-31T11:00:00Z,83.35,2408.25
2024-05-31T11:30:00Z,84.2,2101.35
2024-05-31T12:00:00Z,84.22,2008.65
2024-05-31T12:30:00Z,86.96,1958.75
2024-05-31T13:00:00Z,83.2,1979.85
2024-05-31T13:30:00Z,82.42,1935.0
2024-05-31T14:00:00Z,82.77,1863.65
2024-05-31T14:30:00Z,84.05,1880.15
2024-05-31T15:00:00Z,84.73,1879.15
2024-05-31T15:30:00Z,89.18,1906.1
2024-05-31T16:00:00Z,96.89,1992.9
2024-05-31T16:30:00Z,97.41,2061.8
2024-05-31T17:00:00Z,99.13,2177.65
2024-05-31T17:30:00Z,99.73,2187.6
2024-05-31T18:00:00Z,100.72,2328.55
2024-05-31T18:30:00Z,100.56,2500.4
2024-05-31T19:00:00Z,100.3,2119.0
2024-05-31T19:30:00Z,98.49,2357.15
2024-05-31T20:00:00Z,98.61,2195.5
2024-05-31T20:30:00Z,98.27,2259.6
2024-05-31T21:00:00Z,95.92,1995.1
2024-05-31T21:30:00Z,87.03,2105.85
2024-05-31T22:00:00Z,80.51,1464.55
2024-05-31T22:30:00Z,83.74,1292.1
2024-05-31T23:00:00Z,81.47,1385.4
2024-05-31T23:30:00Z,79.35999999999999,1661.1
2024-06-01T00:00:00Z,80.7,1286.05
2024-06-01T00:30:00Z,79.08,1279.7
2024-06-01T01:00:00Z,68.56,1663.65
2024-06-01T01:30:00Z,69.57,1713.15
2024-06-01T02:00:00Z,71.75,1714.85
2024-06-01T02:30:00Z,71.28,1747.1
2024-06-01T03:00:00Z,71.24,1497.4
2024-06-01T03:30:00Z,68.45,1624.0
2024-06-01T04:00:00Z,74.85,1392.75
2024-06-01T04:30:00Z,71.6,1330.05
2024-06-01T05:00:00Z,70.99,1508.35
2024-06-01T05:30:00Z,71.76,1607.6
2024-06-01T06:00:00Z,66.25,1012.35
2024-06-01T06:30:00Z,69.41,1203.25
2024-06-01T07:00:00Z,64.29,1322.15
2024-06-01T07:30:00Z,71.44,1392.3
2024-06-01T08:00:00Z,80.44,1513.65
2024-06-01T08:30:00Z,78.49,1380.35
2024-06-01T09:00:00Z,70.57,1957.35
2024-06-01T09:30:00Z,76.78,1816.15
2024-06-01T10:00:00Z,87.61,2112.25
2024-06-01T10:30:00Z,88.55,1917.9
2024-06-01T11:00:00Z,90.95,1699.65
2024-06-01T11:30:00Z,90.74,1782.85
2024-06-01T12:00:00Z,91.08,1775.25
2024-06-01T12:30:00Z,88.7,1828.5
2024-06-01T13:00:00Z,85.32,2062.65
2024-06-01T13:30:00Z,81.75,2228.85
2024-06-01T14:00:00Z,74.06,2336.8
2024-06-01T14:30:00Z,72.67,2568.65
2024-06-01T15:00:00Z,74.31,2396.1
2024-06-01T15:30:00Z,79.04,2269.8
2024-06-01T16:00:00Z,91.26,2413.05
2024-06-01T16:30:00Z,95.03,2522.75
2024-06-01T17:00:00Z,92.69,2412.15
2024-06-01T17:30:00Z,95.42,2283.0
2024-06-01T18:00:00Z,91.41,1916.6
2024-06-01T18:30:00Z,89.71,1904.8
2024-06-01T19:00:00Z,88.39,1882.4
2024-06-01T19:30:00Z,88.33000000000001,1860.8
2024-06-01T20:00:00Z,89.37,1455.4
2024-06-01T20:30:00Z,92.85,1414.6
2024-06-01T21:00:00Z,92.59,1739.1
2024-06-01T21:30:00Z,90.53,1593.65
2024-06-01T22:00:00Z,90.07,1140.25
2024-06-01T22:30:00Z,85.89,1265.3
2024-06-01T23:00:00Z,77.57,1620.95
2024-06-01T23:30:00Z,69.04,1782.1
2024-06-02T00:00:00Z,67.0,1636.9
2024-06-02T00:30:00Z,70.14,1691.95
2024-06-02T01:00:00Z,67.01,2061.75
2024-06-02T01:30:00Z,66.54,2052.5
2024-06-02T02:00:00Z,58.71000000000001,1664.25
2024-06-02T02:30:00Z,44.74,1672.15
2024-06-02T03:00:00Z,47.41,2114.15
2024-06-02T03:30:00Z,41.36,1801.55
2024-06-02T04:00:00Z,39.83,1956.2
2024-06-02T04:30:00Z,39.15,2002.6
2024-06-02T05:00:00Z,33.73,2013.65
2024-06-02T05:30:00Z,42.25,1920.45
2024-06-02T06:00:00Z,41.72,1627.55
2024-06-02T06:30:00Z,44.31999999999999,1588.55
2024-06-02T07:00:00Z,56.06,1784.3
2024-06-02T07:30:00Z,47.67,1785.9
2024-06-02T08:00:00Z,44.97999999999999,1949.2
2024-06-02T08:30:00Z,45.62,2256.35
2024-06-02T09:00:00Z,40.59,2122.6
2024-06-02T09:30:00Z,32.78,2070.9
2024-06-02T10:00:00Z,39.83,2192.65
2024-06-02T10:30:00Z,42.04,2097.8
2024-06-02T11:00:00Z,44.21,2097.5
2024-06-02T11:30:00Z,45.45,2299.35
2024-06-02T12:00:00Z,33.9,2307.55
2024-06-02T12:30:00Z,25.2,2227.0
2024-06-02T13:00:00Z,23.41,1984.55
2024-06-02T13:30:00Z,20.1,1984.7
2024-06-02T14:00:00Z,7.06,1952.25
2024-06-02T14:30:00Z,11.44,2043.55
2024-06-02T15:00:00Z,18.19,2856.65
2024-06-02T15:30:00Z,40.28,2470.85
2024-06-02T16:00:00Z,40.34,2179.6
2024-06-02T16:30:00Z,63.72,2060.45
2024-06-02T17:00:00Z,76.21,1792.4
2024-06-02T17:30:00Z,87.77,1660.55
2024-06-02T18:00:00Z,106.95,1914.1
2024-06-02T18:30:00Z,108.91,1874.7
2024-06-02T19:00:00Z,107.13,1839.8
2024-06-02T19:30:00Z,107.4,1672.4
2024-06-02T20:00:00Z,103.96,1149.7
2024-06-02T20:30:00Z,101.98,1052.3
2024-06-02T21:00:00Z,99.56,1169.8
2024-06-02T21:30:00Z,92.93,1054.5
2024-06-02T22:00:00Z,91.87,1150.55
2024-06-02T22:30:00Z,88.59,1106.3
2024-06-02T23:00:00Z,85.35,1175.95
2024-06-02T23:30:00Z,74.16,1043.0
2024-06-03T00:00:00Z,70.34,960.75
2024-06-03T00:30:00Z,71.26,946.6
2024-06-03T01:00:00Z,68.25,1029.6
2024-06-03T01:30:00Z,64.77,949.5
2024-06-03T02:00:00Z,66.99,939.4
2024-06-03T02:30:00Z,63.07,1048.45
2024-06-03T03:00:00Z,69.95,1064.5
2024-06-03T03:30:00Z,76.15,1610.05
2024-06-03T04:00:00Z,81.39,1265.9
2024-06-03T04:30:00Z,79.42,1489.05
2024-06-03T05:00:00Z,94.31,1444.65
2024-06-03T05:30:00Z,100.33,1552.4
2024-06-03T06:00:00Z,107.15,2128.6
2024-06-03T06:30:00Z,110.53,2359.25
2024-06-03T07:00:00Z,101.01,2298.15
2024-06-03T07:30:00Z,104.87,2300.65
2024-06-03T08:00:00Z,99.89,2104.4
2024-06-03T08:30:00Z,101.98,2187.3
2024-06-03T09:00:00Z,101.99,2364.55
2024-06-03T09:30:00Z,98.29,2586.65
2024-06-03T10:00:00Z,77.72,1906.2
2024-06-03T10:30:00Z,76.62,1720.85
2024-06-03T11:00:00Z,78.37,2075.25
2024-06-03T11:30:00Z,78.43,1814.25
2024-06-03T12:00:00Z,77.81,2128.7
2024-06-03T12:30:00Z,76.93,2107.35
2024-06-03T13:00:00Z,75.92,2373.6
2024-06-03T13:30:00Z,73.15,2238.7
2024-06-03T14:00:00Z,75.4,1769.25
2024-06-03T14:30:00Z,75.7,1895.2
2024-06-03T15:00:00Z,80.58,1840.3
2024-06-03T15:30:00Z,85.8,1946.05
2024-06-03T16:00:00Z,109.45,2870.65
2024-06-03T16:30:00Z,108.04,2877.15
2024-06-03T17:00:00Z,126.57,2974.35
2024-06-03T17:30:00Z,126.12,3295.2
2024-06-03T18:00:00Z,126.02000000000001,2602.85
2024-06-03T18:30:00Z,125.4,2384.35
2024-06-03T19:00:00Z,124.9,2547.25
2024-06-03T19:30:00Z,122.83,2556.85
2024-06-03T20:00:00Z,116.41,2702.75
2024-06-03T20:30:00Z,109.69,2752.4
2024-06-03T21:00:00Z,94.72,2522.05
2024-06-03T21:30:00Z,91.07,2788.85
2024-06-03T22:00:00Z,73.48,1475.75
2024-06-03T22:30:00Z,81.62,1392.95
2024-06-03T23:00:00Z,78.33000000000001,1838.7
2024-06-03T23:30:00Z,73.11000000000001,1797.4
2024-06-04T00:00:00Z,72.5,1218.9
2024-06-04T00:30:00Z,74.26,1630.15
2024-06-04T01:00:00Z,76.21,1395.5
2024-06-04T01:30:00Z,69.45,1385.25
2024-06-04T02:00:00Z,59.67,1415.55
2024-06-04T02:30:00Z,51.05,1477.05
2024-06-04T03:00:00Z,66.01,1755.4
2024-06-04T03:30:00Z,66.23,1858.35
2024-06-04T04:00:00Z,68.73,1576.65
2024-06-04T04:30:00Z,68.94,1645.45
2024-06-04T05:00:00Z,72.36,1467.65
2024-06-04T05:30:00Z,89.45,2405.25
2024-06-04T06:00:00Z,90.0,2507.85
2024-06-04T06:30:00Z,107.24,2934.9
2024-06-04T07:00:00Z,81.24,2222.8
2024-06-04T07:30:00Z,79.75,2575.15
2024-06-04T08:00:00Z,58.72,2379.5
2024-06-04T08:30:00Z,58.660000000000004,3115.05
2024-06-04T09:00:00Z,66.07,3372.75
2024-06-04T09:30:00Z,63.839999999999996,3064.4
2024-06-04T10:00:00Z,55.03,3716.15
2024-06-04T10:30:00Z,58.45,3717.5
2024-06-04T11:00:00Z,41.6,3604.8
2024-06-04T11:30:00Z,30.62,3624.85
2024-06-04T12:00:00Z,44.54,4434.65
2024-06-04T12:30:00Z,31.58,4130.45
2024-06-04T13:00:00Z,33.18,4953.35
2024-06-04T13:30:00Z,33.44,4449.45
2024-06-04T14:00:00Z,34.85,2966.15
2024-06-04T14:30:00Z,58.76,3191.65
2024-06-04T15:00:00Z,61.3,4094.9
2024-06-04T15:30:00Z,60.29,4315.95
2024-06-04T16:00:00Z,74.03,2485.95
2024-06-04T16:30:00Z,76.49,2553.1
2024-06-04T17:00:00Z,82.65,2869.55
2024-06-04T17:30:00Z,84.69,2580.8
2024-06-04T18:00:00Z,87.52,2260.7
2024-06-04T18:30:00Z,83.0,2639.9
2024-06-04T19:00:00Z,85.96,2776.85
2024-06-04T19:30:00Z,90.66,2727.3
2024-06-04T20:00:00Z,84.25,3078.65
2024-06-04T20:30:00Z,81.04,2520.35
2024-06-04T21:00:00Z,81.87,2341.8
2024-06-04T21:30:00Z,75.58,2933.5
2024-06-04T22:00:00Z,60.96,3168.4
2024-06-04T22:30:00Z,38.93,3017.9
2024-06-04T23:00:00Z,29.87,2458.5
2024-06-04T23:30:00Z,22.2,2935.85
2024-06-05T00:00:00Z,47.88,3097.65
2024-06-05T00:30:00Z,48.26,3202.55
2024-06-05T01:00:00Z,27.85,2753.9
2024-06-05T01:30:00Z,22.98,2732.85
2024-06-05T02:00:00Z,27.88,2063.25
2024-06-05T02:30:00Z,23.25,2113.1
2024-06-05T03:00:00Z,32.56,2304.3
2024-06-05T03:30:00Z,40.82,2583.6
2024-06-05T04:00:00Z,35.07999999999999,1976.05
2024-06-05T04:30:00Z,50.57,1780.55
2024-06-05T05:00:00Z,49.2,1644.85
2024-06-05T05:30:00Z,78.89,1896.35
2024-06-05T06:00:00Z,73.61,2147.95
2024-06-05T06:30:00Z,82.01,2211.0
2024-06-05T07:00:00Z,68.68,2110.85
2024-06-05T07:30:00Z,47.16,2239.55
2024-06-05T08:00:00Z,19.41,1731.5
2024-06-05T08:30:00Z,10.16,1832.65
2024-06-05T09:00:00Z,11.69,2376.95
2024-06-05T09:30:00Z,4.7,2725.0
2024-06-05T10:00:00Z,-10.3,2519.55
2024-06-05T10:30:00Z,-10.95,2091.0
2024-06-05T11:00:00Z,-12.83,2397.75
2024-06-05T11:30:00Z,-19.09,2490.0
2024-06-05T12:00:00Z,-11.01,2869.65
2024-06-05T12:30:00Z,-12.440000000000001,3107.2
2024-06-05T13:00:00Z,-35.65,2893.9
2024-06-05T13:30:00Z,-35.44,3371.0
2024-06-05T14:00:00Z,0.65,4050.2
2024-06-05T14:30:00Z,17.58,4502.6
2024-06-05T15:00:00Z,1.37,4014.1
2024-06-05T15:30:00Z,10.4,3748.8
2024-06-05T16:00:00Z,24.03,3283.5
2024-06-05T16:30:00Z,24.09,3513.45
2024-06-05T17:00:00Z,47.76,3691.75
2024-06-05T17:30:00Z,52.27,3585.5
2024-06-05T18:00:00Z,90.2,2632.1
2024-06-05T18:30:00Z,94.35,2212.6
2024-06-05T19:00:00Z,94.84,2592.2
2024-06-05T19:30:00Z,96.53,2467.9
2024-06-05T20:00:00Z,88.03,1950.75
2024-06-05T20:30:00Z,89.83,1679.7
2024-06-05T21:00:00Z,90.67999999999999,1592.0
2024-06-05T21:30:00Z,91.96,2111.4
2024-06-05T22:00:00Z,88.15,1645.3
2024-06-05T22:30:00Z,73.87,1591.65
2024-06-05T23:00:00Z,85.4,1686.4
2024-06-05T23:30:00Z,76.04,1873.5
2024-06-06T00:00:00Z,60.05,1766.95
2024-06-06T00:30:00Z,60.36000000000001,2178.4
2024-06-06T01:00:00Z,56.92,2521.4
2024-06-06T01:30:00Z,65.73,1818.3
2024-06-06T02:00:00Z,72.9,1562.25
2024-06-06T02:30:00Z,69.1,1697.6
2024-06-06T03:00:00Z,66.25,1418.65
2024-06-06T03:30:00Z,64.59,1514.45
2024-06-06T04:00:00Z,72.76,1805.2
2024-06-06T04:30:00Z,72.46,1919.7
2024-06-06T05:00:00Z,72.73000000000002,1864.5
2024-06-06T05:30:00Z,89.12,2154.8
2024-06-06T06:00:00Z,91.24,2440.35
2024-06-06T06:30:00Z,99.16,1991.8
2024-06-06T07:00:00Z,94.33,1936.95
2024-06-06T07:30:00Z,90.14,2434.1
2024-06-06T08:00:00Z,85.27,2428.15
2024-06-06T08:30:00Z,70.41,2151.8
2024-06-06T09:00:00Z,60.73,2522.3
2024-06-06T09:30:00Z,69.01,3269.3
2024-06-06T10:00:00Z,83.81,2426.6
2024-06-06T10:30:00Z,82.43,2035.9
2024-06-06T11:00:00Z,82.0,1915.0
2024-06-06T11:30:00Z,76.08,2139.25
2024-06-06T12:00:00Z,66.39,2209.25
2024-06-06T12:30:00Z,56.19,2136.1
2024-06-06T13:00:00Z,54.04,2158.25
2024-06-06T13:30:00Z,49.32,2217.55
2024-06-06T14:00:00Z,29.41,2253.55
2024-06-06T14:30:00Z,30.609999999999996,2252.15
2024-06-06T15:00:00Z,51.86999999999999,2651.9
2024-06-06T15:30:00Z,57.160000000000004,2478.1
2024-06-06T16:00:00Z,68.15,2406.0
2024-06-06T16:30:00Z,73.1,1940.8
2024-06-06T17:00:00Z,85.18,2322.4
2024-06-06T17:30:00Z,75.35,2454.1
2024-06-06T18:00:00Z,84.91,2563.25
2024-06-06T18:30:00Z,93.26,2639.35
2024-06-06T19:00:00Z,103.76,2249.45
2024-06-06T19:30:00Z,100.52,2248.9
2024-06-06T20:00:00Z,84.17,1980.35
2024-06-06T20:30:00Z,76.45,2009.0
2024-06-06T21:00:00Z,72.16,1985.15
2024-06-06T21:30:00Z,72.42,2057.1
2024-06-06T22:00:00Z,74.99,1842.3
2024-06-06T22:30:00Z,77.67,1501.75
2024-06-06T23:00:00Z,56.07,1572.35
2024-06-06T23:30:00Z,76.04,1901.2
2024-06-07T00:00:00Z,77.82,1892.9
2024-06-07T00:30:00Z,74.56,2092.3
2024-06-07T01:00:00Z,78.95,2075.2
2024-06-07T01:30:00Z,70.72,1990.4
2024-06-07T02:00:00Z,64.48,1350.9
2024-06-07T02:30:00Z,66.67,1285.65
2024-06-07T03:00:00Z,72.47,1416.9
2024-06-07T03:30:00Z,66.45,1912.45
2024-06-07T04:00:00Z,65.75,1640.65
2024-06-07T04:30:00Z,64.44,1617.9
2024-06-07T05:00:00Z,76.83,1858.0
2024-06-07T05:30:00Z,88.71,2523.65
2024-06-07T06:00:00Z,71.97,2205.5
2024-06-07T06:30:00Z,81.94,2351.1
2024-06-07T07:00:00Z,60.55,2147.85
2024-06-07T07:30:00Z,63.3,2635.4
2024-06-07T08:00:00Z,66.41,2215.5
2024-06-07T08:30:00Z,67.15,2427.25
2024-06-07T09:00:00Z,38.95,2575.65
2024-06-07T09:30:00Z,21.0,2811.4
2024-06-07T10:00:00Z,21.42,2557.3
2024-06-07T10:30:00Z,17.28,2774.7
2024-06-07T11:00:00Z,23.03,3221.45
2024-06-07T11:30:00Z,21.84,3145.0
2024-06-07T12:00:00Z,21.64,3340.35
2024-06-07T12:30:00Z,15.11,2815.85
2024-06-07T13:00:00Z,9.21,3574.25
2024-06-07T13:30:00Z,0.23,3535.1
2024-06-07T14:00:00Z,8.39,3527.5
2024-06-07T14:30:00Z,6.45,3766.45
2024-06-07T15:00:00Z,14.62,4110.45
2024-06-07T15:30:00Z,30.53,3604.5
2024-06-07T16:00:00Z,44.66,4028.9
2024-06-07T16:30:00Z,60.24,3735.35
2024-06-07T17:00:00Z,55.75,3538.1
2024-06-07T17:30:00Z,48.2,3500.5
2024-06-07T18:00:00Z,77.12,3181.4
2024-06-07T18:30:00Z,80.34,2428.85
2024-06-07T19:00:00Z,72.65,2778.8
2024-06-07T19:30:00Z,66.61,2825.35
2024-06-07T20:00:00Z,69.09,2315.9
2024-06-07T20:30:00Z,72.54,2160.8
2024-06-07T21:00:00Z,77.93,1989.65
2024-06-07T21:30:00Z,74.22,2223.65
2024-06-07T22:00:00Z,68.81,1423.85
2024-06-07T22:30:00Z,51.449999999999996,1482.9
2024-06-07T23:00:00Z,35.07,1715.5
2024-06-07T23:30:00Z,22.88,1949.9
2024-06-08T00:00:00Z,23.38,2160.7
2024-06-08T00:30:00Z,22.03,1974.35
2024-06-08T01:00:00Z,22.41,1882.15
2024-06-08T01:30:00Z,14.259999999999998,1782.6
2024-06-08T02:00:00Z,18.19,1306.95
2024-06-08T02:30:00Z,27.86,1334.15
2024-06-08T03:00:00Z,22.43,1273.5
2024-06-08T03:30:00Z,26.910000000000004,1341.55
2024-06-08T04:00:00Z,36.96,1554.6
2024-06-08T04:30:00Z,42.89,1567.6
2024-06-08T05:00:00Z,49.45,1822.55
2024-06-08T05:30:00Z,53.97,2165.2
2024-06-08T06:00:00Z,45.2,1736.75
2024-06-08T06:30:00Z,62.870000000000005,2214.4
2024-06-08T07:00:00Z,51.13,2523.0
2024-06-08T07:30:00Z,55.620000000000005,2408.9
2024-06-08T08:00:00Z,59.52,2130.5
2024-06-08T08:30:00Z,55.97,1904.4
2024-06-08T09:00:00Z,49.98,1981.65
2024-06-08T09:30:00Z,27.57,1988.0
2024-06-08T10:00:00Z,8.8,2765.45
2024-06-08T10:30:00Z,-1.42,2394.8
2024-06-08T11:00:00Z,-5.01,2182.95
2024-06-08T11:30:00Z,-5.36,1905.65
2024-06-08T12:00:00Z,-8.4,3000.9
2024-06-08T12:30:00Z,-12.05,2825.1
2024-06-08T13:00:00Z,-13.26,3366.5
2024-06-08T13:30:00Z,-13.45,2957.05
2024-06-08T14:00:00Z,5.55,3263.1
2024-06-08T14:30:00Z,9.25,2986.65
2024-06-08T15:00:00Z,16.02,2768.9
2024-06-08T15:30:00Z,28.230000000000004,2396.1
2024-06-08T16:00:00Z,28.380000000000003,2464.4
2024-06-08T16:30:00Z,47.43,2652.8
2024-06-08T17:00:00Z,44.91,2499.75
2024-06-08T17:30:00Z,63.37,2487.75
2024-06-08T18:00:00Z,80.27,2394.55
2024-06-08T18:30:00Z,82.36,2524.8
2024-06-08T19:00:00Z,80.07,2172.9
2024-06-08T19:30:00Z,79.56,2040.2
2024-06-08T20:00:00Z,73.02,1413.0
2024-06-08T20:30:00Z,55.39,1602.7
2024-06-08T21:00:00Z,39.46,1974.9
2024-06-08T21:30:00Z,34.0,1761.35
2024-06-08T22:00:00Z,31.42,1688.05
2024-06-08T22:30:00Z,-2.8200000000000003,1620.55
2024-06-08T23:00:00Z,8.34,1527.8
2024-06-08T23:30:00Z,-3.82,1394.0
2024-06-09T00:00:00Z,-1.43,1343.1
2024-06-09T00:30:00Z,1.29,1494.55
2024-06-09T01:00:00Z,-0.8,1390.7
2024-06-09T01:30:00Z,-0.82,1342.5
2024-06-09T02:00:00Z,1.02,1006.7
2024-06-09T02:30:00Z,0.84,968.3
2024-06-09T03:00:00Z,-1.41,722.05
2024-06-09T03:30:00Z,-6.46,923.7
2024-06-09T04:00:00Z,-5.98,859.25
2024-06-09T04:30:00Z,-6.950000000000001,719.3
2024-06-09T05:00:00Z,-11.72,1177.8
2024-06-09T05:30:00Z,10.92,1766.75
2024-06-09T06:00:00Z,-8.19,1090.3
2024-06-09T06:30:00Z,-2.28,1227.45
2024-06-09T07:00:00Z,-12.01,1012.8
2024-06-09T07:30:00Z,-3.55,1529.95
2024-06-09T08:00:00Z,-16.53,1210.6
2024-06-09T08:30:00Z,-13.71,1339.8
2024-06-09T09:00:00Z,-19.66,1373.35
2024-06-09T09:30:00Z,3.66,2014.7
2024-06-09T10:00:00Z,0.44,1815.85
2024-06-09T10:30:00Z,-0.22,2184.35
2024-06-09T11:00:00Z,22.58,1978.35
2024-06-09T11:30:00Z,34.98,2107.1
2024-06-09T12:00:00Z,48.22,2364.45
2024-06-09T12:30:00Z,44.44,2486.0
2024-06-09T13:00:00Z,46.37,3069.85
2024-06-09T13:30:00Z,50.31000000000001,2742.55
2024-06-09T14:00:00Z,77.42,2363.95
2024-06-09T14:30:00Z,83.6,2602.9
2024-06-09T15:00:00Z,91.43,2997.25
2024-06-09T15:30:00Z,96.68000000000002,2808.6
2024-06-09T16:00:00Z,104.99,3173.8
2024-06-09T16:30:00Z,108.18,2918.25
2024-06-09T17:00:00Z,108.0,3081.0
2024-06-09T17:30:00Z,108.22,2672.95
2024-06-09T18:00:00Z,110.07,2571.65
2024-06-09T18:30:00Z,106.52,2524.35
2024-06-09T19:00:00Z,113.27,2568.95
2024-06-09T19:30:00Z,107.97,2697.8
2024-06-09T20:00:00Z,103.65,1873.9
2024-06-09T20:30:00Z,96.84,1864.3
2024-06-09T21:00:00Z,81.74,1844.05
2024-06-09T21:30:00Z,83.44000000000001,1846.1
2024-06-09T22:00:00Z,67.05,1409.65
2024-06-09T22:30:00Z,53.199999999999996,1376.0
2024-06-09T23:00:00Z,42.59,1100.2
2024-06-09T23:30:00Z,25.32,1527.1
2024-06-10T00:00:00Z,27.94,1658.8
2024-06-10T00:30:00Z,30.97,1975.05
2024-06-10T01:00:00Z,28.01,1800.35
2024-06-10T01:30:00Z,22.58,1952.3
2024-06-10T02:00:00Z,13.37,2006.95
2024-06-10T02:30:00Z,9.86,1811.8
2024-06-10T03:00:00Z,5.14,2608.45
2024-06-10T03:30:00Z,-7.010000000000001,2545.9
2024-06-10T04:00:00Z,12.33,2532.05
2024-06-10T04:30:00Z,20.09,2602.95
2024-06-10T05:00:00Z,39.85,2889.2
2024-06-10T05:30:00Z,51.85,3140.1
2024-06-10T06:00:00Z,52.7,2354.9
2024-06-10T06:30:00Z,65.4,3123.5
2024-06-10T07:00:00Z,64.25,2666.4
2024-06-10T07:30:00Z,64.37,2819.7
2024-06-10T08:00:00Z,57.69,3098.0
2024-06-10T08:30:00Z,38.2,2702.4
2024-06-10T09:00:00Z,49.42,2802.2
2024-06-10T09:30:00Z,51.62,3444.1
2024-06-10T10:00:00Z,43.79,2550.8
2024-06-10T10:30:00Z,41.79,2688.95
2024-06-10T11:00:00Z,42.95,3197.9
2024-06-10T11:30:00Z,37.81,2824.95
2024-06-10T12:00:00Z,36.97,2661.55
2024-06-10T12:30:00Z,29.589999999999996,2667.55
2024-06-10T13:00:00Z,24.74,2949.95
2024-06-10T13:30:00Z,17.99,3013.65
2024-06-10T14:00:00Z,26.729999999999997,2660.35
2024-06-10T14:30:00Z,33.72,2829.2
2024-06-10T15:00:00Z,30.19,3054.95
2024-06-10T15:30:00Z,51.769999999999996,2932.7
2024-06-10T16:00:00Z,62.46,3053.75
2024-06-10T16:30:00Z,70.77,2977.2
2024-06-10T17:00:00Z,82.13,3452.05
2024-06-10T17:30:00Z,83.65,3135.35
2024-06-10T18:00:00Z,84.29,2344.55
2024-06-10T18:30:00Z,91.38,2230.1
2024-06-10T19:00:00Z,81.78,2243.05
2024-06-10T19:30:00Z,84.19,1826.3
2024-06-10T20:00:00Z,80.33,1675.4
2024-06-10T20:30:00Z,82.13,1563.2
2024-06-10T21:00:00Z,75.52,1760.4
2024-06-10T21:30:00Z,67.49,2060.0
2024-06-10T22:00:00Z,75.07,2375.6
2024-06-10T22:30:00Z,69.44,2301.95
2024-06-10T23:00:00Z,60.34,2264.0
2024-06-10T23:30:00Z,58.26,1973.75
2024-06-11T00:00:00Z,61.28000000000001,2369.2
2024-06-11T00:30:00Z,61.42,2175.25
2024-06-11T01:00:00Z,59.06000000000001,2233.9
2024-06-11T01:30:00Z,53.44,2133.5
2024-06-11T02:00:00Z,43.1,2077.25
2024-06-11T02:30:00Z,38.98,2295.65
2024-06-11T03:00:00Z,44.92,2929.5
2024-06-11T03:30:00Z,43.18,2451.6
2024-06-11T04:00:00Z,54.29,2129.35
2024-06-11T04:30:00Z,53.24,2494.0
2024-06-11T05:00:00Z,53.86,2395.75
2024-06-11T05:30:00Z,73.45,2490.1
2024-06-11T06:00:00Z,75.28,2911.4
2024-06-11T06:30:00Z,79.38,3331.85
2024-06-11T07:00:00Z,75.15,3073.8
2024-06-11T07:30:00Z,73.1,2991.25
2024-06-11T08:00:00Z,73.54,2578.6
2024-06-11T08:30:00Z,73.08,2548.05
2024-06-11T09:00:00Z,77.58,2588.05
2024-06-11T09:30:00Z,78.03,2735.25
2024-06-11T10:00:00Z,81.94,1993.85
2024-06-11T10:30:00Z,83.77,1788.15
2024-06-11T11:00:00Z,85.16,1950.5
2024-06-11T11:30:00Z,82.72,2102.9
2024-06-11T12:00:00Z,80.42,1705.3
2024-06-11T12:30:00Z,77.76,1963.7
2024-06-11T13:00:00Z,79.0,1957.95
2024-06-11T13:30:00Z,80.86,2487.45
2024-06-11T14:00:00Z,74.2,2482.55
2024-06-11T14:30:00Z,78.24,2256.75
2024-06-11T15:00:00Z,80.28,2269.8
2024-06-11T15:30:00Z,83.21000000000001,3184.25
2024-06-11T16:00:00Z,94.31,2195.35
2024-06-11T16:30:00Z,99.12,2426.35
2024-06-11T17:00:00Z,95.65,2636.25
2024-06-11T17:30:00Z,97.39,2419.1
2024-06-11T18:00:00Z,109.6,2405.1
2024-06-11T18:30:00Z,109.24,2190.3
2024-06-11T19:00:00Z,106.99,1914.4
2024-06-11T19:30:00Z,104.17,2158.05
2024-06-11T20:00:00Z,102.92,2313.15
2024-06-11T20:30:00Z,94.9,2345.25
2024-06-11T21:00:00Z,89.02,1983.2
2024-06-11T21:30:00Z,88.61,2251.2
2024-06-11T22:00:00Z,73.98,1167.25
2024-06-11T22:30:00Z,66.42,1300.7
2024-06-11T23:00:00Z,62.71,1162.5
2024-06-11T23:30:00Z,61.49,1359.85
2024-06-12T00:00:00Z,65.94,1700.0
2024-06-12T00:30:00Z,64.4,1532.9
2024-06-12T01:00:00Z,60.15,1167.7
2024-06-12T01:30:00Z,63.43,1622.5
2024-06-12T02:00:00Z,66.85,1309.8
2024-06-12T02:30:00Z,66.88,1346.7
2024-06-12T03:00:00Z,69.58,1369.8
2024-06-12T03:30:00Z,68.56,1641.0
2024-06-12T04:00:00Z,87.34,1793.0
2024-06-12T04:30:00Z,91.02999999999999,1643.45
2024-06-12T05:00:00Z,91.19999999999999,1752.85
2024-06-12T05:30:00Z,85.3,2208.15
2024-06-12T06:00:00Z,84.23,2439.4
2024-06-12T06:30:00Z,101.48,2223.5
2024-06-12T07:00:00Z,93.81,1575.5
2024-06-12T07:30:00Z,95.94,1663.05
2024-06-12T08:00:00Z,96.49,1780.25
2024-06-12T08:30:00Z,86.28,2063.3
2024-06-12T09:00:00Z,83.45,2213.3
2024-06-12T09:30:00Z,80.16,2382.65
2024-06-12T10:00:00Z,81.52,1990.85
2024-06-12T10:30:00Z,82.3,1995.8
2024-06-12T11:00:00Z,80.84,2084.35
2024-06-12T11:30:00Z,83.14,2081.6
2024-06-12T12:00:00Z,83.49,1707.85
2024-06-12T12:30:00Z,78.63,1876.55
2024-06-12T13:00:00Z,78.34,1721.55
2024-06-12T13:30:00Z,77.54,1866.45
2024-06-12T14:00:00Z,72.35,1673.3
2024-06-12T14:30:00Z,77.22,2006.75
2024-06-12T15:00:00Z,82.53,2132.05
2024-06-12T15:30:00Z,83.56,2054.8
2024-06-12T16:00:00Z,84.54,2180.95
2024-06-12T16:30:00Z,87.64,1777.8
2024-06-12T17:00:00Z,93.43,1715.05
2024-06-12T17:30:00Z,93.35,1622.1
2024-06-12T18:00:00Z,97.55,1967.95
2024-06-12T18:30:00Z,100.84999999999998,1837.15
2024-06-12T19:00:00Z,103.7,2095.1
2024-06-12T19:30:00Z,99.04,1886.5
2024-06-12T20:00:00Z,98.27,1530.85
2024-06-12T20:30:00Z,90.25,1494.85
2024-06-12T21:00:00Z,88.8,1415.5
2024-06-12T21:30:00Z,82.62,1628.0
2024-06-12T22:00:00Z,82.58,1268.65
2024-06-12T22:30:00Z,92.33000000000001,890.95
2024-06-12T23:00:00Z,81.07,1131.5
2024-06-12T23:30:00Z,76.46,1084.85
2024-06-13T00:00:00Z,79.8,1164.3
2024-06-13T00:30:00Z,78.61,1348.3
2024-06-13T01:00:00Z,77.74,1396.15
2024-06-13T01:30:00Z,76.2,1559.4
2024-06-13T02:00:00Z,74.6,1121.8
2024-06-13T02:30:00Z,75.93,1334.2
2024-06-13T03:00:00Z,83.69,1429.25
2024-06-13T03:30:00Z,81.87,1313.5
2024-06-13T04:00:00Z,87.03,1338.05
2024-06-13T04:30:00Z,91.99,1794.1
2024-06-13T05:00:00Z,91.85,1903.1
2024-06-13T05:30:00Z,98.27,1537.2
2024-06-13T06:00:00Z,85.58,1796.7
2024-06-13T06:30:00Z,86.67,2539.75
2024-06-13T07:00:00Z,96.6,1702.45
2024-06-13T07:30:00Z,97.89,1787.75
2024-06-13T08:00:00Z,94.4,2055.55
2024-06-13T08:30:00Z,87.62,2100.85
2024-06-13T09:00:00Z,79.11000000000001,1903.25
2024-06-13T09:30:00Z,84.75,1921.6
2024-06-13T10:00:00Z,90.44,2110.45
2024-06-13T10:30:00Z,89.0,2423.3
2024-06-13T11:00:00Z,93.66,2397.85
2024-06-13T11:30:00Z,89.19,2391.95
2024-06-13T12:00:00Z,74.56,2790.0
2024-06-13T12:30:00Z,72.01,2717.45
2024-06-13T13:00:00Z,71.3,2743.35
2024-06-13T13:30:00Z,70.89,3013.3
2024-06-13T14:00:00Z,63.24,1950.45
2024-06-13T14:30:00Z,72.92,2251.2
2024-06-13T15:00:00Z,70.46,2242.6
2024-06-13T15:30:00Z,73.38,2478.25
2024-06-13T16:00:00Z,88.26,2236.85
2024-06-13T16:30:00Z,92.43,2228.95
2024-06-13T17:00:00Z,105.32,2375.1
2024-06-13T17:30:00Z,103.8,2259.15
2024-06-13T18:00:00Z,102.14,2278.5
2024-06-13T18:30:00Z,96.29,2460.95
2024-06-13T19:00:00Z,95.34,2356.75
2024-06-13T19:30:00Z,89.45,2357.0
2024-06-13T20:00:00Z,85.83,2628.55
2024-06-13T20:30:00Z,80.32,2745.4
2024-06-13T21:00:00Z,82.2,2550.95
2024-06-13T21:30:00Z,74.63,2439.65
2024-06-13T22:00:00Z,62.25,1762.35
2024-06-13T22:30:00Z,43.43,2149.85
2024-06-13T23:00:00Z,59.31,2718.65
2024-06-13T23:30:00Z,64.07,2511.7
2024-06-14T00:00:00Z,45.7,2712.15
2024-06-14T00:30:00Z,49.650000000000006,2852.85
2024-06-14T01:00:00Z,64.44,2676.0
2024-06-14T01:30:00Z,63.83,2888.5
2024-06-14T02:00:00Z,66.88,2368.6
2024-06-14T02:30:00Z,68.69,2472.7
2024-06-14T03:00:00Z,69.48,2251.25
2024-06-14T03:30:00Z,69.66,2114.15
2024-06-14T04:00:00Z,67.36,2132.9
2024-06-14T04:30:00Z,80.75,2106.0
2024-06-14T05:00:00Z,76.65,2437.5
2024-06-14T05:30:00Z,98.13,2338.75
2024-06-14T06:00:00Z,95.1,2507.1
2024-06-14T06:30:00Z,98.68,2496.65
2024-06-14T07:00:00Z,91.99,2136.45
2024-06-14T07:30:00Z,93.36,2330.2
2024-06-14T08:00:00Z,92.96,2390.95
2024-06-14T08:30:00Z,94.53,2265.35
2024-06-14T09:00:00Z,91.92,2407.4
2024-06-14T09:30:00Z,89.44,2649.65
2024-06-14T10:00:00Z,81.22,2754.55
2024-06-14T10:30:00Z,77.36,2720.3
2024-06-14T11:00:00Z,83.32,3532.9
2024-06-14T11:30:00Z,82.7,3132.6
2024-06-14T12:00:00Z,78.13,2594.15
2024-06-14T12:30:00Z,64.98,2971.55
2024-06-14T13:00:00Z,61.76,3011.7
2024-06-14T13:30:00Z,61.31,3162.95
2024-06-14T14:00:00Z,58.519999999999996,2788.75
2024-06-14T14:30:00Z,72.55,2798.35
2024-06-14T15:00:00Z,73.82,2851.5
2024-06-14T15:30:00Z,81.33,3616.6
2024-06-14T16:00:00Z,82.44,2275.6
2024-06-14T16:30:00Z,92.27,2202.9
2024-06-14T17:00:00Z,103.64,2414.5
2024-06-14T17:30:00Z,103.97,2452.65
2024-06-14T18:00:00Z,112.4,2920.8
2024-06-14T18:30:00Z,112.97,3214.45
2024-06-14T19:00:00Z,111.56,3289.1
2024-06-14T19:30:00Z,111.89,3271.9
2024-06-14T20:00:00Z,99.56,3312.4
2024-06-14T20:30:00Z,98.2,3291.25
2024-06-14T21:00:00Z,105.39,2831.35
2024-06-14T21:30:00Z,107.07,2920.8
2024-06-14T22:00:00Z,104.19,2711.6
2024-06-14T22:30:00Z,99.39,2570.25
2024-06-14T23:00:00Z,90.34,2625.2
2024-06-14T23:30:00Z,91.92,2380.9
2024-06-15T00:00:00Z,86.08,1797.25
2024-06-15T00:30:00Z,80.07,2098.8
2024-06-15T01:00:00Z,78.36,1946.6
2024-06-15T01:30:00Z,79.6,1712.4
2024-06-15T02:00:00Z,82.31,1196.85
2024-06-15T02:30:00Z,87.3,1309.55
2024-06-15T03:00:00Z,88.85,1316.1
2024-06-15T03:30:00Z,89.03,1227.8
2024-06-15T04:00:00Z,90.56,1483.1
2024-06-15T04:30:00Z,88.53,1490.0
2024-06-15T05:00:00Z,86.13,1602.95
2024-06-15T05:30:00Z,92.04,1483.75
2024-06-15T06:00:00Z,101.24,1991.5
2024-06-15T06:30:00Z,102.5,1973.65
2024-06-15T07:00:00Z,98.83,2527.8
2024-06-15T07:30:00Z,100.2,2374.2
2024-06-15T08:00:00Z,104.73,2529.55
2024-06-15T08:30:00Z,105.44,2535.75
2024-06-15T09:00:00Z,105.38,2576.75
2024-06-15T09:30:00Z,105.49,3020.85
2024-06-15T10:00:00Z,100.87000000000002,2769.05
2024-06-15T10:30:00Z,97.29,2873.8
2024-06-15T11:00:00Z,96.76,2779.05
2024-06-15T11:30:00Z,95.87,3094.8
2024-06-15T12:00:00Z,94.89,3074.65
2024-06-15T12:30:00Z,92.73,3014.15
2024-06-15T13:00:00Z,87.28,3369.7
2024-06-15T13:30:00Z,81.79,3502.9
2024-06-15T14:00:00Z,73.78,3152.35
2024-06-15T14:30:00Z,83.95,3718.5
2024-06-15T15:00:00Z,86.67,3235.7
2024-06-15T15:30:00Z,90.04,3038.2
2024-06-15T16:00:00Z,98.72,2551.1
2024-06-15T16:30:00Z,100.93,2586.1
2024-06-15T17:00:00Z,100.61000000000001,2821.25
2024-06-15T17:30:00Z,99.53,2454.95
2024-06-15T18:00:00Z,103.56,1517.3
2024-06-15T18:30:00Z,102.8,1711.55
2024-06-15T19:00:00Z,100.68999999999998,1654.2
2024-06-15T19:30:00Z,99.14,1546.2
2024-06-15T20:00:00Z,100.5,1405.15
2024-06-15T20:30:00Z,97.74,1270.0
2024-06-15T21:00:00Z,104.31000000000002,1490.65
2024-06-15T21:30:00Z,91.63000000000001,1709.15
2024-06-15T22:00:00Z,81.65,1408.3
2024-06-15T22:30:00Z,74.19,1256.9
2024-06-15T23:00:00Z,62.15,1303.85
2024-06-15T23:30:00Z,40.09,1437.55
2024-06-16T00:00:00Z,29.49,1482.9
2024-06-16T00:30:00Z,24.97,1223.65
2024-06-16T01:00:00Z,7.710000000000001,1109.1
2024-06-16T01:30:00Z,2.43,1113.1
2024-06-16T02:00:00Z,10.12,1378.95
2024-06-16T02:30:00Z,1.35,1341.55
2024-06-16T03:00:00Z,-1.47,1400.45
2024-06-16T03:30:00Z,-5.36,1372.1
2024-06-16T04:00:00Z,-2.9499999999999997,1565.15
2024-06-16T04:30:00Z,-4.2,1443.95
2024-06-16T05:00:00Z,-4.92,1315.7
2024-06-16T05:30:00Z,-7.66,1526.15
2024-06-16T06:00:00Z,-14.28,1442.95
2024-06-16T06:30:00Z,-11.35,1648.2
2024-06-16T07:00:00Z,-4.31,2152.4
2024-06-16T07:30:00Z,1.36,2592.6
2024-06-16T08:00:00Z,-7.78,2088.8
2024-06-16T08:30:00Z,-1.44,2169.2
2024-06-16T09:00:00Z,-3.41,1951.05
2024-06-16T09:30:00Z,-2.89,1852.2
2024-06-16T10:00:00Z,13.25,2246.8
2024-06-16T10:30:00Z,6.800000000000001,1900.4
2024-06-16T11:00:00Z,12.63,2097.05
2024-06-16T11:30:00Z,27.47,2156.9
2024-06-16T12:00:00Z,21.7,2254.55
2024-06-16T12:30:00Z,9.47,2444.5
2024-06-16T13:00:00Z,3.7,2485.7
2024-06-16T13:30:00Z,1.56,2449.7
2024-06-16T14:00:00Z,-2.18,2485.6
2024-06-16T14:30:00Z,4.54,2264.1
2024-06-16T15:00:00Z,6.6899999999999995,2860.45
2024-06-16T15:30:00Z,18.86,2866.6
2024-06-16T16:00:00Z,42.81,3084.0
2024-06-16T16:30:00Z,41.1,3058.85
2024-06-16T17:00:00Z,59.78,3247.85
2024-06-16T17:30:00Z,60.98,3028.85
2024-06-16T18:00:00Z,86.07,2626.2
2024-06-16T18:30:00Z,86.44,2815.15
2024-06-16T19:00:00Z,87.0,2818.0
2024-06-16T19:30:00Z,89.23,2990.85
2024-06-16T20:00:00Z,93.26,2643.8
2024-06-16T20:30:00Z,94.72,2522.85
2024-06-16T21:00:00Z,96.93,2331.0
2024-06-16T21:30:00Z,88.21,2428.05
2024-06-16T22:00:00Z,92.99,1759.0
2024-06-16T22:30:00Z,82.16999999999999,1631.15
2024-06-16T23:00:00Z,59.06999999999999,1537.1
2024-06-16T23:30:00Z,61.33,1708.0
2024-06-17T00:00:00Z,65.77,1668.0
2024-06-17T00:30:00Z,71.18,1538.9
2024-06-17T01:00:00Z,77.07999999999998,1727.5
2024-06-17T01:30:00Z,77.89,1788.95
2024-06-17T02:00:00Z,80.76,1549.55
2024-06-17T02:30:00Z,83.33999999999999,1575.45
2024-06-17T03:00:00Z,84.73,1510.05
2024-06-17T03:30:00Z,83.25,1879.6
2024-06-17T04:00:00Z,102.56,1664.4
2024-06-17T04:30:00Z,102.12,1478.0
2024-06-17T05:00:00Z,99.74,2069.35
2024-06-17T05:30:00Z,101.46000000000001,1795.25
2024-06-17T06:00:00Z,101.09,2058.25
2024-06-17T06:30:00Z,108.75,1993.9
2024-06-17T07:00:00Z,103.88000000000001,1751.0
2024-06-17T07:30:00Z,100.47,1825.45
2024-06-17T08:00:00Z,96.62,2023.4
2024-06-17T08:30:00Z,93.23,1910.85
2024-06-17T09:00:00Z,86.89,2316.3
2024-06-17T09:30:00Z,88.1,2473.75
2024-06-17T10:00:00Z,93.28,2253.9
2024-06-17T10:30:00Z,91.82,2298.95
2024-06-17T11:00:00Z,93.28,1933.25
2024-06-17T11:30:00Z,91.85,2044.05
2024-06-17T12:00:00Z,89.43,2025.85
2024-06-17T12:30:00Z,87.04,2247.65
2024-06-17T13:00:00Z,79.72,2497.8
2024-06-17T13:30:00Z,78.09,2717.8
2024-06-17T14:00:00Z,81.85,2180.05
2024-06-17T14:30:00Z,82.78,2374.75
2024-06-17T15:00:00Z,78.48,2518.65
2024-06-17T15:30:00Z,81.13,2263.35
2024-06-17T16:00:00Z,94.2,2071.55
2024-06-17T16:30:00Z,95.75,2290.0
2024-06-17T17:00:00Z,99.7,2471.3
2024-06-17T17:30:00Z,98.33,2233.8
2024-06-17T18:00:00Z,111.55,2165.9
2024-06-17T18:30:00Z,111.52,1919.15
2024-06-17T19:00:00Z,111.41,2004.4
2024-06-17T19:30:00Z,105.83,1895.4
2024-06-17T20:00:00Z,100.65,1994.25
2024-06-17T20:30:00Z,100.49,2020.55
2024-06-17T21:00:00Z,95.92,1769.25
2024-06-17T21:30:00Z,88.59,2088.2
2024-06-17T22:00:00Z,74.73,1472.6
2024-06-17T22:30:00Z,93.49,1013.7
2024-06-17T23:00:00Z,97.08,804.05
2024-06-17T23:30:00Z,92.21,1301.35
2024-06-18T00:00:00Z,84.41,1309.85
2024-06-18T00:30:00Z,82.19,1247.95
2024-06-18T01:00:00Z,78.47,1288.45
2024-06-18T01:30:00Z,75.6,1633.7
2024-06-18T02:00:00Z,81.93,1080.8
2024-06-18T02:30:00Z,75.88,1417.5
2024-06-18T03:00:00Z,76.05,1345.4
2024-06-18T03:30:00Z,72.32,1486.85
2024-06-18T04:00:00Z,75.06,1475.85
2024-06-18T04:30:00Z,75.94,1464.85
2024-06-18T05:00:00Z,84.3,1729.1
2024-06-18T05:30:00Z,93.73,1727.35
2024-06-18T06:00:00Z,83.6,1869.1
2024-06-18T06:30:00Z,95.0,1638.1
2024-06-18T07:00:00Z,92.38,1889.3
2024-06-18T07:30:00Z,84.94,1913.55
2024-06-18T08:00:00Z,88.81,2203.7
2024-06-18T08:30:00Z,83.88,1902.7
2024-06-18T09:00:00Z,76.45,2272.75
2024-06-18T09:30:00Z,77.25,2539.25
2024-06-18T10:00:00Z,79.34,2854.6
2024-06-18T10:30:00Z,73.96,3050.2
2024-06-18T11:00:00Z,82.29,3458.0
2024-06-18T11:30:00Z,83.67,3136.8
2024-06-18T12:00:00Z,86.79,2752.7
2024-06-18T12:30:00Z,85.65,2708.5
2024-06-18T13:00:00Z,85.93,2906.7
2024-06-18T13:30:00Z,83.71,2888.7
2024-06-18T14:00:00Z,86.7,2066.25
2024-06-18T14:30:00Z,96.15,2237.8
2024-06-18T15:00:00Z,96.67,2490.45
2024-06-18T15:30:00Z,97.87,2372.35
2024-06-18T16:00:00Z,105.73,2461.8
2024-06-18T16:30:00Z,103.92,2749.8
2024-06-18T17:00:00Z,110.86,2408.85
2024-06-18T17:30:00Z,109.03,2429.45
2024-06-18T18:00:00Z,99.26000000000002,2885.5
2024-06-18T18:30:00Z,102.69,2936.15
2024-06-18T19:00:00Z,103.2,2929.0
2024-06-18T19:30:00Z,100.94,3030.8
2024-06-18T20:00:00Z,92.66,2532.7
2024-06-18T20:30:00Z,89.56,2061.1
2024-06-18T21:00:00Z,86.04,2039.05
2024-06-18T21:30:00Z,85.28,2313.25
2024-06-18T22:00:00Z,73.46,1266.7
2024-06-18T22:30:00Z,95.23,1071.6
2024-06-18T23:00:00Z,89.86,1214.7
2024-06-18T23:30:00Z,84.24,1210.0
2024-06-19T00:00:00Z,81.49,1047.15
2024-06-19T00:30:00Z,78.74,1220.4
2024-06-19T01:00:00Z,77.69,1229.5
2024-06-19T01:30:00Z,74.57,1174.6
2024-06-19T02:00:00Z,71.17,1255.45
2024-06-19T02:30:00Z,76.15,1281.55
2024-06-19T03:00:00Z,78.67,1242.85
2024-06-19T03:30:00Z,78.69,1552.15
2024-06-19T04:00:00Z,92.96,1261.45
2024-06-19T04:30:00Z,97.49,1466.65
2024-06-19T05:00:00Z,89.4,1956.4
2024-06-19T05:30:00Z,84.48,2166.8
2024-06-19T06:00:00Z,83.22,2171.65
2024-06-19T06:30:00Z,97.69,1964.35
2024-06-19T07:00:00Z,96.82999999999998,1711.5
2024-06-19T07:30:00Z,95.19,1826.75
2024-06-19T08:00:00Z,88.2,1998.95
2024-06-19T08:30:00Z,88.45,2387.8
2024-06-19T09:00:00Z,93.3,2320.55
2024-06-19T09:30:00Z,88.56,2430.95
2024-06-19T10:00:00Z,72.45,1970.3
2024-06-19T10:30:00Z,68.44,2010.0
2024-06-19T11:00:00Z,71.6,1886.0
2024-06-19T11:30:00Z,69.72,1692.1
2024-06-19T12:00:00Z,66.36,2220.55
2024-06-19T12:30:00Z,68.29,1971.55
2024-06-19T13:00:00Z,66.92,2038.55
2024-06-19T13:30:00Z,65.96,2286.8
2024-06-19T14:00:00Z,69.61,2088.55
2024-06-19T14:30:00Z,70.21,2205.4
2024-06-19T15:00:00Z,70.79,2031.5
2024-06-19T15:30:00Z,76.02,2172.0
2024-06-19T16:00:00Z,80.72,1835.45
2024-06-19T16:30:00Z,77.84,1946.3
2024-06-19T17:00:00Z,77.63,1833.85
2024-06-19T17:30:00Z,78.27,2043.25
2024-06-19T18:00:00Z,96.31,1733.8
2024-06-19T18:30:00Z,99.8,1647.0
2024-06-19T19:00:00Z,101.74,1631.5
2024-06-19T19:30:00Z,99.86,1655.55
2024-06-19T20:00:00Z,96.44,2129.4
2024-06-19T20:30:00Z,93.25,1570.0
2024-06-19T21:00:00Z,84.8,1071.55
2024-06-19T21:30:00Z,78.06,1209.3
2024-06-19T22:00:00Z,70.73,1004.05
2024-06-19T22:30:00Z,74.84,856.55
2024-06-19T23:00:00Z,74.15,945.55
2024-06-19T23:30:00Z,73.82,1090.05
2024-06-20T00:00:00Z,71.95,1206.1
2024-06-20T00:30:00Z,73.4,1362.95
2024-06-20T01:00:00Z,73.72,1220.4
2024-06-20T01:30:00Z,71.79,1304.75
2024-06-20T02:00:00Z,73.62,1321.1
2024-06-20T02:30:00Z,82.82,1684.5
2024-06-20T03:00:00Z,89.01,1631.9
2024-06-20T03:30:00Z,87.84999999999998,1764.1
2024-06-20T04:00:00Z,98.07,1531.45
2024-06-20T04:30:00Z,99.93,1513.05
2024-06-20T05:00:00Z,89.23,1844.05
2024-06-20T05:30:00Z,99.33,2279.0
2024-06-20T06:00:00Z,98.89,2250.05
2024-06-20T06:30:00Z,104.5,2281.0
2024-06-20T07:00:00Z,94.62999999999998,1739.6
2024-06-20T07:30:00Z,90.18,1838.05
2024-06-20T08:00:00Z,89.37,1815.15
2024-06-20T08:30:00Z,85.9,1664.45
2024-06-20T09:00:00Z,84.37000000000002,1699.8
2024-06-20T09:30:00Z,78.74,1780.35
2024-06-20T10:00:00Z,70.79,1869.9
2024-06-20T10:30:00Z,70.61000000000001,1940.55
2024-06-20T11:00:00Z,71.46,1927.25
2024-06-20T11:30:00Z,71.48,1860.0
2024-06-20T12:00:00Z,74.77,1877.55
2024-06-20T12:30:00Z,74.05,2056.9
2024-06-20T13:00:00Z,77.92,2829.5
2024-06-20T13:30:00Z,74.74,2618.95
2024-06-20T14:00:00Z,71.83,1767.2
2024-06-20T14:30:00Z,76.95,2160.9
2024-06-20T15:00:00Z,77.72,2208.8
2024-06-20T15:30:00Z,77.59,2572.0
2024-06-20T16:00:00Z,82.76,1879.2
2024-06-20T16:30:00Z,84.86,2070.35
2024-06-20T17:00:00Z,95.26,1986.7
2024-06-20T17:30:00Z,93.52,2331.8
2024-06-20T18:00:00Z,99.23,1826.65
2024-06-20T18:30:00Z,101.24,1880.15
2024-06-20T19:00:00Z,101.95,1554.1
2024-06-20T19:30:00Z,101.24,1568.7
2024-06-20T20:00:00Z,103.03,1722.4
2024-06-20T20:30:00Z,93.87,1591.05
2024-06-20T21:00:00Z,89.32,1836.95
2024-06-20T21:30:00Z,82.16,1783.7
2024-06-20T22:00:00Z,79.91,1550.0
2024-06-20T22:30:00Z,89.46,1283.0
2024-06-20T23:00:00Z,83.61,1262.75
2024-06-20T23:30:00Z,82.74,1057.05
2024-06-21T00:00:00Z,86.2,1261.7
2024-06-21T00:30:00Z,85.7,1212.4
2024-06-21T01:00:00Z,82.08,1206.2
2024-06-21T01:30:00Z,75.57,1338.35
2024-06-21T02:00:00Z,71.94,964.15
2024-06-21T02:30:00Z,69.58,877.0
2024-06-21T03:00:00Z,71.46,1077.8
2024-06-21T03:30:00Z,68.36,989.2
2024-06-21T04:00:00Z,83.78,895.95
2024-06-21T04:30:00Z,85.96,1038.75
2024-06-21T05:00:00Z,88.92,1110.5
2024-06-21T05:30:00Z,100.21,1342.2
2024-06-21T06:00:00Z,100.01000000000002,2872.55
2024-06-21T06:30:00Z,104.32,2925.45
2024-06-21T07:00:00Z,98.15,2756.3
2024-06-21T07:30:00Z,95.32000000000001,2892.0
2024-06-21T08:00:00Z,91.12,3060.55
2024-06-21T08:30:00Z,86.95,2549.9
2024-06-21T09:00:00Z,86.62999999999998,3225.55
2024-06-21T09:30:00Z,82.63,3625.9
2024-06-21T10:00:00Z,75.93,2865.25
2024-06-21T10:30:00Z,80.42,3296.75
2024-06-21T11:00:00Z,79.81,2848.9
2024-06-21T11:30:00Z,78.37,2503.9
2024-06-21T12:00:00Z,80.13,2647.5
2024-06-21T12:30:00Z,75.9,2730.05
2024-06-21T13:00:00Z,77.9,2859.3
2024-06-21T13:30:00Z,77.35,2735.8
2024-06-21T14:00:00Z,76.7,2635.0
2024-06-21T14:30:00Z,74.95,2661.05
2024-06-21T15:00:00Z,72.69,2722.15
2024-06-21T15:30:00Z,75.98,2854.2
2024-06-21T16:00:00Z,80.01,2535.7
2024-06-21T16:30:00Z,86.08,2553.3
2024-06-21T17:00:00Z,94.96,2714.05
2024-06-21T17:30:00Z,94.99,2643.05
2024-06-21T18:00:00Z,96.1,2515.3
2024-06-21T18:30:00Z,94.02,2547.15
2024-06-21T19:00:00Z,93.31,2272.5
2024-06-21T19:30:00Z,92.37,2292.45
2024-06-21T20:00:00Z,88.94,2236.0
2024-06-21T20:30:00Z,93.48,2069.6
2024-06-21T21:00:00Z,95.8,1954.75
2024-06-21T21:30:00Z,91.49999999999999,1683.3
2024-06-21T22:00:00Z,81.92,1528.4
2024-06-21T22:30:00Z,84.57,1373.0
2024-06-21T23:00:00Z,76.2,1095.15
2024-06-21T23:30:00Z,68.56,1345.65
2024-06-22T00:00:00Z,71.58,1057.15
2024-06-22T00:30:00Z,66.7,1311.05
2024-06-22T01:00:00Z,67.51,1179.1
2024-06-22T01:30:00Z,68.33,1084.1
2024-06-22T02:00:00Z,66.2,834.8
2024-06-22T02:30:00Z,66.31,1149.7
2024-06-22T03:00:00Z,59.18,1185.2
2024-06-22T03:30:00Z,60.04,1076.3
2024-06-22T04:00:00Z,62.4,1086.6
2024-06-22T04:30:00Z,60.44,984.45
2024-06-22T05:00:00Z,63.45,1178.15
2024-06-22T05:30:00Z,66.45,1107.85
2024-06-22T06:00:00Z,71.33,1295.6
2024-06-22T06:30:00Z,69.73,1145.2
2024-06-22T07:00:00Z,80.53,1663.4
2024-06-22T07:30:00Z,91.07,1615.1
2024-06-22T08:00:00Z,93.90000000000002,1781.0
2024-06-22T08:30:00Z,88.33,1821.7
2024-06-22T09:00:00Z,85.81,1743.25
2024-06-22T09:30:00Z,84.08,1820.55
2024-06-22T10:00:00Z,83.2,1363.45
2024-06-22T10:30:00Z,77.82,1370.15
2024-06-22T11:00:00Z,85.04,1270.15
2024-06-22T11:30:00Z,82.91,1555.9
2024-06-22T12:00:00Z,73.35,1504.95
2024-06-22T12:30:00Z,71.31,1553.6
2024-06-22T13:00:00Z,72.25,1764.7
2024-06-22T13:30:00Z,62.42,1767.35
2024-06-22T14:00:00Z,55.67,1817.4
2024-06-22T14:30:00Z,48.12,2140.1
2024-06-22T15:00:00Z,50.22,1841.35
2024-06-22T15:30:00Z,70.41,2328.25
2024-06-22T16:00:00Z,70.09,2264.6
2024-06-22T16:30:00Z,74.89,1679.6
2024-06-22T17:00:00Z,79.13,2208.0
2024-06-22T17:30:00Z,78.95,2197.25
2024-06-22T18:00:00Z,86.6,1982.2
2024-06-22T18:30:00Z,88.72,2188.25
2024-06-22T19:00:00Z,93.42000000000002,1965.0
2024-06-22T19:30:00Z,89.36,2037.0
2024-06-22T20:00:00Z,87.23,1527.15
2024-06-22T20:30:00Z,82.15,1533.95
2024-06-22T21:00:00Z,81.32,1520.3
2024-06-22T21:30:00Z,77.81,1688.75
2024-06-22T22:00:00Z,78.3,1261.6
2024-06-22T22:30:00Z,76.31,1234.8
2024-06-22T23:00:00Z,68.33,1142.1
2024-06-22T23:30:00Z,66.92,1031.45
2024-06-23T00:00:00Z,72.68,1093.95
2024-06-23T00:30:00Z,69.6,1296.65
2024-06-23T01:00:00Z,68.8,1269.4
2024-06-23T01:30:00Z,70.95,1185.15
2024-06-23T02:00:00Z,64.28,1179.2
2024-06-23T02:30:00Z,64.23,1020.85
2024-06-23T03:00:00Z,65.35,1242.25
2024-06-23T03:30:00Z,66.1,1112.6
2024-06-23T04:00:00Z,64.35,1211.15
2024-06-23T04:30:00Z,69.38,1143.0
2024-06-23T05:00:00Z,55.26,1047.95
2024-06-23T05:30:00Z,60.68,1086.0
2024-06-23T06:00:00Z,67.98,1546.15
2024-06-23T06:30:00Z,61.81000000000001,1506.05
2024-06-23T07:00:00Z,75.18,1365.55
2024-06-23T07:30:00Z,88.31,1627.9
2024-06-23T08:00:00Z,89.13,1648.55
2024-06-23T08:30:00Z,83.26,1666.15
2024-06-23T09:00:00Z,73.44,1593.6
2024-06-23T09:30:00Z,69.66,1802.65
2024-06-23T10:00:00Z,75.74,1281.15
2024-06-23T10:30:00Z,74.84,1286.35
2024-06-23T11:00:00Z,77.08,1142.5
2024-06-23T11:30:00Z,75.55,1165.5
2024-06-23T12:00:00Z,74.07,1258.8
2024-06-23T12:30:00Z,72.6,1521.75
2024-06-23T13:00:00Z,70.97,1532.9
2024-06-23T13:30:00Z,69.46,1641.3
2024-06-23T14:00:00Z,69.67,1072.8
2024-06-23T14:30:00Z,69.87,1175.55
2024-06-23T15:00:00Z,69.14,1370.3
2024-06-23T15:30:00Z,67.27,1456.55
2024-06-23T16:00:00Z,66.13,1136.95
2024-06-23T16:30:00Z,67.94,1019.5
2024-06-23T17:00:00Z,66.94,1214.95
2024-06-23T17:30:00Z,65.82,1131.3
2024-06-23T18:00:00Z,89.01,1676.85
2024-06-23T18:30:00Z,90.89,1864.3
2024-06-23T19:00:00Z,95.0,1874.95
2024-06-23T19:30:00Z,94.46,1742.8
2024-06-23T20:00:00Z,95.73,1513.1
2024-06-23T20:30:00Z,94.76,1372.7
2024-06-23T21:00:00Z,91.71,1198.9
2024-06-23T21:30:00Z,83.65,1493.65
2024-06-23T22:00:00Z,85.81000000000002,866.6
2024-06-23T22:30:00Z,98.98,1324.35
2024-06-23T23:00:00Z,77.54,965.7
2024-06-23T23:30:00Z,66.82,900.55
2024-06-24T00:00:00Z,70.82,1242.5
2024-06-24T00:30:00Z,68.18,1160.25
2024-06-24T01:00:00Z,70.36,1064.3
2024-06-24T01:30:00Z,69.72,1033.8
2024-06-24T02:00:00Z,71.96,921.4
2024-06-24T02:30:00Z,68.93,959.6
2024-06-24T03:00:00Z,78.26,1029.0
2024-06-24T03:30:00Z,76.08,1150.95
2024-06-24T04:00:00Z,89.56,1092.55
2024-06-24T04:30:00Z,87.41,1189.95
2024-06-24T05:00:00Z,83.66,1277.65
2024-06-24T05:30:00Z,98.52,1344.55
2024-06-24T06:00:00Z,68.0,1018.1
2024-06-24T06:30:00Z,89.92,1144.6
2024-06-24T07:00:00Z,86.07,966.05
2024-06-24T07:30:00Z,81.64,1012.6
2024-06-24T08:00:00Z,83.94,995.35
2024-06-24T08:30:00Z,75.26,1191.6
2024-06-24T09:00:00Z,76.76,1389.45
2024-06-24T09:30:00Z,73.27,1288.15
2024-06-24T10:00:00Z,76.49,1549.9
2024-06-24T10:30:00Z,82.08999999999999,1664.3
2024-06-24T11:00:00Z,80.41,1683.9
2024-06-24T11:30:00Z,73.06,1599.1
2024-06-24T12:00:00Z,71.64999999999999,1874.15
2024-06-24T12:30:00Z,68.43,1820.35
2024-06-24T13:00:00Z,70.22,2253.5
2024-06-24T13:30:00Z,66.09,2153.2
2024-06-24T14:00:00Z,70.84,1573.95
2024-06-24T14:30:00Z,71.51,1786.45
2024-06-24T15:00:00Z,65.59,2140.8
2024-06-24T15:30:00Z,69.33,2210.6
2024-06-24T16:00:00Z,73.09,1880.4
2024-06-24T16:30:00Z,71.58,1696.9
2024-06-24T17:00:00Z,101.63,2348.45
2024-06-24T17:30:00Z,101.91,2007.0
2024-06-24T18:00:00Z,112.15,2387.25
2024-06-24T18:30:00Z,115.13,2453.65
2024-06-24T19:00:00Z,109.68,2045.3
2024-06-24T19:30:00Z,107.5,2105.4
2024-06-24T20:00:00Z,109.39,2712.0
2024-06-24T20:30:00Z,102.47,2531.45
2024-06-24T21:00:00Z,90.04,2238.2
2024-06-24T21:30:00Z,83.18,2453.05
2024-06-24T22:00:00Z,83.18,1221.6
2024-06-24T22:30:00Z,75.25,1138.9
2024-06-24T23:00:00Z,73.78999999999999,904.8
2024-06-24T23:30:00Z,69.08,947.1
2024-06-25T00:00:00Z,75.84,1434.75
2024-06-25T00:30:00Z,72.18,1284.1
2024-06-25T01:00:00Z,72.12,1248.5
2024-06-25T01:30:00Z,71.71,1290.7
2024-06-25T02:00:00Z,68.17,846.25
2024-06-25T02:30:00Z,68.51,751.45
2024-06-25T03:00:00Z,73.99,867.35
2024-06-25T03:30:00Z,73.24,892.8
2024-06-25T04:00:00Z,92.2,1458.7
2024-06-25T04:30:00Z,89.87,1781.75
2024-06-25T05:00:00Z,86.96,1560.9
2024-06-25T05:30:00Z,100.22,1611.6
2024-06-25T06:00:00Z,82.8,1488.0
2024-06-25T06:30:00Z,94.59,2074.8
2024-06-25T07:00:00Z,100.78,1545.65
2024-06-25T07:30:00Z,94.23,1699.2
2024-06-25T08:00:00Z,84.41,1719.35
2024-06-25T08:30:00Z,76.79,1304.25
2024-06-25T09:00:00Z,73.4,1171.05
2024-06-25T09:30:00Z,72.25,1692.25
2024-06-25T10:00:00Z,67.8,1344.95
2024-06-25T10:30:00Z,66.76,1586.15
2024-06-25T11:00:00Z,65.76,1822.4
2024-06-25T11:30:00Z,64.48,1615.6
2024-06-25T12:00:00Z,72.11,2518.4
2024-06-25T12:30:00Z,69.94,2365.75
2024-06-25T13:00:00Z,70.33,2966.95
2024-06-25T13:30:00Z,74.72,2781.45
2024-06-25T14:00:00Z,70.41,2119.75
2024-06-25T14:30:00Z,69.35,2232.1
2024-06-25T15:00:00Z,69.66,2111.25
2024-06-25T15:30:00Z,69.96,1949.6
2024-06-25T16:00:00Z,70.55,2083.0
2024-06-25T16:30:00Z,79.84,2644.45
2024-06-25T17:00:00Z,78.99,2724.85
2024-06-25T17:30:00Z,85.6,2708.05
2024-06-25T18:00:00Z,103.05,2037.8
2024-06-25T18:30:00Z,105.34,2077.55
2024-06-25T19:00:00Z,103.52,2275.85
2024-06-25T19:30:00Z,101.0,2082.4
2024-06-25T20:00:00Z,99.01999999999998,1761.9
2024-06-25T20:30:00Z,94.26,1753.8
2024-06-25T21:00:00Z,90.66,1546.25
2024-06-25T21:30:00Z,83.93,1739.6
2024-06-25T22:00:00Z,85.59,2096.2
2024-06-25T22:30:00Z,85.08999999999999,1833.25
2024-06-25T23:00:00Z,82.65,2179.5
2024-06-25T23:30:00Z,81.22,2270.65
2024-06-26T00:00:00Z,85.94,2015.75
2024-06-26T00:30:00Z,84.92,2315.2
2024-06-26T01:00:00Z,80.06,2453.9
2024-06-26T01:30:00Z,77.1,2453.3
2024-06-26T02:00:00Z,78.3,2155.25
2024-06-26T02:30:00Z,78.85,2290.0
2024-06-26T03:00:00Z,78.53,2438.55
2024-06-26T03:30:00Z,77.14,2344.9
2024-06-26T04:00:00Z,95.1,1972.45
2024-06-26T04:30:00Z,98.21,2025.15
2024-06-26T05:00:00Z,98.45,2094.0
2024-06-26T05:30:00Z,106.37,2346.5
2024-06-26T06:00:00Z,101.46,1992.65
2024-06-26T06:30:00Z,106.28,2107.8
2024-06-26T07:00:00Z,103.21,1731.9
2024-06-26T07:30:00Z,104.59,1798.55
2024-06-26T08:00:00Z,96.26999999999998,1609.15
2024-06-26T08:30:00Z,83.84,1899.6
2024-06-26T09:00:00Z,72.11,2239.7
2024-06-26T09:30:00Z,73.18,2637.65
2024-06-26T10:00:00Z,68.53,2353.85
2024-06-26T10:30:00Z,63.38999999999999,2107.3
2024-06-26T11:00:00Z,66.95,2432.25
2024-06-26T11:30:00Z,68.72,2358.7
2024-06-26T12:00:00Z,65.54,2512.3
2024-06-26T12:30:00Z,66.05,2811.25
2024-06-26T13:00:00Z,68.02,2466.95
2024-06-26T13:30:00Z,64.37,2746.45
2024-06-26T14:00:00Z,67.4,2947.1
2024-06-26T14:30:00Z,78.82,2651.15
2024-06-26T15:00:00Z,74.58,3077.05
2024-06-26T15:30:00Z,71.31,3250.85
2024-06-26T16:00:00Z,88.45,3286.0
2024-06-26T16:30:00Z,89.63,3356.4
2024-06-26T17:00:00Z,96.19,3771.0
2024-06-26T17:30:00Z,97.89,3390.65
2024-06-26T18:00:00Z,97.26000000000002,3658.4
2024-06-26T18:30:00Z,95.75,3628.0
2024-06-26T19:00:00Z,97.33,3342.05
2024-06-26T19:30:00Z,93.36999999999999,3051.4
2024-06-26T20:00:00Z,100.43,2850.4
2024-06-26T20:30:00Z,87.45,2677.1
2024-06-26T21:00:00Z,77.6,2776.6
2024-06-26T21:30:00Z,79.79,3762.3
2024-06-26T22:00:00Z,79.69,2185.3
2024-06-26T22:30:00Z,80.56,1863.45
2024-06-26T23:00:00Z,78.43,2163.1
2024-06-26T23:30:00Z,83.07,1763.65
2024-06-27T00:00:00Z,80.41,1814.6
2024-06-27T00:30:00Z,78.68,1758.0
2024-06-27T01:00:00Z,80.67,1679.75
2024-06-27T01:30:00Z,76.37,1716.95
2024-06-27T02:00:00Z,80.05,1825.55
2024-06-27T02:30:00Z,79.15,1641.85
2024-06-27T03:00:00Z,77.89,1781.9
2024-06-27T03:30:00Z,78.85,1683.65
2024-06-27T04:00:00Z,91.21,2073.05
2024-06-27T04:30:00Z,93.83,2115.7
2024-06-27T05:00:00Z,102.04,1997.6
2024-06-27T05:30:00Z,104.89,2399.35
2024-06-27T06:00:00Z,100.46,2753.35
2024-06-27T06:30:00Z,101.31,2961.85
2024-06-27T07:00:00Z,84.95,2394.45
2024-06-27T07:30:00Z,78.47,2514.55
2024-06-27T08:00:00Z,71.1,3069.65
2024-06-27T08:30:00Z,62.17000000000001,2980.55
2024-06-27T09:00:00Z,58.22,3560.35
2024-06-27T09:30:00Z,36.06,3096.9
2024-06-27T10:00:00Z,27.18,2574.5
2024-06-27T10:30:00Z,13.8,2824.1
2024-06-27T11:00:00Z,30.11,3612.5
2024-06-27T11:30:00Z,26.5,3543.4
2024-06-27T12:00:00Z,15.24,3424.2
2024-06-27T12:30:00Z,6.180000000000001,2958.3
2024-06-27T13:00:00Z,19.31,3301.65
2024-06-27T13:30:00Z,22.79,3240.35
2024-06-27T14:00:00Z,28.43,2785.9
2024-06-27T14:30:00Z,36.04,2541.4
2024-06-27T15:00:00Z,21.79,2912.7
2024-06-27T15:30:00Z,44.74,3653.8
2024-06-27T16:00:00Z,45.16,3078.15
2024-06-27T16:30:00Z,46.7,3289.25
2024-06-27T17:00:00Z,68.65,3206.25
2024-06-27T17:30:00Z,69.93,3578.0
2024-06-27T18:00:00Z,80.94,3113.55
2024-06-27T18:30:00Z,73.63,2990.2
2024-06-27T19:00:00Z,69.07,2567.0
2024-06-27T19:30:00Z,68.03,2782.7
2024-06-27T20:00:00Z,61.74,2914.0
2024-06-27T20:30:00Z,47.66,2728.1
2024-06-27T21:00:00Z,45.43,2631.5
2024-06-27T21:30:00Z,35.42,2275.65
2024-06-27T22:00:00Z,10.03,1945.25
2024-06-27T22:30:00Z,-3.3300000000000005,1923.05
2024-06-27T23:00:00Z,-1.48,2014.0
2024-06-27T23:30:00Z,-6.21,1754.45
2024-06-28T00:00:00Z,-0.42,2043.45
2024-06-28T00:30:00Z,-5.41,2011.65
2024-06-28T01:00:00Z,-2.36,2166.5
2024-06-28T01:30:00Z,-2.48,2196.6
2024-06-28T02:00:00Z,-1.82,2001.7
2024-06-28T02:30:00Z,-5.34,2207.6
2024-06-28T03:00:00Z,0.33,2296.25
2024-06-28T03:30:00Z,-2.02,2129.6
2024-06-28T04:00:00Z,11.6,1945.35
2024-06-28T04:30:00Z,22.58,1887.25
2024-06-28T05:00:00Z,16.77,2155.9
2024-06-28T05:30:00Z,38.49,2470.6
2024-06-28T06:00:00Z,29.59,1771.05
2024-06-28T06:30:00Z,37.83,2083.95
2024-06-28T07:00:00Z,42.89,2814.45
2024-06-28T07:30:00Z,48.96,2643.25
2024-06-28T08:00:00Z,22.47,2736.8
2024-06-28T08:30:00Z,24.31,2871.4
2024-06-28T09:00:00Z,24.64,3407.5
2024-06-28T09:30:00Z,34.9,3221.6
2024-06-28T10:00:00Z,28.259999999999998,3001.65
2024-06-28T10:30:00Z,24.679999999999996,2870.8
2024-06-28T11:00:00Z,15.57,2690.6
2024-06-28T11:30:00Z,12.04,3312.35
2024-06-28T12:00:00Z,17.13,2760.2
2024-06-28T12:30:00Z,14.480000000000002,2849.8
2024-06-28T13:00:00Z,7.04,2943.95
2024-06-28T13:30:00Z,0.87,2989.9
2024-06-28T14:00:00Z,0.10999999999999999,2362.75
2024-06-28T14:30:00Z,12.77,2425.2
2024-06-28T15:00:00Z,-1.06,2743.5
2024-06-28T15:30:00Z,20.24,3167.0
2024-06-28T16:00:00Z,54.21,3179.5
2024-06-28T16:30:00Z,65.47,3220.65
2024-06-28T17:00:00Z,62.150000000000006,2656.5
2024-06-28T17:30:00Z,70.32,2890.35
2024-06-28T18:00:00Z,88.99,2294.95
2024-06-28T18:30:00Z,88.08,2482.65
2024-06-28T19:00:00Z,98.48,2456.15
2024-06-28T19:30:00Z,100.3,2236.55
2024-06-28T20:00:00Z,103.06,2656.8
2024-06-28T20:30:00Z,102.3,2965.75
2024-06-28T21:00:00Z,95.93,2391.35
2024-06-28T21:30:00Z,92.92,2555.8
2024-06-28T22:00:00Z,84.98,1302.85
2024-06-28T22:30:00Z,90.03,1380.65
2024-06-28T23:00:00Z,93.79,1222.45
2024-06-28T23:30:00Z,93.0,1262.0
2024-06-29T00:00:00Z,92.63,1222.75
2024-06-29T00:30:00Z,91.7,1214.15
2024-06-29T01:00:00Z,90.0,1394.4
2024-06-29T01:30:00Z,87.98,1384.1
2024-06-29T02:00:00Z,82.27,1073.75
2024-06-29T02:30:00Z,74.88,1151.95
2024-06-29T03:00:00Z,76.08,1063.8
2024-06-29T03:30:00Z,76.86,1038.15
2024-06-29T04:00:00Z,72.29,1220.95
2024-06-29T04:30:00Z,74.57,1170.1
2024-06-29T05:00:00Z,65.88,1101.1
2024-06-29T05:30:00Z,68.37,1336.0
2024-06-29T06:00:00Z,56.5,1392.35
2024-06-29T06:30:00Z,57.85,1354.1
2024-06-29T07:00:00Z,55.56,1606.3
2024-06-29T07:30:00Z,65.86,1795.95
2024-06-29T08:00:00Z,67.06,1802.3
2024-06-29T08:30:00Z,67.29,1885.55
2024-06-29T09:00:00Z,64.13,1678.95
2024-06-29T09:30:00Z,54.51,1987.25
2024-06-29T10:00:00Z,46.19,1634.5
2024-06-29T10:30:00Z,44.88,1714.65
2024-06-29T11:00:00Z,44.96,1685.5
2024-06-29T11:30:00Z,38.96,1910.55
2024-06-29T12:00:00Z,37.63,2062.55
2024-06-29T12:30:00Z,27.01,2102.05
2024-06-29T13:00:00Z,17.54,2373.7
2024-06-29T13:30:00Z,17.05,2322.1
2024-06-29T14:00:00Z,31.07,2993.55
2024-06-29T14:30:00Z,42.32,2451.8
2024-06-29T15:00:00Z,61.21,2248.4
2024-06-29T15:30:00Z,73.67,2397.45
2024-06-29T16:00:00Z,83.36,2104.2
2024-06-29T16:30:00Z,88.8,1878.2
2024-06-29T17:00:00Z,103.67,2151.0
2024-06-29T17:30:00Z,103.95,2140.4
2024-06-29T18:00:00Z,108.29,1696.85
2024-06-29T18:30:00Z,109.5,1741.6
2024-06-29T19:00:00Z,98.62,1659.85
2024-06-29T19:30:00Z,98.23,1528.2
2024-06-29T20:00:00Z,81.0,1637.8
2024-06-29T20:30:00Z,82.42,1560.15
2024-06-29T21:00:00Z,77.62,1864.85
2024-06-29T21:30:00Z,72.29,1948.9
2024-06-29T22:00:00Z,69.41,1044.55
2024-06-29T22:30:00Z,71.44,1243.6
2024-06-29T23:00:00Z,73.61,1449.2
2024-06-29T23:30:00Z,75.17,1126.55
2024-06-30T00:00:00Z,70.78,1010.95
2024-06-30T00:30:00Z,63.86,957.25
2024-06-30T01:00:00Z,57.63,947.6
2024-06-30T01:30:00Z,51.37,976.2
2024-06-30T02:00:00Z,51.41,1050.65
2024-06-30T02:30:00Z,49.45,1197.5
2024-06-30T03:00:00Z,45.04,1206.25
2024-06-30T03:30:00Z,44.29,1210.3
2024-06-30T04:00:00Z,42.54,1317.8
2024-06-30T04:30:00Z,38.83,1289.8
2024-06-30T05:00:00Z,44.48,1245.75
2024-06-30T05:30:00Z,38.28,1331.9
2024-06-30T06:00:00Z,58.58,1842.3
2024-06-30T06:30:00Z,60.45,1902.2
2024-06-30T07:00:00Z,52.47,1972.25
2024-06-30T07:30:00Z,64.99,1661.65
2024-06-30T08:00:00Z,73.22,1443.2
2024-06-30T08:30:00Z,73.79,1367.0
2024-06-30T09:00:00Z,77.61,1355.0
2024-06-30T09:30:00Z,78.43,1215.75
2024-06-30T10:00:00Z,87.27,962.35
2024-06-30T10:30:00Z,87.61,1057.55
2024-06-30T11:00:00Z,90.21,1190.5
2024-06-30T11:30:00Z,90.35,1279.0
2024-06-30T12:00:00Z,86.41,1412.5
2024-06-30T12:30:00Z,89.24,1706.65
2024-06-30T13:00:00Z,84.18,2059.7
2024-06-30T13:30:00Z,85.25,2147.25
2024-06-30T14:00:00Z,79.59,2051.65
2024-06-30T14:30:00Z,87.35,2313.85
2024-06-30T15:00:00Z,85.13,2267.85
2024-06-30T15:30:00Z,89.52,2536.5
2024-06-30T16:00:00Z,94.5,2919.65
2024-06-30T16:30:00Z,94.35,2691.75
2024-06-30T17:00:00Z,97.32,2572.3
2024-06-30T17:30:00Z,97.14,2755.25
2024-06-30T18:00:00Z,94.18,2442.0
2024-06-30T18:30:00Z,90.57,2502.6
2024-06-30T19:00:00Z,93.31,2306.15
2024-06-30T19:30:00Z,92.76,2144.65
2024-06-30T20:00:00Z,94.65000000000002,1716.15
2024-06-30T20:30:00Z,93.56,1673.35
2024-06-30T21:00:00Z,99.45,1412.25
2024-06-30T21:30:00Z,89.92,1367.9
2024-06-30T22:00:00Z,87.21,1044.3
2024-06-30T22:30:00Z,86.16,1180.9
2024-06-30T23:00:00Z,83.62,1182.15
2024-06-30T23:30:00Z,77.51,1068.8
2024-07-01T00:00:00Z,73.03,1367.1
2024-07-01T00:30:00Z,69.7,1394.95
2024-07-01T01:00:00Z,71.82,1468.45
2024-07-01T01:30:00Z,75.27000000000001,1784.55
2024-07-01T02:00:00Z,74.47,1235.65
2024-07-01T02:30:00Z,72.64,1286.5
2024-07-01T03:00:00Z,72.19,1389.7
2024-07-01T03:30:00Z,68.25,1397.65
2024-07-01T04:00:00Z,77.58,1358.8
2024-07-01T04:30:00Z,76.87,1264.2
2024-07-01T05:00:00Z,92.92,1702.9
2024-07-01T05:30:00Z,93.14,1576.4
2024-07-01T06:00:00Z,93.43,1949.15
2024-07-01T06:30:00Z,103.57,1912.45
2024-07-01T07:00:00Z,99.89,2023.2
2024-07-01T07:30:00Z,100.87,1628.8
2024-07-01T08:00:00Z,99.26,2090.2
2024-07-01T08:30:00Z,93.26,2179.85
2024-07-01T09:00:00Z,95.39,1863.05
2024-07-01T09:30:00Z,94.17,2134.3
2024-07-01T10:00:00Z,86.79,1709.6
2024-07-01T10:30:00Z,87.06,2029.7
2024-07-01T11:00:00Z,84.78,1880.85
2024-07-01T11:30:00Z,80.61,1923.55
2024-07-01T12:00:00Z,81.7,1833.5
2024-07-01T12:30:00Z,79.16,2055.95
2024-07-01T13:00:00Z,79.81,1658.0
2024-07-01T13:30:00Z,80.82,2016.95
2024-07-01T14:00:00Z,82.1,1832.45
2024-07-01T14:30:00Z,80.87,1998.05
2024-07-01T15:00:00Z,77.12,2044.55
2024-07-01T15:30:00Z,73.67,2653.7
2024-07-01T16:00:00Z,74.65,2387.15
2024-07-01T16:30:00Z,81.75,2644.85
2024-07-01T17:00:00Z,87.48,2519.15
2024-07-01T17:30:00Z,87.7,2796.15
2024-07-01T18:00:00Z,96.83,2808.3
2024-07-01T18:30:00Z,90.82,2756.05
2024-07-01T19:00:00Z,87.66,2405.3
2024-07-01T19:30:00Z,85.51,2323.8
2024-07-01T20:00:00Z,84.05,2047.75
2024-07-01T20:30:00Z,79.84,1877.55
2024-07-01T21:00:00Z,80.5,1956.3
2024-07-01T21:30:00Z,79.07,2137.0
2024-07-01T22:00:00Z,77.25,1229.3
2024-07-01T22:30:00Z,63.449999999999996,1476.65
2024-07-01T23:00:00Z,65.02,1416.6
2024-07-01T23:30:00Z,56.510000000000005,1453.5
2024-07-02T00:00:00Z,48.629999999999995,1410.7
2024-07-02T00:30:00Z,52.06,1463.25
2024-07-02T01:00:00Z,51.19,1276.5
2024-07-02T01:30:00Z,40.49,1429.85
2024-07-02T02:00:00Z,33.65,1227.25
2024-07-02T02:30:00Z,21.49,1391.85
2024-07-02T03:00:00Z,20.66,1598.0
2024-07-02T03:30:00Z,19.489999999999995,1870.45
2024-07-02T04:00:00Z,29.43,2015.05
2024-07-02T04:30:00Z,44.36,2035.25
2024-07-02T05:00:00Z,60.68999999999999,2255.0
2024-07-02T05:30:00Z,70.75,2421.6
2024-07-02T06:00:00Z,74.4,2734.1
2024-07-02T06:30:00Z,94.01,2789.75
2024-07-02T07:00:00Z,96.21,2257.55
2024-07-02T07:30:00Z,91.97,2919.4
2024-07-02T08:00:00Z,93.65,3038.5
2024-07-02T08:30:00Z,84.19,2710.05
2024-07-02T09:00:00Z,84.05,2714.45
2024-07-02T09:30:00Z,82.24,3056.1
2024-07-02T10:00:00Z,81.6,2147.6
2024-07-02T10:30:00Z,85.29,2257.8
2024-07-02T11:00:00Z,90.12,2373.85
2024-07-02T11:30:00Z,89.22,2583.05
2024-07-02T12:00:00Z,88.02,2643.45
2024-07-02T12:30:00Z,89.38,2755.3
2024-07-02T13:00:00Z,90.03,3131.15
2024-07-02T13:30:00Z,84.77,3221.65
2024-07-02T14:00:00Z,81.83,2949.85
2024-07-02T14:30:00Z,83.02,2806.4
2024-07-02T15:00:00Z,79.54,2851.2
2024-07-02T15:30:00Z,79.14,2627.65
2024-07-02T16:00:00Z,84.19,2620.35
2024-07-02T16:30:00Z,98.21,2896.25
2024-07-02T17:00:00Z,98.12000000000002,2908.35
2024-07-02T17:30:00Z,99.74,2820.4
2024-07-02T18:00:00Z,102.89,2718.2
2024-07-02T18:30:00Z,99.65,2468.8
2024-07-02T19:00:00Z,98.45999999999998,2887.9
2024-07-02T19:30:00Z,95.21,2818.6
2024-07-02T20:00:00Z,88.56,2547.75
2024-07-02T20:30:00Z,81.9,2471.35
2024-07-02T21:00:00Z,85.36,2196.05
2024-07-02T21:30:00Z,75.5,2162.8
2024-07-02T22:00:00Z,85.48999999999998,1762.3
2024-07-02T22:30:00Z,88.43,1447.35
2024-07-02T23:00:00Z,82.51,1382.3
2024-07-02T23:30:00Z,79.36,1601.15
2024-07-03T00:00:00Z,78.09,1392.65
2024-07-03T00:30:00Z,69.4,1511.95
2024-07-03T01:00:00Z,59.18999999999999,1614.6
2024-07-03T01:30:00Z,47.31,1633.4
2024-07-03T02:00:00Z,57.68,1874.65
2024-07-03T02:30:00Z,59.91,1871.35
2024-07-03T03:00:00Z,65.18,1931.7
2024-07-03T03:30:00Z,73.68,1851.45
2024-07-03T04:00:00Z,82.23,1698.0
2024-07-03T04:30:00Z,85.07,2105.6
2024-07-03T05:00:00Z,89.21,2639.7
2024-07-03T05:30:00Z,94.0,2679.6
2024-07-03T06:00:00Z,98.98,2778.4
2024-07-03T06:30:00Z,105.64999999999999,2734.5
2024-07-03T07:00:00Z,104.8,2508.6
2024-07-03T07:30:00Z,104.39999999999999,2726.55
2024-07-03T08:00:00Z,101.72,3452.5
2024-07-03T08:30:00Z,99.56,3431.0
2024-07-03T09:00:00Z,99.51,3733.05
2024-07-03T09:30:00Z,93.51,4110.55
2024-07-03T10:00:00Z,76.44,4190.45
2024-07-03T10:30:00Z,74.97,3923.45
2024-07-03T11:00:00Z,71.01,3572.05
2024-07-03T11:30:00Z,70.64,3970.4
2024-07-03T12:00:00Z,65.41,3248.9
2024-07-03T12:30:00Z,58.45000000000001,2731.1
2024-07-03T13:00:00Z,52.17,2935.65
2024-07-03T13:30:00Z,56.52,3248.6
2024-07-03T14:00:00Z,43.68,3084.85
2024-07-03T14:30:00Z,39.13,3349.5
2024-07-03T15:00:00Z,69.72,3047.65
2024-07-03T15:30:00Z,73.41,3241.7
2024-07-03T16:00:00Z,76.6,3464.7
2024-07-03T16:30:00Z,78.54,3558.05
2024-07-03T17:00:00Z,83.55,3576.95
2024-07-03T17:30:00Z,83.71,3037.35
2024-07-03T18:00:00Z,86.8,2746.15
2024-07-03T18:30:00Z,84.39,2907.15
2024-07-03T19:00:00Z,81.86,2835.95
2024-07-03T19:30:00Z,69.32,2577.7
2024-07-03T20:00:00Z,57.50999999999999,2502.45
2024-07-03T20:30:00Z,45.52000000000001,2932.6
2024-07-03T21:00:00Z,35.61,2678.95
2024-07-03T21:30:00Z,15.92,2762.55
2024-07-03T22:00:00Z,10.97,1750.1
2024-07-03T22:30:00Z,-5.52,1270.2
2024-07-03T23:00:00Z,17.58,1714.25
2024-07-03T23:30:00Z,-2.01,1575.9
2024-07-04T00:00:00Z,-2.55,2046.25
2024-07-04T00:30:00Z,-3.23,1993.15
2024-07-04T01:00:00Z,3.06,2263.0
2024-07-04T01:30:00Z,4.3,2164.4
2024-07-04T02:00:00Z,1.16,2053.25
2024-07-04T02:30:00Z,0.04,1914.9
2024-07-04T03:00:00Z,5.82,2533.4
2024-07-04T03:30:00Z,0.41,2342.75
2024-07-04T04:00:00Z,-13.68,2119.35
2024-07-04T04:30:00Z,-4.17,1740.4
2024-07-04T05:00:00Z,9.46,2402.0
2024-07-04T05:30:00Z,29.779999999999998,2692.15
2024-07-04T06:00:00Z,27.91,3159.35
2024-07-04T06:30:00Z,35.16,3211.05
2024-07-04T07:00:00Z,10.19,3102.15
2024-07-04T07:30:00Z,13.3,2707.5
2024-07-04T08:00:00Z,13.67,2749.3
2024-07-04T08:30:00Z,16.31,2884.65
2024-07-04T09:00:00Z,-9.53,3068.05
2024-07-04T09:30:00Z,-8.35,3016.25
2024-07-04T10:00:00Z,7.89,3083.95
2024-07-04T10:30:00Z,0.75,3442.65
2024-07-04T11:00:00Z,2.78,2887.6
2024-07-04T11:30:00Z,10.01,3259.45
2024-07-04T12:00:00Z,13.290000000000001,2511.75
2024-07-04T12:30:00Z,3.18,3144.25
2024-07-04T13:00:00Z,11.28,2706.05
2024-07-04T13:30:00Z,14.88,3099.45
2024-07-04T14:00:00Z,-7.140000000000001,2481.95
2024-07-04T14:30:00Z,-0.11,2789.0
2024-07-04T15:00:00Z,3.87,2633.35
2024-07-04T15:30:00Z,13.87,2336.3
2024-07-04T16:00:00Z,12.23,2126.05
2024-07-04T16:30:00Z,36.58,3121.4
2024-07-04T17:00:00Z,27.320000000000004,2898.3
2024-07-04T17:30:00Z,22.97,2939.75
2024-07-04T18:00:00Z,24.42,2657.6
2024-07-04T18:30:00Z,18.57,3248.7
2024-07-04T19:00:00Z,24.79,3282.45
2024-07-04T19:30:00Z,17.47,3003.3
2024-07-04T20:00:00Z,22.68,3218.55
2024-07-04T20:30:00Z,22.76,2950.45
2024-07-04T21:00:00Z,34.88,2813.5
2024-07-04T21:30:00Z,11.85,2531.0
2024-07-04T22:00:00Z,-7.79,1418.7
2024-07-04T22:30:00Z,-13.37,2020.65
2024-07-04T23:00:00Z,-7.55,1675.95
2024-07-04T23:30:00Z,-10.979999999999999,1691.4
2024-07-05T00:00:00Z,-2.7,2118.45
2024-07-05T00:30:00Z,-0.18,2124.85
2024-07-05T01:00:00Z,-1.88,2156.25
2024-07-05T01:30:00Z,2.04,2219.1
2024-07-05T02:00:00Z,-1.91,1914.85
2024-07-05T02:30:00Z,0.42,1833.2
2024-07-05T03:00:00Z,0.17,2244.1
2024-07-05T03:30:00Z,-0.02,2307.8
2024-07-05T04:00:00Z,-1.9,2010.45
2024-07-05T04:30:00Z,-0.33,2086.75
2024-07-05T05:00:00Z,3.5999999999999996,2314.85
2024-07-05T05:30:00Z,37.88,2683.05
2024-07-05T06:00:00Z,26.12,2268.75
2024-07-05T06:30:00Z,45.33,2389.3
2024-07-05T07:00:00Z,35.01,1986.0
2024-07-05T07:30:00Z,39.13,2140.3
2024-07-05T08:00:00Z,60.60999999999999,2549.95
2024-07-05T08:30:00Z,55.459999999999994,2385.9
2024-07-05T09:00:00Z,57.76,2366.0
2024-07-05T09:30:00Z,58.63,2975.9
2024-07-05T10:00:00Z,55.54,2913.6
2024-07-05T10:30:00Z,60.49,3784.7
2024-07-05T11:00:00Z,63.12,3173.9
2024-07-05T11:30:00Z,64.22,3222.25
2024-07-05T12:00:00Z,68.43,2680.5
2024-07-05T12:30:00Z,67.54,2537.3
2024-07-05T13:00:00Z,69.93,3104.15
2024-07-05T13:30:00Z,66.76,3556.85
2024-07-05T14:00:00Z,62.6,2350.4
2024-07-05T14:30:00Z,62.21,2758.65
2024-07-05T15:00:00Z,68.02,2542.7
2024-07-05T15:30:00Z,80.25,2940.95
2024-07-05T16:00:00Z,85.38,2366.1
2024-07-05T16:30:00Z,95.81,3094.45
2024-07-05T17:00:00Z,93.51,2680.25
2024-07-05T17:30:00Z,93.64,2919.15
2024-07-05T18:00:00Z,99.43,2500.4
2024-07-05T18:30:00Z,97.62,2697.4
2024-07-05T19:00:00Z,92.66,2292.65
2024-07-05T19:30:00Z,89.86,2696.5
2024-07-05T20:00:00Z,93.66,2334.35
2024-07-05T20:30:00Z,90.39,2101.95
2024-07-05T21:00:00Z,81.43,2135.8
2024-07-05T21:30:00Z,74.63,2230.95
2024-07-05T22:00:00Z,81.79,1717.1
2024-07-05T22:30:00Z,87.98,1370.8
2024-07-05T23:00:00Z,83.05,1345.2
2024-07-05T23:30:00Z,80.85,1505.75
2024-07-06T00:00:00Z,83.53,1375.85
2024-07-06T00:30:00Z,82.69,1261.75
2024-07-06T01:00:00Z,76.65,1430.5
2024-07-06T01:30:00Z,74.21,1237.15
2024-07-06T02:00:00Z,64.3,1614.65
2024-07-06T02:30:00Z,58.34,1677.35
2024-07-06T03:00:00Z,64.28,1754.75
2024-07-06T03:30:00Z,58.37,1661.9
2024-07-06T04:00:00Z,59.64,1784.95
2024-07-06T04:30:00Z,52.92,1961.0
2024-07-06T05:00:00Z,46.52,2118.5
2024-07-06T05:30:00Z,52.7,2522.25
2024-07-06T06:00:00Z,71.22,1943.4
2024-07-06T06:30:00Z,79.27,2320.3
2024-07-06T07:00:00Z,85.24,2305.65
2024-07-06T07:30:00Z,85.47,2181.7
2024-07-06T08:00:00Z,85.15,1672.9
2024-07-06T08:30:00Z,82.23,1795.1
2024-07-06T09:00:00Z,83.47,1771.15
2024-07-06T09:30:00Z,81.23,1970.05
2024-07-06T10:00:00Z,73.18,2264.2
2024-07-06T10:30:00Z,71.62,2251.1
2024-07-06T11:00:00Z,70.18,2499.0
2024-07-06T11:30:00Z,65.03,2748.9
2024-07-06T12:00:00Z,65.42,2850.9
2024-07-06T12:30:00Z,51.03,2896.6
2024-07-06T13:00:00Z,56.54,3156.25
2024-07-06T13:30:00Z,49.03999999999999,3190.45
2024-07-06T14:00:00Z,38.84,2908.95
2024-07-06T14:30:00Z,42.92,3131.85
2024-07-06T15:00:00Z,44.040000000000006,3159.9
2024-07-06T15:30:00Z,55.52,3141.05
2024-07-06T16:00:00Z,51.71000000000001,2953.5
2024-07-06T16:30:00Z,50.89,2895.05
2024-07-06T17:00:00Z,53.09,2933.7
2024-07-06T17:30:00Z,55.129999999999995,2922.3
2024-07-06T18:00:00Z,58.35,2099.3
2024-07-06T18:30:00Z,73.49,1970.95
2024-07-06T19:00:00Z,78.88,1996.8
2024-07-06T19:30:00Z,77.64,2093.55
2024-07-06T20:00:00Z,76.96,1627.0
2024-07-06T20:30:00Z,73.52,1713.85
2024-07-06T21:00:00Z,67.41,1660.3
2024-07-06T21:30:00Z,57.92,1745.8
2024-07-06T22:00:00Z,47.13,1708.45
2024-07-06T22:30:00Z,38.67,1786.75
2024-07-06T23:00:00Z,33.08,1448.05
2024-07-06T23:30:00Z,31.419999999999998,1634.95
2024-07-07T00:00:00Z,20.32,1558.2
2024-07-07T00:30:00Z,18.57,1575.2
2024-07-07T01:00:00Z,18.94,1516.6
2024-07-07T01:30:00Z,18.51,1414.7
2024-07-07T02:00:00Z,13.87,1333.3
2024-07-07T02:30:00Z,14.68,1414.8
2024-07-07T03:00:00Z,15.59,1456.85
2024-07-07T03:30:00Z,12.68,1467.8
2024-07-07T04:00:00Z,5.34,1262.75
2024-07-07T04:30:00Z,4.55,1200.6
2024-07-07T05:00:00Z,13.8,1101.45
2024-07-07T05:30:00Z,25.87,1221.9
2024-07-07T06:00:00Z,52.71000000000001,1460.55
2024-07-07T06:30:00Z,71.19,1605.8
2024-07-07T07:00:00Z,70.28,1689.65
2024-07-07T07:30:00Z,76.23,1748.8
2024-07-07T08:00:00Z,85.38,1342.05
2024-07-07T08:30:00Z,86.77,1204.7
2024-07-07T09:00:00Z,88.69,1513.6
2024-07-07T09:30:00Z,86.43,1558.35
2024-07-07T10:00:00Z,85.38,1479.35
2024-07-07T10:30:00Z,83.96000000000001,1562.2
2024-07-07T11:00:00Z,84.66,1657.9
2024-07-07T11:30:00Z,82.97,1464.75
2024-07-07T12:00:00Z,85.06,1858.9
2024-07-07T12:30:00Z,78.33,2019.2
2024-07-07T13:00:00Z,74.77,2021.9
2024-07-07T13:30:00Z,68.71,2410.45
2024-07-07T14:00:00Z,61.720000000000006,2327.75
2024-07-07T14:30:00Z,58.5,2223.9
2024-07-07T15:00:00Z,56.72,2170.1
2024-07-07T15:30:00Z,67.72,2328.9
2024-07-07T16:00:00Z,81.05,2264.75
2024-07-07T16:30:00Z,83.95,2672.1
2024-07-07T17:00:00Z,79.04,2726.25
2024-07-07T17:30:00Z,78.63,2678.15
2024-07-07T18:00:00Z,92.07,2024.4
2024-07-07T18:30:00Z,88.15,2147.75
2024-07-07T19:00:00Z,83.21,2309.05
2024-07-07T19:30:00Z,89.92000000000002,1858.75
2024-07-07T20:00:00Z,87.93,1708.0
2024-07-07T20:30:00Z,84.73999999999998,1567.95
2024-07-07T21:00:00Z,84.32,1825.05
2024-07-07T21:30:00Z,71.69,1668.2
2024-07-07T22:00:00Z,64.24,1143.65
2024-07-07T22:30:00Z,68.53,1293.35
2024-07-07T23:00:00Z,60.29,1257.6
2024-07-07T23:30:00Z,66.98,1366.45
2024-07-08T00:00:00Z,64.88,1249.15
2024-07-08T00:30:00Z,62.54,1275.9
2024-07-08T01:00:00Z,66.93,1456.7
2024-07-08T01:30:00Z,64.8,1398.3
2024-07-08T02:00:00Z,60.39999999999999,1107.55
2024-07-08T02:30:00Z,60.35,1034.85
2024-07-08T03:00:00Z,66.09,892.3
2024-07-08T03:30:00Z,58.39,1149.2
2024-07-08T04:00:00Z,68.13,916.7
2024-07-08T04:30:00Z,69.65,1123.35
2024-07-08T05:00:00Z,81.09,1360.0
2024-07-08T05:30:00Z,83.4,1384.25
2024-07-08T06:00:00Z,78.17,1746.7
2024-07-08T06:30:00Z,86.45,1781.45
2024-07-08T07:00:00Z,80.99,1455.85
2024-07-08T07:30:00Z,79.85,1612.2
2024-07-08T08:00:00Z,77.0,1381.0
2024-07-08T08:30:00Z,64.74,1678.85
2024-07-08T09:00:00Z,71.16,2151.25
2024-07-08T09:30:00Z,67.22,2031.95
2024-07-08T10:00:00Z,65.5,1698.15
2024-07-08T10:30:00Z,68.84,1751.6
2024-07-08T11:00:00Z,66.7,1740.0
2024-07-08T11:30:00Z,68.8,2090.2
2024-07-08T12:00:00Z,71.76,1744.25
2024-07-08T12:30:00Z,69.76,1523.35
2024-07-08T13:00:00Z,69.8,1861.4
2024-07-08T13:30:00Z,71.03,1905.65
2024-07-08T14:00:00Z,73.11,1720.25
2024-07-08T14:30:00Z,70.38,1941.95
2024-07-08T15:00:00Z,65.75,1917.7
2024-07-08T15:30:00Z,72.21,2001.75
2024-07-08T16:00:00Z,81.3,1880.05
2024-07-08T16:30:00Z,85.13,1931.95
2024-07-08T17:00:00Z,91.27,1903.4
2024-07-08T17:30:00Z,94.36,2064.4
2024-07-08T18:00:00Z,96.96,2169.45
2024-07-08T18:30:00Z,96.57,1853.8
2024-07-08T19:00:00Z,97.37,1934.25
2024-07-08T19:30:00Z,93.36,1985.85
2024-07-08T20:00:00Z,99.37,2105.25
2024-07-08T20:30:00Z,91.64,2027.15
2024-07-08T21:00:00Z,79.41,1606.0
2024-07-08T21:30:00Z,79.69,1956.9
2024-07-08T22:00:00Z,69.89,2084.55
2024-07-08T22:30:00Z,84.88,1446.65
2024-07-08T23:00:00Z,81.2,1356.55
2024-07-08T23:30:00Z,79.77,1562.85
2024-07-09T00:00:00Z,74.98,1747.7
2024-07-09T00:30:00Z,73.25,1302.1
2024-07-09T01:00:00Z,69.94,2021.65
2024-07-09T01:30:00Z,68.75,2182.4
2024-07-09T02:00:00Z,68.31,1636.95
2024-07-09T02:30:00Z,67.64,1893.45
2024-07-09T03:00:00Z,68.62,1734.65
2024-07-09T03:30:00Z,63.85999999999999,2067.5
2024-07-09T04:00:00Z,64.43,1883.1
2024-07-09T04:30:00Z,63.38,1578.4
2024-07-09T05:00:00Z,72.1,1762.5
2024-07-09T05:30:00Z,71.53,1831.65
2024-07-09T06:00:00Z,64.86,1776.5
2024-07-09T06:30:00Z,83.94,1936.6
2024-07-09T07:00:00Z,67.45,1406.7
2024-07-09T07:30:00Z,71.68,1703.15
2024-07-09T08:00:00Z,74.9,1519.65
2024-07-09T08:30:00Z,77.24,1556.95
2024-07-09T09:00:00Z,79.91,1757.7
2024-07-09T09:30:00Z,76.97,1967.85
2024-07-09T10:00:00Z,76.55,2177.1
2024-07-09T10:30:00Z,79.67,2720.4
2024-07-09T11:00:00Z,80.46,2941.7
2024-07-09T11:30:00Z,82.89,2849.95
2024-07-09T12:00:00Z,84.43,3243.8
2024-07-09T12:30:00Z,82.29,3016.4
2024-07-09T13:00:00Z,76.62,3246.55
2024-07-09T13:30:00Z,75.51,3647.5
2024-07-09T14:00:00Z,75.72,2761.85
2024-07-09T14:30:00Z,75.58,2985.6
2024-07-09T15:00:00Z,76.39,2807.05
2024-07-09T15:30:00Z,78.83,2926.6
2024-07-09T16:00:00Z,89.5,2750.7
2024-07-09T16:30:00Z,92.04,2780.85
2024-07-09T17:00:00Z,90.37,2724.85
2024-07-09T17:30:00Z,90.71,3180.8
2024-07-09T18:00:00Z,89.01,3072.45
2024-07-09T18:30:00Z,90.06,3479.15
2024-07-09T19:00:00Z,92.62,3343.35
2024-07-09T19:30:00Z,93.03,3542.45
2024-07-09T20:00:00Z,92.6,3614.6
2024-07-09T20:30:00Z,88.6,3677.7
2024-07-09T21:00:00Z,78.46,3769.25
2024-07-09T21:30:00Z,79.33,3332.35
2024-07-09T22:00:00Z,67.38,1929.75
2024-07-09T22:30:00Z,67.26,1842.25
2024-07-09T23:00:00Z,64.99,1761.2
2024-07-09T23:30:00Z,59.83,2022.25
2024-07-10T00:00:00Z,53.1,1929.4
2024-07-10T00:30:00Z,49.07,1900.9
2024-07-10T01:00:00Z,54.50999999999999,2470.65
2024-07-10T01:30:00Z,48.77,2225.0
2024-07-10T02:00:00Z,37.7,1502.85
2024-07-10T02:30:00Z,40.18,1891.15
2024-07-10T03:00:00Z,53.74,2402.0
2024-07-10T03:30:00Z,57.97,2536.55
2024-07-10T04:00:00Z,68.53,2455.75
2024-07-10T04:30:00Z,72.25,2429.95
2024-07-10T05:00:00Z,64.85,3041.75
2024-07-10T05:30:00Z,75.41,3350.75
2024-07-10T06:00:00Z,75.63,3064.8
2024-07-10T06:30:00Z,84.32000000000001,3629.5
2024-07-10T07:00:00Z,81.25,3246.8
2024-07-10T07:30:00Z,78.75,2864.6
2024-07-10T08:00:00Z,70.2,2399.85
2024-07-10T08:30:00Z,76.04,2613.5
2024-07-10T09:00:00Z,78.11,2712.0
2024-07-10T09:30:00Z,77.34,2856.0
2024-07-10T10:00:00Z,78.41,3122.7
2024-07-10T10:30:00Z,79.26,3053.15
2024-07-10T11:00:00Z,73.03,3206.6
2024-07-10T11:30:00Z,69.83,3332.0
2024-07-10T12:00:00Z,65.59,3211.7
2024-07-10T12:30:00Z,67.62,3174.1
2024-07-10T13:00:00Z,65.3,3348.9
2024-07-10T13:30:00Z,62.150000000000006,3096.65
2024-07-10T14:00:00Z,69.3,2820.75
2024-07-10T14:30:00Z,70.68,2499.3
2024-07-10T15:00:00Z,72.41,2817.55
2024-07-10T15:30:00Z,75.87,3191.75
2024-07-10T16:00:00Z,75.33,2724.65
2024-07-10T16:30:00Z,75.13,2974.9
2024-07-10T17:00:00Z,87.72,2814.2
2024-07-10T17:30:00Z,87.74,3031.6
2024-07-10T18:00:00Z,92.97,3649.5
2024-07-10T18:30:00Z,93.9,3401.75
2024-07-10T19:00:00Z,93.44,3845.35
2024-07-10T19:30:00Z,92.96999999999998,3603.45
2024-07-10T20:00:00Z,93.74,3366.9
2024-07-10T20:30:00Z,93.48,3339.0
2024-07-10T21:00:00Z,90.57,3217.15
2024-07-10T21:30:00Z,89.42,3221.1
2024-07-10T22:00:00Z,75.84,1916.1
2024-07-10T22:30:00Z,83.89,1810.9
2024-07-10T23:00:00Z,62.13,1810.4
2024-07-10T23:30:00Z,64.46,2311.3
2024-07-11T00:00:00Z,65.43,2181.55
2024-07-11T00:30:00Z,72.37,2000.8
2024-07-11T01:00:00Z,71.3,2313.65
2024-07-11T01:30:00Z,65.82,2378.25
2024-07-11T02:00:00Z,65.78,1725.55
2024-07-11T02:30:00Z,66.04,1689.65
2024-07-11T03:00:00Z,63.48,1781.0
2024-07-11T03:30:00Z,63.24,2161.35
2024-07-11T04:00:00Z,65.02,1705.6
2024-07-11T04:30:00Z,63.39,1675.1
2024-07-11T05:00:00Z,69.59,1577.3
2024-07-11T05:30:00Z,81.82,1773.65
2024-07-11T06:00:00Z,81.67,2141.1
2024-07-11T06:30:00Z,88.94,1841.35
2024-07-11T07:00:00Z,80.62,2387.3
2024-07-11T07:30:00Z,78.89,2477.2
2024-07-11T08:00:00Z,69.9,2016.25
2024-07-11T08:30:00Z,66.67,1947.0
2024-07-11T09:00:00Z,72.55,2431.05
2024-07-11T09:30:00Z,67.63,2468.9
2024-07-11T10:00:00Z,70.31,1992.5
2024-07-11T10:30:00Z,69.89,1917.2
2024-07-11T11:00:00Z,69.12,1926.15
2024-07-11T11:30:00Z,69.33,1853.25
2024-07-11T12:00:00Z,67.69,1905.95
2024-07-11T12:30:00Z,66.32,2311.75
2024-07-11T13:00:00Z,67.85,2233.4
2024-07-11T13:30:00Z,70.48,2388.9
2024-07-11T14:00:00Z,75.63,2505.85
2024-07-11T14:30:00Z,79.04,2435.35
2024-07-11T15:00:00Z,79.95,2185.7
2024-07-11T15:30:00Z,82.58,2396.8
2024-07-11T16:00:00Z,92.37,2483.25
2024-07-11T16:30:00Z,87.11,3107.95
2024-07-11T17:00:00Z,98.23,2669.7
2024-07-11T17:30:00Z,97.6,2988.2
2024-07-11T18:00:00Z,101.24,2731.15
2024-07-11T18:30:00Z,101.49,2676.25
2024-07-11T19:00:00Z,103.03999999999999,2623.4
2024-07-11T19:30:00Z,102.55,2551.75
2024-07-11T20:00:00Z,102.71,2678.5
2024-07-11T20:30:00Z,100.51,2707.9
2024-07-11T21:00:00Z,89.75,2481.85
2024-07-11T21:30:00Z,84.78,2155.8
2024-07-11T22:00:00Z,63.63,2160.85
2024-07-11T22:30:00Z,75.1,1955.2
2024-07-11T23:00:00Z,80.06,2015.35
2024-07-11T23:30:00Z,78.64,2287.85
2024-07-12T00:00:00Z,73.97,1745.6
2024-07-12T00:30:00Z,72.37,1844.35
2024-07-12T01:00:00Z,74.26,1502.3
2024-07-12T01:30:00Z,67.12,1742.5
2024-07-12T02:00:00Z,68.17,1239.65
2024-07-12T02:30:00Z,66.8,1241.95
2024-07-12T03:00:00Z,67.9,1156.25
2024-07-12T03:30:00Z,67.57,1313.55
2024-07-12T04:00:00Z,70.17,1212.85
2024-07-12T04:30:00Z,74.16,1056.15
2024-07-12T05:00:00Z,71.32,1569.3
2024-07-12T05:30:00Z,70.72,1630.35
2024-07-12T06:00:00Z,72.98,1839.3
2024-07-12T06:30:00Z,78.54,1900.4
2024-07-12T07:00:00Z,80.73,1797.65
2024-07-12T07:30:00Z,82.37,2224.45
2024-07-12T08:00:00Z,77.23,2105.75
2024-07-12T08:30:00Z,69.68,2196.1
2024-07-12T09:00:00Z,75.23,2551.3
2024-07-12T09:30:00Z,71.97,2276.8
2024-07-12T10:00:00Z,58.54,1891.65
2024-07-12T10:30:00Z,57.7,2352.3
2024-07-12T11:00:00Z,61.77,2773.4
2024-07-12T11:30:00Z,60.48,2229.75
2024-07-12T12:00:00Z,58.78000000000001,2751.65
2024-07-12T12:30:00Z,57.36,2973.6
2024-07-12T13:00:00Z,58.69,3230.95
2024-07-12T13:30:00Z,61.849999999999994,3285.15
2024-07-12T14:00:00Z,56.74,2977.6
2024-07-12T14:30:00Z,57.92000000000001,2938.05
2024-07-12T15:00:00Z,59.25,2349.4
2024-07-12T15:30:00Z,61.88000000000001,2460.2
2024-07-12T16:00:00Z,66.85,2122.35
2024-07-12T16:30:00Z,69.66,2017.45
2024-07-12T17:00:00Z,67.3,1904.2
2024-07-12T17:30:00Z,70.52,2061.7
2024-07-12T18:00:00Z,76.13,2385.5
2024-07-12T18:30:00Z,74.6,2295.7
2024-07-12T19:00:00Z,75.75,2374.5
2024-07-12T19:30:00Z,72.01,2311.5
2024-07-12T20:00:00Z,73.69,2010.7
2024-07-12T20:30:00Z,70.37,1904.85
2024-07-12T21:00:00Z,69.79,1517.4
2024-07-12T21:30:00Z,72.0,2397.7
2024-07-12T22:00:00Z,61.22999999999999,1114.5
2024-07-12T22:30:00Z,61.5,918.3
2024-07-12T23:00:00Z,59.39,1210.75
2024-07-12T23:30:00Z,54.08,1168.75
2024-07-13T00:00:00Z,51.29,1042.95
2024-07-13T00:30:00Z,48.43,979.75
2024-07-13T01:00:00Z,54.55,1547.0
2024-07-13T01:30:00Z,48.41,1351.2
2024-07-13T02:00:00Z,45.79,1285.1
2024-07-13T02:30:00Z,46.27,1208.25
2024-07-13T03:00:00Z,48.97,1324.1
2024-07-13T03:30:00Z,44.7,1207.65
2024-07-13T04:00:00Z,44.99,1256.15
2024-07-13T04:30:00Z,44.09,1069.45
2024-07-13T05:00:00Z,41.76,1449.85
2024-07-13T05:30:00Z,42.720000000000006,1541.95
2024-07-13T06:00:00Z,50.18,1570.5
2024-07-13T06:30:00Z,55.970000000000006,1529.5
2024-07-13T07:00:00Z,51.71,1505.2
2024-07-13T07:30:00Z,54.79,1666.5
2024-07-13T08:00:00Z,60.29,1961.75
2024-07-13T08:30:00Z,57.58,1939.45
2024-07-13T09:00:00Z,63.63,2025.55
2024-07-13T09:30:00Z,69.13,1888.4
2024-07-13T10:00:00Z,67.53,1968.8
2024-07-13T10:30:00Z,68.61,1948.65
2024-07-13T11:00:00Z,69.17,1864.2
2024-07-13T11:30:00Z,66.03,1780.65
2024-07-13T12:00:00Z,58.72,1293.05
2024-07-13T12:30:00Z,62.61,1660.45
2024-07-13T13:00:00Z,56.99000000000001,1713.0
2024-07-13T13:30:00Z,64.91,1932.9
2024-07-13T14:00:00Z,68.06,2223.0
2024-07-13T14:30:00Z,69.22,2439.9
2024-07-13T15:00:00Z,66.36,2254.05
2024-07-13T15:30:00Z,72.51,1787.35
2024-07-13T16:00:00Z,80.18,1780.5
2024-07-13T16:30:00Z,86.27,2101.4
2024-07-13T17:00:00Z,79.81,2453.8
2024-07-13T17:30:00Z,76.3,2021.25
2024-07-13T18:00:00Z,88.31,2295.7
2024-07-13T18:30:00Z,87.56,2319.15
2024-07-13T19:00:00Z,85.47,2263.05
2024-07-13T19:30:00Z,75.0,2264.1
2024-07-13T20:00:00Z,80.21,2527.35
2024-07-13T20:30:00Z,72.15,2629.5
2024-07-13T21:00:00Z,74.34,2170.5
2024-07-13T21:30:00Z,70.02,2052.5
2024-07-13T22:00:00Z,65.16,1701.25
2024-07-13T22:30:00Z,75.81,1888.6
2024-07-13T23:00:00Z,56.97,1331.45
2024-07-13T23:30:00Z,57.790000000000006,1529.95
2024-07-14T00:00:00Z,56.10999999999999,1813.7
2024-07-14T00:30:00Z,45.120000000000005,1485.65
2024-07-14T01:00:00Z,39.94,1541.45
2024-07-14T01:30:00Z,34.51,1692.8
2024-07-14T02:00:00Z,29.83,1400.25
2024-07-14T02:30:00Z,27.49,1472.2
2024-07-14T03:00:00Z,25.760000000000005,1288.75
2024-07-14T03:30:00Z,23.81,1186.65
2024-07-14T04:00:00Z,27.700000000000003,1308.15
2024-07-14T04:30:00Z,30.12,1356.0
2024-07-14T05:00:00Z,14.48,1215.05
2024-07-14T05:30:00Z,23.2,1524.1
2024-07-14T06:00:00Z,40.35,1773.2
2024-07-14T06:30:00Z,54.4,1992.7
2024-07-14T07:00:00Z,68.63,2059.7
2024-07-14T07:30:00Z,70.78,2370.95
2024-07-14T08:00:00Z,66.09,1786.0
2024-07-14T08:30:00Z,58.81,1694.55
2024-07-14T09:00:00Z,57.51,1877.4
2024-07-14T09:30:00Z,58.04,1748.95
2024-07-14T10:00:00Z,60.43,1323.0
2024-07-14T10:30:00Z,70.33,1394.75
2024-07-14T11:00:00Z,75.18,1307.25
2024-07-14T11:30:00Z,73.89,1381.9
2024-07-14T12:00:00Z,77.8,1091.2
2024-07-14T12:30:00Z,79.31,1430.35
2024-07-14T13:00:00Z,80.18,1388.75
2024-07-14T13:30:00Z,80.55,1533.1
2024-07-14T14:00:00Z,72.43,1445.85
2024-07-14T14:30:00Z,66.36,1888.0
2024-07-14T15:00:00Z,67.36,1903.55
2024-07-14T15:30:00Z,66.13,1939.6
2024-07-14T16:00:00Z,62.21,1861.25
2024-07-14T16:30:00Z,62.09,2046.35
2024-07-14T17:00:00Z,65.32,1821.95
2024-07-14T17:30:00Z,65.83,1795.6
2024-07-14T18:00:00Z,77.77000000000001,1922.05
2024-07-14T18:30:00Z,79.28,1844.55
2024-07-14T19:00:00Z,70.51,1753.7
2024-07-14T19:30:00Z,70.78,1808.65
2024-07-14T20:00:00Z,76.11,1727.6
2024-07-14T20:30:00Z,76.21,1697.3
2024-07-14T21:00:00Z,70.73,1669.0
2024-07-14T21:30:00Z,65.66,1517.9
2024-07-14T22:00:00Z,64.51,1218.55
2024-07-14T22:30:00Z,68.72,1220.75
2024-07-14T23:00:00Z,55.67,1054.9
2024-07-14T23:30:00Z,55.3,1142.05
2024-07-15T00:00:00Z,66.51,1832.15
2024-07-15T00:30:00Z,57.93,1356.25
2024-07-15T01:00:00Z,61.67,1600.8
2024-07-15T01:30:00Z,62.61,1577.2
2024-07-15T02:00:00Z,63.879999999999995,1404.55
2024-07-15T02:30:00Z,57.239999999999995,1485.4
2024-07-15T03:00:00Z,60.54999999999999,1214.5
2024-07-15T03:30:00Z,63.07,1451.3
2024-07-15T04:00:00Z,61.35000000000001,1610.15
2024-07-15T04:30:00Z,59.010000000000005,1576.6
2024-07-15T05:00:00Z,62.55,1592.5
2024-07-15T05:30:00Z,58.63,2005.45
2024-07-15T06:00:00Z,62.22,1741.65
2024-07-15T06:30:00Z,73.2,1944.6
2024-07-15T07:00:00Z,75.25,1653.25
2024-07-15T07:30:00Z,78.02,1656.65
2024-07-15T08:00:00Z,82.88,1688.35
2024-07-15T08:30:00Z,80.24,2036.15
2024-07-15T09:00:00Z,80.44,1985.5
2024-07-15T09:30:00Z,82.46,2008.75
2024-07-15T10:00:00Z,87.13,1343.75
2024-07-15T10:30:00Z,88.41,1423.5
2024-07-15T11:00:00Z,88.50000000000001,1657.85
2024-07-15T11:30:00Z,88.65,1447.25
2024-07-15T12:00:00Z,88.1,1648.3
2024-07-15T12:30:00Z,88.64,1680.15
2024-07-15T13:00:00Z,84.58,2134.55
2024-07-15T13:30:00Z,84.25,2303.75
2024-07-15T14:00:00Z,79.51,1566.85
2024-07-15T14:30:00Z,80.97,1800.7
2024-07-15T15:00:00Z,85.24,1723.45
2024-07-15T15:30:00Z,84.52,2180.45
2024-07-15T16:00:00Z,101.54,2036.2
2024-07-15T16:30:00Z,100.22,2605.0
2024-07-15T17:00:00Z,90.18,2227.5
2024-07-15T17:30:00Z,95.38,2018.1
2024-07-15T18:00:00Z,103.58,2015.0
2024-07-15T18:30:00Z,102.97,1916.1
2024-07-15T19:00:00Z,103.56,2176.7
2024-07-15T19:30:00Z,104.87,2262.75
2024-07-15T20:00:00Z,96.29,2693.45
2024-07-15T20:30:00Z,84.42,2690.55
2024-07-15T21:00:00Z,77.51,2086.0
2024-07-15T21:30:00Z,75.17,2262.85
2024-07-15T22:00:00Z,65.73,1430.0
2024-07-15T22:30:00Z,71.21,1462.4
2024-07-15T23:00:00Z,71.86,1957.65
2024-07-15T23:30:00Z,72.35,1982.2
2024-07-16T00:00:00Z,69.24,1912.4
2024-07-16T00:30:00Z,69.1,2406.6
2024-07-16T01:00:00Z,74.27,2247.05
2024-07-16T01:30:00Z,66.44,2176.2
2024-07-16T02:00:00Z,60.98,1872.15
2024-07-16T02:30:00Z,63.48,1838.7
2024-07-16T03:00:00Z,62.73,1893.9
2024-07-16T03:30:00Z,59.51,2066.75
2024-07-16T04:00:00Z,67.68,2588.5
2024-07-16T04:30:00Z,69.97,2571.7
2024-07-16T05:00:00Z,75.81,2643.55
2024-07-16T05:30:00Z,86.79,2981.9
2024-07-16T06:00:00Z,91.15,3266.1
2024-07-16T06:30:00Z,97.64,3799.8
2024-07-16T07:00:00Z,98.55,3313.35
2024-07-16T07:30:00Z,98.24,3577.7
2024-07-16T08:00:00Z,98.02999999999999,3358.2
2024-07-16T08:30:00Z,96.98,3190.35
2024-07-16T09:00:00Z,95.62,3218.6
2024-07-16T09:30:00Z,92.45,3331.7
2024-07-16T10:00:00Z,85.57999999999998,3213.35
2024-07-16T10:30:00Z,83.31,3325.65
2024-07-16T11:00:00Z,81.01,3151.0
2024-07-16T11:30:00Z,79.97,3172.2
2024-07-16T12:00:00Z,78.49,3150.95
2024-07-16T12:30:00Z,70.3,2698.65
2024-07-16T13:00:00Z,70.12,3128.55
2024-07-16T13:30:00Z,72.58,3267.9
2024-07-16T14:00:00Z,71.51,2998.35
2024-07-16T14:30:00Z,74.3,3272.25
2024-07-16T15:00:00Z,72.29,3224.2
2024-07-16T15:30:00Z,74.94,3218.75
2024-07-16T16:00:00Z,84.85,2637.0
2024-07-16T16:30:00Z,90.93,2741.7
2024-07-16T17:00:00Z,94.04,2797.4
2024-07-16T17:30:00Z,99.7,3014.75
2024-07-16T18:00:00Z,107.22,2144.6
2024-07-16T18:30:00Z,108.19,2282.55
2024-07-16T19:00:00Z,101.88999999999999,2645.4
2024-07-16T19:30:00Z,103.81,2608.5
2024-07-16T20:00:00Z,107.47,2324.55
2024-07-16T20:30:00Z,105.7,2099.2
2024-07-16T21:00:00Z,102.25,2604.35
2024-07-16T21:30:00Z,89.1,2146.5
2024-07-16T22:00:00Z,86.12,1809.05
2024-07-16T22:30:00Z,87.09,1411.8
2024-07-16T23:00:00Z,88.2,1297.05
2024-07-16T23:30:00Z,77.46,1344.5
2024-07-17T00:00:00Z,76.04,1171.45
2024-07-17T00:30:00Z,75.14,1270.4
2024-07-17T01:00:00Z,74.19,1236.2
2024-07-17T01:30:00Z,71.14,1114.85
2024-07-17T02:00:00Z,70.0,1132.85
2024-07-17T02:30:00Z,67.71,726.5
2024-07-17T03:00:00Z,66.9,933.4
2024-07-17T03:30:00Z,65.67,937.45
2024-07-17T04:00:00Z,69.09,1275.55
2024-07-17T04:30:00Z,67.65,1226.9
2024-07-17T05:00:00Z,83.51,1596.75
2024-07-17T05:30:00Z,91.22,1946.85
2024-07-17T06:00:00Z,93.53,1787.95
2024-07-17T06:30:00Z,100.23,2232.4
2024-07-17T07:00:00Z,99.09,1574.85
2024-07-17T07:30:00Z,92.97,1550.2
2024-07-17T08:00:00Z,91.2,1585.5
2024-07-17T08:30:00Z,78.61,1807.45
2024-07-17T09:00:00Z,71.54,1662.45
2024-07-17T09:30:00Z,71.0,1746.95
2024-07-17T10:00:00Z,67.56,1856.45
2024-07-17T10:30:00Z,67.02,1883.25
2024-07-17T11:00:00Z,68.27,2018.5
2024-07-17T11:30:00Z,68.89,2157.0
2024-07-17T12:00:00Z,68.92,1938.3
2024-07-17T12:30:00Z,70.08,2073.8
2024-07-17T13:00:00Z,68.88,2045.25
2024-07-17T13:30:00Z,67.92,2083.2
2024-07-17T14:00:00Z,68.63,1944.4
2024-07-17T14:30:00Z,71.66,1980.4
2024-07-17T15:00:00Z,69.92,1768.35
2024-07-17T15:30:00Z,75.61,1892.3
2024-07-17T16:00:00Z,73.8,1732.05
2024-07-17T16:30:00Z,73.44,2017.05
2024-07-17T17:00:00Z,89.9,2106.4
2024-07-17T17:30:00Z,87.97,1923.4
2024-07-17T18:00:00Z,100.31,2189.95
2024-07-17T18:30:00Z,99.57,2007.8
2024-07-17T19:00:00Z,101.6,2285.2
2024-07-17T19:30:00Z,100.41,2180.75
2024-07-17T20:00:00Z,97.23,1585.85
2024-07-17T20:30:00Z,93.6,1634.0
2024-07-17T21:00:00Z,81.08,1547.65
2024-07-17T21:30:00Z,81.55,1866.15
2024-07-17T22:00:00Z,73.48999999999998,1937.2
2024-07-17T22:30:00Z,73.69,1516.9
2024-07-17T23:00:00Z,64.14,1595.45
2024-07-17T23:30:00Z,61.68000000000001,1303.9
2024-07-18T00:00:00Z,63.58,1656.2
2024-07-18T00:30:00Z,66.65,1652.35
2024-07-18T01:00:00Z,64.0,1396.7
2024-07-18T01:30:00Z,64.58,1628.9
2024-07-18T02:00:00Z,57.9,1617.35
2024-07-18T02:30:00Z,52.89,1890.15
2024-07-18T03:00:00Z,61.31,1899.4
2024-07-18T03:30:00Z,53.75,1570.75
2024-07-18T04:00:00Z,61.72,1854.85
2024-07-18T04:30:00Z,60.620000000000005,1437.0
2024-07-18T05:00:00Z,66.29,1567.25
2024-07-18T05:30:00Z,67.65,2040.1
2024-07-18T06:00:00Z,57.16,1513.65
2024-07-18T06:30:00Z,63.03,1756.55
2024-07-18T07:00:00Z,66.15,2096.15
2024-07-18T07:30:00Z,65.6,2335.0
2024-07-18T08:00:00Z,62.45,2242.4
2024-07-18T08:30:00Z,57.60000000000001,2451.15
2024-07-18T09:00:00Z,56.6,3411.4
2024-07-18T09:30:00Z,66.35,3959.35
2024-07-18T10:00:00Z,57.79,3030.8
2024-07-18T10:30:00Z,55.0,2829.4
2024-07-18T11:00:00Z,60.46999999999999,3042.2
2024-07-18T11:30:00Z,61.54,3199.85
2024-07-18T12:00:00Z,57.95,3424.6
2024-07-18T12:30:00Z,58.6,2995.15
2024-07-18T13:00:00Z,59.800000000000004,2895.75
2024-07-18T13:30:00Z,59.65,2833.95
2024-07-18T14:00:00Z,62.96000000000001,2091.35
2024-07-18T14:30:00Z,69.42,2199.3
2024-07-18T15:00:00Z,62.31000000000001,2656.1
2024-07-18T15:30:00Z,62.74,2601.35
2024-07-18T16:00:00Z,83.86,2135.3
2024-07-18T16:30:00Z,69.48,2244.8
2024-07-18T17:00:00Z,87.92,2581.0
2024-07-18T17:30:00Z,90.46,2368.5
2024-07-18T18:00:00Z,103.92,2394.9
2024-07-18T18:30:00Z,104.25,2391.85
2024-07-18T19:00:00Z,106.60000000000001,2624.5
2024-07-18T19:30:00Z,105.22,2604.5
2024-07-18T20:00:00Z,96.62,2620.95
2024-07-18T20:30:00Z,95.59,2248.75
2024-07-18T21:00:00Z,92.36,2562.25
2024-07-18T21:30:00Z,86.08,2160.15
2024-07-18T22:00:00Z,67.45,1484.5
2024-07-18T22:30:00Z,71.85,1237.85
2024-07-18T23:00:00Z,70.4,1335.65
2024-07-18T23:30:00Z,64.13,1286.45
2024-07-19T00:00:00Z,58.42,1714.65
2024-07-19T00:30:00Z,58.18,1506.55
2024-07-19T01:00:00Z,57.46999999999999,1776.55
2024-07-19T01:30:00Z,56.6,1966.25
2024-07-19T02:00:00Z,57.89,1998.6
2024-07-19T02:30:00Z,57.78,2158.6
2024-07-19T03:00:00Z,58.32,1789.25
2024-07-19T03:30:00Z,57.26,1688.45
2024-07-19T04:00:00Z,57.69,1526.6
2024-07-19T04:30:00Z,58.73,1327.55
2024-07-19T05:00:00Z,62.76,1660.25
2024-07-19T05:30:00Z,78.29,2040.6
2024-07-19T06:00:00Z,75.16,2075.1
2024-07-19T06:30:00Z,87.48,2174.45
2024-07-19T07:00:00Z,78.08,2003.5
2024-07-19T07:30:00Z,76.55,1973.7
2024-07-19T08:00:00Z,73.81,2127.65
2024-07-19T08:30:00Z,74.17,2237.25
2024-07-19T09:00:00Z,73.87,2071.15
2024-07-19T09:30:00Z,68.56,2107.7
2024-07-19T10:00:00Z,63.74,2118.0
2024-07-19T10:30:00Z,59.90999999999999,2206.9
2024-07-19T11:00:00Z,56.97,2183.05
2024-07-19T11:30:00Z,55.02,2072.15
2024-07-19T12:00:00Z,53.98,2244.85
2024-07-19T12:30:00Z,50.22,2167.55
2024-07-19T13:00:00Z,50.59,2403.65
2024-07-19T13:30:00Z,52.92000000000001,2751.75
2024-07-19T14:00:00Z,52.97,2593.9
2024-07-19T14:30:00Z,51.17,2545.45
2024-07-19T15:00:00Z,68.82,2960.85
2024-07-19T15:30:00Z,63.690000000000005,2748.95
2024-07-19T16:00:00Z,68.55,3107.9
2024-07-19T16:30:00Z,65.29,3233.95
2024-07-19T17:00:00Z,72.89,2902.55
2024-07-19T17:30:00Z,72.72,2753.6
2024-07-19T18:00:00Z,89.05,1995.1
2024-07-19T18:30:00Z,88.18,2022.75
2024-07-19T19:00:00Z,89.8,2178.3
2024-07-19T19:30:00Z,89.35,2198.65
2024-07-19T20:00:00Z,87.0,2214.45
2024-07-19T20:30:00Z,87.17,2141.6
2024-07-19T21:00:00Z,80.77,1814.0
2024-07-19T21:30:00Z,85.63,1687.65
2024-07-19T22:00:00Z,59.55,1666.4
2024-07-19T22:30:00Z,72.12,1152.4
2024-07-19T23:00:00Z,55.45,1190.0
2024-07-19T23:30:00Z,62.279999999999994,1410.75
2024-07-20T00:00:00Z,63.75000000000001,1371.35
2024-07-20T00:30:00Z,60.74,1171.5
2024-07-20T01:00:00Z,60.38999999999999,1329.75
2024-07-20T01:30:00Z,60.10999999999999,1366.95
2024-07-20T02:00:00Z,63.2,1322.4
2024-07-20T02:30:00Z,66.29,1142.9
2024-07-20T03:00:00Z,67.38,1304.1
2024-07-20T03:30:00Z,62.03000000000001,1186.75
2024-07-20T04:00:00Z,59.44,1390.6
2024-07-20T04:30:00Z,66.24,1511.85
2024-07-20T05:00:00Z,64.28,1233.75
2024-07-20T05:30:00Z,63.09,1260.45
2024-07-20T06:00:00Z,59.2,1003.1
2024-07-20T06:30:00Z,62.01,1526.0
2024-07-20T07:00:00Z,65.9,1583.75
2024-07-20T07:30:00Z,64.99,1332.45
2024-07-20T08:00:00Z,69.52,1360.0
2024-07-20T08:30:00Z,64.63,1381.7
2024-07-20T09:00:00Z,72.13,1448.5
2024-07-20T09:30:00Z,74.42,1445.35
2024-07-20T10:00:00Z,80.02,1305.25
2024-07-20T10:30:00Z,83.08,1206.35
2024-07-20T11:00:00Z,82.41,1160.75
2024-07-20T11:30:00Z,81.67,1110.6
2024-07-20T12:00:00Z,78.33,1095.8
2024-07-20T12:30:00Z,77.95,1274.6
2024-07-20T13:00:00Z,73.8,1519.35
2024-07-20T13:30:00Z,66.98,1795.65
2024-07-20T14:00:00Z,69.77,1765.35
2024-07-20T14:30:00Z,68.39,1958.5
2024-07-20T15:00:00Z,66.11,1706.4
2024-07-20T15:30:00Z,71.1,1755.3
2024-07-20T16:00:00Z,81.93,1644.4
2024-07-20T16:30:00Z,82.96,1755.2
2024-07-20T17:00:00Z,78.27,2179.05
2024-07-20T17:30:00Z,81.16,2260.85
2024-07-20T18:00:00Z,83.54000000000002,1852.35
2024-07-20T18:30:00Z,82.63,2097.1
2024-07-20T19:00:00Z,74.76,1963.0
2024-07-20T19:30:00Z,71.71,1786.65
2024-07-20T20:00:00Z,72.99,2444.65
2024-07-20T20:30:00Z,67.48,2584.4
2024-07-20T21:00:00Z,71.75,2318.05
2024-07-20T21:30:00Z,70.64,2268.9
2024-07-20T22:00:00Z,62.42,981.95
2024-07-20T22:30:00Z,66.22,1068.5
2024-07-20T23:00:00Z,63.489999999999995,1056.75
2024-07-20T23:30:00Z,60.03000000000001,1109.65
2024-07-21T00:00:00Z,54.07,945.25
2024-07-21T00:30:00Z,52.85,1146.5
2024-07-21T01:00:00Z,54.67000000000001,1210.25
2024-07-21T01:30:00Z,50.95,1412.7
2024-07-21T02:00:00Z,58.43,1544.5
2024-07-21T02:30:00Z,56.52000000000001,1169.25
2024-07-21T03:00:00Z,57.82,1035.1
2024-07-21T03:30:00Z,57.77,1054.7
2024-07-21T04:00:00Z,57.46,1053.85
2024-07-21T04:30:00Z,59.87,1083.75
2024-07-21T05:00:00Z,61.38,1328.25
2024-07-21T05:30:00Z,59.150000000000006,1596.6
2024-07-21T06:00:00Z,62.6,1697.5
2024-07-21T06:30:00Z,67.83,1562.05
2024-07-21T07:00:00Z,58.989999999999995,1682.85
2024-07-21T07:30:00Z,62.04,1784.5
2024-07-21T08:00:00Z,65.52,1483.3
2024-07-21T08:30:00Z,62.54,1335.55
2024-07-21T09:00:00Z,57.93999999999999,1264.65
2024-07-21T09:30:00Z,51.57,1300.0
2024-07-21T10:00:00Z,42.5,1383.55
2024-07-21T10:30:00Z,52.23,1624.9
2024-07-21T11:00:00Z,66.75,1962.9
2024-07-21T11:30:00Z,72.49,2225.55
2024-07-21T12:00:00Z,71.13,2017.95
2024-07-21T12:30:00Z,67.37,1877.9
2024-07-21T13:00:00Z,58.6,1797.85
2024-07-21T13:30:00Z,54.06,2145.35
2024-07-21T14:00:00Z,52.73,2348.9
2024-07-21T14:30:00Z,64.51,2439.1
2024-07-21T15:00:00Z,67.69,2763.45
2024-07-21T15:30:00Z,75.63,2482.3
2024-07-21T16:00:00Z,91.63,2008.5
2024-07-21T16:30:00Z,92.99,2117.1
2024-07-21T17:00:00Z,92.43,1858.4
2024-07-21T17:30:00Z,91.72,1840.6
2024-07-21T18:00:00Z,96.94,1510.8
2024-07-21T18:30:00Z,96.07000000000001,1614.65
2024-07-21T19:00:00Z,93.43,1803.0
2024-07-21T19:30:00Z,95.41,1721.85
2024-07-21T20:00:00Z,101.32000000000001,1911.4
2024-07-21T20:30:00Z,99.96,1817.9
2024-07-21T21:00:00Z,90.19,1891.45
2024-07-21T21:30:00Z,84.29,1559.5
2024-07-21T22:00:00Z,74.27,1578.2
2024-07-21T22:30:00Z,78.36,1565.9
2024-07-21T23:00:00Z,74.15,1085.35
2024-07-21T23:30:00Z,76.57,1387.5
2024-07-22T00:00:00Z,68.84,1208.9
2024-07-22T00:30:00Z,63.82,1207.85
2024-07-22T01:00:00Z,67.72,1353.95
2024-07-22T01:30:00Z,61.5,1560.6
2024-07-22T02:00:00Z,62.32000000000001,1274.3
2024-07-22T02:30:00Z,64.71,1286.15
2024-07-22T03:00:00Z,59.52,1424.25
2024-07-22T03:30:00Z,65.31,1511.15
2024-07-22T04:00:00Z,64.31,1091.7
2024-07-22T04:30:00Z,58.95000000000001,1168.9
2024-07-22T05:00:00Z,63.07999999999999,1188.4
2024-07-22T05:30:00Z,80.62,1552.85
2024-07-22T06:00:00Z,76.29,1884.1
2024-07-22T06:30:00Z,88.46,1771.7
2024-07-22T07:00:00Z,91.46,1698.7
2024-07-22T07:30:00Z,90.92,1786.6
2024-07-22T08:00:00Z,92.25,1915.45
2024-07-22T08:30:00Z,89.63,2055.8
2024-07-22T09:00:00Z,90.52,1787.3
2024-07-22T09:30:00Z,90.84,2081.25
2024-07-22T10:00:00Z,87.94,2355.7
2024-07-22T10:30:00Z,86.61,2534.2
2024-07-22T11:00:00Z,79.74,2838.8
2024-07-22T11:30:00Z,73.67,2802.45
2024-07-22T12:00:00Z,68.78,3432.85
2024-07-22T12:30:00Z,64.89,3599.6
2024-07-22T13:00:00Z,63.21999999999999,3667.95
2024-07-22T13:30:00Z,63.74,3637.7
2024-07-22T14:00:00Z,60.44,2978.15
2024-07-22T14:30:00Z,61.4,2514.05
2024-07-22T15:00:00Z,68.7,2742.85
2024-07-22T15:30:00Z,74.48,3125.7
2024-07-22T16:00:00Z,85.93,3296.85
2024-07-22T16:30:00Z,89.59,3502.55
2024-07-22T17:00:00Z,97.06,4324.45
2024-07-22T17:30:00Z,101.45,4273.25
2024-07-22T18:00:00Z,113.52,3362.45
2024-07-22T18:30:00Z,109.35999999999999,3689.8
2024-07-22T19:00:00Z,110.41,3205.1
2024-07-22T19:30:00Z,108.81000000000002,3164.2
2024-07-22T20:00:00Z,102.68999999999998,2972.65
2024-07-22T20:30:00Z,102.96999999999998,3124.2
2024-07-22T21:00:00Z,100.22999999999999,3025.8
2024-07-22T21:30:00Z,94.06,3003.45
2024-07-22T22:00:00Z,85.58,2350.45
2024-07-22T22:30:00Z,85.68,1673.8
2024-07-22T23:00:00Z,78.07,2045.35
2024-07-22T23:30:00Z,74.33,1881.7
2024-07-23T00:00:00Z,77.44,2022.9
2024-07-23T00:30:00Z,81.0,2203.65
2024-07-23T01:00:00Z,83.73,2000.25
2024-07-23T01:30:00Z,84.61,2114.15
2024-07-23T02:00:00Z,87.2,2061.9
2024-07-23T02:30:00Z,87.31,2270.95
2024-07-23T03:00:00Z,86.8,2427.25
2024-07-23T03:30:00Z,83.36,2993.95
2024-07-23T04:00:00Z,92.53,2574.05
2024-07-23T04:30:00Z,91.03,2485.95
2024-07-23T05:00:00Z,96.3,2800.9
2024-07-23T05:30:00Z,102.82000000000001,3098.25
2024-07-23T06:00:00Z,104.93,2063.85
2024-07-23T06:30:00Z,106.78,2198.0
2024-07-23T07:00:00Z,99.84,2154.8
2024-07-23T07:30:00Z,97.77,2459.25
2024-07-23T08:00:00Z,93.98,2686.25
2024-07-23T08:30:00Z,92.14,2560.75
2024-07-23T09:00:00Z,91.52,2787.2
2024-07-23T09:30:00Z,87.8,2905.2
2024-07-23T10:00:00Z,78.95,3107.4
2024-07-23T10:30:00Z,79.48,2743.1
2024-07-23T11:00:00Z,79.66,2794.35
2024-07-23T11:30:00Z,80.44,2795.55
2024-07-23T12:00:00Z,76.14,2998.3
2024-07-23T12:30:00Z,74.25,2629.05
2024-07-23T13:00:00Z,72.13,2950.95
2024-07-23T13:30:00Z,72.4,3105.7
2024-07-23T14:00:00Z,79.99,2986.3
2024-07-23T14:30:00Z,79.6,3330.4
2024-07-23T15:00:00Z,75.48,3436.75
2024-07-23T15:30:00Z,77.15,3602.5
2024-07-23T16:00:00Z,82.57,3402.4
2024-07-23T16:30:00Z,90.95000000000002,3194.25
2024-07-23T17:00:00Z,95.69,3358.9
2024-07-23T17:30:00Z,96.23,3232.5
2024-07-23T18:00:00Z,103.24999999999999,2593.65
2024-07-23T18:30:00Z,103.43,2376.75
2024-07-23T19:00:00Z,101.19,2244.45
2024-07-23T19:30:00Z,102.2,2374.25
2024-07-23T20:00:00Z,104.48,2179.1
2024-07-23T20:30:00Z,104.64,1994.3
2024-07-23T21:00:00Z,101.78,1934.05
2024-07-23T21:30:00Z,96.95,2142.65
2024-07-23T22:00:00Z,88.89,1708.15
2024-07-23T22:30:00Z,80.15,1456.15
2024-07-23T23:00:00Z,74.41,1651.95
2024-07-23T23:30:00Z,70.2,1498.0
2024-07-24T00:00:00Z,67.48,1180.05
2024-07-24T00:30:00Z,64.16,1278.0
2024-07-24T01:00:00Z,75.80999999999999,1885.25
2024-07-24T01:30:00Z,70.86,2274.1
2024-07-24T02:00:00Z,67.09,2392.9
2024-07-24T02:30:00Z,66.35,1694.25
2024-07-24T03:00:00Z,65.7,1636.45
2024-07-24T03:30:00Z,64.04,1632.25
2024-07-24T04:00:00Z,64.68,1614.6
2024-07-24T04:30:00Z,64.56,1618.6
2024-07-24T05:00:00Z,65.03,2059.1
2024-07-24T05:30:00Z,78.24,1689.15
2024-07-24T06:00:00Z,97.42,1854.75
2024-07-24T06:30:00Z,99.56,2134.45
2024-07-24T07:00:00Z,101.91,2068.75
2024-07-24T07:30:00Z,102.79,2272.1
2024-07-24T08:00:00Z,101.21,2098.65
2024-07-24T08:30:00Z,98.77,2320.4
2024-07-24T09:00:00Z,97.05,2114.35
2024-07-24T09:30:00Z,89.27,2186.75
2024-07-24T10:00:00Z,77.22,1895.4
2024-07-24T10:30:00Z,78.14,2183.15
2024-07-24T11:00:00Z,77.13000000000001,2000.15
2024-07-24T11:30:00Z,72.94,1735.8
2024-07-24T12:00:00Z,72.05,2278.45
2024-07-24T12:30:00Z,70.35,2153.9
2024-07-24T13:00:00Z,67.94,2609.4
2024-07-24T13:30:00Z,64.83,2796.35
2024-07-24T14:00:00Z,62.72,2583.75
2024-07-24T14:30:00Z,62.40999999999999,2749.65
2024-07-24T15:00:00Z,62.22,2751.0
2024-07-24T15:30:00Z,62.32,2749.25
2024-07-24T16:00:00Z,63.14,2760.7
2024-07-24T16:30:00Z,61.129999999999995,3247.7
2024-07-24T17:00:00Z,67.79,3246.1
2024-07-24T17:30:00Z,64.73,3259.9
2024-07-24T18:00:00Z,79.74,2980.7
2024-07-24T18:30:00Z,77.51,2883.85
2024-07-24T19:00:00Z,86.44,2778.45
2024-07-24T19:30:00Z,86.05,2616.25
2024-07-24T20:00:00Z,90.45,2635.75
2024-07-24T20:30:00Z,87.06,2317.45
2024-07-24T21:00:00Z,83.37,2123.65
2024-07-24T21:30:00Z,78.01,2710.25
2024-07-24T22:00:00Z,67.8,2173.1
2024-07-24T22:30:00Z,81.12,2029.2
2024-07-24T23:00:00Z,79.13,2366.05
2024-07-24T23:30:00Z,80.21,2212.7
2024-07-25T00:00:00Z,74.17,1976.45
2024-07-25T00:30:00Z,70.46,2165.45
2024-07-25T01:00:00Z,71.9,1960.0
2024-07-25T01:30:00Z,69.12,2167.8
2024-07-25T02:00:00Z,66.46,1469.05
2024-07-25T02:30:00Z,69.79,1561.8
2024-07-25T03:00:00Z,73.62,1632.45
2024-07-25T03:30:00Z,70.96,1552.45
2024-07-25T04:00:00Z,74.48,1506.55
2024-07-25T04:30:00Z,68.37,1686.15
2024-07-25T05:00:00Z,66.68,2018.55
2024-07-25T05:30:00Z,75.63,2130.2
2024-07-25T06:00:00Z,53.98,2050.0
2024-07-25T06:30:00Z,65.12,2301.15
2024-07-25T07:00:00Z,66.65,2088.6
2024-07-25T07:30:00Z,78.38,2263.5
2024-07-25T08:00:00Z,81.02,2241.15
2024-07-25T08:30:00Z,77.41,2249.05
2024-07-25T09:00:00Z,76.97,2287.55
2024-07-25T09:30:00Z,75.58,2350.7
2024-07-25T10:00:00Z,77.4,2096.7
2024-07-25T10:30:00Z,78.3,2090.15
2024-07-25T11:00:00Z,85.05,2169.65
2024-07-25T11:30:00Z,84.59,2341.8
2024-07-25T12:00:00Z,79.75,2656.2
2024-07-25T12:30:00Z,72.46,2904.25
2024-07-25T13:00:00Z,72.02,2498.4
2024-07-25T13:30:00Z,71.72,2733.5
2024-07-25T14:00:00Z,67.21,1834.0
2024-07-25T14:30:00Z,72.87,1762.9
2024-07-25T15:00:00Z,73.21,2173.45
2024-07-25T15:30:00Z,73.69,2521.7
2024-07-25T16:00:00Z,76.39,2835.55
2024-07-25T16:30:00Z,73.45,2698.85
2024-07-25T17:00:00Z,82.22,2545.9
2024-07-25T17:30:00Z,80.87,2546.85
2024-07-25T18:00:00Z,72.42,2289.35
2024-07-25T18:30:00Z,70.22,2356.05
2024-07-25T19:00:00Z,70.79,2522.85
2024-07-25T19:30:00Z,74.77,2576.15
2024-07-25T20:00:00Z,73.97,2557.2
2024-07-25T20:30:00Z,68.05,2681.8
2024-07-25T21:00:00Z,66.32,2663.7
2024-07-25T21:30:00Z,72.22,3122.3
2024-07-25T22:00:00Z,69.77,2013.3
2024-07-25T22:30:00Z,68.96,1692.9
2024-07-25T23:00:00Z,68.39,1956.85
2024-07-25T23:30:00Z,69.43,2167.0
2024-07-26T00:00:00Z,62.83,1543.6
2024-07-26T00:30:00Z,61.95,1583.9
2024-07-26T01:00:00Z,62.2,1582.85
2024-07-26T01:30:00Z,60.03,1494.45
2024-07-26T02:00:00Z,57.37,1363.2
2024-07-26T02:30:00Z,56.59,1185.55
2024-07-26T03:00:00Z,62.779999999999994,1141.0
2024-07-26T03:30:00Z,63.17000000000001,1119.35
2024-07-26T04:00:00Z,65.48,1407.85
2024-07-26T04:30:00Z,60.83,1289.55
2024-07-26T05:00:00Z,72.15,1448.25
2024-07-26T05:30:00Z,72.41,1832.95
2024-07-26T06:00:00Z,63.78,1727.75
2024-07-26T06:30:00Z,84.38,2214.85
2024-07-26T07:00:00Z,80.67,1875.15
2024-07-26T07:30:00Z,74.43,1942.4
2024-07-26T08:00:00Z,76.44,1981.35
2024-07-26T08:30:00Z,75.38,1972.95
2024-07-26T09:00:00Z,76.43,2170.55
2024-07-26T09:30:00Z,69.04,2197.8
2024-07-26T10:00:00Z,64.95,1870.85
2024-07-26T10:30:00Z,68.37,2175.1
2024-07-26T11:00:00Z,63.89000000000001,2075.9
2024-07-26T11:30:00Z,61.970000000000006,2214.25
2024-07-26T12:00:00Z,60.42,2395.35
2024-07-26T12:30:00Z,57.89,2299.05
2024-07-26T13:00:00Z,56.41,2662.8
2024-07-26T13:30:00Z,54.58,2597.85
2024-07-26T14:00:00Z,51.3,2392.55
2024-07-26T14:30:00Z,52.04,2360.75
2024-07-26T15:00:00Z,60.65999999999999,2623.5
2024-07-26T15:30:00Z,64.75,2730.5
2024-07-26T16:00:00Z,66.28,1952.4
2024-07-26T16:30:00Z,70.41,2558.6
2024-07-26T17:00:00Z,78.06,2236.65
2024-07-26T17:30:00Z,79.23,2361.35
2024-07-26T18:00:00Z,76.31,2153.9
2024-07-26T18:30:00Z,78.37,2188.95
2024-07-26T19:00:00Z,78.11,1995.25
2024-07-26T19:30:00Z,83.63,2257.05
2024-07-26T20:00:00Z,89.18,2227.95
2024-07-26T20:30:00Z,86.73,2277.35
2024-07-26T21:00:00Z,87.5,2112.85
2024-07-26T21:30:00Z,80.25,1538.05
2024-07-26T22:00:00Z,68.18,1323.8
2024-07-26T22:30:00Z,66.78,1148.55
2024-07-26T23:00:00Z,65.67,1216.0
2024-07-26T23:30:00Z,65.69,1343.6
2024-07-27T00:00:00Z,63.300000000000004,1444.35
2024-07-27T00:30:00Z,63.11,1453.8
2024-07-27T01:00:00Z,61.63000000000001,1397.6
2024-07-27T01:30:00Z,61.59000000000001,1231.95
2024-07-27T02:00:00Z,62.01,1512.25
2024-07-27T02:30:00Z,64.4,1395.3
2024-07-27T03:00:00Z,63.14,1369.0
2024-07-27T03:30:00Z,62.080000000000005,1239.8
2024-07-27T04:00:00Z,63.61,1249.3
2024-07-27T04:30:00Z,63.96999999999999,1094.05
2024-07-27T05:00:00Z,65.91,1596.5
2024-07-27T05:30:00Z,72.35,1542.0
2024-07-27T06:00:00Z,73.04,1523.1
2024-07-27T06:30:00Z,73.84,1636.1
2024-07-27T07:00:00Z,70.29,1204.15
2024-07-27T07:30:00Z,72.87,1187.15
2024-07-27T08:00:00Z,71.74,1199.7
2024-07-27T08:30:00Z,68.05,1376.85
2024-07-27T09:00:00Z,67.47,1511.7
2024-07-27T09:30:00Z,66.2,1103.75
2024-07-27T10:00:00Z,63.75,649.1
2024-07-27T10:30:00Z,57.91,1084.1
2024-07-27T11:00:00Z,60.45,1103.15
2024-07-27T11:30:00Z,63.43,1457.0
2024-07-27T12:00:00Z,64.57,1476.8
2024-07-27T12:30:00Z,61.03000000000001,1591.65
2024-07-27T13:00:00Z,57.67999999999999,1602.65
2024-07-27T13:30:00Z,59.300000000000004,1622.35
2024-07-27T14:00:00Z,64.67,1322.45
2024-07-27T14:30:00Z,65.15,1441.15
2024-07-27T15:00:00Z,70.64,1716.7
2024-07-27T15:30:00Z,76.6,1846.25
2024-07-27T16:00:00Z,84.05,1236.5
2024-07-27T16:30:00Z,84.97,1753.3
2024-07-27T17:00:00Z,85.35,1359.2
2024-07-27T17:30:00Z,89.41,1393.75
2024-07-27T18:00:00Z,84.95,1475.8
2024-07-27T18:30:00Z,83.07,1498.75
2024-07-27T19:00:00Z,82.41,1767.4
2024-07-27T19:30:00Z,85.65,1789.05
2024-07-27T20:00:00Z,80.94,1343.75
2024-07-27T20:30:00Z,79.35,1193.45
2024-07-27T21:00:00Z,77.14,1072.0
2024-07-27T21:30:00Z,70.36,1069.95
2024-07-27T22:00:00Z,75.52,1323.05
2024-07-27T22:30:00Z,81.41,1224.1
2024-07-27T23:00:00Z,75.95,1102.8
2024-07-27T23:30:00Z,75.8,1188.8
2024-07-28T00:00:00Z,70.07,1230.5
2024-07-28T00:30:00Z,69.44,1245.8
2024-07-28T01:00:00Z,70.33,1258.05
2024-07-28T01:30:00Z,69.42,1143.6
2024-07-28T02:00:00Z,67.6,842.3
2024-07-28T02:30:00Z,69.16,738.8
2024-07-28T03:00:00Z,69.4,726.2
2024-07-28T03:30:00Z,69.67,806.2
2024-07-28T04:00:00Z,71.52,881.5
2024-07-28T04:30:00Z,73.23,872.75
2024-07-28T05:00:00Z,75.17,910.75
2024-07-28T05:30:00Z,76.32,1087.95
2024-07-28T06:00:00Z,82.95,1051.5
2024-07-28T06:30:00Z,83.81,912.2
2024-07-28T07:00:00Z,87.03,903.55
2024-07-28T07:30:00Z,95.89,1438.3
2024-07-28T08:00:00Z,96.16,1899.4
2024-07-28T08:30:00Z,90.22,1915.35
2024-07-28T09:00:00Z,90.15,2427.35
2024-07-28T09:30:00Z,86.47,2408.6
2024-07-28T10:00:00Z,80.37,2218.35
2024-07-28T10:30:00Z,79.57,2125.8
2024-07-28T11:00:00Z,80.52,2139.55
2024-07-28T11:30:00Z,79.89,2142.7
2024-07-28T12:00:00Z,76.58,2043.55
2024-07-28T12:30:00Z,72.9,2285.55
2024-07-28T13:00:00Z,71.84,2313.6
2024-07-28T13:30:00Z,71.28,2479.15
2024-07-28T14:00:00Z,68.06,2174.0
2024-07-28T14:30:00Z,66.22,2028.45
2024-07-28T15:00:00Z,64.03,2019.9
2024-07-28T15:30:00Z,66.56,2193.2
2024-07-28T16:00:00Z,69.3,2197.2
2024-07-28T16:30:00Z,74.28,2137.15
2024-07-28T17:00:00Z,76.24,1914.6
2024-07-28T17:30:00Z,73.58,2033.9
2024-07-28T18:00:00Z,63.16,1766.1
2024-07-28T18:30:00Z,67.78,1960.25
2024-07-28T19:00:00Z,76.59,2049.05
2024-07-28T19:30:00Z,74.68,1742.8
2024-07-28T20:00:00Z,75.69,1845.0
2024-07-28T20:30:00Z,69.68,1805.85
2024-07-28T21:00:00Z,67.0,2058.6
2024-07-28T21:30:00Z,64.39,2139.7
2024-07-28T22:00:00Z,57.48,1207.9
2024-07-28T22:30:00Z,63.96999999999999,1399.75
2024-07-28T23:00:00Z,73.42,1351.25
2024-07-28T23:30:00Z,73.81,1048.75
2024-07-29T00:00:00Z,73.11,1430.8
2024-07-29T00:30:00Z,68.83,1454.5
2024-07-29T01:00:00Z,72.17,1210.85
2024-07-29T01:30:00Z,71.45,1328.95
2024-07-29T02:00:00Z,70.16,1415.45
2024-07-29T02:30:00Z,70.7,1094.55
2024-07-29T03:00:00Z,70.44,1087.0
2024-07-29T03:30:00Z,67.84,1171.2
2024-07-29T04:00:00Z,69.53,1094.3
2024-07-29T04:30:00Z,66.74,1437.35
2024-07-29T05:00:00Z,77.24,1230.0
2024-07-29T05:30:00Z,73.0,1335.2
2024-07-29T06:00:00Z,64.74,1081.45
2024-07-29T06:30:00Z,74.39,1322.75
2024-07-29T07:00:00Z,72.05,1379.65
2024-07-29T07:30:00Z,68.52,1512.5
2024-07-29T08:00:00Z,74.45,1427.85
2024-07-29T08:30:00Z,65.12,1403.65
2024-07-29T09:00:00Z,63.61,1390.65
2024-07-29T09:30:00Z,60.78,1692.55
2024-07-29T10:00:00Z,69.48,1950.4
2024-07-29T10:30:00Z,67.3,1962.3
2024-07-29T11:00:00Z,65.91,1973.05
2024-07-29T11:30:00Z,63.870000000000005,1947.65
2024-07-29T12:00:00Z,62.32,2217.15
2024-07-29T12:30:00Z,64.26,2075.75
2024-07-29T13:00:00Z,70.03,2366.9
2024-07-29T13:30:00Z,69.41,2534.15
2024-07-29T14:00:00Z,72.77,1669.8
2024-07-29T14:30:00Z,70.84,1706.45
2024-07-29T15:00:00Z,67.83,1840.55
2024-07-29T15:30:00Z,63.5,2278.75
2024-07-29T16:00:00Z,75.34,2214.85
2024-07-29T16:30:00Z,76.52,2254.3
2024-07-29T17:00:00Z,81.76,2135.35
2024-07-29T17:30:00Z,82.7,2106.05
2024-07-29T18:00:00Z,88.9,2221.35
2024-07-29T18:30:00Z,92.29,2227.55
2024-07-29T19:00:00Z,93.97,2309.7
2024-07-29T19:30:00Z,93.27,2159.4
2024-07-29T20:00:00Z,90.0,1782.7
2024-07-29T20:30:00Z,85.64,1629.5
2024-07-29T21:00:00Z,79.95,1534.65
2024-07-29T21:30:00Z,78.69,1610.8
2024-07-29T22:00:00Z,73.2,1036.9
2024-07-29T22:30:00Z,67.75,1123.6
2024-07-29T23:00:00Z,63.7,1266.7
2024-07-29T23:30:00Z,69.03,1751.85
2024-07-30T00:00:00Z,64.2,1407.15
2024-07-30T00:30:00Z,65.37,1134.0
2024-07-30T01:00:00Z,68.51,1547.55
2024-07-30T01:30:00Z,68.35,1381.55
2024-07-30T02:00:00Z,67.94,919.3
2024-07-30T02:30:00Z,69.49,1053.35
2024-07-30T03:00:00Z,68.1,1087.1
2024-07-30T03:30:00Z,67.97,1067.4
2024-07-30T04:00:00Z,68.36,1038.45
2024-07-30T04:30:00Z,72.57,1280.0
2024-07-30T05:00:00Z,85.4,1745.95
2024-07-30T05:30:00Z,87.74,1752.85
2024-07-30T06:00:00Z,87.24,1374.95
2024-07-30T06:30:00Z,94.88,1654.85
2024-07-30T07:00:00Z,101.88,1705.75
2024-07-30T07:30:00Z,91.04,2080.2
2024-07-30T08:00:00Z,95.33,1896.95
2024-07-30T08:30:00Z,88.66,1864.2
2024-07-30T09:00:00Z,78.23,1848.5
2024-07-30T09:30:00Z,67.51,2195.6
2024-07-30T10:00:00Z,63.24,1981.15
2024-07-30T10:30:00Z,65.08,2286.75
2024-07-30T11:00:00Z,62.03999999999999,2287.85
2024-07-30T11:30:00Z,62.260000000000005,2410.3
2024-07-30T12:00:00Z,60.90999999999999,2259.25
2024-07-30T12:30:00Z,58.64000000000001,2248.75
2024-07-30T13:00:00Z,60.74000000000001,2229.25
2024-07-30T13:30:00Z,61.19,2303.2
2024-07-30T14:00:00Z,57.57,2167.7
2024-07-30T14:30:00Z,58.47,2322.75
2024-07-30T15:00:00Z,62.34000000000001,2284.25
2024-07-30T15:30:00Z,62.56000000000001,2149.95
2024-07-30T16:00:00Z,82.0,2651.3
2024-07-30T16:30:00Z,84.43,2634.5
2024-07-30T17:00:00Z,94.14000000000001,2924.65
2024-07-30T17:30:00Z,97.17,2903.7
2024-07-30T18:00:00Z,107.5,2844.4
2024-07-30T18:30:00Z,107.28,2501.35
2024-07-30T19:00:00Z,96.9,2440.35
2024-07-30T19:30:00Z,97.05,2412.0
2024-07-30T20:00:00Z,96.72,2182.8
2024-07-30T20:30:00Z,92.38,2094.45
2024-07-30T21:00:00Z,88.91000000000001,1886.95
2024-07-30T21:30:00Z,84.45,1691.35
2024-07-30T22:00:00Z,72.52,1468.3
2024-07-30T22:30:00Z,76.7,961.5
2024-07-30T23:00:00Z,72.82,1131.7
2024-07-30T23:30:00Z,71.58,997.25
2024-07-31T00:00:00Z,72.34,1155.8
2024-07-31T00:30:00Z,70.53,1206.4
2024-07-31T01:00:00Z,70.0,1104.6
2024-07-31T01:30:00Z,68.35,1106.6
2024-07-31T02:00:00Z,70.79,1185.85
2024-07-31T02:30:00Z,73.4,1140.6
2024-07-31T03:00:00Z,72.06,1147.55
2024-07-31T03:30:00Z,71.72,1133.95
2024-07-31T04:00:00Z,72.79,983.25
2024-07-31T04:30:00Z,72.59,1334.25
2024-07-31T05:00:00Z,76.7,1364.7
2024-07-31T05:30:00Z,74.06,1614.1
2024-07-31T06:00:00Z,66.82,1581.1
2024-07-31T06:30:00Z,71.86,1827.65
2024-07-31T07:00:00Z,74.13,1743.45
2024-07-31T07:30:00Z,71.74,1743.7
2024-07-31T08:00:00Z,63.75000000000001,2068.45
2024-07-31T08:30:00Z,61.29,1956.85
2024-07-31T09:00:00Z,59.50000000000001,2515.15
2024-07-31T09:30:00Z,60.36,2543.85
2024-07-31T10:00:00Z,58.79,2468.15
2024-07-31T10:30:00Z,59.45,2318.05
2024-07-31T11:00:00Z,61.21,2281.25
2024-07-31T11:30:00Z,60.050000000000004,2343.4
2024-07-31T12:00:00Z,60.08,2317.6
2024-07-31T12:30:00Z,60.82999999999999,2470.8
2024-07-31T13:00:00Z,60.17000000000001,2502.8
2024-07-31T13:30:00Z,61.04,2650.65
2024-07-31T14:00:00Z,60.55,1932.95
2024-07-31T14:30:00Z,60.23,1905.9
2024-07-31T15:00:00Z,64.55,2561.6
2024-07-31T15:30:00Z,72.69,2928.45
2024-07-31T16:00:00Z,79.24,2386.05
2024-07-31T16:30:00Z,84.76,2282.4
2024-07-31T17:00:00Z,92.73,2166.5
2024-07-31T17:30:00Z,94.05,2132.55
2024-07-31T18:00:00Z,97.66,2282.75
2024-07-31T18:30:00Z,97.51,2073.4
2024-07-31T19:00:00Z,94.27,2325.95
2024-07-31T19:30:00Z,93.29,2136.35
2024-07-31T20:00:00Z,91.59,1910.4
2024-07-31T20:30:00Z,84.38,1886.5
2024-07-31T21:00:00Z,86.89,2254.8
2024-07-31T21:30:00Z,83.09,2212.6
2024-07-31T22:00:00Z,72.33,1415.9
2024-07-31T22:30:00Z,73.56,1231.35
2024-07-31T23:00:00Z,72.51,1372.1
2024-07-31T23:30:00Z,68.8,1269.1
2024-08-01T00:00:00Z,69.97,1405.55
2024-08-01T00:30:00Z,68.54,1273.05
2024-08-01T01:00:00Z,68.58,1270.3
2024-08-01T01:30:00Z,70.39,1211.15
2024-08-01T02:00:00Z,68.07,1016.65
2024-08-01T02:30:00Z,65.38,1130.65
2024-08-01T03:00:00Z,64.78,1097.7
2024-08-01T03:30:00Z,65.31,877.85
2024-08-01T04:00:00Z,69.17,1013.95
2024-08-01T04:30:00Z,71.07,1152.7
2024-08-01T05:00:00Z,73.36,1425.8
2024-08-01T05:30:00Z,84.07,1470.15
2024-08-01T06:00:00Z,95.27,2411.85
2024-08-01T06:30:00Z,100.72,2522.75
2024-08-01T07:00:00Z,91.67,2203.35
2024-08-01T07:30:00Z,98.97,2187.7
2024-08-01T08:00:00Z,104.61999999999999,2645.25
2024-08-01T08:30:00Z,106.99,2379.45
2024-08-01T09:00:00Z,110.91,2372.95
2024-08-01T09:30:00Z,107.28,2457.55
2024-08-01T10:00:00Z,94.54,2311.5
2024-08-01T10:30:00Z,90.0,2315.1
2024-08-01T11:00:00Z,97.04000000000002,2991.15
2024-08-01T11:30:00Z,89.49000000000001,3020.85
2024-08-01T12:00:00Z,73.92,2557.85
2024-08-01T12:30:00Z,73.83,2640.4
2024-08-01T13:00:00Z,75.51,2772.55
2024-08-01T13:30:00Z,73.38,2695.3
2024-08-01T14:00:00Z,72.12,1632.6
2024-08-01T14:30:00Z,75.32,1615.6
2024-08-01T15:00:00Z,77.85,2419.35
2024-08-01T15:30:00Z,77.51,2614.55
2024-08-01T16:00:00Z,85.71,1571.35
2024-08-01T16:30:00Z,94.50999999999999,1602.95
2024-08-01T17:00:00Z,97.6,1611.05
2024-08-01T17:30:00Z,100.94,1795.75
2024-08-01T18:00:00Z,102.63,1944.1
2024-08-01T18:30:00Z,104.32,2053.45
2024-08-01T19:00:00Z,99.25,2145.55
2024-08-01T19:30:00Z,97.66,2008.65
2024-08-01T20:00:00Z,99.84,1927.15
2024-08-01T20:30:00Z,92.11,1554.75
2024-08-01T21:00:00Z,89.39999999999999,1475.15
2024-08-01T21:30:00Z,83.12,1707.2
2024-08-01T22:00:00Z,82.9,1137.5
2024-08-01T22:30:00Z,86.09,1209.85
2024-08-01T23:00:00Z,79.29,1170.55
2024-08-01T23:30:00Z,81.96,962.05
2024-08-02T00:00:00Z,80.35999999999999,818.25
2024-08-02T00:30:00Z,79.51,748.4
2024-08-02T01:00:00Z,75.21,792.65
2024-08-02T01:30:00Z,72.0,869.95
2024-08-02T02:00:00Z,72.64,715.2
2024-08-02T02:30:00Z,68.54,794.85
2024-08-02T03:00:00Z,78.63,989.55
2024-08-02T03:30:00Z,75.22,997.55
2024-08-02T04:00:00Z,98.04,986.9
2024-08-02T04:30:00Z,98.88,1352.45
2024-08-02T05:00:00Z,91.02,1337.15
2024-08-02T05:30:00Z,92.0,1413.6
2024-08-02T06:00:00Z,85.03,1809.9
2024-08-02T06:30:00Z,84.7,1897.7
2024-08-02T07:00:00Z,83.4,1847.1
2024-08-02T07:30:00Z,81.59,1930.85
2024-08-02T08:00:00Z,78.64,1991.9
2024-08-02T08:30:00Z,80.43,1913.85
2024-08-02T09:00:00Z,77.42000000000002,1820.2
2024-08-02T09:30:00Z,72.27,1776.05
2024-08-02T10:00:00Z,63.61,1945.85
2024-08-02T10:30:00Z,61.86999999999999,2452.95
2024-08-02T11:00:00Z,62.02,2809.1
2024-08-02T11:30:00Z,61.55,2962.75
2024-08-02T12:00:00Z,60.839999999999996,2931.55
2024-08-02T12:30:00Z,60.99,2717.7
2024-08-02T13:00:00Z,58.58,2708.85
2024-08-02T13:30:00Z,59.57,2850.0
2024-08-02T14:00:00Z,66.59,3250.3
2024-08-02T14:30:00Z,67.85,2679.0
2024-08-02T15:00:00Z,67.86,2365.6
2024-08-02T15:30:00Z,72.32,2396.0
2024-08-02T16:00:00Z,77.32,2064.8
2024-08-02T16:30:00Z,71.75,2092.2
2024-08-02T17:00:00Z,76.29,1881.95
2024-08-02T17:30:00Z,79.72,2226.55
2024-08-02T18:00:00Z,90.02,2240.9
2024-08-02T18:30:00Z,89.0,2258.0
2024-08-02T19:00:00Z,90.28,2059.8
2024-08-02T19:30:00Z,90.01,2061.0
2024-08-02T20:00:00Z,85.27,1753.75
2024-08-02T20:30:00Z,85.36999999999999,1703.4
2024-08-02T21:00:00Z,84.56,1767.45
2024-08-02T21:30:00Z,82.14,1969.35
2024-08-02T22:00:00Z,84.47,1311.55
2024-08-02T22:30:00Z,77.67,1409.75
2024-08-02T23:00:00Z,74.24,1240.55
2024-08-02T23:30:00Z,78.24,1363.05
2024-08-03T00:00:00Z,78.89,1290.8
2024-08-03T00:30:00Z,75.97,1343.85
2024-08-03T01:00:00Z,73.21,1256.5
2024-08-03T01:30:00Z,70.89,1205.8
2024-08-03T02:00:00Z,72.0,1179.5
2024-08-03T02:30:00Z,70.42,979.25
2024-08-03T03:00:00Z,72.31,1166.05
2024-08-03T03:30:00Z,70.83,1402.35
2024-08-03T04:00:00Z,69.3,1206.1
2024-08-03T04:30:00Z,70.29,1229.6
2024-08-03T05:00:00Z,71.28,1337.75
2024-08-03T05:30:00Z,70.47,1357.0
2024-08-03T06:00:00Z,66.54,1096.75
2024-08-03T06:30:00Z,74.05,1145.1
2024-08-03T07:00:00Z,87.77000000000001,1730.0
2024-08-03T07:30:00Z,87.69,1884.55
2024-08-03T08:00:00Z,84.92,1602.35
2024-08-03T08:30:00Z,85.37,1668.0
2024-08-03T09:00:00Z,85.34,1829.8
2024-08-03T09:30:00Z,73.53,1775.45
2024-08-03T10:00:00Z,67.24,1771.4
2024-08-03T10:30:00Z,74.16,1705.65
2024-08-03T11:00:00Z,71.3,1898.85
2024-08-03T11:30:00Z,66.61,1857.0
2024-08-03T12:00:00Z,62.9,2105.2
2024-08-03T12:30:00Z,58.6,2222.05
2024-08-03T13:00:00Z,56.87,2074.6
2024-08-03T13:30:00Z,58.92,2281.25
2024-08-03T14:00:00Z,57.23,1762.4
2024-08-03T14:30:00Z,58.11,1821.35
2024-08-03T15:00:00Z,56.65,2035.6
2024-08-03T15:30:00Z,55.51,1764.05
2024-08-03T16:00:00Z,66.38,2108.2
2024-08-03T16:30:00Z,70.17,1871.55
2024-08-03T17:00:00Z,77.56,1687.7
2024-08-03T17:30:00Z,83.81,2204.15
2024-08-03T18:00:00Z,94.94,1835.2
2024-08-03T18:30:00Z,98.69,1894.9
2024-08-03T19:00:00Z,97.11,1483.0
2024-08-03T19:30:00Z,96.87,1556.35
2024-08-03T20:00:00Z,95.39,1718.55
2024-08-03T20:30:00Z,95.53,1554.95
2024-08-03T21:00:00Z,95.70999999999998,1436.5
2024-08-03T21:30:00Z,92.18999999999998,1446.15
2024-08-03T22:00:00Z,85.85,1421.45
2024-08-03T22:30:00Z,83.88,1565.1
2024-08-03T23:00:00Z,78.7,1248.4
2024-08-03T23:30:00Z,78.33,1192.9
2024-08-04T00:00:00Z,77.83,1211.4
2024-08-04T00:30:00Z,78.16,1211.45
2024-08-04T01:00:00Z,77.88,974.75
2024-08-04T01:30:00Z,76.98,892.2
2024-08-04T02:00:00Z,73.88,801.8
2024-08-04T02:30:00Z,72.88,761.25
2024-08-04T03:00:00Z,68.4,750.0
2024-08-04T03:30:00Z,70.12,897.15
2024-08-04T04:00:00Z,70.28,755.3
2024-08-04T04:30:00Z,64.76,654.1
2024-08-04T05:00:00Z,62.60000000000001,605.75
2024-08-04T05:30:00Z,63.72,711.85
2024-08-04T06:00:00Z,69.53,1068.25
2024-08-04T06:30:00Z,72.98,1093.15
2024-08-04T07:00:00Z,77.42,1291.15
2024-08-04T07:30:00Z,77.53,1436.85
2024-08-04T08:00:00Z,78.14,1477.6
2024-08-04T08:30:00Z,73.67,1490.45
2024-08-04T09:00:00Z,70.75,1831.7
2024-08-04T09:30:00Z,64.27,1619.05
2024-08-04T10:00:00Z,48.24999999999999,1622.55
2024-08-04T10:30:00Z,40.01,1550.5
2024-08-04T11:00:00Z,43.44,1989.0
2024-08-04T11:30:00Z,41.77,2145.95
2024-08-04T12:00:00Z,31.44,2055.95
2024-08-04T12:30:00Z,26.57,1990.35
2024-08-04T13:00:00Z,19.33,2062.2
2024-08-04T13:30:00Z,15.21,2110.8
2024-08-04T14:00:00Z,3.27,1671.6
2024-08-04T14:30:00Z,5.18,1796.55
2024-08-04T15:00:00Z,5.51,1980.4
2024-08-04T15:30:00Z,12.97,2210.65
2024-08-04T16:00:00Z,16.82,2357.7
2024-08-04T16:30:00Z,31.769999999999996,2455.45
2024-08-04T17:00:00Z,55.03,2729.3
2024-08-04T17:30:00Z,61.25,2682.4
2024-08-04T18:00:00Z,60.27,2483.0
2024-08-04T18:30:00Z,59.47,2595.15
2024-08-04T19:00:00Z,60.35,2532.2
2024-08-04T19:30:00Z,58.97,2614.85
2024-08-04T20:00:00Z,66.42,2684.05
2024-08-04T20:30:00Z,66.89,2306.9
2024-08-04T21:00:00Z,64.1,1879.1
2024-08-04T21:30:00Z,47.27,2258.55
2024-08-04T22:00:00Z,40.41,1754.05
2024-08-04T22:30:00Z,29.430000000000003,1536.3
2024-08-04T23:00:00Z,33.91,1735.1
2024-08-04T23:30:00Z,24.679999999999996,1870.9
2024-08-05T00:00:00Z,20.33,1863.35
2024-08-05T00:30:00Z,14.25,1999.45
2024-08-05T01:00:00Z,12.27,1978.1
2024-08-05T01:30:00Z,8.32,1999.45
2024-08-05T02:00:00Z,4.62,1487.45
2024-08-05T02:30:00Z,0.91,1584.25
2024-08-05T03:00:00Z,0.96,1806.4
2024-08-05T03:30:00Z,2.1,1697.35
2024-08-05T04:00:00Z,4.03,2026.9
2024-08-05T04:30:00Z,20.62,2277.1
2024-08-05T05:00:00Z,11.68,2052.4
2024-08-05T05:30:00Z,23.61,2427.95
2024-08-05T06:00:00Z,21.72,2023.75
2024-08-05T06:30:00Z,40.74,2254.25
2024-08-05T07:00:00Z,32.29,2002.35
2024-08-05T07:30:00Z,40.52,2242.05
2024-08-05T08:00:00Z,44.34,2521.7
2024-08-05T08:30:00Z,48.78,2551.05
2024-08-05T09:00:00Z,52.65,2676.55
2024-08-05T09:30:00Z,54.61,2636.85
2024-08-05T10:00:00Z,57.06,2003.8
2024-08-05T10:30:00Z,63.8,2428.05
2024-08-05T11:00:00Z,65.29,1993.3
2024-08-05T11:30:00Z,67.44,2065.15
2024-08-05T12:00:00Z,69.05,1773.75
2024-08-05T12:30:00Z,69.29,1658.4
2024-08-05T13:00:00Z,68.55,1512.9
2024-08-05T13:30:00Z,70.08,1721.1
2024-08-05T14:00:00Z,80.79,1536.65
2024-08-05T14:30:00Z,81.74,1492.4
2024-08-05T15:00:00Z,78.42,1957.8
2024-08-05T15:30:00Z,80.27,2078.65
2024-08-05T16:00:00Z,83.38,1964.3
2024-08-05T16:30:00Z,85.34,2319.65
2024-08-05T17:00:00Z,95.66,2442.35
2024-08-05T17:30:00Z,90.79,2642.85
2024-08-05T18:00:00Z,92.93,2675.05
2024-08-05T18:30:00Z,90.05,2596.85
2024-08-05T19:00:00Z,86.48,2654.25
2024-08-05T19:30:00Z,87.37,2583.7
2024-08-05T20:00:00Z,87.74,2653.1
2024-08-05T20:30:00Z,81.88,2173.2
2024-08-05T21:00:00Z,79.13,2043.65
2024-08-05T21:30:00Z,80.65,2374.8
2024-08-05T22:00:00Z,52.39,1402.2
2024-08-05T22:30:00Z,56.86,998.0
2024-08-05T23:00:00Z,34.89,1168.75
2024-08-05T23:30:00Z,33.3,1328.1
2024-08-06T00:00:00Z,23.35,1225.65
2024-08-06T00:30:00Z,22.01,1223.3
2024-08-06T01:00:00Z,17.34,1169.65
2024-08-06T01:30:00Z,16.23,1272.25
2024-08-06T02:00:00Z,17.32,1234.9
2024-08-06T02:30:00Z,17.46,1179.1
2024-08-06T03:00:00Z,23.36,1122.45
2024-08-06T03:30:00Z,31.52,1471.9
2024-08-06T04:00:00Z,52.73,1596.8
2024-08-06T04:30:00Z,61.65,1842.3
2024-08-06T05:00:00Z,75.48,2021.1
2024-08-06T05:30:00Z,78.84,2261.95
2024-08-06T06:00:00Z,81.85,1889.65
2024-08-06T06:30:00Z,87.47,2502.4
2024-08-06T07:00:00Z,90.48,2259.4
2024-08-06T07:30:00Z,93.17,2776.2
2024-08-06T08:00:00Z,95.46,2631.9
2024-08-06T08:30:00Z,92.96,3019.65
2024-08-06T09:00:00Z,87.84,2848.95
2024-08-06T09:30:00Z,80.22,2736.35
2024-08-06T10:00:00Z,80.72,2659.05
2024-08-06T10:30:00Z,73.83,2944.05
2024-08-06T11:00:00Z,74.16,2507.4
2024-08-06T11:30:00Z,74.87,2851.95
2024-08-06T12:00:00Z,75.52,2754.1
2024-08-06T12:30:00Z,75.57,2691.15
2024-08-06T13:00:00Z,73.92,2905.6
2024-08-06T13:30:00Z,63.18,3532.95
2024-08-06T14:00:00Z,66.08,2868.65
2024-08-06T14:30:00Z,63.09,3075.35
2024-08-06T15:00:00Z,59.56,3132.75
2024-08-06T15:30:00Z,56.349999999999994,2932.35
2024-08-06T16:00:00Z,61.11,3024.15
2024-08-06T16:30:00Z,63.0,2710.65
2024-08-06T17:00:00Z,70.25,2901.4
2024-08-06T17:30:00Z,75.54,2953.45
2024-08-06T18:00:00Z,81.38,2264.9
2024-08-06T18:30:00Z,82.59,2457.65
2024-08-06T19:00:00Z,81.4,2174.6
2024-08-06T19:30:00Z,80.64,2217.55
2024-08-06T20:00:00Z,79.78,2359.65
2024-08-06T20:30:00Z,77.89,2255.6
2024-08-06T21:00:00Z,77.66,2396.45
2024-08-06T21:30:00Z,76.14,2579.15
2024-08-06T22:00:00Z,63.13,1624.9
2024-08-06T22:30:00Z,67.69,1302.65
2024-08-06T23:00:00Z,63.1,1313.4
2024-08-06T23:30:00Z,46.63,1429.7
2024-08-07T00:00:00Z,39.99,1550.2
2024-08-07T00:30:00Z,32.05,1879.55
2024-08-07T01:00:00Z,28.8,1756.55
2024-08-07T01:30:00Z,25.16,1713.65
2024-08-07T02:00:00Z,28.06,1944.3
2024-08-07T02:30:00Z,17.68,1746.05
2024-08-07T03:00:00Z,22.519999999999996,1498.6
2024-08-07T03:30:00Z,20.15,1570.55
2024-08-07T04:00:00Z,27.01,1684.8
2024-08-07T04:30:00Z,28.7,1748.45
2024-08-07T05:00:00Z,31.95,1618.9
2024-08-07T05:30:00Z,39.63,1966.2
2024-08-07T06:00:00Z,54.16,2263.95
2024-08-07T06:30:00Z,61.75,2331.65
2024-08-07T07:00:00Z,67.86,2648.8
2024-08-07T07:30:00Z,68.45,2932.15
2024-08-07T08:00:00Z,69.98,2146.75
2024-08-07T08:30:00Z,67.4,2396.05
2024-08-07T09:00:00Z,69.19,2497.2
2024-08-07T09:30:00Z,65.68,2508.75
2024-08-07T10:00:00Z,53.08,2731.95
2024-08-07T10:30:00Z,62.04,2856.1
2024-08-07T11:00:00Z,66.38,2521.9
2024-08-07T11:30:00Z,63.85000000000001,2826.55
2024-08-07T12:00:00Z,54.89,2960.45
2024-08-07T12:30:00Z,52.06,3139.25
2024-08-07T13:00:00Z,49.87,3306.9
2024-08-07T13:30:00Z,44.660000000000004,3285.4
2024-08-07T14:00:00Z,34.07,2335.25
2024-08-07T14:30:00Z,46.5,2552.95
2024-08-07T15:00:00Z,53.02,2998.8
2024-08-07T15:30:00Z,53.89000000000001,2892.75
2024-08-07T16:00:00Z,63.160000000000004,2484.55
2024-08-07T16:30:00Z,73.55,2770.0
2024-08-07T17:00:00Z,70.67,2722.55
2024-08-07T17:30:00Z,74.29,2783.35
2024-08-07T18:00:00Z,84.5,2696.65
2024-08-07T18:30:00Z,84.72,2633.0
2024-08-07T19:00:00Z,82.12,2425.35
2024-08-07T19:30:00Z,82.85,2214.3
2024-08-07T20:00:00Z,82.13,2411.75
2024-08-07T20:30:00Z,82.75,2567.4
2024-08-07T21:00:00Z,82.2,2251.3
2024-08-07T21:30:00Z,77.6,2456.55
2024-08-07T22:00:00Z,57.370000000000005,1805.6
2024-08-07T22:30:00Z,48.09,1423.9
2024-08-07T23:00:00Z,59.34,1305.9
2024-08-07T23:30:00Z,56.49,1550.35
2024-08-08T00:00:00Z,48.08,1679.9
2024-08-08T00:30:00Z,54.59,1582.4
2024-08-08T01:00:00Z,58.87,1623.5
2024-08-08T01:30:00Z,56.7,1689.5
2024-08-08T02:00:00Z,60.63,1615.65
2024-08-08T02:30:00Z,64.1,1428.75
2024-08-08T03:00:00Z,63.96000000000001,1203.75
2024-08-08T03:30:00Z,65.63,1297.95
2024-08-08T04:00:00Z,62.65,1635.15
2024-08-08T04:30:00Z,69.5,1732.75
2024-08-08T05:00:00Z,70.52,1691.9
2024-08-08T05:30:00Z,82.9,2164.95
2024-08-08T06:00:00Z,77.5,1843.25
2024-08-08T06:30:00Z,78.3,2267.05
2024-08-08T07:00:00Z,78.27999999999999,1815.65
2024-08-08T07:30:00Z,78.49,1990.4
2024-08-08T08:00:00Z,81.15,2208.35
2024-08-08T08:30:00Z,80.79,2045.75
2024-08-08T09:00:00Z,80.48,2039.75
2024-08-08T09:30:00Z,81.93,2297.65
2024-08-08T10:00:00Z,82.41,2204.9
2024-08-08T10:30:00Z,81.93,2433.4
2024-08-08T11:00:00Z,79.85,2584.45
2024-08-08T11:30:00Z,78.21,2157.2
2024-08-08T12:00:00Z,78.41,2334.1
2024-08-08T12:30:00Z,74.95,2426.95
2024-08-08T13:00:00Z,71.38,2595.85
2024-08-08T13:30:00Z,70.07,2697.15
2024-08-08T14:00:00Z,64.39,2864.7
2024-08-08T14:30:00Z,67.75,2774.05
2024-08-08T15:00:00Z,73.96,2985.75
2024-08-08T15:30:00Z,76.58,2674.25
2024-08-08T16:00:00Z,82.03,2410.4
2024-08-08T16:30:00Z,83.97,2917.9
2024-08-08T17:00:00Z,84.55,2569.45
2024-08-08T17:30:00Z,83.49,2436.95
2024-08-08T18:00:00Z,77.42,2729.5
2024-08-08T18:30:00Z,75.91,2350.7
2024-08-08T19:00:00Z,74.48,2898.7
2024-08-08T19:30:00Z,72.8,2518.0
2024-08-08T20:00:00Z,75.87,2933.9
2024-08-08T20:30:00Z,72.97,3002.5
2024-08-08T21:00:00Z,67.6,3204.75
2024-08-08T21:30:00Z,46.53,3056.35
2024-08-08T22:00:00Z,62.83,2024.6
2024-08-08T22:30:00Z,40.47,2218.65
2024-08-08T23:00:00Z,42.09,1729.9
2024-08-08T23:30:00Z,23.64,1678.1
2024-08-09T00:00:00Z,23.58,1668.1
2024-08-09T00:30:00Z,15.8,1946.65
2024-08-09T01:00:00Z,21.46,2343.3
2024-08-09T01:30:00Z,11.84,1823.35
2024-08-09T02:00:00Z,12.81,2034.85
2024-08-09T02:30:00Z,1.51,2277.3
2024-08-09T03:00:00Z,-5.15,2187.5
2024-08-09T03:30:00Z,-5.56,2300.3
2024-08-09T04:00:00Z,4.41,2505.4
2024-08-09T04:30:00Z,14.12,2087.9
2024-08-09T05:00:00Z,14.36,2250.6
2024-08-09T05:30:00Z,24.67,2285.5
2024-08-09T06:00:00Z,13.650000000000002,2491.9
2024-08-09T06:30:00Z,18.74,2641.25
2024-08-09T07:00:00Z,10.1,2232.2
2024-08-09T07:30:00Z,7.26,2533.55
2024-08-09T08:00:00Z,3.74,3123.35
2024-08-09T08:30:00Z,3.52,3331.95
2024-08-09T09:00:00Z,6.48,3394.1
2024-08-09T09:30:00Z,-1.36,3026.75
2024-08-09T10:00:00Z,-7.86,2846.15
2024-08-09T10:30:00Z,-10.83,2618.0
2024-08-09T11:00:00Z,-11.349999999999998,3147.55
2024-08-09T11:30:00Z,-14.91,2908.0
2024-08-09T12:00:00Z,-7.889999999999999,2864.15
2024-08-09T12:30:00Z,-8.26,2798.65
2024-08-09T13:00:00Z,-10.26,2830.55
2024-08-09T13:30:00Z,-10.11,2936.4
2024-08-09T14:00:00Z,-17.82,2669.7
2024-08-09T14:30:00Z,-11.43,2795.5
2024-08-09T15:00:00Z,-8.62,2880.0
2024-08-09T15:30:00Z,4.86,2933.8
2024-08-09T16:00:00Z,14.849999999999998,2776.75
2024-08-09T16:30:00Z,44.83,2774.6
2024-08-09T17:00:00Z,36.95,2981.2
2024-08-09T17:30:00Z,50.55,3028.9
2024-08-09T18:00:00Z,55.45000000000001,2743.85
2024-08-09T18:30:00Z,62.43,2429.8
2024-08-09T19:00:00Z,70.68,2184.2
2024-08-09T19:30:00Z,73.14,2141.95
2024-08-09T20:00:00Z,79.24,2379.95
2024-08-09T20:30:00Z,76.88,2146.4
2024-08-09T21:00:00Z,68.78,2009.5
2024-08-09T21:30:00Z,44.96,2338.55
2024-08-09T22:00:00Z,40.25,1892.3
2024-08-09T22:30:00Z,22.2,1307.7
2024-08-09T23:00:00Z,15.86,1475.65
2024-08-09T23:30:00Z,9.31,1416.3
2024-08-10T00:00:00Z,6.63,1424.85
2024-08-10T00:30:00Z,1.34,1609.8
2024-08-10T01:00:00Z,2.79,1497.2
2024-08-10T01:30:00Z,1.4699999999999998,1481.4
2024-08-10T02:00:00Z,-0.67,1435.25
2024-08-10T02:30:00Z,4.96,1452.15
2024-08-10T03:00:00Z,4.26,1664.0
2024-08-10T03:30:00Z,0.9399999999999998,1507.25
2024-08-10T04:00:00Z,-1.38,1431.9
2024-08-10T04:30:00Z,-1.7599999999999998,1414.95
2024-08-10T05:00:00Z,-4.1,1272.35
2024-08-10T05:30:00Z,-2.66,1185.9
2024-08-10T06:00:00Z,-4.12,1434.55
2024-08-10T06:30:00Z,1.82,1996.4
2024-08-10T07:00:00Z,-1.6699999999999997,1881.85
2024-08-10T07:30:00Z,2.7,2300.65
2024-08-10T08:00:00Z,-4.99,1678.95
2024-08-10T08:30:00Z,-3.3900000000000006,1721.35
2024-08-10T09:00:00Z,-8.39,1786.6
2024-08-10T09:30:00Z,-9.15,1814.65
2024-08-10T10:00:00Z,-11.31,1862.7
2024-08-10T10:30:00Z,-11.009999999999998,1760.45
2024-08-10T11:00:00Z,-12.19,1672.65
2024-08-10T11:30:00Z,-16.87,1786.5
2024-08-10T12:00:00Z,-23.3,2242.1
2024-08-10T12:30:00Z,-27.99,2401.2
2024-08-10T13:00:00Z,-28.17,2333.7
2024-08-10T13:30:00Z,-30.08,2415.05
2024-08-10T14:00:00Z,-15.790000000000001,2441.9
2024-08-10T14:30:00Z,-18.36,2594.3
2024-08-10T15:00:00Z,-15.34,3317.8
2024-08-10T15:30:00Z,-10.31,3086.55
2024-08-10T16:00:00Z,11.29,2514.0
2024-08-10T16:30:00Z,50.41,2416.6
2024-08-10T17:00:00Z,54.92,2419.0
2024-08-10T17:30:00Z,67.32,2659.85
2024-08-10T18:00:00Z,86.95,2393.05
2024-08-10T18:30:00Z,92.65,2435.95
2024-08-10T19:00:00Z,91.68,2065.55
2024-08-10T19:30:00Z,92.83,1667.5
2024-08-10T20:00:00Z,96.41000000000001,1606.3
2024-08-10T20:30:00Z,96.33,1540.15
2024-08-10T21:00:00Z,93.32,1578.65
2024-08-10T21:30:00Z,85.38,1601.45
2024-08-10T22:00:00Z,85.05,1634.95
2024-08-10T22:30:00Z,85.4,1451.7
2024-08-10T23:00:00Z,84.59,1831.95
2024-08-10T23:30:00Z,83.92,1354.25
2024-08-11T00:00:00Z,82.27,1235.35
2024-08-11T00:30:00Z,78.76,1302.05
2024-08-11T01:00:00Z,82.93,1360.3
2024-08-11T01:30:00Z,81.44,1240.65
2024-08-11T02:00:00Z,77.13,1015.9
2024-08-11T02:30:00Z,77.13,1135.7
2024-08-11T03:00:00Z,80.3,1203.0
2024-08-11T03:30:00Z,81.06,1220.15
2024-08-11T04:00:00Z,79.11,1079.15
2024-08-11T04:30:00Z,75.17,1094.25
2024-08-11T05:00:00Z,75.0,1058.25
2024-08-11T05:30:00Z,78.07,960.3
2024-08-11T06:00:00Z,71.94,1012.3
2024-08-11T06:30:00Z,78.02,1148.8
2024-08-11T07:00:00Z,75.28,1301.8
2024-08-11T07:30:00Z,75.27,1435.8
2024-08-11T08:00:00Z,78.02,1900.8
2024-08-11T08:30:00Z,77.57,1708.1
2024-08-11T09:00:00Z,78.33,2026.55
2024-08-11T09:30:00Z,73.88,1590.6
2024-08-11T10:00:00Z,68.6,1598.35
2024-08-11T10:30:00Z,67.06,1637.85
2024-08-11T11:00:00Z,64.21,1885.35
2024-08-11T11:30:00Z,64.57,1910.8
2024-08-11T12:00:00Z,54.94,1873.55
2024-08-11T12:30:00Z,52.48,1938.05
2024-08-11T13:00:00Z,47.68,1976.9
2024-08-11T13:30:00Z,42.43,2143.5
2024-08-11T14:00:00Z,34.6,2043.25
2024-08-11T14:30:00Z,37.48,2184.85
2024-08-11T15:00:00Z,40.95,2168.9
2024-08-11T15:30:00Z,47.32,2429.3
2024-08-11T16:00:00Z,71.42,2502.1
2024-08-11T16:30:00Z,80.19,2690.7
2024-08-11T17:00:00Z,92.21,3087.15
2024-08-11T17:30:00Z,85.93,2984.2
2024-08-11T18:00:00Z,86.34,2699.15
2024-08-11T18:30:00Z,85.63,2399.85
2024-08-11T19:00:00Z,88.15,2775.65
2024-08-11T19:30:00Z,86.34,2616.0
2024-08-11T20:00:00Z,80.99,2702.9
2024-08-11T20:30:00Z,73.08,2365.95
2024-08-11T21:00:00Z,62.93,2239.6
2024-08-11T21:30:00Z,22.28,2034.55
2024-08-11T22:00:00Z,11.72,1384.2
2024-08-11T22:30:00Z,3.27,1557.6
2024-08-11T23:00:00Z,2.12,1738.3
2024-08-11T23:30:00Z,-4.18,1732.45
2024-08-12T00:00:00Z,-6.82,1825.75
2024-08-12T00:30:00Z,-8.59,1866.45
2024-08-12T01:00:00Z,2.88,1898.25
2024-08-12T01:30:00Z,-0.2,2199.45
2024-08-12T02:00:00Z,-11.65,2008.9
2024-08-12T02:30:00Z,-15.11,2059.7
2024-08-12T03:00:00Z,-7.13,2011.8
2024-08-12T03:30:00Z,-9.69,2051.7
2024-08-12T04:00:00Z,-10.7,1902.85
2024-08-12T04:30:00Z,-6.14,1789.95
2024-08-12T05:00:00Z,-3.88,1795.05
2024-08-12T05:30:00Z,15.41,2064.85
2024-08-12T06:00:00Z,11.06,1801.4
2024-08-12T06:30:00Z,21.919999999999998,1778.1
2024-08-12T07:00:00Z,28.81,1977.45
2024-08-12T07:30:00Z,29.7,2359.35
2024-08-12T08:00:00Z,32.63,2608.55
2024-08-12T08:30:00Z,37.37,2709.4
2024-08-12T09:00:00Z,25.940000000000005,2767.0
2024-08-12T09:30:00Z,31.229999999999997,2743.55
2024-08-12T10:00:00Z,18.92,2681.3
2024-08-12T10:30:00Z,19.39,2590.4
2024-08-12T11:00:00Z,18.34,2917.25
2024-08-12T11:30:00Z,25.29,2913.95
2024-08-12T12:00:00Z,32.15,3592.9
2024-08-12T12:30:00Z,34.76,3607.05
2024-08-12T13:00:00Z,38.21,3007.9
2024-08-12T13:30:00Z,41.55,3233.45
2024-08-12T14:00:00Z,48.61,2920.4
2024-08-12T14:30:00Z,49.03,2708.25
2024-08-12T15:00:00Z,58.89,3565.15
2024-08-12T15:30:00Z,57.73,4260.45
2024-08-12T16:00:00Z,74.65,3657.45
2024-08-12T16:30:00Z,79.52,3245.75
2024-08-12T17:00:00Z,93.8,2469.4
2024-08-12T17:30:00Z,96.74,2367.5
2024-08-12T18:00:00Z,105.11,2259.75
2024-08-12T18:30:00Z,107.97,2512.05
2024-08-12T19:00:00Z,109.08999999999999,2412.05
2024-08-12T19:30:00Z,109.53,2379.25
2024-08-12T20:00:00Z,101.23,2074.4
2024-08-12T20:30:00Z,93.26,2115.2
2024-08-12T21:00:00Z,84.18,2060.45
2024-08-12T21:30:00Z,88.46,2022.5
2024-08-12T22:00:00Z,84.68,2513.4
2024-08-12T22:30:00Z,89.31,2074.9
2024-08-12T23:00:00Z,91.6,1895.1
2024-08-12T23:30:00Z,90.71,1914.45
2024-08-13T00:00:00Z,88.93,1700.45
2024-08-13T00:30:00Z,85.99,1740.05
2024-08-13T01:00:00Z,84.74,1496.25
2024-08-13T01:30:00Z,87.09,1726.2
2024-08-13T02:00:00Z,89.61,1783.65
2024-08-13T02:30:00Z,87.74,1992.25
2024-08-13T03:00:00Z,89.39,1917.8
2024-08-13T03:30:00Z,86.45,1910.35
2024-08-13T04:00:00Z,88.55,1692.9
2024-08-13T04:30:00Z,90.73,1832.5
2024-08-13T05:00:00Z,96.34,2203.25
2024-08-13T05:30:00Z,97.34,2405.8
2024-08-13T06:00:00Z,94.22,2763.15
2024-08-13T06:30:00Z,97.23,2502.85
2024-08-13T07:00:00Z,92.7,2186.55
2024-08-13T07:30:00Z,94.67,2580.8
2024-08-13T08:00:00Z,88.05,2209.9
2024-08-13T08:30:00Z,77.78,1922.9
2024-08-13T09:00:00Z,74.93,2306.35
2024-08-13T09:30:00Z,71.28,2489.55
2024-08-13T10:00:00Z,55.15,2500.3
2024-08-13T10:30:00Z,47.62,2186.8
2024-08-13T11:00:00Z,41.62,2518.45
2024-08-13T11:30:00Z,37.34,2513.6
2024-08-13T12:00:00Z,32.86,3066.25
2024-08-13T12:30:00Z,29.929999999999996,2926.0
2024-08-13T13:00:00Z,36.31,3251.35
2024-08-13T13:30:00Z,38.5,2994.5
2024-08-13T14:00:00Z,51.12,3473.95
2024-08-13T14:30:00Z,60.31,3024.45
2024-08-13T15:00:00Z,65.03,2956.05
2024-08-13T15:30:00Z,58.94,3396.1
2024-08-13T16:00:00Z,76.33,3244.35
2024-08-13T16:30:00Z,78.95,2889.55
2024-08-13T17:00:00Z,80.39,3199.8
2024-08-13T17:30:00Z,82.85,2895.75
2024-08-13T18:00:00Z,88.55,2328.15
2024-08-13T18:30:00Z,89.61,2105.6
2024-08-13T19:00:00Z,88.76,2312.75
2024-08-13T19:30:00Z,85.72,2269.9
2024-08-13T20:00:00Z,82.58,2273.65
2024-08-13T20:30:00Z,81.07,1899.95
2024-08-13T21:00:00Z,75.69,2027.35
2024-08-13T21:30:00Z,75.2,2272.7
2024-08-13T22:00:00Z,67.21,1674.65
2024-08-13T22:30:00Z,67.85,1569.2
2024-08-13T23:00:00Z,63.99,1516.1
2024-08-13T23:30:00Z,67.23,1784.65
2024-08-14T00:00:00Z,65.07,1808.35
2024-08-14T00:30:00Z,73.45,2171.7
2024-08-14T01:00:00Z,69.39,1888.0
2024-08-14T01:30:00Z,68.1,1911.35
2024-08-14T02:00:00Z,68.58,1457.5
2024-08-14T02:30:00Z,65.36,1663.4
2024-08-14T03:00:00Z,64.22,2168.5
2024-08-14T03:30:00Z,63.790000000000006,2121.6
2024-08-14T04:00:00Z,59.67,2389.35
2024-08-14T04:30:00Z,59.75,1848.35
2024-08-14T05:00:00Z,60.13999999999999,2332.55
2024-08-14T05:30:00Z,61.559999999999995,2782.8
2024-08-14T06:00:00Z,74.81,2505.05
2024-08-14T06:30:00Z,86.59,2317.5
2024-08-14T07:00:00Z,82.03,1943.95
2024-08-14T07:30:00Z,88.15,1777.2
2024-08-14T08:00:00Z,81.2,1677.2
2024-08-14T08:30:00Z,73.31,1807.8
2024-08-14T09:00:00Z,70.12,1798.15
2024-08-14T09:30:00Z,73.85,2263.75
2024-08-14T10:00:00Z,68.01,2038.1
2024-08-14T10:30:00Z,66.22,2003.0
2024-08-14T11:00:00Z,70.11,2097.1
2024-08-14T11:30:00Z,69.33,2241.15
2024-08-14T12:00:00Z,71.43,3010.8
2024-08-14T12:30:00Z,69.59,2889.5
2024-08-14T13:00:00Z,71.11,2987.5
2024-08-14T13:30:00Z,77.25,3364.7
2024-08-14T14:00:00Z,80.08,2263.6
2024-08-14T14:30:00Z,77.05,1861.6
2024-08-14T15:00:00Z,81.33,2344.1
2024-08-14T15:30:00Z,75.08,2318.45
2024-08-14T16:00:00Z,86.44,2391.8
2024-08-14T16:30:00Z,88.1,2742.0
2024-08-14T17:00:00Z,89.99,2442.75
2024-08-14T17:30:00Z,91.06,2153.05
2024-08-14T18:00:00Z,86.14,1845.9
2024-08-14T18:30:00Z,85.21,1725.25
2024-08-14T19:00:00Z,83.79,1891.9
2024-08-14T19:30:00Z,79.84,1951.05
2024-08-14T20:00:00Z,86.27,1826.8
2024-08-14T20:30:00Z,72.08,1605.7
2024-08-14T21:00:00Z,71.67,2044.0
2024-08-14T21:30:00Z,71.87,2373.0
2024-08-14T22:00:00Z,64.78,1581.3
2024-08-14T22:30:00Z,66.66,1445.65
2024-08-14T23:00:00Z,61.73,1247.95
2024-08-14T23:30:00Z,50.36999999999999,1361.85
2024-08-15T00:00:00Z,53.67000000000001,1314.1
2024-08-15T00:30:00Z,44.81,1527.1
2024-08-15T01:00:00Z,57.49,1378.3
2024-08-15T01:30:00Z,49.35,1549.75
2024-08-15T02:00:00Z,45.38,1460.8
2024-08-15T02:30:00Z,37.35,1621.1
2024-08-15T03:00:00Z,51.13000000000001,1494.3
2024-08-15T03:30:00Z,55.56,1607.85
2024-08-15T04:00:00Z,53.86999999999999,1241.8
2024-08-15T04:30:00Z,61.83,1343.5
2024-08-15T05:00:00Z,45.33,1442.2
2024-08-15T05:30:00Z,69.77,1351.95
2024-08-15T06:00:00Z,41.57,1498.0
2024-08-15T06:30:00Z,56.36999999999999,1635.35
2024-08-15T07:00:00Z,44.51,1622.35
2024-08-15T07:30:00Z,39.33,1995.05
2024-08-15T08:00:00Z,33.03,2309.5
2024-08-15T08:30:00Z,25.35,2119.3
2024-08-15T09:00:00Z,18.86,1977.65
2024-08-15T09:30:00Z,12.46,2200.9
2024-08-15T10:00:00Z,3.0000000000000004,2004.9
2024-08-15T10:30:00Z,-0.59,2272.2
2024-08-15T11:00:00Z,-3.18,2175.45
2024-08-15T11:30:00Z,-4.25,2302.7
2024-08-15T12:00:00Z,-5.95,2335.45
2024-08-15T12:30:00Z,0.7,2934.55
2024-08-15T13:00:00Z,-0.93,2970.05
2024-08-15T13:30:00Z,-4.62,2565.9
2024-08-15T14:00:00Z,-2.27,2242.9
2024-08-15T14:30:00Z,-0.84,2653.25
2024-08-15T15:00:00Z,1.31,2967.35
2024-08-15T15:30:00Z,44.14,3134.95
2024-08-15T16:00:00Z,68.49,2319.75
2024-08-15T16:30:00Z,67.21,2744.25
2024-08-15T17:00:00Z,73.17,2927.65
2024-08-15T17:30:00Z,70.05,3029.0
2024-08-15T18:00:00Z,81.19,2678.35
2024-08-15T18:30:00Z,85.23,2541.15
2024-08-15T19:00:00Z,82.35,2422.85
2024-08-15T19:30:00Z,83.3,2408.1
2024-08-15T20:00:00Z,83.29,2590.55
2024-08-15T20:30:00Z,79.84,2077.15
2024-08-15T21:00:00Z,77.02,1680.65
2024-08-15T21:30:00Z,75.62,1856.8
2024-08-15T22:00:00Z,78.64,1304.55
2024-08-15T22:30:00Z,76.67,1509.5
2024-08-15T23:00:00Z,74.85,1232.85
2024-08-15T23:30:00Z,69.06,1243.5
2024-08-16T00:00:00Z,67.42,1413.95
2024-08-16T00:30:00Z,58.13,1529.65
2024-08-16T01:00:00Z,57.45000000000001,1754.8
2024-08-16T01:30:00Z,56.7,2034.75
2024-08-16T02:00:00Z,67.05,1934.7
2024-08-16T02:30:00Z,69.94,1850.4
2024-08-16T03:00:00Z,71.48,1984.2
2024-08-16T03:30:00Z,69.1,1753.2
2024-08-16T04:00:00Z,63.67,1901.1
2024-08-16T04:30:00Z,62.38999999999999,2384.5
2024-08-16T05:00:00Z,65.75,1858.9
2024-08-16T05:30:00Z,74.24,2136.45
2024-08-16T06:00:00Z,82.89,1763.55
2024-08-16T06:30:00Z,93.49,2019.1
2024-08-16T07:00:00Z,89.13,1965.3
2024-08-16T07:30:00Z,88.51,2121.6
2024-08-16T08:00:00Z,85.81,2077.9
2024-08-16T08:30:00Z,86.45,2449.15
2024-08-16T09:00:00Z,85.83,2296.7
2024-08-16T09:30:00Z,77.01,2167.8
2024-08-16T10:00:00Z,50.22,1975.45
2024-08-16T10:30:00Z,47.9,2197.35
2024-08-16T11:00:00Z,57.38,2860.95
2024-08-16T11:30:00Z,54.36,2796.15
2024-08-16T12:00:00Z,62.83,3667.3
2024-08-16T12:30:00Z,58.86,3329.7
2024-08-16T13:00:00Z,50.01,3510.9
2024-08-16T13:30:00Z,49.84,3664.85
2024-08-16T14:00:00Z,56.07,2528.2
2024-08-16T14:30:00Z,47.46,2435.25
2024-08-16T15:00:00Z,44.93,2566.25
2024-08-16T15:30:00Z,53.24,2542.4
2024-08-16T16:00:00Z,73.1,2038.0
2024-08-16T16:30:00Z,71.95,1898.25
2024-08-16T17:00:00Z,75.55,1899.55
2024-08-16T17:30:00Z,72.19,2119.35
2024-08-16T18:00:00Z,88.13,1944.65
2024-08-16T18:30:00Z,90.92,1735.35
2024-08-16T19:00:00Z,90.66,1802.15
2024-08-16T19:30:00Z,87.53,2015.65
2024-08-16T20:00:00Z,97.24,2287.35
2024-08-16T20:30:00Z,90.72,1742.5
2024-08-16T21:00:00Z,87.94,2138.0
2024-08-16T21:30:00Z,84.8,2179.35
2024-08-16T22:00:00Z,72.85,1685.45
2024-08-16T22:30:00Z,81.79,1551.65
2024-08-16T23:00:00Z,69.96,1765.65
2024-08-16T23:30:00Z,74.65,1991.5
2024-08-17T00:00:00Z,78.42,1836.6
2024-08-17T00:30:00Z,77.67,1904.8
2024-08-17T01:00:00Z,65.83,1866.5
2024-08-17T01:30:00Z,61.84,1843.4
2024-08-17T02:00:00Z,59.73,1480.15
2024-08-17T02:30:00Z,71.2,1502.25
2024-08-17T03:00:00Z,69.8,1222.8
2024-08-17T03:30:00Z,73.97,1181.3
2024-08-17T04:00:00Z,76.33,1215.75
2024-08-17T04:30:00Z,75.99,1222.45
2024-08-17T05:00:00Z,73.89,1322.55
2024-08-17T05:30:00Z,76.12,1251.0
2024-08-17T06:00:00Z,74.93,1707.7
2024-08-17T06:30:00Z,81.25,1310.65
2024-08-17T07:00:00Z,74.55,1601.25
2024-08-17T07:30:00Z,70.15,1617.65
2024-08-17T08:00:00Z,66.53,1676.0
2024-08-17T08:30:00Z,62.96,1784.8
2024-08-17T09:00:00Z,60.230000000000004,1907.75
2024-08-17T09:30:00Z,48.67,2115.0
2024-08-17T10:00:00Z,39.12,2345.95
2024-08-17T10:30:00Z,49.12,2745.5
2024-08-17T11:00:00Z,48.95,2440.65
2024-08-17T11:30:00Z,53.31,2415.25
2024-08-17T12:00:00Z,42.33,2967.2
2024-08-17T12:30:00Z,40.11,2863.5
2024-08-17T13:00:00Z,48.760000000000005,3034.15
2024-08-17T13:30:00Z,48.98,3391.75
2024-08-17T14:00:00Z,62.72999999999999,2658.05
2024-08-17T14:30:00Z,62.35999999999999,2749.0
2024-08-17T15:00:00Z,76.34,1997.25
2024-08-17T15:30:00Z,83.09,2254.35
2024-08-17T16:00:00Z,91.2,2655.75
2024-08-17T16:30:00Z,85.93,2840.8
2024-08-17T17:00:00Z,88.58,2795.0
2024-08-17T17:30:00Z,86.72,2976.9
2024-08-17T18:00:00Z,93.93,2503.3
2024-08-17T18:30:00Z,92.03,2475.35
2024-08-17T19:00:00Z,97.74,2178.5
2024-08-17T19:30:00Z,96.39,1880.55
2024-08-17T20:00:00Z,93.78,2042.1
2024-08-17T20:30:00Z,84.86,1786.25
2024-08-17T21:00:00Z,88.49,1910.3
2024-08-17T21:30:00Z,80.53,1961.9
2024-08-17T22:00:00Z,56.98,1460.65
2024-08-17T22:30:00Z,71.13,1207.0
2024-08-17T23:00:00Z,68.23,1143.85
2024-08-17T23:30:00Z,56.04999999999999,1319.4
2024-08-18T00:00:00Z,42.64,1223.8
2024-08-18T00:30:00Z,35.47,1319.15
2024-08-18T01:00:00Z,40.55,1741.75
2024-08-18T01:30:00Z,39.26,1716.05
2024-08-18T02:00:00Z,37.32,1685.55
2024-08-18T02:30:00Z,35.15,1768.1
2024-08-18T03:00:00Z,43.59,1807.05
2024-08-18T03:30:00Z,52.29,1747.5
2024-08-18T04:00:00Z,47.970000000000006,1678.5
2024-08-18T04:30:00Z,47.29,1537.35
2024-08-18T05:00:00Z,53.32,1431.4
2024-08-18T05:30:00Z,59.17,1484.4
2024-08-18T06:00:00Z,68.44,1656.3
2024-08-18T06:30:00Z,72.72,1902.4
2024-08-18T07:00:00Z,72.05,2062.65
2024-08-18T07:30:00Z,73.06,1805.35
2024-08-18T08:00:00Z,72.08,1998.75
2024-08-18T08:30:00Z,67.87,2298.45
2024-08-18T09:00:00Z,62.43000000000001,2328.45
2024-08-18T09:30:00Z,54.12,2349.45
2024-08-18T10:00:00Z,36.96,2448.2
2024-08-18T10:30:00Z,32.23,2848.75
2024-08-18T11:00:00Z,25.900000000000002,2909.6
2024-08-18T11:30:00Z,19.1,3055.25
2024-08-18T12:00:00Z,16.23,3307.35
2024-08-18T12:30:00Z,11.51,3207.0
2024-08-18T13:00:00Z,21.660000000000004,3465.2
2024-08-18T13:30:00Z,17.16,3482.75
2024-08-18T14:00:00Z,16.25,1986.75
2024-08-18T14:30:00Z,42.21,2113.0
2024-08-18T15:00:00Z,49.07,2254.65
2024-08-18T15:30:00Z,69.44,2334.4
2024-08-18T16:00:00Z,88.18,2134.55
2024-08-18T16:30:00Z,88.86,2242.2
2024-08-18T17:00:00Z,89.52,2225.0
2024-08-18T17:30:00Z,88.75,2464.4
2024-08-18T18:00:00Z,95.95,2052.45
2024-08-18T18:30:00Z,98.19,2050.3
2024-08-18T19:00:00Z,97.25000000000001,1920.4
2024-08-18T19:30:00Z,97.18,1998.95
2024-08-18T20:00:00Z,85.69,1581.5
2024-08-18T20:30:00Z,81.66,1382.85
2024-08-18T21:00:00Z,75.77,1777.2
2024-08-18T21:30:00Z,81.67,1942.75
2024-08-18T22:00:00Z,70.67,1386.7
2024-08-18T22:30:00Z,79.52,1019.75
2024-08-18T23:00:00Z,74.42,1216.55
2024-08-18T23:30:00Z,72.33,1202.45
2024-08-19T00:00:00Z,75.0,1125.05
2024-08-19T00:30:00Z,77.41,1014.7
2024-08-19T01:00:00Z,75.98,1214.95
2024-08-19T01:30:00Z,75.07,1456.45
2024-08-19T02:00:00Z,76.91,1463.05
2024-08-19T02:30:00Z,75.17,1333.8
2024-08-19T03:00:00Z,77.69,1360.55
2024-08-19T03:30:00Z,72.04,1458.15
2024-08-19T04:00:00Z,91.07,1196.6
2024-08-19T04:30:00Z,89.69,1098.35
2024-08-19T05:00:00Z,95.57,1331.0
2024-08-19T05:30:00Z,98.03,1788.25
2024-08-19T06:00:00Z,97.88,1621.6
2024-08-19T06:30:00Z,104.6,2208.55
2024-08-19T07:00:00Z,93.83,1722.55
2024-08-19T07:30:00Z,93.39,1649.95
2024-08-19T08:00:00Z,83.44,1470.6
2024-08-19T08:30:00Z,85.69,1452.9
2024-08-19T09:00:00Z,89.19,1520.15
2024-08-19T09:30:00Z,88.23,1678.15
2024-08-19T10:00:00Z,77.83,2411.2
2024-08-19T10:30:00Z,74.27,2300.35
2024-08-19T11:00:00Z,72.26,2562.15
2024-08-19T11:30:00Z,64.01,2760.0
2024-08-19T12:00:00Z,70.55,2878.5
2024-08-19T12:30:00Z,67.33,3062.1
2024-08-19T13:00:00Z,66.66,3141.65
2024-08-19T13:30:00Z,65.33,3272.55
2024-08-19T14:00:00Z,67.82,3022.95
2024-08-19T14:30:00Z,63.099999999999994,2988.9
2024-08-19T15:00:00Z,72.26,2917.4
2024-08-19T15:30:00Z,64.3,3616.75
2024-08-19T16:00:00Z,81.81,2668.0
2024-08-19T16:30:00Z,81.71,2762.05
2024-08-19T17:00:00Z,97.48,2915.55
2024-08-19T17:30:00Z,93.81,3194.0
2024-08-19T18:00:00Z,106.13,3226.6
2024-08-19T18:30:00Z,100.12,3244.4
2024-08-19T19:00:00Z,94.71,3163.0
2024-08-19T19:30:00Z,91.34,3166.45
2024-08-19T20:00:00Z,86.49,2885.85
2024-08-19T20:30:00Z,81.76,2727.1
2024-08-19T21:00:00Z,73.28,2516.1
2024-08-19T21:30:00Z,69.17,2621.45
2024-08-19T22:00:00Z,58.29,2191.85
2024-08-19T22:30:00Z,67.88,1809.15
2024-08-19T23:00:00Z,67.7,1903.15
2024-08-19T23:30:00Z,72.49,2190.2
2024-08-20T00:00:00Z,65.13,2235.0
2024-08-20T00:30:00Z,58.33,2959.55
2024-08-20T01:00:00Z,34.79,2341.05
2024-08-20T01:30:00Z,22.28,2395.3
2024-08-20T02:00:00Z,13.95,2037.5
2024-08-20T02:30:00Z,9.08,2211.3
2024-08-20T03:00:00Z,19.78,2324.85
2024-08-20T03:30:00Z,25.1,2133.7
2024-08-20T04:00:00Z,25.97,2384.25
2024-08-20T04:30:00Z,46.84,2725.4
2024-08-20T05:00:00Z,53.06,3315.55
2024-08-20T05:30:00Z,67.58,2823.45
2024-08-20T06:00:00Z,68.96,3183.25
2024-08-20T06:30:00Z,86.98,3175.0
2024-08-20T07:00:00Z,78.58,2817.35
2024-08-20T07:30:00Z,85.32,3050.15
2024-08-20T08:00:00Z,69.87,2633.7
2024-08-20T08:30:00Z,53.68,2779.45
2024-08-20T09:00:00Z,53.12,3517.9
2024-08-20T09:30:00Z,41.71,3407.65
2024-08-20T10:00:00Z,35.52,4081.4
2024-08-20T10:30:00Z,28.36,3980.2
2024-08-20T11:00:00Z,20.47,3488.05
2024-08-20T11:30:00Z,14.69,3194.45
2024-08-20T12:00:00Z,18.32,3485.4
2024-08-20T12:30:00Z,11.42,3570.25
2024-08-20T13:00:00Z,12.99,3201.75
2024-08-20T13:30:00Z,12.56,3618.6
2024-08-20T14:00:00Z,22.62,3022.35
2024-08-20T14:30:00Z,55.56,3067.1
2024-08-20T15:00:00Z,54.65999999999999,3256.55
2024-08-20T15:30:00Z,72.83,2978.9
2024-08-20T16:00:00Z,81.46,3047.2
2024-08-20T16:30:00Z,88.33,2865.45
2024-08-20T17:00:00Z,92.16,2930.55
2024-08-20T17:30:00Z,93.55,2828.4
2024-08-20T18:00:00Z,97.64,2883.5
2024-08-20T18:30:00Z,97.84,2849.4
2024-08-20T19:00:00Z,97.57,3144.65
2024-08-20T19:30:00Z,94.93,3405.8
2024-08-20T20:00:00Z,93.06,2536.75
2024-08-20T20:30:00Z,75.49,2159.8
2024-08-20T21:00:00Z,64.44,2695.95
2024-08-20T21:30:00Z,38.41,2319.0
2024-08-20T22:00:00Z,24.03,2129.25
2024-08-20T22:30:00Z,4.64,1973.15
2024-08-20T23:00:00Z,6.94,1992.2
2024-08-20T23:30:00Z,4.78,1627.05
2024-08-21T00:00:00Z,6.05,2008.1
2024-08-21T00:30:00Z,3.51,1748.0
2024-08-21T01:00:00Z,-5.26,1870.9
2024-08-21T01:30:00Z,-6.29,1605.1
2024-08-21T02:00:00Z,-6.03,1718.05
2024-08-21T02:30:00Z,-4.89,1597.4
2024-08-21T03:00:00Z,-5.25,1570.75
2024-08-21T03:30:00Z,14.71,2034.5
2024-08-21T04:00:00Z,24.04,1881.0
2024-08-21T04:30:00Z,49.71,1974.1
2024-08-21T05:00:00Z,49.94,2106.05
2024-08-21T05:30:00Z,74.88,2379.65
2024-08-21T06:00:00Z,63.940000000000005,2402.0
2024-08-21T06:30:00Z,83.94,2131.2
2024-08-21T07:00:00Z,42.03999999999999,1927.5
2024-08-21T07:30:00Z,38.45,2111.3
2024-08-21T08:00:00Z,9.15,2045.85
2024-08-21T08:30:00Z,6.19,2097.1
2024-08-21T09:00:00Z,5.77,2702.95
2024-08-21T09:30:00Z,1.24,2436.95
2024-08-21T10:00:00Z,-6.879999999999999,2411.2
2024-08-21T10:30:00Z,-10.59,2484.55
2024-08-21T11:00:00Z,-11.17,2955.85
2024-08-21T11:30:00Z,-16.87,3287.6
2024-08-21T12:00:00Z,0.49,4139.0
2024-08-21T12:30:00Z,-1.6399999999999997,3724.9
2024-08-21T13:00:00Z,2.45,3734.75
2024-08-21T13:30:00Z,-0.93,3787.75
2024-08-21T14:00:00Z,-6.42,2532.05
2024-08-21T14:30:00Z,-0.78,2624.1
2024-08-21T15:00:00Z,6.46,3040.55
2024-08-21T15:30:00Z,8.24,2740.9
2024-08-21T16:00:00Z,39.48,2756.9
2024-08-21T16:30:00Z,40.89,2742.75
2024-08-21T17:00:00Z,50.57999999999999,2712.2
2024-08-21T17:30:00Z,43.55,2749.25
2024-08-21T18:00:00Z,51.14,3029.0
2024-08-21T18:30:00Z,43.66,3041.05
2024-08-21T19:00:00Z,38.63,3071.5
2024-08-21T19:30:00Z,40.07,2884.1
2024-08-21T20:00:00Z,48.06,2488.7
2024-08-21T20:30:00Z,28.47,2142.2
2024-08-21T21:00:00Z,25.249999999999996,1982.35
2024-08-21T21:30:00Z,11.73,2161.4
2024-08-21T22:00:00Z,-1.95,1494.2
2024-08-21T22:30:00Z,-10.14,1567.6
2024-08-21T23:00:00Z,-8.33,1486.3
2024-08-21T23:30:00Z,-11.16,1432.35
2024-08-22T00:00:00Z,-16.64,1775.6
2024-08-22T00:30:00Z,-16.53,1493.25
2024-08-22T01:00:00Z,-14.659999999999998,1565.45
2024-08-22T01:30:00Z,-18.45,1641.35
2024-08-22T02:00:00Z,-18.44,1263.6
2024-08-22T02:30:00Z,-19.09,1391.8
2024-08-22T03:00:00Z,-17.08,1520.2
2024-08-22T03:30:00Z,-17.4,1415.9
2024-08-22T04:00:00Z,-11.87,1497.85
2024-08-22T04:30:00Z,-9.54,1665.55
2024-08-22T05:00:00Z,-13.12,1738.6
2024-08-22T05:30:00Z,8.5,2059.25
2024-08-22T06:00:00Z,-8.81,1814.15
2024-08-22T06:30:00Z,0.7,1971.3
2024-08-22T07:00:00Z,-7.18,2198.0
2024-08-22T07:30:00Z,-0.21000000000000002,2549.2
2024-08-22T08:00:00Z,-10.25,2177.3
2024-08-22T08:30:00Z,-4.84,2655.05
2024-08-22T09:00:00Z,-6.43,2385.3
2024-08-22T09:30:00Z,-4.07,2385.95
2024-08-22T10:00:00Z,-8.03,2426.55
2024-08-22T10:30:00Z,-8.63,2563.55
2024-08-22T11:00:00Z,-10.18,3011.9
2024-08-22T11:30:00Z,-9.6,3217.8
2024-08-22T12:00:00Z,-6.74,3137.4
2024-08-22T12:30:00Z,-9.59,3235.2
2024-08-22T13:00:00Z,-4.55,3412.5
2024-08-22T13:30:00Z,-2.34,3274.7
2024-08-22T14:00:00Z,-3.94,2177.65
2024-08-22T14:30:00Z,2.68,2530.45
2024-08-22T15:00:00Z,1.01,2934.55
2024-08-22T15:30:00Z,20.09,3169.9
2024-08-22T16:00:00Z,57.48,3300.65
2024-08-22T16:30:00Z,74.78,3319.8
2024-08-22T17:00:00Z,93.95999999999998,3095.0
2024-08-22T17:30:00Z,102.63,3112.65
2024-08-22T18:00:00Z,109.33999999999999,2813.75
2024-08-22T18:30:00Z,109.5,2653.55
2024-08-22T19:00:00Z,99.14,2980.95
2024-08-22T19:30:00Z,100.21000000000001,2794.05
2024-08-22T20:00:00Z,90.61,2858.15
2024-08-22T20:30:00Z,74.97,2830.75
2024-08-22T21:00:00Z,67.76,2595.45
2024-08-22T21:30:00Z,57.55,2612.7
2024-08-22T22:00:00Z,37.81,2020.5
2024-08-22T22:30:00Z,36.19,2231.7
2024-08-22T23:00:00Z,35.15,2432.5
2024-08-22T23:30:00Z,23.68,2334.75
2024-08-23T00:00:00Z,22.4,1963.2
2024-08-23T00:30:00Z,11.59,1802.75
2024-08-23T01:00:00Z,21.12,2228.7
2024-08-23T01:30:00Z,11.46,2871.65
2024-08-23T02:00:00Z,-7.8,2794.5
2024-08-23T02:30:00Z,-10.33,2760.95
2024-08-23T03:00:00Z,-8.24,2252.0
2024-08-23T03:30:00Z,-12.61,2303.95
2024-08-23T04:00:00Z,-5.82,2000.8
2024-08-23T04:30:00Z,-3.07,1962.9
2024-08-23T05:00:00Z,0.57,1841.35
2024-08-23T05:30:00Z,5.1,1960.4
2024-08-23T06:00:00Z,-4.36,1604.6
2024-08-23T06:30:00Z,-0.6200000000000001,1790.55
2024-08-23T07:00:00Z,-8.48,2174.25
2024-08-23T07:30:00Z,-11.87,2534.05
2024-08-23T08:00:00Z,-0.66,2282.9
2024-08-23T08:30:00Z,-1.06,2731.1
2024-08-23T09:00:00Z,-5.75,2508.45
2024-08-23T09:30:00Z,-11.69,2529.15
2024-08-23T10:00:00Z,0.58,3927.05
2024-08-23T10:30:00Z,-1.89,3865.0
2024-08-23T11:00:00Z,4.39,4219.3
2024-08-23T11:30:00Z,1.81,3932.95
2024-08-23T12:00:00Z,4.08,3783.35
2024-08-23T12:30:00Z,6.7,3522.4
2024-08-23T13:00:00Z,4.04,3540.65
2024-08-23T13:30:00Z,3.38,3521.2
2024-08-23T14:00:00Z,4.74,2686.9
2024-08-23T14:30:00Z,-1.23,2948.8
2024-08-23T15:00:00Z,4.57,2867.4
2024-08-23T15:30:00Z,33.36,2885.1
2024-08-23T16:00:00Z,46.65,3539.45
2024-08-23T16:30:00Z,64.42,3043.5
2024-08-23T17:00:00Z,81.59,3090.75
2024-08-23T17:30:00Z,87.38,3051.5
2024-08-23T18:00:00Z,97.01,2841.95
2024-08-23T18:30:00Z,97.32,2948.8
2024-08-23T19:00:00Z,93.22,2472.3
2024-08-23T19:30:00Z,92.64,2344.35
2024-08-23T20:00:00Z,95.73,2410.65
2024-08-23T20:30:00Z,95.8,2349.8
2024-08-23T21:00:00Z,95.94,2451.25
2024-08-23T21:30:00Z,76.99,2464.5
2024-08-23T22:00:00Z,82.02,1668.2
2024-08-23T22:30:00Z,68.21,1802.3
2024-08-23T23:00:00Z,58.17,1943.4
2024-08-23T23:30:00Z,53.25,2094.35
2024-08-24T00:00:00Z,51.46,1845.75
2024-08-24T00:30:00Z,59.56,1960.75
2024-08-24T01:00:00Z,57.42,2207.4
2024-08-24T01:30:00Z,50.35,2010.65
2024-08-24T02:00:00Z,42.77,2243.15
2024-08-24T02:30:00Z,55.49,2000.5
2024-08-24T03:00:00Z,57.16,2284.8
2024-08-24T03:30:00Z,52.71,2292.4
2024-08-24T04:00:00Z,44.25,2141.75
2024-08-24T04:30:00Z,47.43,2223.4
2024-08-24T05:00:00Z,51.28,2449.9
2024-08-24T05:30:00Z,58.19,2402.6
2024-08-24T06:00:00Z,43.17,2187.05
2024-08-24T06:30:00Z,63.48,2613.25
2024-08-24T07:00:00Z,43.15,2425.8
2024-08-24T07:30:00Z,47.44,2366.45
2024-08-24T08:00:00Z,60.26,3199.95
2024-08-24T08:30:00Z,63.61,3883.85
2024-08-24T09:00:00Z,62.23,3502.85
2024-08-24T09:30:00Z,55.71,3458.9
2024-08-24T10:00:00Z,57.56,3144.0
2024-08-24T10:30:00Z,59.43,3017.55
2024-08-24T11:00:00Z,60.67,3184.45
2024-08-24T11:30:00Z,50.8,2565.85
2024-08-24T12:00:00Z,25.71,2035.55
2024-08-24T12:30:00Z,13.88,2138.85
2024-08-24T13:00:00Z,6.73,2260.1
2024-08-24T13:30:00Z,5.73,2760.55
2024-08-24T14:00:00Z,1.06,3291.75
2024-08-24T14:30:00Z,-1.74,3042.7
2024-08-24T15:00:00Z,5.24,3108.35
2024-08-24T15:30:00Z,8.43,3329.1
2024-08-24T16:00:00Z,38.9,3091.45
2024-08-24T16:30:00Z,36.38,3409.7
2024-08-24T17:00:00Z,50.29,3026.1
2024-08-24T17:30:00Z,58.89000000000001,3361.6
2024-08-24T18:00:00Z,52.47,3145.6
2024-08-24T18:30:00Z,50.78,3168.45
2024-08-24T19:00:00Z,49.53,3512.0
2024-08-24T19:30:00Z,42.92,3346.35
2024-08-24T20:00:00Z,24.13,3184.75
2024-08-24T20:30:00Z,16.27,2832.35
2024-08-24T21:00:00Z,15.26,2336.5
2024-08-24T21:30:00Z,2.5,2764.55
2024-08-24T22:00:00Z,24.72,2129.4
2024-08-24T22:30:00Z,6.21,2199.35
2024-08-24T23:00:00Z,0.8600000000000001,1808.4
2024-08-24T23:30:00Z,4.03,1936.45
2024-08-25T00:00:00Z,11.48,1817.3
2024-08-25T00:30:00Z,9.45,1805.05
2024-08-25T01:00:00Z,1.8,2136.35
2024-08-25T01:30:00Z,-0.66,2106.1
2024-08-25T02:00:00Z,2.19,1465.4
2024-08-25T02:30:00Z,3.2700000000000005,1497.85
2024-08-25T03:00:00Z,13.64,1906.9
2024-08-25T03:30:00Z,10.93,2006.75
2024-08-25T04:00:00Z,8.03,1764.55
2024-08-25T04:30:00Z,11.670000000000002,1769.2
2024-08-25T05:00:00Z,3.6799999999999997,1753.35
2024-08-25T05:30:00Z,16.1,1945.8
2024-08-25T06:00:00Z,15.500000000000002,1524.45
2024-08-25T06:30:00Z,14.45,1795.55
2024-08-25T07:00:00Z,-9.32,1948.45
2024-08-25T07:30:00Z,-3.02,2299.3
2024-08-25T08:00:00Z,-0.26,1938.05
2024-08-25T08:30:00Z,-10.12,2089.2
2024-08-25T09:00:00Z,-8.86,1969.6
2024-08-25T09:30:00Z,-13.24,2243.35
2024-08-25T10:00:00Z,-14.31,1931.15
2024-08-25T10:30:00Z,-15.1,1870.0
2024-08-25T11:00:00Z,-19.28,1843.25
2024-08-25T11:30:00Z,-19.94,2058.75
2024-08-25T12:00:00Z,-22.86,2058.2
2024-08-25T12:30:00Z,-22.8,2349.3
2024-08-25T13:00:00Z,-8.25,3120.1
2024-08-25T13:30:00Z,-9.97,2943.3
2024-08-25T14:00:00Z,-3.4,2461.55
2024-08-25T14:30:00Z,-7.22,2163.1
2024-08-25T15:00:00Z,-12.67,2349.9
2024-08-25T15:30:00Z,-8.43,2237.5
2024-08-25T16:00:00Z,4.11,3035.5
2024-08-25T16:30:00Z,17.68,2383.65
2024-08-25T17:00:00Z,41.86,3138.05
2024-08-25T17:30:00Z,46.86999999999999,3143.85
2024-08-25T18:00:00Z,66.94,2448.15
2024-08-25T18:30:00Z,72.25,2254.35
2024-08-25T19:00:00Z,79.46,2149.95
2024-08-25T19:30:00Z,79.15,2228.65
2024-08-25T20:00:00Z,80.34,2113.0
2024-08-25T20:30:00Z,74.53,2035.8
2024-08-25T21:00:00Z,78.84,2045.3
2024-08-25T21:30:00Z,67.0,1988.05
2024-08-25T22:00:00Z,51.11,1885.55
2024-08-25T22:30:00Z,30.279999999999998,1710.2
2024-08-25T23:00:00Z,33.83,2320.2
2024-08-25T23:30:00Z,35.1,1986.35
2024-08-26T00:00:00Z,36.52,2324.4
2024-08-26T00:30:00Z,38.7,2070.55
2024-08-26T01:00:00Z,24.88,2302.7
2024-08-26T01:30:00Z,26.659999999999997,2625.45
2024-08-26T02:00:00Z,31.57,2662.2
2024-08-26T02:30:00Z,33.5,2638.5
2024-08-26T03:00:00Z,36.99,2799.65
2024-08-26T03:30:00Z,39.81,2626.05
2024-08-26T04:00:00Z,34.11,2195.15
2024-08-26T04:30:00Z,49.81,2399.7
2024-08-26T05:00:00Z,43.78,2296.2
2024-08-26T05:30:00Z,56.75,2323.4
2024-08-26T06:00:00Z,70.19,1945.9
2024-08-26T06:30:00Z,75.12,2180.55
2024-08-26T07:00:00Z,63.22,2419.75
2024-08-26T07:30:00Z,61.940000000000005,2167.65
2024-08-26T08:00:00Z,54.0,3022.1
2024-08-26T08:30:00Z,59.1,2709.65
2024-08-26T09:00:00Z,30.34,2749.4
2024-08-26T09:30:00Z,41.690000000000005,3220.65
2024-08-26T10:00:00Z,48.47,3026.65
2024-08-26T10:30:00Z,54.26,3054.05
2024-08-26T11:00:00Z,39.24,3400.5
2024-08-26T11:30:00Z,35.87,3101.5
2024-08-26T12:00:00Z,33.22,3561.4
2024-08-26T12:30:00Z,32.03,3523.6
2024-08-26T13:00:00Z,43.82,3530.15
2024-08-26T13:30:00Z,46.11,3656.75
2024-08-26T14:00:00Z,55.5,2355.25
2024-08-26T14:30:00Z,53.17,2239.15
2024-08-26T15:00:00Z,68.92,2199.3
2024-08-26T15:30:00Z,68.83,2923.9
2024-08-26T16:00:00Z,92.68,2897.9
2024-08-26T16:30:00Z,84.09,2839.3
2024-08-26T17:00:00Z,102.83,2813.85
2024-08-26T17:30:00Z,106.51999999999998,2751.25
2024-08-26T18:00:00Z,110.71,1964.75
2024-08-26T18:30:00Z,106.28,1836.35
2024-08-26T19:00:00Z,105.66,1772.7
2024-08-26T19:30:00Z,102.54,1856.3
2024-08-26T20:00:00Z,100.65,1721.9
2024-08-26T20:30:00Z,90.55,2257.35
2024-08-26T21:00:00Z,89.15,1767.45
2024-08-26T21:30:00Z,89.64,2092.25
2024-08-26T22:00:00Z,77.51,2166.7
2024-08-26T22:30:00Z,83.42,1882.35
2024-08-26T23:00:00Z,85.29,1864.25
2024-08-26T23:30:00Z,71.34,1758.05
2024-08-27T00:00:00Z,55.46,1690.3
2024-08-27T00:30:00Z,39.66,1932.0
2024-08-27T01:00:00Z,38.74,2087.05
2024-08-27T01:30:00Z,33.95,2269.75
2024-08-27T02:00:00Z,36.63,1942.15
2024-08-27T02:30:00Z,31.739999999999995,1868.8
2024-08-27T03:00:00Z,31.44,1952.5
2024-08-27T03:30:00Z,32.27,1922.95
2024-08-27T04:00:00Z,30.88,2051.9
2024-08-27T04:30:00Z,35.02,2228.05
2024-08-27T05:00:00Z,37.81,2371.7
2024-08-27T05:30:00Z,43.89,2187.05
2024-08-27T06:00:00Z,46.91,1882.0
2024-08-27T06:30:00Z,46.07,2147.25
2024-08-27T07:00:00Z,43.78,2191.25
2024-08-27T07:30:00Z,51.37,2740.5
2024-08-27T08:00:00Z,48.9,3243.1
2024-08-27T08:30:00Z,51.93,3344.65
2024-08-27T09:00:00Z,26.85,3837.65
2024-08-27T09:30:00Z,29.54,4024.75
2024-08-27T10:00:00Z,-0.51,3298.4
2024-08-27T10:30:00Z,0.44,3398.35
2024-08-27T11:00:00Z,-0.04000000000000001,3201.1
2024-08-27T11:30:00Z,-1.8100000000000003,2931.8
2024-08-27T12:00:00Z,-6.51,3024.15
2024-08-27T12:30:00Z,-7.199999999999999,2898.6
2024-08-27T13:00:00Z,16.43,3001.3
2024-08-27T13:30:00Z,33.73,3411.75
2024-08-27T14:00:00Z,57.55,3308.45
2024-08-27T14:30:00Z,54.61,3419.95
2024-08-27T15:00:00Z,81.26,3336.4
2024-08-27T15:30:00Z,83.16,3661.3
2024-08-27T16:00:00Z,105.11,3292.0
2024-08-27T16:30:00Z,104.15,3337.9
2024-08-27T17:00:00Z,103.79999999999998,3340.5
2024-08-27T17:30:00Z,110.21,3184.7
2024-08-27T18:00:00Z,120.26,2558.15
2024-08-27T18:30:00Z,121.09999999999998,2664.0
2024-08-27T19:00:00Z,113.02999999999999,3007.95
2024-08-27T19:30:00Z,111.79,3173.3
2024-08-27T20:00:00Z,97.72,2493.75
2024-08-27T20:30:00Z,90.18,2205.7
2024-08-27T21:00:00Z,85.57,2047.3
2024-08-27T21:30:00Z,85.32,1957.9
2024-08-27T22:00:00Z,82.81000000000002,1663.65
2024-08-27T22:30:00Z,89.01,1218.9
2024-08-27T23:00:00Z,76.57,1390.75
2024-08-27T23:30:00Z,74.72,1260.95
2024-08-28T00:00:00Z,61.150000000000006,1294.45
2024-08-28T00:30:00Z,54.56999999999999,1365.9
2024-08-28T01:00:00Z,70.4,1889.95
2024-08-28T01:30:00Z,72.37,1770.95
2024-08-28T02:00:00Z,67.11,1457.25
2024-08-28T02:30:00Z,71.88,1418.25
2024-08-28T03:00:00Z,66.85,1557.55
2024-08-28T03:30:00Z,67.12,1402.5
2024-08-28T04:00:00Z,74.09,1374.45
2024-08-28T04:30:00Z,86.67,1566.45
2024-08-28T05:00:00Z,98.56,1611.5
2024-08-28T05:30:00Z,104.23,1576.2
2024-08-28T06:00:00Z,103.09,2134.25
2024-08-28T06:30:00Z,113.2,2529.45
2024-08-28T07:00:00Z,106.48,2010.05
2024-08-28T07:30:00Z,109.93,2255.3
2024-08-28T08:00:00Z,105.86,2398.45
2024-08-28T08:30:00Z,107.05000000000001,3008.4
2024-08-28T09:00:00Z,101.54,3216.7
2024-08-28T09:30:00Z,97.81,3630.75
2024-08-28T10:00:00Z,88.57,3584.15
2024-08-28T10:30:00Z,85.84,3618.75
2024-08-28T11:00:00Z,85.16999999999999,3561.9
2024-08-28T11:30:00Z,77.2,4027.3
2024-08-28T12:00:00Z,76.83,3679.95
2024-08-28T12:30:00Z,70.95,3525.2
2024-08-28T13:00:00Z,73.63,4123.65
2024-08-28T13:30:00Z,75.28,3987.15
2024-08-28T14:00:00Z,79.0,2166.3
2024-08-28T14:30:00Z,74.47,3100.15
2024-08-28T15:00:00Z,83.01,2859.05
2024-08-28T15:30:00Z,71.89,3197.05
2024-08-28T16:00:00Z,89.22,2798.1
2024-08-28T16:30:00Z,92.43,2852.25
2024-08-28T17:00:00Z,98.56999999999998,3181.7
2024-08-28T17:30:00Z,99.67000000000002,2952.75
2024-08-28T18:00:00Z,99.14,2709.3
2024-08-28T18:30:00Z,101.48999999999998,2923.0
2024-08-28T19:00:00Z,99.94,3424.35
2024-08-28T19:30:00Z,101.69,3116.3
2024-08-28T20:00:00Z,93.46,2863.85
2024-08-28T20:30:00Z,89.1,3029.6
2024-08-28T21:00:00Z,88.4,3025.05
2024-08-28T21:30:00Z,89.42,3092.15
2024-08-28T22:00:00Z,75.06,2272.0
2024-08-28T22:30:00Z,85.26000000000002,1887.95
2024-08-28T23:00:00Z,87.85,1911.5
2024-08-28T23:30:00Z,89.03,2049.25
2024-08-29T00:00:00Z,87.53,1906.95
2024-08-29T00:30:00Z,85.14,2059.6
2024-08-29T01:00:00Z,80.05,2639.3
2024-08-29T01:30:00Z,83.37,2596.25
2024-08-29T02:00:00Z,90.11,2107.1
2024-08-29T02:30:00Z,91.0,1940.8
2024-08-29T03:00:00Z,96.71,2506.6
2024-08-29T03:30:00Z,94.35,2322.1
2024-08-29T04:00:00Z,109.07,1843.25
2024-08-29T04:30:00Z,108.4,2383.95
2024-08-29T05:00:00Z,113.21,2192.85
2024-08-29T05:30:00Z,118.08,2236.0
2024-08-29T06:00:00Z,112.84,2197.05
2024-08-29T06:30:00Z,116.08000000000001,2774.35
2024-08-29T07:00:00Z,104.05,2333.75
2024-08-29T07:30:00Z,101.17,2569.9
2024-08-29T08:00:00Z,86.69,2593.85
2024-08-29T08:30:00Z,89.99,2767.45
2024-08-29T09:00:00Z,90.35,2883.05
2024-08-29T09:30:00Z,78.2,3116.85
2024-08-29T10:00:00Z,72.24,3316.45
2024-08-29T10:30:00Z,73.69,2947.2
2024-08-29T11:00:00Z,75.96,2887.3
2024-08-29T11:30:00Z,76.15,2961.55
2024-08-29T12:00:00Z,79.3,2554.15
2024-08-29T12:30:00Z,79.43,2519.65
2024-08-29T13:00:00Z,83.48,2706.5
2024-08-29T13:30:00Z,83.06,2738.3
2024-08-29T14:00:00Z,99.81,2286.9
2024-08-29T14:30:00Z,101.85,2496.15
2024-08-29T15:00:00Z,110.37,3123.15
2024-08-29T15:30:00Z,93.34,2867.9
2024-08-29T16:00:00Z,118.09,4387.15
2024-08-29T16:30:00Z,120.57000000000001,4940.2
2024-08-29T17:00:00Z,108.54,3934.0
2024-08-29T17:30:00Z,111.67,3926.75
2024-08-29T18:00:00Z,109.79,2780.15
2024-08-29T18:30:00Z,109.53000000000002,2766.1
2024-08-29T19:00:00Z,109.05,2673.25
2024-08-29T19:30:00Z,107.28,2813.0
2024-08-29T20:00:00Z,105.71,2062.85
2024-08-29T20:30:00Z,101.44,1930.4
2024-08-29T21:00:00Z,86.19,1845.2
2024-08-29T21:30:00Z,88.95,1653.75
2024-08-29T22:00:00Z,84.89000000000001,1774.0
2024-08-29T22:30:00Z,86.72999999999999,1582.05
2024-08-29T23:00:00Z,84.72,1635.25
2024-08-29T23:30:00Z,79.69,1498.9
2024-08-30T00:00:00Z,75.11,1677.9
2024-08-30T00:30:00Z,73.92,1562.3
2024-08-30T01:00:00Z,70.76,1966.4
2024-08-30T01:30:00Z,73.83,2309.35
2024-08-30T02:00:00Z,73.9,2197.25
2024-08-30T02:30:00Z,69.56000000000002,1917.0
2024-08-30T03:00:00Z,71.27000000000001,1848.1
2024-08-30T03:30:00Z,74.12,1852.4
2024-08-30T04:00:00Z,76.4,1485.05
2024-08-30T04:30:00Z,81.51,1331.15
2024-08-30T05:00:00Z,92.88999999999999,1434.85
2024-08-30T05:30:00Z,95.6,1757.45
2024-08-30T06:00:00Z,91.79,2294.9
2024-08-30T06:30:00Z,98.77,2344.7
2024-08-30T07:00:00Z,94.68,2233.95
2024-08-30T07:30:00Z,93.9,2267.35
2024-08-30T08:00:00Z,82.84,2548.7
2024-08-30T08:30:00Z,77.51,2518.35
2024-08-30T09:00:00Z,74.97,2539.65
2024-08-30T09:30:00Z,74.32,2885.4
2024-08-30T10:00:00Z,76.31,2474.7
2024-08-30T10:30:00Z,76.24,2324.35
2024-08-30T11:00:00Z,74.05,2214.35
2024-08-30T11:30:00Z,76.92,1976.35
2024-08-30T12:00:00Z,75.23,2313.65
2024-08-30T12:30:00Z,77.39,2395.55
2024-08-30T13:00:00Z,79.68,2133.45
2024-08-30T13:30:00Z,77.64,2717.75
2024-08-30T14:00:00Z,75.96,2845.9
2024-08-30T14:30:00Z,75.45,3159.55
2024-08-30T15:00:00Z,82.34,3670.2
2024-08-30T15:30:00Z,78.12,3353.85
2024-08-30T16:00:00Z,81.87,3081.85
2024-08-30T16:30:00Z,90.18999999999998,3167.8
2024-08-30T17:00:00Z,90.38999999999999,3798.7
2024-08-30T17:30:00Z,94.5,3691.05
2024-08-30T18:00:00Z,91.21,3171.7
2024-08-30T18:30:00Z,92.05999999999999,3181.7
2024-08-30T19:00:00Z,86.67,2931.75
2024-08-30T19:30:00Z,82.69,2649.8
2024-08-30T20:00:00Z,86.0,3071.9
2024-08-30T20:30:00Z,89.71999999999998,3626.8
2024-08-30T21:00:00Z,83.47,2958.2
2024-08-30T21:30:00Z,86.07,2721.85
2024-08-30T22:00:00Z,84.72,1531.7
2024-08-30T22:30:00Z,86.93,1484.3
2024-08-30T23:00:00Z,80.69,1805.15
2024-08-30T23:30:00Z,83.86,1699.75
2024-08-31T00:00:00Z,80.94,1141.55
2024-08-31T00:30:00Z,77.33,1016.3
2024-08-31T01:00:00Z,74.53,1055.05
2024-08-31T01:30:00Z,72.45,1067.0
2024-08-31T02:00:00Z,69.58,1032.35
2024-08-31T02:30:00Z,67.92,978.6
2024-08-31T03:00:00Z,68.88,1050.6
2024-08-31T03:30:00Z,68.93,1000.4
2024-08-31T04:00:00Z,71.82,1035.6
2024-08-31T04:30:00Z,71.63,1089.8
2024-08-31T05:00:00Z,79.31,1383.25
2024-08-31T05:30:00Z,86.17,1520.4
2024-08-31T06:00:00Z,90.6,1645.15
2024-08-31T06:30:00Z,93.67,1635.5
2024-08-31T07:00:00Z,95.98,1472.95
2024-08-31T07:30:00Z,98.39999999999999,1521.7
2024-08-31T08:00:00Z,97.8,1692.05
2024-08-31T08:30:00Z,90.67,1632.95
2024-08-31T09:00:00Z,87.86999999999999,1651.0
2024-08-31T09:30:00Z,82.02,1576.5
2024-08-31T10:00:00Z,77.87,1693.15
2024-08-31T10:30:00Z,74.28,1815.7
2024-08-31T11:00:00Z,67.52,1990.75
2024-08-31T11:30:00Z,55.73,2200.0
2024-08-31T12:00:00Z,52.69,2367.3
2024-08-31T12:30:00Z,47.62,2627.25
2024-08-31T13:00:00Z,52.73,2348.85
2024-08-31T13:30:00Z,53.74,2351.95
2024-08-31T14:00:00Z,55.24,2091.0
2024-08-31T14:30:00Z,62.2,2134.7
2024-08-31T15:00:00Z,81.66,2340.2
2024-08-31T15:30:00Z,70.61,2949.7
2024-08-31T16:00:00Z,98.67,2925.35
2024-08-31T16:30:00Z,98.58,3065.2
2024-08-31T17:00:00Z,107.22,3192.1
2024-08-31T17:30:00Z,106.86,2959.2
2024-08-31T18:00:00Z,103.77,2745.05
2024-08-31T18:30:00Z,100.77,2689.45
2024-08-31T19:00:00Z,93.78999999999999,2932.05
2024-08-31T19:30:00Z,91.20999999999998,2929.25
2024-08-31T20:00:00Z,83.81,2441.75
2024-08-31T20:30:00Z,83.17,2215.75
2024-08-31T21:00:00Z,85.55,1912.35
2024-08-31T21:30:00Z,79.23,2016.8
2024-08-31T22:00:00Z,77.22,1370.75
2024-08-31T22:30:00Z,76.24,1370.25
2024-08-31T23:00:00Z,81.41,1392.6
2024-08-31T23:30:00Z,80.75,1239.45
2024-09-01T00:00:00Z,72.59,1685.05
2024-09-01T00:30:00Z,70.94,1669.6
2024-09-01T01:00:00Z,70.27,1496.75
2024-09-01T01:30:00Z,70.32,1401.25
2024-09-01T02:00:00Z,74.6,1601.9
2024-09-01T02:30:00Z,70.66,1755.7
2024-09-01T03:00:00Z,72.32,1944.55
2024-09-01T03:30:00Z,72.02,1903.2
2024-09-01T04:00:00Z,70.57,1742.0
2024-09-01T04:30:00Z,67.82,1906.0
2024-09-01T05:00:00Z,66.35,2080.85
2024-09-01T05:30:00Z,67.93,1964.05
2024-09-01T06:00:00Z,59.97,1787.45
2024-09-01T06:30:00Z,64.68,1935.45
2024-09-01T07:00:00Z,49.73,2534.05
2024-09-01T07:30:00Z,60.44,2317.95
2024-09-01T08:00:00Z,32.75,2252.6
2024-09-01T08:30:00Z,34.58,2169.45
2024-09-01T09:00:00Z,33.53,2207.35
2024-09-01T09:30:00Z,32.75,2414.6
2024-09-01T10:00:00Z,34.99,2216.1
2024-09-01T10:30:00Z,39.04,2139.55
2024-09-01T11:00:00Z,37.6,2127.15
2024-09-01T11:30:00Z,33.82,2011.6
2024-09-01T12:00:00Z,23.31,2246.7
2024-09-01T12:30:00Z,19.13,2151.9
2024-09-01T13:00:00Z,21.11,2437.35
2024-09-01T13:30:00Z,22.98,2252.8
2024-09-01T14:00:00Z,25.21,2108.7
2024-09-01T14:30:00Z,51.69,2086.9
2024-09-01T15:00:00Z,73.27,2085.95
2024-09-01T15:30:00Z,73.24,2253.1
2024-09-01T16:00:00Z,91.83,2273.35
2024-09-01T16:30:00Z,88.31,2449.55
2024-09-01T17:00:00Z,104.96,2014.25
2024-09-01T17:30:00Z,105.26,2195.1
2024-09-01T18:00:00Z,109.32,1707.65
2024-09-01T18:30:00Z,110.45,1736.65
2024-09-01T19:00:00Z,106.93,2013.1
2024-09-01T19:30:00Z,101.78,2076.85
2024-09-01T20:00:00Z,104.26,1763.1
2024-09-01T20:30:00Z,96.5,1682.1
2024-09-01T21:00:00Z,94.35,2094.85
2024-09-01T21:30:00Z,87.07,1833.0
2024-09-01T22:00:00Z,86.98,1436.55
2024-09-01T22:30:00Z,86.12,1408.75
2024-09-01T23:00:00Z,79.17,1490.4
2024-09-01T23:30:00Z,82.26,1569.2
2024-09-02T00:00:00Z,85.0,1601.5
2024-09-02T00:30:00Z,83.31,1463.0
2024-09-02T01:00:00Z,80.72,1559.95
2024-09-02T01:30:00Z,81.35,1601.1
2024-09-02T02:00:00Z,78.01,1378.3
2024-09-02T02:30:00Z,80.41,1599.4
2024-09-02T03:00:00Z,87.73,1405.2
2024-09-02T03:30:00Z,81.77999999999999,1891.25
2024-09-02T04:00:00Z,102.01,1563.9
2024-09-02T04:30:00Z,97.8,1519.55
2024-09-02T05:00:00Z,115.17,1999.25
2024-09-02T05:30:00Z,123.04,2471.85
2024-09-02T06:00:00Z,115.86,2642.8
2024-09-02T06:30:00Z,121.23999999999998,2781.35
2024-09-02T07:00:00Z,102.68,2886.3
2024-09-02T07:30:00Z,108.81,2727.05
2024-09-02T08:00:00Z,107.82,2345.85
2024-09-02T08:30:00Z,106.72,2341.4
2024-09-02T09:00:00Z,106.83,2765.95
2024-09-02T09:30:00Z,103.83,2423.6
2024-09-02T10:00:00Z,98.3,1992.05
2024-09-02T10:30:00Z,96.36,2134.45
2024-09-02T11:00:00Z,96.97,2299.1
2024-09-02T11:30:00Z,91.94,2757.45
2024-09-02T12:00:00Z,84.9,2755.15
2024-09-02T12:30:00Z,85.30999999999999,3103.2
2024-09-02T13:00:00Z,82.36,3000.75
2024-09-02T13:30:00Z,81.49,3494.55
2024-09-02T14:00:00Z,78.06,2859.65
2024-09-02T14:30:00Z,78.08,3119.55
2024-09-02T15:00:00Z,79.6,3276.8
2024-09-02T15:30:00Z,80.31,2711.45
2024-09-02T16:00:00Z,91.89,2151.0
2024-09-02T16:30:00Z,88.46,2685.9
2024-09-02T17:00:00Z,108.18,2413.55
2024-09-02T17:30:00Z,109.86,2472.75
2024-09-02T18:00:00Z,107.55999999999999,2545.5
2024-09-02T18:30:00Z,104.61,2821.65
2024-09-02T19:00:00Z,95.6,2852.3
2024-09-02T19:30:00Z,93.42999999999999,2992.0
2024-09-02T20:00:00Z,84.79,2804.2
2024-09-02T20:30:00Z,84.5,2820.35
2024-09-02T21:00:00Z,80.93,2307.35
2024-09-02T21:30:00Z,87.01,2451.7
2024-09-02T22:00:00Z,85.81,1679.05
2024-09-02T22:30:00Z,85.87,1250.8
2024-09-02T23:00:00Z,85.85,1309.35
2024-09-02T23:30:00Z,84.78,1203.3
2024-09-03T00:00:00Z,83.78,1483.95
2024-09-03T00:30:00Z,82.32,1497.0
2024-09-03T01:00:00Z,79.08,1400.0
2024-09-03T01:30:00Z,78.18,1726.75
2024-09-03T02:00:00Z,82.74,1268.55
2024-09-03T02:30:00Z,81.32,1358.95
2024-09-03T03:00:00Z,77.45,1216.85
2024-09-03T03:30:00Z,81.42,1539.7
2024-09-03T04:00:00Z,78.52,1455.4
2024-09-03T04:30:00Z,78.43,1210.9
2024-09-03T05:00:00Z,86.30999999999999,1634.65
2024-09-03T05:30:00Z,97.04999999999998,1721.9
2024-09-03T06:00:00Z,89.38000000000001,3214.5
2024-09-03T06:30:00Z,105.44,3534.4
2024-09-03T07:00:00Z,97.84000000000002,2940.0
2024-09-03T07:30:00Z,99.23,3625.45
2024-09-03T08:00:00Z,79.77,2794.95
2024-09-03T08:30:00Z,89.13,2325.35
2024-09-03T09:00:00Z,87.74,2970.85
2024-09-03T09:30:00Z,79.44,2802.95
2024-09-03T10:00:00Z,82.26,2349.95
2024-09-03T10:30:00Z,77.75,2443.75
2024-09-03T11:00:00Z,81.7,2727.5
2024-09-03T11:30:00Z,83.07,2475.2
2024-09-03T12:00:00Z,81.31,2265.1
2024-09-03T12:30:00Z,79.94,2559.6
2024-09-03T13:00:00Z,78.64,3141.55
2024-09-03T13:30:00Z,80.79,3036.85
2024-09-03T14:00:00Z,85.92,2352.4
2024-09-03T14:30:00Z,85.56,2617.4
2024-09-03T15:00:00Z,90.53,2800.4
2024-09-03T15:30:00Z,83.67,2702.9
2024-09-03T16:00:00Z,99.02,2172.9
2024-09-03T16:30:00Z,104.08,2068.1
2024-09-03T17:00:00Z,100.64,2347.95
2024-09-03T17:30:00Z,104.35,2243.85
2024-09-03T18:00:00Z,100.25,2614.6
2024-09-03T18:30:00Z,101.6,2730.65
2024-09-03T19:00:00Z,101.36,2549.55
2024-09-03T19:30:00Z,98.39000000000001,2704.25
2024-09-03T20:00:00Z,86.31,2560.85
2024-09-03T20:30:00Z,76.62,2258.15
2024-09-03T21:00:00Z,84.57,1898.9
2024-09-03T21:30:00Z,81.68,2135.8
2024-09-03T22:00:00Z,74.9,1735.4
2024-09-03T22:30:00Z,80.3,1272.8
2024-09-03T23:00:00Z,75.42,1350.35
2024-09-03T23:30:00Z,72.53,1214.65
2024-09-04T00:00:00Z,79.75,1211.65
2024-09-04T00:30:00Z,78.9,1060.65
2024-09-04T01:00:00Z,73.13,1241.8
2024-09-04T01:30:00Z,75.41,1347.45
2024-09-04T02:00:00Z,74.99,961.1
2024-09-04T02:30:00Z,72.53,1000.1
2024-09-04T03:00:00Z,72.38,981.7
2024-09-04T03:30:00Z,71.33,793.1
2024-09-04T04:00:00Z,76.75,1038.0
2024-09-04T04:30:00Z,74.79,1307.65
2024-09-04T05:00:00Z,94.88,1185.55
2024-09-04T05:30:00Z,101.65,1485.75
2024-09-04T06:00:00Z,101.99000000000001,1420.9
2024-09-04T06:30:00Z,109.05,1566.55
2024-09-04T07:00:00Z,93.45,2016.35
2024-09-04T07:30:00Z,91.63,2481.5
2024-09-04T08:00:00Z,81.49999999999999,1845.55
2024-09-04T08:30:00Z,75.89,1754.3
2024-09-04T09:00:00Z,74.85,2042.6
2024-09-04T09:30:00Z,73.97,2161.45
2024-09-04T10:00:00Z,72.7,2065.2
2024-09-04T10:30:00Z,71.4,2050.6
2024-09-04T11:00:00Z,75.31,2602.85
2024-09-04T11:30:00Z,79.66,2720.65
2024-09-04T12:00:00Z,71.81,2642.2
2024-09-04T12:30:00Z,74.07,2512.7
2024-09-04T13:00:00Z,77.48,2273.1
2024-09-04T13:30:00Z,75.91,2530.15
2024-09-04T14:00:00Z,77.61,1672.95
2024-09-04T14:30:00Z,79.64,1334.15
2024-09-04T15:00:00Z,84.27999999999999,889.55
2024-09-04T15:30:00Z,87.36,1158.2
2024-09-04T16:00:00Z,105.16,2004.85
2024-09-04T16:30:00Z,115.83,3704.3
2024-09-04T17:00:00Z,121.97,3166.1
2024-09-04T17:30:00Z,120.04,3618.05
2024-09-04T18:00:00Z,96.66000000000001,2975.65
2024-09-04T18:30:00Z,95.68999999999998,2890.05
2024-09-04T19:00:00Z,94.12,2740.65
2024-09-04T19:30:00Z,85.42,2703.45
2024-09-04T20:00:00Z,93.66,2711.3
2024-09-04T20:30:00Z,90.36,2986.8
2024-09-04T21:00:00Z,82.04,2129.05
2024-09-04T21:30:00Z,81.37,2183.45
2024-09-04T22:00:00Z,72.47,1449.6
2024-09-04T22:30:00Z,84.41,1830.9
2024-09-04T23:00:00Z,78.81,1250.3
2024-09-04T23:30:00Z,76.9,1468.85
2024-09-05T00:00:00Z,77.58,1367.5
2024-09-05T00:30:00Z,72.73,1100.0
2024-09-05T01:00:00Z,69.75,1132.6
2024-09-05T01:30:00Z,65.15,1731.65
2024-09-05T02:00:00Z,67.89,1941.65
2024-09-05T02:30:00Z,60.16,1918.4
2024-09-05T03:00:00Z,58.35,2057.8
2024-09-05T03:30:00Z,54.13,2145.3
2024-09-05T04:00:00Z,55.69,1791.2
2024-09-05T04:30:00Z,51.41,2177.5
2024-09-05T05:00:00Z,54.33,2339.85
2024-09-05T05:30:00Z,60.650000000000006,3095.8
2024-09-05T06:00:00Z,78.09,3189.3
2024-09-05T06:30:00Z,88.78000000000002,3070.85
2024-09-05T07:00:00Z,78.38,2621.05
2024-09-05T07:30:00Z,76.66,2942.8
2024-09-05T08:00:00Z,67.27,2764.65
2024-09-05T08:30:00Z,69.77,2720.6
2024-09-05T09:00:00Z,74.24,2689.75
2024-09-05T09:30:00Z,74.77,2855.2
2024-09-05T10:00:00Z,76.32,2056.15
2024-09-05T10:30:00Z,78.03,2502.3
2024-09-05T11:00:00Z,79.41,2868.2
2024-09-05T11:30:00Z,74.47,2692.45
2024-09-05T12:00:00Z,74.99,2268.25
2024-09-05T12:30:00Z,79.92,2936.4
2024-09-05T13:00:00Z,83.14,3074.85
2024-09-05T13:30:00Z,80.51,2944.7
2024-09-05T14:00:00Z,83.78,3012.7
2024-09-05T14:30:00Z,82.29,2169.5
2024-09-05T15:00:00Z,82.04,3207.05
2024-09-05T15:30:00Z,81.75,2909.55
2024-09-05T16:00:00Z,100.11999999999999,2740.9
2024-09-05T16:30:00Z,103.11,3035.25
2024-09-05T17:00:00Z,110.69999999999999,3454.9
2024-09-05T17:30:00Z,109.63,3239.0
2024-09-05T18:00:00Z,111.52,3128.0
2024-09-05T18:30:00Z,111.73,3002.75
2024-09-05T19:00:00Z,106.72999999999999,3033.1
2024-09-05T19:30:00Z,98.82,2727.15
2024-09-05T20:00:00Z,93.25,2357.75
2024-09-05T20:30:00Z,83.81,2047.4
2024-09-05T21:00:00Z,81.51,2105.4
2024-09-05T21:30:00Z,79.89,1946.9
2024-09-05T22:00:00Z,87.69,1998.15
2024-09-05T22:30:00Z,86.81,1979.65
2024-09-05T23:00:00Z,84.46,2370.5
2024-09-05T23:30:00Z,82.43,2258.1
2024-09-06T00:00:00Z,77.25,2407.35
2024-09-06T00:30:00Z,80.34,2562.95
2024-09-06T01:00:00Z,75.28,2335.0
2024-09-06T01:30:00Z,76.43,2526.9
2024-09-06T02:00:00Z,69.91,2314.85
2024-09-06T02:30:00Z,68.27,2405.45
2024-09-06T03:00:00Z,71.41,2334.15
2024-09-06T03:30:00Z,66.19,2324.1
2024-09-06T04:00:00Z,84.71,2176.8
2024-09-06T04:30:00Z,85.8,2426.8
2024-09-06T05:00:00Z,91.47,2364.6
2024-09-06T05:30:00Z,92.86,2491.4
2024-09-06T06:00:00Z,93.75,3094.45
2024-09-06T06:30:00Z,101.16,3187.4
2024-09-06T07:00:00Z,97.79000000000002,2773.0
2024-09-06T07:30:00Z,99.99,2953.95
2024-09-06T08:00:00Z,102.35,3487.05
2024-09-06T08:30:00Z,103.06999999999998,3756.2
2024-09-06T09:00:00Z,101.3,3950.7
2024-09-06T09:30:00Z,100.2,3875.65
2024-09-06T10:00:00Z,96.62,3167.75
2024-09-06T10:30:00Z,92.36999999999999,3245.75
2024-09-06T11:00:00Z,85.95999999999998,3129.45
2024-09-06T11:30:00Z,83.43,3715.4
2024-09-06T12:00:00Z,82.13,3678.4
2024-09-06T12:30:00Z,78.35,3617.4
2024-09-06T13:00:00Z,79.15,3804.85
2024-09-06T13:30:00Z,80.55,3220.35
2024-09-06T14:00:00Z,84.48999999999998,3188.65
2024-09-06T14:30:00Z,86.16999999999999,3307.1
2024-09-06T15:00:00Z,94.45,3175.0
2024-09-06T15:30:00Z,93.03,2953.2
2024-09-06T16:00:00Z,94.01,2367.85
2024-09-06T16:30:00Z,104.71,2719.6
2024-09-06T17:00:00Z,107.63,2659.4
2024-09-06T17:30:00Z,108.61000000000001,2538.2
2024-09-06T18:00:00Z,110.38,2740.4
2024-09-06T18:30:00Z,110.40999999999998,2884.05
2024-09-06T19:00:00Z,96.87999999999998,2916.2
2024-09-06T19:30:00Z,88.22,2916.1
2024-09-06T20:00:00Z,95.82,2397.15
2024-09-06T20:30:00Z,84.26,2316.95
2024-09-06T21:00:00Z,82.96,2256.85
2024-09-06T21:30:00Z,84.6,2385.3
2024-09-06T22:00:00Z,86.05,1249.35
2024-09-06T22:30:00Z,84.03,1061.35
2024-09-06T23:00:00Z,80.79,1278.7
2024-09-06T23:30:00Z,78.95000000000002,909.65
2024-09-07T00:00:00Z,74.58,833.0
2024-09-07T00:30:00Z,72.74,831.8
2024-09-07T01:00:00Z,72.47,1125.4
2024-09-07T01:30:00Z,70.03,1042.45
2024-09-07T02:00:00Z,71.2,977.4
2024-09-07T02:30:00Z,72.53,948.15
2024-09-07T03:00:00Z,75.12,889.05
2024-09-07T03:30:00Z,73.16,1102.9
2024-09-07T04:00:00Z,74.89,1079.05
2024-09-07T04:30:00Z,80.63,1053.25
2024-09-07T05:00:00Z,79.12,1355.65
2024-09-07T05:30:00Z,79.15,1117.2
2024-09-07T06:00:00Z,80.85,1045.75
2024-09-07T06:30:00Z,85.05,1159.4
2024-09-07T07:00:00Z,75.17,1169.15
2024-09-07T07:30:00Z,89.45,1050.05
2024-09-07T08:00:00Z,95.72,1198.95
2024-09-07T08:30:00Z,95.87,1218.0
2024-09-07T09:00:00Z,96.76,1279.3
2024-09-07T09:30:00Z,99.63,1270.55
2024-09-07T10:00:00Z,104.44,1089.05
2024-09-07T10:30:00Z,103.12,1337.0
2024-09-07T11:00:00Z,104.05999999999999,1316.1
2024-09-07T11:30:00Z,103.05,1101.8
2024-09-07T12:00:00Z,97.7,1047.55
2024-09-07T12:30:00Z,95.21,1150.05
2024-09-07T13:00:00Z,92.83,1753.1
2024-09-07T13:30:00Z,92.45,1651.05
2024-09-07T14:00:00Z,94.78,1868.75
2024-09-07T14:30:00Z,96.37,1904.75
2024-09-07T15:00:00Z,98.55,1808.15
2024-09-07T15:30:00Z,99.02,2173.9
2024-09-07T16:00:00Z,117.43,2175.2
2024-09-07T16:30:00Z,119.87000000000002,2299.25
2024-09-07T17:00:00Z,126.73,2580.4
2024-09-07T17:30:00Z,137.82,3315.7
2024-09-07T18:00:00Z,131.06,3147.15
2024-09-07T18:30:00Z,125.59,3161.55
2024-09-07T19:00:00Z,103.37,3156.75
2024-09-07T19:30:00Z,99.83,2471.8
2024-09-07T20:00:00Z,96.14,2582.8
2024-09-07T20:30:00Z,89.68,2537.35
2024-09-07T21:00:00Z,88.93,2277.7
2024-09-07T21:30:00Z,87.82,2389.55
2024-09-07T22:00:00Z,78.86,1490.05
2024-09-07T22:30:00Z,83.69,1546.75
2024-09-07T23:00:00Z,87.51,1675.3
2024-09-07T23:30:00Z,84.77,1425.9
2024-09-08T00:00:00Z,79.82,1520.6
2024-09-08T00:30:00Z,79.9,1522.25
2024-09-08T01:00:00Z,85.38,1749.8
2024-09-08T01:30:00Z,80.95,1576.75
2024-09-08T02:00:00Z,78.45,1624.65
2024-09-08T02:30:00Z,77.34,1659.7
2024-09-08T03:00:00Z,80.33,1729.5
2024-09-08T03:30:00Z,81.49999999999999,1763.3
2024-09-08T04:00:00Z,80.61,1667.2
2024-09-08T04:30:00Z,80.77,1826.6
2024-09-08T05:00:00Z,83.25,1690.6
2024-09-08T05:30:00Z,82.39,1739.75
2024-09-08T06:00:00Z,83.8,2264.0
2024-09-08T06:30:00Z,84.46,2168.25
2024-09-08T07:00:00Z,76.27,2188.5
2024-09-08T07:30:00Z,84.43,1969.3
2024-09-08T08:00:00Z,88.33,1614.15
2024-09-08T08:30:00Z,89.7,1556.65
2024-09-08T09:00:00Z,93.06,1592.4
2024-09-08T09:30:00Z,92.74,1648.45
2024-09-08T10:00:00Z,93.29,1679.45
2024-09-08T10:30:00Z,92.63,2027.0
2024-09-08T11:00:00Z,90.06,1839.05
2024-09-08T11:30:00Z,86.94,1868.95
2024-09-08T12:00:00Z,81.33,2010.35
2024-09-08T12:30:00Z,72.53,2399.65
2024-09-08T13:00:00Z,71.33,2494.4
2024-09-08T13:30:00Z,72.62,2838.15
2024-09-08T14:00:00Z,76.27,1977.15
2024-09-08T14:30:00Z,77.6,2051.35
2024-09-08T15:00:00Z,78.63,1920.6
2024-09-08T15:30:00Z,81.05,2340.2
2024-09-08T16:00:00Z,98.13,1958.05
2024-09-08T16:30:00Z,104.09,1946.8
2024-09-08T17:00:00Z,104.8,2035.95
2024-09-08T17:30:00Z,104.12,1940.15
2024-09-08T18:00:00Z,96.07,1497.75
2024-09-08T18:30:00Z,96.56000000000002,1648.55
2024-09-08T19:00:00Z,97.13,1666.15
2024-09-08T19:30:00Z,94.36,1656.45
2024-09-08T20:00:00Z,90.3,1695.1
2024-09-08T20:30:00Z,85.24999999999999,1855.05
2024-09-08T21:00:00Z,80.22,1616.25
2024-09-08T21:30:00Z,84.47,1700.05
2024-09-08T22:00:00Z,84.15,908.65
2024-09-08T22:30:00Z,81.48,937.3
2024-09-08T23:00:00Z,82.54,890.7
2024-09-08T23:30:00Z,75.59,835.2
2024-09-09T00:00:00Z,70.96,1026.05
2024-09-09T00:30:00Z,70.72,1300.4
2024-09-09T01:00:00Z,79.77,1027.25
2024-09-09T01:30:00Z,70.21,998.35
2024-09-09T02:00:00Z,74.74,1093.95
2024-09-09T02:30:00Z,75.2,1137.3
2024-09-09T03:00:00Z,77.31,1293.25
2024-09-09T03:30:00Z,73.84,1347.45
2024-09-09T04:00:00Z,64.52,1454.5
2024-09-09T04:30:00Z,53.73,1396.85
2024-09-09T05:00:00Z,81.41,1732.25
2024-09-09T05:30:00Z,92.61,1750.15
2024-09-09T06:00:00Z,96.29999999999998,3088.95
2024-09-09T06:30:00Z,100.81,3164.2
2024-09-09T07:00:00Z,98.11,3120.3
2024-09-09T07:30:00Z,101.49,2906.55
2024-09-09T08:00:00Z,99.23,3447.05
2024-09-09T08:30:00Z,90.67999999999999,3477.75
2024-09-09T09:00:00Z,91.57,3307.9
2024-09-09T09:30:00Z,89.84,3371.25
2024-09-09T10:00:00Z,77.67,2305.8
2024-09-09T10:30:00Z,76.23,2283.1
2024-09-09T11:00:00Z,71.32,2571.25
2024-09-09T11:30:00Z,69.0,2739.75
2024-09-09T12:00:00Z,64.35,2783.35
2024-09-09T12:30:00Z,54.51,2420.75
2024-09-09T13:00:00Z,66.23,3082.0
2024-09-09T13:30:00Z,68.04,3156.95
2024-09-09T14:00:00Z,68.96,2586.1
2024-09-09T14:30:00Z,77.29,2655.2
2024-09-09T15:00:00Z,79.8,2898.65
2024-09-09T15:30:00Z,86.4,2811.75
2024-09-09T16:00:00Z,95.43,2408.35
2024-09-09T16:30:00Z,100.21999999999998,2705.35
2024-09-09T17:00:00Z,92.23,2613.9
2024-09-09T17:30:00Z,95.16,2603.55
2024-09-09T18:00:00Z,93.62,2661.15
2024-09-09T18:30:00Z,88.86,2587.75
2024-09-09T19:00:00Z,77.88,2334.25
2024-09-09T19:30:00Z,70.11,2878.45
2024-09-09T20:00:00Z,77.5,3119.95
2024-09-09T20:30:00Z,73.22,2942.15
2024-09-09T21:00:00Z,82.42,3137.3
2024-09-09T21:30:00Z,68.39,2895.8
2024-09-09T22:00:00Z,78.04,1347.95
2024-09-09T22:30:00Z,79.66,1455.65
2024-09-09T23:00:00Z,81.2,1450.2
2024-09-09T23:30:00Z,71.39,2013.7
2024-09-10T00:00:00Z,77.39,2171.45
2024-09-10T00:30:00Z,53.34,2443.1
2024-09-10T01:00:00Z,42.6,2450.5
2024-09-10T01:30:00Z,32.04,2699.95
2024-09-10T02:00:00Z,34.84,2390.5
2024-09-10T02:30:00Z,26.65,2668.0
2024-09-10T03:00:00Z,43.63,2218.8
2024-09-10T03:30:00Z,40.28,2544.9
2024-09-10T04:00:00Z,51.949999999999996,2622.55
2024-09-10T04:30:00Z,52.0,2385.65
2024-09-10T05:00:00Z,49.849999999999994,2639.0
2024-09-10T05:30:00Z,67.12,2796.45
2024-09-10T06:00:00Z,74.86,2556.85
2024-09-10T06:30:00Z,88.98,2798.55
2024-09-10T07:00:00Z,69.12,2352.05
2024-09-10T07:30:00Z,69.41,2527.1
2024-09-10T08:00:00Z,62.92999999999999,2574.1
2024-09-10T08:30:00Z,51.269999999999996,2605.35
2024-09-10T09:00:00Z,20.15,2592.9
2024-09-10T09:30:00Z,13.58,2636.75
2024-09-10T10:00:00Z,6.719999999999999,2447.05
2024-09-10T10:30:00Z,0.48,2405.3
2024-09-10T11:00:00Z,2.07,2428.8
2024-09-10T11:30:00Z,5.0,2548.0
2024-09-10T12:00:00Z,8.78,2605.4
2024-09-10T12:30:00Z,14.45,3202.2
2024-09-10T13:00:00Z,30.53,3260.95
2024-09-10T13:30:00Z,30.34,3355.0
2024-09-10T14:00:00Z,29.900000000000002,2640.2
2024-09-10T14:30:00Z,51.790000000000006,2797.7
2024-09-10T15:00:00Z,54.44,2963.45
2024-09-10T15:30:00Z,72.54,2939.4
2024-09-10T16:00:00Z,87.69,2224.45
2024-09-10T16:30:00Z,92.32,2117.55
2024-09-10T17:00:00Z,94.20000000000002,1883.3
2024-09-10T17:30:00Z,99.81,2224.4
2024-09-10T18:00:00Z,101.91,2240.8
2024-09-10T18:30:00Z,102.74,1994.4
2024-09-10T19:00:00Z,102.47,2276.15
2024-09-10T19:30:00Z,97.65,1865.3
2024-09-10T20:00:00Z,85.81000000000002,1698.1
2024-09-10T20:30:00Z,51.27,1361.7
2024-09-10T21:00:00Z,52.95,1934.05
2024-09-10T21:30:00Z,23.65,2214.3
2024-09-10T22:00:00Z,24.93,1874.7
2024-09-10T22:30:00Z,-4.65,1670.6
2024-09-10T23:00:00Z,-3.17,2098.55
2024-09-10T23:30:00Z,-8.13,1914.85
2024-09-11T00:00:00Z,1.86,2036.1
2024-09-11T00:30:00Z,0.82,2113.1
2024-09-11T01:00:00Z,-1.08,2065.5
2024-09-11T01:30:00Z,-3.2,1969.6
2024-09-11T02:00:00Z,-0.62,1548.5
2024-09-11T02:30:00Z,-4.79,1431.0
2024-09-11T03:00:00Z,-5.17,1664.1
2024-09-11T03:30:00Z,-6.39,1629.5
2024-09-11T04:00:00Z,-8.27,1545.25
2024-09-11T04:30:00Z,-2.32,1538.75
2024-09-11T05:00:00Z,44.81,2361.5
2024-09-11T05:30:00Z,72.65,2232.8
2024-09-11T06:00:00Z,67.67,2633.05
2024-09-11T06:30:00Z,87.09,2240.1
2024-09-11T07:00:00Z,78.14,2534.4
2024-09-11T07:30:00Z,69.2,2670.15
2024-09-11T08:00:00Z,51.44,2659.1
2024-09-11T08:30:00Z,26.87,2877.05
2024-09-11T09:00:00Z,47.49,3412.75
2024-09-11T09:30:00Z,37.31,3331.8
2024-09-11T10:00:00Z,36.72,3625.3
2024-09-11T10:30:00Z,44.94,3504.15
2024-09-11T11:00:00Z,38.71,3008.4
2024-09-11T11:30:00Z,30.56,2763.05
2024-09-11T12:00:00Z,32.79,3113.8
2024-09-11T12:30:00Z,33.65,2858.1
2024-09-11T13:00:00Z,49.21,3238.15
2024-09-11T13:30:00Z,52.489999999999995,3052.35
2024-09-11T14:00:00Z,56.21,2949.7
2024-09-11T14:30:00Z,47.34,3019.45
2024-09-11T15:00:00Z,81.93,2496.85
2024-09-11T15:30:00Z,85.32,2581.5
2024-09-11T16:00:00Z,88.68,2886.7
2024-09-11T16:30:00Z,86.43,3001.5
2024-09-11T17:00:00Z,99.44,3060.25
2024-09-11T17:30:00Z,103.26,2832.85
2024-09-11T18:00:00Z,93.63000000000001,3398.6
2024-09-11T18:30:00Z,97.34,3299.7
2024-09-11T19:00:00Z,92.41,2371.95
2024-09-11T19:30:00Z,84.22,2298.25
2024-09-11T20:00:00Z,93.74,2114.65
2024-09-11T20:30:00Z,89.21,2117.45
2024-09-11T21:00:00Z,82.74,2072.1
2024-09-11T21:30:00Z,80.49,2186.6
2024-09-11T22:00:00Z,84.85,1384.25
2024-09-11T22:30:00Z,66.4,1548.25
2024-09-11T23:00:00Z,62.89,1897.3
2024-09-11T23:30:00Z,66.09,1937.65
2024-09-12T00:00:00Z,63.309999999999995,1967.45
2024-09-12T00:30:00Z,61.01,1905.45
2024-09-12T01:00:00Z,60.69,2044.85
2024-09-12T01:30:00Z,67.8,2022.45
2024-09-12T02:00:00Z,71.43,2210.9
2024-09-12T02:30:00Z,62.89,2059.55
2024-09-12T03:00:00Z,69.41,2323.8
2024-09-12T03:30:00Z,64.79,2185.8
2024-09-12T04:00:00Z,70.73,1889.45
2024-09-12T04:30:00Z,72.6,2231.8
2024-09-12T05:00:00Z,94.15,1873.3
2024-09-12T05:30:00Z,108.89,2332.15
2024-09-12T06:00:00Z,116.31,2916.6
2024-09-12T06:30:00Z,125.77,3183.15
2024-09-12T07:00:00Z,100.42,2219.05
2024-09-12T07:30:00Z,87.67,2389.15
2024-09-12T08:00:00Z,83.78,2797.15
2024-09-12T08:30:00Z,82.92,2946.9
2024-09-12T09:00:00Z,78.42,2727.3
2024-09-12T09:30:00Z,83.21,2848.25
2024-09-12T10:00:00Z,82.58,3496.6
2024-09-12T10:30:00Z,82.02,3190.35
2024-09-12T11:00:00Z,82.28,3622.2
2024-09-12T11:30:00Z,77.21,3586.2
2024-09-12T12:00:00Z,72.94,3915.75
2024-09-12T12:30:00Z,77.93999999999998,3776.95
2024-09-12T13:00:00Z,78.43,3635.45
2024-09-12T13:30:00Z,67.26,4015.5
2024-09-12T14:00:00Z,67.12,2619.3
2024-09-12T14:30:00Z,71.58,3081.25
2024-09-12T15:00:00Z,65.65,3105.35
2024-09-12T15:30:00Z,62.93,3558.45
2024-09-12T16:00:00Z,71.61,2867.9
2024-09-12T16:30:00Z,75.78,2740.7
2024-09-12T17:00:00Z,95.44,2884.65
2024-09-12T17:30:00Z,98.99,3098.35
2024-09-12T18:00:00Z,97.96,4071.8
2024-09-12T18:30:00Z,101.85,4019.15
2024-09-12T19:00:00Z,99.0,3681.0
2024-09-12T19:30:00Z,95.58000000000001,3320.9
2024-09-12T20:00:00Z,86.96,3035.45
2024-09-12T20:30:00Z,80.99,2592.95
2024-09-12T21:00:00Z,81.28,2485.2
2024-09-12T21:30:00Z,73.97,2378.85
2024-09-12T22:00:00Z,69.92,1535.55
2024-09-12T22:30:00Z,74.6,1505.65
2024-09-12T23:00:00Z,73.2,1736.65
2024-09-12T23:30:00Z,68.65,1608.7
2024-09-13T00:00:00Z,73.33,1503.0
2024-09-13T00:30:00Z,67.57,1712.0
2024-09-13T01:00:00Z,64.66,1695.9
2024-09-13T01:30:00Z,68.6,1685.65
2024-09-13T02:00:00Z,68.8,1348.75
2024-09-13T02:30:00Z,66.86,1353.1
2024-09-13T03:00:00Z,65.61,1599.0
2024-09-13T03:30:00Z,65.57,1419.45
2024-09-13T04:00:00Z,77.77,1219.35
2024-09-13T04:30:00Z,78.66,1648.8
2024-09-13T05:00:00Z,92.38,1617.15
2024-09-13T05:30:00Z,103.29000000000002,1515.8
2024-09-13T06:00:00Z,109.3,2050.7
2024-09-13T06:30:00Z,118.83,1855.2
2024-09-13T07:00:00Z,101.53,1805.0
2024-09-13T07:30:00Z,94.81,1892.7
2024-09-13T08:00:00Z,85.49,2256.2
2024-09-13T08:30:00Z,78.19,2288.5
2024-09-13T09:00:00Z,81.64,2455.05
2024-09-13T09:30:00Z,78.28,2759.45
2024-09-13T10:00:00Z,52.59,2659.45
2024-09-13T10:30:00Z,65.97,3311.4
2024-09-13T11:00:00Z,66.83,2649.7
2024-09-13T11:30:00Z,73.16,3107.35
2024-09-13T12:00:00Z,69.64,2653.15
2024-09-13T12:30:00Z,73.38,3205.9
2024-09-13T13:00:00Z,67.27,2420.4
2024-09-13T13:30:00Z,72.99,2597.15
2024-09-13T14:00:00Z,66.44,2278.45
2024-09-13T14:30:00Z,66.24,2365.6
2024-09-13T15:00:00Z,76.2,2341.1
2024-09-13T15:30:00Z,72.08,2307.3
2024-09-13T16:00:00Z,71.87,2449.95
2024-09-13T16:30:00Z,79.28,2493.95
2024-09-13T17:00:00Z,82.46,2968.85
2024-09-13T17:30:00Z,85.1,3160.65
2024-09-13T18:00:00Z,91.45,3349.55
2024-09-13T18:30:00Z,93.51,3872.9
2024-09-13T19:00:00Z,87.32,3131.5
2024-09-13T19:30:00Z,82.04,3012.85
2024-09-13T20:00:00Z,74.34,3217.3
2024-09-13T20:30:00Z,72.42,3495.9
2024-09-13T21:00:00Z,71.85,2851.85
2024-09-13T21:30:00Z,68.98,3622.85
2024-09-13T22:00:00Z,72.2,1877.75
2024-09-13T22:30:00Z,74.21,1879.85
2024-09-13T23:00:00Z,73.26,1929.7
2024-09-13T23:30:00Z,66.81,1746.35
2024-09-14T00:00:00Z,55.22,1507.95
2024-09-14T00:30:00Z,52.97,1691.2
2024-09-14T01:00:00Z,51.09,1489.35
2024-09-14T01:30:00Z,46.33,1525.4
2024-09-14T02:00:00Z,45.3,1249.3
2024-09-14T02:30:00Z,42.83,1435.05
2024-09-14T03:00:00Z,42.7,1360.35
2024-09-14T03:30:00Z,41.09,1477.65
2024-09-14T04:00:00Z,46.05,1700.2
2024-09-14T04:30:00Z,46.06,1546.2
2024-09-14T05:00:00Z,45.5,1565.8
2024-09-14T05:30:00Z,44.78,1893.8
2024-09-14T06:00:00Z,52.51,2109.1
2024-09-14T06:30:00Z,57.31,2378.05
2024-09-14T07:00:00Z,54.559999999999995,2655.3
2024-09-14T07:30:00Z,52.08,2701.05
2024-09-14T08:00:00Z,28.11,2958.15
2024-09-14T08:30:00Z,12.65,2778.4
2024-09-14T09:00:00Z,0.76,2678.55
2024-09-14T09:30:00Z,-9.8,2690.8
2024-09-14T10:00:00Z,-17.49,3002.35
2024-09-14T10:30:00Z,-25.32,2981.15
2024-09-14T11:00:00Z,-22.680000000000003,3355.2
2024-09-14T11:30:00Z,-25.710000000000004,3930.7
2024-09-14T12:00:00Z,-15.04,4270.35
2024-09-14T12:30:00Z,-16.61,4367.3
2024-09-14T13:00:00Z,-20.15,3909.6
2024-09-14T13:30:00Z,-20.84,3929.05
2024-09-14T14:00:00Z,-14.79,3893.3
2024-09-14T14:30:00Z,-5.47,4078.3
2024-09-14T15:00:00Z,-2.09,4036.1
2024-09-14T15:30:00Z,20.7,3515.75
2024-09-14T16:00:00Z,38.82,3531.0
2024-09-14T16:30:00Z,65.35,3750.4
2024-09-14T17:00:00Z,59.15,3184.7
2024-09-14T17:30:00Z,68.95,3276.65
2024-09-14T18:00:00Z,77.94,2972.8
2024-09-14T18:30:00Z,84.79,2753.55
2024-09-14T19:00:00Z,77.4,2576.3
2024-09-14T19:30:00Z,72.28,2651.2
2024-09-14T20:00:00Z,72.15,2707.2
2024-09-14T20:30:00Z,66.8,2536.5
2024-09-14T21:00:00Z,66.42,2305.65
2024-09-14T21:30:00Z,56.29,2238.9
2024-09-14T22:00:00Z,64.56,1659.2
2024-09-14T22:30:00Z,61.03,1533.5
2024-09-14T23:00:00Z,50.9,1644.4
2024-09-14T23:30:00Z,53.85,1467.9
2024-09-15T00:00:00Z,44.84,1512.15
2024-09-15T00:30:00Z,54.54999999999999,1430.15
2024-09-15T01:00:00Z,52.92,1227.85
2024-09-15T01:30:00Z,49.23,1135.55
2024-09-15T02:00:00Z,45.76,961.8
2024-09-15T02:30:00Z,51.44,879.55
2024-09-15T03:00:00Z,61.96,1385.95
2024-09-15T03:30:00Z,67.02,1114.15
2024-09-15T04:00:00Z,59.9,1329.65
2024-09-15T04:30:00Z,58.720000000000006,1145.95
2024-09-15T05:00:00Z,67.35,1421.75
2024-09-15T05:30:00Z,74.55,1600.15
2024-09-15T06:00:00Z,77.04,1294.65
2024-09-15T06:30:00Z,86.29,1255.35
2024-09-15T07:00:00Z,87.18,985.45
2024-09-15T07:30:00Z,93.9,1089.6
2024-09-15T08:00:00Z,94.6,1161.2
2024-09-15T08:30:00Z,93.34,1464.75
2024-09-15T09:00:00Z,94.72,1440.9
2024-09-15T09:30:00Z,92.25000000000001,1573.85
2024-09-15T10:00:00Z,89.88,1810.9
2024-09-15T10:30:00Z,92.8,1936.3
2024-09-15T11:00:00Z,97.09,2069.35
2024-09-15T11:30:00Z,98.01,2239.05
2024-09-15T12:00:00Z,98.09,2179.75
2024-09-15T12:30:00Z,97.08,2106.45
2024-09-15T13:00:00Z,96.37,2310.4
2024-09-15T13:30:00Z,95.77,2495.15
2024-09-15T14:00:00Z,92.66,2159.6
2024-09-15T14:30:00Z,87.77,2545.0
2024-09-15T15:00:00Z,82.15,2553.75
2024-09-15T15:30:00Z,77.36,2649.3
2024-09-15T16:00:00Z,97.48,1964.75
2024-09-15T16:30:00Z,99.25,2103.7
2024-09-15T17:00:00Z,100.45,2518.8
2024-09-15T17:30:00Z,102.3,2616.45
2024-09-15T18:00:00Z,97.77,2499.6
2024-09-15T18:30:00Z,100.78999999999999,2827.7
2024-09-15T19:00:00Z,85.33,2244.1
2024-09-15T19:30:00Z,85.9,2294.3
2024-09-15T20:00:00Z,90.97,2523.25
2024-09-15T20:30:00Z,82.3,1905.8
2024-09-15T21:00:00Z,81.74,2108.9
2024-09-15T21:30:00Z,74.74,2578.25
2024-09-15T22:00:00Z,71.91,1669.05
2024-09-15T22:30:00Z,70.91,1656.5
2024-09-15T23:00:00Z,73.4,1654.85
2024-09-15T23:30:00Z,75.18,1441.6
2024-09-16T00:00:00Z,76.41,1291.35
2024-09-16T00:30:00Z,78.25,1514.75
2024-09-16T01:00:00Z,79.56,1548.7
2024-09-16T01:30:00Z,76.95,1370.15
2024-09-16T02:00:00Z,76.68,1239.05
2024-09-16T02:30:00Z,75.97,1248.15
2024-09-16T03:00:00Z,75.41,1236.4
2024-09-16T03:30:00Z,76.32,1487.5
2024-09-16T04:00:00Z,79.18,1109.75
2024-09-16T04:30:00Z,82.74,990.75
2024-09-16T05:00:00Z,100.05,1694.1
2024-09-16T05:30:00Z,119.48,1557.55
2024-09-16T06:00:00Z,133.16,3008.1
2024-09-16T06:30:00Z,147.86,3086.65
2024-09-16T07:00:00Z,140.0,3347.15
2024-09-16T07:30:00Z,137.33,3601.4
2024-09-16T08:00:00Z,112.19,3346.05
2024-09-16T08:30:00Z,105.15999999999998,3429.45
2024-09-16T09:00:00Z,99.61999999999999,2880.55
2024-09-16T09:30:00Z,93.59999999999998,2882.85
2024-09-16T10:00:00Z,80.35,2140.3
2024-09-16T10:30:00Z,77.59,2258.75
2024-09-16T11:00:00Z,76.14,2290.3
2024-09-16T11:30:00Z,75.01,2488.45
2024-09-16T12:00:00Z,77.04,2362.15
2024-09-16T12:30:00Z,76.01,2527.15
2024-09-16T13:00:00Z,75.11,2750.05
2024-09-16T13:30:00Z,74.93,2730.8
2024-09-16T14:00:00Z,77.51,2218.25
2024-09-16T14:30:00Z,78.16,2162.1
2024-09-16T15:00:00Z,80.66,2167.0
2024-09-16T15:30:00Z,90.22,2588.75
2024-09-16T16:00:00Z,108.91,3263.85
2024-09-16T16:30:00Z,115.86,3263.15
2024-09-16T17:00:00Z,115.12,3946.6
2024-09-16T17:30:00Z,115.96,3654.65
2024-09-16T18:00:00Z,115.02,3426.1
2024-09-16T18:30:00Z,116.47000000000001,3476.6
2024-09-16T19:00:00Z,100.96,2363.2
2024-09-16T19:30:00Z,93.06,2365.25
2024-09-16T20:00:00Z,83.14,1937.65
2024-09-16T20:30:00Z,79.45,2244.2
2024-09-16T21:00:00Z,78.05,2132.6
2024-09-16T21:30:00Z,78.67,2176.35
2024-09-16T22:00:00Z,74.21,1117.5
2024-09-16T22:30:00Z,76.61,959.6
2024-09-16T23:00:00Z,79.53,968.8
2024-09-16T23:30:00Z,74.41,1024.4
2024-09-17T00:00:00Z,72.77,1013.4
2024-09-17T00:30:00Z,73.66,922.25
2024-09-17T01:00:00Z,70.21,970.65
2024-09-17T01:30:00Z,73.75,1300.95
2024-09-17T02:00:00Z,70.79,1005.25
2024-09-17T02:30:00Z,71.12,1326.25
2024-09-17T03:00:00Z,77.92,1476.65
2024-09-17T03:30:00Z,78.71,1326.4
2024-09-17T04:00:00Z,90.38,1463.65
2024-09-17T04:30:00Z,79.73,1312.5
2024-09-17T05:00:00Z,92.77999999999999,1413.35
2024-09-17T05:30:00Z,99.07,1906.65
2024-09-17T06:00:00Z,119.02000000000001,2472.5
2024-09-17T06:30:00Z,124.71000000000001,2493.5
2024-09-17T07:00:00Z,90.65,2104.0
2024-09-17T07:30:00Z,82.37,1975.5
2024-09-17T08:00:00Z,78.95,2177.45
2024-09-17T08:30:00Z,75.59,2302.95
2024-09-17T09:00:00Z,69.91,1856.1
2024-09-17T09:30:00Z,66.87,2200.3
2024-09-17T10:00:00Z,62.87,2521.7
2024-09-17T10:30:00Z,64.45,2285.25
2024-09-17T11:00:00Z,62.99000000000001,2242.35
2024-09-17T11:30:00Z,62.15,2023.45
2024-09-17T12:00:00Z,64.91,2520.85
2024-09-17T12:30:00Z,63.709999999999994,2474.65
2024-09-17T13:00:00Z,61.25,2611.65
2024-09-17T13:30:00Z,61.98,2541.6
2024-09-17T14:00:00Z,63.86999999999999,2252.1
2024-09-17T14:30:00Z,67.89,2000.45
2024-09-17T15:00:00Z,70.5,2260.2
2024-09-17T15:30:00Z,73.78,2603.85
2024-09-17T16:00:00Z,99.27,2668.05
2024-09-17T16:30:00Z,102.09,2867.15
2024-09-17T17:00:00Z,112.57,3168.05
2024-09-17T17:30:00Z,116.23,3077.75
2024-09-17T18:00:00Z,103.76,2568.8
2024-09-17T18:30:00Z,106.97,2833.0
2024-09-17T19:00:00Z,107.38,2409.6
2024-09-17T19:30:00Z,89.05,2165.85
2024-09-17T20:00:00Z,83.1,2430.85
2024-09-17T20:30:00Z,82.16,2314.25
2024-09-17T21:00:00Z,80.46,1798.05
2024-09-17T21:30:00Z,74.35,1715.75
2024-09-17T22:00:00Z,75.91,1018.9
2024-09-17T22:30:00Z,72.61,1035.15
2024-09-17T23:00:00Z,73.98,1236.9
2024-09-17T23:30:00Z,72.43,1207.15
2024-09-18T00:00:00Z,69.85,956.2
2024-09-18T00:30:00Z,70.73,973.5
2024-09-18T01:00:00Z,74.87,1133.55
2024-09-18T01:30:00Z,72.11,1190.9
2024-09-18T02:00:00Z,68.32,1157.75
2024-09-18T02:30:00Z,70.86,1230.0
2024-09-18T03:00:00Z,68.17,1288.45
2024-09-18T03:30:00Z,66.63,1184.05
2024-09-18T04:00:00Z,78.67,1794.25
2024-09-18T04:30:00Z,73.79,1662.75
2024-09-18T05:00:00Z,89.31,1950.5
2024-09-18T05:30:00Z,104.03,2227.85
2024-09-18T06:00:00Z,101.06999999999998,2744.6
2024-09-18T06:30:00Z,111.74,2588.3
2024-09-18T07:00:00Z,104.2,2554.55
2024-09-18T07:30:00Z,100.02,2785.2
2024-09-18T08:00:00Z,88.78,2645.35
2024-09-18T08:30:00Z,88.32,2834.6
2024-09-18T09:00:00Z,96.08,2680.25
2024-09-18T09:30:00Z,93.8,3514.75
2024-09-18T10:00:00Z,75.76,2652.85
2024-09-18T10:30:00Z,71.4,2888.65
2024-09-18T11:00:00Z,68.82,2840.1
2024-09-18T11:30:00Z,69.18,2773.1
2024-09-18T12:00:00Z,68.75,2830.5
2024-09-18T12:30:00Z,69.79,2897.6
2024-09-18T13:00:00Z,67.72,3188.4
2024-09-18T13:30:00Z,65.12,3261.6
2024-09-18T14:00:00Z,65.97,1862.4
2024-09-18T14:30:00Z,68.14,1804.75
2024-09-18T15:00:00Z,77.27,2812.55
2024-09-18T15:30:00Z,84.16,2168.8
2024-09-18T16:00:00Z,93.76000000000002,2959.55
2024-09-18T16:30:00Z,102.25,2866.4
2024-09-18T17:00:00Z,108.64999999999999,2822.2
2024-09-18T17:30:00Z,109.58,2991.35
2024-09-18T18:00:00Z,107.1,2825.2
2024-09-18T18:30:00Z,110.0,3093.2
2024-09-18T19:00:00Z,99.34,2361.65
2024-09-18T19:30:00Z,89.75,2502.85
2024-09-18T20:00:00Z,81.17,2727.1
2024-09-18T20:30:00Z,76.92,2663.75
2024-09-18T21:00:00Z,79.03,2613.0
2024-09-18T21:30:00Z,77.29,2456.65
2024-09-18T22:00:00Z,75.35,1184.45
2024-09-18T22:30:00Z,73.39,1529.95
2024-09-18T23:00:00Z,75.87,1444.75
2024-09-18T23:30:00Z,72.67,1300.2
2024-09-19T00:00:00Z,74.18,1489.4
2024-09-19T00:30:00Z,76.26,1368.6
2024-09-19T01:00:00Z,80.99,1481.25
2024-09-19T01:30:00Z,80.06,1588.55
2024-09-19T02:00:00Z,81.02,1680.35
2024-09-19T02:30:00Z,82.33,1453.65
2024-09-19T03:00:00Z,85.82,1261.4
2024-09-19T03:30:00Z,84.31,1583.65
2024-09-19T04:00:00Z,94.59,1786.95
2024-09-19T04:30:00Z,83.38,2045.55
2024-09-19T05:00:00Z,99.68,2488.6
2024-09-19T05:30:00Z,110.99,2633.95
2024-09-19T06:00:00Z,111.58,3309.8
2024-09-19T06:30:00Z,119.53999999999999,3239.9
2024-09-19T07:00:00Z,107.42999999999999,2747.85
2024-09-19T07:30:00Z,101.55000000000001,2965.2
2024-09-19T08:00:00Z,96.27,2940.75
2024-09-19T08:30:00Z,90.99,2876.0
2024-09-19T09:00:00Z,86.13,2755.75
2024-09-19T09:30:00Z,87.69000000000001,3519.95
2024-09-19T10:00:00Z,80.89,2659.8
2024-09-19T10:30:00Z,71.4,2516.5
2024-09-19T11:00:00Z,65.65,2592.85
2024-09-19T11:30:00Z,71.28,2891.3
2024-09-19T12:00:00Z,68.32,2734.0
2024-09-19T12:30:00Z,65.25,2368.25
2024-09-19T13:00:00Z,68.56,2361.0
2024-09-19T13:30:00Z,73.54,2784.0
2024-09-19T14:00:00Z,77.37,2478.75
2024-09-19T14:30:00Z,75.37,2606.3
2024-09-19T15:00:00Z,82.53,2489.35
2024-09-19T15:30:00Z,95.09,2271.85
2024-09-19T16:00:00Z,111.17,2578.15
2024-09-19T16:30:00Z,108.03,2640.35
2024-09-19T17:00:00Z,113.08,2790.85
2024-09-19T17:30:00Z,112.01,2825.85
2024-09-19T18:00:00Z,101.20999999999998,2699.5
2024-09-19T18:30:00Z,99.85,2708.95
2024-09-19T19:00:00Z,98.88,2929.35
2024-09-19T19:30:00Z,91.08,2460.7
2024-09-19T20:00:00Z,83.35,2552.85
2024-09-19T20:30:00Z,82.91,2368.55
2024-09-19T21:00:00Z,80.6,2388.85
2024-09-19T21:30:00Z,77.97,2568.15
2024-09-19T22:00:00Z,68.3,1052.0
2024-09-19T22:30:00Z,64.94,1197.2
2024-09-19T23:00:00Z,65.25,1204.2
2024-09-19T23:30:00Z,64.09,1334.95
2024-09-20T00:00:00Z,67.38,1448.9
2024-09-20T00:30:00Z,68.92,1597.15
2024-09-20T01:00:00Z,64.33,1476.4
2024-09-20T01:30:00Z,68.71,1563.75
2024-09-20T02:00:00Z,69.0,1587.0
2024-09-20T02:30:00Z,67.07,1541.5
2024-09-20T03:00:00Z,68.62,1453.9
2024-09-20T03:30:00Z,65.86,1496.8
2024-09-20T04:00:00Z,72.26,1440.7
2024-09-20T04:30:00Z,63.53,1367.3
2024-09-20T05:00:00Z,70.21,1581.6
2024-09-20T05:30:00Z,77.83,1983.0
2024-09-20T06:00:00Z,70.25,1871.4
2024-09-20T06:30:00Z,74.88,2072.1
2024-09-20T07:00:00Z,70.71,1763.05
2024-09-20T07:30:00Z,74.77,2051.15
2024-09-20T08:00:00Z,72.52,1824.0
2024-09-20T08:30:00Z,70.43,1871.6
2024-09-20T09:00:00Z,67.12,1799.2
2024-09-20T09:30:00Z,67.28,2133.0
2024-09-20T10:00:00Z,68.93,2115.1
2024-09-20T10:30:00Z,73.95,2556.75
2024-09-20T11:00:00Z,77.39,2417.0
2024-09-20T11:30:00Z,72.5,2297.25
2024-09-20T12:00:00Z,74.09,2519.05
2024-09-20T12:30:00Z,71.62,2487.75
2024-09-20T13:00:00Z,72.11,2450.35
2024-09-20T13:30:00Z,73.33,2545.85
2024-09-20T14:00:00Z,69.98,2341.3
2024-09-20T14:30:00Z,67.6,2145.25
2024-09-20T15:00:00Z,68.78,3515.35
2024-09-20T15:30:00Z,71.5,3324.25
2024-09-20T16:00:00Z,89.63,3409.3
2024-09-20T16:30:00Z,90.01,3572.4
2024-09-20T17:00:00Z,97.24,3546.85
2024-09-20T17:30:00Z,96.4,3247.65
2024-09-20T18:00:00Z,91.64,3018.55
2024-09-20T18:30:00Z,92.79,3051.45
2024-09-20T19:00:00Z,86.0,2680.05
2024-09-20T19:30:00Z,82.23,3125.75
2024-09-20T20:00:00Z,75.78,2864.2
2024-09-20T20:30:00Z,78.92,3010.55
2024-09-20T21:00:00Z,78.82,2816.4
2024-09-20T21:30:00Z,74.46,2578.9
2024-09-20T22:00:00Z,82.23,1665.1
2024-09-20T22:30:00Z,80.05,1039.5
2024-09-20T23:00:00Z,77.6,1351.85
2024-09-20T23:30:00Z,75.97,1277.4
2024-09-21T00:00:00Z,73.49,1151.6
2024-09-21T00:30:00Z,76.02,1270.15
2024-09-21T01:00:00Z,77.89,1165.15
2024-09-21T01:30:00Z,77.93,1230.8
2024-09-21T02:00:00Z,85.48,1147.3
2024-09-21T02:30:00Z,83.58,1185.2
2024-09-21T03:00:00Z,83.98,1158.0
2024-09-21T03:30:00Z,83.66,1128.3
2024-09-21T04:00:00Z,91.15,1295.25
2024-09-21T04:30:00Z,87.19,1253.75
2024-09-21T05:00:00Z,88.79999999999998,1518.3
2024-09-21T05:30:00Z,80.87,1744.65
2024-09-21T06:00:00Z,75.69,1818.55
2024-09-21T06:30:00Z,84.78,1790.55
2024-09-21T07:00:00Z,90.07999999999998,1564.8
2024-09-21T07:30:00Z,94.67,1873.05
2024-09-21T08:00:00Z,95.92,1923.25
2024-09-21T08:30:00Z,97.24,2034.85
2024-09-21T09:00:00Z,98.67,1854.1
2024-09-21T09:30:00Z,97.39,1969.1
2024-09-21T10:00:00Z,93.05,1829.35
2024-09-21T10:30:00Z,91.96,1919.8
2024-09-21T11:00:00Z,89.75,1797.7
2024-09-21T11:30:00Z,89.74999999999999,1819.65
2024-09-21T12:00:00Z,87.33,1685.15
2024-09-21T12:30:00Z,84.11,1793.4
2024-09-21T13:00:00Z,82.67,1555.45
2024-09-21T13:30:00Z,82.78,1753.4
2024-09-21T14:00:00Z,85.57,1540.2
2024-09-21T14:30:00Z,84.04,1664.2
2024-09-21T15:00:00Z,88.14,2033.85
2024-09-21T15:30:00Z,85.89,2046.55
2024-09-21T16:00:00Z,109.06,1841.45
2024-09-21T16:30:00Z,113.43,1868.4
2024-09-21T17:00:00Z,114.26,2056.95
2024-09-21T17:30:00Z,116.62000000000002,2341.35
2024-09-21T18:00:00Z,110.4,2736.75
2024-09-21T18:30:00Z,107.92,2300.4
2024-09-21T19:00:00Z,101.00999999999999,2983.65
2024-09-21T19:30:00Z,85.13,3024.55
2024-09-21T20:00:00Z,83.93,2709.65
2024-09-21T20:30:00Z,80.41,2555.4
2024-09-21T21:00:00Z,82.86,2285.35
2024-09-21T21:30:00Z,86.98,2436.85
2024-09-21T22:00:00Z,83.44,1153.0
2024-09-21T22:30:00Z,81.45000000000002,1008.55
2024-09-21T23:00:00Z,75.58,1062.15
2024-09-21T23:30:00Z,76.07,830.65
2024-09-22T00:00:00Z,79.22,839.2
2024-09-22T00:30:00Z,77.93000000000002,894.6
2024-09-22T01:00:00Z,78.12,1138.7
2024-09-22T01:30:00Z,80.15,865.05
2024-09-22T02:00:00Z,81.53,1035.9
2024-09-22T02:30:00Z,78.99999999999999,920.65
2024-09-22T03:00:00Z,84.74,849.05
2024-09-22T03:30:00Z,82.57000000000001,883.5
2024-09-22T04:00:00Z,92.2,1123.4
2024-09-22T04:30:00Z,88.7,915.4
2024-09-22T05:00:00Z,90.34,1361.65
2024-09-22T05:30:00Z,80.56,1511.15
2024-09-22T06:00:00Z,74.43,2066.55
2024-09-22T06:30:00Z,81.4,1893.1
2024-09-22T07:00:00Z,66.81,1446.2
2024-09-22T07:30:00Z,71.72,1426.45
2024-09-22T08:00:00Z,70.58,1337.95
2024-09-22T08:30:00Z,72.46,1551.2
2024-09-22T09:00:00Z,78.18,1629.0
2024-09-22T09:30:00Z,78.36,1907.45
2024-09-22T10:00:00Z,92.29999999999998,1623.55
2024-09-22T10:30:00Z,94.85,1492.15
2024-09-22T11:00:00Z,95.75,1758.6
2024-09-22T11:30:00Z,93.59,1804.35
2024-09-22T12:00:00Z,90.22,1772.85
2024-09-22T12:30:00Z,85.34,1675.65
2024-09-22T13:00:00Z,80.01,1992.5
2024-09-22T13:30:00Z,78.96,2039.75
2024-09-22T14:00:00Z,84.27,1639.6
2024-09-22T14:30:00Z,85.02,1938.75
2024-09-22T15:00:00Z,101.22,1799.7
2024-09-22T15:30:00Z,100.4,1855.25
2024-09-22T16:00:00Z,112.68999999999998,1461.25
2024-09-22T16:30:00Z,114.52,1669.6
2024-09-22T17:00:00Z,113.31,1620.5
2024-09-22T17:30:00Z,114.34,1623.15
2024-09-22T18:00:00Z,110.43,1858.25
2024-09-22T18:30:00Z,108.03,1678.0
2024-09-22T19:00:00Z,106.56,1838.3
2024-09-22T19:30:00Z,90.02,1524.75
2024-09-22T20:00:00Z,82.26,1347.3
2024-09-22T20:30:00Z,81.5,1249.9
2024-09-22T21:00:00Z,82.34,1240.4
2024-09-22T21:30:00Z,81.58,1454.15
2024-09-22T22:00:00Z,80.0,747.6
2024-09-22T22:30:00Z,74.89,911.95
2024-09-22T23:00:00Z,74.41,1173.55
2024-09-22T23:30:00Z,72.17,907.9
2024-09-23T00:00:00Z,68.19,1145.8
2024-09-23T00:30:00Z,64.69,1364.2
2024-09-23T01:00:00Z,62.87,1277.45
2024-09-23T01:30:00Z,64.42,1639.15
2024-09-23T02:00:00Z,64.28,1276.4
2024-09-23T02:30:00Z,65.23,1312.3
2024-09-23T03:00:00Z,62.99,1382.2
2024-09-23T03:30:00Z,61.56,1376.35
2024-09-23T04:00:00Z,68.09,1751.15
2024-09-23T04:30:00Z,69.34,2391.25
2024-09-23T05:00:00Z,69.42,2190.9
2024-09-23T05:30:00Z,62.24,2002.5
2024-09-23T06:00:00Z,76.62,2729.45
2024-09-23T06:30:00Z,89.01,2843.95
2024-09-23T07:00:00Z,76.1,2149.0
2024-09-23T07:30:00Z,83.9,2473.65
2024-09-23T08:00:00Z,78.66,2406.6
2024-09-23T08:30:00Z,78.74,2254.1
2024-09-23T09:00:00Z,78.66,2415.75
2024-09-23T09:30:00Z,76.79,2869.55
2024-09-23T10:00:00Z,77.26,2760.65
2024-09-23T10:30:00Z,83.63,3143.65
2024-09-23T11:00:00Z,85.9,2978.95
2024-09-23T11:30:00Z,83.78,2812.2
2024-09-23T12:00:00Z,82.44,2991.15
2024-09-23T12:30:00Z,78.11,3118.05
2024-09-23T13:00:00Z,77.91,3205.1
2024-09-23T13:30:00Z,75.67,3014.0
2024-09-23T14:00:00Z,80.79,2389.05
2024-09-23T14:30:00Z,78.16,2405.8
2024-09-23T15:00:00Z,96.03,2669.1
2024-09-23T15:30:00Z,102.46,2993.05
2024-09-23T16:00:00Z,98.14,3217.85
2024-09-23T16:30:00Z,104.92,3767.45
2024-09-23T17:00:00Z,100.89,3182.45
2024-09-23T17:30:00Z,101.17,3415.95
2024-09-23T18:00:00Z,99.35000000000001,3257.55
2024-09-23T18:30:00Z,100.13,3605.95
2024-09-23T19:00:00Z,79.56,3152.35
2024-09-23T19:30:00Z,81.14,3458.05
2024-09-23T20:00:00Z,82.08,3068.2
2024-09-23T20:30:00Z,77.53,3468.5
2024-09-23T21:00:00Z,72.8,3278.65
2024-09-23T21:30:00Z,74.23,2954.55
2024-09-23T22:00:00Z,73.45,1626.0
2024-09-23T22:30:00Z,90.05,1796.25
2024-09-23T23:00:00Z,80.51999999999998,1761.35
2024-09-23T23:30:00Z,79.68,1944.35
2024-09-24T00:00:00Z,86.71,2141.4
2024-09-24T00:30:00Z,87.18,2050.8
2024-09-24T01:00:00Z,84.69,2464.7
2024-09-24T01:30:00Z,79.08,2468.7
2024-09-24T02:00:00Z,82.67,1996.1
2024-09-24T02:30:00Z,80.38,2177.0
2024-09-24T03:00:00Z,84.77,2149.55
2024-09-24T03:30:00Z,82.42,2040.5
2024-09-24T04:00:00Z,90.15,2229.05
2024-09-24T04:30:00Z,72.97,2607.3
2024-09-24T05:00:00Z,71.72,2460.7
2024-09-24T05:30:00Z,87.16,2612.3
2024-09-24T06:00:00Z,93.03,2758.5
2024-09-24T06:30:00Z,104.32,2583.5
2024-09-24T07:00:00Z,94.36,2293.15
2024-09-24T07:30:00Z,89.19,2119.9
2024-09-24T08:00:00Z,84.86,2015.5
2024-09-24T08:30:00Z,81.2,1698.2
2024-09-24T09:00:00Z,79.33,1910.55
2024-09-24T09:30:00Z,72.59,2257.2
2024-09-24T10:00:00Z,65.36,2023.65
2024-09-24T10:30:00Z,68.95,2138.1
2024-09-24T11:00:00Z,66.19,1889.35
2024-09-24T11:30:00Z,66.97,1935.55
2024-09-24T12:00:00Z,68.41,2445.75
2024-09-24T12:30:00Z,70.28,2352.4
2024-09-24T13:00:00Z,72.17,2354.05
2024-09-24T13:30:00Z,68.61,2427.85
2024-09-24T14:00:00Z,71.1,1707.35
2024-09-24T14:30:00Z,72.37,1660.9
2024-09-24T15:00:00Z,78.19000000000001,1934.45
2024-09-24T15:30:00Z,85.98,2106.95
2024-09-24T16:00:00Z,85.05,2948.15
2024-09-24T16:30:00Z,87.87,2737.15
2024-09-24T17:00:00Z,84.68,3060.3
2024-09-24T17:30:00Z,82.78,3265.6
2024-09-24T18:00:00Z,85.15,2470.55
2024-09-24T18:30:00Z,85.77,2390.45
2024-09-24T19:00:00Z,87.98,2238.5
2024-09-24T19:30:00Z,87.74,2504.05
2024-09-24T20:00:00Z,76.69,2152.75
2024-09-24T20:30:00Z,73.62,2274.8
2024-09-24T21:00:00Z,75.88,2391.95
2024-09-24T21:30:00Z,74.53,2580.35
2024-09-24T22:00:00Z,77.49,1236.65
2024-09-24T22:30:00Z,70.76,1076.25
2024-09-24T23:00:00Z,76.99,1021.35
2024-09-24T23:30:00Z,72.89,889.0
2024-09-25T00:00:00Z,69.65,830.0
2024-09-25T00:30:00Z,69.76,901.25
2024-09-25T01:00:00Z,68.79,879.5
2024-09-25T01:30:00Z,68.77,1020.3
2024-09-25T02:00:00Z,68.25,882.1
2024-09-25T02:30:00Z,68.32,863.95
2024-09-25T03:00:00Z,74.8,1265.95
2024-09-25T03:30:00Z,74.94,1370.0
2024-09-25T04:00:00Z,73.37,1560.75
2024-09-25T04:30:00Z,72.7,1884.35
2024-09-25T05:00:00Z,75.37,2226.3
2024-09-25T05:30:00Z,68.81,2592.0
2024-09-25T06:00:00Z,69.0,1973.35
2024-09-25T06:30:00Z,78.02,2303.9
2024-09-25T07:00:00Z,88.88,2187.95
2024-09-25T07:30:00Z,92.09,2131.6
2024-09-25T08:00:00Z,85.26,1684.75
2024-09-25T08:30:00Z,84.02,1731.65
2024-09-25T09:00:00Z,80.21,1424.5
2024-09-25T09:30:00Z,77.11,1381.9
2024-09-25T10:00:00Z,71.73,1282.5
2024-09-25T10:30:00Z,72.35,1689.95
2024-09-25T11:00:00Z,78.04,1988.85
2024-09-25T11:30:00Z,74.83,2234.85
2024-09-25T12:00:00Z,72.63,2541.75
2024-09-25T12:30:00Z,72.72,2206.7
2024-09-25T13:00:00Z,72.84,2817.2
2024-09-25T13:30:00Z,74.33,2863.85
2024-09-25T14:00:00Z,76.89,2763.4
2024-09-25T14:30:00Z,74.24,2814.0
2024-09-25T15:00:00Z,85.03,2777.2
2024-09-25T15:30:00Z,86.91,3118.0
2024-09-25T16:00:00Z,99.22,3702.9
2024-09-25T16:30:00Z,98.92,3764.8
2024-09-25T17:00:00Z,96.35,3687.0
2024-09-25T17:30:00Z,95.6,3732.1
2024-09-25T18:00:00Z,84.88,4329.8
2024-09-25T18:30:00Z,86.15,4508.75
2024-09-25T19:00:00Z,85.75,4170.75
2024-09-25T19:30:00Z,80.62,4585.55
2024-09-25T20:00:00Z,80.18,3777.8
2024-09-25T20:30:00Z,82.69,3980.05
2024-09-25T21:00:00Z,75.68,3408.1
2024-09-25T21:30:00Z,76.78,4099.0
2024-09-25T22:00:00Z,92.48999999999998,1723.35
2024-09-25T22:30:00Z,95.28,1926.15
2024-09-25T23:00:00Z,96.12,1938.2
2024-09-25T23:30:00Z,88.94,1946.85
2024-09-26T00:00:00Z,85.67,1882.65
2024-09-26T00:30:00Z,85.95000000000002,1716.3
2024-09-26T01:00:00Z,85.31,1987.0
2024-09-26T01:30:00Z,83.44,1734.85
2024-09-26T02:00:00Z,79.83,1723.9
2024-09-26T02:30:00Z,76.41,1820.25
2024-09-26T03:00:00Z,72.1,2175.85
2024-09-26T03:30:00Z,73.97,2020.75
2024-09-26T04:00:00Z,80.62,2753.8
2024-09-26T04:30:00Z,82.85,2621.7
2024-09-26T05:00:00Z,85.46999999999998,3139.6
2024-09-26T05:30:00Z,86.34999999999998,3306.55
2024-09-26T06:00:00Z,84.97,2399.35
2024-09-26T06:30:00Z,94.75,2637.25
2024-09-26T07:00:00Z,90.8,2240.65
2024-09-26T07:30:00Z,90.84,2369.6
2024-09-26T08:00:00Z,92.68,2733.1
2024-09-26T08:30:00Z,88.11,2459.95
2024-09-26T09:00:00Z,80.39,2783.05
2024-09-26T09:30:00Z,78.1,2765.5
2024-09-26T10:00:00Z,72.81,2250.4
2024-09-26T10:30:00Z,73.37,2280.1
2024-09-26T11:00:00Z,74.59,2179.7
2024-09-26T11:30:00Z,80.68,2366.8
2024-09-26T12:00:00Z,81.16,2083.1
2024-09-26T12:30:00Z,77.62,2254.4
2024-09-26T13:00:00Z,74.79,2088.15
2024-09-26T13:30:00Z,73.26,2288.75
2024-09-26T14:00:00Z,77.24,2314.55
2024-09-26T14:30:00Z,81.16,2169.45
2024-09-26T15:00:00Z,84.22,2251.55
2024-09-26T15:30:00Z,86.23,2274.95
2024-09-26T16:00:00Z,89.14,2411.9
2024-09-26T16:30:00Z,93.91,2829.6
2024-09-26T17:00:00Z,97.31,2736.45
2024-09-26T17:30:00Z,96.83,2630.2
2024-09-26T18:00:00Z,96.19,2724.2
2024-09-26T18:30:00Z,92.14,3011.75
2024-09-26T19:00:00Z,88.82,2771.65
2024-09-26T19:30:00Z,80.95,2916.6
2024-09-26T20:00:00Z,81.0,3028.35
2024-09-26T20:30:00Z,82.14,2835.35
2024-09-26T21:00:00Z,77.19,2919.25
2024-09-26T21:30:00Z,66.43,3107.75
2024-09-26T22:00:00Z,21.21,1485.3
2024-09-26T22:30:00Z,3.4600000000000004,1364.2
2024-09-26T23:00:00Z,3.15,1688.95
2024-09-26T23:30:00Z,-3.68,1661.1
2024-09-27T00:00:00Z,-0.52,1824.6
2024-09-27T00:30:00Z,-5.34,1832.25
2024-09-27T01:00:00Z,0.52,1869.35
2024-09-27T01:30:00Z,-8.42,1828.4
2024-09-27T02:00:00Z,-9.73,1382.3
2024-09-27T02:30:00Z,-11.649999999999999,1678.1
2024-09-27T03:00:00Z,-13.4,1401.35
2024-09-27T03:30:00Z,-15.400000000000002,1781.35
2024-09-27T04:00:00Z,-12.17,1668.8
2024-09-27T04:30:00Z,5.63,1869.6
2024-09-27T05:00:00Z,-4.76,2230.9
2024-09-27T05:30:00Z,51.95,2076.4
2024-09-27T06:00:00Z,67.01,2343.7
2024-09-27T06:30:00Z,90.18,2119.35
2024-09-27T07:00:00Z,95.32,2129.1
2024-09-27T07:30:00Z,96.06,1872.4
2024-09-27T08:00:00Z,96.97,1744.9
2024-09-27T08:30:00Z,95.89,1908.7
2024-09-27T09:00:00Z,95.1,2505.3
2024-09-27T09:30:00Z,92.51,2136.15
2024-09-27T10:00:00Z,88.65,2159.5
2024-09-27T10:30:00Z,79.02,2232.6
2024-09-27T11:00:00Z,82.47,2421.55
2024-09-27T11:30:00Z,74.33,2439.35
2024-09-27T12:00:00Z,68.44,2863.1
2024-09-27T12:30:00Z,67.58,2414.9
2024-09-27T13:00:00Z,74.75,2548.7
2024-09-27T13:30:00Z,73.67,2612.55
2024-09-27T14:00:00Z,68.17,2161.2
2024-09-27T14:30:00Z,73.8,2555.05
2024-09-27T15:00:00Z,78.18,2412.4
2024-09-27T15:30:00Z,81.21,2164.45
2024-09-27T16:00:00Z,75.17,1811.25
2024-09-27T16:30:00Z,86.49,2398.75
2024-09-27T17:00:00Z,94.52,1840.05
2024-09-27T17:30:00Z,97.28,1664.5
2024-09-27T18:00:00Z,105.31,1882.95
2024-09-27T18:30:00Z,105.91,1921.05
2024-09-27T19:00:00Z,103.25,1932.0
2024-09-27T19:30:00Z,98.48,2042.55
2024-09-27T20:00:00Z,80.55,1511.6
2024-09-27T20:30:00Z,77.44,1479.55
2024-09-27T21:00:00Z,84.34000000000002,1779.15
2024-09-27T21:30:00Z,75.6,1364.1
2024-09-27T22:00:00Z,51.18,1936.3
2024-09-27T22:30:00Z,40.97,1940.1
2024-09-27T23:00:00Z,40.76,2049.85
2024-09-27T23:30:00Z,38.87,1959.15
2024-09-28T00:00:00Z,33.33,2227.6
2024-09-28T00:30:00Z,36.73,1876.25
2024-09-28T01:00:00Z,31.690000000000005,2115.75
2024-09-28T01:30:00Z,24.6,2217.55
2024-09-28T02:00:00Z,18.97,1988.25
2024-09-28T02:30:00Z,18.61,2053.9
2024-09-28T03:00:00Z,24.78,2212.7
2024-09-28T03:30:00Z,32.51,2258.35
2024-09-28T04:00:00Z,26.31,2371.0
2024-09-28T04:30:00Z,32.03,2328.7
2024-09-28T05:00:00Z,55.63,2251.3
2024-09-28T05:30:00Z,57.52000000000001,2289.15
2024-09-28T06:00:00Z,70.46,2262.9
2024-09-28T06:30:00Z,84.44,1922.85
2024-09-28T07:00:00Z,81.53,1807.55
2024-09-28T07:30:00Z,84.56,1800.25
2024-09-28T08:00:00Z,88.25,2292.95
2024-09-28T08:30:00Z,85.07,2135.05
2024-09-28T09:00:00Z,85.03,2180.75
2024-09-28T09:30:00Z,81.27,2142.45
2024-09-28T10:00:00Z,82.26,1850.05
2024-09-28T10:30:00Z,82.1,1982.5
2024-09-28T11:00:00Z,83.81,1790.7
2024-09-28T11:30:00Z,84.76,1827.55
2024-09-28T12:00:00Z,84.14,1921.4
2024-09-28T12:30:00Z,81.35,2016.8
2024-09-28T13:00:00Z,76.62,1940.7
2024-09-28T13:30:00Z,72.77,2348.15
2024-09-28T14:00:00Z,71.01,1458.75
2024-09-28T14:30:00Z,85.36,1933.85
2024-09-28T15:00:00Z,91.44,1725.15
2024-09-28T15:30:00Z,100.16,1999.05
2024-09-28T16:00:00Z,109.71,2282.3
2024-09-28T16:30:00Z,112.57,2281.9
2024-09-28T17:00:00Z,124.0,2358.05
2024-09-28T17:30:00Z,125.98,2467.5
2024-09-28T18:00:00Z,125.38,2455.55
2024-09-28T18:30:00Z,123.69,2429.0
2024-09-28T19:00:00Z,118.65000000000002,2601.7
2024-09-28T19:30:00Z,112.7,2374.6
2024-09-28T20:00:00Z,100.96,2133.35
2024-09-28T20:30:00Z,92.42,2000.6
2024-09-28T21:00:00Z,95.36,2005.55
2024-09-28T21:30:00Z,88.57,2063.3
2024-09-28T22:00:00Z,76.92,1414.85
2024-09-28T22:30:00Z,79.19,1399.95
2024-09-28T23:00:00Z,72.75,1660.7
2024-09-28T23:30:00Z,75.42,1557.3
2024-09-29T00:00:00Z,74.29,1339.95
2024-09-29T00:30:00Z,76.07,1794.15
2024-09-29T01:00:00Z,77.63,1475.45
2024-09-29T01:30:00Z,72.89,1222.3
2024-09-29T02:00:00Z,73.64,1070.0
2024-09-29T02:30:00Z,71.65,997.1
2024-09-29T03:00:00Z,75.58,1124.1
2024-09-29T03:30:00Z,75.17,1208.4
2024-09-29T04:00:00Z,73.17,1174.65
2024-09-29T04:30:00Z,73.06,1233.6
2024-09-29T05:00:00Z,74.38,1307.8
2024-09-29T05:30:00Z,72.38,1196.6
2024-09-29T06:00:00Z,72.1,1139.65
2024-09-29T06:30:00Z,78.16,1354.05
2024-09-29T07:00:00Z,92.51,1563.15
2024-09-29T07:30:00Z,87.27,1501.75
2024-09-29T08:00:00Z,92.51999999999998,1479.4
2024-09-29T08:30:00Z,96.2,1747.6
2024-09-29T09:00:00Z,93.32,2091.85
2024-09-29T09:30:00Z,94.57,2090.2
2024-09-29T10:00:00Z,87.70999999999998,1585.75
2024-09-29T10:30:00Z,83.42,1875.8
2024-09-29T11:00:00Z,88.26,1691.1
2024-09-29T11:30:00Z,84.39,2036.2
2024-09-29T12:00:00Z,76.87,2120.45
2024-09-29T12:30:00Z,77.25,1997.85
2024-09-29T13:00:00Z,76.96,1986.5
2024-09-29T13:30:00Z,77.37,2149.3
2024-09-29T14:00:00Z,80.13,2326.4
2024-09-29T14:30:00Z,82.71,2795.3
2024-09-29T15:00:00Z,81.4,2626.1
2024-09-29T15:30:00Z,84.84,2478.55
2024-09-29T16:00:00Z,107.52,1885.35
2024-09-29T16:30:00Z,107.74,2330.55
2024-09-29T17:00:00Z,109.05,1951.55
2024-09-29T17:30:00Z,109.33,2126.9
2024-09-29T18:00:00Z,92.87,2539.75
2024-09-29T18:30:00Z,89.38,2341.5
2024-09-29T19:00:00Z,77.29,2388.75
2024-09-29T19:30:00Z,65.63,2271.65
2024-09-29T20:00:00Z,50.79,2247.9
2024-09-29T20:30:00Z,37.57,2311.85
2024-09-29T21:00:00Z,45.69,2649.5
2024-09-29T21:30:00Z,13.89,2708.0
2024-09-29T22:00:00Z,12.85,1457.25
2024-09-29T22:30:00Z,-3.9499999999999997,1367.6
2024-09-29T23:00:00Z,-2.74,1473.2
2024-09-29T23:30:00Z,3.85,1799.05
2024-09-30T00:00:00Z,0.03,1689.75
2024-09-30T00:30:00Z,4.11,1957.6
2024-09-30T01:00:00Z,-4.8,1656.3
2024-09-30T01:30:00Z,1.79,2046.9
2024-09-30T02:00:00Z,17.14,1824.85
2024-09-30T02:30:00Z,14.7,1825.2
2024-09-30T03:00:00Z,4.12,2245.75
2024-09-30T03:30:00Z,7.07,2276.05
2024-09-30T04:00:00Z,15.54,1702.8
2024-09-30T04:30:00Z,38.76,1478.8
2024-09-30T05:00:00Z,46.47,1349.95
2024-09-30T05:30:00Z,75.69,1853.95
2024-09-30T06:00:00Z,76.96000000000001,1729.4
2024-09-30T06:30:00Z,78.34,1644.6
2024-09-30T07:00:00Z,83.02,1864.85
2024-09-30T07:30:00Z,68.41,2229.55
2024-09-30T08:00:00Z,68.17,1934.55
2024-09-30T08:30:00Z,74.58,1807.65
2024-09-30T09:00:00Z,77.4,2069.3
2024-09-30T09:30:00Z,80.92,2133.55
2024-09-30T10:00:00Z,83.28,1952.0
2024-09-30T10:30:00Z,82.7,2364.6
2024-09-30T11:00:00Z,87.96,2165.5
2024-09-30T11:30:00Z,90.2,2377.75
2024-09-30T12:00:00Z,90.17,2004.8
2024-09-30T12:30:00Z,89.54,1917.65
2024-09-30T13:00:00Z,88.51,2016.5
2024-09-30T13:30:00Z,85.49,2149.5
2024-09-30T14:00:00Z,81.84,2605.15
2024-09-30T14:30:00Z,78.23,2291.65
2024-09-30T15:00:00Z,69.01,2489.15
2024-09-30T15:30:00Z,73.91,2479.95
2024-09-30T16:00:00Z,79.17,2184.6
2024-09-30T16:30:00Z,79.91,2289.9
2024-09-30T17:00:00Z,83.12,2667.15
2024-09-30T17:30:00Z,88.8,2776.7
2024-09-30T18:00:00Z,91.86,2864.75
2024-09-30T18:30:00Z,91.19,3073.4
2024-09-30T19:00:00Z,89.9,2787.95
2024-09-30T19:30:00Z,81.43999999999998,3278.3
2024-09-30T20:00:00Z,80.19,2759.25
2024-09-30T20:30:00Z,81.56,2275.0
2024-09-30T21:00:00Z,81.06,2147.75
2024-09-30T21:30:00Z,77.12,2425.45
2024-09-30T22:00:00Z,62.78,1438.45
2024-09-30T22:30:00Z,55.46,1246.9
2024-09-30T23:00:00Z,52.88,1347.9
2024-09-30T23:30:00Z,48.27,1312.4
2024-10-01T00:00:00Z,44.18,1427.85
2024-10-01T00:30:00Z,45.37,1505.35
2024-10-01T01:00:00Z,32.17,1380.25
2024-10-01T01:30:00Z,27.91,1418.35
2024-10-01T02:00:00Z,35.7,1722.8
2024-10-01T02:30:00Z,31.03,1715.05
2024-10-01T03:00:00Z,28.75,2090.0
2024-10-01T03:30:00Z,31.16,2149.35
2024-10-01T04:00:00Z,80.84,2077.6
2024-10-01T04:30:00Z,80.05,2143.8
2024-10-01T05:00:00Z,93.31,2725.45
2024-10-01T05:30:00Z,98.8,3046.85
2024-10-01T06:00:00Z,104.33,3297.65
2024-10-01T06:30:00Z,113.49,3487.05
2024-10-01T07:00:00Z,107.79,3069.5
2024-10-01T07:30:00Z,107.71999999999998,3123.65
2024-10-01T08:00:00Z,105.31999999999998,2768.7
2024-10-01T08:30:00Z,103.86,2900.55
2024-10-01T09:00:00Z,102.71000000000001,2580.05
2024-10-01T09:30:00Z,93.59,3077.2
2024-10-01T10:00:00Z,83.13,2545.7
2024-10-01T10:30:00Z,84.53,2190.4
2024-10-01T11:00:00Z,84.3,2338.1
2024-10-01T11:30:00Z,84.56,2466.9
2024-10-01T12:00:00Z,82.81,2190.1
2024-10-01T12:30:00Z,84.92,2757.45
2024-10-01T13:00:00Z,84.01,2622.4
2024-10-01T13:30:00Z,85.15,2936.5
2024-10-01T14:00:00Z,88.38,3014.15
2024-10-01T14:30:00Z,87.79,3084.3
2024-10-01T15:00:00Z,86.0,2835.85
2024-10-01T15:30:00Z,82.95,2913.15
2024-10-01T16:00:00Z,91.53,3487.95
2024-10-01T16:30:00Z,95.23,3673.1
2024-10-01T17:00:00Z,101.21000000000001,3441.95
2024-10-01T17:30:00Z,102.97,3081.8
2024-10-01T18:00:00Z,102.70000000000002,2577.6
2024-10-01T18:30:00Z,99.77,2562.25
2024-10-01T19:00:00Z,94.14,2356.45
2024-10-01T19:30:00Z,85.59,2522.75
2024-10-01T20:00:00Z,84.96,2603.95
2024-10-01T20:30:00Z,81.61,2426.65
2024-10-01T21:00:00Z,84.12,2354.3
2024-10-01T21:30:00Z,82.32,2148.85
2024-10-01T22:00:00Z,80.9,1027.4
2024-10-01T22:30:00Z,74.2,1258.25
2024-10-01T23:00:00Z,77.43,1243.2
2024-10-01T23:30:00Z,77.86,1268.75
2024-10-02T00:00:00Z,67.02,1297.75
2024-10-02T00:30:00Z,67.06,1390.7
2024-10-02T01:00:00Z,68.6,1620.7
2024-10-02T01:30:00Z,67.88,1416.0
2024-10-02T02:00:00Z,72.07,1453.5
2024-10-02T02:30:00Z,74.6,1421.45
2024-10-02T03:00:00Z,66.59,1386.8
2024-10-02T03:30:00Z,60.70000000000001,1484.85
2024-10-02T04:00:00Z,86.61,1926.2
2024-10-02T04:30:00Z,78.8,1912.35
2024-10-02T05:00:00Z,88.77,2369.65
2024-10-02T05:30:00Z,91.1,2458.85
2024-10-02T06:00:00Z,100.05,2257.75
2024-10-02T06:30:00Z,112.21999999999998,2376.85
2024-10-02T07:00:00Z,100.02,1838.95
2024-10-02T07:30:00Z,100.22,2243.9
2024-10-02T08:00:00Z,106.44,2190.2
2024-10-02T08:30:00Z,95.45,2317.7
2024-10-02T09:00:00Z,91.79,2507.4
2024-10-02T09:30:00Z,82.51,3091.15
2024-10-02T10:00:00Z,76.91,2605.35
2024-10-02T10:30:00Z,78.57,2865.8
2024-10-02T11:00:00Z,77.68,2719.7
2024-10-02T11:30:00Z,77.42,2550.3
2024-10-02T12:00:00Z,80.13,3636.7
2024-10-02T12:30:00Z,77.78,4167.85
2024-10-02T13:00:00Z,78.22,3259.3
2024-10-02T13:30:00Z,79.61,3344.55
2024-10-02T14:00:00Z,87.22,2907.45
2024-10-02T14:30:00Z,85.55999999999999,3229.65
2024-10-02T15:00:00Z,87.85,2855.8
2024-10-02T15:30:00Z,90.45000000000002,2986.7
2024-10-02T16:00:00Z,93.74,2345.65
2024-10-02T16:30:00Z,103.62,2361.8
2024-10-02T17:00:00Z,105.33999999999999,2603.15
2024-10-02T17:30:00Z,105.73,2490.1
2024-10-02T18:00:00Z,98.44,2051.45
2024-10-02T18:30:00Z,93.46,2016.6
2024-10-02T19:00:00Z,87.61,1922.7
2024-10-02T19:30:00Z,76.85,2170.75
2024-10-02T20:00:00Z,75.49,2002.55
2024-10-02T20:30:00Z,81.56,2138.45
2024-10-02T21:00:00Z,78.29999999999998,1764.4
2024-10-02T21:30:00Z,77.45,1667.75
2024-10-02T22:00:00Z,73.76,945.1
2024-10-02T22:30:00Z,75.24,1118.55
2024-10-02T23:00:00Z,82.09,1171.95
2024-10-02T23:30:00Z,78.2,936.3
2024-10-03T00:00:00Z,75.56,968.5
2024-10-03T00:30:00Z,82.4,1076.05
2024-10-03T01:00:00Z,99.64,1879.15
2024-10-03T01:30:00Z,86.86,1364.35
2024-10-03T02:00:00Z,81.18,1021.8
2024-10-03T02:30:00Z,80.29,1009.15
2024-10-03T03:00:00Z,74.51,1027.45
2024-10-03T03:30:00Z,77.71,1181.8
2024-10-03T04:00:00Z,80.14,1287.35
2024-10-03T04:30:00Z,74.78,1701.7
2024-10-03T05:00:00Z,88.57,1742.4
2024-10-03T05:30:00Z,85.24999999999999,1647.55
2024-10-03T06:00:00Z,101.89,1616.2
2024-10-03T06:30:00Z,109.73,2212.1
2024-10-03T07:00:00Z,110.45,1632.5
2024-10-03T07:30:00Z,108.69,1566.25
2024-10-03T08:00:00Z,99.08,2068.9
2024-10-03T08:30:00Z,78.04,2242.45
2024-10-03T09:00:00Z,68.67,2404.9
2024-10-03T09:30:00Z,64.14,2587.85
2024-10-03T10:00:00Z,67.72,3118.4
2024-10-03T10:30:00Z,70.03,3009.8
2024-10-03T11:00:00Z,69.01,3015.8
2024-10-03T11:30:00Z,70.25,2700.8
2024-10-03T12:00:00Z,68.84,2416.65
2024-10-03T12:30:00Z,68.79,2284.8
2024-10-03T13:00:00Z,69.1,2350.25
2024-10-03T13:30:00Z,69.79,2422.65
2024-10-03T14:00:00Z,71.2,1680.7
2024-10-03T14:30:00Z,76.43,1654.05
2024-10-03T15:00:00Z,82.17,2051.0
2024-10-03T15:30:00Z,83.35,2024.7
2024-10-03T16:00:00Z,84.84,2431.75
2024-10-03T16:30:00Z,90.73,2365.6
2024-10-03T17:00:00Z,101.21000000000001,2638.9
2024-10-03T17:30:00Z,104.82,2327.15
2024-10-03T18:00:00Z,105.87,2383.1
2024-10-03T18:30:00Z,99.04,2364.45
2024-10-03T19:00:00Z,82.48,1625.0
2024-10-03T19:30:00Z,77.84,2141.05
2024-10-03T20:00:00Z,81.11,1915.85
2024-10-03T20:30:00Z,76.05,1986.2
2024-10-03T21:00:00Z,78.79,1689.7
2024-10-03T21:30:00Z,78.43,1904.25
2024-10-03T22:00:00Z,71.32,1322.45
2024-10-03T22:30:00Z,71.42,1035.65
2024-10-03T23:00:00Z,66.94,1378.55
2024-10-03T23:30:00Z,60.029999999999994,1539.9
2024-10-04T00:00:00Z,65.21,1818.4
2024-10-04T00:30:00Z,64.79,1784.3
2024-10-04T01:00:00Z,64.26,1647.2
2024-10-04T01:30:00Z,65.61,1406.6
2024-10-04T02:00:00Z,58.190000000000005,1149.45
2024-10-04T02:30:00Z,56.46999999999999,1376.15
2024-10-04T03:00:00Z,71.32,2289.7
2024-10-04T03:30:00Z,66.87,1947.45
2024-10-04T04:00:00Z,86.48,1538.6
2024-10-04T04:30:00Z,86.03,1409.15
2024-10-04T05:00:00Z,90.57,1759.75
2024-10-04T05:30:00Z,100.54,1846.5
2024-10-04T06:00:00Z,119.13000000000001,2449.2
2024-10-04T06:30:00Z,122.86999999999999,2566.65
2024-10-04T07:00:00Z,98.56,2497.85
2024-10-04T07:30:00Z,101.66,2443.3
2024-10-04T08:00:00Z,87.07,1929.65
2024-10-04T08:30:00Z,92.93,2063.2
2024-10-04T09:00:00Z,87.42,2081.6
2024-10-04T09:30:00Z,73.36,2052.45
2024-10-04T10:00:00Z,68.99,2255.0
2024-10-04T10:30:00Z,65.55,2405.35
2024-10-04T11:00:00Z,63.440000000000005,2431.3
2024-10-04T11:30:00Z,69.22,2530.25
2024-10-04T12:00:00Z,72.93,2778.55
2024-10-04T12:30:00Z,65.89,2509.2
2024-10-04T13:00:00Z,63.53,2395.4
2024-10-04T13:30:00Z,65.44,2843.5
2024-10-04T14:00:00Z,76.72,2562.45
2024-10-04T14:30:00Z,80.69,2433.5
2024-10-04T15:00:00Z,84.01,2715.65
2024-10-04T15:30:00Z,82.15,2278.45
2024-10-04T16:00:00Z,98.94,2126.9
2024-10-04T16:30:00Z,109.0,2179.3
2024-10-04T17:00:00Z,110.64,2765.6
2024-10-04T17:30:00Z,109.71,2531.9
2024-10-04T18:00:00Z,105.93,2665.95
2024-10-04T18:30:00Z,100.09,2578.6
2024-10-04T19:00:00Z,90.58,1897.4
2024-10-04T19:30:00Z,82.9,2058.9
2024-10-04T20:00:00Z,82.75,2748.05
2024-10-04T20:30:00Z,82.66,2535.95
2024-10-04T21:00:00Z,81.88,2042.55
2024-10-04T21:30:00Z,84.99,1934.4
2024-10-04T22:00:00Z,83.76,1216.35
2024-10-04T22:30:00Z,84.74,1272.15
2024-10-04T23:00:00Z,80.91,1144.15
2024-10-04T23:30:00Z,84.23,1141.45
2024-10-05T00:00:00Z,74.22,1177.15
2024-10-05T00:30:00Z,73.11,1114.15
2024-10-05T01:00:00Z,68.83,1414.1
2024-10-05T01:30:00Z,66.95,1279.7
2024-10-05T02:00:00Z,60.93,1254.55
2024-10-05T02:30:00Z,53.28,1478.25
2024-10-05T03:00:00Z,69.21,1269.75
2024-10-05T03:30:00Z,64.16,1323.35
2024-10-05T04:00:00Z,65.44,1307.5
2024-10-05T04:30:00Z,69.18,1356.75
2024-10-05T05:00:00Z,71.41,1507.1
2024-10-05T05:30:00Z,79.45,1615.2
2024-10-05T06:00:00Z,81.68,1756.7
2024-10-05T06:30:00Z,90.77,1824.45
2024-10-05T07:00:00Z,91.46,1776.8
2024-10-05T07:30:00Z,93.46,1926.6
2024-10-05T08:00:00Z,96.22999999999999,1577.1
2024-10-05T08:30:00Z,96.55,1689.2
2024-10-05T09:00:00Z,96.42,1760.1
2024-10-05T09:30:00Z,96.79,1663.95
2024-10-05T10:00:00Z,86.71,2185.85
2024-10-05T10:30:00Z,71.23,1823.3
2024-10-05T11:00:00Z,65.56,2039.75
2024-10-05T11:30:00Z,60.62,2126.6
2024-10-05T12:00:00Z,65.55,2577.35
2024-10-05T12:30:00Z,66.25,2607.65
2024-10-05T13:00:00Z,63.33,3101.5
2024-10-05T13:30:00Z,61.71,3235.25
2024-10-05T14:00:00Z,79.09,2558.15
2024-10-05T14:30:00Z,86.33,2234.95
2024-10-05T15:00:00Z,76.68,2496.0
2024-10-05T15:30:00Z,71.89,2470.25
2024-10-05T16:00:00Z,111.19,2365.1
2024-10-05T16:30:00Z,114.21,2197.45
2024-10-05T17:00:00Z,110.14,2173.4
2024-10-05T17:30:00Z,112.26,2309.35
2024-10-05T18:00:00Z,87.71,1919.1
2024-10-05T18:30:00Z,78.13,1973.4
2024-10-05T19:00:00Z,80.8,1830.2
2024-10-05T19:30:00Z,68.73,2121.4
2024-10-05T20:00:00Z,58.77,1986.6
2024-10-05T20:30:00Z,51.18,1608.45
2024-10-05T21:00:00Z,51.28,1806.9
2024-10-05T21:30:00Z,41.88,2300.9
2024-10-05T22:00:00Z,59.81,1627.05
2024-10-05T22:30:00Z,31.4,1469.9
2024-10-05T23:00:00Z,49.589999999999996,1405.55
2024-10-05T23:30:00Z,54.440000000000005,1268.95
2024-10-06T00:00:00Z,57.74,1428.8
2024-10-06T00:30:00Z,65.95,1561.85
2024-10-06T01:00:00Z,55.83,1736.9
2024-10-06T01:30:00Z,53.05,1742.8
2024-10-06T02:00:00Z,60.419999999999995,1733.45
2024-10-06T02:30:00Z,55.42,1903.9
2024-10-06T03:00:00Z,55.73,2063.65
2024-10-06T03:30:00Z,58.05,2069.8
2024-10-06T04:00:00Z,59.74,2140.1
2024-10-06T04:30:00Z,57.24,2033.3
2024-10-06T05:00:00Z,51.29,1929.65
2024-10-06T05:30:00Z,64.52,2010.8
2024-10-06T06:00:00Z,63.46,2054.6
2024-10-06T06:30:00Z,74.98,2059.45
2024-10-06T07:00:00Z,65.77,2368.3
2024-10-06T07:30:00Z,82.61,1914.2
2024-10-06T08:00:00Z,95.68,2110.3
2024-10-06T08:30:00Z,95.00999999999999,1940.3
2024-10-06T09:00:00Z,95.12,2325.55
2024-10-06T09:30:00Z,95.6,2331.9
2024-10-06T10:00:00Z,92.83,1978.2
2024-10-06T10:30:00Z,88.82,2504.8
2024-10-06T11:00:00Z,89.07,2363.25
2024-10-06T11:30:00Z,85.0,2169.85
2024-10-06T12:00:00Z,82.96,2136.8
2024-10-06T12:30:00Z,87.79,2095.9
2024-10-06T13:00:00Z,89.02,2089.55
2024-10-06T13:30:00Z,91.04,2247.4
2024-10-06T14:00:00Z,94.04,1820.2
2024-10-06T14:30:00Z,99.45,1809.45
2024-10-06T15:00:00Z,102.17,1448.5
2024-10-06T15:30:00Z,109.17,1756.15
2024-10-06T16:00:00Z,112.37,1870.15
2024-10-06T16:30:00Z,114.6,1898.7
2024-10-06T17:00:00Z,111.73,2118.45
2024-10-06T17:30:00Z,115.0,1603.05
2024-10-06T18:00:00Z,109.6,1304.1
2024-10-06T18:30:00Z,105.54,1666.35
2024-10-06T19:00:00Z,101.88,1621.8
2024-10-06T19:30:00Z,86.21,1777.3
2024-10-06T20:00:00Z,80.0,1848.05
2024-10-06T20:30:00Z,83.05,2061.3
2024-10-06T21:00:00Z,88.28,2239.0
2024-10-06T21:30:00Z,86.58,2000.6
2024-10-06T22:00:00Z,86.44,1559.65
2024-10-06T22:30:00Z,72.48,1401.15
2024-10-06T23:00:00Z,72.05,1542.6
2024-10-06T23:30:00Z,66.61,1623.7
2024-10-07T00:00:00Z,66.35,1666.65
2024-10-07T00:30:00Z,66.62,1611.7
2024-10-07T01:00:00Z,58.26,1734.5
2024-10-07T01:30:00Z,49.83,1590.2
2024-10-07T02:00:00Z,29.77,1615.3
2024-10-07T02:30:00Z,31.83,1489.8
2024-10-07T03:00:00Z,42.35,1799.05
2024-10-07T03:30:00Z,47.79,1810.5
2024-10-07T04:00:00Z,52.97,1793.3
2024-10-07T04:30:00Z,61.62,1961.35
2024-10-07T05:00:00Z,77.1,1937.6
2024-10-07T05:30:00Z,77.81,1947.15
2024-10-07T06:00:00Z,77.47,1868.65
2024-10-07T06:30:00Z,91.97999999999999,1742.95
2024-10-07T07:00:00Z,98.4,1627.3
2024-10-07T07:30:00Z,97.07,1472.75
2024-10-07T08:00:00Z,85.59,1660.85
2024-10-07T08:30:00Z,80.38999999999999,1684.15
2024-10-07T09:00:00Z,73.63,2064.9
2024-10-07T09:30:00Z,73.36,2276.35
2024-10-07T10:00:00Z,75.87,2420.65
2024-10-07T10:30:00Z,71.62,2517.4
2024-10-07T11:00:00Z,69.62,2382.7
2024-10-07T11:30:00Z,70.55,2651.25
2024-10-07T12:00:00Z,70.58,2615.45
2024-10-07T12:30:00Z,70.56,2535.05
2024-10-07T13:00:00Z,70.27,2616.45
2024-10-07T13:30:00Z,70.41,2930.85
2024-10-07T14:00:00Z,74.48,3213.35
2024-10-07T14:30:00Z,75.06,3050.9
2024-10-07T15:00:00Z,88.84,3206.15
2024-10-07T15:30:00Z,106.63000000000001,3221.25
2024-10-07T16:00:00Z,125.73999999999998,3099.45
2024-10-07T16:30:00Z,129.46,3257.7
2024-10-07T17:00:00Z,129.88,3549.95
2024-10-07T17:30:00Z,134.32,3411.2
2024-10-07T18:00:00Z,108.89,2537.95
2024-10-07T18:30:00Z,98.71,2293.5
2024-10-07T19:00:00Z,81.15,1928.85
2024-10-07T19:30:00Z,78.0,2307.2
2024-10-07T20:00:00Z,76.68,2292.5
2024-10-07T20:30:00Z,82.65,2467.3
2024-10-07T21:00:00Z,76.53,1990.7
2024-10-07T21:30:00Z,75.69,1774.25
2024-10-07T22:00:00Z,82.03,964.2
2024-10-07T22:30:00Z,84.67,1265.0
2024-10-07T23:00:00Z,79.56,1112.6
2024-10-07T23:30:00Z,75.63,1240.55
2024-10-08T00:00:00Z,74.84,1297.45
2024-10-08T00:30:00Z,77.5,1527.05
2024-10-08T01:00:00Z,74.59,1479.6
2024-10-08T01:30:00Z,72.84,1464.1
2024-10-08T02:00:00Z,73.71,1480.35
2024-10-08T02:30:00Z,69.68,1490.45
2024-10-08T03:00:00Z,70.98,1406.55
2024-10-08T03:30:00Z,72.09,1796.15
2024-10-08T04:00:00Z,74.64,1410.7
2024-10-08T04:30:00Z,74.06,1543.05
2024-10-08T05:00:00Z,86.66,1922.35
2024-10-08T05:30:00Z,90.79,2000.55
2024-10-08T06:00:00Z,83.78,1908.1
2024-10-08T06:30:00Z,89.58,2278.5
2024-10-08T07:00:00Z,92.2,2222.5
2024-10-08T07:30:00Z,91.25,2204.4
2024-10-08T08:00:00Z,91.26,2507.2
2024-10-08T08:30:00Z,93.79,3093.25
2024-10-08T09:00:00Z,92.91,2589.7
2024-10-08T09:30:00Z,95.52,3219.0
2024-10-08T10:00:00Z,85.87,3431.0
2024-10-08T10:30:00Z,84.31,3122.7
2024-10-08T11:00:00Z,83.59,3176.25
2024-10-08T11:30:00Z,77.79,3000.45
2024-10-08T12:00:00Z,71.49,3385.6
2024-10-08T12:30:00Z,70.3,3198.1
2024-10-08T13:00:00Z,71.22,3343.05
2024-10-08T13:30:00Z,73.8,3824.8
2024-10-08T14:00:00Z,78.02,2589.85
2024-10-08T14:30:00Z,77.32,2339.1
2024-10-08T15:00:00Z,84.19,2739.0
2024-10-08T15:30:00Z,87.51,2722.65
2024-10-08T16:00:00Z,97.04,2924.35
2024-10-08T16:30:00Z,98.68,2798.35
2024-10-08T17:00:00Z,97.64,2869.7
2024-10-08T17:30:00Z,95.41,3040.1
2024-10-08T18:00:00Z,78.0,2545.45
2024-10-08T18:30:00Z,79.19,3290.9
2024-10-08T19:00:00Z,73.79,2489.3
2024-10-08T19:30:00Z,72.28,2532.3
2024-10-08T20:00:00Z,66.82,2874.95
2024-10-08T20:30:00Z,68.11,2785.9
2024-10-08T21:00:00Z,61.96999999999999,2851.35
2024-10-08T21:30:00Z,55.09,2360.4
2024-10-08T22:00:00Z,56.63,1593.6
2024-10-08T22:30:00Z,49.02000000000001,1503.15
2024-10-08T23:00:00Z,46.59,1608.85
2024-10-08T23:30:00Z,37.22,1415.55
2024-10-09T00:00:00Z,29.530000000000005,1765.45
2024-10-09T00:30:00Z,34.95,1913.65
2024-10-09T01:00:00Z,42.29,2309.7
2024-10-09T01:30:00Z,35.86,2113.5
2024-10-09T02:00:00Z,30.98,1812.6
2024-10-09T02:30:00Z,26.75,1987.05
2024-10-09T03:00:00Z,32.86,1898.45
2024-10-09T03:30:00Z,33.56,1790.25
2024-10-09T04:00:00Z,43.63,1825.15
2024-10-09T04:30:00Z,44.88,2062.2
2024-10-09T05:00:00Z,66.6,2462.45
2024-10-09T05:30:00Z,76.78,2823.5
2024-10-09T06:00:00Z,78.11,2624.25
2024-10-09T06:30:00Z,89.32,2423.1
2024-10-09T07:00:00Z,85.03,2243.65
2024-10-09T07:30:00Z,83.28,2183.15
2024-10-09T08:00:00Z,82.47,2221.8
2024-10-09T08:30:00Z,82.5,2312.7
2024-10-09T09:00:00Z,82.34,2542.65
2024-10-09T09:30:00Z,81.23,2250.05
2024-10-09T10:00:00Z,74.03,1726.6
2024-10-09T10:30:00Z,71.44,1809.6
2024-10-09T11:00:00Z,72.72,1810.3
2024-10-09T11:30:00Z,73.24,1860.8
2024-10-09T12:00:00Z,79.03,2326.65
2024-10-09T12:30:00Z,76.31,2399.85
2024-10-09T13:00:00Z,78.8,3017.6
2024-10-09T13:30:00Z,78.76,3049.25
2024-10-09T14:00:00Z,84.92,2556.3
2024-10-09T14:30:00Z,86.86,2384.3
2024-10-09T15:00:00Z,93.63,2026.3
2024-10-09T15:30:00Z,97.12,2607.45
2024-10-09T16:00:00Z,103.11,2525.85
2024-10-09T16:30:00Z,103.36,2799.85
2024-10-09T17:00:00Z,101.2,2789.85
2024-10-09T17:30:00Z,98.5,3006.0
2024-10-09T18:00:00Z,77.36,2534.4
2024-10-09T18:30:00Z,74.94,2355.45
2024-10-09T19:00:00Z,72.66,2651.25
2024-10-09T19:30:00Z,74.51,2982.6
2024-10-09T20:00:00Z,70.09,2194.55
2024-10-09T20:30:00Z,61.63,2180.7
2024-10-09T21:00:00Z,53.6,2696.1
2024-10-09T21:30:00Z,43.98,2801.75
2024-10-09T22:00:00Z,74.08,861.85
2024-10-09T22:30:00Z,66.77,1152.85
2024-10-09T23:00:00Z,47.21,1095.3
2024-10-09T23:30:00Z,47.28,1256.6
2024-10-10T00:00:00Z,40.62,1389.15
2024-10-10T00:30:00Z,44.3,1397.7
2024-10-10T01:00:00Z,31.680000000000003,1504.75
2024-10-10T01:30:00Z,34.31,1376.25
2024-10-10T02:00:00Z,24.82,1392.95
2024-10-10T02:30:00Z,24.96,1454.15
2024-10-10T03:00:00Z,35.98,1714.8
2024-10-10T03:30:00Z,32.92,1506.7
2024-10-10T04:00:00Z,45.43,1333.4
2024-10-10T04:30:00Z,66.58,1399.95
2024-10-10T05:00:00Z,76.91,1708.7
2024-10-10T05:30:00Z,75.55,1678.0
2024-10-10T06:00:00Z,92.05,1367.35
2024-10-10T06:30:00Z,99.71,1608.9
2024-10-10T07:00:00Z,106.36,1437.15
2024-10-10T07:30:00Z,104.08,1885.5
2024-10-10T08:00:00Z,104.99,1712.75
2024-10-10T08:30:00Z,104.84,1531.35
2024-10-10T09:00:00Z,104.4,1684.25
2024-10-10T09:30:00Z,103.73,1814.2
2024-10-10T10:00:00Z,101.13,1602.35
2024-10-10T10:30:00Z,102.91,1765.85
2024-10-10T11:00:00Z,101.36,2157.6
2024-10-10T11:30:00Z,95.3,2335.55
2024-10-10T12:00:00Z,85.57,2775.3
2024-10-10T12:30:00Z,83.36,2869.8
2024-10-10T13:00:00Z,86.19,3649.35
2024-10-10T13:30:00Z,85.25,3904.45
2024-10-10T14:00:00Z,93.61,2669.05
2024-10-10T14:30:00Z,95.13,2842.9
2024-10-10T15:00:00Z,93.35,3434.95
2024-10-10T15:30:00Z,105.72999999999999,2632.25
2024-10-10T16:00:00Z,109.51,2380.7
2024-10-10T16:30:00Z,115.18,2411.2
2024-10-10T17:00:00Z,122.50999999999999,2680.5
2024-10-10T17:30:00Z,121.68,2667.85
2024-10-10T18:00:00Z,113.01,1878.6
2024-10-10T18:30:00Z,102.06,1826.2
2024-10-10T19:00:00Z,95.80000000000001,1598.15
2024-10-10T19:30:00Z,92.43,1957.65
2024-10-10T20:00:00Z,93.04,1992.7
2024-10-10T20:30:00Z,89.29,2284.5
2024-10-10T21:00:00Z,78.26,1793.2
2024-10-10T21:30:00Z,78.34,1806.7
2024-10-10T22:00:00Z,79.96999999999998,1900.3
2024-10-10T22:30:00Z,83.89,1867.4
2024-10-10T23:00:00Z,77.62,1655.1
2024-10-10T23:30:00Z,74.94,1554.3
2024-10-11T00:00:00Z,74.08,1258.95
2024-10-11T00:30:00Z,74.87,1378.9
2024-10-11T01:00:00Z,68.85,1554.8
2024-10-11T01:30:00Z,68.52,1373.1
2024-10-11T02:00:00Z,71.76,1352.55
2024-10-11T02:30:00Z,67.51,1544.5
2024-10-11T03:00:00Z,62.17000000000001,1618.7
2024-10-11T03:30:00Z,50.62,1795.05
2024-10-11T04:00:00Z,72.47,1732.75
2024-10-11T04:30:00Z,51.970000000000006,1687.6
2024-10-11T05:00:00Z,79.76999999999998,1731.15
2024-10-11T05:30:00Z,84.72,1894.8
2024-10-11T06:00:00Z,97.02,2674.4
2024-10-11T06:30:00Z,112.31,2899.65
2024-10-11T07:00:00Z,90.88,2168.4
2024-10-11T07:30:00Z,94.34,2185.15
2024-10-11T08:00:00Z,90.63,2191.35
2024-10-11T08:30:00Z,80.37,2167.8
2024-10-11T09:00:00Z,78.94,2528.95
2024-10-11T09:30:00Z,80.21,2526.35
2024-10-11T10:00:00Z,77.69,2857.9
2024-10-11T10:30:00Z,74.39,2681.95
2024-10-11T11:00:00Z,74.94,2606.35
2024-10-11T11:30:00Z,74.67,3076.05
2024-10-11T12:00:00Z,74.1,3061.0
2024-10-11T12:30:00Z,75.54,3062.0
2024-10-11T13:00:00Z,80.56,3326.15
2024-10-11T13:30:00Z,81.65,3429.75
2024-10-11T14:00:00Z,80.15,2688.85
2024-10-11T14:30:00Z,88.05,2521.25
2024-10-11T15:00:00Z,98.34,2259.9
2024-10-11T15:30:00Z,108.94,2308.6
2024-10-11T16:00:00Z,125.07,2494.8
2024-10-11T16:30:00Z,125.39,2972.35
2024-10-11T17:00:00Z,126.49,2633.5
2024-10-11T17:30:00Z,127.48000000000002,2420.0
2024-10-11T18:00:00Z,114.27,2345.45
2024-10-11T18:30:00Z,106.7,2434.9
2024-10-11T19:00:00Z,94.03,2021.1
2024-10-11T19:30:00Z,84.79,2107.6
2024-10-11T20:00:00Z,85.72,2231.6
2024-10-11T20:30:00Z,88.05,1923.85
2024-10-11T21:00:00Z,85.14,1929.5
2024-10-11T21:30:00Z,81.57,1789.7
2024-10-11T22:00:00Z,75.56,1475.9
2024-10-11T22:30:00Z,78.61,1615.3
2024-10-11T23:00:00Z,82.82,1564.1
2024-10-11T23:30:00Z,82.71,1378.0
2024-10-12T00:00:00Z,81.41,1113.35
2024-10-12T00:30:00Z,81.31,1232.4
2024-10-12T01:00:00Z,82.13,1306.75
2024-10-12T01:30:00Z,78.06,1307.9
2024-10-12T02:00:00Z,71.18,1319.15
2024-10-12T02:30:00Z,66.45,1200.75
2024-10-12T03:00:00Z,66.31,1434.2
2024-10-12T03:30:00Z,62.63,1641.65
2024-10-12T04:00:00Z,60.7,1641.3
2024-10-12T04:30:00Z,57.89,1555.85
2024-10-12T05:00:00Z,58.51,1808.75
2024-10-12T05:30:00Z,62.21,2044.45
2024-10-12T06:00:00Z,71.1,2242.9
2024-10-12T06:30:00Z,79.52,2234.0
2024-10-12T07:00:00Z,81.36,2374.0
2024-10-12T07:30:00Z,89.87,2433.2
2024-10-12T08:00:00Z,92.96,2387.35
2024-10-12T08:30:00Z,93.93,2378.85
2024-10-12T09:00:00Z,97.64,2118.35
2024-10-12T09:30:00Z,96.28,1744.1
2024-10-12T10:00:00Z,94.27,1979.6
2024-10-12T10:30:00Z,92.66,2098.65
2024-10-12T11:00:00Z,90.98,2161.25
2024-10-12T11:30:00Z,87.14,1970.85
2024-10-12T12:00:00Z,85.13,2255.4
2024-10-12T12:30:00Z,81.39,2130.85
2024-10-12T13:00:00Z,80.15,2823.6
2024-10-12T13:30:00Z,78.1,2719.05
2024-10-12T14:00:00Z,81.82,2798.15
2024-10-12T14:30:00Z,78.72,2982.75
2024-10-12T15:00:00Z,79.22,2524.0
2024-10-12T15:30:00Z,86.19,2548.45
2024-10-12T16:00:00Z,86.22,2575.15
2024-10-12T16:30:00Z,89.98,2329.95
2024-10-12T17:00:00Z,92.05,2422.5
2024-10-12T17:30:00Z,91.18,2927.55
2024-10-12T18:00:00Z,77.58,2299.0
2024-10-12T18:30:00Z,68.84,2120.1
2024-10-12T19:00:00Z,52.28,2073.05
2024-10-12T19:30:00Z,31.6,2173.55
2024-10-12T20:00:00Z,23.45,2461.75
2024-10-12T20:30:00Z,8.77,2137.65
2024-10-12T21:00:00Z,11.07,2025.0
2024-10-12T21:30:00Z,3.81,1951.9
2024-10-12T22:00:00Z,25.76,1573.35
2024-10-12T22:30:00Z,4.91,1551.0
2024-10-12T23:00:00Z,1.26,1639.4
2024-10-12T23:30:00Z,8.33,1528.8
2024-10-13T00:00:00Z,4.64,1496.15
2024-10-13T00:30:00Z,7.509999999999999,1625.45
2024-10-13T01:00:00Z,1.59,1640.7
2024-10-13T01:30:00Z,9.18,1974.15
2024-10-13T02:00:00Z,15.73,1770.8
2024-10-13T02:30:00Z,8.09,1934.45
2024-10-13T03:00:00Z,5.570000000000001,1687.1
2024-10-13T03:30:00Z,9.93,1830.7
2024-10-13T04:00:00Z,1.09,1902.8
2024-10-13T04:30:00Z,4.35,1899.05
2024-10-13T05:00:00Z,-4.65,1633.75
2024-10-13T05:30:00Z,17.88,1688.8
2024-10-13T06:00:00Z,41.2,1780.2
2024-10-13T06:30:00Z,49.35,2168.85
2024-10-13T07:00:00Z,80.59,1780.25
2024-10-13T07:30:00Z,92.66,1656.35
2024-10-13T08:00:00Z,94.62,1615.1
2024-10-13T08:30:00Z,92.63,1619.05
2024-10-13T09:00:00Z,99.82,1908.95
2024-10-13T09:30:00Z,102.10000000000001,1452.95
2024-10-13T10:00:00Z,108.45,1930.35
2024-10-13T10:30:00Z,109.81,2155.05
2024-10-13T11:00:00Z,108.74,1950.65
2024-10-13T11:30:00Z,101.45,1955.5
2024-10-13T12:00:00Z,96.31,2533.2
2024-10-13T12:30:00Z,98.01,2483.6
2024-10-13T13:00:00Z,101.15,2323.95
2024-10-13T13:30:00Z,104.83,2213.2
2024-10-13T14:00:00Z,129.21,2480.0
2024-10-13T14:30:00Z,125.2,2671.9
2024-10-13T15:00:00Z,134.5,2961.4
2024-10-13T15:30:00Z,142.4,2724.65
2024-10-13T16:00:00Z,152.29,2398.2
2024-10-13T16:30:00Z,155.78,2455.65
2024-10-13T17:00:00Z,162.26,2680.6
2024-10-13T17:30:00Z,168.52,2759.4
2024-10-13T18:00:00Z,150.78,2692.05
2024-10-13T18:30:00Z,133.07,2673.75
2024-10-13T19:00:00Z,126.59,2539.1
2024-10-13T19:30:00Z,116.03,2148.05
2024-10-13T20:00:00Z,91.46,1954.45
2024-10-13T20:30:00Z,82.33,2420.9
2024-10-13T21:00:00Z,95.33,2116.7
2024-10-13T21:30:00Z,84.27,2024.3
2024-10-13T22:00:00Z,81.37,965.6
2024-10-13T22:30:00Z,73.51,846.0
2024-10-13T23:00:00Z,71.95,1079.95
2024-10-13T23:30:00Z,69.15,1105.55
2024-10-14T00:00:00Z,71.34,1265.2
2024-10-14T00:30:00Z,70.07,1202.45
2024-10-14T01:00:00Z,71.29,1135.4
2024-10-14T01:30:00Z,72.82,1350.9
2024-10-14T02:00:00Z,70.01,1479.9
2024-10-14T02:30:00Z,74.08,1939.7
2024-10-14T03:00:00Z,74.19,1718.8
2024-10-14T03:30:00Z,73.05,2042.1
2024-10-14T04:00:00Z,76.56,1933.2
2024-10-14T04:30:00Z,73.8,2178.05
2024-10-14T05:00:00Z,79.84,2381.7
2024-10-14T05:30:00Z,86.13,2009.7
2024-10-14T06:00:00Z,104.08,1857.05
2024-10-14T06:30:00Z,118.02,1841.5
2024-10-14T07:00:00Z,109.8,1588.05
2024-10-14T07:30:00Z,114.82,1864.2
2024-10-14T08:00:00Z,118.39,2216.45
2024-10-14T08:30:00Z,117.12,2153.7
2024-10-14T09:00:00Z,113.88,1964.15
2024-10-14T09:30:00Z,115.95,2107.95
2024-10-14T10:00:00Z,111.96,1870.85
2024-10-14T10:30:00Z,106.81,2014.05
2024-10-14T11:00:00Z,112.72,2024.5
2024-10-14T11:30:00Z,114.16,2059.55
2024-10-14T12:00:00Z,112.08,2201.4
2024-10-14T12:30:00Z,110.68,2071.55
2024-10-14T13:00:00Z,109.73,2219.35
2024-10-14T13:30:00Z,111.3,2230.15
2024-10-14T14:00:00Z,179.28,2837.55
2024-10-14T14:30:00Z,180.02,2800.25
2024-10-14T15:00:00Z,257.03,2701.2
2024-10-14T15:30:00Z,303.82,3060.4
2024-10-14T16:00:00Z,571.41,3663.35
2024-10-14T16:30:00Z,600.4,3909.5
2024-10-14T17:00:00Z,597.63,3864.55
2024-10-14T17:30:00Z,605.17,3992.3
2024-10-14T18:00:00Z,203.43,2461.25
2024-10-14T18:30:00Z,158.61,2416.7
2024-10-14T19:00:00Z,130.36,2253.95
2024-10-14T19:30:00Z,123.24,2476.2
2024-10-14T20:00:00Z,101.52,2665.05
2024-10-14T20:30:00Z,94.51,2167.25
2024-10-14T21:00:00Z,92.84,2480.8
2024-10-14T21:30:00Z,93.17,2574.65
2024-10-14T22:00:00Z,89.5,864.15
2024-10-14T22:30:00Z,86.62,805.35
2024-10-14T23:00:00Z,79.41,913.15
2024-10-14T23:30:00Z,72.47,896.4
2024-10-15T00:00:00Z,74.51,1142.85
2024-10-15T00:30:00Z,76.37,1197.05
2024-10-15T01:00:00Z,76.86,1370.85
2024-10-15T01:30:00Z,73.58,1317.75
2024-10-15T02:00:00Z,70.85,1605.1
2024-10-15T02:30:00Z,68.1,1807.85
2024-10-15T03:00:00Z,73.33,1861.6
2024-10-15T03:30:00Z,71.68,1658.1
2024-10-15T04:00:00Z,75.5,1396.35
2024-10-15T04:30:00Z,72.3,1856.3
2024-10-15T05:00:00Z,87.91,1311.3
2024-10-15T05:30:00Z,100.4,1524.05
2024-10-15T06:00:00Z,98.71,2613.8
2024-10-15T06:30:00Z,109.17,2751.75
2024-10-15T07:00:00Z,102.49,3343.3
2024-10-15T07:30:00Z,100.4,3586.2
2024-10-15T08:00:00Z,75.81,2234.6
2024-10-15T08:30:00Z,81.15,2581.8
2024-10-15T09:00:00Z,90.8,2667.8
2024-10-15T09:30:00Z,81.73,2417.75
2024-10-15T10:00:00Z,84.54,2054.8
2024-10-15T10:30:00Z,84.7,2022.75
2024-10-15T11:00:00Z,85.97,2009.5
2024-10-15T11:30:00Z,82.31,2178.6
2024-10-15T12:00:00Z,82.37,2138.75
2024-10-15T12:30:00Z,81.95,2207.25
2024-10-15T13:00:00Z,79.54,2361.45
2024-10-15T13:30:00Z,80.01,2676.1
2024-10-15T14:00:00Z,91.36,2105.1
2024-10-15T14:30:00Z,91.06,2038.8
2024-10-15T15:00:00Z,102.45,2501.55
2024-10-15T15:30:00Z,104.8,2286.0
2024-10-15T16:00:00Z,105.52999999999999,2665.1
2024-10-15T16:30:00Z,106.46,2508.3
2024-10-15T17:00:00Z,102.56,2730.0
2024-10-15T17:30:00Z,103.45,2962.05
2024-10-15T18:00:00Z,90.06,2239.75
2024-10-15T18:30:00Z,82.42,1999.05
2024-10-15T19:00:00Z,82.72,2152.1
2024-10-15T19:30:00Z,88.67,2071.15
2024-10-15T20:00:00Z,83.31,1709.85
2024-10-15T20:30:00Z,70.0354663897281,1588.8
2024-10-15T21:00:00Z,69.82,1055.25
2024-10-15T21:30:00Z,54.94169173706985,970.6
2024-10-15T22:00:00Z,47.39,308.05
2024-10-15T22:30:00Z,22.74,289.35
2024-10-15T23:00:00Z,25.21,214.75
2024-10-15T23:30:00Z,64.59,412.4
2024-10-16T00:00:00Z,52.63000000000001,631.35
2024-10-16T00:30:00Z,54.24,816.65
2024-10-16T01:00:00Z,25.82,1476.2
2024-10-16T01:30:00Z,9.37,1450.15
2024-10-16T02:00:00Z,12.11,1348.55
2024-10-16T02:30:00Z,9.33,1485.75
2024-10-16T03:00:00Z,16.65,1330.1
2024-10-16T03:30:00Z,14.480000000000002,1450.85
2024-10-16T04:00:00Z,28.7,1762.2
2024-10-16T04:30:00Z,50.96000000000001,1738.05
2024-10-16T05:00:00Z,29.05,2052.45
2024-10-16T05:30:00Z,69.25,2177.15
2024-10-16T06:00:00Z,75.78,2113.85
2024-10-16T06:30:00Z,86.05,2127.9
2024-10-16T07:00:00Z,85.57,2011.1
2024-10-16T07:30:00Z,85.94,1791.1
2024-10-16T08:00:00Z,89.62,1671.95
2024-10-16T08:30:00Z,88.8,1937.0
2024-10-16T09:00:00Z,91.7,1612.1
2024-10-16T09:30:00Z,91.84,1853.6
2024-10-16T10:00:00Z,94.58,1878.35
2024-10-16T10:30:00Z,95.17,2009.3
2024-10-16T11:00:00Z,97.75,1846.55
2024-10-16T11:30:00Z,100.08,2006.75
2024-10-16T12:00:00Z,102.64,2134.65
2024-10-16T12:30:00Z,100.88,2048.4
2024-10-16T13:00:00Z,100.15,2367.4
2024-10-16T13:30:00Z,98.58,2395.6
2024-10-16T14:00:00Z,89.63,2341.0
2024-10-16T14:30:00Z,91.64,2216.4
2024-10-16T15:00:00Z,90.28,2317.2
2024-10-16T15:30:00Z,92.89,2381.3
2024-10-16T16:00:00Z,96.57,1970.25
2024-10-16T16:30:00Z,97.73,2018.85
2024-10-16T17:00:00Z,104.22,2285.4
2024-10-16T17:30:00Z,103.67,2269.65
2024-10-16T18:00:00Z,92.61,1705.7
2024-10-16T18:30:00Z,88.12,1880.45
2024-10-16T19:00:00Z,91.74,1680.25
2024-10-16T19:30:00Z,86.52000000000001,1816.4
2024-10-16T20:00:00Z,86.24000000000001,1522.3
2024-10-16T20:30:00Z,88.87,1911.35
2024-10-16T21:00:00Z,88.2,1651.15
2024-10-16T21:30:00Z,82.69,1619.0
2024-10-16T22:00:00Z,88.6,967.0
2024-10-16T22:30:00Z,87.98000000000002,899.7
2024-10-16T23:00:00Z,87.94000000000001,761.35
2024-10-16T23:30:00Z,86.97,650.5
2024-10-17T00:00:00Z,92.13,865.0
2024-10-17T00:30:00Z,94.7,1092.95
2024-10-17T01:00:00Z,87.92,1314.75
2024-10-17T01:30:00Z,86.83,1239.8
2024-10-17T02:00:00Z,83.95,1438.0
2024-10-17T02:30:00Z,88.54,1376.05
2024-10-17T03:00:00Z,82.6,1581.8
2024-10-17T03:30:00Z,92.48,1949.2
2024-10-17T04:00:00Z,101.14,2270.55
2024-10-17T04:30:00Z,103.87,2270.35
2024-10-17T05:00:00Z,97.23,2423.9
2024-10-17T05:30:00Z,96.73,2846.3
2024-10-17T06:00:00Z,106.09999999999998,2568.05
2024-10-17T06:30:00Z,114.72,2571.0
2024-10-17T07:00:00Z,111.68999999999998,2685.55
2024-10-17T07:30:00Z,111.07999999999998,2949.05
2024-10-17T08:00:00Z,107.95,2782.55
2024-10-17T08:30:00Z,102.33,2804.65
2024-10-17T09:00:00Z,95.05,2546.05
2024-10-17T09:30:00Z,85.91,2816.65
2024-10-17T10:00:00Z,77.31,2697.3
2024-10-17T10:30:00Z,76.92,2706.45
2024-10-17T11:00:00Z,74.67,2653.7
2024-10-17T11:30:00Z,72.05,2803.8
2024-10-17T12:00:00Z,68.09,2788.05
2024-10-17T12:30:00Z,72.32,2946.4
2024-10-17T13:00:00Z,74.83,3341.95
2024-10-17T13:30:00Z,72.35,3303.0
2024-10-17T14:00:00Z,72.47,2843.2
2024-10-17T14:30:00Z,72.33,2966.2
2024-10-17T15:00:00Z,76.57,2765.1
2024-10-17T15:30:00Z,79.92,2803.4
2024-10-17T16:00:00Z,107.01,3402.25
2024-10-17T16:30:00Z,112.69,3391.45
2024-10-17T17:00:00Z,110.06999999999998,3476.0
2024-10-17T17:30:00Z,114.63,3984.25
2024-10-17T18:00:00Z,95.53,2501.35
2024-10-17T18:30:00Z,88.64,1977.45
2024-10-17T19:00:00Z,87.61,2137.8
2024-10-17T19:30:00Z,86.49,2070.4
2024-10-17T20:00:00Z,81.51,1475.55
2024-10-17T20:30:00Z,82.97,1298.75
2024-10-17T21:00:00Z,80.73,1364.6
2024-10-17T21:30:00Z,78.8,1553.75
2024-10-17T22:00:00Z,84.08,1380.7
2024-10-17T22:30:00Z,87.5,1390.9
2024-10-17T23:00:00Z,87.69,1019.9
2024-10-17T23:30:00Z,83.24000000000001,826.2
2024-10-18T00:00:00Z,80.46,1022.25
2024-10-18T00:30:00Z,78.5,964.25
2024-10-18T01:00:00Z,77.06,924.1
2024-10-18T01:30:00Z,76.86,1034.1
2024-10-18T02:00:00Z,81.2,1182.45
2024-10-18T02:30:00Z,76.38,1339.2
2024-10-18T03:00:00Z,74.49,1068.85
2024-10-18T03:30:00Z,72.39,1207.8
2024-10-18T04:00:00Z,75.92,918.8
2024-10-18T04:30:00Z,72.0,1405.05
2024-10-18T05:00:00Z,75.13,1277.4
2024-10-18T05:30:00Z,81.39,1512.75
2024-10-18T06:00:00Z,84.72,2097.25
2024-10-18T06:30:00Z,89.49,2274.0
2024-10-18T07:00:00Z,87.21,2187.25
2024-10-18T07:30:00Z,86.01,2580.25
2024-10-18T08:00:00Z,74.23,2305.9
2024-10-18T08:30:00Z,69.15,2368.35
2024-10-18T09:00:00Z,78.1,2864.4
2024-10-18T09:30:00Z,69.85,3136.7
2024-10-18T10:00:00Z,74.37,3202.95
2024-10-18T10:30:00Z,74.82,3465.4
2024-10-18T11:00:00Z,69.44,2993.35
2024-10-18T11:30:00Z,72.0,3506.1
2024-10-18T12:00:00Z,72.0,3633.25
2024-10-18T12:30:00Z,71.05,3628.6
2024-10-18T13:00:00Z,71.99,3194.95
2024-10-18T13:30:00Z,68.43,3078.2
2024-10-18T14:00:00Z,73.21,2603.2
2024-10-18T14:30:00Z,75.06,2563.8
2024-10-18T15:00:00Z,77.41,2713.6
2024-10-18T15:30:00Z,78.62,2476.75
2024-10-18T16:00:00Z,85.39,2494.35
2024-10-18T16:30:00Z,90.5,2948.3
2024-10-18T17:00:00Z,95.74,3301.95
2024-10-18T17:30:00Z,95.59,3267.85
2024-10-18T18:00:00Z,78.93,2611.65
2024-10-18T18:30:00Z,78.46,2893.55
2024-10-18T19:00:00Z,72.27,2644.75
2024-10-18T19:30:00Z,77.27,3138.1
2024-10-18T20:00:00Z,79.7,2824.65
2024-10-18T20:30:00Z,76.99,2783.75
2024-10-18T21:00:00Z,77.86,2833.3
2024-10-18T21:30:00Z,80.07,2816.95
2024-10-18T22:00:00Z,89.93,1975.1
2024-10-18T22:30:00Z,88.22,1838.55
2024-10-18T23:00:00Z,85.6,1744.85
2024-10-18T23:30:00Z,74.19,1963.15
2024-10-19T00:00:00Z,67.11,2161.6
2024-10-19T00:30:00Z,75.27,2278.8
2024-10-19T01:00:00Z,60.199999999999996,2344.45
2024-10-19T01:30:00Z,65.7,2632.15
2024-10-19T02:00:00Z,70.33,1579.6
2024-10-19T02:30:00Z,70.71,1662.15
2024-10-19T03:00:00Z,75.36,1790.15
2024-10-19T03:30:00Z,77.05,1772.85
2024-10-19T04:00:00Z,83.09,1781.65
2024-10-19T04:30:00Z,84.95,1637.2
2024-10-19T05:00:00Z,88.43999999999998,1929.5
2024-10-19T05:30:00Z,85.07,2403.05
2024-10-19T06:00:00Z,96.7,2258.65
2024-10-19T06:30:00Z,101.93,2432.75
2024-10-19T07:00:00Z,104.51,2405.7
2024-10-19T07:30:00Z,107.45000000000002,2647.1
2024-10-19T08:00:00Z,109.44,2498.45
2024-10-19T08:30:00Z,112.79,2413.8
2024-10-19T09:00:00Z,111.35,2550.8
2024-10-19T09:30:00Z,106.72,2355.8
2024-10-19T10:00:00Z,93.57,2343.65
2024-10-19T10:30:00Z,86.85,2274.3
2024-10-19T11:00:00Z,80.35,1958.35
2024-10-19T11:30:00Z,75.42,2369.5
2024-10-19T12:00:00Z,77.28,2275.15
2024-10-19T12:30:00Z,76.6,2058.15
2024-10-19T13:00:00Z,73.73,2196.4
2024-10-19T13:30:00Z,74.66,2309.6
2024-10-19T14:00:00Z,76.48,2217.25
2024-10-19T14:30:00Z,77.14,2533.6
2024-10-19T15:00:00Z,81.63,2483.6
2024-10-19T15:30:00Z,101.27,2225.4
2024-10-19T16:00:00Z,114.31000000000002,2470.25
2024-10-19T16:30:00Z,122.93999999999998,2377.95
2024-10-19T17:00:00Z,126.95999999999998,2187.8
2024-10-19T17:30:00Z,128.97,2399.65
2024-10-19T18:00:00Z,131.68,2326.7
2024-10-19T18:30:00Z,121.25,2176.15
2024-10-19T19:00:00Z,113.11,2042.4
2024-10-19T19:30:00Z,99.41,1688.3
2024-10-19T20:00:00Z,91.31,1820.45
2024-10-19T20:30:00Z,93.14,1598.45
2024-10-19T21:00:00Z,97.28,2249.75
2024-10-19T21:30:00Z,83.08,2463.4
2024-10-19T22:00:00Z,75.65,2045.7
2024-10-19T22:30:00Z,72.69,2055.05
2024-10-19T23:00:00Z,71.22,1915.05
2024-10-19T23:30:00Z,74.39,2118.95
2024-10-20T00:00:00Z,79.18,1773.6
2024-10-20T00:30:00Z,73.57999999999998,1835.4
2024-10-20T01:00:00Z,56.68,1626.3
2024-10-20T01:30:00Z,27.84,1965.35
2024-10-20T02:00:00Z,40.76,1877.1
2024-10-20T02:30:00Z,23.96,2197.05
2024-10-20T03:00:00Z,37.76,1719.0
2024-10-20T03:30:00Z,11.05,1806.65
2024-10-20T04:00:00Z,20.63,1361.95
2024-10-20T04:30:00Z,6.43,1653.45
2024-10-20T05:00:00Z,10.46,1443.3
2024-10-20T05:30:00Z,2.42,1770.65
2024-10-20T06:00:00Z,-0.57,1435.1
2024-10-20T06:30:00Z,0.11,1513.45
2024-10-20T07:00:00Z,4.47,1561.6
2024-10-20T07:30:00Z,23.529999999999998,1767.7
2024-10-20T08:00:00Z,5.35,2062.6
2024-10-20T08:30:00Z,15.75,2002.5
2024-10-20T09:00:00Z,4.45,2059.45
2024-10-20T09:30:00Z,9.43,2268.15
2024-10-20T10:00:00Z,-0.31,1425.85
2024-10-20T10:30:00Z,10.75,1586.3
2024-10-20T11:00:00Z,16.03,1849.65
2024-10-20T11:30:00Z,17.28,2044.85
2024-10-20T12:00:00Z,6.45,2041.05
2024-10-20T12:30:00Z,0.29,1930.6
2024-10-20T13:00:00Z,0.64,2328.0
2024-10-20T13:30:00Z,-2.2,2104.65
2024-10-20T14:00:00Z,1.05,2206.95
2024-10-20T14:30:00Z,9.28,2341.35
2024-10-20T15:00:00Z,27.73,2153.15
2024-10-20T15:30:00Z,35.73,2158.3
2024-10-20T16:00:00Z,26.47,2052.55
2024-10-20T16:30:00Z,46.19,2407.55
2024-10-20T17:00:00Z,41.49,2185.85
2024-10-20T17:30:00Z,55.88,2313.8
2024-10-20T18:00:00Z,42.11,2173.6
2024-10-20T18:30:00Z,23.8,1964.9
2024-10-20T19:00:00Z,20.07,1875.0
2024-10-20T19:30:00Z,2.81,1977.3
2024-10-20T20:00:00Z,12.79,1974.55
2024-10-20T20:30:00Z,-5.1,2086.35
2024-10-20T21:00:00Z,2.7099999999999995,1830.75
2024-10-20T21:30:00Z,-9.74,2016.45
2024-10-20T22:00:00Z,5.26,1717.05
2024-10-20T22:30:00Z,-6.69,1755.0
2024-10-20T23:00:00Z,4.56,1945.95
2024-10-20T23:30:00Z,5.2,2117.75
2024-10-21T00:00:00Z,-1.88,1958.05
2024-10-21T00:30:00Z,-3.68,1872.5
2024-10-21T01:00:00Z,-3.67,1822.5
2024-10-21T01:30:00Z,-4.19,1743.75
2024-10-21T02:00:00Z,-4.39,1313.05
2024-10-21T02:30:00Z,-5.02,1327.25
2024-10-21T03:00:00Z,-6.88,1285.7
2024-10-21T03:30:00Z,-4.87,1258.3
2024-10-21T04:00:00Z,-8.47,1520.9
2024-10-21T04:30:00Z,-2.9800000000000004,1553.15
2024-10-21T05:00:00Z,7.0200000000000005,1477.35
2024-10-21T05:30:00Z,47.38,1870.45
2024-10-21T06:00:00Z,75.72,2120.5
2024-10-21T06:30:00Z,92.28,2107.05
2024-10-21T07:00:00Z,85.61,2267.6
2024-10-21T07:30:00Z,91.66,2336.4
2024-10-21T08:00:00Z,77.28,1992.7
2024-10-21T08:30:00Z,77.88,2210.0
2024-10-21T09:00:00Z,78.28,2407.8
2024-10-21T09:30:00Z,77.33,2376.45
2024-10-21T10:00:00Z,72.07,1948.55
2024-10-21T10:30:00Z,71.42,1817.7
2024-10-21T11:00:00Z,78.63,1755.75
2024-10-21T11:30:00Z,74.49,2003.55
2024-10-21T12:00:00Z,75.36,2211.6
2024-10-21T12:30:00Z,73.22,2041.3
2024-10-21T13:00:00Z,73.57,2082.4
2024-10-21T13:30:00Z,75.07,2219.4
2024-10-21T14:00:00Z,87.16,2178.25
2024-10-21T14:30:00Z,83.34,2396.35
2024-10-21T15:00:00Z,86.21,2490.3
2024-10-21T15:30:00Z,92.04,2668.2
2024-10-21T16:00:00Z,117.79,2331.15
2024-10-21T16:30:00Z,120.73999999999998,2297.5
2024-10-21T17:00:00Z,125.19,3056.7
2024-10-21T17:30:00Z,125.88,3098.55
2024-10-21T18:00:00Z,93.48,2078.8
2024-10-21T18:30:00Z,88.35,2020.75
2024-10-21T19:00:00Z,85.79999999999998,1670.25
2024-10-21T19:30:00Z,71.47,2221.8
2024-10-21T20:00:00Z,87.87,2156.5
2024-10-21T20:30:00Z,86.7,2183.15
2024-10-21T21:00:00Z,71.16,1754.15
2024-10-21T21:30:00Z,80.53,2217.8
2024-10-21T22:00:00Z,75.33,1625.35
2024-10-21T22:30:00Z,70.75,1440.45
2024-10-21T23:00:00Z,65.55,1615.75
2024-10-21T23:30:00Z,53.52000000000001,1553.3
2024-10-22T00:00:00Z,57.48,1793.25
2024-10-22T00:30:00Z,57.25,1964.8
2024-10-22T01:00:00Z,57.94,2037.75
2024-10-22T01:30:00Z,66.13,2007.25
2024-10-22T02:00:00Z,55.66,1709.45
2024-10-22T02:30:00Z,48.02,1723.8
2024-10-22T03:00:00Z,56.17,1961.6
2024-10-22T03:30:00Z,59.11,2063.3
2024-10-22T04:00:00Z,63.0,2352.6
2024-10-22T04:30:00Z,52.0,2420.95
2024-10-22T05:00:00Z,69.93,2753.8
2024-10-22T05:30:00Z,80.74,2577.65
2024-10-22T06:00:00Z,88.42,2699.55
2024-10-22T06:30:00Z,101.97000000000001,2818.3
2024-10-22T07:00:00Z,78.95,1951.5
2024-10-22T07:30:00Z,84.71,2222.25
2024-10-22T08:00:00Z,84.48,2226.55
2024-10-22T08:30:00Z,78.14,1890.9
2024-10-22T09:00:00Z,72.76,2198.3
2024-10-22T09:30:00Z,78.56,2884.1
2024-10-22T10:00:00Z,73.43,2424.15
2024-10-22T10:30:00Z,71.67,2207.55
2024-10-22T11:00:00Z,73.11,2206.3
2024-10-22T11:30:00Z,71.66,2221.95
2024-10-22T12:00:00Z,72.2,2579.8
2024-10-22T12:30:00Z,72.61,2397.1
2024-10-22T13:00:00Z,73.37,2815.9
2024-10-22T13:30:00Z,72.51,2678.1
2024-10-22T14:00:00Z,79.66,3147.1
2024-10-22T14:30:00Z,79.26,2840.35
2024-10-22T15:00:00Z,82.53,2767.35
2024-10-22T15:30:00Z,85.22,3041.5
2024-10-22T16:00:00Z,93.48,3324.05
2024-10-22T16:30:00Z,97.31,3255.05
2024-10-22T17:00:00Z,106.56,3627.95
2024-10-22T17:30:00Z,114.05,2972.3
2024-10-22T18:00:00Z,110.24,1949.0
2024-10-22T18:30:00Z,102.4,2038.1
2024-10-22T19:00:00Z,101.26,1614.0
2024-10-22T19:30:00Z,91.19,1855.9
2024-10-22T20:00:00Z,80.62,1598.4
2024-10-22T20:30:00Z,88.18,1357.2
2024-10-22T21:00:00Z,88.35,1440.6
2024-10-22T21:30:00Z,83.13,1439.1
2024-10-22T22:00:00Z,78.66,885.3
2024-10-22T22:30:00Z,83.51,858.5
2024-10-22T23:00:00Z,86.31,897.1
2024-10-22T23:30:00Z,83.92,945.9
2024-10-23T00:00:00Z,79.86,925.6
2024-10-23T00:30:00Z,82.76,986.75
2024-10-23T01:00:00Z,82.82,1083.8
2024-10-23T01:30:00Z,82.95,1252.3
2024-10-23T02:00:00Z,85.7,1174.3
2024-10-23T02:30:00Z,82.87,1465.25
2024-10-23T03:00:00Z,86.49,1321.75
2024-10-23T03:30:00Z,83.26,1356.3
2024-10-23T04:00:00Z,89.63000000000001,1489.3
2024-10-23T04:30:00Z,69.82,1784.25
2024-10-23T05:00:00Z,98.97,1572.05
2024-10-23T05:30:00Z,111.01999999999998,1541.6
2024-10-23T06:00:00Z,121.58999999999999,2216.6
2024-10-23T06:30:00Z,130.59,2249.95
2024-10-23T07:00:00Z,105.89,1932.15
2024-10-23T07:30:00Z,103.82,1933.1
2024-10-23T08:00:00Z,100.51,2377.5
2024-10-23T08:30:00Z,99.63,2313.6
2024-10-23T09:00:00Z,94.14,2230.25
2024-10-23T09:30:00Z,89.71,2597.9
2024-10-23T10:00:00Z,80.76,2218.05
2024-10-23T10:30:00Z,80.16,2152.7
2024-10-23T11:00:00Z,83.73,2347.55
2024-10-23T11:30:00Z,79.29,2223.15
2024-10-23T12:00:00Z,77.37,2250.85
2024-10-23T12:30:00Z,75.85,2052.45
2024-10-23T13:00:00Z,75.71,2029.7
2024-10-23T13:30:00Z,75.55,2524.1
2024-10-23T14:00:00Z,84.85,2156.55
2024-10-23T14:30:00Z,85.17,2375.8
2024-10-23T15:00:00Z,93.43999999999998,2824.45
2024-10-23T15:30:00Z,103.89,2506.7
2024-10-23T16:00:00Z,116.04000000000002,2477.7
2024-10-23T16:30:00Z,115.89,2818.05
2024-10-23T17:00:00Z,118.35,3960.5
2024-10-23T17:30:00Z,116.69,4512.9
2024-10-23T18:00:00Z,95.11,2838.4
2024-10-23T18:30:00Z,85.82,2411.3
2024-10-23T19:00:00Z,89.08,2026.8
2024-10-23T19:30:00Z,84.39,2118.65
2024-10-23T20:00:00Z,75.94,1712.65
2024-10-23T20:30:00Z,69.55,2074.45
2024-10-23T21:00:00Z,72.73,2125.55
2024-10-23T21:30:00Z,67.04,2600.2
2024-10-23T22:00:00Z,62.02,1638.9
2024-10-23T22:30:00Z,60.82,1753.55
2024-10-23T23:00:00Z,75.35,2083.95
2024-10-23T23:30:00Z,73.19,2062.65
2024-10-24T00:00:00Z,62.38,1581.7
2024-10-24T00:30:00Z,56.42,1783.1
2024-10-24T01:00:00Z,58.99,1994.15
2024-10-24T01:30:00Z,49.73,2325.05
2024-10-24T02:00:00Z,36.51,1764.15
2024-10-24T02:30:00Z,33.2,1637.2
2024-10-24T03:00:00Z,41.78000000000001,1629.2
2024-10-24T03:30:00Z,47.31,1685.5
2024-10-24T04:00:00Z,46.46,1831.25
2024-10-24T04:30:00Z,60.22,1707.6
2024-10-24T05:00:00Z,77.37000000000002,1920.35
2024-10-24T05:30:00Z,84.62,1887.7
2024-10-24T06:00:00Z,106.94,1871.2
2024-10-24T06:30:00Z,117.14,1768.05
2024-10-24T07:00:00Z,103.19000000000001,1767.6
2024-10-24T07:30:00Z,107.12,2041.35
2024-10-24T08:00:00Z,105.15,2278.7
2024-10-24T08:30:00Z,100.0,2096.4
2024-10-24T09:00:00Z,93.91,2247.05
2024-10-24T09:30:00Z,87.39,2231.9
2024-10-24T10:00:00Z,83.11,2415.25
2024-10-24T10:30:00Z,83.14,2378.7
2024-10-24T11:00:00Z,85.5,2388.25
2024-10-24T11:30:00Z,82.89,2546.85
2024-10-24T12:00:00Z,79.08,2479.15
2024-10-24T12:30:00Z,76.76,2717.4
2024-10-24T13:00:00Z,86.88,2581.65
2024-10-24T13:30:00Z,87.25,2668.05
2024-10-24T14:00:00Z,103.62,1651.05
2024-10-24T14:30:00Z,106.51,1592.35
2024-10-24T15:00:00Z,108.15,1952.3
2024-10-24T15:30:00Z,116.12,1864.3
2024-10-24T16:00:00Z,118.47,1716.1
2024-10-24T16:30:00Z,122.32,1892.2
2024-10-24T17:00:00Z,113.94,2331.05
2024-10-24T17:30:00Z,114.11999999999999,2568.95
2024-10-24T18:00:00Z,109.63,2074.0
2024-10-24T18:30:00Z,104.14,2051.3
2024-10-24T19:00:00Z,98.11,2027.75
2024-10-24T19:30:00Z,93.69,2079.35
2024-10-24T20:00:00Z,89.53,2163.1
2024-10-24T20:30:00Z,88.63,2041.6
2024-10-24T21:00:00Z,85.92,1701.65
2024-10-24T21:30:00Z,82.82,2035.95
2024-10-24T22:00:00Z,74.88,1105.25
2024-10-24T22:30:00Z,76.94,1056.55
2024-10-24T23:00:00Z,77.11,1203.05
2024-10-24T23:30:00Z,77.89,1110.9
2024-10-25T00:00:00Z,79.15,1360.25
2024-10-25T00:30:00Z,84.32,1455.1
2024-10-25T01:00:00Z,85.45,1262.65
2024-10-25T01:30:00Z,84.56,1085.1
2024-10-25T02:00:00Z,81.0,960.1
2024-10-25T02:30:00Z,81.0,967.95
2024-10-25T03:00:00Z,81.37,1224.85
2024-10-25T03:30:00Z,79.53,1242.35
2024-10-25T04:00:00Z,100.20999999999998,1397.5
2024-10-25T04:30:00Z,92.54,1787.3
2024-10-25T05:00:00Z,102.67,1791.85
2024-10-25T05:30:00Z,104.76,1641.0
2024-10-25T06:00:00Z,119.6,2081.3
2024-10-25T06:30:00Z,123.98,2296.45
2024-10-25T07:00:00Z,114.16,1724.7
2024-10-25T07:30:00Z,111.8,2120.0
2024-10-25T08:00:00Z,110.66,1776.2
2024-10-25T08:30:00Z,108.73,1774.6
2024-10-25T09:00:00Z,106.99,1811.8
2024-10-25T09:30:00Z,103.05,1820.45
2024-10-25T10:00:00Z,92.96,1934.75
2024-10-25T10:30:00Z,89.69,1856.0
2024-10-25T11:00:00Z,85.37,2089.65
2024-10-25T11:30:00Z,82.26,2406.65
2024-10-25T12:00:00Z,84.39,2279.2
2024-10-25T12:30:00Z,85.36,2295.1
2024-10-25T13:00:00Z,85.31,2351.1
2024-10-25T13:30:00Z,83.8,2339.0
2024-10-25T14:00:00Z,97.02,2357.85
2024-10-25T14:30:00Z,102.45,2523.6
2024-10-25T15:00:00Z,110.7,2691.95
2024-10-25T15:30:00Z,119.76,2560.15
2024-10-25T16:00:00Z,140.03,3490.6
2024-10-25T16:30:00Z,145.84,4034.45
2024-10-25T17:00:00Z,136.58,3292.35
2024-10-25T17:30:00Z,135.54,3227.7
2024-10-25T18:00:00Z,126.29999999999998,2458.55
2024-10-25T18:30:00Z,112.17,2211.75
2024-10-25T19:00:00Z,102.93,1792.5
2024-10-25T19:30:00Z,99.81,1717.85
2024-10-25T20:00:00Z,99.47,2160.55
2024-10-25T20:30:00Z,97.96000000000001,1620.65
2024-10-25T21:00:00Z,94.28,1585.7
2024-10-25T21:30:00Z,93.21,1868.3
2024-10-25T22:00:00Z,93.17,1091.25
2024-10-25T22:30:00Z,93.82,1080.65
2024-10-25T23:00:00Z,92.4,1196.55
2024-10-25T23:30:00Z,89.9,1109.45
2024-10-26T00:00:00Z,83.19,1104.9
2024-10-26T00:30:00Z,88.36000000000001,783.55
2024-10-26T01:00:00Z,88.68,996.8
2024-10-26T01:30:00Z,81.27,1136.75
2024-10-26T02:00:00Z,83.04,1171.4
2024-10-26T02:30:00Z,80.63,1139.95
2024-10-26T03:00:00Z,83.7,1131.2
2024-10-26T03:30:00Z,85.29,1688.05
2024-10-26T04:00:00Z,95.88,1681.25
2024-10-26T04:30:00Z,95.82,1765.1
2024-10-26T05:00:00Z,81.58000000000001,1626.65
2024-10-26T05:30:00Z,89.09,1766.9
2024-10-26T06:00:00Z,82.22,1500.5
2024-10-26T06:30:00Z,99.19,1577.55
2024-10-26T07:00:00Z,90.24,1296.9
2024-10-26T07:30:00Z,98.51,1368.85
2024-10-26T08:00:00Z,93.52,1447.15
2024-10-26T08:30:00Z,88.67000000000002,1581.6
2024-10-26T09:00:00Z,91.36,1325.4
2024-10-26T09:30:00Z,93.09,1295.2
2024-10-26T10:00:00Z,77.98,1620.4
2024-10-26T10:30:00Z,79.09,1939.35
2024-10-26T11:00:00Z,71.73,1753.8
2024-10-26T11:30:00Z,67.05,1894.15
2024-10-26T12:00:00Z,70.04,2249.4
2024-10-26T12:30:00Z,71.78,1998.15
2024-10-26T13:00:00Z,76.15,2296.2
2024-10-26T13:30:00Z,76.55,2474.9
2024-10-26T14:00:00Z,85.1,1922.3
2024-10-26T14:30:00Z,83.19,2037.85
2024-10-26T15:00:00Z,89.96999999999998,1577.3
2024-10-26T15:30:00Z,108.14,2445.6
2024-10-26T16:00:00Z,117.89,2148.6
2024-10-26T16:30:00Z,123.38,2162.3
2024-10-26T17:00:00Z,119.47,2069.15
2024-10-26T17:30:00Z,119.24,2061.75
2024-10-26T18:00:00Z,114.02,1666.05
2024-10-26T18:30:00Z,105.34,1608.9
2024-10-26T19:00:00Z,104.01,1516.65
2024-10-26T19:30:00Z,100.42,1664.9
2024-10-26T20:00:00Z,102.24,1893.75
2024-10-26T20:30:00Z,100.35000000000001,1513.5
2024-10-26T21:00:00Z,98.61,1392.25
2024-10-26T21:30:00Z,90.03000000000002,1864.7
2024-10-26T22:00:00Z,78.53,1340.9
2024-10-26T22:30:00Z,89.58,1552.4
2024-10-26T23:00:00Z,81.11,1272.75
2024-10-26T23:30:00Z,70.14,1395.3
2024-10-27T00:00:00Z,63.58,964.65
2024-10-27T00:30:00Z,58.65,991.25
2024-10-27T01:00:00Z,56.45,1045.0
2024-10-27T01:30:00Z,52.849999999999994,936.15
2024-10-27T02:00:00Z,51.11,777.55
2024-10-27T02:30:00Z,54.12,635.95
2024-10-27T03:00:00Z,49.870000000000005,359.3
2024-10-27T03:30:00Z,50.09,247.4
2024-10-27T04:00:00Z,55.94,213.0
2024-10-27T04:30:00Z,56.730000000000004,158.2
2024-10-27T05:00:00Z,65.93507357268982,84.95
2024-10-27T05:30:00Z,80.19134328358209,50.25
2024-10-27T06:00:00Z,77.79792761013765,1304.05
2024-10-27T06:30:00Z,75.63621191504467,1690.3
2024-10-27T07:00:00Z,80.66,1622.4
2024-10-27T07:30:00Z,87.91000000000001,1571.6
2024-10-27T08:00:00Z,100.82,980.3
2024-10-27T08:30:00Z,106.85,1082.9
2024-10-27T09:00:00Z,104.34,1424.15
2024-10-27T09:30:00Z,100.24,1422.45
2024-10-27T10:00:00Z,89.19,1476.2
2024-10-27T10:30:00Z,81.21,1529.3
2024-10-27T11:00:00Z,70.99,2183.15
2024-10-27T11:30:00Z,60.23,2233.8
2024-10-27T12:00:00Z,56.61,2085.5
2024-10-27T12:30:00Z,48.41,2604.75
2024-10-27T13:00:00Z,66.66,3237.7
2024-10-27T13:30:00Z,61.54999999999999,2860.15
2024-10-27T14:00:00Z,68.38,3088.9
2024-10-27T14:30:00Z,67.98,3279.85
2024-10-27T15:00:00Z,69.71,3274.8
2024-10-27T15:30:00Z,76.12,2780.45
2024-10-27T16:00:00Z,94.57000000000001,2965.35
2024-10-27T16:30:00Z,108.71,2465.8
2024-10-27T17:00:00Z,118.85,1975.2
2024-10-27T17:30:00Z,112.9,2047.75
2024-10-27T18:00:00Z,113.61,1962.1
2024-10-27T18:30:00Z,96.27,1806.35
2024-10-27T19:00:00Z,94.43,2010.75
2024-10-27T19:30:00Z,91.56,2239.4
2024-10-27T20:00:00Z,83.43,2284.7
2024-10-27T20:30:00Z,95.65,32.05
2024-10-27T21:00:00Z,96.55,190.25
2024-10-27T21:30:00Z,86.88000000000001,397.35
2024-10-27T22:00:00Z,84.28,524.9
2024-10-27T22:30:00Z,70.73000000000002,989.7
2024-10-27T23:00:00Z,43.22,947.2
2024-10-27T23:30:00Z,39.46,1428.55
2024-10-28T00:00:00Z,32.73,1459.95
2024-10-28T00:30:00Z,37.59,1450.65
2024-10-28T01:00:00Z,29.22,1155.65
2024-10-28T01:30:00Z,23.59,1345.8
2024-10-28T02:00:00Z,22.04,1201.9
2024-10-28T02:30:00Z,19.71,1124.45
2024-10-28T03:00:00Z,19.06,1142.95
2024-10-28T03:30:00Z,15.699999999999998,1078.55
2024-10-28T04:00:00Z,16.55,1183.55
2024-10-28T04:30:00Z,19.62,1063.75
2024-10-28T05:00:00Z,22.51,1352.1
2024-10-28T05:30:00Z,25.21,1543.4
2024-10-28T06:00:00Z,47.19,2000.8
2024-10-28T06:30:00Z,68.21,2362.4
2024-10-28T07:00:00Z,69.42,3662.8
2024-10-28T07:30:00Z,77.06,3917.55
2024-10-28T08:00:00Z,74.16,3090.1
2024-10-28T08:30:00Z,81.08,3048.3
2024-10-28T09:00:00Z,85.04999999999998,3486.75
2024-10-28T09:30:00Z,86.61,3622.5
2024-10-28T10:00:00Z,84.29,3128.65
2024-10-28T10:30:00Z,82.05,2961.6
2024-10-28T11:00:00Z,79.96,2446.95
2024-10-28T11:30:00Z,82.47,2797.6
2024-10-28T12:00:00Z,85.52,2240.3
2024-10-28T12:30:00Z,97.22,2884.85
2024-10-28T13:00:00Z,92.87,3421.45
2024-10-28T13:30:00Z,86.81999999999998,3802.8
2024-10-28T14:00:00Z,91.78,4017.7
2024-10-28T14:30:00Z,89.92,4267.55
2024-10-28T15:00:00Z,103.45,3036.3
2024-10-28T15:30:00Z,109.61,3200.95
2024-10-28T16:00:00Z,108.26,3234.7
2024-10-28T16:30:00Z,107.44000000000001,3401.4
2024-10-28T17:00:00Z,103.59,3253.2
2024-10-28T17:30:00Z,109.0,3648.8
2024-10-28T18:00:00Z,115.06,3602.55
2024-10-28T18:30:00Z,110.31,3839.7
2024-10-28T19:00:00Z,103.69,2642.65
2024-10-28T19:30:00Z,93.6,2294.9
2024-10-28T20:00:00Z,92.81,2289.05
2024-10-28T20:30:00Z,89.2,2408.9
2024-10-28T21:00:00Z,93.34,2120.75
2024-10-28T21:30:00Z,90.75,2179.45
2024-10-28T22:00:00Z,83.84,2393.0
2024-10-28T22:30:00Z,83.79,2332.3
2024-10-28T23:00:00Z,95.38,924.85
2024-10-28T23:30:00Z,96.89,1129.55
2024-10-29T00:00:00Z,96.2,854.65
2024-10-29T00:30:00Z,104.2,1137.1
2024-10-29T01:00:00Z,96.46,1045.2
2024-10-29T01:30:00Z,95.69,1343.65
2024-10-29T02:00:00Z,92.06,1107.4
2024-10-29T02:30:00Z,87.69,1239.4
2024-10-29T03:00:00Z,95.06,929.25
2024-10-29T03:30:00Z,88.53,1169.35
2024-10-29T04:00:00Z,93.28,1063.6
2024-10-29T04:30:00Z,87.23,1400.55
2024-10-29T05:00:00Z,98.14,1494.45
2024-10-29T05:30:00Z,82.82,1871.85
2024-10-29T06:00:00Z,83.26,1815.75
2024-10-29T06:30:00Z,79.3,2178.5
2024-10-29T07:00:00Z,75.22,1616.5
2024-10-29T07:30:00Z,87.94,1974.0
2024-10-29T08:00:00Z,85.14,1737.35
2024-10-29T08:30:00Z,89.41,1725.75
2024-10-29T09:00:00Z,84.94,1767.8
2024-10-29T09:30:00Z,82.33,2017.45
2024-10-29T10:00:00Z,80.6,2045.55
2024-10-29T10:30:00Z,78.92,2412.3
2024-10-29T11:00:00Z,77.72,2607.75
2024-10-29T11:30:00Z,80.48,2211.25
2024-10-29T12:00:00Z,82.46,1988.0
2024-10-29T12:30:00Z,80.86,2342.95
2024-10-29T13:00:00Z,91.72,2248.5
2024-10-29T13:30:00Z,94.1,2305.65
2024-10-29T14:00:00Z,101.12000000000002,2705.2
2024-10-29T14:30:00Z,99.91,3021.9
2024-10-29T15:00:00Z,107.11,2576.0
2024-10-29T15:30:00Z,111.85999999999999,2835.2
2024-10-29T16:00:00Z,113.04,3405.7
2024-10-29T16:30:00Z,125.46,3688.45
2024-10-29T17:00:00Z,126.37,3788.4
2024-10-29T17:30:00Z,134.75,4030.55
2024-10-29T18:00:00Z,123.49,3716.4
2024-10-29T18:30:00Z,123.27,3823.7
2024-10-29T19:00:00Z,105.59,2366.4
2024-10-29T19:30:00Z,95.4,1953.75
2024-10-29T20:00:00Z,96.29,2130.6
2024-10-29T20:30:00Z,89.24,1732.05
2024-10-29T21:00:00Z,90.23,1369.65
2024-10-29T21:30:00Z,90.74000000000001,1644.8
2024-10-29T22:00:00Z,91.3,1523.6
2024-10-29T22:30:00Z,92.52,1850.05
2024-10-29T23:00:00Z,85.03,1050.35
2024-10-29T23:30:00Z,94.27,1142.5
2024-10-30T00:00:00Z,91.62,817.3
2024-10-30T00:30:00Z,84.66,1108.25
2024-10-30T01:00:00Z,86.26,895.4
2024-10-30T01:30:00Z,81.8,931.8
2024-10-30T02:00:00Z,80.43,912.3
2024-10-30T02:30:00Z,80.39,990.85
2024-10-30T03:00:00Z,79.62,1196.2
2024-10-30T03:30:00Z,78.99,1025.0
2024-10-30T04:00:00Z,80.85,1104.1
2024-10-30T04:30:00Z,80.72,1221.35
2024-10-30T05:00:00Z,85.39,1190.1
2024-10-30T05:30:00Z,82.78,1552.15
2024-10-30T06:00:00Z,86.32,1399.4
2024-10-30T06:30:00Z,86.84,1384.1
2024-10-30T07:00:00Z,83.95,1738.45
2024-10-30T07:30:00Z,96.6,1724.5
2024-10-30T08:00:00Z,96.99,1549.1
2024-10-30T08:30:00Z,103.44,1821.4
2024-10-30T09:00:00Z,103.94,2123.1
2024-10-30T09:30:00Z,104.27,2560.7
2024-10-30T10:00:00Z,100.25,2148.0
2024-10-30T10:30:00Z,101.56,2498.15
2024-10-30T11:00:00Z,105.8,2749.0
2024-10-30T11:30:00Z,104.75000000000001,2512.8
2024-10-30T12:00:00Z,101.62,2951.1
2024-10-30T12:30:00Z,105.95000000000002,2913.4
2024-10-30T13:00:00Z,109.71000000000001,2589.2
2024-10-30T13:30:00Z,105.0,3302.1
2024-10-30T14:00:00Z,99.34,3317.15
2024-10-30T14:30:00Z,101.90000000000002,3431.15
2024-10-30T15:00:00Z,121.56000000000002,2669.05
2024-10-30T15:30:00Z,115.69,2932.05
2024-10-30T16:00:00Z,105.84,3046.55
2024-10-30T16:30:00Z,124.58,2806.15
2024-10-30T17:00:00Z,114.92,3385.2
2024-10-30T17:30:00Z,111.55,3527.55
2024-10-30T18:00:00Z,114.58,4116.25
2024-10-30T18:30:00Z,115.33,3500.1
2024-10-30T19:00:00Z,98.89,3255.9
2024-10-30T19:30:00Z,93.91,2790.45
2024-10-30T20:00:00Z,93.89,2750.25
2024-10-30T20:30:00Z,93.93,2739.55
2024-10-30T21:00:00Z,91.02,1771.85
2024-10-30T21:30:00Z,84.91,2018.9
2024-10-30T22:00:00Z,87.39,1976.25
2024-10-30T22:30:00Z,88.49,1904.65
2024-10-30T23:00:00Z,75.49,1810.55
2024-10-30T23:30:00Z,74.31,1670.05
2024-10-31T00:00:00Z,70.66,1331.6
2024-10-31T00:30:00Z,67.07,1638.45
2024-10-31T01:00:00Z,66.96,1877.6
2024-10-31T01:30:00Z,59.05,2333.5
2024-10-31T02:00:00Z,66.62,2227.25
2024-10-31T02:30:00Z,60.36,2374.65
2024-10-31T03:00:00Z,67.6,2226.7
2024-10-31T03:30:00Z,64.32,2238.6
2024-10-31T04:00:00Z,59.22,2225.3
2024-10-31T04:30:00Z,58.73,2081.25
2024-10-31T05:00:00Z,64.52,2068.95
2024-10-31T05:30:00Z,61.34,1964.65
2024-10-31T06:00:00Z,70.14,2055.0
2024-10-31T06:30:00Z,82.46,2226.7
2024-10-31T07:00:00Z,78.9,1601.05
2024-10-31T07:30:00Z,94.61,2033.4
2024-10-31T08:00:00Z,91.98,1763.1
2024-10-31T08:30:00Z,96.37,2017.7
2024-10-31T09:00:00Z,100.32,2365.05
2024-10-31T09:30:00Z,97.19,2453.05
2024-10-31T10:00:00Z,96.32,2315.65
2024-10-31T10:30:00Z,91.81,2449.05
2024-10-31T11:00:00Z,87.5,2037.8
2024-10-31T11:30:00Z,86.39,2149.55
2024-10-31T12:00:00Z,80.36,1978.55
2024-10-31T12:30:00Z,82.78,2125.9
2024-10-31T13:00:00Z,84.51,1956.6
2024-10-31T13:30:00Z,82.47,1949.9
2024-10-31T14:00:00Z,87.33,2080.75
2024-10-31T14:30:00Z,83.39,2286.45
2024-10-31T15:00:00Z,101.45,2493.35
2024-10-31T15:30:00Z,107.6,2148.3
2024-10-31T16:00:00Z,99.74999999999999,2686.7
2024-10-31T16:30:00Z,102.49,2580.35
2024-10-31T17:00:00Z,111.12,2514.35
2024-10-31T17:30:00Z,111.48000000000002,2419.85
2024-10-31T18:00:00Z,108.57,2891.2
2024-10-31T18:30:00Z,103.1,2832.15
2024-10-31T19:00:00Z,95.94,2086.6
2024-10-31T19:30:00Z,89.85,1908.2
2024-10-31T20:00:00Z,90.87,1666.2
2024-10-31T20:30:00Z,93.95,1945.5
2024-10-31T21:00:00Z,92.95,2279.55
2024-10-31T21:30:00Z,90.5,2034.15
2024-10-31T22:00:00Z,92.7,2137.15
2024-10-31T22:30:00Z,92.44,1812.4
2024-10-31T23:00:00Z,92.42,1642.55
2024-10-31T23:30:00Z,93.59,1849.8
2024-11-01T00:00:00Z,91.24,1759.4
2024-11-01T00:30:00Z,94.04,1654.35
2024-11-01T01:00:00Z,83.53,1610.75
2024-11-01T01:30:00Z,75.91,1496.3
2024-11-01T02:00:00Z,74.51,1557.25
2024-11-01T02:30:00Z,75.34,1866.85
2024-11-01T03:00:00Z,71.04,1680.25
2024-11-01T03:30:00Z,71.33,1603.25
2024-11-01T04:00:00Z,71.63,1499.85
2024-11-01T04:30:00Z,68.04,1631.0
2024-11-01T05:00:00Z,69.75,1839.6
2024-11-01T05:30:00Z,76.40000000000002,1847.7
2024-11-01T06:00:00Z,92.84,2819.95
2024-11-01T06:30:00Z,87.91,2746.95
2024-11-01T07:00:00Z,78.79,2928.1
2024-11-01T07:30:00Z,82.15,2731.0
2024-11-01T08:00:00Z,84.22,2436.2
2024-11-01T08:30:00Z,86.19,2006.85
2024-11-01T09:00:00Z,91.46,2652.15
2024-11-01T09:30:00Z,96.48,2827.5
2024-11-01T10:00:00Z,99.49,2996.15
2024-11-01T10:30:00Z,100.38,3137.0
2024-11-01T11:00:00Z,102.02,2113.5
2024-11-01T11:30:00Z,103.78,2442.15
2024-11-01T12:00:00Z,103.6,2884.25
2024-11-01T12:30:00Z,102.63999999999999,2842.4
2024-11-01T13:00:00Z,100.21,2690.65
2024-11-01T13:30:00Z,93.47,3156.0
2024-11-01T14:00:00Z,89.98,3427.05
2024-11-01T14:30:00Z,93.42000000000002,3462.3
2024-11-01T15:00:00Z,101.44,2389.4
2024-11-01T15:30:00Z,106.85,2219.1
2024-11-01T16:00:00Z,105.13,2197.25
2024-11-01T16:30:00Z,107.92,2621.6
2024-11-01T17:00:00Z,108.23,2300.25
2024-11-01T17:30:00Z,108.93,2707.15
2024-11-01T18:00:00Z,113.40000000000002,2732.6
2024-11-01T18:30:00Z,114.81000000000002,3057.05
2024-11-01T19:00:00Z,105.95,2099.5
2024-11-01T19:30:00Z,95.47,1710.65
2024-11-01T20:00:00Z,95.63,1696.3
2024-11-01T20:30:00Z,91.16,1534.2
2024-11-01T21:00:00Z,87.52,1609.8
2024-11-01T21:30:00Z,87.38,1681.3
2024-11-01T22:00:00Z,83.72,1880.6
2024-11-01T22:30:00Z,84.4,2190.7
2024-11-01T23:00:00Z,82.36,1171.95
2024-11-01T23:30:00Z,80.72000000000001,881.6
2024-11-02T00:00:00Z,79.53,901.9
2024-11-02T00:30:00Z,85.19,1063.45
2024-11-02T01:00:00Z,78.91,697.2
2024-11-02T01:30:00Z,75.04,812.85
2024-11-02T02:00:00Z,75.28,758.5
2024-11-02T02:30:00Z,74.05,982.0
2024-11-02T03:00:00Z,73.75,1002.45
2024-11-02T03:30:00Z,72.81,868.05
2024-11-02T04:00:00Z,73.42,935.75
2024-11-02T04:30:00Z,70.94,886.65
2024-11-02T05:00:00Z,73.85,878.6
2024-11-02T05:30:00Z,71.26,734.85
2024-11-02T06:00:00Z,73.59,893.7
2024-11-02T06:30:00Z,74.97,1078.2
2024-11-02T07:00:00Z,72.87,1084.4
2024-11-02T07:30:00Z,79.43,1169.75
2024-11-02T08:00:00Z,79.39,1065.35
2024-11-02T08:30:00Z,80.86,1256.55
2024-11-02T09:00:00Z,74.74,1348.9
2024-11-02T09:30:00Z,73.04,1349.45
2024-11-02T10:00:00Z,75.21,1621.65
2024-11-02T10:30:00Z,77.93,1566.1
2024-11-02T11:00:00Z,77.6,1692.55
2024-11-02T11:30:00Z,79.01,2010.75
2024-11-02T12:00:00Z,79.31000000000002,1757.45
2024-11-02T12:30:00Z,80.53,1931.2
2024-11-02T13:00:00Z,84.69,1818.5
2024-11-02T13:30:00Z,83.63,1934.1
2024-11-02T14:00:00Z,93.08,2235.65
2024-11-02T14:30:00Z,89.83,2821.75
2024-11-02T15:00:00Z,104.76,1940.35
2024-11-02T15:30:00Z,104.65,1729.55
2024-11-02T16:00:00Z,108.61,2080.4
2024-11-02T16:30:00Z,114.0,2160.55
2024-11-02T17:00:00Z,114.89000000000001,2442.55
2024-11-02T17:30:00Z,115.68000000000002,2312.75
2024-11-02T18:00:00Z,113.39,2209.35
2024-11-02T18:30:00Z,108.07,2374.3
2024-11-02T19:00:00Z,105.43,1764.45
2024-11-02T19:30:00Z,97.74,2158.8
2024-11-02T20:00:00Z,88.01,1488.1
2024-11-02T20:30:00Z,95.37,1426.6
2024-11-02T21:00:00Z,84.32,1093.5
2024-11-02T21:30:00Z,83.59,1009.75
2024-11-02T22:00:00Z,81.48,1107.6
2024-11-02T22:30:00Z,83.74,1154.5
2024-11-02T23:00:00Z,78.02,761.7
2024-11-02T23:30:00Z,76.68,834.3
2024-11-03T00:00:00Z,75.16,919.4
2024-11-03T00:30:00Z,77.01,1035.8
2024-11-03T01:00:00Z,75.16,996.95
2024-11-03T01:30:00Z,74.51,1334.95
2024-11-03T02:00:00Z,75.78,1006.5
2024-11-03T02:30:00Z,75.21,1095.05
2024-11-03T03:00:00Z,73.33,897.3
2024-11-03T03:30:00Z,74.19,1049.9
2024-11-03T04:00:00Z,74.54,1022.65
2024-11-03T04:30:00Z,74.3,1014.45
2024-11-03T05:00:00Z,77.24,903.8
2024-11-03T05:30:00Z,77.97,868.65
2024-11-03T06:00:00Z,80.56,1365.1
2024-11-03T06:30:00Z,79.86,1287.3
2024-11-03T07:00:00Z,81.44,1586.0
2024-11-03T07:30:00Z,85.81999999999998,1931.7
2024-11-03T08:00:00Z,90.61000000000001,1911.35
2024-11-03T08:30:00Z,92.4,2030.0
2024-11-03T09:00:00Z,94.66,2111.15
2024-11-03T09:30:00Z,98.43,2032.45
2024-11-03T10:00:00Z,101.04,1803.5
2024-11-03T10:30:00Z,98.73,2180.35
2024-11-03T11:00:00Z,102.76,1983.55
2024-11-03T11:30:00Z,105.07,1892.85
2024-11-03T12:00:00Z,108.86,1821.05
2024-11-03T12:30:00Z,110.27,2014.05
2024-11-03T13:00:00Z,111.52,1725.85
2024-11-03T13:30:00Z,111.0,1701.3
2024-11-03T14:00:00Z,108.03,1914.15
2024-11-03T14:30:00Z,108.2,1959.85
2024-11-03T15:00:00Z,106.90000000000002,1798.5
2024-11-03T15:30:00Z,103.88,2083.5
2024-11-03T16:00:00Z,111.58,1899.45
2024-11-03T16:30:00Z,117.06,2021.4
2024-11-03T17:00:00Z,115.45,1915.9
2024-11-03T17:30:00Z,114.61999999999999,1997.1
2024-11-03T18:00:00Z,110.79,2101.85
2024-11-03T18:30:00Z,104.59,1969.6
2024-11-03T19:00:00Z,92.49,1416.35
2024-11-03T19:30:00Z,81.18,1288.7
2024-11-03T20:00:00Z,87.41,1437.4
2024-11-03T20:30:00Z,94.1,1671.95
2024-11-03T21:00:00Z,87.05,1808.9
2024-11-03T21:30:00Z,84.16,1732.6
2024-11-03T22:00:00Z,83.49,2437.3
2024-11-03T22:30:00Z,81.19,2268.45
2024-11-03T23:00:00Z,77.7,843.8
2024-11-03T23:30:00Z,75.87,806.8
2024-11-04T00:00:00Z,74.06,576.45
2024-11-04T00:30:00Z,77.3,882.3
2024-11-04T01:00:00Z,78.09,565.35
2024-11-04T01:30:00Z,76.99,509.05
2024-11-04T02:00:00Z,77.11,775.1
2024-11-04T02:30:00Z,76.84,699.95
2024-11-04T03:00:00Z,79.08,1029.1
2024-11-04T03:30:00Z,76.89,1147.9
2024-11-04T04:00:00Z,77.07,1254.8
2024-11-04T04:30:00Z,76.39,1386.5
2024-11-04T05:00:00Z,79.7,1612.3
2024-11-04T05:30:00Z,75.2,1634.7
2024-11-04T06:00:00Z,76.03,1551.45
2024-11-04T06:30:00Z,88.69,1957.3
2024-11-04T07:00:00Z,90.07,1962.1
2024-11-04T07:30:00Z,104.97,1915.8
2024-11-04T08:00:00Z,97.75,1374.15
2024-11-04T08:30:00Z,101.98,1547.85
2024-11-04T09:00:00Z,88.55,2483.8
2024-11-04T09:30:00Z,89.97,2341.75
2024-11-04T10:00:00Z,89.12,2375.95
2024-11-04T10:30:00Z,88.65,2680.25
2024-11-04T11:00:00Z,91.34,1987.3
2024-11-04T11:30:00Z,92.64,2350.55
2024-11-04T12:00:00Z,90.63,2198.75
2024-11-04T12:30:00Z,94.1,2099.75
2024-11-04T13:00:00Z,99.88,1593.75
2024-11-04T13:30:00Z,100.91000000000001,1668.35
2024-11-04T14:00:00Z,114.59,1860.9
2024-11-04T14:30:00Z,114.68,1894.05
2024-11-04T15:00:00Z,156.85,2586.65
2024-11-04T15:30:00Z,152.73,3237.75
2024-11-04T16:00:00Z,158.80999999999997,3338.7
2024-11-04T16:30:00Z,175.23,3337.1
2024-11-04T17:00:00Z,166.18,3669.2
2024-11-04T17:30:00Z,162.02,3697.15
2024-11-04T18:00:00Z,141.05,3684.35
2024-11-04T18:30:00Z,135.32,3303.1
2024-11-04T19:00:00Z,101.72,2732.65
2024-11-04T19:30:00Z,97.6,2779.45
2024-11-04T20:00:00Z,99.15,2317.1
2024-11-04T20:30:00Z,89.07,1988.2
2024-11-04T21:00:00Z,92.24,2343.25
2024-11-04T21:30:00Z,89.13,2432.8
2024-11-04T22:00:00Z,91.64,2581.35
2024-11-04T22:30:00Z,81.65,1967.55
2024-11-04T23:00:00Z,77.15,1060.45
2024-11-04T23:30:00Z,75.11,1097.65
2024-11-05T00:00:00Z,75.05,1180.5
2024-11-05T00:30:00Z,79.32,896.3
2024-11-05T01:00:00Z,76.97999999999999,917.6
2024-11-05T01:30:00Z,75.94,1154.9
2024-11-05T02:00:00Z,76.44,1161.6
2024-11-05T02:30:00Z,76.11,1225.5
2024-11-05T03:00:00Z,77.24,1065.4
2024-11-05T03:30:00Z,76.7,1068.9
2024-11-05T04:00:00Z,78.16,1103.9
2024-11-05T04:30:00Z,77.3,1239.0
2024-11-05T05:00:00Z,79.19,1465.0
2024-11-05T05:30:00Z,76.55,1818.15
2024-11-05T06:00:00Z,90.89,1446.95
2024-11-05T06:30:00Z,106.86,1742.4
2024-11-05T07:00:00Z,104.83,1843.55
2024-11-05T07:30:00Z,122.22999999999999,2232.35
2024-11-05T08:00:00Z,109.27,1751.6
2024-11-05T08:30:00Z,108.29,1977.35
2024-11-05T09:00:00Z,100.03,2504.65
2024-11-05T09:30:00Z,103.49,2323.75
2024-11-05T10:00:00Z,109.44,2289.65
2024-11-05T10:30:00Z,110.37,2370.95
2024-11-05T11:00:00Z,115.91,1914.75
2024-11-05T11:30:00Z,117.99,2289.0
2024-11-05T12:00:00Z,116.27,2415.85
2024-11-05T12:30:00Z,118.16,2533.15
2024-11-05T13:00:00Z,118.11,1963.15
2024-11-05T13:30:00Z,114.42,2562.95
2024-11-05T14:00:00Z,128.72,2239.35
2024-11-05T14:30:00Z,127.94,2357.35
2024-11-05T15:00:00Z,148.01,2584.4
2024-11-05T15:30:00Z,145.73,2920.05
2024-11-05T16:00:00Z,176.05,2416.7
2024-11-05T16:30:00Z,183.79,3191.0
2024-11-05T17:00:00Z,182.78,3041.3
2024-11-05T17:30:00Z,180.32,2852.4
2024-11-05T18:00:00Z,178.07,3595.2
2024-11-05T18:30:00Z,164.93,3447.05
2024-11-05T19:00:00Z,118.54,2775.75
2024-11-05T19:30:00Z,114.73,3067.75
2024-11-05T20:00:00Z,114.82,3032.55
2024-11-05T20:30:00Z,109.71,2588.6
2024-11-05T21:00:00Z,100.33,2084.4
2024-11-05T21:30:00Z,102.02,2036.1
2024-11-05T22:00:00Z,101.16,2146.05
2024-11-05T22:30:00Z,88.53,2032.4
2024-11-05T23:00:00Z,83.5,1541.15
2024-11-05T23:30:00Z,88.57,1382.75
2024-11-06T00:00:00Z,91.53,1478.9
2024-11-06T00:30:00Z,84.81,1561.15
2024-11-06T01:00:00Z,87.0,1732.2
2024-11-06T01:30:00Z,82.77,1591.1
2024-11-06T02:00:00Z,81.06,1480.15
2024-11-06T02:30:00Z,79.69,1442.35
2024-11-06T03:00:00Z,82.29,1423.9
2024-11-06T03:30:00Z,78.66,1202.35
2024-11-06T04:00:00Z,79.3,1530.1
2024-11-06T04:30:00Z,78.74,1593.9
2024-11-06T05:00:00Z,80.97,1227.35
2024-11-06T05:30:00Z,80.34,1593.15
2024-11-06T06:00:00Z,93.55,2329.6
2024-11-06T06:30:00Z,107.39,1879.3
2024-11-06T07:00:00Z,103.73,1637.8
2024-11-06T07:30:00Z,123.14,1775.45
2024-11-06T08:00:00Z,120.14999999999999,1505.55
2024-11-06T08:30:00Z,114.32,1822.65
2024-11-06T09:00:00Z,119.36,2273.55
2024-11-06T09:30:00Z,115.24,2159.55
2024-11-06T10:00:00Z,106.56,2370.9
2024-11-06T10:30:00Z,110.36,2299.25
2024-11-06T11:00:00Z,107.72,2340.95
2024-11-06T11:30:00Z,111.8,2250.65
2024-11-06T12:00:00Z,109.29999999999998,2423.2
2024-11-06T12:30:00Z,107.62,2390.75
2024-11-06T13:00:00Z,110.88,2217.1
2024-11-06T13:30:00Z,108.58,2388.3
2024-11-06T14:00:00Z,108.35,2236.0
2024-11-06T14:30:00Z,114.1,2546.65
2024-11-06T15:00:00Z,122.27,2450.25
2024-11-06T15:30:00Z,128.86,2546.3
2024-11-06T16:00:00Z,134.05,2697.05
2024-11-06T16:30:00Z,143.05,3020.35
2024-11-06T17:00:00Z,150.17,3179.45
2024-11-06T17:30:00Z,145.92,2890.35
2024-11-06T18:00:00Z,139.76,2482.9
2024-11-06T18:30:00Z,137.1,2502.0
2024-11-06T19:00:00Z,109.03,1012.25
2024-11-06T19:30:00Z,103.06,952.1
2024-11-06T20:00:00Z,101.55,840.25
2024-11-06T20:30:00Z,95.56999999999998,988.2
2024-11-06T21:00:00Z,89.74,820.25
2024-11-06T21:30:00Z,88.6,568.65
2024-11-06T22:00:00Z,85.45,1124.85
2024-11-06T22:30:00Z,88.4,1829.7
2024-11-06T23:00:00Z,77.56,1240.1
2024-11-06T23:30:00Z,74.16,1277.75
2024-11-07T00:00:00Z,77.58,1305.8
2024-11-07T00:30:00Z,78.11,1059.1
2024-11-07T01:00:00Z,75.36,1266.8
2024-11-07T01:30:00Z,78.79,1545.5
2024-11-07T02:00:00Z,77.13,1409.9
2024-11-07T02:30:00Z,76.89,1424.85
2024-11-07T03:00:00Z,74.3,1389.4
2024-11-07T03:30:00Z,72.81,1503.05
2024-11-07T04:00:00Z,75.33,1683.35
2024-11-07T04:30:00Z,74.58,1583.75
2024-11-07T05:00:00Z,78.33,1363.45
2024-11-07T05:30:00Z,71.35,1207.55
2024-11-07T06:00:00Z,79.23,1600.9
2024-11-07T06:30:00Z,68.59,2001.35
2024-11-07T07:00:00Z,81.97,2506.6
2024-11-07T07:30:00Z,85.95,2599.0
2024-11-07T08:00:00Z,82.08,2350.5
2024-11-07T08:30:00Z,83.46,2290.05
2024-11-07T09:00:00Z,78.46,2021.45
2024-11-07T09:30:00Z,78.52,2354.75
2024-11-07T10:00:00Z,82.08,2647.95
2024-11-07T10:30:00Z,83.22,2620.7
2024-11-07T11:00:00Z,83.47,2073.45
2024-11-07T11:30:00Z,84.16,2350.9
2024-11-07T12:00:00Z,80.15,2320.6
2024-11-07T12:30:00Z,79.03,2297.45
2024-11-07T13:00:00Z,79.09,2021.85
2024-11-07T13:30:00Z,81.73,2206.2
2024-11-07T14:00:00Z,83.7,2136.0
2024-11-07T14:30:00Z,83.7,2554.65
2024-11-07T15:00:00Z,88.55,2589.8
2024-11-07T15:30:00Z,98.61,2677.7
2024-11-07T16:00:00Z,101.84999999999998,3290.2
2024-11-07T16:30:00Z,110.11,3312.65
2024-11-07T17:00:00Z,123.34,2855.35
2024-11-07T17:30:00Z,123.35,3086.25
2024-11-07T18:00:00Z,122.65,3256.0
2024-11-07T18:30:00Z,120.84000000000002,3171.25
2024-11-07T19:00:00Z,115.9,2462.55
2024-11-07T19:30:00Z,108.36,2254.3
2024-11-07T20:00:00Z,95.42,2156.15
2024-11-07T20:30:00Z,93.13,2095.55
2024-11-07T21:00:00Z,93.5,2056.5
2024-11-07T21:30:00Z,87.48,1789.65
2024-11-07T22:00:00Z,83.03,1814.6
2024-11-07T22:30:00Z,82.44,1611.45
2024-11-07T23:00:00Z,85.77,1323.55
2024-11-07T23:30:00Z,89.09,1335.0
2024-11-08T00:00:00Z,81.06,1168.75
2024-11-08T00:30:00Z,85.91,1223.75
2024-11-08T01:00:00Z,83.79,1553.15
2024-11-08T01:30:00Z,82.48,1299.3
2024-11-08T02:00:00Z,84.04,1449.35
2024-11-08T02:30:00Z,82.58,1853.3
2024-11-08T03:00:00Z,90.55,1330.95
2024-11-08T03:30:00Z,92.0,1487.75
2024-11-08T04:00:00Z,89.21,1344.4
2024-11-08T04:30:00Z,86.14,1352.0
2024-11-08T05:00:00Z,100.44,1693.05
2024-11-08T05:30:00Z,94.24,2005.05
2024-11-08T06:00:00Z,105.8,1784.0
2024-11-08T06:30:00Z,101.7,1973.75
2024-11-08T07:00:00Z,113.71,2577.0
2024-11-08T07:30:00Z,117.95,3055.2
2024-11-08T08:00:00Z,114.9,2820.25
2024-11-08T08:30:00Z,116.6,3140.4
2024-11-08T09:00:00Z,113.74,3274.2
2024-11-08T09:30:00Z,116.45,3406.25
2024-11-08T10:00:00Z,117.98,3432.6
2024-11-08T10:30:00Z,119.83,3202.4
2024-11-08T11:00:00Z,125.83,3476.25
2024-11-08T11:30:00Z,126.48,3436.1
2024-11-08T12:00:00Z,128.54,3511.4
2024-11-08T12:30:00Z,124.12,3908.2
2024-11-08T13:00:00Z,126.14,4016.0
2024-11-08T13:30:00Z,140.77,4958.8
2024-11-08T14:00:00Z,143.23,5335.05
2024-11-08T14:30:00Z,135.72,5819.65
2024-11-08T15:00:00Z,134.6,4024.15
2024-11-08T15:30:00Z,130.85,3751.4
2024-11-08T16:00:00Z,130.88,4002.2
2024-11-08T16:30:00Z,135.24,4062.6
2024-11-08T17:00:00Z,130.66,4088.35
2024-11-08T17:30:00Z,132.4,3891.05
2024-11-08T18:00:00Z,128.6,3667.5
2024-11-08T18:30:00Z,126.66,3408.1
2024-11-08T19:00:00Z,104.0,2542.75
2024-11-08T19:30:00Z,100.95,2333.1
2024-11-08T20:00:00Z,102.54,2172.15
2024-11-08T20:30:00Z,99.25,2242.9
2024-11-08T21:00:00Z,101.18,1719.7
2024-11-08T21:30:00Z,93.56,1579.35
2024-11-08T22:00:00Z,91.50000000000001,1486.95
2024-11-08T22:30:00Z,88.62,1546.15
2024-11-08T23:00:00Z,86.44000000000001,903.7
2024-11-08T23:30:00Z,78.39,960.25
2024-11-09T00:00:00Z,80.53,762.4
2024-11-09T00:30:00Z,82.04,1027.3
2024-11-09T01:00:00Z,84.05,993.6
2024-11-09T01:30:00Z,83.11000000000001,980.85
2024-11-09T02:00:00Z,81.22,712.6
2024-11-09T02:30:00Z,82.19,761.3
2024-11-09T03:00:00Z,81.74,680.85
2024-11-09T03:30:00Z,79.95,789.6
2024-11-09T04:00:00Z,83.46,1211.5
2024-11-09T04:30:00Z,86.64,1045.95
2024-11-09T05:00:00Z,92.99,1295.1
2024-11-09T05:30:00Z,88.1,1167.4
2024-11-09T06:00:00Z,77.52,1428.95
2024-11-09T06:30:00Z,92.04,1550.85
2024-11-09T07:00:00Z,87.35,1650.4
2024-11-09T07:30:00Z,93.03,2018.65
2024-11-09T08:00:00Z,93.68,1659.25
2024-11-09T08:30:00Z,93.12,2013.5
2024-11-09T09:00:00Z,94.34,1982.75
2024-11-09T09:30:00Z,92.94,1666.45
2024-11-09T10:00:00Z,99.81,2564.6
2024-11-09T10:30:00Z,102.72,2363.15
2024-11-09T11:00:00Z,92.24,2044.2
2024-11-09T11:30:00Z,100.22,2145.9
2024-11-09T12:00:00Z,103.43,1945.55
2024-11-09T12:30:00Z,100.2,2110.7
2024-11-09T13:00:00Z,93.84,2007.55
2024-11-09T13:30:00Z,91.78,1888.35
2024-11-09T14:00:00Z,96.76,1841.45
2024-11-09T14:30:00Z,96.55,2040.5
2024-11-09T15:00:00Z,104.38,1570.2
2024-11-09T15:30:00Z,106.56,1636.35
2024-11-09T16:00:00Z,113.54,2012.8
2024-11-09T16:30:00Z,119.51,2137.55
2024-11-09T17:00:00Z,115.83,1983.25
2024-11-09T17:30:00Z,117.69,2131.55
2024-11-09T18:00:00Z,119.98,2308.7
2024-11-09T18:30:00Z,114.44,2075.15
2024-11-09T19:00:00Z,106.25,1773.25
2024-11-09T19:30:00Z,97.29,1679.65
2024-11-09T20:00:00Z,98.76,1552.9
2024-11-09T20:30:00Z,96.60999999999999,1797.1
2024-11-09T21:00:00Z,96.55,1306.9
2024-11-09T21:30:00Z,99.45000000000002,1534.45
2024-11-09T22:00:00Z,97.18,1289.55
2024-11-09T22:30:00Z,89.27,1500.7
2024-11-09T23:00:00Z,84.12,766.7
2024-11-09T23:30:00Z,88.44,708.65
2024-11-10T00:00:00Z,88.31,1015.3
2024-11-10T00:30:00Z,89.63,966.45
2024-11-10T01:00:00Z,86.09,864.7
2024-11-10T01:30:00Z,86.56,784.4
2024-11-10T02:00:00Z,86.57,987.6
2024-11-10T02:30:00Z,85.41,926.3
2024-11-10T03:00:00Z,89.28,969.65
2024-11-10T03:30:00Z,85.78,1057.15
2024-11-10T04:00:00Z,85.71,920.65
2024-11-10T04:30:00Z,83.53,1018.65
2024-11-10T05:00:00Z,84.88,858.4
2024-11-10T05:30:00Z,84.31,775.45
2024-11-10T06:00:00Z,79.52,1049.25
2024-11-10T06:30:00Z,80.75,1020.55
2024-11-10T07:00:00Z,85.04,1503.3
2024-11-10T07:30:00Z,84.5,1494.15
2024-11-10T08:00:00Z,82.36,1613.45
2024-11-10T08:30:00Z,86.23,1711.1
2024-11-10T09:00:00Z,85.33,1629.6
2024-11-10T09:30:00Z,90.22,1891.6
2024-11-10T10:00:00Z,85.89,1602.95
2024-11-10T10:30:00Z,87.49,1827.75
2024-11-10T11:00:00Z,85.81,1461.45
2024-11-10T11:30:00Z,85.39,1500.25
2024-11-10T12:00:00Z,86.89,2071.3
2024-11-10T12:30:00Z,87.25,2144.65
2024-11-10T13:00:00Z,89.31,2399.25
2024-11-10T13:30:00Z,85.65,2547.5
2024-11-10T14:00:00Z,87.07,2391.85
2024-11-10T14:30:00Z,87.68,2323.0
2024-11-10T15:00:00Z,96.16,3164.5
2024-11-10T15:30:00Z,94.89,2631.65
2024-11-10T16:00:00Z,98.57,3058.55
2024-11-10T16:30:00Z,106.99,3115.95
2024-11-10T17:00:00Z,107.25000000000001,3063.05
2024-11-10T17:30:00Z,107.86,3119.55
2024-11-10T18:00:00Z,108.24,2895.05
2024-11-10T18:30:00Z,102.29,2887.85
2024-11-10T19:00:00Z,98.3,1974.5
2024-11-10T19:30:00Z,90.08,2332.8
2024-11-10T20:00:00Z,86.89,2059.9
2024-11-10T20:30:00Z,87.98,2142.35
2024-11-10T21:00:00Z,91.26,2930.3
2024-11-10T21:30:00Z,92.14,3120.45
2024-11-10T22:00:00Z,84.18,3257.4
2024-11-10T22:30:00Z,90.06,3165.5
2024-11-10T23:00:00Z,96.7,1667.9
2024-11-10T23:30:00Z,86.89,1383.95
2024-11-11T00:00:00Z,79.37,1239.6
2024-11-11T00:30:00Z,87.06,1391.55
2024-11-11T01:00:00Z,83.29,1214.45
2024-11-11T01:30:00Z,87.29,1871.15
2024-11-11T02:00:00Z,85.15999999999998,1737.95
2024-11-11T02:30:00Z,80.99,1385.55
2024-11-11T03:00:00Z,82.07,1446.7
2024-11-11T03:30:00Z,78.3,1569.05
2024-11-11T04:00:00Z,81.38000000000001,1685.6
2024-11-11T04:30:00Z,85.41,1860.1
2024-11-11T05:00:00Z,86.8,1487.2
2024-11-11T05:30:00Z,87.92,1543.0
2024-11-11T06:00:00Z,96.18,1722.05
2024-11-11T06:30:00Z,101.04,2255.05
2024-11-11T07:00:00Z,112.28000000000002,2336.9
2024-11-11T07:30:00Z,124.21,2428.25
2024-11-11T08:00:00Z,121.4,2474.6
2024-11-11T08:30:00Z,123.07999999999998,2815.05
2024-11-11T09:00:00Z,116.58,3112.25
2024-11-11T09:30:00Z,112.82,2755.9
2024-11-11T10:00:00Z,115.95,2791.85
2024-11-11T10:30:00Z,113.43,2911.3
2024-11-11T11:00:00Z,109.62999999999998,2859.65
2024-11-11T11:30:00Z,106.91,2934.05
2024-11-11T12:00:00Z,106.24,2851.8
2024-11-11T12:30:00Z,103.85,3065.2
2024-11-11T13:00:00Z,104.62,2956.95
2024-11-11T13:30:00Z,100.43000000000002,3151.3
2024-11-11T14:00:00Z,98.33,3546.4
2024-11-11T14:30:00Z,100.91,3210.7
2024-11-11T15:00:00Z,112.52,2104.55
2024-11-11T15:30:00Z,121.04,2100.35
2024-11-11T16:00:00Z,116.49,2052.55
2024-11-11T16:30:00Z,123.77,2687.6
2024-11-11T17:00:00Z,128.24,3367.45
2024-11-11T17:30:00Z,129.13,3416.8
2024-11-11T18:00:00Z,121.71,3246.45
2024-11-11T18:30:00Z,119.47999999999999,3141.9
2024-11-11T19:00:00Z,109.11,2271.6
2024-11-11T19:30:00Z,101.68,2248.5
2024-11-11T20:00:00Z,101.45,2155.3
2024-11-11T20:30:00Z,101.09,2216.95
2024-11-11T21:00:00Z,94.45000000000002,1742.75
2024-11-11T21:30:00Z,94.01,1736.8
2024-11-11T22:00:00Z,95.79,2050.95
2024-11-11T22:30:00Z,95.9,1961.35
2024-11-11T23:00:00Z,98.37,1176.4
2024-11-11T23:30:00Z,93.47,1160.75
2024-11-12T00:00:00Z,85.17,1240.4
2024-11-12T00:30:00Z,88.72,1261.4
2024-11-12T01:00:00Z,86.41,1027.9
2024-11-12T01:30:00Z,87.02,1375.1
2024-11-12T02:00:00Z,87.42,1291.4
2024-11-12T02:30:00Z,84.69,1159.3
2024-11-12T03:00:00Z,88.69999999999999,1527.8
2024-11-12T03:30:00Z,90.32,1494.3
2024-11-12T04:00:00Z,88.04,1247.9
2024-11-12T04:30:00Z,86.32,1180.15
2024-11-12T05:00:00Z,86.03,1728.4
2024-11-12T05:30:00Z,86.79,1831.15
2024-11-12T06:00:00Z,92.01,2285.05
2024-11-12T06:30:00Z,91.66,2763.85
2024-11-12T07:00:00Z,103.58,2047.35
2024-11-12T07:30:00Z,104.88,2411.15
2024-11-12T08:00:00Z,107.8,2590.95
2024-11-12T08:30:00Z,107.41,2312.95
2024-11-12T09:00:00Z,110.16,2044.65
2024-11-12T09:30:00Z,102.69,2030.1
2024-11-12T10:00:00Z,95.19,2091.05
2024-11-12T10:30:00Z,92.26,2173.7
2024-11-12T11:00:00Z,89.18,2356.3
2024-11-12T11:30:00Z,88.36,1943.7
2024-11-12T12:00:00Z,85.58,2396.7
2024-11-12T12:30:00Z,86.65,2293.15
2024-11-12T13:00:00Z,88.04,2941.2
2024-11-12T13:30:00Z,88.7,2470.05
2024-11-12T14:00:00Z,94.51000000000002,3148.25
2024-11-12T14:30:00Z,97.54,2960.2
2024-11-12T15:00:00Z,108.21000000000001,2536.2
2024-11-12T15:30:00Z,114.21,2732.55
2024-11-12T16:00:00Z,119.09,2847.6
2024-11-12T16:30:00Z,132.09,3091.4
2024-11-12T17:00:00Z,123.15,3094.65
2024-11-12T17:30:00Z,129.48,3499.15
2024-11-12T18:00:00Z,126.26999999999998,3440.9
2024-11-12T18:30:00Z,121.36,2963.2
2024-11-12T19:00:00Z,118.59000000000002,2564.95
2024-11-12T19:30:00Z,110.77,1921.5
2024-11-12T20:00:00Z,108.44,1732.25
2024-11-12T20:30:00Z,102.84,1676.65
2024-11-12T21:00:00Z,100.11,1250.45
2024-11-12T21:30:00Z,100.72999999999999,1312.55
2024-11-12T22:00:00Z,103.07,1894.65
2024-11-12T22:30:00Z,96.27,1818.45
2024-11-12T23:00:00Z,88.92,639.4
2024-11-12T23:30:00Z,89.71,684.3
2024-11-13T00:00:00Z,85.29,1203.8
2024-11-13T00:30:00Z,85.48,1891.9
2024-11-13T01:00:00Z,84.64,1244.85
2024-11-13T01:30:00Z,85.71,1262.25
2024-11-13T02:00:00Z,84.49,1174.85
2024-11-13T02:30:00Z,86.27,1356.4
2024-11-13T03:00:00Z,85.33,1292.85
2024-11-13T03:30:00Z,79.99,1616.65
2024-11-13T04:00:00Z,84.15,1876.15
2024-11-13T04:30:00Z,82.39,1814.6
2024-11-13T05:00:00Z,81.69000000000001,1641.55
2024-11-13T05:30:00Z,76.6,1637.6
2024-11-13T06:00:00Z,93.01,2252.4
2024-11-13T06:30:00Z,105.84,2439.75
2024-11-13T07:00:00Z,121.78,2521.9
2024-11-13T07:30:00Z,132.57,2333.0
2024-11-13T08:00:00Z,126.99,2122.35
2024-11-13T08:30:00Z,126.54,2453.75
2024-11-13T09:00:00Z,116.18,2360.55
2024-11-13T09:30:00Z,110.01000000000002,2441.15
2024-11-13T10:00:00Z,113.66000000000001,2606.7
2024-11-13T10:30:00Z,110.75,2371.8
2024-11-13T11:00:00Z,105.39,2262.75
2024-11-13T11:30:00Z,110.17,2578.65
2024-11-13T12:00:00Z,101.1,2223.25
2024-11-13T12:30:00Z,100.31,2181.95
2024-11-13T13:00:00Z,96.18,2045.1
2024-11-13T13:30:00Z,100.67,2266.15
2024-11-13T14:00:00Z,106.71,2894.9
2024-11-13T14:30:00Z,111.05,2790.65
2024-11-13T15:00:00Z,108.99000000000001,2697.1
2024-11-13T15:30:00Z,118.64,2323.2
2024-11-13T16:00:00Z,117.81,2370.15
2024-11-13T16:30:00Z,121.42999999999999,2473.35
2024-11-13T17:00:00Z,125.8,3515.2
2024-11-13T17:30:00Z,126.19,3648.5
2024-11-13T18:00:00Z,123.03,3406.35
2024-11-13T18:30:00Z,116.62,3151.6
2024-11-13T19:00:00Z,109.56999999999998,2460.15
2024-11-13T19:30:00Z,106.59999999999998,2561.55
2024-11-13T20:00:00Z,104.94999999999999,2512.65
2024-11-13T20:30:00Z,101.48000000000002,2870.15
2024-11-13T21:00:00Z,100.73,2962.0
2024-11-13T21:30:00Z,95.7,2427.2
2024-11-13T22:00:00Z,90.23,2771.1
2024-11-13T22:30:00Z,90.02,3403.35
2024-11-13T23:00:00Z,82.73,1295.3
2024-11-13T23:30:00Z,84.19,1800.7
2024-11-14T00:00:00Z,85.11999999999999,1876.25
2024-11-14T00:30:00Z,81.89,1666.05
2024-11-14T01:00:00Z,92.4,1832.25
2024-11-14T01:30:00Z,85.58000000000001,1875.8
2024-11-14T02:00:00Z,81.15,2089.35
2024-11-14T02:30:00Z,83.26,2499.2
2024-11-14T03:00:00Z,76.52,1904.4
2024-11-14T03:30:00Z,74.1,2003.85
2024-11-14T04:00:00Z,77.62,2205.0
2024-11-14T04:30:00Z,69.18,2553.1
2024-11-14T05:00:00Z,82.46,2238.55
2024-11-14T05:30:00Z,86.04,2771.0
2024-11-14T06:00:00Z,95.46,3709.3
2024-11-14T06:30:00Z,84.83,3494.4
2024-11-14T07:00:00Z,91.05999999999999,3311.6
2024-11-14T07:30:00Z,93.32,3193.55
2024-11-14T08:00:00Z,91.2,2642.55
2024-11-14T08:30:00Z,99.96,2489.8
2024-11-14T09:00:00Z,97.42,3054.45
2024-11-14T09:30:00Z,97.19,2644.95
2024-11-14T10:00:00Z,94.89,2361.9
2024-11-14T10:30:00Z,94.91,2919.4
2024-11-14T11:00:00Z,94.89,2898.75
2024-11-14T11:30:00Z,99.28,2992.6
2024-11-14T12:00:00Z,95.93,3561.15
2024-11-14T12:30:00Z,98.73,2967.4
2024-11-14T13:00:00Z,103.6,3110.5
2024-11-14T13:30:00Z,103.03,3150.25
2024-11-14T14:00:00Z,106.16,3359.8
2024-11-14T14:30:00Z,105.71,3517.4
2024-11-14T15:00:00Z,123.04,2461.95
2024-11-14T15:30:00Z,126.62,2799.15
2024-11-14T16:00:00Z,127.26,2847.25
2024-11-14T16:30:00Z,130.69,3279.85
2024-11-14T17:00:00Z,132.13,3018.55
2024-11-14T17:30:00Z,133.34,3268.7
2024-11-14T18:00:00Z,130.08,3086.05
2024-11-14T18:30:00Z,126.70000000000002,3255.55
2024-11-14T19:00:00Z,113.34,2462.55
2024-11-14T19:30:00Z,106.95,2178.1
2024-11-14T20:00:00Z,102.92,1864.5
2024-11-14T20:30:00Z,98.57,1654.6
2024-11-14T21:00:00Z,98.32999999999998,1726.05
2024-11-14T21:30:00Z,100.49,1907.4
2024-11-14T22:00:00Z,98.08,1931.1
2024-11-14T22:30:00Z,91.32,2026.4
2024-11-14T23:00:00Z,86.47,1279.5
2024-11-14T23:30:00Z,89.81999999999998,1590.85
2024-11-15T00:00:00Z,85.73,1614.4
2024-11-15T00:30:00Z,86.78,1643.0
2024-11-15T01:00:00Z,89.73,1765.15
2024-11-15T01:30:00Z,86.9,1552.5
2024-11-15T02:00:00Z,87.56,1625.0
2024-11-15T02:30:00Z,83.0,1826.9
2024-11-15T03:00:00Z,85.82,1665.4
2024-11-15T03:30:00Z,85.23,1809.35
2024-11-15T04:00:00Z,91.15,2335.25
2024-11-15T04:30:00Z,83.92,2110.55
2024-11-15T05:00:00Z,98.25,1886.8
2024-11-15T05:30:00Z,89.57999999999998,1771.85
2024-11-15T06:00:00Z,98.49,2091.45
2024-11-15T06:30:00Z,109.09999999999998,2504.05
2024-11-15T07:00:00Z,105.93,2232.9
2024-11-15T07:30:00Z,108.39000000000001,2656.6
2024-11-15T08:00:00Z,99.81,2475.15
2024-11-15T08:30:00Z,100.95,2755.4
2024-11-15T09:00:00Z,97.79000000000002,2854.25
2024-11-15T09:30:00Z,98.25,3197.75
2024-11-15T10:00:00Z,102.0,3238.6
2024-11-15T10:30:00Z,96.74,3432.4
2024-11-15T11:00:00Z,97.47,3036.2
2024-11-15T11:30:00Z,99.29,2761.75
2024-11-15T12:00:00Z,97.3,2985.45
2024-11-15T12:30:00Z,97.53,2794.3
2024-11-15T13:00:00Z,100.79,2458.9
2024-11-15T13:30:00Z,102.73,2731.55
2024-11-15T14:00:00Z,104.43000000000002,2548.35
2024-11-15T14:30:00Z,105.00999999999999,2668.35
2024-11-15T15:00:00Z,112.73999999999998,2522.5
2024-11-15T15:30:00Z,111.13,2392.25
2024-11-15T16:00:00Z,116.44,2496.55
2024-11-15T16:30:00Z,118.99,2326.15
2024-11-15T17:00:00Z,114.53,3054.15
2024-11-15T17:30:00Z,108.05,2982.35
2024-11-15T18:00:00Z,108.06,2603.25
2024-11-15T18:30:00Z,108.86,2774.3
2024-11-15T19:00:00Z,102.17,2187.75
2024-11-15T19:30:00Z,102.34,1954.35
2024-11-15T20:00:00Z,96.48,2300.35
2024-11-15T20:30:00Z,91.27,2606.3
2024-11-15T21:00:00Z,87.95,2316.95
2024-11-15T21:30:00Z,89.51,2692.05
2024-11-15T22:00:00Z,81.49,2062.05
2024-11-15T22:30:00Z,68.79,2332.45
2024-11-15T23:00:00Z,62.95,1708.95
2024-11-15T23:30:00Z,49.84,1727.45
2024-11-16T00:00:00Z,51.4,2123.8
2024-11-16T00:30:00Z,76.43,2322.15
2024-11-16T01:00:00Z,67.72,2012.35
2024-11-16T01:30:00Z,60.18,2065.35
2024-11-16T02:00:00Z,46.28,1968.15
2024-11-16T02:30:00Z,42.39,2044.0
2024-11-16T03:00:00Z,37.35,1559.0
2024-11-16T03:30:00Z,36.9,1774.8
2024-11-16T04:00:00Z,43.77,2091.4
2024-11-16T04:30:00Z,50.75,1902.05
2024-11-16T05:00:00Z,57.35,1569.2
2024-11-16T05:30:00Z,64.26,1678.3
2024-11-16T06:00:00Z,64.17,1970.95
2024-11-16T06:30:00Z,68.87,2075.0
2024-11-16T07:00:00Z,71.2,1617.75
2024-11-16T07:30:00Z,78.64,1783.65
2024-11-16T08:00:00Z,86.45,1968.05
2024-11-16T08:30:00Z,100.55,2084.75
2024-11-16T09:00:00Z,98.84,2195.0
2024-11-16T09:30:00Z,103.05,1979.8
2024-11-16T10:00:00Z,97.36,2264.8
2024-11-16T10:30:00Z,97.73,2481.65
2024-11-16T11:00:00Z,103.93,2018.55
2024-11-16T11:30:00Z,108.46,2077.4
2024-11-16T12:00:00Z,110.66,2126.45
2024-11-16T12:30:00Z,111.05,1931.8
2024-11-16T13:00:00Z,107.37,2608.3
2024-11-16T13:30:00Z,100.51,2377.7
2024-11-16T14:00:00Z,94.07,2837.15
2024-11-16T14:30:00Z,89.85,3142.45
2024-11-16T15:00:00Z,100.04,2298.55
2024-11-16T15:30:00Z,102.27,2402.35
2024-11-16T16:00:00Z,106.73,2400.4
2024-11-16T16:30:00Z,114.44999999999999,2544.3
2024-11-16T17:00:00Z,120.32,2314.7
2024-11-16T17:30:00Z,120.71,2208.6
2024-11-16T18:00:00Z,120.36,2121.95
2024-11-16T18:30:00Z,115.91999999999999,2288.1
2024-11-16T19:00:00Z,105.08,1807.9
2024-11-16T19:30:00Z,94.56,1747.0
2024-11-16T20:00:00Z,93.4,1838.75
2024-11-16T20:30:00Z,89.45,2448.15
2024-11-16T21:00:00Z,94.41,2745.15
2024-11-16T21:30:00Z,96.01,2283.15
2024-11-16T22:00:00Z,95.37,2445.25
2024-11-16T22:30:00Z,82.17,2307.3
2024-11-16T23:00:00Z,72.26,1954.65
2024-11-16T23:30:00Z,72.24,1697.75
2024-11-17T00:00:00Z,66.92,1750.65
2024-11-17T00:30:00Z,70.45999999999998,1872.1
2024-11-17T01:00:00Z,69.48,2130.2
2024-11-17T01:30:00Z,61.15999999999999,1492.8
2024-11-17T02:00:00Z,54.38,2021.15
2024-11-17T02:30:00Z,54.7,1902.45
2024-11-17T03:00:00Z,48.4,1669.15
2024-11-17T03:30:00Z,35.22,1677.9
2024-11-17T04:00:00Z,49.78,1812.25
2024-11-17T04:30:00Z,50.59,1672.95
2024-11-17T05:00:00Z,43.28,2399.2
2024-11-17T05:30:00Z,41.61,2272.2
2024-11-17T06:00:00Z,55.47,2164.95
2024-11-17T06:30:00Z,74.49,2074.2
2024-11-17T07:00:00Z,86.09,2369.85
2024-11-17T07:30:00Z,96.0,2243.25
2024-11-17T08:00:00Z,89.73,2046.4
2024-11-17T08:30:00Z,98.34,2352.1
2024-11-17T09:00:00Z,102.49,1980.2
2024-11-17T09:30:00Z,103.77,2013.5
2024-11-17T10:00:00Z,103.72,2249.3
2024-11-17T10:30:00Z,98.94,2349.9
2024-11-17T11:00:00Z,95.48,2097.4
2024-11-17T11:30:00Z,87.02,2388.4
2024-11-17T12:00:00Z,84.92,2147.35
2024-11-17T12:30:00Z,81.73,2294.15
2024-11-17T13:00:00Z,83.07,2771.8
2024-11-17T13:30:00Z,85.61,2692.9
2024-11-17T14:00:00Z,88.29,3063.45
2024-11-17T14:30:00Z,89.43,3068.2
2024-11-17T15:00:00Z,103.09,2279.1
2024-11-17T15:30:00Z,109.49,2156.7
2024-11-17T16:00:00Z,113.82,2034.8
2024-11-17T16:30:00Z,123.65000000000002,2377.65
2024-11-17T17:00:00Z,126.41,2510.6
2024-11-17T17:30:00Z,125.34000000000002,2850.8
2024-11-17T18:00:00Z,125.68,2806.4
2024-11-17T18:30:00Z,123.02,3270.75
2024-11-17T19:00:00Z,117.3,2562.5
2024-11-17T19:30:00Z,108.98,2123.0
2024-11-17T20:00:00Z,109.0,2026.65
2024-11-17T20:30:00Z,102.13,2002.2
2024-11-17T21:00:00Z,100.16,1750.2
2024-11-17T21:30:00Z,98.63,1652.65
2024-11-17T22:00:00Z,100.65,2388.25
2024-11-17T22:30:00Z,93.93,2333.95
2024-11-17T23:00:00Z,83.41,1558.65
2024-11-17T23:30:00Z,85.35,1502.4
2024-11-18T00:00:00Z,89.2,1961.45
2024-11-18T00:30:00Z,87.91,2068.7
2024-11-18T01:00:00Z,81.82,1432.95
2024-11-18T01:30:00Z,80.05,1526.1
2024-11-18T02:00:00Z,78.75,1514.3
2024-11-18T02:30:00Z,77.98999999999998,1834.05
2024-11-18T03:00:00Z,78.79,1386.75
2024-11-18T03:30:00Z,74.21,1448.85
2024-11-18T04:00:00Z,73.31,1305.7
2024-11-18T04:30:00Z,73.51,1408.5
2024-11-18T05:00:00Z,81.01,1416.4
2024-11-18T05:30:00Z,66.72,1819.6
2024-11-18T06:00:00Z,99.91,2137.9
2024-11-18T06:30:00Z,92.41,1981.85
2024-11-18T07:00:00Z,106.84,2171.0
2024-11-18T07:30:00Z,117.16,2031.65
2024-11-18T08:00:00Z,114.43,2430.4
2024-11-18T08:30:00Z,116.82,2553.65
2024-11-18T09:00:00Z,105.77,2792.65
2024-11-18T09:30:00Z,104.21,3037.7
2024-11-18T10:00:00Z,101.65,3453.0
2024-11-18T10:30:00Z,101.83,3475.6
2024-11-18T11:00:00Z,100.68999999999998,3100.7
2024-11-18T11:30:00Z,100.79,3949.15
2024-11-18T12:00:00Z,100.34,3183.9
2024-11-18T12:30:00Z,108.44,3582.0
2024-11-18T13:00:00Z,112.67,3484.9
2024-11-18T13:30:00Z,110.8,3194.55
2024-11-18T14:00:00Z,115.83,3331.0
2024-11-18T14:30:00Z,110.93000000000002,3474.25
2024-11-18T15:00:00Z,107.46,3453.35
2024-11-18T15:30:00Z,130.5,3092.8
2024-11-18T16:00:00Z,127.99000000000001,2771.05
2024-11-18T16:30:00Z,129.59,2872.6
2024-11-18T17:00:00Z,128.4,2548.3
2024-11-18T17:30:00Z,129.67,2669.3
2024-11-18T18:00:00Z,131.52,3146.5
2024-11-18T18:30:00Z,135.23,3591.25
2024-11-18T19:00:00Z,122.18,2922.65
2024-11-18T19:30:00Z,111.88,2454.9
2024-11-18T20:00:00Z,114.73,2580.3
2024-11-18T20:30:00Z,105.76,2370.05
2024-11-18T21:00:00Z,104.6,2609.6
2024-11-18T21:30:00Z,104.49000000000001,2990.1
2024-11-18T22:00:00Z,100.68,2581.1
2024-11-18T22:30:00Z,100.56,3052.8
2024-11-18T23:00:00Z,100.16,1057.85
2024-11-18T23:30:00Z,95.65,1303.45
2024-11-19T00:00:00Z,88.64,1039.45
2024-11-19T00:30:00Z,90.54,1276.75
2024-11-19T01:00:00Z,86.0,980.7
2024-11-19T01:30:00Z,78.03999999999999,875.45
2024-11-19T02:00:00Z,75.46,1098.5
2024-11-19T02:30:00Z,75.88,1528.75
2024-11-19T03:00:00Z,74.47,1443.35
2024-11-19T03:30:00Z,70.89,1574.7
2024-11-19T04:00:00Z,71.31,1703.7
2024-11-19T04:30:00Z,69.13,1616.1
2024-11-19T05:00:00Z,86.54,2020.9
2024-11-19T05:30:00Z,82.68,1773.05
2024-11-19T06:00:00Z,95.33,2461.7
2024-11-19T06:30:00Z,88.3,3298.15
2024-11-19T07:00:00Z,96.45,2871.5
2024-11-19T07:30:00Z,107.84,3303.55
2024-11-19T08:00:00Z,115.42,3063.5
2024-11-19T08:30:00Z,116.18,2920.9
2024-11-19T09:00:00Z,107.59,4122.6
2024-11-19T09:30:00Z,110.52,4071.25
2024-11-19T10:00:00Z,119.96,3824.1
2024-11-19T10:30:00Z,119.34,4250.85
2024-11-19T11:00:00Z,120.87,3054.15
2024-11-19T11:30:00Z,121.79000000000002,2951.25
2024-11-19T12:00:00Z,123.09,3665.5
2024-11-19T12:30:00Z,122.11,3827.35
2024-11-19T13:00:00Z,121.28,4216.55
2024-11-19T13:30:00Z,117.19,4282.6
2024-11-19T14:00:00Z,119.34000000000002,4502.6
2024-11-19T14:30:00Z,116.62999999999998,4905.65
2024-11-19T15:00:00Z,120.48,3378.1
2024-11-19T15:30:00Z,121.07,3436.25
2024-11-19T16:00:00Z,122.52,3424.8
2024-11-19T16:30:00Z,119.03,3676.4
2024-11-19T17:00:00Z,113.88,4354.05
2024-11-19T17:30:00Z,113.51,4147.3
2024-11-19T18:00:00Z,114.76,4369.35
2024-11-19T18:30:00Z,115.11,4294.1
2024-11-19T19:00:00Z,101.95,3148.6
2024-11-19T19:30:00Z,101.98,2786.5
2024-11-19T20:00:00Z,103.37000000000002,3282.65
2024-11-19T20:30:00Z,101.35,3269.45
2024-11-19T21:00:00Z,95.87,3040.55
2024-11-19T21:30:00Z,97.41000000000001,2745.6
2024-11-19T22:00:00Z,100.59,2940.05
2024-11-19T22:30:00Z,97.09,2830.15
2024-11-19T23:00:00Z,97.29,1596.4
2024-11-19T23:30:00Z,89.72,1680.35
2024-11-20T00:00:00Z,88.17000000000002,1896.25
2024-11-20T00:30:00Z,94.6,1661.2
2024-11-20T01:00:00Z,90.92,1923.15
2024-11-20T01:30:00Z,86.78,1819.8
2024-11-20T02:00:00Z,84.77,2218.55
2024-11-20T02:30:00Z,84.68,2395.25
2024-11-20T03:00:00Z,89.92,2289.05
2024-11-20T03:30:00Z,95.38,3155.25
2024-11-20T04:00:00Z,90.72,2916.85
2024-11-20T04:30:00Z,85.71,3191.4
2024-11-20T05:00:00Z,93.31,2824.15
2024-11-20T05:30:00Z,83.01999999999998,3223.0
2024-11-20T06:00:00Z,95.63000000000001,3385.05
2024-11-20T06:30:00Z,97.39,3367.85
2024-11-20T07:00:00Z,98.87,2172.45
2024-11-20T07:30:00Z,113.04,3056.7
2024-11-20T08:00:00Z,112.11,3076.7
2024-11-20T08:30:00Z,115.2,3050.35
2024-11-20T09:00:00Z,111.41,3213.25
2024-11-20T09:30:00Z,111.04,3572.55
2024-11-20T10:00:00Z,109.58,3310.95
2024-11-20T10:30:00Z,108.30000000000001,3453.8
2024-11-20T11:00:00Z,98.04,3707.7
2024-11-20T11:30:00Z,96.77,3757.65
2024-11-20T12:00:00Z,89.05,4699.45
2024-11-20T12:30:00Z,92.1,4770.2
2024-11-20T13:00:00Z,96.4,4346.7
2024-11-20T13:30:00Z,90.97,4541.45
2024-11-20T14:00:00Z,96.05,4366.25
2024-11-20T14:30:00Z,94.79,4571.6
2024-11-20T15:00:00Z,106.78,4310.15
2024-11-20T15:30:00Z,113.28,3961.7
2024-11-20T16:00:00Z,113.64,4208.8
2024-11-20T16:30:00Z,120.76999999999998,4365.35
2024-11-20T17:00:00Z,117.02,4323.95
2024-11-20T17:30:00Z,117.86,4304.1
2024-11-20T18:00:00Z,113.53,3926.5
2024-11-20T18:30:00Z,115.63,4421.7
2024-11-20T19:00:00Z,110.1,4442.4
2024-11-20T19:30:00Z,100.97,4039.55
2024-11-20T20:00:00Z,99.49,3690.65
2024-11-20T20:30:00Z,100.99,3727.15
2024-11-20T21:00:00Z,100.42,3289.0
2024-11-20T21:30:00Z,99.96,2779.8
2024-11-20T22:00:00Z,99.94,3170.95
2024-11-20T22:30:00Z,97.94,3333.85
2024-11-20T23:00:00Z,75.8,1423.0
2024-11-20T23:30:00Z,93.65,2017.35
2024-11-21T00:00:00Z,86.42,1353.25
2024-11-21T00:30:00Z,83.94,1421.4
2024-11-21T01:00:00Z,94.21,1756.35
2024-11-21T01:30:00Z,93.56,1561.5
2024-11-21T02:00:00Z,87.5,1608.1
2024-11-21T02:30:00Z,91.68,1856.45
2024-11-21T03:00:00Z,101.25,2324.95
2024-11-21T03:30:00Z,99.76,2353.7
2024-11-21T04:00:00Z,95.76,2463.65
2024-11-21T04:30:00Z,88.2,3138.25
2024-11-21T05:00:00Z,103.67,2354.05
2024-11-21T05:30:00Z,96.06,2990.65
2024-11-21T06:00:00Z,113.44999999999999,2699.0
2024-11-21T06:30:00Z,94.08,3143.85
2024-11-21T07:00:00Z,106.36,2447.5
2024-11-21T07:30:00Z,119.94,2696.35
2024-11-21T08:00:00Z,102.67000000000002,2626.45
2024-11-21T08:30:00Z,115.63,2742.85
2024-11-21T09:00:00Z,114.33,2422.7
2024-11-21T09:30:00Z,117.33,2273.25
2024-11-21T10:00:00Z,118.72,2541.65
2024-11-21T10:30:00Z,114.23,2714.75
2024-11-21T11:00:00Z,108.7,2928.4
2024-11-21T11:30:00Z,98.46000000000001,3211.6
2024-11-21T12:00:00Z,110.57,3881.9
2024-11-21T12:30:00Z,105.16000000000001,3609.05
2024-11-21T13:00:00Z,106.07,3289.35
2024-11-21T13:30:00Z,101.42,3063.6
2024-11-21T14:00:00Z,100.73,3194.65
2024-11-21T14:30:00Z,97.89,3603.45
2024-11-21T15:00:00Z,108.44999999999999,3474.4
2024-11-21T15:30:00Z,108.54,3422.85
2024-11-21T16:00:00Z,113.21,3616.7
2024-11-21T16:30:00Z,120.44,4241.9
2024-11-21T17:00:00Z,118.16,4083.45
2024-11-21T17:30:00Z,117.25,4103.65
2024-11-21T18:00:00Z,114.11,3831.6
2024-11-21T18:30:00Z,113.13,3658.9
2024-11-21T19:00:00Z,108.96,3594.85
2024-11-21T19:30:00Z,106.93,3614.75
2024-11-21T20:00:00Z,99.36,3713.6
2024-11-21T20:30:00Z,107.46,4116.15
2024-11-21T21:00:00Z,107.13000000000001,3696.35
2024-11-21T21:30:00Z,102.97000000000001,3042.1
2024-11-21T22:00:00Z,104.63,2674.05
2024-11-21T22:30:00Z,104.54,2793.75
2024-11-21T23:00:00Z,93.69,1567.75
2024-11-21T23:30:00Z,98.81000000000002,1636.25
2024-11-22T00:00:00Z,92.37,2012.05
2024-11-22T00:30:00Z,93.76,1666.15
2024-11-22T01:00:00Z,89.16,1798.85
2024-11-22T01:30:00Z,83.48,1928.1
2024-11-22T02:00:00Z,82.81,2646.6
2024-11-22T02:30:00Z,81.76,2354.5
2024-11-22T03:00:00Z,89.11,2064.55
2024-11-22T03:30:00Z,90.76,1879.7
2024-11-22T04:00:00Z,94.05,2229.7
2024-11-22T04:30:00Z,90.53,2611.15
2024-11-22T05:00:00Z,107.22,2445.2
2024-11-22T05:30:00Z,98.41,2715.25
2024-11-22T06:00:00Z,111.57,3295.35
2024-11-22T06:30:00Z,110.84,3055.05
2024-11-22T07:00:00Z,124.07,2694.4
2024-11-22T07:30:00Z,130.86,2936.35
2024-11-22T08:00:00Z,126.0,2517.15
2024-11-22T08:30:00Z,127.11,2514.15
2024-11-22T09:00:00Z,117.29,2500.4
2024-11-22T09:30:00Z,119.09,2841.85
2024-11-22T10:00:00Z,112.6,2806.5
2024-11-22T10:30:00Z,106.6,2899.75
2024-11-22T11:00:00Z,103.82,3442.85
2024-11-22T11:30:00Z,100.04,3607.65
2024-11-22T12:00:00Z,97.68000000000002,3042.15
2024-11-22T12:30:00Z,94.82,3134.05
2024-11-22T13:00:00Z,91.61,2428.65
2024-11-22T13:30:00Z,98.22,2847.2
2024-11-22T14:00:00Z,106.99999999999999,2790.15
2024-11-22T14:30:00Z,106.1,3168.85
2024-11-22T15:00:00Z,110.5,2491.15
2024-11-22T15:30:00Z,124.77999999999999,2437.95
2024-11-22T16:00:00Z,127.63,2544.0
2024-11-22T16:30:00Z,128.03,3249.55
2024-11-22T17:00:00Z,121.41,3277.0
2024-11-22T17:30:00Z,125.1,3688.4
2024-11-22T18:00:00Z,127.51,3421.6
2024-11-22T18:30:00Z,126.36000000000001,3226.95
2024-11-22T19:00:00Z,127.17999999999999,2743.0
2024-11-22T19:30:00Z,115.24999999999999,2736.1
2024-11-22T20:00:00Z,108.43,2249.75
2024-11-22T20:30:00Z,99.35,2092.6
2024-11-22T21:00:00Z,100.04,2901.8
2024-11-22T21:30:00Z,103.61,3279.05
2024-11-22T22:00:00Z,100.63,3443.2
2024-11-22T22:30:00Z,95.53,3094.55
2024-11-22T23:00:00Z,109.76,2007.7
2024-11-22T23:30:00Z,111.25,1920.05
2024-11-23T00:00:00Z,102.0,1651.75
2024-11-23T00:30:00Z,97.9,1812.4
2024-11-23T01:00:00Z,94.16,1459.15
2024-11-23T01:30:00Z,93.0,1658.5
2024-11-23T02:00:00Z,92.79,1548.1
2024-11-23T02:30:00Z,93.47,1494.4
2024-11-23T03:00:00Z,84.95,1611.05
2024-11-23T03:30:00Z,47.05,1230.1
2024-11-23T04:00:00Z,52.11,1855.95
2024-11-23T04:30:00Z,32.87,2200.6
2024-11-23T05:00:00Z,40.43,2476.55
2024-11-23T05:30:00Z,28.58,2480.3
2024-11-23T06:00:00Z,53.48,2742.75
2024-11-23T06:30:00Z,40.91,2624.85
2024-11-23T07:00:00Z,51.36,2275.7
2024-11-23T07:30:00Z,60.8,2541.0
2024-11-23T08:00:00Z,51.1,1719.1
2024-11-23T08:30:00Z,79.22999999999999,1803.5
2024-11-23T09:00:00Z,70.81,2042.65
2024-11-23T09:30:00Z,82.12,1560.55
2024-11-23T10:00:00Z,81.62,1498.05
2024-11-23T10:30:00Z,88.07,1370.0
2024-11-23T11:00:00Z,104.66000000000001,1461.65
2024-11-23T11:30:00Z,109.07000000000001,1621.15
2024-11-23T12:00:00Z,111.54,1678.9
2024-11-23T12:30:00Z,114.44,1690.35
2024-11-23T13:00:00Z,114.96,1718.9
2024-11-23T13:30:00Z,113.98,2080.15
2024-11-23T14:00:00Z,113.87,2066.65
2024-11-23T14:30:00Z,110.42,2249.65
2024-11-23T15:00:00Z,108.42,1754.9
2024-11-23T15:30:00Z,104.74000000000001,1890.4
2024-11-23T16:00:00Z,113.34000000000002,1747.15
2024-11-23T16:30:00Z,121.31,1891.0
2024-11-23T17:00:00Z,127.18,2127.5
2024-11-23T17:30:00Z,126.38999999999999,2107.15
2024-11-23T18:00:00Z,124.34,1996.45
2024-11-23T18:30:00Z,110.28,2020.55
2024-11-23T19:00:00Z,92.74,1641.75
2024-11-23T19:30:00Z,85.85,1609.4
2024-11-23T20:00:00Z,78.23,1807.1
2024-11-23T20:30:00Z,57.34,1973.8
2024-11-23T21:00:00Z,40.11,2060.35
2024-11-23T21:30:00Z,19.29,2072.55
2024-11-23T22:00:00Z,19.04,1945.4
2024-11-23T22:30:00Z,10.8,2276.35
2024-11-23T23:00:00Z,9.72,1589.3
2024-11-23T23:30:00Z,2.03,1439.3
2024-11-24T00:00:00Z,22.63,1845.0
2024-11-24T00:30:00Z,20.38,1878.25
2024-11-24T01:00:00Z,6.78,1774.6
2024-11-24T01:30:00Z,1.57,1999.3
2024-11-24T02:00:00Z,21.13,2003.3
2024-11-24T02:30:00Z,8.76,1616.75
2024-11-24T03:00:00Z,14.85,1649.45
2024-11-24T03:30:00Z,13.339999999999998,1729.75
2024-11-24T04:00:00Z,8.71,1638.75
2024-11-24T04:30:00Z,7.82,1655.5
2024-11-24T05:00:00Z,12.88,1634.8
2024-11-24T05:30:00Z,11.95,1667.5
2024-11-24T06:00:00Z,14.0,2170.15
2024-11-24T06:30:00Z,30.64,2142.6
2024-11-24T07:00:00Z,11.96,2052.35
2024-11-24T07:30:00Z,23.66,2178.55
2024-11-24T08:00:00Z,20.3,2208.0
2024-11-24T08:30:00Z,32.76,2327.1
2024-11-24T09:00:00Z,21.26,2378.55
2024-11-24T09:30:00Z,23.12,2351.6
2024-11-24T10:00:00Z,29.59,2352.85
2024-11-24T10:30:00Z,33.17,2341.65
2024-11-24T11:00:00Z,32.87,2409.1
2024-11-24T11:30:00Z,29.469999999999995,2435.25
2024-11-24T12:00:00Z,29.5,2258.65
2024-11-24T12:30:00Z,29.160000000000004,2539.6
2024-11-24T13:00:00Z,30.86,1733.2
2024-11-24T13:30:00Z,29.48,1797.4
2024-11-24T14:00:00Z,31.01,2188.55
2024-11-24T14:30:00Z,31.23,2196.9
2024-11-24T15:00:00Z,33.88,1751.2
2024-11-24T15:30:00Z,56.72,1891.85
2024-11-24T16:00:00Z,62.29,1845.1
2024-11-24T16:30:00Z,80.11000000000001,1880.55
2024-11-24T17:00:00Z,84.02,1744.0
2024-11-24T17:30:00Z,89.91999999999999,1872.6
2024-11-24T18:00:00Z,89.73,1893.1
2024-11-24T18:30:00Z,72.82,1816.9
2024-11-24T19:00:00Z,47.75,1785.0
2024-11-24T19:30:00Z,42.22,1901.15
2024-11-24T20:00:00Z,51.91,2151.6
2024-11-24T20:30:00Z,41.44,2163.55
2024-11-24T21:00:00Z,48.35,2033.4
2024-11-24T21:30:00Z,34.41,2047.7
2024-11-24T22:00:00Z,19.56,2057.1
2024-11-24T22:30:00Z,5.81,2264.55
2024-11-24T23:00:00Z,9.38,1993.25
2024-11-24T23:30:00Z,-2.09,1863.4
2024-11-25T00:00:00Z,-4.11,1991.3
2024-11-25T00:30:00Z,4.23,1753.35
2024-11-25T01:00:00Z,8.77,1690.55
2024-11-25T01:30:00Z,-0.41,1415.75
2024-11-25T02:00:00Z,-3.23,1335.9
2024-11-25T02:30:00Z,-2.85,1237.8
2024-11-25T03:00:00Z,1.07,995.35
2024-11-25T03:30:00Z,12.97,1258.75
2024-11-25T04:00:00Z,17.31,1430.75
2024-11-25T04:30:00Z,26.829999999999995,1483.9
2024-11-25T05:00:00Z,12.92,2048.85
2024-11-25T05:30:00Z,27.96,2150.15
2024-11-25T06:00:00Z,34.98,2371.45
2024-11-25T06:30:00Z,64.59,2258.75
2024-11-25T07:00:00Z,80.13,2223.15
2024-11-25T07:30:00Z,106.04999999999998,2611.2
2024-11-25T08:00:00Z,103.98,1930.5
2024-11-25T08:30:00Z,104.31,2030.2
2024-11-25T09:00:00Z,103.4,2079.25
2024-11-25T09:30:00Z,103.6,2257.35
2024-11-25T10:00:00Z,104.44,2442.15
2024-11-25T10:30:00Z,101.69,2667.55
2024-11-25T11:00:00Z,97.32999999999998,2737.7
2024-11-25T11:30:00Z,97.97,2765.9
2024-11-25T12:00:00Z,96.47,2395.8
2024-11-25T12:30:00Z,95.88,2592.3
2024-11-25T13:00:00Z,96.09,2628.55
2024-11-25T13:30:00Z,93.29,2730.0
2024-11-25T14:00:00Z,99.14,2926.85
2024-11-25T14:30:00Z,96.38,3230.9
2024-11-25T15:00:00Z,101.18,3462.75
2024-11-25T15:30:00Z,108.32,3562.05
2024-11-25T16:00:00Z,109.02,3320.6
2024-11-25T16:30:00Z,117.59,3270.8
2024-11-25T17:00:00Z,117.67999999999999,2822.4
2024-11-25T17:30:00Z,118.09999999999998,2817.7
2024-11-25T18:00:00Z,115.79,2992.15
2024-11-25T18:30:00Z,115.17,3116.7
2024-11-25T19:00:00Z,101.98,2556.0
2024-11-25T19:30:00Z,107.46,2777.25
2024-11-25T20:00:00Z,103.73,2677.25
2024-11-25T20:30:00Z,104.20000000000002,2551.75
2024-11-25T21:00:00Z,106.46000000000001,2798.85
2024-11-25T21:30:00Z,105.47,2331.45
2024-11-25T22:00:00Z,108.82,2381.95
2024-11-25T22:30:00Z,103.2,2600.4
2024-11-25T23:00:00Z,97.81,1807.5
2024-11-25T23:30:00Z,85.76000000000002,1856.4
2024-11-26T00:00:00Z,88.43,1660.3
2024-11-26T00:30:00Z,98.26,1612.5
2024-11-26T01:00:00Z,90.87,1992.75
2024-11-26T01:30:00Z,92.86,2019.65
2024-11-26T02:00:00Z,88.83,1728.55
2024-11-26T02:30:00Z,88.55,2101.3
2024-11-26T03:00:00Z,90.6,1680.6
2024-11-26T03:30:00Z,93.27,2058.35
2024-11-26T04:00:00Z,91.22,2025.45
2024-11-26T04:30:00Z,86.57,2504.9
2024-11-26T05:00:00Z,97.72,2407.6
2024-11-26T05:30:00Z,96.02,3102.4
2024-11-26T06:00:00Z,113.21,2950.65
2024-11-26T06:30:00Z,95.8,3449.35
2024-11-26T07:00:00Z,104.9,3114.15
2024-11-26T07:30:00Z,117.78,2810.95
2024-11-26T08:00:00Z,116.84,2939.75
2024-11-26T08:30:00Z,117.51,2451.8
2024-11-26T09:00:00Z,104.71,2493.45
2024-11-26T09:30:00Z,97.45,2956.0
2024-11-26T10:00:00Z,99.14,3126.75
2024-11-26T10:30:00Z,105.4,3594.8
2024-11-26T11:00:00Z,95.37,3228.75
2024-11-26T11:30:00Z,89.02,3433.0
2024-11-26T12:00:00Z,96.29,3307.8
2024-11-26T12:30:00Z,94.26,3331.0
2024-11-26T13:00:00Z,96.61,3391.35
2024-11-26T13:30:00Z,94.05,3603.25
2024-11-26T14:00:00Z,101.64,3278.25
2024-11-26T14:30:00Z,107.67,3483.9
2024-11-26T15:00:00Z,132.19,3289.3
2024-11-26T15:30:00Z,156.69,3442.8
2024-11-26T16:00:00Z,156.01,4091.65
2024-11-26T16:30:00Z,165.17,4168.2
2024-11-26T17:00:00Z,162.26,4408.8
2024-11-26T17:30:00Z,167.09,4977.85
2024-11-26T18:00:00Z,167.83,4408.5
2024-11-26T18:30:00Z,165.54,4441.2
2024-11-26T19:00:00Z,164.56,3571.0
2024-11-26T19:30:00Z,149.26,3277.5
2024-11-26T20:00:00Z,138.73,3221.25
2024-11-26T20:30:00Z,132.6,3025.2
2024-11-26T21:00:00Z,114.29,2325.65
2024-11-26T21:30:00Z,101.9,2674.7
2024-11-26T22:00:00Z,105.6,2477.4
2024-11-26T22:30:00Z,112.54,2375.65
2024-11-26T23:00:00Z,105.76000000000002,1449.9
2024-11-26T23:30:00Z,92.69,1168.0
2024-11-27T00:00:00Z,94.62,1054.35
2024-11-27T00:30:00Z,97.07,1070.85
2024-11-27T01:00:00Z,93.14,1144.1
2024-11-27T01:30:00Z,85.44,1223.1
2024-11-27T02:00:00Z,92.17,1709.95
2024-11-27T02:30:00Z,91.29,1921.6
2024-11-27T03:00:00Z,87.79,1583.75
2024-11-27T03:30:00Z,85.92,1785.85
2024-11-27T04:00:00Z,88.11,1872.6
2024-11-27T04:30:00Z,83.81,1938.95
2024-11-27T05:00:00Z,85.7,1751.6
2024-11-27T05:30:00Z,84.04,1836.7
2024-11-27T06:00:00Z,88.17,1962.7
2024-11-27T06:30:00Z,87.94,2158.95
2024-11-27T07:00:00Z,94.52,2505.8
2024-11-27T07:30:00Z,101.61,2549.35
2024-11-27T08:00:00Z,98.27,2552.05
2024-11-27T08:30:00Z,97.69000000000001,2813.4
2024-11-27T09:00:00Z,96.98,3084.75
2024-11-27T09:30:00Z,101.7,3151.1
2024-11-27T10:00:00Z,98.86,3001.65
2024-11-27T10:30:00Z,101.51999999999998,2991.1
2024-11-27T11:00:00Z,95.0,3429.5
2024-11-27T11:30:00Z,95.75,3359.35
2024-11-27T12:00:00Z,95.12,3431.35
2024-11-27T12:30:00Z,92.35,3256.75
2024-11-27T13:00:00Z,92.61,3579.65
2024-11-27T13:30:00Z,95.18000000000002,3487.65
2024-11-27T14:00:00Z,95.74,3773.6
2024-11-27T14:30:00Z,93.41,3819.7
2024-11-27T15:00:00Z,98.77000000000001,3089.1
2024-11-27T15:30:00Z,103.26,2442.2
2024-11-27T16:00:00Z,107.86,2745.35
2024-11-27T16:30:00Z,111.29,2859.3
2024-11-27T17:00:00Z,114.7,3294.45
2024-11-27T17:30:00Z,116.44,3276.65
2024-11-27T18:00:00Z,115.38,3230.5
2024-11-27T18:30:00Z,114.11,3099.65
2024-11-27T19:00:00Z,114.78,2773.55
2024-11-27T19:30:00Z,107.89,2505.5
2024-11-27T20:00:00Z,109.99,2754.45
2024-11-27T20:30:00Z,106.45,2450.1
2024-11-27T21:00:00Z,99.76,2112.6
2024-11-27T21:30:00Z,102.92,2164.4
2024-11-27T22:00:00Z,109.03,2269.8
2024-11-27T22:30:00Z,98.59,2569.8
2024-11-27T23:00:00Z,91.65,1285.15
2024-11-27T23:30:00Z,98.12999999999998,1371.9
2024-11-28T00:00:00Z,108.25000000000001,1242.05
2024-11-28T00:30:00Z,113.45,1403.9
2024-11-28T01:00:00Z,112.54,1311.25
2024-11-28T01:30:00Z,114.21,1653.15
2024-11-28T02:00:00Z,117.34,1844.75
2024-11-28T02:30:00Z,111.59,1862.3
2024-11-28T03:00:00Z,110.66,1474.7
2024-11-28T03:30:00Z,105.82,1597.45
2024-11-28T04:00:00Z,99.4,1743.8
2024-11-28T04:30:00Z,100.44,1778.25
2024-11-28T05:00:00Z,102.32,1958.1
2024-11-28T05:30:00Z,98.16,2324.05
2024-11-28T06:00:00Z,110.6,2506.05
2024-11-28T06:30:00Z,111.59999999999998,2457.4
2024-11-28T07:00:00Z,119.09000000000002,2358.0
2024-11-28T07:30:00Z,129.3,2795.05
2024-11-28T08:00:00Z,132.68,2117.8
2024-11-28T08:30:00Z,133.97,2172.35
2024-11-28T09:00:00Z,137.99,2831.55
2024-11-28T09:30:00Z,132.66,2601.1
2024-11-28T10:00:00Z,124.79,3054.95
2024-11-28T10:30:00Z,123.31,2782.25
2024-11-28T11:00:00Z,108.05,2523.45
2024-11-28T11:30:00Z,96.07,2310.95
2024-11-28T12:00:00Z,98.80000000000001,2686.35
2024-11-28T12:30:00Z,99.2,2841.95
2024-11-28T13:00:00Z,96.91000000000001,2970.0
2024-11-28T13:30:00Z,96.38,3030.95
2024-11-28T14:00:00Z,103.10999999999999,3323.0
2024-11-28T14:30:00Z,105.62999999999998,3195.45
2024-11-28T15:00:00Z,118.93,3341.35
2024-11-28T15:30:00Z,118.35,3557.95
2024-11-28T16:00:00Z,118.98,3759.25
2024-11-28T16:30:00Z,115.81,4087.4
2024-11-28T17:00:00Z,122.16000000000001,3497.75
2024-11-28T17:30:00Z,121.76,3503.6
2024-11-28T18:00:00Z,121.99,3587.8
2024-11-28T18:30:00Z,119.39,3141.55
2024-11-28T19:00:00Z,115.56000000000002,2587.45
2024-11-28T19:30:00Z,110.56999999999998,2776.3
2024-11-28T20:00:00Z,100.40999999999998,3027.5
2024-11-28T20:30:00Z,104.98,2384.85
2024-11-28T21:00:00Z,102.61,2286.25
2024-11-28T21:30:00Z,97.67,2198.85
2024-11-28T22:00:00Z,97.82,2091.1
2024-11-28T22:30:00Z,101.79,2444.05
2024-11-28T23:00:00Z,100.61,1394.65
2024-11-28T23:30:00Z,100.95,1421.05
2024-11-29T00:00:00Z,99.60000000000001,1546.7
2024-11-29T00:30:00Z,102.96,1398.35
2024-11-29T01:00:00Z,102.02,1505.6
2024-11-29T01:30:00Z,102.52,1132.0
2024-11-29T02:00:00Z,99.84,1977.6
2024-11-29T02:30:00Z,92.51,2141.7
2024-11-29T03:00:00Z,99.5,2055.2
2024-11-29T03:30:00Z,99.12,2145.65
2024-11-29T04:00:00Z,102.91,1660.9
2024-11-29T04:30:00Z,94.99,2098.5
2024-11-29T05:00:00Z,104.19,2051.3
2024-11-29T05:30:00Z,89.59,2422.05
2024-11-29T06:00:00Z,116.25,2088.2
2024-11-29T06:30:00Z,118.64999999999999,2510.65
2024-11-29T07:00:00Z,124.35,2066.45
2024-11-29T07:30:00Z,126.0,2271.15
2024-11-29T08:00:00Z,122.39,2046.5
2024-11-29T08:30:00Z,124.58999999999999,2289.2
2024-11-29T09:00:00Z,115.14,2298.1
2024-11-29T09:30:00Z,107.57,2324.25
2024-11-29T10:00:00Z,100.3,2693.5
2024-11-29T10:30:00Z,98.08,2824.6
2024-11-29T11:00:00Z,91.61,3463.4
2024-11-29T11:30:00Z,90.60000000000001,3710.1
2024-11-29T12:00:00Z,89.25,3107.2
2024-11-29T12:30:00Z,88.44,2854.2
2024-11-29T13:00:00Z,92.55,2669.05
2024-11-29T13:30:00Z,91.2,2828.65
2024-11-29T14:00:00Z,94.04,2658.65
2024-11-29T14:30:00Z,91.99,2876.45
2024-11-29T15:00:00Z,104.83,2556.3
2024-11-29T15:30:00Z,112.47,2600.9
2024-11-29T16:00:00Z,114.47,2575.0
2024-11-29T16:30:00Z,115.83,2423.7
2024-11-29T17:00:00Z,117.88000000000001,2760.2
2024-11-29T17:30:00Z,117.15,3065.15
2024-11-29T18:00:00Z,110.79,2852.25
2024-11-29T18:30:00Z,106.32000000000001,2754.5
2024-11-29T19:00:00Z,97.64,3422.55
2024-11-29T19:30:00Z,99.35,3197.3
2024-11-29T20:00:00Z,99.08,2673.7
2024-11-29T20:30:00Z,97.69000000000001,2945.05
2024-11-29T21:00:00Z,102.96000000000001,2849.05
2024-11-29T21:30:00Z,98.2,2707.25
2024-11-29T22:00:00Z,93.96,2724.6
2024-11-29T22:30:00Z,94.18,2677.95
2024-11-29T23:00:00Z,81.06,2205.7
2024-11-29T23:30:00Z,77.04,2213.25
2024-11-30T00:00:00Z,74.88,1854.9
2024-11-30T00:30:00Z,80.64,1647.1
2024-11-30T01:00:00Z,75.87,1610.45
2024-11-30T01:30:00Z,73.73,1674.85
2024-11-30T02:00:00Z,81.77,1960.85
2024-11-30T02:30:00Z,84.25,1724.4
2024-11-30T03:00:00Z,79.8,1941.15
2024-11-30T03:30:00Z,80.09,1958.3
2024-11-30T04:00:00Z,82.63,1966.9
2024-11-30T04:30:00Z,79.95,2247.8
2024-11-30T05:00:00Z,84.14,2081.05
2024-11-30T05:30:00Z,86.19,2364.45
2024-11-30T06:00:00Z,86.42,2558.75
2024-11-30T06:30:00Z,91.76,3138.85
2024-11-30T07:00:00Z,108.84,2247.75
2024-11-30T07:30:00Z,105.1,2545.2
2024-11-30T08:00:00Z,106.71,2423.65
2024-11-30T08:30:00Z,112.0,2645.3
2024-11-30T09:00:00Z,112.5,2349.85
2024-11-30T09:30:00Z,114.78,2292.05
2024-11-30T10:00:00Z,112.33000000000001,2668.1
2024-11-30T10:30:00Z,109.71,2267.25
2024-11-30T11:00:00Z,108.66999999999999,2711.4
2024-11-30T11:30:00Z,101.94,2602.3
2024-11-30T12:00:00Z,96.82,2661.55
2024-11-30T12:30:00Z,97.65,3257.65
2024-11-30T13:00:00Z,96.94,3480.7
2024-11-30T13:30:00Z,90.64,3200.3
2024-11-30T14:00:00Z,100.42,3451.15
2024-11-30T14:30:00Z,102.19,3495.9
2024-11-30T15:00:00Z,113.17,3317.0
2024-11-30T15:30:00Z,112.12,3344.5
2024-11-30T16:00:00Z,114.25,3033.85
2024-11-30T16:30:00Z,112.08,3048.5
2024-11-30T17:00:00Z,110.24000000000001,2616.1
2024-11-30T17:30:00Z,107.97,2642.4
2024-11-30T18:00:00Z,108.61000000000001,2655.6
2024-11-30T18:30:00Z,101.29,2764.65
2024-11-30T19:00:00Z,93.81,2369.7
2024-11-30T19:30:00Z,92.52,2256.35
2024-11-30T20:00:00Z,94.1,2208.25
2024-11-30T20:30:00Z,95.77,2620.25
2024-11-30T21:00:00Z,97.87,2009.75
2024-11-30T21:30:00Z,89.87,2066.8
2024-11-30T22:00:00Z,92.34,1690.9
2024-11-30T22:30:00Z,83.46,1687.0
2024-11-30T23:00:00Z,89.19000000000001,1591.1
2024-11-30T23:30:00Z,86.16,1162.75
2024-12-01T00:00:00Z,83.41,1190.85
2024-12-01T00:30:00Z,86.16,1299.7
2024-12-01T01:00:00Z,84.58,1284.6
2024-12-01T01:30:00Z,79.76,1314.95
2024-12-01T02:00:00Z,68.99,1520.8
2024-12-01T02:30:00Z,58.05,1446.9
2024-12-01T03:00:00Z,59.13,1766.2
2024-12-01T03:30:00Z,64.59,1971.35
2024-12-01T04:00:00Z,68.43,2035.5
2024-12-01T04:30:00Z,66.29,1846.75
2024-12-01T05:00:00Z,66.58,1942.05
2024-12-01T05:30:00Z,70.26,1920.45
2024-12-01T06:00:00Z,81.65,1969.95
2024-12-01T06:30:00Z,91.82,2074.8
2024-12-01T07:00:00Z,90.09,2056.05
2024-12-01T07:30:00Z,99.24,2112.5
2024-12-01T08:00:00Z,85.93,2307.25
2024-12-01T08:30:00Z,103.8,2273.95
2024-12-01T09:00:00Z,100.2,2010.05
2024-12-01T09:30:00Z,106.85,2039.15
2024-12-01T10:00:00Z,111.01,1844.0
2024-12-01T10:30:00Z,112.17000000000002,1819.6
2024-12-01T11:00:00Z,117.21,1999.3
2024-12-01T11:30:00Z,113.51,2047.35
2024-12-01T12:00:00Z,109.5,2024.3
2024-12-01T12:30:00Z,97.08,2365.85
2024-12-01T13:00:00Z,95.1,2713.85
2024-12-01T13:30:00Z,99.15,2898.15
2024-12-01T14:00:00Z,98.78999999999999,2766.35
2024-12-01T14:30:00Z,98.9,2808.35
2024-12-01T15:00:00Z,103.81,2137.15
2024-12-01T15:30:00Z,106.46,1842.9
2024-12-01T16:00:00Z,115.46,2127.4
2024-12-01T16:30:00Z,119.65,2106.8
2024-12-01T17:00:00Z,123.00999999999999,2357.95
2024-12-01T17:30:00Z,124.22999999999999,2386.35
2024-12-01T18:00:00Z,122.36000000000001,2550.25
2024-12-01T18:30:00Z,118.11,2709.95
2024-12-01T19:00:00Z,114.12999999999998,2432.4
2024-12-01T19:30:00Z,102.6,2165.95
2024-12-01T20:00:00Z,102.59,2011.0
2024-12-01T20:30:00Z,103.11,2246.7
2024-12-01T21:00:00Z,97.35,2592.9
2024-12-01T21:30:00Z,96.17,2481.65
2024-12-01T22:00:00Z,92.76,1978.1
2024-12-01T22:30:00Z,82.14,2160.45
2024-12-01T23:00:00Z,80.26,1460.7
2024-12-01T23:30:00Z,54.18,1411.35
2024-12-02T00:00:00Z,53.43,1238.15
2024-12-02T00:30:00Z,53.910000000000004,1396.35
2024-12-02T01:00:00Z,54.77,1741.05
2024-12-02T01:30:00Z,54.62,1573.6
2024-12-02T02:00:00Z,48.09,1754.15
2024-12-02T02:30:00Z,48.39,1946.3
2024-12-02T03:00:00Z,63.99,1895.1
2024-12-02T03:30:00Z,53.5,1900.05
2024-12-02T04:00:00Z,80.8,2219.5
2024-12-02T04:30:00Z,76.14,2643.65
2024-12-02T05:00:00Z,72.85,2620.95
2024-12-02T05:30:00Z,83.36,2761.0
2024-12-02T06:00:00Z,105.87,2778.7
2024-12-02T06:30:00Z,99.72,2826.7
2024-12-02T07:00:00Z,101.45,2314.3
2024-12-02T07:30:00Z,115.37999999999998,2302.65
2024-12-02T08:00:00Z,111.64,2669.45
2024-12-02T08:30:00Z,117.31,2606.55
2024-12-02T09:00:00Z,111.74,2132.2
2024-12-02T09:30:00Z,111.98,2052.3
2024-12-02T10:00:00Z,108.52,2366.2
2024-12-02T10:30:00Z,112.55,2440.45
2024-12-02T11:00:00Z,111.99,2673.85
2024-12-02T11:30:00Z,115.57,2323.65
2024-12-02T12:00:00Z,110.41,2638.7
2024-12-02T12:30:00Z,103.71,3235.55
2024-12-02T13:00:00Z,113.33,3011.05
2024-12-02T13:30:00Z,107.04,3025.45
2024-12-02T14:00:00Z,114.11,3259.0
2024-12-02T14:30:00Z,112.13,3382.75
2024-12-02T15:00:00Z,108.59999999999998,2519.1
2024-12-02T15:30:00Z,112.8,2348.1
2024-12-02T16:00:00Z,101.91,2821.75
2024-12-02T16:30:00Z,115.01,3343.85
2024-12-02T17:00:00Z,133.05,4323.65
2024-12-02T17:30:00Z,137.49,4431.75
2024-12-02T18:00:00Z,130.73,4177.4
2024-12-02T18:30:00Z,126.31,4563.05
2024-12-02T19:00:00Z,110.59,2881.65
2024-12-02T19:30:00Z,104.65,2928.85
2024-12-02T20:00:00Z,109.53,2757.05
2024-12-02T20:30:00Z,112.05,3178.75
2024-12-02T21:00:00Z,109.05,3310.9
2024-12-02T21:30:00Z,105.84,3112.15
2024-12-02T22:00:00Z,104.37000000000002,3016.0
2024-12-02T22:30:00Z,98.42,2847.8
2024-12-02T23:00:00Z,92.55,1717.3
2024-12-02T23:30:00Z,95.48,1930.35
2024-12-03T00:00:00Z,92.84,1984.5
2024-12-03T00:30:00Z,97.8,1491.0
2024-12-03T01:00:00Z,97.54,1465.35
2024-12-03T01:30:00Z,96.94,1677.1
2024-12-03T02:00:00Z,98.58000000000001,1643.95
2024-12-03T02:30:00Z,104.33,1894.25
2024-12-03T03:00:00Z,106.3,2128.9
2024-12-03T03:30:00Z,103.09,2045.75
2024-12-03T04:00:00Z,104.21,2160.15
2024-12-03T04:30:00Z,101.33,2485.85
2024-12-03T05:00:00Z,115.51,2524.9
2024-12-03T05:30:00Z,99.72,2521.55
2024-12-03T06:00:00Z,115.59,2462.0
2024-12-03T06:30:00Z,120.66,3070.9
2024-12-03T07:00:00Z,137.82,2267.85
2024-12-03T07:30:00Z,137.94,3678.9
2024-12-03T08:00:00Z,135.09,3262.45
2024-12-03T08:30:00Z,133.53,2811.65
2024-12-03T09:00:00Z,127.50999999999999,2680.65
2024-12-03T09:30:00Z,124.66,2599.85
2024-12-03T10:00:00Z,118.99,2490.5
2024-12-03T10:30:00Z,116.99999999999999,2475.65
2024-12-03T11:00:00Z,123.61,2731.8
2024-12-03T11:30:00Z,124.21,2749.05
2024-12-03T12:00:00Z,125.79,2713.55
2024-12-03T12:30:00Z,123.63000000000001,2622.25
2024-12-03T13:00:00Z,137.48,2876.35
2024-12-03T13:30:00Z,134.0,3333.9
2024-12-03T14:00:00Z,143.25,3449.95
2024-12-03T14:30:00Z,141.62,3444.7
2024-12-03T15:00:00Z,157.96,3692.6
2024-12-03T15:30:00Z,160.18,3861.55
2024-12-03T16:00:00Z,168.7,4628.15
2024-12-03T16:30:00Z,173.33,3774.95
2024-12-03T17:00:00Z,170.75,4254.05
2024-12-03T17:30:00Z,171.41,4446.75
2024-12-03T18:00:00Z,170.69,4740.25
2024-12-03T18:30:00Z,166.26,4467.4
2024-12-03T19:00:00Z,131.02,2831.2
2024-12-03T19:30:00Z,127.73,2699.0
2024-12-03T20:00:00Z,123.55,2710.65
2024-12-03T20:30:00Z,115.53,2493.3
2024-12-03T21:00:00Z,111.93,2919.65
2024-12-03T21:30:00Z,110.29000000000002,2388.85
2024-12-03T22:00:00Z,104.74999999999999,3241.7
2024-12-03T22:30:00Z,102.24,3288.6
2024-12-03T23:00:00Z,97.69,1188.7
2024-12-03T23:30:00Z,94.55,1293.75
2024-12-04T00:00:00Z,90.83999999999999,1614.3
2024-12-04T00:30:00Z,96.88,1809.5
2024-12-04T01:00:00Z,96.75999999999999,1619.85
2024-12-04T01:30:00Z,97.77,1895.0
2024-12-04T02:00:00Z,93.11,2520.45
2024-12-04T02:30:00Z,90.78,2366.75
2024-12-04T03:00:00Z,92.4,2811.5
2024-12-04T03:30:00Z,90.97,2519.75
2024-12-04T04:00:00Z,90.53,2610.0
2024-12-04T04:30:00Z,90.37,3018.1
2024-12-04T05:00:00Z,106.68,2345.6
2024-12-04T05:30:00Z,104.47,2484.2
2024-12-04T06:00:00Z,128.67,2582.05
2024-12-04T06:30:00Z,147.71,2876.55
2024-12-04T07:00:00Z,170.77000000000004,3385.7
2024-12-04T07:30:00Z,187.41,3951.5
2024-12-04T08:00:00Z,164.68,3516.15
2024-12-04T08:30:00Z,157.78,3409.05
2024-12-04T09:00:00Z,147.36,3313.75
2024-12-04T09:30:00Z,139.1,3839.9
2024-12-04T10:00:00Z,138.64,3268.35
2024-12-04T10:30:00Z,137.63,3648.7
2024-12-04T11:00:00Z,132.25,3035.1
2024-12-04T11:30:00Z,128.51,2656.0
2024-12-04T12:00:00Z,139.31,2813.6
2024-12-04T12:30:00Z,137.91,3173.75
2024-12-04T13:00:00Z,131.73,3333.75
2024-12-04T13:30:00Z,124.49,3636.45
2024-12-04T14:00:00Z,124.54,3193.7
2024-12-04T14:30:00Z,125.09999999999998,4487.7
2024-12-04T15:00:00Z,128.92,3772.75
2024-12-04T15:30:00Z,124.1,4146.6
2024-12-04T16:00:00Z,146.12,4539.6
2024-12-04T16:30:00Z,145.52,4989.75
2024-12-04T17:00:00Z,136.05,4316.9
2024-12-04T17:30:00Z,130.74,4166.4
2024-12-04T18:00:00Z,129.17,4333.65
2024-12-04T18:30:00Z,124.27,4514.35
2024-12-04T19:00:00Z,108.26,3475.0
2024-12-04T19:30:00Z,103.31,3432.25
2024-12-04T20:00:00Z,100.44,3720.35
2024-12-04T20:30:00Z,103.77,3626.05
2024-12-04T21:00:00Z,101.00000000000001,3443.8
2024-12-04T21:30:00Z,96.63,3954.6
2024-12-04T22:00:00Z,98.53,3556.3
2024-12-04T22:30:00Z,94.4,3085.4
2024-12-04T23:00:00Z,92.37,1935.65
2024-12-04T23:30:00Z,92.54,2450.8
2024-12-05T00:00:00Z,82.19,2200.45
2024-12-05T00:30:00Z,91.61,2484.1
2024-12-05T01:00:00Z,94.66,2556.6
2024-12-05T01:30:00Z,94.43,2586.15
2024-12-05T02:00:00Z,92.61,2895.9
2024-12-05T02:30:00Z,94.11,3053.7
2024-12-05T03:00:00Z,88.42,2609.2
2024-12-05T03:30:00Z,86.83,2710.65
2024-12-05T04:00:00Z,88.08,2780.5
2024-12-05T04:30:00Z,86.69,2853.9
2024-12-05T05:00:00Z,99.57,1933.55
2024-12-05T05:30:00Z,99.82,2604.75
2024-12-05T06:00:00Z,102.42,2633.7
2024-12-05T06:30:00Z,103.61,3079.15
2024-12-05T07:00:00Z,106.31,3019.05
2024-12-05T07:30:00Z,113.56,3152.7
2024-12-05T08:00:00Z,111.73,3046.15
2024-12-05T08:30:00Z,116.9,3321.1
2024-12-05T09:00:00Z,94.75,3017.75
2024-12-05T09:30:00Z,102.45,3237.35
2024-12-05T10:00:00Z,102.43,3414.5
2024-12-05T10:30:00Z,100.37000000000002,3441.0
2024-12-05T11:00:00Z,94.15,3118.1
2024-12-05T11:30:00Z,93.28,2849.2
2024-12-05T12:00:00Z,98.5,2970.25
2024-12-05T12:30:00Z,100.01000000000002,2986.0
2024-12-05T13:00:00Z,104.51,3109.65
2024-12-05T13:30:00Z,104.34,3203.6
2024-12-05T14:00:00Z,99.48,2964.6
2024-12-05T14:30:00Z,93.24,3217.1
2024-12-05T15:00:00Z,100.49,3734.15
2024-12-05T15:30:00Z,104.56,4134.1
2024-12-05T16:00:00Z,107.46,4205.3
2024-12-05T16:30:00Z,107.89,4247.65
2024-12-05T17:00:00Z,103.84,4533.8
2024-12-05T17:30:00Z,96.77,4094.1
2024-12-05T18:00:00Z,94.49,4681.15
2024-12-05T18:30:00Z,94.05,5079.1
2024-12-05T19:00:00Z,90.02,3470.05
2024-12-05T19:30:00Z,84.39,3150.45
2024-12-05T20:00:00Z,78.23,2815.95
2024-12-05T20:30:00Z,64.41,2819.4
2024-12-05T21:00:00Z,63.97,3484.6
2024-12-05T21:30:00Z,46.44,3719.75
2024-12-05T22:00:00Z,36.82,3450.5
2024-12-05T22:30:00Z,20.89,3449.85
2024-12-05T23:00:00Z,13.46,1741.7
2024-12-05T23:30:00Z,3.68,1790.4
2024-12-06T00:00:00Z,2.98,1978.5
2024-12-06T00:30:00Z,7.24,1473.2
2024-12-06T01:00:00Z,1.56,1760.05
2024-12-06T01:30:00Z,3.88,1862.05
2024-12-06T02:00:00Z,16.01,3186.7
2024-12-06T02:30:00Z,13.04,3071.7
2024-12-06T03:00:00Z,7.0,1905.05
2024-12-06T03:30:00Z,7.0,2021.8
2024-12-06T04:00:00Z,7.98,1929.25
2024-12-06T04:30:00Z,11.07,2191.95
2024-12-06T05:00:00Z,48.0,2225.6
2024-12-06T05:30:00Z,67.08,2814.15
2024-12-06T06:00:00Z,74.38,2907.95
2024-12-06T06:30:00Z,88.91,3536.7
2024-12-06T07:00:00Z,97.62,2618.75
2024-12-06T07:30:00Z,103.97,2775.45
2024-12-06T08:00:00Z,104.85,2811.2
2024-12-06T08:30:00Z,104.43999999999998,2968.45
2024-12-06T09:00:00Z,90.66,2276.15
2024-12-06T09:30:00Z,95.86,3170.5
2024-12-06T10:00:00Z,93.6,2548.65
2024-12-06T10:30:00Z,98.49,2800.85
2024-12-06T11:00:00Z,89.72,2383.25
2024-12-06T11:30:00Z,96.35,2536.9
2024-12-06T12:00:00Z,101.51,2218.8
2024-12-06T12:30:00Z,104.2,2244.25
2024-12-06T13:00:00Z,99.8,2965.65
2024-12-06T13:30:00Z,99.82,3093.75
2024-12-06T14:00:00Z,98.88000000000001,2788.95
2024-12-06T14:30:00Z,97.11,2544.8
2024-12-06T15:00:00Z,107.83999999999999,2545.95
2024-12-06T15:30:00Z,106.24999999999999,2628.8
2024-12-06T16:00:00Z,111.14999999999999,2554.7
2024-12-06T16:30:00Z,105.16000000000001,2660.7
2024-12-06T17:00:00Z,112.35,3015.5
2024-12-06T17:30:00Z,104.55000000000001,2916.1
2024-12-06T18:00:00Z,110.76,3476.55
2024-12-06T18:30:00Z,98.07999999999998,3096.7
2024-12-06T19:00:00Z,90.42,2934.45
2024-12-06T19:30:00Z,99.38,3552.45
2024-12-06T20:00:00Z,90.23,3263.6
2024-12-06T20:30:00Z,88.67,3613.85
2024-12-06T21:00:00Z,82.77,2789.9
2024-12-06T21:30:00Z,81.05,2473.0
2024-12-06T22:00:00Z,77.97,2701.2
2024-12-06T22:30:00Z,70.79,2847.85
2024-12-06T23:00:00Z,65.82,2325.25
2024-12-06T23:30:00Z,66.03,2443.15
2024-12-07T00:00:00Z,56.56000000000001,2357.4
2024-12-07T00:30:00Z,57.93000000000001,2509.55
2024-12-07T01:00:00Z,54.1,2195.45
2024-12-07T01:30:00Z,50.35,2066.05
2024-12-07T02:00:00Z,44.91,2264.1
2024-12-07T02:30:00Z,42.78,2187.5
2024-12-07T03:00:00Z,39.1,1597.95
2024-12-07T03:30:00Z,42.44,1702.6
2024-12-07T04:00:00Z,46.49,2472.85
2024-12-07T04:30:00Z,49.88,2575.8
2024-12-07T05:00:00Z,32.12,3328.9
2024-12-07T05:30:00Z,28.16,3134.25
2024-12-07T06:00:00Z,32.0,3382.9
2024-12-07T06:30:00Z,33.85,3171.65
2024-12-07T07:00:00Z,30.16,2926.95
2024-12-07T07:30:00Z,39.96,3179.8
2024-12-07T08:00:00Z,32.22,2963.35
2024-12-07T08:30:00Z,55.62,2962.9
2024-12-07T09:00:00Z,86.04,3408.7
2024-12-07T09:30:00Z,97.98,3336.9
2024-12-07T10:00:00Z,101.19,3646.65
2024-12-07T10:30:00Z,104.42,3972.1
2024-12-07T11:00:00Z,112.44,3123.0
2024-12-07T11:30:00Z,111.31999999999998,3029.2
2024-12-07T12:00:00Z,110.71000000000001,2963.3
2024-12-07T12:30:00Z,109.36,3162.8
2024-12-07T13:00:00Z,107.54,2775.3
2024-12-07T13:30:00Z,104.1,2663.45
2024-12-07T14:00:00Z,103.99999999999999,3104.6
2024-12-07T14:30:00Z,100.64000000000001,3431.85
2024-12-07T15:00:00Z,92.4,2741.3
2024-12-07T15:30:00Z,93.83999999999999,2821.85
2024-12-07T16:00:00Z,101.95,2794.15
2024-12-07T16:30:00Z,103.21,3236.55
2024-12-07T17:00:00Z,104.14,3072.0
2024-12-07T17:30:00Z,104.42,3218.4
2024-12-07T18:00:00Z,99.90999999999998,3142.7
2024-12-07T18:30:00Z,96.36,3327.7
2024-12-07T19:00:00Z,90.06,2565.05
2024-12-07T19:30:00Z,74.28,2531.95
2024-12-07T20:00:00Z,71.42,2221.05
2024-12-07T20:30:00Z,55.24,2350.05
2024-12-07T21:00:00Z,52.50999999999999,2626.5
2024-12-07T21:30:00Z,50.75,2131.6
2024-12-07T22:00:00Z,54.699999999999996,2648.25
2024-12-07T22:30:00Z,36.19,2626.3
2024-12-07T23:00:00Z,48.949999999999996,1500.7
2024-12-07T23:30:00Z,42.74,1626.0
2024-12-08T00:00:00Z,32.45,1687.25
2024-12-08T00:30:00Z,39.85,1594.35
2024-12-08T01:00:00Z,31.31,1498.05
2024-12-08T01:30:00Z,24.11,1352.7
2024-12-08T02:00:00Z,21.95,1234.4
2024-12-08T02:30:00Z,17.97,1238.95
2024-12-08T03:00:00Z,9.07,1393.1
2024-12-08T03:30:00Z,6.68,1179.15
2024-12-08T04:00:00Z,20.24,1231.75
2024-12-08T04:30:00Z,17.32,1304.45
2024-12-08T05:00:00Z,11.17,1434.25
2024-12-08T05:30:00Z,9.73,1497.3
2024-12-08T06:00:00Z,9.55,1601.35
2024-12-08T06:30:00Z,31.86,1624.2
2024-12-08T07:00:00Z,26.399999999999995,2585.85
2024-12-08T07:30:00Z,24.83,2446.5
2024-12-08T08:00:00Z,21.2,2104.95
2024-12-08T08:30:00Z,35.75,2119.35
2024-12-08T09:00:00Z,33.0,2832.95
2024-12-08T09:30:00Z,60.89,2350.65
2024-12-08T10:00:00Z,66.52,2243.9
2024-12-08T10:30:00Z,66.6,2209.4
2024-12-08T11:00:00Z,70.27,2105.65
2024-12-08T11:30:00Z,72.38,2204.9
2024-12-08T12:00:00Z,80.73,2214.0
2024-12-08T12:30:00Z,78.42,2456.6
2024-12-08T13:00:00Z,90.97,2874.45
2024-12-08T13:30:00Z,92.57,2730.9
2024-12-08T14:00:00Z,91.84,2927.4
2024-12-08T14:30:00Z,96.52,3180.1
2024-12-08T15:00:00Z,102.9,3132.75
2024-12-08T15:30:00Z,106.97,2886.3
2024-12-08T16:00:00Z,109.54,2686.9
2024-12-08T16:30:00Z,112.46,2904.8
2024-12-08T17:00:00Z,113.76,2952.4
2024-12-08T17:30:00Z,116.42,2792.1
2024-12-08T18:00:00Z,116.65,2583.65
2024-12-08T18:30:00Z,114.37000000000002,2579.5
2024-12-08T19:00:00Z,100.0,2441.9
2024-12-08T19:30:00Z,94.75,2293.15
2024-12-08T20:00:00Z,94.55,2348.9
2024-12-08T20:30:00Z,95.29,2618.15
2024-12-08T21:00:00Z,98.05,1631.85
2024-12-08T21:30:00Z,97.93000000000002,1481.9
2024-12-08T22:00:00Z,82.12,1679.35
2024-12-08T22:30:00Z,62.10999999999999,1441.9
2024-12-08T23:00:00Z,39.05,1184.55
2024-12-08T23:30:00Z,36.98,1199.05
2024-12-09T00:00:00Z,34.19,1086.15
2024-12-09T00:30:00Z,42.16,1498.15
2024-12-09T01:00:00Z,27.35,1311.5
2024-12-09T01:30:00Z,18.39,1259.7
2024-12-09T02:00:00Z,16.15,1228.6
2024-12-09T02:30:00Z,11.81,1245.15
2024-12-09T03:00:00Z,5.07,1194.5
2024-12-09T03:30:00Z,6.71,1062.65
2024-12-09T04:00:00Z,7.32,1386.45
2024-12-09T04:30:00Z,6.36,1388.75
2024-12-09T05:00:00Z,20.63,1528.55
2024-12-09T05:30:00Z,30.97,1529.55
2024-12-09T06:00:00Z,72.56,2426.15
2024-12-09T06:30:00Z,84.25,2460.15
2024-12-09T07:00:00Z,93.82,2486.55
2024-12-09T07:30:00Z,100.13,2611.9
2024-12-09T08:00:00Z,101.92,1840.6
2024-12-09T08:30:00Z,105.74,1877.25
2024-12-09T09:00:00Z,118.47,2148.45
2024-12-09T09:30:00Z,117.23,2427.6
2024-12-09T10:00:00Z,118.01,2205.65
2024-12-09T10:30:00Z,116.44,2111.8
2024-12-09T11:00:00Z,118.98,2176.7
2024-12-09T11:30:00Z,120.36000000000001,2362.05
2024-12-09T12:00:00Z,117.07,2142.5
2024-12-09T12:30:00Z,117.07,2480.3
2024-12-09T13:00:00Z,114.12,1805.8
2024-12-09T13:30:00Z,112.68,2387.1
2024-12-09T14:00:00Z,112.5,2238.4
2024-12-09T14:30:00Z,114.39999999999999,2353.7
2024-12-09T15:00:00Z,118.53999999999999,2254.45
2024-12-09T15:30:00Z,123.62,1979.75
2024-12-09T16:00:00Z,129.43,2074.55
2024-12-09T16:30:00Z,127.95,2194.8
2024-12-09T17:00:00Z,127.41,2956.3
2024-12-09T17:30:00Z,129.59,2831.55
2024-12-09T18:00:00Z,130.18,2937.5
2024-12-09T18:30:00Z,126.36,2812.65
2024-12-09T19:00:00Z,130.63,3191.85
2024-12-09T19:30:00Z,119.80000000000001,2808.55
2024-12-09T20:00:00Z,113.69,2947.3
2024-12-09T20:30:00Z,111.32999999999998,2443.55
2024-12-09T21:00:00Z,104.88,2589.55
2024-12-09T21:30:00Z,99.11,2584.6
2024-12-09T22:00:00Z,94.24,3077.15
2024-12-09T22:30:00Z,92.34,2613.65
2024-12-09T23:00:00Z,92.88,2242.25
2024-12-09T23:30:00Z,86.29,1846.3
2024-12-10T00:00:00Z,89.4,1490.45
2024-12-10T00:30:00Z,92.33,2242.55
2024-12-10T01:00:00Z,88.09,2135.05
2024-12-10T01:30:00Z,87.60000000000001,1821.95
2024-12-10T02:00:00Z,84.31000000000002,1738.1
2024-12-10T02:30:00Z,83.45,1852.0
2024-12-10T03:00:00Z,81.08,1507.95
2024-12-10T03:30:00Z,80.79,1445.8
2024-12-10T04:00:00Z,80.84,1472.25
2024-12-10T04:30:00Z,75.66,1630.9
2024-12-10T05:00:00Z,83.67,2067.1
2024-12-10T05:30:00Z,72.48,2727.7
2024-12-10T06:00:00Z,90.39,2605.9
2024-12-10T06:30:00Z,86.99,2594.6
2024-12-10T07:00:00Z,96.82,2235.6
2024-12-10T07:30:00Z,129.24,2484.25
2024-12-10T08:00:00Z,123.15999999999998,2855.05
2024-12-10T08:30:00Z,118.23,2473.85
2024-12-10T09:00:00Z,96.47,2665.7
2024-12-10T09:30:00Z,96.75,2879.35
2024-12-10T10:00:00Z,94.67,2482.05
2024-12-10T10:30:00Z,93.8,2316.15
2024-12-10T11:00:00Z,91.66,2484.65
2024-12-10T11:30:00Z,91.56,2513.95
2024-12-10T12:00:00Z,98.38,2670.1
2024-12-10T12:30:00Z,105.87999999999998,2815.3
2024-12-10T13:00:00Z,111.89000000000001,2698.35
2024-12-10T13:30:00Z,114.34,3020.85
2024-12-10T14:00:00Z,117.69999999999999,2995.9
2024-12-10T14:30:00Z,120.09,2904.3
2024-12-10T15:00:00Z,149.83,3127.2
2024-12-10T15:30:00Z,154.86,3661.15
2024-12-10T16:00:00Z,145.37,3180.4
2024-12-10T16:30:00Z,146.56,3051.2
2024-12-10T17:00:00Z,156.19,2875.95
2024-12-10T17:30:00Z,158.94,3189.85
2024-12-10T18:00:00Z,161.37,3522.15
2024-12-10T18:30:00Z,163.33999999999997,3448.35
2024-12-10T19:00:00Z,137.1,2640.9
2024-12-10T19:30:00Z,129.44,2070.85
2024-12-10T20:00:00Z,122.63,2201.75
2024-12-10T20:30:00Z,119.26999999999998,1417.2
2024-12-10T21:00:00Z,116.54174439176279,1413.1
2024-12-10T21:30:00Z,109.17,1080.55
2024-12-10T22:00:00Z,110.85999999999999,1636.5
2024-12-10T22:30:00Z,97.39,1946.7
2024-12-10T23:00:00Z,92.66,1143.6
2024-12-10T23:30:00Z,95.03,1237.45
2024-12-11T00:00:00Z,101.64,1481.6
2024-12-11T00:30:00Z,107.80999999999999,1398.05
2024-12-11T01:00:00Z,93.85999999999999,1504.65
2024-12-11T01:30:00Z,91.23,1536.65
2024-12-11T02:00:00Z,82.69,1852.85
2024-12-11T02:30:00Z,86.78,2461.8
2024-12-11T03:00:00Z,95.95,2221.45
2024-12-11T03:30:00Z,83.23,2613.35
2024-12-11T04:00:00Z,87.12,2422.45
2024-12-11T04:30:00Z,81.25,2254.8
2024-12-11T05:00:00Z,84.36000000000001,1565.95
2024-12-11T05:30:00Z,88.92,2247.95
2024-12-11T06:00:00Z,92.59000000000002,1871.3
2024-12-11T06:30:00Z,130.32,2341.65
2024-12-11T07:00:00Z,174.46,2507.3
2024-12-11T07:30:00Z,204.52999999999997,2687.75
2024-12-11T08:00:00Z,162.72,2387.3
2024-12-11T08:30:00Z,198.12,2018.1
2024-12-11T09:00:00Z,208.91,2657.5
2024-12-11T09:30:00Z,214.92,2966.65
2024-12-11T10:00:00Z,208.55999999999997,2686.05
2024-12-11T10:30:00Z,203.63999999999996,3038.1
2024-12-11T11:00:00Z,180.74999999999997,3411.55
2024-12-11T11:30:00Z,185.41,3599.0
2024-12-11T12:00:00Z,194.82,3594.85
2024-12-11T12:30:00Z,220.32,4011.35
2024-12-11T13:00:00Z,221.83,3734.2
2024-12-11T13:30:00Z,220.72,3872.15
2024-12-11T14:00:00Z,215.3,3368.05
2024-12-11T14:30:00Z,209.76,3578.8
2024-12-11T15:00:00Z,256.44,2948.4
2024-12-11T15:30:00Z,257.13,3035.5
2024-12-11T16:00:00Z,308.82,3368.9
2024-12-11T16:30:00Z,281.43,3644.25
2024-12-11T17:00:00Z,238.66,3595.05
2024-12-11T17:30:00Z,241.63,3792.4
2024-12-11T18:00:00Z,262.95,3513.0
2024-12-11T18:30:00Z,223.91,3671.2
2024-12-11T19:00:00Z,157.42,2490.5
2024-12-11T19:30:00Z,149.23,2273.0
2024-12-11T20:00:00Z,163.08,2673.75
2024-12-11T20:30:00Z,149.6,2378.35
2024-12-11T21:00:00Z,132.96,1953.8
2024-12-11T21:30:00Z,115.89,1824.45
2024-12-11T22:00:00Z,129.84,1954.05
2024-12-11T22:30:00Z,118.76,1810.25
2024-12-11T23:00:00Z,110.88,1343.45
2024-12-11T23:30:00Z,95.64,1023.2
2024-12-12T00:00:00Z,101.98,876.45
2024-12-12T00:30:00Z,102.04,793.35
2024-12-12T01:00:00Z,95.88,1038.55
2024-12-12T01:30:00Z,91.31,1388.05
2024-12-12T02:00:00Z,88.28,1220.45
2024-12-12T02:30:00Z,88.59,975.4
2024-12-12T03:00:00Z,97.17999999999999,876.95
2024-12-12T03:30:00Z,98.39,1088.5
2024-12-12T04:00:00Z,99.0,1222.5
2024-12-12T04:30:00Z,95.06,1107.95
2024-12-12T05:00:00Z,102.15,1048.85
2024-12-12T05:30:00Z,113.94,1091.65
2024-12-12T06:00:00Z,109.58,1575.75
2024-12-12T06:30:00Z,141.28,1565.55
2024-12-12T07:00:00Z,166.41,1562.9
2024-12-12T07:30:00Z,241.68,1921.95
2024-12-12T08:00:00Z,243.57,1560.75
2024-12-12T08:30:00Z,283.46,1920.8
2024-12-12T09:00:00Z,276.05,2490.4
2024-12-12T09:30:00Z,293.86,2245.4
2024-12-12T10:00:00Z,302.25,2243.65
2024-12-12T10:30:00Z,294.3,2686.4
2024-12-12T11:00:00Z,287.82,2527.7
2024-12-12T11:30:00Z,272.58,2787.95
2024-12-12T12:00:00Z,238.35,3045.4
2024-12-12T12:30:00Z,231.74,4136.35
2024-12-12T13:00:00Z,256.89,3777.2
2024-12-12T13:30:00Z,262.9,3656.9
2024-12-12T14:00:00Z,283.56,3475.35
2024-12-12T14:30:00Z,329.35,3508.2
2024-12-12T15:00:00Z,327.04,2967.85
2024-12-12T15:30:00Z,332.09,3313.6
2024-12-12T16:00:00Z,342.17,3743.35
2024-12-12T16:30:00Z,369.52,3676.1
2024-12-12T17:00:00Z,316.5,3476.75
2024-12-12T17:30:00Z,302.9,3323.15
2024-12-12T18:00:00Z,280.49,3222.2
2024-12-12T18:30:00Z,247.82,3536.6
2024-12-12T19:00:00Z,160.68,2527.45
2024-12-12T19:30:00Z,146.77,2563.35
2024-12-12T20:00:00Z,137.98,1960.4
2024-12-12T20:30:00Z,127.48999999999998,2204.8
2024-12-12T21:00:00Z,138.69,1886.6
2024-12-12T21:30:00Z,110.52,1726.55
2024-12-12T22:00:00Z,124.93,2308.0
2024-12-12T22:30:00Z,107.81,1946.95
2024-12-12T23:00:00Z,117.14,1122.45
2024-12-12T23:30:00Z,96.33,1046.45
2024-12-13T00:00:00Z,97.96,996.8
2024-12-13T00:30:00Z,103.43,899.65
2024-12-13T01:00:00Z,94.27,1176.9
2024-12-13T01:30:00Z,86.52,1205.35
2024-12-13T02:00:00Z,87.58,1212.45
2024-12-13T02:30:00Z,83.86,1358.25
2024-12-13T03:00:00Z,78.14,1645.2
2024-12-13T03:30:00Z,77.46,1668.4
2024-12-13T04:00:00Z,81.51,1462.0
2024-12-13T04:30:00Z,79.34,1646.45
2024-12-13T05:00:00Z,87.02999999999999,1561.6
2024-12-13T05:30:00Z,86.9,1691.95
2024-12-13T06:00:00Z,110.83,1494.45
2024-12-13T06:30:00Z,132.58,1862.15
2024-12-13T07:00:00Z,135.56,2904.75
2024-12-13T07:30:00Z,147.02,2656.55
2024-12-13T08:00:00Z,139.94,2646.85
2024-12-13T08:30:00Z,150.11,2493.8
2024-12-13T09:00:00Z,134.99,2906.6
2024-12-13T09:30:00Z,137.82,2911.15
2024-12-13T10:00:00Z,147.64,3061.25
2024-12-13T10:30:00Z,143.0,4217.05
2024-12-13T11:00:00Z,142.92,2978.25
2024-12-13T11:30:00Z,142.9,3214.8
2024-12-13T12:00:00Z,137.57,3937.2
2024-12-13T12:30:00Z,134.57,3612.55
2024-12-13T13:00:00Z,135.95,3569.15
2024-12-13T13:30:00Z,133.51,3727.35
2024-12-13T14:00:00Z,141.67,3676.8
2024-12-13T14:30:00Z,138.03,3642.85
2024-12-13T15:00:00Z,145.02,3044.9
2024-12-13T15:30:00Z,149.58,2818.05
2024-12-13T16:00:00Z,143.67,2916.7
2024-12-13T16:30:00Z,142.84,2941.1
2024-12-13T17:00:00Z,142.98,3174.8
2024-12-13T17:30:00Z,140.3,3033.95
2024-12-13T18:00:00Z,132.26,2765.6
2024-12-13T18:30:00Z,130.95,2815.6
2024-12-13T19:00:00Z,112.68000000000002,2503.05
2024-12-13T19:30:00Z,107.49,2391.55
2024-12-13T20:00:00Z,109.89,2355.1
2024-12-13T20:30:00Z,96.96,2230.85
2024-12-13T21:00:00Z,99.06,1993.4
2024-12-13T21:30:00Z,92.15,2155.65
2024-12-13T22:00:00Z,94.89,2315.5
2024-12-13T22:30:00Z,97.33,2261.4
2024-12-13T23:00:00Z,95.84,1409.9
2024-12-13T23:30:00Z,103.85,1325.55
2024-12-14T00:00:00Z,98.41,1075.1
2024-12-14T00:30:00Z,95.98,1167.45
2024-12-14T01:00:00Z,88.76999999999998,836.4
2024-12-14T01:30:00Z,83.5,1109.15
2024-12-14T02:00:00Z,93.15,917.3
2024-12-14T02:30:00Z,85.8,1032.85
2024-12-14T03:00:00Z,79.73,1276.15
2024-12-14T03:30:00Z,67.29,1726.05
2024-12-14T04:00:00Z,76.28,1233.4
2024-12-14T04:30:00Z,77.78,1438.6
2024-12-14T05:00:00Z,83.68,1358.2
2024-12-14T05:30:00Z,84.32,1469.3
2024-12-14T06:00:00Z,87.91,1481.65
2024-12-14T06:30:00Z,98.53,1562.75
2024-12-14T07:00:00Z,104.42,1500.4
2024-12-14T07:30:00Z,109.71,1625.0
2024-12-14T08:00:00Z,94.96,1403.2
2024-12-14T08:30:00Z,98.54,1852.15
2024-12-14T09:00:00Z,98.21,1579.7
2024-12-14T09:30:00Z,90.22,1870.6
2024-12-14T10:00:00Z,93.65,2034.8
2024-12-14T10:30:00Z,91.11,2086.3
2024-12-14T11:00:00Z,97.67,2288.55
2024-12-14T11:30:00Z,91.84,2123.8
2024-12-14T12:00:00Z,88.18,2027.35
2024-12-14T12:30:00Z,84.45,2232.55
2024-12-14T13:00:00Z,74.96,2164.55
2024-12-14T13:30:00Z,79.11,2496.75
2024-12-14T14:00:00Z,75.36,2359.5
2024-12-14T14:30:00Z,83.14,2731.05
2024-12-14T15:00:00Z,82.68,2160.4
2024-12-14T15:30:00Z,91.21,2191.0
2024-12-14T16:00:00Z,97.91,2514.0
2024-12-14T16:30:00Z,98.09,2423.45
2024-12-14T17:00:00Z,99.41,2002.35
2024-12-14T17:30:00Z,99.03,2127.85
2024-12-14T18:00:00Z,94.42,1922.75
2024-12-14T18:30:00Z,87.61,2178.45
2024-12-14T19:00:00Z,84.99,1895.8
2024-12-14T19:30:00Z,84.07,2005.5
2024-12-14T20:00:00Z,84.13999999999999,1718.05
2024-12-14T20:30:00Z,81.56,2095.4
2024-12-14T21:00:00Z,83.48,2131.85
2024-12-14T21:30:00Z,78.79,1696.4
2024-12-14T22:00:00Z,72.77,1943.05
2024-12-14T22:30:00Z,62.67,2228.4
2024-12-14T23:00:00Z,49.27,1891.65
2024-12-14T23:30:00Z,46.92,1734.8
2024-12-15T00:00:00Z,50.56,1897.4
2024-12-15T00:30:00Z,53.27,1825.4
2024-12-15T01:00:00Z,60.01,1711.15
2024-12-15T01:30:00Z,50.98,1736.75
2024-12-15T02:00:00Z,50.74,2418.75
2024-12-15T02:30:00Z,41.76,2215.55
2024-12-15T03:00:00Z,43.620000000000005,1868.25
2024-12-15T03:30:00Z,34.13,1865.65
2024-12-15T04:00:00Z,38.25,1734.4
2024-12-15T04:30:00Z,34.62,1961.65
2024-12-15T05:00:00Z,33.26,1585.95
2024-12-15T05:30:00Z,30.46,1789.95
2024-12-15T06:00:00Z,34.15,1424.4
2024-12-15T06:30:00Z,42.7,1817.05
2024-12-15T07:00:00Z,30.87,2045.4
2024-12-15T07:30:00Z,44.72999999999999,1692.7
2024-12-15T08:00:00Z,49.36,1813.8
2024-12-15T08:30:00Z,59.69,2314.15
2024-12-15T09:00:00Z,61.8,2220.0
2024-12-15T09:30:00Z,66.61,2142.1
2024-12-15T10:00:00Z,61.370000000000005,2151.3
2024-12-15T10:30:00Z,60.26,2623.6
2024-12-15T11:00:00Z,58.05,2128.3
2024-12-15T11:30:00Z,58.88,2500.55
2024-12-15T12:00:00Z,50.89,2353.75
2024-12-15T12:30:00Z,55.93999999999999,2721.6
2024-12-15T13:00:00Z,55.22,2337.65
2024-12-15T13:30:00Z,53.16,2464.35
2024-12-15T14:00:00Z,52.9,2221.05
2024-12-15T14:30:00Z,49.96,2436.95
2024-12-15T15:00:00Z,51.0,2016.4
2024-12-15T15:30:00Z,63.06,2376.4
2024-12-15T16:00:00Z,73.43,1811.75
2024-12-15T16:30:00Z,81.15,1914.75
2024-12-15T17:00:00Z,87.55,1927.05
2024-12-15T17:30:00Z,89.86,2040.0
2024-12-15T18:00:00Z,86.97,1779.4
2024-12-15T18:30:00Z,74.38,1628.5
2024-12-15T19:00:00Z,61.68999999999999,1601.85
2024-12-15T19:30:00Z,55.0,1440.1
2024-12-15T20:00:00Z,63.33,1514.7
2024-12-15T20:30:00Z,40.25,1730.3
2024-12-15T21:00:00Z,44.0,2083.6
2024-12-15T21:30:00Z,19.57,1838.25
2024-12-15T22:00:00Z,22.34,1891.3
2024-12-15T22:30:00Z,6.08,2230.35
2024-12-15T23:00:00Z,3.28,973.65
2024-12-15T23:30:00Z,0.57,1091.0
2024-12-16T00:00:00Z,7.73,990.85
2024-12-16T00:30:00Z,10.25,956.7
2024-12-16T01:00:00Z,9.96,1213.75
2024-12-16T01:30:00Z,8.08,1344.3
2024-12-16T02:00:00Z,11.46,1505.45
2024-12-16T02:30:00Z,6.410000000000001,1429.45
2024-12-16T03:00:00Z,9.14,1379.05
2024-12-16T03:30:00Z,7.389999999999999,1363.3
2024-12-16T04:00:00Z,7.530000000000001,1383.65
2024-12-16T04:30:00Z,17.05,1648.3
2024-12-16T05:00:00Z,22.320000000000004,1919.7
2024-12-16T05:30:00Z,43.01,2328.65
2024-12-16T06:00:00Z,69.35,2054.0
2024-12-16T06:30:00Z,77.97,2200.45
2024-12-16T07:00:00Z,91.48,1747.8
2024-12-16T07:30:00Z,98.49,1830.45
2024-12-16T08:00:00Z,97.87,1735.65
2024-12-16T08:30:00Z,99.99,1857.2
2024-12-16T09:00:00Z,93.38,1864.15
2024-12-16T09:30:00Z,91.69,2044.8
2024-12-16T10:00:00Z,90.18,2261.55
2024-12-16T10:30:00Z,86.8,2524.1
2024-12-16T11:00:00Z,78.34,2357.75
2024-12-16T11:30:00Z,71.53,2794.1
2024-12-16T12:00:00Z,71.58,2619.6
2024-12-16T12:30:00Z,74.09,2474.3
2024-12-16T13:00:00Z,74.1,2466.1
2024-12-16T13:30:00Z,76.85,2608.3
2024-12-16T14:00:00Z,83.27,2921.0
2024-12-16T14:30:00Z,80.97,3066.15
2024-12-16T15:00:00Z,89.04,2221.2
2024-12-16T15:30:00Z,90.69,2785.9
2024-12-16T16:00:00Z,95.52,2485.85
2024-12-16T16:30:00Z,101.54,2597.7
2024-12-16T17:00:00Z,104.65,2750.4
2024-12-16T17:30:00Z,103.40999999999998,2644.2
2024-12-16T18:00:00Z,102.42999999999999,2706.85
2024-12-16T18:30:00Z,100.50999999999999,2614.2
2024-12-16T19:00:00Z,91.28,2403.95
2024-12-16T19:30:00Z,92.29,2434.15
2024-12-16T20:00:00Z,88.93,2472.25
2024-12-16T20:30:00Z,86.83,2422.9
2024-12-16T21:00:00Z,84.0,3031.45
2024-12-16T21:30:00Z,85.42,2840.25
2024-12-16T22:00:00Z,82.55,2425.4
2024-12-16T22:30:00Z,77.33,2494.05
2024-12-16T23:00:00Z,47.85999999999999,1735.85
2024-12-16T23:30:00Z,43.98,2013.4
2024-12-17T00:00:00Z,44.58,2648.85
2024-12-17T00:30:00Z,45.38,2495.3
2024-12-17T01:00:00Z,54.260000000000005,2804.0
2024-12-17T01:30:00Z,60.92999999999999,2418.1
2024-12-17T02:00:00Z,57.49,2687.7
2024-12-17T02:30:00Z,63.15999999999999,2271.3
2024-12-17T03:00:00Z,71.43,2251.15
2024-12-17T03:30:00Z,71.71,2059.7
2024-12-17T04:00:00Z,77.42,1954.85
2024-12-17T04:30:00Z,77.25,2238.15
2024-12-17T05:00:00Z,97.08,2225.65
2024-12-17T05:30:00Z,92.44,2376.9
2024-12-17T06:00:00Z,90.32,2420.85
2024-12-17T06:30:00Z,91.66,2654.85
2024-12-17T07:00:00Z,101.38,2493.4
2024-12-17T07:30:00Z,108.09,2472.5
2024-12-17T08:00:00Z,102.58000000000001,2792.55
2024-12-17T08:30:00Z,103.01000000000002,3001.3
2024-12-17T09:00:00Z,100.82,2877.65
2024-12-17T09:30:00Z,98.24,2936.55
2024-12-17T10:00:00Z,90.4,3405.5
2024-12-17T10:30:00Z,81.7,3273.4
2024-12-17T11:00:00Z,93.31,3109.2
2024-12-17T11:30:00Z,89.12000000000002,3326.55
2024-12-17T12:00:00Z,88.4,3471.45
2024-12-17T12:30:00Z,82.94,3024.8
2024-12-17T13:00:00Z,88.17,2986.8
2024-12-17T13:30:00Z,77.9,2767.3
2024-12-17T14:00:00Z,82.09,2804.05
2024-12-17T14:30:00Z,82.84,3202.9
2024-12-17T15:00:00Z,89.25,2442.1
2024-12-17T15:30:00Z,90.95,2390.5
2024-12-17T16:00:00Z,97.05,2367.35
2024-12-17T16:30:00Z,96.76,2486.35
2024-12-17T17:00:00Z,89.42,2395.1
2024-12-17T17:30:00Z,93.94000000000001,2924.2
2024-12-17T18:00:00Z,93.47000000000001,3049.8
2024-12-17T18:30:00Z,91.96,3546.25
2024-12-17T19:00:00Z,84.28000000000002,3281.6
2024-12-17T19:30:00Z,82.45,3094.5
2024-12-17T20:00:00Z,85.21,2822.8
2024-12-17T20:30:00Z,76.63,2525.75
2024-12-17T21:00:00Z,75.32,2660.5
2024-12-17T21:30:00Z,53.76,2625.25
2024-12-17T22:00:00Z,44.5,2357.05
2024-12-17T22:30:00Z,35.87,2551.6
2024-12-17T23:00:00Z,27.56,1939.6
2024-12-17T23:30:00Z,13.720000000000002,1748.85
2024-12-18T00:00:00Z,19.2,1861.0
2024-12-18T00:30:00Z,25.83,1890.4
2024-12-18T01:00:00Z,16.86,2102.35
2024-12-18T01:30:00Z,13.11,2391.4
2024-12-18T02:00:00Z,20.79,2724.75
2024-12-18T02:30:00Z,14.989999999999998,2626.15
2024-12-18T03:00:00Z,4.13,2268.45
2024-12-18T03:30:00Z,2.67,2247.5
2024-12-18T04:00:00Z,3.65,2010.55
2024-12-18T04:30:00Z,1.92,2065.6
2024-12-18T05:00:00Z,3.31,1920.95
2024-12-18T05:30:00Z,8.52,2227.25
2024-12-18T06:00:00Z,30.15,2971.75
2024-12-18T06:30:00Z,53.03,4138.9
2024-12-18T07:00:00Z,45.56,2669.2
2024-12-18T07:30:00Z,57.18000000000001,2587.75
2024-12-18T08:00:00Z,51.89000000000001,2924.3
2024-12-18T08:30:00Z,59.50999999999999,3099.95
2024-12-18T09:00:00Z,49.14999999999999,2783.45
2024-12-18T09:30:00Z,49.33,3096.85
2024-12-18T10:00:00Z,53.92,3039.85
2024-12-18T10:30:00Z,52.45000000000001,3188.05
2024-12-18T11:00:00Z,53.57,2580.0
2024-12-18T11:30:00Z,48.57,2767.0
2024-12-18T12:00:00Z,51.79,2715.8
2024-12-18T12:30:00Z,57.85999999999999,2951.0
2024-12-18T13:00:00Z,53.970000000000006,2604.1
2024-12-18T13:30:00Z,66.27,2571.85
2024-12-18T14:00:00Z,64.52,2879.55
2024-12-18T14:30:00Z,73.94,3144.4
2024-12-18T15:00:00Z,84.95,2731.75
2024-12-18T15:30:00Z,82.8,2592.75
2024-12-18T16:00:00Z,79.45,2582.15
2024-12-18T16:30:00Z,90.46999999999998,3041.85
2024-12-18T17:00:00Z,95.78,2967.8
2024-12-18T17:30:00Z,98.86,2769.35
2024-12-18T18:00:00Z,103.08,2333.55
2024-12-18T18:30:00Z,104.53999999999999,2609.85
2024-12-18T19:00:00Z,98.35,2448.65
2024-12-18T19:30:00Z,92.93,2433.5
2024-12-18T20:00:00Z,94.26,2261.9
2024-12-18T20:30:00Z,91.63,2434.15
2024-12-18T21:00:00Z,84.53,2533.5
2024-12-18T21:30:00Z,84.05,2806.5
2024-12-18T22:00:00Z,85.27,2344.85
2024-12-18T22:30:00Z,80.12,2632.65
2024-12-18T23:00:00Z,72.46,2882.15
2024-12-18T23:30:00Z,48.91,1655.9
2024-12-19T00:00:00Z,36.54,2256.2
2024-12-19T00:30:00Z,17.9,2026.6
2024-12-19T01:00:00Z,7.82,2355.95
2024-12-19T01:30:00Z,-4.24,2290.05
2024-12-19T02:00:00Z,-2.63,2538.25
2024-12-19T02:30:00Z,-5.42,2391.5
2024-12-19T03:00:00Z,-10.22,2626.1
2024-12-19T03:30:00Z,-12.27,2313.4
2024-12-19T04:00:00Z,-8.22,2358.8
2024-12-19T04:30:00Z,-7.470000000000001,2297.6
2024-12-19T05:00:00Z,1.57,1816.05
2024-12-19T05:30:00Z,11.63,2241.65
2024-12-19T06:00:00Z,22.21,2046.95
2024-12-19T06:30:00Z,50.81,2501.9
2024-12-19T07:00:00Z,36.39,1892.7
2024-12-19T07:30:00Z,65.03,2509.7
2024-12-19T08:00:00Z,81.74,2587.55
2024-12-19T08:30:00Z,81.13,2460.9
2024-12-19T09:00:00Z,87.11,2476.1
2024-12-19T09:30:00Z,87.14,2369.0
2024-12-19T10:00:00Z,83.86,2010.3
2024-12-19T10:30:00Z,66.83,2391.1
2024-12-19T11:00:00Z,64.75,2421.3
2024-12-19T11:30:00Z,56.74,2693.0
2024-12-19T12:00:00Z,51.45,3206.0
2024-12-19T12:30:00Z,48.18,3850.55
2024-12-19T13:00:00Z,43.81,3288.95
2024-12-19T13:30:00Z,50.53,3454.85
2024-12-19T14:00:00Z,57.31,3627.05
2024-12-19T14:30:00Z,66.22,3749.7
2024-12-19T15:00:00Z,63.47999999999999,3445.0
2024-12-19T15:30:00Z,75.34,2920.3
2024-12-19T16:00:00Z,82.32,2461.1
2024-12-19T16:30:00Z,92.49,2753.4
2024-12-19T17:00:00Z,95.58,2727.5
2024-12-19T17:30:00Z,97.76,2654.95
2024-12-19T18:00:00Z,96.16,2613.9
2024-12-19T18:30:00Z,93.94,2567.95
2024-12-19T19:00:00Z,97.28,2136.6
2024-12-19T19:30:00Z,97.99,2239.3
2024-12-19T20:00:00Z,98.05,2106.3
2024-12-19T20:30:00Z,94.15,2427.6
2024-12-19T21:00:00Z,96.68,2064.8
2024-12-19T21:30:00Z,98.98,2051.35
2024-12-19T22:00:00Z,97.02000000000001,1948.7
2024-12-19T22:30:00Z,91.04,1636.15
2024-12-19T23:00:00Z,81.58000000000001,1903.3
2024-12-19T23:30:00Z,69.44,2101.05
2024-12-20T00:00:00Z,79.26,1897.5
2024-12-20T00:30:00Z,76.28,2243.5
2024-12-20T01:00:00Z,74.81,2285.05
2024-12-20T01:30:00Z,64.61,2238.45
2024-12-20T02:00:00Z,47.05,2313.5
2024-12-20T02:30:00Z,41.25,2867.0
2024-12-20T03:00:00Z,55.92,2664.05
2024-12-20T03:30:00Z,45.41,2835.6
2024-12-20T04:00:00Z,59.95000000000001,2689.1
2024-12-20T04:30:00Z,52.39,2599.5
2024-12-20T05:00:00Z,78.72,2394.2
2024-12-20T05:30:00Z,82.92,2766.45
2024-12-20T06:00:00Z,97.68,2042.0
2024-12-20T06:30:00Z,102.4,2280.85
2024-12-20T07:00:00Z,102.85,2832.1
2024-12-20T07:30:00Z,107.22,2381.55
2024-12-20T08:00:00Z,106.15,1859.85
2024-12-20T08:30:00Z,107.18,2099.05
2024-12-20T09:00:00Z,103.96,2325.7
2024-12-20T09:30:00Z,102.00000000000001,2756.35
2024-12-20T10:00:00Z,93.93,3028.95
2024-12-20T10:30:00Z,87.65,3173.4
2024-12-20T11:00:00Z,75.88,2723.65
2024-12-20T11:30:00Z,71.91,3258.1
2024-12-20T12:00:00Z,78.91,3451.8
2024-12-20T12:30:00Z,83.96,3556.5
2024-12-20T13:00:00Z,80.66,3350.85
2024-12-20T13:30:00Z,75.07,3817.55
2024-12-20T14:00:00Z,79.84,4649.35
2024-12-20T14:30:00Z,68.65,4433.65
2024-12-20T15:00:00Z,57.36,2894.8
2024-12-20T15:30:00Z,81.12,3347.55
2024-12-20T16:00:00Z,84.82,2529.15
2024-12-20T16:30:00Z,86.63,2769.6
2024-12-20T17:00:00Z,92.87,2685.1
2024-12-20T17:30:00Z,92.42,2670.0
2024-12-20T18:00:00Z,86.55,2608.0
2024-12-20T18:30:00Z,85.59,2112.3
2024-12-20T19:00:00Z,72.99,1802.1
2024-12-20T19:30:00Z,61.4,2052.2
2024-12-20T20:00:00Z,69.93,2128.6
2024-12-20T20:30:00Z,72.18,2101.3
2024-12-20T21:00:00Z,73.96,2679.65
2024-12-20T21:30:00Z,61.419999999999995,2376.55
2024-12-20T22:00:00Z,44.47,2240.85
2024-12-20T22:30:00Z,27.13,2195.6
2024-12-20T23:00:00Z,15.75,1833.65
2024-12-20T23:30:00Z,5.790000000000001,1836.65
2024-12-21T00:00:00Z,6.13,1940.4
2024-12-21T00:30:00Z,5.67,1729.8
2024-12-21T01:00:00Z,9.37,2342.5
2024-12-21T01:30:00Z,4.47,2358.85
2024-12-21T02:00:00Z,9.53,2275.1
2024-12-21T02:30:00Z,6.57,2152.05
2024-12-21T03:00:00Z,7.43,1161.3
2024-12-21T03:30:00Z,3.0100000000000002,1453.85
2024-12-21T04:00:00Z,7.31,1001.85
2024-12-21T04:30:00Z,0.75,1196.65
2024-12-21T05:00:00Z,1.64,1156.1
2024-12-21T05:30:00Z,2.87,1358.4
2024-12-21T06:00:00Z,1.55,1460.75
2024-12-21T06:30:00Z,8.23,1288.25
2024-12-21T07:00:00Z,11.560000000000002,1831.85
2024-12-21T07:30:00Z,17.06,1841.05
2024-12-21T08:00:00Z,12.590000000000002,1821.35
2024-12-21T08:30:00Z,20.6,1984.85
2024-12-21T09:00:00Z,14.28,2032.2
2024-12-21T09:30:00Z,24.06,2229.4
2024-12-21T10:00:00Z,18.31,1874.05
2024-12-21T10:30:00Z,17.57,1841.65
2024-12-21T11:00:00Z,17.7,2172.75
2024-12-21T11:30:00Z,19.04,2281.05
2024-12-21T12:00:00Z,13.41,2056.45
2024-12-21T12:30:00Z,12.4,1828.15
2024-12-21T13:00:00Z,13.49,1728.25
2024-12-21T13:30:00Z,11.37,1831.25
2024-12-21T14:00:00Z,14.56,1855.5
2024-12-21T14:30:00Z,14.74,2049.6
2024-12-21T15:00:00Z,18.24,2297.9
2024-12-21T15:30:00Z,23.25,2348.45
2024-12-21T16:00:00Z,21.29,2322.3
2024-12-21T16:30:00Z,29.1,2459.3
2024-12-21T17:00:00Z,28.66,2432.3
2024-12-21T17:30:00Z,26.1,2446.85
2024-12-21T18:00:00Z,23.2,2227.75
2024-12-21T18:30:00Z,13.02,2019.1
2024-12-21T19:00:00Z,11.95,1933.1
2024-12-21T19:30:00Z,5.32,1966.9
2024-12-21T20:00:00Z,9.68,1785.9
2024-12-21T20:30:00Z,3.68,2105.0
2024-12-21T21:00:00Z,10.67,1990.35
2024-12-21T21:30:00Z,3.41,2010.3
2024-12-21T22:00:00Z,3.25,1992.2
2024-12-21T22:30:00Z,0.85,1869.4
2024-12-21T23:00:00Z,1.35,1800.05
2024-12-21T23:30:00Z,-6.83,1833.5
2024-12-22T00:00:00Z,6.64,1986.4
2024-12-22T00:30:00Z,10.569999999999999,1598.4
2024-12-22T01:00:00Z,1.83,2128.95
2024-12-22T01:30:00Z,-2.92,2096.2
2024-12-22T02:00:00Z,1.95,1871.0
2024-12-22T02:30:00Z,-0.94,1989.35
2024-12-22T03:00:00Z,0.0,1442.8
2024-12-22T03:30:00Z,-2.61,1491.35
2024-12-22T04:00:00Z,-1.32,1454.65
2024-12-22T04:30:00Z,-1.31,1440.15
2024-12-22T05:00:00Z,-2.11,1262.15
2024-12-22T05:30:00Z,-0.86,1070.85
2024-12-22T06:00:00Z,3.7899999999999996,1159.55
2024-12-22T06:30:00Z,7.610000000000001,1219.7
2024-12-22T07:00:00Z,17.97,2205.8
2024-12-22T07:30:00Z,32.56,2402.05
2024-12-22T08:00:00Z,48.98,2891.1
2024-12-22T08:30:00Z,61.89,3040.65
2024-12-22T09:00:00Z,47.88,3190.5
2024-12-22T09:30:00Z,62.78000000000001,3508.1
2024-12-22T10:00:00Z,56.86,3026.85
2024-12-22T10:30:00Z,53.32,3328.2
2024-12-22T11:00:00Z,47.16,2647.6
2024-12-22T11:30:00Z,42.44,2820.05
2024-12-22T12:00:00Z,37.35,2836.55
2024-12-22T12:30:00Z,37.51,2889.3
2024-12-22T13:00:00Z,28.78,2923.85
2024-12-22T13:30:00Z,28.88,2709.1
2024-12-22T14:00:00Z,39.51,3001.35
2024-12-22T14:30:00Z,44.16,2910.65
2024-12-22T15:00:00Z,53.86,3097.75
2024-12-22T15:30:00Z,65.28,3060.6
2024-12-22T16:00:00Z,71.14,2586.75
2024-12-22T16:30:00Z,82.51,2575.4
2024-12-22T17:00:00Z,85.27,1998.0
2024-12-22T17:30:00Z,85.43,1951.85
2024-12-22T18:00:00Z,87.33,2538.05
2024-12-22T18:30:00Z,83.3,2059.95
2024-12-22T19:00:00Z,88.96,2347.95
2024-12-22T19:30:00Z,81.21,2710.45
2024-12-22T20:00:00Z,83.51,2507.7
2024-12-22T20:30:00Z,76.16,2750.3
2024-12-22T21:00:00Z,71.1,2605.35
2024-12-22T21:30:00Z,62.60000000000001,2596.15
2024-12-22T22:00:00Z,67.64,2803.2
2024-12-22T22:30:00Z,53.14,2960.0
2024-12-22T23:00:00Z,56.03,2210.45
2024-12-22T23:30:00Z,35.1,1922.85
2024-12-23T00:00:00Z,17.24,1993.75
2024-12-23T00:30:00Z,25.95,1984.5
2024-12-23T01:00:00Z,18.08,2137.2
2024-12-23T01:30:00Z,17.08,1799.2
2024-12-23T02:00:00Z,29.21,2215.0
2024-12-23T02:30:00Z,27.3,2211.65
2024-12-23T03:00:00Z,14.44,1795.95
2024-12-23T03:30:00Z,21.99,1936.4
2024-12-23T04:00:00Z,19.64,1959.0
2024-12-23T04:30:00Z,23.0,1956.7
2024-12-23T05:00:00Z,27.35,2273.05
2024-12-23T05:30:00Z,52.98,2399.95
2024-12-23T06:00:00Z,60.67,2150.05
2024-12-23T06:30:00Z,93.93,2302.7
2024-12-23T07:00:00Z,98.09,1995.5
2024-12-23T07:30:00Z,101.9,2466.6
2024-12-23T08:00:00Z,101.25,2360.65
2024-12-23T08:30:00Z,99.75,2534.75
2024-12-23T09:00:00Z,96.36,2796.65
2024-12-23T09:30:00Z,99.65,2453.05
2024-12-23T10:00:00Z,94.69,2236.65
2024-12-23T10:30:00Z,94.76,2471.3
2024-12-23T11:00:00Z,102.13,2052.2
2024-12-23T11:30:00Z,101.82,2158.3
2024-12-23T12:00:00Z,99.59,1887.8
2024-12-23T12:30:00Z,95.79,2193.5
2024-12-23T13:00:00Z,93.87,2261.65
2024-12-23T13:30:00Z,90.96,2503.85
2024-12-23T14:00:00Z,86.09,2293.4
2024-12-23T14:30:00Z,82.87,2629.55
2024-12-23T15:00:00Z,89.82,2519.8
2024-12-23T15:30:00Z,98.61,2333.35
2024-12-23T16:00:00Z,96.03,2261.6
2024-12-23T16:30:00Z,97.34,2494.65
2024-12-23T17:00:00Z,100.14,2401.55
2024-12-23T17:30:00Z,100.72,2463.05
2024-12-23T18:00:00Z,103.26,2828.05
2024-12-23T18:30:00Z,100.41,2874.7
2024-12-23T19:00:00Z,93.3,2683.2
2024-12-23T19:30:00Z,89.99,2833.35
2024-12-23T20:00:00Z,85.9,2556.9
2024-12-23T20:30:00Z,84.99,2866.8
2024-12-23T21:00:00Z,92.16,3220.5
2024-12-23T21:30:00Z,94.03,3548.15
2024-12-23T22:00:00Z,86.54000000000002,3128.55
2024-12-23T22:30:00Z,79.01,3048.3
2024-12-23T23:00:00Z,71.4,1661.3
2024-12-23T23:30:00Z,58.69,1548.9
2024-12-24T00:00:00Z,77.43,2283.3
2024-12-24T00:30:00Z,80.54999999999998,1650.15
2024-12-24T01:00:00Z,80.08,2205.05
2024-12-24T01:30:00Z,70.03,2260.6
2024-12-24T02:00:00Z,75.36,2054.0
2024-12-24T02:30:00Z,75.57,2397.45
2024-12-24T03:00:00Z,84.77,2271.4
2024-12-24T03:30:00Z,81.66,2656.95
2024-12-24T04:00:00Z,81.92,2119.85
2024-12-24T04:30:00Z,78.85,2695.05
2024-12-24T05:00:00Z,86.72,1832.95
2024-12-24T05:30:00Z,85.24,2096.0
2024-12-24T06:00:00Z,90.69,1792.7
2024-12-24T06:30:00Z,96.16,2546.1
2024-12-24T07:00:00Z,99.65,1913.6
2024-12-24T07:30:00Z,109.46,1828.95
2024-12-24T08:00:00Z,106.1,2175.25
2024-12-24T08:30:00Z,109.25,1996.4
2024-12-24T09:00:00Z,103.17,2622.05
2024-12-24T09:30:00Z,100.57000000000001,2675.95
2024-12-24T10:00:00Z,102.7,2719.95
2024-12-24T10:30:00Z,99.46,2692.4
2024-12-24T11:00:00Z,96.46,2526.4
2024-12-24T11:30:00Z,99.26,2856.8
2024-12-24T12:00:00Z,97.7,2573.3
2024-12-24T12:30:00Z,97.9,2677.2
2024-12-24T13:00:00Z,97.80999999999999,2752.75
2024-12-24T13:30:00Z,94.09000000000002,3025.9
2024-12-24T14:00:00Z,95.13,3012.75
2024-12-24T14:30:00Z,92.71,2675.4
2024-12-24T15:00:00Z,100.52,2591.7
2024-12-24T15:30:00Z,104.30999999999999,2954.65
2024-12-24T16:00:00Z,104.82,2322.65
2024-12-24T16:30:00Z,110.41,2448.9
2024-12-24T17:00:00Z,107.78,2354.25
2024-12-24T17:30:00Z,107.9,2197.0
2024-12-24T18:00:00Z,107.64,2227.75
2024-12-24T18:30:00Z,103.02,2453.4
2024-12-24T19:00:00Z,101.62,2322.85
2024-12-24T19:30:00Z,101.34,2202.3
2024-12-24T20:00:00Z,98.29,2324.15
2024-12-24T20:30:00Z,87.43,2419.8
2024-12-24T21:00:00Z,85.09,2703.1
2024-12-24T21:30:00Z,77.64000000000001,1824.0
2024-12-24T22:00:00Z,77.22,2305.8
2024-12-24T22:30:00Z,69.46,2207.65
2024-12-24T23:00:00Z,77.22,1674.5
2024-12-24T23:30:00Z,67.96,1472.1
2024-12-25T00:00:00Z,73.76,1541.2
2024-12-25T00:30:00Z,81.14,1785.5
2024-12-25T01:00:00Z,77.05,2392.1
2024-12-25T01:30:00Z,72.33,2086.7
2024-12-25T02:00:00Z,72.22,2822.1
2024-12-25T02:30:00Z,63.25,2679.45
2024-12-25T03:00:00Z,67.67,2609.95
2024-12-25T03:30:00Z,65.43,2811.15
2024-12-25T04:00:00Z,73.49,2136.25
2024-12-25T04:30:00Z,70.82,2646.75
2024-12-25T05:00:00Z,68.92,2416.05
2024-12-25T05:30:00Z,69.97,2705.65
2024-12-25T06:00:00Z,63.06,2938.1
2024-12-25T06:30:00Z,62.65,2909.45
2024-12-25T07:00:00Z,68.46,2440.4
2024-12-25T07:30:00Z,74.02,2091.55
2024-12-25T08:00:00Z,60.85000000000001,2257.0
2024-12-25T08:30:00Z,78.62,2099.35
2024-12-25T09:00:00Z,71.86,1768.9
2024-12-25T09:30:00Z,74.2,1755.15
2024-12-25T10:00:00Z,76.14,1717.9
2024-12-25T10:30:00Z,83.95,1720.2
2024-12-25T11:00:00Z,96.45,1751.2
2024-12-25T11:30:00Z,103.43,1748.4
2024-12-25T12:00:00Z,109.46,1705.05
2024-12-25T12:30:00Z,111.84000000000002,1604.6
2024-12-25T13:00:00Z,114.37,1642.65
2024-12-25T13:30:00Z,116.06,1778.95
2024-12-25T14:00:00Z,116.42,1691.35
2024-12-25T14:30:00Z,116.37,2003.8
2024-12-25T15:00:00Z,118.32,1935.95
2024-12-25T15:30:00Z,115.16,2129.3
2024-12-25T16:00:00Z,108.53,2503.35
2024-12-25T16:30:00Z,103.96,2713.65
2024-12-25T17:00:00Z,106.8,2235.85
2024-12-25T17:30:00Z,101.81,2099.9
2024-12-25T18:00:00Z,105.46,1974.7
2024-12-25T18:30:00Z,98.41,1860.4
2024-12-25T19:00:00Z,91.87,2226.4
2024-12-25T19:30:00Z,91.75,2272.1
2024-12-25T20:00:00Z,88.71,2403.4
2024-12-25T20:30:00Z,88.85,2607.1
2024-12-25T21:00:00Z,94.81,2050.25
2024-12-25T21:30:00Z,94.69,2201.9
2024-12-25T22:00:00Z,93.0,2596.7
2024-12-25T22:30:00Z,95.09,2803.0
2024-12-25T23:00:00Z,87.28,1955.15
2024-12-25T23:30:00Z,85.57,1670.7
2024-12-26T00:00:00Z,79.76,1906.55
2024-12-26T00:30:00Z,87.41,2107.0
2024-12-26T01:00:00Z,87.28,2106.9
2024-12-26T01:30:00Z,86.61,2166.3
2024-12-26T02:00:00Z,84.45,2145.7
2024-12-26T02:30:00Z,85.71,1971.05
2024-12-26T03:00:00Z,83.93,1885.7
2024-12-26T03:30:00Z,82.79,1761.0
2024-12-26T04:00:00Z,78.94,1666.15
2024-12-26T04:30:00Z,76.53000000000002,1735.05
2024-12-26T05:00:00Z,70.9,2125.05
2024-12-26T05:30:00Z,67.24,2652.4
2024-12-26T06:00:00Z,79.86,3114.6
2024-12-26T06:30:00Z,72.95,2907.55
2024-12-26T07:00:00Z,93.17,2575.2
2024-12-26T07:30:00Z,103.40999999999998,2636.5
2024-12-26T08:00:00Z,87.18,3161.05
2024-12-26T08:30:00Z,97.1,2519.6
2024-12-26T09:00:00Z,99.24,1662.2
2024-12-26T09:30:00Z,108.87,1859.65
2024-12-26T10:00:00Z,111.55,2179.0
2024-12-26T10:30:00Z,110.15,2509.75
2024-12-26T11:00:00Z,116.39,1444.15
2024-12-26T11:30:00Z,118.36000000000001,1290.2
2024-12-26T12:00:00Z,120.08,1475.75
2024-12-26T12:30:00Z,120.99,1824.85
2024-12-26T13:00:00Z,122.13,1867.6
2024-12-26T13:30:00Z,124.09999999999998,2251.55
2024-12-26T14:00:00Z,122.89,2251.0
2024-12-26T14:30:00Z,121.6,2247.65
2024-12-26T15:00:00Z,122.95999999999998,2264.05
2024-12-26T15:30:00Z,124.26999999999998,2114.3
2024-12-26T16:00:00Z,122.59,2671.55
2024-12-26T16:30:00Z,125.45999999999998,2757.1
2024-12-26T17:00:00Z,128.13,2830.4
2024-12-26T17:30:00Z,127.57,2962.65
2024-12-26T18:00:00Z,127.49,2967.3
2024-12-26T18:30:00Z,124.93,3036.8
2024-12-26T19:00:00Z,117.61,2057.65
2024-12-26T19:30:00Z,116.34,1785.25
2024-12-26T20:00:00Z,113.58,1716.45
2024-12-26T20:30:00Z,110.96,1793.45
2024-12-26T21:00:00Z,106.02,1923.15
2024-12-26T21:30:00Z,106.67,1726.85
2024-12-26T22:00:00Z,108.27,1753.95
2024-12-26T22:30:00Z,110.01,1896.05
2024-12-26T23:00:00Z,108.57,1110.5
2024-12-26T23:30:00Z,101.08,1415.55
2024-12-27T00:00:00Z,100.27999999999999,727.4
2024-12-27T00:30:00Z,100.59,941.95
2024-12-27T01:00:00Z,96.2,1000.65
2024-12-27T01:30:00Z,91.2,1205.7
2024-12-27T02:00:00Z,93.45,1468.15
2024-12-27T02:30:00Z,90.74,1275.0
2024-12-27T03:00:00Z,91.84,1180.95
2024-12-27T03:30:00Z,87.64,1100.25
2024-12-27T04:00:00Z,89.98,907.35
2024-12-27T04:30:00Z,85.54,1103.5
2024-12-27T05:00:00Z,100.49,1330.1
2024-12-27T05:30:00Z,94.45,1729.65
2024-12-27T06:00:00Z,109.01,1517.1
2024-12-27T06:30:00Z,100.02,1687.65
2024-12-27T07:00:00Z,100.25,1915.25
2024-12-27T07:30:00Z,101.83,1943.55
2024-12-27T08:00:00Z,95.43,2091.6
2024-12-27T08:30:00Z,100.5,2478.55
2024-12-27T09:00:00Z,95.01,1752.7
2024-12-27T09:30:00Z,106.22,1962.85
2024-12-27T10:00:00Z,98.51,2292.7
2024-12-27T10:30:00Z,101.48,2630.0
2024-12-27T11:00:00Z,106.82,1645.05
2024-12-27T11:30:00Z,105.45,1855.9
2024-12-27T12:00:00Z,108.58,1817.65
2024-12-27T12:30:00Z,113.63,1890.2
2024-12-27T13:00:00Z,116.53,2318.7
2024-12-27T13:30:00Z,116.4,2219.65
2024-12-27T14:00:00Z,121.49999999999999,2320.1
2024-12-27T14:30:00Z,120.8,2346.85
2024-12-27T15:00:00Z,135.83,1898.9
2024-12-27T15:30:00Z,136.06,2370.75
2024-12-27T16:00:00Z,142.31,2424.0
2024-12-27T16:30:00Z,145.51,2420.75
2024-12-27T17:00:00Z,147.01,2501.1
2024-12-27T17:30:00Z,147.15,2594.45
2024-12-27T18:00:00Z,148.73,2498.95
2024-12-27T18:30:00Z,141.42,2464.15
2024-12-27T19:00:00Z,130.82,2913.45
2024-12-27T19:30:00Z,123.89000000000001,2873.0
2024-12-27T20:00:00Z,122.47000000000001,2739.8
2024-12-27T20:30:00Z,119.62999999999998,2404.0
2024-12-27T21:00:00Z,117.42,2235.1
2024-12-27T21:30:00Z,115.37,2183.65
2024-12-27T22:00:00Z,111.01,2294.85
2024-12-27T22:30:00Z,109.39,2150.5
2024-12-27T23:00:00Z,109.15,1229.25
2024-12-27T23:30:00Z,112.36,1109.2
2024-12-28T00:00:00Z,105.02,1004.95
2024-12-28T00:30:00Z,105.42,971.35
2024-12-28T01:00:00Z,100.66,1006.7
2024-12-28T01:30:00Z,96.96,1117.45
2024-12-28T02:00:00Z,95.41,919.5
2024-12-28T02:30:00Z,92.26,968.2
2024-12-28T03:00:00Z,98.87,938.15
2024-12-28T03:30:00Z,97.15,1030.2
2024-12-28T04:00:00Z,96.0,1113.6
2024-12-28T04:30:00Z,94.39,1223.2
2024-12-28T05:00:00Z,96.59,1177.1
2024-12-28T05:30:00Z,95.88,1031.65
2024-12-28T06:00:00Z,108.38,1575.85
2024-12-28T06:30:00Z,97.34999999999998,1786.0
2024-12-28T07:00:00Z,114.04,1391.8
2024-12-28T07:30:00Z,119.58000000000001,1551.8
2024-12-28T08:00:00Z,113.12,1960.0
2024-12-28T08:30:00Z,120.95,1979.9
2024-12-28T09:00:00Z,108.56,1567.85
2024-12-28T09:30:00Z,109.94,2006.9
2024-12-28T10:00:00Z,106.86,1618.3
2024-12-28T10:30:00Z,107.29,1714.35
2024-12-28T11:00:00Z,104.93,1735.05
2024-12-28T11:30:00Z,102.8,1703.95
2024-12-28T12:00:00Z,102.16,1727.25
2024-12-28T12:30:00Z,101.95,1800.55
2024-12-28T13:00:00Z,105.43,1545.0
2024-12-28T13:30:00Z,102.16,1905.65
2024-12-28T14:00:00Z,112.41,2128.0
2024-12-28T14:30:00Z,103.44,2270.25
2024-12-28T15:00:00Z,115.81,1921.15
2024-12-28T15:30:00Z,109.79,2046.95
2024-12-28T16:00:00Z,125.36999999999999,2419.95
2024-12-28T16:30:00Z,131.43,2500.65
2024-12-28T17:00:00Z,130.6,2678.35
2024-12-28T17:30:00Z,128.78,2657.0
2024-12-28T18:00:00Z,119.89000000000001,2814.5
2024-12-28T18:30:00Z,114.31,2904.6
2024-12-28T19:00:00Z,108.56,2600.4
2024-12-28T19:30:00Z,102.34,2813.9
2024-12-28T20:00:00Z,100.9,2890.85
2024-12-28T20:30:00Z,102.94,3433.85
2024-12-28T21:00:00Z,103.52,3037.7
2024-12-28T21:30:00Z,104.81,3120.3
2024-12-28T22:00:00Z,104.87,2819.1
2024-12-28T22:30:00Z,102.52,3040.35
2024-12-28T23:00:00Z,97.56,1436.4
2024-12-28T23:30:00Z,87.37,1448.25
2024-12-29T00:00:00Z,83.58,1852.3
2024-12-29T00:30:00Z,94.86,1636.9
2024-12-29T01:00:00Z,90.5,1311.2
2024-12-29T01:30:00Z,91.54,1868.95
2024-12-29T02:00:00Z,83.34,2022.7
2024-12-29T02:30:00Z,73.73,1770.2
2024-12-29T03:00:00Z,78.2,1735.2
2024-12-29T03:30:00Z,77.17,2058.1
2024-12-29T04:00:00Z,86.39,2082.05
2024-12-29T04:30:00Z,82.47,1870.3
2024-12-29T05:00:00Z,84.08,2541.15
2024-12-29T05:30:00Z,83.14,2190.8
2024-12-29T06:00:00Z,85.62,2069.35
2024-12-29T06:30:00Z,81.88,1970.95
2024-12-29T07:00:00Z,101.96999999999998,2813.45
2024-12-29T07:30:00Z,102.65,2741.95
2024-12-29T08:00:00Z,84.59,2487.85
2024-12-29T08:30:00Z,98.46,2398.15
2024-12-29T09:00:00Z,102.56,2370.0
2024-12-29T09:30:00Z,103.37,2235.15
2024-12-29T10:00:00Z,100.06,2352.1
2024-12-29T10:30:00Z,100.66,2098.6
2024-12-29T11:00:00Z,102.53,1802.25
2024-12-29T11:30:00Z,100.52000000000001,1639.65
2024-12-29T12:00:00Z,98.55,1622.2
2024-12-29T12:30:00Z,99.77,2069.2
2024-12-29T13:00:00Z,99.06,2188.25
2024-12-29T13:30:00Z,98.56,2264.9
2024-12-29T14:00:00Z,95.78,2195.2
2024-12-29T14:30:00Z,93.38,2395.8
2024-12-29T15:00:00Z,103.13,2625.1
2024-12-29T15:30:00Z,103.02,2767.75
2024-12-29T16:00:00Z,107.85,2593.85
2024-12-29T16:30:00Z,116.05,2735.35
2024-12-29T17:00:00Z,117.7,2645.65
2024-12-29T17:30:00Z,117.92,2621.95
2024-12-29T18:00:00Z,117.73000000000002,2657.5
2024-12-29T18:30:00Z,115.24,2801.75
2024-12-29T19:00:00Z,107.58,2492.8
2024-12-29T19:30:00Z,99.53,2505.3
2024-12-29T20:00:00Z,100.43,2685.85
2024-12-29T20:30:00Z,97.12,2802.6
2024-12-29T21:00:00Z,93.24,2996.55
2024-12-29T21:30:00Z,84.17,2669.4
2024-12-29T22:00:00Z,70.77,2820.3
2024-12-29T22:30:00Z,60.42999999999999,3015.3
2024-12-29T23:00:00Z,65.64,1970.6
2024-12-29T23:30:00Z,47.25,1923.15
2024-12-30T00:00:00Z,45.25,1902.45
2024-12-30T00:30:00Z,49.17,1711.1
2024-12-30T01:00:00Z,37.83,2097.45
2024-12-30T01:30:00Z,30.41,2079.45
2024-12-30T02:00:00Z,27.06,2332.2
2024-12-30T02:30:00Z,27.19,2363.25
2024-12-30T03:00:00Z,24.02,2186.75
2024-12-30T03:30:00Z,23.08,2091.85
2024-12-30T04:00:00Z,22.32,2145.05
2024-12-30T04:30:00Z,16.07,2245.55
2024-12-30T05:00:00Z,22.01,1596.1
2024-12-30T05:30:00Z,31.14,1845.1
2024-12-30T06:00:00Z,31.62,1916.65
2024-12-30T06:30:00Z,45.04,2043.0
2024-12-30T07:00:00Z,86.58,2512.6
2024-12-30T07:30:00Z,85.29,2649.45
2024-12-30T08:00:00Z,81.81,2392.25
2024-12-30T08:30:00Z,98.13,2437.85
2024-12-30T09:00:00Z,98.99000000000001,2738.15
2024-12-30T09:30:00Z,98.85,2889.75
2024-12-30T10:00:00Z,96.18,2775.5
2024-12-30T10:30:00Z,94.22,2869.9
2024-12-30T11:00:00Z,98.42000000000002,2929.6
2024-12-30T11:30:00Z,97.30000000000001,2915.95
2024-12-30T12:00:00Z,93.5,2947.0
2024-12-30T12:30:00Z,96.5,2730.75
2024-12-30T13:00:00Z,97.95,2907.05
2024-12-30T13:30:00Z,97.38,3250.0
2024-12-30T14:00:00Z,97.65,2793.05
2024-12-30T14:30:00Z,101.41,2853.8
2024-12-30T15:00:00Z,109.32999999999998,2553.7
2024-12-30T15:30:00Z,109.96,2601.85
2024-12-30T16:00:00Z,118.83,3012.6
2024-12-30T16:30:00Z,125.62,3538.8
2024-12-30T17:00:00Z,126.88,2876.9
2024-12-30T17:30:00Z,127.44999999999999,2937.3
2024-12-30T18:00:00Z,128.06,3341.6
2024-12-30T18:30:00Z,126.82000000000001,3504.5
2024-12-30T19:00:00Z,118.0,3687.8
2024-12-30T19:30:00Z,110.36,2963.6
2024-12-30T20:00:00Z,109.69,2992.95
2024-12-30T20:30:00Z,104.36,2894.2
2024-12-30T21:00:00Z,109.16,2946.65
2024-12-30T21:30:00Z,106.96,2812.75
2024-12-30T22:00:00Z,106.54000000000002,2932.85
2024-12-30T22:30:00Z,74.63,2705.5
2024-12-30T23:00:00Z,37.09,2240.35
2024-12-30T23:30:00Z,24.18,2414.4
2024-12-31T00:00:00Z,17.68,2315.15
2024-12-31T00:30:00Z,14.53,2146.3
2024-12-31T01:00:00Z,12.57,2560.1
2024-12-31T01:30:00Z,3.34,2100.2
2024-12-31T02:00:00Z,3.69,2369.5
2024-12-31T02:30:00Z,1.8899999999999997,2551.85
2024-12-31T03:00:00Z,-2.05,1908.9
2024-12-31T03:30:00Z,-7.8,1736.65
2024-12-31T04:00:00Z,-4.03,1853.8
2024-12-31T04:30:00Z,-6.5,1752.6
2024-12-31T05:00:00Z,-10.54,1503.4
2024-12-31T05:30:00Z,-6.54,1619.3
2024-12-31T06:00:00Z,-0.6300000000000001,1714.2
2024-12-31T06:30:00Z,11.28,1700.95
2024-12-31T07:00:00Z,21.55,1987.15
2024-12-31T07:30:00Z,25.94,1975.4
2024-12-31T08:00:00Z,26.2,1854.5
2024-12-31T08:30:00Z,35.55,1789.8
2024-12-31T09:00:00Z,28.390000000000004,2470.25
2024-12-31T09:30:00Z,39.81,2402.65
2024-12-31T10:00:00Z,35.7,2323.6
2024-12-31T10:30:00Z,36.43,2263.55
2024-12-31T11:00:00Z,51.2,1528.1
2024-12-31T11:30:00Z,53.67,1807.95
2024-12-31T12:00:00Z,47.34,1665.65
2024-12-31T12:30:00Z,51.12,2105.35
2024-12-31T13:00:00Z,50.89,2030.9
2024-12-31T13:30:00Z,54.64,2206.05
2024-12-31T14:00:00Z,61.74,2116.5
2024-12-31T14:30:00Z,62.480000000000004,2207.5
2024-12-31T15:00:00Z,58.98,2413.25
2024-12-31T15:30:00Z,64.49,2399.2
2024-12-31T16:00:00Z,73.04,2219.55
2024-12-31T16:30:00Z,88.42,2618.05
2024-12-31T17:00:00Z,91.29,2787.4
2024-12-31T17:30:00Z,86.58,2474.1
2024-12-31T18:00:00Z,72.49,2471.1
2024-12-31T18:30:00Z,54.87,2133.95
2024-12-31T19:00:00Z,47.41,1922.2
2024-12-31T19:30:00Z,26.16,1994.9
2024-12-31T20:00:00Z,28.53,1869.25
2024-12-31T20:30:00Z,16.83,2225.85
2024-12-31T21:00:00Z,15.98,1986.15
2024-12-31T21:30:00Z,7.28,1453.15
2024-12-31T22:00:00Z,7.73,1689.7
2024-12-31T22:30:00Z,0.81,1839.45
2024-12-31T23:00:00Z,-1.05,1330.95
2024-12-31T23:30:00Z,5.05,1375.95
