startTime,combined_price,total_volume
2022-01-01T00:00:00Z,43.830000000000005,388.2
2022-01-01T00:30:00Z,31.15,481.6
2022-01-01T01:00:00Z,24.74,468.55
2022-01-01T01:30:00Z,9.04,695.4
2022-01-01T02:00:00Z,37.09,722.9
2022-01-01T02:30:00Z,10.59,545.7
2022-01-01T03:00:00Z,-12.37,551.0
2022-01-01T03:30:00Z,-34.94,628.5
2022-01-01T04:00:00Z,-40.88,585.25
2022-01-01T04:30:00Z,-59.599999999999994,633.8
2022-01-01T05:00:00Z,-64.47,703.7
2022-01-01T05:30:00Z,-60.64,513.55
2022-01-01T06:00:00Z,-57.85,724.3
2022-01-01T06:30:00Z,-60.61,733.25
2022-01-01T07:00:00Z,-52.34,1059.15
2022-01-01T07:30:00Z,-56.38,898.7
2022-01-01T08:00:00Z,-58.61,1007.5
2022-01-01T08:30:00Z,-54.36,876.1
2022-01-01T09:00:00Z,-27.56,848.65
2022-01-01T09:30:00Z,9.78,1051.4
2022-01-01T10:00:00Z,19.27,1002.2
2022-01-01T10:30:00Z,50.23,983.7
2022-01-01T11:00:00Z,17.67,958.95
2022-01-01T11:30:00Z,33.81,1096.05
2022-01-01T12:00:00Z,39.98,1053.4
2022-01-01T12:30:00Z,72.6,1466.9
2022-01-01T13:00:00Z,42.44,1002.85
2022-01-01T13:30:00Z,30.05,1010.5
2022-01-01T14:00:00Z,25.9,1444.25
2022-01-01T14:30:00Z,31.99,992.65
2022-01-01T15:00:00Z,51.470000000000006,1367.45
2022-01-01T15:30:00Z,51.13,1170.6
2022-01-01T16:00:00Z,50.14999999999999,1391.8
2022-01-01T16:30:00Z,62.55,1564.3
2022-01-01T17:00:00Z,64.03,1528.95
2022-01-01T17:30:00Z,71.56,1377.55
2022-01-01T18:00:00Z,76.92,1601.9
2022-01-01T18:30:00Z,70.79,1412.0
2022-01-01T19:00:00Z,40.13,1126.0
2022-01-01T19:30:00Z,45.02,1102.65
2022-01-01T20:00:00Z,62.02,1449.85
2022-01-01T20:30:00Z,62.31,1399.2
2022-01-01T21:00:00Z,48.5,1109.55
2022-01-01T21:30:00Z,47.03,916.35
2022-01-01T22:00:00Z,47.35,1162.15
2022-01-01T22:30:00Z,40.87,919.0
2022-01-01T23:00:00Z,21.94,648.3
2022-01-01T23:30:00Z,17.66,847.65
2022-01-02T00:00:00Z,39.0,548.7
2022-01-02T00:30:00Z,50.54,487.05
2022-01-02T01:00:00Z,36.07,601.55
2022-01-02T01:30:00Z,25.99,579.75
2022-01-02T02:00:00Z,22.8,700.15
2022-01-02T02:30:00Z,21.28,630.1
2022-01-02T03:00:00Z,20.89,599.05
2022-01-02T03:30:00Z,-6.24,628.6
2022-01-02T04:00:00Z,-5.12,561.15
2022-01-02T04:30:00Z,-1.9099999999999997,590.15
2022-01-02T05:00:00Z,1.1,644.9
2022-01-02T05:30:00Z,16.5,687.9
2022-01-02T06:00:00Z,14.099999999999998,798.25
2022-01-02T06:30:00Z,17.27,951.3
2022-01-02T07:00:00Z,8.16,814.25
2022-01-02T07:30:00Z,7.15,778.25
2022-01-02T08:00:00Z,4.0,934.55
2022-01-02T08:30:00Z,20.57,859.9
2022-01-02T09:00:00Z,24.43,976.85
2022-01-02T09:30:00Z,38.11,845.35
2022-01-02T10:00:00Z,27.44,1126.35
2022-01-02T10:30:00Z,26.38,808.5
2022-01-02T11:00:00Z,44.06000000000001,914.95
2022-01-02T11:30:00Z,45.79,782.2
2022-01-02T12:00:00Z,53.23,912.8
2022-01-02T12:30:00Z,49.68000000000001,972.4
2022-01-02T13:00:00Z,53.04,977.45
2022-01-02T13:30:00Z,57.61,1028.35
2022-01-02T14:00:00Z,67.8,1099.55
2022-01-02T14:30:00Z,61.010000000000005,1344.2
2022-01-02T15:00:00Z,73.96,1037.6
2022-01-02T15:30:00Z,77.0,887.15
2022-01-02T16:00:00Z,79.02,1055.05
2022-01-02T16:30:00Z,93.88,1414.9
2022-01-02T17:00:00Z,81.45,1083.65
2022-01-02T17:30:00Z,76.31,1131.05
2022-01-02T18:00:00Z,76.85,1223.85
2022-01-02T18:30:00Z,62.73,953.45
2022-01-02T19:00:00Z,53.98,936.2
2022-01-02T19:30:00Z,41.7,1139.5
2022-01-02T20:00:00Z,57.57000000000001,1447.55
2022-01-02T20:30:00Z,60.029999999999994,1376.4
2022-01-02T21:00:00Z,23.89,1138.35
2022-01-02T21:30:00Z,9.5,1063.95
2022-01-02T22:00:00Z,14.19,987.15
2022-01-02T22:30:00Z,1.61,1191.55
2022-01-02T23:00:00Z,3.65,970.9
2022-01-02T23:30:00Z,8.05,983.3
2022-01-03T00:00:00Z,7.36,690.7
2022-01-03T00:30:00Z,16.9,714.9
2022-01-03T01:00:00Z,-1.62,728.35
2022-01-03T01:30:00Z,-12.6,982.6
2022-01-03T02:00:00Z,-19.93,874.0
2022-01-03T02:30:00Z,-30.3,1033.7
2022-01-03T03:00:00Z,-3.09,1146.3
2022-01-03T03:30:00Z,-13.64,1181.8
2022-01-03T04:00:00Z,-13.480000000000002,1217.45
2022-01-03T04:30:00Z,-21.75,1396.55
2022-01-03T05:00:00Z,-46.14,679.65
2022-01-03T05:30:00Z,-45.17,679.0
2022-01-03T06:00:00Z,-18.53,1186.75
2022-01-03T06:30:00Z,-8.86,945.9
2022-01-03T07:00:00Z,51.94,1395.1
2022-01-03T07:30:00Z,68.31,1660.85
2022-01-03T08:00:00Z,52.43,1580.55
2022-01-03T08:30:00Z,70.56,2120.45
2022-01-03T09:00:00Z,86.04999999999998,1754.0
2022-01-03T09:30:00Z,98.69999999999999,1676.95
2022-01-03T10:00:00Z,96.97,1771.6
2022-01-03T10:30:00Z,104.38,1459.85
2022-01-03T11:00:00Z,95.48,1547.45
2022-01-03T11:30:00Z,94.56,1615.95
2022-01-03T12:00:00Z,107.63,1566.65
2022-01-03T12:30:00Z,113.58000000000001,1702.5
2022-01-03T13:00:00Z,109.29,1365.0
2022-01-03T13:30:00Z,112.61000000000001,1301.8
2022-01-03T14:00:00Z,120.45999999999998,1247.85
2022-01-03T14:30:00Z,136.61,1340.3
2022-01-03T15:00:00Z,131.94,1494.6
2022-01-03T15:30:00Z,140.44,1545.4
2022-01-03T16:00:00Z,107.54,1736.15
2022-01-03T16:30:00Z,128.63,1501.5
2022-01-03T17:00:00Z,148.04,1892.85
2022-01-03T17:30:00Z,166.18,1455.4
2022-01-03T18:00:00Z,158.09,2071.2
2022-01-03T18:30:00Z,135.08,1547.25
2022-01-03T19:00:00Z,145.97,2333.45
2022-01-03T19:30:00Z,160.72,2009.2
2022-01-03T20:00:00Z,168.23,2164.1
2022-01-03T20:30:00Z,161.84,2011.7
2022-01-03T21:00:00Z,155.32,2063.0
2022-01-03T21:30:00Z,136.52,1572.7
2022-01-03T22:00:00Z,128.03,2043.3
2022-01-03T22:30:00Z,109.28,1768.3
2022-01-03T23:00:00Z,74.18,920.6
2022-01-03T23:30:00Z,52.1,604.7
2022-01-04T00:00:00Z,69.49,827.45
2022-01-04T00:30:00Z,89.58,896.4
2022-01-04T01:00:00Z,86.03000000000002,907.7
2022-01-04T01:30:00Z,90.83,910.65
2022-01-04T02:00:00Z,94.19,949.65
2022-01-04T02:30:00Z,104.41,1086.2
2022-01-04T03:00:00Z,120.4,886.55
2022-01-04T03:30:00Z,103.47,826.95
2022-01-04T04:00:00Z,116.02,1009.65
2022-01-04T04:30:00Z,103.84,969.85
2022-01-04T05:00:00Z,103.27,803.95
2022-01-04T05:30:00Z,103.86,806.7
2022-01-04T06:00:00Z,143.53,1477.05
2022-01-04T06:30:00Z,135.58,1169.8
2022-01-04T07:00:00Z,165.06,1820.25
2022-01-04T07:30:00Z,149.56,1481.75
2022-01-04T08:00:00Z,150.43,1246.45
2022-01-04T08:30:00Z,166.58,1433.05
2022-01-04T09:00:00Z,178.87,1313.05
2022-01-04T09:30:00Z,180.61,1516.85
2022-01-04T10:00:00Z,182.39,1627.8
2022-01-04T10:30:00Z,182.67,1818.5
2022-01-04T11:00:00Z,183.98000000000002,1834.1
2022-01-04T11:30:00Z,184.85,1859.75
2022-01-04T12:00:00Z,192.61,1768.25
2022-01-04T12:30:00Z,191.11,1857.15
2022-01-04T13:00:00Z,191.07,1750.75
2022-01-04T13:30:00Z,188.94,1907.5
2022-01-04T14:00:00Z,174.02,1873.95
2022-01-04T14:30:00Z,175.74,1886.3
2022-01-04T15:00:00Z,197.7,1975.25
2022-01-04T15:30:00Z,205.29,2047.7
2022-01-04T16:00:00Z,190.53,2691.75
2022-01-04T16:30:00Z,219.45,2316.8
2022-01-04T17:00:00Z,229.23,2143.4
2022-01-04T17:30:00Z,225.65,2225.05
2022-01-04T18:00:00Z,224.12,2483.75
2022-01-04T18:30:00Z,206.82,2223.7
2022-01-04T19:00:00Z,194.31,1920.05
2022-01-04T19:30:00Z,194.23,2170.55
2022-01-04T20:00:00Z,194.47,2201.05
2022-01-04T20:30:00Z,181.17,1865.7
2022-01-04T21:00:00Z,167.65,1902.2
2022-01-04T21:30:00Z,151.92,1706.55
2022-01-04T22:00:00Z,164.18,1834.9
2022-01-04T22:30:00Z,156.11,2093.8
2022-01-04T23:00:00Z,124.81,931.1
2022-01-04T23:30:00Z,89.85,608.35
2022-01-05T00:00:00Z,100.71,580.25
2022-01-05T00:30:00Z,140.79,657.2
2022-01-05T01:00:00Z,122.95999999999998,830.1
2022-01-05T01:30:00Z,98.29,647.4
2022-01-05T02:00:00Z,140.41,1004.8
2022-01-05T02:30:00Z,118.03,815.85
2022-01-05T03:00:00Z,122.33,945.5
2022-01-05T03:30:00Z,65.16,701.5
2022-01-05T04:00:00Z,94.48,957.15
2022-01-05T04:30:00Z,139.08,1151.4
2022-01-05T05:00:00Z,130.18,734.9
2022-01-05T05:30:00Z,140.31,772.85
2022-01-05T06:00:00Z,169.25,984.4
2022-01-05T06:30:00Z,173.97,1411.7
2022-01-05T07:00:00Z,190.51,1424.45
2022-01-05T07:30:00Z,211.57,1141.85
2022-01-05T08:00:00Z,208.95,1216.7
2022-01-05T08:30:00Z,225.86,912.5
2022-01-05T09:00:00Z,211.97,944.4
2022-01-05T09:30:00Z,208.91,1049.8
2022-01-05T10:00:00Z,205.38,1177.5
2022-01-05T10:30:00Z,188.39,1269.55
2022-01-05T11:00:00Z,180.31,1346.7
2022-01-05T11:30:00Z,181.45,1223.35
2022-01-05T12:00:00Z,169.28,1256.95
2022-01-05T12:30:00Z,171.56,1264.9
2022-01-05T13:00:00Z,195.68,1222.05
2022-01-05T13:30:00Z,199.49,1285.3
2022-01-05T14:00:00Z,201.24,1337.85
2022-01-05T14:30:00Z,204.93,1414.55
2022-01-05T15:00:00Z,215.56,1380.5
2022-01-05T15:30:00Z,218.86000000000004,1336.1
2022-01-05T16:00:00Z,238.69,1476.4
2022-01-05T16:30:00Z,254.44,1367.45
2022-01-05T17:00:00Z,261.29,1777.8
2022-01-05T17:30:00Z,257.67,1899.85
2022-01-05T18:00:00Z,250.91,1974.35
2022-01-05T18:30:00Z,244.61,2011.75
2022-01-05T19:00:00Z,246.46999999999997,1361.25
2022-01-05T19:30:00Z,228.81000000000003,1255.9
2022-01-05T20:00:00Z,223.16000000000003,1191.9
2022-01-05T20:30:00Z,210.51,1146.7
2022-01-05T21:00:00Z,207.41,1285.6
2022-01-05T21:30:00Z,196.49,1294.4
2022-01-05T22:00:00Z,187.91,1433.2
2022-01-05T22:30:00Z,194.34,1229.9
2022-01-05T23:00:00Z,174.66,484.95
2022-01-05T23:30:00Z,183.36,488.35
2022-01-06T00:00:00Z,154.15,455.85
2022-01-06T00:30:00Z,188.98,464.75
2022-01-06T01:00:00Z,180.35,538.05
2022-01-06T01:30:00Z,161.78,508.7
2022-01-06T02:00:00Z,153.43,530.1
2022-01-06T02:30:00Z,146.54,455.4
2022-01-06T03:00:00Z,166.31,655.65
2022-01-06T03:30:00Z,155.83,808.8
2022-01-06T04:00:00Z,167.89,758.0
2022-01-06T04:30:00Z,135.41,779.5
2022-01-06T05:00:00Z,151.19,770.75
2022-01-06T05:30:00Z,152.62,599.85
2022-01-06T06:00:00Z,158.72,746.35
2022-01-06T06:30:00Z,165.58,1170.05
2022-01-06T07:00:00Z,186.4,1129.4
2022-01-06T07:30:00Z,227.52,1500.3
2022-01-06T08:00:00Z,234.15,1492.8
2022-01-06T08:30:00Z,223.94,1507.6
2022-01-06T09:00:00Z,219.27999999999997,1452.35
2022-01-06T09:30:00Z,210.56,1615.95
2022-01-06T10:00:00Z,200.52,1430.65
2022-01-06T10:30:00Z,203.82000000000002,1583.15
2022-01-06T11:00:00Z,208.44,1217.6
2022-01-06T11:30:00Z,210.88,1463.85
2022-01-06T12:00:00Z,187.33999999999997,1590.75
2022-01-06T12:30:00Z,179.69,1751.2
2022-01-06T13:00:00Z,178.43,1534.4
2022-01-06T13:30:00Z,180.6,1385.0
2022-01-06T14:00:00Z,191.04,1414.25
2022-01-06T14:30:00Z,193.46999999999997,1447.85
2022-01-06T15:00:00Z,201.24,1293.15
2022-01-06T15:30:00Z,204.09,1219.4
2022-01-06T16:00:00Z,185.58,1179.6
2022-01-06T16:30:00Z,203.51,1314.3
2022-01-06T17:00:00Z,211.78,1307.3
2022-01-06T17:30:00Z,213.38,1522.45
2022-01-06T18:00:00Z,219.38999999999996,1470.55
2022-01-06T18:30:00Z,207.12,1369.35
2022-01-06T19:00:00Z,171.71,975.1
2022-01-06T19:30:00Z,180.01,957.5
2022-01-06T20:00:00Z,187.39,1011.05
2022-01-06T20:30:00Z,179.23,857.0
2022-01-06T21:00:00Z,174.36,1055.5
2022-01-06T21:30:00Z,137.84,664.95
2022-01-06T22:00:00Z,179.3,975.5
2022-01-06T22:30:00Z,165.55,1097.15
2022-01-06T23:00:00Z,168.55,761.6
2022-01-06T23:30:00Z,157.05,638.15
2022-01-07T00:00:00Z,138.06,564.3
2022-01-07T00:30:00Z,147.8,600.0
2022-01-07T01:00:00Z,104.56,613.15
2022-01-07T01:30:00Z,133.72,665.1
2022-01-07T02:00:00Z,145.17,423.05
2022-01-07T02:30:00Z,146.16,454.8
2022-01-07T03:00:00Z,147.72,782.4
2022-01-07T03:30:00Z,147.87,867.75
2022-01-07T04:00:00Z,163.49,915.6
2022-01-07T04:30:00Z,152.99,942.35
2022-01-07T05:00:00Z,170.21,889.65
2022-01-07T05:30:00Z,174.08,1185.3
2022-01-07T06:00:00Z,162.4,1182.8
2022-01-07T06:30:00Z,143.26,1556.6
2022-01-07T07:00:00Z,179.82,1650.6
2022-01-07T07:30:00Z,197.94,1672.95
2022-01-07T08:00:00Z,221.41999999999996,1478.4
2022-01-07T08:30:00Z,227.21000000000004,1204.3
2022-01-07T09:00:00Z,213.12,1229.0
2022-01-07T09:30:00Z,213.36,1491.0
2022-01-07T10:00:00Z,202.85,1224.65
2022-01-07T10:30:00Z,208.48,1425.4
2022-01-07T11:00:00Z,197.04,1269.85
2022-01-07T11:30:00Z,188.04,1386.65
2022-01-07T12:00:00Z,195.56,1513.25
2022-01-07T12:30:00Z,208.35999999999999,1459.55
2022-01-07T13:00:00Z,216.95000000000002,1537.05
2022-01-07T13:30:00Z,222.15,1467.3
2022-01-07T14:00:00Z,222.47,1670.3
2022-01-07T14:30:00Z,217.5,1535.1
2022-01-07T15:00:00Z,228.49,1205.1
2022-01-07T15:30:00Z,232.44000000000003,1321.1
2022-01-07T16:00:00Z,217.05,1619.9
2022-01-07T16:30:00Z,249.82,1705.65
2022-01-07T17:00:00Z,255.0,1744.8
2022-01-07T17:30:00Z,249.15,1650.85
2022-01-07T18:00:00Z,244.46999999999997,1803.95
2022-01-07T18:30:00Z,228.93,1674.55
2022-01-07T19:00:00Z,225.66000000000003,1716.15
2022-01-07T19:30:00Z,216.28999999999996,1318.05
2022-01-07T20:00:00Z,212.66,1603.9
2022-01-07T20:30:00Z,202.54000000000002,1352.65
2022-01-07T21:00:00Z,192.18,1284.35
2022-01-07T21:30:00Z,189.87,1256.45
2022-01-07T22:00:00Z,200.71,1632.2
2022-01-07T22:30:00Z,189.69,1515.0
2022-01-07T23:00:00Z,169.22,1431.55
2022-01-07T23:30:00Z,167.07,1163.35
2022-01-08T00:00:00Z,175.3,1109.5
2022-01-08T00:30:00Z,191.16,1263.15
2022-01-08T01:00:00Z,171.63,935.4
2022-01-08T01:30:00Z,171.96,1011.45
2022-01-08T02:00:00Z,181.0,1044.65
2022-01-08T02:30:00Z,177.12,1018.6
2022-01-08T03:00:00Z,184.7,1064.6
2022-01-08T03:30:00Z,175.78,999.3
2022-01-08T04:00:00Z,185.39,1073.45
2022-01-08T04:30:00Z,156.08,965.85
2022-01-08T05:00:00Z,153.87,1085.55
2022-01-08T05:30:00Z,151.95,1139.9
2022-01-08T06:00:00Z,174.76,1212.75
2022-01-08T06:30:00Z,174.64,1541.6
2022-01-08T07:00:00Z,179.21,1566.7
2022-01-08T07:30:00Z,172.28,1840.25
2022-01-08T08:00:00Z,171.8,2122.4
2022-01-08T08:30:00Z,190.87,2262.8
2022-01-08T09:00:00Z,140.82,1529.2
2022-01-08T09:30:00Z,147.94,1475.7
2022-01-08T10:00:00Z,163.01,1467.15
2022-01-08T10:30:00Z,177.48,1473.35
2022-01-08T11:00:00Z,159.52,1019.85
2022-01-08T11:30:00Z,174.33,1002.2
2022-01-08T12:00:00Z,190.35,965.5
2022-01-08T12:30:00Z,199.68,1176.1
2022-01-08T13:00:00Z,187.05,1248.25
2022-01-08T13:30:00Z,176.44,1050.5
2022-01-08T14:00:00Z,169.35,1373.65
2022-01-08T14:30:00Z,162.74,1533.5
2022-01-08T15:00:00Z,177.15,1317.65
2022-01-08T15:30:00Z,183.22,1254.75
2022-01-08T16:00:00Z,176.93,1026.65
2022-01-08T16:30:00Z,223.26,963.35
2022-01-08T17:00:00Z,219.34,1194.95
2022-01-08T17:30:00Z,216.63,1486.8
2022-01-08T18:00:00Z,208.17,1477.6
2022-01-08T18:30:00Z,189.44,1673.85
2022-01-08T19:00:00Z,166.62,1101.7
2022-01-08T19:30:00Z,147.68,762.65
2022-01-08T20:00:00Z,143.87,634.95
2022-01-08T20:30:00Z,150.33,778.6
2022-01-08T21:00:00Z,177.22,713.25
2022-01-08T21:30:00Z,176.54,783.25
2022-01-08T22:00:00Z,177.02,518.9
2022-01-08T22:30:00Z,168.63,546.45
2022-01-08T23:00:00Z,203.35,463.9
2022-01-08T23:30:00Z,169.23,710.35
2022-01-09T00:00:00Z,176.7,533.85
2022-01-09T00:30:00Z,166.59,834.4
2022-01-09T01:00:00Z,182.74,543.5
2022-01-09T01:30:00Z,177.36,768.95
2022-01-09T02:00:00Z,158.26,639.1
2022-01-09T02:30:00Z,153.18,496.35
2022-01-09T03:00:00Z,132.3,634.05
2022-01-09T03:30:00Z,98.34,544.2
2022-01-09T04:00:00Z,92.11,503.65
2022-01-09T04:30:00Z,63.309999999999995,680.6
2022-01-09T05:00:00Z,89.01,569.9
2022-01-09T05:30:00Z,153.68,772.25
2022-01-09T06:00:00Z,163.77,885.1
2022-01-09T06:30:00Z,136.66,719.45
2022-01-09T07:00:00Z,127.07000000000001,1542.45
2022-01-09T07:30:00Z,118.88,1005.85
2022-01-09T08:00:00Z,132.34,1202.75
2022-01-09T08:30:00Z,167.64,1070.3
2022-01-09T09:00:00Z,165.96,813.05
2022-01-09T09:30:00Z,184.41,617.6
2022-01-09T10:00:00Z,172.2,837.8
2022-01-09T10:30:00Z,168.75,838.6
2022-01-09T11:00:00Z,162.0,1004.75
2022-01-09T11:30:00Z,170.27,1216.75
2022-01-09T12:00:00Z,180.4,1086.65
2022-01-09T12:30:00Z,171.36,1338.6
2022-01-09T13:00:00Z,183.22,1190.8
2022-01-09T13:30:00Z,192.82,1040.25
2022-01-09T14:00:00Z,192.33,1004.65
2022-01-09T14:30:00Z,195.69,1400.85
2022-01-09T15:00:00Z,234.02,1937.65
2022-01-09T15:30:00Z,234.32,1695.05
2022-01-09T16:00:00Z,244.27,1538.85
2022-01-09T16:30:00Z,260.89,1754.3
2022-01-09T17:00:00Z,270.22,1748.0
2022-01-09T17:30:00Z,267.51,1722.2
2022-01-09T18:00:00Z,265.66,1760.5
2022-01-09T18:30:00Z,265.14,1862.4
2022-01-09T19:00:00Z,249.87999999999997,1356.5
2022-01-09T19:30:00Z,238.21999999999997,1178.95
2022-01-09T20:00:00Z,237.74000000000004,1227.55
2022-01-09T20:30:00Z,233.9,1029.95
2022-01-09T21:00:00Z,208.29,719.65
2022-01-09T21:30:00Z,190.9,577.1
2022-01-09T22:00:00Z,173.65,588.0
2022-01-09T22:30:00Z,190.86,686.4
2022-01-09T23:00:00Z,194.74,460.9
2022-01-09T23:30:00Z,176.69,588.05
2022-01-10T00:00:00Z,158.21,740.65
2022-01-10T00:30:00Z,162.27,613.95
2022-01-10T01:00:00Z,162.27,827.9
2022-01-10T01:30:00Z,163.67,935.8
2022-01-10T02:00:00Z,157.95000000000002,959.6
2022-01-10T02:30:00Z,156.68,984.2
2022-01-10T03:00:00Z,152.56,744.55
2022-01-10T03:30:00Z,151.87,708.55
2022-01-10T04:00:00Z,172.59,798.15
2022-01-10T04:30:00Z,174.72,805.0
2022-01-10T05:00:00Z,201.86,897.9
2022-01-10T05:30:00Z,178.77,956.75
2022-01-10T06:00:00Z,190.63,1517.3
2022-01-10T06:30:00Z,197.14,1826.5
2022-01-10T07:00:00Z,243.48999999999998,1189.0
2022-01-10T07:30:00Z,247.12000000000003,1233.8
2022-01-10T08:00:00Z,238.83000000000004,1199.0
2022-01-10T08:30:00Z,232.36999999999998,1349.7
2022-01-10T09:00:00Z,221.28999999999996,1209.4
2022-01-10T09:30:00Z,214.12999999999997,1389.95
2022-01-10T10:00:00Z,231.87,1329.75
2022-01-10T10:30:00Z,223.01000000000002,1332.0
2022-01-10T11:00:00Z,222.94,1508.5
2022-01-10T11:30:00Z,212.97,1355.6
2022-01-10T12:00:00Z,198.75,1294.15
2022-01-10T12:30:00Z,195.21,1516.35
2022-01-10T13:00:00Z,226.33,1522.9
2022-01-10T13:30:00Z,231.08,1515.0
2022-01-10T14:00:00Z,235.23,1485.25
2022-01-10T14:30:00Z,227.26,1864.5
2022-01-10T15:00:00Z,234.73000000000002,1607.65
2022-01-10T15:30:00Z,233.18,1752.4
2022-01-10T16:00:00Z,220.61,2087.3
2022-01-10T16:30:00Z,230.17,1945.95
2022-01-10T17:00:00Z,218.88,2044.65
2022-01-10T17:30:00Z,215.18,2303.75
2022-01-10T18:00:00Z,219.6,2520.2
2022-01-10T18:30:00Z,215.79,2252.4
2022-01-10T19:00:00Z,215.13,1584.4
2022-01-10T19:30:00Z,201.20999999999998,1440.3
2022-01-10T20:00:00Z,181.17,1782.5
2022-01-10T20:30:00Z,189.65,1398.05
2022-01-10T21:00:00Z,197.15,1807.55
2022-01-10T21:30:00Z,190.18,1452.85
2022-01-10T22:00:00Z,190.02,1348.1
2022-01-10T22:30:00Z,184.64,1420.75
2022-01-10T23:00:00Z,178.99,974.4
2022-01-10T23:30:00Z,194.92,563.8
2022-01-11T00:00:00Z,183.44,441.3
2022-01-11T00:30:00Z,205.58,719.4
2022-01-11T01:00:00Z,204.06,580.75
2022-01-11T01:30:00Z,184.77,544.15
2022-01-11T02:00:00Z,163.84,795.85
2022-01-11T02:30:00Z,164.96,719.0
2022-01-11T03:00:00Z,174.1,604.45
2022-01-11T03:30:00Z,168.61,524.25
2022-01-11T04:00:00Z,178.93,658.65
2022-01-11T04:30:00Z,174.67,900.45
2022-01-11T05:00:00Z,203.52,418.45
2022-01-11T05:30:00Z,190.36,526.65
2022-01-11T06:00:00Z,196.58,821.95
2022-01-11T06:30:00Z,126.0,861.4
2022-01-11T07:00:00Z,127.52,1287.2
2022-01-11T07:30:00Z,188.11,1385.15
2022-01-11T08:00:00Z,212.53,1885.3
2022-01-11T08:30:00Z,219.62,1340.3
2022-01-11T09:00:00Z,203.25,1415.55
2022-01-11T09:30:00Z,209.24,1589.9
2022-01-11T10:00:00Z,193.51,1447.4
2022-01-11T10:30:00Z,208.09,1716.4
2022-01-11T11:00:00Z,198.97,1520.5
2022-01-11T11:30:00Z,213.89,1916.95
2022-01-11T12:00:00Z,186.43,1343.4
2022-01-11T12:30:00Z,184.68,1332.2
2022-01-11T13:00:00Z,186.88000000000002,1756.05
2022-01-11T13:30:00Z,185.21,1645.25
2022-01-11T14:00:00Z,193.03,1926.4
2022-01-11T14:30:00Z,201.08,1978.95
2022-01-11T15:00:00Z,211.16,1733.7
2022-01-11T15:30:00Z,210.26,1620.6
2022-01-11T16:00:00Z,209.69,2092.35
2022-01-11T16:30:00Z,231.73,2287.2
2022-01-11T17:00:00Z,202.59,1953.0
2022-01-11T17:30:00Z,218.41,2326.0
2022-01-11T18:00:00Z,225.67,1941.0
2022-01-11T18:30:00Z,222.5,1906.65
2022-01-11T19:00:00Z,198.72,1383.3
2022-01-11T19:30:00Z,190.34,1048.55
2022-01-11T20:00:00Z,192.2877952243798,1076.3
2022-01-11T20:30:00Z,187.72,1013.85
2022-01-11T21:00:00Z,177.04818268679537,1046.6
2022-01-11T21:30:00Z,172.2,903.4
2022-01-11T22:00:00Z,178.36,861.05
2022-01-11T22:30:00Z,169.35,987.75
2022-01-11T23:00:00Z,-1.98,295.0
2022-01-11T23:30:00Z,-65.8,100.0
2022-01-12T00:00:00Z,57.34,233.05
2022-01-12T00:30:00Z,146.87,597.7
2022-01-12T01:00:00Z,148.28039342495282,556.65
2022-01-12T01:30:00Z,119.47000000000001,607.6
2022-01-12T02:00:00Z,90.57,649.85
2022-01-12T02:30:00Z,111.96,467.95
2022-01-12T03:00:00Z,152.92,1157.9
2022-01-12T03:30:00Z,152.01,856.75
2022-01-12T04:00:00Z,141.54,911.7
2022-01-12T04:30:00Z,140.04,1249.2
2022-01-12T05:00:00Z,134.22,891.65
2022-01-12T05:30:00Z,143.37,1596.05
2022-01-12T06:00:00Z,137.85,1458.2
2022-01-12T06:30:00Z,116.92,1329.95
2022-01-12T07:00:00Z,147.77,1681.4
2022-01-12T07:30:00Z,206.23,1441.5
2022-01-12T08:00:00Z,221.7,1145.35
2022-01-12T08:30:00Z,216.04,1348.95
2022-01-12T09:00:00Z,211.32,1343.45
2022-01-12T09:30:00Z,203.58,1527.1
2022-01-12T10:00:00Z,210.22,1592.7
2022-01-12T10:30:00Z,206.34,1894.05
2022-01-12T11:00:00Z,211.14,1677.15
2022-01-12T11:30:00Z,205.02,1698.6
2022-01-12T12:00:00Z,192.94,1367.1
2022-01-12T12:30:00Z,185.74999999999997,1468.15
2022-01-12T13:00:00Z,179.06,1325.9
2022-01-12T13:30:00Z,187.24,1377.85
2022-01-12T14:00:00Z,168.58,1696.45
2022-01-12T14:30:00Z,181.31,2255.5
2022-01-12T15:00:00Z,210.66,2135.8
2022-01-12T15:30:00Z,235.48,1584.75
2022-01-12T16:00:00Z,239.78,1553.3
2022-01-12T16:30:00Z,255.19,1728.45
2022-01-12T17:00:00Z,232.75,1436.35
2022-01-12T17:30:00Z,228.51,1466.65
2022-01-12T18:00:00Z,233.9,1644.35
2022-01-12T18:30:00Z,221.82,1712.45
2022-01-12T19:00:00Z,200.14999999999998,1479.8
2022-01-12T19:30:00Z,170.36,1108.2
2022-01-12T20:00:00Z,148.1,925.85
2022-01-12T20:30:00Z,162.72,1240.35
2022-01-12T21:00:00Z,168.55,1192.8
2022-01-12T21:30:00Z,170.52,945.7
2022-01-12T22:00:00Z,164.3,1177.65
2022-01-12T22:30:00Z,148.09,1509.3
2022-01-12T23:00:00Z,137.0,856.85
2022-01-12T23:30:00Z,166.57,1133.75
2022-01-13T00:00:00Z,153.58,750.6
2022-01-13T00:30:00Z,161.41,745.3
2022-01-13T01:00:00Z,146.12,533.2
2022-01-13T01:30:00Z,131.04,570.45
2022-01-13T02:00:00Z,142.07,963.45
2022-01-13T02:30:00Z,141.0,995.1
2022-01-13T03:00:00Z,136.73,722.9
2022-01-13T03:30:00Z,130.24,629.4
2022-01-13T04:00:00Z,138.32,936.85
2022-01-13T04:30:00Z,154.63,1033.2
2022-01-13T05:00:00Z,154.05,742.65
2022-01-13T05:30:00Z,154.97,826.15
2022-01-13T06:00:00Z,157.67,1062.35
2022-01-13T06:30:00Z,118.96,1386.0
2022-01-13T07:00:00Z,120.36,1091.15
2022-01-13T07:30:00Z,158.57,1076.4
2022-01-13T08:00:00Z,172.82,1097.5
2022-01-13T08:30:00Z,204.69,1086.65
2022-01-13T09:00:00Z,205.41,1069.2
2022-01-13T09:30:00Z,195.62,1407.0
2022-01-13T10:00:00Z,190.73,1254.95
2022-01-13T10:30:00Z,175.73,1310.55
2022-01-13T11:00:00Z,154.39,972.45
2022-01-13T11:30:00Z,145.76,1016.95
2022-01-13T12:00:00Z,151.61,1209.75
2022-01-13T12:30:00Z,146.4,1328.9
2022-01-13T13:00:00Z,160.34,1383.65
2022-01-13T13:30:00Z,156.42,1531.25
2022-01-13T14:00:00Z,155.6,1328.15
2022-01-13T14:30:00Z,154.94,1474.05
2022-01-13T15:00:00Z,161.94,1627.2
2022-01-13T15:30:00Z,191.89,1615.2
2022-01-13T16:00:00Z,187.45,1592.15
2022-01-13T16:30:00Z,216.66,1875.25
2022-01-13T17:00:00Z,217.32000000000002,1692.65
2022-01-13T17:30:00Z,221.52,1775.25
2022-01-13T18:00:00Z,219.86,2009.55
2022-01-13T18:30:00Z,203.9,1540.85
2022-01-13T19:00:00Z,183.56,1589.3
2022-01-13T19:30:00Z,150.95,1515.95
2022-01-13T20:00:00Z,174.07,1233.1
2022-01-13T20:30:00Z,157.38,1130.15
2022-01-13T21:00:00Z,160.1,1690.85
2022-01-13T21:30:00Z,163.45,1642.55
2022-01-13T22:00:00Z,161.62,1306.85
2022-01-13T22:30:00Z,138.01,1444.5
2022-01-13T23:00:00Z,109.57,663.95
2022-01-13T23:30:00Z,108.12999999999998,810.25
2022-01-14T00:00:00Z,126.41000000000001,699.05
2022-01-14T00:30:00Z,144.33,627.4
2022-01-14T01:00:00Z,162.14,797.7
2022-01-14T01:30:00Z,156.3,1009.35
2022-01-14T02:00:00Z,137.45,882.95
2022-01-14T02:30:00Z,145.39,1053.95
2022-01-14T03:00:00Z,155.48,588.0
2022-01-14T03:30:00Z,157.52,588.7
2022-01-14T04:00:00Z,158.21,466.3
2022-01-14T04:30:00Z,137.08,398.75
2022-01-14T05:00:00Z,119.37,291.2
2022-01-14T05:30:00Z,106.75,408.3
2022-01-14T06:00:00Z,154.55,730.25
2022-01-14T06:30:00Z,160.24,891.8
2022-01-14T07:00:00Z,205.45,1292.05
2022-01-14T07:30:00Z,252.29000000000002,1306.5
2022-01-14T08:00:00Z,219.32,1379.9
2022-01-14T08:30:00Z,238.78,1739.65
2022-01-14T09:00:00Z,245.79,1381.7
2022-01-14T09:30:00Z,231.08999999999997,1480.4
2022-01-14T10:00:00Z,208.5,1425.35
2022-01-14T10:30:00Z,206.17,1491.15
2022-01-14T11:00:00Z,190.96,2035.6
2022-01-14T11:30:00Z,195.04,1791.3
2022-01-14T12:00:00Z,196.34,1572.7
2022-01-14T12:30:00Z,195.29,1926.9
2022-01-14T13:00:00Z,225.12,2010.45
2022-01-14T13:30:00Z,226.75999999999996,2329.8
2022-01-14T14:00:00Z,230.98,1917.0
2022-01-14T14:30:00Z,228.41,2018.7
2022-01-14T15:00:00Z,325.88,1545.8
2022-01-14T15:30:00Z,350.09,1433.9
2022-01-14T16:00:00Z,337.39,1520.45
2022-01-14T16:30:00Z,542.85,1379.8
2022-01-14T17:00:00Z,682.82,938.6
2022-01-14T17:30:00Z,707.78,1027.3
2022-01-14T18:00:00Z,596.85,1126.2
2022-01-14T18:30:00Z,424.93000000000006,1390.35
2022-01-14T19:00:00Z,333.19,1547.5
2022-01-14T19:30:00Z,241.46,1458.8
2022-01-14T20:00:00Z,229.62,1329.8
2022-01-14T20:30:00Z,221.70999999999998,1273.9
2022-01-14T21:00:00Z,200.73,928.15
2022-01-14T21:30:00Z,196.34,1158.2
2022-01-14T22:00:00Z,204.31,1127.3
2022-01-14T22:30:00Z,198.93,1612.9
2022-01-14T23:00:00Z,196.83,651.55
2022-01-14T23:30:00Z,185.72000000000003,367.5
2022-01-15T00:00:00Z,181.0,424.05
2022-01-15T00:30:00Z,192.2,453.75
2022-01-15T01:00:00Z,184.74,555.6
2022-01-15T01:30:00Z,173.97999999999996,450.65
2022-01-15T02:00:00Z,163.44,693.6
2022-01-15T02:30:00Z,159.62,478.3
2022-01-15T03:00:00Z,159.46,418.85
2022-01-15T03:30:00Z,145.97,387.7
2022-01-15T04:00:00Z,149.91,425.0
2022-01-15T04:30:00Z,145.12,493.15
2022-01-15T05:00:00Z,152.48,460.85
2022-01-15T05:30:00Z,162.42,557.25
2022-01-15T06:00:00Z,182.35,631.15
2022-01-15T06:30:00Z,200.17,890.35
2022-01-15T07:00:00Z,208.46,1078.2
2022-01-15T07:30:00Z,231.22999999999996,894.35
2022-01-15T08:00:00Z,180.34,1007.3
2022-01-15T08:30:00Z,228.7,1023.75
2022-01-15T09:00:00Z,223.93,1311.85
2022-01-15T09:30:00Z,242.3,912.0
2022-01-15T10:00:00Z,244.61,949.2
2022-01-15T10:30:00Z,242.38999999999996,839.05
2022-01-15T11:00:00Z,251.84999999999997,914.35
2022-01-15T11:30:00Z,252.26,1158.95
2022-01-15T12:00:00Z,255.07,1224.0
2022-01-15T12:30:00Z,254.49000000000004,1258.75
2022-01-15T13:00:00Z,250.03000000000003,1302.05
2022-01-15T13:30:00Z,248.73000000000002,1265.25
2022-01-15T14:00:00Z,234.87000000000003,1246.4
2022-01-15T14:30:00Z,224.55,1310.9
2022-01-15T15:00:00Z,246.18,1101.6
2022-01-15T15:30:00Z,252.22,1026.2
2022-01-15T16:00:00Z,263.16,1245.6
2022-01-15T16:30:00Z,277.28,1156.8
2022-01-15T17:00:00Z,298.59,1346.3
2022-01-15T17:30:00Z,325.43,1442.15
2022-01-15T18:00:00Z,322.32,1724.7
2022-01-15T18:30:00Z,265.19,1750.5
2022-01-15T19:00:00Z,254.96,1159.45
2022-01-15T19:30:00Z,210.49,807.7
2022-01-15T20:00:00Z,213.21,1144.8
2022-01-15T20:30:00Z,233.15000000000003,1158.3
2022-01-15T21:00:00Z,228.57999999999998,918.65
2022-01-15T21:30:00Z,213.41,718.3
2022-01-15T22:00:00Z,218.51,919.45
2022-01-15T22:30:00Z,223.99,1101.0
2022-01-15T23:00:00Z,165.88999999999996,875.1
2022-01-15T23:30:00Z,173.45,617.85
2022-01-16T00:00:00Z,187.98,614.75
2022-01-16T00:30:00Z,190.03,608.3
2022-01-16T01:00:00Z,186.6,666.15
2022-01-16T01:30:00Z,184.49999999999997,862.7
2022-01-16T02:00:00Z,183.61,662.2
2022-01-16T02:30:00Z,175.07,535.8
2022-01-16T03:00:00Z,172.81000000000003,431.45
2022-01-16T03:30:00Z,168.06,511.15
2022-01-16T04:00:00Z,177.21,626.75
2022-01-16T04:30:00Z,174.07,507.15
2022-01-16T05:00:00Z,190.15,758.15
2022-01-16T05:30:00Z,188.79,850.45
2022-01-16T06:00:00Z,192.46,930.95
2022-01-16T06:30:00Z,194.44,1307.2
2022-01-16T07:00:00Z,214.86,1148.7
2022-01-16T07:30:00Z,209.19,1188.6
2022-01-16T08:00:00Z,185.34,1514.0
2022-01-16T08:30:00Z,220.52999999999997,825.35
2022-01-16T09:00:00Z,240.07,803.4
2022-01-16T09:30:00Z,246.94,804.0
2022-01-16T10:00:00Z,230.06,907.15
2022-01-16T10:30:00Z,217.3,1039.55
2022-01-16T11:00:00Z,219.87,1085.15
2022-01-16T11:30:00Z,220.4,1143.0
2022-01-16T12:00:00Z,215.3,892.45
2022-01-16T12:30:00Z,215.68,935.0
2022-01-16T13:00:00Z,212.23,1011.65
2022-01-16T13:30:00Z,211.66,1150.95
2022-01-16T14:00:00Z,207.93,1124.15
2022-01-16T14:30:00Z,199.48,1185.55
2022-01-16T15:00:00Z,207.9,1018.0
2022-01-16T15:30:00Z,212.15,828.5
2022-01-16T16:00:00Z,220.82,1161.9
2022-01-16T16:30:00Z,231.46,1401.85
2022-01-16T17:00:00Z,232.17,1000.25
2022-01-16T17:30:00Z,235.13,953.3
2022-01-16T18:00:00Z,232.45,1081.3
2022-01-16T18:30:00Z,202.21,1098.3
2022-01-16T19:00:00Z,207.4,1216.6
2022-01-16T19:30:00Z,181.79,1102.4
2022-01-16T20:00:00Z,183.33,1176.95
2022-01-16T20:30:00Z,191.1,1136.3
2022-01-16T21:00:00Z,192.11,1337.85
2022-01-16T21:30:00Z,178.96,1282.7
2022-01-16T22:00:00Z,173.68,1278.45
2022-01-16T22:30:00Z,156.46,1401.75
2022-01-16T23:00:00Z,132.18,595.65
2022-01-16T23:30:00Z,138.07,827.8
2022-01-17T00:00:00Z,128.87,848.55
2022-01-17T00:30:00Z,133.27,997.85
2022-01-17T01:00:00Z,157.49,1107.3
2022-01-17T01:30:00Z,168.66,1265.1
2022-01-17T02:00:00Z,163.23,1120.25
2022-01-17T02:30:00Z,163.74,1029.3
2022-01-17T03:00:00Z,153.32,873.25
2022-01-17T03:30:00Z,138.18,926.15
2022-01-17T04:00:00Z,141.41,925.1
2022-01-17T04:30:00Z,150.9,690.45
2022-01-17T05:00:00Z,116.67,547.05
2022-01-17T05:30:00Z,158.33,929.55
2022-01-17T06:00:00Z,176.57,918.05
2022-01-17T06:30:00Z,168.27,946.4
2022-01-17T07:00:00Z,190.65,1649.8
2022-01-17T07:30:00Z,219.16,1589.5
2022-01-17T08:00:00Z,216.53,1343.6
2022-01-17T08:30:00Z,219.57,1173.85
2022-01-17T09:00:00Z,221.90999999999997,1337.3
2022-01-17T09:30:00Z,215.85,1569.65
2022-01-17T10:00:00Z,193.67,1459.9
2022-01-17T10:30:00Z,193.14,1638.1
2022-01-17T11:00:00Z,216.65000000000003,1405.25
2022-01-17T11:30:00Z,215.39,1495.0
2022-01-17T12:00:00Z,207.99,1176.05
2022-01-17T12:30:00Z,205.89,1217.7
2022-01-17T13:00:00Z,194.46,906.4
2022-01-17T13:30:00Z,203.17,965.05
2022-01-17T14:00:00Z,207.62,1012.85
2022-01-17T14:30:00Z,227.75,1123.2
2022-01-17T15:00:00Z,281.15,1199.5
2022-01-17T15:30:00Z,252.24,1610.65
2022-01-17T16:00:00Z,245.15,2019.45
2022-01-17T16:30:00Z,309.48,2013.75
2022-01-17T17:00:00Z,369.59,1824.3
2022-01-17T17:30:00Z,377.81,1912.85
2022-01-17T18:00:00Z,372.52,1867.4
2022-01-17T18:30:00Z,330.59,2018.75
2022-01-17T19:00:00Z,221.87,1494.85
2022-01-17T19:30:00Z,212.92999999999998,1444.2
2022-01-17T20:00:00Z,212.99,1300.25
2022-01-17T20:30:00Z,199.5,1094.55
2022-01-17T21:00:00Z,187.55,985.95
2022-01-17T21:30:00Z,182.71,947.8
2022-01-17T22:00:00Z,187.54,1232.75
2022-01-17T22:30:00Z,182.55,1481.25
2022-01-17T23:00:00Z,206.21,527.45
2022-01-17T23:30:00Z,202.20000000000002,426.2
2022-01-18T00:00:00Z,164.76,224.75
2022-01-18T00:30:00Z,180.83,525.45
2022-01-18T01:00:00Z,165.06,381.9
2022-01-18T01:30:00Z,144.41,294.3
2022-01-18T02:00:00Z,168.19,582.5
2022-01-18T02:30:00Z,158.2,641.4
2022-01-18T03:00:00Z,164.41,461.15
2022-01-18T03:30:00Z,180.49,410.2
2022-01-18T04:00:00Z,194.42,352.65
2022-01-18T04:30:00Z,176.12,724.25
2022-01-18T05:00:00Z,202.46,748.25
2022-01-18T05:30:00Z,188.53,864.5
2022-01-18T06:00:00Z,225.56,1011.9
2022-01-18T06:30:00Z,242.93,1410.35
2022-01-18T07:00:00Z,247.65,1333.1
2022-01-18T07:30:00Z,253.95,1164.7
2022-01-18T08:00:00Z,239.79,1418.65
2022-01-18T08:30:00Z,246.84000000000003,1505.05
2022-01-18T09:00:00Z,246.61,1311.1
2022-01-18T09:30:00Z,249.69999999999996,1690.95
2022-01-18T10:00:00Z,243.28,1748.2
2022-01-18T10:30:00Z,229.0,2058.25
2022-01-18T11:00:00Z,206.8,1352.35
2022-01-18T11:30:00Z,190.83,1699.95
2022-01-18T12:00:00Z,216.21,1707.1
2022-01-18T12:30:00Z,218.13,1797.05
2022-01-18T13:00:00Z,216.18,2146.25
2022-01-18T13:30:00Z,208.06,1943.15
2022-01-18T14:00:00Z,225.04,1665.05
2022-01-18T14:30:00Z,216.50999999999996,1581.95
2022-01-18T15:00:00Z,227.34,1890.05
2022-01-18T15:30:00Z,228.72,1947.25
2022-01-18T16:00:00Z,233.22,2013.4
2022-01-18T16:30:00Z,242.46,2083.35
2022-01-18T17:00:00Z,265.23,1838.35
2022-01-18T17:30:00Z,260.62,1972.05
2022-01-18T18:00:00Z,248.19,1841.05
2022-01-18T18:30:00Z,243.13,2120.55
2022-01-18T19:00:00Z,228.8,1554.05
2022-01-18T19:30:00Z,218.67,1448.75
2022-01-18T20:00:00Z,190.89,1792.55
2022-01-18T20:30:00Z,208.61,1661.1
2022-01-18T21:00:00Z,197.06,1969.0
2022-01-18T21:30:00Z,186.58,1803.85
2022-01-18T22:00:00Z,184.65,1786.1
2022-01-18T22:30:00Z,188.68,2146.55
2022-01-18T23:00:00Z,185.69,1074.7
2022-01-18T23:30:00Z,183.06,656.25
2022-01-19T00:00:00Z,176.56,970.95
2022-01-19T00:30:00Z,183.33,634.2
2022-01-19T01:00:00Z,177.69,702.65
2022-01-19T01:30:00Z,175.43,699.1
2022-01-19T02:00:00Z,168.78,694.65
2022-01-19T02:30:00Z,149.65,801.35
2022-01-19T03:00:00Z,159.35,743.2
2022-01-19T03:30:00Z,146.89,847.8
2022-01-19T04:00:00Z,151.77,695.55
2022-01-19T04:30:00Z,155.21,695.15
2022-01-19T05:00:00Z,154.51,726.25
2022-01-19T05:30:00Z,160.27,621.6
2022-01-19T06:00:00Z,162.44,747.7
2022-01-19T06:30:00Z,112.12,1627.2
2022-01-19T07:00:00Z,130.87,1494.25
2022-01-19T07:30:00Z,183.35,1519.6
2022-01-19T08:00:00Z,176.36,1703.5
2022-01-19T08:30:00Z,196.13,1676.6
2022-01-19T09:00:00Z,209.38999999999996,1555.0
2022-01-19T09:30:00Z,207.73,1564.05
2022-01-19T10:00:00Z,199.18,1522.25
2022-01-19T10:30:00Z,196.67,1619.4
2022-01-19T11:00:00Z,169.35,1784.25
2022-01-19T11:30:00Z,165.95,1533.75
2022-01-19T12:00:00Z,162.61,1583.05
2022-01-19T12:30:00Z,152.12,1721.05
2022-01-19T13:00:00Z,153.35,1312.15
2022-01-19T13:30:00Z,151.05,1639.75
2022-01-19T14:00:00Z,149.37,1612.55
2022-01-19T14:30:00Z,155.25,1520.9
2022-01-19T15:00:00Z,175.18,1915.7
2022-01-19T15:30:00Z,189.01999999999998,1792.8
2022-01-19T16:00:00Z,203.65,1960.35
2022-01-19T16:30:00Z,207.07,1799.5
2022-01-19T17:00:00Z,223.9,1693.15
2022-01-19T17:30:00Z,224.99,1697.45
2022-01-19T18:00:00Z,217.35,2108.1
2022-01-19T18:30:00Z,211.93,2130.25
2022-01-19T19:00:00Z,212.58,1762.45
2022-01-19T19:30:00Z,203.59,1648.45
2022-01-19T20:00:00Z,201.89,1481.0
2022-01-19T20:30:00Z,184.32,1378.55
2022-01-19T21:00:00Z,172.41,1218.1
2022-01-19T21:30:00Z,150.83,1055.55
2022-01-19T22:00:00Z,165.72,1389.65
2022-01-19T22:30:00Z,157.88,1632.65
2022-01-19T23:00:00Z,146.34,622.3
2022-01-19T23:30:00Z,138.69,566.15
2022-01-20T00:00:00Z,136.22,646.4
2022-01-20T00:30:00Z,147.67,814.7
2022-01-20T01:00:00Z,152.6,762.6
2022-01-20T01:30:00Z,142.7,933.55
2022-01-20T02:00:00Z,131.46,812.6
2022-01-20T02:30:00Z,132.15,814.2
2022-01-20T03:00:00Z,142.94,830.75
2022-01-20T03:30:00Z,155.0,843.6
2022-01-20T04:00:00Z,148.23,947.3
2022-01-20T04:30:00Z,144.07,1035.95
2022-01-20T05:00:00Z,125.31000000000002,1107.2
2022-01-20T05:30:00Z,138.07,1109.35
2022-01-20T06:00:00Z,175.43,1300.35
2022-01-20T06:30:00Z,142.76,966.8
2022-01-20T07:00:00Z,169.67,2214.15
2022-01-20T07:30:00Z,189.3,1559.5
2022-01-20T08:00:00Z,183.12999999999997,1883.7
2022-01-20T08:30:00Z,190.62,1363.05
2022-01-20T09:00:00Z,198.33,1631.5
2022-01-20T09:30:00Z,206.31000000000003,1749.35
2022-01-20T10:00:00Z,212.78,1875.5
2022-01-20T10:30:00Z,207.03,1848.55
2022-01-20T11:00:00Z,207.37,1312.4
2022-01-20T11:30:00Z,208.94,1410.75
2022-01-20T12:00:00Z,200.02,1363.9
2022-01-20T12:30:00Z,193.07,1412.7
2022-01-20T13:00:00Z,193.52999999999997,1391.0
2022-01-20T13:30:00Z,175.3,1350.2
2022-01-20T14:00:00Z,165.75,1230.9
2022-01-20T14:30:00Z,162.75,1771.2
2022-01-20T15:00:00Z,156.88,969.45
2022-01-20T15:30:00Z,180.82,1038.7
2022-01-20T16:00:00Z,187.69,1261.85
2022-01-20T16:30:00Z,188.3,1217.45
2022-01-20T17:00:00Z,199.89,1111.8
2022-01-20T17:30:00Z,206.55,1260.95
2022-01-20T18:00:00Z,204.07,1208.9
2022-01-20T18:30:00Z,192.89,1177.05
2022-01-20T19:00:00Z,166.19,606.3
2022-01-20T19:30:00Z,147.31,917.15
2022-01-20T20:00:00Z,203.19,880.65
2022-01-20T20:30:00Z,174.7,1110.65
2022-01-20T21:00:00Z,167.79,1538.8
2022-01-20T21:30:00Z,157.96,1316.05
2022-01-20T22:00:00Z,155.57,1207.9
2022-01-20T22:30:00Z,162.72,1255.25
2022-01-20T23:00:00Z,140.82,1287.2
2022-01-20T23:30:00Z,121.06,1033.0
2022-01-21T00:00:00Z,131.88,1154.7
2022-01-21T00:30:00Z,141.73,1610.85
2022-01-21T01:00:00Z,149.72,1776.85
2022-01-21T01:30:00Z,126.74,1395.5
2022-01-21T02:00:00Z,132.68,1852.7
2022-01-21T02:30:00Z,139.1,1829.35
2022-01-21T03:00:00Z,144.8,1721.0
2022-01-21T03:30:00Z,133.8,1509.6
2022-01-21T04:00:00Z,126.73999999999998,1457.95
2022-01-21T04:30:00Z,133.52,1529.5
2022-01-21T05:00:00Z,111.59,1846.05
2022-01-21T05:30:00Z,115.37,1585.7
2022-01-21T06:00:00Z,144.91,2166.35
2022-01-21T06:30:00Z,135.78,2471.95
2022-01-21T07:00:00Z,136.25,1911.5
2022-01-21T07:30:00Z,188.77,2083.15
2022-01-21T08:00:00Z,185.3,2058.2
2022-01-21T08:30:00Z,190.59,2193.85
2022-01-21T09:00:00Z,186.56,1599.55
2022-01-21T09:30:00Z,191.08,2018.05
2022-01-21T10:00:00Z,203.18,1883.8
2022-01-21T10:30:00Z,195.36000000000004,1907.2
2022-01-21T11:00:00Z,169.37,1160.25
2022-01-21T11:30:00Z,185.48,1160.0
2022-01-21T12:00:00Z,178.11,1367.75
2022-01-21T12:30:00Z,170.09,1586.95
2022-01-21T13:00:00Z,166.4,1549.3
2022-01-21T13:30:00Z,171.89000000000001,1646.95
2022-01-21T14:00:00Z,169.02,1826.8
2022-01-21T14:30:00Z,176.61,2251.6
2022-01-21T15:00:00Z,169.19,1573.1
2022-01-21T15:30:00Z,169.4,1463.9
2022-01-21T16:00:00Z,168.96,1585.35
2022-01-21T16:30:00Z,173.94,1466.8
2022-01-21T17:00:00Z,182.70000000000002,1565.3
2022-01-21T17:30:00Z,199.39,1704.8
2022-01-21T18:00:00Z,197.26,1712.6
2022-01-21T18:30:00Z,192.15,1617.9
2022-01-21T19:00:00Z,178.64,1472.7
2022-01-21T19:30:00Z,165.14,1253.15
2022-01-21T20:00:00Z,157.63,1807.7
2022-01-21T20:30:00Z,157.28,1759.1
2022-01-21T21:00:00Z,159.81,2345.9
2022-01-21T21:30:00Z,154.99,2201.45
2022-01-21T22:00:00Z,158.15,2058.05
2022-01-21T22:30:00Z,156.81,2100.35
2022-01-21T23:00:00Z,120.23,879.25
2022-01-21T23:30:00Z,133.3,980.15
2022-01-22T00:00:00Z,153.55,633.95
2022-01-22T00:30:00Z,172.27,655.25
2022-01-22T01:00:00Z,190.19,355.15
2022-01-22T01:30:00Z,176.49,455.1
2022-01-22T02:00:00Z,179.4,483.95
2022-01-22T02:30:00Z,172.57,750.2
2022-01-22T03:00:00Z,175.17,737.1
2022-01-22T03:30:00Z,179.33,733.1
2022-01-22T04:00:00Z,186.32,799.55
2022-01-22T04:30:00Z,179.03999999999996,912.05
2022-01-22T05:00:00Z,171.23000000000002,783.6
2022-01-22T05:30:00Z,171.13000000000002,854.95
2022-01-22T06:00:00Z,186.04,1016.75
2022-01-22T06:30:00Z,173.87,1075.45
2022-01-22T07:00:00Z,167.77,1079.35
2022-01-22T07:30:00Z,196.62,1246.75
2022-01-22T08:00:00Z,187.27,1213.3
2022-01-22T08:30:00Z,198.2,1213.1
2022-01-22T09:00:00Z,213.7,1163.95
2022-01-22T09:30:00Z,219.82,1245.8
2022-01-22T10:00:00Z,219.72,1358.2
2022-01-22T10:30:00Z,218.22,1278.75
2022-01-22T11:00:00Z,198.93,1335.5
2022-01-22T11:30:00Z,197.11,1223.25
2022-01-22T12:00:00Z,195.33,1430.9
2022-01-22T12:30:00Z,190.2,1548.4
2022-01-22T13:00:00Z,186.33,1361.95
2022-01-22T13:30:00Z,189.33,1348.1
2022-01-22T14:00:00Z,190.43,1283.05
2022-01-22T14:30:00Z,184.88,1417.5
2022-01-22T15:00:00Z,200.28,673.65
2022-01-22T15:30:00Z,199.15000000000003,824.5
2022-01-22T16:00:00Z,190.0,811.4
2022-01-22T16:30:00Z,214.36,1187.25
2022-01-22T17:00:00Z,225.79,875.45
2022-01-22T17:30:00Z,236.4,745.7
2022-01-22T18:00:00Z,234.69,924.9
2022-01-22T18:30:00Z,220.52000000000004,964.35
2022-01-22T19:00:00Z,202.29,962.6
2022-01-22T19:30:00Z,169.31,640.55
2022-01-22T20:00:00Z,169.33,608.15
2022-01-22T20:30:00Z,158.69,534.4
2022-01-22T21:00:00Z,161.58,803.65
2022-01-22T21:30:00Z,161.58999999999997,874.9
2022-01-22T22:00:00Z,166.91,978.5
2022-01-22T22:30:00Z,164.17,760.4
2022-01-22T23:00:00Z,153.58,358.65
2022-01-22T23:30:00Z,155.04,290.4
2022-01-23T00:00:00Z,162.97,297.9
2022-01-23T00:30:00Z,175.85,233.3
2022-01-23T01:00:00Z,160.56,270.95
2022-01-23T01:30:00Z,148.97,362.1
2022-01-23T02:00:00Z,139.32,291.2
2022-01-23T02:30:00Z,136.3,485.8
2022-01-23T03:00:00Z,145.41,518.55
2022-01-23T03:30:00Z,138.12,425.7
2022-01-23T04:00:00Z,143.68,522.15
2022-01-23T04:30:00Z,145.25,584.85
2022-01-23T05:00:00Z,126.90999999999998,422.4
2022-01-23T05:30:00Z,137.7,655.15
2022-01-23T06:00:00Z,144.35,816.35
2022-01-23T06:30:00Z,142.66,704.7
2022-01-23T07:00:00Z,149.59,1129.6
2022-01-23T07:30:00Z,150.38,873.8
2022-01-23T08:00:00Z,151.94,740.55
2022-01-23T08:30:00Z,158.97,950.35
2022-01-23T09:00:00Z,165.09,948.55
2022-01-23T09:30:00Z,174.08,1034.45
2022-01-23T10:00:00Z,171.63,1028.4
2022-01-23T10:30:00Z,173.32,1184.5
2022-01-23T11:00:00Z,184.55,676.15
2022-01-23T11:30:00Z,192.27000000000004,817.55
2022-01-23T12:00:00Z,201.12,849.05
2022-01-23T12:30:00Z,206.16,1014.7
2022-01-23T13:00:00Z,205.21,894.15
2022-01-23T13:30:00Z,206.3,1030.55
2022-01-23T14:00:00Z,206.18,989.85
2022-01-23T14:30:00Z,201.18,1128.1
2022-01-23T15:00:00Z,198.0,1054.7
2022-01-23T15:30:00Z,210.6,1032.1
2022-01-23T16:00:00Z,213.69,1002.25
2022-01-23T16:30:00Z,224.4,1046.2
2022-01-23T17:00:00Z,232.59,907.95
2022-01-23T17:30:00Z,233.39,1069.65
2022-01-23T18:00:00Z,229.99,1078.45
2022-01-23T18:30:00Z,216.51999999999998,949.75
2022-01-23T19:00:00Z,212.56,580.3
2022-01-23T19:30:00Z,189.69,725.35
2022-01-23T20:00:00Z,184.84,777.5
2022-01-23T20:30:00Z,181.62,713.2
2022-01-23T21:00:00Z,159.1,730.55
2022-01-23T21:30:00Z,151.95,678.55
2022-01-23T22:00:00Z,163.82,963.25
2022-01-23T22:30:00Z,155.7,1082.15
2022-01-23T23:00:00Z,141.62,424.65
2022-01-23T23:30:00Z,143.16,368.45
2022-01-24T00:00:00Z,137.92,361.4
2022-01-24T00:30:00Z,151.09,545.8
2022-01-24T01:00:00Z,151.28,654.45
2022-01-24T01:30:00Z,143.76,581.85
2022-01-24T02:00:00Z,141.65,651.25
2022-01-24T02:30:00Z,141.58,478.05
2022-01-24T03:00:00Z,129.11,498.2
2022-01-24T03:30:00Z,131.15,392.65
2022-01-24T04:00:00Z,142.54,798.55
2022-01-24T04:30:00Z,143.06,867.9
2022-01-24T05:00:00Z,172.08,722.8
2022-01-24T05:30:00Z,174.99,777.4
2022-01-24T06:00:00Z,200.93,1069.8
2022-01-24T06:30:00Z,224.20999999999998,1381.65
2022-01-24T07:00:00Z,197.48,1143.85
2022-01-24T07:30:00Z,262.77,1304.65
2022-01-24T08:00:00Z,227.52,1049.6
2022-01-24T08:30:00Z,261.6,1288.25
2022-01-24T09:00:00Z,238.67,1840.95
2022-01-24T09:30:00Z,253.28000000000003,2087.25
2022-01-24T10:00:00Z,273.08,1415.7
2022-01-24T10:30:00Z,282.91,1930.8
2022-01-24T11:00:00Z,312.5,2060.0
2022-01-24T11:30:00Z,318.84,2117.65
2022-01-24T12:00:00Z,397.59,1926.8
2022-01-24T12:30:00Z,503.82,2083.7
2022-01-24T13:00:00Z,758.2,1994.6
2022-01-24T13:30:00Z,774.23,1907.9
2022-01-24T14:00:00Z,697.66,1895.0
2022-01-24T14:30:00Z,607.99,1982.9
2022-01-24T15:00:00Z,686.48,2237.75
2022-01-24T15:30:00Z,863.7,2153.6
2022-01-24T16:00:00Z,898.41,1799.65
2022-01-24T16:30:00Z,1289.77,1834.9
2022-01-24T17:00:00Z,1561.59,1560.75
2022-01-24T17:30:00Z,1554.8299999999997,1531.35
2022-01-24T18:00:00Z,1547.7,1638.35
2022-01-24T18:30:00Z,1344.1499999999999,1787.65
2022-01-24T19:00:00Z,638.98,1881.7
2022-01-24T19:30:00Z,367.25,1952.35
2022-01-24T20:00:00Z,404.65,1687.95
2022-01-24T20:30:00Z,358.07,1835.85
2022-01-24T21:00:00Z,248.38,1592.35
2022-01-24T21:30:00Z,230.87,1080.4
2022-01-24T22:00:00Z,231.95,771.5
2022-01-24T22:30:00Z,198.4,975.35
2022-01-24T23:00:00Z,173.18,542.55
2022-01-24T23:30:00Z,177.03,496.85
2022-01-25T00:00:00Z,180.05,521.7
2022-01-25T00:30:00Z,187.69,580.3
2022-01-25T01:00:00Z,178.95000000000002,483.2
2022-01-25T01:30:00Z,170.12,554.8
2022-01-25T02:00:00Z,165.34,529.25
2022-01-25T02:30:00Z,163.6,645.45
2022-01-25T03:00:00Z,164.41,582.7
2022-01-25T03:30:00Z,159.92,796.85
2022-01-25T04:00:00Z,161.71,532.95
2022-01-25T04:30:00Z,158.02,587.05
2022-01-25T05:00:00Z,176.3,649.95
2022-01-25T05:30:00Z,175.06,563.45
2022-01-25T06:00:00Z,204.72,1085.3
2022-01-25T06:30:00Z,267.98,1272.7
2022-01-25T07:00:00Z,370.87,1077.1
2022-01-25T07:30:00Z,439.31,1485.6
2022-01-25T08:00:00Z,398.6700000000001,1342.65
2022-01-25T08:30:00Z,434.39,1720.0
2022-01-25T09:00:00Z,394.02,1721.05
2022-01-25T09:30:00Z,396.08,1704.65
2022-01-25T10:00:00Z,405.02,1686.75
2022-01-25T10:30:00Z,414.74,1835.95
2022-01-25T11:00:00Z,346.64,1724.05
2022-01-25T11:30:00Z,345.89,1630.2
2022-01-25T12:00:00Z,374.32,1573.75
2022-01-25T12:30:00Z,375.07,1647.55
2022-01-25T13:00:00Z,333.29,1525.6
2022-01-25T13:30:00Z,309.15,1654.8
2022-01-25T14:00:00Z,348.76,1561.5
2022-01-25T14:30:00Z,326.76000000000005,1665.6
2022-01-25T15:00:00Z,488.37,1473.35
2022-01-25T15:30:00Z,594.14,1445.8
2022-01-25T16:00:00Z,516.55,1550.3
2022-01-25T16:30:00Z,577.8,1590.25
2022-01-25T17:00:00Z,576.68,1432.7
2022-01-25T17:30:00Z,538.22,1350.7
2022-01-25T18:00:00Z,521.44,1561.35
2022-01-25T18:30:00Z,487.21,1945.6
2022-01-25T19:00:00Z,335.05,1526.75
2022-01-25T19:30:00Z,290.01,1263.7
2022-01-25T20:00:00Z,295.59999647157406,1133.65
2022-01-25T20:30:00Z,236.87081819136648,952.1
2022-01-25T21:00:00Z,233.2,996.65
2022-01-25T21:30:00Z,188.16,716.8
2022-01-25T22:00:00Z,192.44,712.2
2022-01-25T22:30:00Z,188.21,1222.05
2022-01-25T23:00:00Z,118.95,557.9
2022-01-25T23:30:00Z,143.99,783.2
2022-01-26T00:00:00Z,163.05,477.2
2022-01-26T00:30:00Z,176.25,520.1
2022-01-26T01:00:00Z,174.38,475.5
2022-01-26T01:30:00Z,167.57,375.7
2022-01-26T02:00:00Z,167.01,430.05
2022-01-26T02:30:00Z,165.57999999999998,399.1
2022-01-26T03:00:00Z,162.09999999999997,431.2
2022-01-26T03:30:00Z,158.54,477.5
2022-01-26T04:00:00Z,154.0,600.75
2022-01-26T04:30:00Z,144.89,557.3
2022-01-26T05:00:00Z,158.26,616.65
2022-01-26T05:30:00Z,171.61,824.95
2022-01-26T06:00:00Z,188.25,1244.15
2022-01-26T06:30:00Z,179.07,1125.85
2022-01-26T07:00:00Z,196.38000000000002,1366.5
2022-01-26T07:30:00Z,239.86,1179.15
2022-01-26T08:00:00Z,239.0,1579.85
2022-01-26T08:30:00Z,236.65,1546.65
2022-01-26T09:00:00Z,230.94,1527.8
2022-01-26T09:30:00Z,214.22,1813.95
2022-01-26T10:00:00Z,237.45,1764.7
2022-01-26T10:30:00Z,218.92,1938.3
2022-01-26T11:00:00Z,192.6,1979.45
2022-01-26T11:30:00Z,192.09,1810.75
2022-01-26T12:00:00Z,200.84,2103.65
2022-01-26T12:30:00Z,194.15,2370.2
2022-01-26T13:00:00Z,179.67,1925.75
2022-01-26T13:30:00Z,175.04,1992.6
2022-01-26T14:00:00Z,173.79,1724.5
2022-01-26T14:30:00Z,173.11,2186.4
2022-01-26T15:00:00Z,189.55,2603.75
2022-01-26T15:30:00Z,202.65,2181.6
2022-01-26T16:00:00Z,190.13,2487.75
2022-01-26T16:30:00Z,201.33,2418.45
2022-01-26T17:00:00Z,200.41,2455.6
2022-01-26T17:30:00Z,202.05,2630.6
2022-01-26T18:00:00Z,204.67,2523.6
2022-01-26T18:30:00Z,197.71,2665.0
2022-01-26T19:00:00Z,181.81999999999996,1661.35
2022-01-26T19:30:00Z,178.42,1262.3
2022-01-26T20:00:00Z,198.96,1329.3
2022-01-26T20:30:00Z,183.4,1328.65
2022-01-26T21:00:00Z,165.05,1138.7
2022-01-26T21:30:00Z,170.62,1231.5
2022-01-26T22:00:00Z,173.87,1185.05
2022-01-26T22:30:00Z,169.11,1393.15
2022-01-26T23:00:00Z,176.23,716.8
2022-01-26T23:30:00Z,163.25,772.35
2022-01-27T00:00:00Z,181.37,674.6
2022-01-27T00:30:00Z,177.48,864.55
2022-01-27T01:00:00Z,170.22,818.5
2022-01-27T01:30:00Z,151.79,793.2
2022-01-27T02:00:00Z,143.97,896.85
2022-01-27T02:30:00Z,146.14,797.75
2022-01-27T03:00:00Z,129.01,650.45
2022-01-27T03:30:00Z,125.94,614.3
2022-01-27T04:00:00Z,129.2,766.3
2022-01-27T04:30:00Z,135.57,802.0
2022-01-27T05:00:00Z,178.02,868.9
2022-01-27T05:30:00Z,186.10999999999999,871.0
2022-01-27T06:00:00Z,180.82,1027.55
2022-01-27T06:30:00Z,181.58,1091.0
2022-01-27T07:00:00Z,194.82,1026.7
2022-01-27T07:30:00Z,210.81,1107.3
2022-01-27T08:00:00Z,200.43,622.3
2022-01-27T08:30:00Z,188.97,902.35
2022-01-27T09:00:00Z,216.15,1096.15
2022-01-27T09:30:00Z,216.79,1058.25
2022-01-27T10:00:00Z,214.62000000000003,973.05
2022-01-27T10:30:00Z,218.86,1076.85
2022-01-27T11:00:00Z,220.83,915.15
2022-01-27T11:30:00Z,219.91,1169.2
2022-01-27T12:00:00Z,217.95,1413.75
2022-01-27T12:30:00Z,212.03999999999996,1444.25
2022-01-27T13:00:00Z,200.22,1236.55
2022-01-27T13:30:00Z,188.73,1252.2
2022-01-27T14:00:00Z,189.02,1321.45
2022-01-27T14:30:00Z,182.08,1906.3
2022-01-27T15:00:00Z,187.3,1015.8
2022-01-27T15:30:00Z,194.28,1045.8
2022-01-27T16:00:00Z,184.75,1659.55
2022-01-27T16:30:00Z,229.97999999999996,1403.95
2022-01-27T17:00:00Z,262.75,1651.45
2022-01-27T17:30:00Z,274.1,1512.85
2022-01-27T18:00:00Z,268.08,1679.9
2022-01-27T18:30:00Z,262.49,1607.7
2022-01-27T19:00:00Z,249.39,1353.15
2022-01-27T19:30:00Z,251.86,1260.85
2022-01-27T20:00:00Z,238.38,1540.0
2022-01-27T20:30:00Z,214.99,1466.95
2022-01-27T21:00:00Z,229.06,1024.85
2022-01-27T21:30:00Z,210.65,1013.05
2022-01-27T22:00:00Z,199.45,1134.5
2022-01-27T22:30:00Z,181.88,1120.45
2022-01-27T23:00:00Z,159.96,572.55
2022-01-27T23:30:00Z,156.6,448.9
2022-01-28T00:00:00Z,154.55,579.55
2022-01-28T00:30:00Z,194.38,559.0
2022-01-28T01:00:00Z,202.82,571.7
2022-01-28T01:30:00Z,195.08,710.05
2022-01-28T02:00:00Z,159.18,361.6
2022-01-28T02:30:00Z,137.68,407.75
2022-01-28T03:00:00Z,154.38,458.25
2022-01-28T03:30:00Z,164.05,425.6
2022-01-28T04:00:00Z,187.19,501.55
2022-01-28T04:30:00Z,161.28,528.55
2022-01-28T05:00:00Z,172.36999999999998,470.85
2022-01-28T05:30:00Z,174.46,465.9
2022-01-28T06:00:00Z,197.45,847.95
2022-01-28T06:30:00Z,172.55,1019.4
2022-01-28T07:00:00Z,212.54,1179.4
2022-01-28T07:30:00Z,264.17,1009.15
2022-01-28T08:00:00Z,246.02999999999997,1215.1
2022-01-28T08:30:00Z,241.62999999999997,1367.65
2022-01-28T09:00:00Z,225.46,1237.35
2022-01-28T09:30:00Z,201.81,1131.5
2022-01-28T10:00:00Z,193.75,1032.1
2022-01-28T10:30:00Z,201.44,1438.9
2022-01-28T11:00:00Z,205.62,1152.85
2022-01-28T11:30:00Z,186.07,1505.2
2022-01-28T12:00:00Z,189.0,1286.8
2022-01-28T12:30:00Z,173.55,1256.9
2022-01-28T13:00:00Z,168.35,1051.5
2022-01-28T13:30:00Z,167.73,1214.95
2022-01-28T14:00:00Z,172.94,1497.4
2022-01-28T14:30:00Z,174.13,1238.85
2022-01-28T15:00:00Z,190.68999999999997,1375.1
2022-01-28T15:30:00Z,203.28,1515.95
2022-01-28T16:00:00Z,196.63,1762.25
2022-01-28T16:30:00Z,202.68,1485.85
2022-01-28T17:00:00Z,202.37,1573.7
2022-01-28T17:30:00Z,203.6,1466.75
2022-01-28T18:00:00Z,204.05,1597.05
2022-01-28T18:30:00Z,198.39,1716.8
2022-01-28T19:00:00Z,191.27,1243.25
2022-01-28T19:30:00Z,187.76,1142.05
2022-01-28T20:00:00Z,166.43,887.05
2022-01-28T20:30:00Z,180.21,1074.9
2022-01-28T21:00:00Z,183.66999999999996,901.5
2022-01-28T21:30:00Z,159.39,847.65
2022-01-28T22:00:00Z,158.99,856.1
2022-01-28T22:30:00Z,150.92,1243.55
2022-01-28T23:00:00Z,172.24,731.95
2022-01-28T23:30:00Z,102.58,611.25
2022-01-29T00:00:00Z,129.01,572.75
2022-01-29T00:30:00Z,164.01,734.75
2022-01-29T01:00:00Z,168.89000000000001,787.75
2022-01-29T01:30:00Z,160.6,757.9
2022-01-29T02:00:00Z,157.37,793.65
2022-01-29T02:30:00Z,125.67,751.2
2022-01-29T03:00:00Z,89.68,857.3
2022-01-29T03:30:00Z,84.9,680.85
2022-01-29T04:00:00Z,112.0,732.25
2022-01-29T04:30:00Z,110.87,781.95
2022-01-29T05:00:00Z,138.17,592.75
2022-01-29T05:30:00Z,140.66,600.55
2022-01-29T06:00:00Z,144.71,594.65
2022-01-29T06:30:00Z,188.3,796.15
2022-01-29T07:00:00Z,203.01,775.1
2022-01-29T07:30:00Z,232.0,956.45
2022-01-29T08:00:00Z,220.28000000000003,1208.05
2022-01-29T08:30:00Z,237.43,915.25
2022-01-29T09:00:00Z,234.31,1456.35
2022-01-29T09:30:00Z,232.87,1613.55
2022-01-29T10:00:00Z,228.34,1617.5
2022-01-29T10:30:00Z,224.66,1717.2
2022-01-29T11:00:00Z,209.2,1684.4
2022-01-29T11:30:00Z,201.79000000000002,1585.85
2022-01-29T12:00:00Z,193.45,1390.55
2022-01-29T12:30:00Z,189.85,1275.7
2022-01-29T13:00:00Z,173.87,1334.05
2022-01-29T13:30:00Z,162.49,1403.0
2022-01-29T14:00:00Z,179.08999999999997,1474.75
2022-01-29T14:30:00Z,183.43,1528.55
2022-01-29T15:00:00Z,181.45,1078.75
2022-01-29T15:30:00Z,167.86,1129.65
2022-01-29T16:00:00Z,173.23,1054.55
2022-01-29T16:30:00Z,187.53,1381.8
2022-01-29T17:00:00Z,206.49000000000004,1657.6
2022-01-29T17:30:00Z,209.59,1748.25
2022-01-29T18:00:00Z,209.13000000000002,1458.55
2022-01-29T18:30:00Z,213.07,1611.95
2022-01-29T19:00:00Z,191.13,944.05
2022-01-29T19:30:00Z,164.0,999.25
2022-01-29T20:00:00Z,184.17,1104.75
2022-01-29T20:30:00Z,184.35,808.15
2022-01-29T21:00:00Z,192.62,1260.05
2022-01-29T21:30:00Z,176.76,1061.8
2022-01-29T22:00:00Z,184.35,1038.25
2022-01-29T22:30:00Z,179.36,1103.3
2022-01-29T23:00:00Z,190.77,583.35
2022-01-29T23:30:00Z,194.84,649.85
2022-01-30T00:00:00Z,112.19,496.15
2022-01-30T00:30:00Z,144.71,610.85
2022-01-30T01:00:00Z,169.58,511.4
2022-01-30T01:30:00Z,183.93,503.25
2022-01-30T02:00:00Z,163.91,432.15
2022-01-30T02:30:00Z,160.61,503.9
2022-01-30T03:00:00Z,163.25,361.1
2022-01-30T03:30:00Z,179.1,343.25
2022-01-30T04:00:00Z,192.00999999999996,355.55
2022-01-30T04:30:00Z,166.46,548.9
2022-01-30T05:00:00Z,170.18,281.25
2022-01-30T05:30:00Z,170.57,437.0
2022-01-30T06:00:00Z,197.12,393.75
2022-01-30T06:30:00Z,206.4,819.1
2022-01-30T07:00:00Z,217.99,707.75
2022-01-30T07:30:00Z,209.81,739.25
2022-01-30T08:00:00Z,218.01,1066.75
2022-01-30T08:30:00Z,219.69,875.8
2022-01-30T09:00:00Z,227.57000000000002,790.75
2022-01-30T09:30:00Z,217.8,927.95
2022-01-30T10:00:00Z,209.34,896.2
2022-01-30T10:30:00Z,195.34,1068.35
2022-01-30T11:00:00Z,205.28,1217.0
2022-01-30T11:30:00Z,200.18,1474.35
2022-01-30T12:00:00Z,190.77,1279.5
2022-01-30T12:30:00Z,184.18,1471.15
2022-01-30T13:00:00Z,171.67,894.15
2022-01-30T13:30:00Z,169.18,1050.75
2022-01-30T14:00:00Z,182.05,1068.25
2022-01-30T14:30:00Z,179.03,836.95
2022-01-30T15:00:00Z,179.01,907.95
2022-01-30T15:30:00Z,173.06,1103.55
2022-01-30T16:00:00Z,190.41,920.95
2022-01-30T16:30:00Z,195.34,1687.35
2022-01-30T17:00:00Z,194.93,1451.6
2022-01-30T17:30:00Z,189.11,1521.9
2022-01-30T18:00:00Z,199.32999999999998,1435.3
2022-01-30T18:30:00Z,189.97,1456.5
2022-01-30T19:00:00Z,163.97,1248.1
2022-01-30T19:30:00Z,191.41,1083.65
2022-01-30T20:00:00Z,188.73,1048.85
2022-01-30T20:30:00Z,186.44,970.95
2022-01-30T21:00:00Z,198.58,1237.35
2022-01-30T21:30:00Z,178.01,799.7
2022-01-30T22:00:00Z,181.11,1035.55
2022-01-30T22:30:00Z,131.21,903.15
2022-01-30T23:00:00Z,101.9,637.0
2022-01-30T23:30:00Z,41.79,617.35
2022-01-31T00:00:00Z,42.65,510.4
2022-01-31T00:30:00Z,155.53,808.55
2022-01-31T01:00:00Z,167.3,582.0
2022-01-31T01:30:00Z,135.93,554.65
2022-01-31T02:00:00Z,131.43,674.1
2022-01-31T02:30:00Z,116.39999999999999,628.8
2022-01-31T03:00:00Z,38.349999999999994,941.7
2022-01-31T03:30:00Z,32.26,904.6
2022-01-31T04:00:00Z,116.9,1069.9
2022-01-31T04:30:00Z,126.7,1029.4
2022-01-31T05:00:00Z,118.1,881.35
2022-01-31T05:30:00Z,172.87,873.2
2022-01-31T06:00:00Z,187.11,885.9
2022-01-31T06:30:00Z,181.96000000000004,1496.9
2022-01-31T07:00:00Z,181.16,1001.2
2022-01-31T07:30:00Z,209.05,1181.6
2022-01-31T08:00:00Z,167.9,915.25
2022-01-31T08:30:00Z,192.85,1167.75
2022-01-31T09:00:00Z,182.43,1039.4
2022-01-31T09:30:00Z,186.0,1113.95
2022-01-31T10:00:00Z,192.71,982.1
2022-01-31T10:30:00Z,183.88,879.85
2022-01-31T11:00:00Z,180.43,1065.25
2022-01-31T11:30:00Z,175.83,1153.85
2022-01-31T12:00:00Z,190.06,1213.35
2022-01-31T12:30:00Z,190.49,1141.05
2022-01-31T13:00:00Z,179.46,1112.35
2022-01-31T13:30:00Z,177.69,1162.25
2022-01-31T14:00:00Z,195.19000000000003,1615.1
2022-01-31T14:30:00Z,198.02,1555.55
2022-01-31T15:00:00Z,190.26000000000002,1560.9
2022-01-31T15:30:00Z,204.81999999999996,1598.1
2022-01-31T16:00:00Z,202.62,1279.8
2022-01-31T16:30:00Z,219.66,868.5
2022-01-31T17:00:00Z,233.86,1237.75
2022-01-31T17:30:00Z,251.15,1659.15
2022-01-31T18:00:00Z,247.96,1710.2
2022-01-31T18:30:00Z,239.57,1777.75
2022-01-31T19:00:00Z,218.28000000000003,1719.75
2022-01-31T19:30:00Z,190.76,1690.35
2022-01-31T20:00:00Z,187.5,1556.5
2022-01-31T20:30:00Z,180.24000000000004,1744.6
2022-01-31T21:00:00Z,175.03,1287.25
2022-01-31T21:30:00Z,173.45,1274.7
2022-01-31T22:00:00Z,184.59,1435.2
2022-01-31T22:30:00Z,174.6,1326.6
2022-01-31T23:00:00Z,171.59,905.7
2022-01-31T23:30:00Z,163.13,757.25
2022-02-01T00:00:00Z,153.83,1121.4
2022-02-01T00:30:00Z,162.58,1260.0
2022-02-01T01:00:00Z,168.44,838.3
2022-02-01T01:30:00Z,155.76000000000002,891.6
2022-02-01T02:00:00Z,159.55,1066.55
2022-02-01T02:30:00Z,123.55,902.6
2022-02-01T03:00:00Z,148.3,968.1
2022-02-01T03:30:00Z,126.88999999999999,1049.25
2022-02-01T04:00:00Z,152.68,1224.9
2022-02-01T04:30:00Z,156.03,1023.95
2022-02-01T05:00:00Z,169.03999999999996,851.0
2022-02-01T05:30:00Z,176.13,1118.65
2022-02-01T06:00:00Z,179.3,1095.4
2022-02-01T06:30:00Z,180.9,1367.15
2022-02-01T07:00:00Z,198.83,1278.45
2022-02-01T07:30:00Z,216.68,1368.9
2022-02-01T08:00:00Z,186.41,1433.6
2022-02-01T08:30:00Z,192.31,1425.6
2022-02-01T09:00:00Z,140.29,1229.9
2022-02-01T09:30:00Z,150.12,1237.05
2022-02-01T10:00:00Z,149.25,1519.8
2022-02-01T10:30:00Z,149.79,1450.1
2022-02-01T11:00:00Z,129.85,1114.15
2022-02-01T11:30:00Z,125.87,1621.7
2022-02-01T12:00:00Z,127.18,1628.75
2022-02-01T12:30:00Z,130.68,1694.55
2022-02-01T13:00:00Z,127.38,1553.15
2022-02-01T13:30:00Z,129.07,1660.45
2022-02-01T14:00:00Z,131.46,1527.1
2022-02-01T14:30:00Z,131.08,1507.0
2022-02-01T15:00:00Z,132.97,1633.75
2022-02-01T15:30:00Z,134.83,2244.4
2022-02-01T16:00:00Z,147.01,1479.6
2022-02-01T16:30:00Z,170.75,1884.75
2022-02-01T17:00:00Z,179.97,1930.4
2022-02-01T17:30:00Z,181.33,1833.3
2022-02-01T18:00:00Z,192.4,1867.35
2022-02-01T18:30:00Z,189.81,1964.9
2022-02-01T19:00:00Z,172.3,1201.55
2022-02-01T19:30:00Z,151.2,1634.85
2022-02-01T20:00:00Z,165.4,1419.7
2022-02-01T20:30:00Z,161.97,1219.35
2022-02-01T21:00:00Z,158.05,1344.55
2022-02-01T21:30:00Z,160.61,1441.7
2022-02-01T22:00:00Z,156.61,1904.8
2022-02-01T22:30:00Z,133.76,1770.35
2022-02-01T23:00:00Z,102.22,1020.35
2022-02-01T23:30:00Z,117.89,1187.55
2022-02-02T00:00:00Z,130.62,997.15
2022-02-02T00:30:00Z,129.05,962.35
2022-02-02T01:00:00Z,120.46,1053.15
2022-02-02T01:30:00Z,118.61,1071.4
2022-02-02T02:00:00Z,113.59999999999998,855.5
2022-02-02T02:30:00Z,111.66,769.9
2022-02-02T03:00:00Z,116.35,847.2
2022-02-02T03:30:00Z,107.24,977.6
2022-02-02T04:00:00Z,117.81,1061.3
2022-02-02T04:30:00Z,101.46,896.85
2022-02-02T05:00:00Z,123.55999999999999,1316.0
2022-02-02T05:30:00Z,153.03,1092.2
2022-02-02T06:00:00Z,163.38,1328.6
2022-02-02T06:30:00Z,177.51,1813.2
2022-02-02T07:00:00Z,204.46999999999997,1629.9
2022-02-02T07:30:00Z,202.73,1830.1
2022-02-02T08:00:00Z,202.45,1701.8
2022-02-02T08:30:00Z,204.0,2149.65
2022-02-02T09:00:00Z,180.34,1676.15
2022-02-02T09:30:00Z,163.65,1638.35
2022-02-02T10:00:00Z,157.26,1972.75
2022-02-02T10:30:00Z,159.26,2096.75
2022-02-02T11:00:00Z,176.87,1751.35
2022-02-02T11:30:00Z,183.07,1981.35
2022-02-02T12:00:00Z,158.68999999999997,1854.75
2022-02-02T12:30:00Z,165.34,2113.15
2022-02-02T13:00:00Z,172.67,2134.95
2022-02-02T13:30:00Z,166.12,2333.6
2022-02-02T14:00:00Z,158.5,2293.55
2022-02-02T14:30:00Z,154.76,2315.9
2022-02-02T15:00:00Z,161.24,1725.8
2022-02-02T15:30:00Z,174.0,1647.15
2022-02-02T16:00:00Z,196.22,1398.1
2022-02-02T16:30:00Z,205.9,1443.1
2022-02-02T17:00:00Z,205.25,1472.65
2022-02-02T17:30:00Z,212.26000000000002,1251.0
2022-02-02T18:00:00Z,215.49,1685.65
2022-02-02T18:30:00Z,194.83,1415.9
2022-02-02T19:00:00Z,185.71,1665.3
2022-02-02T19:30:00Z,162.88,1352.25
2022-02-02T20:00:00Z,157.01,1393.8
2022-02-02T20:30:00Z,166.42,1754.65
2022-02-02T21:00:00Z,155.81,1958.1
2022-02-02T21:30:00Z,155.72,1918.45
2022-02-02T22:00:00Z,154.49,2187.1
2022-02-02T22:30:00Z,150.27,2604.95
2022-02-02T23:00:00Z,155.76,768.0
2022-02-02T23:30:00Z,132.07,536.75
2022-02-03T00:00:00Z,175.48,573.3
2022-02-03T00:30:00Z,173.59,678.1
2022-02-03T01:00:00Z,127.36,628.35
2022-02-03T01:30:00Z,147.45,841.55
2022-02-03T02:00:00Z,163.33,681.55
2022-02-03T02:30:00Z,152.88,871.2
2022-02-03T03:00:00Z,147.01,950.3
2022-02-03T03:30:00Z,129.23,1212.75
2022-02-03T04:00:00Z,133.1,1085.55
2022-02-03T04:30:00Z,126.11,1035.8
2022-02-03T05:00:00Z,131.2,846.0
2022-02-03T05:30:00Z,128.29,706.2
2022-02-03T06:00:00Z,135.76,815.15
2022-02-03T06:30:00Z,112.9,967.2
2022-02-03T07:00:00Z,114.53000000000002,1238.65
2022-02-03T07:30:00Z,163.24,1062.55
2022-02-03T08:00:00Z,161.44,1127.05
2022-02-03T08:30:00Z,162.64,968.25
2022-02-03T09:00:00Z,153.39,876.7
2022-02-03T09:30:00Z,151.14,947.4
2022-02-03T10:00:00Z,150.23,964.4
2022-02-03T10:30:00Z,157.87,1420.75
2022-02-03T11:00:00Z,149.68,1328.9
2022-02-03T11:30:00Z,153.03,1202.95
2022-02-03T12:00:00Z,154.94,1274.9
2022-02-03T12:30:00Z,153.13,1457.7
2022-02-03T13:00:00Z,150.43,1267.3
2022-02-03T13:30:00Z,141.54,1167.65
2022-02-03T14:00:00Z,144.82,1311.1
2022-02-03T14:30:00Z,142.48,1277.5
2022-02-03T15:00:00Z,148.85,807.95
2022-02-03T15:30:00Z,147.48,936.75
2022-02-03T16:00:00Z,144.67,918.35
2022-02-03T16:30:00Z,154.95,1269.85
2022-02-03T17:00:00Z,172.46,1515.35
2022-02-03T17:30:00Z,186.46,1354.85
2022-02-03T18:00:00Z,166.61,1439.75
2022-02-03T18:30:00Z,151.82,1558.15
2022-02-03T19:00:00Z,144.03,1386.25
2022-02-03T19:30:00Z,149.5,1293.1
2022-02-03T20:00:00Z,138.08,1225.45
2022-02-03T20:30:00Z,146.18,1056.2
2022-02-03T21:00:00Z,153.32,1524.8
2022-02-03T21:30:00Z,156.78,1697.2
2022-02-03T22:00:00Z,155.17,1857.15
2022-02-03T22:30:00Z,153.82,1979.25
2022-02-03T23:00:00Z,160.14,1101.8
2022-02-03T23:30:00Z,134.09,872.35
2022-02-04T00:00:00Z,112.59,866.15
2022-02-04T00:30:00Z,143.85,1361.9
2022-02-04T01:00:00Z,163.7,1260.4
2022-02-04T01:30:00Z,154.63,1209.7
2022-02-04T02:00:00Z,140.7,1479.5
2022-02-04T02:30:00Z,139.56,1383.1
2022-02-04T03:00:00Z,147.02,1160.75
2022-02-04T03:30:00Z,135.97,1160.55
2022-02-04T04:00:00Z,130.93,1560.6
2022-02-04T04:30:00Z,148.89,1502.95
2022-02-04T05:00:00Z,181.28,1115.9
2022-02-04T05:30:00Z,194.12,1280.5
2022-02-04T06:00:00Z,190.78999999999996,1449.0
2022-02-04T06:30:00Z,193.4,1743.9
2022-02-04T07:00:00Z,183.14,2033.25
2022-02-04T07:30:00Z,209.46,2008.6
2022-02-04T08:00:00Z,190.35,1760.05
2022-02-04T08:30:00Z,190.85,1901.75
2022-02-04T09:00:00Z,194.61,1539.1
2022-02-04T09:30:00Z,191.54,1638.5
2022-02-04T10:00:00Z,202.02000000000004,1589.35
2022-02-04T10:30:00Z,197.49,1692.7
2022-02-04T11:00:00Z,198.67,1572.4
2022-02-04T11:30:00Z,154.76,1698.5
2022-02-04T12:00:00Z,153.03,1552.1
2022-02-04T12:30:00Z,147.01,1577.8
2022-02-04T13:00:00Z,152.08,1318.1
2022-02-04T13:30:00Z,146.43,1160.5
2022-02-04T14:00:00Z,142.11,1379.65
2022-02-04T14:30:00Z,142.46,1615.3
2022-02-04T15:00:00Z,125.75,1012.25
2022-02-04T15:30:00Z,122.13,819.15
2022-02-04T16:00:00Z,149.55,1157.5
2022-02-04T16:30:00Z,167.02,1250.25
2022-02-04T17:00:00Z,179.77,1368.3
2022-02-04T17:30:00Z,190.91,1589.8
2022-02-04T18:00:00Z,190.78,1520.55
2022-02-04T18:30:00Z,179.74,1320.25
2022-02-04T19:00:00Z,202.7,1151.5
2022-02-04T19:30:00Z,183.66,921.0
2022-02-04T20:00:00Z,187.09,855.25
2022-02-04T20:30:00Z,165.69,853.1
2022-02-04T21:00:00Z,183.87,900.55
2022-02-04T21:30:00Z,170.54,753.95
2022-02-04T22:00:00Z,165.22,1422.95
2022-02-04T22:30:00Z,175.61,1205.15
2022-02-04T23:00:00Z,187.0,802.5
2022-02-04T23:30:00Z,189.86,734.65
2022-02-05T00:00:00Z,168.07,845.05
2022-02-05T00:30:00Z,179.69999999999996,787.35
2022-02-05T01:00:00Z,140.26,707.7
2022-02-05T01:30:00Z,124.02,782.1
2022-02-05T02:00:00Z,137.15,971.5
2022-02-05T02:30:00Z,149.51,874.55
2022-02-05T03:00:00Z,171.16,1079.7
2022-02-05T03:30:00Z,173.27,1311.75
2022-02-05T04:00:00Z,157.33,1331.2
2022-02-05T04:30:00Z,145.03,1264.35
2022-02-05T05:00:00Z,139.36,977.0
2022-02-05T05:30:00Z,109.48,758.7
2022-02-05T06:00:00Z,105.96,859.75
2022-02-05T06:30:00Z,104.27,1092.05
2022-02-05T07:00:00Z,167.14,1029.15
2022-02-05T07:30:00Z,179.79,1019.0
2022-02-05T08:00:00Z,141.9,1041.95
2022-02-05T08:30:00Z,176.18,1213.55
2022-02-05T09:00:00Z,150.9,1224.4
2022-02-05T09:30:00Z,167.2,1385.85
2022-02-05T10:00:00Z,167.47,1396.3
2022-02-05T10:30:00Z,145.97,1275.35
2022-02-05T11:00:00Z,110.4,929.15
2022-02-05T11:30:00Z,112.09,1014.65
2022-02-05T12:00:00Z,126.95,1607.8
2022-02-05T12:30:00Z,130.38,1463.5
2022-02-05T13:00:00Z,133.01,1125.0
2022-02-05T13:30:00Z,140.61,1325.3
2022-02-05T14:00:00Z,145.76,1169.95
2022-02-05T14:30:00Z,144.96,1337.7
2022-02-05T15:00:00Z,114.75,887.35
2022-02-05T15:30:00Z,120.67,731.75
2022-02-05T16:00:00Z,135.99,776.75
2022-02-05T16:30:00Z,173.4,1197.45
2022-02-05T17:00:00Z,183.85,1049.75
2022-02-05T17:30:00Z,194.96,1277.55
2022-02-05T18:00:00Z,186.15,1296.25
2022-02-05T18:30:00Z,173.67,1072.8
2022-02-05T19:00:00Z,171.3,982.05
2022-02-05T19:30:00Z,164.89,737.8
2022-02-05T20:00:00Z,180.03,781.9
2022-02-05T20:30:00Z,171.62,711.95
2022-02-05T21:00:00Z,152.54,867.0
2022-02-05T21:30:00Z,109.3,909.65
2022-02-05T22:00:00Z,158.67,1074.15
2022-02-05T22:30:00Z,114.31,1099.5
2022-02-05T23:00:00Z,164.63,520.5
2022-02-05T23:30:00Z,126.94,413.15
2022-02-06T00:00:00Z,89.34,659.0
2022-02-06T00:30:00Z,135.85,544.1
2022-02-06T01:00:00Z,98.12,561.9
2022-02-06T01:30:00Z,46.75,584.15
2022-02-06T02:00:00Z,64.67,784.0
2022-02-06T02:30:00Z,38.62,606.65
2022-02-06T03:00:00Z,3.59,610.45
2022-02-06T03:30:00Z,-5.34,574.6
2022-02-06T04:00:00Z,-12.98,635.3
2022-02-06T04:30:00Z,-15.42,536.95
2022-02-06T05:00:00Z,-12.99,593.8
2022-02-06T05:30:00Z,-2.18,687.25
2022-02-06T06:00:00Z,0.68,597.95
2022-02-06T06:30:00Z,17.32,690.8
2022-02-06T07:00:00Z,44.3,980.2
2022-02-06T07:30:00Z,72.2,777.35
2022-02-06T08:00:00Z,66.22,1319.4
2022-02-06T08:30:00Z,148.7,1091.7
2022-02-06T09:00:00Z,106.09,1080.65
2022-02-06T09:30:00Z,161.16,990.95
2022-02-06T10:00:00Z,120.70000000000002,1090.4
2022-02-06T10:30:00Z,143.04,1226.65
2022-02-06T11:00:00Z,136.34,950.3
2022-02-06T11:30:00Z,74.67,976.8
2022-02-06T12:00:00Z,90.77,866.55
2022-02-06T12:30:00Z,110.83,1066.55
2022-02-06T13:00:00Z,133.89,1341.85
2022-02-06T13:30:00Z,122.88000000000001,1290.9
2022-02-06T14:00:00Z,109.35,1210.9
2022-02-06T14:30:00Z,116.53000000000002,1251.5
2022-02-06T15:00:00Z,148.12,1034.8
2022-02-06T15:30:00Z,172.91,754.1
2022-02-06T16:00:00Z,182.26000000000002,786.1
2022-02-06T16:30:00Z,195.81,1028.2
2022-02-06T17:00:00Z,210.93,1316.35
2022-02-06T17:30:00Z,213.71,1624.55
2022-02-06T18:00:00Z,213.96999999999997,1507.85
2022-02-06T18:30:00Z,213.84,1283.05
2022-02-06T19:00:00Z,203.69,1066.15
2022-02-06T19:30:00Z,202.8,951.8
2022-02-06T20:00:00Z,195.99,1207.6
2022-02-06T20:30:00Z,198.29,926.15
2022-02-06T21:00:00Z,184.28,967.7
2022-02-06T21:30:00Z,167.72,1184.4
2022-02-06T22:00:00Z,175.59,1239.05
2022-02-06T22:30:00Z,151.21,1377.75
2022-02-06T23:00:00Z,123.0,1176.8
2022-02-06T23:30:00Z,118.6,1056.1
2022-02-07T00:00:00Z,119.22,1225.25
2022-02-07T00:30:00Z,147.56,855.35
2022-02-07T01:00:00Z,150.23,681.45
2022-02-07T01:30:00Z,159.01,921.75
2022-02-07T02:00:00Z,152.89,865.0
2022-02-07T02:30:00Z,149.67,960.05
2022-02-07T03:00:00Z,148.74,797.5
2022-02-07T03:30:00Z,159.06,830.25
2022-02-07T04:00:00Z,143.65,765.9
2022-02-07T04:30:00Z,137.4,924.35
2022-02-07T05:00:00Z,152.97,996.3
2022-02-07T05:30:00Z,138.44,1079.3
2022-02-07T06:00:00Z,199.78,1368.85
2022-02-07T06:30:00Z,194.69000000000003,1434.45
2022-02-07T07:00:00Z,221.56,1372.1
2022-02-07T07:30:00Z,228.34,1545.65
2022-02-07T08:00:00Z,231.10999999999999,1392.0
2022-02-07T08:30:00Z,231.14,1289.25
2022-02-07T09:00:00Z,224.34,1958.9
2022-02-07T09:30:00Z,211.74,1965.25
2022-02-07T10:00:00Z,206.65,2027.8
2022-02-07T10:30:00Z,192.44,1512.85
2022-02-07T11:00:00Z,169.91,1479.65
2022-02-07T11:30:00Z,182.91,1738.1
2022-02-07T12:00:00Z,176.02,1111.9
2022-02-07T12:30:00Z,171.24,1314.6
2022-02-07T13:00:00Z,157.01,1511.75
2022-02-07T13:30:00Z,149.46,1416.8
2022-02-07T14:00:00Z,151.0,1553.4
2022-02-07T14:30:00Z,145.94,1233.65
2022-02-07T15:00:00Z,147.44,1134.2
2022-02-07T15:30:00Z,147.65,1235.45
2022-02-07T16:00:00Z,164.23,1287.6
2022-02-07T16:30:00Z,172.25,1567.35
2022-02-07T17:00:00Z,181.4,1510.3
2022-02-07T17:30:00Z,186.7,1576.95
2022-02-07T18:00:00Z,187.35,1501.95
2022-02-07T18:30:00Z,179.79999999999998,1572.15
2022-02-07T19:00:00Z,175.41,1630.1
2022-02-07T19:30:00Z,179.0,847.3
2022-02-07T20:00:00Z,155.68,744.7
2022-02-07T20:30:00Z,142.3,1274.25
2022-02-07T21:00:00Z,144.69,1314.9
2022-02-07T21:30:00Z,150.49,1406.1
2022-02-07T22:00:00Z,148.69,1285.25
2022-02-07T22:30:00Z,127.28,1897.0
2022-02-07T23:00:00Z,84.94,870.3
2022-02-07T23:30:00Z,99.78,1323.2
2022-02-08T00:00:00Z,58.71,1172.1
2022-02-08T00:30:00Z,89.16,959.8
2022-02-08T01:00:00Z,98.71000000000001,780.45
2022-02-08T01:30:00Z,44.26,746.35
2022-02-08T02:00:00Z,34.73,916.55
2022-02-08T02:30:00Z,40.64,1091.2
2022-02-08T03:00:00Z,51.21,1364.6
2022-02-08T03:30:00Z,55.63,1095.0
2022-02-08T04:00:00Z,52.67,1170.45
2022-02-08T04:30:00Z,37.53,1143.25
2022-02-08T05:00:00Z,37.91,1169.65
2022-02-08T05:30:00Z,62.85000000000001,1509.0
2022-02-08T06:00:00Z,126.20999999999998,1308.4
2022-02-08T06:30:00Z,115.41000000000001,1311.0
2022-02-08T07:00:00Z,158.1,1875.5
2022-02-08T07:30:00Z,163.42,1937.6
2022-02-08T08:00:00Z,155.76,1690.5
2022-02-08T08:30:00Z,165.97,1534.4
2022-02-08T09:00:00Z,144.72,1340.95
2022-02-08T09:30:00Z,143.88,1231.6
2022-02-08T10:00:00Z,149.87,1760.95
2022-02-08T10:30:00Z,150.38,1528.6
2022-02-08T11:00:00Z,151.12,1625.7
2022-02-08T11:30:00Z,154.27,1786.5
2022-02-08T12:00:00Z,157.07,1665.45
2022-02-08T12:30:00Z,158.14,1724.0
2022-02-08T13:00:00Z,152.74,1707.9
2022-02-08T13:30:00Z,153.33,1605.9
2022-02-08T14:00:00Z,155.09,1746.65
2022-02-08T14:30:00Z,151.57,1730.25
2022-02-08T15:00:00Z,164.54,1369.15
2022-02-08T15:30:00Z,165.9,1221.8
2022-02-08T16:00:00Z,168.32,1200.35
2022-02-08T16:30:00Z,174.74,1720.65
2022-02-08T17:00:00Z,199.11,1324.85
2022-02-08T17:30:00Z,200.78999999999996,1306.4
2022-02-08T18:00:00Z,197.91,1305.5
2022-02-08T18:30:00Z,180.4,1377.35
2022-02-08T19:00:00Z,181.2,1441.45
2022-02-08T19:30:00Z,169.42,1755.1
2022-02-08T20:00:00Z,166.55,1445.95
2022-02-08T20:30:00Z,155.48,1395.5
2022-02-08T21:00:00Z,161.23,1319.7
2022-02-08T21:30:00Z,151.93,1176.15
2022-02-08T22:00:00Z,141.58,1055.4
2022-02-08T22:30:00Z,120.09999999999998,1379.9
2022-02-08T23:00:00Z,34.04,614.95
2022-02-08T23:30:00Z,34.57,789.05
2022-02-09T00:00:00Z,52.51,587.6
2022-02-09T00:30:00Z,57.54,789.0
2022-02-09T01:00:00Z,63.08,1070.5
2022-02-09T01:30:00Z,47.52,820.2
2022-02-09T02:00:00Z,52.58,820.2
2022-02-09T02:30:00Z,73.91,1207.75
2022-02-09T03:00:00Z,100.04,980.65
2022-02-09T03:30:00Z,76.64,1072.0
2022-02-09T04:00:00Z,78.87,956.75
2022-02-09T04:30:00Z,74.41,989.1
2022-02-09T05:00:00Z,12.16,864.45
2022-02-09T05:30:00Z,38.29,700.5
2022-02-09T06:00:00Z,113.31,943.45
2022-02-09T06:30:00Z,137.79,975.25
2022-02-09T07:00:00Z,157.67,1314.85
2022-02-09T07:30:00Z,168.39,1612.35
2022-02-09T08:00:00Z,181.8,1461.25
2022-02-09T08:30:00Z,191.32,1431.05
2022-02-09T09:00:00Z,178.24,1495.95
2022-02-09T09:30:00Z,165.21,1565.8
2022-02-09T10:00:00Z,156.77,1341.45
2022-02-09T10:30:00Z,152.51,1322.85
2022-02-09T11:00:00Z,144.31,1241.85
2022-02-09T11:30:00Z,141.38,1819.7
2022-02-09T12:00:00Z,145.0,1692.05
2022-02-09T12:30:00Z,151.73,1752.0
2022-02-09T13:00:00Z,155.83,1021.05
2022-02-09T13:30:00Z,151.88,1033.7
2022-02-09T14:00:00Z,152.48,1029.6
2022-02-09T14:30:00Z,149.78,1233.5
2022-02-09T15:00:00Z,187.69,1695.1
2022-02-09T15:30:00Z,195.92,1338.15
2022-02-09T16:00:00Z,210.25,1503.05
2022-02-09T16:30:00Z,214.38,1397.8
2022-02-09T17:00:00Z,225.8,1280.95
2022-02-09T17:30:00Z,229.17000000000002,1390.8
2022-02-09T18:00:00Z,229.55,1466.85
2022-02-09T18:30:00Z,228.75,1794.5
2022-02-09T19:00:00Z,212.77,1788.9
2022-02-09T19:30:00Z,197.22,1251.3
2022-02-09T20:00:00Z,204.64,1138.95
2022-02-09T20:30:00Z,174.96,1035.4
2022-02-09T21:00:00Z,166.62,940.35
2022-02-09T21:30:00Z,167.41,777.95
2022-02-09T22:00:00Z,180.76,1081.6
2022-02-09T22:30:00Z,171.46,1771.55
2022-02-09T23:00:00Z,181.67,633.95
2022-02-09T23:30:00Z,186.04,509.2
2022-02-10T00:00:00Z,178.2,645.95
2022-02-10T00:30:00Z,180.93,775.6
2022-02-10T01:00:00Z,163.03,1084.15
2022-02-10T01:30:00Z,134.93,1248.7
2022-02-10T02:00:00Z,143.87,1255.65
2022-02-10T02:30:00Z,149.49,1129.7
2022-02-10T03:00:00Z,148.63,1096.35
2022-02-10T03:30:00Z,150.9,900.85
2022-02-10T04:00:00Z,163.02,756.05
2022-02-10T04:30:00Z,157.9,904.35
2022-02-10T05:00:00Z,179.08,1341.1
2022-02-10T05:30:00Z,175.09,1542.85
2022-02-10T06:00:00Z,183.39,1216.0
2022-02-10T06:30:00Z,187.63,1545.2
2022-02-10T07:00:00Z,200.48,1297.55
2022-02-10T07:30:00Z,207.0,1306.75
2022-02-10T08:00:00Z,187.56,1691.05
2022-02-10T08:30:00Z,191.62,1690.65
2022-02-10T09:00:00Z,186.21000000000004,1618.45
2022-02-10T09:30:00Z,181.34,1441.95
2022-02-10T10:00:00Z,182.25,1431.9
2022-02-10T10:30:00Z,178.5,1291.15
2022-02-10T11:00:00Z,155.65,1289.75
2022-02-10T11:30:00Z,155.89,1421.65
2022-02-10T12:00:00Z,159.87,1629.8
2022-02-10T12:30:00Z,158.05,1707.55
2022-02-10T13:00:00Z,149.36,1360.15
2022-02-10T13:30:00Z,144.36,1204.85
2022-02-10T14:00:00Z,147.53,1213.1
2022-02-10T14:30:00Z,146.22,1254.0
2022-02-10T15:00:00Z,159.29,1394.95
2022-02-10T15:30:00Z,155.69,1249.35
2022-02-10T16:00:00Z,150.64,1593.25
2022-02-10T16:30:00Z,164.93,1687.0
2022-02-10T17:00:00Z,172.49,2300.65
2022-02-10T17:30:00Z,187.16,1829.75
2022-02-10T18:00:00Z,208.77,2403.85
2022-02-10T18:30:00Z,204.46,2391.8
2022-02-10T19:00:00Z,180.72,1354.75
2022-02-10T19:30:00Z,171.18,1306.1
2022-02-10T20:00:00Z,174.83,1381.65
2022-02-10T20:30:00Z,169.47999999999996,1583.9
2022-02-10T21:00:00Z,160.25,1188.15
2022-02-10T21:30:00Z,155.49,964.0
2022-02-10T22:00:00Z,153.62,1139.75
2022-02-10T22:30:00Z,151.7,1237.7
2022-02-10T23:00:00Z,120.5,462.4
2022-02-10T23:30:00Z,128.59,551.4
2022-02-11T00:00:00Z,126.61,633.9
2022-02-11T00:30:00Z,155.52,657.75
2022-02-11T01:00:00Z,123.12,692.8
2022-02-11T01:30:00Z,120.30999999999999,783.05
2022-02-11T02:00:00Z,131.85,823.75
2022-02-11T02:30:00Z,140.2,921.15
2022-02-11T03:00:00Z,136.45,577.8
2022-02-11T03:30:00Z,131.58,617.45
2022-02-11T04:00:00Z,136.35,509.25
2022-02-11T04:30:00Z,133.91,548.5
2022-02-11T05:00:00Z,138.74,741.7
2022-02-11T05:30:00Z,142.02,537.15
2022-02-11T06:00:00Z,152.78,1137.25
2022-02-11T06:30:00Z,132.29,1111.7
2022-02-11T07:00:00Z,126.67,1007.25
2022-02-11T07:30:00Z,174.0,1502.95
2022-02-11T08:00:00Z,170.06,1498.8
2022-02-11T08:30:00Z,180.39000000000001,1560.35
2022-02-11T09:00:00Z,138.82,1131.2
2022-02-11T09:30:00Z,148.33,1143.45
2022-02-11T10:00:00Z,153.5,1483.05
2022-02-11T10:30:00Z,156.76,1062.5
2022-02-11T11:00:00Z,135.95,999.9
2022-02-11T11:30:00Z,142.19,1212.3
2022-02-11T12:00:00Z,144.96,1140.45
2022-02-11T12:30:00Z,147.75,1005.05
2022-02-11T13:00:00Z,137.81,929.75
2022-02-11T13:30:00Z,136.96,966.25
2022-02-11T14:00:00Z,135.28,1008.4
2022-02-11T14:30:00Z,134.9,1112.6
2022-02-11T15:00:00Z,147.96,1161.7
2022-02-11T15:30:00Z,155.84,1104.45
2022-02-11T16:00:00Z,157.75,1212.0
2022-02-11T16:30:00Z,167.55,1423.8
2022-02-11T17:00:00Z,169.08,1132.75
2022-02-11T17:30:00Z,169.14,1229.85
2022-02-11T18:00:00Z,185.46,1557.35
2022-02-11T18:30:00Z,155.72,1523.95
2022-02-11T19:00:00Z,154.6,1810.05
2022-02-11T19:30:00Z,146.67,1769.5
2022-02-11T20:00:00Z,157.8,1498.05
2022-02-11T20:30:00Z,146.5,1458.75
2022-02-11T21:00:00Z,146.2,1209.55
2022-02-11T21:30:00Z,143.13,1481.4
2022-02-11T22:00:00Z,156.28,1260.0
2022-02-11T22:30:00Z,147.77,1632.6
2022-02-11T23:00:00Z,155.19,1213.6
2022-02-11T23:30:00Z,161.22,992.7
2022-02-12T00:00:00Z,118.13999999999999,828.1
2022-02-12T00:30:00Z,144.79,938.55
2022-02-12T01:00:00Z,140.53,762.95
2022-02-12T01:30:00Z,137.46,767.15
2022-02-12T02:00:00Z,133.17,864.65
2022-02-12T02:30:00Z,121.11,896.75
2022-02-12T03:00:00Z,154.14,842.75
2022-02-12T03:30:00Z,115.63999999999999,581.4
2022-02-12T04:00:00Z,130.22,792.2
2022-02-12T04:30:00Z,107.8,815.0
2022-02-12T05:00:00Z,103.93,643.2
2022-02-12T05:30:00Z,119.07,801.6
2022-02-12T06:00:00Z,105.61,685.15
2022-02-12T06:30:00Z,122.45,972.55
2022-02-12T07:00:00Z,120.05,1062.15
2022-02-12T07:30:00Z,145.86,1079.75
2022-02-12T08:00:00Z,152.06,914.95
2022-02-12T08:30:00Z,168.45,1145.7
2022-02-12T09:00:00Z,164.63,1016.65
2022-02-12T09:30:00Z,171.5,1055.6
2022-02-12T10:00:00Z,160.69,917.75
2022-02-12T10:30:00Z,154.22,1075.05
2022-02-12T11:00:00Z,139.21,980.1
2022-02-12T11:30:00Z,124.02,934.55
2022-02-12T12:00:00Z,125.73,988.2
2022-02-12T12:30:00Z,124.47999999999999,1277.65
2022-02-12T13:00:00Z,124.45,1231.6
2022-02-12T13:30:00Z,120.78,1233.15
2022-02-12T14:00:00Z,121.31999999999998,1208.85
2022-02-12T14:30:00Z,122.48999999999998,1291.2
2022-02-12T15:00:00Z,122.49999999999999,1154.65
2022-02-12T15:30:00Z,132.77,1230.6
2022-02-12T16:00:00Z,130.0,1044.85
2022-02-12T16:30:00Z,174.38,1206.05
2022-02-12T17:00:00Z,184.98,1074.65
2022-02-12T17:30:00Z,186.78,1217.25
2022-02-12T18:00:00Z,193.08,1462.6
2022-02-12T18:30:00Z,189.25,1303.15
2022-02-12T19:00:00Z,187.83,1311.45
2022-02-12T19:30:00Z,162.47,1401.05
2022-02-12T20:00:00Z,169.41,1393.95
2022-02-12T20:30:00Z,157.66,1108.8
2022-02-12T21:00:00Z,134.39,1010.65
2022-02-12T21:30:00Z,146.83,1198.55
2022-02-12T22:00:00Z,159.34,1505.55
2022-02-12T22:30:00Z,154.23,1498.0
2022-02-12T23:00:00Z,151.98,624.5
2022-02-12T23:30:00Z,110.88000000000001,654.0
2022-02-13T00:00:00Z,109.38,695.3
2022-02-13T00:30:00Z,152.48,773.0
2022-02-13T01:00:00Z,148.09,786.55
2022-02-13T01:30:00Z,144.73,794.2
2022-02-13T02:00:00Z,118.19,990.65
2022-02-13T02:30:00Z,114.43,1066.85
2022-02-13T03:00:00Z,103.16,941.6
2022-02-13T03:30:00Z,115.19,951.4
2022-02-13T04:00:00Z,139.73,757.05
2022-02-13T04:30:00Z,142.58,756.85
2022-02-13T05:00:00Z,162.8,1000.55
2022-02-13T05:30:00Z,173.12,1226.4
2022-02-13T06:00:00Z,175.25,1128.55
2022-02-13T06:30:00Z,169.15,1540.35
2022-02-13T07:00:00Z,169.58,961.4
2022-02-13T07:30:00Z,174.55,1077.65
2022-02-13T08:00:00Z,153.29,1407.9
2022-02-13T08:30:00Z,157.86,1329.95
2022-02-13T09:00:00Z,148.74,1225.3
2022-02-13T09:30:00Z,135.85,1092.05
2022-02-13T10:00:00Z,138.78,1355.15
2022-02-13T10:30:00Z,134.89,1389.15
2022-02-13T11:00:00Z,130.57,1321.05
2022-02-13T11:30:00Z,136.22,1332.9
2022-02-13T12:00:00Z,138.84,1279.0
2022-02-13T12:30:00Z,138.93,1366.7
2022-02-13T13:00:00Z,135.49,1659.8
2022-02-13T13:30:00Z,133.16,1765.9
2022-02-13T14:00:00Z,128.86,1734.2
2022-02-13T14:30:00Z,141.57,1855.6
2022-02-13T15:00:00Z,144.3,1149.75
2022-02-13T15:30:00Z,150.27,1366.2
2022-02-13T16:00:00Z,167.37,1397.15
2022-02-13T16:30:00Z,185.6,1318.5
2022-02-13T17:00:00Z,209.38,1409.55
2022-02-13T17:30:00Z,219.56,1798.85
2022-02-13T18:00:00Z,210.7,1779.35
2022-02-13T18:30:00Z,195.49,1478.15
2022-02-13T19:00:00Z,186.67,1035.2
2022-02-13T19:30:00Z,173.65,1098.4
2022-02-13T20:00:00Z,171.7,989.35
2022-02-13T20:30:00Z,145.89,1058.4
2022-02-13T21:00:00Z,159.81,1762.25
2022-02-13T21:30:00Z,147.24,1595.15
2022-02-13T22:00:00Z,147.86,1492.05
2022-02-13T22:30:00Z,150.71,1743.75
2022-02-13T23:00:00Z,154.26,937.15
2022-02-13T23:30:00Z,99.97,542.05
2022-02-14T00:00:00Z,131.63,584.05
2022-02-14T00:30:00Z,153.43,752.15
2022-02-14T01:00:00Z,131.52,631.1
2022-02-14T01:30:00Z,132.72,664.0
2022-02-14T02:00:00Z,125.16,582.8
2022-02-14T02:30:00Z,133.04,645.4
2022-02-14T03:00:00Z,135.49,640.2
2022-02-14T03:30:00Z,131.24,719.15
2022-02-14T04:00:00Z,123.90000000000002,731.35
2022-02-14T04:30:00Z,119.13,706.95
2022-02-14T05:00:00Z,123.82,854.4
2022-02-14T05:30:00Z,90.82,799.55
2022-02-14T06:00:00Z,110.74,908.5
2022-02-14T06:30:00Z,94.85,1406.4
2022-02-14T07:00:00Z,128.08,1160.65
2022-02-14T07:30:00Z,133.48,990.3
2022-02-14T08:00:00Z,141.36,1046.25
2022-02-14T08:30:00Z,170.17,1195.3
2022-02-14T09:00:00Z,164.35,1153.1
2022-02-14T09:30:00Z,153.36,1389.0
2022-02-14T10:00:00Z,144.12,1196.0
2022-02-14T10:30:00Z,151.26,1422.75
2022-02-14T11:00:00Z,171.62,1933.6
2022-02-14T11:30:00Z,160.74,1515.0
2022-02-14T12:00:00Z,157.33,1505.25
2022-02-14T12:30:00Z,150.84,1516.6
2022-02-14T13:00:00Z,147.42,1573.3
2022-02-14T13:30:00Z,145.47,1730.8
2022-02-14T14:00:00Z,145.32,1855.0
2022-02-14T14:30:00Z,144.29,1790.4
2022-02-14T15:00:00Z,135.61,1521.3
2022-02-14T15:30:00Z,141.08,1193.75
2022-02-14T16:00:00Z,151.22,1559.9
2022-02-14T16:30:00Z,177.92,2014.95
2022-02-14T17:00:00Z,179.81,1968.5
2022-02-14T17:30:00Z,188.94,1810.3
2022-02-14T18:00:00Z,185.56,2022.7
2022-02-14T18:30:00Z,181.03,2060.3
2022-02-14T19:00:00Z,200.1,1499.9
2022-02-14T19:30:00Z,191.78,1147.05
2022-02-14T20:00:00Z,184.71,1261.5
2022-02-14T20:30:00Z,154.17,865.35
2022-02-14T21:00:00Z,150.59,1203.0
2022-02-14T21:30:00Z,149.79,1257.8
2022-02-14T22:00:00Z,147.95,1277.9
2022-02-14T22:30:00Z,150.62,1555.3
2022-02-14T23:00:00Z,166.74,753.95
2022-02-14T23:30:00Z,145.1,661.6
2022-02-15T00:00:00Z,138.81,586.95
2022-02-15T00:30:00Z,151.11,693.8
2022-02-15T01:00:00Z,150.33,806.1
2022-02-15T01:30:00Z,133.21,781.7
2022-02-15T02:00:00Z,173.84,851.55
2022-02-15T02:30:00Z,144.29,1043.3
2022-02-15T03:00:00Z,167.09,1074.5
2022-02-15T03:30:00Z,123.39,1041.4
2022-02-15T04:00:00Z,133.45,911.15
2022-02-15T04:30:00Z,105.47,811.15
2022-02-15T05:00:00Z,142.83,1135.15
2022-02-15T05:30:00Z,129.29,1146.8
2022-02-15T06:00:00Z,143.8,1017.0
2022-02-15T06:30:00Z,153.37,1270.95
2022-02-15T07:00:00Z,175.95,1296.0
2022-02-15T07:30:00Z,202.84,1148.25
2022-02-15T08:00:00Z,190.38,1482.45
2022-02-15T08:30:00Z,197.98,1159.55
2022-02-15T09:00:00Z,186.32,1181.75
2022-02-15T09:30:00Z,186.9,1454.65
2022-02-15T10:00:00Z,177.21,1288.9
2022-02-15T10:30:00Z,179.81,1417.35
2022-02-15T11:00:00Z,169.32,1099.3
2022-02-15T11:30:00Z,174.85,1084.4
2022-02-15T12:00:00Z,175.02,1487.05
2022-02-15T12:30:00Z,171.49,1224.6
2022-02-15T13:00:00Z,167.97,1566.75
2022-02-15T13:30:00Z,159.66,1594.05
2022-02-15T14:00:00Z,156.91,1374.35
2022-02-15T14:30:00Z,158.24,1650.35
2022-02-15T15:00:00Z,156.76,1518.6
2022-02-15T15:30:00Z,144.57,1596.65
2022-02-15T16:00:00Z,156.12,1548.05
2022-02-15T16:30:00Z,174.93,1332.15
2022-02-15T17:00:00Z,177.56000000000003,1491.15
2022-02-15T17:30:00Z,198.98,1300.75
2022-02-15T18:00:00Z,195.17,1095.0
2022-02-15T18:30:00Z,175.12,1690.25
2022-02-15T19:00:00Z,157.77,1350.8
2022-02-15T19:30:00Z,148.08,952.15
2022-02-15T20:00:00Z,152.45,1394.35
2022-02-15T20:30:00Z,149.41,1655.8
2022-02-15T21:00:00Z,141.61,1294.3
2022-02-15T21:30:00Z,140.94,1509.55
2022-02-15T22:00:00Z,140.62,1509.5
2022-02-15T22:30:00Z,139.42,2069.7
2022-02-15T23:00:00Z,129.39,1057.15
2022-02-15T23:30:00Z,125.19999999999999,699.6
2022-02-16T00:00:00Z,107.37,785.2
2022-02-16T00:30:00Z,123.66000000000001,840.75
2022-02-16T01:00:00Z,97.35,805.3
2022-02-16T01:30:00Z,28.1,545.45
2022-02-16T02:00:00Z,35.79,771.85
2022-02-16T02:30:00Z,19.49,737.3
2022-02-16T03:00:00Z,52.17,1013.3
2022-02-16T03:30:00Z,30.75,1002.25
2022-02-16T04:00:00Z,61.15,989.3
2022-02-16T04:30:00Z,68.94,892.55
2022-02-16T05:00:00Z,54.290000000000006,748.05
2022-02-16T05:30:00Z,84.84,841.05
2022-02-16T06:00:00Z,84.51,1040.1
2022-02-16T06:30:00Z,131.93,1115.1
2022-02-16T07:00:00Z,146.44,1343.1
2022-02-16T07:30:00Z,160.23,1219.25
2022-02-16T08:00:00Z,156.73,997.05
2022-02-16T08:30:00Z,172.42,996.95
2022-02-16T09:00:00Z,167.84,1242.25
2022-02-16T09:30:00Z,163.02,1295.3
2022-02-16T10:00:00Z,158.59,1413.05
2022-02-16T10:30:00Z,154.93,1463.9
2022-02-16T11:00:00Z,150.14,1649.9
2022-02-16T11:30:00Z,158.02,1933.6
2022-02-16T12:00:00Z,170.39,1800.7
2022-02-16T12:30:00Z,171.04,1950.8
2022-02-16T13:00:00Z,180.63,2120.5
2022-02-16T13:30:00Z,172.69,1799.7
2022-02-16T14:00:00Z,175.06999999999996,1768.9
2022-02-16T14:30:00Z,186.02,2264.35
2022-02-16T15:00:00Z,191.16,1584.2
2022-02-16T15:30:00Z,189.21,1410.5
2022-02-16T16:00:00Z,184.23999999999998,1451.5
2022-02-16T16:30:00Z,176.1,1623.35
2022-02-16T17:00:00Z,174.39,1330.15
2022-02-16T17:30:00Z,184.95,1288.2
2022-02-16T18:00:00Z,185.62,1452.0
2022-02-16T18:30:00Z,174.01,1601.35
2022-02-16T19:00:00Z,164.61,1580.55
2022-02-16T19:30:00Z,175.94,1433.45
2022-02-16T20:00:00Z,175.41,1532.75
2022-02-16T20:30:00Z,174.04,1211.5
2022-02-16T21:00:00Z,156.67,1466.5
2022-02-16T21:30:00Z,144.15,1136.25
2022-02-16T22:00:00Z,127.6,1041.65
2022-02-16T22:30:00Z,110.75,1180.4
2022-02-16T23:00:00Z,113.48000000000002,686.85
2022-02-16T23:30:00Z,76.19,679.85
2022-02-17T00:00:00Z,83.89,960.3
2022-02-17T00:30:00Z,119.49999999999999,1151.2
2022-02-17T01:00:00Z,97.51,945.75
2022-02-17T01:30:00Z,87.62,1198.55
2022-02-17T02:00:00Z,46.15,1353.05
2022-02-17T02:30:00Z,33.87,1178.65
2022-02-17T03:00:00Z,42.22,999.9
2022-02-17T03:30:00Z,35.45,1143.5
2022-02-17T04:00:00Z,51.94,1115.55
2022-02-17T04:30:00Z,51.0,971.65
2022-02-17T05:00:00Z,123.44,1140.1
2022-02-17T05:30:00Z,148.61,1122.2
2022-02-17T06:00:00Z,117.92,1187.7
2022-02-17T06:30:00Z,159.82,1258.1
2022-02-17T07:00:00Z,190.99,1370.1
2022-02-17T07:30:00Z,195.21,971.65
2022-02-17T08:00:00Z,179.19,981.55
2022-02-17T08:30:00Z,180.74,988.75
2022-02-17T09:00:00Z,168.6,1498.05
2022-02-17T09:30:00Z,143.68,1577.5
2022-02-17T10:00:00Z,131.36,1735.6
2022-02-17T10:30:00Z,129.82,1926.25
2022-02-17T11:00:00Z,120.3,1706.8
2022-02-17T11:30:00Z,126.61,1477.4
2022-02-17T12:00:00Z,134.3,1744.45
2022-02-17T12:30:00Z,129.67,1779.25
2022-02-17T13:00:00Z,126.11,1549.4
2022-02-17T13:30:00Z,124.97,1542.1
2022-02-17T14:00:00Z,128.87,1590.75
2022-02-17T14:30:00Z,144.77,1453.95
2022-02-17T15:00:00Z,168.58,1770.45
2022-02-17T15:30:00Z,164.67,2035.1
2022-02-17T16:00:00Z,164.04,1840.55
2022-02-17T16:30:00Z,171.96,1973.45
2022-02-17T17:00:00Z,202.04,1905.5
2022-02-17T17:30:00Z,220.59,2212.8
2022-02-17T18:00:00Z,207.1,1867.0
2022-02-17T18:30:00Z,201.54,1852.55
2022-02-17T19:00:00Z,194.63,1556.75
2022-02-17T19:30:00Z,195.18000000000004,1426.15
2022-02-17T20:00:00Z,194.43,1365.15
2022-02-17T20:30:00Z,191.83,1490.45
2022-02-17T21:00:00Z,181.33,1604.05
2022-02-17T21:30:00Z,174.07,2016.25
2022-02-17T22:00:00Z,171.39,2284.6
2022-02-17T22:30:00Z,175.83,2084.5
2022-02-17T23:00:00Z,193.58,862.5
2022-02-17T23:30:00Z,190.49,940.35
2022-02-18T00:00:00Z,169.86,899.65
2022-02-18T00:30:00Z,168.05,972.35
2022-02-18T01:00:00Z,168.24,1359.1
2022-02-18T01:30:00Z,167.02,1191.1
2022-02-18T02:00:00Z,171.31,1139.05
2022-02-18T02:30:00Z,169.41,1676.3
2022-02-18T03:00:00Z,118.96,928.55
2022-02-18T03:30:00Z,84.07,1136.35
2022-02-18T04:00:00Z,122.69,966.35
2022-02-18T04:30:00Z,117.69,1208.0
2022-02-18T05:00:00Z,126.88,1272.5
2022-02-18T05:30:00Z,129.37,1430.95
2022-02-18T06:00:00Z,129.97,1430.05
2022-02-18T06:30:00Z,155.72,1282.95
2022-02-18T07:00:00Z,78.41,1234.3
2022-02-18T07:30:00Z,97.53,1109.5
2022-02-18T08:00:00Z,96.37,1107.5
2022-02-18T08:30:00Z,101.53,1341.95
2022-02-18T09:00:00Z,101.89,1138.0
2022-02-18T09:30:00Z,103.1,1268.55
2022-02-18T10:00:00Z,99.47,999.6
2022-02-18T10:30:00Z,111.35,1371.65
2022-02-18T11:00:00Z,112.79000000000002,1444.95
2022-02-18T11:30:00Z,133.71,1659.55
2022-02-18T12:00:00Z,149.61,1578.2
2022-02-18T12:30:00Z,143.46,1590.2
2022-02-18T13:00:00Z,148.59,1904.35
2022-02-18T13:30:00Z,148.63,2112.15
2022-02-18T14:00:00Z,153.9,2255.4
2022-02-18T14:30:00Z,159.61,2501.05
2022-02-18T15:00:00Z,197.62,1265.55
2022-02-18T15:30:00Z,211.33,1864.55
2022-02-18T16:00:00Z,220.41,2138.3
2022-02-18T16:30:00Z,229.06000000000003,2887.2
2022-02-18T17:00:00Z,235.33,2299.65
2022-02-18T17:30:00Z,235.93,2359.9
2022-02-18T18:00:00Z,231.38,2391.15
2022-02-18T18:30:00Z,231.32000000000002,2761.2
2022-02-18T19:00:00Z,215.1,2446.8
2022-02-18T19:30:00Z,211.16,2081.95
2022-02-18T20:00:00Z,187.26,2230.25
2022-02-18T20:30:00Z,187.28,1902.9
2022-02-18T21:00:00Z,172.2,1709.0
2022-02-18T21:30:00Z,165.65,1243.4
2022-02-18T22:00:00Z,174.57,1153.65
2022-02-18T22:30:00Z,167.98,1354.85
2022-02-18T23:00:00Z,186.65000000000003,975.7
2022-02-18T23:30:00Z,178.35,1054.75
2022-02-19T00:00:00Z,166.21,894.15
2022-02-19T00:30:00Z,160.17,773.7
2022-02-19T01:00:00Z,156.81,931.6
2022-02-19T01:30:00Z,138.65,855.6
2022-02-19T02:00:00Z,143.01,836.5
2022-02-19T02:30:00Z,132.19,617.25
2022-02-19T03:00:00Z,111.51999999999998,691.85
2022-02-19T03:30:00Z,90.32,699.65
2022-02-19T04:00:00Z,109.89,861.6
2022-02-19T04:30:00Z,105.58,886.5
2022-02-19T05:00:00Z,102.11,827.5
2022-02-19T05:30:00Z,139.38,926.45
2022-02-19T06:00:00Z,122.49,928.15
2022-02-19T06:30:00Z,130.04,861.0
2022-02-19T07:00:00Z,112.42,852.15
2022-02-19T07:30:00Z,139.74,1037.35
2022-02-19T08:00:00Z,151.37,1186.75
2022-02-19T08:30:00Z,159.14,1127.85
2022-02-19T09:00:00Z,148.4,607.25
2022-02-19T09:30:00Z,171.29,811.2
2022-02-19T10:00:00Z,174.52,686.95
2022-02-19T10:30:00Z,190.65,1101.05
2022-02-19T11:00:00Z,213.47,741.05
2022-02-19T11:30:00Z,217.13,891.2
2022-02-19T12:00:00Z,224.11,980.2
2022-02-19T12:30:00Z,225.61,1167.35
2022-02-19T13:00:00Z,223.72,1053.0
2022-02-19T13:30:00Z,215.06,1163.85
2022-02-19T14:00:00Z,201.32,1353.2
2022-02-19T14:30:00Z,198.19,1414.6
2022-02-19T15:00:00Z,209.26000000000002,1576.6
2022-02-19T15:30:00Z,214.16,1829.0
2022-02-19T16:00:00Z,219.52,1372.5
2022-02-19T16:30:00Z,228.13,1670.4
2022-02-19T17:00:00Z,268.94,2105.2
2022-02-19T17:30:00Z,282.76,1798.2
2022-02-19T18:00:00Z,283.78,1927.95
2022-02-19T18:30:00Z,259.5,1899.25
2022-02-19T19:00:00Z,201.66,1382.95
2022-02-19T19:30:00Z,166.8,1265.9
2022-02-19T20:00:00Z,158.03,1199.5
2022-02-19T20:30:00Z,158.33,1215.75
2022-02-19T21:00:00Z,157.39,1567.3
2022-02-19T21:30:00Z,168.08,1915.75
2022-02-19T22:00:00Z,152.93,1630.4
2022-02-19T22:30:00Z,145.41,1726.25
2022-02-19T23:00:00Z,130.96,947.2
2022-02-19T23:30:00Z,106.32,710.95
2022-02-20T00:00:00Z,146.18,840.95
2022-02-20T00:30:00Z,137.13,678.65
2022-02-20T01:00:00Z,142.09,1043.2
2022-02-20T01:30:00Z,112.99,901.9
2022-02-20T02:00:00Z,124.80000000000001,1054.85
2022-02-20T02:30:00Z,60.58,847.6
2022-02-20T03:00:00Z,126.65,857.35
2022-02-20T03:30:00Z,100.28,851.95
2022-02-20T04:00:00Z,115.39000000000001,794.2
2022-02-20T04:30:00Z,111.69000000000001,860.9
2022-02-20T05:00:00Z,122.2,506.75
2022-02-20T05:30:00Z,131.35,638.65
2022-02-20T06:00:00Z,89.03,987.3
2022-02-20T06:30:00Z,97.77999999999999,855.0
2022-02-20T07:00:00Z,78.19,1005.65
2022-02-20T07:30:00Z,95.4,1100.3
2022-02-20T08:00:00Z,53.28,1179.7
2022-02-20T08:30:00Z,117.72,1197.1
2022-02-20T09:00:00Z,80.42,929.45
2022-02-20T09:30:00Z,140.87,1060.7
2022-02-20T10:00:00Z,155.02,1154.0
2022-02-20T10:30:00Z,165.56,1100.75
2022-02-20T11:00:00Z,186.84,1011.8
2022-02-20T11:30:00Z,189.47,1113.9
2022-02-20T12:00:00Z,189.62,1038.75
2022-02-20T12:30:00Z,192.75,1084.7
2022-02-20T13:00:00Z,193.94,1007.9
2022-02-20T13:30:00Z,189.7,992.75
2022-02-20T14:00:00Z,192.15,995.1
2022-02-20T14:30:00Z,192.52,974.25
2022-02-20T15:00:00Z,185.76,988.85
2022-02-20T15:30:00Z,166.01,1095.4
2022-02-20T16:00:00Z,180.64,1302.3
2022-02-20T16:30:00Z,198.54,1136.35
2022-02-20T17:00:00Z,234.39,1418.2
2022-02-20T17:30:00Z,238.97000000000003,1253.25
2022-02-20T18:00:00Z,244.86,1227.3
2022-02-20T18:30:00Z,224.52,1251.15
2022-02-20T19:00:00Z,211.89,1163.8
2022-02-20T19:30:00Z,201.28,1328.2
2022-02-20T20:00:00Z,199.87000000000003,1365.6
2022-02-20T20:30:00Z,200.05,1282.0
2022-02-20T21:00:00Z,196.73,1067.45
2022-02-20T21:30:00Z,168.3,895.4
2022-02-20T22:00:00Z,167.8,1041.4
2022-02-20T22:30:00Z,136.74,1371.05
2022-02-20T23:00:00Z,169.7,678.75
2022-02-20T23:30:00Z,150.24,634.0
2022-02-21T00:00:00Z,153.84,601.65
2022-02-21T00:30:00Z,171.94,617.85
2022-02-21T01:00:00Z,177.43,725.85
2022-02-21T01:30:00Z,122.94999999999999,846.65
2022-02-21T02:00:00Z,140.76,883.2
2022-02-21T02:30:00Z,151.34,699.4
2022-02-21T03:00:00Z,173.4,692.4
2022-02-21T03:30:00Z,175.18,715.35
2022-02-21T04:00:00Z,171.2,930.5
2022-02-21T04:30:00Z,171.37,916.4
2022-02-21T05:00:00Z,172.34,988.55
2022-02-21T05:30:00Z,173.06,1381.2
2022-02-21T06:00:00Z,175.04,1435.05
2022-02-21T06:30:00Z,164.83,1531.4
2022-02-21T07:00:00Z,185.23,1517.95
2022-02-21T07:30:00Z,195.92,1178.55
2022-02-21T08:00:00Z,202.17999999999998,1436.05
2022-02-21T08:30:00Z,207.97999999999996,1310.1
2022-02-21T09:00:00Z,208.62,1218.25
2022-02-21T09:30:00Z,209.20999999999998,1383.05
2022-02-21T10:00:00Z,207.58999999999997,1520.05
2022-02-21T10:30:00Z,204.2,1676.9
2022-02-21T11:00:00Z,184.97,2311.1
2022-02-21T11:30:00Z,178.74,2182.7
2022-02-21T12:00:00Z,177.67,2294.55
2022-02-21T12:30:00Z,173.31,2363.45
2022-02-21T13:00:00Z,157.1,2249.6
2022-02-21T13:30:00Z,155.51,2492.65
2022-02-21T14:00:00Z,151.27,2801.7
2022-02-21T14:30:00Z,154.79,2706.15
2022-02-21T15:00:00Z,178.82,2177.4
2022-02-21T15:30:00Z,185.57,2611.45
2022-02-21T16:00:00Z,189.04,2500.95
2022-02-21T16:30:00Z,187.84,2878.45
2022-02-21T17:00:00Z,201.71,2374.1
2022-02-21T17:30:00Z,218.54,2317.85
2022-02-21T18:00:00Z,232.44,2079.25
2022-02-21T18:30:00Z,286.06,1804.45
2022-02-21T19:00:00Z,279.07,2662.1
2022-02-21T19:30:00Z,229.14,2125.55
2022-02-21T20:00:00Z,219.84,2308.65
2022-02-21T20:30:00Z,208.7,2587.15
2022-02-21T21:00:00Z,192.09,2500.1
2022-02-21T21:30:00Z,181.84,2256.7
2022-02-21T22:00:00Z,183.36,2493.85
2022-02-21T22:30:00Z,186.4,2408.15
2022-02-21T23:00:00Z,161.36,1046.85
2022-02-21T23:30:00Z,148.19,868.95
2022-02-22T00:00:00Z,126.98,901.8
2022-02-22T00:30:00Z,150.53,1333.15
2022-02-22T01:00:00Z,155.27,982.35
2022-02-22T01:30:00Z,117.18,978.35
2022-02-22T02:00:00Z,122.38,1164.1
2022-02-22T02:30:00Z,103.48,1156.5
2022-02-22T03:00:00Z,131.65,982.55
2022-02-22T03:30:00Z,87.05,1005.85
2022-02-22T04:00:00Z,134.84,805.0
2022-02-22T04:30:00Z,125.91,882.7
2022-02-22T05:00:00Z,163.58,805.05
2022-02-22T05:30:00Z,156.07,1048.6
2022-02-22T06:00:00Z,155.15,1149.25
2022-02-22T06:30:00Z,170.13,1654.95
2022-02-22T07:00:00Z,154.26,1266.25
2022-02-22T07:30:00Z,159.91,1369.4
2022-02-22T08:00:00Z,163.25,1472.75
2022-02-22T08:30:00Z,177.34000000000003,1490.65
2022-02-22T09:00:00Z,178.76,1358.75
2022-02-22T09:30:00Z,182.69,1352.0
2022-02-22T10:00:00Z,179.52,1271.35
2022-02-22T10:30:00Z,165.42,1714.1
2022-02-22T11:00:00Z,137.41,1554.15
2022-02-22T11:30:00Z,137.99,1726.15
2022-02-22T12:00:00Z,152.35,1851.7
2022-02-22T12:30:00Z,154.44,2048.8
2022-02-22T13:00:00Z,144.63,1879.65
2022-02-22T13:30:00Z,138.31,1798.3
2022-02-22T14:00:00Z,131.39,1785.05
2022-02-22T14:30:00Z,128.0,1874.4
2022-02-22T15:00:00Z,119.1,1469.25
2022-02-22T15:30:00Z,127.97,1458.15
2022-02-22T16:00:00Z,129.91,1345.3
2022-02-22T16:30:00Z,156.87,1812.75
2022-02-22T17:00:00Z,163.69,1714.75
2022-02-22T17:30:00Z,187.23,1412.25
2022-02-22T18:00:00Z,211.78,1651.05
2022-02-22T18:30:00Z,215.59,1867.65
2022-02-22T19:00:00Z,216.04,1876.65
2022-02-22T19:30:00Z,187.59,1144.8
2022-02-22T20:00:00Z,183.87,1588.8
2022-02-22T20:30:00Z,172.18,1445.05
2022-02-22T21:00:00Z,175.19,1241.7
2022-02-22T21:30:00Z,167.13,1378.25
2022-02-22T22:00:00Z,151.21,1295.05
2022-02-22T22:30:00Z,145.77,1361.15
2022-02-22T23:00:00Z,65.99,734.3
2022-02-22T23:30:00Z,73.87,763.75
2022-02-23T00:00:00Z,127.82,959.15
2022-02-23T00:30:00Z,137.9,1097.05
2022-02-23T01:00:00Z,133.45,799.9
2022-02-23T01:30:00Z,120.12,856.3
2022-02-23T02:00:00Z,130.52,842.4
2022-02-23T02:30:00Z,139.07,885.25
2022-02-23T03:00:00Z,153.05,557.15
2022-02-23T03:30:00Z,107.65999999999998,676.7
2022-02-23T04:00:00Z,138.27,719.95
2022-02-23T04:30:00Z,145.65,657.25
2022-02-23T05:00:00Z,147.82,779.8
2022-02-23T05:30:00Z,120.32,1020.05
2022-02-23T06:00:00Z,167.5,898.8
2022-02-23T06:30:00Z,179.63,1232.2
2022-02-23T07:00:00Z,182.58,1054.95
2022-02-23T07:30:00Z,191.36,1193.25
2022-02-23T08:00:00Z,179.14,1099.55
2022-02-23T08:30:00Z,182.11,1447.65
2022-02-23T09:00:00Z,98.62,1623.6
2022-02-23T09:30:00Z,88.19,1503.3
2022-02-23T10:00:00Z,155.49,1742.2
2022-02-23T10:30:00Z,135.82,2126.2
2022-02-23T11:00:00Z,131.8,2017.3
2022-02-23T11:30:00Z,145.46,1831.05
2022-02-23T12:00:00Z,145.77,1752.0
2022-02-23T12:30:00Z,151.05,1976.15
2022-02-23T13:00:00Z,146.23,2394.45
2022-02-23T13:30:00Z,144.77,2313.7
2022-02-23T14:00:00Z,145.4,2244.45
2022-02-23T14:30:00Z,149.63,2529.65
2022-02-23T15:00:00Z,125.67,1191.85
2022-02-23T15:30:00Z,119.41,1557.9
2022-02-23T16:00:00Z,150.8,1506.45
2022-02-23T16:30:00Z,165.93,1538.7
2022-02-23T17:00:00Z,177.61,1416.3
2022-02-23T17:30:00Z,190.7,1570.65
2022-02-23T18:00:00Z,190.24,1531.3
2022-02-23T18:30:00Z,186.04,1598.5
2022-02-23T19:00:00Z,178.43,1341.9
2022-02-23T19:30:00Z,169.37,1202.9
2022-02-23T20:00:00Z,181.82,1189.3
2022-02-23T20:30:00Z,165.96,963.15
2022-02-23T21:00:00Z,165.56,1367.1
2022-02-23T21:30:00Z,153.51,1189.55
2022-02-23T22:00:00Z,160.09,1296.55
2022-02-23T22:30:00Z,160.39,1489.9
2022-02-23T23:00:00Z,170.25,642.8
2022-02-23T23:30:00Z,124.9,579.55
2022-02-24T00:00:00Z,97.68000000000002,723.5
2022-02-24T00:30:00Z,170.38,799.4
2022-02-24T01:00:00Z,161.44,1018.5
2022-02-24T01:30:00Z,159.18,1002.4
2022-02-24T02:00:00Z,159.45,958.7
2022-02-24T02:30:00Z,169.45,999.6
2022-02-24T03:00:00Z,182.07,1010.75
2022-02-24T03:30:00Z,188.17,1157.7
2022-02-24T04:00:00Z,188.29,1457.05
2022-02-24T04:30:00Z,178.04,1699.45
2022-02-24T05:00:00Z,190.42,1263.8
2022-02-24T05:30:00Z,175.66000000000003,1651.65
2022-02-24T06:00:00Z,166.76,1332.2
2022-02-24T06:30:00Z,173.83,2054.4
2022-02-24T07:00:00Z,205.44999999999996,1346.9
2022-02-24T07:30:00Z,227.59,983.75
2022-02-24T08:00:00Z,234.23,937.75
2022-02-24T08:30:00Z,231.16,1093.7
2022-02-24T09:00:00Z,251.72,1672.05
2022-02-24T09:30:00Z,253.32000000000002,1288.2
2022-02-24T10:00:00Z,250.86,1923.15
2022-02-24T10:30:00Z,239.05,2091.65
2022-02-24T11:00:00Z,228.9,1743.2
2022-02-24T11:30:00Z,204.84,2135.05
2022-02-24T12:00:00Z,212.22,2023.0
2022-02-24T12:30:00Z,189.04,2423.45
2022-02-24T13:00:00Z,180.25,3237.0
2022-02-24T13:30:00Z,168.62,2657.8
2022-02-24T14:00:00Z,194.24,2491.1
2022-02-24T14:30:00Z,194.6,2431.7
2022-02-24T15:00:00Z,220.91,1733.0
2022-02-24T15:30:00Z,253.62,1598.95
2022-02-24T16:00:00Z,253.88,1810.8
2022-02-24T16:30:00Z,255.20000000000002,2139.05
2022-02-24T17:00:00Z,223.6,1665.95
2022-02-24T17:30:00Z,290.19,1660.2
2022-02-24T18:00:00Z,301.73,1477.7
2022-02-24T18:30:00Z,300.36,1704.45
2022-02-24T19:00:00Z,270.19,1770.9
2022-02-24T19:30:00Z,261.23,1424.8
2022-02-24T20:00:00Z,249.69,1243.2
2022-02-24T20:30:00Z,229.67,1018.25
2022-02-24T21:00:00Z,183.66,1351.85
2022-02-24T21:30:00Z,187.6,1262.95
2022-02-24T22:00:00Z,194.28999999999996,1355.9
2022-02-24T22:30:00Z,161.43,1358.8
2022-02-24T23:00:00Z,163.94,1164.45
2022-02-24T23:30:00Z,151.24,821.6
2022-02-25T00:00:00Z,163.59,927.9
2022-02-25T00:30:00Z,190.65,1093.65
2022-02-25T01:00:00Z,156.61,1012.15
2022-02-25T01:30:00Z,153.98,967.25
2022-02-25T02:00:00Z,127.1,792.0
2022-02-25T02:30:00Z,133.78,881.25
2022-02-25T03:00:00Z,127.53,878.2
2022-02-25T03:30:00Z,114.81,832.55
2022-02-25T04:00:00Z,125.37,817.6
2022-02-25T04:30:00Z,125.5,849.55
2022-02-25T05:00:00Z,150.39,1043.75
2022-02-25T05:30:00Z,167.46,1029.0
2022-02-25T06:00:00Z,212.31,949.4
2022-02-25T06:30:00Z,208.43000000000004,1586.35
2022-02-25T07:00:00Z,217.1,1876.0
2022-02-25T07:30:00Z,221.1,1600.75
2022-02-25T08:00:00Z,193.38,1206.75
2022-02-25T08:30:00Z,196.26,1306.15
2022-02-25T09:00:00Z,186.72,1222.75
2022-02-25T09:30:00Z,183.79,1296.1
2022-02-25T10:00:00Z,204.25,1654.75
2022-02-25T10:30:00Z,208.31,1602.15
2022-02-25T11:00:00Z,225.15000000000003,1415.25
2022-02-25T11:30:00Z,230.50000000000003,1357.45
2022-02-25T12:00:00Z,223.05,1636.1
2022-02-25T12:30:00Z,213.65,1533.9
2022-02-25T13:00:00Z,215.76,1760.0
2022-02-25T13:30:00Z,208.49,1817.7
2022-02-25T14:00:00Z,211.64,1678.35
2022-02-25T14:30:00Z,204.06,1468.45
2022-02-25T15:00:00Z,197.21999999999997,819.8
2022-02-25T15:30:00Z,189.85,928.3
2022-02-25T16:00:00Z,202.75,1516.7
2022-02-25T16:30:00Z,210.41,1503.3
2022-02-25T17:00:00Z,215.29,1304.25
2022-02-25T17:30:00Z,239.81,1514.85
2022-02-25T18:00:00Z,247.87,1567.45
2022-02-25T18:30:00Z,238.89,1439.45
2022-02-25T19:00:00Z,220.36999999999998,1335.1
2022-02-25T19:30:00Z,207.90999999999997,1373.25
2022-02-25T20:00:00Z,222.67,1068.9
2022-02-25T20:30:00Z,200.61,1175.55
2022-02-25T21:00:00Z,205.1,1721.9
2022-02-25T21:30:00Z,197.57,1452.65
2022-02-25T22:00:00Z,205.34,1994.8
2022-02-25T22:30:00Z,199.72,2005.15
2022-02-25T23:00:00Z,156.62,656.15
2022-02-25T23:30:00Z,169.91,645.3
2022-02-26T00:00:00Z,172.3,668.7
2022-02-26T00:30:00Z,185.94,800.55
2022-02-26T01:00:00Z,171.6,658.05
2022-02-26T01:30:00Z,155.74,781.4
2022-02-26T02:00:00Z,170.81000000000003,808.2
2022-02-26T02:30:00Z,166.99,907.3
2022-02-26T03:00:00Z,179.55999999999997,860.05
2022-02-26T03:30:00Z,161.77,780.5
2022-02-26T04:00:00Z,182.01,815.5
2022-02-26T04:30:00Z,176.95,965.6
2022-02-26T05:00:00Z,193.33,894.65
2022-02-26T05:30:00Z,192.17999999999998,929.45
2022-02-26T06:00:00Z,182.73,917.75
2022-02-26T06:30:00Z,193.71,1197.25
2022-02-26T07:00:00Z,168.33,1046.5
2022-02-26T07:30:00Z,172.09,1359.45
2022-02-26T08:00:00Z,187.78,1455.75
2022-02-26T08:30:00Z,197.84000000000003,1414.9
2022-02-26T09:00:00Z,179.82,1209.55
2022-02-26T09:30:00Z,174.81,1209.55
2022-02-26T10:00:00Z,187.09,1240.85
2022-02-26T10:30:00Z,182.68,1489.8
2022-02-26T11:00:00Z,143.97,1574.55
2022-02-26T11:30:00Z,135.23,1530.7
2022-02-26T12:00:00Z,142.02,1813.0
2022-02-26T12:30:00Z,132.57,1980.65
2022-02-26T13:00:00Z,132.92,2241.6
2022-02-26T13:30:00Z,134.46,2261.5
2022-02-26T14:00:00Z,150.31,2201.65
2022-02-26T14:30:00Z,153.36,2111.45
2022-02-26T15:00:00Z,159.36,1374.0
2022-02-26T15:30:00Z,174.45,1386.45
2022-02-26T16:00:00Z,170.34,1222.65
2022-02-26T16:30:00Z,206.4,1258.7
2022-02-26T17:00:00Z,191.51,1213.4
2022-02-26T17:30:00Z,197.04999999999998,1389.45
2022-02-26T18:00:00Z,211.98999999999998,1606.1
2022-02-26T18:30:00Z,209.62,1757.85
2022-02-26T19:00:00Z,203.31,925.5
2022-02-26T19:30:00Z,199.63,1178.25
2022-02-26T20:00:00Z,187.26,1070.75
2022-02-26T20:30:00Z,151.56,892.1
2022-02-26T21:00:00Z,178.26999999999998,1593.25
2022-02-26T21:30:00Z,164.45,1545.7
2022-02-26T22:00:00Z,165.36000000000004,1660.3
2022-02-26T22:30:00Z,153.83,1310.5
2022-02-26T23:00:00Z,149.46,579.4
2022-02-26T23:30:00Z,101.88,435.35
2022-02-27T00:00:00Z,105.05,402.15
2022-02-27T00:30:00Z,126.32999999999998,553.8
2022-02-27T01:00:00Z,135.74,601.85
2022-02-27T01:30:00Z,143.38,659.85
2022-02-27T02:00:00Z,138.88,562.45
2022-02-27T02:30:00Z,131.85,559.4
2022-02-27T03:00:00Z,89.85,547.45
2022-02-27T03:30:00Z,25.36,881.35
2022-02-27T04:00:00Z,61.3,814.85
2022-02-27T04:30:00Z,84.41,623.15
2022-02-27T05:00:00Z,86.06,644.55
2022-02-27T05:30:00Z,113.01,516.5
2022-02-27T06:00:00Z,126.21000000000001,705.45
2022-02-27T06:30:00Z,165.61,781.25
2022-02-27T07:00:00Z,186.31999999999996,1488.85
2022-02-27T07:30:00Z,187.49,1389.75
2022-02-27T08:00:00Z,175.12,1659.25
2022-02-27T08:30:00Z,163.3,1370.7
2022-02-27T09:00:00Z,141.47,1024.35
2022-02-27T09:30:00Z,142.24,1073.8
2022-02-27T10:00:00Z,131.61,1411.1
2022-02-27T10:30:00Z,137.38,1700.3
2022-02-27T11:00:00Z,127.15,1645.4
2022-02-27T11:30:00Z,108.07,1667.3
2022-02-27T12:00:00Z,96.59999999999998,1641.0
2022-02-27T12:30:00Z,83.78,1866.9
2022-02-27T13:00:00Z,77.84,2347.15
2022-02-27T13:30:00Z,75.43,2195.0
2022-02-27T14:00:00Z,60.98,2434.15
2022-02-27T14:30:00Z,66.61,2248.25
2022-02-27T15:00:00Z,101.48,2168.35
2022-02-27T15:30:00Z,103.68,1962.45
2022-02-27T16:00:00Z,110.4,1708.25
2022-02-27T16:30:00Z,148.46,1762.8
2022-02-27T17:00:00Z,183.91,1816.5
2022-02-27T17:30:00Z,193.18,2138.8
2022-02-27T18:00:00Z,204.7,2086.8
2022-02-27T18:30:00Z,202.2,1928.0
2022-02-27T19:00:00Z,187.21,1538.45
2022-02-27T19:30:00Z,179.12,1209.9
2022-02-27T20:00:00Z,185.01,1240.45
2022-02-27T20:30:00Z,173.04,1208.5
2022-02-27T21:00:00Z,167.01,1478.7
2022-02-27T21:30:00Z,159.92,1704.1
2022-02-27T22:00:00Z,139.89,1595.35
2022-02-27T22:30:00Z,116.43,1860.5
2022-02-27T23:00:00Z,159.41,849.35
2022-02-27T23:30:00Z,123.09000000000002,865.6
2022-02-28T00:00:00Z,116.78,1031.95
2022-02-28T00:30:00Z,134.61,1299.05
2022-02-28T01:00:00Z,118.93,1067.05
2022-02-28T01:30:00Z,106.53,1038.15
2022-02-28T02:00:00Z,129.71,1076.65
2022-02-28T02:30:00Z,118.79,926.5
2022-02-28T03:00:00Z,136.26,903.65
2022-02-28T03:30:00Z,124.32,909.9
2022-02-28T04:00:00Z,126.01000000000002,896.5
2022-02-28T04:30:00Z,124.07,864.0
2022-02-28T05:00:00Z,184.97,1170.9
2022-02-28T05:30:00Z,180.63,922.4
2022-02-28T06:00:00Z,194.12,1023.8
2022-02-28T06:30:00Z,184.93,1437.2
2022-02-28T07:00:00Z,177.83,1286.7
2022-02-28T07:30:00Z,200.68,1007.75
2022-02-28T08:00:00Z,134.58,932.1
2022-02-28T08:30:00Z,210.43,1184.5
2022-02-28T09:00:00Z,193.51,1115.75
2022-02-28T09:30:00Z,202.99000000000004,1296.75
2022-02-28T10:00:00Z,189.95,1442.1
2022-02-28T10:30:00Z,189.91,1550.25
2022-02-28T11:00:00Z,161.37,1359.45
2022-02-28T11:30:00Z,160.95,1265.6
2022-02-28T12:00:00Z,183.16,1334.25
2022-02-28T12:30:00Z,189.91999999999996,1474.9
2022-02-28T13:00:00Z,184.47,1698.95
2022-02-28T13:30:00Z,196.22,1798.45
2022-02-28T14:00:00Z,194.75,1728.7
2022-02-28T14:30:00Z,182.25999999999996,1537.4
2022-02-28T15:00:00Z,210.64999999999998,1662.2
2022-02-28T15:30:00Z,217.3,1532.75
2022-02-28T16:00:00Z,217.93,1582.55
2022-02-28T16:30:00Z,231.1,1868.25
2022-02-28T17:00:00Z,239.44999999999996,1451.2
2022-02-28T17:30:00Z,261.31,1193.0
2022-02-28T18:00:00Z,252.07,1492.35
2022-02-28T18:30:00Z,240.19000000000003,1373.5
2022-02-28T19:00:00Z,246.52,1495.45
2022-02-28T19:30:00Z,235.02,1411.05
2022-02-28T20:00:00Z,239.75,1196.85
2022-02-28T20:30:00Z,228.2,1324.05
2022-02-28T21:00:00Z,215.44,1975.6
2022-02-28T21:30:00Z,210.91,2374.7
2022-02-28T22:00:00Z,207.69,2046.15
2022-02-28T22:30:00Z,211.53,2013.6
2022-02-28T23:00:00Z,230.8,806.3
2022-02-28T23:30:00Z,237.27,799.55
2022-03-01T00:00:00Z,218.57,1111.35
2022-03-01T00:30:00Z,233.23,898.9
2022-03-01T01:00:00Z,224.27,1065.85
2022-03-01T01:30:00Z,207.59,1000.25
2022-03-01T02:00:00Z,215.34,1233.35
2022-03-01T02:30:00Z,218.44,1028.75
2022-03-01T03:00:00Z,213.6,1458.7
2022-03-01T03:30:00Z,204.78,1206.4
2022-03-01T04:00:00Z,208.59,1423.65
2022-03-01T04:30:00Z,205.21,1270.3
2022-03-01T05:00:00Z,243.49,1073.05
2022-03-01T05:30:00Z,226.13,1264.15
2022-03-01T06:00:00Z,237.89,1426.1
2022-03-01T06:30:00Z,241.52999999999997,1330.9
2022-03-01T07:00:00Z,234.04,1380.75
2022-03-01T07:30:00Z,293.48,1452.05
2022-03-01T08:00:00Z,279.48,1791.55
2022-03-01T08:30:00Z,279.65,1999.3
2022-03-01T09:00:00Z,284.76,1798.75
2022-03-01T09:30:00Z,268.38,1577.25
2022-03-01T10:00:00Z,252.19,1903.45
2022-03-01T10:30:00Z,232.53,2102.3
2022-03-01T11:00:00Z,220.12,1926.3
2022-03-01T11:30:00Z,217.04,2124.85
2022-03-01T12:00:00Z,223.84,1847.6
2022-03-01T12:30:00Z,225.22,1926.35
2022-03-01T13:00:00Z,234.76000000000002,1805.9
2022-03-01T13:30:00Z,239.11,1932.85
2022-03-01T14:00:00Z,256.44,2072.7
2022-03-01T14:30:00Z,233.3,2248.65
2022-03-01T15:00:00Z,244.57000000000002,1292.55
2022-03-01T15:30:00Z,267.89,1265.5
2022-03-01T16:00:00Z,248.4,1486.3
2022-03-01T16:30:00Z,298.29,1563.1
2022-03-01T17:00:00Z,301.57,1803.9
2022-03-01T17:30:00Z,330.55999999999995,1709.35
2022-03-01T18:00:00Z,328.71,1685.05
2022-03-01T18:30:00Z,301.48,1639.0
2022-03-01T19:00:00Z,287.91,1146.2
2022-03-01T19:30:00Z,255.43,1050.35
2022-03-01T20:00:00Z,279.27,1440.0
2022-03-01T20:30:00Z,222.99,1650.8
2022-03-01T21:00:00Z,223.84,1992.2
2022-03-01T21:30:00Z,219.46,1922.6
2022-03-01T22:00:00Z,205.54,1906.3
2022-03-01T22:30:00Z,206.48,2122.0
2022-03-01T23:00:00Z,189.1,861.1
2022-03-01T23:30:00Z,185.47999999999996,718.6
2022-03-02T00:00:00Z,194.59,859.9
2022-03-02T00:30:00Z,196.44,1208.55
2022-03-02T01:00:00Z,171.47,949.4
2022-03-02T01:30:00Z,182.31,1747.6
2022-03-02T02:00:00Z,178.03,1073.55
2022-03-02T02:30:00Z,167.43,970.35
2022-03-02T03:00:00Z,164.7,1056.75
2022-03-02T03:30:00Z,161.79,1016.95
2022-03-02T04:00:00Z,188.72,1240.5
2022-03-02T04:30:00Z,190.12,1602.25
2022-03-02T05:00:00Z,205.81,973.85
2022-03-02T05:30:00Z,202.27,1034.55
2022-03-02T06:00:00Z,198.76,1132.95
2022-03-02T06:30:00Z,209.65,1054.65
2022-03-02T07:00:00Z,251.4,1075.8
2022-03-02T07:30:00Z,276.95,873.85
2022-03-02T08:00:00Z,249.35,1104.9
2022-03-02T08:30:00Z,252.41,1275.45
2022-03-02T09:00:00Z,237.33,1298.3
2022-03-02T09:30:00Z,238.02,1319.4
2022-03-02T10:00:00Z,242.25,1373.55
2022-03-02T10:30:00Z,262.34,1534.65
2022-03-02T11:00:00Z,264.59,2147.2
2022-03-02T11:30:00Z,250.46000000000004,2254.25
2022-03-02T12:00:00Z,254.2,1963.2
2022-03-02T12:30:00Z,255.21,2051.45
2022-03-02T13:00:00Z,247.85,2037.4
2022-03-02T13:30:00Z,240.12,2399.3
2022-03-02T14:00:00Z,245.25000000000003,2368.1
2022-03-02T14:30:00Z,245.55,2581.6
2022-03-02T15:00:00Z,273.37,1365.6
2022-03-02T15:30:00Z,264.78,1428.0
2022-03-02T16:00:00Z,291.72,1260.65
2022-03-02T16:30:00Z,318.66,1574.6
2022-03-02T17:00:00Z,332.22999999999996,1664.0
2022-03-02T17:30:00Z,337.7,1595.0
2022-03-02T18:00:00Z,338.54,1774.0
2022-03-02T18:30:00Z,335.12,1921.2
2022-03-02T19:00:00Z,479.28,1469.9
2022-03-02T19:30:00Z,449.38,1262.5
2022-03-02T20:00:00Z,490.89,1076.1
2022-03-02T20:30:00Z,418.53000000000003,1504.5
2022-03-02T21:00:00Z,497.55,1219.45
2022-03-02T21:30:00Z,434.21,1316.85
2022-03-02T22:00:00Z,446.82,1201.25
2022-03-02T22:30:00Z,395.28,1612.5
2022-03-02T23:00:00Z,230.41,846.45
2022-03-02T23:30:00Z,219.32,834.35
2022-03-03T00:00:00Z,265.9,775.6
2022-03-03T00:30:00Z,290.38,860.65
2022-03-03T01:00:00Z,274.22,1376.55
2022-03-03T01:30:00Z,265.09,1049.4
2022-03-03T02:00:00Z,237.34999999999997,1344.7
2022-03-03T02:30:00Z,238.34999999999997,1360.65
2022-03-03T03:00:00Z,248.9,891.2
2022-03-03T03:30:00Z,253.38999999999996,1230.2
2022-03-03T04:00:00Z,282.42,1307.15
2022-03-03T04:30:00Z,266.98,1453.3
2022-03-03T05:00:00Z,279.31,1030.7
2022-03-03T05:30:00Z,272.32,1630.75
2022-03-03T06:00:00Z,275.95,1015.1
2022-03-03T06:30:00Z,303.68,1209.25
2022-03-03T07:00:00Z,331.43,1046.6
2022-03-03T07:30:00Z,386.17,861.6
2022-03-03T08:00:00Z,357.15,1368.8
2022-03-03T08:30:00Z,371.78,1029.55
2022-03-03T09:00:00Z,366.76,1308.3
2022-03-03T09:30:00Z,368.72,1273.65
2022-03-03T10:00:00Z,350.12,1261.85
2022-03-03T10:30:00Z,341.5,1457.45
2022-03-03T11:00:00Z,343.66,964.2
2022-03-03T11:30:00Z,339.46,854.6
2022-03-03T12:00:00Z,340.56,1088.9
2022-03-03T12:30:00Z,326.94,1190.0
2022-03-03T13:00:00Z,327.02,1268.9
2022-03-03T13:30:00Z,312.13,1389.9
2022-03-03T14:00:00Z,286.4100000000001,935.5
2022-03-03T14:30:00Z,243.60999999999999,1273.25
2022-03-03T15:00:00Z,337.74,1420.7
2022-03-03T15:30:00Z,385.97,1600.0
2022-03-03T16:00:00Z,387.13,1231.75
2022-03-03T16:30:00Z,420.9,1555.95
2022-03-03T17:00:00Z,431.93,1181.4
2022-03-03T17:30:00Z,443.32,1268.65
2022-03-03T18:00:00Z,451.72,1095.25
2022-03-03T18:30:00Z,406.78,1523.3
2022-03-03T19:00:00Z,376.07,1583.25
2022-03-03T19:30:00Z,339.79,1392.65
2022-03-03T20:00:00Z,292.2,1496.8
2022-03-03T20:30:00Z,296.99,1665.35
2022-03-03T21:00:00Z,282.96,1033.5
2022-03-03T21:30:00Z,285.11,1361.0
2022-03-03T22:00:00Z,278.92,1243.95
2022-03-03T22:30:00Z,264.14,1205.35
2022-03-03T23:00:00Z,293.52,566.15
2022-03-03T23:30:00Z,276.19,551.9
2022-03-04T00:00:00Z,276.95,482.15
2022-03-04T00:30:00Z,288.85,472.15
2022-03-04T01:00:00Z,242.97000000000003,592.05
2022-03-04T01:30:00Z,232.90000000000003,717.05
2022-03-04T02:00:00Z,242.44,769.25
2022-03-04T02:30:00Z,250.94,937.2
2022-03-04T03:00:00Z,248.57,427.65
2022-03-04T03:30:00Z,238.56000000000003,596.9
2022-03-04T04:00:00Z,269.84,627.0
2022-03-04T04:30:00Z,284.61,622.3
2022-03-04T05:00:00Z,312.73,736.9
2022-03-04T05:30:00Z,289.19,715.75
2022-03-04T06:00:00Z,310.91,919.1
2022-03-04T06:30:00Z,347.84999999999997,820.35
2022-03-04T07:00:00Z,341.64,1105.2
2022-03-04T07:30:00Z,376.12,689.6
2022-03-04T08:00:00Z,366.81,944.8
2022-03-04T08:30:00Z,366.28,988.6
2022-03-04T09:00:00Z,371.7,832.3
2022-03-04T09:30:00Z,366.50999999999993,857.95
2022-03-04T10:00:00Z,364.64,831.15
2022-03-04T10:30:00Z,357.09,1141.05
2022-03-04T11:00:00Z,356.26,1154.9
2022-03-04T11:30:00Z,343.53,1242.35
2022-03-04T12:00:00Z,349.09,1135.0
2022-03-04T12:30:00Z,329.75,1310.25
2022-03-04T13:00:00Z,330.2,2076.25
2022-03-04T13:30:00Z,313.13,1934.25
2022-03-04T14:00:00Z,307.58,1767.35
2022-03-04T14:30:00Z,302.22,2024.35
2022-03-04T15:00:00Z,323.6,1638.45
2022-03-04T15:30:00Z,326.4,1553.6
2022-03-04T16:00:00Z,323.76,1433.3
2022-03-04T16:30:00Z,367.93,1731.65
2022-03-04T17:00:00Z,367.05,1508.15
2022-03-04T17:30:00Z,379.77,1422.55
2022-03-04T18:00:00Z,396.13,1534.9
2022-03-04T18:30:00Z,385.9800000000001,1649.65
2022-03-04T19:00:00Z,425.57,1075.85
2022-03-04T19:30:00Z,401.09,1291.05
2022-03-04T20:00:00Z,388.74,1028.5
2022-03-04T20:30:00Z,369.52,1043.7
2022-03-04T21:00:00Z,378.0,1796.7
2022-03-04T21:30:00Z,362.33,1416.3
2022-03-04T22:00:00Z,353.13000000000005,1671.5
2022-03-04T22:30:00Z,345.91,1787.05
2022-03-04T23:00:00Z,350.19,558.65
2022-03-04T23:30:00Z,364.53,523.3
2022-03-05T00:00:00Z,365.96,463.55
2022-03-05T00:30:00Z,383.57,571.6
2022-03-05T01:00:00Z,377.74999999999994,489.6
2022-03-05T01:30:00Z,314.18,601.8
2022-03-05T02:00:00Z,277.72,369.35
2022-03-05T02:30:00Z,269.43,575.75
2022-03-05T03:00:00Z,269.18,568.1
2022-03-05T03:30:00Z,250.36,554.9
2022-03-05T04:00:00Z,215.73,589.7
2022-03-05T04:30:00Z,244.84,770.4
2022-03-05T05:00:00Z,270.03,798.0
2022-03-05T05:30:00Z,274.93,674.6
2022-03-05T06:00:00Z,271.07,621.85
2022-03-05T06:30:00Z,268.69,574.45
2022-03-05T07:00:00Z,294.34,756.5
2022-03-05T07:30:00Z,288.13,780.85
2022-03-05T08:00:00Z,302.65,691.5
2022-03-05T08:30:00Z,352.05,886.25
2022-03-05T09:00:00Z,345.11,859.2
2022-03-05T09:30:00Z,358.86,969.45
2022-03-05T10:00:00Z,372.29,1112.85
2022-03-05T10:30:00Z,344.14,951.85
2022-03-05T11:00:00Z,329.82,570.45
2022-03-05T11:30:00Z,314.1,574.5
2022-03-05T12:00:00Z,300.5,819.55
2022-03-05T12:30:00Z,306.77,640.7
2022-03-05T13:00:00Z,300.15,649.9
2022-03-05T13:30:00Z,302.68,656.2
2022-03-05T14:00:00Z,298.51,752.55
2022-03-05T14:30:00Z,304.31,755.75
2022-03-05T15:00:00Z,303.58,769.0
2022-03-05T15:30:00Z,386.4,1299.2
2022-03-05T16:00:00Z,362.58,1003.5
2022-03-05T16:30:00Z,353.45,944.05
2022-03-05T17:00:00Z,414.06,1047.75
2022-03-05T17:30:00Z,430.14,1182.5
2022-03-05T18:00:00Z,431.39,1166.75
2022-03-05T18:30:00Z,428.47,1343.9
2022-03-05T19:00:00Z,419.03,785.65
2022-03-05T19:30:00Z,359.92,793.35
2022-03-05T20:00:00Z,330.95,720.7
2022-03-05T20:30:00Z,341.17,737.1
2022-03-05T21:00:00Z,349.18,980.6
2022-03-05T21:30:00Z,315.33,980.9
2022-03-05T22:00:00Z,314.0,913.25
2022-03-05T22:30:00Z,333.03,1503.9
2022-03-05T23:00:00Z,311.8299999999999,968.1
2022-03-05T23:30:00Z,285.25,695.2
2022-03-06T00:00:00Z,274.77,748.15
2022-03-06T00:30:00Z,299.33,769.6
2022-03-06T01:00:00Z,298.79,446.55
2022-03-06T01:30:00Z,288.93,494.8
2022-03-06T02:00:00Z,279.71,389.3
2022-03-06T02:30:00Z,276.56,378.85
2022-03-06T03:00:00Z,279.86,679.45
2022-03-06T03:30:00Z,286.8,626.1
2022-03-06T04:00:00Z,285.68,747.25
2022-03-06T04:30:00Z,277.04,861.7
2022-03-06T05:00:00Z,203.77,518.65
2022-03-06T05:30:00Z,207.47,397.8
2022-03-06T06:00:00Z,256.66,525.4
2022-03-06T06:30:00Z,211.63,532.65
2022-03-06T07:00:00Z,279.47,821.75
2022-03-06T07:30:00Z,290.32,1017.6
2022-03-06T08:00:00Z,309.49,1340.7
2022-03-06T08:30:00Z,348.51,1059.65
2022-03-06T09:00:00Z,302.54,803.7
2022-03-06T09:30:00Z,291.99,755.45
2022-03-06T10:00:00Z,293.39,1071.2
2022-03-06T10:30:00Z,287.86,883.05
2022-03-06T11:00:00Z,287.6,827.25
2022-03-06T11:30:00Z,285.37,854.5
2022-03-06T12:00:00Z,289.87,678.2
2022-03-06T12:30:00Z,304.41,763.25
2022-03-06T13:00:00Z,298.92,965.75
2022-03-06T13:30:00Z,278.05,1006.05
2022-03-06T14:00:00Z,289.94,863.75
2022-03-06T14:30:00Z,293.4,995.1
2022-03-06T15:00:00Z,304.31,1003.1
2022-03-06T15:30:00Z,296.8,907.75
2022-03-06T16:00:00Z,281.61,545.65
2022-03-06T16:30:00Z,328.02,735.3
2022-03-06T17:00:00Z,356.4700000000001,821.4
2022-03-06T17:30:00Z,388.44000000000005,771.5
2022-03-06T18:00:00Z,413.54,1054.05
2022-03-06T18:30:00Z,410.17,1031.5
2022-03-06T19:00:00Z,447.06,567.2
2022-03-06T19:30:00Z,388.06,540.0
2022-03-06T20:00:00Z,387.53,749.1
2022-03-06T20:30:00Z,359.52,667.8
2022-03-06T21:00:00Z,347.77,743.05
2022-03-06T21:30:00Z,321.36,645.1
2022-03-06T22:00:00Z,339.46,750.0
2022-03-06T22:30:00Z,339.07,840.65
2022-03-06T23:00:00Z,310.71,575.65
2022-03-06T23:30:00Z,264.98,327.5
2022-03-07T00:00:00Z,253.69,442.55
2022-03-07T00:30:00Z,295.18,541.55
2022-03-07T01:00:00Z,318.34,687.1
2022-03-07T01:30:00Z,293.11,686.05
2022-03-07T02:00:00Z,287.96,546.75
2022-03-07T02:30:00Z,286.5,505.3
2022-03-07T03:00:00Z,300.97,985.05
2022-03-07T03:30:00Z,294.59,1053.5
2022-03-07T04:00:00Z,311.11,849.2
2022-03-07T04:30:00Z,312.2,854.25
2022-03-07T05:00:00Z,349.85,930.55
2022-03-07T05:30:00Z,314.79,1147.15
2022-03-07T06:00:00Z,375.38,1835.8
2022-03-07T06:30:00Z,416.49999999999994,1899.6
2022-03-07T07:00:00Z,387.2,1320.75
2022-03-07T07:30:00Z,430.17,1487.9
2022-03-07T08:00:00Z,415.81,1135.5
2022-03-07T08:30:00Z,434.76000000000005,1364.2
2022-03-07T09:00:00Z,491.7,1092.2
2022-03-07T09:30:00Z,472.53999999999996,1139.65
2022-03-07T10:00:00Z,453.38999999999993,1340.15
2022-03-07T10:30:00Z,457.9,1178.3
2022-03-07T11:00:00Z,476.23999999999995,1429.7
2022-03-07T11:30:00Z,470.0,1566.8
2022-03-07T12:00:00Z,455.58,1272.95
2022-03-07T12:30:00Z,416.87,1187.4
2022-03-07T13:00:00Z,401.09000000000003,1567.15
2022-03-07T13:30:00Z,390.88,1356.6
2022-03-07T14:00:00Z,374.78,1333.55
2022-03-07T14:30:00Z,370.94,1598.15
2022-03-07T15:00:00Z,356.89,1491.0
2022-03-07T15:30:00Z,364.74,1894.7
2022-03-07T16:00:00Z,389.52,1365.3
2022-03-07T16:30:00Z,401.9,1198.9
2022-03-07T17:00:00Z,478.45,1111.7
2022-03-07T17:30:00Z,507.15,1399.0
2022-03-07T18:00:00Z,521.4,1519.7
2022-03-07T18:30:00Z,491.78,1706.4
2022-03-07T19:00:00Z,461.03999999999996,1542.65
2022-03-07T19:30:00Z,405.47,1379.1
2022-03-07T20:00:00Z,398.57,1395.1
2022-03-07T20:30:00Z,362.59,1401.75
2022-03-07T21:00:00Z,317.17999999999995,965.5
2022-03-07T21:30:00Z,286.72,968.65
2022-03-07T22:00:00Z,267.34,1454.9
2022-03-07T22:30:00Z,261.92,1694.15
2022-03-07T23:00:00Z,301.18,1284.9
2022-03-07T23:30:00Z,289.62,917.35
2022-03-08T00:00:00Z,242.73,890.15
2022-03-08T00:30:00Z,266.7,980.9
2022-03-08T01:00:00Z,305.15,1022.4
2022-03-08T01:30:00Z,275.05,1033.35
2022-03-08T02:00:00Z,291.45,1222.15
2022-03-08T02:30:00Z,280.47,1049.25
2022-03-08T03:00:00Z,165.82,1117.55
2022-03-08T03:30:00Z,154.16,947.5
2022-03-08T04:00:00Z,217.74,1158.9
2022-03-08T04:30:00Z,233.54999999999998,1273.4
2022-03-08T05:00:00Z,209.53,1045.45
2022-03-08T05:30:00Z,283.89,1126.6
2022-03-08T06:00:00Z,389.8,1178.3
2022-03-08T06:30:00Z,387.48,1420.35
2022-03-08T07:00:00Z,400.96,1643.15
2022-03-08T07:30:00Z,467.68000000000006,1548.6
2022-03-08T08:00:00Z,413.73,1362.75
2022-03-08T08:30:00Z,405.82,1264.55
2022-03-08T09:00:00Z,349.1000000000001,1558.8
2022-03-08T09:30:00Z,301.16,1558.25
2022-03-08T10:00:00Z,336.34,1714.7
2022-03-08T10:30:00Z,359.28,2306.55
2022-03-08T11:00:00Z,326.1,1781.6
2022-03-08T11:30:00Z,312.88,2153.25
2022-03-08T12:00:00Z,314.35,2024.3
2022-03-08T12:30:00Z,255.17000000000002,2273.35
2022-03-08T13:00:00Z,279.99,2174.8
2022-03-08T13:30:00Z,308.05,2209.6
2022-03-08T14:00:00Z,324.34,2147.3
2022-03-08T14:30:00Z,279.56,2521.0
2022-03-08T15:00:00Z,294.42,1291.8
2022-03-08T15:30:00Z,314.96,1151.9
2022-03-08T16:00:00Z,377.28,1444.85
2022-03-08T16:30:00Z,414.93,1574.35
2022-03-08T17:00:00Z,444.00000000000006,1551.4
2022-03-08T17:30:00Z,474.43,2000.2
2022-03-08T18:00:00Z,465.25,1835.2
2022-03-08T18:30:00Z,460.37,1804.9
2022-03-08T19:00:00Z,401.09,1690.1
2022-03-08T19:30:00Z,402.41,1095.25
2022-03-08T20:00:00Z,385.37,1423.2
2022-03-08T20:30:00Z,381.37,1333.65
2022-03-08T21:00:00Z,392.76,1525.0
2022-03-08T21:30:00Z,386.16,1222.15
2022-03-08T22:00:00Z,358.74,1200.25
2022-03-08T22:30:00Z,338.44,1724.15
2022-03-08T23:00:00Z,105.98,765.85
2022-03-08T23:30:00Z,69.85,641.85
2022-03-09T00:00:00Z,128.48,779.8
2022-03-09T00:30:00Z,296.19,718.55
2022-03-09T01:00:00Z,321.69,810.3
2022-03-09T01:30:00Z,300.08,1010.85
2022-03-09T02:00:00Z,287.14,817.3
2022-03-09T02:30:00Z,231.73,1004.05
2022-03-09T03:00:00Z,340.96,1234.7
2022-03-09T03:30:00Z,347.04,1487.1
2022-03-09T04:00:00Z,343.76,1108.4
2022-03-09T04:30:00Z,350.02,1213.4
2022-03-09T05:00:00Z,359.67999999999995,944.85
2022-03-09T05:30:00Z,335.49,978.0
2022-03-09T06:00:00Z,376.97,1143.85
2022-03-09T06:30:00Z,369.28,1300.85
2022-03-09T07:00:00Z,340.07,993.25
2022-03-09T07:30:00Z,429.45,1172.85
2022-03-09T08:00:00Z,370.52,1002.1
2022-03-09T08:30:00Z,358.2,1022.5
2022-03-09T09:00:00Z,323.89,1405.8
2022-03-09T09:30:00Z,334.37,1341.7
2022-03-09T10:00:00Z,345.22,1500.25
2022-03-09T10:30:00Z,338.92,1490.6
2022-03-09T11:00:00Z,301.95,950.45
2022-03-09T11:30:00Z,294.3,1144.95
2022-03-09T12:00:00Z,309.17,1310.85
2022-03-09T12:30:00Z,295.66,1271.0
2022-03-09T13:00:00Z,300.22,1248.4
2022-03-09T13:30:00Z,284.79,1265.6
2022-03-09T14:00:00Z,275.15,1520.55
2022-03-09T14:30:00Z,283.73,1234.15
2022-03-09T15:00:00Z,265.78,980.05
2022-03-09T15:30:00Z,248.64,980.65
2022-03-09T16:00:00Z,271.36,1563.5
2022-03-09T16:30:00Z,333.12,1447.8
2022-03-09T17:00:00Z,336.19,1760.6
2022-03-09T17:30:00Z,383.81,1874.65
2022-03-09T18:00:00Z,357.8,1496.45
2022-03-09T18:30:00Z,369.69999999999993,1491.5
2022-03-09T19:00:00Z,339.0,1219.85
2022-03-09T19:30:00Z,277.5,985.8
2022-03-09T20:00:00Z,304.43,1237.9
2022-03-09T20:30:00Z,268.44,1294.75
2022-03-09T21:00:00Z,262.08,1840.0
2022-03-09T21:30:00Z,253.54,1796.45
2022-03-09T22:00:00Z,258.83,2118.65
2022-03-09T22:30:00Z,268.01,2816.05
2022-03-09T23:00:00Z,236.89999999999998,1130.95
2022-03-09T23:30:00Z,270.49,926.7
2022-03-10T00:00:00Z,257.47,848.3
2022-03-10T00:30:00Z,265.97,833.25
2022-03-10T01:00:00Z,277.01,872.8
2022-03-10T01:30:00Z,271.86,881.5
2022-03-10T02:00:00Z,291.35,702.85
2022-03-10T02:30:00Z,289.51,967.8
2022-03-10T03:00:00Z,307.1,578.0
2022-03-10T03:30:00Z,280.87,826.45
2022-03-10T04:00:00Z,301.57,770.85
2022-03-10T04:30:00Z,263.87,744.9
2022-03-10T05:00:00Z,306.91,909.5
2022-03-10T05:30:00Z,294.0,1085.9
2022-03-10T06:00:00Z,332.95,1197.75
2022-03-10T06:30:00Z,343.97,1340.95
2022-03-10T07:00:00Z,281.59,1155.4
2022-03-10T07:30:00Z,340.05,1315.1
2022-03-10T08:00:00Z,330.08,1315.15
2022-03-10T08:30:00Z,335.93,1471.5
2022-03-10T09:00:00Z,289.13,1312.6
2022-03-10T09:30:00Z,255.08,1739.95
2022-03-10T10:00:00Z,255.04,1692.75
2022-03-10T10:30:00Z,243.14,1911.75
2022-03-10T11:00:00Z,242.14000000000001,2223.65
2022-03-10T11:30:00Z,244.8,2129.45
2022-03-10T12:00:00Z,250.30999999999997,2203.25
2022-03-10T12:30:00Z,242.52000000000004,2272.35
2022-03-10T13:00:00Z,238.68,2187.75
2022-03-10T13:30:00Z,235.21000000000004,2290.05
2022-03-10T14:00:00Z,229.45000000000002,2320.4
2022-03-10T14:30:00Z,229.27,2442.9
2022-03-10T15:00:00Z,223.44000000000003,1624.4
2022-03-10T15:30:00Z,224.05,1864.55
2022-03-10T16:00:00Z,228.49,1577.2
2022-03-10T16:30:00Z,254.39,2020.1
2022-03-10T17:00:00Z,260.47,1840.25
2022-03-10T17:30:00Z,274.65,1873.65
2022-03-10T18:00:00Z,274.21,1866.1
2022-03-10T18:30:00Z,281.81,1927.45
2022-03-10T19:00:00Z,257.31,1299.1
2022-03-10T19:30:00Z,246.63,1384.85
2022-03-10T20:00:00Z,251.85,1385.15
2022-03-10T20:30:00Z,243.55999999999997,1285.0
2022-03-10T21:00:00Z,229.86,1351.25
2022-03-10T21:30:00Z,220.11,1494.6
2022-03-10T22:00:00Z,238.95,1308.4
2022-03-10T22:30:00Z,244.84999999999997,1264.1
2022-03-10T23:00:00Z,188.74,1385.4
2022-03-10T23:30:00Z,196.5,948.0
2022-03-11T00:00:00Z,180.35,973.45
2022-03-11T00:30:00Z,190.41,1257.8
2022-03-11T01:00:00Z,175.74,1166.8
2022-03-11T01:30:00Z,171.8,1104.7
2022-03-11T02:00:00Z,159.84,1020.9
2022-03-11T02:30:00Z,163.03,1057.2
2022-03-11T03:00:00Z,115.45,1010.2
2022-03-11T03:30:00Z,100.16,793.25
2022-03-11T04:00:00Z,100.51,1022.35
2022-03-11T04:30:00Z,98.02,963.95
2022-03-11T05:00:00Z,98.05999999999999,958.25
2022-03-11T05:30:00Z,117.32,1087.45
2022-03-11T06:00:00Z,172.46,961.65
2022-03-11T06:30:00Z,162.72,1020.2
2022-03-11T07:00:00Z,117.94,900.45
2022-03-11T07:30:00Z,184.38,994.05
2022-03-11T08:00:00Z,184.66,1154.3
2022-03-11T08:30:00Z,185.85,1102.85
2022-03-11T09:00:00Z,169.98,867.1
2022-03-11T09:30:00Z,162.66,1015.2
2022-03-11T10:00:00Z,172.25,1382.4
2022-03-11T10:30:00Z,171.68,1299.8
2022-03-11T11:00:00Z,188.67999999999998,1398.2
2022-03-11T11:30:00Z,193.52,1196.25
2022-03-11T12:00:00Z,199.99,1266.35
2022-03-11T12:30:00Z,207.02000000000004,1278.95
2022-03-11T13:00:00Z,219.76,1331.0
2022-03-11T13:30:00Z,203.35,1059.0
2022-03-11T14:00:00Z,211.75,985.75
2022-03-11T14:30:00Z,215.75,1129.2
2022-03-11T15:00:00Z,258.6,881.9
2022-03-11T15:30:00Z,262.4,968.8
2022-03-11T16:00:00Z,251.9,1005.1
2022-03-11T16:30:00Z,251.82000000000002,1228.2
2022-03-11T17:00:00Z,241.92000000000002,1310.0
2022-03-11T17:30:00Z,269.44,1119.85
2022-03-11T18:00:00Z,283.64,1381.7
2022-03-11T18:30:00Z,288.53,1519.45
2022-03-11T19:00:00Z,291.8,1497.45
2022-03-11T19:30:00Z,279.48,1281.15
2022-03-11T20:00:00Z,283.2,1142.3
2022-03-11T20:30:00Z,277.48,1074.0
2022-03-11T21:00:00Z,288.05,843.6
2022-03-11T21:30:00Z,288.07,917.95
2022-03-11T22:00:00Z,281.69,905.4
2022-03-11T22:30:00Z,238.51000000000002,1121.6
2022-03-11T23:00:00Z,205.46999999999997,744.65
2022-03-11T23:30:00Z,198.65,704.8
2022-03-12T00:00:00Z,165.32,731.45
2022-03-12T00:30:00Z,201.26,871.3
2022-03-12T01:00:00Z,208.73,887.35
2022-03-12T01:30:00Z,198.18,954.8
2022-03-12T02:00:00Z,197.19,1000.3
2022-03-12T02:30:00Z,190.38,882.55
2022-03-12T03:00:00Z,161.26,610.45
2022-03-12T03:30:00Z,72.53,743.45
2022-03-12T04:00:00Z,120.16,873.7
2022-03-12T04:30:00Z,115.85,864.45
2022-03-12T05:00:00Z,129.17,982.6
2022-03-12T05:30:00Z,128.01,725.85
2022-03-12T06:00:00Z,157.13,1002.8
2022-03-12T06:30:00Z,157.05,925.4
2022-03-12T07:00:00Z,222.63000000000002,808.55
2022-03-12T07:30:00Z,204.49,1040.7
2022-03-12T08:00:00Z,236.68,920.15
2022-03-12T08:30:00Z,253.91,868.0
2022-03-12T09:00:00Z,224.09,1100.85
2022-03-12T09:30:00Z,196.08,1279.05
2022-03-12T10:00:00Z,180.67000000000002,1495.15
2022-03-12T10:30:00Z,208.62,1710.55
2022-03-12T11:00:00Z,225.65,1408.05
2022-03-12T11:30:00Z,197.94000000000003,1573.45
2022-03-12T12:00:00Z,177.54,1536.7
2022-03-12T12:30:00Z,147.78,1685.55
2022-03-12T13:00:00Z,127.93,1760.45
2022-03-12T13:30:00Z,137.4,1699.65
2022-03-12T14:00:00Z,142.88,2045.6
2022-03-12T14:30:00Z,150.18,1888.25
2022-03-12T15:00:00Z,161.13,1306.15
2022-03-12T15:30:00Z,184.65,1238.35
2022-03-12T16:00:00Z,208.27999999999997,1320.35
2022-03-12T16:30:00Z,235.28999999999996,1645.8
2022-03-12T17:00:00Z,238.89,1930.4
2022-03-12T17:30:00Z,259.91,1900.7
2022-03-12T18:00:00Z,247.73000000000002,1415.6
2022-03-12T18:30:00Z,258.71,1691.2
2022-03-12T19:00:00Z,252.36,1153.0
2022-03-12T19:30:00Z,186.03,1005.9
2022-03-12T20:00:00Z,199.85,1095.6
2022-03-12T20:30:00Z,173.33,1015.05
2022-03-12T21:00:00Z,186.92,1090.65
2022-03-12T21:30:00Z,184.32,1262.1
2022-03-12T22:00:00Z,163.15,1092.05
2022-03-12T22:30:00Z,153.28,1374.9
2022-03-12T23:00:00Z,143.68,591.5
2022-03-12T23:30:00Z,85.37,591.15
2022-03-13T00:00:00Z,80.43,615.45
2022-03-13T00:30:00Z,102.01,544.55
2022-03-13T01:00:00Z,115.81999999999998,445.1
2022-03-13T01:30:00Z,118.32,590.15
2022-03-13T02:00:00Z,172.69,486.65
2022-03-13T02:30:00Z,173.99,700.75
2022-03-13T03:00:00Z,177.48,750.7
2022-03-13T03:30:00Z,107.95,679.25
2022-03-13T04:00:00Z,84.14,686.05
2022-03-13T04:30:00Z,85.25,589.65
2022-03-13T05:00:00Z,86.24,593.9
2022-03-13T05:30:00Z,125.32000000000001,660.75
2022-03-13T06:00:00Z,98.5,621.0
2022-03-13T06:30:00Z,130.16,797.75
2022-03-13T07:00:00Z,86.04,809.1
2022-03-13T07:30:00Z,91.77,819.65
2022-03-13T08:00:00Z,80.56,908.35
2022-03-13T08:30:00Z,117.68,1001.2
2022-03-13T09:00:00Z,184.87,958.7
2022-03-13T09:30:00Z,202.55,950.8
2022-03-13T10:00:00Z,189.07,1044.5
2022-03-13T10:30:00Z,180.74,1047.25
2022-03-13T11:00:00Z,141.52,893.4
2022-03-13T11:30:00Z,167.61,1230.4
2022-03-13T12:00:00Z,210.99,1288.35
2022-03-13T12:30:00Z,210.96,1208.95
2022-03-13T13:00:00Z,209.08,1216.65
2022-03-13T13:30:00Z,203.2,1070.5
2022-03-13T14:00:00Z,198.13,1235.45
2022-03-13T14:30:00Z,187.61,1202.7
2022-03-13T15:00:00Z,195.9,1077.3
2022-03-13T15:30:00Z,196.81,900.6
2022-03-13T16:00:00Z,205.86,1190.45
2022-03-13T16:30:00Z,220.89,1154.9
2022-03-13T17:00:00Z,247.36,1302.8
2022-03-13T17:30:00Z,253.17999999999998,1196.65
2022-03-13T18:00:00Z,266.47,1424.35
2022-03-13T18:30:00Z,274.02,1475.35
2022-03-13T19:00:00Z,276.54,1368.6
2022-03-13T19:30:00Z,270.11,1518.45
2022-03-13T20:00:00Z,277.1,1294.75
2022-03-13T20:30:00Z,279.13,1400.9
2022-03-13T21:00:00Z,264.33,1094.9
2022-03-13T21:30:00Z,273.86,998.2
2022-03-13T22:00:00Z,285.72,1256.35
2022-03-13T22:30:00Z,237.68000000000004,1319.9
2022-03-13T23:00:00Z,269.18,326.85
2022-03-13T23:30:00Z,265.59,302.25
2022-03-14T00:00:00Z,246.6,470.35
2022-03-14T00:30:00Z,263.52,395.75
2022-03-14T01:00:00Z,273.1,817.1
2022-03-14T01:30:00Z,253.23,926.7
2022-03-14T02:00:00Z,230.31,1152.25
2022-03-14T02:30:00Z,243.29,1113.4
2022-03-14T03:00:00Z,257.09,1045.45
2022-03-14T03:30:00Z,238.52,1086.35
2022-03-14T04:00:00Z,216.73,859.1
2022-03-14T04:30:00Z,182.56,1088.0
2022-03-14T05:00:00Z,238.87,936.75
2022-03-14T05:30:00Z,265.9,1148.15
2022-03-14T06:00:00Z,310.67,1333.2
2022-03-14T06:30:00Z,315.92,1410.95
2022-03-14T07:00:00Z,324.95,1106.2
2022-03-14T07:30:00Z,333.88,1268.55
2022-03-14T08:00:00Z,313.11,1350.35
2022-03-14T08:30:00Z,276.39,1040.6
2022-03-14T09:00:00Z,226.53,1249.2
2022-03-14T09:30:00Z,198.0,1270.9
2022-03-14T10:00:00Z,203.28,1325.05
2022-03-14T10:30:00Z,200.02999999999997,1648.3
2022-03-14T11:00:00Z,177.21000000000004,1665.05
2022-03-14T11:30:00Z,179.08,1636.9
2022-03-14T12:00:00Z,182.89,1945.2
2022-03-14T12:30:00Z,185.53,1757.15
2022-03-14T13:00:00Z,180.44999999999996,2044.3
2022-03-14T13:30:00Z,177.43,2068.0
2022-03-14T14:00:00Z,182.72,2269.8
2022-03-14T14:30:00Z,186.33,2546.55
2022-03-14T15:00:00Z,187.94999999999996,1467.35
2022-03-14T15:30:00Z,186.6,1697.0
2022-03-14T16:00:00Z,190.13,1708.1
2022-03-14T16:30:00Z,222.12,1573.95
2022-03-14T17:00:00Z,249.79,2023.0
2022-03-14T17:30:00Z,251.12000000000003,2526.5
2022-03-14T18:00:00Z,244.19,2492.95
2022-03-14T18:30:00Z,264.25,2448.6
2022-03-14T19:00:00Z,265.51,2253.55
2022-03-14T19:30:00Z,270.7,2351.0
2022-03-14T20:00:00Z,238.1,1378.65
2022-03-14T20:30:00Z,219.39,1536.3
2022-03-14T21:00:00Z,218.21000000000004,1696.35
2022-03-14T21:30:00Z,217.62,1512.2
2022-03-14T22:00:00Z,218.75,1530.25
2022-03-14T22:30:00Z,226.66,1474.55
2022-03-14T23:00:00Z,187.11,627.35
2022-03-14T23:30:00Z,190.69,561.0
2022-03-15T00:00:00Z,170.85,648.5
2022-03-15T00:30:00Z,192.35,835.8
2022-03-15T01:00:00Z,230.00000000000003,1158.1
2022-03-15T01:30:00Z,229.48,1285.1
2022-03-15T02:00:00Z,214.7,1067.75
2022-03-15T02:30:00Z,195.62,1139.15
2022-03-15T03:00:00Z,198.4,871.95
2022-03-15T03:30:00Z,189.32,864.4
2022-03-15T04:00:00Z,196.33000000000004,908.4
2022-03-15T04:30:00Z,181.24,966.4
2022-03-15T05:00:00Z,232.68,708.7
2022-03-15T05:30:00Z,191.41,801.2
2022-03-15T06:00:00Z,217.87,885.45
2022-03-15T06:30:00Z,223.5,1130.15
2022-03-15T07:00:00Z,262.27,1229.9
2022-03-15T07:30:00Z,287.05,1540.65
2022-03-15T08:00:00Z,248.81,1308.05
2022-03-15T08:30:00Z,234.84,1532.2
2022-03-15T09:00:00Z,242.35,1866.7
2022-03-15T09:30:00Z,241.07000000000002,1509.65
2022-03-15T10:00:00Z,250.26,1717.8
2022-03-15T10:30:00Z,255.29,1722.75
2022-03-15T11:00:00Z,239.5,1653.75
2022-03-15T11:30:00Z,238.08,2048.0
2022-03-15T12:00:00Z,225.68,1895.1
2022-03-15T12:30:00Z,211.2,2235.85
2022-03-15T13:00:00Z,218.55,2198.4
2022-03-15T13:30:00Z,214.65,2004.05
2022-03-15T14:00:00Z,205.19,2026.25
2022-03-15T14:30:00Z,212.54,2024.9
2022-03-15T15:00:00Z,218.08,1786.4
2022-03-15T15:30:00Z,226.11999999999998,1695.8
2022-03-15T16:00:00Z,248.62,1897.05
2022-03-15T16:30:00Z,262.22,1934.9
2022-03-15T17:00:00Z,275.98,1761.7
2022-03-15T17:30:00Z,305.24,2272.3
2022-03-15T18:00:00Z,289.56,2310.7
2022-03-15T18:30:00Z,315.18,2063.5
2022-03-15T19:00:00Z,267.05,1975.65
2022-03-15T19:30:00Z,225.41,2101.55
2022-03-15T20:00:00Z,238.62,1698.15
2022-03-15T20:30:00Z,224.24,1636.8
2022-03-15T21:00:00Z,200.0,1292.25
2022-03-15T21:30:00Z,195.01,1667.4
2022-03-15T22:00:00Z,190.2,1935.8
2022-03-15T22:30:00Z,192.61,2194.65
2022-03-15T23:00:00Z,172.32,919.95
2022-03-15T23:30:00Z,208.03,1184.1
2022-03-16T00:00:00Z,187.12,1041.55
2022-03-16T00:30:00Z,183.86,1080.75
2022-03-16T01:00:00Z,184.32,883.85
2022-03-16T01:30:00Z,191.43,972.55
2022-03-16T02:00:00Z,187.82,975.05
2022-03-16T02:30:00Z,196.84,966.95
2022-03-16T03:00:00Z,205.94,1176.95
2022-03-16T03:30:00Z,203.34,1175.0
2022-03-16T04:00:00Z,204.1,1375.4
2022-03-16T04:30:00Z,211.19,1294.55
2022-03-16T05:00:00Z,236.42,1044.75
2022-03-16T05:30:00Z,217.4,1131.95
2022-03-16T06:00:00Z,219.88,1068.35
2022-03-16T06:30:00Z,237.55,1435.05
2022-03-16T07:00:00Z,203.47000000000003,1626.7
2022-03-16T07:30:00Z,256.47,1385.3
2022-03-16T08:00:00Z,224.58000000000004,1223.25
2022-03-16T08:30:00Z,246.1,1652.2
2022-03-16T09:00:00Z,246.9,1167.1
2022-03-16T09:30:00Z,266.4,1532.9
2022-03-16T10:00:00Z,274.37,1528.25
2022-03-16T10:30:00Z,279.35,1836.35
2022-03-16T11:00:00Z,278.44,1970.85
2022-03-16T11:30:00Z,275.02,1973.95
2022-03-16T12:00:00Z,277.67,1889.45
2022-03-16T12:30:00Z,278.11,2044.0
2022-03-16T13:00:00Z,268.03,1955.45
2022-03-16T13:30:00Z,251.34,1940.45
2022-03-16T14:00:00Z,269.1,2208.45
2022-03-16T14:30:00Z,255.25,1925.3
2022-03-16T15:00:00Z,239.13,1938.55
2022-03-16T15:30:00Z,264.36,1975.15
2022-03-16T16:00:00Z,277.09,2320.8
2022-03-16T16:30:00Z,281.06,2262.65
2022-03-16T17:00:00Z,266.83,2018.9
2022-03-16T17:30:00Z,259.78,2279.75
2022-03-16T18:00:00Z,249.05,2262.65
2022-03-16T18:30:00Z,247.28000000000003,2354.2
2022-03-16T19:00:00Z,229.44,2257.1
2022-03-16T19:30:00Z,214.15,1924.8
2022-03-16T20:00:00Z,206.89,1947.65
2022-03-16T20:30:00Z,202.25,2067.8
2022-03-16T21:00:00Z,193.7,1456.85
2022-03-16T21:30:00Z,193.8,1767.15
2022-03-16T22:00:00Z,193.36,1468.85
2022-03-16T22:30:00Z,188.99,2010.0
2022-03-16T23:00:00Z,176.61,915.75
2022-03-16T23:30:00Z,177.29,804.3
2022-03-17T00:00:00Z,179.68,948.5
2022-03-17T00:30:00Z,197.26,831.25
2022-03-17T01:00:00Z,181.89,785.4
2022-03-17T01:30:00Z,178.43,635.4
2022-03-17T02:00:00Z,190.54,668.0
2022-03-17T02:30:00Z,184.45,630.3
2022-03-17T03:00:00Z,183.17,578.0
2022-03-17T03:30:00Z,178.34,580.05
2022-03-17T04:00:00Z,178.91,603.4
2022-03-17T04:30:00Z,177.56,538.1
2022-03-17T05:00:00Z,195.72,815.85
2022-03-17T05:30:00Z,198.22,942.9
2022-03-17T06:00:00Z,204.83,1050.55
2022-03-17T06:30:00Z,231.96,1248.85
2022-03-17T07:00:00Z,258.0,1152.7
2022-03-17T07:30:00Z,257.26,1285.0
2022-03-17T08:00:00Z,248.02,1342.9
2022-03-17T08:30:00Z,214.33,1460.5
2022-03-17T09:00:00Z,223.63,2138.3
2022-03-17T09:30:00Z,194.59,1884.75
2022-03-17T10:00:00Z,195.43,2005.45
2022-03-17T10:30:00Z,189.0,2277.05
2022-03-17T11:00:00Z,179.11,1669.5
2022-03-17T11:30:00Z,181.06,1469.55
2022-03-17T12:00:00Z,181.32,1451.45
2022-03-17T12:30:00Z,176.91,1415.4
2022-03-17T13:00:00Z,175.94,1243.45
2022-03-17T13:30:00Z,165.38,1291.35
2022-03-17T14:00:00Z,176.74,1231.45
2022-03-17T14:30:00Z,173.09,1329.65
2022-03-17T15:00:00Z,171.07,1026.8
2022-03-17T15:30:00Z,163.37,921.4
2022-03-17T16:00:00Z,169.02,1340.4
2022-03-17T16:30:00Z,187.54999999999998,1498.9
2022-03-17T17:00:00Z,211.79,1735.5
2022-03-17T17:30:00Z,220.94,1620.3
2022-03-17T18:00:00Z,230.46,2241.45
2022-03-17T18:30:00Z,260.82,2100.4
2022-03-17T19:00:00Z,217.8,1348.3
2022-03-17T19:30:00Z,212.77,1422.8
2022-03-17T20:00:00Z,220.81,1157.3
2022-03-17T20:30:00Z,217.88,1320.5
2022-03-17T21:00:00Z,204.54,1257.0
2022-03-17T21:30:00Z,197.45,1220.4
2022-03-17T22:00:00Z,187.62999999999997,1407.6
2022-03-17T22:30:00Z,193.02000000000004,1396.95
2022-03-17T23:00:00Z,181.63,910.1
2022-03-17T23:30:00Z,181.63,1093.5
2022-03-18T00:00:00Z,175.17,1001.25
2022-03-18T00:30:00Z,185.8,814.65
2022-03-18T01:00:00Z,180.42,820.65
2022-03-18T01:30:00Z,176.17999999999998,915.75
2022-03-18T02:00:00Z,179.88999999999996,787.3
2022-03-18T02:30:00Z,188.44,1191.75
2022-03-18T03:00:00Z,204.77,586.95
2022-03-18T03:30:00Z,202.22,622.1
2022-03-18T04:00:00Z,226.59,503.6
2022-03-18T04:30:00Z,206.39,585.35
2022-03-18T05:00:00Z,222.34,778.4
2022-03-18T05:30:00Z,211.47,926.6
2022-03-18T06:00:00Z,203.02,751.95
2022-03-18T06:30:00Z,245.07,832.6
2022-03-18T07:00:00Z,226.98,779.6
2022-03-18T07:30:00Z,248.47,994.25
2022-03-18T08:00:00Z,225.79000000000002,1288.0
2022-03-18T08:30:00Z,208.4,1038.15
2022-03-18T09:00:00Z,200.26,1168.5
2022-03-18T09:30:00Z,177.49,1114.25
2022-03-18T10:00:00Z,176.97,1135.4
2022-03-18T10:30:00Z,168.77,1333.95
2022-03-18T11:00:00Z,172.03,1216.9
2022-03-18T11:30:00Z,179.13,1269.4
2022-03-18T12:00:00Z,173.37,1294.1
2022-03-18T12:30:00Z,169.4,1448.15
2022-03-18T13:00:00Z,167.59,1410.65
2022-03-18T13:30:00Z,164.3,1269.4
2022-03-18T14:00:00Z,164.64,1448.75
2022-03-18T14:30:00Z,156.68,1695.05
2022-03-18T15:00:00Z,171.35,1155.3
2022-03-18T15:30:00Z,175.35,1394.7
2022-03-18T16:00:00Z,183.22,1253.15
2022-03-18T16:30:00Z,215.55999999999997,1291.25
2022-03-18T17:00:00Z,228.2,1322.8
2022-03-18T17:30:00Z,248.35,1531.8
2022-03-18T18:00:00Z,234.61999999999998,1403.0
2022-03-18T18:30:00Z,253.33,1742.65
2022-03-18T19:00:00Z,250.03,979.15
2022-03-18T19:30:00Z,220.35999999999999,791.3
2022-03-18T20:00:00Z,194.36,672.6
2022-03-18T20:30:00Z,179.25,626.85
2022-03-18T21:00:00Z,164.14,744.05
2022-03-18T21:30:00Z,148.74,816.95
2022-03-18T22:00:00Z,169.45,877.5
2022-03-18T22:30:00Z,148.66,972.55
2022-03-18T23:00:00Z,117.08,433.6
2022-03-18T23:30:00Z,76.68,459.75
2022-03-19T00:00:00Z,90.62,394.05
2022-03-19T00:30:00Z,114.33,535.15
2022-03-19T01:00:00Z,86.5,720.1
2022-03-19T01:30:00Z,85.22,624.25
2022-03-19T02:00:00Z,90.48,822.0
2022-03-19T02:30:00Z,82.16,715.1
2022-03-19T03:00:00Z,88.37,886.85
2022-03-19T03:30:00Z,87.51,836.4
2022-03-19T04:00:00Z,93.64,827.5
2022-03-19T04:30:00Z,91.52,968.3
2022-03-19T05:00:00Z,67.72,505.85
2022-03-19T05:30:00Z,92.16,683.9
2022-03-19T06:00:00Z,84.82,812.85
2022-03-19T06:30:00Z,100.29,1038.75
2022-03-19T07:00:00Z,124.2,921.7
2022-03-19T07:30:00Z,158.49,1306.4
2022-03-19T08:00:00Z,166.56,1285.9
2022-03-19T08:30:00Z,180.81,1098.6
2022-03-19T09:00:00Z,191.51,1238.05
2022-03-19T09:30:00Z,176.5,1288.05
2022-03-19T10:00:00Z,128.16,1419.75
2022-03-19T10:30:00Z,90.6,1230.1
2022-03-19T11:00:00Z,30.320000000000004,1418.25
2022-03-19T11:30:00Z,12.489999999999998,1328.25
2022-03-19T12:00:00Z,5.85,1510.75
2022-03-19T12:30:00Z,-6.26,1534.65
2022-03-19T13:00:00Z,-22.0,1467.05
2022-03-19T13:30:00Z,-29.98,1246.45
2022-03-19T14:00:00Z,-33.97,1272.05
2022-03-19T14:30:00Z,-48.31,1308.3
2022-03-19T15:00:00Z,-22.270000000000003,1554.1
2022-03-19T15:30:00Z,-18.6,1536.7
2022-03-19T16:00:00Z,20.84,1557.75
2022-03-19T16:30:00Z,66.4,1595.6
2022-03-19T17:00:00Z,119.08,1571.85
2022-03-19T17:30:00Z,147.84,1576.65
2022-03-19T18:00:00Z,160.55000000000004,1686.0
2022-03-19T18:30:00Z,170.1,1813.9
2022-03-19T19:00:00Z,189.7,1370.5
2022-03-19T19:30:00Z,167.3,1242.75
2022-03-19T20:00:00Z,179.18,1217.1
2022-03-19T20:30:00Z,127.55,996.35
2022-03-19T21:00:00Z,85.98,1068.0
2022-03-19T21:30:00Z,91.93,969.7
2022-03-19T22:00:00Z,93.68,1168.2
2022-03-19T22:30:00Z,91.3,1237.9
2022-03-19T23:00:00Z,43.269999999999996,430.25
2022-03-19T23:30:00Z,22.91,452.2
2022-03-20T00:00:00Z,-16.95,665.2
2022-03-20T00:30:00Z,33.13,363.85
2022-03-20T01:00:00Z,45.64,545.4
2022-03-20T01:30:00Z,39.42,543.15
2022-03-20T02:00:00Z,56.48,462.65
2022-03-20T02:30:00Z,69.38,442.85
2022-03-20T03:00:00Z,68.41,402.05
2022-03-20T03:30:00Z,58.85999999999999,423.15
2022-03-20T04:00:00Z,40.68,439.15
2022-03-20T04:30:00Z,30.0,414.25
2022-03-20T05:00:00Z,33.78,564.55
2022-03-20T05:30:00Z,95.97,712.7
2022-03-20T06:00:00Z,112.36,666.5
2022-03-20T06:30:00Z,119.42,1046.1
2022-03-20T07:00:00Z,143.09,1073.3
2022-03-20T07:30:00Z,156.99,968.5
2022-03-20T08:00:00Z,109.18000000000002,907.45
2022-03-20T08:30:00Z,118.5,1059.75
2022-03-20T09:00:00Z,173.52,1285.55
2022-03-20T09:30:00Z,169.92,1353.25
2022-03-20T10:00:00Z,169.69,1238.8
2022-03-20T10:30:00Z,172.01,1333.25
2022-03-20T11:00:00Z,158.25,1424.7
2022-03-20T11:30:00Z,150.32,1341.25
2022-03-20T12:00:00Z,145.08,1389.7
2022-03-20T12:30:00Z,143.12,1401.65
2022-03-20T13:00:00Z,127.03,1255.6
2022-03-20T13:30:00Z,146.72,1329.55
2022-03-20T14:00:00Z,169.03,1848.0
2022-03-20T14:30:00Z,187.81999999999996,1881.5
2022-03-20T15:00:00Z,179.43000000000004,1650.4
2022-03-20T15:30:00Z,182.8,1667.3
2022-03-20T16:00:00Z,200.06,1633.15
2022-03-20T16:30:00Z,221.87,1815.35
2022-03-20T17:00:00Z,243.65,1287.55
2022-03-20T17:30:00Z,255.36,1231.95
2022-03-20T18:00:00Z,268.73,1239.65
2022-03-20T18:30:00Z,270.09,1484.3
2022-03-20T19:00:00Z,249.06,1234.8
2022-03-20T19:30:00Z,234.61,1098.9
2022-03-20T20:00:00Z,235.69,1069.6
2022-03-20T20:30:00Z,195.9,955.55
2022-03-20T21:00:00Z,207.47,970.85
2022-03-20T21:30:00Z,181.7,801.45
2022-03-20T22:00:00Z,180.2,1051.25
2022-03-20T22:30:00Z,189.99000000000004,997.5
2022-03-20T23:00:00Z,172.38,432.7
2022-03-20T23:30:00Z,186.73,711.4
2022-03-21T00:00:00Z,178.16000000000003,384.3
2022-03-21T00:30:00Z,198.23,304.4
2022-03-21T01:00:00Z,205.95,314.2
2022-03-21T01:30:00Z,213.31999999999996,326.65
2022-03-21T02:00:00Z,199.29,240.75
2022-03-21T02:30:00Z,195.54,328.95
2022-03-21T03:00:00Z,196.41,277.2
2022-03-21T03:30:00Z,180.3,479.2
2022-03-21T04:00:00Z,206.95000000000002,472.7
2022-03-21T04:30:00Z,183.41,877.75
2022-03-21T05:00:00Z,218.81,476.9
2022-03-21T05:30:00Z,233.45,530.75
2022-03-21T06:00:00Z,231.02999999999997,601.3
2022-03-21T06:30:00Z,271.91,716.8
2022-03-21T07:00:00Z,284.44,885.5
2022-03-21T07:30:00Z,272.51,794.25
2022-03-21T08:00:00Z,249.26,752.8
2022-03-21T08:30:00Z,243.65,1157.05
2022-03-21T09:00:00Z,238.2,924.5
2022-03-21T09:30:00Z,232.53,946.75
2022-03-21T10:00:00Z,223.76,1083.3
2022-03-21T10:30:00Z,202.22,1261.95
2022-03-21T11:00:00Z,194.5,1509.75
2022-03-21T11:30:00Z,196.55,1350.25
2022-03-21T12:00:00Z,194.47,1328.1
2022-03-21T12:30:00Z,191.0,1310.2
2022-03-21T13:00:00Z,172.67,1571.35
2022-03-21T13:30:00Z,174.15999999999997,1749.6
2022-03-21T14:00:00Z,193.18,1758.6
2022-03-21T14:30:00Z,181.7,1879.35
2022-03-21T15:00:00Z,190.85,1064.65
2022-03-21T15:30:00Z,201.94,921.65
2022-03-21T16:00:00Z,211.32,1199.25
2022-03-21T16:30:00Z,238.83,1284.1
2022-03-21T17:00:00Z,253.03999999999996,1540.6
2022-03-21T17:30:00Z,251.94,1735.25
2022-03-21T18:00:00Z,255.82000000000002,1944.15
2022-03-21T18:30:00Z,264.31,1992.1
2022-03-21T19:00:00Z,234.7,1163.75
2022-03-21T19:30:00Z,223.34,1181.6
2022-03-21T20:00:00Z,224.22,1186.15
2022-03-21T20:30:00Z,208.33,1119.6
2022-03-21T21:00:00Z,204.98,1211.85
2022-03-21T21:30:00Z,216.25999999999996,1325.2
2022-03-21T22:00:00Z,207.24,1466.25
2022-03-21T22:30:00Z,198.45999999999998,1624.3
2022-03-21T23:00:00Z,175.65,1145.35
2022-03-21T23:30:00Z,179.18,682.3
2022-03-22T00:00:00Z,175.19,882.5
2022-03-22T00:30:00Z,179.15,1011.65
2022-03-22T01:00:00Z,176.8,1016.15
2022-03-22T01:30:00Z,177.42,838.85
2022-03-22T02:00:00Z,179.43,794.45
2022-03-22T02:30:00Z,175.73,810.05
2022-03-22T03:00:00Z,179.01,809.25
2022-03-22T03:30:00Z,168.87,1211.0
2022-03-22T04:00:00Z,174.08,1071.15
2022-03-22T04:30:00Z,181.54,1091.35
2022-03-22T05:00:00Z,243.11,807.0
2022-03-22T05:30:00Z,252.1,829.15
2022-03-22T06:00:00Z,255.36,1156.25
2022-03-22T06:30:00Z,282.94,1254.7
2022-03-22T07:00:00Z,220.12000000000003,1231.45
2022-03-22T07:30:00Z,236.85,1122.55
2022-03-22T08:00:00Z,221.3,1091.75
2022-03-22T08:30:00Z,214.21,1021.75
2022-03-22T09:00:00Z,195.46,1096.35
2022-03-22T09:30:00Z,176.49,1111.65
2022-03-22T10:00:00Z,181.81,1372.55
2022-03-22T10:30:00Z,177.79,1395.85
2022-03-22T11:00:00Z,171.06,1056.9
2022-03-22T11:30:00Z,167.01,1149.0
2022-03-22T12:00:00Z,164.68,993.1
2022-03-22T12:30:00Z,163.12,970.75
2022-03-22T13:00:00Z,167.13,1197.15
2022-03-22T13:30:00Z,165.87,1271.15
2022-03-22T14:00:00Z,173.73,1451.65
2022-03-22T14:30:00Z,167.56,1423.65
2022-03-22T15:00:00Z,199.03,1236.15
2022-03-22T15:30:00Z,202.47,1489.1
2022-03-22T16:00:00Z,218.47,1651.6
2022-03-22T16:30:00Z,235.43,1264.4
2022-03-22T17:00:00Z,256.03,1496.95
2022-03-22T17:30:00Z,282.15,1692.45
2022-03-22T18:00:00Z,272.13,1820.7
2022-03-22T18:30:00Z,274.71,1554.65
2022-03-22T19:00:00Z,255.37,1683.6
2022-03-22T19:30:00Z,254.27,1596.95
2022-03-22T20:00:00Z,251.2,1946.75
2022-03-22T20:30:00Z,214.79,1541.7
2022-03-22T21:00:00Z,215.61,1140.05
2022-03-22T21:30:00Z,207.56,1431.0
2022-03-22T22:00:00Z,196.35,1622.65
2022-03-22T22:30:00Z,204.3,1825.35
2022-03-22T23:00:00Z,192.31,1217.9
2022-03-22T23:30:00Z,200.17,1062.3
2022-03-23T00:00:00Z,184.75,821.3
2022-03-23T00:30:00Z,182.72,826.7
2022-03-23T01:00:00Z,182.96000000000004,875.25
2022-03-23T01:30:00Z,177.67,946.35
2022-03-23T02:00:00Z,183.76,1025.55
2022-03-23T02:30:00Z,188.75,930.6
2022-03-23T03:00:00Z,214.66,1118.95
2022-03-23T03:30:00Z,206.73999999999998,853.1
2022-03-23T04:00:00Z,204.65,901.15
2022-03-23T04:30:00Z,193.33,1121.25
2022-03-23T05:00:00Z,243.95000000000002,847.3
2022-03-23T05:30:00Z,247.15000000000003,1136.55
2022-03-23T06:00:00Z,248.84,1162.85
2022-03-23T06:30:00Z,269.07,1051.4
2022-03-23T07:00:00Z,239.49999999999997,1236.6
2022-03-23T07:30:00Z,258.79,1293.75
2022-03-23T08:00:00Z,243.48000000000002,1098.15
2022-03-23T08:30:00Z,218.30000000000004,1306.35
2022-03-23T09:00:00Z,225.34,1062.7
2022-03-23T09:30:00Z,201.17,1181.1
2022-03-23T10:00:00Z,216.48,1345.7
2022-03-23T10:30:00Z,206.65,1189.55
2022-03-23T11:00:00Z,202.14,1167.1
2022-03-23T11:30:00Z,190.32,1124.4
2022-03-23T12:00:00Z,178.83,1134.85
2022-03-23T12:30:00Z,177.14,1022.6
2022-03-23T13:00:00Z,174.08,1324.85
2022-03-23T13:30:00Z,170.08,1145.5
2022-03-23T14:00:00Z,174.91,1188.3
2022-03-23T14:30:00Z,179.4,1223.55
2022-03-23T15:00:00Z,200.95,995.4
2022-03-23T15:30:00Z,211.02,988.95
2022-03-23T16:00:00Z,228.19,980.85
2022-03-23T16:30:00Z,262.66,1079.2
2022-03-23T17:00:00Z,257.36,1218.65
2022-03-23T17:30:00Z,265.76,1089.35
2022-03-23T18:00:00Z,276.93,1123.75
2022-03-23T18:30:00Z,299.76,1148.5
2022-03-23T19:00:00Z,254.35,788.9
2022-03-23T19:30:00Z,233.01,896.25
2022-03-23T20:00:00Z,306.01,869.9
2022-03-23T20:30:00Z,241.38000000000002,733.3
2022-03-23T21:00:00Z,231.12,713.45
2022-03-23T21:30:00Z,219.66,669.15
2022-03-23T22:00:00Z,228.95000000000002,713.0
2022-03-23T22:30:00Z,220.80999999999997,785.85
2022-03-23T23:00:00Z,189.65,558.25
2022-03-23T23:30:00Z,177.21,333.1
2022-03-24T00:00:00Z,178.88,358.45
2022-03-24T00:30:00Z,179.87999999999997,449.6
2022-03-24T01:00:00Z,189.0,483.9
2022-03-24T01:30:00Z,178.83,423.9
2022-03-24T02:00:00Z,183.18,462.95
2022-03-24T02:30:00Z,180.24,630.85
2022-03-24T03:00:00Z,198.72,370.3
2022-03-24T03:30:00Z,179.74,384.45
2022-03-24T04:00:00Z,196.12000000000003,710.9
2022-03-24T04:30:00Z,196.75,404.75
2022-03-24T05:00:00Z,206.36,438.15
2022-03-24T05:30:00Z,239.5,739.35
2022-03-24T06:00:00Z,224.28,495.05
2022-03-24T06:30:00Z,292.0,690.2
2022-03-24T07:00:00Z,242.08,704.85
2022-03-24T07:30:00Z,263.17,922.15
2022-03-24T08:00:00Z,268.65,637.5
2022-03-24T08:30:00Z,222.09999999999997,627.0
2022-03-24T09:00:00Z,206.89,769.15
2022-03-24T09:30:00Z,180.84,542.55
2022-03-24T10:00:00Z,200.73000000000002,684.0
2022-03-24T10:30:00Z,201.95999999999998,460.25
2022-03-24T11:00:00Z,210.04,624.45
2022-03-24T11:30:00Z,209.13,757.45
2022-03-24T12:00:00Z,188.46,768.55
2022-03-24T12:30:00Z,186.40000000000003,735.35
2022-03-24T13:00:00Z,217.36,842.7
2022-03-24T13:30:00Z,207.38,924.65
2022-03-24T14:00:00Z,213.1,983.4
2022-03-24T14:30:00Z,229.68,801.9
2022-03-24T15:00:00Z,233.06,732.8
2022-03-24T15:30:00Z,220.30000000000004,839.7
2022-03-24T16:00:00Z,272.91,1215.4
2022-03-24T16:30:00Z,320.5,1242.15
2022-03-24T17:00:00Z,272.11,1908.1
2022-03-24T17:30:00Z,274.75,1624.15
2022-03-24T18:00:00Z,298.68,1332.55
2022-03-24T18:30:00Z,338.33,1416.05
2022-03-24T19:00:00Z,292.71,1475.75
2022-03-24T19:30:00Z,268.09,1099.6
2022-03-24T20:00:00Z,266.74,1003.7
2022-03-24T20:30:00Z,214.65,1055.1
2022-03-24T21:00:00Z,229.74,912.0
2022-03-24T21:30:00Z,219.76,1002.75
2022-03-24T22:00:00Z,208.67,695.75
2022-03-24T22:30:00Z,200.95,940.0
2022-03-24T23:00:00Z,229.07,779.6
2022-03-24T23:30:00Z,208.52999999999997,853.75
2022-03-25T00:00:00Z,201.5,820.05
2022-03-25T00:30:00Z,199.8,758.1
2022-03-25T01:00:00Z,193.38,657.3
2022-03-25T01:30:00Z,195.48,1066.65
2022-03-25T02:00:00Z,191.15999999999997,762.85
2022-03-25T02:30:00Z,183.97999999999996,818.2
2022-03-25T03:00:00Z,187.73,930.55
2022-03-25T03:30:00Z,186.08,750.2
2022-03-25T04:00:00Z,192.24,909.6
2022-03-25T04:30:00Z,184.73,813.25
2022-03-25T05:00:00Z,210.73,815.4
2022-03-25T05:30:00Z,248.7,823.05
2022-03-25T06:00:00Z,214.96,833.3
2022-03-25T06:30:00Z,270.23,989.8
2022-03-25T07:00:00Z,295.73,909.25
2022-03-25T07:30:00Z,305.61,1253.7
2022-03-25T08:00:00Z,296.4,1056.65
2022-03-25T08:30:00Z,282.55,1142.1
2022-03-25T09:00:00Z,261.52,1082.15
2022-03-25T09:30:00Z,236.75,1031.05
2022-03-25T10:00:00Z,245.2,917.05
2022-03-25T10:30:00Z,226.4,1053.85
2022-03-25T11:00:00Z,211.69,872.9
2022-03-25T11:30:00Z,196.29,837.65
2022-03-25T12:00:00Z,204.72,845.05
2022-03-25T12:30:00Z,198.98,710.05
2022-03-25T13:00:00Z,192.74,1025.35
2022-03-25T13:30:00Z,190.49,909.7
2022-03-25T14:00:00Z,188.38,889.9
2022-03-25T14:30:00Z,190.8,932.45
2022-03-25T15:00:00Z,191.25,784.3
2022-03-25T15:30:00Z,184.28,905.8
2022-03-25T16:00:00Z,197.85,1074.35
2022-03-25T16:30:00Z,219.50000000000003,1351.9
2022-03-25T17:00:00Z,221.07,1343.5
2022-03-25T17:30:00Z,238.23000000000002,1449.55
2022-03-25T18:00:00Z,239.85,1353.15
2022-03-25T18:30:00Z,247.5,1620.8
2022-03-25T19:00:00Z,246.39,1295.8
2022-03-25T19:30:00Z,264.38,1463.0
2022-03-25T20:00:00Z,261.43,1372.95
2022-03-25T20:30:00Z,220.09999999999997,1202.6
2022-03-25T21:00:00Z,225.85,1307.1
2022-03-25T21:30:00Z,214.88,1133.7
2022-03-25T22:00:00Z,214.38,1536.5
2022-03-25T22:30:00Z,227.60999999999999,1507.4
2022-03-25T23:00:00Z,202.22,714.4
2022-03-25T23:30:00Z,249.52999999999997,365.45
2022-03-26T00:00:00Z,244.14,420.8
2022-03-26T00:30:00Z,245.86,518.05
2022-03-26T01:00:00Z,224.87000000000003,354.75
2022-03-26T01:30:00Z,193.24,431.25
2022-03-26T02:00:00Z,212.85,573.0
2022-03-26T02:30:00Z,187.26,618.7
2022-03-26T03:00:00Z,209.41,406.85
2022-03-26T03:30:00Z,205.17,491.5
2022-03-26T04:00:00Z,222.38000000000002,390.35
2022-03-26T04:30:00Z,208.03,567.1
2022-03-26T05:00:00Z,189.14,548.25
2022-03-26T05:30:00Z,194.84,831.9
2022-03-26T06:00:00Z,203.69,882.5
2022-03-26T06:30:00Z,223.84,675.15
2022-03-26T07:00:00Z,211.97,768.1
2022-03-26T07:30:00Z,220.20000000000002,719.45
2022-03-26T08:00:00Z,200.54,778.85
2022-03-26T08:30:00Z,209.28,931.25
2022-03-26T09:00:00Z,223.22,850.85
2022-03-26T09:30:00Z,203.59,1058.7
2022-03-26T10:00:00Z,202.26,958.2
2022-03-26T10:30:00Z,184.02,889.0
2022-03-26T11:00:00Z,171.14,1121.15
2022-03-26T11:30:00Z,158.17,1124.9
2022-03-26T12:00:00Z,180.22999999999996,1497.2
2022-03-26T12:30:00Z,173.75,1548.4
2022-03-26T13:00:00Z,147.5,907.75
2022-03-26T13:30:00Z,158.33,1039.0
2022-03-26T14:00:00Z,159.94,981.15
2022-03-26T14:30:00Z,163.35,1087.1
2022-03-26T15:00:00Z,155.68,662.2
2022-03-26T15:30:00Z,149.36,670.6
2022-03-26T16:00:00Z,173.43,886.8
2022-03-26T16:30:00Z,185.25,794.2
2022-03-26T17:00:00Z,222.52,735.1
2022-03-26T17:30:00Z,244.38,802.65
2022-03-26T18:00:00Z,199.04,802.2
2022-03-26T18:30:00Z,212.45,969.2
2022-03-26T19:00:00Z,212.93,866.8
2022-03-26T19:30:00Z,196.82,624.15
2022-03-26T20:00:00Z,197.59,821.1
2022-03-26T20:30:00Z,191.67,698.4
2022-03-26T21:00:00Z,186.46,954.55
2022-03-26T21:30:00Z,177.94,845.7
2022-03-26T22:00:00Z,178.45,930.3
2022-03-26T22:30:00Z,188.04,1095.65
2022-03-26T23:00:00Z,174.78,487.35
2022-03-26T23:30:00Z,169.03,506.6
2022-03-27T00:00:00Z,172.72,346.0
2022-03-27T00:30:00Z,195.77,384.8
2022-03-27T01:00:00Z,182.05999999999997,445.4
2022-03-27T01:30:00Z,158.26,193.55
2022-03-27T02:00:00Z,153.39,376.3
2022-03-27T02:30:00Z,144.04,337.5
2022-03-27T03:00:00Z,156.17,463.6
2022-03-27T03:30:00Z,144.44,487.3
2022-03-27T04:00:00Z,148.62,532.75
2022-03-27T04:30:00Z,140.42,533.35
2022-03-27T05:00:00Z,161.83,532.4
2022-03-27T05:30:00Z,193.43,840.1
2022-03-27T06:00:00Z,171.78,620.35
2022-03-27T06:30:00Z,148.55,687.1
2022-03-27T07:00:00Z,159.94,719.95
2022-03-27T07:30:00Z,174.47,970.05
2022-03-27T08:00:00Z,204.04,871.8
2022-03-27T08:30:00Z,237.07,936.8
2022-03-27T09:00:00Z,215.49,925.9
2022-03-27T09:30:00Z,225.07,1117.65
2022-03-27T10:00:00Z,213.56,873.8
2022-03-27T10:30:00Z,208.3,687.15
2022-03-27T11:00:00Z,207.66,871.25
2022-03-27T11:30:00Z,186.84,783.9
2022-03-27T12:00:00Z,163.8,1134.15
2022-03-27T12:30:00Z,171.1,954.65
2022-03-27T13:00:00Z,172.46,1086.25
2022-03-27T13:30:00Z,175.35,1008.5
2022-03-27T14:00:00Z,152.28,810.5
2022-03-27T14:30:00Z,154.01,626.0
2022-03-27T15:00:00Z,159.93,1001.25
2022-03-27T15:30:00Z,157.19,1069.55
2022-03-27T16:00:00Z,176.81000000000003,943.45
2022-03-27T16:30:00Z,189.88,723.0
2022-03-27T17:00:00Z,201.3,1108.45
2022-03-27T17:30:00Z,210.96,1083.65
2022-03-27T18:00:00Z,207.38999999999996,697.2
2022-03-27T18:30:00Z,236.42,736.75
2022-03-27T19:00:00Z,237.56000000000003,722.9
2022-03-27T19:30:00Z,219.40000000000003,736.55
2022-03-27T20:00:00Z,210.58,866.3
2022-03-27T20:30:00Z,173.71,694.15
2022-03-27T21:00:00Z,176.83,930.6
2022-03-27T21:30:00Z,174.24,1089.2
2022-03-27T22:00:00Z,175.06,946.0
2022-03-27T22:30:00Z,176.44,770.45
2022-03-27T23:00:00Z,193.33,724.65
2022-03-27T23:30:00Z,183.28,642.0
2022-03-28T00:00:00Z,171.8,454.05
2022-03-28T00:30:00Z,182.38,555.35
2022-03-28T01:00:00Z,175.78,544.2
2022-03-28T01:30:00Z,174.83,538.8
2022-03-28T02:00:00Z,185.77,707.0
2022-03-28T02:30:00Z,168.47,730.2
2022-03-28T03:00:00Z,174.97,679.1
2022-03-28T03:30:00Z,157.69,632.6
2022-03-28T04:00:00Z,192.13,691.1
2022-03-28T04:30:00Z,166.63,761.0
2022-03-28T05:00:00Z,208.54,1088.15
2022-03-28T05:30:00Z,262.61,1060.05
2022-03-28T06:00:00Z,274.15,1093.8
2022-03-28T06:30:00Z,291.16,1183.1
2022-03-28T07:00:00Z,249.31,1234.55
2022-03-28T07:30:00Z,252.96,1058.9
2022-03-28T08:00:00Z,233.75,894.75
2022-03-28T08:30:00Z,212.4,987.75
2022-03-28T09:00:00Z,210.77,1028.2
2022-03-28T09:30:00Z,184.3,871.3
2022-03-28T10:00:00Z,166.67,1071.4
2022-03-28T10:30:00Z,174.03,1135.75
2022-03-28T11:00:00Z,179.54,1140.0
2022-03-28T11:30:00Z,169.89,1141.9
2022-03-28T12:00:00Z,170.37,1168.5
2022-03-28T12:30:00Z,175.02999999999997,1514.45
2022-03-28T13:00:00Z,177.54,1290.65
2022-03-28T13:30:00Z,176.11,1388.8
2022-03-28T14:00:00Z,172.69,1172.9
2022-03-28T14:30:00Z,189.05999999999997,1497.2
2022-03-28T15:00:00Z,188.76,1518.8
2022-03-28T15:30:00Z,211.24,1749.5
2022-03-28T16:00:00Z,229.37,2222.75
2022-03-28T16:30:00Z,231.14,1771.3
2022-03-28T17:00:00Z,241.56999999999996,2323.6
2022-03-28T17:30:00Z,247.34,2043.6
2022-03-28T18:00:00Z,244.14,1362.4
2022-03-28T18:30:00Z,243.75000000000003,1488.1
2022-03-28T19:00:00Z,244.75,1354.3
2022-03-28T19:30:00Z,225.23,1375.15
2022-03-28T20:00:00Z,244.14,949.5
2022-03-28T20:30:00Z,207.69,917.25
2022-03-28T21:00:00Z,196.97,672.35
2022-03-28T21:30:00Z,196.2,1392.85
2022-03-28T22:00:00Z,226.57,552.85
2022-03-28T22:30:00Z,228.86,531.45
2022-03-28T23:00:00Z,204.37000000000003,696.55
2022-03-28T23:30:00Z,208.14,700.85
2022-03-29T00:00:00Z,199.4,726.75
2022-03-29T00:30:00Z,202.61000000000004,782.3
2022-03-29T01:00:00Z,196.67999999999998,673.75
2022-03-29T01:30:00Z,187.71,945.8
2022-03-29T02:00:00Z,209.86,549.05
2022-03-29T02:30:00Z,209.23,514.3
2022-03-29T03:00:00Z,211.07,578.7
2022-03-29T03:30:00Z,181.81,283.8
2022-03-29T04:00:00Z,204.64,584.6
2022-03-29T04:30:00Z,186.34,402.95
2022-03-29T05:00:00Z,186.02,582.4
2022-03-29T05:30:00Z,206.87,874.25
2022-03-29T06:00:00Z,246.23,981.95
2022-03-29T06:30:00Z,295.13,1194.0
2022-03-29T07:00:00Z,290.81,1483.9
2022-03-29T07:30:00Z,299.86,1392.9
2022-03-29T08:00:00Z,262.8,1554.3
2022-03-29T08:30:00Z,257.2,1640.15
2022-03-29T09:00:00Z,267.81,1465.15
2022-03-29T09:30:00Z,281.26,1643.65
2022-03-29T10:00:00Z,275.17,1208.5
2022-03-29T10:30:00Z,268.3,1409.15
2022-03-29T11:00:00Z,231.56,1474.55
2022-03-29T11:30:00Z,216.4,1610.05
2022-03-29T12:00:00Z,247.27,1465.5
2022-03-29T12:30:00Z,231.2,1283.4
2022-03-29T13:00:00Z,234.66,1513.1
2022-03-29T13:30:00Z,229.13,1723.45
2022-03-29T14:00:00Z,246.09,979.85
2022-03-29T14:30:00Z,263.29,1145.9
2022-03-29T15:00:00Z,227.93,1420.1
2022-03-29T15:30:00Z,266.3,1593.9
2022-03-29T16:00:00Z,278.24,1938.4
2022-03-29T16:30:00Z,285.44,1968.85
2022-03-29T17:00:00Z,287.17,2028.35
2022-03-29T17:30:00Z,273.2,2101.8
2022-03-29T18:00:00Z,299.17,1478.9
2022-03-29T18:30:00Z,310.2,1452.5
2022-03-29T19:00:00Z,301.43,1603.65
2022-03-29T19:30:00Z,276.67,1243.05
2022-03-29T20:00:00Z,278.07,1237.85
2022-03-29T20:30:00Z,262.66,1078.15
2022-03-29T21:00:00Z,255.79,1073.15
2022-03-29T21:30:00Z,241.94,1387.2
2022-03-29T22:00:00Z,203.77,1050.45
2022-03-29T22:30:00Z,220.13,574.65
2022-03-29T23:00:00Z,219.39,517.4
2022-03-29T23:30:00Z,219.36,676.45
2022-03-30T00:00:00Z,230.83,760.05
2022-03-30T00:30:00Z,227.1,756.95
2022-03-30T01:00:00Z,211.81,893.85
2022-03-30T01:30:00Z,198.99,1510.5
2022-03-30T02:00:00Z,207.48,1074.6
2022-03-30T02:30:00Z,205.37,994.65
2022-03-30T03:00:00Z,236.99,868.95
2022-03-30T03:30:00Z,223.56,954.5
2022-03-30T04:00:00Z,249.50999999999996,992.45
2022-03-30T04:30:00Z,237.37,1511.55
2022-03-30T05:00:00Z,278.08,1117.85
2022-03-30T05:30:00Z,235.56000000000003,1756.85
2022-03-30T06:00:00Z,273.87,1218.45
2022-03-30T06:30:00Z,312.03,991.35
2022-03-30T07:00:00Z,300.38,910.3
2022-03-30T07:30:00Z,289.98,1092.25
2022-03-30T08:00:00Z,276.62,1274.3
2022-03-30T08:30:00Z,275.76,1282.15
2022-03-30T09:00:00Z,277.11,1293.15
2022-03-30T09:30:00Z,253.94000000000003,1182.0
2022-03-30T10:00:00Z,225.49,1313.4
2022-03-30T10:30:00Z,225.44,1276.7
2022-03-30T11:00:00Z,221.51,1943.6
2022-03-30T11:30:00Z,225.53,2043.8
2022-03-30T12:00:00Z,217.11,1850.45
2022-03-30T12:30:00Z,207.92,1888.85
2022-03-30T13:00:00Z,210.06,1924.95
2022-03-30T13:30:00Z,207.6,2101.85
2022-03-30T14:00:00Z,216.68,1968.7
2022-03-30T14:30:00Z,230.58,1908.25
2022-03-30T15:00:00Z,235.18000000000004,2273.25
2022-03-30T15:30:00Z,253.8,2148.85
2022-03-30T16:00:00Z,256.29,1805.5
2022-03-30T16:30:00Z,258.12,1696.65
2022-03-30T17:00:00Z,272.85,1753.1
2022-03-30T17:30:00Z,280.92,2019.2
2022-03-30T18:00:00Z,294.03,1618.95
2022-03-30T18:30:00Z,293.09,1923.55
2022-03-30T19:00:00Z,276.34,1447.2
2022-03-30T19:30:00Z,248.29,1170.0
2022-03-30T20:00:00Z,236.35,1472.25
2022-03-30T20:30:00Z,212.61,1062.4
2022-03-30T21:00:00Z,221.0,782.85
2022-03-30T21:30:00Z,216.65,1587.5
2022-03-30T22:00:00Z,189.09,979.5
2022-03-30T22:30:00Z,186.32,665.55
2022-03-30T23:00:00Z,196.37,920.25
2022-03-30T23:30:00Z,193.14,826.55
2022-03-31T00:00:00Z,182.42,699.05
2022-03-31T00:30:00Z,186.93,900.05
2022-03-31T01:00:00Z,178.35,850.15
2022-03-31T01:30:00Z,175.22,927.0
2022-03-31T02:00:00Z,201.51,1222.35
2022-03-31T02:30:00Z,185.86,1292.15
2022-03-31T03:00:00Z,183.96,1066.55
2022-03-31T03:30:00Z,168.99,1077.65
2022-03-31T04:00:00Z,156.26,1074.05
2022-03-31T04:30:00Z,160.1,848.4
2022-03-31T05:00:00Z,203.0,1564.35
2022-03-31T05:30:00Z,201.04999999999998,1328.4
2022-03-31T06:00:00Z,190.14,912.05
2022-03-31T06:30:00Z,279.65,1125.9
2022-03-31T07:00:00Z,295.65,1054.9
2022-03-31T07:30:00Z,264.66,1271.3
2022-03-31T08:00:00Z,268.52,1117.6
2022-03-31T08:30:00Z,254.38,1249.05
2022-03-31T09:00:00Z,254.16999999999996,1281.45
2022-03-31T09:30:00Z,227.00000000000003,1322.65
2022-03-31T10:00:00Z,215.56,1410.85
2022-03-31T10:30:00Z,225.30999999999997,1690.25
2022-03-31T11:00:00Z,231.41,1407.75
2022-03-31T11:30:00Z,208.98,1524.65
2022-03-31T12:00:00Z,213.13,2260.0
2022-03-31T12:30:00Z,220.15,2019.2
2022-03-31T13:00:00Z,213.56,2032.6
2022-03-31T13:30:00Z,209.45,2212.55
2022-03-31T14:00:00Z,193.71999999999997,1551.15
2022-03-31T14:30:00Z,200.46,1763.7
2022-03-31T15:00:00Z,199.81,1758.1
2022-03-31T15:30:00Z,211.81,1726.95
2022-03-31T16:00:00Z,226.3,1991.45
2022-03-31T16:30:00Z,244.95000000000002,1793.15
2022-03-31T17:00:00Z,239.93,1954.2
2022-03-31T17:30:00Z,250.11,1703.25
2022-03-31T18:00:00Z,275.58,1319.15
2022-03-31T18:30:00Z,276.85,1090.0
2022-03-31T19:00:00Z,260.16,1284.45
2022-03-31T19:30:00Z,257.09,1100.5
2022-03-31T20:00:00Z,270.57,1020.8
2022-03-31T20:30:00Z,260.6,1062.45
2022-03-31T21:00:00Z,249.28,1280.45
2022-03-31T21:30:00Z,233.6,1193.65
2022-03-31T22:00:00Z,247.88,814.1
2022-03-31T22:30:00Z,216.25,747.35
2022-03-31T23:00:00Z,203.92,890.05
2022-03-31T23:30:00Z,200.8,808.35
2022-04-01T00:00:00Z,201.57,757.15
2022-04-01T00:30:00Z,223.5,935.8
2022-04-01T01:00:00Z,201.54,897.5
2022-04-01T01:30:00Z,186.26,1130.35
2022-04-01T02:00:00Z,207.8,938.75
2022-04-01T02:30:00Z,213.42,989.5
2022-04-01T03:00:00Z,216.27,916.65
2022-04-01T03:30:00Z,218.46,977.4
2022-04-01T04:00:00Z,234.2,807.05
2022-04-01T04:30:00Z,237.58,884.0
2022-04-01T05:00:00Z,265.46,1081.85
2022-04-01T05:30:00Z,265.56,1131.0
2022-04-01T06:00:00Z,331.42,1295.75
2022-04-01T06:30:00Z,375.34999999999997,1407.55
2022-04-01T07:00:00Z,377.08,1467.55
2022-04-01T07:30:00Z,389.29,1640.55
2022-04-01T08:00:00Z,352.55000000000007,1715.05
2022-04-01T08:30:00Z,318.8,1873.35
2022-04-01T09:00:00Z,315.65,1625.2
2022-04-01T09:30:00Z,320.48,1296.5
2022-04-01T10:00:00Z,306.38,1385.5
2022-04-01T10:30:00Z,287.66,2173.65
2022-04-01T11:00:00Z,292.41,1495.65
2022-04-01T11:30:00Z,294.8,1541.35
2022-04-01T12:00:00Z,277.16,1738.05
2022-04-01T12:30:00Z,278.14,1804.0
2022-04-01T13:00:00Z,260.1,2108.65
2022-04-01T13:30:00Z,259.5,2163.95
2022-04-01T14:00:00Z,243.22999999999996,1402.15
2022-04-01T14:30:00Z,243.46,1312.5
2022-04-01T15:00:00Z,246.65,1447.7
2022-04-01T15:30:00Z,276.41,1718.25
2022-04-01T16:00:00Z,269.49,1519.05
2022-04-01T16:30:00Z,285.85,1513.55
2022-04-01T17:00:00Z,271.7,1431.25
2022-04-01T17:30:00Z,277.79,1423.1
2022-04-01T18:00:00Z,276.69,1421.35
2022-04-01T18:30:00Z,295.94,1573.45
2022-04-01T19:00:00Z,286.94,1575.6
2022-04-01T19:30:00Z,277.66,1440.2
2022-04-01T20:00:00Z,289.51,1123.7
2022-04-01T20:30:00Z,237.13,861.5
2022-04-01T21:00:00Z,225.60000000000002,766.15
2022-04-01T21:30:00Z,222.62000000000003,902.25
2022-04-01T22:00:00Z,197.7,634.15
2022-04-01T22:30:00Z,217.13,568.75
2022-04-01T23:00:00Z,254.15000000000003,767.05
2022-04-01T23:30:00Z,241.3,930.2
2022-04-02T00:00:00Z,232.27,858.75
2022-04-02T00:30:00Z,238.67,679.9
2022-04-02T01:00:00Z,234.64999999999998,625.05
2022-04-02T01:30:00Z,231.46000000000004,657.9
2022-04-02T02:00:00Z,218.42,694.8
2022-04-02T02:30:00Z,224.98,875.7
2022-04-02T03:00:00Z,231.43,760.4
2022-04-02T03:30:00Z,230.26,828.85
2022-04-02T04:00:00Z,215.74,577.5
2022-04-02T04:30:00Z,202.11,534.05
2022-04-02T05:00:00Z,207.41,629.0
2022-04-02T05:30:00Z,223.64,1006.85
2022-04-02T06:00:00Z,247.8,1305.95
2022-04-02T06:30:00Z,292.99,1084.15
2022-04-02T07:00:00Z,282.55,886.65
2022-04-02T07:30:00Z,286.98,1244.85
2022-04-02T08:00:00Z,275.34,1120.1
2022-04-02T08:30:00Z,273.81,1096.05
2022-04-02T09:00:00Z,285.21,1225.15
2022-04-02T09:30:00Z,265.89,1248.05
2022-04-02T10:00:00Z,238.56,1632.4
2022-04-02T10:30:00Z,244.57,1534.95
2022-04-02T11:00:00Z,244.68,1484.0
2022-04-02T11:30:00Z,238.97000000000003,1548.7
2022-04-02T12:00:00Z,253.36,1763.1
2022-04-02T12:30:00Z,247.72,1799.1
2022-04-02T13:00:00Z,248.51,1619.65
2022-04-02T13:30:00Z,242.71,1948.65
2022-04-02T14:00:00Z,244.59000000000003,1164.45
2022-04-02T14:30:00Z,243.84,1000.4
2022-04-02T15:00:00Z,236.61,1015.0
2022-04-02T15:30:00Z,258.77,1635.6
2022-04-02T16:00:00Z,247.31,1064.2
2022-04-02T16:30:00Z,264.42,1433.65
2022-04-02T17:00:00Z,281.23,1366.7
2022-04-02T17:30:00Z,281.77,1207.9
2022-04-02T18:00:00Z,252.59,591.6
2022-04-02T18:30:00Z,289.81,811.95
2022-04-02T19:00:00Z,307.1,925.95
2022-04-02T19:30:00Z,262.08,776.9
2022-04-02T20:00:00Z,275.7,626.35
2022-04-02T20:30:00Z,234.09,434.25
2022-04-02T21:00:00Z,229.56,490.6
2022-04-02T21:30:00Z,223.07,539.05
2022-04-02T22:00:00Z,204.42000000000002,747.2
2022-04-02T22:30:00Z,246.77,516.9
2022-04-02T23:00:00Z,247.87,458.8
2022-04-02T23:30:00Z,245.69,299.6
2022-04-03T00:00:00Z,242.41,412.5
2022-04-03T00:30:00Z,238.87,278.55
2022-04-03T01:00:00Z,240.97,345.3
2022-04-03T01:30:00Z,237.90000000000003,371.0
2022-04-03T02:00:00Z,220.55,365.45
2022-04-03T02:30:00Z,202.57,491.8
2022-04-03T03:00:00Z,217.32,418.35
2022-04-03T03:30:00Z,205.06,494.55
2022-04-03T04:00:00Z,217.92000000000002,369.5
2022-04-03T04:30:00Z,211.06,381.0
2022-04-03T05:00:00Z,213.1,515.0
2022-04-03T05:30:00Z,201.67,490.8
2022-04-03T06:00:00Z,206.01,779.35
2022-04-03T06:30:00Z,217.62,980.7
2022-04-03T07:00:00Z,238.71,847.8
2022-04-03T07:30:00Z,256.91,796.55
2022-04-03T08:00:00Z,216.57,789.95
2022-04-03T08:30:00Z,219.83999999999997,864.05
2022-04-03T09:00:00Z,226.77,914.0
2022-04-03T09:30:00Z,231.65,976.45
2022-04-03T10:00:00Z,214.91,969.45
2022-04-03T10:30:00Z,201.49,1147.95
2022-04-03T11:00:00Z,210.17000000000002,943.4
2022-04-03T11:30:00Z,202.35,994.95
2022-04-03T12:00:00Z,199.48,1128.45
2022-04-03T12:30:00Z,198.93,1095.15
2022-04-03T13:00:00Z,194.4,1343.25
2022-04-03T13:30:00Z,188.66,1253.1
2022-04-03T14:00:00Z,173.31,1207.7
2022-04-03T14:30:00Z,144.89,1331.25
2022-04-03T15:00:00Z,190.11,1362.05
2022-04-03T15:30:00Z,227.94,1395.95
2022-04-03T16:00:00Z,237.27,1685.85
2022-04-03T16:30:00Z,240.86,2032.8
2022-04-03T17:00:00Z,252.87000000000003,2110.15
2022-04-03T17:30:00Z,234.08,2033.45
2022-04-03T18:00:00Z,237.7,1439.5
2022-04-03T18:30:00Z,218.32,1567.65
2022-04-03T19:00:00Z,211.85999999999999,1272.65
2022-04-03T19:30:00Z,188.62,1928.7
2022-04-03T20:00:00Z,183.91,1663.0
2022-04-03T20:30:00Z,191.74,1304.7
2022-04-03T21:00:00Z,190.71,1541.4
2022-04-03T21:30:00Z,184.92,1778.6
2022-04-03T22:00:00Z,155.11,645.45
2022-04-03T22:30:00Z,160.99,792.1
2022-04-03T23:00:00Z,103.36,532.8
2022-04-03T23:30:00Z,88.48,776.7
2022-04-04T00:00:00Z,71.12,672.2
2022-04-04T00:30:00Z,60.87,917.85
2022-04-04T01:00:00Z,77.68,703.0
2022-04-04T01:30:00Z,43.15,928.7
2022-04-04T02:00:00Z,44.93,728.15
2022-04-04T02:30:00Z,40.7,680.55
2022-04-04T03:00:00Z,39.01,661.05
2022-04-04T03:30:00Z,31.619999999999997,673.65
2022-04-04T04:00:00Z,80.82,560.95
2022-04-04T04:30:00Z,156.79,644.7
2022-04-04T05:00:00Z,119.70999999999998,790.45
2022-04-04T05:30:00Z,129.89,1080.55
2022-04-04T06:00:00Z,180.52,1162.75
2022-04-04T06:30:00Z,198.88,1084.0
2022-04-04T07:00:00Z,203.65,1181.2
2022-04-04T07:30:00Z,196.61999999999998,1478.65
2022-04-04T08:00:00Z,186.24,1237.25
2022-04-04T08:30:00Z,177.3,1250.1
2022-04-04T09:00:00Z,180.65,1221.85
2022-04-04T09:30:00Z,180.88,1198.1
2022-04-04T10:00:00Z,188.45,1177.05
2022-04-04T10:30:00Z,198.46,1136.2
2022-04-04T11:00:00Z,198.78,1146.35
2022-04-04T11:30:00Z,199.73,1146.7
2022-04-04T12:00:00Z,188.89,1344.15
2022-04-04T12:30:00Z,179.55,1199.75
2022-04-04T13:00:00Z,190.3,1328.05
2022-04-04T13:30:00Z,188.61,1247.3
2022-04-04T14:00:00Z,194.98,1091.95
2022-04-04T14:30:00Z,185.45,1317.45
2022-04-04T15:00:00Z,214.14,2132.3
2022-04-04T15:30:00Z,234.06,1652.25
2022-04-04T16:00:00Z,252.06000000000003,1687.6
2022-04-04T16:30:00Z,266.08,1441.0
2022-04-04T17:00:00Z,271.79,1562.8
2022-04-04T17:30:00Z,271.5,1584.9
2022-04-04T18:00:00Z,263.46,1397.3
2022-04-04T18:30:00Z,259.73,1454.35
2022-04-04T19:00:00Z,261.14,1473.55
2022-04-04T19:30:00Z,244.3,1782.0
2022-04-04T20:00:00Z,224.03,1461.6
2022-04-04T20:30:00Z,203.95,1855.1
2022-04-04T21:00:00Z,211.98000000000002,1283.7
2022-04-04T21:30:00Z,235.07,1990.45
2022-04-04T22:00:00Z,226.89,768.1
2022-04-04T22:30:00Z,224.46999999999997,723.55
2022-04-04T23:00:00Z,198.42,663.7
2022-04-04T23:30:00Z,205.66999999999996,696.05
2022-04-05T00:00:00Z,208.62,634.8
2022-04-05T00:30:00Z,212.51999999999998,679.2
2022-04-05T01:00:00Z,204.61,679.8
2022-04-05T01:30:00Z,201.47000000000003,836.0
2022-04-05T02:00:00Z,204.94,872.8
2022-04-05T02:30:00Z,199.6,655.15
2022-04-05T03:00:00Z,208.21,850.5
2022-04-05T03:30:00Z,211.29,966.8
2022-04-05T04:00:00Z,233.09,748.7
2022-04-05T04:30:00Z,215.73,1004.0
2022-04-05T05:00:00Z,244.0,944.75
2022-04-05T05:30:00Z,219.87,1031.6
2022-04-05T06:00:00Z,218.30999999999997,1370.5
2022-04-05T06:30:00Z,239.98,1562.05
2022-04-05T07:00:00Z,250.75,1587.3
2022-04-05T07:30:00Z,246.68,1695.1
2022-04-05T08:00:00Z,242.51,2067.05
2022-04-05T08:30:00Z,217.28,2022.15
2022-04-05T09:00:00Z,199.68,1595.95
2022-04-05T09:30:00Z,198.32,1764.7
2022-04-05T10:00:00Z,154.7,1664.2
2022-04-05T10:30:00Z,156.17,1675.85
2022-04-05T11:00:00Z,158.27,1631.6
2022-04-05T11:30:00Z,160.91,1581.3
2022-04-05T12:00:00Z,156.53,1658.2
2022-04-05T12:30:00Z,149.92,1396.75
2022-04-05T13:00:00Z,149.52,1346.15
2022-04-05T13:30:00Z,146.38,1539.0
2022-04-05T14:00:00Z,150.74,1428.6
2022-04-05T14:30:00Z,163.4,1426.85
2022-04-05T15:00:00Z,166.17,1477.3
2022-04-05T15:30:00Z,177.08,1420.75
2022-04-05T16:00:00Z,199.43,1872.2
2022-04-05T16:30:00Z,208.9,2125.35
2022-04-05T17:00:00Z,212.96,1740.45
2022-04-05T17:30:00Z,216.83,2025.05
2022-04-05T18:00:00Z,214.91,1843.9
2022-04-05T18:30:00Z,220.28,1702.65
2022-04-05T19:00:00Z,202.25,1743.95
2022-04-05T19:30:00Z,178.57,1876.8
2022-04-05T20:00:00Z,160.63,1698.2
2022-04-05T20:30:00Z,164.23,1362.6
2022-04-05T21:00:00Z,160.66,1442.4
2022-04-05T21:30:00Z,153.86,1510.5
2022-04-05T22:00:00Z,167.89,823.9
2022-04-05T22:30:00Z,130.68,892.4
2022-04-05T23:00:00Z,132.1,740.8
2022-04-05T23:30:00Z,153.96,816.7
2022-04-06T00:00:00Z,174.59,1079.0
2022-04-06T00:30:00Z,187.66000000000003,792.15
2022-04-06T01:00:00Z,179.18,1100.9
2022-04-06T01:30:00Z,174.89000000000001,927.7
2022-04-06T02:00:00Z,179.69,821.95
2022-04-06T02:30:00Z,179.04,758.25
2022-04-06T03:00:00Z,179.72,737.25
2022-04-06T03:30:00Z,183.65999999999997,765.6
2022-04-06T04:00:00Z,187.51,865.5
2022-04-06T04:30:00Z,180.12,1051.45
2022-04-06T05:00:00Z,187.48,1071.25
2022-04-06T05:30:00Z,196.7,1305.95
2022-04-06T06:00:00Z,195.62,1061.35
2022-04-06T06:30:00Z,214.62,1163.05
2022-04-06T07:00:00Z,204.28,1114.5
2022-04-06T07:30:00Z,209.96,1399.3
2022-04-06T08:00:00Z,203.8,1311.45
2022-04-06T08:30:00Z,192.04,1247.25
2022-04-06T09:00:00Z,179.39,1216.35
2022-04-06T09:30:00Z,176.49,1088.65
2022-04-06T10:00:00Z,169.04,1256.35
2022-04-06T10:30:00Z,171.2,1332.45
2022-04-06T11:00:00Z,172.43,1723.3
2022-04-06T11:30:00Z,173.93000000000004,1530.3
2022-04-06T12:00:00Z,168.36,1383.85
2022-04-06T12:30:00Z,163.37,1263.1
2022-04-06T13:00:00Z,162.26,1691.95
2022-04-06T13:30:00Z,161.34,1551.4
2022-04-06T14:00:00Z,156.4,804.7
2022-04-06T14:30:00Z,166.28,907.65
2022-04-06T15:00:00Z,166.28,1259.35
2022-04-06T15:30:00Z,182.21,1053.15
2022-04-06T16:00:00Z,186.04,1209.15
2022-04-06T16:30:00Z,199.08,1348.35
2022-04-06T17:00:00Z,226.49,1517.05
2022-04-06T17:30:00Z,227.54,1475.85
2022-04-06T18:00:00Z,245.13,1507.35
2022-04-06T18:30:00Z,246.77999999999997,1548.4
2022-04-06T19:00:00Z,262.58,1649.15
2022-04-06T19:30:00Z,250.8,1909.35
2022-04-06T20:00:00Z,243.35,1839.7
2022-04-06T20:30:00Z,222.76,1444.65
2022-04-06T21:00:00Z,223.71000000000004,1571.45
2022-04-06T21:30:00Z,220.04,1238.8
2022-04-06T22:00:00Z,202.96999999999997,1332.0
2022-04-06T22:30:00Z,186.46,737.25
2022-04-06T23:00:00Z,194.64,840.2
2022-04-06T23:30:00Z,193.1,865.2
2022-04-07T00:00:00Z,187.78,854.3
2022-04-07T00:30:00Z,190.43,975.65
2022-04-07T01:00:00Z,188.42,1004.8
2022-04-07T01:30:00Z,189.75,932.1
2022-04-07T02:00:00Z,188.31,1002.4
2022-04-07T02:30:00Z,187.7,1009.55
2022-04-07T03:00:00Z,193.84,1165.0
2022-04-07T03:30:00Z,187.61,1330.65
2022-04-07T04:00:00Z,180.83,1132.1
2022-04-07T04:30:00Z,191.87,1243.2
2022-04-07T05:00:00Z,195.88,1102.25
2022-04-07T05:30:00Z,202.26,1650.95
2022-04-07T06:00:00Z,202.64,1096.15
2022-04-07T06:30:00Z,219.16,1064.0
2022-04-07T07:00:00Z,213.3,1207.6
2022-04-07T07:30:00Z,200.23,1228.0
2022-04-07T08:00:00Z,177.76,1121.25
2022-04-07T08:30:00Z,171.25,1273.1
2022-04-07T09:00:00Z,173.15,1396.55
2022-04-07T09:30:00Z,171.79,1690.75
2022-04-07T10:00:00Z,174.92,1577.9
2022-04-07T10:30:00Z,176.46,1583.75
2022-04-07T11:00:00Z,177.99,1897.3
2022-04-07T11:30:00Z,185.78,1958.85
2022-04-07T12:00:00Z,180.72,2075.2
2022-04-07T12:30:00Z,173.86,1828.2
2022-04-07T13:00:00Z,164.32,2018.45
2022-04-07T13:30:00Z,165.1,2344.25
2022-04-07T14:00:00Z,168.44,1970.75
2022-04-07T14:30:00Z,178.31,1936.75
2022-04-07T15:00:00Z,172.58,1877.0
2022-04-07T15:30:00Z,171.02,1863.1
2022-04-07T16:00:00Z,209.57,1974.7
2022-04-07T16:30:00Z,212.46,1876.0
2022-04-07T17:00:00Z,199.1,1842.45
2022-04-07T17:30:00Z,220.0,1742.85
2022-04-07T18:00:00Z,237.68,1949.55
2022-04-07T18:30:00Z,233.69,2017.9
2022-04-07T19:00:00Z,240.65,1754.1
2022-04-07T19:30:00Z,232.61999999999998,1777.95
2022-04-07T20:00:00Z,245.74,1796.75
2022-04-07T20:30:00Z,222.68,1322.15
2022-04-07T21:00:00Z,237.17,1307.8
2022-04-07T21:30:00Z,209.69999999999996,1604.75
2022-04-07T22:00:00Z,183.82,791.4
2022-04-07T22:30:00Z,171.56,604.9
2022-04-07T23:00:00Z,147.26,552.2
2022-04-07T23:30:00Z,158.49,682.25
2022-04-08T00:00:00Z,194.73999999999998,766.55
2022-04-08T00:30:00Z,208.77,805.3
2022-04-08T01:00:00Z,198.25,796.6
2022-04-08T01:30:00Z,194.20000000000002,837.1
2022-04-08T02:00:00Z,190.06000000000003,753.95
2022-04-08T02:30:00Z,193.23,700.35
2022-04-08T03:00:00Z,203.03000000000003,878.9
2022-04-08T03:30:00Z,200.23,1093.1
2022-04-08T04:00:00Z,235.56,943.5
2022-04-08T04:30:00Z,205.45,997.9
2022-04-08T05:00:00Z,227.75,1103.55
2022-04-08T05:30:00Z,245.63,1217.3
2022-04-08T06:00:00Z,276.39,970.4
2022-04-08T06:30:00Z,295.21,1375.55
2022-04-08T07:00:00Z,289.52,1689.1
2022-04-08T07:30:00Z,291.51,1491.7
2022-04-08T08:00:00Z,288.87,1625.9
2022-04-08T08:30:00Z,263.89,1933.6
2022-04-08T09:00:00Z,232.56,1944.3
2022-04-08T09:30:00Z,209.93,1827.5
2022-04-08T10:00:00Z,198.69999999999996,1444.45
2022-04-08T10:30:00Z,189.41,1777.8
2022-04-08T11:00:00Z,197.7,2012.7
2022-04-08T11:30:00Z,192.98,1827.7
2022-04-08T12:00:00Z,170.87,1364.55
2022-04-08T12:30:00Z,172.1,1459.15
2022-04-08T13:00:00Z,171.92,1725.5
2022-04-08T13:30:00Z,164.7,1914.6
2022-04-08T14:00:00Z,174.61,1422.65
2022-04-08T14:30:00Z,171.85,1602.4
2022-04-08T15:00:00Z,172.38999999999996,1641.8
2022-04-08T15:30:00Z,183.21,1550.6
2022-04-08T16:00:00Z,183.86,1673.4
2022-04-08T16:30:00Z,188.4,1680.6
2022-04-08T17:00:00Z,200.98,2007.1
2022-04-08T17:30:00Z,211.1,1797.6
2022-04-08T18:00:00Z,211.41,1132.05
2022-04-08T18:30:00Z,227.17000000000002,1365.15
2022-04-08T19:00:00Z,230.47,1424.3
2022-04-08T19:30:00Z,208.88,1245.05
2022-04-08T20:00:00Z,211.95,993.2
2022-04-08T20:30:00Z,196.11,1094.9
2022-04-08T21:00:00Z,193.75,1202.65
2022-04-08T21:30:00Z,190.9,1292.1
2022-04-08T22:00:00Z,195.83,737.65
2022-04-08T22:30:00Z,194.61,614.7
2022-04-08T23:00:00Z,203.69999999999996,772.55
2022-04-08T23:30:00Z,206.07,692.95
2022-04-09T00:00:00Z,197.92,678.6
2022-04-09T00:30:00Z,210.43999999999997,770.65
2022-04-09T01:00:00Z,218.18,795.35
2022-04-09T01:30:00Z,210.72,813.9
2022-04-09T02:00:00Z,213.66,745.4
2022-04-09T02:30:00Z,197.36999999999998,754.2
2022-04-09T03:00:00Z,189.4,773.85
2022-04-09T03:30:00Z,185.31999999999996,720.25
2022-04-09T04:00:00Z,182.43,941.75
2022-04-09T04:30:00Z,181.69,989.95
2022-04-09T05:00:00Z,210.03,1174.8
2022-04-09T05:30:00Z,207.05,1098.2
2022-04-09T06:00:00Z,209.84999999999997,753.25
2022-04-09T06:30:00Z,255.9,973.6
2022-04-09T07:00:00Z,263.72,885.75
2022-04-09T07:30:00Z,261.28,1439.4
2022-04-09T08:00:00Z,235.44,1192.75
2022-04-09T08:30:00Z,213.59,1033.3
2022-04-09T09:00:00Z,199.02,1089.3
2022-04-09T09:30:00Z,196.09,1120.6
2022-04-09T10:00:00Z,199.42,1044.0
2022-04-09T10:30:00Z,220.09,1052.7
2022-04-09T11:00:00Z,194.14,939.4
2022-04-09T11:30:00Z,200.34,1069.2
2022-04-09T12:00:00Z,191.77,1388.7
2022-04-09T12:30:00Z,178.07,1295.75
2022-04-09T13:00:00Z,162.59,1368.85
2022-04-09T13:30:00Z,170.94,1577.1
2022-04-09T14:00:00Z,185.18,1185.05
2022-04-09T14:30:00Z,193.75,1223.9
2022-04-09T15:00:00Z,182.71,898.9
2022-04-09T15:30:00Z,182.53,678.6
2022-04-09T16:00:00Z,197.47,476.5
2022-04-09T16:30:00Z,202.42,262.0
2022-04-09T17:00:00Z,208.76,377.75
2022-04-09T17:30:00Z,210.83,403.45
2022-04-09T18:00:00Z,242.63,47.5
2022-04-09T18:30:00Z,243.31,162.85
2022-04-09T19:00:00Z,252.94000000000003,606.15
2022-04-09T19:30:00Z,250.16,877.15
2022-04-09T20:00:00Z,266.2,968.1
2022-04-09T20:30:00Z,231.67,865.1
2022-04-09T21:00:00Z,244.98999999999998,687.4
2022-04-09T21:30:00Z,197.78,831.3
2022-04-09T22:00:00Z,213.73,561.75
2022-04-09T22:30:00Z,255.78,573.7
2022-04-09T23:00:00Z,262.52,621.8
2022-04-09T23:30:00Z,242.32,793.95
2022-04-10T00:00:00Z,201.66,561.75
2022-04-10T00:30:00Z,212.69,527.25
2022-04-10T01:00:00Z,199.07,594.0
2022-04-10T01:30:00Z,187.26000000000002,726.55
2022-04-10T02:00:00Z,183.32,611.15
2022-04-10T02:30:00Z,190.35,715.25
2022-04-10T03:00:00Z,196.51,687.55
2022-04-10T03:30:00Z,194.26,757.95
2022-04-10T04:00:00Z,192.92,542.65
2022-04-10T04:30:00Z,190.54,489.45
2022-04-10T05:00:00Z,171.05,536.85
2022-04-10T05:30:00Z,188.83,798.5
2022-04-10T06:00:00Z,178.77,657.15
2022-04-10T06:30:00Z,205.95,661.5
2022-04-10T07:00:00Z,181.03,424.55
2022-04-10T07:30:00Z,177.53,375.15
2022-04-10T08:00:00Z,183.68,590.4
2022-04-10T08:30:00Z,177.25,672.05
2022-04-10T09:00:00Z,172.92,816.7
2022-04-10T09:30:00Z,176.72,1077.4
2022-04-10T10:00:00Z,176.03,1318.65
2022-04-10T10:30:00Z,176.85,1148.1
2022-04-10T11:00:00Z,176.26,1261.65
2022-04-10T11:30:00Z,176.5,1245.75
2022-04-10T12:00:00Z,172.2,1237.45
2022-04-10T12:30:00Z,171.22,1353.1
2022-04-10T13:00:00Z,169.94,1563.4
2022-04-10T13:30:00Z,172.49,1311.55
2022-04-10T14:00:00Z,167.5,1102.1
2022-04-10T14:30:00Z,171.62,1147.95
2022-04-10T15:00:00Z,175.12,744.2
2022-04-10T15:30:00Z,170.42,875.1
2022-04-10T16:00:00Z,193.59,957.05
2022-04-10T16:30:00Z,212.21,1158.1
2022-04-10T17:00:00Z,223.79,1036.65
2022-04-10T17:30:00Z,221.14,1088.3
2022-04-10T18:00:00Z,245.78999999999996,1094.5
2022-04-10T18:30:00Z,238.79,902.75
2022-04-10T19:00:00Z,225.27,1102.85
2022-04-10T19:30:00Z,203.23,1016.6
2022-04-10T20:00:00Z,210.14,1107.75
2022-04-10T20:30:00Z,182.79,927.15
2022-04-10T21:00:00Z,184.04,1078.05
2022-04-10T21:30:00Z,187.16,1306.0
2022-04-10T22:00:00Z,160.11,730.0
2022-04-10T22:30:00Z,190.7,602.1
2022-04-10T23:00:00Z,196.83,627.9
2022-04-10T23:30:00Z,170.15,515.75
2022-04-11T00:00:00Z,161.68,714.15
2022-04-11T00:30:00Z,171.07,554.7
2022-04-11T01:00:00Z,175.77,450.8
2022-04-11T01:30:00Z,170.78,563.35
2022-04-11T02:00:00Z,177.08,661.2
2022-04-11T02:30:00Z,157.4,500.6
2022-04-11T03:00:00Z,210.46,521.2
2022-04-11T03:30:00Z,194.64,742.2
2022-04-11T04:00:00Z,252.00000000000003,603.2
2022-04-11T04:30:00Z,235.38,867.4
2022-04-11T05:00:00Z,256.14,1393.9
2022-04-11T05:30:00Z,265.84,1748.55
2022-04-11T06:00:00Z,216.24,1319.7
2022-04-11T06:30:00Z,226.98,1717.7
2022-04-11T07:00:00Z,201.22,1653.65
2022-04-11T07:30:00Z,214.8,2050.9
2022-04-11T08:00:00Z,208.82,1994.8
2022-04-11T08:30:00Z,193.3,2082.7
2022-04-11T09:00:00Z,181.46,1809.0
2022-04-11T09:30:00Z,177.4,2339.7
2022-04-11T10:00:00Z,170.86,2538.6
2022-04-11T10:30:00Z,167.69,2345.1
2022-04-11T11:00:00Z,161.41,2368.85
2022-04-11T11:30:00Z,153.82,2235.8
2022-04-11T12:00:00Z,140.86,2340.65
2022-04-11T12:30:00Z,128.42,2612.75
2022-04-11T13:00:00Z,122.48,2759.45
2022-04-11T13:30:00Z,133.13,2888.05
2022-04-11T14:00:00Z,135.58,2302.7
2022-04-11T14:30:00Z,134.17,1966.05
2022-04-11T15:00:00Z,149.93,1945.9
2022-04-11T15:30:00Z,173.36,2218.0
2022-04-11T16:00:00Z,192.83,2180.95
2022-04-11T16:30:00Z,190.78,2135.8
2022-04-11T17:00:00Z,208.83,2051.2
2022-04-11T17:30:00Z,211.48,1969.5
2022-04-11T18:00:00Z,212.61000000000004,1530.65
2022-04-11T18:30:00Z,211.84000000000003,1416.1
2022-04-11T19:00:00Z,210.93,1507.3
2022-04-11T19:30:00Z,210.9,1555.55
2022-04-11T20:00:00Z,200.23999999999998,1501.9
2022-04-11T20:30:00Z,175.66,1204.85
2022-04-11T21:00:00Z,174.44,1481.95
2022-04-11T21:30:00Z,157.97,1761.3
2022-04-11T22:00:00Z,131.26,1158.25
2022-04-11T22:30:00Z,132.85,1106.8
2022-04-11T23:00:00Z,138.17,806.35
2022-04-11T23:30:00Z,169.92,1037.95
2022-04-12T00:00:00Z,153.75,740.1
2022-04-12T00:30:00Z,192.23,740.95
2022-04-12T01:00:00Z,171.07,658.9
2022-04-12T01:30:00Z,196.99000000000004,743.6
2022-04-12T02:00:00Z,166.32,894.45
2022-04-12T02:30:00Z,187.46,591.5
2022-04-12T03:00:00Z,200.93,703.7
2022-04-12T03:30:00Z,186.81,993.45
2022-04-12T04:00:00Z,243.31,928.3
2022-04-12T04:30:00Z,190.23,885.3
2022-04-12T05:00:00Z,213.53,857.05
2022-04-12T05:30:00Z,191.83,1224.25
2022-04-12T06:00:00Z,201.2,982.05
2022-04-12T06:30:00Z,223.93,1462.5
2022-04-12T07:00:00Z,189.43,1091.25
2022-04-12T07:30:00Z,202.78,1211.1
2022-04-12T08:00:00Z,182.34,1250.4
2022-04-12T08:30:00Z,180.38,1476.25
2022-04-12T09:00:00Z,178.51,1358.55
2022-04-12T09:30:00Z,175.87,1339.25
2022-04-12T10:00:00Z,163.81,1330.15
2022-04-12T10:30:00Z,177.31,1336.05
2022-04-12T11:00:00Z,173.63,1367.2
2022-04-12T11:30:00Z,169.23,1385.6
2022-04-12T12:00:00Z,162.25,1479.0
2022-04-12T12:30:00Z,156.75,1488.4
2022-04-12T13:00:00Z,155.87,1553.2
2022-04-12T13:30:00Z,151.75,2028.75
2022-04-12T14:00:00Z,172.56,2265.85
2022-04-12T14:30:00Z,182.13,2013.4
2022-04-12T15:00:00Z,177.04,1963.7
2022-04-12T15:30:00Z,176.98,2045.95
2022-04-12T16:00:00Z,204.18,1738.9
2022-04-12T16:30:00Z,199.6,2078.25
2022-04-12T17:00:00Z,196.4,2000.4
2022-04-12T17:30:00Z,204.09,2064.95
2022-04-12T18:00:00Z,212.93,1536.9
2022-04-12T18:30:00Z,213.3464639397201,1486.3999999999999
2022-04-12T19:00:00Z,215.958579150869,1331.95
2022-04-12T19:30:00Z,211.81885123712925,1301.4
2022-04-12T20:00:00Z,207.4177589723405,1397.35
2022-04-12T20:30:00Z,195.62298486055778,1255.0
2022-04-12T21:00:00Z,191.26,1079.05
2022-04-12T21:30:00Z,185.81168609044985,1257.05
2022-04-12T22:00:00Z,162.01,204.5
2022-04-12T22:30:00Z,175.85,155.1
2022-04-12T23:00:00Z,200.0,100.0
2022-04-12T23:30:00Z,201.21,122.5
2022-04-13T00:00:00Z,179.79,153.25
2022-04-13T00:30:00Z,204.45317516561394,324.55
2022-04-13T01:00:00Z,209.53,623.35
2022-04-13T01:30:00Z,165.07,688.6
2022-04-13T02:00:00Z,162.06,929.65
2022-04-13T02:30:00Z,167.63,597.1
2022-04-13T03:00:00Z,164.0,896.4
2022-04-13T03:30:00Z,168.19,1349.6
2022-04-13T04:00:00Z,158.35,836.9
2022-04-13T04:30:00Z,149.79,925.4
2022-04-13T05:00:00Z,168.7,630.55
2022-04-13T05:30:00Z,201.97,639.5
2022-04-13T06:00:00Z,219.63,1488.35
2022-04-13T06:30:00Z,242.32,1179.5
2022-04-13T07:00:00Z,229.8,959.3
2022-04-13T07:30:00Z,230.21,1158.15
2022-04-13T08:00:00Z,209.47,1220.8
2022-04-13T08:30:00Z,206.59,1306.2
2022-04-13T09:00:00Z,203.67999999999998,1371.9
2022-04-13T09:30:00Z,187.73,1274.3
2022-04-13T10:00:00Z,192.52,1184.7
2022-04-13T10:30:00Z,190.08,1029.25
2022-04-13T11:00:00Z,191.42,1342.6
2022-04-13T11:30:00Z,179.37,1126.9
2022-04-13T12:00:00Z,179.01,1216.7
2022-04-13T12:30:00Z,179.78,1346.3
2022-04-13T13:00:00Z,186.83,1420.75
2022-04-13T13:30:00Z,188.69,1458.75
2022-04-13T14:00:00Z,185.73,976.8
2022-04-13T14:30:00Z,188.11,956.4
2022-04-13T15:00:00Z,179.8,1253.65
2022-04-13T15:30:00Z,197.14,1227.2
2022-04-13T16:00:00Z,212.97,1149.2
2022-04-13T16:30:00Z,213.05999999999997,1453.75
2022-04-13T17:00:00Z,197.17,1516.55
2022-04-13T17:30:00Z,196.48999999999998,1794.8
2022-04-13T18:00:00Z,224.73,1616.55
2022-04-13T18:30:00Z,230.25,1722.35
2022-04-13T19:00:00Z,227.88,2089.85
2022-04-13T19:30:00Z,211.81,2027.65
2022-04-13T20:00:00Z,186.42,1489.95
2022-04-13T20:30:00Z,169.7,1218.95
2022-04-13T21:00:00Z,167.97,1128.95
2022-04-13T21:30:00Z,169.74,1535.4
2022-04-13T22:00:00Z,203.41,752.15
2022-04-13T22:30:00Z,159.6,441.05
2022-04-13T23:00:00Z,179.45,376.2
2022-04-13T23:30:00Z,156.69,491.5
2022-04-14T00:00:00Z,166.99,514.6
2022-04-14T00:30:00Z,174.53,363.7
2022-04-14T01:00:00Z,166.35,470.5
2022-04-14T01:30:00Z,157.78,457.55
2022-04-14T02:00:00Z,151.9,390.1
2022-04-14T02:30:00Z,155.66,518.45
2022-04-14T03:00:00Z,162.22,454.5
2022-04-14T03:30:00Z,167.19999999999996,418.1
2022-04-14T04:00:00Z,166.59,359.6
2022-04-14T04:30:00Z,154.89,727.3
2022-04-14T05:00:00Z,172.9,562.8
2022-04-14T05:30:00Z,221.14,891.25
2022-04-14T06:00:00Z,163.0,569.65
2022-04-14T06:30:00Z,172.23,1163.4
2022-04-14T07:00:00Z,169.89,913.9
2022-04-14T07:30:00Z,192.88,1296.25
2022-04-14T08:00:00Z,154.18,842.7
2022-04-14T08:30:00Z,140.08,1434.9
2022-04-14T09:00:00Z,143.53,1385.4
2022-04-14T09:30:00Z,142.51,1269.85
2022-04-14T10:00:00Z,116.94000000000001,1642.1
2022-04-14T10:30:00Z,137.02,1807.15
2022-04-14T11:00:00Z,140.3,1437.4
2022-04-14T11:30:00Z,139.54,1330.05
2022-04-14T12:00:00Z,148.15,1495.15
2022-04-14T12:30:00Z,149.2,1546.35
2022-04-14T13:00:00Z,149.12,1406.8
2022-04-14T13:30:00Z,143.07,1649.8
2022-04-14T14:00:00Z,155.14,850.15
2022-04-14T14:30:00Z,175.07,809.1
2022-04-14T15:00:00Z,148.66,635.0
2022-04-14T15:30:00Z,160.68,1118.55
2022-04-14T16:00:00Z,173.58,1108.25
2022-04-14T16:30:00Z,187.07,1201.9
2022-04-14T17:00:00Z,194.77,1489.4
2022-04-14T17:30:00Z,187.16999999999996,1456.4
2022-04-14T18:00:00Z,197.74,1499.35
2022-04-14T18:30:00Z,197.07999999999998,1510.1
2022-04-14T19:00:00Z,192.42000000000002,1540.65
2022-04-14T19:30:00Z,192.97,1371.05
2022-04-14T20:00:00Z,197.56,1519.75
2022-04-14T20:30:00Z,177.35,1326.55
2022-04-14T21:00:00Z,176.63,1284.55
2022-04-14T21:30:00Z,158.42,1307.45
2022-04-14T22:00:00Z,156.47,383.55
2022-04-14T22:30:00Z,175.43,257.65
2022-04-14T23:00:00Z,170.55,195.8
2022-04-14T23:30:00Z,158.17,399.2
2022-04-15T00:00:00Z,140.74,302.95
2022-04-15T00:30:00Z,139.96,313.75
2022-04-15T01:00:00Z,145.34,265.9
2022-04-15T01:30:00Z,132.27,265.55
2022-04-15T02:00:00Z,116.98999999999998,416.1
2022-04-15T02:30:00Z,114.0,258.55
2022-04-15T03:00:00Z,122.24,357.0
2022-04-15T03:30:00Z,115.23,398.2
2022-04-15T04:00:00Z,105.09,282.1
2022-04-15T04:30:00Z,97.78,327.25
2022-04-15T05:00:00Z,101.78999999999999,356.05
2022-04-15T05:30:00Z,135.34,486.25
2022-04-15T06:00:00Z,127.39,708.05
2022-04-15T06:30:00Z,147.03,838.95
2022-04-15T07:00:00Z,131.03,1012.95
2022-04-15T07:30:00Z,150.59,1245.65
2022-04-15T08:00:00Z,141.54,1313.3
2022-04-15T08:30:00Z,123.94,1423.65
2022-04-15T09:00:00Z,131.66,1705.8
2022-04-15T09:30:00Z,115.62,1950.1
2022-04-15T10:00:00Z,122.43,1767.35
2022-04-15T10:30:00Z,123.36,1863.9
2022-04-15T11:00:00Z,132.32,1923.15
2022-04-15T11:30:00Z,130.4,1976.4
2022-04-15T12:00:00Z,132.85,1511.5
2022-04-15T12:30:00Z,118.39999999999999,1582.8
2022-04-15T13:00:00Z,127.32,1609.8
2022-04-15T13:30:00Z,129.12,1556.0
2022-04-15T14:00:00Z,133.83,985.35
2022-04-15T14:30:00Z,132.81,996.45
2022-04-15T15:00:00Z,132.35,975.35
2022-04-15T15:30:00Z,140.01,1209.8
2022-04-15T16:00:00Z,142.09,1389.8
2022-04-15T16:30:00Z,159.09,1325.0
2022-04-15T17:00:00Z,160.47,1137.75
2022-04-15T17:30:00Z,170.25,1252.55
2022-04-15T18:00:00Z,181.09,913.4
2022-04-15T18:30:00Z,178.14,897.45
2022-04-15T19:00:00Z,172.15,943.0
2022-04-15T19:30:00Z,165.81,1079.75
2022-04-15T20:00:00Z,175.41,1183.85
2022-04-15T20:30:00Z,163.52,1094.1
2022-04-15T21:00:00Z,169.59,1108.45
2022-04-15T21:30:00Z,168.57,1684.45
2022-04-15T22:00:00Z,145.15,767.05
2022-04-15T22:30:00Z,178.96,383.4
2022-04-15T23:00:00Z,142.8,265.95
2022-04-15T23:30:00Z,129.49,411.5
2022-04-16T00:00:00Z,125.0,493.85
2022-04-16T00:30:00Z,149.11,353.55
2022-04-16T01:00:00Z,142.76,680.65
2022-04-16T01:30:00Z,133.46,630.1
2022-04-16T02:00:00Z,124.62999999999998,582.8
2022-04-16T02:30:00Z,129.04,592.75
2022-04-16T03:00:00Z,130.76,651.85
2022-04-16T03:30:00Z,129.13,672.2
2022-04-16T04:00:00Z,140.88,492.25
2022-04-16T04:30:00Z,141.64,543.0
2022-04-16T05:00:00Z,128.18,959.25
2022-04-16T05:30:00Z,156.25,780.9
2022-04-16T06:00:00Z,150.96,999.1
2022-04-16T06:30:00Z,155.81,1041.0
2022-04-16T07:00:00Z,145.75,837.2
2022-04-16T07:30:00Z,134.79,929.35
2022-04-16T08:00:00Z,126.07000000000001,1421.4
2022-04-16T08:30:00Z,123.71999999999998,1598.9
2022-04-16T09:00:00Z,119.36,1341.35
2022-04-16T09:30:00Z,111.34000000000002,1529.65
2022-04-16T10:00:00Z,80.88,2021.5
2022-04-16T10:30:00Z,70.49,1567.1
2022-04-16T11:00:00Z,70.11,1649.85
2022-04-16T11:30:00Z,64.98,1828.05
2022-04-16T12:00:00Z,61.86,1441.9
2022-04-16T12:30:00Z,56.93,1227.25
2022-04-16T13:00:00Z,56.82999999999999,1209.9
2022-04-16T13:30:00Z,54.15999999999999,1334.95
2022-04-16T14:00:00Z,73.2,1822.95
2022-04-16T14:30:00Z,77.33,1854.95
2022-04-16T15:00:00Z,87.62,1911.85
2022-04-16T15:30:00Z,78.35,1942.4
2022-04-16T16:00:00Z,123.40999999999998,1073.95
2022-04-16T16:30:00Z,113.83,990.3
2022-04-16T17:00:00Z,117.13,1030.05
2022-04-16T17:30:00Z,133.9,1137.95
2022-04-16T18:00:00Z,141.26,836.25
2022-04-16T18:30:00Z,141.98,850.6
2022-04-16T19:00:00Z,143.64,837.55
2022-04-16T19:30:00Z,142.84,884.4
2022-04-16T20:00:00Z,122.26,800.95
2022-04-16T20:30:00Z,103.87,573.2
2022-04-16T21:00:00Z,113.63,847.2
2022-04-16T21:30:00Z,127.04,1018.0
2022-04-16T22:00:00Z,90.54,532.55
2022-04-16T22:30:00Z,132.99,367.25
2022-04-16T23:00:00Z,121.23999999999998,319.9
2022-04-16T23:30:00Z,100.7,504.6
2022-04-17T00:00:00Z,78.57,401.55
2022-04-17T00:30:00Z,71.06,606.1
2022-04-17T01:00:00Z,70.8,654.5
2022-04-17T01:30:00Z,73.89,609.35
2022-04-17T02:00:00Z,77.02,591.15
2022-04-17T02:30:00Z,82.2,677.4
2022-04-17T03:00:00Z,102.06,470.0
2022-04-17T03:30:00Z,107.7,469.15
2022-04-17T04:00:00Z,97.7,542.4
2022-04-17T04:30:00Z,96.6,753.45
2022-04-17T05:00:00Z,102.28000000000002,774.55
2022-04-17T05:30:00Z,118.72,897.65
2022-04-17T06:00:00Z,121.89,876.2
2022-04-17T06:30:00Z,132.33,1004.05
2022-04-17T07:00:00Z,127.72999999999999,1047.1
2022-04-17T07:30:00Z,137.31,1128.0
2022-04-17T08:00:00Z,152.33,911.75
2022-04-17T08:30:00Z,156.18,784.4
2022-04-17T09:00:00Z,166.8,965.1
2022-04-17T09:30:00Z,160.66,1210.95
2022-04-17T10:00:00Z,148.36,1363.55
2022-04-17T10:30:00Z,137.79,1573.4
2022-04-17T11:00:00Z,133.24,1414.4
2022-04-17T11:30:00Z,124.16,1462.65
2022-04-17T12:00:00Z,93.46,1634.1
2022-04-17T12:30:00Z,66.07,1510.55
2022-04-17T13:00:00Z,44.38,1726.0
2022-04-17T13:30:00Z,37.05,1887.65
2022-04-17T14:00:00Z,11.14,1192.1
2022-04-17T14:30:00Z,5.32,1313.75
2022-04-17T15:00:00Z,4.84,1277.8
2022-04-17T15:30:00Z,15.9,1167.7
2022-04-17T16:00:00Z,70.33,1289.05
2022-04-17T16:30:00Z,84.09,1035.95
2022-04-17T17:00:00Z,92.99,1040.5
2022-04-17T17:30:00Z,104.15,1624.65
2022-04-17T18:00:00Z,95.86,1277.2
2022-04-17T18:30:00Z,90.09,1200.55
2022-04-17T19:00:00Z,91.54000000000002,1511.1
2022-04-17T19:30:00Z,104.27,1582.75
2022-04-17T20:00:00Z,112.4,1401.95
2022-04-17T20:30:00Z,99.09,1127.65
2022-04-17T21:00:00Z,107.03,1341.7
2022-04-17T21:30:00Z,87.6,1022.15
2022-04-17T22:00:00Z,84.96,892.75
2022-04-17T22:30:00Z,79.39,760.85
2022-04-17T23:00:00Z,76.14,867.4
2022-04-17T23:30:00Z,64.52,859.0
2022-04-18T00:00:00Z,49.22,654.5
2022-04-18T00:30:00Z,73.26,647.45
2022-04-18T01:00:00Z,90.73,720.1
2022-04-18T01:30:00Z,98.81,719.45
2022-04-18T02:00:00Z,107.01,1124.9
2022-04-18T02:30:00Z,109.11,954.05
2022-04-18T03:00:00Z,101.68000000000002,1373.05
2022-04-18T03:30:00Z,115.43,1283.0
2022-04-18T04:00:00Z,126.68,1466.4
2022-04-18T04:30:00Z,130.93,1410.9
2022-04-18T05:00:00Z,133.96,1358.85
2022-04-18T05:30:00Z,137.41,1454.65
2022-04-18T06:00:00Z,150.27,1377.2
2022-04-18T06:30:00Z,148.85,1436.85
2022-04-18T07:00:00Z,139.29,1345.5
2022-04-18T07:30:00Z,150.73,1562.9
2022-04-18T08:00:00Z,148.05,1440.4
2022-04-18T08:30:00Z,140.25,1294.2
2022-04-18T09:00:00Z,126.43,1445.05
2022-04-18T09:30:00Z,127.01,2015.45
2022-04-18T10:00:00Z,106.9,1444.45
2022-04-18T10:30:00Z,108.88000000000001,1210.4
2022-04-18T11:00:00Z,110.88000000000001,1225.9
2022-04-18T11:30:00Z,112.75,1615.75
2022-04-18T12:00:00Z,119.73,1456.65
2022-04-18T12:30:00Z,121.85,1579.85
2022-04-18T13:00:00Z,116.49,1493.75
2022-04-18T13:30:00Z,112.34,1512.85
2022-04-18T14:00:00Z,102.98,1265.85
2022-04-18T14:30:00Z,103.0,1417.7
2022-04-18T15:00:00Z,108.92999999999999,1501.4
2022-04-18T15:30:00Z,105.41,1607.25
2022-04-18T16:00:00Z,160.04,1131.1
2022-04-18T16:30:00Z,161.28,1118.6
2022-04-18T17:00:00Z,184.66,1585.0
2022-04-18T17:30:00Z,193.24,1864.75
2022-04-18T18:00:00Z,196.93,2104.6
2022-04-18T18:30:00Z,191.23,2326.05
2022-04-18T19:00:00Z,187.92,1979.95
2022-04-18T19:30:00Z,188.69,1857.55
2022-04-18T20:00:00Z,184.07,2032.75
2022-04-18T20:30:00Z,179.89,1999.55
2022-04-18T21:00:00Z,181.58,1682.15
2022-04-18T21:30:00Z,167.07,1975.6
2022-04-18T22:00:00Z,149.4,1007.1
2022-04-18T22:30:00Z,137.76,961.45
2022-04-18T23:00:00Z,135.14,535.25
2022-04-18T23:30:00Z,131.42,627.5
2022-04-19T00:00:00Z,130.14,838.0
2022-04-19T00:30:00Z,137.62,785.0
2022-04-19T01:00:00Z,121.1,984.8
2022-04-19T01:30:00Z,146.49,1477.25
2022-04-19T02:00:00Z,116.61,555.5
2022-04-19T02:30:00Z,130.0,783.1
2022-04-19T03:00:00Z,136.32,728.65
2022-04-19T03:30:00Z,128.81,740.1
2022-04-19T04:00:00Z,113.68,473.25
2022-04-19T04:30:00Z,144.38,819.2
2022-04-19T05:00:00Z,195.19000000000003,739.95
2022-04-19T05:30:00Z,212.36,1041.25
2022-04-19T06:00:00Z,169.09,1251.1
2022-04-19T06:30:00Z,198.28,1399.55
2022-04-19T07:00:00Z,194.37,1410.4
2022-04-19T07:30:00Z,200.34,1416.65
2022-04-19T08:00:00Z,189.88,1380.6
2022-04-19T08:30:00Z,167.98,1347.85
2022-04-19T09:00:00Z,158.94,1430.4
2022-04-19T09:30:00Z,156.99,1570.7
2022-04-19T10:00:00Z,140.15,1542.15
2022-04-19T10:30:00Z,129.95,1534.65
2022-04-19T11:00:00Z,150.71,1818.35
2022-04-19T11:30:00Z,161.7,1614.6
2022-04-19T12:00:00Z,141.02,1939.0
2022-04-19T12:30:00Z,140.41,1860.9
2022-04-19T13:00:00Z,143.71,1982.15
2022-04-19T13:30:00Z,141.25,1885.65
2022-04-19T14:00:00Z,142.29,1419.3
2022-04-19T14:30:00Z,144.08,1264.15
2022-04-19T15:00:00Z,141.26,1500.7
2022-04-19T15:30:00Z,158.19,1424.6
2022-04-19T16:00:00Z,170.22,1776.35
2022-04-19T16:30:00Z,164.07,2001.25
2022-04-19T17:00:00Z,168.11,1818.0
2022-04-19T17:30:00Z,175.01,1951.5
2022-04-19T18:00:00Z,186.5,1564.85
2022-04-19T18:30:00Z,189.08,1608.55
2022-04-19T19:00:00Z,186.66,1306.0
2022-04-19T19:30:00Z,182.9,1451.75
2022-04-19T20:00:00Z,179.59,1268.75
2022-04-19T20:30:00Z,157.57999999999998,836.15
2022-04-19T21:00:00Z,174.72,1186.85
2022-04-19T21:30:00Z,148.08,1262.9
2022-04-19T22:00:00Z,144.28,736.7
2022-04-19T22:30:00Z,144.67,725.95
2022-04-19T23:00:00Z,150.88,610.8
2022-04-19T23:30:00Z,134.91,596.65
2022-04-20T00:00:00Z,141.77,639.4
2022-04-20T00:30:00Z,138.76,773.85
2022-04-20T01:00:00Z,134.04,705.3
2022-04-20T01:30:00Z,130.07,822.9
2022-04-20T02:00:00Z,148.48,532.45
2022-04-20T02:30:00Z,151.4,691.25
2022-04-20T03:00:00Z,154.86,688.9
2022-04-20T03:30:00Z,151.43,738.5
2022-04-20T04:00:00Z,154.68,531.15
2022-04-20T04:30:00Z,159.91,810.75
2022-04-20T05:00:00Z,170.23,691.7
2022-04-20T05:30:00Z,189.89,1316.25
2022-04-20T06:00:00Z,173.7,795.2
2022-04-20T06:30:00Z,193.91,1402.0
2022-04-20T07:00:00Z,175.78,1222.55
2022-04-20T07:30:00Z,173.15,1199.2
2022-04-20T08:00:00Z,168.37,1285.8
2022-04-20T08:30:00Z,156.0,1119.4
2022-04-20T09:00:00Z,163.62,1539.9
2022-04-20T09:30:00Z,148.15,1371.35
2022-04-20T10:00:00Z,134.66,1002.15
2022-04-20T10:30:00Z,134.97,1061.65
2022-04-20T11:00:00Z,137.92,1331.85
2022-04-20T11:30:00Z,134.9,1332.3
2022-04-20T12:00:00Z,132.05,1222.7
2022-04-20T12:30:00Z,131.94,977.95
2022-04-20T13:00:00Z,134.59,1344.95
2022-04-20T13:30:00Z,133.82,1323.8
2022-04-20T14:00:00Z,153.46,1119.65
2022-04-20T14:30:00Z,156.83,1454.6
2022-04-20T15:00:00Z,149.63,1398.35
2022-04-20T15:30:00Z,155.38,1425.55
2022-04-20T16:00:00Z,161.99,1298.35
2022-04-20T16:30:00Z,179.42,1286.5
2022-04-20T17:00:00Z,200.47,1530.4
2022-04-20T17:30:00Z,194.42,1562.75
2022-04-20T18:00:00Z,191.3,1029.0
2022-04-20T18:30:00Z,188.47,1002.05
2022-04-20T19:00:00Z,193.06,1182.5
2022-04-20T19:30:00Z,188.65,1113.25
2022-04-20T20:00:00Z,203.36,1098.15
2022-04-20T20:30:00Z,167.35,1007.45
2022-04-20T21:00:00Z,165.68,901.75
2022-04-20T21:30:00Z,156.05,1238.9
2022-04-20T22:00:00Z,152.29,1260.5
2022-04-20T22:30:00Z,146.56,979.8
2022-04-20T23:00:00Z,147.38,940.2
2022-04-20T23:30:00Z,144.79,976.2
2022-04-21T00:00:00Z,149.85999999999999,989.3
2022-04-21T00:30:00Z,155.75,1062.15
2022-04-21T01:00:00Z,150.89,1053.25
2022-04-21T01:30:00Z,144.3,1298.4
2022-04-21T02:00:00Z,134.96,1001.05
2022-04-21T02:30:00Z,130.88,1154.1
2022-04-21T03:00:00Z,128.36,1121.7
2022-04-21T03:30:00Z,125.12000000000002,1283.65
2022-04-21T04:00:00Z,135.6,622.1
2022-04-21T04:30:00Z,129.74,690.45
2022-04-21T05:00:00Z,132.27,893.05
2022-04-21T05:30:00Z,177.78,1375.9
2022-04-21T06:00:00Z,205.18,1859.75
2022-04-21T06:30:00Z,221.34,2133.75
2022-04-21T07:00:00Z,214.84,2381.35
2022-04-21T07:30:00Z,212.8,2316.05
2022-04-21T08:00:00Z,190.8,2248.7
2022-04-21T08:30:00Z,177.51,2193.2
2022-04-21T09:00:00Z,169.09,2175.2
2022-04-21T09:30:00Z,160.23,2458.45
2022-04-21T10:00:00Z,128.29,1589.0
2022-04-21T10:30:00Z,127.91999999999999,1443.4
2022-04-21T11:00:00Z,117.31,1445.35
2022-04-21T11:30:00Z,116.84,1504.2
2022-04-21T12:00:00Z,111.6,1847.15
2022-04-21T12:30:00Z,115.84,1616.95
2022-04-21T13:00:00Z,125.16,1842.9
2022-04-21T13:30:00Z,120.34,1934.6
2022-04-21T14:00:00Z,136.42,1097.7
2022-04-21T14:30:00Z,138.05,1204.2
2022-04-21T15:00:00Z,148.08,1387.0
2022-04-21T15:30:00Z,156.03,1670.6
2022-04-21T16:00:00Z,175.58,2458.7
2022-04-21T16:30:00Z,177.11,2436.25
2022-04-21T17:00:00Z,179.63,2560.05
2022-04-21T17:30:00Z,180.9,2408.85
2022-04-21T18:00:00Z,179.9,2474.8
2022-04-21T18:30:00Z,178.15,2462.2
2022-04-21T19:00:00Z,173.88,2558.0
2022-04-21T19:30:00Z,173.89,2679.4
2022-04-21T20:00:00Z,164.12,2119.65
2022-04-21T20:30:00Z,150.99,1983.8
2022-04-21T21:00:00Z,142.37,2172.45
2022-04-21T21:30:00Z,139.1,1980.1
2022-04-21T22:00:00Z,112.15,1293.85
2022-04-21T22:30:00Z,127.52,1141.65
2022-04-21T23:00:00Z,139.17,946.15
2022-04-21T23:30:00Z,131.89,912.4
2022-04-22T00:00:00Z,133.65,844.0
2022-04-22T00:30:00Z,141.99,905.2
2022-04-22T01:00:00Z,143.71,813.8
2022-04-22T01:30:00Z,132.58,1012.0
2022-04-22T02:00:00Z,124.01000000000002,789.65
2022-04-22T02:30:00Z,115.83,1035.0
2022-04-22T03:00:00Z,114.73999999999998,1192.65
2022-04-22T03:30:00Z,120.24999999999999,1279.8
2022-04-22T04:00:00Z,114.10999999999999,1186.25
2022-04-22T04:30:00Z,111.67,1237.95
2022-04-22T05:00:00Z,117.65000000000002,1285.3
2022-04-22T05:30:00Z,133.54,1554.5
2022-04-22T06:00:00Z,134.13,1515.6
2022-04-22T06:30:00Z,156.51,1659.15
2022-04-22T07:00:00Z,154.11,1646.25
2022-04-22T07:30:00Z,152.94,1654.05
2022-04-22T08:00:00Z,131.62,1542.2
2022-04-22T08:30:00Z,132.74,1787.4
2022-04-22T09:00:00Z,142.06,1796.65
2022-04-22T09:30:00Z,138.13,1757.9
2022-04-22T10:00:00Z,134.63,1604.1
2022-04-22T10:30:00Z,129.7,1553.75
2022-04-22T11:00:00Z,134.49,1599.4
2022-04-22T11:30:00Z,127.58,1814.35
2022-04-22T12:00:00Z,143.79,1451.75
2022-04-22T12:30:00Z,137.1,1536.05
2022-04-22T13:00:00Z,128.14,1458.9
2022-04-22T13:30:00Z,123.82000000000001,1401.6
2022-04-22T14:00:00Z,114.41,971.8
2022-04-22T14:30:00Z,112.29,1145.95
2022-04-22T15:00:00Z,111.23,1009.4
2022-04-22T15:30:00Z,116.59,1164.2
2022-04-22T16:00:00Z,133.45,1529.1
2022-04-22T16:30:00Z,155.13,1615.7
2022-04-22T17:00:00Z,173.25,1557.0
2022-04-22T17:30:00Z,178.31999999999996,1489.2
2022-04-22T18:00:00Z,166.15,1203.35
2022-04-22T18:30:00Z,164.57,1191.85
2022-04-22T19:00:00Z,164.64,1313.85
2022-04-22T19:30:00Z,170.01,1427.7
2022-04-22T20:00:00Z,170.55,1461.8
2022-04-22T20:30:00Z,161.95,1563.8
2022-04-22T21:00:00Z,156.82,1201.8
2022-04-22T21:30:00Z,146.34,1233.1
2022-04-22T22:00:00Z,128.87,1006.25
2022-04-22T22:30:00Z,160.26,621.15
2022-04-22T23:00:00Z,149.77,668.3
2022-04-22T23:30:00Z,138.47,621.45
2022-04-23T00:00:00Z,122.12,743.55
2022-04-23T00:30:00Z,150.56,538.4
2022-04-23T01:00:00Z,121.91000000000001,554.6
2022-04-23T01:30:00Z,108.46,602.7
2022-04-23T02:00:00Z,127.36000000000001,650.4
2022-04-23T02:30:00Z,115.66000000000001,578.25
2022-04-23T03:00:00Z,116.35999999999999,775.35
2022-04-23T03:30:00Z,137.81,809.75
2022-04-23T04:00:00Z,162.19,610.05
2022-04-23T04:30:00Z,156.84,1091.7
2022-04-23T05:00:00Z,136.85,895.35
2022-04-23T05:30:00Z,150.41,858.3
2022-04-23T06:00:00Z,118.03,713.3
2022-04-23T06:30:00Z,140.04,764.75
2022-04-23T07:00:00Z,161.62,964.65
2022-04-23T07:30:00Z,169.11,796.2
2022-04-23T08:00:00Z,155.32,1032.1
2022-04-23T08:30:00Z,154.34,948.45
2022-04-23T09:00:00Z,165.75,1144.1
2022-04-23T09:30:00Z,161.26,1128.1
2022-04-23T10:00:00Z,166.81,1253.15
2022-04-23T10:30:00Z,167.53,1103.25
2022-04-23T11:00:00Z,166.39,1177.3
2022-04-23T11:30:00Z,163.47,1128.7
2022-04-23T12:00:00Z,152.18,1154.5
2022-04-23T12:30:00Z,156.22,1520.2
2022-04-23T13:00:00Z,149.71,1514.2
2022-04-23T13:30:00Z,142.48,1541.95
2022-04-23T14:00:00Z,146.46,859.35
2022-04-23T14:30:00Z,159.53999999999996,974.15
2022-04-23T15:00:00Z,141.91,1022.45
2022-04-23T15:30:00Z,137.84,1086.5
2022-04-23T16:00:00Z,147.18,1057.4
2022-04-23T16:30:00Z,165.28,1012.65
2022-04-23T17:00:00Z,168.61,1145.65
2022-04-23T17:30:00Z,171.49,1182.7
2022-04-23T18:00:00Z,180.45,862.75
2022-04-23T18:30:00Z,180.3,1103.3
2022-04-23T19:00:00Z,189.62,927.55
2022-04-23T19:30:00Z,193.1,1115.75
2022-04-23T20:00:00Z,192.93,1143.45
2022-04-23T20:30:00Z,178.86,894.05
2022-04-23T21:00:00Z,180.45,1199.8
2022-04-23T21:30:00Z,171.4,912.6
2022-04-23T22:00:00Z,137.34,652.3
2022-04-23T22:30:00Z,160.3,491.4
2022-04-23T23:00:00Z,162.43,707.7
2022-04-23T23:30:00Z,117.74,626.45
2022-04-24T00:00:00Z,115.01,505.6
2022-04-24T00:30:00Z,135.57,475.2
2022-04-24T01:00:00Z,142.0,698.6
2022-04-24T01:30:00Z,135.14,765.9
2022-04-24T02:00:00Z,131.03,531.05
2022-04-24T02:30:00Z,118.55,579.6
2022-04-24T03:00:00Z,144.07,478.8
2022-04-24T03:30:00Z,124.06,500.45
2022-04-24T04:00:00Z,109.41,447.5
2022-04-24T04:30:00Z,103.55,484.3
2022-04-24T05:00:00Z,102.55,553.35
2022-04-24T05:30:00Z,107.2,681.7
2022-04-24T06:00:00Z,119.49,999.45
2022-04-24T06:30:00Z,127.30000000000001,812.85
2022-04-24T07:00:00Z,134.89,949.15
2022-04-24T07:30:00Z,147.24,1155.2
2022-04-24T08:00:00Z,134.86,1036.55
2022-04-24T08:30:00Z,131.33,1083.95
2022-04-24T09:00:00Z,120.5,978.0
2022-04-24T09:30:00Z,110.82,1040.0
2022-04-24T10:00:00Z,105.38000000000001,1436.6
2022-04-24T10:30:00Z,109.16999999999999,1298.7
2022-04-24T11:00:00Z,109.9,1381.35
2022-04-24T11:30:00Z,120.96999999999998,1190.55
2022-04-24T12:00:00Z,114.11,1139.2
2022-04-24T12:30:00Z,105.9,1346.4
2022-04-24T13:00:00Z,108.21,1220.8
2022-04-24T13:30:00Z,122.25,1338.3
2022-04-24T14:00:00Z,126.11,1591.55
2022-04-24T14:30:00Z,145.03,1394.05
2022-04-24T15:00:00Z,161.0,1170.05
2022-04-24T15:30:00Z,172.21,1173.0
2022-04-24T16:00:00Z,206.0,1912.95
2022-04-24T16:30:00Z,189.92,1826.55
2022-04-24T17:00:00Z,190.86,1553.25
2022-04-24T17:30:00Z,191.12,1396.05
2022-04-24T18:00:00Z,204.44000000000003,930.0
2022-04-24T18:30:00Z,204.39,954.4
2022-04-24T19:00:00Z,192.1,970.75
2022-04-24T19:30:00Z,175.96,1425.85
2022-04-24T20:00:00Z,178.84,1517.1
2022-04-24T20:30:00Z,156.45,1503.8
2022-04-24T21:00:00Z,180.33,1610.2
2022-04-24T21:30:00Z,157.2,1553.25
2022-04-24T22:00:00Z,160.94,1078.95
2022-04-24T22:30:00Z,176.44,1127.8
2022-04-24T23:00:00Z,171.48,884.65
2022-04-24T23:30:00Z,179.1,687.55
2022-04-25T00:00:00Z,187.43,512.2
2022-04-25T00:30:00Z,196.74,495.65
2022-04-25T01:00:00Z,182.96,767.65
2022-04-25T01:30:00Z,178.66,565.8
2022-04-25T02:00:00Z,189.34,566.15
2022-04-25T02:30:00Z,178.35,658.5
2022-04-25T03:00:00Z,194.44,621.05
2022-04-25T03:30:00Z,193.19,928.05
2022-04-25T04:00:00Z,234.54000000000002,566.1
2022-04-25T04:30:00Z,203.82,875.4
2022-04-25T05:00:00Z,224.81,1076.35
2022-04-25T05:30:00Z,240.1,981.9
2022-04-25T06:00:00Z,223.94,1389.6
2022-04-25T06:30:00Z,246.65,1479.25
2022-04-25T07:00:00Z,230.16,1614.55
2022-04-25T07:30:00Z,224.0,1513.85
2022-04-25T08:00:00Z,214.06,2098.1
2022-04-25T08:30:00Z,204.26,1915.3
2022-04-25T09:00:00Z,212.04,2079.05
2022-04-25T09:30:00Z,210.49,2370.7
2022-04-25T10:00:00Z,204.42,2095.85
2022-04-25T10:30:00Z,203.49,2076.05
2022-04-25T11:00:00Z,198.6,2563.15
2022-04-25T11:30:00Z,197.16,2592.4
2022-04-25T12:00:00Z,185.02,2358.3
2022-04-25T12:30:00Z,173.73,2160.65
2022-04-25T13:00:00Z,184.67,2426.55
2022-04-25T13:30:00Z,186.64,2585.8
2022-04-25T14:00:00Z,186.79,1950.15
2022-04-25T14:30:00Z,195.35,2015.0
2022-04-25T15:00:00Z,187.13,2399.35
2022-04-25T15:30:00Z,207.63,2147.35
2022-04-25T16:00:00Z,209.26,2069.45
2022-04-25T16:30:00Z,201.7,2212.75
2022-04-25T17:00:00Z,205.69,2080.55
2022-04-25T17:30:00Z,211.71,2009.9
2022-04-25T18:00:00Z,230.01,1803.55
2022-04-25T18:30:00Z,221.58,1743.55
2022-04-25T19:00:00Z,224.02,1566.45
2022-04-25T19:30:00Z,211.96,1434.9
2022-04-25T20:00:00Z,217.88000000000002,1479.0
2022-04-25T20:30:00Z,188.16,1368.05
2022-04-25T21:00:00Z,179.59,1406.35
2022-04-25T21:30:00Z,160.69,1296.85
2022-04-25T22:00:00Z,138.39,761.3
2022-04-25T22:30:00Z,112.15000000000002,734.95
2022-04-25T23:00:00Z,138.31,419.0
2022-04-25T23:30:00Z,130.23,602.65
2022-04-26T00:00:00Z,105.19,1155.15
2022-04-26T00:30:00Z,124.58,848.25
2022-04-26T01:00:00Z,146.73,1199.8
2022-04-26T01:30:00Z,143.84,1013.45
2022-04-26T02:00:00Z,142.21,1007.75
2022-04-26T02:30:00Z,140.89,661.65
2022-04-26T03:00:00Z,149.07,807.35
2022-04-26T03:30:00Z,141.17,833.55
2022-04-26T04:00:00Z,119.35,729.95
2022-04-26T04:30:00Z,133.46,1002.6
2022-04-26T05:00:00Z,171.55,1178.8
2022-04-26T05:30:00Z,203.16,1457.35
2022-04-26T06:00:00Z,189.07,1477.45
2022-04-26T06:30:00Z,223.33999999999997,1506.75
2022-04-26T07:00:00Z,225.68,1493.7
2022-04-26T07:30:00Z,212.11,1521.7
2022-04-26T08:00:00Z,177.43,1635.0
2022-04-26T08:30:00Z,159.99,1949.25
2022-04-26T09:00:00Z,181.16,1908.65
2022-04-26T09:30:00Z,159.35,1591.35
2022-04-26T10:00:00Z,146.35,1318.1
2022-04-26T10:30:00Z,146.38,1393.8
2022-04-26T11:00:00Z,146.64,1617.6
2022-04-26T11:30:00Z,143.29,1496.65
2022-04-26T12:00:00Z,163.52000000000004,1993.25
2022-04-26T12:30:00Z,164.43,1710.9
2022-04-26T13:00:00Z,160.05,1674.4
2022-04-26T13:30:00Z,167.85,1847.75
2022-04-26T14:00:00Z,176.8,1345.55
2022-04-26T14:30:00Z,196.87,1303.4
2022-04-26T15:00:00Z,162.1,1546.5
2022-04-26T15:30:00Z,182.39,1777.35
2022-04-26T16:00:00Z,193.1,1276.1
2022-04-26T16:30:00Z,203.35,1488.5
2022-04-26T17:00:00Z,216.63,1556.55
2022-04-26T17:30:00Z,207.01,1578.7
2022-04-26T18:00:00Z,206.17000000000002,1336.65
2022-04-26T18:30:00Z,201.32,1332.1
2022-04-26T19:00:00Z,213.43999999999997,1252.6
2022-04-26T19:30:00Z,211.16,1206.05
2022-04-26T20:00:00Z,222.26,1413.45
2022-04-26T20:30:00Z,201.31,1190.25
2022-04-26T21:00:00Z,194.26,1026.6
2022-04-26T21:30:00Z,142.37,992.15
2022-04-26T22:00:00Z,97.67,577.05
2022-04-26T22:30:00Z,98.73,626.0
2022-04-26T23:00:00Z,117.16,620.1
2022-04-26T23:30:00Z,110.19,519.7
2022-04-27T00:00:00Z,118.73,543.75
2022-04-27T00:30:00Z,118.85999999999999,723.8
2022-04-27T01:00:00Z,119.13,449.75
2022-04-27T01:30:00Z,116.4,579.0
2022-04-27T02:00:00Z,114.50000000000001,699.15
2022-04-27T02:30:00Z,112.84000000000002,681.9
2022-04-27T03:00:00Z,113.14999999999999,680.3
2022-04-27T03:30:00Z,114.78,646.3
2022-04-27T04:00:00Z,119.53,597.4
2022-04-27T04:30:00Z,121.81,440.3
2022-04-27T05:00:00Z,126.71,794.05
2022-04-27T05:30:00Z,185.36,1195.15
2022-04-27T06:00:00Z,165.78,1428.1
2022-04-27T06:30:00Z,211.62,1216.85
2022-04-27T07:00:00Z,208.92,1096.8
2022-04-27T07:30:00Z,209.31,1013.45
2022-04-27T08:00:00Z,195.3,1167.45
2022-04-27T08:30:00Z,195.45,1342.4
2022-04-27T09:00:00Z,191.00999999999996,1384.0
2022-04-27T09:30:00Z,188.35000000000002,1487.8
2022-04-27T10:00:00Z,181.23,1230.0
2022-04-27T10:30:00Z,191.19,1183.1
2022-04-27T11:00:00Z,171.32,1164.85
2022-04-27T11:30:00Z,153.23,1350.4
2022-04-27T12:00:00Z,147.6,1274.65
2022-04-27T12:30:00Z,137.68,1365.7
2022-04-27T13:00:00Z,159.49,1395.6
2022-04-27T13:30:00Z,145.86,1491.4
2022-04-27T14:00:00Z,121.21,799.4
2022-04-27T14:30:00Z,127.35,911.35
2022-04-27T15:00:00Z,138.59,1121.75
2022-04-27T15:30:00Z,190.74,1296.7
2022-04-27T16:00:00Z,190.23,1494.0
2022-04-27T16:30:00Z,181.05000000000004,1514.85
2022-04-27T17:00:00Z,186.53,1423.15
2022-04-27T17:30:00Z,191.61,1541.75
2022-04-27T18:00:00Z,193.92,1147.1
2022-04-27T18:30:00Z,192.98,1153.45
2022-04-27T19:00:00Z,194.73,1152.75
2022-04-27T19:30:00Z,195.5,1045.7
2022-04-27T20:00:00Z,179.57,1177.25
2022-04-27T20:30:00Z,150.69,1030.4
2022-04-27T21:00:00Z,178.08,1273.25
2022-04-27T21:30:00Z,144.59,1052.6
2022-04-27T22:00:00Z,117.64,738.95
2022-04-27T22:30:00Z,110.9,731.6
2022-04-27T23:00:00Z,124.18999999999998,650.35
2022-04-27T23:30:00Z,115.23,582.1
2022-04-28T00:00:00Z,121.66,978.9
2022-04-28T00:30:00Z,133.61,1168.4
2022-04-28T01:00:00Z,129.62,770.9
2022-04-28T01:30:00Z,127.67000000000002,629.35
2022-04-28T02:00:00Z,118.18000000000002,555.55
2022-04-28T02:30:00Z,116.88000000000001,781.3
2022-04-28T03:00:00Z,120.01,496.85
2022-04-28T03:30:00Z,126.37000000000002,582.4
2022-04-28T04:00:00Z,132.35,960.75
2022-04-28T04:30:00Z,148.81,704.2
2022-04-28T05:00:00Z,181.4,1009.95
2022-04-28T05:30:00Z,226.05,963.65
2022-04-28T06:00:00Z,192.31,814.25
2022-04-28T06:30:00Z,202.81,1522.55
2022-04-28T07:00:00Z,192.51,1036.2
2022-04-28T07:30:00Z,207.23,1111.75
2022-04-28T08:00:00Z,187.23999999999998,1450.65
2022-04-28T08:30:00Z,188.87,1675.5
2022-04-28T09:00:00Z,199.61,1677.2
2022-04-28T09:30:00Z,202.71,1806.85
2022-04-28T10:00:00Z,199.18,1503.45
2022-04-28T10:30:00Z,194.49,1557.95
2022-04-28T11:00:00Z,182.76000000000002,1529.65
2022-04-28T11:30:00Z,159.94999999999996,1705.1
2022-04-28T12:00:00Z,178.39,1604.6
2022-04-28T12:30:00Z,163.56,1423.55
2022-04-28T13:00:00Z,152.21,1339.5
2022-04-28T13:30:00Z,149.86,1199.9
2022-04-28T14:00:00Z,168.42000000000002,900.65
2022-04-28T14:30:00Z,194.66,1023.3
2022-04-28T15:00:00Z,159.72,1096.75
2022-04-28T15:30:00Z,182.12,869.15
2022-04-28T16:00:00Z,195.99,1275.95
2022-04-28T16:30:00Z,202.16,995.8
2022-04-28T17:00:00Z,207.34,883.75
2022-04-28T17:30:00Z,209.53,946.3
2022-04-28T18:00:00Z,229.35,1011.3
2022-04-28T18:30:00Z,220.4,1094.25
2022-04-28T19:00:00Z,215.15,1132.45
2022-04-28T19:30:00Z,217.66,1057.75
2022-04-28T20:00:00Z,220.73,770.5
2022-04-28T20:30:00Z,182.8,1000.6
2022-04-28T21:00:00Z,206.71,927.45
2022-04-28T21:30:00Z,155.49,945.7
2022-04-28T22:00:00Z,217.08,556.9
2022-04-28T22:30:00Z,133.21,707.15
2022-04-28T23:00:00Z,149.76,463.15
2022-04-28T23:30:00Z,153.74,418.4
2022-04-29T00:00:00Z,173.31,419.45
2022-04-29T00:30:00Z,168.96,534.4
2022-04-29T01:00:00Z,159.52,568.35
2022-04-29T01:30:00Z,149.75,574.1
2022-04-29T02:00:00Z,146.2,377.9
2022-04-29T02:30:00Z,138.64,602.8
2022-04-29T03:00:00Z,132.9,714.05
2022-04-29T03:30:00Z,138.13,576.4
2022-04-29T04:00:00Z,127.91999999999999,626.15
2022-04-29T04:30:00Z,156.18,527.65
2022-04-29T05:00:00Z,170.41,1109.8
2022-04-29T05:30:00Z,209.10999999999999,1482.2
2022-04-29T06:00:00Z,180.64999999999998,1672.4
2022-04-29T06:30:00Z,215.93,2044.3
2022-04-29T07:00:00Z,199.21999999999997,1449.4
2022-04-29T07:30:00Z,196.31,1719.2
2022-04-29T08:00:00Z,195.2,2178.45
2022-04-29T08:30:00Z,191.98,1879.25
2022-04-29T09:00:00Z,193.14,1720.95
2022-04-29T09:30:00Z,188.46,1623.25
2022-04-29T10:00:00Z,172.36,1397.15
2022-04-29T10:30:00Z,164.27,1502.1
2022-04-29T11:00:00Z,151.71,1395.95
2022-04-29T11:30:00Z,147.68,1107.95
2022-04-29T12:00:00Z,165.11,1307.3
2022-04-29T12:30:00Z,141.05,1167.5
2022-04-29T13:00:00Z,138.76,1463.95
2022-04-29T13:30:00Z,139.98,1254.85
2022-04-29T14:00:00Z,145.48,906.6
2022-04-29T14:30:00Z,153.31,1334.6
2022-04-29T15:00:00Z,141.08,1105.2
2022-04-29T15:30:00Z,169.25,1328.8
2022-04-29T16:00:00Z,174.84,1819.55
2022-04-29T16:30:00Z,177.9,1628.55
2022-04-29T17:00:00Z,197.82,1685.1
2022-04-29T17:30:00Z,196.27000000000004,1818.35
2022-04-29T18:00:00Z,185.85,1428.8
2022-04-29T18:30:00Z,189.54,1409.95
2022-04-29T19:00:00Z,192.01,1412.65
2022-04-29T19:30:00Z,182.82,1613.25
2022-04-29T20:00:00Z,171.29,968.75
2022-04-29T20:30:00Z,155.95,696.4
2022-04-29T21:00:00Z,165.13,831.0
2022-04-29T21:30:00Z,137.38,926.25
2022-04-29T22:00:00Z,170.5,588.2
2022-04-29T22:30:00Z,101.14,346.25
2022-04-29T23:00:00Z,101.3,227.65
2022-04-29T23:30:00Z,92.30999999999999,365.6
2022-04-30T00:00:00Z,108.1,612.1
2022-04-30T00:30:00Z,117.62,810.7
2022-04-30T01:00:00Z,100.6,700.1
2022-04-30T01:30:00Z,106.53,777.0
2022-04-30T02:00:00Z,93.76,626.5
2022-04-30T02:30:00Z,98.29,658.05
2022-04-30T03:00:00Z,93.12,526.4
2022-04-30T03:30:00Z,91.96,536.75
2022-04-30T04:00:00Z,102.66,694.9
2022-04-30T04:30:00Z,99.95,622.4
2022-04-30T05:00:00Z,96.68,1035.2
2022-04-30T05:30:00Z,94.04999999999998,845.45
2022-04-30T06:00:00Z,116.18,876.4
2022-04-30T06:30:00Z,152.19,750.05
2022-04-30T07:00:00Z,133.21,816.35
2022-04-30T07:30:00Z,143.33,936.3
2022-04-30T08:00:00Z,160.6,987.7
2022-04-30T08:30:00Z,136.2,877.75
2022-04-30T09:00:00Z,108.31,811.5
2022-04-30T09:30:00Z,90.51,718.05
2022-04-30T10:00:00Z,78.7,1138.75
2022-04-30T10:30:00Z,80.54,1449.9
2022-04-30T11:00:00Z,82.61,1263.7
2022-04-30T11:30:00Z,78.93,1406.1
2022-04-30T12:00:00Z,77.08,1577.6
2022-04-30T12:30:00Z,76.88,1672.5
2022-04-30T13:00:00Z,79.51,1612.4
2022-04-30T13:30:00Z,77.55,1615.35
2022-04-30T14:00:00Z,76.31,1118.5
2022-04-30T14:30:00Z,73.67,1765.85
2022-04-30T15:00:00Z,77.6,1355.25
2022-04-30T15:30:00Z,85.57,1122.25
2022-04-30T16:00:00Z,82.01,1070.4
2022-04-30T16:30:00Z,114.97000000000001,1184.6
2022-04-30T17:00:00Z,120.96,1320.0
2022-04-30T18:00:00Z,129.86,1096.65
2022-04-30T18:30:00Z,117.97,902.35
2022-04-30T19:00:00Z,112.67000000000002,895.0
2022-04-30T19:30:00Z,105.88,986.75
2022-04-30T20:00:00Z,126.87,754.1
2022-04-30T20:30:00Z,94.17000000000002,787.1
2022-04-30T21:00:00Z,77.52,730.85
2022-04-30T21:30:00Z,80.52,1067.65
2022-04-30T22:00:00Z,92.38,487.6
2022-04-30T22:30:00Z,76.04,359.5
2022-04-30T23:00:00Z,67.67,417.75
2022-04-30T23:30:00Z,68.84,441.75
2022-05-01T00:00:00Z,71.29,277.95
2022-05-01T00:30:00Z,79.27,311.95
2022-05-01T01:00:00Z,73.13,360.85
2022-05-01T01:30:00Z,67.46,334.5
2022-05-01T02:00:00Z,64.05,310.4
2022-05-01T02:30:00Z,66.0,206.15
2022-05-01T03:00:00Z,68.27,211.25
2022-05-01T03:30:00Z,69.12,253.7
2022-05-01T04:00:00Z,67.71,333.0
2022-05-01T04:30:00Z,63.22999999999999,315.3
2022-05-01T05:00:00Z,79.86,518.2
2022-05-01T05:30:00Z,81.35,476.6
2022-05-01T06:00:00Z,89.75,840.85
2022-05-01T06:30:00Z,89.36,1000.75
2022-05-01T07:00:00Z,90.13,1059.4
2022-05-01T07:30:00Z,99.22,1146.9
2022-05-01T08:00:00Z,128.3,1313.45
2022-05-01T08:30:00Z,135.26,1553.65
2022-05-01T09:00:00Z,116.41,1484.15
2022-05-01T09:30:00Z,120.63,1865.45
2022-05-01T10:00:00Z,74.09,1040.75
2022-05-01T10:30:00Z,80.04,1384.45
2022-05-01T11:00:00Z,91.08,1369.35
2022-05-01T11:30:00Z,83.19,1278.35
2022-05-01T12:00:00Z,90.1,1929.25
2022-05-01T12:30:00Z,92.85,1893.7
2022-05-01T13:00:00Z,97.05,1977.55
2022-05-01T13:30:00Z,90.87,2294.3
2022-05-01T14:00:00Z,93.51,1120.7
2022-05-01T14:30:00Z,96.26,1160.95
2022-05-01T15:00:00Z,127.26999999999998,1286.05
2022-05-01T15:30:00Z,157.91,1132.35
2022-05-01T16:00:00Z,158.3,1003.6
2022-05-01T16:30:00Z,153.72,905.45
2022-05-01T17:00:00Z,177.12,1083.5
2022-05-01T17:30:00Z,182.35,1363.25
2022-05-01T18:00:00Z,186.77,1189.6
2022-05-01T18:30:00Z,182.12,1070.45
2022-05-01T19:00:00Z,166.34,1027.65
2022-05-01T19:30:00Z,166.61,967.15
2022-05-01T20:00:00Z,165.24,977.0
2022-05-01T20:30:00Z,154.16,1054.75
2022-05-01T21:00:00Z,161.51,1262.25
2022-05-01T21:30:00Z,146.98,1395.0
2022-05-01T22:00:00Z,143.15,512.4
2022-05-01T22:30:00Z,135.04,609.7
2022-05-01T23:00:00Z,136.99,311.65
2022-05-01T23:30:00Z,132.53,420.85
2022-05-02T00:00:00Z,147.31,270.05
2022-05-02T00:30:00Z,151.53,339.4
2022-05-02T01:00:00Z,131.68,603.15
2022-05-02T01:30:00Z,114.41,363.65
2022-05-02T02:00:00Z,146.31,376.3
2022-05-02T02:30:00Z,139.06,344.45
2022-05-02T03:00:00Z,125.73000000000002,262.2
2022-05-02T03:30:00Z,139.48,318.1
2022-05-02T04:00:00Z,146.15,209.95
2022-05-02T04:30:00Z,159.66,361.35
2022-05-02T05:00:00Z,155.74,545.95
2022-05-02T05:30:00Z,137.49,787.4
2022-05-02T06:00:00Z,118.28,911.7
2022-05-02T06:30:00Z,134.59,922.7
2022-05-02T07:00:00Z,161.98,827.6
2022-05-02T07:30:00Z,174.23,796.7
2022-05-02T08:00:00Z,158.51,1299.3
2022-05-02T08:30:00Z,166.26,1257.4
2022-05-02T09:00:00Z,143.85,1224.45
2022-05-02T09:30:00Z,147.1,1397.4
2022-05-02T10:00:00Z,152.78,1199.75
2022-05-02T10:30:00Z,152.16,931.55
2022-05-02T11:00:00Z,136.54,1061.1
2022-05-02T11:30:00Z,130.07,1253.1
2022-05-02T12:00:00Z,169.8,1058.1
2022-05-02T12:30:00Z,136.46,1020.35
2022-05-02T13:00:00Z,145.4,849.75
2022-05-02T13:30:00Z,150.1,1000.95
2022-05-02T14:00:00Z,162.99,1102.5
2022-05-02T14:30:00Z,178.58,1192.05
2022-05-02T15:00:00Z,162.3,1065.85
2022-05-02T15:30:00Z,182.56,1341.7
2022-05-02T16:00:00Z,185.91,1083.85
2022-05-02T16:30:00Z,195.52,1420.8
2022-05-02T17:00:00Z,204.39,1155.6
2022-05-02T17:30:00Z,208.15,1291.8
2022-05-02T18:00:00Z,209.72,1556.55
2022-05-02T18:30:00Z,203.19,1303.8
2022-05-02T19:00:00Z,202.44,1254.7
2022-05-02T19:30:00Z,186.78,1384.2
2022-05-02T20:00:00Z,192.82,1477.55
2022-05-02T20:30:00Z,185.46,1016.4
2022-05-02T21:00:00Z,170.62,1275.2
2022-05-02T21:30:00Z,150.57,985.8
2022-05-02T22:00:00Z,134.1,668.95
2022-05-02T22:30:00Z,128.98,729.15
2022-05-02T23:00:00Z,132.52,470.3
2022-05-02T23:30:00Z,128.31,776.45
2022-05-03T00:00:00Z,139.52,662.75
2022-05-03T00:30:00Z,148.13,936.1
2022-05-03T01:00:00Z,140.32,744.8
2022-05-03T01:30:00Z,142.81,774.7
2022-05-03T02:00:00Z,126.69,615.4
2022-05-03T02:30:00Z,126.63000000000001,607.6
2022-05-03T03:00:00Z,125.09,716.1
2022-05-03T03:30:00Z,124.38,744.85
2022-05-03T04:00:00Z,121.99,838.4
2022-05-03T04:30:00Z,138.86,750.05
2022-05-03T05:00:00Z,173.59,1089.45
2022-05-03T05:30:00Z,203.44,801.5
2022-05-03T06:00:00Z,188.94,1032.05
2022-05-03T06:30:00Z,214.22000000000003,979.35
2022-05-03T07:00:00Z,198.78,833.4
2022-05-03T07:30:00Z,206.45,1021.9
2022-05-03T08:00:00Z,204.66,1257.25
2022-05-03T08:30:00Z,203.25,1128.25
2022-05-03T09:00:00Z,203.96,1557.75
2022-05-03T09:30:00Z,202.33,1452.15
2022-05-03T10:00:00Z,189.92,1286.85
2022-05-03T10:30:00Z,189.9,1355.35
2022-05-03T11:00:00Z,186.2,1710.8
2022-05-03T11:30:00Z,178.11,1644.0
2022-05-03T12:00:00Z,181.91,1344.6
2022-05-03T12:30:00Z,181.16,1388.2
2022-05-03T13:00:00Z,179.36,1546.7
2022-05-03T13:30:00Z,172.68,1394.6
2022-05-03T14:00:00Z,189.35,1007.0
2022-05-03T14:30:00Z,207.04,1074.55
2022-05-03T15:00:00Z,173.65,1577.95
2022-05-03T15:30:00Z,185.49,1326.8
2022-05-03T16:00:00Z,235.58,1452.75
2022-05-03T16:30:00Z,215.03000000000003,1632.95
2022-05-03T17:00:00Z,215.93,1457.6
2022-05-03T17:30:00Z,209.86000000000004,1380.1
2022-05-03T18:00:00Z,240.02,907.7
2022-05-03T18:30:00Z,226.22999999999996,976.9
2022-05-03T19:00:00Z,212.37,1098.0
2022-05-03T19:30:00Z,209.64,963.05
2022-05-03T20:00:00Z,205.84,1181.9
2022-05-03T20:30:00Z,196.82,989.25
2022-05-03T21:00:00Z,195.37,1038.95
2022-05-03T21:30:00Z,149.13,1249.55
2022-05-03T22:00:00Z,160.78,527.25
2022-05-03T22:30:00Z,119.2,588.4
2022-05-03T23:00:00Z,93.81,1008.35
2022-05-03T23:30:00Z,90.76000000000002,886.9
2022-05-04T00:00:00Z,127.74999999999999,669.65
2022-05-04T00:30:00Z,150.61,1178.0
2022-05-04T01:00:00Z,143.36,718.55
2022-05-04T01:30:00Z,124.34,1017.95
2022-05-04T02:00:00Z,105.07,779.15
2022-05-04T02:30:00Z,106.34,850.0
2022-05-04T03:00:00Z,115.63,763.3
2022-05-04T03:30:00Z,114.36,740.65
2022-05-04T04:00:00Z,122.85999999999999,591.0
2022-05-04T04:30:00Z,131.63,536.95
2022-05-04T05:00:00Z,116.94,862.85
2022-05-04T05:30:00Z,177.68,632.0
2022-05-04T06:00:00Z,217.95999999999998,837.7
2022-05-04T06:30:00Z,222.40999999999997,1303.55
2022-05-04T07:00:00Z,187.51,1250.2
2022-05-04T07:30:00Z,182.89,1303.75
2022-05-04T08:00:00Z,196.44999999999996,1482.95
2022-05-04T08:30:00Z,185.11,1524.2
2022-05-04T09:00:00Z,185.34,1683.5
2022-05-04T09:30:00Z,179.08,1699.65
2022-05-04T10:00:00Z,167.94,1306.35
2022-05-04T10:30:00Z,161.4,1569.05
2022-05-04T11:00:00Z,151.7,1258.5
2022-05-04T11:30:00Z,137.37,1431.75
2022-05-04T12:00:00Z,137.33,1336.0
2022-05-04T12:30:00Z,140.53,1424.05
2022-05-04T13:00:00Z,141.79,1292.5
2022-05-04T13:30:00Z,132.1,1361.65
2022-05-04T14:00:00Z,130.55,709.75
2022-05-04T14:30:00Z,127.95999999999998,789.85
2022-05-04T15:00:00Z,144.34,1286.85
2022-05-04T15:30:00Z,172.98,1351.75
2022-05-04T16:00:00Z,157.12,1441.7
2022-05-04T16:30:00Z,189.47,1557.45
2022-05-04T17:00:00Z,179.37,1488.1
2022-05-04T17:30:00Z,182.71,1605.55
2022-05-04T18:00:00Z,205.52,1644.75
2022-05-04T18:30:00Z,202.6,1594.85
2022-05-04T19:00:00Z,194.9,1763.95
2022-05-04T19:30:00Z,192.04,1680.75
2022-05-04T20:00:00Z,186.78000000000003,1425.45
2022-05-04T20:30:00Z,169.9,1088.2
2022-05-04T21:00:00Z,158.12,1047.0
2022-05-04T21:30:00Z,136.21,989.5
2022-05-04T22:00:00Z,119.98,992.5
2022-05-04T22:30:00Z,110.44,1007.95
2022-05-04T23:00:00Z,104.8,948.65
2022-05-04T23:30:00Z,99.6,1029.6
2022-05-05T00:00:00Z,98.38,663.4
2022-05-05T00:30:00Z,100.94,753.45
2022-05-05T01:00:00Z,97.34999999999998,993.65
2022-05-05T01:30:00Z,100.92,1242.35
2022-05-05T02:00:00Z,93.94,887.9
2022-05-05T02:30:00Z,97.64,710.5
2022-05-05T03:00:00Z,100.6,619.6
2022-05-05T03:30:00Z,99.69000000000001,679.35
2022-05-05T04:00:00Z,106.9,684.4
2022-05-05T04:30:00Z,112.02000000000001,876.75
2022-05-05T05:00:00Z,138.45,1388.95
2022-05-05T05:30:00Z,163.09,1452.55
2022-05-05T06:00:00Z,200.18,950.25
2022-05-05T06:30:00Z,207.46,1180.85
2022-05-05T07:00:00Z,198.54,1067.15
2022-05-05T07:30:00Z,199.63,1080.1
2022-05-05T08:00:00Z,195.52,1173.65
2022-05-05T08:30:00Z,184.06,1303.4
2022-05-05T09:00:00Z,196.06,1451.15
2022-05-05T09:30:00Z,170.33999999999997,1718.55
2022-05-05T10:00:00Z,157.55,1503.85
2022-05-05T10:30:00Z,151.23,1498.0
2022-05-05T11:00:00Z,155.12,1466.8
2022-05-05T11:30:00Z,155.85,1344.0
2022-05-05T12:00:00Z,135.66,1329.95
2022-05-05T12:30:00Z,127.02999999999999,1064.55
2022-05-05T13:00:00Z,125.58,1025.4
2022-05-05T13:30:00Z,123.46999999999998,1109.6
2022-05-05T14:00:00Z,123.94,1042.75
2022-05-05T14:30:00Z,139.66,1022.35
2022-05-05T15:00:00Z,144.44,1038.5
2022-05-05T15:30:00Z,173.21,1366.05
2022-05-05T16:00:00Z,153.17,1409.8
2022-05-05T16:30:00Z,157.17,1504.65
2022-05-05T17:00:00Z,167.23999999999998,1601.85
2022-05-05T17:30:00Z,172.71,1595.6
2022-05-05T18:00:00Z,166.42,1543.4
2022-05-05T18:30:00Z,166.11000000000004,1631.75
2022-05-05T19:00:00Z,170.54,1664.75
2022-05-05T19:30:00Z,162.34000000000003,1756.6
2022-05-05T20:00:00Z,191.17,1252.35
2022-05-05T20:30:00Z,171.61,975.75
2022-05-05T21:00:00Z,155.95,786.7
2022-05-05T21:30:00Z,112.99,1414.25
2022-05-05T22:00:00Z,110.56000000000002,958.5
2022-05-05T22:30:00Z,95.52,653.3
2022-05-05T23:00:00Z,106.31,608.4
2022-05-05T23:30:00Z,104.34,753.2
2022-05-06T00:00:00Z,100.13,678.3
2022-05-06T00:30:00Z,86.78000000000002,759.3
2022-05-06T01:00:00Z,82.33,1154.0
2022-05-06T01:30:00Z,102.85,1526.25
2022-05-06T02:00:00Z,92.95,792.05
2022-05-06T02:30:00Z,101.75,787.2
2022-05-06T03:00:00Z,110.37,810.45
2022-05-06T03:30:00Z,107.94,845.85
2022-05-06T04:00:00Z,99.79,670.4
2022-05-06T04:30:00Z,97.38,588.3
2022-05-06T05:00:00Z,87.9,1164.5
2022-05-06T05:30:00Z,94.78,1076.7
2022-05-06T06:00:00Z,101.57,1022.4
2022-05-06T06:30:00Z,100.68,1234.7
2022-05-06T07:00:00Z,98.93,1172.1
2022-05-06T07:30:00Z,92.09,1320.25
2022-05-06T08:00:00Z,83.29,1143.6
2022-05-06T08:30:00Z,83.7,1204.8
2022-05-06T09:00:00Z,85.11999999999999,1607.05
2022-05-06T09:30:00Z,74.05,1788.2
2022-05-06T10:00:00Z,91.51,2116.75
2022-05-06T10:30:00Z,83.73,2107.5
2022-05-06T11:00:00Z,83.6,1918.85
2022-05-06T11:30:00Z,85.44,1931.95
2022-05-06T12:00:00Z,83.78,1772.3
2022-05-06T12:30:00Z,79.87,1817.6
2022-05-06T13:00:00Z,78.57,1902.6
2022-05-06T13:30:00Z,79.89,2047.25
2022-05-06T14:00:00Z,85.75,1425.3
2022-05-06T14:30:00Z,98.41,1934.2
2022-05-06T15:00:00Z,114.76999999999998,1664.5
2022-05-06T15:30:00Z,139.79,1678.6
2022-05-06T16:00:00Z,143.64,1397.1
2022-05-06T16:30:00Z,155.87,1428.7
2022-05-06T17:00:00Z,157.87,1169.2
2022-05-06T17:30:00Z,171.3,1454.05
2022-05-06T18:00:00Z,167.0,1068.55
2022-05-06T18:30:00Z,150.79,1435.45
2022-05-06T19:00:00Z,153.93,1168.6
2022-05-06T19:30:00Z,160.6,1237.0
2022-05-06T20:00:00Z,166.67,1040.5
2022-05-06T20:30:00Z,151.92,723.35
2022-05-06T21:00:00Z,161.03,808.2
2022-05-06T21:30:00Z,160.6,907.8
2022-05-06T22:00:00Z,160.85,661.85
2022-05-06T22:30:00Z,151.65,321.6
2022-05-06T23:00:00Z,148.24,468.45
2022-05-06T23:30:00Z,159.14,362.9
2022-05-07T00:00:00Z,167.22,718.3
2022-05-07T00:30:00Z,176.2,556.6
2022-05-07T01:00:00Z,188.22,800.95
2022-05-07T01:30:00Z,186.85,946.45
2022-05-07T02:00:00Z,170.77,755.5
2022-05-07T02:30:00Z,166.7,723.4
2022-05-07T03:00:00Z,157.61,661.35
2022-05-07T03:30:00Z,139.99,767.65
2022-05-07T04:00:00Z,140.39,717.8
2022-05-07T04:30:00Z,160.17,794.75
2022-05-07T05:00:00Z,170.63,999.75
2022-05-07T05:30:00Z,192.39,1251.8
2022-05-07T06:00:00Z,197.69,1060.45
2022-05-07T06:30:00Z,205.16,1052.05
2022-05-07T07:00:00Z,200.65,1141.3
2022-05-07T07:30:00Z,203.92,1136.35
2022-05-07T08:00:00Z,186.88,1228.05
2022-05-07T08:30:00Z,184.49,1153.1
2022-05-07T09:00:00Z,185.76,1062.35
2022-05-07T09:30:00Z,183.5,1144.5
2022-05-07T10:00:00Z,173.62,1161.55
2022-05-07T10:30:00Z,172.74,1258.65
2022-05-07T11:00:00Z,170.33,1531.7
2022-05-07T11:30:00Z,166.99,1150.75
2022-05-07T12:00:00Z,165.99,963.7
2022-05-07T12:30:00Z,158.24,1103.95
2022-05-07T13:00:00Z,149.72,987.75
2022-05-07T13:30:00Z,145.53,1231.15
2022-05-07T14:00:00Z,168.11,877.5
2022-05-07T14:30:00Z,154.46,777.45
2022-05-07T15:00:00Z,143.22,783.75
2022-05-07T15:30:00Z,158.73,1224.25
2022-05-07T16:00:00Z,174.1,1210.0
2022-05-07T16:30:00Z,181.26,1274.85
2022-05-07T17:00:00Z,178.47,975.0
2022-05-07T17:30:00Z,185.78,1247.75
2022-05-07T18:00:00Z,182.51,1149.25
2022-05-07T18:30:00Z,185.05,928.55
2022-05-07T19:00:00Z,191.17,1105.0
2022-05-07T19:30:00Z,189.39,931.7
2022-05-07T20:00:00Z,194.2,1042.25
2022-05-07T20:30:00Z,195.03,920.05
2022-05-07T21:00:00Z,186.62,1114.95
2022-05-07T21:30:00Z,174.5,1042.55
2022-05-07T22:00:00Z,169.19,1176.85
2022-05-07T22:30:00Z,157.96,791.5
2022-05-07T23:00:00Z,150.16,825.8
2022-05-07T23:30:00Z,136.1,757.3
2022-05-08T00:00:00Z,157.28,857.45
2022-05-08T00:30:00Z,162.23000000000002,832.5
2022-05-08T01:00:00Z,159.67,832.3
2022-05-08T01:30:00Z,153.95,703.4
2022-05-08T02:00:00Z,161.43,448.6
2022-05-08T02:30:00Z,160.48,616.4
2022-05-08T03:00:00Z,151.25,559.2
2022-05-08T03:30:00Z,148.49,514.65
2022-05-08T04:00:00Z,145.03,649.35
2022-05-08T04:30:00Z,151.01,913.05
2022-05-08T05:00:00Z,140.52,801.7
2022-05-08T05:30:00Z,143.92,684.2
2022-05-08T06:00:00Z,124.49000000000001,617.0
2022-05-08T06:30:00Z,160.48,905.85
2022-05-08T07:00:00Z,155.53,691.8
2022-05-08T07:30:00Z,172.02,736.85
2022-05-08T08:00:00Z,138.58,834.2
2022-05-08T08:30:00Z,143.65,947.2
2022-05-08T09:00:00Z,129.87,802.25
2022-05-08T09:30:00Z,109.18,758.6
2022-05-08T10:00:00Z,101.51,1070.1
2022-05-08T10:30:00Z,114.08,1013.3
2022-05-08T11:00:00Z,100.01999999999998,837.15
2022-05-08T11:30:00Z,92.71,895.05
2022-05-08T12:00:00Z,91.88,1424.75
2022-05-08T12:30:00Z,94.05000000000001,1465.1
2022-05-08T13:00:00Z,93.17,1501.95
2022-05-08T13:30:00Z,90.52,1398.55
2022-05-08T14:00:00Z,99.52,1643.1
2022-05-08T14:30:00Z,94.02,1317.5
2022-05-08T15:00:00Z,110.66999999999999,1475.95
2022-05-08T15:30:00Z,117.68,1655.6
2022-05-08T16:00:00Z,117.91999999999999,1210.25
2022-05-08T16:30:00Z,140.33,1197.4
2022-05-08T17:00:00Z,138.59,1044.25
2022-05-08T17:30:00Z,152.65,1033.45
2022-05-08T18:00:00Z,151.45,979.55
2022-05-08T18:30:00Z,151.85,827.2
2022-05-08T19:00:00Z,156.19,664.9
2022-05-08T19:30:00Z,154.08,699.6
2022-05-08T20:00:00Z,175.38,902.8
2022-05-08T20:30:00Z,156.17,733.25
2022-05-08T21:00:00Z,144.28,810.05
2022-05-08T21:30:00Z,131.59,953.1
2022-05-08T22:00:00Z,149.36,761.4
2022-05-08T22:30:00Z,99.68,497.6
2022-05-08T23:00:00Z,106.5,560.2
2022-05-08T23:30:00Z,97.21,585.05
2022-05-09T00:00:00Z,79.23,437.45
2022-05-09T00:30:00Z,91.64,658.45
2022-05-09T01:00:00Z,95.93,752.4
2022-05-09T01:30:00Z,92.18,705.85
2022-05-09T02:00:00Z,98.21,692.45
2022-05-09T02:30:00Z,100.12,598.05
2022-05-09T03:00:00Z,99.71,654.05
2022-05-09T03:30:00Z,90.51,603.45
2022-05-09T04:00:00Z,79.64,515.6
2022-05-09T04:30:00Z,79.28,499.45
2022-05-09T05:00:00Z,91.25,562.7
2022-05-09T05:30:00Z,93.88,1001.6
2022-05-09T06:00:00Z,108.59,1171.25
2022-05-09T06:30:00Z,108.28,1147.6
2022-05-09T07:00:00Z,105.63,1000.9
2022-05-09T07:30:00Z,99.53000000000002,736.1
2022-05-09T08:00:00Z,84.59,735.3
2022-05-09T08:30:00Z,81.03,1107.7
2022-05-09T09:00:00Z,79.34,881.75
2022-05-09T09:30:00Z,86.96,2158.65
2022-05-09T10:00:00Z,78.01,1516.6
2022-05-09T10:30:00Z,70.66,1344.0
2022-05-09T11:00:00Z,87.21,2124.5
2022-05-09T11:30:00Z,82.85,2037.8
2022-05-09T12:00:00Z,90.02,1946.3
2022-05-09T12:30:00Z,87.04,2031.55
2022-05-09T13:00:00Z,85.54,2319.9
2022-05-09T13:30:00Z,77.5,1959.7
2022-05-09T14:00:00Z,57.01,1278.0
2022-05-09T14:30:00Z,58.7,1341.85
2022-05-09T15:00:00Z,65.07,1543.9
2022-05-09T15:30:00Z,73.46,1789.4
2022-05-09T16:00:00Z,77.53,1326.25
2022-05-09T16:30:00Z,73.59,1606.7
2022-05-09T17:00:00Z,72.8,1480.75
2022-05-09T17:30:00Z,82.79,1948.1
2022-05-09T18:00:00Z,81.89,1930.4
2022-05-09T18:30:00Z,81.7,1683.15
2022-05-09T19:00:00Z,78.34,1494.0
2022-05-09T19:30:00Z,75.43,1402.85
2022-05-09T20:00:00Z,77.4,1742.75
2022-05-09T20:30:00Z,75.68,1593.35
2022-05-09T21:00:00Z,71.06,1710.5
2022-05-09T21:30:00Z,67.7,1755.6
2022-05-09T22:00:00Z,64.15,847.45
2022-05-09T22:30:00Z,24.17,567.75
2022-05-09T23:00:00Z,35.37,778.8
2022-05-09T23:30:00Z,48.49,1343.7
2022-05-10T00:00:00Z,39.44,807.15
2022-05-10T00:30:00Z,39.22,892.35
2022-05-10T01:00:00Z,42.07999999999999,874.9
2022-05-10T01:30:00Z,57.09,1030.2
2022-05-10T02:00:00Z,60.71,767.65
2022-05-10T02:30:00Z,65.99,728.8
2022-05-10T03:00:00Z,52.13000000000001,685.65
2022-05-10T03:30:00Z,46.26,596.1
2022-05-10T04:00:00Z,54.45000000000001,820.05
2022-05-10T04:30:00Z,56.31,748.6
2022-05-10T05:00:00Z,64.28,1070.35
2022-05-10T05:30:00Z,57.339999999999996,1407.9
2022-05-10T06:00:00Z,65.71,1695.6
2022-05-10T06:30:00Z,84.74,1363.4
2022-05-10T07:00:00Z,94.01,1274.65
2022-05-10T07:30:00Z,81.42,1309.1
2022-05-10T08:00:00Z,75.95,1522.15
2022-05-10T08:30:00Z,71.19,1409.3
2022-05-10T09:00:00Z,72.62,1679.1
2022-05-10T09:30:00Z,71.22,1742.95
2022-05-10T10:00:00Z,61.54,1676.9
2022-05-10T10:30:00Z,63.53999999999999,1644.85
2022-05-10T11:00:00Z,59.52,1859.5
2022-05-10T11:30:00Z,53.65,1831.35
2022-05-10T12:00:00Z,45.63,2062.4
2022-05-10T12:30:00Z,42.83,1731.2
2022-05-10T13:00:00Z,47.19,1877.35
2022-05-10T13:30:00Z,43.61,1990.0
2022-05-10T14:00:00Z,38.97,1173.7
2022-05-10T14:30:00Z,40.03,1212.75
2022-05-10T15:00:00Z,49.14,1442.35
2022-05-10T15:30:00Z,52.34,1687.5
2022-05-10T16:00:00Z,59.95,2007.7
2022-05-10T16:30:00Z,65.12,1974.1
2022-05-10T17:00:00Z,66.13,1807.85
2022-05-10T17:30:00Z,65.09,1950.9
2022-05-10T18:00:00Z,64.04,1548.8
2022-05-10T18:30:00Z,65.67,1555.35
2022-05-10T19:00:00Z,67.80433650546574,1413.35
2022-05-10T19:30:00Z,70.85158133268007,1224.6
2022-05-10T20:00:00Z,68.15,779.35
2022-05-10T20:30:00Z,64.97,820.6
2022-05-10T21:00:00Z,62.09669731742534,657.95
2022-05-10T21:30:00Z,67.76204979428209,947.9
2022-05-10T22:00:00Z,67.24,431.45
2022-05-10T22:30:00Z,37.64,427.25
2022-05-10T23:00:00Z,43.24,754.8
2022-05-10T23:30:00Z,34.26,627.05
2022-05-11T00:00:00Z,33.6,607.25
2022-05-11T00:30:00Z,34.38,964.9
2022-05-11T01:00:00Z,34.12,1060.45
2022-05-11T01:30:00Z,30.42,1359.9
2022-05-11T02:00:00Z,31.370000000000005,768.45
2022-05-11T02:30:00Z,30.709999999999997,712.6
2022-05-11T03:00:00Z,30.66,932.3
2022-05-11T03:30:00Z,32.75,1008.95
2022-05-11T04:00:00Z,41.31,783.35
2022-05-11T04:30:00Z,45.839999999999996,914.15
2022-05-11T05:00:00Z,55.69,917.85
2022-05-11T05:30:00Z,48.68000000000001,1765.3
2022-05-11T06:00:00Z,56.36,1680.0
2022-05-11T06:30:00Z,61.71,1856.9
2022-05-11T07:00:00Z,68.96,1562.8
2022-05-11T07:30:00Z,71.96,1729.85
2022-05-11T08:00:00Z,65.45,1461.2
2022-05-11T08:30:00Z,66.77,1545.95
2022-05-11T09:00:00Z,54.24000000000001,1359.7
2022-05-11T09:30:00Z,54.32000000000001,1682.9
2022-05-11T10:00:00Z,48.27,1766.8
2022-05-11T10:30:00Z,45.18,1964.25
2022-05-11T11:00:00Z,48.29,2120.4
2022-05-11T11:30:00Z,50.32,2052.65
2022-05-11T12:00:00Z,53.51,2123.85
2022-05-11T12:30:00Z,50.69,2386.1
2022-05-11T13:00:00Z,48.33,2462.8
2022-05-11T13:30:00Z,47.32,2144.85
2022-05-11T14:00:00Z,34.77,1591.5
2022-05-11T14:30:00Z,35.58,1620.15
2022-05-11T15:00:00Z,50.98,1953.15
2022-05-11T15:30:00Z,47.34,1964.3
2022-05-11T16:00:00Z,55.0,2098.85
2022-05-11T16:30:00Z,63.17000000000001,2135.95
2022-05-11T17:00:00Z,79.97,2432.75
2022-05-11T17:30:00Z,78.92,2125.6
2022-05-11T18:00:00Z,91.7,1380.55
2022-05-11T18:30:00Z,89.88,1470.65
2022-05-11T19:00:00Z,90.36,1181.7
2022-05-11T19:30:00Z,83.17,1056.9
2022-05-11T20:00:00Z,90.66,1016.0
2022-05-11T20:30:00Z,87.89,1013.95
2022-05-11T21:00:00Z,76.94,1154.7
2022-05-11T21:30:00Z,70.28,1352.05
2022-05-11T22:00:00Z,87.71,822.65
2022-05-11T22:30:00Z,84.58,593.5
2022-05-11T23:00:00Z,58.709999999999994,601.1
2022-05-11T23:30:00Z,60.34,636.6
2022-05-12T00:00:00Z,61.19,613.45
2022-05-12T00:30:00Z,60.8,1045.5
2022-05-12T01:00:00Z,66.56,779.9
2022-05-12T01:30:00Z,75.43,879.95
2022-05-12T02:00:00Z,74.84000000000002,453.45
2022-05-12T02:30:00Z,83.78,690.25
2022-05-12T03:00:00Z,85.28,447.05
2022-05-12T03:30:00Z,78.13,586.3
2022-05-12T04:00:00Z,70.92,495.0
2022-05-12T04:30:00Z,61.75,474.8
2022-05-12T05:00:00Z,61.59,788.7
2022-05-12T05:30:00Z,68.95,1380.9
2022-05-12T06:00:00Z,90.71,1420.95
2022-05-12T06:30:00Z,105.17,1369.5
2022-05-12T07:00:00Z,126.59999999999998,1104.9
2022-05-12T07:30:00Z,103.74,1108.05
2022-05-12T08:00:00Z,99.14,1130.25
2022-05-12T08:30:00Z,80.01,1378.5
2022-05-12T09:00:00Z,74.61,1533.65
2022-05-12T09:30:00Z,90.07000000000001,1695.45
2022-05-12T10:00:00Z,89.26999999999998,1638.0
2022-05-12T10:30:00Z,87.87,1847.65
2022-05-12T11:00:00Z,83.97,2060.1
2022-05-12T11:30:00Z,74.15,1963.25
2022-05-12T12:00:00Z,80.58,2373.05
2022-05-12T12:30:00Z,78.95,2185.65
2022-05-12T13:00:00Z,80.93,2176.25
2022-05-12T13:30:00Z,79.24,2270.65
2022-05-12T14:00:00Z,91.7,1280.2
2022-05-12T14:30:00Z,93.62,1349.1
2022-05-12T15:00:00Z,83.81,1574.4
2022-05-12T15:30:00Z,79.21,1698.5
2022-05-12T16:00:00Z,81.72,1707.85
2022-05-12T16:30:00Z,80.51,1596.95
2022-05-12T17:00:00Z,71.0,1776.45
2022-05-12T17:30:00Z,78.77,1581.75
2022-05-12T18:00:00Z,76.27,1286.55
2022-05-12T18:30:00Z,75.16,1485.35
2022-05-12T19:00:00Z,75.29,1517.35
2022-05-12T19:30:00Z,74.42,1392.55
2022-05-12T20:00:00Z,68.38,1239.6
2022-05-12T20:30:00Z,67.28,980.2
2022-05-12T21:00:00Z,74.07,1353.2
2022-05-12T21:30:00Z,71.96,1766.15
2022-05-12T22:00:00Z,81.87,1424.6
2022-05-12T22:30:00Z,57.86,1125.4
2022-05-12T23:00:00Z,49.35,880.65
2022-05-12T23:30:00Z,56.57,911.8
2022-05-13T00:00:00Z,64.52,738.85
2022-05-13T00:30:00Z,69.58,824.75
2022-05-13T01:00:00Z,70.39,917.9
2022-05-13T01:30:00Z,70.11,867.6
2022-05-13T02:00:00Z,64.6,760.95
2022-05-13T02:30:00Z,59.25,931.85
2022-05-13T03:00:00Z,59.05,867.4
2022-05-13T03:30:00Z,65.96,1048.55
2022-05-13T04:00:00Z,64.86,959.25
2022-05-13T04:30:00Z,51.34,797.5
2022-05-13T05:00:00Z,52.27,1024.9
2022-05-13T05:30:00Z,61.92,1108.2
2022-05-13T06:00:00Z,72.71,1334.6
2022-05-13T06:30:00Z,92.38,1380.05
2022-05-13T07:00:00Z,91.52,1327.2
2022-05-13T07:30:00Z,74.9,1272.35
2022-05-13T08:00:00Z,60.59000000000001,1184.4
2022-05-13T08:30:00Z,60.89000000000001,1103.5
2022-05-13T09:00:00Z,54.42,1252.15
2022-05-13T09:30:00Z,64.43,1733.4
2022-05-13T10:00:00Z,64.58,1974.85
2022-05-13T10:30:00Z,66.05,1960.45
2022-05-13T11:00:00Z,65.78,1842.9
2022-05-13T11:30:00Z,65.17,1909.85
2022-05-13T12:00:00Z,63.19,1720.3
2022-05-13T12:30:00Z,60.08,1588.45
2022-05-13T13:00:00Z,53.44,1684.25
2022-05-13T13:30:00Z,52.9,1712.55
2022-05-13T14:00:00Z,52.68000000000001,1414.7
2022-05-13T14:30:00Z,47.02,1282.8
2022-05-13T15:00:00Z,65.71,2091.45
2022-05-13T15:30:00Z,64.61,2124.5
2022-05-13T16:00:00Z,83.86,1770.2
2022-05-13T16:30:00Z,74.02,2062.85
2022-05-13T17:00:00Z,81.08000000000001,1658.75
2022-05-13T17:30:00Z,90.06,1867.15
2022-05-13T18:00:00Z,86.15,2265.2
2022-05-13T18:30:00Z,86.01,2302.1
2022-05-13T19:00:00Z,92.39,2167.65
2022-05-13T19:30:00Z,93.99,1950.3
2022-05-13T20:00:00Z,97.92999999999999,1859.55
2022-05-13T20:30:00Z,97.9,1651.1
2022-05-13T21:00:00Z,97.49,1776.1
2022-05-13T21:30:00Z,95.83999999999999,1708.25
2022-05-13T22:00:00Z,89.04,956.3
2022-05-13T22:30:00Z,80.0,638.85
2022-05-13T23:00:00Z,92.41,629.35
2022-05-13T23:30:00Z,96.64,684.1
2022-05-14T00:00:00Z,86.92,531.1
2022-05-14T00:30:00Z,80.19,498.2
2022-05-14T01:00:00Z,74.84,550.9
2022-05-14T01:30:00Z,74.99,535.1
2022-05-14T02:00:00Z,74.49,499.1
2022-05-14T02:30:00Z,67.88,357.7
2022-05-14T03:00:00Z,72.48,388.05
2022-05-14T03:30:00Z,77.44,484.8
2022-05-14T04:00:00Z,80.21,584.35
2022-05-14T04:30:00Z,84.96,494.65
2022-05-14T05:00:00Z,98.66,560.35
2022-05-14T05:30:00Z,95.78999999999999,736.1
2022-05-14T06:00:00Z,113.39000000000001,1270.3
2022-05-14T06:30:00Z,126.19,996.65
2022-05-14T07:00:00Z,117.09,812.9
2022-05-14T07:30:00Z,113.86,957.4
2022-05-14T08:00:00Z,99.78999999999999,1022.65
2022-05-14T08:30:00Z,97.19,1203.5
2022-05-14T09:00:00Z,84.03,1257.1
2022-05-14T09:30:00Z,81.68,1262.65
2022-05-14T10:00:00Z,72.13,1112.95
2022-05-14T10:30:00Z,78.99,1116.0
2022-05-14T11:00:00Z,74.55,707.05
2022-05-14T11:30:00Z,73.87,796.1
2022-05-14T12:00:00Z,76.69,945.35
2022-05-14T12:30:00Z,74.84,901.4
2022-05-14T13:00:00Z,79.57,928.85
2022-05-14T13:30:00Z,82.5,1182.8
2022-05-14T14:00:00Z,90.56,959.2
2022-05-14T14:30:00Z,85.94,1106.85
2022-05-14T15:00:00Z,97.5,910.3
2022-05-14T15:30:00Z,132.36,921.95
2022-05-14T16:00:00Z,153.16,1236.0
2022-05-14T16:30:00Z,169.73,1099.4
2022-05-14T17:00:00Z,178.9,972.25
2022-05-14T17:30:00Z,182.06,1211.0
2022-05-14T18:00:00Z,195.44999999999996,838.0
2022-05-14T18:30:00Z,201.60999999999999,930.6
2022-05-14T19:00:00Z,206.96,1198.65
2022-05-14T19:30:00Z,202.22,1080.55
2022-05-14T20:00:00Z,200.84,1124.15
2022-05-14T20:30:00Z,187.64,952.75
2022-05-14T21:00:00Z,179.3,1079.0
2022-05-14T21:30:00Z,163.86,1147.1
2022-05-14T22:00:00Z,185.86,491.55
2022-05-14T22:30:00Z,192.07,298.05
2022-05-14T23:00:00Z,147.17,405.9
2022-05-14T23:30:00Z,113.76000000000002,320.9
2022-05-15T00:00:00Z,88.59999999999998,387.7
2022-05-15T00:30:00Z,94.66,383.25
2022-05-15T01:00:00Z,96.94,232.4
2022-05-15T01:30:00Z,87.74,378.8
2022-05-15T02:00:00Z,82.77,585.75
2022-05-15T02:30:00Z,84.09,601.05
2022-05-15T03:00:00Z,85.07,482.95
2022-05-15T03:30:00Z,84.93,629.2
2022-05-15T04:00:00Z,89.02,445.85
2022-05-15T04:30:00Z,86.6,614.4
2022-05-15T05:00:00Z,85.18,656.7
2022-05-15T05:30:00Z,96.98,733.5
2022-05-15T06:00:00Z,89.71,759.95
2022-05-15T06:30:00Z,94.38,610.45
2022-05-15T07:00:00Z,82.13,970.7
2022-05-15T07:30:00Z,105.4,1016.25
2022-05-15T08:00:00Z,83.88,1253.2
2022-05-15T08:30:00Z,104.34,1224.15
2022-05-15T09:00:00Z,87.57,1160.6
2022-05-15T09:30:00Z,90.8,1356.0
2022-05-15T10:00:00Z,76.32,1722.2
2022-05-15T10:30:00Z,70.92,1699.65
2022-05-15T11:00:00Z,69.77,1729.75
2022-05-15T11:30:00Z,71.89,2022.45
2022-05-15T12:00:00Z,72.48,2222.3
2022-05-15T12:30:00Z,72.48,2565.05
2022-05-15T13:00:00Z,72.83,2688.85
2022-05-15T13:30:00Z,60.08,2941.7
2022-05-15T14:00:00Z,98.29999999999998,1740.65
2022-05-15T14:30:00Z,65.99,1523.25
2022-05-15T15:00:00Z,90.02,1080.85
2022-05-15T15:30:00Z,101.12000000000002,1314.4
2022-05-15T16:00:00Z,130.33,1132.7
2022-05-15T16:30:00Z,140.75,1418.75
2022-05-15T17:00:00Z,140.88,1734.55
2022-05-15T17:30:00Z,136.18,1640.85
2022-05-15T18:00:00Z,134.2,1085.6
2022-05-15T18:30:00Z,122.84,1146.55
2022-05-15T19:00:00Z,119.17,1174.25
2022-05-15T19:30:00Z,112.37000000000002,1389.5
2022-05-15T20:00:00Z,110.92,1087.85
2022-05-15T20:30:00Z,103.77,1000.0
2022-05-15T21:00:00Z,102.71,1027.05
2022-05-15T21:30:00Z,103.52,1244.75
2022-05-15T22:00:00Z,117.83,838.0
2022-05-15T22:30:00Z,113.27,683.55
2022-05-15T23:00:00Z,96.84,485.3
2022-05-15T23:30:00Z,88.58,405.6
2022-05-16T00:00:00Z,79.2,1148.9
2022-05-16T00:30:00Z,85.57,1232.5
2022-05-16T01:00:00Z,87.98,1241.1
2022-05-16T01:30:00Z,90.72,1152.85
2022-05-16T02:00:00Z,91.42000000000002,756.8
2022-05-16T02:30:00Z,89.73,730.65
2022-05-16T03:00:00Z,107.6,993.45
2022-05-16T03:30:00Z,98.97,1005.65
2022-05-16T04:00:00Z,97.65,1024.25
2022-05-16T04:30:00Z,109.11,1110.3
2022-05-16T05:00:00Z,106.11999999999999,1299.05
2022-05-16T05:30:00Z,99.37,1902.05
2022-05-16T06:00:00Z,90.39,1436.3
2022-05-16T06:30:00Z,94.74,1049.15
2022-05-16T07:00:00Z,96.93,1358.45
2022-05-16T07:30:00Z,88.04,1124.6
2022-05-16T08:00:00Z,89.14,1093.65
2022-05-16T08:30:00Z,95.24,1365.45
2022-05-16T09:00:00Z,89.99,1558.3
2022-05-16T09:30:00Z,97.13,1453.35
2022-05-16T10:00:00Z,113.06000000000002,1346.4
2022-05-16T10:30:00Z,114.44,1568.45
2022-05-16T11:00:00Z,123.9,1703.35
2022-05-16T11:30:00Z,125.62,1937.9
2022-05-16T12:00:00Z,122.41,2382.7
2022-05-16T12:30:00Z,121.71,2739.9
2022-05-16T13:00:00Z,121.63,2678.3
2022-05-16T13:30:00Z,120.34000000000002,2659.8
2022-05-16T14:00:00Z,134.02,2061.9
2022-05-16T14:30:00Z,130.04,1942.9
2022-05-16T15:00:00Z,149.1,1710.85
2022-05-16T15:30:00Z,159.54,1592.15
2022-05-16T16:00:00Z,165.65,2063.5
2022-05-16T16:30:00Z,169.17,1986.75
2022-05-16T17:00:00Z,170.96,1947.45
2022-05-16T17:30:00Z,171.42,2154.3
2022-05-16T18:00:00Z,174.46,1577.2
2022-05-16T18:30:00Z,160.60999999999999,1635.8
2022-05-16T19:00:00Z,158.59,1365.5
2022-05-16T19:30:00Z,145.05,1300.1
2022-05-16T20:00:00Z,135.4,1079.95
2022-05-16T20:30:00Z,128.72,1051.4
2022-05-16T21:00:00Z,132.09,969.0
2022-05-16T21:30:00Z,113.7,1398.7
2022-05-16T22:00:00Z,110.0,997.65
2022-05-16T22:30:00Z,117.75,693.25
2022-05-16T23:00:00Z,119.0,970.8
2022-05-16T23:30:00Z,136.04,1066.1
2022-05-17T00:00:00Z,123.36,792.1
2022-05-17T00:30:00Z,127.80999999999999,845.55
2022-05-17T01:00:00Z,112.04,1008.45
2022-05-17T01:30:00Z,117.02000000000001,1158.3
2022-05-17T02:00:00Z,120.56,795.2
2022-05-17T02:30:00Z,132.33,927.95
2022-05-17T03:00:00Z,133.02,937.25
2022-05-17T03:30:00Z,130.03,895.0
2022-05-17T04:00:00Z,136.06,1170.1
2022-05-17T04:30:00Z,131.66,1188.65
2022-05-17T05:00:00Z,118.97,1334.55
2022-05-17T05:30:00Z,122.44000000000001,1582.45
2022-05-17T06:00:00Z,136.57,1615.7
2022-05-17T06:30:00Z,147.84,1349.9
2022-05-17T07:00:00Z,149.07,1310.9
2022-05-17T07:30:00Z,137.82,1373.85
2022-05-17T08:00:00Z,139.31,1239.1
2022-05-17T08:30:00Z,122.69,1621.15
2022-05-17T09:00:00Z,126.59,1486.4
2022-05-17T09:30:00Z,127.05,1342.35
2022-05-17T10:00:00Z,127.93,1506.35
2022-05-17T10:30:00Z,129.12,1243.95
2022-05-17T11:00:00Z,130.78,1599.65
2022-05-17T11:30:00Z,129.43,1409.0
2022-05-17T12:00:00Z,115.39,1320.3
2022-05-17T12:30:00Z,105.85,1293.7
2022-05-17T13:00:00Z,104.32,1567.1
2022-05-17T13:30:00Z,103.73000000000002,1625.4
2022-05-17T14:00:00Z,102.82,1447.35
2022-05-17T14:30:00Z,99.48,1536.65
2022-05-17T15:00:00Z,98.76,1680.6
2022-05-17T15:30:00Z,116.63,2123.75
2022-05-17T16:00:00Z,117.01,1753.6
2022-05-17T16:30:00Z,118.97,1909.75
2022-05-17T17:00:00Z,133.42,1983.9
2022-05-17T17:30:00Z,121.68,1888.3
2022-05-17T18:00:00Z,120.23,1895.9
2022-05-17T18:30:00Z,120.74,1663.65
2022-05-17T19:00:00Z,116.94,1626.15
2022-05-17T19:30:00Z,112.64,1604.55
2022-05-17T20:00:00Z,120.65,1418.0
2022-05-17T20:30:00Z,117.75,1534.75
2022-05-17T21:00:00Z,108.71,1463.4
2022-05-17T21:30:00Z,93.96,1354.55
2022-05-17T22:00:00Z,98.93,1411.3
2022-05-17T22:30:00Z,96.93,1098.6
2022-05-17T23:00:00Z,105.19,1204.75
2022-05-17T23:30:00Z,93.82,1363.45
2022-05-18T00:00:00Z,96.34,991.8
2022-05-18T00:30:00Z,95.69,1034.05
2022-05-18T01:00:00Z,88.14,956.35
2022-05-18T01:30:00Z,75.78,1050.65
2022-05-18T02:00:00Z,26.4,1942.75
2022-05-18T02:30:00Z,48.32,1756.1
2022-05-18T03:00:00Z,52.63,1627.45
2022-05-18T03:30:00Z,62.73,1540.55
2022-05-18T04:00:00Z,87.41,1760.15
2022-05-18T04:30:00Z,98.53,1716.5
2022-05-18T05:00:00Z,100.69,1997.95
2022-05-18T05:30:00Z,93.69,1958.45
2022-05-18T06:00:00Z,89.83,1366.0
2022-05-18T06:30:00Z,124.6,1316.25
2022-05-18T07:00:00Z,124.62000000000002,1250.15
2022-05-18T07:30:00Z,96.54,1160.75
2022-05-18T08:00:00Z,90.28,882.1
2022-05-18T08:30:00Z,88.98,1169.35
2022-05-18T09:00:00Z,88.55,1254.15
2022-05-18T09:30:00Z,86.87,1243.6
2022-05-18T10:00:00Z,83.61,1156.55
2022-05-18T10:30:00Z,83.85,1014.85
2022-05-18T11:00:00Z,81.7,1091.4
2022-05-18T11:30:00Z,81.76,1292.15
2022-05-18T12:00:00Z,68.55,1327.5
2022-05-18T12:30:00Z,66.99,1362.4
2022-05-18T13:00:00Z,67.31,1421.0
2022-05-18T13:30:00Z,61.87,1654.3
2022-05-18T14:00:00Z,64.39,1435.95
2022-05-18T14:30:00Z,67.17,1450.35
2022-05-18T15:00:00Z,70.6,1204.2
2022-05-18T15:30:00Z,74.38,1557.15
2022-05-18T16:00:00Z,85.93,2234.2
2022-05-18T16:30:00Z,104.16,2090.4
2022-05-18T17:00:00Z,108.35,2411.2
2022-05-18T17:30:00Z,100.47,2349.4
2022-05-18T18:00:00Z,97.52,1677.35
2022-05-18T18:30:00Z,84.94,1634.55
2022-05-18T19:00:00Z,72.85,1538.5
2022-05-18T19:30:00Z,70.17,1547.1
2022-05-18T20:00:00Z,82.32,1547.3
2022-05-18T20:30:00Z,70.98,1575.45
2022-05-18T21:00:00Z,59.57000000000001,1326.05
2022-05-18T21:30:00Z,60.15,1570.35
2022-05-18T22:00:00Z,64.76,1235.8
2022-05-18T22:30:00Z,71.07,1575.6
2022-05-18T23:00:00Z,58.849999999999994,1272.1
2022-05-18T23:30:00Z,70.26,1339.4
2022-05-19T00:00:00Z,74.07,1324.65
2022-05-19T00:30:00Z,65.6,1257.7
2022-05-19T01:00:00Z,61.599999999999994,1401.2
2022-05-19T01:30:00Z,78.67,1182.5
2022-05-19T02:00:00Z,70.76,1536.75
2022-05-19T02:30:00Z,82.99,1273.25
2022-05-19T03:00:00Z,91.9,1317.15
2022-05-19T03:30:00Z,92.04,1074.2
2022-05-19T04:00:00Z,102.87,958.8
2022-05-19T04:30:00Z,99.27000000000001,779.4
2022-05-19T05:00:00Z,104.61,957.45
2022-05-19T05:30:00Z,112.74,1281.25
2022-05-19T06:00:00Z,161.37,1197.0
2022-05-19T06:30:00Z,170.76,1385.5
2022-05-19T07:00:00Z,181.34,1435.75
2022-05-19T07:30:00Z,176.63,1576.75
2022-05-19T08:00:00Z,176.6,1581.25
2022-05-19T08:30:00Z,170.97,1878.65
2022-05-19T09:00:00Z,163.45,1717.55
2022-05-19T09:30:00Z,147.34,1736.35
2022-05-19T10:00:00Z,102.21,2080.6
2022-05-19T10:30:00Z,98.74,1986.4
2022-05-19T11:00:00Z,108.14,1944.9
2022-05-19T11:30:00Z,101.45,2115.25
2022-05-19T12:00:00Z,90.48,2630.9
2022-05-19T12:30:00Z,90.84,2064.85
2022-05-19T13:00:00Z,87.36,2406.15
2022-05-19T13:30:00Z,86.44,2701.6
2022-05-19T14:00:00Z,87.09,1539.6
2022-05-19T14:30:00Z,88.57,1386.3
2022-05-19T15:00:00Z,88.39,1296.35
2022-05-19T15:30:00Z,89.24,1588.8
2022-05-19T16:00:00Z,106.06,1254.65
2022-05-19T16:30:00Z,133.54,1465.45
2022-05-19T17:00:00Z,131.74,1298.35
2022-05-19T17:30:00Z,124.75,1067.05
2022-05-19T18:00:00Z,129.31,1281.55
2022-05-19T18:30:00Z,134.02,1391.25
2022-05-19T19:00:00Z,133.15,1243.8
2022-05-19T19:30:00Z,132.02,1227.1
2022-05-19T20:00:00Z,131.33,1042.3
2022-05-19T20:30:00Z,120.19000000000001,882.15
2022-05-19T21:00:00Z,102.2,999.3
2022-05-19T21:30:00Z,91.11,1075.2
2022-05-19T22:00:00Z,87.20000000000002,862.0
2022-05-19T22:30:00Z,88.91,497.0
2022-05-19T23:00:00Z,98.96,504.4
2022-05-19T23:30:00Z,81.39,524.85
2022-05-20T00:00:00Z,75.92,515.5
2022-05-20T00:30:00Z,78.93,533.85
2022-05-20T01:00:00Z,81.33,586.7
2022-05-20T01:30:00Z,80.61,534.25
2022-05-20T02:00:00Z,74.84,499.65
2022-05-20T02:30:00Z,71.04,451.65
2022-05-20T03:00:00Z,82.84,782.1
2022-05-20T03:30:00Z,80.68,574.8
2022-05-20T04:00:00Z,76.99,431.35
2022-05-20T04:30:00Z,97.86,794.65
2022-05-20T05:00:00Z,107.78,701.0
2022-05-20T05:30:00Z,126.19,860.6
2022-05-20T06:00:00Z,140.87,1419.1
2022-05-20T06:30:00Z,127.02,1621.8
2022-05-20T07:00:00Z,116.65999999999998,1246.15
2022-05-20T07:30:00Z,119.85,1666.9
2022-05-20T08:00:00Z,115.1,1459.8
2022-05-20T08:30:00Z,114.2,1996.35
2022-05-20T09:00:00Z,126.1,2181.55
2022-05-20T09:30:00Z,127.43,2300.55
2022-05-20T10:00:00Z,105.8,1709.25
2022-05-20T10:30:00Z,95.67,1479.95
2022-05-20T11:00:00Z,97.62,1540.25
2022-05-20T11:30:00Z,98.67,1513.15
2022-05-20T12:00:00Z,80.0,1374.35
2022-05-20T12:30:00Z,80.05,1074.6
2022-05-20T13:00:00Z,79.46,1261.0
2022-05-20T13:30:00Z,75.82,1382.9
2022-05-20T14:00:00Z,95.39,2084.65
2022-05-20T14:30:00Z,96.28,1880.1
2022-05-20T15:00:00Z,93.17,1990.7
2022-05-20T15:30:00Z,93.87,2281.75
2022-05-20T16:00:00Z,110.42,1971.3
2022-05-20T16:30:00Z,116.8,2131.75
2022-05-20T17:00:00Z,118.71,2003.3
2022-05-20T17:30:00Z,110.9,1947.55
2022-05-20T18:00:00Z,118.97,1883.6
2022-05-20T18:30:00Z,116.5,1656.6
2022-05-20T19:00:00Z,119.51,1635.75
2022-05-20T19:30:00Z,116.15,1716.7
2022-05-20T20:00:00Z,111.79,1487.7
2022-05-20T20:30:00Z,118.58,1329.9
2022-05-20T21:00:00Z,112.89,1368.65
2022-05-20T21:30:00Z,107.17,1150.15
2022-05-20T22:00:00Z,95.39,1369.6
2022-05-20T22:30:00Z,101.98,1092.05
2022-05-20T23:00:00Z,92.25,1051.4
2022-05-20T23:30:00Z,81.73,966.7
2022-05-21T00:00:00Z,88.31,959.9
2022-05-21T00:30:00Z,87.87,1054.15
2022-05-21T01:00:00Z,78.39,1043.65
2022-05-21T01:30:00Z,73.7,960.95
2022-05-21T02:00:00Z,66.74,692.15
2022-05-21T02:30:00Z,66.45,654.4
2022-05-21T03:00:00Z,87.9,643.25
2022-05-21T03:30:00Z,99.32,655.45
2022-05-21T04:00:00Z,85.98,691.45
2022-05-21T04:30:00Z,91.91,657.0
2022-05-21T05:00:00Z,85.43,905.15
2022-05-21T05:30:00Z,84.07000000000001,866.75
2022-05-21T06:00:00Z,112.64000000000001,1704.05
2022-05-21T06:30:00Z,124.83000000000001,1231.0
2022-05-21T07:00:00Z,115.67000000000002,1307.25
2022-05-21T07:30:00Z,129.42,1157.05
2022-05-21T08:00:00Z,143.92,1028.75
2022-05-21T08:30:00Z,150.75,1113.6
2022-05-21T09:00:00Z,137.32,1678.15
2022-05-21T09:30:00Z,125.05000000000001,1319.5
2022-05-21T10:00:00Z,113.37999999999998,1209.25
2022-05-21T10:30:00Z,113.7,1526.75
2022-05-21T11:00:00Z,104.88,1347.9
2022-05-21T11:30:00Z,96.96,1146.9
2022-05-21T12:00:00Z,95.84,1703.8
2022-05-21T12:30:00Z,88.62,1446.85
2022-05-21T13:00:00Z,90.25,1347.15
2022-05-21T13:30:00Z,88.36,1688.0
2022-05-21T14:00:00Z,92.74,1320.05
2022-05-21T14:30:00Z,108.18,1598.2
2022-05-21T15:00:00Z,118.29,1393.3
2022-05-21T15:30:00Z,117.32,1748.7
2022-05-21T16:00:00Z,153.39,1105.95
2022-05-21T16:30:00Z,159.18,1155.05
2022-05-21T17:00:00Z,168.66,1026.35
2022-05-21T17:30:00Z,161.73,1536.5
2022-05-21T18:00:00Z,165.78,1437.6
2022-05-21T18:30:00Z,164.96,1018.3
2022-05-21T19:00:00Z,164.69,951.15
2022-05-21T19:30:00Z,163.04,1099.65
2022-05-21T20:00:00Z,164.42,996.15
2022-05-21T20:30:00Z,155.49,951.4
2022-05-21T21:00:00Z,149.31,999.9
2022-05-21T21:30:00Z,135.89,812.55
2022-05-21T22:00:00Z,133.38,1078.75
2022-05-21T22:30:00Z,143.54999999999998,946.7
2022-05-21T23:00:00Z,127.22,999.3
2022-05-21T23:30:00Z,123.73999999999998,680.75
2022-05-22T00:00:00Z,102.15,540.25
2022-05-22T00:30:00Z,103.6,427.65
2022-05-22T01:00:00Z,107.87000000000002,672.05
2022-05-22T01:30:00Z,100.84000000000002,788.9
2022-05-22T02:00:00Z,96.59,391.95
2022-05-22T02:30:00Z,94.15,456.7
2022-05-22T03:00:00Z,100.82,567.45
2022-05-22T03:30:00Z,102.36,551.8
2022-05-22T04:00:00Z,95.8,670.25
2022-05-22T04:30:00Z,101.24,643.15
2022-05-22T05:00:00Z,115.94999999999999,657.7
2022-05-22T05:30:00Z,124.61,995.75
2022-05-22T06:00:00Z,111.28000000000002,749.75
2022-05-22T06:30:00Z,129.71,715.7
2022-05-22T07:00:00Z,118.0,983.65
2022-05-22T07:30:00Z,132.55,766.65
2022-05-22T08:00:00Z,114.67,890.35
2022-05-22T08:30:00Z,126.4,1109.9
2022-05-22T09:00:00Z,97.61,1601.95
2022-05-22T09:30:00Z,101.97,1846.8
2022-05-22T10:00:00Z,108.66,1441.7
2022-05-22T10:30:00Z,109.09999999999998,1638.7
2022-05-22T11:00:00Z,85.25,1282.5
2022-05-22T11:30:00Z,84.93,1633.95
2022-05-22T12:00:00Z,89.27,2011.65
2022-05-22T12:30:00Z,85.69,1829.85
2022-05-22T13:00:00Z,87.11,2067.4
2022-05-22T13:30:00Z,84.49,2239.35
2022-05-22T14:00:00Z,114.80999999999999,1405.3
2022-05-22T14:30:00Z,108.23,1020.65
2022-05-22T15:00:00Z,121.79999999999998,1205.9
2022-05-22T15:30:00Z,112.59000000000002,1252.25
2022-05-22T16:00:00Z,129.36,788.75
2022-05-22T16:30:00Z,144.83,932.95
2022-05-22T17:00:00Z,127.02,1034.5
2022-05-22T17:30:00Z,131.55,1276.55
2022-05-22T18:00:00Z,133.84,1071.85
2022-05-22T18:30:00Z,120.28999999999999,1150.05
2022-05-22T19:00:00Z,115.66,1152.7
2022-05-22T19:30:00Z,118.19000000000001,1267.5
2022-05-22T20:00:00Z,128.32,1402.95
2022-05-22T20:30:00Z,122.86999999999999,1349.2
2022-05-22T21:00:00Z,124.08,1230.0
2022-05-22T21:30:00Z,121.16,898.6
2022-05-22T22:00:00Z,137.36,510.35
2022-05-22T22:30:00Z,124.38000000000001,612.55
2022-05-22T23:00:00Z,140.66,621.75
2022-05-22T23:30:00Z,141.58,565.7
2022-05-23T00:00:00Z,137.77,808.1
2022-05-23T00:30:00Z,141.69,492.25
2022-05-23T01:00:00Z,141.08,802.75
2022-05-23T01:30:00Z,136.75,734.3
2022-05-23T02:00:00Z,135.77,652.5
2022-05-23T02:30:00Z,137.97,811.5
2022-05-23T03:00:00Z,127.76,569.95
2022-05-23T03:30:00Z,127.67000000000002,579.7
2022-05-23T04:00:00Z,136.78,597.9
2022-05-23T04:30:00Z,146.37,384.7
2022-05-23T05:00:00Z,164.61,460.6
2022-05-23T05:30:00Z,181.95,753.2
2022-05-23T06:00:00Z,174.49,1185.85
2022-05-23T06:30:00Z,204.54,1251.45
2022-05-23T07:00:00Z,193.57,1299.95
2022-05-23T07:30:00Z,190.67,1307.2
2022-05-23T08:00:00Z,171.94,1304.9
2022-05-23T08:30:00Z,175.12,1691.05
2022-05-23T09:00:00Z,170.06,2074.9
2022-05-23T09:30:00Z,165.13,1988.0
2022-05-23T10:00:00Z,148.11,1804.9
2022-05-23T10:30:00Z,145.28,2158.75
2022-05-23T11:00:00Z,158.09,2646.9
2022-05-23T11:30:00Z,156.07,2273.9
2022-05-23T12:00:00Z,174.94,2870.45
2022-05-23T12:30:00Z,172.8,2837.4
2022-05-23T13:00:00Z,169.04,2706.25
2022-05-23T13:30:00Z,162.3,2928.3
2022-05-23T14:00:00Z,169.34,2114.65
2022-05-23T14:30:00Z,171.53,2107.65
2022-05-23T15:00:00Z,174.32,2310.5
2022-05-23T15:30:00Z,171.61,2459.5
2022-05-23T16:00:00Z,176.72,2277.95
2022-05-23T16:30:00Z,174.54,2270.0
2022-05-23T17:00:00Z,177.62,2269.8
2022-05-23T17:30:00Z,176.91,2201.3
2022-05-23T18:00:00Z,183.8,1821.25
2022-05-23T18:30:00Z,180.12,1780.35
2022-05-23T19:00:00Z,181.12,2322.65
2022-05-23T19:30:00Z,166.1,1694.3
2022-05-23T20:00:00Z,176.62,1419.65
2022-05-23T20:30:00Z,160.99,1768.4
2022-05-23T21:00:00Z,146.58,2012.15
2022-05-23T21:30:00Z,139.7,2371.45
2022-05-23T22:00:00Z,122.12,1164.95
2022-05-23T22:30:00Z,132.96,950.1
2022-05-23T23:00:00Z,130.86,1024.9
2022-05-23T23:30:00Z,131.41,1060.7
2022-05-24T00:00:00Z,147.09,834.2
2022-05-24T00:30:00Z,151.4,1007.15
2022-05-24T01:00:00Z,141.51,1017.0
2022-05-24T01:30:00Z,139.92,910.6
2022-05-24T02:00:00Z,146.56,920.15
2022-05-24T02:30:00Z,138.27,907.8
2022-05-24T03:00:00Z,139.83,777.5
2022-05-24T03:30:00Z,139.99,880.3
2022-05-24T04:00:00Z,139.48,811.35
2022-05-24T04:30:00Z,131.81,866.7
2022-05-24T05:00:00Z,132.9,1205.85
2022-05-24T05:30:00Z,135.7,1435.3
2022-05-24T06:00:00Z,151.82,1568.5
2022-05-24T06:30:00Z,176.25,1746.65
2022-05-24T07:00:00Z,188.75,1680.9
2022-05-24T07:30:00Z,189.39,1871.85
2022-05-24T08:00:00Z,171.15,2015.45
2022-05-24T08:30:00Z,167.92,2051.9
2022-05-24T09:00:00Z,164.33,1791.2
2022-05-24T09:30:00Z,164.6,1898.2
2022-05-24T10:00:00Z,131.38,1497.65
2022-05-24T10:30:00Z,126.81999999999998,1516.8
2022-05-24T11:00:00Z,122.62,1642.75
2022-05-24T11:30:00Z,126.38000000000001,1473.4
2022-05-24T12:00:00Z,119.25,1213.65
2022-05-24T12:30:00Z,109.52,1278.3
2022-05-24T13:00:00Z,105.08,1375.8
2022-05-24T13:30:00Z,107.06,1266.9
2022-05-24T14:00:00Z,80.45,1105.15
2022-05-24T14:30:00Z,91.21,1155.4
2022-05-24T15:00:00Z,97.32,1182.55
2022-05-24T15:30:00Z,99.43,1516.9
2022-05-24T16:00:00Z,121.88,1736.9
2022-05-24T16:30:00Z,126.55,1855.95
2022-05-24T17:00:00Z,136.96,1660.2
2022-05-24T17:30:00Z,136.26,1767.95
2022-05-24T18:00:00Z,129.95,1411.0
2022-05-24T18:30:00Z,130.13,1632.7
2022-05-24T19:00:00Z,124.60000000000001,1685.9
2022-05-24T19:30:00Z,124.87,1564.7
2022-05-24T20:00:00Z,122.62999999999998,1153.8
2022-05-24T20:30:00Z,117.24,975.9
2022-05-24T21:00:00Z,120.80999999999999,1095.9
2022-05-24T21:30:00Z,124.86999999999999,1595.85
2022-05-24T22:00:00Z,129.56,879.85
2022-05-24T22:30:00Z,118.67,544.85
2022-05-24T23:00:00Z,127.92,641.95
2022-05-24T23:30:00Z,144.69,710.65
2022-05-25T00:00:00Z,135.53,847.3
2022-05-25T00:30:00Z,137.86,826.8
2022-05-25T01:00:00Z,133.18,997.6
2022-05-25T01:30:00Z,118.09,1003.85
2022-05-25T02:00:00Z,121.62,652.7
2022-05-25T02:30:00Z,111.06,673.35
2022-05-25T03:00:00Z,110.88,642.8
2022-05-25T03:30:00Z,100.65,700.25
2022-05-25T04:00:00Z,102.22999999999999,714.25
2022-05-25T04:30:00Z,92.95999999999998,929.25
2022-05-25T05:00:00Z,97.17,1032.2
2022-05-25T05:30:00Z,98.0,1431.7
2022-05-25T06:00:00Z,101.08,1022.35
2022-05-25T06:30:00Z,112.2,1467.85
2022-05-25T07:00:00Z,114.72,1520.55
2022-05-25T07:30:00Z,108.64,1450.2
2022-05-25T08:00:00Z,88.24,1318.2
2022-05-25T08:30:00Z,92.63,1609.15
2022-05-25T09:00:00Z,84.53,1775.9
2022-05-25T09:30:00Z,90.66,2279.85
2022-05-25T10:00:00Z,85.96,2312.35
2022-05-25T10:30:00Z,93.99,2558.15
2022-05-25T11:00:00Z,98.19,2470.45
2022-05-25T11:30:00Z,93.3,2307.4
2022-05-25T12:00:00Z,97.25,2536.3
2022-05-25T12:30:00Z,87.21,2336.15
2022-05-25T13:00:00Z,86.28,2361.2
2022-05-25T13:30:00Z,85.04,2337.85
2022-05-25T14:00:00Z,89.29,1823.25
2022-05-25T14:30:00Z,96.18,1807.3
2022-05-25T15:00:00Z,95.15,2014.3
2022-05-25T15:30:00Z,96.24,2033.9
2022-05-25T16:00:00Z,115.59,1717.9
2022-05-25T16:30:00Z,109.25,1415.25
2022-05-25T17:00:00Z,104.98000000000002,1726.2
2022-05-25T17:30:00Z,112.31,1684.8
2022-05-25T18:00:00Z,122.08,1076.3
2022-05-25T18:30:00Z,124.97999999999999,1145.85
2022-05-25T19:00:00Z,124.43999999999998,1100.75
2022-05-25T19:30:00Z,126.66,940.15
2022-05-25T20:00:00Z,123.96,1289.95
2022-05-25T20:30:00Z,122.23,1077.1
2022-05-25T21:00:00Z,113.87999999999998,1404.85
2022-05-25T21:30:00Z,112.44,1749.05
2022-05-25T22:00:00Z,106.63,1154.2
2022-05-25T22:30:00Z,112.16,684.25
2022-05-25T23:00:00Z,91.94,899.75
2022-05-25T23:30:00Z,80.3,710.0
2022-05-26T00:00:00Z,75.3,724.85
2022-05-26T00:30:00Z,64.79,989.8
2022-05-26T01:00:00Z,74.06,1181.5
2022-05-26T01:30:00Z,73.52,1180.3
2022-05-26T02:00:00Z,68.59,619.4
2022-05-26T02:30:00Z,68.07,817.85
2022-05-26T03:00:00Z,92.42,1129.6
2022-05-26T03:30:00Z,84.33,1253.45
2022-05-26T04:00:00Z,85.20999999999998,811.1
2022-05-26T04:30:00Z,102.51,986.15
2022-05-26T05:00:00Z,86.34,1058.25
2022-05-26T05:30:00Z,119.37,1273.75
2022-05-26T06:00:00Z,97.99,1104.65
2022-05-26T06:30:00Z,113.15,1288.0
2022-05-26T07:00:00Z,118.41,1332.65
2022-05-26T07:30:00Z,106.77,1289.25
2022-05-26T08:00:00Z,109.93,1401.3
2022-05-26T08:30:00Z,108.27,1335.95
2022-05-26T09:00:00Z,101.3,1257.55
2022-05-26T09:30:00Z,91.44,1415.4
2022-05-26T10:00:00Z,89.06,1939.35
2022-05-26T10:30:00Z,93.47,2106.05
2022-05-26T11:00:00Z,88.26,1801.4
2022-05-26T11:30:00Z,89.58,1918.65
2022-05-26T12:00:00Z,93.56,1958.45
2022-05-26T12:30:00Z,84.5,1933.4
2022-05-26T13:00:00Z,90.79,2043.7
2022-05-26T13:30:00Z,91.26,2186.85
2022-05-26T14:00:00Z,91.85000000000001,1466.0
2022-05-26T14:30:00Z,87.67,1511.8
2022-05-26T15:00:00Z,88.43,1540.05
2022-05-26T15:30:00Z,94.58,1994.3
2022-05-26T16:00:00Z,98.04,1682.2
2022-05-26T16:30:00Z,101.12,1627.7
2022-05-26T17:00:00Z,104.04,1851.6
2022-05-26T17:30:00Z,99.67000000000002,1824.0
2022-05-26T18:00:00Z,114.46,1861.0
2022-05-26T18:30:00Z,113.25,1717.4
2022-05-26T19:00:00Z,105.18,1802.7
2022-05-26T19:30:00Z,106.97,1841.95
2022-05-26T20:00:00Z,107.76,2247.25
2022-05-26T20:30:00Z,107.12,2188.8
2022-05-26T21:00:00Z,108.05,2110.15
2022-05-26T21:30:00Z,107.11,2117.8
2022-05-26T22:00:00Z,114.08999999999999,1229.75
2022-05-26T22:30:00Z,112.04,822.65
2022-05-26T23:00:00Z,97.86,1020.55
2022-05-26T23:30:00Z,63.879999999999995,905.1
2022-05-27T00:00:00Z,61.4,951.35
2022-05-27T00:30:00Z,59.339999999999996,1152.35
2022-05-27T01:00:00Z,76.18,1224.1
2022-05-27T01:30:00Z,72.93,947.5
2022-05-27T02:00:00Z,76.97,657.65
2022-05-27T02:30:00Z,72.51,701.55
2022-05-27T03:00:00Z,80.47,655.05
2022-05-27T03:30:00Z,87.9,755.7
2022-05-27T04:00:00Z,42.43,662.8
2022-05-27T04:30:00Z,33.26,679.1
2022-05-27T05:00:00Z,94.49000000000001,914.65
2022-05-27T05:30:00Z,121.7,986.9
2022-05-27T06:00:00Z,121.12,1518.15
2022-05-27T06:30:00Z,134.7,1331.25
2022-05-27T07:00:00Z,128.68,1284.4
2022-05-27T07:30:00Z,107.83,1398.0
2022-05-27T08:00:00Z,103.48000000000002,1514.8
2022-05-27T08:30:00Z,108.28999999999999,1574.85
2022-05-27T09:00:00Z,108.89,1545.75
2022-05-27T09:30:00Z,106.83000000000001,1642.45
2022-05-27T10:00:00Z,105.43,1828.0
2022-05-27T10:30:00Z,107.63,1803.15
2022-05-27T11:00:00Z,103.38,1474.85
2022-05-27T11:30:00Z,101.32,1649.9
2022-05-27T12:00:00Z,101.9,1967.55
2022-05-27T12:30:00Z,101.88,2045.95
2022-05-27T13:00:00Z,105.48,1961.8
2022-05-27T13:30:00Z,105.39,1793.25
2022-05-27T14:00:00Z,115.49,1050.2
2022-05-27T14:30:00Z,119.26999999999998,1198.85
2022-05-27T15:00:00Z,117.52,1398.35
2022-05-27T15:30:00Z,125.59999999999998,1314.15
2022-05-27T16:00:00Z,137.37,1556.3
2022-05-27T16:30:00Z,120.57999999999998,1608.0
2022-05-27T17:00:00Z,134.49,1462.4
2022-05-27T17:30:00Z,134.6,1337.75
2022-05-27T18:00:00Z,141.57,1336.65
2022-05-27T18:30:00Z,145.52,1275.1
2022-05-27T19:00:00Z,143.72,1001.05
2022-05-27T19:30:00Z,145.02,1427.25
2022-05-27T20:00:00Z,148.67,1433.85
2022-05-27T20:30:00Z,149.59,1300.8
2022-05-27T21:00:00Z,143.66,1411.9
2022-05-27T21:30:00Z,138.38,1546.05
2022-05-27T22:00:00Z,157.16999999999996,857.65
2022-05-27T22:30:00Z,156.21,899.15
2022-05-27T23:00:00Z,120.37,656.95
2022-05-27T23:30:00Z,95.01,859.5
2022-05-28T00:00:00Z,120.68,911.25
2022-05-28T00:30:00Z,136.39,1093.3
2022-05-28T01:00:00Z,127.03,1097.3
2022-05-28T01:30:00Z,123.24,1165.75
2022-05-28T02:00:00Z,122.16,730.7
2022-05-28T02:30:00Z,129.45,937.25
2022-05-28T03:00:00Z,139.76,873.4
2022-05-28T03:30:00Z,145.32,814.95
2022-05-28T04:00:00Z,137.33,895.3
2022-05-28T04:30:00Z,130.32,1022.35
2022-05-28T05:00:00Z,141.33,895.1
2022-05-28T05:30:00Z,142.38,1061.6
2022-05-28T06:00:00Z,149.16,1025.5
2022-05-28T06:30:00Z,169.37,980.5
2022-05-28T07:00:00Z,149.18,849.05
2022-05-28T07:30:00Z,157.65,993.35
2022-05-28T08:00:00Z,154.68,1151.0
2022-05-28T08:30:00Z,157.57,1197.85
2022-05-28T09:00:00Z,160.42,1119.5
2022-05-28T09:30:00Z,157.32,1333.75
2022-05-28T10:00:00Z,154.15,811.35
2022-05-28T10:30:00Z,161.95,1032.6
2022-05-28T11:00:00Z,175.7,886.0
2022-05-28T11:30:00Z,173.26,890.0
2022-05-28T12:00:00Z,158.28,1413.5
2022-05-28T12:30:00Z,140.32,1252.65
2022-05-28T13:00:00Z,152.55,986.0
2022-05-28T13:30:00Z,146.51,1037.95
2022-05-28T14:00:00Z,144.21,1010.5
2022-05-28T14:30:00Z,132.09,1108.75
2022-05-28T15:00:00Z,135.19,1066.75
2022-05-28T15:30:00Z,138.36,1127.65
2022-05-28T16:00:00Z,142.08,1080.7
2022-05-28T16:30:00Z,138.55,1352.6
2022-05-28T17:00:00Z,149.51,1368.85
2022-05-28T17:30:00Z,155.35,1358.85
2022-05-28T18:00:00Z,177.16,1218.75
2022-05-28T18:30:00Z,174.44,1200.85
2022-05-28T19:00:00Z,164.33,1231.2
2022-05-28T19:30:00Z,158.72,1182.15
2022-05-28T20:00:00Z,169.81,883.15
2022-05-28T20:30:00Z,162.58,1011.55
2022-05-28T21:00:00Z,164.72000000000003,851.05
2022-05-28T21:30:00Z,162.1,997.65
2022-05-28T22:00:00Z,122.51,962.45
2022-05-28T22:30:00Z,147.12,660.4
2022-05-28T23:00:00Z,130.06,712.4
2022-05-28T23:30:00Z,137.32,560.5
2022-05-29T00:00:00Z,135.04,523.7
2022-05-29T00:30:00Z,149.65000000000003,453.15
2022-05-29T01:00:00Z,132.27,412.1
2022-05-29T01:30:00Z,111.27,330.8
2022-05-29T02:00:00Z,106.43000000000002,398.9
2022-05-29T02:30:00Z,93.49,482.2
2022-05-29T03:00:00Z,129.84,600.1
2022-05-29T03:30:00Z,126.58,549.25
2022-05-29T04:00:00Z,147.83,487.05
2022-05-29T04:30:00Z,136.71,537.6
2022-05-29T05:00:00Z,114.98,540.35
2022-05-29T05:30:00Z,122.16,695.5
2022-05-29T06:00:00Z,114.75,722.1
2022-05-29T06:30:00Z,118.32,1103.15
2022-05-29T07:00:00Z,117.51,820.35
2022-05-29T07:30:00Z,111.68999999999998,1219.9
2022-05-29T08:00:00Z,103.1,1082.1
2022-05-29T08:30:00Z,114.36000000000001,1290.8
2022-05-29T09:00:00Z,124.67999999999999,1118.05
2022-05-29T09:30:00Z,137.57,1356.95
2022-05-29T10:00:00Z,150.39,1059.8
2022-05-29T10:30:00Z,154.92,1088.05
2022-05-29T11:00:00Z,162.5,1037.0
2022-05-29T11:30:00Z,164.26,1115.4
2022-05-29T12:00:00Z,160.0,1052.5
2022-05-29T12:30:00Z,155.24,926.05
2022-05-29T13:00:00Z,157.79,1121.45
2022-05-29T13:30:00Z,153.37,1139.85
2022-05-29T14:00:00Z,147.84,948.35
2022-05-29T14:30:00Z,149.43,1091.75
2022-05-29T15:00:00Z,145.43,1022.05
2022-05-29T15:30:00Z,134.75,1025.85
2022-05-29T16:00:00Z,162.48,1087.65
2022-05-29T16:30:00Z,157.0,1049.75
2022-05-29T17:00:00Z,171.98,754.0
2022-05-29T17:30:00Z,178.4,1028.2
2022-05-29T18:00:00Z,196.03,1141.35
2022-05-29T18:30:00Z,209.05,1155.95
2022-05-29T19:00:00Z,196.31,1210.1
2022-05-29T19:30:00Z,180.34,958.9
2022-05-29T20:00:00Z,200.08,831.8
2022-05-29T20:30:00Z,184.02000000000004,765.35
2022-05-29T21:00:00Z,185.8,890.3
2022-05-29T21:30:00Z,176.52,959.15
2022-05-29T22:00:00Z,210.48,473.65
2022-05-29T22:30:00Z,157.6,385.05
2022-05-29T23:00:00Z,183.44,602.15
2022-05-29T23:30:00Z,186.13,549.25
2022-05-30T00:00:00Z,169.77,361.8
2022-05-30T00:30:00Z,163.1,395.35
2022-05-30T01:00:00Z,175.93,508.3
2022-05-30T01:30:00Z,151.8,303.35
2022-05-30T02:00:00Z,156.14,400.3
2022-05-30T02:30:00Z,149.4,387.85
2022-05-30T03:00:00Z,158.31,476.85
2022-05-30T03:30:00Z,143.78,474.8
2022-05-30T04:00:00Z,153.55,471.2
2022-05-30T04:30:00Z,158.37,578.3
2022-05-30T05:00:00Z,206.21999999999997,814.1
2022-05-30T05:30:00Z,201.88,913.45
2022-05-30T06:00:00Z,172.8,1116.25
2022-05-30T06:30:00Z,206.52,1133.9
2022-05-30T07:00:00Z,196.22,1044.85
2022-05-30T07:30:00Z,212.6,1190.7
2022-05-30T08:00:00Z,204.17,1278.6
2022-05-30T08:30:00Z,201.93999999999997,1602.9
2022-05-30T09:00:00Z,193.43,1671.9
2022-05-30T09:30:00Z,192.83,1817.2
2022-05-30T10:00:00Z,190.27,1668.3
2022-05-30T10:30:00Z,188.27,1466.35
2022-05-30T11:00:00Z,182.48,1598.65
2022-05-30T11:30:00Z,182.4,1498.25
2022-05-30T12:00:00Z,182.26,1406.4
2022-05-30T12:30:00Z,171.25,1547.75
2022-05-30T13:00:00Z,168.32,1424.65
2022-05-30T13:30:00Z,164.84,1475.0
2022-05-30T14:00:00Z,152.26,1240.15
2022-05-30T14:30:00Z,164.88,1154.3
2022-05-30T15:00:00Z,178.78,1448.55
2022-05-30T15:30:00Z,186.19,1560.55
2022-05-30T16:00:00Z,185.69000000000003,1552.75
2022-05-30T16:30:00Z,188.6,1503.15
2022-05-30T17:00:00Z,207.13,1587.9
2022-05-30T17:30:00Z,205.4,1448.3
2022-05-30T18:00:00Z,219.26,1307.1
2022-05-30T18:30:00Z,218.98,1167.1
2022-05-30T19:00:00Z,213.76,1167.15
2022-05-30T19:30:00Z,201.01,1111.6
2022-05-30T20:00:00Z,177.26,1084.85
2022-05-30T20:30:00Z,166.78,1070.35
2022-05-30T21:00:00Z,166.46,1390.15
2022-05-30T21:30:00Z,150.07,1027.6
2022-05-30T22:00:00Z,154.42,433.7
2022-05-30T22:30:00Z,138.55,509.6
2022-05-30T23:00:00Z,139.4,545.15
2022-05-30T23:30:00Z,128.76,308.6
2022-05-31T00:00:00Z,125.92,349.05
2022-05-31T00:30:00Z,128.4,512.35
2022-05-31T01:00:00Z,134.64,642.6
2022-05-31T01:30:00Z,139.08,529.0
2022-05-31T02:00:00Z,127.39999999999999,416.2
2022-05-31T02:30:00Z,123.79,316.5
2022-05-31T03:00:00Z,119.38,482.65
2022-05-31T03:30:00Z,133.1,701.45
2022-05-31T04:00:00Z,128.8,703.5
2022-05-31T04:30:00Z,124.84,471.25
2022-05-31T05:00:00Z,129.2,740.45
2022-05-31T05:30:00Z,146.2,1096.65
2022-05-31T06:00:00Z,176.91000000000003,1534.5
2022-05-31T06:30:00Z,202.21,1869.3
2022-05-31T07:00:00Z,164.70000000000002,1699.8
2022-05-31T07:30:00Z,187.09,1695.6
2022-05-31T08:00:00Z,168.22,1323.95
2022-05-31T08:30:00Z,164.93,1470.4
2022-05-31T09:00:00Z,165.72,1879.6
2022-05-31T09:30:00Z,156.62999999999997,1835.75
2022-05-31T10:00:00Z,133.42,1678.15
2022-05-31T10:30:00Z,132.43,1694.15
2022-05-31T11:00:00Z,139.99,2098.25
2022-05-31T11:30:00Z,138.82,1881.7
2022-05-31T12:00:00Z,146.35,1930.4
2022-05-31T12:30:00Z,138.58,1836.25
2022-05-31T13:00:00Z,139.52,1817.75
2022-05-31T13:30:00Z,135.62,1771.8
2022-05-31T14:00:00Z,136.14,1678.8
2022-05-31T14:30:00Z,144.04,1512.55
2022-05-31T15:00:00Z,142.26,1728.9
2022-05-31T15:30:00Z,160.59,1536.0
2022-05-31T16:00:00Z,176.52,1591.2
2022-05-31T16:30:00Z,190.73,1559.55
2022-05-31T17:00:00Z,178.81,1655.1
2022-05-31T17:30:00Z,182.38,1425.45
2022-05-31T18:00:00Z,194.26,1092.5
2022-05-31T18:30:00Z,189.35,1125.05
2022-05-31T19:00:00Z,198.32,1023.15
2022-05-31T19:30:00Z,187.66,969.15
2022-05-31T20:00:00Z,190.33,1098.3
2022-05-31T20:30:00Z,177.74,951.05
2022-05-31T21:00:00Z,183.06000000000003,949.3
2022-05-31T21:30:00Z,169.17,1122.35
2022-05-31T22:00:00Z,185.48,634.1
2022-05-31T22:30:00Z,145.57,325.45
2022-05-31T23:00:00Z,145.62,191.05
2022-05-31T23:30:00Z,123.34,162.1
2022-06-01T00:00:00Z,136.85,147.25
2022-06-01T00:30:00Z,124.24000000000001,171.85
2022-06-01T01:00:00Z,136.16,134.25
2022-06-01T01:30:00Z,121.88,109.55
2022-06-01T02:00:00Z,118.83,99.15
2022-06-01T02:30:00Z,116.9,134.4
2022-06-01T03:00:00Z,118.96000000000001,138.3
2022-06-01T03:30:00Z,122.58,106.1
2022-06-01T04:00:00Z,126.73000000000002,187.8
2022-06-01T04:30:00Z,135.13,241.8
2022-06-01T05:00:00Z,146.63,340.15
2022-06-01T05:30:00Z,177.62,628.3
2022-06-01T06:00:00Z,164.84,705.05
2022-06-01T06:30:00Z,199.17,796.85
2022-06-01T07:00:00Z,165.72,753.95
2022-06-01T07:30:00Z,172.82,861.3
2022-06-01T08:00:00Z,172.84,892.6
2022-06-01T08:30:00Z,169.76,1032.2
2022-06-01T09:00:00Z,174.61,1214.05
2022-06-01T09:30:00Z,166.12,1022.9
2022-06-01T10:00:00Z,163.46,1347.8
2022-06-01T10:30:00Z,173.68,1482.8
2022-06-01T11:00:00Z,162.1,1408.55
2022-06-01T11:30:00Z,156.54,1314.6
2022-06-01T12:00:00Z,149.61,1331.5
2022-06-01T12:30:00Z,142.29,1086.5
2022-06-01T13:00:00Z,149.27,1482.15
2022-06-01T13:30:00Z,146.88,1318.95
2022-06-01T14:00:00Z,150.05000000000004,988.2
2022-06-01T14:30:00Z,155.11,939.25
2022-06-01T15:00:00Z,150.74,1100.15
2022-06-01T15:30:00Z,161.1,1215.5
2022-06-01T16:00:00Z,166.38,1386.65
2022-06-01T16:30:00Z,170.02,1527.05
2022-06-01T17:00:00Z,179.64,1470.25
2022-06-01T17:30:00Z,182.54,1523.05
2022-06-01T18:00:00Z,185.72,1288.35
2022-06-01T18:30:00Z,191.03,1323.65
2022-06-01T19:00:00Z,201.68,1491.45
2022-06-01T19:30:00Z,181.47,1481.05
2022-06-01T20:00:00Z,170.96,1106.65
2022-06-01T20:30:00Z,176.05,1096.1
2022-06-01T21:00:00Z,192.89000000000001,880.15
2022-06-01T21:30:00Z,171.95,949.45
2022-06-01T22:00:00Z,198.22,569.4
2022-06-01T22:30:00Z,191.82,311.0
2022-06-01T23:00:00Z,175.46,377.3
2022-06-01T23:30:00Z,135.45,346.8
2022-06-02T00:00:00Z,141.71,580.8
2022-06-02T00:30:00Z,139.34,594.1
2022-06-02T01:00:00Z,138.66,404.1
2022-06-02T01:30:00Z,127.85,610.15
2022-06-02T02:00:00Z,131.65,488.85
2022-06-02T02:30:00Z,129.07,579.75
2022-06-02T03:00:00Z,136.5,548.6
2022-06-02T03:30:00Z,134.86,558.05
2022-06-02T04:00:00Z,153.23,268.55
2022-06-02T04:30:00Z,152.49,313.15
2022-06-02T05:00:00Z,126.61,405.05
2022-06-02T05:30:00Z,144.11,510.3
2022-06-02T06:00:00Z,154.92,969.75
2022-06-02T06:30:00Z,161.85,1229.3
2022-06-02T07:00:00Z,137.58,953.05
2022-06-02T07:30:00Z,150.5,1110.5
2022-06-02T08:00:00Z,161.43,1071.45
2022-06-02T08:30:00Z,151.41,1278.7
2022-06-02T09:00:00Z,161.16,1424.9
2022-06-02T09:30:00Z,158.67,1713.65
2022-06-02T10:00:00Z,146.0,1351.8
2022-06-02T10:30:00Z,139.13,1513.6
2022-06-02T11:00:00Z,136.04,1287.15
2022-06-02T11:30:00Z,137.12,1223.05
2022-06-02T12:00:00Z,142.61,1286.8
2022-06-02T12:30:00Z,135.02,1228.8
2022-06-02T13:00:00Z,145.23,1229.65
2022-06-02T13:30:00Z,138.73,1060.55
2022-06-02T14:00:00Z,139.06,1004.35
2022-06-02T14:30:00Z,145.36,1115.2
2022-06-02T15:00:00Z,125.91,1187.35
2022-06-02T15:30:00Z,137.86,1122.45
2022-06-02T16:00:00Z,166.73,1242.55
2022-06-02T16:30:00Z,177.48,1241.3
2022-06-02T17:00:00Z,172.52,1474.75
2022-06-02T17:30:00Z,166.93,1551.1
2022-06-02T18:00:00Z,178.5,1467.05
2022-06-02T18:30:00Z,182.26,1141.15
2022-06-02T19:00:00Z,178.53,1190.9
2022-06-02T19:30:00Z,172.48,1212.0
2022-06-02T20:00:00Z,179.24,730.85
2022-06-02T20:30:00Z,176.21,690.35
2022-06-02T21:00:00Z,164.06,1008.0
2022-06-02T21:30:00Z,139.97,814.25
2022-06-02T22:00:00Z,167.23,775.9
2022-06-02T22:30:00Z,175.08,633.55
2022-06-02T23:00:00Z,166.48,834.65
2022-06-02T23:30:00Z,149.59,693.15
2022-06-03T00:00:00Z,122.32,711.65
2022-06-03T00:30:00Z,119.52,806.2
2022-06-03T01:00:00Z,131.25,902.4
2022-06-03T01:30:00Z,125.78,834.05
2022-06-03T02:00:00Z,133.51,643.2
2022-06-03T02:30:00Z,138.15,661.15
2022-06-03T03:00:00Z,137.62,587.45
2022-06-03T03:30:00Z,109.38000000000001,663.7
2022-06-03T04:00:00Z,121.17,814.0
2022-06-03T04:30:00Z,116.49000000000001,679.85
2022-06-03T05:00:00Z,136.6,761.5
2022-06-03T05:30:00Z,140.35,769.1
2022-06-03T06:00:00Z,129.08,914.85
2022-06-03T06:30:00Z,139.21,1129.4
2022-06-03T07:00:00Z,154.25,1156.55
2022-06-03T07:30:00Z,152.7,1004.75
2022-06-03T08:00:00Z,142.92,1184.15
2022-06-03T08:30:00Z,136.09,1143.9
2022-06-03T09:00:00Z,120.53,1015.3
2022-06-03T09:30:00Z,114.42,1128.55
2022-06-03T10:00:00Z,119.15,1111.8
2022-06-03T10:30:00Z,110.96000000000001,1348.7
2022-06-03T11:00:00Z,88.74,1105.0
2022-06-03T11:30:00Z,92.45,1128.1
2022-06-03T12:00:00Z,95.08,1244.5
2022-06-03T12:30:00Z,109.86,1628.75
2022-06-03T13:00:00Z,117.89,1653.4
2022-06-03T13:30:00Z,105.85,1349.9
2022-06-03T14:00:00Z,118.4,1282.3
2022-06-03T14:30:00Z,118.05000000000001,1163.9
2022-06-03T15:00:00Z,117.42,1097.8
2022-06-03T15:30:00Z,125.13,1212.35
2022-06-03T16:00:00Z,128.8,1135.3
2022-06-03T16:30:00Z,135.65,917.15
2022-06-03T17:00:00Z,139.57,1216.9
2022-06-03T17:30:00Z,150.05,1181.55
2022-06-03T18:00:00Z,144.69,1033.0
2022-06-03T18:30:00Z,132.0,911.9
2022-06-03T19:00:00Z,129.61,825.3
2022-06-03T19:30:00Z,125.56,1038.25
2022-06-03T20:00:00Z,117.17,1101.25
2022-06-03T20:30:00Z,114.52,919.25
2022-06-03T21:00:00Z,111.63,1250.45
2022-06-03T21:30:00Z,123.15000000000002,1623.7
2022-06-03T22:00:00Z,117.46,874.8
2022-06-03T22:30:00Z,126.63,599.95
2022-06-03T23:00:00Z,121.81,580.75
2022-06-03T23:30:00Z,97.8,451.6
2022-06-04T00:00:00Z,101.03,506.75
2022-06-04T00:30:00Z,112.92,519.2
2022-06-04T01:00:00Z,112.58,579.95
2022-06-04T01:30:00Z,106.06,547.05
2022-06-04T02:00:00Z,104.48,512.6
2022-06-04T02:30:00Z,103.85,458.15
2022-06-04T03:00:00Z,103.72,665.45
2022-06-04T03:30:00Z,108.62,664.1
2022-06-04T04:00:00Z,105.92000000000002,382.1
2022-06-04T04:30:00Z,117.33,439.15
2022-06-04T05:00:00Z,103.62,583.05
2022-06-04T05:30:00Z,113.73,776.15
2022-06-04T06:00:00Z,113.92,821.65
2022-06-04T06:30:00Z,135.79,1046.2
2022-06-04T07:00:00Z,145.85,1121.3
2022-06-04T07:30:00Z,161.62,1271.1
2022-06-04T08:00:00Z,148.94,1713.75
2022-06-04T08:30:00Z,160.79,1520.85
2022-06-04T09:00:00Z,156.76,1341.55
2022-06-04T09:30:00Z,154.9,1340.25
2022-06-04T10:00:00Z,138.27,931.6
2022-06-04T10:30:00Z,119.34,777.9
2022-06-04T11:00:00Z,100.50999999999999,799.75
2022-06-04T11:30:00Z,97.21000000000001,819.55
2022-06-04T12:00:00Z,116.3,1183.5
2022-06-04T12:30:00Z,103.29,1249.7
2022-06-04T13:00:00Z,111.4,1116.25
2022-06-04T13:30:00Z,109.56,1179.15
2022-06-04T14:00:00Z,85.43,1221.45
2022-06-04T14:30:00Z,80.88,1307.85
2022-06-04T15:00:00Z,85.48,1346.85
2022-06-04T15:30:00Z,83.35,1378.05
2022-06-04T16:00:00Z,110.33,1178.9
2022-06-04T16:30:00Z,115.5,1040.4
2022-06-04T17:00:00Z,126.45000000000002,1252.45
2022-06-04T17:30:00Z,139.58,1595.7
2022-06-04T18:00:00Z,152.9,1385.75
2022-06-04T18:30:00Z,154.39,1477.8
2022-06-04T19:00:00Z,144.09,1385.25
2022-06-04T19:30:00Z,138.64,1434.6
2022-06-04T20:00:00Z,122.95,1445.4
2022-06-04T20:30:00Z,125.32,1208.0
2022-06-04T21:00:00Z,121.42000000000002,1211.4
2022-06-04T21:30:00Z,125.51,1574.15
2022-06-04T22:00:00Z,61.67,781.5
2022-06-04T22:30:00Z,100.94,551.9
2022-06-04T23:00:00Z,121.23000000000002,831.85
2022-06-04T23:30:00Z,125.14,691.75
2022-06-05T00:00:00Z,120.04999999999998,678.35
2022-06-05T00:30:00Z,111.98,687.6
2022-06-05T01:00:00Z,111.26999999999998,855.3
2022-06-05T01:30:00Z,113.58,844.2
2022-06-05T02:00:00Z,102.39,489.2
2022-06-05T02:30:00Z,112.06,521.85
2022-06-05T03:00:00Z,97.77,524.35
2022-06-05T03:30:00Z,100.0,536.0
2022-06-05T04:00:00Z,85.23,503.25
2022-06-05T04:30:00Z,92.27,669.85
2022-06-05T05:00:00Z,108.26,670.55
2022-06-05T05:30:00Z,100.84,797.25
2022-06-05T06:00:00Z,88.61,844.4
2022-06-05T06:30:00Z,103.67,996.55
2022-06-05T07:00:00Z,100.36,934.8
2022-06-05T07:30:00Z,126.98999999999998,791.75
2022-06-05T08:00:00Z,129.17,1126.0
2022-06-05T08:30:00Z,151.06,900.3
2022-06-05T09:00:00Z,142.15,1217.75
2022-06-05T09:30:00Z,153.27,1182.45
2022-06-05T10:00:00Z,156.88,1042.3
2022-06-05T10:30:00Z,161.92,1058.2
2022-06-05T11:00:00Z,164.88,1258.8
2022-06-05T11:30:00Z,164.8,1575.65
2022-06-05T12:00:00Z,152.73,1622.95
2022-06-05T12:30:00Z,142.9,1690.2
2022-06-05T13:00:00Z,145.59,1660.3
2022-06-05T13:30:00Z,149.06,1788.0
2022-06-05T14:00:00Z,157.73,1150.4
2022-06-05T14:30:00Z,158.51,1397.25
2022-06-05T15:00:00Z,163.13,1119.55
2022-06-05T15:30:00Z,167.13,1511.2
2022-06-05T16:00:00Z,176.28,1342.5
2022-06-05T16:30:00Z,176.94000000000003,1482.3
2022-06-05T17:00:00Z,177.83,1280.45
2022-06-05T17:30:00Z,174.63,1574.45
2022-06-05T18:00:00Z,173.31,1290.6
2022-06-05T18:30:00Z,160.69,1486.65
2022-06-05T19:00:00Z,171.75,1210.2
2022-06-05T19:30:00Z,171.09,1276.25
2022-06-05T20:00:00Z,173.67,1094.4
2022-06-05T20:30:00Z,172.6,1175.15
2022-06-05T21:00:00Z,171.27,1004.25
2022-06-05T21:30:00Z,158.87,1257.25
2022-06-05T22:00:00Z,122.56999999999998,1116.25
2022-06-05T22:30:00Z,157.92,816.8
2022-06-05T23:00:00Z,142.02,570.9
2022-06-05T23:30:00Z,120.73,808.8
2022-06-06T00:00:00Z,123.1,766.95
2022-06-06T00:30:00Z,120.93,901.65
2022-06-06T01:00:00Z,111.05,1136.8
2022-06-06T01:30:00Z,118.26,1211.2
2022-06-06T02:00:00Z,124.47,1034.75
2022-06-06T02:30:00Z,120.11,843.5
2022-06-06T03:00:00Z,105.64,1136.2
2022-06-06T03:30:00Z,101.25,1171.7
2022-06-06T04:00:00Z,96.67,1159.9
2022-06-06T04:30:00Z,96.31,1052.85
2022-06-06T05:00:00Z,100.22,1218.9
2022-06-06T05:30:00Z,105.88999999999999,1462.6
2022-06-06T06:00:00Z,145.78,1432.9
2022-06-06T06:30:00Z,155.37,1492.45
2022-06-06T07:00:00Z,161.97,1180.25
2022-06-06T07:30:00Z,169.44,1248.45
2022-06-06T08:00:00Z,159.75,1586.15
2022-06-06T08:30:00Z,158.64,1464.4
2022-06-06T09:00:00Z,158.63,1595.55
2022-06-06T09:30:00Z,156.98,1658.4
2022-06-06T10:00:00Z,166.83,1263.55
2022-06-06T10:30:00Z,164.37,1091.65
2022-06-06T11:00:00Z,151.8,1468.25
2022-06-06T11:30:00Z,139.52,1348.75
2022-06-06T12:00:00Z,157.37,1237.75
2022-06-06T12:30:00Z,147.48,1344.0
2022-06-06T13:00:00Z,146.63,1473.05
2022-06-06T13:30:00Z,137.12,1397.65
2022-06-06T14:00:00Z,135.97,1149.85
2022-06-06T14:30:00Z,134.81,1274.55
2022-06-06T15:00:00Z,133.15,1255.8
2022-06-06T15:30:00Z,136.87,1486.7
2022-06-06T16:00:00Z,146.44,1631.75
2022-06-06T16:30:00Z,156.5,1606.95
2022-06-06T17:00:00Z,155.8,1678.2
2022-06-06T17:30:00Z,149.16,1783.3
2022-06-06T18:30:00Z,164.3,1569.95
2022-06-06T19:00:00Z,165.36,1383.7
2022-06-06T19:30:00Z,152.16,1321.3
2022-06-06T20:00:00Z,155.54,1678.6
2022-06-06T20:30:00Z,145.54,1657.1
2022-06-06T21:00:00Z,148.68,1709.95
2022-06-06T21:30:00Z,139.54,1718.35
2022-06-06T22:00:00Z,125.08,698.25
2022-06-06T22:30:00Z,123.25,575.05
2022-06-06T23:00:00Z,116.68,527.7
2022-06-06T23:30:00Z,107.33,435.05
2022-06-07T00:00:00Z,98.48,440.15
2022-06-07T00:30:00Z,104.63999999999999,664.7
2022-06-07T01:00:00Z,102.72,920.6
2022-06-07T01:30:00Z,101.47,745.05
2022-06-07T02:00:00Z,102.06,697.3
2022-06-07T02:30:00Z,102.12,619.4
2022-06-07T03:00:00Z,120.19000000000001,646.6
2022-06-07T03:30:00Z,106.51000000000002,648.95
2022-06-07T04:00:00Z,127.23,426.75
2022-06-07T04:30:00Z,126.55999999999999,683.1
2022-06-07T05:00:00Z,150.54,759.65
2022-06-07T05:30:00Z,177.86,605.75
2022-06-07T06:00:00Z,184.87,796.1
2022-06-07T06:30:00Z,193.59,928.1
2022-06-07T07:00:00Z,180.39,890.6
2022-06-07T07:30:00Z,187.01,1094.5
2022-06-07T08:00:00Z,165.89,1178.05
2022-06-07T08:30:00Z,164.96,1329.85
2022-06-07T09:00:00Z,173.91,1442.05
2022-06-07T09:30:00Z,169.05,1413.85
2022-06-07T10:00:00Z,166.35,1049.35
2022-06-07T10:30:00Z,162.06,1156.35
2022-06-07T11:00:00Z,160.26,1136.1
2022-06-07T11:30:00Z,160.08,1123.35
2022-06-07T12:00:00Z,156.94,1307.0
2022-06-07T12:30:00Z,152.54,1392.85
2022-06-07T13:00:00Z,145.96,1277.1
2022-06-07T13:30:00Z,143.81,1367.55
2022-06-07T14:00:00Z,155.10999999999999,898.55
2022-06-07T14:30:00Z,163.17,1107.0
2022-06-07T15:00:00Z,139.44,1291.55
2022-06-07T15:30:00Z,153.33,1209.35
2022-06-07T16:00:00Z,174.99,1278.8
2022-06-07T16:30:00Z,167.87,1664.15
2022-06-07T17:00:00Z,182.93,1411.65
2022-06-07T17:30:00Z,185.82,1229.1
2022-06-07T18:00:00Z,192.47,1038.25
2022-06-07T18:30:00Z,175.8,952.95
2022-06-07T19:00:00Z,180.22,1089.8
2022-06-07T19:30:00Z,161.98,1178.95
2022-06-07T20:00:00Z,162.97,1478.45
2022-06-07T20:30:00Z,159.21,1592.35
2022-06-07T21:00:00Z,148.02,1274.35
2022-06-07T21:30:00Z,137.34,1522.15
2022-06-07T22:00:00Z,157.33,754.5
2022-06-07T22:30:00Z,179.1,646.6
2022-06-07T23:00:00Z,168.1,692.35
2022-06-07T23:30:00Z,150.0,798.6
2022-06-08T00:00:00Z,146.42,864.75
2022-06-08T00:30:00Z,144.47,660.55
2022-06-08T01:00:00Z,146.31,699.7
2022-06-08T01:30:00Z,144.24,683.65
2022-06-08T02:00:00Z,146.37,726.45
2022-06-08T02:30:00Z,143.49,673.9
2022-06-08T03:00:00Z,143.38,745.5
2022-06-08T03:30:00Z,140.77,723.35
2022-06-08T04:00:00Z,149.0,681.6
2022-06-08T04:30:00Z,144.68,881.15
2022-06-08T05:00:00Z,162.24,906.2
2022-06-08T05:30:00Z,164.1,1411.95
2022-06-08T06:00:00Z,154.19,1330.3
2022-06-08T06:30:00Z,163.68,1462.4
2022-06-08T07:00:00Z,177.82,1414.3
2022-06-08T07:30:00Z,177.16,1377.7
2022-06-08T08:00:00Z,176.13,1466.2
2022-06-08T08:30:00Z,171.46,1358.6
2022-06-08T09:00:00Z,169.51,1389.15
2022-06-08T09:30:00Z,162.29,1555.7
2022-06-08T10:00:00Z,160.25,1078.7
2022-06-08T10:30:00Z,163.2,1233.75
2022-06-08T11:00:00Z,161.53,1155.25
2022-06-08T11:30:00Z,158.64,1308.85
2022-06-08T12:00:00Z,152.36,1910.6
2022-06-08T12:30:00Z,136.28,1442.95
2022-06-08T13:00:00Z,130.5,1465.1
2022-06-08T13:30:00Z,121.87999999999998,1679.3
2022-06-08T14:00:00Z,108.84,1171.25
2022-06-08T14:30:00Z,111.46,1088.45
2022-06-08T15:00:00Z,113.64999999999999,1226.1
2022-06-08T15:30:00Z,107.58,1346.35
2022-06-08T16:00:00Z,115.62,1673.75
2022-06-08T16:30:00Z,116.19000000000001,1810.25
2022-06-08T17:00:00Z,123.1,1610.55
2022-06-08T17:30:00Z,125.8,1908.9
2022-06-08T18:00:00Z,135.32,1252.35
2022-06-08T18:30:00Z,135.67,1031.7
2022-06-08T19:00:00Z,140.25,1285.9
2022-06-08T19:30:00Z,138.36,1110.25
2022-06-08T20:00:00Z,138.44,1126.25
2022-06-08T20:30:00Z,137.25,1106.45
2022-06-08T21:00:00Z,136.97,1388.65
2022-06-08T21:30:00Z,131.45,1670.3
2022-06-08T22:00:00Z,138.76,1422.5
2022-06-08T22:30:00Z,143.7,1372.25
2022-06-08T23:00:00Z,140.39,1358.0
2022-06-08T23:30:00Z,119.63000000000001,1476.55
2022-06-09T00:00:00Z,104.74,1425.55
2022-06-09T00:30:00Z,97.89,1498.1
2022-06-09T01:00:00Z,102.54,1673.0
2022-06-09T01:30:00Z,109.4,1798.4
2022-06-09T02:00:00Z,108.5,1052.7
2022-06-09T02:30:00Z,109.94,862.55
2022-06-09T03:00:00Z,107.81,817.7
2022-06-09T03:30:00Z,108.0,922.8
2022-06-09T04:00:00Z,107.02,756.3
2022-06-09T04:30:00Z,107.66,919.0
2022-06-09T05:00:00Z,112.74999999999999,814.4
2022-06-09T05:30:00Z,106.21000000000001,1331.15
2022-06-09T06:00:00Z,128.76,1569.55
2022-06-09T06:30:00Z,144.68,1166.6
2022-06-09T07:00:00Z,160.73,1237.1
2022-06-09T07:30:00Z,168.14,1186.85
2022-06-09T08:00:00Z,154.17,1568.85
2022-06-09T08:30:00Z,146.85,1525.95
2022-06-09T09:00:00Z,159.71000000000004,1718.15
2022-06-09T09:30:00Z,150.02,1757.45
2022-06-09T10:00:00Z,123.05,1722.6
2022-06-09T10:30:00Z,112.49,1558.85
2022-06-09T11:00:00Z,110.33,1726.25
2022-06-09T11:30:00Z,104.65,1860.8
2022-06-09T12:00:00Z,89.55,2327.6
2022-06-09T12:30:00Z,86.12,2309.05
2022-06-09T13:00:00Z,78.16,2575.0
2022-06-09T13:30:00Z,75.54,2491.35
2022-06-09T14:00:00Z,65.91,1805.95
2022-06-09T14:30:00Z,60.68,2374.4
2022-06-09T15:00:00Z,56.75,2271.9
2022-06-09T15:30:00Z,59.65,2403.65
2022-06-09T16:00:00Z,73.67,2101.85
2022-06-09T16:30:00Z,72.92,2239.65
2022-06-09T17:00:00Z,74.49,2423.4
2022-06-09T17:30:00Z,72.84,2616.75
2022-06-09T18:00:00Z,67.45,2219.8
2022-06-09T18:30:00Z,66.67,1934.85
2022-06-09T19:00:00Z,63.29,1767.1
2022-06-09T19:30:00Z,60.78,1666.95
2022-06-09T20:00:00Z,57.42,1827.95
2022-06-09T20:30:00Z,56.83,1787.7
2022-06-09T21:00:00Z,57.76,1886.4
2022-06-09T21:30:00Z,57.33,1930.5
2022-06-09T22:00:00Z,48.38,737.1
2022-06-09T22:30:00Z,39.52,587.25
2022-06-09T23:00:00Z,35.15,1046.6
2022-06-09T23:30:00Z,31.61,706.95
2022-06-10T00:00:00Z,23.49,513.5
2022-06-10T00:30:00Z,22.72,620.75
2022-06-10T01:00:00Z,22.64,646.55
2022-06-10T01:30:00Z,21.25,918.95
2022-06-10T02:00:00Z,19.85,642.35
2022-06-10T02:30:00Z,16.79,717.65
2022-06-10T03:00:00Z,16.12,792.75
2022-06-10T03:30:00Z,16.69,605.0
2022-06-10T04:00:00Z,12.469999999999999,751.45
2022-06-10T04:30:00Z,13.59,678.55
2022-06-10T05:00:00Z,21.94,1204.5
2022-06-10T05:30:00Z,28.06,1426.05
2022-06-10T06:00:00Z,37.71,986.45
2022-06-10T06:30:00Z,38.11,1219.15
2022-06-10T07:00:00Z,35.48,1087.65
2022-06-10T07:30:00Z,33.65,1181.1
2022-06-10T08:00:00Z,29.22,1385.85
2022-06-10T08:30:00Z,30.06,1309.8
2022-06-10T09:00:00Z,29.91,1432.85
2022-06-10T09:30:00Z,30.74,1527.15
2022-06-10T10:00:00Z,25.02,1233.15
2022-06-10T10:30:00Z,23.13,1326.65
2022-06-10T11:00:00Z,21.0,1310.95
2022-06-10T11:30:00Z,19.93,1540.55
2022-06-10T12:00:00Z,16.41,1878.55
2022-06-10T12:30:00Z,12.38,2091.5
2022-06-10T13:00:00Z,15.03,1769.15
2022-06-10T13:30:00Z,13.34,1829.8
2022-06-10T14:00:00Z,20.45,1909.45
2022-06-10T14:30:00Z,26.06,2121.05
2022-06-10T15:00:00Z,31.87,1923.2
2022-06-10T15:30:00Z,37.45,2013.85
2022-06-10T16:00:00Z,41.83,1532.15
2022-06-10T16:30:00Z,47.309999999999995,1512.45
2022-06-10T17:00:00Z,45.82,1675.45
2022-06-10T17:30:00Z,43.92,1704.5
2022-06-10T18:00:00Z,35.57,1341.65
2022-06-10T18:30:00Z,39.61,1132.7
2022-06-10T19:00:00Z,55.28,1181.6
2022-06-10T19:30:00Z,57.8,1213.0
2022-06-10T20:00:00Z,53.74,1221.3
2022-06-10T20:30:00Z,51.09,1196.7
2022-06-10T21:00:00Z,47.64,1319.75
2022-06-10T21:30:00Z,37.82,1414.85
2022-06-10T22:00:00Z,79.6,1270.35
2022-06-10T22:30:00Z,82.14,1125.8
2022-06-10T23:00:00Z,68.54,896.25
2022-06-10T23:30:00Z,71.01,878.1
2022-06-11T00:00:00Z,65.87,852.35
2022-06-11T00:30:00Z,63.81,690.45
2022-06-11T01:00:00Z,59.34,673.9
2022-06-11T01:30:00Z,44.38,491.2
2022-06-11T02:00:00Z,-9.16,518.95
2022-06-11T02:30:00Z,-20.26,483.45
2022-06-11T03:00:00Z,5.42,685.9
2022-06-11T03:30:00Z,3.26,790.9
2022-06-11T04:00:00Z,-2.03,523.6
2022-06-11T04:30:00Z,10.5,766.4
2022-06-11T05:00:00Z,40.89,525.05
2022-06-11T05:30:00Z,50.21,571.85
2022-06-11T06:00:00Z,63.05,936.85
2022-06-11T06:30:00Z,62.46999999999999,1077.05
2022-06-11T07:00:00Z,70.69,1144.6
2022-06-11T07:30:00Z,79.24,1194.4
2022-06-11T08:00:00Z,69.56,1780.5
2022-06-11T08:30:00Z,63.35,1606.7
2022-06-11T09:00:00Z,51.99,1642.8
2022-06-11T09:30:00Z,62.59,1819.6
2022-06-11T10:00:00Z,55.44,2065.2
2022-06-11T10:30:00Z,50.83,1912.85
2022-06-11T11:00:00Z,32.34,1852.05
2022-06-11T11:30:00Z,27.57,1911.25
2022-06-11T12:00:00Z,21.89,1669.9
2022-06-11T12:30:00Z,19.56,1631.8
2022-06-11T13:00:00Z,38.32,1857.35
2022-06-11T13:30:00Z,34.74,1861.2
2022-06-11T14:00:00Z,40.51,1683.4
2022-06-11T14:30:00Z,34.5,1604.45
2022-06-11T15:00:00Z,67.34,1738.55
2022-06-11T15:30:00Z,58.35,1642.85
2022-06-11T16:00:00Z,110.19000000000001,1234.75
2022-06-11T16:30:00Z,114.97,1312.1
2022-06-11T17:00:00Z,121.53,1275.8
2022-06-11T17:30:00Z,117.12000000000002,1398.35
2022-06-11T18:00:00Z,134.03,1331.35
2022-06-11T18:30:00Z,137.1,1165.4
2022-06-11T19:00:00Z,142.14,1239.85
2022-06-11T19:30:00Z,141.88,1073.3
2022-06-11T20:00:00Z,145.9,1039.0
2022-06-11T20:30:00Z,150.02,843.9
2022-06-11T21:00:00Z,159.99,951.35
2022-06-11T21:30:00Z,157.06,1136.1
2022-06-11T22:00:00Z,155.84,946.05
2022-06-11T22:30:00Z,166.58,595.35
2022-06-11T23:00:00Z,145.01,756.25
2022-06-11T23:30:00Z,123.21,773.7
2022-06-12T00:00:00Z,141.8,560.65
2022-06-12T00:30:00Z,142.42,573.8
2022-06-12T01:00:00Z,151.22,642.35
2022-06-12T01:30:00Z,124.03,585.5
2022-06-12T02:00:00Z,103.01,776.55
2022-06-12T02:30:00Z,107.52,803.95
2022-06-12T03:00:00Z,112.05000000000001,782.15
2022-06-12T03:30:00Z,112.03,771.5
2022-06-12T04:00:00Z,126.8,527.2
2022-06-12T04:30:00Z,137.98,423.6
2022-06-12T05:00:00Z,129.31,654.85
2022-06-12T05:30:00Z,142.43,672.9
2022-06-12T06:00:00Z,128.87,1070.35
2022-06-12T06:30:00Z,144.05,1133.15
2022-06-12T07:00:00Z,57.37,593.85
2022-06-12T07:30:00Z,47.38,821.65
2022-06-12T08:00:00Z,101.2,1558.7
2022-06-12T08:30:00Z,97.17,1641.9
2022-06-12T09:00:00Z,103.41,1348.8
2022-06-12T09:30:00Z,107.88,1585.65
2022-06-12T10:00:00Z,102.37,670.75
2022-06-12T10:30:00Z,114.81,1083.6
2022-06-12T11:00:00Z,110.79,1025.8
2022-06-12T11:30:00Z,98.47,996.25
2022-06-12T12:00:00Z,83.43999999999998,950.2
2022-06-12T12:30:00Z,81.95,1069.85
2022-06-12T13:00:00Z,64.38,1099.45
2022-06-12T13:30:00Z,58.24999999999999,1356.3
2022-06-12T14:00:00Z,102.81,995.15
2022-06-12T14:30:00Z,92.99,1089.15
2022-06-12T15:00:00Z,126.74000000000001,1084.55
2022-06-12T15:30:00Z,99.84,999.65
2022-06-12T16:00:00Z,149.46,1311.55
2022-06-12T16:30:00Z,139.0,1510.65
2022-06-12T17:00:00Z,152.35,1251.7
2022-06-12T17:30:00Z,155.58,1277.4
2022-06-12T18:00:00Z,173.43,934.75
2022-06-12T18:30:00Z,174.99,714.45
2022-06-12T19:00:00Z,176.39,846.5
2022-06-12T19:30:00Z,175.55,868.1
2022-06-12T20:00:00Z,173.65,1219.25
2022-06-12T20:30:00Z,169.73,602.05
2022-06-12T21:00:00Z,169.55,824.0
2022-06-12T21:30:00Z,160.47,1016.95
2022-06-12T22:00:00Z,171.53,660.1
2022-06-12T22:30:00Z,140.74,701.15
2022-06-12T23:00:00Z,134.2,790.15
2022-06-12T23:30:00Z,151.95,774.55
2022-06-13T00:00:00Z,160.83,915.9
2022-06-13T00:30:00Z,136.13,792.8
2022-06-13T01:00:00Z,125.66,885.2
2022-06-13T01:30:00Z,116.8,780.25
2022-06-13T02:00:00Z,109.27,725.0
2022-06-13T02:30:00Z,130.69,814.7
2022-06-13T03:00:00Z,128.47,1070.2
2022-06-13T03:30:00Z,134.71,820.0
2022-06-13T04:00:00Z,109.49,559.2
2022-06-13T04:30:00Z,101.46,771.85
2022-06-13T05:00:00Z,78.01,877.45
2022-06-13T05:30:00Z,116.24,1846.95
2022-06-13T06:00:00Z,134.01,1650.3
2022-06-13T06:30:00Z,149.53,1442.55
2022-06-13T07:00:00Z,127.71,1426.25
2022-06-13T07:30:00Z,149.48,1523.9
2022-06-13T08:00:00Z,152.39,1662.1
2022-06-13T08:30:00Z,162.95,1585.65
2022-06-13T09:00:00Z,161.58,1689.05
2022-06-13T09:30:00Z,163.03,1618.6
2022-06-13T10:00:00Z,174.26,1052.9
2022-06-13T10:30:00Z,176.39,1084.2
2022-06-13T11:00:00Z,173.5,1401.55
2022-06-13T11:30:00Z,159.89,1359.05
2022-06-13T12:00:00Z,156.22,1353.0
2022-06-13T12:30:00Z,150.28,1772.6
2022-06-13T13:00:00Z,138.65,1646.6
2022-06-13T13:30:00Z,143.61,1435.8
2022-06-13T14:00:00Z,147.43,1288.0
2022-06-13T14:30:00Z,145.57,1690.15
2022-06-13T15:00:00Z,162.91,1556.05
2022-06-13T15:30:00Z,175.03,1698.85
2022-06-13T16:00:00Z,175.0,1579.55
2022-06-13T16:30:00Z,175.66,1785.25
2022-06-13T17:00:00Z,195.26,1728.8
2022-06-13T17:30:00Z,191.55,1603.9
2022-06-13T18:00:00Z,195.26,1042.55
2022-06-13T18:30:00Z,191.79,912.7
2022-06-13T19:00:00Z,204.78,980.85
2022-06-13T19:30:00Z,192.8,1087.8
2022-06-13T20:00:00Z,191.90000000000003,1404.0
2022-06-13T20:30:00Z,188.76000000000002,1391.3
2022-06-13T21:00:00Z,183.96,1502.4
2022-06-13T21:30:00Z,160.08,1394.7
2022-06-13T22:00:00Z,143.9,672.4
2022-06-13T22:30:00Z,151.2,463.9
2022-06-13T23:00:00Z,157.14,528.7
2022-06-13T23:30:00Z,150.32,693.3
2022-06-14T00:00:00Z,160.19,445.2
2022-06-14T00:30:00Z,171.08,643.5
2022-06-14T01:00:00Z,168.74,623.15
2022-06-14T01:30:00Z,152.25,779.1
2022-06-14T02:00:00Z,135.23,443.9
2022-06-14T02:30:00Z,148.88,694.6
2022-06-14T03:00:00Z,140.78,754.7
2022-06-14T03:30:00Z,147.88,758.7
2022-06-14T04:00:00Z,159.37,521.4
2022-06-14T04:30:00Z,162.97000000000003,431.2
2022-06-14T05:00:00Z,159.64,879.95
2022-06-14T05:30:00Z,173.55,1120.85
2022-06-14T06:00:00Z,185.5,1063.4
2022-06-14T06:30:00Z,194.59,1015.15
2022-06-14T07:00:00Z,177.15,1237.7
2022-06-14T07:30:00Z,173.9,1253.85
2022-06-14T08:00:00Z,149.32,886.9
2022-06-14T08:30:00Z,142.97,984.95
2022-06-14T09:00:00Z,163.84,1125.3
2022-06-14T09:30:00Z,148.65,1092.65
2022-06-14T10:00:00Z,134.47,829.65
2022-06-14T10:30:00Z,127.36,1197.05
2022-06-14T11:00:00Z,156.45,1164.05
2022-06-14T11:30:00Z,153.38,1325.55
2022-06-14T12:00:00Z,141.76,1152.85
2022-06-14T12:30:00Z,130.78,1099.5
2022-06-14T13:00:00Z,152.66,1450.2
2022-06-14T13:30:00Z,146.53,1297.3
2022-06-14T14:00:00Z,152.54,796.75
2022-06-14T14:30:00Z,171.46,1018.6
2022-06-14T15:00:00Z,174.32,943.05
2022-06-14T15:30:00Z,191.77,1149.3
2022-06-14T16:00:00Z,206.21,1056.45
2022-06-14T16:30:00Z,213.38,974.4
2022-06-14T17:00:00Z,222.83,1039.75
2022-06-14T17:30:00Z,225.88,1051.45
2022-06-14T18:00:00Z,248.83,1019.2
2022-06-14T18:30:00Z,247.91000000000003,953.35
2022-06-14T19:00:00Z,236.83,960.1
2022-06-14T19:30:00Z,221.14,1136.2
2022-06-14T20:00:00Z,216.24,1042.35
2022-06-14T20:30:00Z,211.75,949.8
2022-06-14T21:00:00Z,196.99,1113.0
2022-06-14T21:30:00Z,181.25,1150.35
2022-06-14T22:00:00Z,184.52,682.95
2022-06-14T22:30:00Z,179.7,763.45
2022-06-14T23:00:00Z,146.93,508.45
2022-06-14T23:30:00Z,127.30999999999999,532.6
2022-06-15T00:00:00Z,133.72,642.2
2022-06-15T00:30:00Z,140.36,577.15
2022-06-15T01:00:00Z,120.27,445.35
2022-06-15T01:30:00Z,120.5,535.0
2022-06-15T02:00:00Z,135.3,703.85
2022-06-15T02:30:00Z,121.85,430.0
2022-06-15T03:00:00Z,122.77,481.05
2022-06-15T03:30:00Z,125.37,468.1
2022-06-15T04:00:00Z,124.22,465.2
2022-06-15T04:30:00Z,149.3,318.8
2022-06-15T05:00:00Z,168.96,586.65
2022-06-15T05:30:00Z,207.09,832.55
2022-06-15T06:00:00Z,202.93,1179.6
2022-06-15T06:30:00Z,215.4,1098.75
2022-06-15T07:00:00Z,197.61,1065.2
2022-06-15T07:30:00Z,174.7,1322.25
2022-06-15T08:00:00Z,187.06,1149.75
2022-06-15T08:30:00Z,168.28,1148.65
2022-06-15T09:00:00Z,148.2,1220.45
2022-06-15T09:30:00Z,140.95,932.85
2022-06-15T10:00:00Z,161.55,1194.15
2022-06-15T10:30:00Z,166.4,1166.15
2022-06-15T11:00:00Z,157.98,1068.7
2022-06-15T11:30:00Z,151.69,1189.65
2022-06-15T12:00:00Z,146.77,1046.65
2022-06-15T12:30:00Z,147.24,1152.15
2022-06-15T13:00:00Z,161.44,1394.4
2022-06-15T13:30:00Z,158.79,1456.3
2022-06-15T14:00:00Z,177.37,1207.45
2022-06-15T14:30:00Z,186.78,1486.7
2022-06-15T15:00:00Z,183.75,1690.2
2022-06-15T15:30:00Z,202.97,1920.75
2022-06-15T16:00:00Z,233.19000000000003,1513.55
2022-06-15T16:30:00Z,236.69999999999996,1677.25
2022-06-15T17:00:00Z,236.38,1631.4
2022-06-15T17:30:00Z,236.18,1732.0
2022-06-15T18:00:00Z,251.13,1914.25
2022-06-15T18:30:00Z,245.1,1626.95
2022-06-15T19:00:00Z,225.82,1422.3
2022-06-15T19:30:00Z,222.99,1736.55
2022-06-15T20:00:00Z,219.22,1480.6
2022-06-15T20:30:00Z,220.12,1588.3
2022-06-15T21:00:00Z,217.72,1184.75
2022-06-15T21:30:00Z,199.34000000000003,988.3
2022-06-15T22:00:00Z,202.45,467.0
2022-06-15T22:30:00Z,169.24,575.65
2022-06-15T23:00:00Z,171.7,524.45
2022-06-15T23:30:00Z,167.92,548.15
2022-06-16T00:00:00Z,168.11,544.7
2022-06-16T00:30:00Z,170.23,538.05
2022-06-16T01:00:00Z,168.55,667.3
2022-06-16T01:30:00Z,164.16,680.2
2022-06-16T02:00:00Z,166.9,464.9
2022-06-16T02:30:00Z,170.16,492.2
2022-06-16T03:00:00Z,171.17,568.0
2022-06-16T03:30:00Z,170.48,483.45
2022-06-16T04:00:00Z,176.01,630.9
2022-06-16T04:30:00Z,186.19,339.45
2022-06-16T05:00:00Z,174.23,602.3
2022-06-16T05:30:00Z,206.42,829.45
2022-06-16T06:00:00Z,184.01,939.65
2022-06-16T06:30:00Z,221.24,1061.35
2022-06-16T07:00:00Z,220.12,870.95
2022-06-16T07:30:00Z,218.3,928.9
2022-06-16T08:00:00Z,183.99,817.65
2022-06-16T08:30:00Z,171.97,908.9
2022-06-16T09:00:00Z,206.68,881.7
2022-06-16T09:30:00Z,197.28,834.35
2022-06-16T10:00:00Z,181.09,1243.8
2022-06-16T10:30:00Z,183.39,1127.7
2022-06-16T11:00:00Z,187.7,1199.7
2022-06-16T11:30:00Z,191.12,1207.2
2022-06-16T12:00:00Z,195.79,1088.7
2022-06-16T12:30:00Z,182.11,1179.15
2022-06-16T13:00:00Z,185.79,1262.0
2022-06-16T13:30:00Z,188.83,1260.35
2022-06-16T14:00:00Z,191.32999999999998,787.6
2022-06-16T14:30:00Z,196.07,702.6
2022-06-16T15:00:00Z,220.33,1091.85
2022-06-16T15:30:00Z,245.08999999999997,1285.3
2022-06-16T16:00:00Z,259.32,1139.65
2022-06-16T16:30:00Z,260.27,1248.8
2022-06-16T17:00:00Z,258.87,1191.6
2022-06-16T17:30:00Z,246.85000000000002,1319.65
2022-06-16T18:00:00Z,238.16,1578.95
2022-06-16T18:30:00Z,215.48,1613.65
2022-06-16T19:00:00Z,196.46999999999997,1417.2
2022-06-16T19:30:00Z,202.32000000000002,1305.1
2022-06-16T20:00:00Z,187.84,1786.75
2022-06-16T20:30:00Z,164.15,1877.95
2022-06-16T21:00:00Z,164.09,1429.55
2022-06-16T21:30:00Z,153.76,1457.7
2022-06-16T22:00:00Z,144.29,2249.9
2022-06-16T22:30:00Z,157.87,2163.7
2022-06-16T23:00:00Z,151.02,1779.4
2022-06-16T23:30:00Z,148.68,1722.9
2022-06-17T00:00:00Z,132.57,1577.1
2022-06-17T00:30:00Z,135.47,1580.5
2022-06-17T01:00:00Z,136.98,1614.75
2022-06-17T01:30:00Z,130.1,1816.15
2022-06-17T02:00:00Z,125.8,1209.45
2022-06-17T02:30:00Z,112.76,1413.95
2022-06-17T03:00:00Z,89.4,1507.3
2022-06-17T03:30:00Z,104.04,1838.95
2022-06-17T04:00:00Z,116.35,1565.7
2022-06-17T04:30:00Z,114.46,1632.1
2022-06-17T05:00:00Z,118.24000000000001,1399.15
2022-06-17T05:30:00Z,123.72,1846.35
2022-06-17T06:00:00Z,157.01,1451.9
2022-06-17T06:30:00Z,166.39,1873.4
2022-06-17T07:00:00Z,147.11,1343.85
2022-06-17T07:30:00Z,139.48,1278.35
2022-06-17T08:00:00Z,141.08,1454.95
2022-06-17T08:30:00Z,145.08,1570.85
2022-06-17T09:00:00Z,149.59,1628.55
2022-06-17T09:30:00Z,152.05,1425.9
2022-06-17T10:00:00Z,140.9,1920.15
2022-06-17T10:30:00Z,130.06,2096.6
2022-06-17T11:00:00Z,131.96,1905.8
2022-06-17T11:30:00Z,116.08,1865.65
2022-06-17T12:00:00Z,108.34000000000002,1590.1
2022-06-17T12:30:00Z,105.51,1906.4
2022-06-17T13:00:00Z,108.84,1653.6
2022-06-17T13:30:00Z,107.37,2065.7
2022-06-17T14:00:00Z,104.64999999999999,1277.1
2022-06-17T14:30:00Z,128.49,1337.1
2022-06-17T15:00:00Z,149.01,1283.45
2022-06-17T15:30:00Z,165.34,1217.7
2022-06-17T16:00:00Z,166.97,1454.6
2022-06-17T16:30:00Z,172.38,1719.7
2022-06-17T17:00:00Z,166.41,1624.8
2022-06-17T17:30:00Z,163.5,1771.8
2022-06-17T18:00:00Z,191.54,2375.9
2022-06-17T18:30:00Z,191.13,2365.55
2022-06-17T19:00:00Z,186.94,2306.9
2022-06-17T19:30:00Z,179.69,2294.55
2022-06-17T20:00:00Z,189.38,2125.0
2022-06-17T20:30:00Z,189.42,1948.9
2022-06-17T21:00:00Z,184.07,2176.25
2022-06-17T21:30:00Z,176.24,1818.1
2022-06-17T22:00:00Z,180.54,1226.1
2022-06-17T22:30:00Z,184.73999999999998,869.55
2022-06-17T23:00:00Z,188.84,778.85
2022-06-17T23:30:00Z,186.97,754.65
2022-06-18T00:00:00Z,183.38,695.6
2022-06-18T00:30:00Z,185.64,656.85
2022-06-18T01:00:00Z,184.73,690.2
2022-06-18T01:30:00Z,175.39,714.75
2022-06-18T02:00:00Z,181.87,652.35
2022-06-18T02:30:00Z,172.65,698.0
2022-06-18T03:00:00Z,163.39,820.45
2022-06-18T03:30:00Z,148.37,766.1
2022-06-18T04:00:00Z,153.54,779.35
2022-06-18T04:30:00Z,148.66,806.8
2022-06-18T05:00:00Z,150.47,956.85
2022-06-18T05:30:00Z,139.14,1261.6
2022-06-18T06:00:00Z,144.64,1012.65
2022-06-18T06:30:00Z,180.65,867.5
2022-06-18T07:00:00Z,187.85,993.75
2022-06-18T07:30:00Z,187.77000000000004,799.85
2022-06-18T08:00:00Z,176.56,1241.35
2022-06-18T08:30:00Z,179.73,1401.2
2022-06-18T09:00:00Z,181.63,1589.7
2022-06-18T09:30:00Z,178.91,1387.55
2022-06-18T10:00:00Z,163.58,1368.35
2022-06-18T10:30:00Z,162.19,1327.35
2022-06-18T11:00:00Z,157.43,1538.05
2022-06-18T11:30:00Z,160.01999999999998,1683.4
2022-06-18T12:00:00Z,159.75,1466.8
2022-06-18T12:30:00Z,158.68,1445.8
2022-06-18T13:00:00Z,158.88,1420.25
2022-06-18T13:30:00Z,158.26,1508.0
2022-06-18T14:00:00Z,147.29,1298.3
2022-06-18T14:30:00Z,139.9,1432.15
2022-06-18T15:00:00Z,160.81,1195.8
2022-06-18T15:30:00Z,156.2,1270.0
2022-06-18T16:00:00Z,159.97,1158.25
2022-06-18T16:30:00Z,161.67,1388.05
2022-06-18T17:00:00Z,166.1,1326.05
2022-06-18T17:30:00Z,166.45,1152.2
2022-06-18T18:00:00Z,175.97,1008.45
2022-06-18T18:30:00Z,174.09,986.75
2022-06-18T19:00:00Z,165.18999999999997,884.2
2022-06-18T19:30:00Z,149.99,814.85
2022-06-18T20:00:00Z,154.16,1313.35
2022-06-18T20:30:00Z,157.24,1181.5
2022-06-18T21:00:00Z,165.78,1374.6
2022-06-18T21:30:00Z,173.17,1623.05
2022-06-18T22:00:00Z,172.65,1866.45
2022-06-18T22:30:00Z,182.72999999999996,1542.4
2022-06-18T23:00:00Z,150.71,1176.35
2022-06-18T23:30:00Z,157.66,1391.15
2022-06-19T00:00:00Z,138.54,831.3
2022-06-19T00:30:00Z,125.18,645.7
2022-06-19T01:00:00Z,114.62999999999998,626.0
2022-06-19T01:30:00Z,115.45999999999998,745.15
2022-06-19T02:00:00Z,104.97,612.45
2022-06-19T02:30:00Z,92.0,818.0
2022-06-19T03:00:00Z,95.53,709.6
2022-06-19T03:30:00Z,82.84999999999998,796.45
2022-06-19T04:00:00Z,93.09,764.35
2022-06-19T04:30:00Z,120.84,830.0
2022-06-19T05:00:00Z,128.86,1239.0
2022-06-19T05:30:00Z,137.2,1230.7
2022-06-19T06:00:00Z,130.12,1964.8
2022-06-19T06:30:00Z,126.73,1987.45
2022-06-19T07:00:00Z,115.47,1587.75
2022-06-19T07:30:00Z,137.44,1688.6
2022-06-19T08:00:00Z,142.93,1665.9
2022-06-19T08:30:00Z,144.54,1437.95
2022-06-19T09:00:00Z,161.15,1599.75
2022-06-19T09:30:00Z,151.27000000000004,1890.6
2022-06-19T10:00:00Z,135.7,1727.95
2022-06-19T10:30:00Z,138.48,1815.2
2022-06-19T11:00:00Z,134.28,1987.0
2022-06-19T11:30:00Z,150.76,1896.75
2022-06-19T12:00:00Z,144.36,1496.25
2022-06-19T12:30:00Z,136.15,1464.65
2022-06-19T13:00:00Z,147.27,1853.2
2022-06-19T13:30:00Z,147.83,1863.2
2022-06-19T14:00:00Z,167.75,1482.75
2022-06-19T14:30:00Z,171.5,1441.9
2022-06-19T15:00:00Z,178.51,1451.3
2022-06-19T15:30:00Z,159.6,1805.25
2022-06-19T16:00:00Z,212.85000000000002,1354.4
2022-06-19T16:30:00Z,218.8,1574.25
2022-06-19T17:00:00Z,215.96,1449.25
2022-06-19T17:30:00Z,217.25,1395.35
2022-06-19T18:00:00Z,235.99,1458.45
2022-06-19T18:30:00Z,233.55,1512.6
2022-06-19T19:00:00Z,219.58999999999997,1277.5
2022-06-19T19:30:00Z,207.04,1366.65
2022-06-19T20:00:00Z,196.46,1387.95
2022-06-19T20:30:00Z,180.62,1339.75
2022-06-19T21:00:00Z,173.41,1490.3
2022-06-19T21:30:00Z,177.07,1506.25
2022-06-19T22:00:00Z,200.17,1214.0
2022-06-19T22:30:00Z,162.95,597.9
2022-06-19T23:00:00Z,156.49,702.05
2022-06-19T23:30:00Z,148.07,579.7
2022-06-20T00:00:00Z,144.48,881.9
2022-06-20T00:30:00Z,123.76,1065.45
2022-06-20T01:00:00Z,140.26,1126.7
2022-06-20T01:30:00Z,143.81,1172.25
2022-06-20T02:00:00Z,146.27,761.85
2022-06-20T02:30:00Z,158.23,964.15
2022-06-20T03:00:00Z,167.6,1204.9
2022-06-20T03:30:00Z,165.51,1077.1
2022-06-20T04:00:00Z,163.09,1012.65
2022-06-20T04:30:00Z,184.4,1067.15
2022-06-20T05:00:00Z,202.11999999999998,827.25
2022-06-20T05:30:00Z,217.19,1229.95
2022-06-20T06:00:00Z,270.63,1286.05
2022-06-20T06:30:00Z,280.35,1332.3
2022-06-20T07:00:00Z,232.22,1148.4
2022-06-20T07:30:00Z,192.82,1378.4
2022-06-20T08:00:00Z,169.92,1368.1
2022-06-20T08:30:00Z,147.39,1656.3
2022-06-20T09:00:00Z,167.34,1887.4
2022-06-20T09:30:00Z,157.51,1839.5
2022-06-20T10:00:00Z,146.73999999999998,1990.1
2022-06-20T10:30:00Z,138.27,2245.0
2022-06-20T11:00:00Z,150.55,2332.6
2022-06-20T11:30:00Z,147.74,2218.75
2022-06-20T12:00:00Z,143.24,1780.7
2022-06-20T12:30:00Z,130.57,1860.15
2022-06-20T13:00:00Z,139.0,2438.95
2022-06-20T13:30:00Z,150.38,2528.5
2022-06-20T14:00:00Z,132.62,1439.75
2022-06-20T14:30:00Z,147.42,1214.05
2022-06-20T15:00:00Z,163.87,1264.3
2022-06-20T15:30:00Z,184.4,1348.2
2022-06-20T16:00:00Z,232.62000000000003,1396.65
2022-06-20T16:30:00Z,242.11,1069.1
2022-06-20T17:00:00Z,235.27,1485.3
2022-06-20T17:30:00Z,230.11,1155.6
2022-06-20T18:00:00Z,274.88,1227.3
2022-06-20T18:30:00Z,266.14,1102.5
2022-06-20T19:00:00Z,262.78,1167.85
2022-06-20T19:30:00Z,248.77,1307.45
2022-06-20T20:00:00Z,227.35,875.0
2022-06-20T20:30:00Z,210.4,962.45
2022-06-20T21:00:00Z,218.96,864.8
2022-06-20T21:30:00Z,214.52,1067.95
2022-06-20T22:00:00Z,206.2,1018.05
2022-06-20T22:30:00Z,131.61,578.85
2022-06-20T23:00:00Z,147.19,497.5
2022-06-20T23:30:00Z,147.61,826.85
2022-06-21T00:00:00Z,134.12,676.75
2022-06-21T00:30:00Z,135.24,471.15
2022-06-21T01:00:00Z,133.41,549.6
2022-06-21T01:30:00Z,127.78,538.55
2022-06-21T02:00:00Z,122.03,596.7
2022-06-21T02:30:00Z,126.69,667.0
2022-06-21T03:00:00Z,121.47000000000001,853.35
2022-06-21T03:30:00Z,111.09,853.45
2022-06-21T04:00:00Z,118.21999999999998,864.85
2022-06-21T04:30:00Z,143.88,842.35
2022-06-21T05:00:00Z,151.34,767.3
2022-06-21T05:30:00Z,205.81,1002.45
2022-06-21T06:00:00Z,238.07,1192.5
2022-06-21T06:30:00Z,268.1,827.55
2022-06-21T07:00:00Z,224.07,1079.05
2022-06-21T07:30:00Z,229.81,1099.45
2022-06-21T08:00:00Z,227.59000000000003,1443.55
2022-06-21T08:30:00Z,209.1,1323.3
2022-06-21T09:00:00Z,210.59,1221.25
2022-06-21T09:30:00Z,216.22,1293.8
2022-06-21T10:00:00Z,209.46,1109.9
2022-06-21T10:30:00Z,211.72,1003.4
2022-06-21T11:00:00Z,211.08,1184.3
2022-06-21T11:30:00Z,219.36,1272.3
2022-06-21T12:00:00Z,211.05,1226.3
2022-06-21T12:30:00Z,202.38,1177.7
2022-06-21T13:00:00Z,196.82000000000002,1388.95
2022-06-21T13:30:00Z,200.93,1288.45
2022-06-21T14:00:00Z,249.02999999999997,1114.15
2022-06-21T14:30:00Z,272.5,1108.4
2022-06-21T15:00:00Z,275.01,1151.5
2022-06-21T15:30:00Z,280.04,1474.05
2022-06-21T16:00:00Z,297.23,1395.35
2022-06-21T16:30:00Z,315.68,1298.25
2022-06-21T17:00:00Z,340.24,1343.1
2022-06-21T17:30:00Z,339.12,1470.55
2022-06-21T18:00:00Z,349.66,1268.95
2022-06-21T18:30:00Z,344.54,1021.7
2022-06-21T19:00:00Z,329.69,991.2
2022-06-21T19:30:00Z,316.84,1421.45
2022-06-21T20:00:00Z,310.0,1140.3
2022-06-21T20:30:00Z,291.77,1019.75
2022-06-21T21:00:00Z,274.05,1200.0
2022-06-21T21:30:00Z,226.14,1572.65
2022-06-21T22:00:00Z,204.87,805.75
2022-06-21T22:30:00Z,205.16,712.8
2022-06-21T23:00:00Z,175.97,412.65
2022-06-21T23:30:00Z,144.07,417.5
2022-06-22T00:00:00Z,135.91,428.7
2022-06-22T00:30:00Z,154.12,615.4
2022-06-22T01:00:00Z,157.68,452.15
2022-06-22T01:30:00Z,161.49,614.8
2022-06-22T02:00:00Z,160.71,321.3
2022-06-22T02:30:00Z,139.45,478.15
2022-06-22T03:00:00Z,142.66,613.55
2022-06-22T03:30:00Z,152.0,690.65
2022-06-22T04:00:00Z,135.48999999999998,978.35
2022-06-22T04:30:00Z,142.22,577.1
2022-06-22T05:00:00Z,154.51,678.7
2022-06-22T05:30:00Z,190.09999999999997,764.5
2022-06-22T06:00:00Z,180.91,1318.7
2022-06-22T06:30:00Z,205.0,1397.35
2022-06-22T07:00:00Z,197.02,1012.4
2022-06-22T07:30:00Z,194.26,1047.9
2022-06-22T08:00:00Z,191.89,1131.7
2022-06-22T08:30:00Z,182.22,1066.4
2022-06-22T09:00:00Z,171.0,668.4
2022-06-22T09:30:00Z,188.07,1352.65
2022-06-22T10:00:00Z,190.08,1067.7
2022-06-22T10:30:00Z,183.71,1053.75
2022-06-22T11:00:00Z,165.15,1039.65
2022-06-22T11:30:00Z,157.92,1203.05
2022-06-22T12:00:00Z,168.56,1119.75
2022-06-22T12:30:00Z,192.45,1489.2
2022-06-22T13:00:00Z,199.21,1249.25
2022-06-22T13:30:00Z,208.79,1409.3
2022-06-22T14:00:00Z,239.47,1163.3
2022-06-22T14:30:00Z,245.05999999999997,1418.8
2022-06-22T15:00:00Z,228.38,1141.9
2022-06-22T15:30:00Z,237.11999999999998,1168.15
2022-06-22T16:00:00Z,230.7,979.55
2022-06-22T16:30:00Z,229.66999999999996,1206.95
2022-06-22T17:00:00Z,250.12,1330.15
2022-06-22T17:30:00Z,250.41000000000003,1253.9
2022-06-22T18:00:00Z,253.90999999999997,789.85
2022-06-22T18:30:00Z,257.87,774.15
2022-06-22T19:00:00Z,231.83,853.85
2022-06-22T19:30:00Z,222.1,717.7
2022-06-22T20:00:00Z,184.61,817.25
2022-06-22T20:30:00Z,164.57,1052.7
2022-06-22T21:00:00Z,213.45,1053.95
2022-06-22T21:30:00Z,192.86,1085.15
2022-06-22T22:00:00Z,145.77,1027.45
2022-06-22T22:30:00Z,143.0,1009.6
2022-06-22T23:00:00Z,202.57000000000002,797.05
2022-06-22T23:30:00Z,151.34,667.15
2022-06-23T00:00:00Z,195.36999999999998,693.9
2022-06-23T00:30:00Z,187.63,562.35
2022-06-23T01:00:00Z,148.64,632.65
2022-06-23T01:30:00Z,140.27,782.25
2022-06-23T02:00:00Z,126.08,480.6
2022-06-23T02:30:00Z,137.25,741.65
2022-06-23T03:00:00Z,133.47,671.1
2022-06-23T03:30:00Z,134.71,865.05
2022-06-23T04:00:00Z,133.02,753.55
2022-06-23T04:30:00Z,133.02,886.5
2022-06-23T05:00:00Z,141.09,763.85
2022-06-23T05:30:00Z,146.39,727.8
2022-06-23T06:00:00Z,154.29,1255.25
2022-06-23T06:30:00Z,205.38,1044.1
2022-06-23T07:00:00Z,191.3,790.25
2022-06-23T07:30:00Z,199.94,1079.35
2022-06-23T08:00:00Z,221.64,1428.6
2022-06-23T08:30:00Z,225.76,1386.4
2022-06-23T09:00:00Z,224.96,1651.95
2022-06-23T09:30:00Z,207.65,1659.45
2022-06-23T10:00:00Z,202.89,1226.05
2022-06-23T10:30:00Z,209.28999999999996,1257.85
2022-06-23T11:00:00Z,213.52,1404.6
2022-06-23T11:30:00Z,208.11000000000004,1278.15
2022-06-23T12:00:00Z,214.57,1130.15
2022-06-23T12:30:00Z,201.77,1020.55
2022-06-23T13:00:00Z,216.82,1347.05
2022-06-23T13:30:00Z,224.76,1389.15
2022-06-23T14:00:00Z,253.81999999999996,1040.55
2022-06-23T14:30:00Z,240.79999999999998,908.3
2022-06-23T15:00:00Z,235.74,910.25
2022-06-23T15:30:00Z,245.04,1036.35
2022-06-23T16:00:00Z,272.45,984.8
2022-06-23T16:30:00Z,268.52,1009.05
2022-06-23T17:00:00Z,264.84,1109.05
2022-06-23T17:30:00Z,255.17,1160.3
2022-06-23T18:00:00Z,241.07,881.1
2022-06-23T18:30:00Z,228.58,977.6
2022-06-23T19:00:00Z,220.29,912.7
2022-06-23T19:30:00Z,217.51,1381.45
2022-06-23T20:00:00Z,195.46,1134.15
2022-06-23T20:30:00Z,183.89,1099.55
2022-06-23T21:00:00Z,198.62,1156.5
2022-06-23T21:30:00Z,189.71,955.4
2022-06-23T22:00:00Z,227.86,745.05
2022-06-23T22:30:00Z,221.31,907.8
2022-06-23T23:00:00Z,224.85,738.15
2022-06-23T23:30:00Z,211.01,821.3
2022-06-24T00:00:00Z,214.03,787.35
2022-06-24T00:30:00Z,230.66,1028.25
2022-06-24T01:00:00Z,228.77,1121.05
2022-06-24T01:30:00Z,223.37999999999997,1233.9
2022-06-24T02:00:00Z,227.36,1438.8
2022-06-24T02:30:00Z,209.09,1264.5
2022-06-24T03:00:00Z,206.02,1528.55
2022-06-24T03:30:00Z,201.83000000000004,1523.65
2022-06-24T04:00:00Z,211.48000000000002,1298.3
2022-06-24T04:30:00Z,210.54,1423.25
2022-06-24T05:00:00Z,217.79,1521.55
2022-06-24T05:30:00Z,246.56,1629.2
2022-06-24T06:00:00Z,274.84,1316.5
2022-06-24T06:30:00Z,282.32,1656.1
2022-06-24T07:00:00Z,283.49,1277.85
2022-06-24T07:30:00Z,291.64,1392.0
2022-06-24T08:00:00Z,297.78,1438.45
2022-06-24T08:30:00Z,296.67,1728.25
2022-06-24T09:00:00Z,286.88,1880.75
2022-06-24T09:30:00Z,279.64,1749.0
2022-06-24T10:00:00Z,253.05,1703.65
2022-06-24T10:30:00Z,243.95000000000002,1385.85
2022-06-24T11:00:00Z,239.17999999999998,1526.6
2022-06-24T11:30:00Z,226.51999999999998,1195.35
2022-06-24T12:00:00Z,223.28999999999996,1233.85
2022-06-24T12:30:00Z,210.31,1407.45
2022-06-24T13:00:00Z,217.84,1402.75
2022-06-24T13:30:00Z,210.37,1358.4
2022-06-24T14:00:00Z,220.98,1143.15
2022-06-24T14:30:00Z,227.48,1137.6
2022-06-24T15:00:00Z,227.01,1218.65
2022-06-24T15:30:00Z,239.1,1308.0
2022-06-24T16:00:00Z,251.22,1562.15
2022-06-24T16:30:00Z,253.17999999999998,1717.2
2022-06-24T17:00:00Z,253.82,1834.4
2022-06-24T17:30:00Z,258.96,1745.35
2022-06-24T18:00:00Z,231.12,1891.05
2022-06-24T18:30:00Z,208.42,1791.0
2022-06-24T19:00:00Z,197.62999999999997,1529.2
2022-06-24T19:30:00Z,174.57,1693.6
2022-06-24T20:00:00Z,156.27,1726.05
2022-06-24T20:30:00Z,149.1,1558.15
2022-06-24T21:00:00Z,154.64,1722.75
2022-06-24T21:30:00Z,153.38,2139.45
2022-06-24T22:00:00Z,139.39,564.8
2022-06-24T22:30:00Z,136.54,614.75
2022-06-24T23:00:00Z,144.17,569.1
2022-06-24T23:30:00Z,122.88999999999999,581.85
2022-06-25T00:00:00Z,97.55,840.0
2022-06-25T00:30:00Z,127.22,1108.55
2022-06-25T01:00:00Z,118.25,952.9
2022-06-25T01:30:00Z,103.96999999999998,752.4
2022-06-25T02:00:00Z,98.49999999999999,781.05
2022-06-25T02:30:00Z,91.54,830.65
2022-06-25T03:00:00Z,78.32,804.45
2022-06-25T03:30:00Z,52.89,933.85
2022-06-25T04:00:00Z,46.709999999999994,816.15
2022-06-25T04:30:00Z,47.72,1030.15
2022-06-25T05:00:00Z,80.59,1321.7
2022-06-25T05:30:00Z,110.41,1574.05
2022-06-25T06:00:00Z,90.48,1445.3
2022-06-25T06:30:00Z,90.91,1551.2
2022-06-25T07:00:00Z,92.41,1544.65
2022-06-25T07:30:00Z,97.88,1691.6
2022-06-25T08:00:00Z,90.74,1365.5
2022-06-25T08:30:00Z,92.68,1353.0
2022-06-25T09:00:00Z,99.41,1504.45
2022-06-25T09:30:00Z,114.01999999999998,1799.85
2022-06-25T10:00:00Z,121.0,1749.25
2022-06-25T10:30:00Z,117.18,1747.95
2022-06-25T11:00:00Z,107.66,1885.3
2022-06-25T11:30:00Z,102.87,1672.35
2022-06-25T12:00:00Z,107.28,2113.5
2022-06-25T12:30:00Z,83.74,2219.55
2022-06-25T13:00:00Z,82.14,1982.95
2022-06-25T13:30:00Z,83.79,1885.1
2022-06-25T14:00:00Z,87.97,2127.15
2022-06-25T14:30:00Z,88.65,2065.7
2022-06-25T15:00:00Z,88.81,2189.0
2022-06-25T15:30:00Z,84.33,2633.45
2022-06-25T16:00:00Z,124.42999999999999,2480.5
2022-06-25T16:30:00Z,134.93,2142.55
2022-06-25T17:00:00Z,130.62,2016.2
2022-06-25T17:30:00Z,137.07,2307.6
2022-06-25T18:00:00Z,165.4,1422.5
2022-06-25T18:30:00Z,153.93,1913.1
2022-06-25T19:00:00Z,164.23,1653.95
2022-06-25T19:30:00Z,153.12,1716.75
2022-06-25T20:00:00Z,159.05,1402.4
2022-06-25T20:30:00Z,157.57,1384.15
2022-06-25T21:00:00Z,172.07,1425.15
2022-06-25T21:30:00Z,161.78,1334.85
2022-06-25T22:00:00Z,199.83,653.45
2022-06-25T22:30:00Z,173.2,529.5
2022-06-25T23:00:00Z,174.06,526.35
2022-06-25T23:30:00Z,184.42,592.95
2022-06-26T00:00:00Z,176.26,425.75
2022-06-26T00:30:00Z,168.7,468.55
2022-06-26T01:00:00Z,176.94,570.95
2022-06-26T01:30:00Z,157.61,619.1
2022-06-26T02:00:00Z,149.09,434.35
2022-06-26T02:30:00Z,149.74,589.3
2022-06-26T03:00:00Z,150.84,416.7
2022-06-26T03:30:00Z,133.56,524.4
2022-06-26T04:00:00Z,143.52,506.7
2022-06-26T04:30:00Z,154.95,674.15
2022-06-26T05:00:00Z,157.85,701.55
2022-06-26T05:30:00Z,156.44,770.05
2022-06-26T06:00:00Z,156.07,928.8
2022-06-26T06:30:00Z,165.81,916.25
2022-06-26T07:00:00Z,166.83,925.4
2022-06-26T07:30:00Z,163.57,1017.45
2022-06-26T08:00:00Z,120.09,1006.3
2022-06-26T08:30:00Z,135.76,1261.35
2022-06-26T09:00:00Z,153.83,1070.25
2022-06-26T09:30:00Z,155.95,1308.2
2022-06-26T10:00:00Z,136.46,1312.65
2022-06-26T10:30:00Z,133.42,1682.8
2022-06-26T11:00:00Z,130.54,1387.1
2022-06-26T11:30:00Z,107.18,1605.7
2022-06-26T12:00:00Z,136.38,1217.85
2022-06-26T12:30:00Z,123.17,1187.45
2022-06-26T13:00:00Z,127.00999999999999,1344.85
2022-06-26T13:30:00Z,120.71,1395.15
2022-06-26T14:00:00Z,141.73,1034.9
2022-06-26T14:30:00Z,144.62,876.15
2022-06-26T15:00:00Z,141.21,910.4
2022-06-26T15:30:00Z,137.05,964.55
2022-06-26T16:00:00Z,87.35,1095.95
2022-06-26T16:30:00Z,131.39,1002.15
2022-06-26T17:00:00Z,135.38,1068.7
2022-06-26T17:30:00Z,150.25,1038.95
2022-06-26T18:00:00Z,169.81,891.0
2022-06-26T18:30:00Z,176.64,1007.4
2022-06-26T19:00:00Z,179.69,983.5
2022-06-26T19:30:00Z,173.53,1219.1
2022-06-26T20:00:00Z,185.29,830.35
2022-06-26T20:30:00Z,182.76,912.05
2022-06-26T21:00:00Z,181.76,865.45
2022-06-26T21:30:00Z,178.97000000000003,760.0
2022-06-26T22:00:00Z,130.22,563.2
2022-06-26T22:30:00Z,99.18,701.15
2022-06-26T23:00:00Z,101.75,523.8
2022-06-26T23:30:00Z,74.38,423.0
2022-06-27T00:00:00Z,82.76,457.95
2022-06-27T00:30:00Z,102.02,533.25
2022-06-27T01:00:00Z,117.07,597.45
2022-06-27T01:30:00Z,134.38,473.7
2022-06-27T02:00:00Z,126.94999999999999,657.25
2022-06-27T02:30:00Z,129.28,609.05
2022-06-27T03:00:00Z,128.29,670.1
2022-06-27T03:30:00Z,124.00000000000001,638.35
2022-06-27T04:00:00Z,136.31,590.3
2022-06-27T04:30:00Z,140.87,610.45
2022-06-27T05:00:00Z,176.98,840.55
2022-06-27T05:30:00Z,209.74,851.1
2022-06-27T06:00:00Z,260.16,1003.75
2022-06-27T06:30:00Z,293.16,1236.7
2022-06-27T07:00:00Z,293.94,926.95
2022-06-27T07:30:00Z,304.33,1279.95
2022-06-27T08:00:00Z,302.09,1545.75
2022-06-27T08:30:00Z,295.22,1509.75
2022-06-27T09:00:00Z,283.65,1705.65
2022-06-27T09:30:00Z,275.8,1726.25
2022-06-27T10:00:00Z,244.36,1444.6
2022-06-27T10:30:00Z,241.68999999999997,1577.8
2022-06-27T11:00:00Z,240.26,1926.9
2022-06-27T11:30:00Z,225.7,1699.05
2022-06-27T12:00:00Z,208.24999999999997,1604.1
2022-06-27T12:30:00Z,197.93,1619.55
2022-06-27T13:00:00Z,188.04,1650.25
2022-06-27T13:30:00Z,180.23,1508.55
2022-06-27T14:00:00Z,160.28,1065.45
2022-06-27T14:30:00Z,163.71,1050.85
2022-06-27T15:00:00Z,156.59,1015.1
2022-06-27T15:30:00Z,183.42,1792.9
2022-06-27T16:00:00Z,221.38,1564.3
2022-06-27T16:30:00Z,219.98,1821.3
2022-06-27T17:00:00Z,218.95,1589.6
2022-06-27T17:30:00Z,237.93,1921.4
2022-06-27T18:00:00Z,247.74,1562.9
2022-06-27T18:30:00Z,244.62,1497.5
2022-06-27T19:00:00Z,223.04,1736.8
2022-06-27T19:30:00Z,216.53999999999996,1567.7
2022-06-27T20:00:00Z,219.50000000000003,1326.65
2022-06-27T20:30:00Z,207.13,1339.05
2022-06-27T21:00:00Z,198.86,1111.65
2022-06-27T21:30:00Z,179.13,1137.2
2022-06-27T22:00:00Z,135.17,1381.05
2022-06-27T22:30:00Z,140.22,890.65
2022-06-27T23:00:00Z,157.7,945.8
2022-06-27T23:30:00Z,133.85,736.35
2022-06-28T00:00:00Z,126.35,666.6
2022-06-28T00:30:00Z,124.54,719.85
2022-06-28T01:00:00Z,114.79,811.15
2022-06-28T01:30:00Z,119.75,1035.5
2022-06-28T02:00:00Z,119.33,844.3
2022-06-28T02:30:00Z,113.41999999999999,623.95
2022-06-28T03:00:00Z,115.57,756.9
2022-06-28T03:30:00Z,105.78,685.0
2022-06-28T04:00:00Z,108.72,545.5
2022-06-28T04:30:00Z,113.39,833.85
2022-06-28T05:00:00Z,123.6,909.15
2022-06-28T05:30:00Z,134.63,895.75
2022-06-28T06:00:00Z,131.77,1030.7
2022-06-28T06:30:00Z,146.62,1088.55
2022-06-28T07:00:00Z,151.74,1205.95
2022-06-28T07:30:00Z,132.32,953.4
2022-06-28T08:00:00Z,146.75,1152.75
2022-06-28T08:30:00Z,122.88,855.0
2022-06-28T09:00:00Z,136.27,1101.95
2022-06-28T09:30:00Z,146.65,1522.3
2022-06-28T10:00:00Z,145.85,1548.85
2022-06-28T10:30:00Z,138.46,1608.2
2022-06-28T11:00:00Z,135.83,1374.5
2022-06-28T11:30:00Z,128.37,1430.95
2022-06-28T12:00:00Z,135.02,1362.4
2022-06-28T12:30:00Z,128.36,1414.3
2022-06-28T13:00:00Z,125.06,1325.7
2022-06-28T13:30:00Z,122.84,1292.7
2022-06-28T14:00:00Z,115.36000000000001,1172.25
2022-06-28T14:30:00Z,120.24999999999999,1253.8
2022-06-28T15:00:00Z,132.22,941.75
2022-06-28T15:30:00Z,137.56623733587753,1100.55
2022-06-28T16:00:00Z,163.5385298072613,1338.6
2022-06-28T16:30:00Z,167.25,1251.2
2022-06-28T17:00:00Z,169.53,1452.75
2022-06-28T17:30:00Z,167.81,1326.95
2022-06-28T18:00:00Z,177.15,997.1
2022-06-28T18:30:00Z,179.25,1164.1
2022-06-28T19:00:00Z,182.72,962.7
2022-06-28T19:30:00Z,178.04,957.5
2022-06-28T20:00:00Z,174.49,1135.0
2022-06-28T20:30:00Z,167.63,1003.55
2022-06-28T21:00:00Z,174.39,1298.6
2022-06-28T21:30:00Z,141.24,1254.85
2022-06-28T22:00:00Z,154.63,1165.6
2022-06-28T22:30:00Z,154.5,807.25
2022-06-28T23:00:00Z,156.46,871.0
2022-06-28T23:30:00Z,156.17,707.45
2022-06-29T00:00:00Z,152.34,592.75
2022-06-29T00:30:00Z,149.83,903.7
2022-06-29T01:00:00Z,141.87,629.4
2022-06-29T01:30:00Z,137.98,626.8
2022-06-29T02:00:00Z,146.46,446.35
2022-06-29T02:30:00Z,158.88,434.5
2022-06-29T03:00:00Z,168.24,680.35
2022-06-29T03:30:00Z,159.1,736.4
2022-06-29T04:00:00Z,164.52,526.15
2022-06-29T04:30:00Z,178.91,684.15
2022-06-29T05:00:00Z,137.08,867.55
2022-06-29T05:30:00Z,183.38,1219.85
2022-06-29T06:00:00Z,267.16,1484.3
2022-06-29T06:30:00Z,273.26,2048.5
2022-06-29T07:00:00Z,263.49,1604.4
2022-06-29T07:30:00Z,275.17,1498.4
2022-06-29T08:00:00Z,221.15,2023.05
2022-06-29T08:30:00Z,229.4,1910.25
2022-06-29T09:00:00Z,237.54,2083.8
2022-06-29T09:30:00Z,222.88,1865.25
2022-06-29T10:00:00Z,192.28,1588.05
2022-06-29T10:30:00Z,201.62,1972.4
2022-06-29T11:00:00Z,196.48,2001.65
2022-06-29T11:30:00Z,177.99,1770.2
2022-06-29T12:00:00Z,178.34000000000003,1509.15
2022-06-29T12:30:00Z,178.25,1567.2
2022-06-29T13:00:00Z,183.33,1571.25
2022-06-29T13:30:00Z,186.41,1643.65
2022-06-29T14:00:00Z,197.11,1499.4
2022-06-29T14:30:00Z,209.07,1760.15
2022-06-29T15:00:00Z,249.74,1381.35
2022-06-29T15:30:00Z,266.15,1074.85
2022-06-29T16:00:00Z,279.99,1733.5
2022-06-29T16:30:00Z,284.56,1783.8
2022-06-29T17:00:00Z,288.04,1783.5
2022-06-29T17:30:00Z,284.84,1698.05
2022-06-29T18:00:00Z,288.73,1272.55
2022-06-29T18:30:00Z,300.77,1289.15
2022-06-29T19:00:00Z,298.93,1267.6
2022-06-29T19:30:00Z,295.33,1224.9
2022-06-29T20:00:00Z,294.43,896.1
2022-06-29T20:30:00Z,264.96,983.95
2022-06-29T21:00:00Z,216.05,1101.95
2022-06-29T21:30:00Z,191.51000000000002,914.7
2022-06-29T22:00:00Z,206.25,1002.75
2022-06-29T22:30:00Z,209.95,621.45
2022-06-29T23:00:00Z,216.87,725.4
2022-06-29T23:30:00Z,209.33,679.75
2022-06-30T00:00:00Z,202.49,498.8
2022-06-30T00:30:00Z,224.86999999999998,585.9
2022-06-30T01:00:00Z,229.69,618.4
2022-06-30T01:30:00Z,219.64,751.1
2022-06-30T02:00:00Z,235.04,475.25
2022-06-30T02:30:00Z,248.55,902.0
2022-06-30T03:00:00Z,231.28,1127.1
2022-06-30T03:30:00Z,229.06,971.8
2022-06-30T04:00:00Z,209.74,479.15
2022-06-30T04:30:00Z,172.92,1292.3
2022-06-30T05:00:00Z,204.96,937.65
2022-06-30T05:30:00Z,285.4,1049.05
2022-06-30T06:00:00Z,243.68,1021.7
2022-06-30T06:30:00Z,280.9,1338.05
2022-06-30T07:00:00Z,246.13,969.35
2022-06-30T07:30:00Z,235.5,1042.15
2022-06-30T08:00:00Z,258.96,1227.85
2022-06-30T08:30:00Z,256.54,1334.0
2022-06-30T09:00:00Z,238.38999999999996,1253.85
2022-06-30T09:30:00Z,244.41,1210.6
2022-06-30T10:00:00Z,245.08,1132.8
2022-06-30T10:30:00Z,239.24000000000004,1165.8
2022-06-30T11:00:00Z,255.67,1566.2
2022-06-30T11:30:00Z,249.93000000000004,1354.0
2022-06-30T12:00:00Z,249.85,1406.75
2022-06-30T12:30:00Z,233.3,1467.15
2022-06-30T13:00:00Z,257.86,1643.45
2022-06-30T13:30:00Z,257.42,1889.0
2022-06-30T14:00:00Z,275.01,1263.95
2022-06-30T14:30:00Z,277.79,1185.65
2022-06-30T15:00:00Z,286.47,1253.5
2022-06-30T15:30:00Z,308.01,1391.4
2022-06-30T16:00:00Z,300.19,1291.0
2022-06-30T16:30:00Z,282.07,1386.3
2022-06-30T17:00:00Z,266.97,1764.85
2022-06-30T17:30:00Z,267.88,1874.85
2022-06-30T18:00:00Z,282.89,1100.45
2022-06-30T18:30:00Z,266.91,1024.55
2022-06-30T19:00:00Z,268.73,1147.25
2022-06-30T19:30:00Z,264.75,1191.45
2022-06-30T20:00:00Z,260.2,1116.25
2022-06-30T20:30:00Z,239.1,891.05
2022-06-30T21:00:00Z,211.81,1145.3
2022-06-30T21:30:00Z,201.83,1049.2
2022-06-30T22:00:00Z,256.1,761.7
2022-06-30T22:30:00Z,220.33,733.0
2022-06-30T23:00:00Z,223.75,1064.4
2022-06-30T23:30:00Z,206.69,1079.25
2022-07-01T00:00:00Z,239.33,960.0
2022-07-01T00:30:00Z,238.22,850.35
2022-07-01T01:00:00Z,226.41000000000003,1244.25
2022-07-01T01:30:00Z,190.41,1169.75
2022-07-01T02:00:00Z,201.48,883.7
2022-07-01T02:30:00Z,206.49,1116.0
2022-07-01T03:00:00Z,235.84,933.0
2022-07-01T03:30:00Z,233.59,956.1
2022-07-01T04:00:00Z,216.0,801.8
2022-07-01T04:30:00Z,225.39,956.95
2022-07-01T05:00:00Z,234.69,1034.4
2022-07-01T05:30:00Z,251.61,1069.5
2022-07-01T06:00:00Z,250.63000000000002,923.35
2022-07-01T06:30:00Z,292.5,890.4
2022-07-01T07:00:00Z,282.9,832.35
2022-07-01T07:30:00Z,290.64,948.4
2022-07-01T08:00:00Z,274.94,1113.9
2022-07-01T08:30:00Z,240.14,1217.9
2022-07-01T09:00:00Z,254.56,1353.1
2022-07-01T09:30:00Z,244.71000000000004,1295.45
2022-07-01T10:00:00Z,216.02999999999997,1294.8
2022-07-01T10:30:00Z,211.96,1422.6
2022-07-01T11:00:00Z,215.9,1606.0
2022-07-01T11:30:00Z,209.36999999999998,1558.85
2022-07-01T12:00:00Z,205.81,1258.85
2022-07-01T12:30:00Z,205.33,1114.75
2022-07-01T13:00:00Z,213.8,1092.45
2022-07-01T13:30:00Z,195.51,1126.75
2022-07-01T14:00:00Z,211.94,1038.2
2022-07-01T14:30:00Z,202.06,1256.1
2022-07-01T15:00:00Z,203.28,883.95
2022-07-01T15:30:00Z,200.97,1128.45
2022-07-01T16:00:00Z,227.61,1094.9
2022-07-01T16:30:00Z,212.15000000000003,1337.1
2022-07-01T17:00:00Z,197.19,1275.3
2022-07-01T17:30:00Z,199.43,1380.1
2022-07-01T18:00:00Z,224.15,1384.7
2022-07-01T18:30:00Z,218.74000000000004,1455.1
2022-07-01T19:00:00Z,222.57000000000002,1504.75
2022-07-01T19:30:00Z,199.2,1362.3
2022-07-01T20:00:00Z,205.07,1239.75
2022-07-01T20:30:00Z,194.54,1161.95
2022-07-01T21:00:00Z,215.54,1405.8
2022-07-01T21:30:00Z,185.11,1305.7
2022-07-01T22:00:00Z,212.07,981.5
2022-07-01T22:30:00Z,200.11,1222.0
2022-07-01T23:00:00Z,180.18,936.05
2022-07-01T23:30:00Z,164.47,760.1
2022-07-02T00:00:00Z,160.11,955.45
2022-07-02T00:30:00Z,167.4,739.75
2022-07-02T01:00:00Z,181.16,981.25
2022-07-02T01:30:00Z,165.38,827.7
2022-07-02T02:00:00Z,162.97,640.8
2022-07-02T02:30:00Z,173.58,671.1
2022-07-02T03:00:00Z,176.96,646.75
2022-07-02T03:30:00Z,169.4,635.3
2022-07-02T04:00:00Z,167.61,710.8
2022-07-02T04:30:00Z,175.83,653.2
2022-07-02T05:00:00Z,177.21,558.9
2022-07-02T05:30:00Z,184.83000000000004,780.75
2022-07-02T06:00:00Z,172.25,807.4
2022-07-02T06:30:00Z,202.97999999999996,739.3
2022-07-02T07:00:00Z,164.19,900.35
2022-07-02T07:30:00Z,179.51,765.45
2022-07-02T08:00:00Z,150.56,828.85
2022-07-02T08:30:00Z,142.85,889.15
2022-07-02T09:00:00Z,123.90000000000002,788.0
2022-07-02T09:30:00Z,127.29000000000002,1148.9
2022-07-02T10:00:00Z,129.26,1456.45
2022-07-02T10:30:00Z,131.27,1318.45
2022-07-02T11:00:00Z,132.48,1369.8
2022-07-02T11:30:00Z,129.58,1328.3
2022-07-02T12:00:00Z,134.09,1414.35
2022-07-02T12:30:00Z,132.68,1497.35
2022-07-02T13:00:00Z,147.43,1707.65
2022-07-02T13:30:00Z,136.63,1468.55
2022-07-02T14:00:00Z,152.79,1173.55
2022-07-02T14:30:00Z,144.17,841.35
2022-07-02T15:00:00Z,180.82,895.25
2022-07-02T15:30:00Z,183.07,966.1
2022-07-02T16:00:00Z,210.66,765.05
2022-07-02T16:30:00Z,221.58,998.7
2022-07-02T17:00:00Z,230.95,1001.7
2022-07-02T17:30:00Z,220.02,1111.2
2022-07-02T18:00:00Z,214.37,1027.05
2022-07-02T18:30:00Z,219.14,922.75
2022-07-02T19:00:00Z,210.2,954.5
2022-07-02T19:30:00Z,210.64,1000.25
2022-07-02T20:00:00Z,212.72,986.55
2022-07-02T20:30:00Z,216.43,1095.0
2022-07-02T21:00:00Z,227.1,1100.9
2022-07-02T21:30:00Z,211.89,1074.6
2022-07-02T22:00:00Z,186.26,862.85
2022-07-02T22:30:00Z,178.74,740.95
2022-07-02T23:00:00Z,164.53,680.45
2022-07-02T23:30:00Z,155.14,801.8
2022-07-03T00:00:00Z,128.61,595.6
2022-07-03T00:30:00Z,142.77,610.95
2022-07-03T01:00:00Z,152.15,377.9
2022-07-03T01:30:00Z,144.17,406.95
2022-07-03T02:00:00Z,152.27,551.25
2022-07-03T02:30:00Z,150.2,519.65
2022-07-03T03:00:00Z,164.81,599.25
2022-07-03T03:30:00Z,158.11,623.65
2022-07-03T04:00:00Z,164.99,547.5
2022-07-03T04:30:00Z,171.23,597.35
2022-07-03T05:00:00Z,162.28,668.45
2022-07-03T05:30:00Z,166.96,787.2
2022-07-03T06:00:00Z,147.8,832.95
2022-07-03T06:30:00Z,156.09,774.9
2022-07-03T07:00:00Z,153.85,769.3
2022-07-03T07:30:00Z,164.44,846.2
2022-07-03T08:00:00Z,141.25,916.75
2022-07-03T08:30:00Z,153.66,829.9
2022-07-03T09:00:00Z,156.3,963.65
2022-07-03T09:30:00Z,168.23,1014.55
2022-07-03T10:00:00Z,162.6,987.3
2022-07-03T10:30:00Z,154.01,979.5
2022-07-03T11:00:00Z,151.12,872.45
2022-07-03T11:30:00Z,149.77,919.35
2022-07-03T12:00:00Z,136.87,943.15
2022-07-03T12:30:00Z,133.93,936.2
2022-07-03T13:00:00Z,141.79,973.1
2022-07-03T13:30:00Z,136.76,1111.85
2022-07-03T14:00:00Z,145.28,1180.95
2022-07-03T14:30:00Z,145.68,1437.1
2022-07-03T15:00:00Z,155.15,1372.1
2022-07-03T15:30:00Z,158.14,1225.75
2022-07-03T16:00:00Z,191.68,1147.0
2022-07-03T16:30:00Z,184.97,1242.45
2022-07-03T17:00:00Z,194.92,1050.0
2022-07-03T17:30:00Z,193.34,1083.05
2022-07-03T18:00:00Z,182.17999999999998,879.65
2022-07-03T18:30:00Z,172.82,856.8
2022-07-03T19:00:00Z,180.19,1019.6
2022-07-03T19:30:00Z,182.01,1114.9
2022-07-03T20:00:00Z,168.72,806.35
2022-07-03T20:30:00Z,152.54,811.75
2022-07-03T21:00:00Z,161.03,669.5
2022-07-03T21:30:00Z,147.57999999999998,975.1
2022-07-03T22:00:00Z,184.08,663.25
2022-07-03T22:30:00Z,201.07,925.5
2022-07-03T23:00:00Z,180.36,714.55
2022-07-03T23:30:00Z,128.48,559.1
2022-07-04T00:00:00Z,108.65,675.3
2022-07-04T00:30:00Z,89.46,711.9
2022-07-04T01:00:00Z,86.77,598.7
2022-07-04T01:30:00Z,85.36,1080.45
2022-07-04T02:00:00Z,123.02,1022.25
2022-07-04T02:30:00Z,128.1,1110.05
2022-07-04T03:00:00Z,133.17,1092.3
2022-07-04T03:30:00Z,130.14,922.9
2022-07-04T04:00:00Z,138.51,723.4
2022-07-04T04:30:00Z,153.82,655.35
2022-07-04T05:00:00Z,168.74,846.95
2022-07-04T05:30:00Z,144.34,1097.35
2022-07-04T06:00:00Z,140.29,719.7
2022-07-04T06:30:00Z,170.58,1105.35
2022-07-04T07:00:00Z,167.42,1086.4
2022-07-04T07:30:00Z,160.82,1024.85
2022-07-04T08:00:00Z,148.85,968.35
2022-07-04T08:30:00Z,157.61,1010.5
2022-07-04T09:00:00Z,162.92,1084.3
2022-07-04T09:30:00Z,170.72,1099.4
2022-07-04T10:00:00Z,145.72,1181.85
2022-07-04T10:30:00Z,134.64,1368.45
2022-07-04T11:00:00Z,138.46,1480.7
2022-07-04T11:30:00Z,153.51,2042.8
2022-07-04T12:00:00Z,152.37,1954.15
2022-07-04T12:30:00Z,151.9,1645.65
2022-07-04T13:00:00Z,157.2,1834.85
2022-07-04T13:30:00Z,155.54,1875.75
2022-07-04T14:00:00Z,146.17,1579.3
2022-07-04T14:30:00Z,137.45,1544.9
2022-07-04T15:00:00Z,146.93,1451.15
2022-07-04T15:30:00Z,141.62,1409.1
2022-07-04T16:00:00Z,168.9,1423.35
2022-07-04T16:30:00Z,178.93,1533.05
2022-07-04T17:00:00Z,187.96999999999997,1880.25
2022-07-04T17:30:00Z,200.66,1813.8
2022-07-04T18:00:00Z,190.87,1378.3
2022-07-04T18:30:00Z,193.92,1347.8
2022-07-04T19:00:00Z,203.4,1642.25
2022-07-04T19:30:00Z,191.9,1496.45
2022-07-04T20:00:00Z,201.91,1477.0
2022-07-04T20:30:00Z,192.8,1423.2
2022-07-04T21:00:00Z,193.53,1347.05
2022-07-04T21:30:00Z,186.35,1388.1
2022-07-04T22:00:00Z,178.06,711.0
2022-07-04T22:30:00Z,144.15,387.05
2022-07-04T23:00:00Z,153.14,820.05
2022-07-04T23:30:00Z,150.35,660.2
2022-07-05T00:00:00Z,150.08,732.1
2022-07-05T00:30:00Z,154.32,775.0
2022-07-05T01:00:00Z,159.01,815.25
2022-07-05T01:30:00Z,169.97,793.65
2022-07-05T02:00:00Z,176.35,631.75
2022-07-05T02:30:00Z,183.26,565.3
2022-07-05T03:00:00Z,186.84,635.45
2022-07-05T03:30:00Z,194.84,605.2
2022-07-05T04:00:00Z,212.19,659.0
2022-07-05T04:30:00Z,204.47999999999996,725.9
2022-07-05T05:00:00Z,194.83,968.95
2022-07-05T05:30:00Z,275.89,835.25
2022-07-05T06:00:00Z,304.65,1024.1
2022-07-05T06:30:00Z,291.43,1220.35
2022-07-05T07:00:00Z,287.89,1035.25
2022-07-05T07:30:00Z,294.27,1026.05
2022-07-05T08:00:00Z,226.32999999999998,827.15
2022-07-05T08:30:00Z,242.31,1048.3
2022-07-05T09:00:00Z,257.73,873.05
2022-07-05T09:30:00Z,274.39,967.45
2022-07-05T10:00:00Z,270.01,885.4
2022-07-05T10:30:00Z,283.42,894.5
2022-07-05T11:00:00Z,292.01,987.45
2022-07-05T11:30:00Z,284.9,961.6
2022-07-05T12:00:00Z,248.37,799.4
2022-07-05T12:30:00Z,240.21,965.15
2022-07-05T13:00:00Z,255.8,1017.15
2022-07-05T13:30:00Z,247.92,1008.0
2022-07-05T14:00:00Z,270.62,838.95
2022-07-05T14:30:00Z,285.74,915.35
2022-07-05T15:00:00Z,285.45,1051.65
2022-07-05T15:30:00Z,298.07,921.6
2022-07-05T16:00:00Z,339.62999999999994,791.55
2022-07-05T16:30:00Z,348.85,948.65
2022-07-05T17:00:00Z,349.92,656.05
2022-07-05T17:30:00Z,353.97,719.6
2022-07-05T18:00:00Z,364.61999999999995,902.05
2022-07-05T18:30:00Z,361.86,763.3
2022-07-05T19:00:00Z,362.87000000000006,830.5
2022-07-05T19:30:00Z,362.86,1015.35
2022-07-05T20:00:00Z,359.28,987.5
2022-07-05T20:30:00Z,348.06,958.0
2022-07-05T21:00:00Z,334.68,1162.95
2022-07-05T21:30:00Z,301.0,913.2
2022-07-05T22:00:00Z,305.55,1139.05
2022-07-05T22:30:00Z,307.05,511.55
2022-07-05T23:00:00Z,252.26,384.7
2022-07-05T23:30:00Z,214.02,396.7
2022-07-06T00:00:00Z,202.28,518.4
2022-07-06T00:30:00Z,213.27,536.45
2022-07-06T01:00:00Z,221.37,507.65
2022-07-06T01:30:00Z,192.15,591.65
2022-07-06T02:00:00Z,162.83,457.55
2022-07-06T02:30:00Z,159.47,728.75
2022-07-06T03:00:00Z,169.65,695.5
2022-07-06T03:30:00Z,161.77,743.15
2022-07-06T04:00:00Z,200.44,772.95
2022-07-06T04:30:00Z,215.03,784.55
2022-07-06T05:00:00Z,278.84,858.05
2022-07-06T05:30:00Z,285.35,1359.35
2022-07-06T06:00:00Z,316.98,1174.7
2022-07-06T06:30:00Z,332.21999999999997,1758.5
2022-07-06T07:00:00Z,325.95,1437.0
2022-07-06T07:30:00Z,319.73,1497.65
2022-07-06T08:00:00Z,292.87,1751.1
2022-07-06T08:30:00Z,275.19,1653.85
2022-07-06T09:00:00Z,253.54,1702.6
2022-07-06T09:30:00Z,242.01,1741.3
2022-07-06T10:00:00Z,228.68,1694.1
2022-07-06T10:30:00Z,232.38,1573.7
2022-07-06T11:00:00Z,220.47000000000003,1722.0
2022-07-06T11:30:00Z,208.13,1532.0
2022-07-06T12:00:00Z,213.24,1596.7
2022-07-06T12:30:00Z,196.39,1559.6
2022-07-06T13:00:00Z,201.85,1644.75
2022-07-06T13:30:00Z,183.06,1743.5
2022-07-06T14:00:00Z,200.57,1499.4
2022-07-06T14:30:00Z,185.12,1896.45
2022-07-06T15:00:00Z,196.55,1430.25
2022-07-06T15:30:00Z,192.78,1526.5
2022-07-06T16:00:00Z,184.32,1372.95
2022-07-06T16:30:00Z,201.48000000000002,1331.95
2022-07-06T17:00:00Z,202.81,1271.25
2022-07-06T17:30:00Z,190.0,1431.0
2022-07-06T18:00:00Z,212.32,1234.15
2022-07-06T18:30:00Z,210.48,1129.75
2022-07-06T19:00:00Z,208.09,1246.2
2022-07-06T19:30:00Z,221.62,1203.7
2022-07-06T20:00:00Z,221.76,1159.65
2022-07-06T20:30:00Z,208.76,1169.25
2022-07-06T21:00:00Z,193.45,1396.75
2022-07-06T21:30:00Z,169.76,1363.0
2022-07-06T22:00:00Z,144.75,719.05
2022-07-06T22:30:00Z,132.0,649.55
2022-07-06T23:00:00Z,137.31,886.25
2022-07-06T23:30:00Z,128.94,867.6
2022-07-07T00:00:00Z,147.65,837.05
2022-07-07T00:30:00Z,162.88,720.0
2022-07-07T01:00:00Z,172.21,1099.9
2022-07-07T01:30:00Z,178.82,1194.6
2022-07-07T02:00:00Z,174.47,897.65
2022-07-07T02:30:00Z,156.4,816.35
2022-07-07T03:00:00Z,146.32,908.15
2022-07-07T03:30:00Z,150.03,910.85
2022-07-07T04:00:00Z,133.29,935.45
2022-07-07T04:30:00Z,117.56,836.2
2022-07-07T05:00:00Z,131.25,1333.5
2022-07-07T05:30:00Z,136.66,1287.65
2022-07-07T06:00:00Z,135.9,1039.4
2022-07-07T06:30:00Z,160.47,1343.0
2022-07-07T07:00:00Z,173.18,1517.6
2022-07-07T07:30:00Z,218.72999999999996,1599.25
2022-07-07T08:00:00Z,217.6,1587.45
2022-07-07T08:30:00Z,219.01,1584.85
2022-07-07T09:00:00Z,203.64,1708.35
2022-07-07T09:30:00Z,187.24,1674.75
2022-07-07T10:00:00Z,147.59,1131.95
2022-07-07T10:30:00Z,148.17,1165.0
2022-07-07T11:00:00Z,169.35,1383.75
2022-07-07T11:30:00Z,171.23,1484.9
2022-07-07T12:00:00Z,160.86,1669.35
2022-07-07T12:30:00Z,162.90000000000003,1695.55
2022-07-07T13:00:00Z,157.91,2078.9
2022-07-07T13:30:00Z,159.75,1979.3
2022-07-07T14:00:00Z,165.29,1474.9
2022-07-07T14:30:00Z,170.13,1722.7
2022-07-07T15:00:00Z,167.15,1490.75
2022-07-07T15:30:00Z,190.24,1839.5
2022-07-07T16:00:00Z,233.23000000000002,1343.3
2022-07-07T16:30:00Z,254.56000000000003,1340.2
2022-07-07T17:00:00Z,264.84,1120.55
2022-07-07T17:30:00Z,276.97,1125.75
2022-07-07T18:00:00Z,311.46,956.5
2022-07-07T18:30:00Z,323.22,823.3
2022-07-07T19:00:00Z,344.61,922.4
2022-07-07T19:30:00Z,344.7,984.2
2022-07-07T20:00:00Z,345.69,1260.85
2022-07-07T20:30:00Z,347.28,1165.5
2022-07-07T21:00:00Z,336.59,1231.9
2022-07-07T21:30:00Z,313.64,903.75
2022-07-07T22:00:00Z,269.53,645.5
2022-07-07T22:30:00Z,253.88,786.2
2022-07-07T23:00:00Z,244.06,570.35
2022-07-07T23:30:00Z,219.44,562.85
2022-07-08T00:00:00Z,220.74,477.15
2022-07-08T00:30:00Z,216.57,763.75
2022-07-08T01:00:00Z,209.24,872.6
2022-07-08T01:30:00Z,182.87,630.0
2022-07-08T02:00:00Z,171.46,740.65
2022-07-08T02:30:00Z,182.03,933.5
2022-07-08T03:00:00Z,180.23,904.9
2022-07-08T03:30:00Z,176.68,677.85
2022-07-08T04:00:00Z,148.7,552.55
2022-07-08T04:30:00Z,150.97,756.05
2022-07-08T05:00:00Z,141.75,604.4
2022-07-08T05:30:00Z,174.75,662.45
2022-07-08T06:00:00Z,220.27,1082.05
2022-07-08T06:30:00Z,298.16,1061.5
2022-07-08T07:00:00Z,274.51,1068.0
2022-07-08T07:30:00Z,256.76,1171.85
2022-07-08T08:00:00Z,283.53,1092.35
2022-07-08T08:30:00Z,278.25,1153.45
2022-07-08T09:00:00Z,229.38,1312.55
2022-07-08T09:30:00Z,226.19,1409.95
2022-07-08T10:00:00Z,218.34999999999997,1323.15
2022-07-08T10:30:00Z,203.94,1338.75
2022-07-08T11:00:00Z,201.6,1213.2
2022-07-08T11:30:00Z,195.42,1393.55
2022-07-08T12:00:00Z,170.8,1533.5
2022-07-08T12:30:00Z,159.59,1396.3
2022-07-08T13:00:00Z,155.57,1785.3
2022-07-08T13:30:00Z,161.44,2381.75
2022-07-08T14:00:00Z,164.88,1700.95
2022-07-08T14:30:00Z,157.53,1580.2
2022-07-08T15:00:00Z,168.17,1343.05
2022-07-08T15:30:00Z,170.57,1295.85
2022-07-08T16:00:00Z,258.63,1354.7
2022-07-08T16:30:00Z,265.71,1115.5
2022-07-08T17:00:00Z,270.61,1351.0
2022-07-08T17:30:00Z,258.41,1405.5
2022-07-08T18:00:00Z,289.85,935.25
2022-07-08T18:30:00Z,305.43,997.55
2022-07-08T19:00:00Z,272.93,980.5
2022-07-08T19:30:00Z,261.84,1052.05
2022-07-08T20:00:00Z,283.17,905.7
2022-07-08T20:30:00Z,277.12,1014.35
2022-07-08T21:00:00Z,289.2,1177.0
2022-07-08T21:30:00Z,267.98,993.05
2022-07-08T22:00:00Z,247.94,875.05
2022-07-08T22:30:00Z,255.98,848.05
2022-07-08T23:00:00Z,202.59,693.7
2022-07-08T23:30:00Z,185.46,599.15
2022-07-09T00:00:00Z,172.67000000000002,407.35
2022-07-09T00:30:00Z,156.98,330.25
2022-07-09T01:00:00Z,145.94,732.75
2022-07-09T01:30:00Z,136.66,764.1
2022-07-09T02:00:00Z,128.62,673.1
2022-07-09T02:30:00Z,128.07,598.3
2022-07-09T03:00:00Z,121.65,526.6
2022-07-09T03:30:00Z,123.53,522.3
2022-07-09T04:00:00Z,151.16,1017.25
2022-07-09T04:30:00Z,160.13,1040.35
2022-07-09T05:00:00Z,141.32,1010.2
2022-07-09T05:30:00Z,123.36,1107.85
2022-07-09T06:00:00Z,120.11,661.35
2022-07-09T06:30:00Z,168.63,743.75
2022-07-09T07:00:00Z,130.86,580.65
2022-07-09T07:30:00Z,190.39,748.35
2022-07-09T08:00:00Z,168.88,963.0
2022-07-09T08:30:00Z,184.17,1025.15
2022-07-09T09:00:00Z,167.88,842.95
2022-07-09T09:30:00Z,175.36,890.05
2022-07-09T10:00:00Z,211.18,940.4
2022-07-09T10:30:00Z,210.08,1060.0
2022-07-09T11:00:00Z,189.12,975.1
2022-07-09T11:30:00Z,174.21,903.25
2022-07-09T12:00:00Z,149.35,867.55
2022-07-09T12:30:00Z,146.46,914.75
2022-07-09T13:00:00Z,145.96,1019.25
2022-07-09T13:30:00Z,140.59,1291.55
2022-07-09T14:00:00Z,127.74,885.6
2022-07-09T14:30:00Z,133.23,761.65
2022-07-09T15:00:00Z,136.38,1066.65
2022-07-09T15:30:00Z,136.45,763.8
2022-07-09T16:00:00Z,150.69,921.45
2022-07-09T16:30:00Z,150.84,916.05
2022-07-09T17:00:00Z,186.78,1345.15
2022-07-09T17:30:00Z,190.38,1183.0
2022-07-09T18:00:00Z,222.51,786.0
2022-07-09T18:30:00Z,243.95,885.95
2022-07-09T19:00:00Z,248.1,916.6
2022-07-09T19:30:00Z,246.12,814.0
2022-07-09T20:00:00Z,260.0,662.9
2022-07-09T20:30:00Z,274.4,771.25
2022-07-09T21:00:00Z,255.9,992.7
2022-07-09T21:30:00Z,221.01999999999998,723.8
2022-07-09T22:00:00Z,205.53,258.0
2022-07-09T22:30:00Z,195.67,158.3
2022-07-09T23:00:00Z,194.08,119.35
2022-07-09T23:30:00Z,187.02,53.8
2022-07-10T00:00:00Z,160.61,80.25
2022-07-10T00:30:00Z,160.11,72.0
2022-07-10T01:00:00Z,159.15,88.6
2022-07-10T01:30:00Z,163.08,88.6
2022-07-10T02:00:00Z,0.0,0.0
2022-07-10T02:30:00Z,0.0,0.0
2022-07-10T03:00:00Z,0.0,0.0
2022-07-10T03:30:00Z,0.0,0.0
2022-07-10T04:00:00Z,0.0,0.0
2022-07-10T04:30:00Z,0.0,0.0
2022-07-10T05:00:00Z,0.0,0.0
2022-07-10T05:30:00Z,0.0,0.0
2022-07-10T06:00:00Z,0.0,0.0
2022-07-10T06:30:00Z,0.0,0.0
2022-07-10T07:00:00Z,0.0,0.0
2022-07-10T07:30:00Z,128.24,380.9
2022-07-10T08:00:00Z,134.72,634.55
2022-07-10T08:30:00Z,127.52,742.6
2022-07-10T09:00:00Z,123.63,889.25
2022-07-10T09:30:00Z,136.88,920.85
2022-07-10T10:00:00Z,136.1,1851.65
2022-07-10T10:30:00Z,137.31,2023.5
2022-07-10T11:00:00Z,135.75,1920.55
2022-07-10T11:30:00Z,136.62,1889.0
2022-07-10T12:00:00Z,133.28,1815.55
2022-07-10T12:30:00Z,133.56,1966.05
2022-07-10T13:00:00Z,137.38,2042.75
2022-07-10T13:30:00Z,137.32,1961.65
2022-07-10T14:00:00Z,154.28,1717.95
2022-07-10T14:30:00Z,153.47,1609.05
2022-07-10T15:00:00Z,162.54,1517.0
2022-07-10T15:30:00Z,151.58,1272.4
2022-07-10T16:00:00Z,248.53,794.3
2022-07-10T16:30:00Z,240.41,1062.4
2022-07-10T17:00:00Z,247.80999999999997,1228.05
2022-07-10T17:30:00Z,264.03,1168.05
2022-07-10T18:00:00Z,299.93,928.8
2022-07-10T18:30:00Z,305.98,979.55
2022-07-10T19:00:00Z,366.29,1220.75
2022-07-10T19:30:00Z,348.6000000000001,912.45
2022-07-10T20:00:00Z,317.74,1071.5
2022-07-10T20:30:00Z,291.67,1013.25
2022-07-10T21:00:00Z,306.25,1111.1
2022-07-10T21:30:00Z,286.16,1033.6
2022-07-10T22:00:00Z,312.46,621.2
2022-07-10T22:30:00Z,246.68,489.9
2022-07-10T23:00:00Z,238.57,499.75
2022-07-10T23:30:00Z,192.19,578.75
2022-07-11T00:00:00Z,188.0,538.3
2022-07-11T00:30:00Z,169.85,517.65
2022-07-11T01:00:00Z,209.28999999999996,488.05
2022-07-11T01:30:00Z,207.19,555.15
2022-07-11T02:00:00Z,226.56,437.5
2022-07-11T02:30:00Z,228.68999999999997,587.75
2022-07-11T03:00:00Z,234.92999999999998,596.35
2022-07-11T03:30:00Z,202.03,672.0
2022-07-11T04:00:00Z,185.95,475.95
2022-07-11T04:30:00Z,200.1,496.65
2022-07-11T05:00:00Z,271.89,711.15
2022-07-11T05:30:00Z,323.29,900.0
2022-07-11T06:00:00Z,363.59,772.45
2022-07-11T06:30:00Z,362.79,846.45
2022-07-11T07:00:00Z,344.95,838.0
2022-07-11T07:30:00Z,334.1,905.95
2022-07-11T08:00:00Z,314.09,1413.45
2022-07-11T08:30:00Z,285.92,1325.5
2022-07-11T09:00:00Z,286.32,1418.45
2022-07-11T09:30:00Z,268.5,1563.25
2022-07-11T10:00:00Z,246.75,1172.4
2022-07-11T10:30:00Z,273.76,1859.8
2022-07-11T11:00:00Z,250.47,1596.4
2022-07-11T11:30:00Z,225.24,1847.05
2022-07-11T12:00:00Z,235.47999999999996,1696.0
2022-07-11T12:30:00Z,262.83,1655.1
2022-07-11T13:00:00Z,252.87,1915.75
2022-07-11T13:30:00Z,255.93000000000004,2309.35
2022-07-11T14:00:00Z,280.46,1561.35
2022-07-11T14:30:00Z,278.31,1860.1
2022-07-11T15:00:00Z,300.18,1462.65
2022-07-11T15:30:00Z,320.48,2010.65
2022-07-11T16:00:00Z,345.48,1416.6
2022-07-11T16:30:00Z,341.76,1286.8
2022-07-11T17:00:00Z,358.51,1285.15
2022-07-11T17:30:00Z,373.38,1552.05
2022-07-11T18:00:00Z,354.56999999999994,1633.6
2022-07-11T18:30:00Z,358.29,1843.65
2022-07-11T19:00:00Z,355.04,2164.45
2022-07-11T19:30:00Z,332.69,2130.6
2022-07-11T20:00:00Z,310.26,2198.45
2022-07-11T20:30:00Z,314.17,2056.65
2022-07-11T21:00:00Z,301.81,1941.65
2022-07-11T21:30:00Z,258.64,2623.2
2022-07-11T22:00:00Z,200.87,901.5
2022-07-11T22:30:00Z,189.44999999999996,922.7
2022-07-11T23:00:00Z,229.25,895.75
2022-07-11T23:30:00Z,241.3,850.85
2022-07-12T00:00:00Z,224.8,1013.05
2022-07-12T00:30:00Z,214.14999999999998,880.9
2022-07-12T01:00:00Z,215.98,833.95
2022-07-12T01:30:00Z,218.52,895.9
2022-07-12T02:00:00Z,218.26,917.05
2022-07-12T02:30:00Z,208.11,1089.25
2022-07-12T03:00:00Z,194.11,766.45
2022-07-12T03:30:00Z,173.53,1032.35
2022-07-12T04:00:00Z,189.44,791.75
2022-07-12T04:30:00Z,196.92,1199.8
2022-07-12T05:00:00Z,195.22,1154.65
2022-07-12T05:30:00Z,221.92999999999998,1463.65
2022-07-12T06:00:00Z,268.06,1015.65
2022-07-12T06:30:00Z,295.33,1391.5
2022-07-12T07:00:00Z,297.96,1195.95
2022-07-12T07:30:00Z,314.53,1250.75
2022-07-12T08:00:00Z,312.83,1167.65
2022-07-12T08:30:00Z,311.5,1272.25
2022-07-12T09:00:00Z,316.9,1421.15
2022-07-12T09:30:00Z,318.21,1360.75
2022-07-12T10:00:00Z,297.0,1301.9
2022-07-12T10:30:00Z,301.43,1329.0
2022-07-12T11:00:00Z,300.53,1572.05
2022-07-12T11:30:00Z,310.57,1425.25
2022-07-12T12:00:00Z,344.43,1373.55
2022-07-12T12:30:00Z,329.4,1653.4
2022-07-12T13:00:00Z,347.2,1487.6
2022-07-12T13:30:00Z,356.55,1505.05
2022-07-12T14:00:00Z,371.97,2230.75
2022-07-12T14:30:00Z,378.99,2093.35
2022-07-12T15:00:00Z,407.44,1581.5
2022-07-12T15:30:00Z,414.82,1616.4
2022-07-12T16:00:00Z,435.03,1238.7
2022-07-12T16:30:00Z,441.34,1511.85
2022-07-12T17:00:00Z,450.36,1300.55
2022-07-12T17:30:00Z,453.1,1132.85
2022-07-12T18:00:00Z,431.27,1142.4
2022-07-12T18:30:00Z,416.96,1096.15
2022-07-12T19:00:00Z,417.8903125558135,1119.8
2022-07-12T19:30:00Z,394.98184899372995,1140.35
2022-07-12T20:00:00Z,392.095625,864.0
2022-07-12T20:30:00Z,388.81,806.25
2022-07-12T21:00:00Z,381.26000000000005,769.2
2022-07-12T21:30:00Z,374.3470072571731,1040.35
2022-07-12T22:00:00Z,376.33,1391.55
2022-07-12T22:30:00Z,390.77,1345.9
2022-07-12T23:00:00Z,372.51000000000005,1434.75
2022-07-12T23:30:00Z,357.29,1046.3
2022-07-13T00:00:00Z,324.73,1052.85
2022-07-13T00:30:00Z,311.38,1048.55
2022-07-13T01:00:00Z,297.18,832.9
2022-07-13T01:30:00Z,273.82,763.65
2022-07-13T02:00:00Z,227.43,601.9
2022-07-13T02:30:00Z,202.91,524.35
2022-07-13T03:00:00Z,198.03,583.25
2022-07-13T03:30:00Z,198.64,880.75
2022-07-13T04:00:00Z,214.67,663.1
2022-07-13T04:30:00Z,218.07,1054.4
2022-07-13T05:00:00Z,213.53,814.7
2022-07-13T05:30:00Z,208.74,1452.55
2022-07-13T06:00:00Z,229.52,1304.8
2022-07-13T06:30:00Z,288.35,1193.25
2022-07-13T07:00:00Z,293.3,1125.05
2022-07-13T07:30:00Z,310.0,1006.35
2022-07-13T08:00:00Z,332.69,1237.4
2022-07-13T08:30:00Z,315.69,1208.95
2022-07-13T09:00:00Z,293.06,1356.4
2022-07-13T09:30:00Z,285.97,1312.6
2022-07-13T10:00:00Z,251.35999999999999,1130.0
2022-07-13T10:30:00Z,252.12999999999997,1078.65
2022-07-13T11:00:00Z,245.44000000000003,1142.2
2022-07-13T11:30:00Z,231.55,1302.85
2022-07-13T12:00:00Z,228.8,1484.25
2022-07-13T12:30:00Z,226.45,1635.85
2022-07-13T13:00:00Z,227.42000000000002,1571.8
2022-07-13T13:30:00Z,225.69,1667.8
2022-07-13T14:00:00Z,201.73,1121.4
2022-07-13T14:30:00Z,206.96,1095.15
2022-07-13T15:00:00Z,228.34,971.6
2022-07-13T15:30:00Z,266.5,1234.85
2022-07-13T16:00:00Z,292.52,1123.15
2022-07-13T16:30:00Z,310.21,1049.45
2022-07-13T17:00:00Z,310.22999999999996,855.85
2022-07-13T17:30:00Z,291.43,1177.85
2022-07-13T18:00:00Z,314.64,961.85
2022-07-13T18:30:00Z,320.6,950.3
2022-07-13T19:00:00Z,297.34,980.2
2022-07-13T19:30:00Z,324.52,937.7
2022-07-13T20:00:00Z,329.09,909.5
2022-07-13T20:30:00Z,317.55,879.35
2022-07-13T21:00:00Z,330.39000000000004,991.4
2022-07-13T21:30:00Z,319.78,1227.4
2022-07-13T22:00:00Z,344.79,766.8
2022-07-13T22:30:00Z,310.2,523.9
2022-07-13T23:00:00Z,290.6,476.5
2022-07-13T23:30:00Z,241.67,491.95
2022-07-14T00:00:00Z,223.17,369.6
2022-07-14T00:30:00Z,215.69,354.5
2022-07-14T01:00:00Z,226.05,469.55
2022-07-14T01:30:00Z,225.8,564.8
2022-07-14T02:00:00Z,236.82,432.45
2022-07-14T02:30:00Z,217.71,861.6
2022-07-14T03:00:00Z,219.19,612.0
2022-07-14T03:30:00Z,216.85,549.0
2022-07-14T04:00:00Z,225.94,660.9
2022-07-14T04:30:00Z,232.51,680.8
2022-07-14T05:00:00Z,273.46,1070.5
2022-07-14T05:30:00Z,328.7,1074.9
2022-07-14T06:00:00Z,256.56,792.85
2022-07-14T06:30:00Z,313.69,1426.65
2022-07-14T07:00:00Z,283.04,970.05
2022-07-14T07:30:00Z,268.37,1080.35
2022-07-14T08:00:00Z,236.08,1067.7
2022-07-14T08:30:00Z,235.39,1362.45
2022-07-14T09:00:00Z,253.14999999999998,1042.2
2022-07-14T09:30:00Z,249.4,1194.3
2022-07-14T10:00:00Z,204.44,545.75
2022-07-14T10:30:00Z,193.58,577.3
2022-07-14T11:00:00Z,192.42,621.25
2022-07-14T11:30:00Z,189.48,602.15
2022-07-14T12:00:00Z,175.16,537.2
2022-07-14T12:30:00Z,169.15,557.8
2022-07-14T13:00:00Z,167.12,558.0
2022-07-14T13:30:00Z,158.28,644.9
2022-07-14T14:00:00Z,150.43,435.15
2022-07-14T14:30:00Z,169.98,565.25
2022-07-14T15:00:00Z,187.15,844.65
2022-07-14T15:30:00Z,204.15,1072.0
2022-07-14T16:00:00Z,240.36,1121.25
2022-07-14T16:30:00Z,269.14,1088.65
2022-07-14T17:00:00Z,234.74,956.95
2022-07-14T17:30:00Z,234.19000000000003,1189.25
2022-07-14T18:00:00Z,249.78,1079.9
2022-07-14T18:30:00Z,255.36,1100.75
2022-07-14T19:00:00Z,266.91,1091.85
2022-07-14T19:30:00Z,245.86000000000004,1110.55
2022-07-14T20:00:00Z,270.46,1113.3
2022-07-14T20:30:00Z,268.94,1071.5
2022-07-14T21:00:00Z,309.67,1231.25
2022-07-14T21:30:00Z,279.75,962.05
2022-07-14T22:00:00Z,298.0,679.35
2022-07-14T22:30:00Z,226.59000000000003,386.2
2022-07-14T23:00:00Z,197.10000000000002,378.4
2022-07-14T23:30:00Z,167.76,605.75
2022-07-15T00:00:00Z,186.74,717.65
2022-07-15T00:30:00Z,179.76,782.05
2022-07-15T01:00:00Z,191.62999999999997,869.3
2022-07-15T01:30:00Z,181.04,851.05
2022-07-15T02:00:00Z,176.18,644.05
2022-07-15T02:30:00Z,172.21,664.9
2022-07-15T03:00:00Z,177.27,642.2
2022-07-15T03:30:00Z,174.68,584.65
2022-07-15T04:00:00Z,172.21,699.7
2022-07-15T04:30:00Z,176.34,825.0
2022-07-15T05:00:00Z,223.35,1073.9
2022-07-15T05:30:00Z,270.52,1246.2
2022-07-15T06:00:00Z,292.03,1591.95
2022-07-15T06:30:00Z,296.37,1691.2
2022-07-15T07:00:00Z,237.81999999999996,1492.65
2022-07-15T07:30:00Z,246.1,1293.8
2022-07-15T08:00:00Z,233.27,1171.6
2022-07-15T08:30:00Z,218.68,1009.1
2022-07-15T09:00:00Z,218.33,1107.05
2022-07-15T09:30:00Z,204.39,1319.65
2022-07-15T10:00:00Z,172.06,1012.05
2022-07-15T10:30:00Z,170.88,1049.65
2022-07-15T11:00:00Z,171.17,1033.2
2022-07-15T11:30:00Z,166.99,1136.05
2022-07-15T12:00:00Z,170.14,1376.75
2022-07-15T12:30:00Z,175.55,1541.2
2022-07-15T13:00:00Z,181.51,1672.75
2022-07-15T13:30:00Z,166.75,1911.25
2022-07-15T14:00:00Z,179.12,1208.25
2022-07-15T14:30:00Z,178.21,1224.75
2022-07-15T15:00:00Z,178.57,1238.4
2022-07-15T15:30:00Z,186.25,1358.45
2022-07-15T16:00:00Z,192.91,1600.2
2022-07-15T16:30:00Z,199.75,1581.75
2022-07-15T17:00:00Z,209.32,1455.7
2022-07-15T17:30:00Z,210.99,1517.35
2022-07-15T18:00:00Z,232.88000000000002,1144.9
2022-07-15T18:30:00Z,223.68,1235.8
2022-07-15T19:00:00Z,222.68,1463.8
2022-07-15T19:30:00Z,211.82,1619.2
2022-07-15T20:00:00Z,210.63,1345.5
2022-07-15T20:30:00Z,206.0,1555.85
2022-07-15T21:00:00Z,218.76,1605.95
2022-07-15T21:30:00Z,227.48,1592.65
2022-07-15T22:00:00Z,258.58,924.3
2022-07-15T22:30:00Z,207.71,802.6
2022-07-15T23:00:00Z,175.85,566.25
2022-07-15T23:30:00Z,171.73,640.0
2022-07-16T00:00:00Z,189.75,368.95
2022-07-16T00:30:00Z,201.1,414.55
2022-07-16T01:00:00Z,150.7,405.8
2022-07-16T01:30:00Z,145.31,591.95
2022-07-16T02:00:00Z,142.67,354.55
2022-07-16T02:30:00Z,142.1,470.75
2022-07-16T03:00:00Z,138.87,572.3
2022-07-16T03:30:00Z,144.07,451.65
2022-07-16T04:00:00Z,143.61,383.45
2022-07-16T04:30:00Z,142.39,477.75
2022-07-16T05:00:00Z,142.47,468.25
2022-07-16T05:30:00Z,146.7,523.05
2022-07-16T06:00:00Z,128.32,534.4
2022-07-16T06:30:00Z,109.88,386.4
2022-07-16T07:00:00Z,92.87999999999998,385.35
2022-07-16T07:30:00Z,116.03,577.2
2022-07-16T08:00:00Z,134.55,1185.7
2022-07-16T08:30:00Z,132.74,1055.45
2022-07-16T09:00:00Z,133.91,1071.05
2022-07-16T09:30:00Z,129.51,1003.7
2022-07-16T10:00:00Z,130.76,1026.1
2022-07-16T10:30:00Z,131.11,889.4
2022-07-16T11:00:00Z,139.2,1009.1
2022-07-16T11:30:00Z,132.37,1021.15
2022-07-16T12:00:00Z,133.43,986.85
2022-07-16T12:30:00Z,131.02,1020.4
2022-07-16T13:00:00Z,133.46,1019.9
2022-07-16T13:30:00Z,130.86,992.25
2022-07-16T14:00:00Z,122.45,746.95
2022-07-16T14:30:00Z,124.04999999999998,762.7
2022-07-16T15:00:00Z,127.18,898.25
2022-07-16T15:30:00Z,130.6,1026.8
2022-07-16T16:00:00Z,148.92,798.25
2022-07-16T16:30:00Z,151.73,766.75
2022-07-16T17:00:00Z,216.65,951.75
2022-07-16T17:30:00Z,203.93,1139.0
2022-07-16T18:00:00Z,230.62,1083.2
2022-07-16T18:30:00Z,216.98,1257.65
2022-07-16T19:00:00Z,211.96,1112.4
2022-07-16T19:30:00Z,214.22,1459.3
2022-07-16T20:00:00Z,211.16,943.9
2022-07-16T20:30:00Z,196.89,1003.25
2022-07-16T21:00:00Z,203.28,1164.4
2022-07-16T21:30:00Z,184.49,885.4
2022-07-16T22:00:00Z,154.31,275.3
2022-07-16T22:30:00Z,132.4,312.5
2022-07-16T23:00:00Z,131.14,306.9
2022-07-16T23:30:00Z,132.2,430.35
2022-07-17T00:00:00Z,156.27,311.5
2022-07-17T00:30:00Z,147.61,428.85
2022-07-17T01:00:00Z,150.57,453.05
2022-07-17T01:30:00Z,140.95,548.9
2022-07-17T02:00:00Z,135.77,439.45
2022-07-17T02:30:00Z,135.51,411.3
2022-07-17T03:00:00Z,137.84,393.05
2022-07-17T03:30:00Z,126.9,270.0
2022-07-17T04:00:00Z,128.0,365.45
2022-07-17T04:30:00Z,129.97,505.55
2022-07-17T05:00:00Z,134.13,636.65
2022-07-17T05:30:00Z,140.73,787.45
2022-07-17T06:00:00Z,135.99,738.4
2022-07-17T06:30:00Z,149.4,874.95
2022-07-17T07:00:00Z,130.24,857.2
2022-07-17T07:30:00Z,149.22,988.75
2022-07-17T08:00:00Z,117.42,692.7
2022-07-17T08:30:00Z,119.52,854.25
2022-07-17T09:00:00Z,120.56,992.1
2022-07-17T09:30:00Z,125.39,1038.2
2022-07-17T10:00:00Z,128.44,978.45
2022-07-17T10:30:00Z,122.43,1128.2
2022-07-17T11:00:00Z,106.72,1380.4
2022-07-17T11:30:00Z,110.65999999999998,1548.6
2022-07-17T12:00:00Z,120.01000000000002,1314.2
2022-07-17T12:30:00Z,120.72,1493.95
2022-07-17T13:00:00Z,112.52,1627.35
2022-07-17T13:30:00Z,105.4,1499.5
2022-07-17T14:00:00Z,120.17,1359.8
2022-07-17T14:30:00Z,118.85,1540.25
2022-07-17T15:00:00Z,134.58,1383.95
2022-07-17T15:30:00Z,123.65,1243.0
2022-07-17T16:00:00Z,227.2,1029.8
2022-07-17T16:30:00Z,225.01,1058.1
2022-07-17T17:00:00Z,228.91,1069.7
2022-07-17T17:30:00Z,223.11,1292.85
2022-07-17T18:00:00Z,222.11,1195.75
2022-07-17T18:30:00Z,221.98999999999998,1291.55
2022-07-17T19:00:00Z,212.85,1114.55
2022-07-17T19:30:00Z,191.2,1250.55
2022-07-17T20:00:00Z,189.66,916.05
2022-07-17T20:30:00Z,181.79,1147.6
2022-07-17T21:00:00Z,174.83,1023.95
2022-07-17T21:30:00Z,161.11,942.2
2022-07-17T22:00:00Z,122.72,565.15
2022-07-17T22:30:00Z,123.74,293.65
2022-07-17T23:00:00Z,124.72,522.1
2022-07-17T23:30:00Z,117.27,356.3
2022-07-18T00:00:00Z,121.24,535.6
2022-07-18T00:30:00Z,120.43000000000002,628.1
2022-07-18T01:00:00Z,117.54000000000002,666.2
2022-07-18T01:30:00Z,121.69,735.75
2022-07-18T02:00:00Z,119.86,631.5
2022-07-18T02:30:00Z,123.0,727.45
2022-07-18T03:00:00Z,124.02,690.2
2022-07-18T03:30:00Z,131.95,529.15
2022-07-18T04:00:00Z,126.53000000000002,608.05
2022-07-18T04:30:00Z,128.72,620.8
2022-07-18T05:00:00Z,148.28,548.1
2022-07-18T05:30:00Z,268.23,852.25
2022-07-18T06:00:00Z,257.92,966.15
2022-07-18T06:30:00Z,327.28,1042.7
2022-07-18T07:00:00Z,289.33,1148.4
2022-07-18T07:30:00Z,326.21,1269.0
2022-07-18T08:00:00Z,255.78,1756.9
2022-07-18T08:30:00Z,246.92,1744.9
2022-07-18T09:00:00Z,262.89,1795.4
2022-07-18T09:30:00Z,260.26,2150.65
2022-07-18T10:00:00Z,269.53,1322.55
2022-07-18T10:30:00Z,251.22,1397.95
2022-07-18T11:00:00Z,243.59,1056.8
2022-07-18T11:30:00Z,247.4,1223.4
2022-07-18T12:00:00Z,286.72,1559.6
2022-07-18T12:30:00Z,259.88,1370.55
2022-07-18T13:00:00Z,262.09,1333.55
2022-07-18T13:30:00Z,273.65,1468.85
2022-07-18T14:00:00Z,337.01,968.55
2022-07-18T14:30:00Z,357.28,1075.9
2022-07-18T15:00:00Z,387.97,1203.2
2022-07-18T15:30:00Z,409.44999999999993,1384.0
2022-07-18T16:00:00Z,478.62000000000006,1253.6
2022-07-18T16:30:00Z,505.62,1649.0
2022-07-18T17:00:00Z,535.52,1526.75
2022-07-18T17:30:00Z,544.3,1631.2
2022-07-18T18:00:00Z,571.19,1964.1
2022-07-18T18:30:00Z,556.66,1858.75
2022-07-18T19:00:00Z,510.21,1955.4
2022-07-18T19:30:00Z,443.45,2124.75
2022-07-18T20:00:00Z,357.98,1815.7
2022-07-18T20:30:00Z,349.5799999999999,1557.55
2022-07-18T21:00:00Z,361.54,1604.5
2022-07-18T21:30:00Z,309.2,1808.65
2022-07-18T22:00:00Z,282.16,1151.85
2022-07-18T22:30:00Z,240.98,643.2
2022-07-18T23:00:00Z,234.46,542.6
2022-07-18T23:30:00Z,242.12,938.2
2022-07-19T00:00:00Z,255.57,991.05
2022-07-19T00:30:00Z,288.07,1236.4
2022-07-19T01:00:00Z,271.47,1501.3
2022-07-19T01:30:00Z,254.64,1376.45
2022-07-19T02:00:00Z,242.65,1481.0
2022-07-19T02:30:00Z,253.22000000000003,1339.35
2022-07-19T03:00:00Z,265.16,1519.1
2022-07-19T03:30:00Z,234.47000000000003,1745.35
2022-07-19T04:00:00Z,260.26,1457.35
2022-07-19T04:30:00Z,271.38,1413.75
2022-07-19T05:00:00Z,352.54,1495.5
2022-07-19T05:30:00Z,375.78,1635.0
2022-07-19T06:00:00Z,384.6,1450.4
2022-07-19T06:30:00Z,389.51,1802.2
2022-07-19T07:00:00Z,309.76,1819.5
2022-07-19T07:30:00Z,294.5,1803.45
2022-07-19T08:00:00Z,309.97,2018.0
2022-07-19T08:30:00Z,311.12,2028.55
2022-07-19T09:00:00Z,319.63,1775.8
2022-07-19T09:30:00Z,313.77,2164.5
2022-07-19T10:00:00Z,318.9,1298.05
2022-07-19T10:30:00Z,344.95,1246.5
2022-07-19T11:00:00Z,351.62,1344.4
2022-07-19T11:30:00Z,359.72,1380.55
2022-07-19T12:00:00Z,398.71,1717.6
2022-07-19T12:30:00Z,385.09000000000003,1583.5
2022-07-19T13:00:00Z,409.11,1611.75
2022-07-19T13:30:00Z,410.0,1830.35
2022-07-19T14:00:00Z,354.42,2153.25
2022-07-19T14:30:00Z,370.88,2219.2
2022-07-19T15:00:00Z,422.54999999999995,1775.05
2022-07-19T15:30:00Z,453.2,1879.5
2022-07-19T16:00:00Z,487.63,1739.0
2022-07-19T16:30:00Z,498.0,1892.3
2022-07-19T17:00:00Z,522.48,2067.45
2022-07-19T17:30:00Z,524.14,2048.05
2022-07-19T18:00:00Z,542.31,1855.1
2022-07-19T18:30:00Z,542.79,2016.65
2022-07-19T19:00:00Z,512.66,1865.55
2022-07-19T19:30:00Z,504.38999999999993,2122.5
2022-07-19T20:00:00Z,448.34,1484.05
2022-07-19T20:30:00Z,447.19999999999993,1424.05
2022-07-19T21:00:00Z,427.39,1340.1
2022-07-19T21:30:00Z,349.78,1552.8
2022-07-19T22:00:00Z,263.99,1629.75
2022-07-19T22:30:00Z,224.45,1210.45
2022-07-19T23:00:00Z,200.72,1082.9
2022-07-19T23:30:00Z,200.79,1149.25
2022-07-20T00:00:00Z,174.6,1177.15
2022-07-20T00:30:00Z,164.79,1084.9
2022-07-20T01:00:00Z,159.93,905.55
2022-07-20T01:30:00Z,172.3,1436.65
2022-07-20T02:00:00Z,184.49,1419.4
2022-07-20T02:30:00Z,167.5,1373.3
2022-07-20T03:00:00Z,160.33,1303.8
2022-07-20T03:30:00Z,156.62,1279.55
2022-07-20T04:00:00Z,154.04,1250.05
2022-07-20T04:30:00Z,155.78,1043.0
2022-07-20T05:00:00Z,153.14,1391.15
2022-07-20T05:30:00Z,155.25,1483.9
2022-07-20T06:00:00Z,161.63,2474.95
2022-07-20T06:30:00Z,163.29,2750.45
2022-07-20T07:00:00Z,163.49,2510.3
2022-07-20T07:30:00Z,164.85,2549.0
2022-07-20T08:00:00Z,178.9,2684.2
2022-07-20T08:30:00Z,180.28,2590.85
2022-07-20T09:00:00Z,184.65,3162.95
2022-07-20T09:30:00Z,183.15,3208.4
2022-07-20T10:00:00Z,179.46,2355.75
2022-07-20T10:30:00Z,185.64,2580.65
2022-07-20T11:00:00Z,188.7,2504.5
2022-07-20T11:30:00Z,190.83000000000004,2885.4
2022-07-20T12:00:00Z,211.46,2084.25
2022-07-20T12:30:00Z,191.08,2166.75
2022-07-20T13:00:00Z,203.68,2050.95
2022-07-20T13:30:00Z,203.39,2200.4
2022-07-20T14:00:00Z,238.79,1556.9
2022-07-20T14:30:00Z,256.8,1915.55
2022-07-20T15:00:00Z,259.43,1523.8
2022-07-20T15:30:00Z,277.32,1813.6
2022-07-20T16:00:00Z,337.31,2008.4
2022-07-20T16:30:00Z,342.19000000000005,1875.45
2022-07-20T17:00:00Z,308.79,1731.4
2022-07-20T17:30:00Z,307.01,1872.25
2022-07-20T18:00:00Z,303.72,1417.5
2022-07-20T18:30:00Z,285.71,1593.25
2022-07-20T19:00:00Z,268.91,1643.05
2022-07-20T19:30:00Z,265.39,1595.1
2022-07-20T20:00:00Z,263.19,1253.65
2022-07-20T20:30:00Z,253.77999999999997,1331.8
2022-07-20T21:00:00Z,240.17999999999998,1115.6
2022-07-20T21:30:00Z,220.98000000000002,1202.75
2022-07-20T22:00:00Z,180.17,662.65
2022-07-20T22:30:00Z,180.16999999999996,827.25
2022-07-20T23:00:00Z,184.32,1190.35
2022-07-20T23:30:00Z,157.52,814.35
2022-07-21T00:00:00Z,155.96,1030.05
2022-07-21T00:30:00Z,154.28,1188.9
2022-07-21T01:00:00Z,150.26,1322.45
2022-07-21T01:30:00Z,152.46,1183.45
2022-07-21T02:00:00Z,152.85,945.1
2022-07-21T02:30:00Z,150.49999999999997,943.4
2022-07-21T03:00:00Z,147.27,983.5
2022-07-21T03:30:00Z,145.66,1001.2
2022-07-21T04:00:00Z,142.62,1019.8
2022-07-21T04:30:00Z,146.58,1114.1
2022-07-21T05:00:00Z,156.48,1009.65
2022-07-21T05:30:00Z,169.69,1415.3
2022-07-21T06:00:00Z,172.68,1398.75
2022-07-21T06:30:00Z,180.43,1795.0
2022-07-21T07:00:00Z,185.19,1319.2
2022-07-21T07:30:00Z,202.73,1452.55
2022-07-21T08:00:00Z,237.31,1778.35
2022-07-21T08:30:00Z,228.62,1945.9
2022-07-21T09:00:00Z,253.76,2282.25
2022-07-21T09:30:00Z,249.33,1963.85
2022-07-21T10:00:00Z,275.48,1865.1
2022-07-21T10:30:00Z,261.76,1991.05
2022-07-21T11:00:00Z,259.55,2199.65
2022-07-21T11:30:00Z,249.08000000000004,1864.3
2022-07-21T12:00:00Z,239.49,2163.45
2022-07-21T12:30:00Z,250.43,2193.65
2022-07-21T13:00:00Z,248.97,2184.6
2022-07-21T13:30:00Z,248.75,2131.5
2022-07-21T14:00:00Z,234.56999999999996,1606.05
2022-07-21T14:30:00Z,256.17,1830.95
2022-07-21T15:00:00Z,264.63,1842.1
2022-07-21T15:30:00Z,264.77,1967.6
2022-07-21T16:00:00Z,251.83,1718.7
2022-07-21T16:30:00Z,260.38,1781.15
2022-07-21T17:00:00Z,242.51,2050.05
2022-07-21T17:30:00Z,241.67,1918.05
2022-07-21T18:00:00Z,264.95,1525.25
2022-07-21T18:30:00Z,246.31,1608.65
2022-07-21T19:00:00Z,246.08,1683.45
2022-07-21T19:30:00Z,236.96,1772.95
2022-07-21T20:00:00Z,257.68,1709.9
2022-07-21T20:30:00Z,258.45,1959.55
2022-07-21T21:00:00Z,243.97,1582.85
2022-07-21T21:30:00Z,226.73,1143.4
2022-07-21T22:00:00Z,266.08,961.75
2022-07-21T22:30:00Z,254.73,526.35
2022-07-21T23:00:00Z,232.58,677.55
2022-07-21T23:30:00Z,196.45,613.5
2022-07-22T00:00:00Z,215.66,415.25
2022-07-22T00:30:00Z,204.74,661.45
2022-07-22T01:00:00Z,218.59999999999997,659.5
2022-07-22T01:30:00Z,211.95,854.3
2022-07-22T02:00:00Z,200.53,480.55
2022-07-22T02:30:00Z,197.21,536.95
2022-07-22T03:00:00Z,200.52,737.65
2022-07-22T03:30:00Z,196.39,496.55
2022-07-22T04:00:00Z,217.77,536.3
2022-07-22T04:30:00Z,231.21,992.35
2022-07-22T05:00:00Z,249.66,997.35
2022-07-22T05:30:00Z,295.05,1132.1
2022-07-22T06:00:00Z,331.27,1239.15
2022-07-22T06:30:00Z,359.04,1223.3
2022-07-22T07:00:00Z,314.77,977.15
2022-07-22T07:30:00Z,336.05,1235.9
2022-07-22T08:00:00Z,284.17,1153.55
2022-07-22T08:30:00Z,273.27,1332.4
2022-07-22T09:00:00Z,291.11,1327.85
2022-07-22T09:30:00Z,291.46,1362.1
2022-07-22T10:00:00Z,263.77,1306.35
2022-07-22T10:30:00Z,261.27,1406.6
2022-07-22T11:00:00Z,264.39,1162.5
2022-07-22T11:30:00Z,267.24,1412.35
2022-07-22T12:00:00Z,257.46,1197.35
2022-07-22T12:30:00Z,245.06,1075.85
2022-07-22T13:00:00Z,271.86,1244.6
2022-07-22T13:30:00Z,260.1,1261.95
2022-07-22T14:00:00Z,278.48,1271.25
2022-07-22T14:30:00Z,279.92,1265.1
2022-07-22T15:00:00Z,278.37,1103.4
2022-07-22T15:30:00Z,291.71,1216.2
2022-07-22T16:00:00Z,309.63,1318.55
2022-07-22T16:30:00Z,309.98,1256.4
2022-07-22T17:00:00Z,291.84,1121.6
2022-07-22T17:30:00Z,292.36,1252.95
2022-07-22T18:00:00Z,335.71,1300.8
2022-07-22T18:30:00Z,311.37,1389.35
2022-07-22T19:00:00Z,294.21,1272.65
2022-07-22T19:30:00Z,298.37,1289.3
2022-07-22T20:00:00Z,316.39,995.3
2022-07-22T20:30:00Z,306.22,991.65
2022-07-22T21:00:00Z,295.03,1152.95
2022-07-22T21:30:00Z,259.04,979.2
2022-07-22T22:00:00Z,321.37,1105.7
2022-07-22T22:30:00Z,307.55,952.3
2022-07-22T23:00:00Z,293.47,758.0
2022-07-22T23:30:00Z,278.79,742.2
2022-07-23T00:00:00Z,280.37,915.65
2022-07-23T00:30:00Z,277.83,687.85
2022-07-23T01:00:00Z,276.92,975.75
2022-07-23T01:30:00Z,268.7,880.4
2022-07-23T02:00:00Z,261.37,701.1
2022-07-23T02:30:00Z,267.73,638.65
2022-07-23T03:00:00Z,269.15,563.45
2022-07-23T03:30:00Z,271.56,605.15
2022-07-23T04:00:00Z,269.13,496.55
2022-07-23T04:30:00Z,265.12,748.4
2022-07-23T05:00:00Z,267.74,791.15
2022-07-23T05:30:00Z,285.1,1081.05
2022-07-23T06:00:00Z,268.12,749.7
2022-07-23T06:30:00Z,285.06,1061.25
2022-07-23T07:00:00Z,254.66999999999996,1303.35
2022-07-23T07:30:00Z,273.89,1076.3
2022-07-23T08:00:00Z,246.27,990.2
2022-07-23T08:30:00Z,275.64,1234.95
2022-07-23T09:00:00Z,261.27,1103.55
2022-07-23T09:30:00Z,246.77999999999997,1233.05
2022-07-23T10:00:00Z,184.31,774.9
2022-07-23T10:30:00Z,168.7,1102.15
2022-07-23T11:00:00Z,184.57,1097.6
2022-07-23T11:30:00Z,169.82,1236.4
2022-07-23T12:00:00Z,195.72,1499.5
2022-07-23T12:30:00Z,184.0,1519.2
2022-07-23T13:00:00Z,176.22,1224.25
2022-07-23T13:30:00Z,167.91,1390.85
2022-07-23T14:00:00Z,169.47,776.8
2022-07-23T14:30:00Z,153.25,827.1
2022-07-23T15:00:00Z,188.48,893.8
2022-07-23T15:30:00Z,217.6,1071.45
2022-07-23T16:00:00Z,267.62,1025.6
2022-07-23T16:30:00Z,276.68,1072.5
2022-07-23T17:00:00Z,278.8,1057.9
2022-07-23T17:30:00Z,269.68,1198.6
2022-07-23T18:00:00Z,269.41,882.85
2022-07-23T18:30:00Z,264.85,946.0
2022-07-23T19:00:00Z,246.23,921.15
2022-07-23T19:30:00Z,234.36,955.5
2022-07-23T20:00:00Z,266.6,1014.7
2022-07-23T20:30:00Z,222.21,839.3
2022-07-23T21:00:00Z,215.57,1168.2
2022-07-23T21:30:00Z,203.38,1022.45
2022-07-23T22:00:00Z,232.13999999999996,962.65
2022-07-23T22:30:00Z,234.08,999.9
2022-07-23T23:00:00Z,194.44,751.3
2022-07-23T23:30:00Z,181.88,678.7
2022-07-24T00:00:00Z,157.24,490.05
2022-07-24T00:30:00Z,164.04,678.9
2022-07-24T01:00:00Z,201.71,674.35
2022-07-24T01:30:00Z,206.48,682.0
2022-07-24T02:00:00Z,191.02,558.0
2022-07-24T02:30:00Z,167.95,644.55
2022-07-24T03:00:00Z,197.65,748.4
2022-07-24T03:30:00Z,194.63,604.15
2022-07-24T04:00:00Z,184.26,693.3
2022-07-24T04:30:00Z,190.51,708.15
2022-07-24T05:00:00Z,217.18,1055.2
2022-07-24T05:30:00Z,223.81,917.3
2022-07-24T06:00:00Z,173.73,1033.35
2022-07-24T06:30:00Z,185.94,894.0
2022-07-24T07:00:00Z,186.7,920.15
2022-07-24T07:30:00Z,230.35999999999999,1313.0
2022-07-24T08:00:00Z,173.29,1140.65
2022-07-24T08:30:00Z,192.39,1157.5
2022-07-24T09:00:00Z,205.83,1071.15
2022-07-24T09:30:00Z,210.01,1101.75
2022-07-24T10:00:00Z,218.78000000000003,1210.55
2022-07-24T10:30:00Z,200.6,1145.25
2022-07-24T11:00:00Z,222.13,1218.8
2022-07-24T11:30:00Z,236.22,1176.75
2022-07-24T12:00:00Z,226.02,1382.75
2022-07-24T12:30:00Z,214.12,1579.1
2022-07-24T13:00:00Z,214.11,1620.95
2022-07-24T13:30:00Z,199.31,1711.5
2022-07-24T14:00:00Z,204.73,1390.5
2022-07-24T14:30:00Z,180.06,1264.9
2022-07-24T15:00:00Z,156.8,1160.95
2022-07-24T15:30:00Z,141.16,1010.9
2022-07-24T16:00:00Z,198.48,1636.5
2022-07-24T16:30:00Z,200.59000000000003,1400.45
2022-07-24T17:00:00Z,201.99,1577.35
2022-07-24T17:30:00Z,200.24,1650.15
2022-07-24T18:00:00Z,206.89,1516.0
2022-07-24T18:30:00Z,197.64,1300.45
2022-07-24T19:00:00Z,218.39999999999998,1467.05
2022-07-24T19:30:00Z,209.66999999999996,1288.2
2022-07-24T20:00:00Z,210.88,1168.9
2022-07-24T20:30:00Z,209.38,1265.05
2022-07-24T21:00:00Z,203.37,1104.15
2022-07-24T21:30:00Z,204.39,1293.05
2022-07-24T22:00:00Z,252.59,726.1
2022-07-24T22:30:00Z,225.28,703.05
2022-07-24T23:00:00Z,233.32,499.8
2022-07-24T23:30:00Z,221.33000000000004,725.15
2022-07-25T00:00:00Z,226.44,535.15
2022-07-25T00:30:00Z,241.78000000000003,743.4
2022-07-25T01:00:00Z,221.88000000000002,590.8
2022-07-25T01:30:00Z,243.14,940.0
2022-07-25T02:00:00Z,230.79,537.4
2022-07-25T02:30:00Z,238.45000000000002,576.8
2022-07-25T03:00:00Z,249.23,729.55
2022-07-25T03:30:00Z,243.34999999999997,798.25
2022-07-25T04:00:00Z,256.88,702.65
2022-07-25T04:30:00Z,258.85,813.9
2022-07-25T05:00:00Z,227.58,935.7
2022-07-25T05:30:00Z,206.83,1095.45
2022-07-25T06:00:00Z,178.72,1136.3
2022-07-25T06:30:00Z,236.4,1441.1
2022-07-25T07:00:00Z,192.51,1292.0
2022-07-25T07:30:00Z,207.99,1582.4
2022-07-25T08:00:00Z,161.64,1711.75
2022-07-25T08:30:00Z,164.95,1759.8
2022-07-25T09:00:00Z,161.74999999999997,1824.05
2022-07-25T09:30:00Z,161.79,1947.0
2022-07-25T10:00:00Z,163.49,1762.5
2022-07-25T10:30:00Z,179.44,1879.0
2022-07-25T11:00:00Z,185.41,2142.2
2022-07-25T11:30:00Z,169.69,1984.25
2022-07-25T12:00:00Z,192.66,2182.65
2022-07-25T12:30:00Z,182.48,1957.25
2022-07-25T13:00:00Z,189.18,2197.7
2022-07-25T13:30:00Z,186.99,1964.7
2022-07-25T14:00:00Z,205.34,1507.75
2022-07-25T14:30:00Z,198.01,1616.0
2022-07-25T15:00:00Z,213.22,1711.9
2022-07-25T15:30:00Z,212.51,1584.95
2022-07-25T16:00:00Z,220.78,1709.7
2022-07-25T16:30:00Z,215.43,1636.75
2022-07-25T17:00:00Z,223.28,1458.9
2022-07-25T17:30:00Z,239.76,1625.55
2022-07-25T18:00:00Z,249.76,1530.0
2022-07-25T18:30:00Z,233.15,1385.15
2022-07-25T19:00:00Z,265.75,1202.9
2022-07-25T19:30:00Z,270.14,1317.65
2022-07-25T20:00:00Z,281.36,1225.2
2022-07-25T20:30:00Z,271.3,1024.7
2022-07-25T21:00:00Z,263.9,1386.4
2022-07-25T21:30:00Z,211.17,1426.25
2022-07-25T22:00:00Z,217.46,1064.05
2022-07-25T22:30:00Z,193.71,609.2
2022-07-25T23:00:00Z,171.72,707.75
2022-07-25T23:30:00Z,176.34,773.8
2022-07-26T00:00:00Z,176.40000000000003,818.65
2022-07-26T00:30:00Z,184.3,571.4
2022-07-26T01:00:00Z,181.82,802.8
2022-07-26T01:30:00Z,184.43,770.6
2022-07-26T02:00:00Z,194.06,543.05
2022-07-26T02:30:00Z,190.58999999999997,376.5
2022-07-26T03:00:00Z,207.26,484.4
2022-07-26T03:30:00Z,229.4,719.45
2022-07-26T04:00:00Z,264.82,505.95
2022-07-26T04:30:00Z,269.75,453.9
2022-07-26T05:00:00Z,257.21,547.45
2022-07-26T05:30:00Z,258.54,1144.4
2022-07-26T06:00:00Z,370.42,1198.5
2022-07-26T06:30:00Z,373.14000000000004,1707.65
2022-07-26T07:00:00Z,336.62,1421.9
2022-07-26T07:30:00Z,370.41,1697.95
2022-07-26T08:00:00Z,384.05000000000007,1575.1
2022-07-26T08:30:00Z,389.2,1328.1
2022-07-26T09:00:00Z,346.81,1803.45
2022-07-26T09:30:00Z,342.76,1998.3
2022-07-26T10:00:00Z,318.51,1296.9
2022-07-26T10:30:00Z,341.59,1119.75
2022-07-26T11:00:00Z,378.03,1297.95
2022-07-26T11:30:00Z,382.4,1262.45
2022-07-26T12:00:00Z,326.76,1361.8
2022-07-26T12:30:00Z,286.94,1295.2
2022-07-26T13:00:00Z,308.81,1501.4
2022-07-26T13:30:00Z,303.74,1771.65
2022-07-26T14:00:00Z,301.86,1064.7
2022-07-26T14:30:00Z,314.63,1104.95
2022-07-26T15:00:00Z,329.88,1052.4
2022-07-26T15:30:00Z,353.58,1273.95
2022-07-26T16:00:00Z,315.7,1174.0
2022-07-26T16:30:00Z,335.9,1019.35
2022-07-26T17:00:00Z,310.88,1089.15
2022-07-26T17:30:00Z,330.13,1126.35
2022-07-26T18:00:00Z,409.1,680.1
2022-07-26T18:30:00Z,416.97,725.2
2022-07-26T19:00:00Z,423.16,825.8
2022-07-26T19:30:00Z,398.78000000000003,726.3
2022-07-26T20:00:00Z,353.22,559.1
2022-07-26T20:30:00Z,355.04,712.7
2022-07-26T21:00:00Z,348.28,820.45
2022-07-26T21:30:00Z,280.81,541.4
2022-07-26T22:00:00Z,296.04,547.75
2022-07-26T22:30:00Z,238.57000000000002,350.85
2022-07-26T23:00:00Z,225.79,435.2
2022-07-26T23:30:00Z,225.73,362.0
2022-07-27T00:00:00Z,226.02000000000004,368.3
2022-07-27T00:30:00Z,227.87,394.85
2022-07-27T01:00:00Z,228.83,341.45
2022-07-27T01:30:00Z,223.63,397.1
2022-07-27T02:00:00Z,222.1,284.25
2022-07-27T02:30:00Z,232.99,262.3
2022-07-27T03:00:00Z,240.79,284.45
2022-07-27T03:30:00Z,215.97,314.05
2022-07-27T04:00:00Z,199.19,376.75
2022-07-27T04:30:00Z,214.18,572.65
2022-07-27T05:00:00Z,220.25,619.75
2022-07-27T05:30:00Z,252.93,718.15
2022-07-27T06:00:00Z,207.2,423.9
2022-07-27T06:30:00Z,275.46,509.75
2022-07-27T07:00:00Z,218.86,496.75
2022-07-27T07:30:00Z,220.78,844.5
2022-07-27T08:00:00Z,250.05,957.3
2022-07-27T08:30:00Z,276.4,1127.85
2022-07-27T09:00:00Z,259.17,1411.2
2022-07-27T09:30:00Z,247.76,1205.5
2022-07-27T10:00:00Z,264.22,1039.7
2022-07-27T10:30:00Z,274.86,1203.75
2022-07-27T11:00:00Z,279.32,1262.35
2022-07-27T11:30:00Z,265.88,1323.25
2022-07-27T12:00:00Z,302.76,1371.25
2022-07-27T12:30:00Z,302.06,1722.3
2022-07-27T13:00:00Z,278.48,1433.05
2022-07-27T13:30:00Z,263.08,1791.35
2022-07-27T14:00:00Z,277.39,1311.5
2022-07-27T14:30:00Z,279.11,1542.0
2022-07-27T15:00:00Z,269.68,1281.95
2022-07-27T15:30:00Z,287.29,1471.3
2022-07-27T16:00:00Z,311.01,1541.25
2022-07-27T16:30:00Z,291.14,1487.8
2022-07-27T17:00:00Z,289.0,1414.4
2022-07-27T17:30:00Z,284.03,1478.3
2022-07-27T18:00:00Z,315.16,1271.95
2022-07-27T18:30:00Z,282.68,1243.2
2022-07-27T19:00:00Z,301.93,1206.45
2022-07-27T19:30:00Z,283.79,1465.3
2022-07-27T20:00:00Z,280.7,1006.1
2022-07-27T20:30:00Z,245.58999999999997,871.2
2022-07-27T21:00:00Z,266.2,875.6
2022-07-27T21:30:00Z,229.95,992.45
2022-07-27T22:00:00Z,262.51,764.9
2022-07-27T22:30:00Z,237.71999999999997,670.1
2022-07-27T23:00:00Z,256.52,522.05
2022-07-27T23:30:00Z,230.18,335.9
2022-07-28T00:00:00Z,227.61,436.25
2022-07-28T00:30:00Z,222.51,414.0
2022-07-28T01:00:00Z,225.16,358.4
2022-07-28T01:30:00Z,226.35,456.2
2022-07-28T02:00:00Z,229.57,400.4
2022-07-28T02:30:00Z,218.61,327.7
2022-07-28T03:00:00Z,211.09,255.6
2022-07-28T03:30:00Z,212.08,389.5
2022-07-28T04:00:00Z,245.57999999999998,283.65
2022-07-28T04:30:00Z,262.84,432.05
2022-07-28T05:00:00Z,262.51,610.05
2022-07-28T05:30:00Z,287.88,716.85
2022-07-28T06:00:00Z,298.03,1030.65
2022-07-28T06:30:00Z,331.22,1093.7
2022-07-28T07:00:00Z,290.05,901.45
2022-07-28T07:30:00Z,323.8,1053.95
2022-07-28T08:00:00Z,266.51,954.45
2022-07-28T08:30:00Z,257.67,1020.5
2022-07-28T09:00:00Z,247.73,901.45
2022-07-28T09:30:00Z,237.65,918.8
2022-07-28T10:00:00Z,232.67000000000002,1179.5
2022-07-28T10:30:00Z,235.68000000000004,1164.6
2022-07-28T11:00:00Z,252.61,1377.85
2022-07-28T11:30:00Z,261.63,1667.2
2022-07-28T12:00:00Z,252.49,1617.3
2022-07-28T12:30:00Z,244.85,1502.3
2022-07-28T13:00:00Z,243.37,1484.5
2022-07-28T13:30:00Z,241.17,1712.5
2022-07-28T14:00:00Z,264.05,1777.95
2022-07-28T14:30:00Z,261.95,1718.4
2022-07-28T15:00:00Z,292.11,1365.95
2022-07-28T15:30:00Z,290.7,1507.9
2022-07-28T16:00:00Z,295.84,1099.15
2022-07-28T16:30:00Z,296.68,1159.0
2022-07-28T17:00:00Z,296.75,1177.05
2022-07-28T17:30:00Z,298.85,1208.15
2022-07-28T18:00:00Z,277.53,810.55
2022-07-28T18:30:00Z,291.41,1230.75
2022-07-28T19:00:00Z,322.0,1078.0
2022-07-28T19:30:00Z,298.72,1069.25
2022-07-28T20:00:00Z,337.29,1206.95
2022-07-28T20:30:00Z,318.84,1074.85
2022-07-28T21:00:00Z,308.18,1038.8
2022-07-28T21:30:00Z,288.5,1123.6
2022-07-28T22:00:00Z,339.66,537.6
2022-07-28T22:30:00Z,305.23,679.6
2022-07-28T23:00:00Z,310.16,621.15
2022-07-28T23:30:00Z,276.43,694.65
2022-07-29T00:00:00Z,269.21,627.7
2022-07-29T00:30:00Z,268.17,641.45
2022-07-29T01:00:00Z,253.09999999999997,543.25
2022-07-29T01:30:00Z,260.69,498.45
2022-07-29T02:00:00Z,259.95,352.35
2022-07-29T02:30:00Z,240.05,455.85
2022-07-29T03:00:00Z,241.79,493.5
2022-07-29T03:30:00Z,267.48,354.1
2022-07-29T04:00:00Z,273.02,484.4
2022-07-29T04:30:00Z,282.3,474.0
2022-07-29T05:00:00Z,307.41,580.9
2022-07-29T05:30:00Z,330.77,1031.2
2022-07-29T06:00:00Z,375.62,951.25
2022-07-29T06:30:00Z,397.94,926.55
2022-07-29T07:00:00Z,349.92,1355.2
2022-07-29T07:30:00Z,383.15,1008.75
2022-07-29T08:00:00Z,352.33,1024.2
2022-07-29T08:30:00Z,331.8,1087.6
2022-07-29T09:00:00Z,353.45,1158.3
2022-07-29T09:30:00Z,339.59,1155.1
2022-07-29T10:00:00Z,321.8299999999999,871.4
2022-07-29T10:30:00Z,328.51,873.35
2022-07-29T11:00:00Z,326.82,1017.35
2022-07-29T11:30:00Z,311.31,1037.5
2022-07-29T12:00:00Z,297.08,1018.2
2022-07-29T12:30:00Z,295.53,1078.55
2022-07-29T13:00:00Z,307.64,1028.65
2022-07-29T13:30:00Z,312.78,1408.75
2022-07-29T14:00:00Z,349.34000000000003,803.7
2022-07-29T14:30:00Z,350.62,1031.15
2022-07-29T15:00:00Z,361.29,954.55
2022-07-29T15:30:00Z,367.15,1163.8
2022-07-29T16:00:00Z,377.55,1228.25
2022-07-29T16:30:00Z,375.88,1425.1
2022-07-29T17:00:00Z,378.02,1639.85
2022-07-29T17:30:00Z,377.72999999999996,1580.45
2022-07-29T18:00:00Z,369.61,1382.45
2022-07-29T18:30:00Z,371.61,1259.95
2022-07-29T19:00:00Z,366.47,1636.05
2022-07-29T19:30:00Z,363.6000000000001,1445.3
2022-07-29T20:00:00Z,365.45,1300.6
2022-07-29T20:30:00Z,362.44,1427.25
2022-07-29T21:00:00Z,360.45,1572.95
2022-07-29T21:30:00Z,344.94,1648.55
2022-07-29T22:00:00Z,227.63,1021.35
2022-07-29T22:30:00Z,225.56,859.25
2022-07-29T23:00:00Z,238.07999999999998,585.15
2022-07-29T23:30:00Z,242.36,670.55
2022-07-30T00:00:00Z,208.43,461.55
2022-07-30T00:30:00Z,206.48,352.4
2022-07-30T01:00:00Z,209.81,405.8
2022-07-30T01:30:00Z,196.52,323.5
2022-07-30T02:00:00Z,155.05,328.35
2022-07-30T02:30:00Z,157.06000000000003,422.6
2022-07-30T03:00:00Z,178.27,513.35
2022-07-30T03:30:00Z,183.69,579.2
2022-07-30T04:00:00Z,176.23,371.9
2022-07-30T04:30:00Z,180.13,473.8
2022-07-30T05:00:00Z,186.23,484.4
2022-07-30T05:30:00Z,192.84,600.8
2022-07-30T06:00:00Z,222.2,840.35
2022-07-30T06:30:00Z,259.49,786.5
2022-07-30T07:00:00Z,251.87,807.45
2022-07-30T07:30:00Z,286.35,886.05
2022-07-30T08:00:00Z,223.82999999999998,915.35
2022-07-30T08:30:00Z,243.28,845.45
2022-07-30T09:00:00Z,254.26,1012.65
2022-07-30T09:30:00Z,257.79,1116.7
2022-07-30T10:00:00Z,228.34,958.45
2022-07-30T10:30:00Z,210.51,814.5
2022-07-30T11:00:00Z,209.67,1025.65
2022-07-30T11:30:00Z,206.63,846.3
2022-07-30T12:00:00Z,220.66,1089.4
2022-07-30T12:30:00Z,212.95,1101.45
2022-07-30T13:00:00Z,238.09,976.15
2022-07-30T13:30:00Z,228.96999999999997,1193.9
2022-07-30T14:00:00Z,262.97,993.8
2022-07-30T14:30:00Z,264.25,996.85
2022-07-30T15:00:00Z,284.64,1033.8
2022-07-30T15:30:00Z,288.2,1224.75
2022-07-30T16:00:00Z,341.37,959.3
2022-07-30T16:30:00Z,364.67,857.9
2022-07-30T17:00:00Z,363.96,1054.25
2022-07-30T17:30:00Z,367.91,1256.05
2022-07-30T18:00:00Z,347.3999999999999,1013.6
2022-07-30T18:30:00Z,343.44,1079.9
2022-07-30T19:00:00Z,360.71,1005.0
2022-07-30T19:30:00Z,363.84,1118.6
2022-07-30T20:00:00Z,355.44,1000.75
2022-07-30T20:30:00Z,354.57,1166.6
2022-07-30T21:00:00Z,360.1,1016.5
2022-07-30T21:30:00Z,340.03,1153.1
2022-07-30T22:00:00Z,339.1,1061.15
2022-07-30T22:30:00Z,291.27,999.7
2022-07-30T23:00:00Z,239.03,908.6
2022-07-30T23:30:00Z,240.74,1031.35
2022-07-31T00:00:00Z,263.5,821.6
2022-07-31T00:30:00Z,255.71999999999997,688.65
2022-07-31T01:00:00Z,251.39,711.2
2022-07-31T01:30:00Z,258.99,861.8
2022-07-31T02:00:00Z,244.6,484.8
2022-07-31T02:30:00Z,218.28,564.85
2022-07-31T03:00:00Z,217.29,507.35
2022-07-31T03:30:00Z,217.53,752.25
2022-07-31T04:00:00Z,206.28000000000003,671.25
2022-07-31T04:30:00Z,201.68,930.55
2022-07-31T05:00:00Z,196.39,1060.2
2022-07-31T05:30:00Z,196.77,825.8
2022-07-31T06:00:00Z,194.91,1128.3
2022-07-31T06:30:00Z,195.21,1156.35
2022-07-31T07:00:00Z,192.55,1080.05
2022-07-31T07:30:00Z,198.81,1100.85
2022-07-31T08:00:00Z,196.05,1049.95
2022-07-31T08:30:00Z,198.06,1186.7
2022-07-31T09:00:00Z,194.49,1190.45
2022-07-31T09:30:00Z,199.49,1268.6
2022-07-31T10:00:00Z,195.87,1275.85
2022-07-31T10:30:00Z,196.69,1292.55
2022-07-31T11:00:00Z,185.61,1470.25
2022-07-31T11:30:00Z,186.45,1444.85
2022-07-31T12:00:00Z,184.9,1325.45
2022-07-31T12:30:00Z,182.47999999999996,1485.6
2022-07-31T13:00:00Z,181.47999999999996,1574.35
2022-07-31T13:30:00Z,179.39,1817.05
2022-07-31T14:00:00Z,195.38,1692.65
2022-07-31T14:30:00Z,194.81,1697.9
2022-07-31T15:00:00Z,195.46,1636.15
2022-07-31T15:30:00Z,192.32000000000002,1833.95
2022-07-31T16:00:00Z,242.69,1848.95
2022-07-31T16:30:00Z,272.07,1794.85
2022-07-31T17:00:00Z,266.93,1502.85
2022-07-31T17:30:00Z,281.31,1755.15
2022-07-31T18:00:00Z,306.12,1054.25
2022-07-31T18:30:00Z,302.66,1254.7
2022-07-31T19:00:00Z,295.22,1385.95
2022-07-31T19:30:00Z,288.23,1140.15
2022-07-31T20:00:00Z,301.5,1036.25
2022-07-31T20:30:00Z,310.44,982.95
2022-07-31T21:00:00Z,316.85,1051.6
2022-07-31T21:30:00Z,301.96,1040.35
2022-07-31T22:00:00Z,297.09,808.05
2022-07-31T22:30:00Z,284.53,713.4
2022-07-31T23:00:00Z,269.67,560.4
2022-07-31T23:30:00Z,262.05,603.25
2022-08-01T00:00:00Z,268.31,665.25
2022-08-01T00:30:00Z,265.7,570.4
2022-08-01T01:00:00Z,240.25,662.55
2022-08-01T01:30:00Z,234.59,564.1
2022-08-01T02:00:00Z,232.46,533.15
2022-08-01T02:30:00Z,220.8,581.7
2022-08-01T03:00:00Z,228.11,455.2
2022-08-01T03:30:00Z,237.05,431.2
2022-08-01T04:00:00Z,246.99999999999997,392.15
2022-08-01T04:30:00Z,258.15,391.05
2022-08-01T05:00:00Z,358.61,505.5
2022-08-01T05:30:00Z,389.23,733.1
2022-08-01T06:00:00Z,323.62,848.0
2022-08-01T06:30:00Z,371.28,1253.45
2022-08-01T07:00:00Z,392.51,1130.6
2022-08-01T07:30:00Z,424.16,1230.45
2022-08-01T08:00:00Z,405.18,1544.95
2022-08-01T08:30:00Z,374.0400000000001,1708.75
2022-08-01T09:00:00Z,352.46,1363.55
2022-08-01T09:30:00Z,346.41,1390.65
2022-08-01T10:00:00Z,280.71,1069.45
2022-08-01T10:30:00Z,260.99,1076.15
2022-08-01T11:00:00Z,241.44,926.9
2022-08-01T11:30:00Z,225.55,884.15
2022-08-01T12:00:00Z,218.93,837.65
2022-08-01T12:30:00Z,186.28,860.2
2022-08-01T13:00:00Z,191.46,1019.6
2022-08-01T13:30:00Z,192.24,808.3
2022-08-01T14:00:00Z,213.42,741.1
2022-08-01T14:30:00Z,206.07,945.35
2022-08-01T15:00:00Z,209.57000000000002,1355.2
2022-08-01T15:30:00Z,229.31,1826.55
2022-08-01T16:00:00Z,270.35,1643.7
2022-08-01T16:30:00Z,265.89,1800.75
2022-08-01T17:00:00Z,269.21,1810.75
2022-08-01T17:30:00Z,264.54,1885.1
2022-08-01T18:00:00Z,276.63,2200.1
2022-08-01T18:30:00Z,276.35,2084.05
2022-08-01T19:00:00Z,269.38,2100.5
2022-08-01T19:30:00Z,247.37,2044.95
2022-08-01T20:00:00Z,234.76,1704.85
2022-08-01T20:30:00Z,232.6,1834.85
2022-08-01T21:00:00Z,233.03,1876.75
2022-08-01T21:30:00Z,238.85999999999999,2255.95
2022-08-01T22:00:00Z,238.0,1197.65
2022-08-01T22:30:00Z,235.42,1021.0
2022-08-01T23:00:00Z,252.8,1132.4
2022-08-01T23:30:00Z,223.55,1061.9
2022-08-02T00:00:00Z,216.93,1039.35
2022-08-02T00:30:00Z,214.84,1097.0
2022-08-02T01:00:00Z,213.83,1049.7
2022-08-02T01:30:00Z,204.73,1150.15
2022-08-02T02:00:00Z,180.0,846.75
2022-08-02T02:30:00Z,167.26,909.0
2022-08-02T03:00:00Z,143.33,1145.0
2022-08-02T03:30:00Z,137.47,1060.65
2022-08-02T04:00:00Z,142.74,1023.2
2022-08-02T04:30:00Z,150.41,1237.7
2022-08-02T05:00:00Z,172.71,1448.15
2022-08-02T05:30:00Z,196.35000000000002,1544.35
2022-08-02T06:00:00Z,214.16,1272.45
2022-08-02T06:30:00Z,256.22,1753.2
2022-08-02T07:00:00Z,226.54,1693.35
2022-08-02T07:30:00Z,241.23,1949.85
2022-08-02T08:00:00Z,199.69,1913.4
2022-08-02T08:30:00Z,218.59,2270.7
2022-08-02T09:00:00Z,200.43,2192.15
2022-08-02T09:30:00Z,191.84,2142.7
2022-08-02T10:00:00Z,187.28,2180.55
2022-08-02T10:30:00Z,188.32,2068.0
2022-08-02T11:00:00Z,186.2,1894.0
2022-08-02T11:30:00Z,184.55,1984.0
2022-08-02T12:00:00Z,187.15,1887.95
2022-08-02T12:30:00Z,182.02,2109.25
2022-08-02T13:00:00Z,183.77,2106.7
2022-08-02T13:30:00Z,177.8,2023.3
2022-08-02T14:00:00Z,166.92,2174.0
2022-08-02T14:30:00Z,154.75,2320.4
2022-08-02T15:00:00Z,168.16,2152.1
2022-08-02T15:30:00Z,174.93,2157.05
2022-08-02T16:00:00Z,212.32,1717.4
2022-08-02T16:30:00Z,215.84,1869.2
2022-08-02T17:00:00Z,225.25,2152.3
2022-08-02T17:30:00Z,220.09,2134.8
2022-08-02T18:00:00Z,211.03,1355.2
2022-08-02T18:30:00Z,211.4,1439.2
2022-08-02T19:00:00Z,205.28,1272.2
2022-08-02T19:30:00Z,206.97,1381.35
2022-08-02T20:00:00Z,198.73,1527.55
2022-08-02T20:30:00Z,226.85,1645.4
2022-08-02T21:00:00Z,226.24,1522.95
2022-08-02T21:30:00Z,206.37,1589.05
2022-08-02T22:00:00Z,202.39,1228.5
2022-08-02T22:30:00Z,200.16,641.5
2022-08-02T23:00:00Z,198.44,793.9
2022-08-02T23:30:00Z,219.97999999999996,695.4
2022-08-03T00:00:00Z,211.18,649.85
2022-08-03T00:30:00Z,229.17999999999998,888.5
2022-08-03T01:00:00Z,225.92,790.65
2022-08-03T01:30:00Z,225.65,968.7
2022-08-03T02:00:00Z,218.33,953.2
2022-08-03T02:30:00Z,220.99,926.95
2022-08-03T03:00:00Z,224.83,1002.65
2022-08-03T03:30:00Z,229.37,1086.2
2022-08-03T04:00:00Z,249.08,964.55
2022-08-03T04:30:00Z,250.39,1054.85
2022-08-03T05:00:00Z,248.64,1010.5
2022-08-03T05:30:00Z,244.32,1747.7
2022-08-03T06:00:00Z,258.67,1413.95
2022-08-03T06:30:00Z,268.45,1468.3
2022-08-03T07:00:00Z,227.39,1274.3
2022-08-03T07:30:00Z,254.81999999999996,1324.85
2022-08-03T08:00:00Z,239.9,1277.1
2022-08-03T08:30:00Z,240.04,1408.75
2022-08-03T09:00:00Z,236.76999999999998,1324.25
2022-08-03T09:30:00Z,241.21,1222.2
2022-08-03T10:00:00Z,218.6,1651.55
2022-08-03T10:30:00Z,227.07,1540.4
2022-08-03T11:00:00Z,228.33000000000004,1441.2
2022-08-03T11:30:00Z,233.75,1517.35
2022-08-03T12:00:00Z,239.17000000000002,1114.15
2022-08-03T12:30:00Z,244.38,1205.85
2022-08-03T13:00:00Z,248.98,1327.05
2022-08-03T13:30:00Z,254.28,1525.55
2022-08-03T14:00:00Z,295.29,1429.25
2022-08-03T14:30:00Z,296.26,2068.9
2022-08-03T15:00:00Z,316.99,1533.6
2022-08-03T15:30:00Z,316.3,1853.95
2022-08-03T16:00:00Z,365.81,1248.8
2022-08-03T16:30:00Z,379.34,1404.45
2022-08-03T17:00:00Z,384.79,1452.95
2022-08-03T17:30:00Z,411.55000000000007,1426.5
2022-08-03T18:00:00Z,419.34,1525.6
2022-08-03T18:30:00Z,413.75,1546.35
2022-08-03T19:00:00Z,399.9800000000001,1467.9
2022-08-03T19:30:00Z,391.59,1613.95
2022-08-03T20:00:00Z,381.27,1765.0
2022-08-03T20:30:00Z,377.53,1559.5
2022-08-03T21:00:00Z,377.84,1529.65
2022-08-03T21:30:00Z,371.65,1450.55
2022-08-03T22:00:00Z,322.95,738.75
2022-08-03T22:30:00Z,274.48,699.45
2022-08-03T23:00:00Z,249.56,521.3
2022-08-03T23:30:00Z,243.45,440.75
2022-08-04T00:00:00Z,239.25,581.3
2022-08-04T00:30:00Z,239.86999999999998,553.2
2022-08-04T01:00:00Z,240.58,481.65
2022-08-04T01:30:00Z,211.11,821.45
2022-08-04T02:00:00Z,214.77,735.4
2022-08-04T02:30:00Z,207.46,545.3
2022-08-04T03:00:00Z,205.21,421.25
2022-08-04T03:30:00Z,203.21000000000004,655.6
2022-08-04T04:00:00Z,205.8,537.55
2022-08-04T04:30:00Z,206.78999999999996,637.55
2022-08-04T05:00:00Z,235.16,840.55
2022-08-04T05:30:00Z,294.84,1315.9
2022-08-04T06:00:00Z,317.17,1138.35
2022-08-04T06:30:00Z,359.98,1084.5
2022-08-04T07:00:00Z,365.67,1254.5
2022-08-04T07:30:00Z,386.5,1203.55
2022-08-04T08:00:00Z,359.2,1569.15
2022-08-04T08:30:00Z,343.27,1573.2
2022-08-04T09:00:00Z,286.75,1180.35
2022-08-04T09:30:00Z,281.47,1110.6
2022-08-04T10:00:00Z,249.92,1409.85
2022-08-04T10:30:00Z,242.95,1448.9
2022-08-04T11:00:00Z,254.67,1425.05
2022-08-04T11:30:00Z,238.91,1348.95
2022-08-04T12:00:00Z,214.34,1621.4
2022-08-04T12:30:00Z,211.96,1572.8
2022-08-04T13:00:00Z,237.52,1609.5
2022-08-04T13:30:00Z,224.96,1995.9
2022-08-04T14:00:00Z,273.37,1549.35
2022-08-04T14:30:00Z,262.12,1456.6
2022-08-04T15:00:00Z,298.3,1272.25
2022-08-04T15:30:00Z,329.38,1553.6
2022-08-04T16:00:00Z,352.83,1639.4
2022-08-04T16:30:00Z,350.33,1877.35
2022-08-04T17:00:00Z,325.33,1928.4
2022-08-04T17:30:00Z,322.0,2134.55
2022-08-04T18:00:00Z,339.03,1360.4
2022-08-04T18:30:00Z,342.32,1050.05
2022-08-04T19:00:00Z,358.33,1109.15
2022-08-04T19:30:00Z,357.8,1335.45
2022-08-04T20:00:00Z,363.6,1243.75
2022-08-04T20:30:00Z,372.96,1138.5
2022-08-04T21:00:00Z,371.39,1042.15
2022-08-04T21:30:00Z,346.33,1092.15
2022-08-04T22:00:00Z,257.3,910.65
2022-08-04T22:30:00Z,231.47,362.45
2022-08-04T23:00:00Z,201.94,357.35
2022-08-04T23:30:00Z,176.14,393.5
2022-08-05T00:00:00Z,202.53,572.3
2022-08-05T00:30:00Z,251.95,754.9
2022-08-05T01:00:00Z,235.41000000000003,583.9
2022-08-05T01:30:00Z,197.93,484.75
2022-08-05T02:00:00Z,190.78,520.55
2022-08-05T02:30:00Z,193.56,434.1
2022-08-05T03:00:00Z,213.14000000000001,932.45
2022-08-05T03:30:00Z,195.92,573.15
2022-08-05T04:00:00Z,138.52,393.65
2022-08-05T04:30:00Z,146.87,417.0
2022-08-05T05:00:00Z,208.25999999999996,403.8
2022-08-05T05:30:00Z,307.49,1283.35
2022-08-05T06:00:00Z,300.87,934.05
2022-08-05T06:30:00Z,351.75,898.45
2022-08-05T07:00:00Z,313.84,919.65
2022-08-05T07:30:00Z,302.85,1028.3
2022-08-05T08:00:00Z,292.4,1043.45
2022-08-05T08:30:00Z,281.58,1167.95
2022-08-05T09:00:00Z,273.6,1361.6
2022-08-05T09:30:00Z,264.92,1292.25
2022-08-05T10:00:00Z,224.95,1647.85
2022-08-05T10:30:00Z,217.48,1624.15
2022-08-05T11:00:00Z,218.92999999999998,1506.6
2022-08-05T11:30:00Z,245.97,1839.75
2022-08-05T12:00:00Z,230.05,1589.25
2022-08-05T12:30:00Z,235.15999999999997,1761.5
2022-08-05T13:00:00Z,209.05,1714.1
2022-08-05T13:30:00Z,206.87,1887.1
2022-08-05T14:00:00Z,208.74,976.45
2022-08-05T14:30:00Z,190.41,971.4
2022-08-05T15:00:00Z,183.46,1062.5
2022-08-05T15:30:00Z,193.14,983.55
2022-08-05T16:00:00Z,195.0,1172.05
2022-08-05T16:30:00Z,204.2,1062.25
2022-08-05T17:00:00Z,235.30999999999997,1175.75
2022-08-05T17:30:00Z,253.05999999999997,1302.7
2022-08-05T18:00:00Z,272.56,1198.45
2022-08-05T18:30:00Z,304.51,1251.0
2022-08-05T19:00:00Z,306.6,1145.15
2022-08-05T19:30:00Z,302.95,1219.4
2022-08-05T20:00:00Z,297.62,768.15
2022-08-05T20:30:00Z,282.62,586.3
2022-08-05T21:00:00Z,292.48,604.85
2022-08-05T21:30:00Z,291.17,895.65
2022-08-05T22:00:00Z,215.76,789.9
2022-08-05T22:30:00Z,245.51,1018.85
2022-08-05T23:00:00Z,242.38,924.85
2022-08-05T23:30:00Z,242.82,660.9
2022-08-06T00:00:00Z,230.84,859.75
2022-08-06T00:30:00Z,237.95,799.0
2022-08-06T01:00:00Z,233.66,843.0
2022-08-06T01:30:00Z,227.96,867.35
2022-08-06T02:00:00Z,207.43999999999997,433.85
2022-08-06T02:30:00Z,222.16999999999996,348.85
2022-08-06T03:00:00Z,252.79,207.4
2022-08-06T03:30:00Z,237.92999999999998,358.85
2022-08-06T04:00:00Z,245.79,381.25
2022-08-06T04:30:00Z,246.21,534.95
2022-08-06T05:00:00Z,218.59,317.95
2022-08-06T05:30:00Z,245.49,390.7
2022-08-06T06:00:00Z,222.4,563.45
2022-08-06T06:30:00Z,238.17,561.1
2022-08-06T07:00:00Z,204.56,576.0
2022-08-06T07:30:00Z,221.40000000000003,671.3
2022-08-06T08:00:00Z,183.02,830.2
2022-08-06T08:30:00Z,178.71,1088.7
2022-08-06T09:00:00Z,182.06,993.0
2022-08-06T09:30:00Z,198.92,1300.55
2022-08-06T10:00:00Z,189.99,1669.0
2022-08-06T10:30:00Z,190.83,1961.4
2022-08-06T11:00:00Z,180.44000000000003,1795.15
2022-08-06T11:30:00Z,174.51,1729.05
2022-08-06T12:00:00Z,164.53,1745.3
2022-08-06T12:30:00Z,169.23,1658.8
2022-08-06T13:00:00Z,174.08,1643.3
2022-08-06T13:30:00Z,159.82000000000002,1844.4
2022-08-06T14:00:00Z,156.88,2128.65
2022-08-06T14:30:00Z,144.69,1969.9
2022-08-06T15:00:00Z,179.04,1854.75
2022-08-06T15:30:00Z,171.24,1863.8
2022-08-06T16:00:00Z,227.57,1335.45
2022-08-06T16:30:00Z,210.97,1011.7
2022-08-06T17:00:00Z,213.36,1134.6
2022-08-06T17:30:00Z,218.79,1390.3
2022-08-06T18:00:00Z,268.65,1002.6
2022-08-06T18:30:00Z,276.23,1074.7
2022-08-06T19:00:00Z,283.17,1111.75
2022-08-06T19:30:00Z,274.41,1074.45
2022-08-06T20:00:00Z,268.2,800.65
2022-08-06T20:30:00Z,258.38,804.6
2022-08-06T21:00:00Z,236.02000000000004,738.5
2022-08-06T21:30:00Z,234.88000000000002,879.8
2022-08-06T22:00:00Z,168.48,889.15
2022-08-06T22:30:00Z,204.33,823.7
2022-08-06T23:00:00Z,215.63,839.7
2022-08-06T23:30:00Z,209.23,848.05
2022-08-07T00:00:00Z,164.46,994.95
2022-08-07T00:30:00Z,184.69,1099.95
2022-08-07T01:00:00Z,178.19,876.65
2022-08-07T01:30:00Z,169.24,854.5
2022-08-07T02:00:00Z,159.92,1048.7
2022-08-07T02:30:00Z,157.14,1066.4
2022-08-07T03:00:00Z,163.79,1008.95
2022-08-07T03:30:00Z,170.01,1186.0
2022-08-07T04:00:00Z,190.17999999999998,385.45
2022-08-07T04:30:00Z,169.04,452.25
2022-08-07T05:00:00Z,144.88,413.85
2022-08-07T05:30:00Z,154.9,522.1
2022-08-07T06:00:00Z,153.00999999999996,985.0
2022-08-07T06:30:00Z,165.8,1021.05
2022-08-07T07:00:00Z,158.44,685.6
2022-08-07T07:30:00Z,189.07,983.1
2022-08-07T08:00:00Z,170.89,690.95
2022-08-07T08:30:00Z,161.4,634.85
2022-08-07T09:00:00Z,169.95,1053.0
2022-08-07T09:30:00Z,163.85999999999999,887.9
2022-08-07T10:00:00Z,164.5,1110.7
2022-08-07T10:30:00Z,171.98,1195.0
2022-08-07T11:00:00Z,178.37,1263.55
2022-08-07T11:30:00Z,175.96,1185.75
2022-08-07T12:00:00Z,172.85,1318.35
2022-08-07T12:30:00Z,166.64,1357.5
2022-08-07T13:00:00Z,162.18,1310.75
2022-08-07T13:30:00Z,155.92,1669.95
2022-08-07T14:00:00Z,152.59,1426.4
2022-08-07T14:30:00Z,149.33,1469.05
2022-08-07T15:00:00Z,169.8,1842.95
2022-08-07T15:30:00Z,155.35,1918.15
2022-08-07T16:00:00Z,226.79999999999998,1254.9
2022-08-07T16:30:00Z,223.0,1170.55
2022-08-07T17:00:00Z,267.66,1351.95
2022-08-07T17:30:00Z,293.25,1327.2
2022-08-07T18:00:00Z,319.59,963.0
2022-08-07T18:30:00Z,306.15,1006.4
2022-08-07T19:00:00Z,312.55,923.5
2022-08-07T19:30:00Z,320.48,980.0
2022-08-07T20:00:00Z,318.33,953.0
2022-08-07T20:30:00Z,319.38,1147.2
2022-08-07T21:00:00Z,307.33,906.95
2022-08-07T21:30:00Z,290.46,855.4
2022-08-07T22:00:00Z,229.82,399.95
2022-08-07T22:30:00Z,190.13,219.5
2022-08-07T23:00:00Z,200.08,233.85
2022-08-07T23:30:00Z,207.11,245.8
2022-08-08T00:00:00Z,205.28,540.25
2022-08-08T00:30:00Z,197.52,661.7
2022-08-08T01:00:00Z,191.44,567.05
2022-08-08T01:30:00Z,184.58999999999997,853.0
2022-08-08T02:00:00Z,198.43,526.6
2022-08-08T02:30:00Z,178.81,418.0
2022-08-08T03:00:00Z,189.93,632.6
2022-08-08T03:30:00Z,201.16,938.9
2022-08-08T04:00:00Z,200.77,547.5
2022-08-08T04:30:00Z,191.16000000000003,697.6
2022-08-08T05:00:00Z,248.21,746.35
2022-08-08T05:30:00Z,276.46,821.8
2022-08-08T06:00:00Z,300.44,1187.45
2022-08-08T06:30:00Z,344.09,822.25
2022-08-08T07:00:00Z,241.43,1115.65
2022-08-08T07:30:00Z,234.62,1101.4
2022-08-08T08:00:00Z,226.42000000000002,1270.3
2022-08-08T08:30:00Z,232.65999999999997,1225.45
2022-08-08T09:00:00Z,245.04,1478.4
2022-08-08T09:30:00Z,213.47999999999996,1546.0
2022-08-08T10:00:00Z,208.08,1618.95
2022-08-08T10:30:00Z,217.16,2005.9
2022-08-08T11:00:00Z,221.85,1937.35
2022-08-08T11:30:00Z,235.64,2208.35
2022-08-08T12:00:00Z,240.92,1524.35
2022-08-08T12:30:00Z,222.29,1401.0
2022-08-08T13:00:00Z,231.94,1397.9
2022-08-08T13:30:00Z,221.64,1275.8
2022-08-08T14:00:00Z,238.52000000000004,825.45
2022-08-08T14:30:00Z,239.52,1080.5
2022-08-08T15:00:00Z,280.09,1217.0
2022-08-08T15:30:00Z,314.53,1072.3
2022-08-08T16:00:00Z,284.07,1127.15
2022-08-08T16:30:00Z,320.32,825.95
2022-08-08T17:00:00Z,342.33,728.85
2022-08-08T17:30:00Z,348.87,826.45
2022-08-08T18:00:00Z,345.05,941.1
2022-08-08T18:30:00Z,319.08,1171.4
2022-08-08T19:00:00Z,338.51,833.4
2022-08-08T19:30:00Z,328.48,1107.35
2022-08-08T20:00:00Z,303.49,1029.95
2022-08-08T20:30:00Z,310.7,989.65
2022-08-08T21:00:00Z,327.97,1218.2
2022-08-08T21:30:00Z,281.89,1178.3
2022-08-08T22:00:00Z,263.73,411.25
2022-08-08T22:30:00Z,236.58,485.85
2022-08-08T23:00:00Z,232.92,435.4
2022-08-08T23:30:00Z,207.83,351.3
2022-08-09T00:00:00Z,230.27,422.3
2022-08-09T00:30:00Z,210.45,493.3
2022-08-09T01:00:00Z,219.66,501.1
2022-08-09T01:30:00Z,208.08,445.15
2022-08-09T02:00:00Z,237.61999999999998,665.3
2022-08-09T02:30:00Z,262.16,705.2
2022-08-09T03:00:00Z,260.01,827.35
2022-08-09T03:30:00Z,249.33,682.25
2022-08-09T04:00:00Z,254.73000000000002,626.1
2022-08-09T04:30:00Z,250.63,346.6
2022-08-09T05:00:00Z,311.64,691.2
2022-08-09T05:30:00Z,354.6,1109.5
2022-08-09T06:00:00Z,253.72999999999996,886.8
2022-08-09T06:30:00Z,336.93,1189.5
2022-08-09T07:00:00Z,289.5,967.4
2022-08-09T07:30:00Z,295.52,1139.05
2022-08-09T08:00:00Z,275.65,1107.25
2022-08-09T08:30:00Z,263.71,1105.55
2022-08-09T09:00:00Z,249.96000000000004,1135.0
2022-08-09T09:30:00Z,240.69,1029.2
2022-08-09T10:00:00Z,249.69,1154.9
2022-08-09T10:30:00Z,247.28999999999996,1387.3
2022-08-09T11:00:00Z,213.95999999999998,1291.0
2022-08-09T11:30:00Z,211.22,1459.2
2022-08-09T12:00:00Z,215.84000000000003,1392.75
2022-08-09T12:30:00Z,214.59,1471.1
2022-08-09T13:00:00Z,215.42000000000002,1558.35
2022-08-09T13:30:00Z,212.47,1649.4
2022-08-09T14:00:00Z,252.37,1202.9
2022-08-09T14:30:00Z,255.83000000000004,1156.0
2022-08-09T15:00:00Z,274.62,1254.1
2022-08-09T15:30:00Z,280.14,1336.55
2022-08-09T16:00:00Z,323.21,1365.05
2022-08-09T16:30:00Z,318.17,1492.45
2022-08-09T17:00:00Z,336.71,1300.5
2022-08-09T17:30:00Z,348.11,1361.5
2022-08-09T18:00:00Z,364.21,1021.0
2022-08-09T18:30:00Z,359.31,1010.8
2022-08-09T19:00:00Z,326.96,1040.4
2022-08-09T19:30:00Z,322.34,1012.6
2022-08-09T20:00:00Z,330.95,977.75
2022-08-09T20:30:00Z,314.2,1053.55
2022-08-09T21:00:00Z,312.7,1174.9
2022-08-09T21:30:00Z,294.46,940.25
2022-08-09T22:00:00Z,262.33,451.2
2022-08-09T22:30:00Z,242.42,318.05
2022-08-09T23:00:00Z,255.07,542.25
2022-08-09T23:30:00Z,241.55,511.15
2022-08-10T00:00:00Z,237.86,294.75
2022-08-10T00:30:00Z,216.48,271.85
2022-08-10T01:00:00Z,215.52,215.4
2022-08-10T01:30:00Z,217.98,219.75
2022-08-10T02:00:00Z,247.73,282.55
2022-08-10T02:30:00Z,241.71,232.7
2022-08-10T03:00:00Z,271.71,338.7
2022-08-10T03:30:00Z,263.71,387.55
2022-08-10T04:00:00Z,276.07,627.65
2022-08-10T04:30:00Z,274.39,571.7
2022-08-10T05:00:00Z,308.67,989.55
2022-08-10T05:30:00Z,338.38,1046.75
2022-08-10T06:00:00Z,332.06,1021.5
2022-08-10T06:30:00Z,364.95,903.55
2022-08-10T07:00:00Z,313.88,982.3
2022-08-10T07:30:00Z,306.76,1244.85
2022-08-10T08:00:00Z,247.15999999999997,893.4
2022-08-10T08:30:00Z,228.04000000000002,752.4
2022-08-10T09:00:00Z,240.68,857.4
2022-08-10T09:30:00Z,230.30000000000004,877.15
2022-08-10T10:00:00Z,214.29,751.5
2022-08-10T10:30:00Z,215.49999999999997,883.4
2022-08-10T11:00:00Z,226.85,1047.15
2022-08-10T11:30:00Z,228.42,1168.6
2022-08-10T12:00:00Z,220.76,1348.3
2022-08-10T12:30:00Z,224.71,1472.6
2022-08-10T13:00:00Z,226.79,1510.95
2022-08-10T13:30:00Z,231.09,1838.35
2022-08-10T14:00:00Z,290.76,701.1
2022-08-10T14:30:00Z,283.93,928.5
2022-08-10T15:00:00Z,319.68,844.2
2022-08-10T15:30:00Z,327.82,937.45
2022-08-10T16:00:00Z,373.91,1176.35
2022-08-10T16:30:00Z,390.69,1126.45
2022-08-10T17:00:00Z,420.01,1280.25
2022-08-10T17:30:00Z,426.71,1135.15
2022-08-10T18:00:00Z,441.73999999999995,1287.55
2022-08-10T18:30:00Z,442.36,1244.8
2022-08-10T19:00:00Z,433.54,1600.85
2022-08-10T19:30:00Z,435.21,1557.5
2022-08-10T20:00:00Z,411.37999999999994,1377.5
2022-08-10T20:30:00Z,404.85,1219.7
2022-08-10T21:00:00Z,380.21,1054.2
2022-08-10T21:30:00Z,363.61,1310.9
2022-08-10T22:00:00Z,335.76,423.7
2022-08-10T22:30:00Z,321.01,686.15
2022-08-10T23:00:00Z,319.48,837.65
2022-08-10T23:30:00Z,301.65,616.15
2022-08-11T00:00:00Z,304.25,1151.1
2022-08-11T00:30:00Z,302.55,1228.8
2022-08-11T01:00:00Z,298.52,1128.35
2022-08-11T01:30:00Z,285.47,1078.05
2022-08-11T02:00:00Z,294.22,825.25
2022-08-11T02:30:00Z,292.59,864.0
2022-08-11T03:00:00Z,300.77,586.45
2022-08-11T03:30:00Z,304.39,620.25
2022-08-11T04:00:00Z,338.54,737.35
2022-08-11T04:30:00Z,350.19,747.35
2022-08-11T05:00:00Z,377.96,810.0
2022-08-11T05:30:00Z,391.48,887.4
2022-08-11T06:00:00Z,408.47,1040.7
2022-08-11T06:30:00Z,450.35,860.85
2022-08-11T07:00:00Z,424.39000000000004,1289.7
2022-08-11T07:30:00Z,429.84,1108.7
2022-08-11T08:00:00Z,403.43000000000006,1370.5
2022-08-11T08:30:00Z,397.37,1276.5
2022-08-11T09:00:00Z,390.17,1423.8
2022-08-11T09:30:00Z,381.68,1658.35
2022-08-11T10:00:00Z,353.0,1129.85
2022-08-11T10:30:00Z,355.36,1075.8
2022-08-11T11:00:00Z,364.32,1637.55
2022-08-11T11:30:00Z,346.36,1509.7
2022-08-11T12:00:00Z,352.51,1470.7
2022-08-11T12:30:00Z,345.40999999999997,1614.1
2022-08-11T13:00:00Z,373.56,1256.05
2022-08-11T13:30:00Z,375.82,1376.05
2022-08-11T14:00:00Z,438.04,1527.3
2022-08-11T14:30:00Z,450.78,1627.1
2022-08-11T15:00:00Z,464.6000000000001,1547.2
2022-08-11T15:30:00Z,494.09999999999997,1646.3
2022-08-11T16:00:00Z,522.04,1656.75
2022-08-11T16:30:00Z,532.11,1712.85
2022-08-11T17:00:00Z,537.73,1738.5
2022-08-11T17:30:00Z,563.09,1683.35
2022-08-11T18:00:00Z,592.97,1548.65
2022-08-11T18:30:00Z,600.9,1492.55
2022-08-11T19:00:00Z,480.52,1492.25
2022-08-11T19:30:00Z,474.22,1559.25
2022-08-11T20:00:00Z,505.93,1306.7
2022-08-11T20:30:00Z,503.72999999999996,1273.85
2022-08-11T21:00:00Z,457.44999999999993,1321.65
2022-08-11T21:30:00Z,397.32,1225.35
2022-08-11T22:00:00Z,363.38,513.2
2022-08-11T22:30:00Z,317.81,571.4
2022-08-11T23:00:00Z,348.3,468.55
2022-08-11T23:30:00Z,324.89,477.5
2022-08-12T00:00:00Z,335.68000000000006,443.5
2022-08-12T00:30:00Z,332.45,402.35
2022-08-12T01:00:00Z,314.74,390.6
2022-08-12T01:30:00Z,292.92,431.2
2022-08-12T02:00:00Z,311.41,401.65
2022-08-12T02:30:00Z,312.9,350.1
2022-08-12T03:00:00Z,293.3,487.3
2022-08-12T03:30:00Z,287.83,498.3
2022-08-12T04:00:00Z,300.91,370.35
2022-08-12T04:30:00Z,346.71,417.6
2022-08-12T05:00:00Z,370.2,547.75
2022-08-12T05:30:00Z,393.35,700.7
2022-08-12T06:00:00Z,332.62,590.45
2022-08-12T06:30:00Z,388.38,1031.65
2022-08-12T07:00:00Z,316.57,706.25
2022-08-12T07:30:00Z,370.43,1139.35
2022-08-12T08:00:00Z,327.48,852.4
2022-08-12T08:30:00Z,293.52,620.25
2022-08-12T09:00:00Z,327.19,1063.35
2022-08-12T09:30:00Z,319.29,1116.35
2022-08-12T10:00:00Z,310.37,871.1
2022-08-12T10:30:00Z,287.47,738.9
2022-08-12T11:00:00Z,288.37,728.3
2022-08-12T11:30:00Z,262.52,678.8
2022-08-12T12:00:00Z,258.45,771.3
2022-08-12T12:30:00Z,243.32000000000002,690.75
2022-08-12T13:00:00Z,254.16,782.2
2022-08-12T13:30:00Z,261.36,799.55
2022-08-12T14:00:00Z,320.37,1037.05
2022-08-12T14:30:00Z,332.42,1129.15
2022-08-12T15:00:00Z,341.96,1340.55
2022-08-12T15:30:00Z,362.42,1135.2
2022-08-12T16:00:00Z,384.32,1206.9
2022-08-12T16:30:00Z,394.78,1171.7
2022-08-12T17:00:00Z,413.71,1435.1
2022-08-12T17:30:00Z,409.87,1236.65
2022-08-12T18:00:00Z,434.53,1134.55
2022-08-12T18:30:00Z,433.69,975.4
2022-08-12T19:00:00Z,416.17,911.75
2022-08-12T19:30:00Z,407.15,1008.75
2022-08-12T20:00:00Z,371.22,782.0
2022-08-12T20:30:00Z,348.79,774.3
2022-08-12T21:00:00Z,360.6,1049.35
2022-08-12T21:30:00Z,308.45,837.9
2022-08-12T22:00:00Z,371.35,620.25
2022-08-12T22:30:00Z,334.04,603.55
2022-08-12T23:00:00Z,325.62,492.8
2022-08-12T23:30:00Z,308.98,554.5
2022-08-13T00:00:00Z,298.45,452.95
2022-08-13T00:30:00Z,292.2,586.75
2022-08-13T01:00:00Z,289.37,530.2
2022-08-13T01:30:00Z,272.07,601.65
2022-08-13T02:00:00Z,272.83,409.4
2022-08-13T02:30:00Z,277.9,542.95
2022-08-13T03:00:00Z,290.08,391.1
2022-08-13T03:30:00Z,285.68,546.45
2022-08-13T04:00:00Z,281.72,452.2
2022-08-13T04:30:00Z,300.21,372.65
2022-08-13T05:00:00Z,290.16,482.2
2022-08-13T05:30:00Z,318.02,573.35
2022-08-13T06:00:00Z,253.81,573.95
2022-08-13T06:30:00Z,304.8,608.55
2022-08-13T07:00:00Z,262.94,335.45
2022-08-13T07:30:00Z,284.12,635.85
2022-08-13T08:00:00Z,252.67,702.5
2022-08-13T08:30:00Z,255.84999999999997,555.5
2022-08-13T09:00:00Z,255.91,722.3
2022-08-13T09:30:00Z,282.95,962.0
2022-08-13T10:00:00Z,272.98,1342.9
2022-08-13T10:30:00Z,274.24,1520.0
2022-08-13T11:00:00Z,272.21,1458.8
2022-08-13T11:30:00Z,262.87,1552.25
2022-08-13T12:00:00Z,258.24,1424.4
2022-08-13T12:30:00Z,258.82,1370.1
2022-08-13T13:00:00Z,273.98,1110.0
2022-08-13T13:30:00Z,270.85,1141.45
2022-08-13T14:00:00Z,306.9599999999999,475.55
2022-08-13T14:30:00Z,292.47,807.05
2022-08-13T15:00:00Z,345.83,1002.55
2022-08-13T15:30:00Z,369.87000000000006,843.5
2022-08-13T16:00:00Z,375.05,913.85
2022-08-13T16:30:00Z,402.93,822.8
2022-08-13T17:00:00Z,401.45,869.55
2022-08-13T17:30:00Z,406.76,957.4
2022-08-13T18:00:00Z,416.26,989.25
2022-08-13T18:30:00Z,409.9,982.65
2022-08-13T19:00:00Z,406.35,991.0
2022-08-13T19:30:00Z,398.86,1006.5
2022-08-13T20:00:00Z,387.59,1157.1
2022-08-13T20:30:00Z,337.88,1061.05
2022-08-13T21:00:00Z,384.0,1091.75
2022-08-13T21:30:00Z,330.5,969.0
2022-08-13T22:00:00Z,306.28,799.1
2022-08-13T22:30:00Z,323.56,781.35
2022-08-13T23:00:00Z,301.99,796.9
2022-08-13T23:30:00Z,315.75,816.45
2022-08-14T00:00:00Z,316.64,928.15
2022-08-14T00:30:00Z,319.63,971.4
2022-08-14T01:00:00Z,320.46,900.45
2022-08-14T01:30:00Z,317.71,1016.95
2022-08-14T02:00:00Z,297.68,646.25
2022-08-14T02:30:00Z,298.58,569.35
2022-08-14T03:00:00Z,293.17,593.3
2022-08-14T03:30:00Z,286.67,619.05
2022-08-14T04:00:00Z,301.85,548.4
2022-08-14T04:30:00Z,296.53,609.6
2022-08-14T05:00:00Z,303.14,700.5
2022-08-14T05:30:00Z,306.03,667.9
2022-08-14T06:00:00Z,286.2,741.05
2022-08-14T06:30:00Z,313.68,524.9
2022-08-14T07:00:00Z,303.46,721.9
2022-08-14T07:30:00Z,337.2,595.7
2022-08-14T08:00:00Z,284.24,614.15
2022-08-14T08:30:00Z,277.39,646.4
2022-08-14T09:00:00Z,288.02,638.95
2022-08-14T09:30:00Z,304.26,789.9
2022-08-14T10:00:00Z,315.65,775.75
2022-08-14T10:30:00Z,309.33,944.45
2022-08-14T11:00:00Z,300.89,794.4
2022-08-14T11:30:00Z,297.91,823.4
2022-08-14T12:00:00Z,294.59,843.95
2022-08-14T12:30:00Z,295.81,978.4
2022-08-14T13:00:00Z,287.78000000000003,955.05
2022-08-14T13:30:00Z,285.61,861.4
2022-08-14T14:00:00Z,284.82,1293.25
2022-08-14T14:30:00Z,267.19,1178.65
2022-08-14T15:00:00Z,330.79,1335.1
2022-08-14T15:30:00Z,344.96,1402.2
2022-08-14T16:00:00Z,405.72,1283.25
2022-08-14T16:30:00Z,415.56,1230.3
2022-08-14T17:00:00Z,430.17,1085.4
2022-08-14T17:30:00Z,444.65999999999997,1194.65
2022-08-14T18:00:00Z,466.93,983.3
2022-08-14T18:30:00Z,475.98,1051.45
2022-08-14T19:00:00Z,455.28,1015.0
2022-08-14T19:30:00Z,441.12,1131.4
2022-08-14T20:00:00Z,447.76,953.55
2022-08-14T20:30:00Z,434.66,956.4
2022-08-14T21:00:00Z,442.64,914.1
2022-08-14T21:30:00Z,413.72,818.1
2022-08-14T22:00:00Z,349.02,419.05
2022-08-14T22:30:00Z,302.68,394.9
2022-08-14T23:00:00Z,318.02,411.85
2022-08-14T23:30:00Z,321.66,738.55
2022-08-15T00:00:00Z,340.34,610.85
2022-08-15T00:30:00Z,305.48,662.3
2022-08-15T01:00:00Z,344.9,714.0
2022-08-15T01:30:00Z,301.58,608.45
2022-08-15T02:00:00Z,284.96,502.95
2022-08-15T02:30:00Z,275.62,482.2
2022-08-15T03:00:00Z,285.92,578.65
2022-08-15T03:30:00Z,286.57,625.7
2022-08-15T04:00:00Z,292.38,720.85
2022-08-15T04:30:00Z,267.91,560.4
2022-08-15T05:00:00Z,305.95,714.15
2022-08-15T05:30:00Z,336.49999999999994,897.45
2022-08-15T06:00:00Z,316.82,935.45
2022-08-15T06:30:00Z,368.02,1183.2
2022-08-15T07:00:00Z,352.18,1330.7
2022-08-15T07:30:00Z,405.86000000000007,1347.55
2022-08-15T08:00:00Z,367.61,1059.1
2022-08-15T08:30:00Z,372.62,1233.5
2022-08-15T09:00:00Z,368.25,1232.7
2022-08-15T09:30:00Z,367.2,1483.0
2022-08-15T10:00:00Z,355.74,991.05
2022-08-15T10:30:00Z,349.39,1068.15
2022-08-15T11:00:00Z,359.06,1103.8
2022-08-15T11:30:00Z,362.2,1240.45
2022-08-15T12:00:00Z,381.64,1405.55
2022-08-15T12:30:00Z,364.12,1291.0
2022-08-15T13:00:00Z,362.39,1022.5
2022-08-15T13:30:00Z,353.0,1231.05
2022-08-15T14:00:00Z,322.97,641.25
2022-08-15T14:30:00Z,311.7,854.55
2022-08-15T15:00:00Z,351.42,1130.2
2022-08-15T15:30:00Z,384.54,980.35
2022-08-15T16:00:00Z,405.99,1167.1
2022-08-15T16:30:00Z,404.98,1395.4
2022-08-15T17:00:00Z,404.77,1400.8
2022-08-15T17:30:00Z,400.5400000000001,1340.2
2022-08-15T18:00:00Z,438.97,859.5
2022-08-15T18:30:00Z,440.31,1075.1
2022-08-15T19:00:00Z,435.74,1123.75
2022-08-15T19:30:00Z,385.76,1303.8
2022-08-15T20:00:00Z,431.52,1095.8
2022-08-15T20:30:00Z,433.07,1356.35
2022-08-15T21:00:00Z,428.81999999999994,1385.75
2022-08-15T21:30:00Z,401.65,1189.75
2022-08-15T22:00:00Z,368.98,771.1
2022-08-15T22:30:00Z,329.5,650.45
2022-08-15T23:00:00Z,345.19,676.65
2022-08-15T23:30:00Z,308.77,661.45
2022-08-16T00:00:00Z,319.3,501.85
2022-08-16T00:30:00Z,313.99,797.85
2022-08-16T01:00:00Z,333.03,556.2
2022-08-16T01:30:00Z,336.34,494.8
2022-08-16T02:00:00Z,323.14,735.95
2022-08-16T02:30:00Z,303.24,486.8
2022-08-16T03:00:00Z,292.39,677.75
2022-08-16T03:30:00Z,288.17,467.8
2022-08-16T04:00:00Z,271.43,580.4
2022-08-16T04:30:00Z,266.06,606.85
2022-08-16T05:00:00Z,297.06,578.4
2022-08-16T05:30:00Z,357.38,870.65
2022-08-16T06:00:00Z,356.65,1430.55
2022-08-16T06:30:00Z,418.75,1276.55
2022-08-16T07:00:00Z,365.31,1344.35
2022-08-16T07:30:00Z,401.78,1248.55
2022-08-16T08:00:00Z,412.66,1394.2
2022-08-16T08:30:00Z,394.71,1413.5
2022-08-16T09:00:00Z,407.46,1132.9
2022-08-16T09:30:00Z,401.37,1170.9
2022-08-16T10:00:00Z,437.24,1058.85
2022-08-16T10:30:00Z,434.0,1109.75
2022-08-16T11:00:00Z,434.3,1139.75
2022-08-16T11:30:00Z,430.35999999999996,1291.8
2022-08-16T12:00:00Z,433.64,1272.7
2022-08-16T12:30:00Z,427.88000000000005,1273.5
2022-08-16T13:00:00Z,434.45,1493.9
2022-08-16T13:30:00Z,434.77,1571.5
2022-08-16T14:00:00Z,452.17,1625.75
2022-08-16T14:30:00Z,458.93000000000006,1581.8
2022-08-16T15:00:00Z,494.04,1456.35
2022-08-16T15:30:00Z,499.04,1495.8
2022-08-16T16:00:00Z,498.8299999999999,1815.4
2022-08-16T16:30:00Z,488.96,1954.5
2022-08-16T17:00:00Z,492.65,1689.05
2022-08-16T17:30:00Z,505.9,1702.2
2022-08-16T18:00:00Z,535.33,1441.15
2022-08-16T18:30:00Z,522.33,1553.55
2022-08-16T19:00:00Z,527.26,1312.35
2022-08-16T19:30:00Z,482.09,1335.25
2022-08-16T20:00:00Z,457.57000000000005,1397.8
2022-08-16T20:30:00Z,413.08,1210.55
2022-08-16T21:00:00Z,427.40999999999997,1407.4
2022-08-16T21:30:00Z,395.54,1124.9
2022-08-16T22:00:00Z,343.27,783.5
2022-08-16T22:30:00Z,280.34,741.65
2022-08-16T23:00:00Z,288.86,650.8
2022-08-16T23:30:00Z,293.2200000000001,922.3
2022-08-17T00:00:00Z,266.1,501.4
2022-08-17T00:30:00Z,257.99,660.9
2022-08-17T01:00:00Z,255.88,701.7
2022-08-17T01:30:00Z,256.79,804.65
2022-08-17T02:00:00Z,268.15,790.65
2022-08-17T02:30:00Z,256.79,786.7
2022-08-17T03:00:00Z,258.81,852.55
2022-08-17T03:30:00Z,262.96,809.05
2022-08-17T04:00:00Z,273.99,620.75
2022-08-17T04:30:00Z,263.98,779.2
2022-08-17T05:00:00Z,251.59,713.15
2022-08-17T05:30:00Z,249.45000000000002,732.9
2022-08-17T06:00:00Z,308.43,1025.5
2022-08-17T06:30:00Z,340.4,1182.1
2022-08-17T07:00:00Z,367.65,1405.0
2022-08-17T07:30:00Z,386.96,1509.45
2022-08-17T08:00:00Z,389.4,1422.9
2022-08-17T08:30:00Z,399.98,1659.0
2022-08-17T09:00:00Z,418.19,1604.55
2022-08-17T09:30:00Z,430.23,1785.95
2022-08-17T10:00:00Z,432.28,1571.65
2022-08-17T10:30:00Z,440.72,1610.0
2022-08-17T11:00:00Z,435.27,1400.45
2022-08-17T11:30:00Z,442.46,1503.45
2022-08-17T12:00:00Z,461.03,1589.15
2022-08-17T12:30:00Z,453.68999999999994,1607.25
2022-08-17T13:00:00Z,480.7099999999999,1492.2
2022-08-17T13:30:00Z,482.13,1578.15
2022-08-17T14:00:00Z,502.77,1623.65
2022-08-17T14:30:00Z,501.62,1846.95
2022-08-17T15:00:00Z,497.15,1803.9
2022-08-17T15:30:00Z,505.78,1637.95
2022-08-17T16:00:00Z,509.03,1641.25
2022-08-17T16:30:00Z,529.68,1528.45
2022-08-17T17:00:00Z,559.6,1702.4
2022-08-17T17:30:00Z,559.51,1575.55
2022-08-17T18:00:00Z,517.99,1399.9
2022-08-17T18:30:00Z,504.7,1275.6
2022-08-17T19:00:00Z,501.21,1264.8
2022-08-17T19:30:00Z,487.07000000000005,1487.95
2022-08-17T20:00:00Z,482.08,1468.2
2022-08-17T20:30:00Z,461.75999999999993,1326.65
2022-08-17T21:00:00Z,460.28000000000003,1411.3
2022-08-17T21:30:00Z,425.54,1158.45
2022-08-17T22:00:00Z,419.13999999999993,641.1
2022-08-17T22:30:00Z,389.88,732.55
2022-08-17T23:00:00Z,370.75,755.0
2022-08-17T23:30:00Z,360.79,737.6
2022-08-18T00:00:00Z,353.33,923.25
2022-08-18T00:30:00Z,352.78,1030.6
2022-08-18T01:00:00Z,348.4,884.35
2022-08-18T01:30:00Z,347.42,925.9
2022-08-18T02:00:00Z,357.11,838.75
2022-08-18T02:30:00Z,353.49,857.0
2022-08-18T03:00:00Z,351.37,645.05
2022-08-18T03:30:00Z,352.65,691.2
2022-08-18T04:00:00Z,338.46999999999997,885.6
2022-08-18T04:30:00Z,326.01,1106.2
2022-08-18T05:00:00Z,335.68,1038.7
2022-08-18T05:30:00Z,375.8299999999999,927.9
2022-08-18T06:00:00Z,414.21,1443.45
2022-08-18T06:30:00Z,464.64,1032.3
2022-08-18T07:00:00Z,410.49,1104.85
2022-08-18T07:30:00Z,443.16,1406.65
2022-08-18T08:00:00Z,412.58,1403.05
2022-08-18T08:30:00Z,389.66999999999996,1503.65
2022-08-18T09:00:00Z,418.67,1259.35
2022-08-18T09:30:00Z,394.84,1499.75
2022-08-18T10:00:00Z,360.84,1368.9
2022-08-18T10:30:00Z,343.65,1459.25
2022-08-18T11:00:00Z,330.37,1546.05
2022-08-18T11:30:00Z,329.41,1390.85
2022-08-18T12:00:00Z,312.57,1569.55
2022-08-18T12:30:00Z,305.73,1721.3
2022-08-18T13:00:00Z,321.07,1585.65
2022-08-18T13:30:00Z,342.21,1924.4
2022-08-18T14:00:00Z,336.35,1255.4
2022-08-18T14:30:00Z,333.75,1399.5
2022-08-18T15:00:00Z,328.05,1504.4
2022-08-18T15:30:00Z,341.03,1390.1
2022-08-18T16:00:00Z,340.86,1927.7
2022-08-18T16:30:00Z,345.5,2342.5
2022-08-18T17:00:00Z,337.35999999999996,1776.4
2022-08-18T17:30:00Z,334.94,2085.25
2022-08-18T18:00:00Z,329.01,2238.8
2022-08-18T18:30:00Z,324.02,2108.15
2022-08-18T19:00:00Z,323.46,2133.95
2022-08-18T19:30:00Z,323.4,2560.25
2022-08-18T20:00:00Z,321.66,2977.2
2022-08-18T20:30:00Z,311.28,2400.55
2022-08-18T21:00:00Z,293.07,1739.8
2022-08-18T21:30:00Z,293.93,1988.0
2022-08-18T22:00:00Z,293.86,821.65
2022-08-18T22:30:00Z,309.22,859.0
2022-08-18T23:00:00Z,323.92,741.3
2022-08-18T23:30:00Z,329.89,806.0
2022-08-19T00:00:00Z,304.54,871.0
2022-08-19T00:30:00Z,300.73,1107.7
2022-08-19T01:00:00Z,302.97,1180.1
2022-08-19T01:30:00Z,298.01,1368.55
2022-08-19T02:00:00Z,268.23,725.35
2022-08-19T02:30:00Z,262.88,571.45
2022-08-19T03:00:00Z,270.64,642.45
2022-08-19T03:30:00Z,285.44,557.0
2022-08-19T04:00:00Z,305.7,704.8
2022-08-19T04:30:00Z,337.26,820.85
2022-08-19T05:00:00Z,374.25,885.6
2022-08-19T05:30:00Z,413.84,963.5
2022-08-19T06:00:00Z,464.73,1121.5
2022-08-19T06:30:00Z,484.54,909.45
2022-08-19T07:00:00Z,475.63000000000005,1286.0
2022-08-19T07:30:00Z,476.44,1328.1
2022-08-19T08:00:00Z,458.68999999999994,1340.45
2022-08-19T08:30:00Z,437.66,1640.55
2022-08-19T09:00:00Z,412.33,1663.7
2022-08-19T09:30:00Z,393.78,1761.9
2022-08-19T10:00:00Z,319.17,1568.55
2022-08-19T10:30:00Z,308.59,1579.8
2022-08-19T11:00:00Z,304.71,1421.4
2022-08-19T11:30:00Z,308.44,1543.5
2022-08-19T12:00:00Z,293.73,1523.6
2022-08-19T12:30:00Z,284.81,1561.15
2022-08-19T13:00:00Z,289.47,1626.25
2022-08-19T13:30:00Z,289.82,1683.0
2022-08-19T14:00:00Z,281.46,1303.8
2022-08-19T14:30:00Z,291.13,1446.0
2022-08-19T15:00:00Z,283.65,1013.65
2022-08-19T15:30:00Z,302.91,1454.85
2022-08-19T16:00:00Z,317.14,1387.75
2022-08-19T16:30:00Z,350.97,1393.45
2022-08-19T17:00:00Z,340.18,1589.85
2022-08-19T17:30:00Z,360.18,1449.2
2022-08-19T18:00:00Z,371.1,1282.1
2022-08-19T18:30:00Z,376.3,1373.1
2022-08-19T19:00:00Z,379.66,1150.2
2022-08-19T19:30:00Z,391.76,1288.65
2022-08-19T20:00:00Z,390.69,953.25
2022-08-19T20:30:00Z,385.08,847.05
2022-08-19T21:00:00Z,415.45,689.75
2022-08-19T21:30:00Z,393.96,861.05
2022-08-19T22:00:00Z,395.01,846.75
2022-08-19T22:30:00Z,358.67,564.2
2022-08-19T23:00:00Z,329.03,618.55
2022-08-19T23:30:00Z,323.99,548.1
2022-08-20T00:00:00Z,358.55,399.05
2022-08-20T00:30:00Z,319.64,457.6
2022-08-20T01:00:00Z,314.57,678.7
2022-08-20T01:30:00Z,321.62,356.7
2022-08-20T02:00:00Z,340.6,452.4
2022-08-20T02:30:00Z,330.74,448.1
2022-08-20T03:00:00Z,332.96,562.1
2022-08-20T03:30:00Z,347.81,708.95
2022-08-20T04:00:00Z,330.14,477.0
2022-08-20T04:30:00Z,267.81,461.95
2022-08-20T05:00:00Z,272.1,583.5
2022-08-20T05:30:00Z,266.86,683.6
2022-08-20T06:00:00Z,236.65,461.1
2022-08-20T06:30:00Z,237.32,602.25
2022-08-20T07:00:00Z,246.63,606.85
2022-08-20T07:30:00Z,247.2,590.6
2022-08-20T08:00:00Z,253.25,627.9
2022-08-20T08:30:00Z,268.14,814.0
2022-08-20T09:00:00Z,289.74,1065.8
2022-08-20T09:30:00Z,285.22,1157.1
2022-08-20T10:00:00Z,270.65,1294.65
2022-08-20T10:30:00Z,272.14,1411.9
2022-08-20T11:00:00Z,289.26,1241.4
2022-08-20T11:30:00Z,284.32,1386.3
2022-08-20T12:00:00Z,272.39,1110.6
2022-08-20T12:30:00Z,249.70999999999998,1103.5
2022-08-20T13:00:00Z,249.25,921.9
2022-08-20T13:30:00Z,237.66,1018.95
2022-08-20T14:00:00Z,227.8,852.0
2022-08-20T14:30:00Z,212.72000000000003,842.4
2022-08-20T15:00:00Z,190.96,1039.35
2022-08-20T15:30:00Z,206.74,1296.45
2022-08-20T16:00:00Z,272.4,1351.35
2022-08-20T16:30:00Z,276.33,1182.2
2022-08-20T17:00:00Z,295.17,1347.9
2022-08-20T17:30:00Z,316.86,1316.9
2022-08-20T18:00:00Z,315.44,1217.5
2022-08-20T18:30:00Z,336.34,1123.5
2022-08-20T19:00:00Z,333.07,981.95
2022-08-20T19:30:00Z,325.36,972.45
2022-08-20T20:00:00Z,319.93,943.2
2022-08-20T20:30:00Z,304.68,790.7
2022-08-20T21:00:00Z,271.27,741.05
2022-08-20T21:30:00Z,276.87,907.4
2022-08-20T22:00:00Z,311.63,823.0
2022-08-20T22:30:00Z,311.3,635.55
2022-08-20T23:00:00Z,338.53,634.4
2022-08-20T23:30:00Z,351.34,701.65
2022-08-21T00:00:00Z,342.11,662.65
2022-08-21T00:30:00Z,348.05,687.6
2022-08-21T01:00:00Z,349.33,975.7
2022-08-21T01:30:00Z,336.32,875.05
2022-08-21T02:00:00Z,317.66,637.8
2022-08-21T02:30:00Z,331.33,632.15
2022-08-21T03:00:00Z,285.36,709.55
2022-08-21T03:30:00Z,277.01,769.15
2022-08-21T04:00:00Z,305.01,795.8
2022-08-21T04:30:00Z,295.6,842.55
2022-08-21T05:00:00Z,308.79,983.0
2022-08-21T05:30:00Z,326.89,955.85
2022-08-21T06:00:00Z,311.18,1044.5
2022-08-21T06:30:00Z,362.49,869.65
2022-08-21T07:00:00Z,307.07,983.45
2022-08-21T07:30:00Z,348.12999999999994,771.4
2022-08-21T08:00:00Z,307.69,938.85
2022-08-21T08:30:00Z,307.42,1117.7
2022-08-21T09:00:00Z,311.7,1140.95
2022-08-21T09:30:00Z,324.48,1159.6
2022-08-21T10:00:00Z,331.0,1086.7
2022-08-21T10:30:00Z,338.01,1154.15
2022-08-21T11:00:00Z,319.35,1158.6
2022-08-21T11:30:00Z,329.63,1355.35
2022-08-21T12:00:00Z,325.39,1061.45
2022-08-21T12:30:00Z,317.24,1240.6
2022-08-21T13:00:00Z,311.49,1314.1
2022-08-21T13:30:00Z,318.59,1320.35
2022-08-21T14:00:00Z,341.96,1156.4
2022-08-21T14:30:00Z,314.57,1080.35
2022-08-21T15:00:00Z,351.82,1026.8
2022-08-21T15:30:00Z,351.76,1065.25
2022-08-21T16:00:00Z,459.84,1040.85
2022-08-21T16:30:00Z,468.23,990.25
2022-08-21T17:00:00Z,457.82,908.95
2022-08-21T17:30:00Z,458.09,854.1
2022-08-21T18:00:00Z,519.02,961.85
2022-08-21T18:30:00Z,516.95,1017.05
2022-08-21T19:00:00Z,525.27,1097.7
2022-08-21T19:30:00Z,523.66,1004.95
2022-08-21T20:00:00Z,532.36,1343.55
2022-08-21T20:30:00Z,515.2,1225.25
2022-08-21T21:00:00Z,525.04,1231.0
2022-08-21T21:30:00Z,505.31,1044.15
2022-08-21T22:00:00Z,443.93,695.35
2022-08-21T22:30:00Z,395.91,683.45
2022-08-21T23:00:00Z,397.45,785.5
2022-08-21T23:30:00Z,394.48,708.0
2022-08-22T00:00:00Z,391.43,595.65
2022-08-22T00:30:00Z,378.18,578.2
2022-08-22T01:00:00Z,361.74,634.55
2022-08-22T01:30:00Z,352.22,641.35
2022-08-22T02:00:00Z,356.55,597.35
2022-08-22T02:30:00Z,347.96,655.4
2022-08-22T03:00:00Z,395.62,602.35
2022-08-22T03:30:00Z,385.73,858.0
2022-08-22T04:00:00Z,418.64,699.7
2022-08-22T04:30:00Z,405.6499999999999,757.35
2022-08-22T05:00:00Z,431.97999999999996,821.15
2022-08-22T05:30:00Z,430.7799999999999,1233.15
2022-08-22T06:00:00Z,398.37,1239.2
2022-08-22T06:30:00Z,458.64000000000004,1523.5
2022-08-22T07:00:00Z,410.55,1250.4
2022-08-22T07:30:00Z,422.71,1491.75
2022-08-22T08:00:00Z,396.95,1413.4
2022-08-22T08:30:00Z,385.6700000000001,1479.3
2022-08-22T09:00:00Z,363.45000000000005,1580.85
2022-08-22T09:30:00Z,350.19,1684.95
2022-08-22T10:00:00Z,347.16,1626.95
2022-08-22T10:30:00Z,348.13,1592.0
2022-08-22T11:00:00Z,379.93,1799.25
2022-08-22T11:30:00Z,353.86,1735.7
2022-08-22T12:00:00Z,362.93,1832.4
2022-08-22T12:30:00Z,364.57,1630.45
2022-08-22T13:00:00Z,367.71,1996.05
2022-08-22T13:30:00Z,357.09,1872.5
2022-08-22T14:00:00Z,401.29999999999995,1307.4
2022-08-22T14:30:00Z,403.69,1576.8
2022-08-22T15:00:00Z,424.31,1740.65
2022-08-22T15:30:00Z,462.32,1727.7
2022-08-22T16:00:00Z,439.30000000000007,1290.95
2022-08-22T16:30:00Z,452.6,1598.2
2022-08-22T17:00:00Z,510.55,1803.45
2022-08-22T17:30:00Z,467.74,1954.35
2022-08-22T18:00:00Z,428.55,1701.4
2022-08-22T18:30:00Z,449.99,1622.2
2022-08-22T19:00:00Z,457.6700000000001,1783.55
2022-08-22T19:30:00Z,453.66,1656.95
2022-08-22T20:00:00Z,452.31999999999994,1257.25
2022-08-22T20:30:00Z,394.24,1470.35
2022-08-22T21:00:00Z,419.2,1480.5
2022-08-22T21:30:00Z,357.7,1169.2
2022-08-22T22:00:00Z,446.66,376.75
2022-08-22T22:30:00Z,355.34,551.85
2022-08-22T23:00:00Z,341.55,616.6
2022-08-22T23:30:00Z,330.14,547.45
2022-08-23T00:00:00Z,326.36,564.5
2022-08-23T00:30:00Z,330.41,610.6
2022-08-23T01:00:00Z,321.67,565.05
2022-08-23T01:30:00Z,346.7,705.0
2022-08-23T02:00:00Z,406.15,548.75
2022-08-23T02:30:00Z,414.01,448.5
2022-08-23T03:00:00Z,434.95,404.3
2022-08-23T03:30:00Z,433.70000000000005,474.4
2022-08-23T04:00:00Z,469.85,679.85
2022-08-23T04:30:00Z,482.46000000000004,742.0
2022-08-23T05:00:00Z,530.86,538.25
2022-08-23T05:30:00Z,576.64,887.7
2022-08-23T06:00:00Z,582.5,1113.55
2022-08-23T06:30:00Z,623.75,1546.3
2022-08-23T07:00:00Z,560.83,970.5
2022-08-23T07:30:00Z,579.87,1313.5
2022-08-23T08:00:00Z,555.05,1183.25
2022-08-23T08:30:00Z,529.44,1163.1
2022-08-23T09:00:00Z,547.07,1100.45
2022-08-23T09:30:00Z,544.1,1227.25
2022-08-23T10:00:00Z,517.61,1068.9
2022-08-23T10:30:00Z,521.39,1284.65
2022-08-23T11:00:00Z,530.14,1186.05
2022-08-23T11:30:00Z,521.03,1334.8
2022-08-23T12:00:00Z,508.11,1287.3
2022-08-23T12:30:00Z,506.59999999999997,1409.75
2022-08-23T13:00:00Z,514.67,1459.5
2022-08-23T13:30:00Z,495.84000000000003,1514.75
2022-08-23T14:00:00Z,492.63000000000005,1079.15
2022-08-23T14:30:00Z,502.1,1027.8
2022-08-23T15:00:00Z,541.35,1095.45
2022-08-23T15:30:00Z,587.85,809.55
2022-08-23T16:00:00Z,585.04,926.75
2022-08-23T16:30:00Z,605.0,1048.2
2022-08-23T17:00:00Z,627.93,1158.15
2022-08-23T17:30:00Z,628.78,1327.05
2022-08-23T18:00:00Z,659.69,883.4
2022-08-23T18:30:00Z,645.85,987.7
2022-08-23T19:00:00Z,575.57,944.35
2022-08-23T19:30:00Z,560.47,910.45
2022-08-23T20:00:00Z,584.3,1025.1
2022-08-23T20:30:00Z,558.63,1028.2
2022-08-23T21:00:00Z,541.05,1132.7
2022-08-23T21:30:00Z,427.88,1131.1
2022-08-23T22:00:00Z,473.24,912.65
2022-08-23T22:30:00Z,419.76,931.45
2022-08-23T23:00:00Z,423.89,795.35
2022-08-23T23:30:00Z,428.82,720.5
2022-08-24T00:00:00Z,499.45,717.95
2022-08-24T00:30:00Z,503.40999999999997,727.35
2022-08-24T01:00:00Z,475.1,948.35
2022-08-24T01:30:00Z,430.37,826.9
2022-08-24T02:00:00Z,440.85,925.0
2022-08-24T02:30:00Z,415.71,863.5
2022-08-24T03:00:00Z,408.97,798.85
2022-08-24T03:30:00Z,391.62,846.9
2022-08-24T04:00:00Z,394.39,978.7
2022-08-24T04:30:00Z,365.16,776.35
2022-08-24T05:00:00Z,353.53,1273.8
2022-08-24T05:30:00Z,404.77,1140.8
2022-08-24T06:00:00Z,409.02,1195.55
2022-08-24T06:30:00Z,479.3,1392.6
2022-08-24T07:00:00Z,422.65,1372.4
2022-08-24T07:30:00Z,452.3,1578.7
2022-08-24T08:00:00Z,415.92,1643.25
2022-08-24T08:30:00Z,418.12,1672.15
2022-08-24T09:00:00Z,431.68000000000006,1973.15
2022-08-24T09:30:00Z,431.38,1873.75
2022-08-24T10:00:00Z,381.0,1211.45
2022-08-24T10:30:00Z,379.5,1214.75
2022-08-24T11:00:00Z,443.84999999999997,1328.7
2022-08-24T11:30:00Z,419.56,1117.6
2022-08-24T12:00:00Z,426.26,994.35
2022-08-24T12:30:00Z,436.25,1053.7
2022-08-24T13:00:00Z,464.47,1235.25
2022-08-24T13:30:00Z,434.77,1024.1
2022-08-24T14:00:00Z,476.89,1033.4
2022-08-24T14:30:00Z,481.59,1084.05
2022-08-24T15:00:00Z,476.96,901.75
2022-08-24T15:30:00Z,513.87,1090.6
2022-08-24T16:00:00Z,528.86,1045.95
2022-08-24T16:30:00Z,551.03,1159.45
2022-08-24T17:00:00Z,598.59,1287.25
2022-08-24T17:30:00Z,617.18,1186.65
2022-08-24T18:00:00Z,639.3,786.8
2022-08-24T18:30:00Z,617.58,941.8
2022-08-24T19:00:00Z,589.43,950.65
2022-08-24T19:30:00Z,621.41,841.85
2022-08-24T20:00:00Z,668.55,1045.6
2022-08-24T20:30:00Z,592.84,1050.95
2022-08-24T21:00:00Z,693.17,1078.15
2022-08-24T21:30:00Z,581.81,1059.55
2022-08-24T22:00:00Z,524.78,974.6
2022-08-24T22:30:00Z,484.39,1004.5
2022-08-24T23:00:00Z,473.85,789.55
2022-08-24T23:30:00Z,435.22999999999996,808.85
2022-08-25T00:00:00Z,415.39,650.6
2022-08-25T00:30:00Z,408.53999999999996,689.35
2022-08-25T01:00:00Z,407.83,880.95
2022-08-25T01:30:00Z,392.2,731.55
2022-08-25T02:00:00Z,354.74,611.4
2022-08-25T02:30:00Z,351.33,870.7
2022-08-25T03:00:00Z,369.96,800.75
2022-08-25T03:30:00Z,373.81,677.15
2022-08-25T04:00:00Z,447.35,681.45
2022-08-25T04:30:00Z,511.21,847.55
2022-08-25T05:00:00Z,489.75,617.05
2022-08-25T05:30:00Z,587.23,835.35
2022-08-25T06:00:00Z,519.86,946.25
2022-08-25T06:30:00Z,619.4,903.95
2022-08-25T07:00:00Z,603.47,830.85
2022-08-25T07:30:00Z,640.23,973.2
2022-08-25T08:00:00Z,630.22,1145.7
2022-08-25T08:30:00Z,560.51,1448.55
2022-08-25T09:00:00Z,569.66,1425.5
2022-08-25T09:30:00Z,567.26,1756.15
2022-08-25T10:00:00Z,582.21,1482.2
2022-08-25T10:30:00Z,574.0,1390.35
2022-08-25T11:00:00Z,590.38,1617.7
2022-08-25T11:30:00Z,573.77,1521.3
2022-08-25T12:00:00Z,617.79,1317.1
2022-08-25T12:30:00Z,614.87,1467.6
2022-08-25T13:00:00Z,628.92,1300.6
2022-08-25T13:30:00Z,616.4,1402.05
2022-08-25T14:00:00Z,526.43,888.15
2022-08-25T14:30:00Z,492.99,790.3
2022-08-25T15:00:00Z,543.89,985.05
2022-08-25T15:30:00Z,566.47,1091.2
2022-08-25T16:00:00Z,576.08,1239.3
2022-08-25T16:30:00Z,552.38,1307.0
2022-08-25T17:00:00Z,544.67,1375.4
2022-08-25T17:30:00Z,570.42,1262.85
2022-08-25T18:00:00Z,497.5,1304.2
2022-08-25T18:30:00Z,511.99000000000007,1518.5
2022-08-25T19:00:00Z,538.19,1607.6
2022-08-25T19:30:00Z,535.82,1653.75
2022-08-25T20:00:00Z,533.54,1564.7
2022-08-25T20:30:00Z,445.8,1399.05
2022-08-25T21:00:00Z,441.41,1350.65
2022-08-25T21:30:00Z,390.96,1474.9
2022-08-25T22:00:00Z,475.81,678.35
2022-08-25T22:30:00Z,443.87,505.95
2022-08-25T23:00:00Z,461.2,439.1
2022-08-25T23:30:00Z,415.74,552.45
2022-08-26T00:00:00Z,488.97,489.75
2022-08-26T00:30:00Z,493.32,571.5
2022-08-26T01:00:00Z,501.0299999999999,529.75
2022-08-26T01:30:00Z,498.09999999999997,602.15
2022-08-26T02:00:00Z,506.38,480.0
2022-08-26T02:30:00Z,506.6,616.55
2022-08-26T03:00:00Z,516.5,632.7
2022-08-26T03:30:00Z,505.31000000000006,751.45
2022-08-26T04:00:00Z,550.04,409.1
2022-08-26T04:30:00Z,591.09,753.9
2022-08-26T05:00:00Z,619.74,751.95
2022-08-26T05:30:00Z,645.35,712.35
2022-08-26T06:00:00Z,633.91,813.5
2022-08-26T06:30:00Z,704.82,796.6
2022-08-26T07:00:00Z,625.0,1066.05
2022-08-26T07:30:00Z,680.6599999999999,867.15
2022-08-26T08:00:00Z,665.76,1332.65
2022-08-26T08:30:00Z,626.58,1407.85
2022-08-26T09:00:00Z,606.73,1576.3
2022-08-26T09:30:00Z,601.29,1675.2
2022-08-26T10:00:00Z,610.53,1194.6
2022-08-26T10:30:00Z,594.82,1406.1
2022-08-26T11:00:00Z,557.49,1355.5
2022-08-26T11:30:00Z,555.52,1483.0
2022-08-26T12:00:00Z,608.98,1215.7
2022-08-26T12:30:00Z,596.19,1086.75
2022-08-26T13:00:00Z,601.86,1100.15
2022-08-26T13:30:00Z,587.8,1158.8
2022-08-26T14:00:00Z,606.91,1205.5
2022-08-26T14:30:00Z,622.79,1130.1
2022-08-26T15:00:00Z,644.92,1182.25
2022-08-26T15:30:00Z,680.93,1185.4
2022-08-26T16:00:00Z,648.11,1254.7
2022-08-26T16:30:00Z,658.58,1456.2
2022-08-26T17:00:00Z,646.64,1400.75
2022-08-26T17:30:00Z,627.37,1462.9
2022-08-26T18:00:00Z,650.73,1058.55
2022-08-26T18:30:00Z,614.43,1139.25
2022-08-26T19:00:00Z,637.99,1051.6
2022-08-26T19:30:00Z,642.16,1032.15
2022-08-26T20:00:00Z,684.25,866.35
2022-08-26T20:30:00Z,584.81,844.05
2022-08-26T21:00:00Z,610.79,630.75
2022-08-26T21:30:00Z,562.23,923.0
2022-08-26T22:00:00Z,617.82,590.1
2022-08-26T22:30:00Z,595.3,399.3
2022-08-26T23:00:00Z,591.09,605.65
2022-08-26T23:30:00Z,558.64,779.3
2022-08-27T00:00:00Z,548.67,570.45
2022-08-27T00:30:00Z,540.37,507.7
2022-08-27T01:00:00Z,534.8,433.5
2022-08-27T01:30:00Z,525.93,381.35
2022-08-27T02:00:00Z,472.78,432.15
2022-08-27T02:30:00Z,464.7699999999999,345.95
2022-08-27T03:00:00Z,468.50999999999993,304.3
2022-08-27T03:30:00Z,472.48,276.5
2022-08-27T04:00:00Z,479.05999999999995,227.75
2022-08-27T04:30:00Z,479.82,381.1
2022-08-27T05:00:00Z,515.59,545.1
2022-08-27T05:30:00Z,547.3,483.65
2022-08-27T06:00:00Z,577.53,774.0
2022-08-27T06:30:00Z,643.69,938.95
2022-08-27T07:00:00Z,566.87,1068.05
2022-08-27T07:30:00Z,589.86,1033.8
2022-08-27T08:00:00Z,574.67,1214.05
2022-08-27T08:30:00Z,546.46,1105.65
2022-08-27T09:00:00Z,519.33,1054.5
2022-08-27T09:30:00Z,516.0,977.25
2022-08-27T10:00:00Z,440.7,924.2
2022-08-27T10:30:00Z,428.17,996.45
2022-08-27T11:00:00Z,430.24,993.7
2022-08-27T11:30:00Z,456.62,1069.1
2022-08-27T12:00:00Z,436.06,738.6
2022-08-27T12:30:00Z,412.37,1033.55
2022-08-27T13:00:00Z,411.46999999999997,856.1
2022-08-27T13:30:00Z,406.08,870.15
2022-08-27T14:00:00Z,425.9,1118.1
2022-08-27T14:30:00Z,429.31,968.1
2022-08-27T15:00:00Z,449.85,1006.75
2022-08-27T15:30:00Z,513.84,1076.6
2022-08-27T16:00:00Z,560.7499999999999,997.65
2022-08-27T16:30:00Z,625.01,1076.9
2022-08-27T17:00:00Z,582.59,867.5
2022-08-27T17:30:00Z,601.25,1097.15
2022-08-27T18:00:00Z,538.52,806.35
2022-08-27T18:30:00Z,533.46,813.45
2022-08-27T19:00:00Z,466.69,766.85
2022-08-27T19:30:00Z,482.76000000000005,676.35
2022-08-27T20:00:00Z,563.98,866.9
2022-08-27T20:30:00Z,442.8,792.75
2022-08-27T21:00:00Z,461.6,700.15
2022-08-27T21:30:00Z,398.6,735.05
2022-08-27T22:00:00Z,494.56,483.5
2022-08-27T22:30:00Z,404.7,496.6
2022-08-27T23:00:00Z,358.73,461.95
2022-08-27T23:30:00Z,370.08,555.9
2022-08-28T00:00:00Z,401.79,529.6
2022-08-28T00:30:00Z,408.03,635.35
2022-08-28T01:00:00Z,361.33,947.7
2022-08-28T01:30:00Z,377.62,1162.75
2022-08-28T02:00:00Z,369.64,997.9
2022-08-28T02:30:00Z,371.22,1008.85
2022-08-28T03:00:00Z,372.43999999999994,829.65
2022-08-28T03:30:00Z,372.10999999999996,821.3
2022-08-28T04:00:00Z,369.02,563.0
2022-08-28T04:30:00Z,367.65,638.7
2022-08-28T05:00:00Z,379.62,639.6
2022-08-28T05:30:00Z,389.80000000000007,682.6
2022-08-28T06:00:00Z,365.06,616.75
2022-08-28T06:30:00Z,381.53,888.7
2022-08-28T07:00:00Z,374.18,758.65
2022-08-28T07:30:00Z,377.91,812.05
2022-08-28T08:00:00Z,338.63,806.35
2022-08-28T08:30:00Z,343.6000000000001,857.65
2022-08-28T09:00:00Z,350.7200000000001,964.05
2022-08-28T09:30:00Z,348.74,1057.3
2022-08-28T10:00:00Z,367.23,780.55
2022-08-28T10:30:00Z,371.08,806.15
2022-08-28T11:00:00Z,365.71999999999997,897.35
2022-08-28T11:30:00Z,357.32,933.9
2022-08-28T12:00:00Z,349.55,910.25
2022-08-28T12:30:00Z,351.26,909.7
2022-08-28T13:00:00Z,356.65,945.1
2022-08-28T13:30:00Z,353.84,909.4
2022-08-28T14:00:00Z,391.09,962.5
2022-08-28T14:30:00Z,403.89,980.5
2022-08-28T15:00:00Z,450.58,1217.3
2022-08-28T15:30:00Z,512.97,1406.2
2022-08-28T16:00:00Z,558.11,960.75
2022-08-28T16:30:00Z,552.39,990.95
2022-08-28T17:00:00Z,573.46,932.2
2022-08-28T17:30:00Z,568.7,991.65
2022-08-28T18:00:00Z,561.34,1206.4
2022-08-28T18:30:00Z,531.15,1164.4
2022-08-28T19:00:00Z,540.18,1342.0
2022-08-28T19:30:00Z,542.25,1510.85
2022-08-28T20:00:00Z,590.18,1375.2
2022-08-28T20:30:00Z,519.77,1116.85
2022-08-28T21:00:00Z,462.29,954.4
2022-08-28T21:30:00Z,442.41,947.15
2022-08-28T22:00:00Z,399.83,878.2
2022-08-28T22:30:00Z,400.75999999999993,895.15
2022-08-28T23:00:00Z,380.76,1116.9
2022-08-28T23:30:00Z,376.31,1028.25
2022-08-29T00:00:00Z,368.02,956.7
2022-08-29T00:30:00Z,366.67,1043.75
2022-08-29T01:00:00Z,363.26,1056.75
2022-08-29T01:30:00Z,344.66,1216.85
2022-08-29T02:00:00Z,392.85,941.95
2022-08-29T02:30:00Z,387.02,1111.85
2022-08-29T03:00:00Z,399.2,1147.25
2022-08-29T03:30:00Z,387.58,1025.0
2022-08-29T04:00:00Z,404.43,759.85
2022-08-29T04:30:00Z,408.14,812.95
2022-08-29T05:00:00Z,417.68,795.7
2022-08-29T05:30:00Z,403.38,817.45
2022-08-29T06:00:00Z,407.26000000000005,848.55
2022-08-29T06:30:00Z,501.4700000000001,1213.2
2022-08-29T07:00:00Z,533.54,1008.05
2022-08-29T07:30:00Z,579.7,1044.8
2022-08-29T08:00:00Z,485.25,1005.8
2022-08-29T08:30:00Z,483.73,1159.6
2022-08-29T09:00:00Z,462.54,954.75
2022-08-29T09:30:00Z,439.32,1042.1
2022-08-29T10:00:00Z,387.45,850.4
2022-08-29T10:30:00Z,391.91,923.55
2022-08-29T11:00:00Z,427.97,1305.1
2022-08-29T11:30:00Z,391.92,1039.85
2022-08-29T12:00:00Z,385.2,1667.8
2022-08-29T12:30:00Z,393.82,1822.25
2022-08-29T13:00:00Z,387.21,2081.8
2022-08-29T13:30:00Z,381.03,1840.95
2022-08-29T14:00:00Z,409.93,1273.3
2022-08-29T14:30:00Z,399.42,1366.15
2022-08-29T15:00:00Z,454.76,1674.7
2022-08-29T15:30:00Z,514.06,1559.1
2022-08-29T16:00:00Z,556.07,1220.25
2022-08-29T16:30:00Z,581.3,1259.85
2022-08-29T17:00:00Z,578.0,1136.0
2022-08-29T17:30:00Z,580.67,1333.25
2022-08-29T18:00:00Z,591.77,1212.75
2022-08-29T18:30:00Z,567.61,1438.25
2022-08-29T19:00:00Z,554.99,1168.55
2022-08-29T19:30:00Z,537.52,1310.55
2022-08-29T20:00:00Z,532.99,1337.8
2022-08-29T20:30:00Z,479.74,1398.85
2022-08-29T21:00:00Z,458.46,1122.85
2022-08-29T21:30:00Z,410.42,1274.65
2022-08-29T22:00:00Z,336.06,394.25
2022-08-29T22:30:00Z,325.02,334.55
2022-08-29T23:00:00Z,316.85,459.0
2022-08-29T23:30:00Z,307.8,424.2
2022-08-30T00:00:00Z,329.32,860.8
2022-08-30T00:30:00Z,326.68,777.15
2022-08-30T01:00:00Z,306.84,719.2
2022-08-30T01:30:00Z,305.11,673.3
2022-08-30T02:00:00Z,306.11,908.65
2022-08-30T02:30:00Z,316.14,852.75
2022-08-30T03:00:00Z,329.87,918.75
2022-08-30T03:30:00Z,327.9,1028.9
2022-08-30T04:00:00Z,330.01,803.95
2022-08-30T04:30:00Z,297.7,590.65
2022-08-30T05:00:00Z,321.61,724.9
2022-08-30T05:30:00Z,393.62000000000006,725.8
2022-08-30T06:00:00Z,361.69,897.65
2022-08-30T06:30:00Z,411.31,934.85
2022-08-30T07:00:00Z,412.11,1035.4
2022-08-30T07:30:00Z,430.85,1030.4
2022-08-30T08:00:00Z,363.45,983.9
2022-08-30T08:30:00Z,353.71999999999997,866.75
2022-08-30T09:00:00Z,325.88,1479.7
2022-08-30T09:30:00Z,332.63,1758.85
2022-08-30T10:00:00Z,321.87,1548.3
2022-08-30T10:30:00Z,324.27,1601.15
2022-08-30T11:00:00Z,332.72,1604.0
2022-08-30T11:30:00Z,336.14000000000004,1600.25
2022-08-30T12:00:00Z,361.0,1719.75
2022-08-30T12:30:00Z,364.04,1837.05
2022-08-30T13:00:00Z,355.16,1841.3
2022-08-30T13:30:00Z,350.53,1819.3
2022-08-30T14:00:00Z,380.09000000000003,1400.3
2022-08-30T14:30:00Z,402.58,1469.65
2022-08-30T15:00:00Z,437.55,1308.9
2022-08-30T15:30:00Z,437.2900000000001,1427.25
2022-08-30T16:00:00Z,450.58,1378.95
2022-08-30T16:30:00Z,476.99,1650.85
2022-08-30T17:00:00Z,471.14,1477.6
2022-08-30T17:30:00Z,475.04,1774.05
2022-08-30T18:00:00Z,446.26000000000005,1382.65
2022-08-30T18:30:00Z,421.87000000000006,1397.55
2022-08-30T19:00:00Z,428.08,1777.2
2022-08-30T19:30:00Z,415.13,1890.6
2022-08-30T20:00:00Z,412.78,1012.15
2022-08-30T20:30:00Z,365.24,960.25
2022-08-30T21:00:00Z,346.13,941.05
2022-08-30T21:30:00Z,319.11,991.6
2022-08-30T22:00:00Z,342.99,738.2
2022-08-30T22:30:00Z,332.01,591.25
2022-08-30T23:00:00Z,283.49,506.3
2022-08-30T23:30:00Z,255.39999999999998,645.9
2022-08-31T00:00:00Z,232.40999999999997,593.25
2022-08-31T00:30:00Z,234.56,474.75
2022-08-31T01:00:00Z,232.96999999999997,565.0
2022-08-31T01:30:00Z,232.70000000000002,409.9
2022-08-31T02:00:00Z,200.69,318.05
2022-08-31T02:30:00Z,197.67,303.55
2022-08-31T03:00:00Z,189.62,201.7
2022-08-31T03:30:00Z,179.09,291.8
2022-08-31T04:00:00Z,218.92,337.95
2022-08-31T04:30:00Z,231.05999999999997,334.45
2022-08-31T05:00:00Z,232.59,498.15
2022-08-31T05:30:00Z,274.01,542.15
2022-08-31T06:00:00Z,397.42,1004.65
2022-08-31T06:30:00Z,441.36,1023.75
2022-08-31T07:00:00Z,407.84,995.5
2022-08-31T07:30:00Z,422.92,1077.55
2022-08-31T08:00:00Z,359.14,972.05
2022-08-31T08:30:00Z,353.04,967.05
2022-08-31T09:00:00Z,339.0,914.0
2022-08-31T09:30:00Z,330.64,1004.5
2022-08-31T10:00:00Z,275.73,1243.55
2022-08-31T10:30:00Z,278.87,1721.7
2022-08-31T11:00:00Z,278.92,1760.15
2022-08-31T11:30:00Z,281.14,1862.35
2022-08-31T12:00:00Z,274.47,1695.3
2022-08-31T12:30:00Z,280.09,1939.65
2022-08-31T13:00:00Z,274.15,2029.3
2022-08-31T13:30:00Z,259.34,2404.25
2022-08-31T14:00:00Z,294.64,1754.1
2022-08-31T14:30:00Z,300.04,1481.15
2022-08-31T15:00:00Z,343.45,1895.8
2022-08-31T15:30:00Z,412.11,1888.9
2022-08-31T16:00:00Z,425.88,1686.2
2022-08-31T16:30:00Z,452.6,1710.65
2022-08-31T17:00:00Z,425.14,1657.9
2022-08-31T17:30:00Z,401.2,1913.7
2022-08-31T18:00:00Z,421.25,1712.25
2022-08-31T18:30:00Z,407.62000000000006,1656.75
2022-08-31T19:00:00Z,416.4200000000001,1654.95
2022-08-31T19:30:00Z,394.6,1778.3
2022-08-31T20:00:00Z,373.06,1696.9
2022-08-31T20:30:00Z,308.95,1311.35
2022-08-31T21:00:00Z,277.57,1222.45
2022-08-31T21:30:00Z,269.51,1403.95
2022-08-31T22:00:00Z,151.32,778.45
2022-08-31T22:30:00Z,186.13,697.25
2022-08-31T23:00:00Z,228.03,703.3
2022-08-31T23:30:00Z,251.59999999999997,714.4
2022-09-01T00:00:00Z,205.06,479.4
2022-09-01T00:30:00Z,164.13,421.9
2022-09-01T01:00:00Z,144.43,382.7
2022-09-01T01:30:00Z,148.83,544.3
2022-09-01T02:00:00Z,173.52,658.35
2022-09-01T02:30:00Z,182.94,573.95
2022-09-01T03:00:00Z,173.82,682.0
2022-09-01T03:30:00Z,188.14,643.9
2022-09-01T04:00:00Z,170.78000000000003,779.8
2022-09-01T04:30:00Z,209.28,835.05
2022-09-01T05:00:00Z,235.69,542.2
2022-09-01T05:30:00Z,259.87,880.65
2022-09-01T06:00:00Z,414.4,1060.4
2022-09-01T06:30:00Z,520.27,1142.85
2022-09-01T07:00:00Z,416.04,1131.0
2022-09-01T07:30:00Z,438.6,1192.55
2022-09-01T08:00:00Z,449.78,1768.9
2022-09-01T08:30:00Z,429.39,1448.15
2022-09-01T09:00:00Z,406.07,1740.55
2022-09-01T09:30:00Z,417.32000000000005,1791.7
2022-09-01T10:00:00Z,409.04,1260.15
2022-09-01T10:30:00Z,405.59999999999997,1443.85
2022-09-01T11:00:00Z,376.6,1702.2
2022-09-01T11:30:00Z,371.73,1938.4
2022-09-01T12:00:00Z,369.82,1629.45
2022-09-01T12:30:00Z,368.52,1617.3
2022-09-01T13:00:00Z,392.0,1576.5
2022-09-01T13:30:00Z,374.23,1648.9
2022-09-01T14:00:00Z,407.32,1431.7
2022-09-01T14:30:00Z,412.65,1464.2
2022-09-01T15:00:00Z,436.22,1349.4
2022-09-01T15:30:00Z,442.84000000000003,1274.65
2022-09-01T16:00:00Z,475.97,1543.75
2022-09-01T16:30:00Z,515.59,1662.7
2022-09-01T17:00:00Z,518.54,1603.15
2022-09-01T17:30:00Z,527.03,1714.2
2022-09-01T18:00:00Z,515.93,1158.55
2022-09-01T18:30:00Z,512.74,1188.9
2022-09-01T19:00:00Z,500.96,1438.65
2022-09-01T19:30:00Z,466.45000000000005,1257.9
2022-09-01T20:00:00Z,468.73,1122.8
2022-09-01T20:30:00Z,403.12,996.35
2022-09-01T21:00:00Z,429.43,1111.65
2022-09-01T21:30:00Z,379.62,995.9
2022-09-01T22:00:00Z,389.36,500.55
2022-09-01T22:30:00Z,420.78999999999996,341.25
2022-09-01T23:00:00Z,402.07,406.35
2022-09-01T23:30:00Z,392.83,443.6
2022-09-02T00:00:00Z,366.19000000000005,717.35
2022-09-02T00:30:00Z,372.46,836.7
2022-09-02T01:00:00Z,353.76000000000005,868.9
2022-09-02T01:30:00Z,344.37,822.55
2022-09-02T02:00:00Z,382.63,410.7
2022-09-02T02:30:00Z,363.95,453.35
2022-09-02T03:00:00Z,399.85,487.6
2022-09-02T03:30:00Z,390.94,501.15
2022-09-02T04:00:00Z,418.35,543.8
2022-09-02T04:30:00Z,413.16999999999996,762.15
2022-09-02T05:00:00Z,438.99,933.8
2022-09-02T05:30:00Z,459.34,1058.45
2022-09-02T06:00:00Z,393.38,856.1
2022-09-02T06:30:00Z,489.06,904.5
2022-09-02T07:00:00Z,450.42,1090.5
2022-09-02T07:30:00Z,461.03,1135.0
2022-09-02T08:00:00Z,463.63,966.25
2022-09-02T08:30:00Z,467.99,1234.5
2022-09-02T09:00:00Z,434.49,1471.45
2022-09-02T09:30:00Z,398.63,1347.15
2022-09-02T10:00:00Z,359.53,1283.0
2022-09-02T10:30:00Z,341.33,1324.65
2022-09-02T11:00:00Z,351.42,1516.55
2022-09-02T11:30:00Z,321.76,1059.75
2022-09-02T12:00:00Z,298.28,1300.35
2022-09-02T12:30:00Z,288.63,1375.85
2022-09-02T13:00:00Z,262.33,1343.2
2022-09-02T13:30:00Z,247.3,1335.65
2022-09-02T14:00:00Z,293.27,1447.2
2022-09-02T14:30:00Z,310.29,1311.1
2022-09-02T15:00:00Z,364.82,1460.9
2022-09-02T15:30:00Z,363.14,1842.95
2022-09-02T16:00:00Z,413.18,1543.0
2022-09-02T16:30:00Z,413.67999999999995,1502.5
2022-09-02T17:00:00Z,416.05,1415.75
2022-09-02T17:30:00Z,410.72,1508.6
2022-09-02T18:00:00Z,344.35,1488.85
2022-09-02T18:30:00Z,340.22,1734.9
2022-09-02T19:00:00Z,330.94,1715.0
2022-09-02T19:30:00Z,308.03,1694.3
2022-09-02T20:00:00Z,232.19,2369.7
2022-09-02T20:30:00Z,212.63,2011.6
2022-09-02T21:00:00Z,202.64,1858.7
2022-09-02T21:30:00Z,210.69,2424.1
2022-09-02T22:00:00Z,184.99,868.5
2022-09-02T22:30:00Z,195.52999999999997,804.75
2022-09-02T23:00:00Z,204.65,675.0
2022-09-02T23:30:00Z,216.72,825.25
2022-09-03T00:00:00Z,227.02,971.9
2022-09-03T00:30:00Z,230.56,1093.45
2022-09-03T01:00:00Z,225.74,1024.55
2022-09-03T01:30:00Z,214.86,1027.45
2022-09-03T02:00:00Z,212.6,962.65
2022-09-03T02:30:00Z,232.03,955.6
2022-09-03T03:00:00Z,234.14,895.15
2022-09-03T03:30:00Z,218.91,964.05
2022-09-03T04:00:00Z,216.63,886.75
2022-09-03T04:30:00Z,225.83,985.05
2022-09-03T05:00:00Z,238.82,1092.75
2022-09-03T05:30:00Z,246.45,1062.4
2022-09-03T06:00:00Z,268.85,1244.5
2022-09-03T06:30:00Z,307.33,1166.1
2022-09-03T07:00:00Z,291.83,1023.25
2022-09-03T07:30:00Z,311.17,1070.9
2022-09-03T08:00:00Z,301.1,1326.2
2022-09-03T08:30:00Z,291.72,1347.0
2022-09-03T09:00:00Z,280.27,1384.3
2022-09-03T09:30:00Z,275.08,1414.5
2022-09-03T10:00:00Z,252.17999999999998,1091.25
2022-09-03T10:30:00Z,254.07,975.05
2022-09-03T11:00:00Z,252.39,954.85
2022-09-03T11:30:00Z,238.9,887.7
2022-09-03T12:00:00Z,225.78,953.9
2022-09-03T12:30:00Z,221.47,923.85
2022-09-03T13:00:00Z,242.28000000000003,1132.9
2022-09-03T13:30:00Z,224.21,1174.75
2022-09-03T14:00:00Z,218.29,903.2
2022-09-03T14:30:00Z,194.06,1362.35
2022-09-03T15:00:00Z,231.55,1009.95
2022-09-03T15:30:00Z,211.28,940.05
2022-09-03T16:00:00Z,222.63,482.05
2022-09-03T16:30:00Z,229.59999999999997,584.05
2022-09-03T17:00:00Z,209.72,942.4
2022-09-03T17:30:00Z,218.61,1470.95
2022-09-03T18:00:00Z,214.87,1527.75
2022-09-03T18:30:00Z,222.37,1639.45
2022-09-03T19:00:00Z,220.43000000000004,1565.1
2022-09-03T19:30:00Z,225.54,1741.25
2022-09-03T20:00:00Z,239.71,1846.2
2022-09-03T20:30:00Z,236.58000000000004,1746.3
2022-09-03T21:00:00Z,239.43,1691.05
2022-09-03T21:30:00Z,238.95,1893.05
2022-09-03T22:00:00Z,287.26,623.1
2022-09-03T22:30:00Z,269.59,419.5
2022-09-03T23:00:00Z,268.51,650.85
2022-09-03T23:30:00Z,286.49,622.9
2022-09-04T00:00:00Z,203.86,791.8
2022-09-04T00:30:00Z,225.71,1048.6
2022-09-04T01:00:00Z,233.69999999999996,1145.45
2022-09-04T01:30:00Z,235.79000000000002,1138.35
2022-09-04T02:00:00Z,259.39,1711.85
2022-09-04T02:30:00Z,251.75,1804.85
2022-09-04T03:00:00Z,237.53,1618.4
2022-09-04T03:30:00Z,231.19000000000003,1679.35
2022-09-04T04:00:00Z,226.90999999999997,1318.6
2022-09-04T04:30:00Z,222.90999999999997,1351.05
2022-09-04T05:00:00Z,234.17000000000002,1379.35
2022-09-04T05:30:00Z,224.10999999999999,1453.2
2022-09-04T06:00:00Z,222.93,1690.6
2022-09-04T06:30:00Z,225.45999999999998,1512.8
2022-09-04T07:00:00Z,214.29,1677.85
2022-09-04T07:30:00Z,233.42,1781.05
2022-09-04T08:00:00Z,201.24,1974.1
2022-09-04T08:30:00Z,223.29,1831.95
2022-09-04T09:00:00Z,229.14,1631.45
2022-09-04T09:30:00Z,233.28,1514.45
2022-09-04T10:00:00Z,294.34,1379.25
2022-09-04T10:30:00Z,288.97,1207.6
2022-09-04T11:00:00Z,287.41,1515.85
2022-09-04T11:30:00Z,284.06,1520.25
2022-09-04T12:00:00Z,288.41,1458.5
2022-09-04T12:30:00Z,286.84,1466.55
2022-09-04T13:00:00Z,287.46,1398.7
2022-09-04T13:30:00Z,283.76,1509.2
2022-09-04T14:00:00Z,302.51,1041.35
2022-09-04T14:30:00Z,287.18,1444.2
2022-09-04T15:00:00Z,329.34,1337.05
2022-09-04T15:30:00Z,334.06,937.55
2022-09-04T16:00:00Z,387.55,731.25
2022-09-04T16:30:00Z,390.1,697.4
2022-09-04T17:00:00Z,397.05999999999995,851.3
2022-09-04T17:30:00Z,394.7300000000001,909.2
2022-09-04T18:00:00Z,396.91,1017.1
2022-09-04T18:30:00Z,376.96,1170.45
2022-09-04T19:00:00Z,354.43,1206.25
2022-09-04T19:30:00Z,319.24,1215.35
2022-09-04T20:00:00Z,254.98000000000002,949.75
2022-09-04T20:30:00Z,266.61,1512.05
2022-09-04T21:00:00Z,259.98,1178.75
2022-09-04T21:30:00Z,235.53,1472.45
2022-09-04T22:00:00Z,217.53,1022.25
2022-09-04T22:30:00Z,236.11,909.9
2022-09-04T23:00:00Z,233.22,826.9
2022-09-04T23:30:00Z,233.61,1006.45
2022-09-05T00:00:00Z,222.86999999999998,856.9
2022-09-05T00:30:00Z,196.4,938.7
2022-09-05T01:00:00Z,199.81,780.95
2022-09-05T01:30:00Z,194.73,1097.8
2022-09-05T02:00:00Z,185.99,979.5
2022-09-05T02:30:00Z,184.11,1127.95
2022-09-05T03:00:00Z,188.79,922.95
2022-09-05T03:30:00Z,198.94,971.05
2022-09-05T04:00:00Z,230.3,896.4
2022-09-05T04:30:00Z,253.25,1096.95
2022-09-05T05:00:00Z,278.94,1652.9
2022-09-05T05:30:00Z,244.22,2047.85
2022-09-05T06:00:00Z,322.18,1343.25
2022-09-05T06:30:00Z,371.86,1559.0
2022-09-05T07:00:00Z,363.46,1133.5
2022-09-05T07:30:00Z,370.56,1207.25
2022-09-05T08:00:00Z,331.43,1480.55
2022-09-05T08:30:00Z,318.81,1583.1
2022-09-05T09:00:00Z,278.56,1504.8
2022-09-05T09:30:00Z,277.09,1815.4
2022-09-05T10:00:00Z,273.05,1862.7
2022-09-05T10:30:00Z,281.09,1590.35
2022-09-05T11:00:00Z,274.3,1509.95
2022-09-05T11:30:00Z,300.73,1638.85
2022-09-05T12:00:00Z,325.13,1790.75
2022-09-05T12:30:00Z,333.09,2032.75
2022-09-05T13:00:00Z,351.68,2139.7
2022-09-05T13:30:00Z,309.45,2232.6
2022-09-05T14:00:00Z,380.08,1579.9
2022-09-05T14:30:00Z,400.12,1475.55
2022-09-05T15:00:00Z,423.68999999999994,1331.85
2022-09-05T15:30:00Z,445.5161967226187,1254.05
2022-09-05T16:00:00Z,464.27,1530.7
2022-09-05T16:30:00Z,460.56,1826.85
2022-09-05T17:00:00Z,418.93000000000006,1492.0
2022-09-05T17:30:00Z,400.06000000000006,1644.05
2022-09-05T18:00:00Z,353.56,1364.85
2022-09-05T18:30:00Z,345.7,1360.2
2022-09-05T19:00:00Z,365.02,1273.75
2022-09-05T19:30:00Z,341.96,1335.55
2022-09-05T20:00:00Z,294.51,1294.95
2022-09-05T20:30:00Z,288.03,1475.5
2022-09-05T21:00:00Z,270.76,1967.35
2022-09-05T21:30:00Z,242.29000000000002,2428.45
2022-09-05T22:00:00Z,231.94,1066.2
2022-09-05T22:30:00Z,214.48,877.15
2022-09-05T23:00:00Z,200.16,920.25
2022-09-05T23:30:00Z,197.69,1010.6
2022-09-06T00:00:00Z,169.2,941.1
2022-09-06T00:30:00Z,172.27,1249.8
2022-09-06T01:00:00Z,219.55,1916.85
2022-09-06T01:30:00Z,227.77,2044.05
2022-09-06T02:00:00Z,208.44,1058.1
2022-09-06T02:30:00Z,228.31,1270.4
2022-09-06T03:00:00Z,252.84,1163.4
2022-09-06T03:30:00Z,253.39,1499.85
2022-09-06T04:00:00Z,280.21,1565.15
2022-09-06T04:30:00Z,268.24,1479.8
2022-09-06T05:00:00Z,286.77,1501.45
2022-09-06T05:30:00Z,274.9,1689.75
2022-09-06T06:00:00Z,259.2,1101.9
2022-09-06T06:30:00Z,391.18,996.5
2022-09-06T07:00:00Z,324.45,1102.2
2022-09-06T07:30:00Z,324.32,1067.1
2022-09-06T08:00:00Z,293.25,1413.75
2022-09-06T08:30:00Z,280.27,1566.0
2022-09-06T09:00:00Z,242.66,1307.35
2022-09-06T09:30:00Z,222.6,1637.6
2022-09-06T10:00:00Z,194.82,1555.85
2022-09-06T10:30:00Z,195.7,1610.55
2022-09-06T11:00:00Z,193.36,1349.75
2022-09-06T11:30:00Z,186.62,1526.1
2022-09-06T12:00:00Z,190.3,1810.9
2022-09-06T12:30:00Z,191.77000000000004,1685.9
2022-09-06T13:00:00Z,190.74,1932.4
2022-09-06T13:30:00Z,190.28,1814.65
2022-09-06T14:00:00Z,202.12,1220.2
2022-09-06T14:30:00Z,201.03,1237.95
2022-09-06T15:00:00Z,235.92,1631.85
2022-09-06T15:30:00Z,276.72,1629.3
2022-09-06T16:00:00Z,348.2,1679.65
2022-09-06T16:30:00Z,323.84,1781.85
2022-09-06T17:00:00Z,366.45,2144.7
2022-09-06T17:30:00Z,366.01,2143.35
2022-09-06T18:00:00Z,304.6,1525.35
2022-09-06T18:30:00Z,290.38,1377.4
2022-09-06T19:00:00Z,311.98,1456.9
2022-09-06T19:30:00Z,314.28,1761.8
2022-09-06T20:00:00Z,301.71,1532.1
2022-09-06T20:30:00Z,285.12,1572.1
2022-09-06T21:00:00Z,270.84,1404.95
2022-09-06T21:30:00Z,255.57,1427.4
2022-09-06T22:00:00Z,166.57,1314.25
2022-09-06T22:30:00Z,178.09,1369.45
2022-09-06T23:00:00Z,189.59,1230.9
2022-09-06T23:30:00Z,204.23,1310.5
2022-09-07T00:00:00Z,239.99,1277.3
2022-09-07T00:30:00Z,232.82,1239.8
2022-09-07T01:00:00Z,216.83,1062.5
2022-09-07T01:30:00Z,200.49,1397.8
2022-09-07T02:00:00Z,193.64,943.9
2022-09-07T02:30:00Z,195.32,960.0
2022-09-07T03:00:00Z,184.48,1018.1
2022-09-07T03:30:00Z,175.65,1017.6
2022-09-07T04:00:00Z,175.98,1027.2
2022-09-07T04:30:00Z,173.1,1114.0
2022-09-07T05:00:00Z,172.94,1426.9
2022-09-07T05:30:00Z,171.15,1166.6
2022-09-07T06:00:00Z,146.34,1130.3
2022-09-07T06:30:00Z,140.99,1388.45
2022-09-07T07:00:00Z,188.37,1291.85
2022-09-07T07:30:00Z,212.93,1522.85
2022-09-07T08:00:00Z,175.69,1315.05
2022-09-07T08:30:00Z,170.79,1602.95
2022-09-07T09:00:00Z,176.18,1678.8
2022-09-07T09:30:00Z,160.36,1440.4
2022-09-07T10:00:00Z,150.45,1505.8
2022-09-07T10:30:00Z,150.18,1530.55
2022-09-07T11:00:00Z,147.79,1472.4
2022-09-07T11:30:00Z,157.97,2095.6
2022-09-07T12:00:00Z,171.92,1634.65
2022-09-07T12:30:00Z,187.82000000000002,1594.0
2022-09-07T13:00:00Z,179.33,1593.6
2022-09-07T13:30:00Z,163.25,1601.5
2022-09-07T14:00:00Z,167.07,1044.9
2022-09-07T14:30:00Z,171.18,1110.0
2022-09-07T15:00:00Z,214.84,1854.3
2022-09-07T15:30:00Z,242.48,1945.5
2022-09-07T16:00:00Z,278.32,1341.05
2022-09-07T16:30:00Z,300.52,1428.0
2022-09-07T17:00:00Z,290.2,1506.85
2022-09-07T17:30:00Z,301.49,1478.25
2022-09-07T18:00:00Z,339.07,1043.7
2022-09-07T18:30:00Z,319.86,1000.2
2022-09-07T19:00:00Z,346.01,1264.8
2022-09-07T19:30:00Z,317.36,1537.55
2022-09-07T20:00:00Z,336.45,1102.0
2022-09-07T20:30:00Z,297.74,1070.75
2022-09-07T21:00:00Z,239.55,1275.85
2022-09-07T21:30:00Z,206.25,1144.45
2022-09-07T22:00:00Z,178.97,615.4
2022-09-07T22:30:00Z,169.07,455.0
2022-09-07T23:00:00Z,188.13,577.9
2022-09-07T23:30:00Z,225.47,779.6
2022-09-08T00:00:00Z,231.69,997.8
2022-09-08T00:30:00Z,197.38,983.7
2022-09-08T01:00:00Z,185.84,1110.45
2022-09-08T01:30:00Z,209.73,1443.9
2022-09-08T02:00:00Z,230.09,1231.2
2022-09-08T02:30:00Z,177.26,701.8
2022-09-08T03:00:00Z,173.67,712.2
2022-09-08T03:30:00Z,181.58,783.4
2022-09-08T04:00:00Z,170.39,652.3
2022-09-08T04:30:00Z,175.89,780.05
2022-09-08T05:00:00Z,170.1,968.85
2022-09-08T05:30:00Z,179.42,1020.8
2022-09-08T06:00:00Z,297.03,1607.35
2022-09-08T06:30:00Z,364.59,1767.25
2022-09-08T07:00:00Z,344.22,1208.95
2022-09-08T07:30:00Z,355.74,1172.95
2022-09-08T08:00:00Z,356.19,1436.5
2022-09-08T08:30:00Z,342.24,1434.75
2022-09-08T09:00:00Z,351.61,1498.75
2022-09-08T09:30:00Z,349.33,1765.7
2022-09-08T10:00:00Z,292.69,1578.5
2022-09-08T10:30:00Z,285.12,1393.85
2022-09-08T11:00:00Z,281.79,1449.6
2022-09-08T11:30:00Z,281.22,1682.6
2022-09-08T12:00:00Z,261.71,1644.15
2022-09-08T12:30:00Z,258.82,1286.0
2022-09-08T13:00:00Z,271.8,1721.9
2022-09-08T13:30:00Z,265.11,1682.0
2022-09-08T14:00:00Z,250.22,1088.1
2022-09-08T14:30:00Z,247.32000000000002,1183.25
2022-09-08T15:00:00Z,273.83,1300.25
2022-09-08T15:30:00Z,303.82,1157.45
2022-09-08T16:00:00Z,324.66,1205.8
2022-09-08T16:30:00Z,315.54,1268.15
2022-09-08T17:00:00Z,315.34,1187.7
2022-09-08T17:30:00Z,306.6,1360.45
2022-09-08T18:00:00Z,288.8,1048.05
2022-09-08T18:30:00Z,293.81,1344.4
2022-09-08T19:00:00Z,344.08,1506.95
2022-09-08T19:30:00Z,295.75,1504.55
2022-09-08T20:00:00Z,296.03,1167.1
2022-09-08T20:30:00Z,279.75,1367.85
2022-09-08T21:00:00Z,249.89,901.3
2022-09-08T21:30:00Z,238.09999999999997,1808.85
2022-09-08T22:00:00Z,258.87,1260.15
2022-09-08T22:30:00Z,244.59,942.05
2022-09-08T23:00:00Z,255.03,590.8
2022-09-08T23:30:00Z,246.19,616.45
2022-09-09T00:00:00Z,204.57,939.4
2022-09-09T00:30:00Z,208.99,1039.0
2022-09-09T01:00:00Z,211.72999999999996,1398.3
2022-09-09T01:30:00Z,213.83,1410.15
2022-09-09T02:00:00Z,232.56,644.65
2022-09-09T02:30:00Z,218.74,737.55
2022-09-09T03:00:00Z,232.18,595.55
2022-09-09T03:30:00Z,213.48,591.65
2022-09-09T04:00:00Z,236.51999999999998,557.4
2022-09-09T04:30:00Z,214.95,624.8
2022-09-09T05:00:00Z,226.34,866.35
2022-09-09T05:30:00Z,226.08,1040.0
2022-09-09T06:00:00Z,248.56,1409.5
2022-09-09T06:30:00Z,331.89,1264.35
2022-09-09T07:00:00Z,336.97,1524.15
2022-09-09T07:30:00Z,361.93,1508.3
2022-09-09T08:00:00Z,305.55,1596.65
2022-09-09T08:30:00Z,276.8,1759.85
2022-09-09T09:00:00Z,279.74,1761.55
2022-09-09T09:30:00Z,259.52,1696.05
2022-09-09T10:00:00Z,234.79,1275.3
2022-09-09T10:30:00Z,226.63,1329.55
2022-09-09T11:00:00Z,235.17,1245.9
2022-09-09T11:30:00Z,229.99,1361.2
2022-09-09T12:00:00Z,228.91,1771.05
2022-09-09T12:30:00Z,226.6,1479.6
2022-09-09T13:00:00Z,226.88,1722.4
2022-09-09T13:30:00Z,225.69,1941.0
2022-09-09T14:00:00Z,238.59,1415.25
2022-09-09T14:30:00Z,238.32999999999998,1220.2
2022-09-09T15:00:00Z,247.19999999999996,1343.25
2022-09-09T15:30:00Z,260.59,1588.25
2022-09-09T16:00:00Z,297.79,1541.65
2022-09-09T16:30:00Z,314.48,1584.05
2022-09-09T17:00:00Z,324.71,1629.85
2022-09-09T17:30:00Z,309.36,1501.5
2022-09-09T18:00:00Z,318.9,1200.85
2022-09-09T18:30:00Z,322.64,1282.05
2022-09-09T19:00:00Z,325.66,1368.8
2022-09-09T19:30:00Z,312.19,1426.05
2022-09-09T20:00:00Z,292.65,1028.4
2022-09-09T20:30:00Z,272.66,832.65
2022-09-09T21:00:00Z,288.46,820.85
2022-09-09T21:30:00Z,298.59,880.0
2022-09-09T22:00:00Z,330.84,638.25
2022-09-09T22:30:00Z,328.53,560.75
2022-09-09T23:00:00Z,296.05,486.2
2022-09-09T23:30:00Z,282.0,488.1
2022-09-10T00:00:00Z,261.91,545.3
2022-09-10T00:30:00Z,244.59999999999997,646.15
2022-09-10T01:00:00Z,256.21,459.6
2022-09-10T01:30:00Z,243.94999999999996,539.55
2022-09-10T02:00:00Z,223.11,569.95
2022-09-10T02:30:00Z,220.6,475.9
2022-09-10T03:00:00Z,224.37,610.65
2022-09-10T03:30:00Z,222.69999999999996,611.55
2022-09-10T04:00:00Z,227.07,675.75
2022-09-10T04:30:00Z,255.48,507.2
2022-09-10T05:00:00Z,257.55,699.9
2022-09-10T05:30:00Z,309.55,569.9
2022-09-10T06:00:00Z,290.01,789.95
2022-09-10T06:30:00Z,345.53,1088.3
2022-09-10T07:00:00Z,282.71,894.8
2022-09-10T07:30:00Z,332.75,1140.0
2022-09-10T08:00:00Z,314.31999999999994,905.75
2022-09-10T08:30:00Z,318.92,967.25
2022-09-10T09:00:00Z,334.5,889.35
2022-09-10T09:30:00Z,335.77,944.05
2022-09-10T10:00:00Z,286.74,862.05
2022-09-10T10:30:00Z,288.36,929.4
2022-09-10T11:00:00Z,292.15,757.8
2022-09-10T11:30:00Z,294.39,771.85
2022-09-10T12:00:00Z,290.38,791.3
2022-09-10T12:30:00Z,265.31,880.45
2022-09-10T13:00:00Z,264.49,726.4
2022-09-10T13:30:00Z,279.57,1030.2
2022-09-10T14:00:00Z,338.33,611.65
2022-09-10T14:30:00Z,334.12,735.65
2022-09-10T15:00:00Z,341.62,844.25
2022-09-10T15:30:00Z,350.66,917.6
2022-09-10T16:00:00Z,364.76,1074.85
2022-09-10T16:30:00Z,387.11,854.35
2022-09-10T17:00:00Z,391.53,1049.85
2022-09-10T17:30:00Z,385.98,1104.5
2022-09-10T18:00:00Z,361.98,826.4
2022-09-10T18:30:00Z,339.55,1127.6
2022-09-10T19:00:00Z,372.66,1046.55
2022-09-10T19:30:00Z,364.39,1160.4
2022-09-10T20:00:00Z,340.52,810.95
2022-09-10T20:30:00Z,287.14,819.2
2022-09-10T21:00:00Z,324.09,678.85
2022-09-10T21:30:00Z,292.24,721.8
2022-09-10T22:00:00Z,302.51,645.5
2022-09-10T22:30:00Z,319.45,610.5
2022-09-10T23:00:00Z,322.00999999999993,408.35
2022-09-10T23:30:00Z,289.37,445.9
2022-09-11T00:00:00Z,298.12,512.15
2022-09-11T00:30:00Z,279.68,603.7
2022-09-11T01:00:00Z,294.63,501.8
2022-09-11T01:30:00Z,272.03,555.65
2022-09-11T02:00:00Z,271.92,600.25
2022-09-11T02:30:00Z,256.38,638.85
2022-09-11T03:00:00Z,282.5,583.95
2022-09-11T03:30:00Z,283.6,578.55
2022-09-11T04:00:00Z,256.83,411.5
2022-09-11T04:30:00Z,258.11,393.0
2022-09-11T05:00:00Z,281.18,421.05
2022-09-11T05:30:00Z,313.55,537.0
2022-09-11T06:00:00Z,263.03,787.15
2022-09-11T06:30:00Z,314.0,858.6
2022-09-11T07:00:00Z,276.61,767.0
2022-09-11T07:30:00Z,341.96,990.2
2022-09-11T08:00:00Z,301.15,732.25
2022-09-11T08:30:00Z,306.5,794.55
2022-09-11T09:00:00Z,345.36,964.8
2022-09-11T09:30:00Z,342.81,1100.35
2022-09-11T10:00:00Z,281.65,844.3
2022-09-11T10:30:00Z,272.48,908.85
2022-09-11T11:00:00Z,280.8,1039.1
2022-09-11T11:30:00Z,262.89,1172.35
2022-09-11T12:00:00Z,244.23,1047.45
2022-09-11T12:30:00Z,239.96,1112.15
2022-09-11T13:00:00Z,246.66,1097.9
2022-09-11T13:30:00Z,241.98000000000002,1086.65
2022-09-11T14:00:00Z,268.27,1257.05
2022-09-11T14:30:00Z,267.47,1306.6
2022-09-11T15:00:00Z,280.18,1188.35
2022-09-11T15:30:00Z,308.32,1431.95
2022-09-11T16:00:00Z,346.8399999999999,1840.15
2022-09-11T16:30:00Z,363.97,1916.65
2022-09-11T17:00:00Z,344.42,1661.3
2022-09-11T17:30:00Z,333.81,1849.75
2022-09-11T18:00:00Z,304.0,1944.1
2022-09-11T18:30:00Z,299.65,2156.9
2022-09-11T19:00:00Z,310.22,2393.7
2022-09-11T19:30:00Z,292.47,2483.45
2022-09-11T20:00:00Z,274.63,2550.1
2022-09-11T20:30:00Z,269.21,2098.6
2022-09-11T21:00:00Z,274.93,1872.65
2022-09-11T21:30:00Z,274.85,2386.7
2022-09-11T22:00:00Z,305.16,593.65
2022-09-11T22:30:00Z,265.12,632.4
2022-09-11T23:00:00Z,254.67,791.8
2022-09-11T23:30:00Z,261.84,771.7
2022-09-12T00:00:00Z,249.19,931.55
2022-09-12T00:30:00Z,247.73,898.75
2022-09-12T01:00:00Z,244.67,1015.8
2022-09-12T01:30:00Z,240.99,770.7
2022-09-12T02:00:00Z,238.38000000000002,559.7
2022-09-12T02:30:00Z,238.57,513.95
2022-09-12T03:00:00Z,238.83,720.85
2022-09-12T03:30:00Z,241.78,858.35
2022-09-12T04:00:00Z,239.31,513.2
2022-09-12T04:30:00Z,252.52,496.35
2022-09-12T05:00:00Z,276.17,897.55
2022-09-12T05:30:00Z,313.89,976.65
2022-09-12T06:00:00Z,383.96,1335.0
2022-09-12T06:30:00Z,413.98,1311.4
2022-09-12T07:00:00Z,407.49,1495.55
2022-09-12T07:30:00Z,406.05000000000007,1590.65
2022-09-12T08:00:00Z,350.02,1249.15
2022-09-12T08:30:00Z,353.01,1302.65
2022-09-12T09:00:00Z,349.53,1162.2
2022-09-12T09:30:00Z,344.36,1083.25
2022-09-12T10:00:00Z,291.1,957.05
2022-09-12T10:30:00Z,269.28,998.1
2022-09-12T11:00:00Z,276.39,919.45
2022-09-12T11:30:00Z,271.25,978.85
2022-09-12T12:00:00Z,260.47,992.4
2022-09-12T12:30:00Z,256.4,963.15
2022-09-12T13:00:00Z,273.02,970.25
2022-09-12T13:30:00Z,273.58,1238.85
2022-09-12T14:00:00Z,331.01,1216.0
2022-09-12T14:30:00Z,324.95,1321.75
2022-09-12T15:00:00Z,337.5,1468.65
2022-09-12T15:30:00Z,361.04,1459.1
2022-09-12T16:00:00Z,377.46,1555.6
2022-09-12T16:30:00Z,413.12000000000006,1546.55
2022-09-12T17:00:00Z,444.6,1141.45
2022-09-12T17:30:00Z,410.62,1424.75
2022-09-12T18:00:00Z,402.58,1223.6
2022-09-12T18:30:00Z,414.1,1222.6
2022-09-12T19:00:00Z,408.73,1619.45
2022-09-12T19:30:00Z,385.9,1499.5
2022-09-12T20:00:00Z,342.55,1252.4
2022-09-12T20:30:00Z,315.32,1050.9
2022-09-12T21:00:00Z,289.82,795.35
2022-09-12T21:30:00Z,272.02,1228.65
2022-09-12T22:00:00Z,298.89,409.05
2022-09-12T22:30:00Z,301.34,533.4
2022-09-12T23:00:00Z,293.6,537.75
2022-09-12T23:30:00Z,259.84,726.9
2022-09-13T00:00:00Z,250.39,822.75
2022-09-13T00:30:00Z,251.15,664.2
2022-09-13T01:00:00Z,265.22,872.7
2022-09-13T01:30:00Z,259.49,739.55
2022-09-13T02:00:00Z,256.34,707.55
2022-09-13T02:30:00Z,253.52,718.95
2022-09-13T03:00:00Z,257.15,515.15
2022-09-13T03:30:00Z,256.56,562.7
2022-09-13T04:00:00Z,242.44999999999996,666.45
2022-09-13T04:30:00Z,229.36000000000004,600.2
2022-09-13T05:00:00Z,231.15999999999997,672.8
2022-09-13T05:30:00Z,250.53999999999996,1065.2
2022-09-13T06:00:00Z,336.71,1337.45
2022-09-13T06:30:00Z,398.62,1302.65
2022-09-13T07:00:00Z,366.38,1336.0
2022-09-13T07:30:00Z,396.4800000000001,1558.5
2022-09-13T08:00:00Z,342.75,1360.45
2022-09-13T08:30:00Z,337.04,1492.15
2022-09-13T09:00:00Z,332.37,1586.75
2022-09-13T09:30:00Z,334.5400000000001,1658.5
2022-09-13T10:00:00Z,258.66,1009.0
2022-09-13T10:30:00Z,259.04,1006.65
2022-09-13T11:00:00Z,262.7,900.8
2022-09-13T11:30:00Z,256.84,955.45
2022-09-13T12:00:00Z,251.44,950.85
2022-09-13T12:30:00Z,253.91000000000003,1079.35
2022-09-13T13:00:00Z,262.91,1073.9
2022-09-13T13:30:00Z,255.5,1004.85
2022-09-13T14:00:00Z,292.14,1419.05
2022-09-13T14:30:00Z,310.2,1347.4
2022-09-13T15:00:00Z,362.09000000000003,1730.65
2022-09-13T15:30:00Z,382.12,1866.95
2022-09-13T16:00:00Z,421.52,1838.7
2022-09-13T16:30:00Z,422.21,1573.35
2022-09-13T17:00:00Z,412.29,1500.4
2022-09-13T17:30:00Z,419.76,1697.05
2022-09-13T18:00:00Z,393.67,1068.75
2022-09-13T18:30:00Z,396.38,978.35
2022-09-13T19:00:00Z,391.37,798.65
2022-09-13T19:30:00Z,382.39,719.8
2022-09-13T20:00:00Z,347.35,562.5
2022-09-13T20:30:00Z,334.07,464.85
2022-09-13T21:00:00Z,326.47,575.2
2022-09-13T21:30:00Z,306.4,639.2
2022-09-13T22:00:00Z,258.4,342.95
2022-09-13T22:30:00Z,256.81,259.45
2022-09-13T23:00:00Z,282.1,402.9
2022-09-13T23:30:00Z,259.85,482.55
2022-09-14T00:00:00Z,271.04,450.45
2022-09-14T00:30:00Z,273.09,439.5
2022-09-14T01:00:00Z,264.88,567.35
2022-09-14T01:30:00Z,254.94,549.8
2022-09-14T02:00:00Z,236.72000000000003,292.2
2022-09-14T02:30:00Z,244.9,319.05
2022-09-14T03:00:00Z,252.01,376.35
2022-09-14T03:30:00Z,242.04,355.15
2022-09-14T04:00:00Z,245.42999999999998,467.2
2022-09-14T04:30:00Z,253.34,436.05
2022-09-14T05:00:00Z,319.23,700.55
2022-09-14T05:30:00Z,392.19,636.2
2022-09-14T06:00:00Z,473.42,1012.9
2022-09-14T06:30:00Z,481.31,1223.85
2022-09-14T07:00:00Z,508.9,1047.15
2022-09-14T07:30:00Z,519.97,1235.8
2022-09-14T08:00:00Z,504.13,1738.85
2022-09-14T08:30:00Z,479.17,1760.7
2022-09-14T09:00:00Z,487.7,1685.9
2022-09-14T09:30:00Z,479.59,1890.2
2022-09-14T10:00:00Z,446.38,1754.45
2022-09-14T10:30:00Z,419.8,1931.5
2022-09-14T11:00:00Z,425.8,1867.05
2022-09-14T11:30:00Z,417.38,1863.85
2022-09-14T12:00:00Z,379.61000000000007,1415.1
2022-09-14T12:30:00Z,355.62,1310.7
2022-09-14T13:00:00Z,371.16,1306.7
2022-09-14T13:30:00Z,355.14,1210.65
2022-09-14T14:00:00Z,289.82,1296.4
2022-09-14T14:30:00Z,315.67,1365.35
2022-09-14T15:00:00Z,324.29,1245.05
2022-09-14T15:30:00Z,383.99,1321.95
2022-09-14T16:00:00Z,392.43,1392.4
2022-09-14T16:30:00Z,412.3999999999999,1508.55
2022-09-14T17:00:00Z,423.96,1507.7
2022-09-14T17:30:00Z,448.41,1787.75
2022-09-14T18:00:00Z,391.42,1526.3
2022-09-14T18:30:00Z,411.12,1639.9
2022-09-14T19:00:00Z,381.03,1757.95
2022-09-14T19:30:00Z,350.65,1704.3
2022-09-14T20:00:00Z,346.73,1727.8
2022-09-14T20:30:00Z,305.08,1496.5
2022-09-14T21:00:00Z,310.47,1570.25
2022-09-14T21:30:00Z,307.75,1786.2
2022-09-14T22:00:00Z,293.97,504.55
2022-09-14T22:30:00Z,289.65,587.6
2022-09-14T23:00:00Z,272.36,477.3
2022-09-14T23:30:00Z,251.13,415.5
2022-09-15T00:00:00Z,260.31,676.9
2022-09-15T00:30:00Z,260.78,812.8
2022-09-15T01:00:00Z,260.64,950.5
2022-09-15T01:30:00Z,245.18,1041.35
2022-09-15T02:00:00Z,251.75,1010.65
2022-09-15T02:30:00Z,252.98,970.6
2022-09-15T03:00:00Z,258.3,933.4
2022-09-15T03:30:00Z,255.40999999999997,1111.5
2022-09-15T04:00:00Z,293.57,728.6
2022-09-15T04:30:00Z,305.67,1003.15
2022-09-15T05:00:00Z,331.21,802.0
2022-09-15T05:30:00Z,342.84,958.65
2022-09-15T06:00:00Z,322.52,1120.25
2022-09-15T06:30:00Z,375.04,1370.7
2022-09-15T07:00:00Z,383.15,1397.75
2022-09-15T07:30:00Z,388.59000000000003,1419.35
2022-09-15T08:00:00Z,353.79,1060.35
2022-09-15T08:30:00Z,346.27,1042.4
2022-09-15T09:00:00Z,320.74,1057.9
2022-09-15T09:30:00Z,288.62,1185.8
2022-09-15T10:00:00Z,268.88,1436.35
2022-09-15T10:30:00Z,265.4,1422.35
2022-09-15T11:00:00Z,257.53,1316.75
2022-09-15T11:30:00Z,254.4,1214.4
2022-09-15T12:00:00Z,292.01,1422.5
2022-09-15T12:30:00Z,275.14,1437.75
2022-09-15T13:00:00Z,274.33,1509.7
2022-09-15T13:30:00Z,273.43,1415.8
2022-09-15T14:00:00Z,267.44,1051.0
2022-09-15T14:30:00Z,263.21,1148.55
2022-09-15T15:00:00Z,265.68,865.9
2022-09-15T15:30:00Z,263.42,1037.0
2022-09-15T16:00:00Z,293.81,1199.75
2022-09-15T16:30:00Z,311.46,1494.75
2022-09-15T17:00:00Z,303.03,1368.15
2022-09-15T17:30:00Z,306.67,1210.5
2022-09-15T18:00:00Z,304.13,1033.7
2022-09-15T18:30:00Z,312.0,999.1
2022-09-15T19:00:00Z,320.88,1060.6
2022-09-15T19:30:00Z,291.99,885.95
2022-09-15T20:00:00Z,270.76,860.7
2022-09-15T20:30:00Z,257.14,796.35
2022-09-15T21:00:00Z,243.42,1032.15
2022-09-15T21:30:00Z,266.15,1297.65
2022-09-15T22:00:00Z,221.16999999999996,610.4
2022-09-15T22:30:00Z,218.94,429.65
2022-09-15T23:00:00Z,216.01,630.45
2022-09-15T23:30:00Z,196.11,626.1
2022-09-16T00:00:00Z,181.25,503.95
2022-09-16T00:30:00Z,184.34,580.7
2022-09-16T01:00:00Z,159.72,545.65
2022-09-16T01:30:00Z,147.31,421.75
2022-09-16T02:00:00Z,155.39,837.3
2022-09-16T02:30:00Z,155.24,833.1
2022-09-16T03:00:00Z,172.98,709.65
2022-09-16T03:30:00Z,154.62,635.1
2022-09-16T04:00:00Z,267.4,803.4
2022-09-16T04:30:00Z,275.23,805.2
2022-09-16T05:00:00Z,279.13,956.3
2022-09-16T05:30:00Z,335.73,1071.0
2022-09-16T06:00:00Z,373.29,1068.5
2022-09-16T06:30:00Z,415.78,1514.05
2022-09-16T07:00:00Z,326.59,1350.55
2022-09-16T07:30:00Z,294.87,1566.45
2022-09-16T08:00:00Z,250.21999999999997,1129.15
2022-09-16T08:30:00Z,180.76,1241.15
2022-09-16T09:00:00Z,177.55,1121.75
2022-09-16T09:30:00Z,188.75,1458.2
2022-09-16T10:00:00Z,171.46,1386.25
2022-09-16T10:30:00Z,172.25,1478.65
2022-09-16T11:00:00Z,207.64,1734.7
2022-09-16T11:30:00Z,206.3,1740.1
2022-09-16T12:00:00Z,221.93000000000004,1352.1
2022-09-16T12:30:00Z,186.43,1401.95
2022-09-16T13:00:00Z,181.74,1597.85
2022-09-16T13:30:00Z,174.74,1735.65
2022-09-16T14:00:00Z,177.21,1413.7
2022-09-16T14:30:00Z,171.12,1228.3
2022-09-16T15:00:00Z,165.68,1228.45
2022-09-16T15:30:00Z,164.75,1225.0
2022-09-16T16:00:00Z,186.94,1543.75
2022-09-16T16:30:00Z,200.66,1422.25
2022-09-16T17:00:00Z,219.06999999999996,1665.5
2022-09-16T17:30:00Z,227.97,1587.0
2022-09-16T18:00:00Z,214.40999999999997,1326.0
2022-09-16T18:30:00Z,240.29,1198.0
2022-09-16T19:00:00Z,272.62,1407.2
2022-09-16T19:30:00Z,254.71,1531.0
2022-09-16T20:00:00Z,248.27000000000004,1263.6
2022-09-16T20:30:00Z,222.51999999999998,1289.7
2022-09-16T21:00:00Z,222.26,1077.2
2022-09-16T21:30:00Z,226.11999999999998,1213.1
2022-09-16T22:00:00Z,155.51,1067.05
2022-09-16T22:30:00Z,190.35999999999999,709.85
2022-09-16T23:00:00Z,168.02,536.35
2022-09-16T23:30:00Z,159.86,457.75
2022-09-17T00:00:00Z,154.53,477.6
2022-09-17T00:30:00Z,156.39,409.5
2022-09-17T01:00:00Z,151.27,532.75
2022-09-17T01:30:00Z,151.01,640.1
2022-09-17T02:00:00Z,153.8,658.7
2022-09-17T02:30:00Z,154.93,645.7
2022-09-17T03:00:00Z,157.49,621.35
2022-09-17T03:30:00Z,157.88,674.6
2022-09-17T04:00:00Z,177.89,613.15
2022-09-17T04:30:00Z,174.26,614.25
2022-09-17T05:00:00Z,210.61000000000004,854.2
2022-09-17T05:30:00Z,181.25,945.75
2022-09-17T06:00:00Z,165.88,1262.05
2022-09-17T06:30:00Z,178.28,1048.9
2022-09-17T07:00:00Z,174.74,1219.7
2022-09-17T07:30:00Z,187.71,1129.55
2022-09-17T08:00:00Z,158.2,1156.35
2022-09-17T08:30:00Z,155.5,1199.7
2022-09-17T09:00:00Z,169.73,1262.8
2022-09-17T09:30:00Z,155.89,1356.45
2022-09-17T10:00:00Z,143.66,1284.95
2022-09-17T10:30:00Z,144.34,1478.5
2022-09-17T11:00:00Z,145.87,1380.05
2022-09-17T11:30:00Z,145.73,1454.3
2022-09-17T12:00:00Z,126.57,1512.5
2022-09-17T12:30:00Z,104.41999999999999,1731.35
2022-09-17T13:00:00Z,88.51,1825.0
2022-09-17T13:30:00Z,85.32,1778.0
2022-09-17T14:00:00Z,100.91,1926.95
2022-09-17T14:30:00Z,109.19,1745.7
2022-09-17T15:00:00Z,142.27,1919.0
2022-09-17T15:30:00Z,145.01,1934.2
2022-09-17T16:00:00Z,173.59,1624.85
2022-09-17T16:30:00Z,173.85,1423.2
2022-09-17T17:00:00Z,199.68,1576.0
2022-09-17T17:30:00Z,197.73,1713.95
2022-09-17T18:00:00Z,197.72999999999996,1593.35
2022-09-17T18:30:00Z,198.29000000000002,1571.1
2022-09-17T19:00:00Z,206.92,1841.65
2022-09-17T19:30:00Z,194.33,1489.1
2022-09-17T20:00:00Z,177.69,1265.1
2022-09-17T20:30:00Z,171.16,1189.85
2022-09-17T21:00:00Z,186.32,1093.15
2022-09-17T21:30:00Z,200.07,1268.65
2022-09-17T22:00:00Z,142.42,697.95
2022-09-17T22:30:00Z,185.13,640.7
2022-09-17T23:00:00Z,165.79,476.9
2022-09-17T23:30:00Z,161.08,440.55
2022-09-18T00:00:00Z,181.27,665.3
2022-09-18T00:30:00Z,183.65,907.25
2022-09-18T01:00:00Z,153.36,789.1
2022-09-18T01:30:00Z,153.93,793.75
2022-09-18T02:00:00Z,154.82,637.3
2022-09-18T02:30:00Z,160.79,638.6
2022-09-18T03:00:00Z,172.27,685.2
2022-09-18T03:30:00Z,168.76,559.55
2022-09-18T04:00:00Z,182.19,684.25
2022-09-18T04:30:00Z,181.74,703.45
2022-09-18T05:00:00Z,186.23,933.75
2022-09-18T05:30:00Z,155.79,869.25
2022-09-18T06:00:00Z,181.66,705.7
2022-09-18T06:30:00Z,195.64,829.75
2022-09-18T07:00:00Z,175.73999999999998,895.4
2022-09-18T07:30:00Z,183.83,1029.95
2022-09-18T08:00:00Z,155.86,583.35
2022-09-18T08:30:00Z,114.87,797.15
2022-09-18T09:00:00Z,106.48,681.3
2022-09-18T09:30:00Z,103.87,661.9
2022-09-18T10:00:00Z,114.3,1292.6
2022-09-18T10:30:00Z,115.26,1352.05
2022-09-18T11:00:00Z,126.45,1401.85
2022-09-18T11:30:00Z,137.03,1258.3
2022-09-18T12:00:00Z,129.88,1421.6
2022-09-18T12:30:00Z,123.99,1351.2
2022-09-18T13:00:00Z,124.67,1468.45
2022-09-18T13:30:00Z,121.28,1550.1
2022-09-18T14:00:00Z,101.57,948.3
2022-09-18T14:30:00Z,95.93,750.7
2022-09-18T15:00:00Z,138.66,1287.2
2022-09-18T15:30:00Z,130.95,1198.4
2022-09-18T16:00:00Z,176.61999999999998,1581.7
2022-09-18T16:30:00Z,196.71000000000004,1538.2
2022-09-18T17:00:00Z,210.61,1781.85
2022-09-18T17:30:00Z,191.89,1629.15
2022-09-18T18:00:00Z,174.09,1627.85
2022-09-18T18:30:00Z,185.4,1861.2
2022-09-18T19:00:00Z,189.22,1768.0
2022-09-18T19:30:00Z,172.12,1559.2
2022-09-18T20:00:00Z,165.50000000000003,1821.95
2022-09-18T20:30:00Z,161.87,1555.15
2022-09-18T21:00:00Z,178.8,1829.05
2022-09-18T21:30:00Z,187.44,1686.85
2022-09-18T22:00:00Z,171.15,1107.0
2022-09-18T22:30:00Z,185.6,927.2
2022-09-18T23:00:00Z,162.65,943.2
2022-09-18T23:30:00Z,152.43,944.2
2022-09-19T00:00:00Z,144.22,1012.85
2022-09-19T00:30:00Z,146.74,1078.85
2022-09-19T01:00:00Z,154.43,1023.8
2022-09-19T01:30:00Z,159.84,1135.65
2022-09-19T02:00:00Z,173.04,654.1
2022-09-19T02:30:00Z,187.13,691.85
2022-09-19T03:00:00Z,211.04,1025.2
2022-09-19T03:30:00Z,186.56,1195.3
2022-09-19T04:00:00Z,301.12,788.1
2022-09-19T04:30:00Z,285.92,1065.15
2022-09-19T05:00:00Z,259.99,926.1
2022-09-19T05:30:00Z,200.10000000000002,1345.95
2022-09-19T06:00:00Z,177.81,1171.25
2022-09-19T06:30:00Z,169.55,1034.5
2022-09-19T07:00:00Z,157.08,1288.85
2022-09-19T07:30:00Z,164.33,1532.2
2022-09-19T08:00:00Z,192.68999999999997,1658.95
2022-09-19T08:30:00Z,205.04,1582.8
2022-09-19T09:00:00Z,214.42,1703.55
2022-09-19T09:30:00Z,232.76,1879.55
2022-09-19T10:00:00Z,240.93,1970.25
2022-09-19T10:30:00Z,221.41,2067.7
2022-09-19T11:00:00Z,217.31,1732.8
2022-09-19T11:30:00Z,220.63,1845.75
2022-09-19T12:00:00Z,214.84,1651.0
2022-09-19T12:30:00Z,229.93,1740.05
2022-09-19T13:00:00Z,213.29,1776.85
2022-09-19T13:30:00Z,219.13,1840.35
2022-09-19T14:00:00Z,261.5,1253.95
2022-09-19T14:30:00Z,257.52,1534.45
2022-09-19T15:00:00Z,311.27,1197.15
2022-09-19T15:30:00Z,319.71,1404.45
2022-09-19T16:00:00Z,335.18,1302.45
2022-09-19T16:30:00Z,347.86,1471.35
2022-09-19T17:00:00Z,337.49,1371.6
2022-09-19T17:30:00Z,362.36,1473.15
2022-09-19T18:00:00Z,319.44,1401.8
2022-09-19T18:30:00Z,313.47,1399.45
2022-09-19T19:00:00Z,325.76,1481.05
2022-09-19T19:30:00Z,295.52,1479.15
2022-09-19T20:00:00Z,282.04,1553.05
2022-09-19T20:30:00Z,237.20999999999998,1267.1
2022-09-19T21:00:00Z,230.02,1105.45
2022-09-19T21:30:00Z,220.02000000000004,1229.95
2022-09-19T22:00:00Z,206.31,782.9
2022-09-19T22:30:00Z,207.94,740.8
2022-09-19T23:00:00Z,176.23,430.5
2022-09-19T23:30:00Z,159.12,481.4
2022-09-20T00:00:00Z,156.73,765.55
2022-09-20T00:30:00Z,155.39,767.6
2022-09-20T01:00:00Z,154.72,795.65
2022-09-20T01:30:00Z,157.45,859.45
2022-09-20T02:00:00Z,170.1,901.2
2022-09-20T02:30:00Z,168.71,735.85
2022-09-20T03:00:00Z,171.30000000000004,861.75
2022-09-20T03:30:00Z,171.39,1020.9
2022-09-20T04:00:00Z,180.02,858.05
2022-09-20T04:30:00Z,177.69,966.55
2022-09-20T05:00:00Z,159.06,1414.35
2022-09-20T05:30:00Z,220.44,1276.7
2022-09-20T06:00:00Z,311.44,985.25
2022-09-20T06:30:00Z,338.21,979.15
2022-09-20T07:00:00Z,352.81000000000006,905.75
2022-09-20T07:30:00Z,344.28,872.15
2022-09-20T08:00:00Z,326.38,1081.3
2022-09-20T08:30:00Z,323.37,1083.7
2022-09-20T09:00:00Z,326.63,1204.7
2022-09-20T09:30:00Z,292.18,1192.2
2022-09-20T10:00:00Z,244.41,1253.1
2022-09-20T10:30:00Z,246.05,928.0
2022-09-20T11:00:00Z,230.09,1003.2
2022-09-20T11:30:00Z,213.22,1019.75
2022-09-20T12:00:00Z,204.46,1101.1
2022-09-20T12:30:00Z,206.4,1154.8
2022-09-20T13:00:00Z,239.04999999999998,1276.45
2022-09-20T13:30:00Z,225.69,1414.8
2022-09-20T14:00:00Z,252.1,1513.3
2022-09-20T14:30:00Z,305.72,1418.75
2022-09-20T15:00:00Z,291.56,1694.05
2022-09-20T15:30:00Z,304.85,1632.45
2022-09-20T16:00:00Z,341.17,1670.2
2022-09-20T16:30:00Z,366.87,1799.9
2022-09-20T17:00:00Z,363.03,1709.9
2022-09-20T17:30:00Z,352.49,1914.65
2022-09-20T18:00:00Z,323.43,1286.25
2022-09-20T18:30:00Z,316.38,1595.8
2022-09-20T19:00:00Z,363.54,1481.75
2022-09-20T19:30:00Z,308.23,1615.55
2022-09-20T20:00:00Z,286.83,1680.15
2022-09-20T20:30:00Z,245.7,1133.8
2022-09-20T21:00:00Z,246.0,892.1
2022-09-20T21:30:00Z,215.42,1405.75
2022-09-20T22:00:00Z,233.18,623.5
2022-09-20T22:30:00Z,219.78,583.6
2022-09-20T23:00:00Z,228.55,439.6
2022-09-20T23:30:00Z,207.27,335.15
2022-09-21T00:00:00Z,208.62,245.75
2022-09-21T00:30:00Z,205.92,362.5
2022-09-21T01:00:00Z,211.85,484.35
2022-09-21T01:30:00Z,207.04,260.55
2022-09-21T02:00:00Z,221.5,471.25
2022-09-21T02:30:00Z,190.94,510.3
2022-09-21T03:00:00Z,165.29,478.55
2022-09-21T03:30:00Z,183.62,436.5
2022-09-21T04:00:00Z,199.87,609.6
2022-09-21T04:30:00Z,184.99,447.7
2022-09-21T05:00:00Z,165.3,784.2
2022-09-21T05:30:00Z,166.99999999999997,786.7
2022-09-21T06:00:00Z,268.03,967.9
2022-09-21T06:30:00Z,284.42,1217.55
2022-09-21T07:00:00Z,331.47,1171.95
2022-09-21T07:30:00Z,347.49,1207.2
2022-09-21T08:00:00Z,343.1,1282.0
2022-09-21T08:30:00Z,317.43,1200.7
2022-09-21T09:00:00Z,303.88,1329.95
2022-09-21T09:30:00Z,259.47,1374.45
2022-09-21T10:00:00Z,238.35,1300.85
2022-09-21T10:30:00Z,233.8,1403.4
2022-09-21T11:00:00Z,202.76,1268.85
2022-09-21T11:30:00Z,192.82,1167.35
2022-09-21T12:00:00Z,201.34,1252.0
2022-09-21T12:30:00Z,221.66,1482.65
2022-09-21T13:00:00Z,208.65,1029.3
2022-09-21T13:30:00Z,201.78999999999996,1471.2
2022-09-21T14:00:00Z,183.51,1243.0
2022-09-21T14:30:00Z,186.58,1287.75
2022-09-21T15:00:00Z,195.98,1479.05
2022-09-21T15:30:00Z,239.78,1392.9
2022-09-21T16:00:00Z,250.89000000000001,1427.15
2022-09-21T16:30:00Z,247.57,1628.15
2022-09-21T17:00:00Z,253.88000000000002,1503.2
2022-09-21T17:30:00Z,265.9,1450.05
2022-09-21T18:00:00Z,268.26,1153.35
2022-09-21T18:30:00Z,269.93,1350.0
2022-09-21T19:00:00Z,263.96,1369.75
2022-09-21T19:30:00Z,223.24,1089.55
2022-09-21T20:00:00Z,210.56000000000003,1263.05
2022-09-21T20:30:00Z,193.1,975.4
2022-09-21T21:00:00Z,179.52,924.3
2022-09-21T21:30:00Z,184.25,1291.4
2022-09-21T22:00:00Z,224.53999999999996,784.45
2022-09-21T22:30:00Z,216.15,984.85
2022-09-21T23:00:00Z,189.96000000000004,743.3
2022-09-21T23:30:00Z,204.29,757.1
2022-09-22T00:00:00Z,188.97,519.7
2022-09-22T00:30:00Z,192.66999999999996,954.25
2022-09-22T01:00:00Z,188.29,696.3
2022-09-22T01:30:00Z,181.61,609.0
2022-09-22T02:00:00Z,202.67,568.45
2022-09-22T02:30:00Z,195.22,505.15
2022-09-22T03:00:00Z,208.33,574.4
2022-09-22T03:30:00Z,210.21,594.1
2022-09-22T04:00:00Z,225.10000000000002,775.3
2022-09-22T04:30:00Z,226.09000000000003,957.2
2022-09-22T05:00:00Z,248.61000000000004,1397.2
2022-09-22T05:30:00Z,262.99,1554.4
2022-09-22T06:00:00Z,285.66,1438.5
2022-09-22T06:30:00Z,291.01,1324.55
2022-09-22T07:00:00Z,333.98,1299.0
2022-09-22T07:30:00Z,329.5,1626.25
2022-09-22T08:00:00Z,320.9,1879.35
2022-09-22T08:30:00Z,307.76,1751.8
2022-09-22T09:00:00Z,293.51,1718.0
2022-09-22T09:30:00Z,280.38,1512.0
2022-09-22T10:00:00Z,305.51,1638.05
2022-09-22T10:30:00Z,273.77,1592.6
2022-09-22T11:00:00Z,290.67,1818.9
2022-09-22T11:30:00Z,297.09,1745.6
2022-09-22T12:00:00Z,296.2,1478.8
2022-09-22T12:30:00Z,290.96,1761.45
2022-09-22T13:00:00Z,298.06000000000006,1791.7
2022-09-22T13:30:00Z,300.28,1648.75
2022-09-22T14:00:00Z,328.44,1517.35
2022-09-22T14:30:00Z,329.11,1694.8
2022-09-22T15:00:00Z,340.11,1390.9
2022-09-22T15:30:00Z,375.83000000000004,1478.35
2022-09-22T16:00:00Z,425.55,1728.65
2022-09-22T16:30:00Z,442.11,1923.55
2022-09-22T17:00:00Z,435.69,2099.85
2022-09-22T17:30:00Z,453.28,1817.9
2022-09-22T18:00:00Z,457.1,2060.8
2022-09-22T18:30:00Z,432.61,1494.45
2022-09-22T19:00:00Z,406.64,1875.45
2022-09-22T19:30:00Z,360.81,1770.15
2022-09-22T20:00:00Z,274.84,1620.15
2022-09-22T20:30:00Z,276.69,1314.3
2022-09-22T21:00:00Z,259.19,1237.75
2022-09-22T21:30:00Z,259.53,959.1
2022-09-22T22:00:00Z,257.73,656.8
2022-09-22T22:30:00Z,265.51,533.7
2022-09-22T23:00:00Z,276.22,446.3
2022-09-22T23:30:00Z,291.5,458.2
2022-09-23T00:00:00Z,312.49,728.45
2022-09-23T00:30:00Z,319.25,735.25
2022-09-23T01:00:00Z,301.46,1016.0
2022-09-23T01:30:00Z,297.85,1232.4
2022-09-23T02:00:00Z,289.47,846.7
2022-09-23T02:30:00Z,299.65,1003.55
2022-09-23T03:00:00Z,303.15,915.45
2022-09-23T03:30:00Z,295.76,1176.8
2022-09-23T04:00:00Z,255.47,1294.8
2022-09-23T04:30:00Z,259.27,1346.6
2022-09-23T05:00:00Z,284.82,1416.4
2022-09-23T05:30:00Z,313.98,1507.0
2022-09-23T06:00:00Z,424.73,773.1
2022-09-23T06:30:00Z,456.47,801.65
2022-09-23T07:00:00Z,479.34999999999997,715.5
2022-09-23T07:30:00Z,497.02,1048.45
2022-09-23T08:00:00Z,471.69,1657.85
2022-09-23T08:30:00Z,487.13,1935.55
2022-09-23T09:00:00Z,453.04,1737.7
2022-09-23T09:30:00Z,427.57,1812.15
2022-09-23T10:00:00Z,337.56,1818.0
2022-09-23T10:30:00Z,323.98,2308.35
2022-09-23T11:00:00Z,345.3,1744.3
2022-09-23T11:30:00Z,325.39,1925.45
2022-09-23T12:00:00Z,287.68,1762.0
2022-09-23T12:30:00Z,276.66,1822.55
2022-09-23T13:00:00Z,268.37,1891.65
2022-09-23T13:30:00Z,272.08,1560.3
2022-09-23T14:00:00Z,268.48,1535.15
2022-09-23T14:30:00Z,283.28,1697.4
2022-09-23T15:00:00Z,305.82,1779.8
2022-09-23T15:30:00Z,322.27,1888.35
2022-09-23T16:00:00Z,349.28999999999996,1646.25
2022-09-23T16:30:00Z,377.15,1748.8
2022-09-23T17:00:00Z,345.76,1863.05
2022-09-23T17:30:00Z,346.43,1855.15
2022-09-23T18:00:00Z,336.16,1958.3
2022-09-23T18:30:00Z,335.2,1855.8
2022-09-23T19:00:00Z,321.17,1757.95
2022-09-23T19:30:00Z,305.37,1699.5
2022-09-23T20:00:00Z,315.81,1567.6
2022-09-23T20:30:00Z,314.63,1412.75
2022-09-23T21:00:00Z,345.77,1595.95
2022-09-24T00:00:00Z,249.31,451.0
2022-09-24T00:30:00Z,249.75,537.85
2022-09-24T01:00:00Z,252.15,594.35
2022-09-24T01:30:00Z,209.37,511.4
2022-09-24T02:00:00Z,167.18,507.3
2022-09-24T02:30:00Z,163.87,584.3
2022-09-24T03:00:00Z,170.55,636.5
2022-09-24T03:30:00Z,169.29,639.8
2022-09-24T04:00:00Z,169.18,540.8
2022-09-24T04:30:00Z,169.69,622.45
2022-09-24T05:00:00Z,172.92,665.65
2022-09-24T05:30:00Z,168.83,820.4
2022-09-24T06:00:00Z,197.25,1281.05
2022-09-24T06:30:00Z,210.95,1131.05
2022-09-24T07:00:00Z,209.95,1049.45
2022-09-24T07:30:00Z,215.54,1271.95
2022-09-24T08:00:00Z,213.88,1195.9
2022-09-24T08:30:00Z,221.28,1732.9
2022-09-24T09:00:00Z,213.36,1408.8
2022-09-24T09:30:00Z,210.89,1180.0
2022-09-24T10:00:00Z,172.68,1302.25
2022-09-24T10:30:00Z,166.49,1178.0
2022-09-24T11:00:00Z,172.23,1289.1
2022-09-24T11:30:00Z,184.78,1466.75
2022-09-24T12:00:00Z,174.62,1227.15
2022-09-24T12:30:00Z,165.1,1153.05
2022-09-24T13:00:00Z,155.91,1031.25
2022-09-24T13:30:00Z,156.6,1428.3
2022-09-24T14:00:00Z,218.33000000000004,1301.35
2022-09-24T14:30:00Z,237.58999999999997,1288.8
2022-09-24T15:00:00Z,221.04,1554.65
2022-09-24T15:30:00Z,235.47,1569.95
2022-09-24T16:00:00Z,242.11,1459.75
2022-09-24T16:30:00Z,263.35,1705.05
2022-09-24T17:00:00Z,290.13,1604.8
2022-09-24T17:30:00Z,290.87,1812.3
2022-09-24T18:00:00Z,285.14,1414.45
2022-09-24T18:30:00Z,289.06,1678.95
2022-09-24T19:00:00Z,285.87,1455.35
2022-09-24T19:30:00Z,275.53,1759.7
2022-09-24T20:00:00Z,281.54,1052.5
2022-09-24T20:30:00Z,242.85000000000002,1217.0
2022-09-24T21:00:00Z,245.74,1035.5
2022-09-24T21:30:00Z,243.79999999999998,1102.65
2022-09-24T22:00:00Z,216.66999999999996,1394.85
2022-09-24T22:30:00Z,233.81,1257.5
2022-09-24T23:00:00Z,192.76,654.7
2022-09-24T23:30:00Z,187.4,642.55
2022-09-25T00:00:00Z,172.62,1090.85
2022-09-25T00:30:00Z,173.37,1304.45
2022-09-25T01:00:00Z,176.29,1112.2
2022-09-25T01:30:00Z,173.76,1322.45
2022-09-25T02:00:00Z,164.86999999999998,941.65
2022-09-25T02:30:00Z,160.75,850.4
2022-09-25T03:00:00Z,162.23,887.05
2022-09-25T03:30:00Z,155.05,1022.45
2022-09-25T04:00:00Z,154.84,874.45
2022-09-25T04:30:00Z,149.47,1031.8
2022-09-25T05:00:00Z,159.76,1175.4
2022-09-25T05:30:00Z,158.98,1126.75
2022-09-25T06:00:00Z,160.77,1064.6
2022-09-25T06:30:00Z,166.4,1114.8
2022-09-25T07:00:00Z,153.76,1139.05
2022-09-25T07:30:00Z,167.8,1476.3
2022-09-25T08:00:00Z,181.89,1273.9
2022-09-25T08:30:00Z,194.99,1513.9
2022-09-25T09:00:00Z,177.71,1255.7
2022-09-25T09:30:00Z,170.55,1496.55
2022-09-25T10:00:00Z,143.88,1132.1
2022-09-25T10:30:00Z,143.57,1029.15
2022-09-25T11:00:00Z,154.37,1085.65
2022-09-25T11:30:00Z,174.92,1242.75
2022-09-25T12:00:00Z,183.94,1219.15
2022-09-25T12:30:00Z,181.73,1430.5
2022-09-25T13:00:00Z,195.49,1278.2
2022-09-25T13:30:00Z,194.93,1368.75
2022-09-25T14:00:00Z,240.16,1161.6
2022-09-25T14:30:00Z,234.87,1098.35
2022-09-25T15:00:00Z,235.54,1204.0
2022-09-25T15:30:00Z,241.99,1629.6
2022-09-25T16:00:00Z,230.93000000000004,1384.6
2022-09-25T16:30:00Z,219.31,1391.7
2022-09-25T17:00:00Z,218.63000000000002,1441.65
2022-09-25T17:30:00Z,217.77,1297.0
2022-09-25T18:00:00Z,188.28,926.3
2022-09-25T18:30:00Z,156.63,930.85
2022-09-25T19:00:00Z,142.97,614.75
2022-09-25T19:30:00Z,120.92,878.25
2022-09-25T20:00:00Z,165.36,1442.05
2022-09-25T20:30:00Z,181.0,1639.2
2022-09-25T21:00:00Z,161.85,1352.05
2022-09-25T21:30:00Z,169.72,1766.4
2022-09-25T22:00:00Z,187.4,982.35
2022-09-25T22:30:00Z,150.25,659.25
2022-09-25T23:00:00Z,40.34,678.0
2022-09-25T23:30:00Z,23.01,678.7
2022-09-26T00:00:00Z,-1.02,691.55
2022-09-26T00:30:00Z,0.58,602.3
2022-09-26T01:00:00Z,-8.53,690.0
2022-09-26T01:30:00Z,-20.6,760.05
2022-09-26T02:00:00Z,-27.89,898.2
2022-09-26T02:30:00Z,-30.129999999999995,899.1
2022-09-26T03:00:00Z,-28.45,780.35
2022-09-26T03:30:00Z,-39.15,952.8
2022-09-26T04:00:00Z,-5.82,906.65
2022-09-26T04:30:00Z,17.42,1350.95
2022-09-26T05:00:00Z,136.94,1565.95
2022-09-26T05:30:00Z,183.54,1683.2
2022-09-26T06:00:00Z,195.01,2011.35
2022-09-26T06:30:00Z,178.32000000000002,1921.6
2022-09-26T07:00:00Z,192.18,1529.9
2022-09-26T07:30:00Z,204.14,1700.7
2022-09-26T08:00:00Z,200.15,1676.0
2022-09-26T08:30:00Z,196.2,1992.6
2022-09-26T09:00:00Z,181.89,1930.3
2022-09-26T09:30:00Z,181.13,2248.0
2022-09-26T10:00:00Z,169.61,2657.5
2022-09-26T10:30:00Z,150.49,2569.95
2022-09-26T11:00:00Z,145.23,2330.4
2022-09-26T11:30:00Z,141.66,2229.05
2022-09-26T12:00:00Z,149.49,2482.4
2022-09-26T12:30:00Z,149.38,2403.65
2022-09-26T13:00:00Z,150.51,2578.65
2022-09-26T13:30:00Z,145.48,2314.05
2022-09-26T14:00:00Z,140.85,1732.2
2022-09-26T14:30:00Z,135.75,1641.4
2022-09-26T15:00:00Z,154.99,994.55
2022-09-26T15:30:00Z,162.05,1169.0
2022-09-26T16:00:00Z,192.57,1385.8
2022-09-26T16:30:00Z,212.80000000000004,1661.8
2022-09-26T17:00:00Z,223.03,1594.85
2022-09-26T17:30:00Z,223.07,1815.1
2022-09-26T18:00:00Z,225.12,1698.95
2022-09-26T18:30:00Z,235.23000000000002,1762.0
2022-09-26T19:00:00Z,212.38,1457.4
2022-09-26T19:30:00Z,193.11,1261.75
2022-09-26T20:00:00Z,145.04,1575.65
2022-09-26T20:30:00Z,144.13,1442.7
2022-09-26T21:00:00Z,148.37,1357.05
2022-09-26T21:30:00Z,153.05,1269.25
2022-09-26T22:00:00Z,207.37,1227.45
2022-09-26T22:30:00Z,205.45,933.0
2022-09-26T23:00:00Z,208.38,1023.35
2022-09-26T23:30:00Z,170.11,1007.1
2022-09-27T00:00:00Z,144.08,1087.25
2022-09-27T00:30:00Z,144.48,968.85
2022-09-27T01:00:00Z,166.95,943.35
2022-09-27T01:30:00Z,161.88,1102.5
2022-09-27T02:00:00Z,184.55,810.7
2022-09-27T02:30:00Z,165.39,972.7
2022-09-27T03:00:00Z,174.26,896.45
2022-09-27T03:30:00Z,174.35,938.65
2022-09-27T04:00:00Z,165.64,1176.7
2022-09-27T04:30:00Z,170.68,1027.05
2022-09-27T05:00:00Z,179.33,1199.9
2022-09-27T05:30:00Z,145.56,1426.65
2022-09-27T06:00:00Z,136.08,979.4
2022-09-27T06:30:00Z,181.27,1620.2
2022-09-27T07:00:00Z,190.84,1118.45
2022-09-27T07:30:00Z,172.29,1054.65
2022-09-27T08:00:00Z,193.24,1000.65
2022-09-27T08:30:00Z,211.95,1091.4
2022-09-27T09:00:00Z,210.98,1158.4
2022-09-27T09:30:00Z,191.74,1362.65
2022-09-27T10:00:00Z,204.66,1005.25
2022-09-27T10:30:00Z,232.16,1190.4
2022-09-27T11:00:00Z,242.47,1056.4
2022-09-27T11:30:00Z,240.71999999999997,1286.5
2022-09-27T12:00:00Z,235.02000000000004,1505.35
2022-09-27T12:30:00Z,226.96,1502.4
2022-09-27T13:00:00Z,227.09,1548.95
2022-09-27T13:30:00Z,220.13,1639.2
2022-09-27T14:00:00Z,229.59999999999997,1321.45
2022-09-27T14:30:00Z,220.19,2023.55
2022-09-27T15:00:00Z,247.76999999999998,1406.2
2022-09-27T15:30:00Z,270.26,1744.35
2022-09-27T16:00:00Z,312.35,1863.6
2022-09-27T16:30:00Z,330.74,2095.9
2022-09-27T17:00:00Z,372.41,2072.65
2022-09-27T17:30:00Z,388.63,2102.75
2022-09-27T18:00:00Z,371.86,1938.5
2022-09-27T18:30:00Z,366.0,1992.25
2022-09-27T19:00:00Z,362.29,2301.8
2022-09-27T19:30:00Z,341.04,2374.45
2022-09-27T20:00:00Z,278.68,2856.2
2022-09-27T20:30:00Z,267.81,2679.85
2022-09-27T21:00:00Z,276.33,2500.35
2022-09-27T21:30:00Z,274.38,2426.3
2022-09-27T22:00:00Z,198.18,1024.2
2022-09-27T22:30:00Z,185.62,952.55
2022-09-27T23:00:00Z,183.37,1083.9
2022-09-27T23:30:00Z,174.72,884.7
2022-09-28T00:00:00Z,198.69999999999996,847.2
2022-09-28T00:30:00Z,212.5,881.75
2022-09-28T01:00:00Z,242.21,1234.15
2022-09-28T01:30:00Z,240.34999999999997,1139.75
2022-09-28T02:00:00Z,220.58,1012.25
2022-09-28T02:30:00Z,226.57,979.8
2022-09-28T03:00:00Z,228.67,899.35
2022-09-28T03:30:00Z,253.48,844.5
2022-09-28T04:00:00Z,231.04999999999998,1288.55
2022-09-28T04:30:00Z,221.34,1265.15
2022-09-28T05:00:00Z,291.72,1302.65
2022-09-28T05:30:00Z,317.91,1635.15
2022-09-28T06:00:00Z,401.91,1761.05
2022-09-28T06:30:00Z,493.63999999999993,2217.0
2022-09-28T07:00:00Z,414.47,2169.65
2022-09-28T07:30:00Z,392.94,2430.25
2022-09-28T08:00:00Z,381.63,2406.45
2022-09-28T08:30:00Z,360.11,2263.65
2022-09-28T09:00:00Z,372.13,2681.8
2022-09-28T09:30:00Z,354.75,2533.45
2022-09-28T10:00:00Z,255.41999999999996,1610.0
2022-09-28T10:30:00Z,241.38,1857.4
2022-09-28T11:00:00Z,265.34,1743.45
2022-09-28T11:30:00Z,269.46,1680.8
2022-09-28T12:00:00Z,280.52,1668.2
2022-09-28T12:30:00Z,275.5,1719.4
2022-09-28T13:00:00Z,270.56,1412.5
2022-09-28T13:30:00Z,264.08,1330.3
2022-09-28T14:00:00Z,308.37,1234.9
2022-09-28T14:30:00Z,313.24,1485.3
2022-09-28T15:00:00Z,329.25,1626.7
2022-09-28T15:30:00Z,340.15,1645.15
2022-09-28T16:00:00Z,383.72,1959.2
2022-09-28T16:30:00Z,398.32,2018.2
2022-09-28T17:00:00Z,411.98,2002.85
2022-09-28T17:30:00Z,416.37,2353.7
2022-09-28T18:00:00Z,393.71,1955.8
2022-09-28T18:30:00Z,412.6,1913.75
2022-09-28T19:00:00Z,384.45,2093.4
2022-09-28T19:30:00Z,335.73,1876.35
2022-09-28T20:00:00Z,277.51,1635.05
2022-09-28T20:30:00Z,245.38,1539.9
2022-09-28T21:00:00Z,239.62,1447.85
2022-09-28T21:30:00Z,231.40000000000003,1750.25
2022-09-28T22:00:00Z,199.99,604.5
2022-09-28T22:30:00Z,174.5,496.45
2022-09-28T23:00:00Z,171.29,455.3
2022-09-28T23:30:00Z,152.88,502.1
2022-09-29T00:00:00Z,153.97,627.5
2022-09-29T00:30:00Z,158.78,531.3
2022-09-29T01:00:00Z,158.05,667.3
2022-09-29T01:30:00Z,158.85,629.55
2022-09-29T02:00:00Z,157.67,616.8
2022-09-29T02:30:00Z,164.08,719.75
2022-09-29T03:00:00Z,161.5,665.95
2022-09-29T03:30:00Z,164.03,736.55
2022-09-29T04:00:00Z,173.85,801.35
2022-09-29T04:30:00Z,176.1,765.55
2022-09-29T05:00:00Z,179.61,1355.0
2022-09-29T05:30:00Z,201.89,1139.15
2022-09-29T06:00:00Z,344.5,1109.75
2022-09-29T06:30:00Z,437.17,1096.65
2022-09-29T07:00:00Z,389.65,1088.7
2022-09-29T07:30:00Z,396.81,949.8
2022-09-29T08:00:00Z,338.8,1308.15
2022-09-29T08:30:00Z,330.67,1453.85
2022-09-29T09:00:00Z,314.69,1605.35
2022-09-29T09:30:00Z,310.56,1624.7
2022-09-29T10:00:00Z,298.06,1634.55
2022-09-29T10:30:00Z,289.31,1674.85
2022-09-29T11:00:00Z,283.23,1867.6
2022-09-29T11:30:00Z,281.68,1942.5
2022-09-29T12:00:00Z,319.79,1568.45
2022-09-29T12:30:00Z,297.3,1583.2
2022-09-29T13:00:00Z,307.32,1442.05
2022-09-29T13:30:00Z,302.77,1802.25
2022-09-29T14:00:00Z,341.08,1602.15
2022-09-29T14:30:00Z,341.27,1386.0
2022-09-29T15:00:00Z,315.15,1433.3
2022-09-29T15:30:00Z,333.82,1652.6
2022-09-29T16:00:00Z,369.93999999999994,1588.65
2022-09-29T16:30:00Z,378.97,1713.2
2022-09-29T17:00:00Z,418.65,1563.25
2022-09-29T17:30:00Z,425.41,1641.6
2022-09-29T18:00:00Z,319.43,1390.95
2022-09-29T18:30:00Z,308.57,1088.45
2022-09-29T19:00:00Z,316.25,1000.35
2022-09-29T19:30:00Z,278.67,1244.35
2022-09-29T20:00:00Z,250.93000000000004,1056.75
2022-09-29T20:30:00Z,240.16,1027.25
2022-09-29T21:00:00Z,220.62000000000003,846.5
2022-09-29T21:30:00Z,228.51999999999998,1393.0
2022-09-29T22:00:00Z,193.57,658.95
2022-09-29T22:30:00Z,200.85,541.1
2022-09-29T23:00:00Z,184.64,550.85
2022-09-29T23:30:00Z,179.25,888.75
2022-09-30T00:00:00Z,180.09,1068.8
2022-09-30T00:30:00Z,180.61,989.3
2022-09-30T01:00:00Z,196.83,1108.3
2022-09-30T01:30:00Z,180.4,1179.75
2022-09-30T02:00:00Z,191.79,1012.5
2022-09-30T02:30:00Z,175.97,1034.2
2022-09-30T03:00:00Z,174.14,944.8
2022-09-30T03:30:00Z,176.85,1028.75
2022-09-30T04:00:00Z,168.88,844.3
2022-09-30T04:30:00Z,163.67,950.6
2022-09-30T05:00:00Z,165.69,1097.75
2022-09-30T05:30:00Z,168.29,1042.4
2022-09-30T06:00:00Z,198.37,1085.85
2022-09-30T06:30:00Z,215.12,1155.25
2022-09-30T07:00:00Z,223.97,1209.3
2022-09-30T07:30:00Z,215.95,1170.3
2022-09-30T08:00:00Z,193.35,1171.65
2022-09-30T08:30:00Z,193.87,1318.05
2022-09-30T09:00:00Z,218.49,1282.2
2022-09-30T09:30:00Z,222.27,1777.9
2022-09-30T10:00:00Z,188.28,1498.1
2022-09-30T10:30:00Z,181.42,1650.75
2022-09-30T11:00:00Z,174.91,1381.9
2022-09-30T11:30:00Z,178.0,1306.75
2022-09-30T12:00:00Z,140.14,1989.0
2022-09-30T12:30:00Z,128.1,2047.05
2022-09-30T13:00:00Z,136.43,1869.5
2022-09-30T13:30:00Z,136.56,1884.45
2022-09-30T14:00:00Z,169.33000000000004,1567.0
2022-09-30T14:30:00Z,157.06,1468.15
2022-09-30T15:00:00Z,165.25,1151.55
2022-09-30T15:30:00Z,191.62000000000003,1452.45
2022-09-30T16:00:00Z,208.25,1247.2
2022-09-30T16:30:00Z,209.97,1162.0
2022-09-30T17:00:00Z,211.63,1455.25
2022-09-30T17:30:00Z,218.26,1601.6
2022-09-30T18:00:00Z,217.22,1217.4
2022-09-30T18:30:00Z,226.99000000000004,1188.35
2022-09-30T19:00:00Z,209.93,1282.3
2022-09-30T19:30:00Z,210.07,1313.3
2022-09-30T20:00:00Z,181.47000000000003,1450.95
2022-09-30T20:30:00Z,180.99,1524.25
2022-09-30T21:00:00Z,166.03,1491.55
2022-09-30T21:30:00Z,162.15,1595.45
2022-09-30T22:00:00Z,159.25000000000003,886.35
2022-09-30T22:30:00Z,103.26,724.25
2022-09-30T23:00:00Z,101.85000000000001,715.65
2022-09-30T23:30:00Z,124.86,1011.95
2022-10-01T00:00:00Z,124.98999999999998,613.7
2022-10-01T00:30:00Z,144.17,882.7
2022-10-01T01:00:00Z,147.72,1032.25
2022-10-01T01:30:00Z,101.15,857.75
2022-10-01T02:00:00Z,102.35,1254.85
2022-10-01T02:30:00Z,77.37,1289.8
2022-10-01T03:00:00Z,55.51,1414.9
2022-10-01T03:30:00Z,35.69,1413.5
2022-10-01T04:00:00Z,20.66,1209.05
2022-10-01T04:30:00Z,15.960000000000003,1233.65
2022-10-01T05:00:00Z,27.46,1020.25
2022-10-01T05:30:00Z,54.73,1087.05
2022-10-01T06:00:00Z,159.77,718.5
2022-10-01T06:30:00Z,177.25,812.05
2022-10-01T07:00:00Z,123.2,1280.8
2022-10-01T07:30:00Z,154.87,1100.75
2022-10-01T08:00:00Z,183.38,1077.25
2022-10-01T08:30:00Z,168.2,1160.2
2022-10-01T09:00:00Z,145.66,1200.9
2022-10-01T09:30:00Z,107.9,1101.55
2022-10-01T10:00:00Z,77.07,1282.25
2022-10-01T10:30:00Z,53.24,1161.25
2022-10-01T11:00:00Z,50.22,1183.7
2022-10-01T11:30:00Z,41.77,1287.55
2022-10-01T12:00:00Z,21.14,1326.05
2022-10-01T12:30:00Z,25.11,1326.9
2022-10-01T13:00:00Z,24.68,1336.95
2022-10-01T13:30:00Z,24.13,1402.95
2022-10-01T14:00:00Z,13.260000000000002,1266.2
2022-10-01T14:30:00Z,21.97,1321.8
2022-10-01T15:00:00Z,14.38,1281.05
2022-10-01T15:30:00Z,87.44,1454.1
2022-10-01T16:00:00Z,184.9,1499.75
2022-10-01T16:30:00Z,210.24,1272.65
2022-10-01T17:00:00Z,229.44,1669.2
2022-10-01T17:30:00Z,240.35,1723.4
2022-10-01T18:00:00Z,251.1,1654.35
2022-10-01T18:30:00Z,246.82,1672.2
2022-10-01T19:00:00Z,244.94,1931.35
2022-10-01T19:30:00Z,235.47,1958.15
2022-10-01T20:00:00Z,236.38,1420.7
2022-10-01T20:30:00Z,223.19,1499.95
2022-10-01T21:00:00Z,198.36,1538.8
2022-10-01T21:30:00Z,191.86999999999998,1449.15
2022-10-01T22:00:00Z,164.91,867.45
2022-10-01T22:30:00Z,167.01,790.15
2022-10-01T23:00:00Z,114.46,822.8
2022-10-01T23:30:00Z,113.91,709.95
2022-10-02T00:00:00Z,97.6,834.5
2022-10-02T00:30:00Z,108.59,706.8
2022-10-02T01:00:00Z,77.29,688.4
2022-10-02T01:30:00Z,68.81,815.45
2022-10-02T02:00:00Z,40.38,529.0
2022-10-02T02:30:00Z,27.169999999999998,629.7
2022-10-02T03:00:00Z,27.32,716.45
2022-10-02T03:30:00Z,27.47,566.7
2022-10-02T04:00:00Z,33.21,669.35
2022-10-02T04:30:00Z,69.96,541.8
2022-10-02T05:00:00Z,107.38,694.05
2022-10-02T05:30:00Z,118.39,717.3
2022-10-02T06:00:00Z,126.52999999999999,795.1
2022-10-02T06:30:00Z,136.53,866.05
2022-10-02T07:00:00Z,130.96,1150.55
2022-10-02T07:30:00Z,182.23,929.15
2022-10-02T08:00:00Z,156.52,1181.3
2022-10-02T08:30:00Z,147.15,1183.65
2022-10-02T09:00:00Z,145.99,1320.65
2022-10-02T09:30:00Z,131.32,1539.3
2022-10-02T10:00:00Z,100.71,1372.0
2022-10-02T10:30:00Z,89.41,1468.7
2022-10-02T11:00:00Z,90.07,1670.2
2022-10-02T11:30:00Z,83.09,1838.0
2022-10-02T12:00:00Z,82.5,1967.3
2022-10-02T12:30:00Z,83.86,1891.85
2022-10-02T13:00:00Z,82.03,1787.7
2022-10-02T13:30:00Z,78.12,1870.45
2022-10-02T14:00:00Z,61.72,1654.25
2022-10-02T14:30:00Z,66.62,1561.1
2022-10-02T15:00:00Z,92.07,1670.85
2022-10-02T15:30:00Z,106.23,1774.0
2022-10-02T16:00:00Z,188.84,1869.05
2022-10-02T16:30:00Z,219.97,2099.4
2022-10-02T17:00:00Z,226.8,1864.55
2022-10-02T17:30:00Z,242.5,1907.35
2022-10-02T18:00:00Z,242.86,1549.9
2022-10-02T18:30:00Z,226.25000000000003,1433.35
2022-10-02T19:00:00Z,250.93000000000004,1654.05
2022-10-02T19:30:00Z,229.2,1658.45
2022-10-02T20:00:00Z,200.42,1588.45
2022-10-02T20:30:00Z,194.6,1502.85
2022-10-02T21:00:00Z,195.62,1697.9
2022-10-02T21:30:00Z,191.52,1821.05
2022-10-02T22:00:00Z,185.17,909.85
2022-10-02T22:30:00Z,219.19,748.95
2022-10-02T23:00:00Z,205.61,804.65
2022-10-02T23:30:00Z,203.6,1039.0
2022-10-03T00:00:00Z,206.22000000000003,760.0
2022-10-03T00:30:00Z,219.32,711.4
2022-10-03T01:00:00Z,221.88999999999996,670.85
2022-10-03T01:30:00Z,227.3,767.85
2022-10-03T02:00:00Z,222.27,809.7
2022-10-03T02:30:00Z,203.56,917.8
2022-10-03T03:00:00Z,229.45,969.0
2022-10-03T03:30:00Z,212.52,1139.35
2022-10-03T04:00:00Z,264.21,811.35
2022-10-03T04:30:00Z,267.27,867.1
2022-10-03T05:00:00Z,284.68,1365.6
2022-10-03T05:30:00Z,281.99,1818.95
2022-10-03T06:00:00Z,358.3399999999999,1755.1
2022-10-03T06:30:00Z,383.57,1998.8
2022-10-03T07:00:00Z,346.66,2116.15
2022-10-03T07:30:00Z,335.63,2057.65
2022-10-03T08:00:00Z,354.36,2321.15
2022-10-03T08:30:00Z,310.92,2641.4
2022-10-03T09:00:00Z,298.43,2676.6
2022-10-03T09:30:00Z,272.37,2749.95
2022-10-03T10:00:00Z,212.06,1930.7
2022-10-03T10:30:00Z,204.93,1990.8
2022-10-03T11:00:00Z,235.21,2097.9
2022-10-03T11:30:00Z,225.21,2039.95
2022-10-03T12:00:00Z,181.43,1440.05
2022-10-03T12:30:00Z,170.63,1527.85
2022-10-03T13:00:00Z,173.13,1316.7
2022-10-03T13:30:00Z,172.9,1372.95
2022-10-03T14:00:00Z,172.91,1571.35
2022-10-03T14:30:00Z,187.28,1821.8
2022-10-03T15:00:00Z,217.13,2244.75
2022-10-03T15:30:00Z,197.78,1990.65
2022-10-03T16:00:00Z,204.95,1880.55
2022-10-03T16:30:00Z,194.88,1981.65
2022-10-03T17:00:00Z,196.36,1940.4
2022-10-03T17:30:00Z,198.42,1852.9
2022-10-03T18:00:00Z,212.58,1718.6
2022-10-03T18:30:00Z,192.6,1901.3
2022-10-03T19:00:00Z,183.22,1715.9
2022-10-03T19:30:00Z,185.9,1430.35
2022-10-03T20:00:00Z,158.38,1576.95
2022-10-03T20:30:00Z,173.46,1502.6
2022-10-03T21:00:00Z,175.43,1502.4
2022-10-03T21:30:00Z,174.74,1791.25
2022-10-03T22:00:00Z,195.35,1000.0
2022-10-03T22:30:00Z,203.5,967.5
2022-10-03T23:00:00Z,209.66,963.6
2022-10-03T23:30:00Z,190.33,1046.0
2022-10-04T00:00:00Z,185.7,1027.5
2022-10-04T00:30:00Z,191.8,830.05
2022-10-04T01:00:00Z,195.15,964.7
2022-10-04T01:30:00Z,197.53,1222.45
2022-10-04T02:00:00Z,197.23,1057.95
2022-10-04T02:30:00Z,193.65,1017.35
2022-10-04T03:00:00Z,186.3,1137.6
2022-10-04T03:30:00Z,182.75,1193.25
2022-10-04T04:00:00Z,188.38,919.35
2022-10-04T04:30:00Z,196.3,1066.7
2022-10-04T05:00:00Z,211.32,1202.1
2022-10-04T05:30:00Z,179.2,1458.7
2022-10-04T06:00:00Z,121.57,1454.0
2022-10-04T06:30:00Z,140.4,1867.8
2022-10-04T07:00:00Z,162.12,1366.85
2022-10-04T07:30:00Z,173.22,1586.2
2022-10-04T08:00:00Z,156.61,1404.75
2022-10-04T08:30:00Z,153.8,1354.0
2022-10-04T09:00:00Z,138.97,1210.6
2022-10-04T09:30:00Z,141.1,1305.85
2022-10-04T10:00:00Z,132.14,1638.15
2022-10-04T10:30:00Z,136.57,1709.2
2022-10-04T11:00:00Z,146.69,1684.3
2022-10-04T11:30:00Z,154.08,1800.5
2022-10-04T12:00:00Z,149.03,1751.85
2022-10-04T12:30:00Z,143.87,1893.35
2022-10-04T13:00:00Z,139.26,1832.4
2022-10-04T13:30:00Z,129.53,1752.65
2022-10-04T14:00:00Z,161.76,1852.55
2022-10-04T14:30:00Z,154.66,1425.75
2022-10-04T15:00:00Z,153.05,2104.9
2022-10-04T15:30:00Z,163.72,2213.7
2022-10-04T16:00:00Z,182.81999999999996,1924.1
2022-10-04T16:30:00Z,203.44,2346.65
2022-10-04T17:00:00Z,190.47,2119.55
2022-10-04T17:30:00Z,186.25,2057.55
2022-10-04T18:00:00Z,201.71,1584.1
2022-10-04T18:30:00Z,198.15,1288.1
2022-10-04T19:00:00Z,185.99,1652.65
2022-10-04T19:30:00Z,155.42,1300.7
2022-10-04T20:00:00Z,126.2,946.8
2022-10-04T20:30:00Z,128.95,968.35
2022-10-04T21:00:00Z,115.63,1203.7
2022-10-04T21:30:00Z,119.16,1510.65
2022-10-04T22:00:00Z,104.75000000000001,833.45
2022-10-04T22:30:00Z,90.91,780.95
2022-10-04T23:00:00Z,91.91,927.85
2022-10-04T23:30:00Z,89.55,974.5
2022-10-05T00:00:00Z,37.76,942.2
2022-10-05T00:30:00Z,32.16,1047.15
2022-10-05T01:00:00Z,69.0,1148.0
2022-10-05T01:30:00Z,50.46,1045.4
2022-10-05T02:00:00Z,64.09,701.85
2022-10-05T02:30:00Z,68.26,973.55
2022-10-05T03:00:00Z,55.07000000000001,675.5
2022-10-05T03:30:00Z,52.25000000000001,679.65
2022-10-05T04:00:00Z,93.83,983.85
2022-10-05T04:30:00Z,113.15,1213.15
2022-10-05T05:00:00Z,124.51,1510.7
2022-10-05T05:30:00Z,152.82,1308.85
2022-10-05T06:00:00Z,183.09,1934.3
2022-10-05T06:30:00Z,228.94,1920.05
2022-10-05T07:00:00Z,222.64,2310.75
2022-10-05T07:30:00Z,222.7,2037.1
2022-10-05T08:00:00Z,209.08,2448.45
2022-10-05T08:30:00Z,199.45000000000002,2644.1
2022-10-05T09:00:00Z,190.79,2440.4
2022-10-05T09:30:00Z,180.93,2794.55
2022-10-05T10:00:00Z,164.5,2430.1
2022-10-05T10:30:00Z,174.42,2656.9
2022-10-05T11:00:00Z,161.74,2557.3
2022-10-05T11:30:00Z,146.43,2653.65
2022-10-05T12:00:00Z,124.85,3114.05
2022-10-05T12:30:00Z,121.57,3065.35
2022-10-05T13:00:00Z,125.53,3124.35
2022-10-05T13:30:00Z,126.97000000000001,3290.8
2022-10-05T14:00:00Z,144.58,3006.45
2022-10-05T14:30:00Z,152.1,3427.1
2022-10-05T15:00:00Z,164.97,3009.85
2022-10-05T15:30:00Z,165.11999999999998,3197.6
2022-10-05T16:00:00Z,162.21,2518.15
2022-10-05T16:30:00Z,160.13,2356.05
2022-10-05T17:00:00Z,154.82,2285.55
2022-10-05T17:30:00Z,151.02,2333.5
2022-10-05T18:00:00Z,124.83000000000001,1418.95
2022-10-05T18:30:00Z,109.1,1368.75
2022-10-05T19:00:00Z,132.07,1652.5
2022-10-05T19:30:00Z,134.75,1749.85
2022-10-05T20:00:00Z,146.77,1759.7
2022-10-05T20:30:00Z,142.48,1786.4
2022-10-05T21:00:00Z,148.46000000000004,1841.65
2022-10-05T21:30:00Z,132.69,1756.0
2022-10-05T22:00:00Z,6.23,760.85
2022-10-05T22:30:00Z,-31.12,831.45
2022-10-05T23:00:00Z,6.47,626.8
2022-10-05T23:30:00Z,-7.99,678.1
2022-10-06T00:00:00Z,-25.7,552.65
2022-10-06T00:30:00Z,-20.04,797.85
2022-10-06T01:00:00Z,-11.52,935.15
2022-10-06T01:30:00Z,-28.200000000000003,699.35
2022-10-06T02:00:00Z,-21.38,608.8
2022-10-06T02:30:00Z,-24.99,562.5
2022-10-06T03:00:00Z,-9.25,768.7
2022-10-06T03:30:00Z,7.44,757.1
2022-10-06T04:00:00Z,81.17,756.85
2022-10-06T04:30:00Z,102.39,796.2
2022-10-06T05:00:00Z,141.9,1048.05
2022-10-06T05:30:00Z,174.38,1255.05
2022-10-06T06:00:00Z,180.19999999999996,1703.1
2022-10-06T06:30:00Z,200.33,1653.7
2022-10-06T07:00:00Z,181.94,1163.85
2022-10-06T07:30:00Z,189.67,1283.75
2022-10-06T08:00:00Z,138.05,1600.5
2022-10-06T08:30:00Z,114.12000000000002,1366.8
2022-10-06T09:00:00Z,120.78,1477.85
2022-10-06T09:30:00Z,117.69,1614.1
2022-10-06T10:00:00Z,109.66,1780.65
2022-10-06T10:30:00Z,100.83,1816.65
2022-10-06T11:00:00Z,90.45,1856.55
2022-10-06T11:30:00Z,91.47,1823.45
2022-10-06T12:00:00Z,95.66,1819.65
2022-10-06T12:30:00Z,94.64,1712.25
2022-10-06T13:00:00Z,92.81,1756.25
2022-10-06T13:30:00Z,96.21,1865.45
2022-10-06T14:00:00Z,129.46,1410.75
2022-10-06T14:30:00Z,129.58,1702.4
2022-10-06T15:00:00Z,134.51,1658.35
2022-10-06T15:30:00Z,139.01,1684.45
2022-10-06T16:00:00Z,174.0,1700.2
2022-10-06T16:30:00Z,170.63,1750.25
2022-10-06T17:00:00Z,180.27000000000004,1586.3
2022-10-06T17:30:00Z,181.20000000000002,1454.4
2022-10-06T18:00:00Z,196.73,1900.0
2022-10-06T18:30:00Z,185.90000000000003,1548.45
2022-10-06T19:00:00Z,182.24,1434.55
2022-10-06T19:30:00Z,166.54,1273.25
2022-10-06T20:00:00Z,181.0,1220.45
2022-10-06T20:30:00Z,174.65,1300.35
2022-10-06T21:00:00Z,163.38,1414.0
2022-10-06T21:30:00Z,129.87,1497.9
2022-10-06T22:00:00Z,133.19,658.1
2022-10-06T22:30:00Z,113.47000000000001,912.1
2022-10-06T23:00:00Z,26.789999999999996,690.65
2022-10-06T23:30:00Z,10.23,708.45
2022-10-07T00:00:00Z,10.92,601.15
2022-10-07T00:30:00Z,21.98,699.6
2022-10-07T01:00:00Z,44.24,627.15
2022-10-07T01:30:00Z,17.63,641.1
2022-10-07T02:00:00Z,19.36,712.85
2022-10-07T02:30:00Z,-9.79,843.65
2022-10-07T03:00:00Z,-17.25,797.35
2022-10-07T03:30:00Z,-10.25,701.85
2022-10-07T04:00:00Z,-38.660000000000004,942.05
2022-10-07T04:30:00Z,58.93,956.7
2022-10-07T05:00:00Z,135.17,838.35
2022-10-07T05:30:00Z,199.34,1179.0
2022-10-07T06:00:00Z,234.56,1095.35
2022-10-07T06:30:00Z,269.36,1140.45
2022-10-07T07:00:00Z,219.91,1030.55
2022-10-07T07:30:00Z,219.91,1099.85
2022-10-07T08:00:00Z,205.22,1063.05
2022-10-07T08:30:00Z,180.75,1102.05
2022-10-07T09:00:00Z,188.67,1224.7
2022-10-07T09:30:00Z,144.43,1260.2
2022-10-07T10:00:00Z,105.35,1351.35
2022-10-07T10:30:00Z,107.53,1435.95
2022-10-07T11:00:00Z,102.37,1343.0
2022-10-07T11:30:00Z,106.97,1432.15
2022-10-07T12:00:00Z,113.61,1416.5
2022-10-07T12:30:00Z,97.47,1329.75
2022-10-07T13:00:00Z,103.95,1374.75
2022-10-07T13:30:00Z,99.33,1508.2
2022-10-07T14:00:00Z,135.62,1010.45
2022-10-07T14:30:00Z,149.24,1100.4
2022-10-07T15:00:00Z,176.49,1219.85
2022-10-07T15:30:00Z,172.02000000000004,1555.1
2022-10-07T16:00:00Z,209.53000000000003,1401.05
2022-10-07T16:30:00Z,372.71,2228.9
2022-10-07T17:00:00Z,374.71,1784.35
2022-10-07T17:30:00Z,364.5,1573.1
2022-10-07T18:00:00Z,296.03,2343.7
2022-10-07T18:30:00Z,254.12000000000003,2177.05
2022-10-07T19:00:00Z,238.79000000000002,2426.6
2022-10-07T19:30:00Z,238.5,1774.15
2022-10-07T20:00:00Z,184.3,1092.5
2022-10-07T20:30:00Z,188.44,1030.4
2022-10-07T21:00:00Z,198.67,1245.1
2022-10-07T21:30:00Z,196.38,1177.0
2022-10-07T22:00:00Z,211.97,1220.45
2022-10-07T22:30:00Z,202.94,1013.8
2022-10-07T23:00:00Z,177.25,958.75
2022-10-07T23:30:00Z,119.56,764.1
2022-10-08T00:00:00Z,121.44,829.3
2022-10-08T00:30:00Z,127.46,760.35
2022-10-08T01:00:00Z,123.33,935.8
2022-10-08T01:30:00Z,119.96,955.1
2022-10-08T02:00:00Z,135.62,1049.15
2022-10-08T02:30:00Z,135.19,967.05
2022-10-08T03:00:00Z,99.97,899.5
2022-10-08T03:30:00Z,99.05,943.15
2022-10-08T04:00:00Z,163.02,947.4
2022-10-08T04:30:00Z,168.44,975.8
2022-10-08T05:00:00Z,162.61,858.05
2022-10-08T05:30:00Z,144.59,1183.8
2022-10-08T06:00:00Z,75.56,797.0
2022-10-08T06:30:00Z,177.85,1043.55
2022-10-08T07:00:00Z,138.98,774.1
2022-10-08T07:30:00Z,173.36,1095.0
2022-10-08T08:00:00Z,181.55,925.65
2022-10-08T08:30:00Z,160.11,958.45
2022-10-08T09:00:00Z,131.67,692.3
2022-10-08T09:30:00Z,129.98,1139.5
2022-10-08T10:00:00Z,109.87,856.1
2022-10-08T10:30:00Z,116.83999999999999,1129.05
2022-10-08T11:00:00Z,146.63,961.0
2022-10-08T11:30:00Z,134.1,1071.65
2022-10-08T12:00:00Z,97.42,993.55
2022-10-08T12:30:00Z,93.17,1125.05
2022-10-08T13:00:00Z,87.78,1304.65
2022-10-08T13:30:00Z,89.13,1298.45
2022-10-08T14:00:00Z,93.74,1373.9
2022-10-08T14:30:00Z,96.51,1084.35
2022-10-08T15:00:00Z,118.09,958.55
2022-10-08T15:30:00Z,139.86,1099.5
2022-10-08T16:00:00Z,157.44,1357.75
2022-10-08T16:30:00Z,200.96,1570.15
2022-10-08T17:00:00Z,237.7,1018.3
2022-10-08T17:30:00Z,240.20000000000002,1156.55
2022-10-08T18:00:00Z,225.4,1352.05
2022-10-08T18:30:00Z,195.33,1273.75
2022-10-08T19:00:00Z,198.22,1275.25
2022-10-08T19:30:00Z,169.38,963.3
2022-10-08T20:00:00Z,141.95,639.0
2022-10-08T20:30:00Z,143.75,596.55
2022-10-08T21:00:00Z,161.24,673.1
2022-10-08T21:30:00Z,150.45,786.05
2022-10-08T22:00:00Z,153.37,856.9
2022-10-08T22:30:00Z,169.39,738.25
2022-10-08T23:00:00Z,168.47,1044.3
2022-10-08T23:30:00Z,169.82,882.35
2022-10-09T00:00:00Z,146.15,859.15
2022-10-09T00:30:00Z,146.04,759.65
2022-10-09T01:00:00Z,150.99,835.5
2022-10-09T01:30:00Z,132.5,933.25
2022-10-09T02:00:00Z,151.04,942.3
2022-10-09T02:30:00Z,114.26,947.9
2022-10-09T03:00:00Z,143.18,854.3
2022-10-09T03:30:00Z,117.24,764.25
2022-10-09T04:00:00Z,149.48,753.55
2022-10-09T04:30:00Z,145.11,765.75
2022-10-09T05:00:00Z,153.21,954.25
2022-10-09T05:30:00Z,148.58,1268.2
2022-10-09T06:00:00Z,95.0,1274.05
2022-10-09T06:30:00Z,140.7,1292.15
2022-10-09T07:00:00Z,153.29,1243.45
2022-10-09T07:30:00Z,159.53,1355.05
2022-10-09T08:00:00Z,141.39,1377.05
2022-10-09T08:30:00Z,122.16000000000001,1349.6
2022-10-09T09:00:00Z,78.56,1173.7
2022-10-09T09:30:00Z,49.73,1286.65
2022-10-09T10:00:00Z,75.82,1176.1
2022-10-09T10:30:00Z,54.75,1091.45
2022-10-09T11:00:00Z,39.18,1046.05
2022-10-09T11:30:00Z,39.09,1198.4
2022-10-09T12:00:00Z,73.57,1588.95
2022-10-09T12:30:00Z,92.12999999999998,1551.7
2022-10-09T13:00:00Z,104.36,1685.2
2022-10-09T13:30:00Z,105.15,1699.5
2022-10-09T14:00:00Z,110.27000000000001,1361.25
2022-10-09T14:30:00Z,124.43,1385.85
2022-10-09T15:00:00Z,153.8,1410.1
2022-10-09T15:30:00Z,159.17,1321.45
2022-10-09T16:00:00Z,176.83,1253.75
2022-10-09T16:30:00Z,192.47,1315.55
2022-10-09T17:00:00Z,218.74,1078.55
2022-10-09T17:30:00Z,219.12,1165.35
2022-10-09T18:00:00Z,166.61,1347.05
2022-10-09T18:30:00Z,145.44,1335.75
2022-10-09T19:00:00Z,149.53,1368.25
2022-10-09T19:30:00Z,127.8,1556.85
2022-10-09T20:00:00Z,158.45,1205.45
2022-10-09T20:30:00Z,150.4,1186.15
2022-10-09T21:00:00Z,167.14,1115.7
2022-10-09T21:30:00Z,156.84,1121.55
2022-10-09T22:00:00Z,123.94,774.1
2022-10-09T22:30:00Z,83.62999999999998,846.65
2022-10-09T23:00:00Z,82.85,668.1
2022-10-09T23:30:00Z,94.08,590.65
2022-10-10T00:00:00Z,99.71,504.7
2022-10-10T00:30:00Z,104.77999999999999,641.9
2022-10-10T01:00:00Z,102.79,753.55
2022-10-10T01:30:00Z,77.31,728.5
2022-10-10T02:00:00Z,100.26000000000002,763.2
2022-10-10T02:30:00Z,81.32,851.35
2022-10-10T03:00:00Z,135.24,826.3
2022-10-10T03:30:00Z,135.18,831.85
2022-10-10T04:00:00Z,126.96,909.5
2022-10-10T04:30:00Z,121.16,1101.05
2022-10-10T05:00:00Z,185.74,1005.05
2022-10-10T05:30:00Z,199.45,1009.4
2022-10-10T06:00:00Z,225.76,1705.45
2022-10-10T06:30:00Z,235.58,1517.65
2022-10-10T07:00:00Z,225.65,1568.9
2022-10-10T07:30:00Z,213.06000000000003,1376.45
2022-10-10T08:00:00Z,203.92,1483.0
2022-10-10T08:30:00Z,193.04,1333.5
2022-10-10T09:00:00Z,200.66,1701.45
2022-10-10T09:30:00Z,164.54,1433.25
2022-10-10T10:00:00Z,120.98999999999998,1085.9
2022-10-10T10:30:00Z,113.69,1287.15
2022-10-10T11:00:00Z,124.38,1408.45
2022-10-10T11:30:00Z,115.01000000000002,1157.9
2022-10-10T12:00:00Z,112.46999999999998,1216.0
2022-10-10T12:30:00Z,113.77999999999999,1308.0
2022-10-10T13:00:00Z,130.64,1392.7
2022-10-10T13:30:00Z,137.26,1215.55
2022-10-10T14:00:00Z,153.88,990.25
2022-10-10T14:30:00Z,151.74,1336.75
2022-10-10T15:00:00Z,137.01,1000.45
2022-10-10T15:30:00Z,132.41,1050.7
2022-10-10T16:00:00Z,143.96,1029.95
2022-10-10T16:30:00Z,160.32,1355.9
2022-10-10T17:00:00Z,170.69,1794.0
2022-10-10T17:30:00Z,199.28,2191.3
2022-10-10T18:00:00Z,190.37,1707.25
2022-10-10T18:30:00Z,176.65,1471.75
2022-10-10T19:00:00Z,176.92,1641.85
2022-10-10T19:30:00Z,139.45,1447.6
2022-10-10T20:00:00Z,111.43,1122.3
2022-10-10T20:30:00Z,131.2,1890.35
2022-10-10T21:00:00Z,124.72,1207.7
2022-10-10T21:30:00Z,117.87000000000002,1317.3
2022-10-10T22:00:00Z,122.4,1261.75
2022-10-10T22:30:00Z,105.37,1159.55
2022-10-10T23:00:00Z,115.53000000000002,1291.35
2022-10-10T23:30:00Z,121.33,1288.75
2022-10-11T00:00:00Z,125.14,1180.75
2022-10-11T00:30:00Z,122.59,1045.45
2022-10-11T01:00:00Z,125.43999999999998,1528.6
2022-10-11T01:30:00Z,121.6,1069.6
2022-10-11T02:00:00Z,123.58,767.45
2022-10-11T02:30:00Z,116.41,866.95
2022-10-11T03:00:00Z,128.71,773.4
2022-10-11T03:30:00Z,116.99,733.5
2022-10-11T04:00:00Z,134.9,639.3
2022-10-11T04:30:00Z,153.62,955.35
2022-10-11T05:00:00Z,161.49,949.45
2022-10-11T05:30:00Z,192.37,1054.25
2022-10-11T06:00:00Z,248.7,1126.75
2022-10-11T06:30:00Z,289.57,1336.9
2022-10-11T07:00:00Z,233.86,1467.45
2022-10-11T07:30:00Z,223.03,1547.35
2022-10-11T08:00:00Z,204.77,1803.15
2022-10-11T08:30:00Z,177.43,1564.0
2022-10-11T09:00:00Z,168.53,1738.25
2022-10-11T09:30:00Z,174.68,2217.25
2022-10-11T10:00:00Z,148.11,1686.9
2022-10-11T10:30:00Z,132.85,1514.35
2022-10-11T11:00:00Z,141.15,1573.3
2022-10-11T11:30:00Z,148.83,1736.25
2022-10-11T12:00:00Z,152.67,1497.6
2022-10-11T12:30:00Z,142.42,1618.8
2022-10-11T13:00:00Z,147.0,1758.5
2022-10-11T13:30:00Z,148.96,1714.85
2022-10-11T14:00:00Z,152.22,858.95
2022-10-11T14:30:00Z,134.73,837.35
2022-10-11T15:00:00Z,156.36,1339.05
2022-10-11T15:30:00Z,191.26,1135.65
2022-10-11T16:00:00Z,219.95000000000002,1483.5
2022-10-11T16:30:00Z,246.37999999999997,1486.85
2022-10-11T17:00:00Z,265.6,1593.0
2022-10-11T17:30:00Z,270.27,1359.75
2022-10-11T18:00:00Z,251.0,1223.9
2022-10-11T18:30:00Z,229.96060905069749,1175.6000000000001
2022-10-11T19:00:00Z,214.0,853.7
2022-10-11T19:30:00Z,212.18,822.65
2022-10-11T20:00:00Z,193.11512607724225,469.95
2022-10-11T20:30:00Z,188.44,424.8
2022-10-11T21:00:00Z,180.3445024855993,633.65
2022-10-11T21:30:00Z,188.24000000000004,812.35
2022-10-11T22:00:00Z,212.5,354.55
2022-10-11T22:30:00Z,213.28000000000003,701.45
2022-10-11T23:00:00Z,183.67,555.5
2022-10-11T23:30:00Z,170.31,526.4
2022-10-12T00:00:00Z,171.03,764.15
2022-10-12T00:30:00Z,174.58,769.75
2022-10-12T01:00:00Z,167.99,1220.8
2022-10-12T01:30:00Z,157.98,1072.15
2022-10-12T02:00:00Z,160.61,781.9
2022-10-12T02:30:00Z,153.41,1007.65
2022-10-12T03:00:00Z,160.28,1126.8
2022-10-12T03:30:00Z,160.91,1152.75
2022-10-12T04:00:00Z,165.34,617.7
2022-10-12T04:30:00Z,173.66,986.95
2022-10-12T05:00:00Z,143.25,1289.45
2022-10-12T05:30:00Z,155.16,1040.35
2022-10-12T06:00:00Z,155.65,1254.55
2022-10-12T06:30:00Z,187.53,1355.25
2022-10-12T07:00:00Z,203.12999999999997,1328.35
2022-10-12T07:30:00Z,204.29,1221.05
2022-10-12T08:00:00Z,204.12,1135.75
2022-10-12T08:30:00Z,182.95,1317.3
2022-10-12T09:00:00Z,169.56,1096.75
2022-10-12T09:30:00Z,160.25,1161.25
2022-10-12T10:00:00Z,142.08,1579.45
2022-10-12T10:30:00Z,140.91,1654.8
2022-10-12T11:00:00Z,141.8,1669.65
2022-10-12T11:30:00Z,142.32,1798.3
2022-10-12T12:00:00Z,151.63,1756.55
2022-10-12T12:30:00Z,152.54,1796.25
2022-10-12T13:00:00Z,148.74,1871.25
2022-10-12T13:30:00Z,148.92,1797.35
2022-10-12T14:00:00Z,199.36,1904.75
2022-10-12T14:30:00Z,207.95000000000002,1560.45
2022-10-12T15:00:00Z,209.32,1615.0
2022-10-12T15:30:00Z,227.34,1671.2
2022-10-12T16:00:00Z,220.44999999999996,1547.7
2022-10-12T16:30:00Z,252.35,1422.45
2022-10-12T17:00:00Z,286.92,1395.1
2022-10-12T17:30:00Z,310.49,1669.45
2022-10-12T18:00:00Z,257.14,1489.25
2022-10-12T18:30:00Z,236.42,1437.8
2022-10-12T19:00:00Z,214.12,1175.85
2022-10-12T19:30:00Z,202.07,1123.75
2022-10-12T20:00:00Z,201.0,835.45
2022-10-12T20:30:00Z,202.21,997.5
2022-10-12T21:00:00Z,190.33,1040.2
2022-10-12T21:30:00Z,173.63,1108.3
2022-10-12T22:00:00Z,137.56,528.75
2022-10-12T22:30:00Z,109.87,443.9
2022-10-12T23:00:00Z,124.28999999999999,360.55
2022-10-12T23:30:00Z,125.53999999999999,667.5
2022-10-13T00:00:00Z,139.42,721.5
2022-10-13T00:30:00Z,171.73,661.35
2022-10-13T01:00:00Z,142.59,800.4
2022-10-13T01:30:00Z,136.78,732.65
2022-10-13T02:00:00Z,145.15,702.45
2022-10-13T02:30:00Z,137.06,644.4
2022-10-13T03:00:00Z,137.92,668.35
2022-10-13T03:30:00Z,147.25,752.0
2022-10-13T04:00:00Z,139.71,430.55
2022-10-13T04:30:00Z,138.64,409.45
2022-10-13T05:00:00Z,149.27,405.7
2022-10-13T05:30:00Z,184.63999999999996,854.5
2022-10-13T06:00:00Z,231.14,774.95
2022-10-13T06:30:00Z,270.71,931.5
2022-10-13T07:00:00Z,217.97,820.75
2022-10-13T07:30:00Z,239.02,930.3
2022-10-13T08:00:00Z,247.54,1285.85
2022-10-13T08:30:00Z,228.13000000000002,1346.7
2022-10-13T09:00:00Z,223.75,1387.75
2022-10-13T09:30:00Z,200.71,1275.55
2022-10-13T10:00:00Z,200.17,1214.65
2022-10-13T10:30:00Z,167.48,1103.25
2022-10-13T11:00:00Z,155.33,1013.5
2022-10-13T11:30:00Z,149.67,1054.55
2022-10-13T12:00:00Z,129.53,1264.15
2022-10-13T12:30:00Z,128.32,1458.5
2022-10-13T13:00:00Z,135.6,1452.7
2022-10-13T13:30:00Z,136.19,1466.35
2022-10-13T14:00:00Z,149.64,1467.55
2022-10-13T14:30:00Z,148.76,1556.55
2022-10-13T15:00:00Z,150.68,1685.6
2022-10-13T15:30:00Z,176.06000000000003,1635.65
2022-10-13T16:00:00Z,195.68,1732.75
2022-10-13T16:30:00Z,210.76,1688.95
2022-10-13T17:00:00Z,210.65,1945.55
2022-10-13T17:30:00Z,221.97,2039.1
2022-10-13T18:00:00Z,243.98,2010.8
2022-10-13T18:30:00Z,213.69,1555.65
2022-10-13T19:00:00Z,213.21,1711.65
2022-10-13T19:30:00Z,176.68,1276.1
2022-10-13T20:00:00Z,180.71,1028.2
2022-10-13T20:30:00Z,148.82,805.3
2022-10-13T21:00:00Z,149.09,952.25
2022-10-13T21:30:00Z,146.64,1023.65
2022-10-13T22:00:00Z,115.58999999999999,400.1
2022-10-13T22:30:00Z,119.22,476.4
2022-10-13T23:00:00Z,130.8,479.2
2022-10-13T23:30:00Z,113.12,591.05
2022-10-14T00:00:00Z,113.26,407.7
2022-10-14T00:30:00Z,115.07000000000001,595.15
2022-10-14T01:00:00Z,121.26,642.7
2022-10-14T01:30:00Z,128.47,670.55
2022-10-14T02:00:00Z,140.82,911.75
2022-10-14T02:30:00Z,140.35,802.95
2022-10-14T03:00:00Z,153.31,1211.75
2022-10-14T03:30:00Z,145.87,1020.6
2022-10-14T04:00:00Z,177.78,701.15
2022-10-14T04:30:00Z,188.12,908.9
2022-10-14T05:00:00Z,185.47,939.0
2022-10-14T05:30:00Z,199.88,1107.15
2022-10-14T06:00:00Z,251.24,1274.5
2022-10-14T06:30:00Z,316.1,1418.6
2022-10-14T07:00:00Z,289.51,1237.7
2022-10-14T07:30:00Z,284.04,1580.3
2022-10-14T08:00:00Z,267.79,1947.9
2022-10-14T08:30:00Z,257.18,1574.0
2022-10-14T09:00:00Z,240.07,1570.25
2022-10-14T09:30:00Z,212.07,1595.7
2022-10-14T10:00:00Z,175.94,1393.75
2022-10-14T10:30:00Z,162.27,1063.75
2022-10-14T11:00:00Z,168.15,1162.9
2022-10-14T11:30:00Z,153.55,1227.5
2022-10-14T12:00:00Z,134.0,1357.5
2022-10-14T12:30:00Z,130.63,1106.2
2022-10-14T13:00:00Z,133.32,1150.6
2022-10-14T13:30:00Z,138.05,1418.0
2022-10-14T14:00:00Z,145.15999999999997,932.5
2022-10-14T14:30:00Z,142.22,909.55
2022-10-14T15:00:00Z,152.31,1067.9
2022-10-14T15:30:00Z,181.65,1502.7
2022-10-14T16:00:00Z,185.56,1291.7
2022-10-14T16:30:00Z,199.41,1565.25
2022-10-14T17:00:00Z,206.08,1573.7
2022-10-14T17:30:00Z,228.61999999999998,1418.45
2022-10-14T18:00:00Z,204.43,1815.8
2022-10-14T18:30:00Z,171.6,1584.9
2022-10-14T19:00:00Z,174.93,1510.45
2022-10-14T19:30:00Z,164.43,1550.4
2022-10-14T20:00:00Z,155.32,1538.2
2022-10-14T20:30:00Z,137.2,1330.95
2022-10-14T21:00:00Z,147.4,1297.85
2022-10-14T21:30:00Z,142.84,1361.3
2022-10-14T22:00:00Z,152.26,887.85
2022-10-14T22:30:00Z,162.59,971.45
2022-10-14T23:00:00Z,117.67,975.8
2022-10-14T23:30:00Z,120.06000000000002,771.5
2022-10-15T00:00:00Z,124.48999999999998,559.65
2022-10-15T00:30:00Z,130.08,511.0
2022-10-15T01:00:00Z,150.4,762.35
2022-10-15T01:30:00Z,116.18,693.75
2022-10-15T02:00:00Z,118.68999999999998,733.1
2022-10-15T02:30:00Z,102.77,592.65
2022-10-15T03:00:00Z,126.85,1054.9
2022-10-15T03:30:00Z,122.69,1000.95
2022-10-15T04:00:00Z,152.36,1172.25
2022-10-15T04:30:00Z,141.49,1299.5
2022-10-15T05:00:00Z,164.02,1228.2
2022-10-15T05:30:00Z,163.09,1636.6
2022-10-15T06:00:00Z,138.86,1317.1
2022-10-15T06:30:00Z,133.19,1474.7
2022-10-15T07:00:00Z,120.86999999999999,1469.2
2022-10-15T07:30:00Z,123.64,1591.9
2022-10-15T08:00:00Z,108.89,1868.0
2022-10-15T08:30:00Z,110.05,2187.3
2022-10-15T09:00:00Z,129.87,2504.95
2022-10-15T09:30:00Z,134.16,2495.4
2022-10-15T10:00:00Z,108.35,1792.95
2022-10-15T10:30:00Z,99.84,1914.55
2022-10-15T11:00:00Z,94.56,1810.05
2022-10-15T11:30:00Z,88.98,1812.2
2022-10-15T12:00:00Z,89.77,2010.45
2022-10-15T12:30:00Z,84.06,1791.85
2022-10-15T13:00:00Z,75.94,1979.4
2022-10-15T13:30:00Z,72.89,2270.35
2022-10-15T14:00:00Z,102.27,1758.75
2022-10-15T14:30:00Z,97.43,1675.4
2022-10-15T15:00:00Z,102.43000000000002,1623.35
2022-10-15T15:30:00Z,133.54,1779.4
2022-10-15T16:00:00Z,139.82,1612.7
2022-10-15T16:30:00Z,158.36,1524.4
2022-10-15T17:00:00Z,154.35,1633.2
2022-10-15T17:30:00Z,154.45,1730.85
2022-10-15T18:00:00Z,148.33,1430.25
2022-10-15T18:30:00Z,115.47,1285.25
2022-10-15T19:00:00Z,125.19999999999999,1221.6
2022-10-15T19:30:00Z,108.85,972.15
2022-10-15T20:00:00Z,96.93,852.5
2022-10-15T20:30:00Z,124.06,967.25
2022-10-15T21:00:00Z,134.23,881.0
2022-10-15T21:30:00Z,92.24,822.2
2022-10-15T22:00:00Z,96.86,1247.25
2022-10-15T22:30:00Z,52.88,1024.4
2022-10-15T23:00:00Z,83.74,753.15
2022-10-15T23:30:00Z,59.54,818.6
2022-10-16T00:00:00Z,61.8,756.55
2022-10-16T00:30:00Z,54.64,629.15
2022-10-16T01:00:00Z,53.49,739.05
2022-10-16T01:30:00Z,42.37,900.95
2022-10-16T02:00:00Z,79.02,686.7
2022-10-16T02:30:00Z,64.3,721.05
2022-10-16T03:00:00Z,76.39,812.25
2022-10-16T03:30:00Z,57.16,733.0
2022-10-16T04:00:00Z,47.46,665.7
2022-10-16T04:30:00Z,50.74,656.2
2022-10-16T05:00:00Z,54.07,878.35
2022-10-16T05:30:00Z,65.01,1101.75
2022-10-16T06:00:00Z,67.82,933.7
2022-10-16T06:30:00Z,111.27000000000001,1294.25
2022-10-16T07:00:00Z,58.01,1234.25
2022-10-16T07:30:00Z,78.24,1282.9
2022-10-16T08:00:00Z,101.59,1110.4
2022-10-16T08:30:00Z,107.63,1289.85
2022-10-16T09:00:00Z,82.25,1425.6
2022-10-16T09:30:00Z,70.65,1201.65
2022-10-16T10:00:00Z,51.94,1310.2
2022-10-16T10:30:00Z,92.34,1272.25
2022-10-16T11:00:00Z,89.46999999999998,1573.35
2022-10-16T11:30:00Z,104.07,1751.15
2022-10-16T12:00:00Z,86.99,1267.95
2022-10-16T12:30:00Z,92.29,1151.0
2022-10-16T13:00:00Z,104.12,1315.1
2022-10-16T13:30:00Z,110.23,1624.2
2022-10-16T14:00:00Z,133.53,1490.95
2022-10-16T14:30:00Z,115.2,1503.3
2022-10-16T15:00:00Z,165.15,1384.85
2022-10-16T15:30:00Z,168.76,1234.85
2022-10-16T16:00:00Z,174.58,1071.2
2022-10-16T16:30:00Z,178.59,1090.5
2022-10-16T17:00:00Z,185.98,1404.25
2022-10-16T17:30:00Z,184.5,1108.35
2022-10-16T18:00:00Z,186.97,2128.95
2022-10-16T18:30:00Z,131.7,1736.05
2022-10-16T19:00:00Z,149.94,1609.85
2022-10-16T19:30:00Z,119.86,1253.1
2022-10-16T20:00:00Z,119.3,1295.65
2022-10-16T20:30:00Z,122.6,1302.9
2022-10-16T21:00:00Z,127.58000000000001,1409.5
2022-10-16T21:30:00Z,121.18,1570.05
2022-10-16T22:00:00Z,125.11,1471.65
2022-10-16T22:30:00Z,125.86,1233.1
2022-10-16T23:00:00Z,114.42000000000002,1317.4
2022-10-16T23:30:00Z,114.54,1181.4
2022-10-17T00:00:00Z,101.13,1110.55
2022-10-17T00:30:00Z,104.63,1084.65
2022-10-17T01:00:00Z,104.62,1069.8
2022-10-17T01:30:00Z,99.71,1198.65
2022-10-17T02:00:00Z,117.69,1105.7
2022-10-17T02:30:00Z,114.44,1058.0
2022-10-17T03:00:00Z,121.1,1123.75
2022-10-17T03:30:00Z,112.25,1421.0
2022-10-17T04:00:00Z,141.26,1201.7
2022-10-17T04:30:00Z,138.26,1420.3
2022-10-17T05:00:00Z,137.72,1415.35
2022-10-17T05:30:00Z,123.25,2019.05
2022-10-17T06:00:00Z,110.51,1277.15
2022-10-17T06:30:00Z,157.78,1544.05
2022-10-17T07:00:00Z,125.25,1461.0
2022-10-17T07:30:00Z,130.56,1370.55
2022-10-17T08:00:00Z,139.34,1165.95
2022-10-17T08:30:00Z,111.8,1205.4
2022-10-17T09:00:00Z,110.73,865.6
2022-10-17T09:30:00Z,80.67,1027.85
2022-10-17T10:00:00Z,80.77,1370.95
2022-10-17T10:30:00Z,71.75,1411.3
2022-10-17T11:00:00Z,73.78,1433.1
2022-10-17T11:30:00Z,65.68,1472.5
2022-10-17T12:00:00Z,59.57,1466.4
2022-10-17T12:30:00Z,56.43,1372.9
2022-10-17T13:00:00Z,58.60999999999999,1275.65
2022-10-17T13:30:00Z,54.83,1292.3
2022-10-17T14:00:00Z,41.95,1170.85
2022-10-17T14:30:00Z,46.45,1304.75
2022-10-17T15:00:00Z,62.03000000000001,1086.75
2022-10-17T15:30:00Z,72.17,1319.3
2022-10-17T16:00:00Z,85.59,1324.55
2022-10-17T16:30:00Z,91.46,1418.25
2022-10-17T17:00:00Z,98.33,1365.9
2022-10-17T17:30:00Z,103.03,1413.7
2022-10-17T18:00:00Z,81.72,2192.25
2022-10-17T18:30:00Z,70.31,1815.4
2022-10-17T19:00:00Z,67.11,1601.65
2022-10-17T19:30:00Z,58.88,1774.6
2022-10-17T20:00:00Z,49.14,1817.6
2022-10-17T20:30:00Z,45.79999999999999,1594.1
2022-10-17T21:00:00Z,44.440000000000005,1841.65
2022-10-17T21:30:00Z,39.25,1821.5
2022-10-17T22:00:00Z,16.92,842.4
2022-10-17T22:30:00Z,11.65,816.8
2022-10-17T23:00:00Z,12.95,920.25
2022-10-17T23:30:00Z,17.88,842.0
2022-10-18T00:00:00Z,22.830000000000002,935.5
2022-10-18T00:30:00Z,49.41,1178.5
2022-10-18T01:00:00Z,42.78,1195.7
2022-10-18T01:30:00Z,42.81,1237.9
2022-10-18T02:00:00Z,41.64,522.6
2022-10-18T02:30:00Z,37.19,778.1
2022-10-18T03:00:00Z,31.77,773.25
2022-10-18T03:30:00Z,32.03,811.95
2022-10-18T04:00:00Z,45.21,702.9
2022-10-18T04:30:00Z,48.92,748.7
2022-10-18T05:00:00Z,46.14,961.4
2022-10-18T05:30:00Z,57.19,1096.6
2022-10-18T06:00:00Z,76.15,1356.4
2022-10-18T06:30:00Z,119.82999999999998,1116.25
2022-10-18T07:00:00Z,119.61,1276.85
2022-10-18T07:30:00Z,109.71999999999998,1260.45
2022-10-18T08:00:00Z,106.0,894.4
2022-10-18T08:30:00Z,83.64,1151.6
2022-10-18T09:00:00Z,82.92,1098.85
2022-10-18T09:30:00Z,72.57,1047.75
2022-10-18T10:00:00Z,44.69,1141.35
2022-10-18T10:30:00Z,43.05,1362.4
2022-10-18T11:00:00Z,45.94,1487.25
2022-10-18T11:30:00Z,46.29,1728.35
2022-10-18T12:00:00Z,45.96,1348.95
2022-10-18T12:30:00Z,45.96,1446.4
2022-10-18T13:00:00Z,44.52,1292.1
2022-10-18T13:30:00Z,45.0,1413.8
2022-10-18T14:00:00Z,90.46,2223.1
2022-10-18T14:30:00Z,105.48,1969.6
2022-10-18T15:00:00Z,105.03,2171.8
2022-10-18T15:30:00Z,133.45,2318.85
2022-10-18T16:00:00Z,155.14,2060.25
2022-10-18T16:30:00Z,175.96,2161.15
2022-10-18T17:00:00Z,173.98,2287.5
2022-10-18T17:30:00Z,167.36,2081.55
2022-10-18T18:00:00Z,178.86,2479.3
2022-10-18T18:30:00Z,133.9,2085.7
2022-10-18T19:00:00Z,136.78,2165.45
2022-10-18T19:30:00Z,117.76,1737.1
2022-10-18T20:00:00Z,110.12999999999998,1489.75
2022-10-18T20:30:00Z,69.25,810.9
2022-10-18T21:00:00Z,79.42,978.75
2022-10-18T21:30:00Z,56.38,1288.35
2022-10-18T22:00:00Z,61.800000000000004,706.75
2022-10-18T22:30:00Z,49.77,684.2
2022-10-18T23:00:00Z,43.84,781.95
2022-10-18T23:30:00Z,38.75,667.25
2022-10-19T00:00:00Z,45.19,1267.0
2022-10-19T00:30:00Z,38.12,992.8
2022-10-19T01:00:00Z,40.16,1111.15
2022-10-19T01:30:00Z,38.55,982.9
2022-10-19T02:00:00Z,39.95,975.55
2022-10-19T02:30:00Z,38.57,1140.05
2022-10-19T03:00:00Z,36.72,1099.35
2022-10-19T03:30:00Z,45.12,1374.9
2022-10-19T04:00:00Z,42.27,1009.25
2022-10-19T04:30:00Z,46.04,1401.6
2022-10-19T05:00:00Z,39.89,827.5
2022-10-19T05:30:00Z,43.16,1119.1
2022-10-19T06:00:00Z,50.1,929.35
2022-10-19T06:30:00Z,55.88,1156.6
2022-10-19T07:00:00Z,64.07,1288.2
2022-10-19T07:30:00Z,58.45,1080.0
2022-10-19T08:00:00Z,53.1,1136.2
2022-10-19T08:30:00Z,46.43,1044.3
2022-10-19T09:00:00Z,49.12,1290.1
2022-10-19T09:30:00Z,50.29,1349.5
2022-10-19T10:00:00Z,45.41,1397.2
2022-10-19T10:30:00Z,43.81,1258.85
2022-10-19T11:00:00Z,43.53,1190.55
2022-10-19T11:30:00Z,42.13,1485.2
2022-10-19T12:00:00Z,42.92,1595.85
2022-10-19T12:30:00Z,43.99,1430.2
2022-10-19T13:00:00Z,46.69,1294.3
2022-10-19T13:30:00Z,50.99,1395.8
2022-10-19T14:00:00Z,58.09,1140.8
2022-10-19T14:30:00Z,59.44,1406.1
2022-10-19T15:00:00Z,51.77,1264.55
2022-10-19T15:30:00Z,49.919999999999995,1527.35
2022-10-19T16:00:00Z,58.27,1378.3
2022-10-19T16:30:00Z,62.41,1460.05
2022-10-19T17:00:00Z,66.5,1487.35
2022-10-19T17:30:00Z,65.51,1435.15
2022-10-19T18:00:00Z,73.74,1100.05
2022-10-19T18:30:00Z,69.33,1262.95
2022-10-19T19:00:00Z,51.97,958.35
2022-10-19T19:30:00Z,44.0,1067.0
2022-10-19T20:00:00Z,39.37,1244.85
2022-10-19T20:30:00Z,39.46,1244.3
2022-10-19T21:00:00Z,35.99,1247.3
2022-10-19T21:30:00Z,33.79,1486.6
2022-10-19T22:00:00Z,55.40999999999999,759.65
2022-10-19T22:30:00Z,42.16,879.8
2022-10-19T23:00:00Z,62.48,890.8
2022-10-19T23:30:00Z,59.24,914.5
2022-10-20T00:00:00Z,60.27,1003.15
2022-10-20T00:30:00Z,74.23,1077.4
2022-10-20T01:00:00Z,75.75,1217.8
2022-10-20T01:30:00Z,71.86,1261.7
2022-10-20T02:00:00Z,71.27,1474.5
2022-10-20T02:30:00Z,76.31,1437.95
2022-10-20T03:00:00Z,85.35,1512.2
2022-10-20T03:30:00Z,78.45,1501.85
2022-10-20T04:00:00Z,71.09,991.4
2022-10-20T04:30:00Z,64.56,1057.75
2022-10-20T05:00:00Z,78.24,970.2
2022-10-20T05:30:00Z,74.74,1060.55
2022-10-20T06:00:00Z,76.31,1405.45
2022-10-20T06:30:00Z,91.48,1304.45
2022-10-20T07:00:00Z,112.57000000000001,1396.55
2022-10-20T07:30:00Z,122.69999999999999,1439.3
2022-10-20T08:00:00Z,118.23,1722.85
2022-10-20T08:30:00Z,128.03,1808.3
2022-10-20T09:00:00Z,127.65,1594.7
2022-10-20T09:30:00Z,116.49999999999999,1626.55
2022-10-20T10:00:00Z,95.93,1616.85
2022-10-20T10:30:00Z,87.31,1797.35
2022-10-20T11:00:00Z,92.67,1989.15
2022-10-20T11:30:00Z,115.45,2047.85
2022-10-20T12:00:00Z,147.68,2348.4
2022-10-20T12:30:00Z,144.23,2313.95
2022-10-20T13:00:00Z,143.56,2544.4
2022-10-20T13:30:00Z,123.52,2673.3
2022-10-20T14:00:00Z,128.95,2334.7
2022-10-20T14:30:00Z,135.17,1997.8
2022-10-20T15:00:00Z,138.69,2385.4
2022-10-20T15:30:00Z,159.3,2511.05
2022-10-20T16:00:00Z,167.24,2205.6
2022-10-20T16:30:00Z,188.05,2517.85
2022-10-20T17:00:00Z,174.17,2486.5
2022-10-20T17:30:00Z,171.65,2620.25
2022-10-20T18:00:00Z,187.1,2349.05
2022-10-20T18:30:00Z,189.47,2326.1
2022-10-20T19:00:00Z,202.68,2311.45
2022-10-20T19:30:00Z,176.51,2702.65
2022-10-20T20:00:00Z,177.48,2514.5
2022-10-20T20:30:00Z,151.22,2213.0
2022-10-20T21:00:00Z,168.53,2092.15
2022-10-20T21:30:00Z,142.47,1872.5
2022-10-20T22:00:00Z,126.79,953.6
2022-10-20T22:30:00Z,126.55,909.6
2022-10-20T23:00:00Z,129.23,783.9
2022-10-20T23:30:00Z,117.96000000000001,721.2
2022-10-21T00:00:00Z,135.79,597.2
2022-10-21T00:30:00Z,132.37,677.55
2022-10-21T01:00:00Z,138.37,708.95
2022-10-21T01:30:00Z,134.97,650.95
2022-10-21T02:00:00Z,130.9,999.9
2022-10-21T02:30:00Z,127.21,1205.6
2022-10-21T03:00:00Z,132.27,1188.15
2022-10-21T03:30:00Z,135.49,1317.95
2022-10-21T04:00:00Z,149.22,1148.95
2022-10-21T04:30:00Z,173.19,1290.4
2022-10-21T05:00:00Z,178.91,1050.45
2022-10-21T05:30:00Z,184.21,1288.95
2022-10-21T06:00:00Z,200.46,1443.4
2022-10-21T06:30:00Z,216.14,1428.3
2022-10-21T07:00:00Z,200.55999999999997,1331.95
2022-10-21T07:30:00Z,199.94,1353.05
2022-10-21T08:00:00Z,197.79,1668.1
2022-10-21T08:30:00Z,194.4,1963.45
2022-10-21T09:00:00Z,186.74,2265.15
2022-10-21T09:30:00Z,182.91,2004.15
2022-10-21T10:00:00Z,166.33,1646.6
2022-10-21T10:30:00Z,161.68,1657.15
2022-10-21T11:00:00Z,160.02,1475.5
2022-10-21T11:30:00Z,151.62,1590.2
2022-10-21T12:00:00Z,139.6,2030.9
2022-10-21T12:30:00Z,143.36,1845.35
2022-10-21T13:00:00Z,133.47,1971.75
2022-10-21T13:30:00Z,134.32,2032.4
2022-10-21T14:00:00Z,160.73,2173.15
2022-10-21T14:30:00Z,163.08,2165.95
2022-10-21T15:00:00Z,175.83,2106.8
2022-10-21T15:30:00Z,195.12,2001.0
2022-10-21T16:00:00Z,192.5,2697.7
2022-10-21T16:30:00Z,193.17,2393.2
2022-10-21T17:00:00Z,188.18,2084.1
2022-10-21T17:30:00Z,187.94,2492.5
2022-10-21T18:00:00Z,174.83,2155.95
2022-10-21T18:30:00Z,152.06,2221.25
2022-10-21T19:00:00Z,146.94,1764.45
2022-10-21T19:30:00Z,140.09,1789.9
2022-10-21T20:00:00Z,130.89,1534.3
2022-10-21T20:30:00Z,120.83999999999999,1299.65
2022-10-21T21:00:00Z,110.81,1465.6
2022-10-21T21:30:00Z,104.92,1559.1
2022-10-21T22:00:00Z,92.34,683.2
2022-10-21T22:30:00Z,96.47,823.55
2022-10-21T23:00:00Z,108.5,654.85
2022-10-21T23:30:00Z,95.79,487.6
2022-10-22T00:00:00Z,90.97,714.25
2022-10-22T00:30:00Z,88.01,559.3
2022-10-22T01:00:00Z,88.77,602.45
2022-10-22T01:30:00Z,80.85,552.75
2022-10-22T02:00:00Z,89.31000000000002,835.7
2022-10-22T02:30:00Z,79.59,911.7
2022-10-22T03:00:00Z,76.1,967.0
2022-10-22T03:30:00Z,73.52,828.65
2022-10-22T04:00:00Z,55.56,619.6
2022-10-22T04:30:00Z,56.88,765.0
2022-10-22T05:00:00Z,59.83,1087.75
2022-10-22T05:30:00Z,63.550000000000004,1050.1
2022-10-22T06:00:00Z,66.72,1027.8
2022-10-22T06:30:00Z,63.849999999999994,890.85
2022-10-22T07:00:00Z,59.44,791.95
2022-10-22T07:30:00Z,61.78,798.0
2022-10-22T08:00:00Z,52.28,913.2
2022-10-22T08:30:00Z,55.93,1033.85
2022-10-22T09:00:00Z,55.39999999999999,1236.5
2022-10-22T09:30:00Z,54.96,1295.45
2022-10-22T10:00:00Z,56.82,1231.75
2022-10-22T10:30:00Z,56.85,1270.1
2022-10-22T11:00:00Z,56.84,1287.25
2022-10-22T11:30:00Z,59.07999999999999,1377.15
2022-10-22T12:00:00Z,55.8,1269.05
2022-10-22T12:30:00Z,56.83,1293.8
2022-10-22T13:00:00Z,55.38999999999999,1448.8
2022-10-22T13:30:00Z,54.22,1523.65
2022-10-22T14:00:00Z,58.24,1559.55
2022-10-22T14:30:00Z,56.19,1432.95
2022-10-22T15:00:00Z,53.870000000000005,1409.45
2022-10-22T15:30:00Z,60.78,1345.85
2022-10-22T16:00:00Z,65.26,1595.15
2022-10-22T16:30:00Z,91.21000000000001,1586.7
2022-10-22T17:00:00Z,96.5,1545.6
2022-10-22T17:30:00Z,102.45,1853.5
2022-10-22T18:00:00Z,88.43,1577.45
2022-10-22T18:30:00Z,69.4,1465.0
2022-10-22T19:00:00Z,86.73,1510.6
2022-10-22T19:30:00Z,75.46,1598.1
2022-10-22T20:00:00Z,79.49,1394.5
2022-10-22T20:30:00Z,70.56,1197.8
2022-10-22T21:00:00Z,69.44,1354.95
2022-10-22T21:30:00Z,67.29,1485.2
2022-10-22T22:00:00Z,73.01,749.4
2022-10-22T22:30:00Z,64.78,777.55
2022-10-22T23:00:00Z,63.17,484.8
2022-10-22T23:30:00Z,66.07,477.3
2022-10-23T00:00:00Z,67.5,491.8
2022-10-23T00:30:00Z,93.48,518.25
2022-10-23T01:00:00Z,82.53,681.4
2022-10-23T01:30:00Z,87.42,723.2
2022-10-23T02:00:00Z,73.43,625.0
2022-10-23T02:30:00Z,64.84,696.25
2022-10-23T03:00:00Z,67.05,773.8
2022-10-23T03:30:00Z,62.36000000000001,822.4
2022-10-23T04:00:00Z,73.49000000000001,930.9
2022-10-23T04:30:00Z,67.08,767.5
2022-10-23T05:00:00Z,74.76,961.5
2022-10-23T05:30:00Z,85.53,933.15
2022-10-23T06:00:00Z,107.72,1185.5
2022-10-23T06:30:00Z,140.24,1459.7
2022-10-23T07:00:00Z,77.0,994.15
2022-10-23T07:30:00Z,73.58,926.6
2022-10-23T08:00:00Z,67.51,858.7
2022-10-23T08:30:00Z,66.05,879.3
2022-10-23T09:00:00Z,78.73,1183.35
2022-10-23T09:30:00Z,79.95,1058.35
2022-10-23T10:00:00Z,86.0,888.0
2022-10-23T10:30:00Z,88.47,913.7
2022-10-23T11:00:00Z,81.44,1225.4
2022-10-23T11:30:00Z,80.92,1293.75
2022-10-23T12:00:00Z,90.02,1439.6
2022-10-23T12:30:00Z,90.01,1732.95
2022-10-23T13:00:00Z,77.15,1774.4
2022-10-23T13:30:00Z,77.43,2161.85
2022-10-23T14:00:00Z,69.07,1445.65
2022-10-23T14:30:00Z,64.18,1714.2
2022-10-23T15:00:00Z,60.74,1366.95
2022-10-23T15:30:00Z,65.96,1268.0
2022-10-23T16:00:00Z,64.78,1118.3
2022-10-23T16:30:00Z,79.94,1073.55
2022-10-23T17:00:00Z,75.89,1127.95
2022-10-23T17:30:00Z,83.89,1006.55
2022-10-23T18:00:00Z,85.12,1221.85
2022-10-23T18:30:00Z,67.17,1141.65
2022-10-23T19:00:00Z,74.35,1129.35
2022-10-23T19:30:00Z,61.72,1506.7
2022-10-23T20:00:00Z,58.8,1047.35
2022-10-23T20:30:00Z,52.9,1233.6
2022-10-23T21:00:00Z,53.8,1472.7
2022-10-23T21:30:00Z,51.47,1420.55
2022-10-23T22:00:00Z,28.7,584.85
2022-10-23T22:30:00Z,36.74,595.45
2022-10-23T23:00:00Z,44.06,855.1
2022-10-23T23:30:00Z,35.64,1002.55
2022-10-24T00:00:00Z,24.7,1156.75
2022-10-24T00:30:00Z,36.19,1611.9
2022-10-24T01:00:00Z,34.0,1167.7
2022-10-24T01:30:00Z,34.72,1388.65
2022-10-24T02:00:00Z,34.89,1068.1
2022-10-24T02:30:00Z,32.62,1275.75
2022-10-24T03:00:00Z,42.13,1167.1
2022-10-24T03:30:00Z,35.37,1261.3
2022-10-24T04:00:00Z,56.12,1074.35
2022-10-24T04:30:00Z,31.160000000000004,607.6
2022-10-24T05:00:00Z,63.79,1091.95
2022-10-24T05:30:00Z,37.5,1014.3
2022-10-24T06:00:00Z,44.94,1567.35
2022-10-24T06:30:00Z,55.42000000000001,1388.75
2022-10-24T07:00:00Z,47.69,1383.1
2022-10-24T07:30:00Z,46.88,1749.9
2022-10-24T08:00:00Z,55.62,1766.8
2022-10-24T08:30:00Z,59.27,1433.6
2022-10-24T09:00:00Z,59.33,1619.2
2022-10-24T09:30:00Z,59.79,1647.3
2022-10-24T10:00:00Z,67.83,1583.45
2022-10-24T10:30:00Z,64.1,1556.25
2022-10-24T11:00:00Z,64.65,1586.55
2022-10-24T11:30:00Z,60.41,1570.7
2022-10-24T12:00:00Z,63.28,1533.35
2022-10-24T12:30:00Z,60.11999999999999,1451.3
2022-10-24T13:00:00Z,61.17,1472.05
2022-10-24T13:30:00Z,59.53,1711.9
2022-10-24T14:00:00Z,66.75,1513.4
2022-10-24T14:30:00Z,63.08,1662.35
2022-10-24T15:00:00Z,72.12,1675.5
2022-10-24T15:30:00Z,85.16999999999999,1572.1
2022-10-24T16:00:00Z,94.68,1827.1
2022-10-24T16:30:00Z,101.12,2085.5
2022-10-24T17:00:00Z,94.13,2159.95
2022-10-24T17:30:00Z,91.36,1952.6
2022-10-24T18:00:00Z,83.69,1815.35
2022-10-24T18:30:00Z,71.42,1536.6
2022-10-24T19:00:00Z,70.92,1674.4
2022-10-24T19:30:00Z,66.92,1493.9
2022-10-24T20:00:00Z,59.760000000000005,1450.25
2022-10-24T20:30:00Z,55.18,1244.25
2022-10-24T21:00:00Z,58.72,1439.8
2022-10-24T21:30:00Z,53.74,1467.8
2022-10-24T22:00:00Z,49.94,1109.5
2022-10-24T22:30:00Z,50.85,1211.95
2022-10-24T23:00:00Z,44.21,1062.35
2022-10-24T23:30:00Z,42.28,1223.9
2022-10-25T00:00:00Z,38.28,1356.85
2022-10-25T00:30:00Z,44.54,1314.0
2022-10-25T01:00:00Z,41.06,1546.85
2022-10-25T01:30:00Z,37.19,1359.45
2022-10-25T02:00:00Z,52.57,960.3
2022-10-25T02:30:00Z,44.74,1023.5
2022-10-25T03:00:00Z,38.61,987.7
2022-10-25T03:30:00Z,33.11,1222.15
2022-10-25T04:00:00Z,37.849999999999994,928.95
2022-10-25T04:30:00Z,53.79,1134.85
2022-10-25T05:00:00Z,75.58,1179.4
2022-10-25T05:30:00Z,59.4,1384.65
2022-10-25T06:00:00Z,61.45,1052.8
2022-10-25T06:30:00Z,96.33,1665.8
2022-10-25T07:00:00Z,76.19,1137.15
2022-10-25T07:30:00Z,123.08000000000001,1251.35
2022-10-25T08:00:00Z,109.67,1690.15
2022-10-25T08:30:00Z,87.12,1408.3
2022-10-25T09:00:00Z,84.84,1780.75
2022-10-25T09:30:00Z,80.96,1852.45
2022-10-25T10:00:00Z,74.05,1281.45
2022-10-25T10:30:00Z,68.2,1158.15
2022-10-25T11:00:00Z,62.22,953.2
2022-10-25T11:30:00Z,65.56,1006.1
2022-10-25T12:00:00Z,65.72,1174.1
2022-10-25T12:30:00Z,68.76,1366.85
2022-10-25T13:00:00Z,74.51,1224.2
2022-10-25T13:30:00Z,71.33,1338.5
2022-10-25T14:00:00Z,84.19,1164.0
2022-10-25T14:30:00Z,92.3,1242.8
2022-10-25T15:00:00Z,99.41999999999999,1638.8
2022-10-25T15:30:00Z,115.92,1968.05
2022-10-25T16:00:00Z,120.85,1889.8
2022-10-25T16:30:00Z,128.57,2102.25
2022-10-25T17:00:00Z,126.45999999999998,2377.5
2022-10-25T17:30:00Z,117.80000000000001,2269.3
2022-10-25T18:00:00Z,115.85,2634.1
2022-10-25T18:30:00Z,78.05,1731.85
2022-10-25T19:00:00Z,89.98,2195.0
2022-10-25T19:30:00Z,71.24,1497.7
2022-10-25T20:00:00Z,76.53,1689.85
2022-10-25T20:30:00Z,74.8,1298.35
2022-10-25T21:00:00Z,68.11,1404.8
2022-10-25T21:30:00Z,57.53,1894.7
2022-10-25T22:00:00Z,64.24,1477.85
2022-10-25T22:30:00Z,66.36,1615.35
2022-10-25T23:00:00Z,69.39,1769.15
2022-10-25T23:30:00Z,67.91,1632.9
2022-10-26T00:00:00Z,58.19,1576.55
2022-10-26T00:30:00Z,57.75,1137.95
2022-10-26T01:00:00Z,59.14999999999999,1307.65
2022-10-26T01:30:00Z,56.040000000000006,1183.75
2022-10-26T02:00:00Z,35.78,842.15
2022-10-26T02:30:00Z,29.0,810.6
2022-10-26T03:00:00Z,26.29,1007.2
2022-10-26T03:30:00Z,36.41,1041.1
2022-10-26T04:00:00Z,36.81,1068.35
2022-10-26T04:30:00Z,41.37,1040.75
2022-10-26T05:00:00Z,41.89,1213.9
2022-10-26T05:30:00Z,54.45,1455.25
2022-10-26T06:00:00Z,48.01,1193.25
2022-10-26T06:30:00Z,53.23,1369.15
2022-10-26T07:00:00Z,57.21000000000001,1304.5
2022-10-26T07:30:00Z,56.89,1182.25
2022-10-26T08:00:00Z,70.23,1293.45
2022-10-26T08:30:00Z,72.99,1540.1
2022-10-26T09:00:00Z,59.42,1611.3
2022-10-26T09:30:00Z,59.959999999999994,2338.35
2022-10-26T10:00:00Z,53.27,2398.25
2022-10-26T10:30:00Z,50.23,2372.25
2022-10-26T11:00:00Z,52.83,2580.3
2022-10-26T11:30:00Z,54.19,2842.25
2022-10-26T12:00:00Z,47.02,2253.75
2022-10-26T12:30:00Z,46.94,2270.75
2022-10-26T13:00:00Z,47.99,2301.5
2022-10-26T13:30:00Z,47.62,2299.1
2022-10-26T14:00:00Z,50.47,2188.65
2022-10-26T14:30:00Z,53.68,1909.1
2022-10-26T15:00:00Z,56.17,2169.15
2022-10-26T15:30:00Z,59.22,2241.9
2022-10-26T16:00:00Z,65.9,2306.0
2022-10-26T16:30:00Z,72.67,2235.8
2022-10-26T17:00:00Z,78.58,2214.05
2022-10-26T17:30:00Z,80.22,2423.65
2022-10-26T18:00:00Z,74.89,2461.15
2022-10-26T18:30:00Z,76.62,2591.8
2022-10-26T19:00:00Z,76.76,2151.1
2022-10-26T19:30:00Z,74.66,2275.95
2022-10-26T20:00:00Z,71.33,1775.2
2022-10-26T20:30:00Z,68.55,1886.8
2022-10-26T21:00:00Z,67.64,1492.45
2022-10-26T21:30:00Z,66.66,1777.45
2022-10-26T22:00:00Z,64.87,638.8
2022-10-26T22:30:00Z,51.15999999999999,712.7
2022-10-26T23:00:00Z,58.86,863.6
2022-10-26T23:30:00Z,51.65,813.95
2022-10-27T00:00:00Z,53.25,982.85
2022-10-27T00:30:00Z,60.21,1503.05
2022-10-27T01:00:00Z,58.24,1375.15
2022-10-27T01:30:00Z,54.98,1173.3
2022-10-27T02:00:00Z,51.73,1180.0
2022-10-27T02:30:00Z,49.86,1023.95
2022-10-27T03:00:00Z,61.129999999999995,1566.3
2022-10-27T03:30:00Z,63.60999999999999,1334.45
2022-10-27T04:00:00Z,55.50999999999999,1249.7
2022-10-27T04:30:00Z,69.83,1054.3
2022-10-27T05:00:00Z,78.4,1434.9
2022-10-27T05:30:00Z,67.06,1545.9
2022-10-27T06:00:00Z,56.209999999999994,1331.6
2022-10-27T06:30:00Z,69.14,1678.45
2022-10-27T07:00:00Z,76.64,1673.95
2022-10-27T07:30:00Z,73.29,1682.75
2022-10-27T08:00:00Z,72.23,1965.25
2022-10-27T08:30:00Z,84.51,2079.95
2022-10-27T09:00:00Z,85.01,2146.4
2022-10-27T09:30:00Z,81.33,2337.45
2022-10-27T10:00:00Z,80.71,2030.6
2022-10-27T10:30:00Z,80.75,2476.6
2022-10-27T11:00:00Z,75.76,2747.0
2022-10-27T11:30:00Z,73.03,3049.25
2022-10-27T12:00:00Z,76.78,2428.5
2022-10-27T12:30:00Z,83.34,2509.1
2022-10-27T13:00:00Z,87.88,2346.85
2022-10-27T13:30:00Z,84.55,2539.8
2022-10-27T14:00:00Z,90.45,1918.7
2022-10-27T14:30:00Z,90.41999999999999,1717.55
2022-10-27T15:00:00Z,94.98,1558.6
2022-10-27T15:30:00Z,107.57,1603.75
2022-10-27T16:00:00Z,117.53,1745.75
2022-10-27T16:30:00Z,131.73,1639.15
2022-10-27T17:00:00Z,134.85,1769.6
2022-10-27T17:30:00Z,130.75,1682.45
2022-10-27T18:00:00Z,119.21999999999998,1506.3
2022-10-27T18:30:00Z,108.8,1658.2
2022-10-27T19:00:00Z,113.73,1863.3
2022-10-27T19:30:00Z,100.19,1638.15
2022-10-27T20:00:00Z,98.82,1434.95
2022-10-27T20:30:00Z,83.09,1126.25
2022-10-27T21:00:00Z,81.33,1123.55
2022-10-27T21:30:00Z,94.83,1473.35
2022-10-27T22:00:00Z,93.19,1007.4
2022-10-27T22:30:00Z,87.85,938.8
2022-10-27T23:00:00Z,78.83,844.0
2022-10-27T23:30:00Z,85.2,785.4
2022-10-28T00:00:00Z,92.63,559.45
2022-10-28T00:30:00Z,95.22,981.4
2022-10-28T01:00:00Z,92.6,1136.9
2022-10-28T01:30:00Z,78.69,1040.45
2022-10-28T02:00:00Z,80.64,1412.85
2022-10-28T02:30:00Z,63.63000000000001,1290.8
2022-10-28T03:00:00Z,67.26,1258.75
2022-10-28T03:30:00Z,58.0,1574.45
2022-10-28T04:00:00Z,85.85,950.2
2022-10-28T04:30:00Z,84.22,1137.95
2022-10-28T05:00:00Z,94.0,1152.85
2022-10-28T05:30:00Z,92.73,1342.25
2022-10-28T06:00:00Z,103.95,1163.05
2022-10-28T06:30:00Z,118.16,1725.05
2022-10-28T07:00:00Z,108.32,1601.2
2022-10-28T07:30:00Z,102.89000000000001,1849.0
2022-10-28T08:00:00Z,96.12,1458.2
2022-10-28T08:30:00Z,76.72,1287.45
2022-10-28T09:00:00Z,70.81,1798.95
2022-10-28T09:30:00Z,83.35,2332.0
2022-10-28T10:00:00Z,87.57,2841.4
2022-10-28T10:30:00Z,85.75,2732.6
2022-10-28T11:00:00Z,86.76,2809.4
2022-10-28T11:30:00Z,82.55,2737.2
2022-10-28T12:00:00Z,81.16,2656.6
2022-10-28T12:30:00Z,76.1,2454.3
2022-10-28T13:00:00Z,75.22,2589.75
2022-10-28T13:30:00Z,75.04,2867.85
2022-10-28T14:00:00Z,78.08,2374.7
2022-10-28T14:30:00Z,75.06,1746.3
2022-10-28T15:00:00Z,73.03,1500.2
2022-10-28T15:30:00Z,75.71,1959.15
2022-10-28T16:00:00Z,95.31,2095.55
2022-10-28T16:30:00Z,106.62,1793.75
2022-10-28T17:00:00Z,109.76,2137.75
2022-10-28T17:30:00Z,108.13,1880.05
2022-10-28T18:00:00Z,97.24,1422.0
2022-10-28T18:30:00Z,85.09,1122.1
2022-10-28T19:00:00Z,89.55,1279.2
2022-10-28T19:30:00Z,87.41,1486.75
2022-10-28T20:00:00Z,88.52,1431.95
2022-10-28T20:30:00Z,85.01,1206.5
2022-10-28T21:00:00Z,84.11,1207.4
2022-10-28T21:30:00Z,90.76,1303.8
2022-10-28T22:00:00Z,77.85,946.7
2022-10-28T22:30:00Z,81.86000000000001,936.0
2022-10-28T23:00:00Z,79.28,574.6
2022-10-28T23:30:00Z,88.97000000000001,865.35
2022-10-29T00:00:00Z,100.77999999999999,785.6
2022-10-29T00:30:00Z,104.91,727.7
2022-10-29T01:00:00Z,86.49,628.25
2022-10-29T01:30:00Z,87.26,862.15
2022-10-29T02:00:00Z,75.58,712.6
2022-10-29T02:30:00Z,74.77,794.45
2022-10-29T03:00:00Z,81.73,772.1
2022-10-29T03:30:00Z,78.88,718.9
2022-10-29T04:00:00Z,90.54,876.95
2022-10-29T04:30:00Z,103.97,972.4
2022-10-29T05:00:00Z,126.78000000000002,1266.35
2022-10-29T05:30:00Z,98.82,1471.15
2022-10-29T06:00:00Z,88.34999999999998,879.3
2022-10-29T06:30:00Z,94.88999999999999,904.75
2022-10-29T07:00:00Z,89.63,793.8
2022-10-29T07:30:00Z,102.15,1257.55
2022-10-29T08:00:00Z,83.01,923.6
2022-10-29T08:30:00Z,80.09,862.1
2022-10-29T09:00:00Z,81.94,994.55
2022-10-29T09:30:00Z,80.48,1294.5
2022-10-29T10:00:00Z,92.9,1208.5
2022-10-29T10:30:00Z,86.77,1161.8
2022-10-29T11:00:00Z,84.2,1195.5
2022-10-29T11:30:00Z,74.81,1076.75
2022-10-29T12:00:00Z,87.33,1325.4
2022-10-29T12:30:00Z,86.57,1227.45
2022-10-29T13:00:00Z,89.86,1346.45
2022-10-29T13:30:00Z,85.17,1254.55
2022-10-29T14:00:00Z,91.53,1151.1
2022-10-29T14:30:00Z,87.63,1132.45
2022-10-29T15:00:00Z,95.46,1268.1
2022-10-29T15:30:00Z,105.79,1074.55
2022-10-29T16:00:00Z,111.49,1054.75
2022-10-29T16:30:00Z,114.5,1115.75
2022-10-29T17:00:00Z,116.92,1204.25
2022-10-29T17:30:00Z,113.8,1292.1
2022-10-29T18:00:00Z,92.14,944.4
2022-10-29T18:30:00Z,81.22,1041.0
2022-10-29T19:00:00Z,75.83,885.0
2022-10-29T19:30:00Z,67.58,1070.55
2022-10-29T20:00:00Z,76.26,1341.2
2022-10-29T20:30:00Z,81.14,1479.3
2022-10-29T21:00:00Z,77.23,1342.95
2022-10-29T21:30:00Z,82.76,1716.85
2022-10-29T22:00:00Z,64.36,655.4
2022-10-29T22:30:00Z,86.28,483.65
2022-10-29T23:00:00Z,109.89,394.1
2022-10-29T23:30:00Z,102.14999999999999,361.85
2022-10-30T00:00:00Z,83.94,446.0
2022-10-30T00:30:00Z,70.72,389.4
2022-10-30T01:00:00Z,67.85,261.9
2022-10-30T01:30:00Z,65.64,197.2
2022-10-30T02:00:00Z,79.86,313.45
2022-10-30T02:30:00Z,49.67,304.35
2022-10-30T03:00:00Z,50.71999999999999,224.55
2022-10-30T03:30:00Z,51.7,212.9
2022-10-30T04:00:00Z,71.57,179.8
2022-10-30T04:30:00Z,84.77,237.9
2022-10-30T05:00:00Z,76.74,486.05
2022-10-30T05:30:00Z,83.7,454.3
2022-10-30T06:00:00Z,88.15999999999998,396.05
2022-10-30T06:30:00Z,89.2,426.35
2022-10-30T07:00:00Z,78.98,1088.2
2022-10-30T07:30:00Z,68.81,660.5
2022-10-30T08:00:00Z,61.8,742.55
2022-10-30T08:30:00Z,91.12,702.4
2022-10-30T09:00:00Z,87.16,761.0
2022-10-30T09:30:00Z,90.4,940.6
2022-10-30T10:00:00Z,83.55,778.75
2022-10-30T10:30:00Z,88.28,808.85
2022-10-30T11:00:00Z,92.33,703.1
2022-10-30T11:30:00Z,91.74,932.7
2022-10-30T12:00:00Z,93.62,786.8
2022-10-30T12:30:00Z,94.76,909.15
2022-10-30T13:00:00Z,108.71,894.45
2022-10-30T13:30:00Z,99.15,788.55
2022-10-30T14:00:00Z,91.23,825.5
2022-10-30T14:30:00Z,58.00999999999999,1166.25
2022-10-30T15:00:00Z,97.96,1472.0
2022-10-30T15:30:00Z,96.96999999999998,1670.4
2022-10-30T16:00:00Z,110.18,1467.65
2022-10-30T16:30:00Z,117.29,1523.15
2022-10-30T17:00:00Z,127.94,1504.75
2022-10-30T17:30:00Z,131.67,1506.95
2022-10-30T18:00:00Z,127.19,1254.1
2022-10-30T18:30:00Z,117.65,1333.2
2022-10-30T19:00:00Z,126.78,1308.5
2022-10-30T19:30:00Z,111.48999999999998,1309.9
2022-10-30T20:00:00Z,121.98,1289.85
2022-10-30T20:30:00Z,113.39,1320.25
2022-10-30T21:00:00Z,116.91,1155.05
2022-10-30T21:30:00Z,92.09,902.65
2022-10-30T22:00:00Z,93.87,1120.15
2022-10-30T22:30:00Z,91.71,1249.3
2022-10-30T23:00:00Z,106.34,584.9
2022-10-30T23:30:00Z,122.23999999999998,586.85
2022-10-31T00:00:00Z,97.75,755.0
2022-10-31T00:30:00Z,93.21,687.0
2022-10-31T01:00:00Z,107.68,675.1
2022-10-31T01:30:00Z,84.49,619.9
2022-10-31T02:00:00Z,79.72,634.85
2022-10-31T02:30:00Z,99.27000000000001,697.4
2022-10-31T03:00:00Z,129.16,854.4
2022-10-31T03:30:00Z,128.97,934.1
2022-10-31T04:00:00Z,117.28,1006.55
2022-10-31T04:30:00Z,122.23,1231.85
2022-10-31T05:00:00Z,149.44,696.5
2022-10-31T05:30:00Z,146.17,895.5
2022-10-31T06:00:00Z,122.52,889.75
2022-10-31T06:30:00Z,132.04,1153.7
2022-10-31T07:00:00Z,115.42,905.55
2022-10-31T07:30:00Z,136.5,1251.4
2022-10-31T08:00:00Z,131.3,866.85
2022-10-31T08:30:00Z,122.81,1148.0
2022-10-31T09:00:00Z,116.18,1204.55
2022-10-31T09:30:00Z,108.96,1184.5
2022-10-31T10:00:00Z,106.84,1250.35
2022-10-31T10:30:00Z,102.28,1381.2
2022-10-31T11:00:00Z,115.72,1778.4
2022-10-31T11:30:00Z,118.31,1918.05
2022-10-31T12:00:00Z,115.84,1788.9
2022-10-31T12:30:00Z,108.49000000000001,1552.75
2022-10-31T13:00:00Z,125.89000000000001,1497.9
2022-10-31T13:30:00Z,112.66999999999999,1450.4
2022-10-31T14:00:00Z,123.9,1349.8
2022-10-31T14:30:00Z,124.03,1583.4
2022-10-31T15:00:00Z,124.99000000000001,1779.45
2022-10-31T15:30:00Z,132.64,2119.65
2022-10-31T16:00:00Z,138.06,1770.2
2022-10-31T16:30:00Z,144.67,2337.75
2022-10-31T17:00:00Z,143.61,2031.05
2022-10-31T17:30:00Z,121.92,2398.3
2022-10-31T18:00:00Z,111.72,2237.1
2022-10-31T18:30:00Z,102.04000000000002,2655.75
2022-10-31T19:00:00Z,109.67,3073.65
2022-10-31T19:30:00Z,97.51999999999998,2718.3
2022-10-31T20:00:00Z,88.56,2347.0
2022-10-31T20:30:00Z,82.62,2507.4
2022-10-31T21:00:00Z,86.44,3013.65
2022-10-31T21:30:00Z,88.85999999999999,2961.1
2022-10-31T22:00:00Z,84.84,2940.5
2022-10-31T22:30:00Z,83.38,3209.4
2022-10-31T23:00:00Z,51.03,1092.05
2022-10-31T23:30:00Z,51.04,792.35
2022-11-01T00:00:00Z,43.7,557.3
2022-11-01T00:30:00Z,41.11,501.0
2022-11-01T01:00:00Z,40.81,756.55
2022-11-01T01:30:00Z,36.04,796.75
2022-11-01T02:00:00Z,56.99,1013.5
2022-11-01T02:30:00Z,39.49,785.5
2022-11-01T03:00:00Z,38.05,915.05
2022-11-01T03:30:00Z,42.01,825.1
2022-11-01T04:00:00Z,70.72,742.55
2022-11-01T04:30:00Z,74.53,820.15
2022-11-01T05:00:00Z,59.08,652.65
2022-11-01T05:30:00Z,69.29,774.15
2022-11-01T06:00:00Z,69.54,1018.95
2022-11-01T06:30:00Z,83.5,1003.35
2022-11-01T07:00:00Z,90.82,1085.3
2022-11-01T07:30:00Z,117.14999999999999,1266.7
2022-11-01T08:00:00Z,79.81,1009.75
2022-11-01T08:30:00Z,74.03,976.05
2022-11-01T09:00:00Z,61.09,1126.7
2022-11-01T09:30:00Z,50.51,1187.95
2022-11-01T10:00:00Z,55.07,1467.8
2022-11-01T10:30:00Z,53.72999999999999,1342.0
2022-11-01T11:00:00Z,58.85,1304.85
2022-11-01T11:30:00Z,59.35000000000001,1441.45
2022-11-01T12:00:00Z,56.60999999999999,1252.6
2022-11-01T12:30:00Z,54.339999999999996,1256.85
2022-11-01T13:00:00Z,55.69,1341.7
2022-11-01T13:30:00Z,66.53,1605.25
2022-11-01T14:00:00Z,76.02,1603.75
2022-11-01T14:30:00Z,75.16,1594.8
2022-11-01T15:00:00Z,98.61,1519.4
2022-11-01T15:30:00Z,87.79,1618.6
2022-11-01T16:00:00Z,97.59,2059.85
2022-11-01T16:30:00Z,122.39,2078.5
2022-11-01T17:00:00Z,113.45,2074.35
2022-11-01T17:30:00Z,111.41,2365.65
2022-11-01T18:00:00Z,109.37000000000002,2460.8
2022-11-01T18:30:00Z,105.92,2433.65
2022-11-01T19:00:00Z,104.82,1597.2
2022-11-01T19:30:00Z,102.92,1657.4
2022-11-01T20:00:00Z,97.08999999999999,1769.0
2022-11-01T20:30:00Z,83.15,1583.4
2022-11-01T21:00:00Z,71.31,2053.75
2022-11-01T21:30:00Z,77.4,2399.2
2022-11-01T22:00:00Z,72.24,2682.35
2022-11-01T22:30:00Z,62.27,2564.5
2022-11-01T23:00:00Z,68.66,1351.05
2022-11-01T23:30:00Z,24.29,911.1
2022-11-02T00:00:00Z,27.76,833.8
2022-11-02T00:30:00Z,18.4,826.35
2022-11-02T01:00:00Z,6.74,867.75
2022-11-02T01:30:00Z,3.4,911.9
2022-11-02T02:00:00Z,-0.89,727.4
2022-11-02T02:30:00Z,-13.05,709.0
2022-11-02T03:00:00Z,-30.6,790.95
2022-11-02T03:30:00Z,-30.92,657.25
2022-11-02T04:00:00Z,-13.23,646.5
2022-11-02T04:30:00Z,-0.34,571.8
2022-11-02T05:00:00Z,15.35,771.35
2022-11-02T05:30:00Z,29.93,765.35
2022-11-02T06:00:00Z,68.07,909.3
2022-11-02T06:30:00Z,94.22,1166.55
2022-11-02T07:00:00Z,97.4,935.6
2022-11-02T07:30:00Z,105.63,912.5
2022-11-02T08:00:00Z,99.02,1119.1
2022-11-02T08:30:00Z,85.2,1087.25
2022-11-02T09:00:00Z,64.17,1114.5
2022-11-02T09:30:00Z,61.11,1157.35
2022-11-02T10:00:00Z,59.14,1420.6
2022-11-02T10:30:00Z,61.89,1925.45
2022-11-02T11:00:00Z,67.86,1439.1
2022-11-02T11:30:00Z,71.37,1761.05
2022-11-02T12:00:00Z,72.15,1943.7
2022-11-02T12:30:00Z,67.2,1833.85
2022-11-02T13:00:00Z,76.08000000000001,1741.85
2022-11-02T13:30:00Z,75.58,1829.7
2022-11-02T14:00:00Z,83.39,2147.7
2022-11-02T14:30:00Z,82.13,2186.2
2022-11-02T15:00:00Z,103.5,2520.15
2022-11-02T15:30:00Z,104.54,2638.05
2022-11-02T16:00:00Z,114.37,2147.25
2022-11-02T16:30:00Z,127.36,2398.25
2022-11-02T17:00:00Z,130.03,2271.1
2022-11-02T17:30:00Z,132.31,2505.05
2022-11-02T18:00:00Z,132.95,2440.15
2022-11-02T18:30:00Z,132.44,2518.6
2022-11-02T19:00:00Z,111.34,2207.05
2022-11-02T19:30:00Z,95.35,2038.25
2022-11-02T20:00:00Z,108.05,2070.45
2022-11-02T20:30:00Z,108.27,2101.45
2022-11-02T21:00:00Z,97.64,1899.95
2022-11-02T21:30:00Z,85.84,2126.25
2022-11-02T22:00:00Z,79.5,1674.9
2022-11-02T22:30:00Z,66.09,1278.35
2022-11-02T23:00:00Z,65.74,750.55
2022-11-02T23:30:00Z,62.11,701.5
2022-11-03T00:00:00Z,94.72,780.55
2022-11-03T00:30:00Z,113.13,811.25
2022-11-03T01:00:00Z,75.4,817.7
2022-11-03T01:30:00Z,68.42,925.25
2022-11-03T02:00:00Z,67.2,1023.35
2022-11-03T02:30:00Z,70.48,1087.35
2022-11-03T03:00:00Z,75.45,871.35
2022-11-03T03:30:00Z,77.84999999999998,905.5
2022-11-03T04:00:00Z,76.56,989.2
2022-11-03T04:30:00Z,89.63,1024.3
2022-11-03T05:00:00Z,110.77,1535.5
2022-11-03T05:30:00Z,106.87,1427.6
2022-11-03T06:00:00Z,121.78,1628.2
2022-11-03T06:30:00Z,106.50000000000001,1481.7
2022-11-03T07:00:00Z,131.02,1240.25
2022-11-03T07:30:00Z,142.46,1499.45
2022-11-03T08:00:00Z,130.22,1275.85
2022-11-03T08:30:00Z,135.63,1340.0
2022-11-03T09:00:00Z,128.74,1104.05
2022-11-03T09:30:00Z,135.68,1055.55
2022-11-03T10:00:00Z,132.76,1262.15
2022-11-03T10:30:00Z,141.22,1445.6
2022-11-03T11:00:00Z,149.56,1724.65
2022-11-03T11:30:00Z,150.02,1778.45
2022-11-03T12:00:00Z,152.86,1662.05
2022-11-03T12:30:00Z,153.15,1686.75
2022-11-03T13:00:00Z,158.62,1994.1
2022-11-03T13:30:00Z,159.15,2062.7
2022-11-03T14:00:00Z,161.38,1944.8
2022-11-03T14:30:00Z,159.42,2123.55
2022-11-03T15:00:00Z,189.11999999999998,1835.4
2022-11-03T15:30:00Z,192.13,1735.0
2022-11-03T16:00:00Z,196.96,1698.8
2022-11-03T16:30:00Z,220.22,1554.85
2022-11-03T17:00:00Z,218.74,1562.6
2022-11-03T17:30:00Z,219.59,1619.85
2022-11-03T18:00:00Z,207.34,1824.2
2022-11-03T18:30:00Z,187.84,2010.55
2022-11-03T19:00:00Z,173.72,2134.5
2022-11-03T19:30:00Z,160.35,2205.75
2022-11-03T20:00:00Z,166.55,2134.45
2022-11-03T20:30:00Z,145.01,2013.05
2022-11-03T21:00:00Z,146.46,1951.5
2022-11-03T21:30:00Z,134.72,1576.45
2022-11-03T22:00:00Z,139.63,1766.75
2022-11-03T22:30:00Z,124.26,1828.7
2022-11-03T23:00:00Z,118.53,590.75
2022-11-03T23:30:00Z,142.21,777.55
2022-11-04T00:00:00Z,126.8,680.8
2022-11-04T00:30:00Z,126.39,606.9
2022-11-04T01:00:00Z,115.56,541.65
2022-11-04T01:30:00Z,86.38,801.3
2022-11-04T02:00:00Z,95.27,795.85
2022-11-04T02:30:00Z,81.17,636.75
2022-11-04T03:00:00Z,86.2,495.2
2022-11-04T03:30:00Z,76.3,492.45
2022-11-04T04:00:00Z,85.02,705.9
2022-11-04T04:30:00Z,82.69,942.1
2022-11-04T05:00:00Z,118.2,1029.45
2022-11-04T05:30:00Z,103.09,1005.7
2022-11-04T06:00:00Z,126.57,1497.9
2022-11-04T06:30:00Z,86.62,1275.95
2022-11-04T07:00:00Z,107.79,1521.25
2022-11-04T07:30:00Z,149.38,1153.95
2022-11-04T08:00:00Z,174.04,1370.95
2022-11-04T08:30:00Z,157.22,1264.8
2022-11-04T09:00:00Z,138.33,1275.4
2022-11-04T09:30:00Z,124.48,1416.55
2022-11-04T10:00:00Z,129.12,1401.05
2022-11-04T10:30:00Z,110.14000000000001,1228.4
2022-11-04T11:00:00Z,96.29,1788.6
2022-11-04T11:30:00Z,97.74,1667.1
2022-11-04T12:00:00Z,98.17,1527.6
2022-11-04T12:30:00Z,98.1,1870.15
2022-11-04T13:00:00Z,95.28,1861.8
2022-11-04T13:30:00Z,95.52,2182.15
2022-11-04T14:00:00Z,100.63,2124.1
2022-11-04T14:30:00Z,98.23,2150.15
2022-11-04T15:00:00Z,114.16000000000001,2491.35
2022-11-04T15:30:00Z,115.67999999999999,2583.85
2022-11-04T16:00:00Z,134.23,2792.2
2022-11-04T16:30:00Z,170.51,2822.35
2022-11-04T17:00:00Z,145.54,2522.65
2022-11-04T17:30:00Z,143.65,2591.65
2022-11-04T18:00:00Z,159.24,2766.85
2022-11-04T18:30:00Z,146.54,2523.9
2022-11-04T19:00:00Z,141.23,2153.6
2022-11-04T19:30:00Z,116.33,1646.65
2022-11-04T20:00:00Z,112.49,1822.7
2022-11-04T20:30:00Z,110.01,1592.05
2022-11-04T21:00:00Z,105.77,2137.45
2022-11-04T21:30:00Z,103.27,2267.35
2022-11-04T22:00:00Z,102.78,1977.65
2022-11-04T22:30:00Z,115.58,2302.85
2022-11-04T23:00:00Z,102.99,1003.45
2022-11-04T23:30:00Z,105.0,886.85
2022-11-05T00:00:00Z,103.29999999999998,658.2
2022-11-05T00:30:00Z,108.53999999999999,635.9
2022-11-05T01:00:00Z,126.80000000000001,542.9
2022-11-05T01:30:00Z,126.89,473.95
2022-11-05T02:00:00Z,116.93000000000002,698.5
2022-11-05T02:30:00Z,106.3,533.95
2022-11-05T03:00:00Z,104.24,473.1
2022-11-05T03:30:00Z,98.52,577.4
2022-11-05T04:00:00Z,111.87,444.95
2022-11-05T04:30:00Z,101.48,449.1
2022-11-05T05:00:00Z,133.26,817.8
2022-11-05T05:30:00Z,131.22,726.45
2022-11-05T06:00:00Z,125.2,864.75
2022-11-05T06:30:00Z,123.91,772.55
2022-11-05T07:00:00Z,123.06,739.7
2022-11-05T07:30:00Z,127.13,901.25
2022-11-05T08:00:00Z,114.65,884.85
2022-11-05T08:30:00Z,127.11,862.3
2022-11-05T09:00:00Z,128.52,928.1
2022-11-05T09:30:00Z,129.81,989.1
2022-11-05T10:00:00Z,126.8,929.4
2022-11-05T10:30:00Z,122.9,990.95
2022-11-05T11:00:00Z,123.7,724.0
2022-11-05T11:30:00Z,130.81,656.7
2022-11-05T12:00:00Z,143.81,920.5
2022-11-05T12:30:00Z,140.38,963.5
2022-11-05T13:00:00Z,135.86,1256.2
2022-11-05T13:30:00Z,127.81999999999998,1234.5
2022-11-05T14:00:00Z,140.96,1327.0
2022-11-05T14:30:00Z,124.17999999999999,1518.9
2022-11-05T15:00:00Z,135.19,1190.85
2022-11-05T15:30:00Z,140.34,1185.4
2022-11-05T16:00:00Z,141.08,1331.25
2022-11-05T16:30:00Z,162.9,1433.9
2022-11-05T17:00:00Z,133.63,1335.6
2022-11-05T17:30:00Z,138.83,1577.25
2022-11-05T18:00:00Z,158.46,1501.3
2022-11-05T18:30:00Z,126.46999999999998,1515.3
2022-11-05T19:00:00Z,107.84000000000002,1282.65
2022-11-05T19:30:00Z,118.94,1231.1
2022-11-05T20:00:00Z,117.62,1021.3
2022-11-05T20:30:00Z,112.5,1273.3
2022-11-05T21:00:00Z,102.97,1275.1
2022-11-05T21:30:00Z,106.35999999999999,1459.25
2022-11-05T22:00:00Z,101.94,1515.35
2022-11-05T22:30:00Z,110.88999999999999,1460.6
2022-11-05T23:00:00Z,101.81,1185.8
2022-11-05T23:30:00Z,121.47,799.65
2022-11-06T00:00:00Z,120.78,1047.55
2022-11-06T00:30:00Z,136.37,1073.05
2022-11-06T01:00:00Z,119.48000000000002,1115.4
2022-11-06T01:30:00Z,123.85,1404.85
2022-11-06T02:00:00Z,115.74000000000001,1227.25
2022-11-06T02:30:00Z,113.71,1373.05
2022-11-06T03:00:00Z,101.44,855.0
2022-11-06T03:30:00Z,94.52,903.45
2022-11-06T04:00:00Z,100.88,934.5
2022-11-06T04:30:00Z,99.58,908.05
2022-11-06T05:00:00Z,95.23,910.65
2022-11-06T05:30:00Z,91.67,884.5
2022-11-06T06:00:00Z,95.59,1009.35
2022-11-06T06:30:00Z,89.56,1071.5
2022-11-06T07:00:00Z,84.96,1211.1
2022-11-06T07:30:00Z,100.22,1415.7
2022-11-06T08:00:00Z,84.41,1227.25
2022-11-06T08:30:00Z,109.97,1377.45
2022-11-06T09:00:00Z,119.92,1049.35
2022-11-06T09:30:00Z,125.49,921.85
2022-11-06T10:00:00Z,130.99,838.35
2022-11-06T10:30:00Z,136.66,912.9
2022-11-06T11:00:00Z,145.74,984.2
2022-11-06T11:30:00Z,144.01,1041.75
2022-11-06T12:00:00Z,142.59,1214.25
2022-11-06T12:30:00Z,142.49,1434.25
2022-11-06T13:00:00Z,137.13,1626.0
2022-11-06T13:30:00Z,133.27,1709.5
2022-11-06T14:00:00Z,134.62,1916.25
2022-11-06T14:30:00Z,121.74,2028.6
2022-11-06T15:00:00Z,126.63,2064.85
2022-11-06T15:30:00Z,133.87,2162.9
2022-11-06T16:00:00Z,141.27,2084.25
2022-11-06T16:30:00Z,145.87,2527.95
2022-11-06T17:00:00Z,157.41,1993.85
2022-11-06T17:30:00Z,151.41,1638.15
2022-11-06T18:00:00Z,154.69,2027.65
2022-11-06T18:30:00Z,144.28,1731.55
2022-11-06T19:00:00Z,132.08,2159.55
2022-11-06T19:30:00Z,107.42,2074.55
2022-11-06T20:00:00Z,114.94,1919.0
2022-11-06T20:30:00Z,104.88,1855.4
2022-11-06T21:00:00Z,110.76,1959.9
2022-11-06T21:30:00Z,102.48,1744.4
2022-11-06T22:00:00Z,99.62999999999998,1794.95
2022-11-06T22:30:00Z,97.43,2144.0
2022-11-06T23:00:00Z,108.27,1035.75
2022-11-06T23:30:00Z,124.89,715.6
2022-11-07T00:00:00Z,108.43000000000002,860.45
2022-11-07T00:30:00Z,103.04,857.7
2022-11-07T01:00:00Z,114.03,863.35
2022-11-07T01:30:00Z,106.95,882.05
2022-11-07T02:00:00Z,84.39,982.0
2022-11-07T02:30:00Z,78.5,756.8
2022-11-07T03:00:00Z,53.88,786.35
2022-11-07T03:30:00Z,37.35,786.9
2022-11-07T04:00:00Z,32.94,892.35
2022-11-07T04:30:00Z,31.5,878.55
2022-11-07T05:00:00Z,50.9,893.9
2022-11-07T05:30:00Z,43.55,887.65
2022-11-07T06:00:00Z,89.71,1327.5
2022-11-07T06:30:00Z,97.39,1667.8
2022-11-07T07:00:00Z,113.74,1065.3
2022-11-07T07:30:00Z,136.92,1115.9
2022-11-07T08:00:00Z,118.28,1227.55
2022-11-07T08:30:00Z,120.77,1292.3
2022-11-07T09:00:00Z,90.84,1155.7
2022-11-07T09:30:00Z,96.81,1247.85
2022-11-07T10:00:00Z,99.06,1546.15
2022-11-07T10:30:00Z,93.48,1515.25
2022-11-07T11:00:00Z,88.64,1858.0
2022-11-07T11:30:00Z,85.51,1861.6
2022-11-07T12:00:00Z,83.84,1839.1
2022-11-07T12:30:00Z,83.91,1988.6
2022-11-07T13:00:00Z,95.91,1595.6
2022-11-07T13:30:00Z,88.99,1854.4
2022-11-07T14:00:00Z,84.24,1844.7
2022-11-07T14:30:00Z,83.37,1923.6
2022-11-07T15:00:00Z,93.97,1301.5
2022-11-07T15:30:00Z,98.51,1376.0
2022-11-07T16:00:00Z,104.93,1592.45
2022-11-07T16:30:00Z,121.84,1177.95
2022-11-07T17:00:00Z,125.28999999999999,1393.8
2022-11-07T17:30:00Z,122.19,1549.35
2022-11-07T18:00:00Z,123.28,1464.85
2022-11-07T18:30:00Z,106.33,1594.85
2022-11-07T19:00:00Z,104.10999999999999,1494.75
2022-11-07T19:30:00Z,103.89,1751.8
2022-11-07T20:00:00Z,101.26,1331.5
2022-11-07T20:30:00Z,98.75999999999999,1705.7
2022-11-07T21:00:00Z,83.9,1546.75
2022-11-07T21:30:00Z,78.91,1283.05
2022-11-07T22:00:00Z,75.89,1213.15
2022-11-07T22:30:00Z,70.51,1433.45
2022-11-07T23:00:00Z,93.88999999999999,751.7
2022-11-07T23:30:00Z,53.89,819.1
2022-11-08T00:00:00Z,38.8,754.4
2022-11-08T00:30:00Z,58.39,873.35
2022-11-08T01:00:00Z,76.55,923.8
2022-11-08T01:30:00Z,60.16,783.2
2022-11-08T02:00:00Z,42.43,814.65
2022-11-08T02:30:00Z,41.67999999999999,815.4
2022-11-08T03:00:00Z,12.72,883.4
2022-11-08T03:30:00Z,21.2,963.45
2022-11-08T04:00:00Z,28.69,1054.2
2022-11-08T04:30:00Z,67.02,1098.5
2022-11-08T05:00:00Z,79.4,1014.3
2022-11-08T05:30:00Z,97.01,1228.0
2022-11-08T06:00:00Z,121.18999999999998,1184.8
2022-11-08T06:30:00Z,122.15999999999998,1314.95
2022-11-08T07:00:00Z,132.99,1194.9
2022-11-08T07:30:00Z,148.49,1186.25
2022-11-08T08:00:00Z,129.96,1320.35
2022-11-08T08:30:00Z,127.0,1243.75
2022-11-08T09:00:00Z,114.25,1574.5
2022-11-08T09:30:00Z,102.98000000000002,1330.65
2022-11-08T10:00:00Z,95.22,1492.4
2022-11-08T10:30:00Z,91.01,1982.7
2022-11-08T11:00:00Z,95.37,1557.35
2022-11-08T11:30:00Z,88.37999999999998,1496.35
2022-11-08T12:00:00Z,81.91,1630.3
2022-11-08T12:30:00Z,74.53,1946.05
2022-11-08T13:00:00Z,102.36,1887.9
2022-11-08T13:30:00Z,99.91,1647.35
2022-11-08T14:00:00Z,101.54000000000002,1460.0
2022-11-08T14:30:00Z,103.45,1795.2
2022-11-08T15:00:00Z,98.06,1766.15
2022-11-08T15:30:00Z,105.03,1686.3
2022-11-08T16:00:00Z,106.22999999999999,1361.6
2022-11-08T16:30:00Z,142.0,1466.3
2022-11-08T17:00:00Z,147.84,1317.7
2022-11-08T17:30:00Z,149.36,1222.5
2022-11-08T18:00:00Z,153.17,1417.7
2022-11-08T18:30:00Z,138.21,1299.0
2022-11-08T19:00:00Z,127.63,1701.65
2022-11-08T19:30:00Z,119.6968307809138,1185.15
2022-11-08T20:00:00Z,117.9,1018.0
2022-11-08T20:30:00Z,114.6463451232583,1166.25
2022-11-08T21:00:00Z,107.47,931.95
2022-11-08T21:30:00Z,105.42,731.75
2022-11-08T22:00:00Z,102.96,961.4
2022-11-08T22:30:00Z,102.87,1128.4
2022-11-08T23:00:00Z,136.34,429.8
2022-11-08T23:30:00Z,95.71,471.95
2022-11-09T00:00:00Z,97.43999999999998,737.45
2022-11-09T00:30:00Z,93.0,714.55
2022-11-09T01:00:00Z,77.58,583.1
2022-11-09T01:30:00Z,49.22,639.45
2022-11-09T02:00:00Z,76.67,666.25
2022-11-09T02:30:00Z,78.86,869.5
2022-11-09T03:00:00Z,65.96,677.8
2022-11-09T03:30:00Z,54.57,958.75
2022-11-09T04:00:00Z,50.15,786.4
2022-11-09T04:30:00Z,57.52000000000001,776.55
2022-11-09T05:00:00Z,69.36,777.8
2022-11-09T05:30:00Z,58.4,773.95
2022-11-09T06:00:00Z,84.22,877.3
2022-11-09T06:30:00Z,72.25,1122.2
2022-11-09T07:00:00Z,106.1,1048.9
2022-11-09T07:30:00Z,132.85,1160.35
2022-11-09T08:00:00Z,107.71,1268.25
2022-11-09T08:30:00Z,103.2,1139.55
2022-11-09T09:00:00Z,81.1,1206.9
2022-11-09T09:30:00Z,79.12,1729.95
2022-11-09T10:00:00Z,73.49,1831.45
2022-11-09T10:30:00Z,70.92,1655.15
2022-11-09T11:00:00Z,65.63,1602.0
2022-11-09T11:30:00Z,62.43,1773.75
2022-11-09T12:00:00Z,66.11,1747.5
2022-11-09T12:30:00Z,76.48,2131.45
2022-11-09T13:00:00Z,76.72,1922.45
2022-11-09T13:30:00Z,77.3,1799.5
2022-11-09T14:00:00Z,99.34,2100.55
2022-11-09T14:30:00Z,96.87,2025.9
2022-11-09T15:00:00Z,93.82,1499.0
2022-11-09T15:30:00Z,126.14,1941.85
2022-11-09T16:00:00Z,152.12,1897.4
2022-11-09T16:30:00Z,170.69,2392.6
2022-11-09T17:00:00Z,185.3,1886.25
2022-11-09T17:30:00Z,171.04,1810.1
2022-11-09T18:00:00Z,143.52,1864.5
2022-11-09T18:30:00Z,134.42,1797.65
2022-11-09T19:00:00Z,117.04,1579.75
2022-11-09T19:30:00Z,108.28,1613.05
2022-11-09T20:00:00Z,113.0,1607.05
2022-11-09T20:30:00Z,99.77,1293.7
2022-11-09T21:00:00Z,90.54,1373.8
2022-11-09T21:30:00Z,89.32,1850.1
2022-11-09T22:00:00Z,84.2,1550.4
2022-11-09T22:30:00Z,77.11,1710.55
2022-11-09T23:00:00Z,12.5,679.7
2022-11-09T23:30:00Z,16.04,590.8
2022-11-10T00:00:00Z,1.69,513.25
2022-11-10T00:30:00Z,-3.33,412.3
2022-11-10T01:00:00Z,-0.18,476.6
2022-11-10T01:30:00Z,-25.62,468.45
2022-11-10T02:00:00Z,-31.57,508.05
2022-11-10T02:30:00Z,-35.69,575.05
2022-11-10T03:00:00Z,-43.48,705.7
2022-11-10T03:30:00Z,-55.06,712.2
2022-11-10T04:00:00Z,-57.65,627.65
2022-11-10T04:30:00Z,-54.24000000000001,615.25
2022-11-10T05:00:00Z,-45.82,702.45
2022-11-10T05:30:00Z,-34.61,626.85
2022-11-10T06:00:00Z,9.01,583.4
2022-11-10T06:30:00Z,50.56,674.75
2022-11-10T07:00:00Z,95.3,1072.6
2022-11-10T07:30:00Z,104.54,737.25
2022-11-10T08:00:00Z,110.45999999999998,755.95
2022-11-10T08:30:00Z,113.23,858.8
2022-11-10T09:00:00Z,79.14,1013.9
2022-11-10T09:30:00Z,74.3,1069.0
2022-11-10T10:00:00Z,73.75,1117.55
2022-11-10T10:30:00Z,77.43,1200.7
2022-11-10T11:00:00Z,72.69,1353.25
2022-11-10T11:30:00Z,72.92,1350.1
2022-11-10T12:00:00Z,74.8,1365.85
2022-11-10T12:30:00Z,77.17,1435.8
2022-11-10T13:00:00Z,83.09,1463.4
2022-11-10T13:30:00Z,63.38,1294.15
2022-11-10T14:00:00Z,72.34,1480.75
2022-11-10T14:30:00Z,77.9,1554.2
2022-11-10T15:00:00Z,91.57,1499.9
2022-11-10T15:30:00Z,91.07,1683.15
2022-11-10T16:00:00Z,84.58,1466.65
2022-11-10T16:30:00Z,109.84,1910.45
2022-11-10T17:00:00Z,131.5,1889.25
2022-11-10T17:30:00Z,123.48,1928.7
2022-11-10T18:00:00Z,121.85,1893.9
2022-11-10T18:30:00Z,115.9,1995.8
2022-11-10T19:00:00Z,98.22,2412.05
2022-11-10T19:30:00Z,94.14,2141.4
2022-11-10T20:00:00Z,100.51,2163.75
2022-11-10T20:30:00Z,102.28,2255.95
2022-11-10T21:00:00Z,98.51,2132.3
2022-11-10T21:30:00Z,87.1,1899.9
2022-11-10T22:00:00Z,80.71,1876.65
2022-11-10T22:30:00Z,67.02,1820.0
2022-11-10T23:00:00Z,22.39,605.05
2022-11-10T23:30:00Z,-3.49,807.95
2022-11-11T00:00:00Z,-1.82,892.05
2022-11-11T00:30:00Z,22.58,883.8
2022-11-11T01:00:00Z,-12.72,1064.45
2022-11-11T01:30:00Z,-31.44,992.2
2022-11-11T02:00:00Z,-44.8,1152.75
2022-11-11T02:30:00Z,-47.27,1086.9
2022-11-11T03:00:00Z,-49.97,889.4
2022-11-11T03:30:00Z,-54.16,922.05
2022-11-11T04:00:00Z,-55.75,890.3
2022-11-11T04:30:00Z,-60.64,1074.15
2022-11-11T05:00:00Z,-64.38,1221.95
2022-11-11T05:30:00Z,-62.61,1192.35
2022-11-11T06:00:00Z,-34.78,1131.45
2022-11-11T06:30:00Z,52.04,1153.7
2022-11-11T07:00:00Z,67.46,1681.45
2022-11-11T07:30:00Z,97.89000000000001,1413.5
2022-11-11T08:00:00Z,73.68,1367.9
2022-11-11T08:30:00Z,91.08,1350.45
2022-11-11T09:00:00Z,104.74,1478.95
2022-11-11T09:30:00Z,103.23,1551.65
2022-11-11T10:00:00Z,97.34,1739.25
2022-11-11T10:30:00Z,104.67,1546.9
2022-11-11T11:00:00Z,108.61,1730.75
2022-11-11T11:30:00Z,89.22,1550.45
2022-11-11T12:00:00Z,89.57,1743.5
2022-11-11T12:30:00Z,87.8,1969.15
2022-11-11T13:00:00Z,97.3,1843.1
2022-11-11T13:30:00Z,94.2,1689.8
2022-11-11T14:00:00Z,113.2,1667.65
2022-11-11T14:30:00Z,111.78,1671.65
2022-11-11T15:00:00Z,103.97,1915.85
2022-11-11T15:30:00Z,93.64,1522.5
2022-11-11T16:00:00Z,91.31,1545.65
2022-11-11T16:30:00Z,105.28,1445.85
2022-11-11T17:00:00Z,117.59,1430.25
2022-11-11T17:30:00Z,114.79999999999998,1741.5
2022-11-11T18:00:00Z,106.79999999999998,1622.75
2022-11-11T18:30:00Z,118.46,2007.35
2022-11-11T19:00:00Z,117.06,1649.2
2022-11-11T19:30:00Z,106.18,1595.45
2022-11-11T20:00:00Z,110.73000000000002,1545.1
2022-11-11T20:30:00Z,113.76,1423.85
2022-11-11T21:00:00Z,110.25000000000001,1210.2
2022-11-11T21:30:00Z,90.59,1402.95
2022-11-11T22:00:00Z,103.24,1074.65
2022-11-11T22:30:00Z,103.08,1291.75
2022-11-11T23:00:00Z,125.16999999999999,613.1
2022-11-11T23:30:00Z,129.99,604.0
2022-11-12T00:00:00Z,113.11,536.8
2022-11-12T00:30:00Z,133.49,855.35
2022-11-12T01:00:00Z,123.75000000000001,572.8
2022-11-12T01:30:00Z,107.46,791.7
2022-11-12T02:00:00Z,108.77,766.05
2022-11-12T02:30:00Z,108.27999999999999,767.65
2022-11-12T03:00:00Z,78.85,638.4
2022-11-12T03:30:00Z,78.66,605.45
2022-11-12T04:00:00Z,78.01,674.45
2022-11-12T04:30:00Z,86.59,735.8
2022-11-12T05:00:00Z,111.34,613.8
2022-11-12T05:30:00Z,116.69999999999999,616.0
2022-11-12T06:00:00Z,136.86,820.1
2022-11-12T06:30:00Z,99.76999999999998,749.5
2022-11-12T07:00:00Z,102.12,1036.9
2022-11-12T07:30:00Z,111.63,907.55
2022-11-12T08:00:00Z,116.48,939.75
2022-11-12T08:30:00Z,131.26,1006.35
2022-11-12T09:00:00Z,136.24,1073.9
2022-11-12T09:30:00Z,134.81,1084.0
2022-11-12T10:00:00Z,134.5,1369.5
2022-11-12T10:30:00Z,128.29,1289.95
2022-11-12T11:00:00Z,121.62,974.45
2022-11-12T11:30:00Z,101.14,1045.4
2022-11-12T12:00:00Z,121.7,1027.75
2022-11-12T12:30:00Z,116.85,1017.65
2022-11-12T13:00:00Z,114.19,1059.5
2022-11-12T13:30:00Z,115.66,1041.4
2022-11-12T14:00:00Z,120.9,910.2
2022-11-12T14:30:00Z,124.20999999999998,943.55
2022-11-12T15:00:00Z,134.62,1057.75
2022-11-12T15:30:00Z,133.81,821.6
2022-11-12T16:00:00Z,128.05,1056.5
2022-11-12T16:30:00Z,139.29,1343.75
2022-11-12T17:00:00Z,156.57,1277.4
2022-11-12T17:30:00Z,170.96,1196.3
2022-11-12T18:00:00Z,167.36,1206.05
2022-11-12T18:30:00Z,150.28,1194.9
2022-11-12T19:00:00Z,142.55,951.0
2022-11-12T19:30:00Z,131.21,1129.2
2022-11-12T20:00:00Z,139.26,1459.2
2022-11-12T20:30:00Z,145.35,1244.75
2022-11-12T21:00:00Z,135.47,1547.5
2022-11-12T21:30:00Z,136.05,1411.95
2022-11-12T22:00:00Z,130.55,1667.85
2022-11-12T22:30:00Z,123.9,1609.1
2022-11-12T23:00:00Z,135.13,1555.15
2022-11-12T23:30:00Z,134.97,1352.15
2022-11-13T00:00:00Z,134.58,1858.1
2022-11-13T00:30:00Z,135.54,1543.15
2022-11-13T01:00:00Z,126.38,1666.9
2022-11-13T01:30:00Z,127.97999999999999,1459.75
2022-11-13T02:00:00Z,128.95,1684.4
2022-11-13T02:30:00Z,121.43,1675.4
2022-11-13T03:00:00Z,108.75,1586.35
2022-11-13T03:30:00Z,119.51,1126.7
2022-11-13T04:00:00Z,123.66,1359.1
2022-11-13T04:30:00Z,114.75,1343.05
2022-11-13T05:00:00Z,117.31,1080.55
2022-11-13T05:30:00Z,110.52,1140.55
2022-11-13T06:00:00Z,110.62,1214.55
2022-11-13T06:30:00Z,116.37000000000002,1165.25
2022-11-13T07:00:00Z,115.29,1135.65
2022-11-13T07:30:00Z,136.1,981.35
2022-11-13T08:00:00Z,132.6,1000.5
2022-11-13T08:30:00Z,136.33,1050.65
2022-11-13T09:00:00Z,143.9,1240.9
2022-11-13T09:30:00Z,145.49,1273.4
2022-11-13T10:00:00Z,142.91,1433.2
2022-11-13T10:30:00Z,143.36,1411.9
2022-11-13T11:00:00Z,153.38,1179.6
2022-11-13T11:30:00Z,153.42,1218.0
2022-11-13T12:00:00Z,150.19,1250.05
2022-11-13T12:30:00Z,146.21,1367.2
2022-11-13T13:00:00Z,150.93,1329.8
2022-11-13T13:30:00Z,136.31,1400.15
2022-11-13T14:00:00Z,141.92,1562.2
2022-11-13T14:30:00Z,131.12,1594.25
2022-11-13T15:00:00Z,161.27,1163.8
2022-11-13T15:30:00Z,156.27,1306.9
2022-11-13T16:00:00Z,150.16,1680.05
2022-11-13T16:30:00Z,167.05,1698.15
2022-11-13T17:00:00Z,180.17,1515.8
2022-11-13T17:30:00Z,183.55,1497.0
2022-11-13T18:00:00Z,178.13,1666.55
2022-11-13T18:30:00Z,169.6,1637.2
2022-11-13T19:00:00Z,153.45,1922.8
2022-11-13T19:30:00Z,144.32000000000002,1930.3
2022-11-13T20:00:00Z,146.56999999999996,1878.95
2022-11-13T20:30:00Z,131.82,2099.25
2022-11-13T21:00:00Z,143.33,1520.25
2022-11-13T21:30:00Z,139.59,1650.8
2022-11-13T22:00:00Z,127.52,1763.7
2022-11-13T22:30:00Z,133.33,1878.6
2022-11-13T23:00:00Z,134.14,1066.35
2022-11-13T23:30:00Z,117.76,903.2
2022-11-14T00:00:00Z,115.56,882.7
2022-11-14T00:30:00Z,122.28,783.65
2022-11-14T01:00:00Z,128.24,942.4
2022-11-14T01:30:00Z,133.37,1113.45
2022-11-14T02:00:00Z,131.8,1310.8
2022-11-14T02:30:00Z,124.06,1258.1
2022-11-14T03:00:00Z,111.82,891.85
2022-11-14T03:30:00Z,105.17,957.8
2022-11-14T04:00:00Z,109.75,1033.7
2022-11-14T04:30:00Z,106.47,1141.25
2022-11-14T05:00:00Z,94.25,890.5
2022-11-14T05:30:00Z,117.95,1158.7
2022-11-14T06:00:00Z,115.44999999999999,1365.15
2022-11-14T06:30:00Z,111.19,1273.15
2022-11-14T07:00:00Z,116.75,1630.25
2022-11-14T07:30:00Z,125.71,1283.25
2022-11-14T08:00:00Z,102.45,1081.2
2022-11-14T08:30:00Z,104.66,934.95
2022-11-14T09:00:00Z,106.99,1495.5
2022-11-14T09:30:00Z,106.97,1388.85
2022-11-14T10:00:00Z,104.39,1442.55
2022-11-14T10:30:00Z,93.52000000000001,1882.1
2022-11-14T11:00:00Z,82.39000000000001,1789.15
2022-11-14T11:30:00Z,86.24,1664.9
2022-11-14T12:00:00Z,83.66,1688.95
2022-11-14T12:30:00Z,88.41,1689.55
2022-11-14T13:00:00Z,109.85,1932.05
2022-11-14T13:30:00Z,110.02,2284.05
2022-11-14T14:00:00Z,98.78,2277.5
2022-11-14T14:30:00Z,98.96,2267.7
2022-11-14T15:00:00Z,131.56,1954.25
2022-11-14T15:30:00Z,139.36,2079.3
2022-11-14T16:00:00Z,125.18,2269.45
2022-11-14T16:30:00Z,155.96,2257.4
2022-11-14T17:00:00Z,148.98,2104.8
2022-11-14T17:30:00Z,139.26,2400.6
2022-11-14T18:00:00Z,145.41,2819.85
2022-11-14T18:30:00Z,130.86,2690.75
2022-11-14T19:00:00Z,136.06,2286.65
2022-11-14T19:30:00Z,119.64,2486.3
2022-11-14T20:00:00Z,131.79,2319.15
2022-11-14T20:30:00Z,123.29,2480.55
2022-11-14T21:00:00Z,115.59,2073.35
2022-11-14T21:30:00Z,102.4,2168.6
2022-11-14T22:00:00Z,108.83,1972.4
2022-11-14T22:30:00Z,106.41,2163.35
2022-11-14T23:00:00Z,92.89,805.35
2022-11-14T23:30:00Z,86.67,1213.4
2022-11-15T00:00:00Z,89.11,972.45
2022-11-15T00:30:00Z,74.61,1078.5
2022-11-15T01:00:00Z,73.25,1091.95
2022-11-15T01:30:00Z,91.93,1634.25
2022-11-15T02:00:00Z,85.57,1362.35
2022-11-15T02:30:00Z,73.12,1258.45
2022-11-15T03:00:00Z,82.09,1042.1
2022-11-15T03:30:00Z,72.75,817.65
2022-11-15T04:00:00Z,77.74,1058.65
2022-11-15T04:30:00Z,72.75,1104.95
2022-11-15T05:00:00Z,76.21,1053.6
2022-11-15T05:30:00Z,71.2,1121.85
2022-11-15T06:00:00Z,89.42,1577.4
2022-11-15T06:30:00Z,104.05,1656.75
2022-11-15T07:00:00Z,99.76999999999998,1483.85
2022-11-15T07:30:00Z,90.23000000000002,1703.55
2022-11-15T08:00:00Z,93.81,1614.85
2022-11-15T08:30:00Z,98.15,1832.5
2022-11-15T09:00:00Z,115.84,1546.6
2022-11-15T09:30:00Z,121.61,1602.85
2022-11-15T10:00:00Z,117.49,1528.2
2022-11-15T10:30:00Z,121.34,1725.6
2022-11-15T11:00:00Z,144.38,1350.85
2022-11-15T11:30:00Z,144.98,1383.5
2022-11-15T12:00:00Z,145.98,1295.55
2022-11-15T12:30:00Z,128.79,1581.6
2022-11-15T13:00:00Z,111.03000000000002,1349.1
2022-11-15T13:30:00Z,117.47,1614.95
2022-11-15T14:00:00Z,115.33999999999999,1334.1
2022-11-15T14:30:00Z,106.91,1414.75
2022-11-15T15:00:00Z,111.46999999999998,1686.0
2022-11-15T15:30:00Z,117.67,1387.55
2022-11-15T16:00:00Z,129.64,2069.3
2022-11-15T16:30:00Z,180.57,1694.85
2022-11-15T17:00:00Z,189.68,1949.75
2022-11-15T17:30:00Z,205.22,1870.05
2022-11-15T18:00:00Z,206.63999999999996,1871.45
2022-11-15T18:30:00Z,188.66,2387.65
2022-11-15T19:00:00Z,180.0,1620.7
2022-11-15T19:30:00Z,158.36,1257.0
2022-11-15T20:00:00Z,150.19,1326.55
2022-11-15T20:30:00Z,166.48,1561.95
2022-11-15T21:00:00Z,154.46,1350.1
2022-11-15T21:30:00Z,135.44,2115.85
2022-11-15T22:00:00Z,120.42,1663.45
2022-11-15T22:30:00Z,123.69999999999999,1621.95
2022-11-15T23:00:00Z,116.37,982.15
2022-11-15T23:30:00Z,124.9,1065.4
2022-11-16T00:00:00Z,127.89999999999999,1307.55
2022-11-16T00:30:00Z,120.36999999999999,1458.9
2022-11-16T01:00:00Z,106.65,1131.1
2022-11-16T01:30:00Z,104.57,1676.0
2022-11-16T02:00:00Z,111.2,1387.0
2022-11-16T02:30:00Z,111.65,2089.7
2022-11-16T03:00:00Z,91.85,1107.55
2022-11-16T03:30:00Z,65.58,762.0
2022-11-16T04:00:00Z,92.92,939.0
2022-11-16T04:30:00Z,113.94,1078.55
2022-11-16T05:00:00Z,116.5,1062.35
2022-11-16T05:30:00Z,120.9,1138.85
2022-11-16T06:00:00Z,149.24,1068.55
2022-11-16T06:30:00Z,142.16,1611.5
2022-11-16T07:00:00Z,170.82,2066.8
2022-11-16T07:30:00Z,210.77,1683.15
2022-11-16T08:00:00Z,222.6,1693.85
2022-11-16T08:30:00Z,222.43,1743.0
2022-11-16T09:00:00Z,221.09,1983.85
2022-11-16T09:30:00Z,221.29,2014.55
2022-11-16T10:00:00Z,211.66,2208.9
2022-11-16T10:30:00Z,207.22,2308.95
2022-11-16T11:00:00Z,198.4,1996.45
2022-11-16T11:30:00Z,197.77,2028.0
2022-11-16T12:00:00Z,200.44,1717.85
2022-11-16T12:30:00Z,199.29,1961.35
2022-11-16T13:00:00Z,217.79,2596.65
2022-11-16T13:30:00Z,202.51,2500.0
2022-11-16T14:00:00Z,199.13,2437.6
2022-11-16T14:30:00Z,200.29,2739.8
2022-11-16T15:00:00Z,231.01,2245.85
2022-11-16T15:30:00Z,243.83,2119.4
2022-11-16T16:00:00Z,239.39000000000001,2273.25
2022-11-16T16:30:00Z,270.94,2412.35
2022-11-16T17:00:00Z,268.55,2623.95
2022-11-16T17:30:00Z,245.53000000000003,2391.3
2022-11-16T18:00:00Z,227.62,2961.85
2022-11-16T18:30:00Z,225.3,3095.65
2022-11-16T19:00:00Z,165.98,2799.65
2022-11-16T19:30:00Z,156.22,2401.5
2022-11-16T20:00:00Z,146.68,2562.35
2022-11-16T20:30:00Z,155.24,2481.35
2022-11-16T21:00:00Z,125.09,2252.4
2022-11-16T21:30:00Z,125.29,1881.25
2022-11-16T22:00:00Z,114.35,2282.3
2022-11-16T22:30:00Z,127.7,2168.15
2022-11-16T23:00:00Z,61.36999999999999,802.75
2022-11-16T23:30:00Z,65.03,617.2
2022-11-17T00:00:00Z,60.959999999999994,694.6
2022-11-17T00:30:00Z,70.94,834.95
2022-11-17T01:00:00Z,45.23,619.95
2022-11-17T01:30:00Z,26.4,562.85
2022-11-17T02:00:00Z,20.91,771.75
2022-11-17T02:30:00Z,19.28,725.5
2022-11-17T03:00:00Z,9.96,601.4
2022-11-17T03:30:00Z,6.709999999999999,629.85
2022-11-17T04:00:00Z,17.47,777.25
2022-11-17T04:30:00Z,12.35,1172.05
2022-11-17T05:00:00Z,69.3,1278.55
2022-11-17T05:30:00Z,60.260000000000005,1597.8
2022-11-17T06:00:00Z,102.44,1127.15
2022-11-17T06:30:00Z,93.84999999999998,1685.6
2022-11-17T07:00:00Z,135.37,1279.4
2022-11-17T07:30:00Z,152.37,1158.0
2022-11-17T08:00:00Z,147.7,1455.65
2022-11-17T08:30:00Z,134.17,1546.25
2022-11-17T09:00:00Z,119.7,2030.1
2022-11-17T09:30:00Z,116.53,1718.55
2022-11-17T10:00:00Z,117.57,1915.65
2022-11-17T10:30:00Z,106.37,1801.4
2022-11-17T11:00:00Z,105.85999999999999,1647.55
2022-11-17T11:30:00Z,106.79,1533.8
2022-11-17T12:00:00Z,112.83,1654.8
2022-11-17T12:30:00Z,112.54999999999998,1614.0
2022-11-17T13:00:00Z,114.47,1496.85
2022-11-17T13:30:00Z,100.54,1255.95
2022-11-17T14:00:00Z,106.36,1424.45
2022-11-17T14:30:00Z,99.86,1787.85
2022-11-17T15:00:00Z,139.07,1661.2
2022-11-17T15:30:00Z,148.49,1696.7
2022-11-17T16:00:00Z,147.04,1828.2
2022-11-17T16:30:00Z,161.3,1691.1
2022-11-17T17:00:00Z,163.37,1874.25
2022-11-17T17:30:00Z,168.45,1675.95
2022-11-17T18:00:00Z,165.74,2218.3
2022-11-17T18:30:00Z,158.75,2034.0
2022-11-17T19:00:00Z,140.89,1819.4
2022-11-17T19:30:00Z,125.69,1753.95
2022-11-17T20:00:00Z,112.0,1746.5
2022-11-17T20:30:00Z,101.56999999999998,1538.5
2022-11-17T21:00:00Z,102.29000000000002,1448.95
2022-11-17T21:30:00Z,98.56,1436.0
2022-11-17T22:00:00Z,82.83,1294.7
2022-11-17T22:30:00Z,81.19,1483.75
2022-11-17T23:00:00Z,104.36000000000001,931.85
2022-11-17T23:30:00Z,100.27,948.25
2022-11-18T00:00:00Z,103.02000000000001,749.3
2022-11-18T00:30:00Z,105.14,902.5
2022-11-18T01:00:00Z,108.58,1027.15
2022-11-18T01:30:00Z,106.69,885.7
2022-11-18T02:00:00Z,98.88,1093.1
2022-11-18T02:30:00Z,99.89,1391.95
2022-11-18T03:00:00Z,100.92,974.25
2022-11-18T03:30:00Z,99.31,1241.5
2022-11-18T04:00:00Z,99.22,1032.8
2022-11-18T04:30:00Z,100.64,1095.0
2022-11-18T05:00:00Z,104.32,705.65
2022-11-18T05:30:00Z,109.03,1167.25
2022-11-18T06:00:00Z,117.19,893.8
2022-11-18T06:30:00Z,134.75,1159.7
2022-11-18T07:00:00Z,137.63,1178.1
2022-11-18T07:30:00Z,145.86,1684.75
2022-11-18T08:00:00Z,145.85,1421.6
2022-11-18T08:30:00Z,146.03,1298.95
2022-11-18T09:00:00Z,151.77,1139.85
2022-11-18T09:30:00Z,150.44,1618.2
2022-11-18T10:00:00Z,136.76,1839.05
2022-11-18T10:30:00Z,128.52,1877.75
2022-11-18T11:00:00Z,119.65,1806.25
2022-11-18T11:30:00Z,130.54,2273.2
2022-11-18T12:00:00Z,132.32,1976.65
2022-11-18T12:30:00Z,129.1,1758.1
2022-11-18T13:00:00Z,137.7,2040.95
2022-11-18T13:30:00Z,137.51,1688.95
2022-11-18T14:00:00Z,133.53,1624.45
2022-11-18T14:30:00Z,133.49,1745.85
2022-11-18T15:00:00Z,147.51,1528.75
2022-11-18T15:30:00Z,157.5,1370.4
2022-11-18T16:00:00Z,158.29,1503.1
2022-11-18T16:30:00Z,186.62,1699.45
2022-11-18T17:00:00Z,200.48,1340.4
2022-11-18T17:30:00Z,203.17,1566.1
2022-11-18T18:00:00Z,190.23,1692.7
2022-11-18T18:30:00Z,177.53,1678.05
2022-11-18T19:00:00Z,166.61,1318.95
2022-11-18T19:30:00Z,135.82,1610.0
2022-11-18T20:00:00Z,121.80000000000001,1227.65
2022-11-18T20:30:00Z,104.76,1539.15
2022-11-18T21:00:00Z,114.98,1500.75
2022-11-18T21:30:00Z,104.13000000000001,1338.25
2022-11-18T22:00:00Z,100.26,1097.55
2022-11-18T22:30:00Z,89.42,1298.7
2022-11-18T23:00:00Z,82.88,875.25
2022-11-18T23:30:00Z,69.01,478.25
2022-11-19T00:00:00Z,88.29,630.1
2022-11-19T00:30:00Z,90.53,676.9
2022-11-19T01:00:00Z,117.37,535.95
2022-11-19T01:30:00Z,104.86,680.6
2022-11-19T02:00:00Z,102.33,854.65
2022-11-19T02:30:00Z,100.54,966.3
2022-11-19T03:00:00Z,80.24,732.25
2022-11-19T03:30:00Z,81.91,955.4
2022-11-19T04:00:00Z,90.42,1013.6
2022-11-19T04:30:00Z,88.95,1174.65
2022-11-19T05:00:00Z,77.24,746.7
2022-11-19T05:30:00Z,79.2,626.3
2022-11-19T06:00:00Z,76.6,905.35
2022-11-19T06:30:00Z,78.28,1069.55
2022-11-19T07:00:00Z,80.99,771.35
2022-11-19T07:30:00Z,80.59,670.5
2022-11-19T08:00:00Z,77.54,816.3
2022-11-19T08:30:00Z,79.12,824.15
2022-11-19T09:00:00Z,82.48,630.4
2022-11-19T09:30:00Z,80.82,733.05
2022-11-19T10:00:00Z,80.61,758.0
2022-11-19T10:30:00Z,79.44,839.8
2022-11-19T11:00:00Z,77.16,881.4
2022-11-19T11:30:00Z,77.29,906.95
2022-11-19T12:00:00Z,76.7,1051.45
2022-11-19T12:30:00Z,77.62,1005.9
2022-11-19T13:00:00Z,78.89,1107.25
2022-11-19T13:30:00Z,78.2,1006.15
2022-11-19T14:00:00Z,77.67,1134.3
2022-11-19T14:30:00Z,79.37,1094.9
2022-11-19T15:00:00Z,83.95,1173.65
2022-11-19T15:30:00Z,85.15,1316.95
2022-11-19T16:00:00Z,86.17,1485.9
2022-11-19T16:30:00Z,107.22999999999999,1447.55
2022-11-19T17:00:00Z,117.65000000000002,1524.4
2022-11-19T17:30:00Z,113.90999999999998,1369.8
2022-11-19T18:00:00Z,97.93,1338.45
2022-11-19T18:30:00Z,91.86,1323.95
2022-11-19T19:00:00Z,82.97,1137.35
2022-11-19T19:30:00Z,79.57,863.9
2022-11-19T20:00:00Z,79.08,825.75
2022-11-19T20:30:00Z,80.2,804.05
2022-11-19T21:00:00Z,79.23000000000002,1005.9
2022-11-19T21:30:00Z,77.24,1040.0
2022-11-19T22:00:00Z,76.53,1164.5
2022-11-19T22:30:00Z,77.31,1479.0
2022-11-19T23:00:00Z,70.99,706.85
2022-11-19T23:30:00Z,63.25999999999999,689.8
2022-11-20T00:00:00Z,73.19,493.0
2022-11-20T00:30:00Z,81.06,457.75
2022-11-20T01:00:00Z,83.79,690.75
2022-11-20T01:30:00Z,73.34,611.65
2022-11-20T02:00:00Z,63.92,618.2
2022-11-20T02:30:00Z,66.63,679.6
2022-11-20T03:00:00Z,62.78,917.8
2022-11-20T03:30:00Z,64.15,743.15
2022-11-20T04:00:00Z,63.39,712.0
2022-11-20T04:30:00Z,68.01,957.3
2022-11-20T05:00:00Z,88.42,978.75
2022-11-20T05:30:00Z,87.82,927.35
2022-11-20T06:00:00Z,89.53,939.05
2022-11-20T06:30:00Z,71.58,1167.8
2022-11-20T07:00:00Z,64.5,1071.75
2022-11-20T07:30:00Z,64.99,1208.4
2022-11-20T08:00:00Z,70.44,1254.15
2022-11-20T08:30:00Z,70.98,1402.95
2022-11-20T09:00:00Z,77.31,1175.4
2022-11-20T09:30:00Z,83.97,931.45
2022-11-20T10:00:00Z,85.39,1138.2
2022-11-20T10:30:00Z,84.01,1065.15
2022-11-20T11:00:00Z,95.73,941.9
2022-11-20T11:30:00Z,105.73,1062.7
2022-11-20T12:00:00Z,109.72,1600.7
2022-11-20T12:30:00Z,115.68999999999998,1550.35
2022-11-20T13:00:00Z,113.91,1595.45
2022-11-20T13:30:00Z,104.36,1635.95
2022-11-20T14:00:00Z,96.98999999999998,1547.2
2022-11-20T14:30:00Z,91.56,1948.65
2022-11-20T15:00:00Z,129.53,1231.0
2022-11-20T15:30:00Z,145.35,1409.7
2022-11-20T16:00:00Z,161.71,1385.3
2022-11-20T16:30:00Z,189.11,1248.55
2022-11-20T17:00:00Z,195.03,1253.8
2022-11-20T17:30:00Z,199.06999999999996,1324.5
2022-11-20T18:00:00Z,189.73,1396.4
2022-11-20T18:30:00Z,178.06,1498.1
2022-11-20T19:00:00Z,155.46,1011.65
2022-11-20T19:30:00Z,147.31,1054.7
2022-11-20T20:00:00Z,137.58,1096.85
2022-11-20T20:30:00Z,125.36,1398.7
2022-11-20T21:00:00Z,120.93,1437.8
2022-11-20T21:30:00Z,123.13999999999999,1211.4
2022-11-20T22:00:00Z,120.73,992.5
2022-11-20T22:30:00Z,111.99000000000001,1200.1
2022-11-20T23:00:00Z,112.19,781.25
2022-11-20T23:30:00Z,111.25,858.85
2022-11-21T00:00:00Z,110.43,768.45
2022-11-21T00:30:00Z,121.98,768.0
2022-11-21T01:00:00Z,127.67,701.8
2022-11-21T01:30:00Z,126.65,704.0
2022-11-21T02:00:00Z,122.33999999999999,670.1
2022-11-21T02:30:00Z,113.68,521.75
2022-11-21T03:00:00Z,99.99,411.6
2022-11-21T03:30:00Z,90.49,422.25
2022-11-21T04:00:00Z,80.03,567.3
2022-11-21T04:30:00Z,79.32,575.0
2022-11-21T05:00:00Z,95.62,475.6
2022-11-21T05:30:00Z,98.92,472.6
2022-11-21T06:00:00Z,126.3,610.7
2022-11-21T06:30:00Z,150.9,1142.25
2022-11-21T07:00:00Z,136.45,1067.25
2022-11-21T07:30:00Z,155.85,1073.65
2022-11-21T08:00:00Z,142.92,1283.1
2022-11-21T08:30:00Z,148.26,1359.8
2022-11-21T09:00:00Z,147.69,1264.05
2022-11-21T09:30:00Z,144.19,1247.55
2022-11-21T10:00:00Z,153.12,1256.9
2022-11-21T10:30:00Z,155.58,1554.0
2022-11-21T11:00:00Z,170.56,1237.05
2022-11-21T11:30:00Z,167.93,1446.75
2022-11-21T12:00:00Z,151.12,1485.95
2022-11-21T12:30:00Z,134.18,1801.65
2022-11-21T13:00:00Z,132.37,2319.95
2022-11-21T13:30:00Z,130.15,2097.65
2022-11-21T14:00:00Z,130.25,2162.85
2022-11-21T14:30:00Z,135.38,2315.75
2022-11-21T15:00:00Z,152.69,2405.0
2022-11-21T15:30:00Z,152.16,2501.1
2022-11-21T16:00:00Z,162.2,1885.1
2022-11-21T16:30:00Z,171.9,2065.05
2022-11-21T17:00:00Z,165.91,2212.8
2022-11-21T17:30:00Z,155.67,2286.25
2022-11-21T18:00:00Z,166.21,2298.9
2022-11-21T18:30:00Z,160.6,2276.4
2022-11-21T19:00:00Z,151.7,1410.95
2022-11-21T19:30:00Z,145.17,1433.85
2022-11-21T20:00:00Z,142.61,1112.35
2022-11-21T20:30:00Z,129.34,1180.35
2022-11-21T21:00:00Z,112.42,1048.95
2022-11-21T21:30:00Z,91.6,1175.95
2022-11-21T22:00:00Z,89.3,1619.4
2022-11-21T22:30:00Z,84.82,1915.15
2022-11-21T23:00:00Z,83.79,1214.0
2022-11-21T23:30:00Z,81.5,1063.35
2022-11-22T00:00:00Z,74.04,1062.45
2022-11-22T00:30:00Z,80.52,1338.0
2022-11-22T01:00:00Z,85.82,1562.7
2022-11-22T01:30:00Z,90.34,1926.7
2022-11-22T02:00:00Z,76.98,1406.7
2022-11-22T02:30:00Z,82.84,1675.45
2022-11-22T03:00:00Z,85.92,1219.1
2022-11-22T03:30:00Z,76.42,1001.15
2022-11-22T04:00:00Z,86.05,1013.0
2022-11-22T04:30:00Z,89.85,1110.35
2022-11-22T05:00:00Z,93.14,947.8
2022-11-22T05:30:00Z,94.4,1167.65
2022-11-22T06:00:00Z,82.26,1376.75
2022-11-22T06:30:00Z,90.4,1290.65
2022-11-22T07:00:00Z,159.31,2234.8
2022-11-22T07:30:00Z,216.36,1744.35
2022-11-22T08:00:00Z,209.07000000000002,1566.25
2022-11-22T08:30:00Z,227.84,1671.1
2022-11-22T09:00:00Z,230.06,1743.65
2022-11-22T09:30:00Z,221.07,1989.6
2022-11-22T10:00:00Z,213.35,1910.4
2022-11-22T10:30:00Z,206.38,1954.7
2022-11-22T11:00:00Z,182.12,2061.75
2022-11-22T11:30:00Z,187.25,2212.35
2022-11-22T12:00:00Z,207.64,1954.7
2022-11-22T12:30:00Z,209.31,1819.2
2022-11-22T13:00:00Z,210.42999999999998,1606.3
2022-11-22T13:30:00Z,212.66,1805.0
2022-11-22T14:00:00Z,205.73,1846.6
2022-11-22T14:30:00Z,205.01,1947.4
2022-11-22T15:00:00Z,239.20000000000002,1521.0
2022-11-22T15:30:00Z,252.49,1757.4
2022-11-22T16:00:00Z,216.08,1800.7
2022-11-22T16:30:00Z,289.59,1527.7
2022-11-22T17:00:00Z,261.36,1333.1
2022-11-22T17:30:00Z,256.55,1406.1
2022-11-22T18:00:00Z,246.77,1685.85
2022-11-22T18:30:00Z,228.88,1726.65
2022-11-22T19:00:00Z,211.02,1684.65
2022-11-22T19:30:00Z,181.33000000000004,1552.45
2022-11-22T20:00:00Z,195.11,1695.1
2022-11-22T20:30:00Z,165.11,1663.9
2022-11-22T21:00:00Z,169.59,1529.35
2022-11-22T21:30:00Z,146.37,1694.7
2022-11-22T22:00:00Z,151.31,1498.95
2022-11-22T22:30:00Z,143.14,1569.1
2022-11-22T23:00:00Z,129.85,690.05
2022-11-22T23:30:00Z,140.55,601.55
2022-11-23T00:00:00Z,137.8,765.85
2022-11-23T00:30:00Z,128.41,1108.4
2022-11-23T01:00:00Z,114.83000000000001,721.3
2022-11-23T01:30:00Z,110.01,833.05
2022-11-23T02:00:00Z,125.21,991.6
2022-11-23T02:30:00Z,129.76,1188.6
2022-11-23T03:00:00Z,140.02,668.95
2022-11-23T03:30:00Z,126.27,735.75
2022-11-23T04:00:00Z,130.82,694.4
2022-11-23T04:30:00Z,126.24,797.4
2022-11-23T05:00:00Z,149.56,910.8
2022-11-23T05:30:00Z,150.81,1137.2
2022-11-23T06:00:00Z,153.87,1780.9
2022-11-23T06:30:00Z,136.43,1860.9
2022-11-23T07:00:00Z,109.74,1291.55
2022-11-23T07:30:00Z,101.04999999999998,1385.65
2022-11-23T08:00:00Z,106.84,1087.5
2022-11-23T08:30:00Z,103.72999999999999,1387.75
2022-11-23T09:00:00Z,106.2,2008.35
2022-11-23T09:30:00Z,109.68,1981.75
2022-11-23T10:00:00Z,120.86000000000001,2415.15
2022-11-23T10:30:00Z,111.02999999999999,2464.4
2022-11-23T11:00:00Z,106.41,1980.75
2022-11-23T11:30:00Z,107.58,2033.85
2022-11-23T12:00:00Z,112.85,1954.7
2022-11-23T12:30:00Z,108.59,2048.75
2022-11-23T13:00:00Z,102.65,1533.45
2022-11-23T13:30:00Z,101.63,2045.9
2022-11-23T14:00:00Z,111.3,1945.5
2022-11-23T14:30:00Z,107.4,2290.6
2022-11-23T15:00:00Z,123.12,1568.9
2022-11-23T15:30:00Z,149.77,1661.2
2022-11-23T16:00:00Z,159.59,2029.65
2022-11-23T16:30:00Z,183.41,2357.85
2022-11-23T17:00:00Z,174.06,2174.35
2022-11-23T17:30:00Z,165.05,2426.8
2022-11-23T18:00:00Z,167.3,2144.0
2022-11-23T18:30:00Z,144.62,1934.05
2022-11-23T19:00:00Z,147.48,1763.4
2022-11-23T19:30:00Z,148.35,1613.45
2022-11-23T20:00:00Z,150.15,1439.25
2022-11-23T20:30:00Z,146.69,1548.9
2022-11-23T21:00:00Z,146.55,1605.1
2022-11-23T21:30:00Z,135.1,1378.0
2022-11-23T22:00:00Z,125.38,1566.2
2022-11-23T22:30:00Z,127.76000000000002,1399.6
2022-11-23T23:00:00Z,139.07,877.75
2022-11-23T23:30:00Z,137.58,657.5
2022-11-24T00:00:00Z,107.25,551.25
2022-11-24T00:30:00Z,109.44,942.75
2022-11-24T01:00:00Z,113.14,748.6
2022-11-24T01:30:00Z,107.86,825.6
2022-11-24T02:00:00Z,113.35,871.3
2022-11-24T02:30:00Z,108.36,897.25
2022-11-24T03:00:00Z,101.21999999999998,657.1
2022-11-24T03:30:00Z,93.03,662.15
2022-11-24T04:00:00Z,124.05,830.2
2022-11-24T04:30:00Z,116.13,951.0
2022-11-24T05:00:00Z,116.38,559.1
2022-11-24T05:30:00Z,130.46,693.7
2022-11-24T06:00:00Z,141.65,1037.8
2022-11-24T06:30:00Z,148.2,1216.65
2022-11-24T07:00:00Z,156.94,1902.4
2022-11-24T07:30:00Z,174.58,1549.25
2022-11-24T08:00:00Z,166.04,1775.55
2022-11-24T08:30:00Z,155.85,1401.1
2022-11-24T09:00:00Z,172.38,1726.45
2022-11-24T09:30:00Z,165.92999999999998,1803.7
2022-11-24T10:00:00Z,173.2,1759.85
2022-11-24T10:30:00Z,180.1,2104.3
2022-11-24T11:00:00Z,172.81,1850.05
2022-11-24T11:30:00Z,166.23,1877.0
2022-11-24T12:00:00Z,157.17000000000002,1820.8
2022-11-24T12:30:00Z,138.88,1862.6
2022-11-24T13:00:00Z,133.83,1427.95
2022-11-24T13:30:00Z,128.72,1375.1
2022-11-24T14:00:00Z,133.62,1313.9
2022-11-24T14:30:00Z,135.99,1288.9
2022-11-24T15:00:00Z,127.74,1232.65
2022-11-24T15:30:00Z,143.14,1608.55
2022-11-24T16:00:00Z,149.2,1824.5
2022-11-24T16:30:00Z,167.16,1604.85
2022-11-24T17:00:00Z,177.81,1526.2
2022-11-24T17:30:00Z,192.54,1778.45
2022-11-24T18:00:00Z,187.76,1818.05
2022-11-24T18:30:00Z,156.63,1564.1
2022-11-24T19:00:00Z,161.33,1942.8
2022-11-24T19:30:00Z,143.34,1857.3
2022-11-24T20:00:00Z,152.66,1875.15
2022-11-24T20:30:00Z,150.2,1790.4
2022-11-24T21:00:00Z,146.26,1583.6
2022-11-24T21:30:00Z,142.36,1329.9
2022-11-24T22:00:00Z,147.22,1369.8
2022-11-24T22:30:00Z,142.2,1480.5
2022-11-24T23:00:00Z,163.63,1250.0
2022-11-24T23:30:00Z,158.73,1232.85
2022-11-25T00:00:00Z,163.54,1547.6
2022-11-25T00:30:00Z,160.95,1820.4
2022-11-25T01:00:00Z,150.77,1347.85
2022-11-25T01:30:00Z,143.01,945.25
2022-11-25T02:00:00Z,144.5,1174.45
2022-11-25T02:30:00Z,143.58,1076.15
2022-11-25T03:00:00Z,145.6,1195.35
2022-11-25T03:30:00Z,138.82,1111.25
2022-11-25T04:00:00Z,125.64,1453.75
2022-11-25T04:30:00Z,122.61,1382.4
2022-11-25T05:00:00Z,139.73,1219.5
2022-11-25T05:30:00Z,148.25,1129.4
2022-11-25T06:00:00Z,155.57,1372.35
2022-11-25T06:30:00Z,141.47,1244.0
2022-11-25T07:00:00Z,135.25,1622.65
2022-11-25T07:30:00Z,179.47,1423.1
2022-11-25T08:00:00Z,170.54,1329.5
2022-11-25T08:30:00Z,153.22,1601.3
2022-11-25T09:00:00Z,155.8,1628.65
2022-11-25T09:30:00Z,151.77000000000004,1907.65
2022-11-25T10:00:00Z,159.31,1544.4
2022-11-25T10:30:00Z,143.89,1625.7
2022-11-25T11:00:00Z,145.61,1494.85
2022-11-25T11:30:00Z,146.16,1379.3
2022-11-25T12:00:00Z,153.28,1388.95
2022-11-25T12:30:00Z,157.14,1383.3
2022-11-25T13:00:00Z,143.94,1582.6
2022-11-25T13:30:00Z,138.3,1382.85
2022-11-25T14:00:00Z,134.31,1705.0
2022-11-25T14:30:00Z,130.16,1555.4
2022-11-25T15:00:00Z,115.15,1304.35
2022-11-25T15:30:00Z,122.43,1531.1
2022-11-25T16:00:00Z,131.53,1726.5
2022-11-25T16:30:00Z,171.58,1581.3
2022-11-25T17:00:00Z,174.11,1579.8
2022-11-25T17:30:00Z,163.15,1469.7
2022-11-25T18:00:00Z,145.9,1515.95
2022-11-25T18:30:00Z,142.29,1603.45
2022-11-25T19:00:00Z,141.28,1456.05
2022-11-25T19:30:00Z,131.12,1342.55
2022-11-25T20:00:00Z,121.64,1369.2
2022-11-25T20:30:00Z,115.72000000000001,1495.45
2022-11-25T21:00:00Z,126.38,1585.65
2022-11-25T21:30:00Z,130.15,1459.0
2022-11-25T22:00:00Z,135.99,1641.05
2022-11-25T22:30:00Z,135.44,1739.55
2022-11-25T23:00:00Z,146.30999999999997,902.65
2022-11-25T23:30:00Z,137.5,751.25
2022-11-26T00:00:00Z,149.84,668.55
2022-11-26T00:30:00Z,157.95,699.7
2022-11-26T01:00:00Z,154.35,1022.5
2022-11-26T01:30:00Z,146.85,1068.0
2022-11-26T02:00:00Z,140.71,1093.3
2022-11-26T02:30:00Z,124.9,1085.0
2022-11-26T03:00:00Z,139.78,1332.35
2022-11-26T03:30:00Z,141.16,1537.4
2022-11-26T04:00:00Z,144.51,1330.15
2022-11-26T04:30:00Z,141.74,1091.15
2022-11-26T05:00:00Z,135.24,1183.65
2022-11-26T05:30:00Z,136.65,1249.9
2022-11-26T06:00:00Z,150.43,918.8
2022-11-26T06:30:00Z,157.82,1386.55
2022-11-26T07:00:00Z,145.45,1035.65
2022-11-26T07:30:00Z,153.5,1003.4
2022-11-26T08:00:00Z,140.86,1033.45
2022-11-26T08:30:00Z,158.94,1360.8
2022-11-26T09:00:00Z,161.49,1062.55
2022-11-26T09:30:00Z,146.58,1312.8
2022-11-26T10:00:00Z,140.05,1321.65
2022-11-26T10:30:00Z,125.64999999999999,1484.35
2022-11-26T11:00:00Z,128.89,1102.45
2022-11-26T11:30:00Z,115.41,1340.7
2022-11-26T12:00:00Z,115.68,1417.25
2022-11-26T12:30:00Z,122.21,1862.9
2022-11-26T13:00:00Z,139.05,1630.85
2022-11-26T13:30:00Z,120.01,1443.85
2022-11-26T14:00:00Z,118.46,1297.85
2022-11-26T14:30:00Z,119.68,1323.4
2022-11-26T15:00:00Z,117.06,1103.6
2022-11-26T15:30:00Z,121.89999999999999,1100.8
2022-11-26T16:00:00Z,134.32,1245.0
2022-11-26T16:30:00Z,159.32,1469.6
2022-11-26T17:00:00Z,144.43,1382.0
2022-11-26T17:30:00Z,133.87,1528.65
2022-11-26T18:00:00Z,143.46,1474.75
2022-11-26T18:30:00Z,132.81,1546.7
2022-11-26T19:00:00Z,138.67,954.4
2022-11-26T19:30:00Z,130.39,1059.6
2022-11-26T20:00:00Z,116.05,1024.35
2022-11-26T20:30:00Z,123.38,1262.9
2022-11-26T21:00:00Z,133.45,1151.6
2022-11-26T21:30:00Z,138.2,1340.65
2022-11-26T22:00:00Z,128.24,1443.65
2022-11-26T22:30:00Z,117.89,1256.25
2022-11-26T23:00:00Z,83.72,871.8
2022-11-26T23:30:00Z,87.75,987.05
2022-11-27T00:00:00Z,60.54,1040.45
2022-11-27T00:30:00Z,67.67,1123.35
2022-11-27T01:00:00Z,44.88,1057.2
2022-11-27T01:30:00Z,42.72,1037.65
2022-11-27T02:00:00Z,45.49,1194.1
2022-11-27T02:30:00Z,51.53000000000001,1312.75
2022-11-27T03:00:00Z,52.12,1123.25
2022-11-27T03:30:00Z,76.66,1350.75
2022-11-27T04:00:00Z,85.26,948.05
2022-11-27T04:30:00Z,92.95,958.5
2022-11-27T05:00:00Z,95.48000000000002,784.15
2022-11-27T05:30:00Z,121.20999999999998,844.85
2022-11-27T06:00:00Z,103.05,1009.5
2022-11-27T06:30:00Z,115.78,1240.7
2022-11-27T07:00:00Z,132.82,948.15
2022-11-27T07:30:00Z,149.31,1005.1
2022-11-27T08:00:00Z,160.61,835.2
2022-11-27T08:30:00Z,197.19,1098.05
2022-11-27T09:00:00Z,182.89,1127.65
2022-11-27T09:30:00Z,200.05,1161.85
2022-11-27T10:00:00Z,204.89,1401.3
2022-11-27T10:30:00Z,197.76,1906.35
2022-11-27T11:00:00Z,206.86,1910.35
2022-11-27T11:30:00Z,204.08,1630.7
2022-11-27T12:00:00Z,192.53,1659.4
2022-11-27T12:30:00Z,191.75,1944.95
2022-11-27T13:00:00Z,182.14,1731.8
2022-11-27T13:30:00Z,174.68,1421.95
2022-11-27T14:00:00Z,179.3,1348.05
2022-11-27T14:30:00Z,157.83,1509.5
2022-11-27T15:00:00Z,188.97999999999996,1436.4
2022-11-27T15:30:00Z,191.5,1161.5
2022-11-27T16:00:00Z,174.44000000000003,1508.6
2022-11-27T16:30:00Z,204.65,1288.05
2022-11-27T17:00:00Z,217.15,1155.65
2022-11-27T17:30:00Z,215.56,1271.95
2022-11-27T18:00:00Z,224.51,1626.1
2022-11-27T18:30:00Z,199.16,1688.15
2022-11-27T19:00:00Z,210.3,1310.45
2022-11-27T19:30:00Z,178.32,1136.7
2022-11-27T20:00:00Z,173.35,1177.6
2022-11-27T20:30:00Z,159.0,1087.15
2022-11-27T21:00:00Z,147.01,1160.6
2022-11-27T21:30:00Z,154.57,1054.9
2022-11-27T22:00:00Z,157.45,1264.6
2022-11-27T22:30:00Z,151.35,1193.05
2022-11-27T23:00:00Z,193.46,522.15
2022-11-27T23:30:00Z,178.61,583.55
2022-11-28T00:00:00Z,172.41,1001.15
2022-11-28T00:30:00Z,167.46,1108.7
2022-11-28T01:00:00Z,166.66,1119.55
2022-11-28T01:30:00Z,163.11,1077.5
2022-11-28T02:00:00Z,164.33,1369.85
2022-11-28T02:30:00Z,165.92,1285.85
2022-11-28T03:00:00Z,148.8,927.65
2022-11-28T03:30:00Z,152.21,1195.35
2022-11-28T04:00:00Z,165.19,1190.5
2022-11-28T04:30:00Z,153.28,1440.95
2022-11-28T05:00:00Z,163.47,1313.25
2022-11-28T05:30:00Z,164.34,1282.6
2022-11-28T06:00:00Z,189.56,838.55
2022-11-28T06:30:00Z,241.69,886.35
2022-11-28T07:00:00Z,236.33000000000004,1259.35
2022-11-28T07:30:00Z,277.07,1033.5
2022-11-28T08:00:00Z,243.65,1442.5
2022-11-28T08:30:00Z,266.74,1315.45
2022-11-28T09:00:00Z,277.5,1419.25
2022-11-28T09:30:00Z,273.16,1320.6
2022-11-28T10:00:00Z,276.15,1321.25
2022-11-28T10:30:00Z,288.6,1480.95
2022-11-28T11:00:00Z,318.57,1611.7
2022-11-28T11:30:00Z,349.06,1719.95
2022-11-28T12:00:00Z,291.46,1491.85
2022-11-28T12:30:00Z,280.88,1579.5
2022-11-28T13:00:00Z,284.76,1523.5
2022-11-28T13:30:00Z,303.9,1405.9
2022-11-28T14:00:00Z,299.34,1301.4
2022-11-28T14:30:00Z,307.13,1328.35
2022-11-28T15:00:00Z,309.96,1204.6
2022-11-28T15:30:00Z,326.42,1358.35
2022-11-28T16:00:00Z,264.61,1463.6
2022-11-28T16:30:00Z,469.62999999999994,1268.25
2022-11-28T17:00:00Z,501.07,2058.5
2022-11-28T17:30:00Z,508.41999999999996,1212.85
2022-11-28T18:00:00Z,438.41,1057.3
2022-11-28T18:30:00Z,384.8,1220.35
2022-11-28T19:00:00Z,319.18,1555.2
2022-11-28T19:30:00Z,265.89,1329.0
2022-11-28T20:00:00Z,404.57,1632.9
2022-11-28T20:30:00Z,271.04,1690.8
2022-11-28T21:00:00Z,347.28,1926.9
2022-11-28T21:30:00Z,240.54,1881.65
2022-11-28T22:00:00Z,268.11,1599.8
2022-11-28T22:30:00Z,227.11,1763.25
2022-11-28T23:00:00Z,291.89,665.8
2022-11-28T23:30:00Z,285.86,583.4
2022-11-29T00:00:00Z,228.18,769.45
2022-11-29T00:30:00Z,243.84999999999997,764.5
2022-11-29T01:00:00Z,258.73,1079.8
2022-11-29T01:30:00Z,223.8,958.6
2022-11-29T02:00:00Z,216.67,1165.0
2022-11-29T02:30:00Z,214.81,1230.0
2022-11-29T03:00:00Z,266.26,882.1
2022-11-29T03:30:00Z,252.32,810.8
2022-11-29T04:00:00Z,251.1,877.7
2022-11-29T04:30:00Z,266.52,887.0
2022-11-29T05:00:00Z,289.94,527.75
2022-11-29T05:30:00Z,286.72,795.75
2022-11-29T06:00:00Z,347.40999999999997,778.35
2022-11-29T06:30:00Z,378.78,981.15
2022-11-29T07:00:00Z,318.38,1209.5
2022-11-29T07:30:00Z,382.18999999999994,1427.35
2022-11-29T08:00:00Z,365.37,946.45
2022-11-29T08:30:00Z,378.80999999999995,998.8
2022-11-29T09:00:00Z,388.92,1276.7
2022-11-29T09:30:00Z,388.1,1026.55
2022-11-29T10:00:00Z,389.57,1173.75
2022-11-29T10:30:00Z,381.4700000000001,1527.75
2022-11-29T11:00:00Z,364.76,1441.9
2022-11-29T11:30:00Z,368.74,1236.6
2022-11-29T12:00:00Z,371.86999999999995,1601.45
2022-11-29T12:30:00Z,404.0299999999999,1595.95
2022-11-29T13:00:00Z,421.38,1901.8
2022-11-29T13:30:00Z,402.04,1958.1
2022-11-29T14:00:00Z,388.0,1887.25
2022-11-29T14:30:00Z,374.9599999999999,1913.05
2022-11-29T15:00:00Z,404.39,1978.35
2022-11-29T15:30:00Z,436.01,1573.55
2022-11-29T16:00:00Z,386.66,2020.6
2022-11-29T16:30:00Z,486.48,1716.0
2022-11-29T17:00:00Z,451.53,1622.45
2022-11-29T17:30:00Z,442.94,1648.35
2022-11-29T18:00:00Z,433.03,1882.1
2022-11-29T18:30:00Z,387.78,1997.6
2022-11-29T19:00:00Z,372.49,1511.4
2022-11-29T19:30:00Z,306.44,1592.2
2022-11-29T20:00:00Z,365.34,1336.6
2022-11-29T20:30:00Z,290.43,1409.9
2022-11-29T21:00:00Z,362.74,1062.35
2022-11-29T21:30:00Z,272.69,943.35
2022-11-29T22:00:00Z,293.02,1134.85
2022-11-29T22:30:00Z,259.04,1299.7
2022-11-29T23:00:00Z,280.83,640.2
2022-11-29T23:30:00Z,275.25,779.4
2022-11-30T00:00:00Z,257.3,687.7
2022-11-30T00:30:00Z,258.93,702.75
2022-11-30T01:00:00Z,259.46,921.6
2022-11-30T01:30:00Z,256.14,1035.15
2022-11-30T02:00:00Z,245.2,1246.1
2022-11-30T02:30:00Z,231.38,1083.0
2022-11-30T03:00:00Z,254.55,667.45
2022-11-30T03:30:00Z,239.51,1063.0
2022-11-30T04:00:00Z,239.02,1015.5
2022-11-30T04:30:00Z,236.17,694.25
2022-11-30T05:00:00Z,274.24,817.3
2022-11-30T05:30:00Z,270.58,802.5
2022-11-30T06:00:00Z,277.77,1127.45
2022-11-30T06:30:00Z,338.14,1258.05
2022-11-30T07:00:00Z,333.28,1165.15
2022-11-30T07:30:00Z,394.93,1179.1
2022-11-30T08:00:00Z,347.63,1063.9
2022-11-30T08:30:00Z,350.13,1250.9
2022-11-30T09:00:00Z,370.77,1161.05
2022-11-30T09:30:00Z,383.84,1131.4
2022-11-30T10:00:00Z,397.84,1140.75
2022-11-30T10:30:00Z,386.47,1292.25
2022-11-30T11:00:00Z,358.84,1862.55
2022-11-30T11:30:00Z,360.61,2149.8
2022-11-30T12:00:00Z,369.59,1870.9
2022-11-30T12:30:00Z,361.79,2217.05
2022-11-30T13:00:00Z,381.03,1608.35
2022-11-30T13:30:00Z,379.7,1744.15
2022-11-30T14:00:00Z,382.28,1568.85
2022-11-30T14:30:00Z,382.68,1938.1
2022-11-30T15:00:00Z,333.3,1277.15
2022-11-30T15:30:00Z,383.3,1321.95
2022-11-30T16:00:00Z,329.04,1374.1
2022-11-30T16:30:00Z,400.13,1337.2
2022-11-30T17:00:00Z,439.12000000000006,1315.4
2022-11-30T17:30:00Z,430.07000000000005,1532.15
2022-11-30T18:00:00Z,403.13,1481.5
2022-11-30T18:30:00Z,377.62,1440.65
2022-11-30T19:00:00Z,371.12,1769.9
2022-11-30T19:30:00Z,345.61,1711.15
2022-11-30T20:00:00Z,327.87,1561.2
2022-11-30T20:30:00Z,289.47,1340.55
2022-11-30T21:00:00Z,323.84,1598.35
2022-11-30T21:30:00Z,290.61,1402.55
2022-11-30T22:00:00Z,273.37,1422.85
2022-11-30T22:30:00Z,261.82,1426.75
2022-11-30T23:00:00Z,237.47,695.0
2022-11-30T23:30:00Z,233.81999999999996,878.3
2022-12-01T00:00:00Z,235.49,961.55
2022-12-01T00:30:00Z,241.94,1018.8
2022-12-01T01:00:00Z,232.85,1009.4
2022-12-01T01:30:00Z,236.49,1009.4
2022-12-01T02:00:00Z,238.71,1496.35
2022-12-01T02:30:00Z,234.01,1516.45
2022-12-01T03:00:00Z,235.38,1280.55
2022-12-01T03:30:00Z,222.71,1283.55
2022-12-01T04:00:00Z,240.12000000000003,1206.0
2022-12-01T04:30:00Z,239.58000000000004,1224.8
2022-12-01T05:00:00Z,250.79,1035.3
2022-12-01T05:30:00Z,259.06,1233.15
2022-12-01T06:00:00Z,281.13,1554.05
2022-12-01T06:30:00Z,335.49,1465.4
2022-12-01T07:00:00Z,344.64000000000004,1690.85
2022-12-01T07:30:00Z,403.08,1537.5
2022-12-01T08:00:00Z,374.12,1147.6
2022-12-01T08:30:00Z,391.17,951.5
2022-12-01T09:00:00Z,373.54,1022.45
2022-12-01T09:30:00Z,378.77,1203.65
2022-12-01T10:00:00Z,385.38,1352.45
2022-12-01T10:30:00Z,392.7,1261.85
2022-12-01T11:00:00Z,384.31,1615.2
2022-12-01T11:30:00Z,385.41999999999996,1497.7
2022-12-01T12:00:00Z,375.66,1500.1
2022-12-01T12:30:00Z,370.41,1513.55
2022-12-01T13:00:00Z,399.0,1656.8
2022-12-01T13:30:00Z,391.61,1660.0
2022-12-01T14:00:00Z,392.28999999999996,1586.05
2022-12-01T14:30:00Z,389.79,1786.9
2022-12-01T15:00:00Z,393.84999999999997,1341.2
2022-12-01T15:30:00Z,415.05,1401.6
2022-12-01T16:00:00Z,384.65999999999997,1505.3
2022-12-01T16:30:00Z,418.27000000000004,1621.95
2022-12-01T17:00:00Z,417.27,1771.5
2022-12-01T17:30:00Z,397.4700000000001,1717.6
2022-12-01T18:00:00Z,440.67,1647.35
2022-12-01T18:30:00Z,407.87,1750.5
2022-12-01T19:00:00Z,393.21,1591.35
2022-12-01T19:30:00Z,387.44,1750.5
2022-12-01T20:00:00Z,367.8299999999999,1445.3
2022-12-01T20:30:00Z,324.59,1550.9
2022-12-01T21:00:00Z,377.02,1389.7
2022-12-01T21:30:00Z,309.28,1440.6
2022-12-01T22:00:00Z,352.03,1333.1
2022-12-01T22:30:00Z,278.59,1187.7
2022-12-01T23:00:00Z,290.04,974.8
2022-12-01T23:30:00Z,281.98,714.95
2022-12-02T00:00:00Z,275.49,808.6
2022-12-02T00:30:00Z,287.96,755.7
2022-12-02T01:00:00Z,286.52,754.5
2022-12-02T01:30:00Z,253.48,685.25
2022-12-02T02:00:00Z,267.0,1030.75
2022-12-02T02:30:00Z,271.15,1134.85
2022-12-02T03:00:00Z,281.17,618.95
2022-12-02T03:30:00Z,279.32,772.8
2022-12-02T04:00:00Z,331.79,741.45
2022-12-02T04:30:00Z,288.96,936.85
2022-12-02T05:00:00Z,324.05,1071.45
2022-12-02T05:30:00Z,296.68,1238.25
2022-12-02T06:00:00Z,269.66,1576.25
2022-12-02T06:30:00Z,291.53,1458.35
2022-12-02T07:00:00Z,321.4,1580.95
2022-12-02T07:30:00Z,381.22,1729.15
2022-12-02T08:00:00Z,351.84,1406.2
2022-12-02T08:30:00Z,356.17,1357.9
2022-12-02T09:00:00Z,365.38,1585.9
2022-12-02T09:30:00Z,364.89,1759.75
2022-12-02T10:00:00Z,355.11,1543.8
2022-12-02T10:30:00Z,355.02,1523.25
2022-12-02T11:00:00Z,329.85,1737.7
2022-12-02T11:30:00Z,314.46,1679.05
2022-12-02T12:00:00Z,318.57,1600.1
2022-12-02T12:30:00Z,317.67,1334.9
2022-12-02T13:00:00Z,330.15,1416.45
2022-12-02T13:30:00Z,314.69,1560.95
2022-12-02T14:00:00Z,299.47,1610.3
2022-12-02T14:30:00Z,293.21,1815.9
2022-12-02T15:00:00Z,309.73,1572.1
2022-12-02T15:30:00Z,325.0,1636.3
2022-12-02T16:00:00Z,305.48,1614.0
2022-12-02T16:30:00Z,315.69,1589.6
2022-12-02T17:00:00Z,305.51,1530.85
2022-12-02T17:30:00Z,290.11,1644.75
2022-12-02T18:00:00Z,292.41,1782.3
2022-12-02T18:30:00Z,267.14,1859.75
2022-12-02T19:00:00Z,252.19,1577.1
2022-12-02T19:30:00Z,237.51,1838.6
2022-12-02T20:00:00Z,258.0,1801.0
2022-12-02T20:30:00Z,272.58,2109.85
2022-12-02T21:00:00Z,278.11,1734.45
2022-12-02T21:30:00Z,256.83,1478.9
2022-12-02T22:00:00Z,254.4,1747.1
2022-12-02T22:30:00Z,251.14,2038.0
2022-12-02T23:00:00Z,244.3,1240.7
2022-12-02T23:30:00Z,289.74,830.25
2022-12-03T00:00:00Z,282.98,728.25
2022-12-03T00:30:00Z,296.36,663.7
2022-12-03T01:00:00Z,260.7,794.05
2022-12-03T01:30:00Z,260.25,1094.85
2022-12-03T02:00:00Z,249.12,965.3
2022-12-03T02:30:00Z,255.71,754.5
2022-12-03T03:00:00Z,229.14,988.65
2022-12-03T03:30:00Z,236.83,1015.05
2022-12-03T04:00:00Z,250.91,1048.65
2022-12-03T04:30:00Z,246.19,1018.35
2022-12-03T05:00:00Z,273.39,994.85
2022-12-03T05:30:00Z,263.12,1084.3
2022-12-03T06:00:00Z,277.81,939.1
2022-12-03T06:30:00Z,234.54,1035.55
2022-12-03T07:00:00Z,259.83,936.6
2022-12-03T07:30:00Z,248.46,1011.2
2022-12-03T08:00:00Z,252.53,1212.6
2022-12-03T08:30:00Z,234.09,820.6
2022-12-03T09:00:00Z,254.09,701.3
2022-12-03T09:30:00Z,279.17,779.85
2022-12-03T10:00:00Z,297.83,886.1
2022-12-03T10:30:00Z,320.49,1125.1
2022-12-03T11:00:00Z,298.94,1011.65
2022-12-03T11:30:00Z,312.59,1115.0
2022-12-03T12:00:00Z,305.05,1328.55
2022-12-03T12:30:00Z,289.83,1247.15
2022-12-03T13:00:00Z,303.68,1347.75
2022-12-03T13:30:00Z,296.24,1334.5
2022-12-03T14:00:00Z,290.74,1304.45
2022-12-03T14:30:00Z,287.06,1153.1
2022-12-03T15:00:00Z,295.21,2072.65
2022-12-03T15:30:00Z,320.07,2248.45
2022-12-03T16:00:00Z,316.55,2202.3
2022-12-03T16:30:00Z,339.08,2162.8
2022-12-03T17:00:00Z,353.69,2152.6
2022-12-03T17:30:00Z,342.08,2343.15
2022-12-03T18:00:00Z,321.14,1806.95
2022-12-03T18:30:00Z,304.18,1968.4
2022-12-03T19:00:00Z,257.34,963.3
2022-12-03T19:30:00Z,237.59,882.2
2022-12-03T20:00:00Z,292.11,863.8
2022-12-03T20:30:00Z,283.59,1236.85
2022-12-03T21:00:00Z,253.21,1160.8
2022-12-03T21:30:00Z,244.95999999999998,1288.0
2022-12-03T22:00:00Z,239.36,1423.95
2022-12-03T22:30:00Z,250.68,1442.85
2022-12-03T23:00:00Z,263.39,1202.05
2022-12-03T23:30:00Z,290.65,740.8
2022-12-04T00:00:00Z,254.61,948.25
2022-12-04T00:30:00Z,293.27,797.5
2022-12-04T01:00:00Z,283.38,958.55
2022-12-04T01:30:00Z,263.74,877.1
2022-12-04T02:00:00Z,257.99,873.1
2022-12-04T02:30:00Z,248.84,1297.6
2022-12-04T03:00:00Z,268.41,742.0
2022-12-04T03:30:00Z,227.66,933.65
2022-12-04T04:00:00Z,230.68999999999997,830.5
2022-12-04T04:30:00Z,208.8,880.05
2022-12-04T05:00:00Z,250.90999999999997,755.3
2022-12-04T05:30:00Z,259.87,878.8
2022-12-04T06:00:00Z,269.41,848.2
2022-12-04T06:30:00Z,261.82,919.15
2022-12-04T07:00:00Z,275.17,790.35
2022-12-04T07:30:00Z,270.63,956.5
2022-12-04T08:00:00Z,286.07,976.35
2022-12-04T08:30:00Z,284.01,1053.3
2022-12-04T09:00:00Z,257.76,941.65
2022-12-04T09:30:00Z,275.69,1191.3
2022-12-04T10:00:00Z,248.07,945.25
2022-12-04T10:30:00Z,275.93,1055.15
2022-12-04T11:00:00Z,291.24,1290.95
2022-12-04T11:30:00Z,296.01,1368.65
2022-12-04T12:00:00Z,286.49,1280.1
2022-12-04T12:30:00Z,279.26,1389.3
2022-12-04T13:00:00Z,273.87,1257.6
2022-12-04T13:30:00Z,270.47,1367.5
2022-12-04T14:00:00Z,294.36,1642.9
2022-12-04T14:30:00Z,293.3,1691.0
2022-12-04T15:00:00Z,298.77,1376.35
2022-12-04T15:30:00Z,325.91,1565.95
2022-12-04T16:00:00Z,339.73,1578.4
2022-12-04T16:30:00Z,345.44999999999993,1659.45
2022-12-04T17:00:00Z,347.89,1352.25
2022-12-04T17:30:00Z,355.73,1691.5
2022-12-04T18:00:00Z,356.57,1375.0
2022-12-04T18:30:00Z,333.26,1612.55
2022-12-04T19:00:00Z,295.72,1243.0
2022-12-04T19:30:00Z,269.31,1265.9
2022-12-04T20:00:00Z,281.3,1266.2
2022-12-04T20:30:00Z,252.42,976.0
2022-12-04T21:00:00Z,260.42,1710.95
2022-12-04T21:30:00Z,252.93,1448.95
2022-12-04T22:00:00Z,251.72,1481.25
2022-12-04T22:30:00Z,252.45,1689.0
2022-12-04T23:00:00Z,258.58,574.8
2022-12-04T23:30:00Z,231.6,564.55
2022-12-05T00:00:00Z,228.79,760.75
2022-12-05T00:30:00Z,260.67,626.5
2022-12-05T01:00:00Z,230.39000000000001,701.35
2022-12-05T01:30:00Z,213.8,578.3
2022-12-05T02:00:00Z,203.93999999999997,702.3
2022-12-05T02:30:00Z,217.58999999999997,946.75
2022-12-05T03:00:00Z,258.74,759.65
2022-12-05T03:30:00Z,202.41000000000003,720.9
2022-12-05T04:00:00Z,211.29,591.25
2022-12-05T04:30:00Z,211.07,486.4
2022-12-05T05:00:00Z,220.86,554.8
2022-12-05T05:30:00Z,195.91,661.3
2022-12-05T06:00:00Z,202.74,1055.85
2022-12-05T06:30:00Z,191.35,1138.7
2022-12-05T07:00:00Z,203.98,1439.35
2022-12-05T07:30:00Z,218.24999999999997,1230.85
2022-12-05T08:00:00Z,216.43000000000004,911.8
2022-12-05T08:30:00Z,244.98000000000002,1107.85
2022-12-05T09:00:00Z,281.23,1251.4
2022-12-05T09:30:00Z,282.0,1247.65
2022-12-05T10:00:00Z,284.48,1506.7
2022-12-05T10:30:00Z,297.35,1429.65
2022-12-05T11:00:00Z,293.03,1446.3
2022-12-05T11:30:00Z,279.1,1498.55
2022-12-05T12:00:00Z,282.53,1436.0
2022-12-05T12:30:00Z,287.52,1639.1
2022-12-05T13:00:00Z,302.78,1825.05
2022-12-05T13:30:00Z,286.45,1836.65
2022-12-05T14:00:00Z,299.88,2080.25
2022-12-05T14:30:00Z,290.74,2043.55
2022-12-05T15:00:00Z,307.59,1771.15
2022-12-05T15:30:00Z,308.69,1727.9
2022-12-05T16:00:00Z,309.2,1627.2
2022-12-05T16:30:00Z,342.34,1900.75
2022-12-05T17:00:00Z,334.07,1613.5
2022-12-05T17:30:00Z,327.48,1479.4
2022-12-05T18:00:00Z,311.88,1920.7
2022-12-05T18:30:00Z,295.32,2045.3
2022-12-05T19:00:00Z,320.15,1839.4
2022-12-05T19:30:00Z,278.04,1356.25
2022-12-05T20:00:00Z,290.27,1298.35
2022-12-05T20:30:00Z,249.99,1371.85
2022-12-05T21:00:00Z,243.9,1314.7
2022-12-05T21:30:00Z,243.81,1569.75
2022-12-05T22:00:00Z,212.09,1766.4
2022-12-05T22:30:00Z,213.13,1389.0
2022-12-05T23:00:00Z,251.77,1118.8
2022-12-05T23:30:00Z,289.25,876.6
2022-12-06T00:00:00Z,224.13,934.25
2022-12-06T00:30:00Z,252.54,821.05
2022-12-06T01:00:00Z,249.14,725.3
2022-12-06T01:30:00Z,240.52,740.4
2022-12-06T02:00:00Z,242.62,710.75
2022-12-06T02:30:00Z,240.22,1081.4
2022-12-06T03:00:00Z,262.01,785.8
2022-12-06T03:30:00Z,266.57,853.25
2022-12-06T04:00:00Z,269.53,1228.7
2022-12-06T04:30:00Z,236.55,1185.45
2022-12-06T05:00:00Z,246.79,1097.6
2022-12-06T05:30:00Z,258.91,1384.25
2022-12-06T06:00:00Z,252.57,1762.45
2022-12-06T06:30:00Z,253.8,1430.45
2022-12-06T07:00:00Z,350.09,1852.6
2022-12-06T07:30:00Z,406.05,1809.3
2022-12-06T08:00:00Z,390.13,1448.4
2022-12-06T08:30:00Z,398.05,1522.5
2022-12-06T09:00:00Z,401.3,1564.75
2022-12-06T09:30:00Z,400.71999999999997,1508.05
2022-12-06T10:00:00Z,378.15,1622.75
2022-12-06T10:30:00Z,388.85,1721.75
2022-12-06T11:00:00Z,394.77,1716.9
2022-12-06T11:30:00Z,395.72,1852.2
2022-12-06T12:00:00Z,387.61,2022.55
2022-12-06T12:30:00Z,361.95,2061.65
2022-12-06T13:00:00Z,385.76,2036.95
2022-12-06T13:30:00Z,376.3,1921.6
2022-12-06T14:00:00Z,390.02,2003.5
2022-12-06T14:30:00Z,388.21,2328.6
2022-12-06T15:00:00Z,390.56,1960.9
2022-12-06T15:30:00Z,401.55,2151.8
2022-12-06T16:00:00Z,398.56,2103.25
2022-12-06T16:30:00Z,414.09,2172.95
2022-12-06T17:00:00Z,417.79,2088.65
2022-12-06T17:30:00Z,411.89,2228.7
2022-12-06T18:00:00Z,396.98,2585.05
2022-12-06T18:30:00Z,388.85,2534.4
2022-12-06T19:00:00Z,371.44,2086.25
2022-12-06T19:30:00Z,350.9,1724.25
2022-12-06T20:00:00Z,349.59,1970.95
2022-12-06T20:30:00Z,297.09,2010.0
2022-12-06T21:00:00Z,285.93,2123.45
2022-12-06T21:30:00Z,283.23,1839.5
2022-12-06T22:00:00Z,290.4,1491.9
2022-12-06T22:30:00Z,290.13,1520.6
2022-12-06T23:00:00Z,283.82,1272.95
2022-12-06T23:30:00Z,304.98,1139.6
2022-12-07T00:00:00Z,298.05,767.1
2022-12-07T00:30:00Z,307.93,805.05
2022-12-07T01:00:00Z,294.96,1178.25
2022-12-07T01:30:00Z,251.05000000000004,1532.15
2022-12-07T02:00:00Z,245.72,1729.5
2022-12-07T02:30:00Z,252.3,1577.05
2022-12-07T03:00:00Z,255.6,1516.95
2022-12-07T03:30:00Z,241.57,1213.1
2022-12-07T04:00:00Z,262.24,1005.7
2022-12-07T04:30:00Z,263.27,1183.45
2022-12-07T05:00:00Z,277.01,1376.35
2022-12-07T05:30:00Z,277.48,1315.15
2022-12-07T06:00:00Z,311.05,1099.5
2022-12-07T06:30:00Z,282.61,1525.3
2022-12-07T07:00:00Z,280.57,1572.65
2022-12-07T07:30:00Z,365.91,1954.7
2022-12-07T08:00:00Z,386.84,1292.8
2022-12-07T08:30:00Z,399.04,1419.65
2022-12-07T09:00:00Z,390.34,1540.15
2022-12-07T09:30:00Z,368.80999999999995,1713.05
2022-12-07T10:00:00Z,365.88,1880.95
2022-12-07T10:30:00Z,370.31,1675.5
2022-12-07T11:00:00Z,321.52,1571.95
2022-12-07T11:30:00Z,302.74,1701.9
2022-12-07T12:00:00Z,315.0,1870.4
2022-12-07T12:30:00Z,318.72,1757.3
2022-12-07T13:00:00Z,346.65,2033.45
2022-12-07T13:30:00Z,330.34,1742.15
2022-12-07T14:00:00Z,331.7,1742.8
2022-12-07T14:30:00Z,315.0299999999999,1704.65
2022-12-07T15:00:00Z,351.19,1912.05
2022-12-07T15:30:00Z,395.5299999999999,1756.75
2022-12-07T16:00:00Z,387.26,1706.45
2022-12-07T16:30:00Z,413.61,1765.2
2022-12-07T17:00:00Z,402.96,1259.4
2022-12-07T17:30:00Z,373.81,1333.35
2022-12-07T18:00:00Z,354.13,1585.9
2022-12-07T18:30:00Z,375.57,2019.4
2022-12-07T19:00:00Z,367.7,1659.05
2022-12-07T19:30:00Z,340.64,1787.9
2022-12-07T20:00:00Z,329.91,1877.45
2022-12-07T20:30:00Z,287.87,1426.35
2022-12-07T21:00:00Z,271.06,1693.45
2022-12-07T21:30:00Z,266.97,1473.75
2022-12-07T22:00:00Z,270.31,1644.9
2022-12-07T22:30:00Z,269.16,2582.55
2022-12-07T23:00:00Z,290.57,1056.95
2022-12-07T23:30:00Z,290.28,770.5
2022-12-08T00:00:00Z,281.85,675.3
2022-12-08T00:30:00Z,289.71,735.0
2022-12-08T01:00:00Z,270.72,1381.6
2022-12-08T01:30:00Z,277.0,1484.45
2022-12-08T02:00:00Z,247.80999999999997,1397.8
2022-12-08T02:30:00Z,246.11,1639.35
2022-12-08T03:00:00Z,262.77,1354.75
2022-12-08T03:30:00Z,255.85999999999999,1532.8
2022-12-08T04:00:00Z,270.88,1178.45
2022-12-08T04:30:00Z,273.26,1520.85
2022-12-08T05:00:00Z,291.98,956.55
2022-12-08T05:30:00Z,293.25,1197.3
2022-12-08T06:00:00Z,284.59,1123.75
2022-12-08T06:30:00Z,291.29,1601.1
2022-12-08T07:00:00Z,304.98,1944.8
2022-12-08T07:30:00Z,381.19000000000005,1597.0
2022-12-08T08:00:00Z,353.35,1722.65
2022-12-08T08:30:00Z,349.96,1966.5
2022-12-08T09:00:00Z,357.36,2303.2
2022-12-08T09:30:00Z,354.84,2251.5
2022-12-08T10:00:00Z,355.98,2206.65
2022-12-08T10:30:00Z,354.95,2225.3
2022-12-08T11:00:00Z,351.15000000000003,2020.95
2022-12-08T11:30:00Z,339.7,2084.05
2022-12-08T12:00:00Z,345.28,2079.8
2022-12-08T12:30:00Z,337.09,2157.4
2022-12-08T13:00:00Z,362.8,2349.15
2022-12-08T13:30:00Z,364.34,2282.0
2022-12-08T14:00:00Z,365.42,2248.4
2022-12-08T14:30:00Z,371.83,2399.2
2022-12-08T15:00:00Z,369.8,2390.25
2022-12-08T15:30:00Z,416.09,2071.55
2022-12-08T16:00:00Z,385.08,2133.7
2022-12-08T16:30:00Z,400.86,2124.85
2022-12-08T17:00:00Z,380.46,2023.2
2022-12-08T17:30:00Z,373.55,2172.7
2022-12-08T18:00:00Z,390.89,1974.95
2022-12-08T18:30:00Z,366.89,2396.75
2022-12-08T19:00:00Z,380.65,1971.1
2022-12-08T19:30:00Z,362.9,1938.75
2022-12-08T20:00:00Z,375.55,2037.4
2022-12-08T20:30:00Z,329.46,1816.35
2022-12-08T21:00:00Z,349.08000000000004,1564.95
2022-12-08T21:30:00Z,298.09,1455.7
2022-12-08T22:00:00Z,307.21,1499.7
2022-12-08T22:30:00Z,286.03,1523.3
2022-12-08T23:00:00Z,299.37,647.05
2022-12-08T23:30:00Z,308.98,659.4
2022-12-09T00:00:00Z,295.62,978.6
2022-12-09T00:30:00Z,309.66,1102.7
2022-12-09T01:00:00Z,271.87,1130.45
2022-12-09T01:30:00Z,251.83,947.3
2022-12-09T02:00:00Z,252.3,1175.6
2022-12-09T02:30:00Z,244.24,1759.7
2022-12-09T03:00:00Z,249.34,671.4
2022-12-09T03:30:00Z,240.5,888.2
2022-12-09T04:00:00Z,256.45,907.85
2022-12-09T04:30:00Z,242.15,870.5
2022-12-09T05:00:00Z,253.08000000000004,778.35
2022-12-09T05:30:00Z,262.68,533.1
2022-12-09T06:00:00Z,273.8,658.9
2022-12-09T06:30:00Z,284.46,1030.25
2022-12-09T07:00:00Z,370.54,1909.1
2022-12-09T07:30:00Z,437.99,1650.7
2022-12-09T08:00:00Z,450.07,1402.3
2022-12-09T08:30:00Z,473.22,1763.55
2022-12-09T09:00:00Z,462.64,1899.95
2022-12-09T09:30:00Z,466.15,2030.05
2022-12-09T10:00:00Z,452.71,1911.3
2022-12-09T10:30:00Z,438.59,1997.8
2022-12-09T11:00:00Z,385.47,1934.9
2022-12-09T11:30:00Z,397.93,1784.95
2022-12-09T12:00:00Z,412.93999999999994,2582.65
2022-12-09T12:30:00Z,406.62,1926.2
2022-12-09T13:00:00Z,394.52,1862.75
2022-12-09T13:30:00Z,378.26,1965.85
2022-12-09T14:00:00Z,404.02,1931.45
2022-12-09T14:30:00Z,406.97,2180.85
2022-12-09T15:00:00Z,403.07000000000005,1848.85
2022-12-09T15:30:00Z,424.17,1833.85
2022-12-09T16:00:00Z,356.05,2772.85
2022-12-09T16:30:00Z,420.84,2051.35
2022-12-09T17:00:00Z,448.7,2007.65
2022-12-09T17:30:00Z,493.75,2030.4
2022-12-09T18:00:00Z,449.71,2009.2
2022-12-09T18:30:00Z,438.41,2142.7
2022-12-09T19:00:00Z,425.84,1906.15
2022-12-09T19:30:00Z,400.09,1816.0
2022-12-09T20:00:00Z,372.47,1863.75
2022-12-09T20:30:00Z,337.27,1745.65
2022-12-09T21:00:00Z,357.94,1615.9
2022-12-09T21:30:00Z,310.0,1316.15
2022-12-09T22:00:00Z,299.12,1083.6
2022-12-09T22:30:00Z,304.73,1570.15
2022-12-09T23:00:00Z,291.3,579.35
2022-12-09T23:30:00Z,273.46,542.55
2022-12-10T00:00:00Z,264.75,625.7
2022-12-10T00:30:00Z,277.68,773.35
2022-12-10T01:00:00Z,300.52,706.2
2022-12-10T01:30:00Z,300.52,802.4
2022-12-10T02:00:00Z,270.27,840.5
2022-12-10T02:30:00Z,264.49,1132.5
2022-12-10T03:00:00Z,261.06,888.95
2022-12-10T03:30:00Z,260.86,719.7
2022-12-10T04:00:00Z,268.23,617.9
2022-12-10T04:30:00Z,257.06,646.5
2022-12-10T05:00:00Z,327.21,757.6
2022-12-10T05:30:00Z,294.32,628.55
2022-12-10T06:00:00Z,282.03,797.75
2022-12-10T06:30:00Z,259.35,1329.45
2022-12-10T07:00:00Z,291.3,957.15
2022-12-10T07:30:00Z,292.33,872.65
2022-12-10T08:00:00Z,310.39,893.35
2022-12-10T08:30:00Z,355.87,1067.65
2022-12-10T09:00:00Z,344.44,1213.8
2022-12-10T09:30:00Z,366.83,1377.85
2022-12-10T10:00:00Z,353.21,1002.2
2022-12-10T10:30:00Z,339.38,1004.05
2022-12-10T11:00:00Z,351.12,974.9
2022-12-10T11:30:00Z,345.2,887.15
2022-12-10T12:00:00Z,328.84,777.75
2022-12-10T12:30:00Z,318.12,922.6
2022-12-10T13:00:00Z,321.15,871.7
2022-12-10T13:30:00Z,319.93,1167.4
2022-12-10T14:00:00Z,309.01,1053.0
2022-12-10T14:30:00Z,342.05,1150.3
2022-12-10T15:00:00Z,333.44,1045.95
2022-12-10T15:30:00Z,397.54,1128.8
2022-12-10T16:00:00Z,352.29999999999995,919.7
2022-12-10T16:30:00Z,396.03,1037.85
2022-12-10T17:00:00Z,403.85,915.3
2022-12-10T17:30:00Z,403.66,943.15
2022-12-10T18:00:00Z,423.0,1031.3
2022-12-10T18:30:00Z,409.74,1125.9
2022-12-10T19:00:00Z,344.97,1109.8
2022-12-10T19:30:00Z,320.97,1318.7
2022-12-10T20:00:00Z,327.68,1080.45
2022-12-10T20:30:00Z,315.7,911.6
2022-12-10T21:00:00Z,324.77,1218.95
2022-12-10T21:30:00Z,311.12,1310.25
2022-12-10T22:00:00Z,330.35,1260.45
2022-12-10T22:30:00Z,313.27,1196.3
2022-12-10T23:00:00Z,274.54,590.3
2022-12-10T23:30:00Z,275.45,669.05
2022-12-11T00:00:00Z,249.56,562.2
2022-12-11T00:30:00Z,276.69,779.7
2022-12-11T01:00:00Z,320.69,474.05
2022-12-11T01:30:00Z,302.49,511.95
2022-12-11T02:00:00Z,292.45,706.2
2022-12-11T02:30:00Z,281.8,653.5
2022-12-11T03:00:00Z,267.83,404.7
2022-12-11T03:30:00Z,247.04,492.2
2022-12-11T04:00:00Z,281.31,487.2
2022-12-11T04:30:00Z,277.84,499.6
2022-12-11T05:00:00Z,255.23000000000002,403.9
2022-12-11T05:30:00Z,249.25,370.25
2022-12-11T06:00:00Z,279.9,684.6
2022-12-11T06:30:00Z,278.76,623.15
2022-12-11T07:00:00Z,301.79,745.75
2022-12-11T07:30:00Z,322.64,650.3
2022-12-11T08:00:00Z,275.07,697.65
2022-12-11T08:30:00Z,346.52,582.85
2022-12-11T09:00:00Z,263.23,544.1
2022-12-11T09:30:00Z,280.27,682.6
2022-12-11T10:00:00Z,286.48,713.65
2022-12-11T10:30:00Z,336.57,837.7
2022-12-11T11:00:00Z,311.05,867.15
2022-12-11T11:30:00Z,340.47,1180.6
2022-12-11T12:00:00Z,334.67,967.55
2022-12-11T12:30:00Z,344.73,1145.9
2022-12-11T13:00:00Z,330.9,917.15
2022-12-11T13:30:00Z,333.37,861.2
2022-12-11T14:00:00Z,349.98,1121.1
2022-12-11T14:30:00Z,356.13,1095.3
2022-12-11T15:00:00Z,402.49,812.05
2022-12-11T15:30:00Z,431.31,1044.7
2022-12-11T16:00:00Z,428.80999999999995,852.45
2022-12-11T16:30:00Z,466.73,1107.7
2022-12-11T17:00:00Z,469.88999999999993,1135.8
2022-12-11T17:30:00Z,469.97,1146.25
2022-12-11T18:00:00Z,455.33,1131.9
2022-12-11T18:30:00Z,432.63000000000005,1327.75
2022-12-11T19:00:00Z,377.63,1065.4
2022-12-11T19:30:00Z,342.75,1129.9
2022-12-11T20:00:00Z,367.21,1168.45
2022-12-11T20:30:00Z,319.47,1121.3
2022-12-11T21:00:00Z,355.79,1167.0
2022-12-11T21:30:00Z,298.0,1076.15
2022-12-11T22:00:00Z,296.46,1401.35
2022-12-11T22:30:00Z,285.06,1445.25
2022-12-11T23:00:00Z,308.84,518.45
2022-12-11T23:30:00Z,328.71,501.5
2022-12-12T00:00:00Z,336.86,479.4
2022-12-12T00:30:00Z,363.52,816.45
2022-12-12T01:00:00Z,317.36,497.05
2022-12-12T01:30:00Z,303.16,712.7
2022-12-12T02:00:00Z,286.62,400.3
2022-12-12T02:30:00Z,285.23,811.95
2022-12-12T03:00:00Z,288.28,491.55
2022-12-12T03:30:00Z,271.99,571.9
2022-12-12T04:00:00Z,308.62,359.55
2022-12-12T04:30:00Z,289.36,526.75
2022-12-12T05:00:00Z,316.05,259.3
2022-12-12T05:30:00Z,299.77,644.5
2022-12-12T06:00:00Z,384.42,528.15
2022-12-12T06:30:00Z,505.97999999999996,756.75
2022-12-12T07:00:00Z,381.37,1318.5
2022-12-12T07:30:00Z,534.48,1175.05
2022-12-12T08:00:00Z,461.03,1089.1
2022-12-12T08:30:00Z,533.36,1565.75
2022-12-12T09:00:00Z,420.6000000000001,1568.5
2022-12-12T09:30:00Z,450.54,1647.75
2022-12-12T10:00:00Z,449.9,1808.35
2022-12-12T10:30:00Z,492.46,2007.45
2022-12-12T11:00:00Z,499.89,1951.9
2022-12-12T11:30:00Z,498.21,2042.75
2022-12-12T12:00:00Z,492.31,2018.6
2022-12-12T12:30:00Z,531.75,2276.7
2022-12-12T13:00:00Z,663.33,2285.15
2022-12-12T13:30:00Z,594.22,2532.45
2022-12-12T14:00:00Z,583.33,2448.0
2022-12-12T14:30:00Z,562.61,2564.05
2022-12-12T15:00:00Z,572.21,2395.3
2022-12-12T15:30:00Z,604.75,2117.75
2022-12-12T16:00:00Z,659.42,2080.95
2022-12-12T16:30:00Z,820.63,2387.55
2022-12-12T17:00:00Z,726.75,2092.8
2022-12-12T17:30:00Z,645.09,2189.7
2022-12-12T18:00:00Z,673.89,1998.75
2022-12-12T18:30:00Z,594.36,2342.9
2022-12-12T19:00:00Z,411.79,1815.35
2022-12-12T19:30:00Z,394.04,1704.55
2022-12-12T20:00:00Z,438.73,2091.25
2022-12-12T20:30:00Z,391.7200000000001,1904.5
2022-12-12T21:00:00Z,335.02,1270.2
2022-12-12T21:30:00Z,304.64,1096.1
2022-12-12T22:00:00Z,305.25,1082.45
2022-12-12T22:30:00Z,303.24,990.15
2022-12-12T23:00:00Z,292.26,593.6
2022-12-12T23:30:00Z,261.61,468.3
2022-12-13T00:00:00Z,281.83,750.5
2022-12-13T00:30:00Z,313.21,526.45
2022-12-13T01:00:00Z,286.1,646.65
2022-12-13T01:30:00Z,260.2,684.6
2022-12-13T02:00:00Z,271.08,709.85
2022-12-13T02:30:00Z,262.99,713.75
2022-12-13T03:00:00Z,279.01,699.9
2022-12-13T03:30:00Z,270.53,758.55
2022-12-13T04:00:00Z,311.29,1012.0
2022-12-13T04:30:00Z,299.4,1105.75
2022-12-13T05:00:00Z,374.83,630.55
2022-12-13T05:30:00Z,389.87,1027.8
2022-12-13T06:00:00Z,364.33,1171.15
2022-12-13T06:30:00Z,451.61,1440.45
2022-12-13T07:00:00Z,455.88,1579.55
2022-12-13T07:30:00Z,506.5,1559.55
2022-12-13T08:00:00Z,449.87,1539.65
2022-12-13T08:30:00Z,489.91999999999996,1806.85
2022-12-13T09:00:00Z,461.55,1392.95
2022-12-13T09:30:00Z,499.26,1496.0
2022-12-13T10:00:00Z,511.94,1693.95
2022-12-13T10:30:00Z,489.48,1834.5
2022-12-13T11:00:00Z,440.84,2075.85
2022-12-13T11:30:00Z,453.63,2000.0
2022-12-13T12:00:00Z,466.92,1833.5
2022-12-13T12:30:00Z,477.31,1902.95
2022-12-13T13:00:00Z,493.04,1929.8
2022-12-13T13:30:00Z,478.22,2058.65
2022-12-13T14:00:00Z,479.49,2269.7
2022-12-13T14:30:00Z,475.79,2201.3
2022-12-13T15:00:00Z,544.59,2046.15
2022-12-13T15:30:00Z,543.25,2266.7
2022-12-13T16:00:00Z,510.55000000000007,2184.5
2022-12-13T16:30:00Z,562.61,2686.35
2022-12-13T17:00:00Z,510.71,1838.2
2022-12-13T17:30:00Z,527.8,2323.65
2022-12-13T18:00:00Z,495.68,2182.0
2022-12-13T18:30:00Z,471.24,2124.7
2022-12-13T19:00:00Z,406.55,2004.55
2022-12-13T19:30:00Z,391.75,1543.3
2022-12-13T20:00:00Z,373.53,1786.25
2022-12-13T20:30:00Z,299.6,1411.3
2022-12-13T21:00:00Z,396.28,1583.25
2022-12-13T21:30:00Z,327.26,1755.15
2022-12-13T22:00:00Z,322.74,1571.05
2022-12-13T22:30:00Z,289.2,1654.85
2022-12-13T23:00:00Z,295.39,590.05
2022-12-13T23:30:00Z,283.66,509.05
2022-12-14T00:00:00Z,251.94,963.45
2022-12-14T00:30:00Z,284.56,723.1
2022-12-14T01:00:00Z,289.95,744.4
2022-12-14T01:30:00Z,248.95,598.8
2022-12-14T02:00:00Z,248.95,1042.3
2022-12-14T02:30:00Z,248.56,954.75
2022-12-14T03:00:00Z,282.43,576.45
2022-12-14T03:30:00Z,270.72,828.45
2022-12-14T04:00:00Z,265.38,1100.1
2022-12-14T04:30:00Z,255.71,1230.35
2022-12-14T05:00:00Z,310.71,1095.8
2022-12-14T05:30:00Z,326.55,1158.1
2022-12-14T06:00:00Z,412.82,1512.0
2022-12-14T06:30:00Z,493.66,1444.85
2022-12-14T07:00:00Z,492.06,2041.1
2022-12-14T07:30:00Z,524.08,1573.65
2022-12-14T08:00:00Z,509.9,1404.3
2022-12-14T08:30:00Z,518.67,1479.45
2022-12-14T09:00:00Z,505.33,1755.05
2022-12-14T09:30:00Z,501.89,1924.1
2022-12-14T10:00:00Z,501.98,1975.05
2022-12-14T10:30:00Z,499.77,1980.8
2022-12-14T11:00:00Z,437.24,2308.15
2022-12-14T11:30:00Z,412.9,2140.75
2022-12-14T12:00:00Z,400.5,2327.1
2022-12-14T12:30:00Z,396.98,2573.75
2022-12-14T13:00:00Z,424.17,2450.3
2022-12-14T13:30:00Z,416.74,2948.85
2022-12-14T14:00:00Z,419.0,2522.85
2022-12-14T14:30:00Z,421.73,2578.95
2022-12-14T15:00:00Z,427.29,2275.9
2022-12-14T15:30:00Z,442.78,2002.35
2022-12-14T16:00:00Z,445.09,1950.25
2022-12-14T16:30:00Z,459.54,2303.2
2022-12-14T17:00:00Z,426.49,1907.3
2022-12-14T17:30:00Z,429.33,1762.2
2022-12-14T18:00:00Z,441.2,1922.85
2022-12-14T18:30:00Z,437.13,2330.6
2022-12-14T19:00:00Z,377.43,1712.75
2022-12-14T19:30:00Z,365.7,1364.1
2022-12-14T20:00:00Z,342.87,1283.45
2022-12-14T20:30:00Z,322.07,1442.6
2022-12-14T21:00:00Z,326.78,950.6
2022-12-14T21:30:00Z,292.91,902.45
2022-12-14T22:00:00Z,334.61,1131.45
2022-12-14T22:30:00Z,317.31,1031.65
2022-12-14T23:00:00Z,285.78,962.3
2022-12-14T23:30:00Z,227.05,941.75
2022-12-15T00:00:00Z,267.64,714.7
2022-12-15T00:30:00Z,296.19,846.65
2022-12-15T01:00:00Z,271.61,1158.7
2022-12-15T01:30:00Z,273.17,1139.65
2022-12-15T02:00:00Z,247.22,1097.75
2022-12-15T02:30:00Z,238.93000000000004,1314.75
2022-12-15T03:00:00Z,274.79,1048.3
2022-12-15T03:30:00Z,267.44,999.55
2022-12-15T04:00:00Z,301.93,1084.4
2022-12-15T04:30:00Z,324.85,1202.7
2022-12-15T05:00:00Z,366.4,913.3
2022-12-15T05:30:00Z,365.99,1108.65
2022-12-15T06:00:00Z,375.64,1377.25
2022-12-15T06:30:00Z,382.42,1487.8
2022-12-15T07:00:00Z,403.33,2009.35
2022-12-15T07:30:00Z,461.69,2199.45
2022-12-15T08:00:00Z,443.18000000000006,2416.0
2022-12-15T08:30:00Z,475.71,1914.9
2022-12-15T09:00:00Z,451.37,1761.3
2022-12-15T09:30:00Z,441.33,1781.35
2022-12-15T10:00:00Z,443.99,2077.6
2022-12-15T10:30:00Z,434.45,2793.5
2022-12-15T11:00:00Z,449.04,2381.7
2022-12-15T11:30:00Z,453.11,2607.65
2022-12-15T12:00:00Z,443.86,2252.3
2022-12-15T12:30:00Z,439.1000000000001,2615.9
2022-12-15T13:00:00Z,449.7,2228.95
2022-12-15T13:30:00Z,443.25,2150.0
2022-12-15T14:00:00Z,440.59,2059.25
2022-12-15T14:30:00Z,438.89,2289.25
2022-12-15T15:00:00Z,423.14000000000004,2533.35
2022-12-15T15:30:00Z,436.41,2382.8
2022-12-15T16:00:00Z,420.64000000000004,2724.3
2022-12-15T16:30:00Z,444.44,2216.3
2022-12-15T17:00:00Z,432.26,2804.3
2022-12-15T17:30:00Z,438.88,2933.3
2022-12-15T18:00:00Z,424.4800000000001,2885.25
2022-12-15T18:30:00Z,427.97,2925.85
2022-12-15T19:00:00Z,362.41,1920.45
2022-12-15T19:30:00Z,338.50000000000006,1787.2
2022-12-15T20:00:00Z,329.71,1483.85
2022-12-15T20:30:00Z,318.61,1739.75
2022-12-15T21:00:00Z,287.2,1278.85
2022-12-15T21:30:00Z,253.41,1044.8
2022-12-15T22:00:00Z,247.93,784.0
2022-12-15T22:30:00Z,240.43,999.7
2022-12-15T23:00:00Z,295.99,682.45
2022-12-15T23:30:00Z,257.29,756.55
2022-12-16T00:00:00Z,241.56,795.45
2022-12-16T00:30:00Z,295.41,851.65
2022-12-16T01:00:00Z,238.09,953.1
2022-12-16T01:30:00Z,235.49,934.55
2022-12-16T02:00:00Z,237.19,1086.55
2022-12-16T02:30:00Z,231.47,1089.5
2022-12-16T03:00:00Z,236.0,719.1
2022-12-16T03:30:00Z,221.43,949.95
2022-12-16T04:00:00Z,240.3,649.6
2022-12-16T04:30:00Z,231.88,916.0
2022-12-16T05:00:00Z,282.12,661.8
2022-12-16T05:30:00Z,284.39,618.8
2022-12-16T06:00:00Z,412.81,986.3
2022-12-16T06:30:00Z,447.8,1063.4
2022-12-16T07:00:00Z,421.77,1902.9
2022-12-16T07:30:00Z,489.22,1545.9
2022-12-16T08:00:00Z,501.06,1686.0
2022-12-16T08:30:00Z,516.27,1930.85
2022-12-16T09:00:00Z,490.7,1885.3
2022-12-16T09:30:00Z,492.01,1761.55
2022-12-16T10:00:00Z,502.74,1754.85
2022-12-16T10:30:00Z,490.05,1951.2
2022-12-16T11:00:00Z,409.93,1903.35
2022-12-16T11:30:00Z,376.35,2162.9
2022-12-16T12:00:00Z,399.28,2100.95
2022-12-16T12:30:00Z,391.67,1938.6
2022-12-16T13:00:00Z,378.3,1313.15
2022-12-16T13:30:00Z,364.81,1643.25
2022-12-16T14:00:00Z,350.83,1973.6
2022-12-16T14:30:00Z,342.13,2249.35
2022-12-16T15:00:00Z,324.78,2033.15
2022-12-16T15:30:00Z,349.99,2322.25
2022-12-16T16:00:00Z,368.29,2266.55
2022-12-16T16:30:00Z,392.01,2090.4
2022-12-16T17:00:00Z,380.36,1987.5
2022-12-16T17:30:00Z,350.86,1753.05
2022-12-16T18:00:00Z,349.99,1771.55
2022-12-16T18:30:00Z,348.6499999999999,1625.1
2022-12-16T19:00:00Z,286.22,1210.3
2022-12-16T19:30:00Z,253.91,1217.7
2022-12-16T20:00:00Z,286.38,1175.55
2022-12-16T20:30:00Z,245.25,1073.35
2022-12-16T21:00:00Z,252.95,1133.1
2022-12-16T21:30:00Z,257.63,1074.95
2022-12-16T22:00:00Z,288.41,1577.95
2022-12-16T22:30:00Z,268.92,1425.25
2022-12-16T23:00:00Z,237.81,701.75
2022-12-16T23:30:00Z,251.74,676.1
2022-12-17T00:00:00Z,257.78,757.9
2022-12-17T00:30:00Z,277.53,802.5
2022-12-17T01:00:00Z,270.21,769.4
2022-12-17T01:30:00Z,214.92,684.1
2022-12-17T02:00:00Z,223.27999999999997,766.2
2022-12-17T02:30:00Z,204.81999999999996,661.55
2022-12-17T03:00:00Z,205.25,660.7
2022-12-17T03:30:00Z,205.9,816.15
2022-12-17T04:00:00Z,202.12,709.85
2022-12-17T04:30:00Z,192.69,908.4
2022-12-17T05:00:00Z,219.3,740.05
2022-12-17T05:30:00Z,228.59000000000003,645.7
2022-12-17T06:00:00Z,259.44,903.15
2022-12-17T06:30:00Z,250.13,860.5
2022-12-17T07:00:00Z,251.27,802.0
2022-12-17T07:30:00Z,243.34,969.75
2022-12-17T08:00:00Z,251.58,887.25
2022-12-17T08:30:00Z,282.32,889.25
2022-12-17T09:00:00Z,252.94,1005.8
2022-12-17T09:30:00Z,244.34,1099.85
2022-12-17T10:00:00Z,237.55,1058.5
2022-12-17T10:30:00Z,254.31,1190.55
2022-12-17T11:00:00Z,237.29,1333.15
2022-12-17T11:30:00Z,237.35,1444.45
2022-12-17T12:00:00Z,227.00999999999996,1337.35
2022-12-17T12:30:00Z,219.77,1146.2
2022-12-17T13:00:00Z,228.79,1248.5
2022-12-17T13:30:00Z,227.37,1133.2
2022-12-17T14:00:00Z,235.06,1039.95
2022-12-17T14:30:00Z,242.97,994.9
2022-12-17T15:00:00Z,280.99,878.4
2022-12-17T15:30:00Z,310.81,1091.4
2022-12-17T16:00:00Z,305.85,1051.05
2022-12-17T16:30:00Z,314.15,1131.9
2022-12-17T17:00:00Z,325.26,1175.9
2022-12-17T17:30:00Z,322.26,1093.3
2022-12-17T18:00:00Z,329.13,1228.8
2022-12-17T18:30:00Z,319.82,1211.45
2022-12-17T19:00:00Z,314.72,1172.95
2022-12-17T19:30:00Z,294.69,1091.15
2022-12-17T20:00:00Z,286.0,1018.25
2022-12-17T20:30:00Z,262.74,1110.9
2022-12-17T21:00:00Z,270.75,1424.35
2022-12-17T21:30:00Z,254.02000000000004,1342.3
2022-12-17T22:00:00Z,271.28,1284.5
2022-12-17T22:30:00Z,271.34,1304.3
2022-12-17T23:00:00Z,185.82,971.75
2022-12-17T23:30:00Z,262.97,1005.95
2022-12-18T00:00:00Z,247.86999999999998,721.0
2022-12-18T00:30:00Z,264.81,552.4
2022-12-18T01:00:00Z,243.23,707.85
2022-12-18T01:30:00Z,250.37,655.4
2022-12-18T02:00:00Z,253.91,515.15
2022-12-18T02:30:00Z,240.53,739.6
2022-12-18T03:00:00Z,254.57,685.2
2022-12-18T03:30:00Z,243.74,991.35
2022-12-18T04:00:00Z,238.05,1078.3
2022-12-18T04:30:00Z,195.23,895.3
2022-12-18T05:00:00Z,247.65,827.15
2022-12-18T05:30:00Z,241.42,765.95
2022-12-18T06:00:00Z,241.2,837.15
2022-12-18T06:30:00Z,233.78,982.8
2022-12-18T07:00:00Z,235.05,913.1
2022-12-18T07:30:00Z,224.66,1150.6
2022-12-18T08:00:00Z,239.04,1144.75
2022-12-18T08:30:00Z,269.44,977.8
2022-12-18T09:00:00Z,263.94,1059.6
2022-12-18T09:30:00Z,270.45,1127.5
2022-12-18T10:00:00Z,250.88000000000002,1233.85
2022-12-18T10:30:00Z,255.92999999999998,1114.15
2022-12-18T11:00:00Z,271.0,1411.15
2022-12-18T11:30:00Z,270.96,1358.2
2022-12-18T12:00:00Z,268.76,1447.5
2022-12-18T12:30:00Z,264.92,1580.95
2022-12-18T13:00:00Z,255.48,1503.7
2022-12-18T13:30:00Z,253.61,1425.0
2022-12-18T14:00:00Z,249.74,1710.75
2022-12-18T14:30:00Z,250.8,1872.45
2022-12-18T15:00:00Z,240.37,1503.05
2022-12-18T15:30:00Z,249.21,1386.0
2022-12-18T16:00:00Z,255.78,1260.25
2022-12-18T16:30:00Z,259.05,1007.05
2022-12-18T17:00:00Z,264.87,1165.5
2022-12-18T17:30:00Z,260.01,1011.95
2022-12-18T18:00:00Z,258.76,1069.05
2022-12-18T18:30:00Z,244.66000000000003,1085.4
2022-12-18T19:00:00Z,255.79,1326.95
2022-12-18T19:30:00Z,252.6,1212.7
2022-12-18T20:00:00Z,246.23000000000002,1335.7
2022-12-18T20:30:00Z,233.69999999999996,1376.65
2022-12-18T21:00:00Z,223.61999999999998,1320.3
2022-12-18T21:30:00Z,180.48,1190.15
2022-12-18T22:00:00Z,200.86,1275.0
2022-12-18T22:30:00Z,136.2,1155.95
2022-12-18T23:00:00Z,191.76,749.7
2022-12-18T23:30:00Z,164.0,888.75
2022-12-19T00:00:00Z,119.70999999999998,763.35
2022-12-19T00:30:00Z,151.43,745.95
2022-12-19T01:00:00Z,141.42,754.45
2022-12-19T01:30:00Z,104.46,1009.6
2022-12-19T02:00:00Z,120.09,829.5
2022-12-19T02:30:00Z,101.97,832.35
2022-12-19T03:00:00Z,95.55,769.2
2022-12-19T03:30:00Z,96.17,805.85
2022-12-19T04:00:00Z,122.04,1072.45
2022-12-19T04:30:00Z,102.78,1037.85
2022-12-19T05:00:00Z,162.96,765.6
2022-12-19T05:30:00Z,243.71,708.85
2022-12-19T06:00:00Z,225.86,1023.85
2022-12-19T06:30:00Z,227.82,1608.15
2022-12-19T07:00:00Z,242.91,1334.7
2022-12-19T07:30:00Z,274.82,1404.0
2022-12-19T08:00:00Z,254.41000000000003,1266.55
2022-12-19T08:30:00Z,274.06,1520.9
2022-12-19T09:00:00Z,256.26,1770.25
2022-12-19T09:30:00Z,259.38,2027.0
2022-12-19T10:00:00Z,242.75,1996.2
2022-12-19T10:30:00Z,242.38,1907.85
2022-12-19T11:00:00Z,240.57,1020.35
2022-12-19T11:30:00Z,239.1,1094.1
2022-12-19T12:00:00Z,237.66,1929.8
2022-12-19T12:30:00Z,233.08,2080.0
2022-12-19T13:00:00Z,226.93,1910.1
2022-12-19T13:30:00Z,232.25,1776.7
2022-12-19T14:00:00Z,232.83,2168.8
2022-12-19T14:30:00Z,224.69,2165.25
2022-12-19T15:00:00Z,211.62,1648.7
2022-12-19T15:30:00Z,216.67,1869.15
2022-12-19T16:00:00Z,220.69,1925.85
2022-12-19T16:30:00Z,246.03,2384.35
2022-12-19T17:00:00Z,225.19,2295.85
2022-12-19T17:30:00Z,218.06,2356.3
2022-12-19T18:00:00Z,218.25000000000003,2531.8
2022-12-19T18:30:00Z,215.55,2711.4
2022-12-19T19:00:00Z,215.8,2265.85
2022-12-19T19:30:00Z,201.52,2309.0
2022-12-19T20:00:00Z,181.91,2481.3
2022-12-19T20:30:00Z,179.35,2637.3
2022-12-19T21:00:00Z,199.02999999999997,1481.3
2022-12-19T21:30:00Z,101.41,1401.5
2022-12-19T22:00:00Z,184.89,1788.35
2022-12-19T22:30:00Z,121.9,1457.8
2022-12-19T23:00:00Z,90.16,1024.7
2022-12-19T23:30:00Z,68.76,771.1
2022-12-20T00:00:00Z,67.96,657.2
2022-12-20T00:30:00Z,77.57,791.95
2022-12-20T01:00:00Z,87.62,1171.35
2022-12-20T01:30:00Z,40.15,1059.95
2022-12-20T02:00:00Z,24.99,850.8
2022-12-20T02:30:00Z,17.52,968.05
2022-12-20T03:00:00Z,15.520000000000001,849.4
2022-12-20T03:30:00Z,7.13,879.4
2022-12-20T04:00:00Z,29.2,970.65
2022-12-20T04:30:00Z,38.19,1163.55
2022-12-20T05:00:00Z,54.81,1247.75
2022-12-20T05:30:00Z,68.52,1038.6
2022-12-20T06:00:00Z,86.51,1104.25
2022-12-20T06:30:00Z,181.55,1226.45
2022-12-20T07:00:00Z,135.14,1776.6
2022-12-20T07:30:00Z,221.32999999999998,1467.55
2022-12-20T08:00:00Z,204.79,1510.2
2022-12-20T08:30:00Z,254.65999999999997,1545.05
2022-12-20T09:00:00Z,265.25,1753.2
2022-12-20T09:30:00Z,236.59,1776.25
2022-12-20T10:00:00Z,202.53,1907.65
2022-12-20T10:30:00Z,190.95,1510.9
2022-12-20T11:00:00Z,161.06,1795.5
2022-12-20T11:30:00Z,168.17,1804.0
2022-12-20T12:00:00Z,184.71,2271.75
2022-12-20T12:30:00Z,178.61,2421.85
2022-12-20T13:00:00Z,188.17,2079.5
2022-12-20T13:30:00Z,191.19,1966.8
2022-12-20T14:00:00Z,196.66,2262.5
2022-12-20T14:30:00Z,200.87,2242.55
2022-12-20T15:00:00Z,208.14000000000001,1473.25
2022-12-20T15:30:00Z,224.27,1790.1
2022-12-20T16:00:00Z,221.21,1360.85
2022-12-20T16:30:00Z,244.63,1537.55
2022-12-20T17:00:00Z,242.07999999999998,1501.45
2022-12-20T17:30:00Z,232.85000000000002,1682.85
2022-12-20T18:00:00Z,247.43,1961.9
2022-12-20T18:30:00Z,222.16,1662.0
2022-12-20T19:00:00Z,213.6,1908.55
2022-12-20T19:30:00Z,188.89,1539.9
2022-12-20T20:00:00Z,194.37,1745.5
2022-12-20T20:30:00Z,168.6,1420.95
2022-12-20T21:00:00Z,161.97,1945.85
2022-12-20T21:30:00Z,161.79,1679.55
2022-12-20T22:00:00Z,192.08,1929.15
2022-12-20T22:30:00Z,178.21,1697.35
2022-12-20T23:00:00Z,202.97,1411.15
2022-12-20T23:30:00Z,186.93,1259.3
2022-12-21T00:00:00Z,208.62,1409.55
2022-12-21T00:30:00Z,218.49,1443.2
2022-12-21T01:00:00Z,206.76,1524.45
2022-12-21T01:30:00Z,167.86,1802.55
2022-12-21T02:00:00Z,202.22,1617.1
2022-12-21T02:30:00Z,115.10000000000001,1785.3
2022-12-21T03:00:00Z,188.67,1391.5
2022-12-21T03:30:00Z,133.81,1530.3
2022-12-21T04:00:00Z,197.55000000000004,1335.75
2022-12-21T04:30:00Z,164.24,1173.15
2022-12-21T05:00:00Z,195.06000000000003,1466.55
2022-12-21T05:30:00Z,208.63,1674.0
2022-12-21T06:00:00Z,225.5,1876.2
2022-12-21T06:30:00Z,220.67,1542.7
2022-12-21T07:00:00Z,201.94,1795.0
2022-12-21T07:30:00Z,232.32,1929.85
2022-12-21T08:00:00Z,197.41,1869.45
2022-12-21T08:30:00Z,233.52,1752.35
2022-12-21T09:00:00Z,221.49,1555.9
2022-12-21T09:30:00Z,222.88,1609.2
2022-12-21T10:00:00Z,209.04,1579.2
2022-12-21T10:30:00Z,197.63999999999996,1512.95
2022-12-21T11:00:00Z,187.15,1742.95
2022-12-21T11:30:00Z,188.53,1721.7
2022-12-21T12:00:00Z,187.25,1831.9
2022-12-21T12:30:00Z,200.61,1777.4
2022-12-21T13:00:00Z,189.02,1729.05
2022-12-21T13:30:00Z,183.3,1630.15
2022-12-21T14:00:00Z,177.3,1769.0
2022-12-21T14:30:00Z,194.92,1892.45
2022-12-21T15:00:00Z,177.68,1725.85
2022-12-21T15:30:00Z,207.7,1538.55
2022-12-21T16:00:00Z,204.06000000000003,1571.9
2022-12-21T16:30:00Z,240.08,1553.85
2022-12-21T17:00:00Z,209.97,2216.55
2022-12-21T17:30:00Z,229.21,1910.6
2022-12-21T18:00:00Z,235.07,1838.75
2022-12-21T18:30:00Z,228.74,1712.15
2022-12-21T19:00:00Z,225.8,1268.4
2022-12-21T19:30:00Z,221.34999999999997,1577.75
2022-12-21T20:00:00Z,220.91,1498.45
2022-12-21T20:30:00Z,187.59,1451.55
2022-12-21T21:00:00Z,184.26,2311.3
2022-12-21T21:30:00Z,185.43,1615.65
2022-12-21T22:00:00Z,180.36000000000004,1867.0
2022-12-21T22:30:00Z,158.79,1995.35
2022-12-21T23:00:00Z,138.01,1184.9
2022-12-21T23:30:00Z,140.62,1106.2
2022-12-22T00:00:00Z,151.31,934.45
2022-12-22T00:30:00Z,167.96,1451.9
2022-12-22T01:00:00Z,182.79,1276.8
2022-12-22T01:30:00Z,173.83,1124.6
2022-12-22T02:00:00Z,182.94,1008.0
2022-12-22T02:30:00Z,185.22,977.45
2022-12-22T03:00:00Z,202.33,1071.0
2022-12-22T03:30:00Z,205.3,1095.25
2022-12-22T04:00:00Z,218.0,1228.25
2022-12-22T04:30:00Z,199.79,1624.25
2022-12-22T05:00:00Z,223.15,1625.65
2022-12-22T05:30:00Z,216.18,1307.3
2022-12-22T06:00:00Z,234.04,2007.9
2022-12-22T06:30:00Z,189.85,2021.85
2022-12-22T07:00:00Z,167.01999999999998,1754.2
2022-12-22T07:30:00Z,188.01,1675.05
2022-12-22T08:00:00Z,178.87,1312.05
2022-12-22T08:30:00Z,212.98,1846.65
2022-12-22T09:00:00Z,260.0,1900.0
2022-12-22T09:30:00Z,246.45,2298.9
2022-12-22T10:00:00Z,203.07,2154.3
2022-12-22T10:30:00Z,226.72,2304.5
2022-12-22T11:00:00Z,228.7,1930.4
2022-12-22T11:30:00Z,232.89,2047.7
2022-12-22T12:00:00Z,226.83,2150.9
2022-12-22T12:30:00Z,230.5,2154.9
2022-12-22T13:00:00Z,242.83,1911.5
2022-12-22T13:30:00Z,245.85,1936.1
2022-12-22T14:00:00Z,264.71,2674.95
2022-12-22T14:30:00Z,257.81,2680.9
2022-12-22T15:00:00Z,220.5,1990.8
2022-12-22T15:30:00Z,236.76,2249.1
2022-12-22T16:00:00Z,230.38,1878.85
2022-12-22T16:30:00Z,223.0,1879.1
2022-12-22T17:00:00Z,222.59,1890.3
2022-12-22T17:30:00Z,219.58,1969.2
2022-12-22T18:00:00Z,212.56,1818.85
2022-12-22T18:30:00Z,198.56,1778.05
2022-12-22T19:00:00Z,202.38,1641.8
2022-12-22T19:30:00Z,182.45,1664.25
2022-12-22T20:00:00Z,181.71,1369.75
2022-12-22T20:30:00Z,172.53,1810.25
2022-12-22T21:00:00Z,173.35,1181.05
2022-12-22T21:30:00Z,184.48,1528.2
2022-12-22T22:00:00Z,182.65,1370.3
2022-12-22T22:30:00Z,160.92,1535.25
2022-12-22T23:00:00Z,166.98,899.9
2022-12-22T23:30:00Z,177.71,585.5
2022-12-23T00:00:00Z,187.56,758.15
2022-12-23T00:30:00Z,206.01,703.6
2022-12-23T01:00:00Z,205.2,731.15
2022-12-23T01:30:00Z,160.39999999999998,874.8
2022-12-23T02:00:00Z,157.66,1013.05
2022-12-23T02:30:00Z,163.88,1136.95
2022-12-23T03:00:00Z,158.3,917.25
2022-12-23T03:30:00Z,146.32,1223.0
2022-12-23T04:00:00Z,170.08000000000004,816.2
2022-12-23T04:30:00Z,148.0,1005.0
2022-12-23T05:00:00Z,192.38,979.85
2022-12-23T05:30:00Z,163.15,818.1
2022-12-23T06:00:00Z,182.76,1043.6
2022-12-23T06:30:00Z,161.83,1459.5
2022-12-23T07:00:00Z,179.88,1481.25
2022-12-23T07:30:00Z,215.94,1036.45
2022-12-23T08:00:00Z,166.02,1281.75
2022-12-23T08:30:00Z,165.93,1312.65
2022-12-23T09:00:00Z,170.01,1304.35
2022-12-23T09:30:00Z,161.14,1283.65
2022-12-23T10:00:00Z,172.2,1796.7
2022-12-23T10:30:00Z,161.85,1803.35
2022-12-23T11:00:00Z,140.85,1321.85
2022-12-23T11:30:00Z,141.77,2001.05
2022-12-23T12:00:00Z,141.41,1841.65
2022-12-23T12:30:00Z,150.04,1752.15
2022-12-23T13:00:00Z,156.14000000000001,1762.3
2022-12-23T13:30:00Z,149.73,1899.65
2022-12-23T14:00:00Z,151.67,1915.55
2022-12-23T14:30:00Z,153.83,2107.95
2022-12-23T15:00:00Z,150.21,1831.85
2022-12-23T15:30:00Z,166.34,2111.3
2022-12-23T16:00:00Z,164.97,1975.1
2022-12-23T16:30:00Z,168.9,2357.05
2022-12-23T17:00:00Z,161.71,2271.1
2022-12-23T17:30:00Z,171.05,2297.1
2022-12-23T18:00:00Z,167.6,2321.95
2022-12-23T18:30:00Z,154.86,2201.4
2022-12-23T19:00:00Z,166.41999999999996,1626.6
2022-12-23T19:30:00Z,160.31,1396.4
2022-12-23T20:00:00Z,157.14,1537.0
2022-12-23T20:30:00Z,157.58999999999997,1736.05
2022-12-23T21:00:00Z,151.4,1196.0
2022-12-23T21:30:00Z,145.25,1293.95
2022-12-23T22:00:00Z,137.44,1265.2
2022-12-23T22:30:00Z,118.87999999999998,1536.1
2022-12-23T23:00:00Z,167.98,1724.45
2022-12-23T23:30:00Z,169.52,1524.7
2022-12-24T00:00:00Z,138.94,1155.25
2022-12-24T00:30:00Z,114.78,979.2
2022-12-24T01:00:00Z,86.53,692.0
2022-12-24T01:30:00Z,67.37,796.15
2022-12-24T02:00:00Z,56.07,851.15
2022-12-24T02:30:00Z,55.199999999999996,729.1
2022-12-24T03:00:00Z,41.82,978.75
2022-12-24T03:30:00Z,43.199999999999996,865.95
2022-12-24T04:00:00Z,49.4,919.4
2022-12-24T04:30:00Z,47.67,962.55
2022-12-24T05:00:00Z,53.71,1137.45
2022-12-24T05:30:00Z,60.14999999999999,1099.0
2022-12-24T06:00:00Z,78.65,1404.85
2022-12-24T06:30:00Z,93.4,1385.25
2022-12-24T07:00:00Z,94.03,1076.15
2022-12-24T07:30:00Z,80.82,1136.45
2022-12-24T08:00:00Z,92.59,1306.35
2022-12-24T08:30:00Z,135.21,1656.15
2022-12-24T09:00:00Z,136.1,1555.3
2022-12-24T09:30:00Z,136.37,1633.7
2022-12-24T10:00:00Z,140.16,1640.65
2022-12-24T10:30:00Z,148.94,1688.6
2022-12-24T11:00:00Z,142.86,1487.2
2022-12-24T11:30:00Z,144.76,1518.85
2022-12-24T12:00:00Z,133.91,1373.9
2022-12-24T12:30:00Z,142.48,1519.55
2022-12-24T13:00:00Z,171.94,1966.85
2022-12-24T13:30:00Z,174.14,1939.0
2022-12-24T14:00:00Z,168.14,2162.5
2022-12-24T14:30:00Z,160.33,2006.1
2022-12-24T15:00:00Z,163.06,1741.95
2022-12-24T15:30:00Z,154.95,1569.8
2022-12-24T16:00:00Z,163.35,1733.0
2022-12-24T16:30:00Z,169.51,1800.05
2022-12-24T17:00:00Z,165.33,1361.7
2022-12-24T17:30:00Z,156.58,1271.45
2022-12-24T18:00:00Z,145.89,1341.75
2022-12-24T18:30:00Z,159.87,1801.95
2022-12-24T19:00:00Z,157.42,994.65
2022-12-24T19:30:00Z,155.17,1199.3
2022-12-24T20:00:00Z,147.6,1002.8
2022-12-24T20:30:00Z,123.74,1103.2
2022-12-24T21:00:00Z,142.63,1138.6
2022-12-24T21:30:00Z,95.33,1080.55
2022-12-24T22:00:00Z,107.11,1200.15
2022-12-24T22:30:00Z,90.31,1386.5
2022-12-24T23:00:00Z,63.19,763.6
2022-12-24T23:30:00Z,59.50000000000001,731.85
2022-12-25T00:00:00Z,80.43,976.85
2022-12-25T00:30:00Z,92.28000000000002,780.5
2022-12-25T01:00:00Z,94.62,954.9
2022-12-25T01:30:00Z,69.98,681.8
2022-12-25T02:00:00Z,59.84,720.05
2022-12-25T02:30:00Z,46.97,752.8
2022-12-25T03:00:00Z,37.09,800.35
2022-12-25T03:30:00Z,29.3,940.95
2022-12-25T04:00:00Z,41.03000000000001,821.5
2022-12-25T04:30:00Z,38.96,948.0
2022-12-25T05:00:00Z,34.07,802.35
2022-12-25T05:30:00Z,46.25,726.75
2022-12-25T06:00:00Z,54.36,778.3
2022-12-25T06:30:00Z,74.33,922.45
2022-12-25T07:00:00Z,58.74000000000001,812.0
2022-12-25T07:30:00Z,77.84,1015.15
2022-12-25T08:00:00Z,44.44,882.85
2022-12-25T08:30:00Z,122.36,966.35
2022-12-25T09:00:00Z,146.27,980.2
2022-12-25T09:30:00Z,175.97,1147.4
2022-12-25T10:00:00Z,183.2,1368.3
2022-12-25T10:30:00Z,181.59999999999997,1724.4
2022-12-25T11:00:00Z,190.55,1662.15
2022-12-25T11:30:00Z,196.37,2027.6
2022-12-25T12:00:00Z,202.99,1583.2
2022-12-25T12:30:00Z,209.44,1555.8
2022-12-25T13:00:00Z,223.05,1890.65
2022-12-25T13:30:00Z,222.88000000000002,1870.9
2022-12-25T14:00:00Z,226.92,1968.3
2022-12-25T14:30:00Z,219.76,2124.9
2022-12-25T15:00:00Z,212.7,1632.7
2022-12-25T15:30:00Z,194.02,1723.5
2022-12-25T16:00:00Z,181.7,1646.4
2022-12-25T16:30:00Z,179.68,1975.85
2022-12-25T17:00:00Z,174.16,1262.45
2022-12-25T17:30:00Z,156.45,1243.35
2022-12-25T18:00:00Z,153.76,1130.0
2022-12-25T18:30:00Z,150.06,1482.1
2022-12-25T19:00:00Z,112.27999999999999,879.9
2022-12-25T19:30:00Z,107.27,810.35
2022-12-25T20:00:00Z,94.91999999999999,850.95
2022-12-25T20:30:00Z,82.87,859.5
2022-12-25T21:00:00Z,68.65,805.15
2022-12-25T21:30:00Z,51.6,916.65
2022-12-25T22:00:00Z,66.65,1232.45
2022-12-25T22:30:00Z,51.93,1200.35
2022-12-25T23:00:00Z,8.47,827.05
2022-12-25T23:30:00Z,0.65,661.1
2022-12-26T00:00:00Z,2.12,850.35
2022-12-26T00:30:00Z,11.02,941.85
2022-12-26T01:00:00Z,25.33,1102.9
2022-12-26T01:30:00Z,27.669999999999998,1010.1
2022-12-26T02:00:00Z,22.85,1165.9
2022-12-26T02:30:00Z,21.24,1148.2
2022-12-26T03:00:00Z,21.79,741.5
2022-12-26T03:30:00Z,6.25,1004.7
2022-12-26T04:00:00Z,10.3,913.5
2022-12-26T04:30:00Z,2.96,733.35
2022-12-26T05:00:00Z,-0.08,697.3
2022-12-26T05:30:00Z,-5.999999999999999,721.05
2022-12-26T06:00:00Z,11.85,852.55
2022-12-26T06:30:00Z,49.05,1010.75
2022-12-26T07:00:00Z,23.76,1054.95
2022-12-26T07:30:00Z,62.73,1014.25
2022-12-26T08:00:00Z,38.75,902.75
2022-12-26T08:30:00Z,63.0,997.0
2022-12-26T09:00:00Z,85.08,958.85
2022-12-26T09:30:00Z,97.01,1149.65
2022-12-26T10:00:00Z,79.57,1034.5
2022-12-26T10:30:00Z,70.28,1122.05
2022-12-26T11:00:00Z,73.95,1161.55
2022-12-26T11:30:00Z,67.66,1323.1
2022-12-26T12:00:00Z,66.28,1307.25
2022-12-26T12:30:00Z,67.59,1196.1
2022-12-26T13:00:00Z,57.43000000000001,1303.5
2022-12-26T13:30:00Z,57.72,1278.25
2022-12-26T14:00:00Z,56.71,1278.15
2022-12-26T14:30:00Z,59.15,1308.75
2022-12-26T15:00:00Z,81.21,1136.5
2022-12-26T15:30:00Z,98.27,1385.8
2022-12-26T16:00:00Z,109.9,1170.55
2022-12-26T16:30:00Z,149.02,1186.95
2022-12-26T17:00:00Z,146.5,1403.4
2022-12-26T17:30:00Z,137.79,1449.8
2022-12-26T18:00:00Z,135.56,1607.35
2022-12-26T18:30:00Z,126.98,1631.6
2022-12-26T19:00:00Z,125.46999999999998,1057.65
2022-12-26T19:30:00Z,137.72,1032.05
2022-12-26T20:00:00Z,136.89,1275.15
2022-12-26T20:30:00Z,136.92,997.1
2022-12-26T21:00:00Z,138.69,1277.05
2022-12-26T21:30:00Z,114.9,1005.75
2022-12-26T22:00:00Z,89.59,1037.0
2022-12-26T22:30:00Z,68.58,1032.35
2022-12-26T23:00:00Z,31.32,860.4
2022-12-26T23:30:00Z,24.18,586.35
2022-12-27T00:00:00Z,34.77,600.0
2022-12-27T00:30:00Z,94.99000000000001,873.7
2022-12-27T01:00:00Z,25.249999999999996,676.3
2022-12-27T01:30:00Z,25.19,640.6
2022-12-27T02:00:00Z,19.68,818.45
2022-12-27T02:30:00Z,24.64,662.0
2022-12-27T03:00:00Z,21.98,636.45
2022-12-27T03:30:00Z,29.17,560.2
2022-12-27T04:00:00Z,41.68,772.8
2022-12-27T04:30:00Z,54.40999999999999,884.35
2022-12-27T05:00:00Z,85.43000000000002,881.5
2022-12-27T05:30:00Z,102.91,843.1
2022-12-27T06:00:00Z,130.83,866.05
2022-12-27T06:30:00Z,135.03,964.45
2022-12-27T07:00:00Z,128.32,1328.0
2022-12-27T07:30:00Z,125.62,1453.55
2022-12-27T08:00:00Z,137.14,1193.85
2022-12-27T08:30:00Z,132.69,1349.15
2022-12-27T09:00:00Z,134.11,1230.7
2022-12-27T09:30:00Z,134.37,1351.45
2022-12-27T10:00:00Z,152.76,1303.55
2022-12-27T10:30:00Z,156.25,1100.0
2022-12-27T11:00:00Z,134.9,1613.2
2022-12-27T11:30:00Z,106.17000000000002,1401.0
2022-12-27T12:00:00Z,120.06,1561.05
2022-12-27T12:30:00Z,107.24,1616.8
2022-12-27T13:00:00Z,95.22,1846.75
2022-12-27T13:30:00Z,80.57,1796.35
2022-12-27T14:00:00Z,101.67,2262.15
2022-12-27T14:30:00Z,103.52,2067.35
2022-12-27T15:00:00Z,88.43,1775.8
2022-12-27T15:30:00Z,94.10000000000001,1823.95
2022-12-27T16:00:00Z,106.11,1720.65
2022-12-27T16:30:00Z,128.05,1860.8
2022-12-27T17:00:00Z,157.48,2025.0
2022-12-27T17:30:00Z,165.39,2302.75
2022-12-27T18:00:00Z,154.67,2072.15
2022-12-27T18:30:00Z,148.37,2181.85
2022-12-27T19:00:00Z,168.7,1994.35
2022-12-27T19:30:00Z,140.58,1703.85
2022-12-27T20:00:00Z,149.6,1724.45
2022-12-27T20:30:00Z,110.43,1664.15
2022-12-27T21:00:00Z,89.79000000000002,1634.3
2022-12-27T21:30:00Z,72.29,1626.4
2022-12-27T22:00:00Z,60.26,1758.85
2022-12-27T22:30:00Z,52.3,2022.65
2022-12-27T23:00:00Z,37.77,1307.8
2022-12-27T23:30:00Z,16.75,1269.2
2022-12-28T00:00:00Z,-11.38,1142.9
2022-12-28T00:30:00Z,3.8200000000000003,1161.85
2022-12-28T01:00:00Z,-24.47,1079.6
2022-12-28T01:30:00Z,-31.870000000000005,1038.7
2022-12-28T02:00:00Z,-32.94,1064.65
2022-12-28T02:30:00Z,-29.27,1065.7
2022-12-28T03:00:00Z,-51.51,894.45
2022-12-28T03:30:00Z,-43.38,906.25
2022-12-28T04:00:00Z,-9.16,1068.5
2022-12-28T04:30:00Z,-10.98,941.1
2022-12-28T05:00:00Z,-16.6,844.9
2022-12-28T05:30:00Z,-13.71,1126.2
2022-12-28T06:00:00Z,-9.12,797.75
2022-12-28T06:30:00Z,7.52,837.6
2022-12-28T07:00:00Z,54.38,1080.05
2022-12-28T07:30:00Z,66.25,1160.3
2022-12-28T08:00:00Z,66.91,1138.35
2022-12-28T08:30:00Z,163.17,1144.35
2022-12-28T09:00:00Z,177.07,1462.85
2022-12-28T09:30:00Z,184.81,1411.2
2022-12-28T10:00:00Z,183.98,1465.5
2022-12-28T10:30:00Z,186.19,2063.65
2022-12-28T11:00:00Z,172.23,1541.85
2022-12-28T11:30:00Z,148.55,1390.45
2022-12-28T12:00:00Z,152.74,1333.35
2022-12-28T12:30:00Z,153.87,1380.0
2022-12-28T13:00:00Z,145.88,1289.95
2022-12-28T13:30:00Z,128.94,1288.4
2022-12-28T14:00:00Z,118.99,1051.75
2022-12-28T14:30:00Z,101.31999999999998,1618.7
2022-12-28T15:00:00Z,89.66,1456.25
2022-12-28T15:30:00Z,102.09,1464.95
2022-12-28T16:00:00Z,116.73,1386.95
2022-12-28T16:30:00Z,129.69,1635.85
2022-12-28T17:00:00Z,146.37,1361.75
2022-12-28T17:30:00Z,130.92,1447.3
2022-12-28T18:00:00Z,134.18,1359.0
2022-12-28T18:30:00Z,107.41000000000001,1438.8
2022-12-28T19:00:00Z,139.73,1220.15
2022-12-28T19:30:00Z,120.81,1316.6
2022-12-28T20:00:00Z,121.84,1476.35
2022-12-28T20:30:00Z,58.77,1197.35
2022-12-28T21:00:00Z,31.19,950.05
2022-12-28T21:30:00Z,-0.35,958.2
2022-12-28T22:00:00Z,11.55,1168.7
2022-12-28T22:30:00Z,12.55,1831.55
2022-12-28T23:00:00Z,54.43,1108.2
2022-12-28T23:30:00Z,72.1,1272.5
2022-12-29T00:00:00Z,27.399999999999995,1260.3
2022-12-29T00:30:00Z,27.51,1365.9
2022-12-29T01:00:00Z,31.23,1233.95
2022-12-29T01:30:00Z,2.06,1377.7
2022-12-29T02:00:00Z,4.15,1333.35
2022-12-29T02:30:00Z,-16.7,1338.9
2022-12-29T03:00:00Z,19.79,1270.4
2022-12-29T03:30:00Z,11.53,1170.0
2022-12-29T04:00:00Z,-5.67,1040.85
2022-12-29T04:30:00Z,2.18,1060.65
2022-12-29T05:00:00Z,5.629999999999999,977.9
2022-12-29T05:30:00Z,32.88,891.45
2022-12-29T06:00:00Z,14.690000000000001,870.95
2022-12-29T06:30:00Z,27.64,899.9
2022-12-29T07:00:00Z,-7.02,1033.3
2022-12-29T07:30:00Z,5.6,1062.25
2022-12-29T08:00:00Z,10.49,743.3
2022-12-29T08:30:00Z,53.32,815.0
2022-12-29T09:00:00Z,40.78,700.2
2022-12-29T09:30:00Z,64.68,1120.85
2022-12-29T10:00:00Z,87.9,1039.35
2022-12-29T10:30:00Z,88.04,1419.45
2022-12-29T11:00:00Z,97.75,1388.5
2022-12-29T11:30:00Z,103.48,1296.15
2022-12-29T12:00:00Z,97.95,1537.85
2022-12-29T12:30:00Z,93.25,1427.15
2022-12-29T13:00:00Z,126.85,1589.65
2022-12-29T13:30:00Z,126.66,1647.0
2022-12-29T14:00:00Z,112.17,1473.5
2022-12-29T14:30:00Z,119.21,1645.1
2022-12-29T15:00:00Z,146.28,1522.6
2022-12-29T15:30:00Z,153.13,1841.95
2022-12-29T16:00:00Z,124.71,1204.65
2022-12-29T16:30:00Z,169.64,1252.55
2022-12-29T17:00:00Z,200.26,1825.45
2022-12-29T17:30:00Z,200.68000000000004,1459.25
2022-12-29T18:00:00Z,210.08,1788.55
2022-12-29T18:30:00Z,193.27999999999997,1678.3
2022-12-29T19:00:00Z,175.93,1388.15
2022-12-29T19:30:00Z,168.78,1467.15
2022-12-29T20:00:00Z,183.12,1344.5
2022-12-29T20:30:00Z,176.9,1248.0
2022-12-29T21:00:00Z,185.33,1479.25
2022-12-29T21:30:00Z,182.54,1285.6
2022-12-29T22:00:00Z,155.36,1062.95
2022-12-29T22:30:00Z,101.77,1323.7
2022-12-29T23:00:00Z,101.63,801.75
2022-12-29T23:30:00Z,19.08,825.75
2022-12-30T00:00:00Z,15.160000000000002,569.15
2022-12-30T00:30:00Z,19.74,492.0
2022-12-30T01:00:00Z,38.15,539.8
2022-12-30T01:30:00Z,15.810000000000002,702.65
2022-12-30T02:00:00Z,20.93,517.85
2022-12-30T02:30:00Z,3.77,617.45
2022-12-30T03:00:00Z,-12.47,568.75
2022-12-30T03:30:00Z,-27.58,642.75
2022-12-30T04:00:00Z,-32.95,720.55
2022-12-30T04:30:00Z,-44.3,685.65
2022-12-30T05:00:00Z,-46.76,771.85
2022-12-30T05:30:00Z,-42.63,716.05
2022-12-30T06:00:00Z,-42.98,962.6
2022-12-30T06:30:00Z,29.09,1023.95
2022-12-30T07:00:00Z,40.88,1982.75
2022-12-30T07:30:00Z,62.53999999999999,1445.5
2022-12-30T08:00:00Z,12.990000000000002,1277.45
2022-12-30T08:30:00Z,55.58,1209.7
2022-12-30T09:00:00Z,82.08,1554.35
2022-12-30T09:30:00Z,116.29,1538.85
2022-12-30T10:00:00Z,105.29,1488.4
2022-12-30T10:30:00Z,102.33,1576.35
2022-12-30T11:00:00Z,96.64,1612.15
2022-12-30T11:30:00Z,110.45,1839.95
2022-12-30T12:00:00Z,91.35,1755.95
2022-12-30T12:30:00Z,77.41,1957.3
2022-12-30T13:00:00Z,72.41,1659.9
2022-12-30T13:30:00Z,65.64,1646.95
2022-12-30T14:00:00Z,58.7,1681.2
2022-12-30T14:30:00Z,60.67,1551.5
2022-12-30T15:00:00Z,33.03,1664.05
2022-12-30T15:30:00Z,36.56,1650.2
2022-12-30T16:00:00Z,53.87,2079.7
2022-12-30T16:30:00Z,88.05999999999999,1679.0
2022-12-30T17:00:00Z,116.69,1739.95
2022-12-30T17:30:00Z,116.39000000000001,1600.2
2022-12-30T18:00:00Z,114.08,1657.75
2022-12-30T18:30:00Z,91.52,1441.35
2022-12-30T19:00:00Z,74.27,1143.5
2022-12-30T19:30:00Z,50.24,851.1
2022-12-30T20:00:00Z,42.34,948.5
2022-12-30T20:30:00Z,20.03,880.35
2022-12-30T21:00:00Z,-3.6000000000000005,1188.9
2022-12-30T21:30:00Z,-14.25,1131.4
2022-12-30T22:00:00Z,-6.32,1167.65
2022-12-30T22:30:00Z,-6.14,1067.4
2022-12-30T23:00:00Z,-24.590000000000003,837.8
2022-12-30T23:30:00Z,-21.89,934.3
2022-12-31T00:00:00Z,-31.89,705.75
2022-12-31T00:30:00Z,5.24,786.45
2022-12-31T01:00:00Z,-1.48,789.25
2022-12-31T01:30:00Z,10.33,770.15
2022-12-31T02:00:00Z,71.31,601.5
2022-12-31T02:30:00Z,110.84,635.25
2022-12-31T03:00:00Z,82.14,807.55
2022-12-31T03:30:00Z,39.56,775.35
2022-12-31T04:00:00Z,8.45,743.35
2022-12-31T04:30:00Z,13.4,610.85
2022-12-31T05:00:00Z,-1.2,864.6
2022-12-31T05:30:00Z,12.979999999999999,813.5
2022-12-31T06:00:00Z,-1.01,968.95
2022-12-31T06:30:00Z,-2.2,1171.1
2022-12-31T07:00:00Z,31.73,1031.95
2022-12-31T07:30:00Z,78.48,982.5
2022-12-31T08:00:00Z,94.35,929.9
2022-12-31T08:30:00Z,108.89,1077.3
2022-12-31T09:00:00Z,134.73,1066.4
2022-12-31T09:30:00Z,155.07,1365.0
2022-12-31T10:00:00Z,188.33,1623.7
2022-12-31T10:30:00Z,221.71,2234.3
2022-12-31T11:00:00Z,258.65,2029.8
2022-12-31T11:30:00Z,274.55,3145.2
2022-12-31T12:00:00Z,281.17,2831.6
2022-12-31T12:30:00Z,315.86,2894.2
2022-12-31T13:00:00Z,307.9,3268.05
2022-12-31T13:30:00Z,277.88,3240.2
2022-12-31T14:00:00Z,249.44000000000003,2656.35
2022-12-31T14:30:00Z,242.77,2085.3
2022-12-31T15:00:00Z,213.45,1965.55
2022-12-31T15:30:00Z,184.43,2124.25
2022-12-31T16:00:00Z,172.3,1928.95
2022-12-31T16:30:00Z,172.37,1839.75
2022-12-31T17:00:00Z,160.16,3004.05
2022-12-31T17:30:00Z,169.87,2913.8
2022-12-31T18:00:00Z,191.56,3146.55
2022-12-31T18:30:00Z,192.58,3658.65
2022-12-31T19:00:00Z,159.73,3594.4
2022-12-31T19:30:00Z,141.41,3227.2
2022-12-31T20:00:00Z,145.25,2955.7
2022-12-31T20:30:00Z,136.82,2548.85
2022-12-31T21:00:00Z,95.86,1950.05
2022-12-31T21:30:00Z,111.2,2355.5
2022-12-31T22:00:00Z,98.44,2209.65
2022-12-31T22:30:00Z,71.56,2148.65
2022-12-31T23:00:00Z,103.01999999999998,862.75
2022-12-31T23:30:00Z,60.35,768.5
