startTime,combined_price,total_volume
2018-01-01T00:00:00Z,47.27,781.35
2018-01-01T00:30:00Z,48.57,655.4
2018-01-01T01:00:00Z,52.32,821.5
2018-01-01T01:30:00Z,51.18,815.2
2018-01-01T02:00:00Z,46.08,709.05
2018-01-01T02:30:00Z,46.01,649.6
2018-01-01T03:00:00Z,39.24,551.35
2018-01-01T03:30:00Z,37.6,620.4
2018-01-01T04:00:00Z,36.62,434.65
2018-01-01T04:30:00Z,35.65,682.85
2018-01-01T05:00:00Z,38.28,632.1
2018-01-01T05:30:00Z,40.21,616.95
2018-01-01T06:00:00Z,44.55,668.15
2018-01-01T06:30:00Z,43.72,813.9
2018-01-01T07:00:00Z,47.66,624.35
2018-01-01T07:30:00Z,49.47,445.8
2018-01-01T08:00:00Z,43.89,590.8
2018-01-01T08:30:00Z,47.66,404.5
2018-01-01T09:00:00Z,43.31,470.65
2018-01-01T09:30:00Z,41.53,570.7
2018-01-01T10:00:00Z,45.01,711.8
2018-01-01T10:30:00Z,45.04,874.0
2018-01-01T11:00:00Z,53.46999999999999,622.65
2018-01-01T11:30:00Z,59.07,728.0
2018-01-01T12:00:00Z,57.29,456.55
2018-01-01T12:30:00Z,58.39,477.4
2018-01-01T13:00:00Z,56.59,793.0
2018-01-01T13:30:00Z,58.24,958.45
2018-01-01T14:00:00Z,54.55,1137.65
2018-01-01T14:30:00Z,51.25,1256.05
2018-01-01T15:00:00Z,57.96,1147.3
2018-01-01T15:30:00Z,59.5,1028.5
2018-01-01T16:00:00Z,61.51,1034.5
2018-01-01T16:30:00Z,63.3,989.95
2018-01-01T17:00:00Z,61.70000000000001,1201.3
2018-01-01T17:30:00Z,60.02,1278.6
2018-01-01T18:00:00Z,57.36,1153.85
2018-01-01T18:30:00Z,54.290000000000006,1259.8
2018-01-01T19:00:00Z,44.99,1058.15
2018-01-01T19:30:00Z,45.86,1065.0
2018-01-01T20:00:00Z,47.7,1145.35
2018-01-01T20:30:00Z,44.73,1159.0
2018-01-01T21:00:00Z,45.79,1414.8
2018-01-01T21:30:00Z,45.55,1429.6
2018-01-01T22:00:00Z,44.94,1619.1
2018-01-01T22:30:00Z,44.63,1456.5
2018-01-01T23:00:00Z,44.13,576.6
2018-01-01T23:30:00Z,38.35,454.5
2018-01-02T00:00:00Z,39.23,339.7
2018-01-02T00:30:00Z,39.59,414.5
2018-01-02T01:00:00Z,37.98,422.95
2018-01-02T01:30:00Z,37.84,391.5
2018-01-02T02:00:00Z,36.36,378.3
2018-01-02T02:30:00Z,36.73,425.3
2018-01-02T03:00:00Z,40.040000000000006,439.0
2018-01-02T03:30:00Z,42.98,398.45
2018-01-02T04:00:00Z,41.16,420.0
2018-01-02T04:30:00Z,42.01,461.65
2018-01-02T05:00:00Z,53.24,361.75
2018-01-02T05:30:00Z,54.15,390.0
2018-01-02T06:00:00Z,57.07,523.4
2018-01-02T06:30:00Z,46.97,759.05
2018-01-02T07:00:00Z,42.56,636.25
2018-01-02T07:30:00Z,47.04,656.5
2018-01-02T08:00:00Z,50.67000000000001,670.3
2018-01-02T08:30:00Z,52.35,688.2
2018-01-02T09:00:00Z,49.58,608.55
2018-01-02T09:30:00Z,49.21,822.5
2018-01-02T10:00:00Z,49.74000000000001,841.3
2018-01-02T10:30:00Z,50.69,998.2
2018-01-02T11:00:00Z,51.08,680.25
2018-01-02T11:30:00Z,51.28999999999999,655.2
2018-01-02T12:00:00Z,50.65,760.5
2018-01-02T12:30:00Z,48.95,789.3
2018-01-02T13:00:00Z,45.47,838.75
2018-01-02T13:30:00Z,44.5,938.8
2018-01-02T14:00:00Z,44.95,868.25
2018-01-02T14:30:00Z,44.43,994.6
2018-01-02T15:00:00Z,52.77,1024.95
2018-01-02T15:30:00Z,54.08,848.05
2018-01-02T16:00:00Z,52.36,1102.3
2018-01-02T16:30:00Z,63.1,944.95
2018-01-02T17:00:00Z,0.0,0.0
2018-01-02T17:30:00Z,71.32,1331.55
2018-01-02T18:00:00Z,69.85,1409.95
2018-01-02T18:30:00Z,63.56,1303.95
2018-01-02T19:00:00Z,58.60000000000001,1153.5
2018-01-02T19:30:00Z,53.31,979.75
2018-01-02T20:00:00Z,52.1,835.25
2018-01-02T20:30:00Z,48.35,943.75
2018-01-02T21:00:00Z,49.70000000000001,1331.15
2018-01-02T21:30:00Z,46.55,1249.75
2018-01-02T22:00:00Z,46.24000000000001,1464.75
2018-01-02T22:30:00Z,45.96,2053.6
2018-01-02T23:00:00Z,47.32,608.55
2018-01-02T23:30:00Z,42.01,516.15
2018-01-03T00:00:00Z,44.83,383.05
2018-01-03T00:30:00Z,46.65,277.0
2018-01-03T01:00:00Z,50.01,449.5
2018-01-03T01:30:00Z,48.22,305.5
2018-01-03T02:00:00Z,47.5,326.0
2018-01-03T02:30:00Z,48.59,498.85
2018-01-03T03:00:00Z,46.4,379.55
2018-01-03T03:30:00Z,45.36,319.25
2018-01-03T04:00:00Z,42.99,319.9
2018-01-03T04:30:00Z,43.25,401.25
2018-01-03T05:00:00Z,48.38,366.15
2018-01-03T05:30:00Z,47.11,609.3
2018-01-03T06:00:00Z,54.36,581.7
2018-01-03T06:30:00Z,48.46,1008.7
2018-01-03T07:00:00Z,50.71,478.5
2018-01-03T07:30:00Z,54.35,645.9
2018-01-03T08:00:00Z,42.97,377.0
2018-01-03T08:30:00Z,44.23,414.0
2018-01-03T09:00:00Z,43.33,451.9
2018-01-03T09:30:00Z,43.06,569.3
2018-01-03T10:00:00Z,42.64,685.95
2018-01-03T10:30:00Z,43.88999999999999,802.35
2018-01-03T11:00:00Z,42.38,1017.8
2018-01-03T11:30:00Z,42.0,1086.5
2018-01-03T12:00:00Z,42.35,1088.85
2018-01-03T12:30:00Z,42.73,1154.15
2018-01-03T13:00:00Z,43.14,1069.0
2018-01-03T13:30:00Z,42.85,1128.5
2018-01-03T14:00:00Z,42.82,1033.3
2018-01-03T14:30:00Z,42.99,1178.3
2018-01-03T15:00:00Z,49.0,1487.15
2018-01-03T15:30:00Z,50.459999999999994,1479.15
2018-01-03T16:00:00Z,49.42,1452.75
2018-01-03T16:30:00Z,65.33,1034.15
2018-01-03T17:00:00Z,71.33,1254.0
2018-01-03T17:30:00Z,68.22,1166.55
2018-01-03T18:00:00Z,71.1,1250.25
2018-01-03T18:30:00Z,62.93,1040.3
2018-01-03T19:00:00Z,56.46,1039.9
2018-01-03T19:30:00Z,47.21,850.55
2018-01-03T20:00:00Z,46.44,898.5
2018-01-03T20:30:00Z,45.26,1002.8
2018-01-03T21:00:00Z,45.42,1009.45
2018-01-03T21:30:00Z,45.55,1074.3
2018-01-03T22:00:00Z,42.15,1139.9
2018-01-03T22:30:00Z,41.13,1105.65
2018-01-03T23:00:00Z,40.37,809.9
2018-01-03T23:30:00Z,39.09,833.55
2018-01-04T00:00:00Z,39.31,424.1
2018-01-04T00:30:00Z,40.72,471.25
2018-01-04T01:00:00Z,41.62,431.7
2018-01-04T01:30:00Z,39.62,414.85
2018-01-04T02:00:00Z,38.88,482.0
2018-01-04T02:30:00Z,39.26,430.05
2018-01-04T03:00:00Z,42.17,630.6
2018-01-04T03:30:00Z,42.24,507.25
2018-01-04T04:00:00Z,42.1,637.4
2018-01-04T04:30:00Z,41.86,586.15
2018-01-04T05:00:00Z,42.08,565.45
2018-01-04T05:30:00Z,41.97,583.3
2018-01-04T06:00:00Z,49.45,1211.25
2018-01-04T06:30:00Z,43.88,1042.2
2018-01-04T07:00:00Z,45.84,893.3
2018-01-04T07:30:00Z,45.50000000000001,495.15
2018-01-04T08:00:00Z,42.3,441.45
2018-01-04T08:30:00Z,41.22,590.35
2018-01-04T09:00:00Z,43.93,726.65
2018-01-04T09:30:00Z,43.24,831.7
2018-01-04T10:00:00Z,42.3,1080.85
2018-01-04T10:30:00Z,42.51,1363.5
2018-01-04T11:00:00Z,42.21,1823.6
2018-01-04T11:30:00Z,42.93,1864.75
2018-01-04T12:00:00Z,42.63,1891.5
2018-01-04T12:30:00Z,42.39,2107.25
2018-01-04T13:00:00Z,41.15,1708.4
2018-01-04T13:30:00Z,41.06,1754.1
2018-01-04T14:00:00Z,41.28,1803.25
2018-01-04T14:30:00Z,41.59,1785.95
2018-01-04T15:00:00Z,43.51,1058.0
2018-01-04T15:30:00Z,45.4,725.1
2018-01-04T16:00:00Z,43.2,985.85
2018-01-04T16:30:00Z,64.09,1137.0
2018-01-04T17:00:00Z,64.04,1274.75
2018-01-04T17:30:00Z,66.4,1508.9
2018-01-04T18:00:00Z,63.64,1372.45
2018-01-04T18:30:00Z,62.2,1187.95
2018-01-04T19:00:00Z,54.65,1403.45
2018-01-04T19:30:00Z,52.36,1118.45
2018-01-04T20:00:00Z,51.61,1018.05
2018-01-04T20:30:00Z,49.07,1318.8
2018-01-04T21:00:00Z,48.49,1246.15
2018-01-04T21:30:00Z,45.72,1195.05
2018-01-04T22:00:00Z,45.03,1691.25
2018-01-04T22:30:00Z,44.65,1775.45
2018-01-04T23:00:00Z,42.14,546.0
2018-01-04T23:30:00Z,42.45,426.35
2018-01-05T00:00:00Z,47.34,194.15
2018-01-05T00:30:00Z,51.09,154.2
2018-01-05T01:00:00Z,49.72,276.75
2018-01-05T01:30:00Z,47.4,368.35
2018-01-05T02:00:00Z,47.94,263.35
2018-01-05T02:30:00Z,48.56,221.4
2018-01-05T03:00:00Z,45.39,177.2
2018-01-05T03:30:00Z,43.7,240.6
2018-01-05T04:00:00Z,43.67,240.2
2018-01-05T04:30:00Z,44.1,228.35
2018-01-05T05:00:00Z,45.56000000000001,227.9
2018-01-05T05:30:00Z,44.89,357.5
2018-01-05T06:00:00Z,49.84,725.65
2018-01-05T06:30:00Z,43.75,657.05
2018-01-05T07:00:00Z,44.14,692.65
2018-01-05T07:30:00Z,45.39,564.4
2018-01-05T08:00:00Z,42.68,492.0
2018-01-05T08:30:00Z,45.04,555.65
2018-01-05T09:00:00Z,47.56,856.1
2018-01-05T09:30:00Z,48.459999999999994,852.4
2018-01-05T10:00:00Z,49.21,1090.35
2018-01-05T10:30:00Z,48.69,997.25
2018-01-05T11:00:00Z,48.44,1346.8
2018-01-05T11:30:00Z,48.09,1563.25
2018-01-05T12:00:00Z,48.2,1662.75
2018-01-05T12:30:00Z,47.77,1889.35
2018-01-05T13:00:00Z,47.64,2111.55
2018-01-05T13:30:00Z,47.75,2224.65
2018-01-05T14:00:00Z,47.85,2183.6
2018-01-05T14:30:00Z,47.45,2246.35
2018-01-05T15:00:00Z,59.17000000000001,1262.0
2018-01-05T15:30:00Z,57.76,1520.85
2018-01-05T16:00:00Z,61.73,1477.0
2018-01-05T16:30:00Z,94.16000000000001,1560.85
2018-01-05T17:00:00Z,97.5,1794.35
2018-01-05T17:30:00Z,97.01,1924.35
2018-01-05T18:00:00Z,89.33,1982.0
2018-01-05T18:30:00Z,77.47,1837.5
2018-01-05T19:00:00Z,58.07000000000001,1518.85
2018-01-05T19:30:00Z,54.57999999999999,1274.5
2018-01-05T20:00:00Z,57.31,1431.85
2018-01-05T20:30:00Z,52.56,1510.6
2018-01-05T21:00:00Z,51.53,1484.15
2018-01-05T21:30:00Z,52.33,1157.0
2018-01-05T22:00:00Z,52.68,1123.3
2018-01-05T22:30:00Z,54.33,1173.0
2018-01-05T23:00:00Z,54.8,863.9
2018-01-05T23:30:00Z,55.50999999999999,600.9
2018-01-06T00:00:00Z,58.13,584.9
2018-01-06T00:30:00Z,58.40999999999999,656.4
2018-01-06T01:00:00Z,56.83,549.15
2018-01-06T01:30:00Z,55.05,398.4
2018-01-06T02:00:00Z,52.82,722.4
2018-01-06T02:30:00Z,51.97,739.3
2018-01-06T03:00:00Z,49.42,484.6
2018-01-06T03:30:00Z,43.76,395.9
2018-01-06T04:00:00Z,42.91,416.1
2018-01-06T04:30:00Z,41.95,535.9
2018-01-06T05:00:00Z,40.02,549.0
2018-01-06T05:30:00Z,39.61,602.15
2018-01-06T06:00:00Z,42.55,553.95
2018-01-06T06:30:00Z,41.89,608.6
2018-01-06T07:00:00Z,42.79,735.0
2018-01-06T07:30:00Z,44.01,535.0
2018-01-06T08:00:00Z,44.7,588.25
2018-01-06T08:30:00Z,54.55,641.1
2018-01-06T09:00:00Z,55.48,636.15
2018-01-06T09:30:00Z,54.18000000000001,612.8
2018-01-06T10:00:00Z,53.89,567.35
2018-01-06T10:30:00Z,53.00000000000001,644.7
2018-01-06T11:00:00Z,54.1,550.2
2018-01-06T11:30:00Z,52.61,536.0
2018-01-06T12:00:00Z,51.32999999999999,660.0
2018-01-06T12:30:00Z,53.09,689.05
2018-01-06T13:00:00Z,53.50000000000001,669.15
2018-01-06T13:30:00Z,49.64,515.35
2018-01-06T14:00:00Z,47.23,585.1
2018-01-06T14:30:00Z,45.11,855.45
2018-01-06T15:00:00Z,50.46,1054.85
2018-01-06T15:30:00Z,50.94,932.35
2018-01-06T16:00:00Z,53.24,795.45
2018-01-06T16:30:00Z,73.48,926.05
2018-01-06T17:00:00Z,79.5,688.9
2018-01-06T17:30:00Z,81.84,712.1
2018-01-06T18:00:00Z,81.43,812.5
2018-01-06T18:30:00Z,70.96,599.95
2018-01-06T19:00:00Z,67.27,549.15
2018-01-06T19:30:00Z,48.87,279.5
2018-01-06T20:00:00Z,49.89000000000001,458.7
2018-01-06T20:30:00Z,47.51,592.8
2018-01-06T21:00:00Z,44.33,1017.05
2018-01-06T21:30:00Z,44.3,901.7
2018-01-06T22:00:00Z,44.9,672.5
2018-01-06T22:30:00Z,44.5,1049.0
2018-01-06T23:00:00Z,54.09,420.9
2018-01-06T23:30:00Z,49.46,389.75
2018-01-07T00:00:00Z,47.8,279.35
2018-01-07T00:30:00Z,47.34,266.1
2018-01-07T01:00:00Z,44.63,243.05
2018-01-07T01:30:00Z,43.43,314.65
2018-01-07T02:00:00Z,42.68,365.05
2018-01-07T02:30:00Z,42.11,429.55
2018-01-07T03:00:00Z,42.65,333.7
2018-01-07T03:30:00Z,42.09,390.0
2018-01-07T04:00:00Z,42.17,406.05
2018-01-07T04:30:00Z,42.57,473.55
2018-01-07T05:00:00Z,43.17,494.75
2018-01-07T05:30:00Z,41.68,349.05
2018-01-07T06:00:00Z,42.75,369.85
2018-01-07T06:30:00Z,42.86,497.55
2018-01-07T07:00:00Z,42.77,1058.2
2018-01-07T07:30:00Z,42.79,903.6
2018-01-07T08:00:00Z,41.92,985.4
2018-01-07T08:30:00Z,42.84,887.5
2018-01-07T09:00:00Z,45.28,699.25
2018-01-07T09:30:00Z,47.99,795.0
2018-01-07T10:00:00Z,49.29,652.5
2018-01-07T10:30:00Z,48.85,711.55
2018-01-07T11:00:00Z,52.73,1074.35
2018-01-07T11:30:00Z,55.2,1064.75
2018-01-07T12:00:00Z,50.92,853.85
2018-01-07T12:30:00Z,48.12,839.45
2018-01-07T13:00:00Z,45.91,749.45
2018-01-07T13:30:00Z,45.79,863.45
2018-01-07T14:00:00Z,46.17,879.85
2018-01-07T14:30:00Z,46.57,713.95
2018-01-07T15:00:00Z,51.59,728.8
2018-01-07T15:30:00Z,49.96,689.35
2018-01-07T16:00:00Z,53.29,825.5
2018-01-07T16:30:00Z,73.42,816.6
2018-01-07T17:00:00Z,82.96,811.85
2018-01-07T17:30:00Z,80.55,743.0
2018-01-07T18:00:00Z,75.74,607.65
2018-01-07T18:30:00Z,62.59,666.95
2018-01-07T19:00:00Z,49.86999999999999,780.75
2018-01-07T19:30:00Z,50.26,782.85
2018-01-07T20:00:00Z,57.3,765.65
2018-01-07T20:30:00Z,54.19,827.5
2018-01-07T21:00:00Z,50.55,962.5
2018-01-07T21:30:00Z,47.84,1317.2
2018-01-07T22:00:00Z,47.02,1236.8
2018-01-07T22:30:00Z,45.58,1248.8
2018-01-07T23:00:00Z,44.53,744.2
2018-01-07T23:30:00Z,44.43,421.65
2018-01-08T00:00:00Z,44.12,482.6
2018-01-08T00:30:00Z,44.88,387.15
2018-01-08T01:00:00Z,47.13,563.25
2018-01-08T01:30:00Z,44.81,325.65
2018-01-08T02:00:00Z,43.42,340.3
2018-01-08T02:30:00Z,42.81,444.25
2018-01-08T03:00:00Z,41.37,284.15
2018-01-08T03:30:00Z,40.84,319.25
2018-01-08T04:00:00Z,40.01,426.75
2018-01-08T04:30:00Z,40.07,411.65
2018-01-08T05:00:00Z,38.03,266.0
2018-01-08T05:30:00Z,39.33,410.9
2018-01-08T06:00:00Z,44.18,462.5
2018-01-08T06:30:00Z,44.16,624.4
2018-01-08T07:00:00Z,49.06,1087.7
2018-01-08T07:30:00Z,55.14,1093.45
2018-01-08T08:00:00Z,52.3,840.05
2018-01-08T08:30:00Z,51.43,1013.55
2018-01-08T09:00:00Z,59.78,968.75
2018-01-08T09:30:00Z,60.63,799.9
2018-01-08T10:00:00Z,62.02,813.95
2018-01-08T10:30:00Z,64.44,973.7
2018-01-08T11:00:00Z,57.45,1006.2
2018-01-08T11:30:00Z,54.87,949.8
2018-01-08T12:00:00Z,54.52,1042.65
2018-01-08T12:30:00Z,55.01,1137.6
2018-01-08T13:00:00Z,57.65999999999999,1179.55
2018-01-08T13:30:00Z,59.28,1236.2
2018-01-08T14:00:00Z,59.13,1186.8
2018-01-08T14:30:00Z,62.63000000000001,1258.85
2018-01-08T15:00:00Z,67.49,1328.9
2018-01-08T15:30:00Z,66.52,1366.1
2018-01-08T16:00:00Z,71.73,1005.5
2018-01-08T16:30:00Z,82.27,1143.45
2018-01-08T17:00:00Z,74.88,1421.3
2018-01-08T17:30:00Z,67.24,1424.45
2018-01-08T18:00:00Z,65.97,1180.1
2018-01-08T18:30:00Z,63.27000000000001,1431.7
2018-01-08T19:00:00Z,56.22,1147.65
2018-01-08T19:30:00Z,56.94,1115.25
2018-01-08T20:00:00Z,55.89,1246.2
2018-01-08T20:30:00Z,53.13999999999999,1373.2
2018-01-08T21:00:00Z,54.47,714.45
2018-01-08T21:30:00Z,51.11,721.95
2018-01-08T22:00:00Z,47.2,1072.45
2018-01-08T22:30:00Z,46.1,1614.65
2018-01-08T23:00:00Z,43.5,1000.05
2018-01-08T23:30:00Z,42.43,660.25
2018-01-09T00:00:00Z,42.6,535.7
2018-01-09T00:30:00Z,43.51,540.65
2018-01-09T01:00:00Z,44.42000000000001,758.2
2018-01-09T01:30:00Z,43.79,781.1
2018-01-09T02:00:00Z,43.2,684.2
2018-01-09T02:30:00Z,43.51,630.7
2018-01-09T03:00:00Z,43.94,354.45
2018-01-09T03:30:00Z,45.41,389.5
2018-01-09T04:00:00Z,43.96,315.0
2018-01-09T04:30:00Z,45.82,520.55
2018-01-09T05:00:00Z,47.14,480.45
2018-01-09T05:30:00Z,47.83,582.25
2018-01-09T06:00:00Z,50.7,517.6
2018-01-09T06:30:00Z,43.94,870.0
2018-01-09T07:00:00Z,48.63,1164.3
2018-01-09T07:30:00Z,49.49,763.65
2018-01-09T08:00:00Z,48.07,753.25
2018-01-09T08:30:00Z,48.00000000000001,799.7
2018-01-09T09:00:00Z,55.06,975.8
2018-01-09T09:30:00Z,55.3,1027.0
2018-01-09T10:00:00Z,55.89,1092.4
2018-01-09T10:30:00Z,55.28,1258.7
2018-01-09T11:00:00Z,56.08,1156.75
2018-01-09T11:30:00Z,55.74,1104.15
2018-01-09T12:00:00Z,56.37,1160.9
2018-01-09T12:30:00Z,56.910000000000004,1201.65
2018-01-09T13:00:00Z,57.37,1516.85
2018-01-09T13:30:00Z,58.72,1678.1
2018-01-09T14:00:00Z,59.78,1645.95
2018-01-09T14:30:00Z,58.95,1738.35
2018-01-09T15:00:00Z,61.23,1653.5
2018-01-09T15:30:00Z,65.47,1378.0
2018-01-09T16:00:00Z,66.59,1590.2
2018-01-09T16:30:00Z,69.0,1624.7
2018-01-09T17:00:00Z,63.67,1630.55
2018-01-09T17:30:00Z,61.93,1876.0
2018-01-09T18:00:00Z,62.85,1845.4
2018-01-09T18:30:00Z,62.59,1991.75
2018-01-09T19:00:00Z,57.07,859.5
2018-01-09T19:30:00Z,55.5,985.9
2018-01-09T20:00:00Z,53.55,1041.4
2018-01-09T20:30:00Z,51.470000000000006,1604.45
2018-01-09T21:00:00Z,53.11,723.8
2018-01-09T21:30:00Z,47.77,612.25
2018-01-09T22:00:00Z,45.19,1153.45
2018-01-09T22:30:00Z,44.74,1494.75
2018-01-09T23:00:00Z,43.96,902.3
2018-01-09T23:30:00Z,44.79,664.65
2018-01-10T00:00:00Z,44.61,576.5
2018-01-10T00:30:00Z,45.47,412.5
2018-01-10T01:00:00Z,45.04,502.65
2018-01-10T01:30:00Z,44.22,583.0
2018-01-10T02:00:00Z,44.53,516.65
2018-01-10T02:30:00Z,44.36,482.5
2018-01-10T03:00:00Z,43.06,377.7
2018-01-10T03:30:00Z,42.2,356.45
2018-01-10T04:00:00Z,42.0,403.5
2018-01-10T04:30:00Z,44.19,400.0
2018-01-10T05:00:00Z,43.97,252.6
2018-01-10T05:30:00Z,44.75,487.7
2018-01-10T06:00:00Z,49.13,712.6
2018-01-10T06:30:00Z,47.28,998.0
2018-01-10T07:00:00Z,51.35,1163.5
2018-01-10T07:30:00Z,57.02,804.3
2018-01-10T08:00:00Z,61.73,660.95
2018-01-10T08:30:00Z,55.47,965.4
2018-01-10T09:00:00Z,54.14,795.95
2018-01-10T09:30:00Z,54.59,699.5
2018-01-10T10:00:00Z,53.13,762.5
2018-01-10T10:30:00Z,52.54,832.35
2018-01-10T11:00:00Z,48.2,1204.95
2018-01-10T11:30:00Z,48.63,1075.95
2018-01-10T12:00:00Z,48.61,1168.45
2018-01-10T12:30:00Z,48.77,1162.5
2018-01-10T13:00:00Z,49.7,1285.85
2018-01-10T13:30:00Z,49.3,1286.65
2018-01-10T14:00:00Z,48.9,1287.05
2018-01-10T14:30:00Z,48.77,1305.15
2018-01-10T15:00:00Z,61.3,958.7
2018-01-10T15:30:00Z,63.69,909.75
2018-01-10T16:00:00Z,61.2,1002.3
2018-01-10T16:30:00Z,67.99,892.65
2018-01-10T17:00:00Z,71.25,1153.1
2018-01-10T17:30:00Z,69.99,1125.7
2018-01-10T18:00:00Z,68.28,1293.85
2018-01-10T18:30:00Z,68.74,1288.15
2018-01-10T19:00:00Z,55.7,1147.5
2018-01-10T19:30:00Z,53.09,1221.05
2018-01-10T20:00:00Z,54.269999999999996,1315.6
2018-01-10T20:30:00Z,53.56,1205.05
2018-01-10T21:00:00Z,49.24999999999999,1372.6
2018-01-10T21:30:00Z,48.77,1398.85
2018-01-10T22:00:00Z,46.8,1859.35
2018-01-10T22:30:00Z,45.47,1908.5
2018-01-10T23:00:00Z,39.22,201.7
2018-01-10T23:30:00Z,41.01,476.05
2018-01-11T00:00:00Z,41.3,526.6
2018-01-11T00:30:00Z,41.8,463.0
2018-01-11T01:00:00Z,43.8,264.9
2018-01-11T01:30:00Z,39.92,194.7
2018-01-11T02:00:00Z,39.63,160.2
2018-01-11T02:30:00Z,40.81,267.25
2018-01-11T03:00:00Z,40.68,250.75
2018-01-11T03:30:00Z,40.4,173.95
2018-01-11T04:00:00Z,39.43,123.0
2018-01-11T04:30:00Z,39.47,214.65
2018-01-11T05:00:00Z,40.58,154.4
2018-01-11T05:30:00Z,39.93,214.5
2018-01-11T06:00:00Z,44.13,512.5
2018-01-11T06:30:00Z,46.99,623.7
2018-01-11T07:00:00Z,44.88,1008.1
2018-01-11T07:30:00Z,47.98,595.05
2018-01-11T08:00:00Z,45.27,84.0
2018-01-11T08:30:00Z,42.54,197.4
2018-01-11T09:00:00Z,48.4,501.95
2018-01-11T09:30:00Z,50.27,540.3
2018-01-11T10:00:00Z,53.58,580.95
2018-01-11T10:30:00Z,54.58,632.45
2018-01-11T11:00:00Z,55.87,853.0
2018-01-11T11:30:00Z,56.23,885.35
2018-01-11T12:00:00Z,56.57,956.0
2018-01-11T12:30:00Z,57.8,1041.8
2018-01-11T13:00:00Z,56.55,1056.95
2018-01-11T13:30:00Z,56.150000000000006,1178.2
2018-01-11T14:00:00Z,57.69,998.95
2018-01-11T14:30:00Z,57.75,1107.9
2018-01-11T15:00:00Z,72.74,2021.75
2018-01-11T15:30:00Z,79.2,1699.1
2018-01-11T16:00:00Z,82.98,1848.0
2018-01-11T16:30:00Z,92.49,1740.6
2018-01-11T17:00:00Z,93.05,1865.25
2018-01-11T17:30:00Z,88.68,1883.45
2018-01-11T18:00:00Z,86.52,2184.5
2018-01-11T18:30:00Z,79.26,2331.7
2018-01-11T19:00:00Z,71.16,1489.4
2018-01-11T19:30:00Z,65.44,946.4
2018-01-11T20:00:00Z,74.54,1078.15
2018-01-11T20:30:00Z,61.73,1388.95
2018-01-11T21:00:00Z,55.77,1595.35
2018-01-11T21:30:00Z,54.85,1462.3
2018-01-11T22:00:00Z,54.38,1623.35
2018-01-11T22:30:00Z,52.63999999999999,1741.2
2018-01-11T23:00:00Z,47.5,470.35
2018-01-11T23:30:00Z,42.19,160.4
2018-01-12T00:00:00Z,42.99,181.75
2018-01-12T00:30:00Z,45.96,165.3
2018-01-12T01:00:00Z,47.0,151.3
2018-01-12T01:30:00Z,44.05,284.8
2018-01-12T02:00:00Z,42.33,237.45
2018-01-12T02:30:00Z,42.38,178.75
2018-01-12T03:00:00Z,40.83,263.5
2018-01-12T03:30:00Z,39.839999999999996,426.15
2018-01-12T04:00:00Z,39.85,271.5
2018-01-12T04:30:00Z,39.59,247.0
2018-01-12T05:00:00Z,39.65,144.0
2018-01-12T05:30:00Z,41.54,294.0
2018-01-12T06:00:00Z,43.88,435.5
2018-01-12T06:30:00Z,43.96,441.35
2018-01-12T07:00:00Z,51.3,791.15
2018-01-12T07:30:00Z,56.82,845.55
2018-01-12T08:00:00Z,57.5,716.1
2018-01-12T08:30:00Z,59.14,1013.55
2018-01-12T09:00:00Z,58.37,867.9
2018-01-12T09:30:00Z,56.97,865.35
2018-01-12T10:00:00Z,55.62,922.1
2018-01-12T10:30:00Z,53.9,1003.1
2018-01-12T11:00:00Z,49.06,797.95
2018-01-12T11:30:00Z,48.8,922.45
2018-01-12T12:00:00Z,48.86,867.45
2018-01-12T12:30:00Z,48.58,909.1
2018-01-12T13:00:00Z,46.77,967.95
2018-01-12T13:30:00Z,46.16,1234.75
2018-01-12T14:00:00Z,46.3,1408.75
2018-01-12T14:30:00Z,45.67,1485.05
2018-01-12T15:00:00Z,48.09,1021.0
2018-01-12T15:30:00Z,48.15,930.85
2018-01-12T16:00:00Z,48.53,1202.0
2018-01-12T16:30:00Z,61.08,1074.2
2018-01-12T17:00:00Z,63.53999999999999,1185.05
2018-01-12T17:30:00Z,63.260000000000005,1294.0
2018-01-12T18:00:00Z,59.21,1319.55
2018-01-12T18:30:00Z,60.38,1659.15
2018-01-12T19:00:00Z,55.87,1809.5
2018-01-12T19:30:00Z,51.59,1690.95
2018-01-12T20:00:00Z,50.09000000000001,1458.15
2018-01-12T20:30:00Z,48.37,1438.25
2018-01-12T21:00:00Z,47.29,1410.4
2018-01-12T21:30:00Z,46.53000000000001,1480.5
2018-01-12T22:00:00Z,45.77,1740.7
2018-01-12T22:30:00Z,45.78,2336.2
2018-01-12T23:00:00Z,46.12,718.2
2018-01-12T23:30:00Z,44.98,561.0
2018-01-13T00:00:00Z,45.46,516.5
2018-01-13T00:30:00Z,46.12,580.4
2018-01-13T01:00:00Z,47.06,657.15
2018-01-13T01:30:00Z,44.89,608.35
2018-01-13T02:00:00Z,44.2,565.5
2018-01-13T02:30:00Z,44.3,609.5
2018-01-13T03:00:00Z,35.82,302.5
2018-01-13T03:30:00Z,35.57,370.65
2018-01-13T04:00:00Z,35.74,429.05
2018-01-13T04:30:00Z,35.4,449.6
2018-01-13T05:00:00Z,35.75,453.45
2018-01-13T05:30:00Z,36.89,623.25
2018-01-13T06:00:00Z,38.88,606.65
2018-01-13T06:30:00Z,38.78,694.3
2018-01-13T07:00:00Z,42.15,960.4
2018-01-13T07:30:00Z,43.39,716.9
2018-01-13T08:00:00Z,45.65,486.6
2018-01-13T08:30:00Z,46.72,602.5
2018-01-13T09:00:00Z,47.49,795.35
2018-01-13T09:30:00Z,47.07,726.95
2018-01-13T10:00:00Z,47.28,874.1
2018-01-13T10:30:00Z,48.34,937.3
2018-01-13T11:00:00Z,49.77,1011.05
2018-01-13T11:30:00Z,49.92,1081.35
2018-01-13T12:00:00Z,50.97999999999999,984.4
2018-01-13T12:30:00Z,51.03,962.5
2018-01-13T13:00:00Z,54.1,1158.95
2018-01-13T13:30:00Z,53.05,1140.0
2018-01-13T14:00:00Z,52.37,1212.2
2018-01-13T14:30:00Z,50.59,1277.4
2018-01-13T15:00:00Z,53.10000000000001,1448.95
2018-01-13T15:30:00Z,54.099999999999994,1262.0
2018-01-13T16:00:00Z,51.15999999999999,1379.9
2018-01-13T16:30:00Z,63.0,1795.85
2018-01-13T17:00:00Z,74.03,1365.5
2018-01-13T17:30:00Z,76.15,1410.15
2018-01-13T18:00:00Z,73.06,1381.0
2018-01-13T18:30:00Z,68.61,1706.0
2018-01-13T19:00:00Z,56.20000000000001,1647.2
2018-01-13T19:30:00Z,52.08,1558.6
2018-01-13T20:00:00Z,51.39,1119.75
2018-01-13T20:30:00Z,49.64,1274.55
2018-01-13T21:00:00Z,47.43,1161.25
2018-01-13T21:30:00Z,46.28,1156.65
2018-01-13T22:00:00Z,46.22999999999999,855.45
2018-01-13T22:30:00Z,44.69,907.75
2018-01-13T23:00:00Z,42.05,346.85
2018-01-13T23:30:00Z,40.63,357.3
2018-01-14T00:00:00Z,40.88,488.3
2018-01-14T00:30:00Z,41.74000000000001,434.05
2018-01-14T01:00:00Z,45.83,402.9
2018-01-14T01:30:00Z,45.78,301.0
2018-01-14T02:00:00Z,43.69,380.7
2018-01-14T02:30:00Z,42.44,322.1
2018-01-14T03:00:00Z,41.21,553.0
2018-01-14T03:30:00Z,40.67,501.2
2018-01-14T04:00:00Z,40.49,503.95
2018-01-14T04:30:00Z,39.56,592.55
2018-01-14T05:00:00Z,40.4,562.8
2018-01-14T05:30:00Z,38.89,660.95
2018-01-14T06:00:00Z,40.63,620.95
2018-01-14T06:30:00Z,39.79,740.95
2018-01-14T07:00:00Z,29.19,563.0
2018-01-14T07:30:00Z,28.87,634.0
2018-01-14T08:00:00Z,29.65,990.3
2018-01-14T08:30:00Z,33.22,1121.3
2018-01-14T09:00:00Z,44.23,1069.55
2018-01-14T09:30:00Z,44.28,900.1
2018-01-14T10:00:00Z,45.1,910.0
2018-01-14T10:30:00Z,44.28,860.9
2018-01-14T11:00:00Z,47.28,752.95
2018-01-14T11:30:00Z,47.77,765.4
2018-01-14T12:00:00Z,47.72,646.15
2018-01-14T12:30:00Z,47.95,602.4
2018-01-14T13:00:00Z,45.58,816.3
2018-01-14T13:30:00Z,43.11,590.15
2018-01-14T14:00:00Z,42.72,794.7
2018-01-14T14:30:00Z,42.15,782.55
2018-01-14T15:00:00Z,52.64,1591.45
2018-01-14T15:30:00Z,52.120000000000005,1660.9
2018-01-14T16:00:00Z,52.35,1717.7
2018-01-14T16:30:00Z,64.81,2043.95
2018-01-14T17:00:00Z,68.24,1607.6
2018-01-14T17:30:00Z,67.27,1648.7
2018-01-14T18:00:00Z,58.44,1629.15
2018-01-14T18:30:00Z,54.52000000000001,1861.45
2018-01-14T19:00:00Z,49.57,1638.2
2018-01-14T19:30:00Z,49.55,1566.85
2018-01-14T20:00:00Z,49.26,1527.15
2018-01-14T20:30:00Z,48.62,1328.9
2018-01-14T21:00:00Z,50.23,1694.4
2018-01-14T21:30:00Z,47.51,1563.1
2018-01-14T22:00:00Z,44.51,1470.0
2018-01-14T22:30:00Z,44.71,1719.6
2018-01-14T23:00:00Z,41.45,745.5
2018-01-14T23:30:00Z,31.31,535.35
2018-01-15T00:00:00Z,36.04,552.8
2018-01-15T00:30:00Z,41.41,783.15
2018-01-15T01:00:00Z,40.17,607.2
2018-01-15T01:30:00Z,38.18,683.2
2018-01-15T02:00:00Z,37.68,460.0
2018-01-15T02:30:00Z,37.54,428.55
2018-01-15T03:00:00Z,38.2,538.0
2018-01-15T03:30:00Z,38.029999999999994,444.75
2018-01-15T04:00:00Z,38.05,522.1
2018-01-15T04:30:00Z,38.68,497.0
2018-01-15T05:00:00Z,43.33,369.5
2018-01-15T05:30:00Z,43.46,574.5
2018-01-15T06:00:00Z,55.82,551.95
2018-01-15T06:30:00Z,53.23,1573.75
2018-01-15T07:00:00Z,51.33,930.0
2018-01-15T07:30:00Z,55.05,891.45
2018-01-15T08:00:00Z,65.74,940.15
2018-01-15T08:30:00Z,66.55,959.85
2018-01-15T09:00:00Z,73.0,967.95
2018-01-15T09:30:00Z,72.54,1069.35
2018-01-15T10:00:00Z,68.21,1106.65
2018-01-15T10:30:00Z,64.85,1461.5
2018-01-15T11:00:00Z,55.33,1679.0
2018-01-15T11:30:00Z,54.91,1624.45
2018-01-15T12:00:00Z,55.01,1624.55
2018-01-15T12:30:00Z,52.46,1540.5
2018-01-15T13:00:00Z,49.37,1296.2
2018-01-15T13:30:00Z,48.75,1256.75
2018-01-15T14:00:00Z,47.7,1406.35
2018-01-15T14:30:00Z,46.57,1685.25
2018-01-15T15:00:00Z,47.57,1350.0
2018-01-15T15:30:00Z,48.72,1261.4
2018-01-15T16:00:00Z,48.42,1648.4
2018-01-15T16:30:00Z,53.99,1636.15
2018-01-15T17:00:00Z,57.18,1860.0
2018-01-15T17:30:00Z,56.88000000000001,1833.8
2018-01-15T18:00:00Z,56.91,1840.4
2018-01-15T18:30:00Z,55.93,2095.45
2018-01-15T19:00:00Z,53.95,1623.05
2018-01-15T19:30:00Z,51.05,1427.5
2018-01-15T20:00:00Z,50.53000000000001,1650.55
2018-01-15T20:30:00Z,49.62,1195.15
2018-01-15T21:00:00Z,49.15,1386.25
2018-01-15T21:30:00Z,46.93,1196.95
2018-01-15T22:00:00Z,46.79,1179.6
2018-01-15T22:30:00Z,43.74,1198.75
2018-01-15T23:00:00Z,42.05,645.85
2018-01-15T23:30:00Z,44.46,612.2
2018-01-16T00:00:00Z,48.27,600.0
2018-01-16T00:30:00Z,50.67,699.1
2018-01-16T01:00:00Z,52.31,387.65
2018-01-16T01:30:00Z,50.79,371.5
2018-01-16T02:00:00Z,51.25,371.5
2018-01-16T02:30:00Z,49.75,302.1
2018-01-16T03:00:00Z,44.050000000000004,459.7
2018-01-16T03:30:00Z,43.36000000000001,436.85
2018-01-16T04:00:00Z,42.47,432.55
2018-01-16T04:30:00Z,42.37,441.55
2018-01-16T05:00:00Z,44.22,765.45
2018-01-16T05:30:00Z,43.98,978.05
2018-01-16T06:00:00Z,47.17,1058.35
2018-01-16T06:30:00Z,47.08,1372.45
2018-01-16T07:00:00Z,53.239999999999995,1292.5
2018-01-16T07:30:00Z,55.73,984.35
2018-01-16T08:00:00Z,53.34,1080.7
2018-01-16T08:30:00Z,51.33,1158.15
2018-01-16T09:00:00Z,52.95,1165.6
2018-01-16T09:30:00Z,50.94,1030.25
2018-01-16T10:00:00Z,50.8,976.95
2018-01-16T10:30:00Z,49.76,1102.65
2018-01-16T11:00:00Z,42.64,1059.4
2018-01-16T11:30:00Z,42.61,1008.8
2018-01-16T12:00:00Z,42.51,1077.1
2018-01-16T12:30:00Z,42.39,1129.1
2018-01-16T13:00:00Z,42.63,1014.2
2018-01-16T13:30:00Z,42.86,960.4
2018-01-16T14:00:00Z,42.83,1081.15
2018-01-16T14:30:00Z,43.85,1105.15
2018-01-16T15:00:00Z,45.62,977.15
2018-01-16T15:30:00Z,48.87,698.2
2018-01-16T16:00:00Z,47.05,1287.45
2018-01-16T16:30:00Z,69.42,828.3
2018-01-16T17:00:00Z,74.51,1007.35
2018-01-16T17:30:00Z,74.72,1163.95
2018-01-16T18:00:00Z,72.0,1063.25
2018-01-16T18:30:00Z,67.48,1069.05
2018-01-16T19:00:00Z,0.0,0.0
2018-01-16T19:30:00Z,0.0,0.0
2018-01-16T20:00:00Z,55.13,1025.3
2018-01-16T20:30:00Z,50.43,1027.45
2018-01-16T21:00:00Z,47.83,1425.8
2018-01-16T21:30:00Z,45.01,1425.8
2018-01-16T22:00:00Z,46.11,1266.05
2018-01-16T22:30:00Z,44.02,1610.4
2018-01-16T23:00:00Z,49.22,294.35
2018-01-16T23:30:00Z,48.42,245.9
2018-01-17T00:00:00Z,46.989999999999995,368.45
2018-01-17T00:30:00Z,52.16,226.05
2018-01-17T01:00:00Z,52.68,323.65
2018-01-17T01:30:00Z,51.32,300.2
2018-01-17T02:00:00Z,50.89,296.3
2018-01-17T02:30:00Z,50.88,344.35
2018-01-17T03:00:00Z,42.120000000000005,418.7
2018-01-17T03:30:00Z,38.45000000000001,500.35
2018-01-17T04:00:00Z,37.14,544.85
2018-01-17T04:30:00Z,35.42,691.5
2018-01-17T05:00:00Z,35.89,686.45
2018-01-17T05:30:00Z,35.71,722.75
2018-01-17T06:00:00Z,44.32,729.05
2018-01-17T06:30:00Z,41.85,1054.2
2018-01-17T07:00:00Z,42.4,684.95
2018-01-17T07:30:00Z,51.6,623.25
2018-01-17T08:00:00Z,46.91,539.75
2018-01-17T08:30:00Z,47.54,611.25
2018-01-17T09:00:00Z,52.57,703.85
2018-01-17T09:30:00Z,53.12,880.25
2018-01-17T10:00:00Z,50.95,803.7
2018-01-17T10:30:00Z,48.93,723.4
2018-01-17T11:00:00Z,44.13,847.3
2018-01-17T11:30:00Z,43.58,812.7
2018-01-17T12:00:00Z,42.95,859.65
2018-01-17T12:30:00Z,43.1,811.9
2018-01-17T13:00:00Z,43.0,863.5
2018-01-17T13:30:00Z,44.95,696.65
2018-01-17T14:00:00Z,46.72,652.55
2018-01-17T14:30:00Z,47.65,726.9
2018-01-17T15:00:00Z,52.82,1027.85
2018-01-17T15:30:00Z,53.23,1063.5
2018-01-17T16:00:00Z,48.85,1517.3
2018-01-17T16:30:00Z,56.21,1033.95
2018-01-17T17:00:00Z,64.77,1294.5
2018-01-17T17:30:00Z,65.51,1423.5
2018-01-17T18:00:00Z,66.28,1451.4
2018-01-17T18:30:00Z,65.18,1461.0
2018-01-17T19:00:00Z,64.52,1427.5
2018-01-17T19:30:00Z,58.459999999999994,1125.15
2018-01-17T20:00:00Z,53.89,874.45
2018-01-17T20:30:00Z,57.1,1027.75
2018-01-17T21:00:00Z,54.98,1102.85
2018-01-17T21:30:00Z,51.8,1075.85
2018-01-17T22:00:00Z,49.7,1132.05
2018-01-17T22:30:00Z,45.65,1654.9
2018-01-17T23:00:00Z,40.44,434.7
2018-01-17T23:30:00Z,40.53,524.4
2018-01-18T00:00:00Z,40.72,701.75
2018-01-18T00:30:00Z,44.83,456.1
2018-01-18T01:00:00Z,43.68,560.35
2018-01-18T01:30:00Z,41.0,423.3
2018-01-18T02:00:00Z,40.86,359.3
2018-01-18T02:30:00Z,40.78,436.7
2018-01-18T03:00:00Z,37.32,640.8
2018-01-18T03:30:00Z,37.25,657.5
2018-01-18T04:00:00Z,36.9,682.85
2018-01-18T04:30:00Z,36.54,726.25
2018-01-18T05:00:00Z,37.269999999999996,469.9
2018-01-18T05:30:00Z,40.51,524.95
2018-01-18T06:00:00Z,49.13,798.65
2018-01-18T06:30:00Z,46.22,929.15
2018-01-18T07:00:00Z,56.46,788.3
2018-01-18T07:30:00Z,61.95,705.45
2018-01-18T08:00:00Z,65.42,546.35
2018-01-18T08:30:00Z,61.22999999999999,678.8
2018-01-18T09:00:00Z,49.98,615.4
2018-01-18T09:30:00Z,49.28,613.25
2018-01-18T10:00:00Z,47.54999999999999,759.4
2018-01-18T10:30:00Z,46.83,934.9
2018-01-18T11:00:00Z,43.61,1024.4
2018-01-18T11:30:00Z,43.84,879.5
2018-01-18T12:00:00Z,44.07,871.7
2018-01-18T12:30:00Z,45.23,1114.5
2018-01-18T13:00:00Z,49.08,1133.75
2018-01-18T13:30:00Z,49.28,1131.35
2018-01-18T14:00:00Z,51.72,1133.1
2018-01-18T14:30:00Z,50.76,1192.6
2018-01-18T15:00:00Z,54.82,1071.9
2018-01-18T15:30:00Z,56.66,1029.0
2018-01-18T16:00:00Z,54.20000000000001,1278.4
2018-01-18T16:30:00Z,68.19,839.15
2018-01-18T17:00:00Z,76.33,842.75
2018-01-18T17:30:00Z,79.6,1021.45
2018-01-18T18:00:00Z,74.97,1088.1
2018-01-18T18:30:00Z,65.65,1356.2
2018-01-18T19:00:00Z,63.74000000000001,1078.75
2018-01-18T19:30:00Z,58.99,1077.0
2018-01-18T20:00:00Z,58.34,928.6
2018-01-18T20:30:00Z,55.36,913.9
2018-01-18T21:00:00Z,53.35,1069.55
2018-01-18T21:30:00Z,47.15,1231.75
2018-01-18T22:00:00Z,45.66,1651.35
2018-01-18T22:30:00Z,45.24000000000001,1960.3
2018-01-18T23:00:00Z,46.36,362.1
2018-01-18T23:30:00Z,44.96,380.6
2018-01-19T00:00:00Z,42.81,175.05
2018-01-19T00:30:00Z,42.54,264.75
2018-01-19T01:00:00Z,40.89,433.0
2018-01-19T01:30:00Z,40.92000000000001,405.95
2018-01-19T02:00:00Z,43.34,513.65
2018-01-19T02:30:00Z,42.13,391.75
2018-01-19T03:00:00Z,41.02,521.0
2018-01-19T03:30:00Z,38.72,556.0
2018-01-19T04:00:00Z,35.47,514.55
2018-01-19T04:30:00Z,33.92,495.65
2018-01-19T05:00:00Z,32.2,505.5
2018-01-19T05:30:00Z,35.18,426.05
2018-01-19T06:00:00Z,44.21999999999999,750.9
2018-01-19T06:30:00Z,41.88,1098.5
2018-01-19T07:00:00Z,49.88,1127.0
2018-01-19T07:30:00Z,54.16,803.3
2018-01-19T08:00:00Z,59.71,633.95
2018-01-19T08:30:00Z,55.85,781.3
2018-01-19T09:00:00Z,57.25999999999999,592.5
2018-01-19T09:30:00Z,56.4,610.55
2018-01-19T10:00:00Z,54.989999999999995,796.95
2018-01-19T10:30:00Z,50.77000000000001,780.75
2018-01-19T11:00:00Z,43.13,1318.3
2018-01-19T11:30:00Z,42.84,1472.3
2018-01-19T12:00:00Z,43.09,1559.8
2018-01-19T12:30:00Z,42.94,1612.05
2018-01-19T13:00:00Z,42.76,1837.5
2018-01-19T13:30:00Z,42.64,1939.5
2018-01-19T14:00:00Z,43.14,1959.5
2018-01-19T14:30:00Z,43.29,1959.35
2018-01-19T15:00:00Z,50.01,1313.05
2018-01-19T15:30:00Z,54.13,830.45
2018-01-19T16:00:00Z,49.36,1220.8
2018-01-19T16:30:00Z,60.27,1021.65
2018-01-19T17:00:00Z,68.9,1263.2
2018-01-19T17:30:00Z,71.15,1353.95
2018-01-19T18:00:00Z,68.75,1374.2
2018-01-19T18:30:00Z,64.67,1464.05
2018-01-19T19:00:00Z,50.26,1476.35
2018-01-19T19:30:00Z,47.779999999999994,1405.85
2018-01-19T20:00:00Z,48.83,1337.3
2018-01-19T20:30:00Z,45.81,1479.65
2018-01-19T21:00:00Z,45.7,2038.45
2018-01-19T21:30:00Z,45.14,1881.0
2018-01-19T22:00:00Z,44.54,2144.25
2018-01-19T22:30:00Z,43.74,2298.8
2018-01-19T23:00:00Z,43.68,744.65
2018-01-19T23:30:00Z,42.19,662.1
2018-01-20T00:00:00Z,39.89,476.35
2018-01-20T00:30:00Z,41.64,587.8
2018-01-20T01:00:00Z,43.72,528.65
2018-01-20T01:30:00Z,40.55,511.65
2018-01-20T02:00:00Z,41.11,513.65
2018-01-20T02:30:00Z,43.03,521.1
2018-01-20T03:00:00Z,44.83,312.65
2018-01-20T03:30:00Z,44.85,349.25
2018-01-20T04:00:00Z,45.43,469.15
2018-01-20T04:30:00Z,42.42,501.5
2018-01-20T05:00:00Z,43.12,408.3
2018-01-20T05:30:00Z,45.36,354.25
2018-01-20T06:00:00Z,46.46,509.8
2018-01-20T06:30:00Z,45.78,381.5
2018-01-20T07:00:00Z,43.84,973.4
2018-01-20T07:30:00Z,43.16,1208.8
2018-01-20T08:00:00Z,43.36,1034.5
2018-01-20T08:30:00Z,44.98,1064.4
2018-01-20T09:00:00Z,59.48,627.0
2018-01-20T09:30:00Z,64.37,580.65
2018-01-20T10:00:00Z,72.28,653.15
2018-01-20T10:30:00Z,73.11,691.0
2018-01-20T11:00:00Z,74.9,638.85
2018-01-20T11:30:00Z,75.5,769.3
2018-01-20T12:00:00Z,74.95,771.25
2018-01-20T12:30:00Z,77.88,831.45
2018-01-20T13:00:00Z,74.12,822.15
2018-01-20T13:30:00Z,71.41,872.75
2018-01-20T14:00:00Z,70.45,1085.35
2018-01-20T14:30:00Z,65.27,1057.0
2018-01-20T15:00:00Z,75.68,954.7
2018-01-20T15:30:00Z,75.45,891.0
2018-01-20T16:00:00Z,80.55,821.3
2018-01-20T16:30:00Z,99.97,1047.75
2018-01-20T17:00:00Z,116.38,1250.05
2018-01-20T17:30:00Z,112.16000000000001,1304.75
2018-01-20T18:00:00Z,102.75,1236.95
2018-01-20T18:30:00Z,95.92,1162.75
2018-01-20T19:00:00Z,52.68,717.35
2018-01-20T19:30:00Z,50.54,620.9
2018-01-20T20:00:00Z,49.849999999999994,788.05
2018-01-20T20:30:00Z,49.26,863.95
2018-01-20T21:00:00Z,44.42,933.65
2018-01-20T21:30:00Z,45.31,882.7
2018-01-20T22:00:00Z,49.79,824.75
2018-01-20T22:30:00Z,45.98,1137.8
2018-01-20T23:00:00Z,45.32,655.5
2018-01-20T23:30:00Z,43.63,609.65
2018-01-21T00:00:00Z,44.35,708.6
2018-01-21T00:30:00Z,46.13,757.95
2018-01-21T01:00:00Z,47.93,426.95
2018-01-21T01:30:00Z,45.04,415.1
2018-01-21T03:30:00Z,42.72,215.5
2018-01-21T04:00:00Z,43.05,301.45
2018-01-21T04:30:00Z,43.22,411.0
2018-01-21T05:00:00Z,44.16,364.95
2018-01-21T05:30:00Z,45.54,438.6
2018-01-21T06:00:00Z,45.35,404.9
2018-01-21T06:30:00Z,45.48,431.9
2018-01-21T07:00:00Z,44.2,1560.1
2018-01-21T07:30:00Z,42.99,1253.4
2018-01-21T08:00:00Z,44.02,1010.25
2018-01-21T08:30:00Z,44.5,1065.0
2018-01-21T09:00:00Z,45.15,744.95
2018-01-21T09:30:00Z,54.870000000000005,631.1
2018-01-21T10:00:00Z,57.09,426.2
2018-01-21T10:30:00Z,59.19,530.05
2018-01-21T11:00:00Z,61.05,481.35
2018-01-21T11:30:00Z,60.83,524.75
2018-01-21T12:00:00Z,58.9,412.5
2018-01-21T12:30:00Z,53.59,602.55
2018-01-21T13:00:00Z,51.6,709.6
2018-01-21T13:30:00Z,49.190000000000005,831.45
2018-01-21T14:00:00Z,48.94,902.1
2018-01-21T14:30:00Z,46.83,1117.6
2018-01-21T15:00:00Z,47.08,858.3
2018-01-21T15:30:00Z,45.24,990.5
2018-01-21T16:00:00Z,45.55,1412.65
2018-01-21T16:30:00Z,58.82,967.5
2018-01-21T17:00:00Z,65.44,982.25
2018-01-21T17:30:00Z,68.86,975.35
2018-01-21T18:00:00Z,62.00000000000001,1263.7
2018-01-21T18:30:00Z,58.32,1148.25
2018-01-21T19:00:00Z,47.12,1853.1
2018-01-21T19:30:00Z,46.39,1564.2
2018-01-21T20:00:00Z,46.769999999999996,1447.6
2018-01-21T20:30:00Z,44.42,1543.3
2018-01-21T21:00:00Z,43.49,1285.9
2018-01-21T21:30:00Z,43.01,1145.55
2018-01-21T22:00:00Z,42.54,1234.1
2018-01-21T22:30:00Z,42.52,1813.75
2018-01-21T23:00:00Z,40.91,670.7
2018-01-21T23:30:00Z,40.75,486.5
2018-01-22T00:00:00Z,43.6,249.85
2018-01-22T00:30:00Z,38.8,172.35
2018-01-22T01:00:00Z,38.09,383.65
2018-01-22T01:30:00Z,35.26,300.0
2018-01-22T02:00:00Z,39.11,334.3
2018-01-22T02:30:00Z,41.88,282.65
2018-01-22T03:00:00Z,40.22,295.15
2018-01-22T03:30:00Z,40.78,273.65
2018-01-22T04:00:00Z,40.53,327.4
2018-01-22T04:30:00Z,40.85,409.65
2018-01-22T05:00:00Z,42.24,315.25
2018-01-22T05:30:00Z,40.43,548.2
2018-01-22T06:00:00Z,47.05,587.5
2018-01-22T06:30:00Z,41.27,941.85
2018-01-22T07:00:00Z,52.7,716.0
2018-01-22T07:30:00Z,46.75,611.0
2018-01-22T08:00:00Z,44.81000000000001,472.65
2018-01-22T08:30:00Z,43.57,462.05
2018-01-22T09:00:00Z,46.22,950.25
2018-01-22T09:30:00Z,45.42,1124.55
2018-01-22T10:00:00Z,45.51,1115.25
2018-01-22T10:30:00Z,45.47,1069.4
2018-01-22T11:00:00Z,41.47,1432.2
2018-01-22T11:30:00Z,41.26,1431.7
2018-01-22T12:00:00Z,41.17,1423.3
2018-01-22T12:30:00Z,41.07,1457.7
2018-01-22T13:00:00Z,40.32,1533.0
2018-01-22T13:30:00Z,40.32,1542.7
2018-01-22T14:00:00Z,40.39,1508.35
2018-01-22T14:30:00Z,40.26,1521.2
2018-01-22T15:00:00Z,45.83,1256.5
2018-01-22T15:30:00Z,46.07,1366.4
2018-01-22T16:00:00Z,44.93,1415.5
2018-01-22T16:30:00Z,50.43,1419.0
2018-01-22T17:00:00Z,54.21,1295.45
2018-01-22T17:30:00Z,54.05,1308.3
2018-01-22T18:00:00Z,53.04999999999999,1357.0
2018-01-22T18:30:00Z,52.26,1588.4
2018-01-22T19:00:00Z,53.33,1430.8
2018-01-22T19:30:00Z,53.78000000000001,1356.0
2018-01-22T20:00:00Z,52.01,1134.0
2018-01-22T20:30:00Z,50.35,1325.45
2018-01-22T21:00:00Z,46.12,1318.75
2018-01-22T21:30:00Z,45.35,1154.7
2018-01-22T22:00:00Z,45.01,1265.4
2018-01-22T22:30:00Z,44.51,1245.95
2018-01-22T23:00:00Z,47.23,226.45
2018-01-22T23:30:00Z,40.73,351.1
2018-01-23T00:00:00Z,41.45,161.9
2018-01-23T00:30:00Z,45.66,418.75
2018-01-23T01:00:00Z,42.39,583.9
2018-01-23T01:30:00Z,40.62,463.45
2018-01-23T02:00:00Z,40.19,432.5
2018-01-23T02:30:00Z,40.11,582.3
2018-01-23T03:00:00Z,35.13,931.25
2018-01-23T03:30:00Z,33.04,865.3
2018-01-23T04:00:00Z,31.88,741.65
2018-01-23T04:30:00Z,30.72,801.45
2018-01-23T05:00:00Z,31.699999999999996,656.1
2018-01-23T05:30:00Z,31.49,904.05
2018-01-23T06:00:00Z,39.68,1017.65
2018-01-23T06:30:00Z,39.98,1208.15
2018-01-23T07:00:00Z,47.1,863.4
2018-01-23T07:30:00Z,52.85,677.65
2018-01-23T08:00:00Z,46.99,507.6
2018-01-23T08:30:00Z,42.61,500.8
2018-01-23T09:00:00Z,45.06,724.55
2018-01-23T09:30:00Z,43.79,679.05
2018-01-23T10:00:00Z,43.56,812.15
2018-01-23T10:30:00Z,43.59,690.95
2018-01-23T11:00:00Z,41.08,820.5
2018-01-23T11:30:00Z,40.57999999999999,845.45
2018-01-23T12:00:00Z,40.43,897.9
2018-01-23T12:30:00Z,40.36,821.75
2018-01-23T13:00:00Z,39.84,819.1
2018-01-23T13:30:00Z,39.480000000000004,879.4
2018-01-23T14:00:00Z,39.27,867.25
2018-01-23T14:30:00Z,39.68,955.9
2018-01-23T15:00:00Z,45.43,1141.55
2018-01-23T15:30:00Z,45.1,1493.75
2018-01-23T16:00:00Z,45.03,1397.9
2018-01-23T16:30:00Z,52.61999999999999,1382.8
2018-01-23T17:00:00Z,58.91,1400.15
2018-01-23T17:30:00Z,58.09,1529.55
2018-01-23T18:00:00Z,60.59,1565.2
2018-01-23T18:30:00Z,54.75,1572.2
2018-01-23T19:00:00Z,50.52,954.8
2018-01-23T19:30:00Z,47.83,715.85
2018-01-23T20:00:00Z,45.89999999999999,791.95
2018-01-23T20:30:00Z,45.93,977.85
2018-01-23T21:00:00Z,46.48,1357.85
2018-01-23T21:30:00Z,45.63,1254.25
2018-01-23T22:00:00Z,44.16,1470.3
2018-01-23T22:30:00Z,43.79,1928.5
2018-01-23T23:00:00Z,54.35,525.7
2018-01-23T23:30:00Z,54.519999999999996,319.5
2018-01-24T00:00:00Z,51.07,243.5
2018-01-24T00:30:00Z,50.57,341.0
2018-01-24T01:00:00Z,47.78,691.0
2018-01-24T01:30:00Z,49.03,563.0
2018-01-24T02:00:00Z,47.74,599.05
2018-01-24T02:30:00Z,45.22,625.0
2018-01-24T03:00:00Z,34.71,633.3
2018-01-24T03:30:00Z,31.55,708.5
2018-01-24T04:00:00Z,30.740000000000002,644.5
2018-01-24T04:30:00Z,30.91,749.25
2018-01-24T05:00:00Z,36.46,393.3
2018-01-24T05:30:00Z,40.07,562.6
2018-01-24T06:00:00Z,40.81,686.55
2018-01-24T06:30:00Z,43.5,1333.55
2018-01-24T07:00:00Z,48.45,1050.85
2018-01-24T07:30:00Z,51.07000000000001,901.05
2018-01-24T08:00:00Z,47.28,882.9
2018-01-24T08:30:00Z,48.64,755.95
2018-01-24T09:00:00Z,51.1,993.25
2018-01-24T09:30:00Z,48.79,1007.25
2018-01-24T10:00:00Z,47.17,844.55
2018-01-24T10:30:00Z,47.99,1209.1
2018-01-24T11:00:00Z,46.74,982.85
2018-01-24T11:30:00Z,51.16,1099.95
2018-01-24T12:00:00Z,51.33,1084.5
2018-01-24T12:30:00Z,48.89,973.0
2018-01-24T13:00:00Z,50.89,1145.65
2018-01-24T13:30:00Z,49.83,1106.5
2018-01-24T14:00:00Z,49.58,1124.3
2018-01-24T14:30:00Z,48.76,1116.55
2018-01-24T15:00:00Z,49.78,1077.8
2018-01-24T15:30:00Z,51.98,940.75
2018-01-24T16:00:00Z,48.81,1086.5
2018-01-24T16:30:00Z,62.559999999999995,1214.25
2018-01-24T17:00:00Z,70.23,1011.4
2018-01-24T17:30:00Z,70.46,885.0
2018-01-24T18:00:00Z,71.3,1046.25
2018-01-24T18:30:00Z,66.96,1016.5
2018-01-24T19:00:00Z,64.36,989.05
2018-01-24T19:30:00Z,54.900000000000006,781.8
2018-01-24T20:00:00Z,48.77,967.3
2018-01-24T20:30:00Z,47.73,947.2
2018-01-24T21:00:00Z,44.41,2025.0
2018-01-24T21:30:00Z,44.26,1833.4
2018-01-24T22:00:00Z,43.74,1873.3
2018-01-24T22:30:00Z,42.8,2089.6
2018-01-24T23:00:00Z,48.12,404.95
2018-01-24T23:30:00Z,44.51,245.0
2018-01-25T00:00:00Z,48.54999999999999,176.6
2018-01-25T00:30:00Z,49.88,145.45
2018-01-25T01:00:00Z,50.49,291.0
2018-01-25T01:30:00Z,47.510000000000005,203.9
2018-01-25T02:00:00Z,48.33,184.4
2018-01-25T02:30:00Z,48.03,170.5
2018-01-25T03:00:00Z,43.61,229.0
2018-01-25T03:30:00Z,42.06,355.85
2018-01-25T04:00:00Z,44.56,325.5
2018-01-25T04:30:00Z,44.06,256.5
2018-01-25T05:00:00Z,49.47,163.5
2018-01-25T05:30:00Z,51.79,323.5
2018-01-25T06:00:00Z,52.03,206.0
2018-01-25T06:30:00Z,48.8,805.0
2018-01-25T07:00:00Z,57.910000000000004,728.6
2018-01-25T07:30:00Z,62.18000000000001,547.45
2018-01-25T08:00:00Z,60.11,589.3
2018-01-25T08:30:00Z,56.01,719.3
2018-01-25T09:00:00Z,60.23,1190.2
2018-01-25T09:30:00Z,59.61999999999999,1396.3
2018-01-25T10:00:00Z,57.540000000000006,1297.35
2018-01-25T10:30:00Z,56.7,1135.75
2018-01-25T11:00:00Z,41.89,912.1
2018-01-25T11:30:00Z,42.24,914.9
2018-01-25T12:00:00Z,42.4,967.65
2018-01-25T12:30:00Z,42.13,891.0
2018-01-25T13:00:00Z,42.3,1156.5
2018-01-25T13:30:00Z,42.76,1144.95
2018-01-25T14:00:00Z,43.25,1200.4
2018-01-25T14:30:00Z,45.87,1217.65
2018-01-25T15:00:00Z,61.71,1210.7
2018-01-25T15:30:00Z,63.68999999999999,1320.4
2018-01-25T16:00:00Z,61.699999999999996,1555.3
2018-01-25T16:30:00Z,70.54,1520.85
2018-01-25T17:00:00Z,86.55,1020.85
2018-01-25T17:30:00Z,80.22,874.0
2018-01-25T18:00:00Z,79.41,1003.8
2018-01-25T18:30:00Z,69.85,1152.55
2018-01-25T19:00:00Z,61.45,911.5
2018-01-25T19:30:00Z,50.13,721.0
2018-01-25T20:00:00Z,50.22,708.2
2018-01-25T20:30:00Z,47.2,670.15
2018-01-25T21:00:00Z,47.25,967.55
2018-01-25T21:30:00Z,47.39,777.65
2018-01-25T22:00:00Z,47.38000000000001,779.25
2018-01-25T22:30:00Z,46.3,1036.3
2018-01-25T23:00:00Z,48.75,363.75
2018-01-25T23:30:00Z,43.48,296.35
2018-01-26T00:00:00Z,44.71,280.0
2018-01-26T00:30:00Z,45.34,267.0
2018-01-26T01:00:00Z,44.13,202.75
2018-01-26T01:30:00Z,44.43,243.55
2018-01-26T02:00:00Z,42.19,335.35
2018-01-26T02:30:00Z,43.11,384.6
2018-01-26T03:00:00Z,40.89,427.1
2018-01-26T03:30:00Z,41.26,500.5
2018-01-26T04:00:00Z,40.43,409.5
2018-01-26T04:30:00Z,40.33,506.35
2018-01-26T05:00:00Z,39.03,481.5
2018-01-26T05:30:00Z,39.15,491.2
2018-01-26T06:00:00Z,43.76,459.05
2018-01-26T06:30:00Z,45.25,564.3
2018-01-26T07:00:00Z,46.05,857.3
2018-01-26T07:30:00Z,49.55,766.5
2018-01-26T08:00:00Z,55.89,577.9
2018-01-26T08:30:00Z,58.11,618.85
2018-01-26T09:00:00Z,64.17,809.45
2018-01-26T09:30:00Z,58.66,1021.2
2018-01-26T10:00:00Z,55.54,788.1
2018-01-26T10:30:00Z,55.019999999999996,782.75
2018-01-26T11:00:00Z,43.31,718.7
2018-01-26T11:30:00Z,43.26,600.45
2018-01-26T12:00:00Z,42.28,789.0
2018-01-26T12:30:00Z,41.91,913.6
2018-01-26T13:00:00Z,42.07,951.35
2018-01-26T13:30:00Z,41.82,958.0
2018-01-26T14:00:00Z,41.52,1266.6
2018-01-26T14:30:00Z,41.6,1133.75
2018-01-26T15:00:00Z,50.31000000000001,1510.2
2018-01-26T15:30:00Z,52.15,1506.25
2018-01-26T16:00:00Z,50.67,1545.7
2018-01-26T16:30:00Z,59.93,1459.75
2018-01-26T17:00:00Z,64.07,1642.05
2018-01-26T17:30:00Z,62.9,1888.95
2018-01-26T18:00:00Z,61.94,1920.5
2018-01-26T18:30:00Z,59.64,1967.4
2018-01-26T19:00:00Z,54.84,1183.55
2018-01-26T19:30:00Z,52.9,675.5
2018-01-26T20:00:00Z,52.25,692.0
2018-01-26T20:30:00Z,50.06,705.75
2018-01-26T21:00:00Z,48.77,910.3
2018-01-26T21:30:00Z,47.02,571.45
2018-01-26T22:00:00Z,44.74,928.8
2018-01-26T22:30:00Z,43.98,1228.4
2018-01-26T23:00:00Z,42.9,451.85
2018-01-26T23:30:00Z,42.56,594.4
2018-01-27T00:00:00Z,42.99,506.55
2018-01-27T00:30:00Z,43.12,507.5
2018-01-27T01:00:00Z,41.79,454.55
2018-01-27T01:30:00Z,41.59,530.0
2018-01-27T02:00:00Z,41.24,374.8
2018-01-27T02:30:00Z,40.41,440.0
2018-01-27T03:00:00Z,38.49,729.6
2018-01-27T03:30:00Z,38.13,673.25
2018-01-27T04:00:00Z,35.8,493.2
2018-01-27T04:30:00Z,35.28,550.7
2018-01-27T05:00:00Z,35.23,647.35
2018-01-27T05:30:00Z,34.24,716.3
2018-01-27T06:00:00Z,35.75,823.0
2018-01-27T06:30:00Z,35.3,822.1
2018-01-27T07:00:00Z,39.73,1050.4
2018-01-27T07:30:00Z,40.08,1053.45
2018-01-27T08:00:00Z,41.93,1253.75
2018-01-27T08:30:00Z,42.63,1125.45
2018-01-27T09:00:00Z,46.92,1227.8
2018-01-27T09:30:00Z,47.58,968.1
2018-01-27T10:00:00Z,47.75,1040.65
2018-01-27T10:30:00Z,47.69,994.0
2018-01-27T11:00:00Z,48.75,739.65
2018-01-27T11:30:00Z,49.25999999999999,756.85
2018-01-27T12:00:00Z,49.01,762.15
2018-01-27T12:30:00Z,48.08,757.2
2018-01-27T13:00:00Z,46.37,887.9
2018-01-27T13:30:00Z,45.86,1000.5
2018-01-27T14:00:00Z,46.33,881.45
2018-01-27T14:30:00Z,45.53,1028.45
2018-01-27T15:00:00Z,48.75,846.8
2018-01-27T15:30:00Z,48.21,822.85
2018-01-27T16:00:00Z,44.58,1209.35
2018-01-27T16:30:00Z,48.56,1548.45
2018-01-27T17:00:00Z,59.059999999999995,1647.65
2018-01-27T17:30:00Z,61.51,1603.25
2018-01-27T18:00:00Z,59.81,1551.05
2018-01-27T18:30:00Z,53.650000000000006,1268.65
2018-01-27T19:00:00Z,46.33,1045.05
2018-01-27T19:30:00Z,45.06,1009.9
2018-01-27T20:00:00Z,43.78,1044.8
2018-01-27T20:30:00Z,43.44,1082.2
2018-01-27T21:00:00Z,44.32,1202.3
2018-01-27T21:30:00Z,43.23,1229.7
2018-01-27T22:00:00Z,42.34,1439.7
2018-01-27T22:30:00Z,42.83,1487.85
2018-01-27T23:00:00Z,40.22,510.0
2018-01-27T23:30:00Z,28.98,300.5
2018-01-28T00:00:00Z,33.51,300.5
2018-01-28T00:30:00Z,31.87,646.35
2018-01-28T01:00:00Z,32.23,807.05
2018-01-28T01:30:00Z,29.36,688.75
2018-01-28T02:00:00Z,29.689999999999998,649.65
2018-01-28T02:30:00Z,29.49,612.45
2018-01-28T03:00:00Z,28.02,715.35
2018-01-28T03:30:00Z,27.260000000000005,650.25
2018-01-28T04:00:00Z,27.540000000000003,673.75
2018-01-28T04:30:00Z,27.67,621.75
2018-01-28T05:00:00Z,28.47,601.2
2018-01-28T05:30:00Z,28.5,649.75
2018-01-28T06:00:00Z,30.89,841.65
2018-01-28T06:30:00Z,32.26,826.0
2018-01-28T07:00:00Z,34.88,767.55
2018-01-28T07:30:00Z,33.95,775.5
2018-01-28T08:00:00Z,36.49,881.1
2018-01-28T08:30:00Z,39.51,1005.25
2018-01-28T09:00:00Z,49.470000000000006,731.3
2018-01-28T09:30:00Z,47.66,688.2
2018-01-28T10:00:00Z,44.62,657.0
2018-01-28T10:30:00Z,46.38,683.35
2018-01-28T11:00:00Z,42.33,544.45
2018-01-28T11:30:00Z,42.0,571.5
2018-01-28T12:00:00Z,41.34,655.3
2018-01-28T12:30:00Z,42.34,606.55
2018-01-28T13:00:00Z,41.15,744.4
2018-01-28T13:30:00Z,41.6,630.5
2018-01-28T14:00:00Z,41.27,691.75
2018-01-28T14:30:00Z,40.74,852.2
2018-01-28T15:00:00Z,45.91,954.7
2018-01-28T15:30:00Z,45.48,1082.05
2018-01-28T16:00:00Z,46.76,1215.35
2018-01-28T16:30:00Z,53.06,1140.1
2018-01-28T17:00:00Z,60.23,1329.95
2018-01-28T17:30:00Z,60.45,1321.4
2018-01-28T18:00:00Z,59.56000000000001,1556.85
2018-01-28T18:30:00Z,56.169999999999995,1548.55
2018-01-28T19:00:00Z,45.85,1720.4
2018-01-28T19:30:00Z,44.67,1514.15
2018-01-28T20:00:00Z,43.88,1180.4
2018-01-28T20:30:00Z,44.26,1192.6
2018-01-28T21:00:00Z,43.8,1609.0
2018-01-28T21:30:00Z,42.23,1275.65
2018-01-28T22:00:00Z,41.290000000000006,1799.55
2018-01-28T22:30:00Z,40.68,2019.2
2018-01-28T23:00:00Z,27.37,600.85
2018-01-28T23:30:00Z,27.1,557.05
2018-01-29T00:00:00Z,26.1,389.65
2018-01-29T00:30:00Z,26.23,280.0
2018-01-29T01:00:00Z,28.96,339.45
2018-01-29T01:30:00Z,26.17,326.65
2018-01-29T02:00:00Z,21.06,256.6
2018-01-29T02:30:00Z,15.39,247.5
2018-01-29T03:00:00Z,5.209999999999999,443.5
2018-01-29T03:30:00Z,3.09,465.25
2018-01-29T04:00:00Z,4.75,381.0
2018-01-29T04:30:00Z,3.68,332.25
2018-01-29T05:00:00Z,7.449999999999999,333.0
2018-01-29T05:30:00Z,23.54,495.5
2018-01-29T06:00:00Z,41.86,960.8
2018-01-29T06:30:00Z,39.57,1235.75
2018-01-29T07:00:00Z,48.24,881.55
2018-01-29T07:30:00Z,52.3,656.45
2018-01-29T08:00:00Z,45.77,902.95
2018-01-29T08:30:00Z,45.26,723.6
2018-01-29T09:00:00Z,45.57,1084.25
2018-01-29T09:30:00Z,44.71,937.1
2018-01-29T10:00:00Z,44.8,993.95
2018-01-29T10:30:00Z,43.92,948.25
2018-01-29T11:00:00Z,41.01,850.05
2018-01-29T11:30:00Z,40.04,957.95
2018-01-29T12:00:00Z,39.87,948.85
2018-01-29T12:30:00Z,39.43,1001.0
2018-01-29T13:00:00Z,39.95,1101.5
2018-01-29T13:30:00Z,39.86,1127.5
2018-01-29T14:00:00Z,40.09,1155.0
2018-01-29T14:30:00Z,40.11,1181.95
2018-01-29T15:00:00Z,43.89,2163.4
2018-01-29T15:30:00Z,46.11,1765.6
2018-01-29T16:00:00Z,45.16,1932.2
2018-01-29T16:30:00Z,49.3,2036.95
2018-01-29T17:00:00Z,58.05,1980.6
2018-01-29T17:30:00Z,60.11,1728.35
2018-01-29T18:00:00Z,58.86000000000001,1546.5
2018-01-29T18:30:00Z,55.87,2064.95
2018-01-29T19:00:00Z,50.92,1095.05
2018-01-29T19:30:00Z,48.59,952.85
2018-01-29T20:00:00Z,51.02,1014.55
2018-01-29T20:30:00Z,46.72,1140.5
2018-01-29T21:00:00Z,49.95,851.85
2018-01-29T21:30:00Z,48.38,916.35
2018-01-29T22:00:00Z,48.84,1149.95
2018-01-29T22:30:00Z,46.58,1699.2
2018-01-29T23:00:00Z,51.01,639.0
2018-01-29T23:30:00Z,44.3,422.6
2018-01-30T00:00:00Z,47.01,395.95
2018-01-30T00:30:00Z,49.919999999999995,468.55
2018-01-30T01:00:00Z,50.99,544.5
2018-01-30T01:30:00Z,46.78,299.1
2018-01-30T02:00:00Z,47.3,339.05
2018-01-30T02:30:00Z,46.99,378.85
2018-01-30T03:00:00Z,44.94,460.5
2018-01-30T03:30:00Z,44.599999999999994,433.35
2018-01-30T04:00:00Z,43.4,478.15
2018-01-30T04:30:00Z,43.31,746.6
2018-01-30T05:00:00Z,42.82,554.95
2018-01-30T05:30:00Z,43.05,635.5
2018-01-30T06:00:00Z,47.510000000000005,720.5
2018-01-30T06:30:00Z,42.87,579.5
2018-01-30T07:00:00Z,49.87,1131.9
2018-01-30T07:30:00Z,56.71,1025.35
2018-01-30T08:00:00Z,61.78,1049.65
2018-01-30T08:30:00Z,62.68,1212.35
2018-01-30T09:00:00Z,62.23,939.6
2018-01-30T09:30:00Z,56.19,870.1
2018-01-30T10:00:00Z,52.9,987.25
2018-01-30T10:30:00Z,50.93,1171.7
2018-01-30T11:00:00Z,40.83,1077.6
2018-01-30T11:30:00Z,40.48,1072.0
2018-01-30T12:00:00Z,40.62,1019.1
2018-01-30T12:30:00Z,40.0,1089.75
2018-01-30T13:00:00Z,40.54,1413.5
2018-01-30T13:30:00Z,0.0,0.0
2018-01-30T14:00:00Z,40.74,1581.0
2018-01-30T14:30:00Z,40.83,1520.0
2018-01-30T15:00:00Z,45.77,1398.35
2018-01-30T15:30:00Z,49.31,1086.7
2018-01-30T16:00:00Z,50.15,1359.9
2018-01-30T16:30:00Z,59.18,1159.55
2018-01-30T17:00:00Z,74.45,1232.0
2018-01-30T17:30:00Z,72.6,1253.45
2018-01-30T18:00:00Z,69.85,1601.3
2018-01-30T18:30:00Z,65.2,1347.55
2018-01-30T19:00:00Z,56.47,1164.0
2018-01-30T19:30:00Z,48.14,1017.0
2018-01-30T20:00:00Z,48.29,844.8
2018-01-30T20:30:00Z,45.8,979.5
2018-01-30T21:00:00Z,45.45000000000001,1581.55
2018-01-30T21:30:00Z,45.3,1237.75
2018-01-30T22:00:00Z,44.43000000000001,1650.65
2018-01-30T22:30:00Z,43.38,1679.2
2018-01-30T23:00:00Z,44.64,697.7
2018-01-30T23:30:00Z,40.87,489.95
2018-01-31T00:00:00Z,40.85,392.15
2018-01-31T00:30:00Z,45.06,668.5
2018-01-31T01:00:00Z,44.44,615.9
2018-01-31T01:30:00Z,42.37,688.6
2018-01-31T02:00:00Z,41.94,568.35
2018-01-31T02:30:00Z,41.92,712.1
2018-01-31T03:00:00Z,36.38,565.65
2018-01-31T03:30:00Z,35.87,674.2
2018-01-31T04:00:00Z,35.06,754.1
2018-01-31T04:30:00Z,35.27,749.55
2018-01-31T05:00:00Z,34.93,648.2
2018-01-31T05:30:00Z,39.92,723.45
2018-01-31T06:00:00Z,43.02,651.65
2018-01-31T06:30:00Z,39.93,1161.1
2018-01-31T07:00:00Z,44.839999999999996,777.25
2018-01-31T07:30:00Z,47.58,789.6
2018-01-31T08:00:00Z,53.13,487.7
2018-01-31T08:30:00Z,50.37,542.9
2018-01-31T09:00:00Z,48.12,482.1
2018-01-31T09:30:00Z,45.13,529.3
2018-01-31T10:00:00Z,44.11,538.5
2018-01-31T10:30:00Z,44.78,581.95
2018-01-31T11:00:00Z,42.64,675.45
2018-01-31T11:30:00Z,40.43,686.0
2018-01-31T12:00:00Z,41.83,605.7
2018-01-31T12:30:00Z,42.49,609.15
2018-01-31T13:00:00Z,42.19,846.2
2018-01-31T13:30:00Z,41.34,789.85
2018-01-31T14:00:00Z,41.53000000000001,838.1
2018-01-31T14:30:00Z,40.94,983.75
2018-01-31T15:00:00Z,44.85,999.0
2018-01-31T15:30:00Z,45.57,697.75
2018-01-31T16:00:00Z,42.08,1249.0
2018-01-31T16:30:00Z,50.51,891.55
2018-01-31T17:00:00Z,69.15,739.0
2018-01-31T17:30:00Z,68.87,587.15
2018-01-31T18:00:00Z,72.63,768.55
2018-01-31T18:30:00Z,67.95,867.8
2018-01-31T19:00:00Z,62.66,633.65
2018-01-31T19:30:00Z,56.23,566.75
2018-01-31T20:00:00Z,51.910000000000004,632.95
2018-01-31T20:30:00Z,47.59,621.9
2018-01-31T21:00:00Z,47.28,1198.45
2018-01-31T21:30:00Z,45.95,991.55
2018-01-31T22:00:00Z,46.05,1088.85
2018-01-31T22:30:00Z,45.95,1210.4
2018-01-31T23:00:00Z,45.95,785.85
2018-01-31T23:30:00Z,44.1,652.3
2018-02-01T00:00:00Z,44.0,491.1
2018-02-01T00:30:00Z,49.05,422.7
2018-02-01T01:00:00Z,50.86,601.5
2018-02-01T01:30:00Z,45.47,573.75
2018-02-01T02:00:00Z,47.06,539.4
2018-02-01T02:30:00Z,47.81,759.45
2018-02-01T03:00:00Z,44.45,827.5
2018-02-01T03:30:00Z,41.89,740.8
2018-02-01T04:00:00Z,41.12,684.5
2018-02-01T04:30:00Z,40.06,702.55
2018-02-01T05:00:00Z,44.78,592.7
2018-02-01T05:30:00Z,45.14,1158.5
2018-02-01T06:00:00Z,50.44,1167.9
2018-02-01T06:30:00Z,43.34,1808.7
2018-02-01T07:00:00Z,46.31,1086.65
2018-02-01T07:30:00Z,54.22,684.65
2018-02-01T08:00:00Z,55.96999999999999,603.1
2018-02-01T08:30:00Z,56.22,655.6
2018-02-01T09:00:00Z,52.73,703.8
2018-02-01T09:30:00Z,51.38,762.05
2018-02-01T10:00:00Z,48.51,696.85
2018-02-01T10:30:00Z,46.18,829.45
2018-02-01T11:00:00Z,41.33,944.65
2018-02-01T11:30:00Z,40.98,910.0
2018-02-01T12:00:00Z,40.99,884.0
2018-02-01T12:30:00Z,40.75,930.5
2018-02-01T13:00:00Z,42.24,1123.15
2018-02-01T13:30:00Z,41.78,1092.05
2018-02-01T14:00:00Z,41.73,1116.35
2018-02-01T14:30:00Z,41.73,1182.55
2018-02-01T15:00:00Z,49.01,1251.4
2018-02-01T15:30:00Z,48.0,1130.15
2018-02-01T16:00:00Z,46.76,1053.4
2018-02-01T16:30:00Z,53.21,998.85
2018-02-01T17:00:00Z,62.16,922.55
2018-02-01T17:30:00Z,65.25,1055.95
2018-02-01T18:00:00Z,66.4,1052.75
2018-02-01T18:30:00Z,58.88,1091.25
2018-02-01T19:00:00Z,53.83,1167.4
2018-02-01T19:30:00Z,49.87,1194.3
2018-02-01T20:00:00Z,48.64,1162.85
2018-02-01T20:30:00Z,47.01,1107.2
2018-02-01T21:00:00Z,44.13,1835.1
2018-02-01T21:30:00Z,44.35,1799.8
2018-02-01T22:00:00Z,44.78000000000001,1596.55
2018-02-01T22:30:00Z,43.38,1763.9
2018-02-01T23:00:00Z,39.3,727.75
2018-02-01T23:30:00Z,38.44,521.7
2018-02-02T00:00:00Z,38.53,696.85
2018-02-02T00:30:00Z,38.51,557.1
2018-02-02T01:00:00Z,42.05,587.05
2018-02-02T01:30:00Z,40.04,534.45
2018-02-02T02:00:00Z,38.97,549.55
2018-02-02T02:30:00Z,38.79,433.05
2018-02-02T03:00:00Z,38.85,677.2
2018-02-02T03:30:00Z,37.51,614.55
2018-02-02T04:00:00Z,37.27,584.75
2018-02-02T04:30:00Z,37.76,712.45
2018-02-02T05:00:00Z,41.36,544.7
2018-02-02T05:30:00Z,41.78,563.4
2018-02-02T06:00:00Z,46.59,808.3
2018-02-02T06:30:00Z,44.77,1189.35
2018-02-02T07:00:00Z,45.11,947.95
2018-02-02T07:30:00Z,46.26,697.45
2018-02-02T08:00:00Z,44.38,665.9
2018-02-02T08:30:00Z,44.29,677.2
2018-02-02T09:00:00Z,45.60999999999999,792.7
2018-02-02T09:30:00Z,45.46,878.7
2018-02-02T10:00:00Z,47.4,1225.2
2018-02-02T10:30:00Z,48.13,1161.9
2018-02-02T11:00:00Z,48.07,1074.2
2018-02-02T11:30:00Z,48.99,1111.7
2018-02-02T12:00:00Z,49.41,1289.15
2018-02-02T12:30:00Z,48.34,1048.05
2018-02-02T13:00:00Z,49.56,1318.95
2018-02-02T13:30:00Z,49.879999999999995,1424.1
2018-02-02T14:00:00Z,50.4,1391.95
2018-02-02T14:30:00Z,51.129999999999995,1544.95
2018-02-02T15:00:00Z,64.37,1150.7
2018-02-02T15:30:00Z,65.78,989.65
2018-02-02T16:00:00Z,65.42,1236.15
2018-02-02T16:30:00Z,77.9,1270.0
2018-02-02T17:00:00Z,81.74,928.0
2018-02-02T17:30:00Z,84.0,775.1
2018-02-02T18:00:00Z,86.27,991.85
2018-02-02T18:30:00Z,77.62,1184.8
2018-02-02T19:00:00Z,66.93,829.0
2018-02-02T19:30:00Z,55.02,734.5
2018-02-02T20:00:00Z,57.24,511.35
2018-02-02T20:30:00Z,50.32,579.05
2018-02-02T21:00:00Z,53.62,593.65
2018-02-02T21:30:00Z,48.42,608.9
2018-02-02T22:00:00Z,47.39,741.95
2018-02-02T22:30:00Z,45.44,1114.45
2018-02-02T23:00:00Z,47.61,527.75
2018-02-02T23:30:00Z,49.97,247.6
2018-02-03T00:00:00Z,49.65,221.5
2018-02-03T00:30:00Z,50.24,248.5
2018-02-03T01:00:00Z,48.64,192.6
2018-02-03T01:30:00Z,43.37,251.65
2018-02-03T02:00:00Z,39.08,319.85
2018-02-03T02:30:00Z,41.96,186.5
2018-02-03T03:00:00Z,41.01,258.5
2018-02-03T03:30:00Z,40.93,247.95
2018-02-03T04:00:00Z,41.11,318.55
2018-02-03T04:30:00Z,41.92,342.7
2018-02-03T05:00:00Z,40.82,272.15
2018-02-03T05:30:00Z,41.6,428.0
2018-02-03T06:00:00Z,41.89000000000001,392.95
2018-02-03T06:30:00Z,40.93,381.0
2018-02-03T07:00:00Z,41.67,812.0
2018-02-03T07:30:00Z,41.09,950.5
2018-02-03T08:00:00Z,40.63,648.5
2018-02-03T08:30:00Z,43.45,708.4
2018-02-03T09:00:00Z,47.72,1065.0
2018-02-03T09:30:00Z,49.9,1034.0
2018-02-03T10:00:00Z,52.02,881.2
2018-02-03T10:30:00Z,55.59,799.1
2018-02-03T11:00:00Z,53.699999999999996,718.0
2018-02-03T11:30:00Z,54.56,752.25
2018-02-03T12:00:00Z,52.83,757.5
2018-02-03T12:30:00Z,48.12,788.85
2018-02-03T13:00:00Z,44.58,786.85
2018-02-03T13:30:00Z,44.0,890.2
2018-02-03T14:00:00Z,44.56,855.5
2018-02-03T14:30:00Z,44.2,924.65
2018-02-03T15:00:00Z,44.94,1120.5
2018-02-03T15:30:00Z,45.02,1098.15
2018-02-03T16:00:00Z,44.73,1141.6
2018-02-03T16:30:00Z,45.81,1148.5
2018-02-03T17:00:00Z,73.72,849.5
2018-02-03T17:30:00Z,81.79,863.6
2018-02-03T18:00:00Z,79.59,746.5
2018-02-03T18:30:00Z,68.48,783.65
2018-02-03T19:00:00Z,51.18,877.1
2018-02-03T19:30:00Z,47.16,788.05
2018-02-03T20:00:00Z,49.24,1026.4
2018-02-03T20:30:00Z,47.82,1002.2
2018-02-03T21:00:00Z,46.40999999999999,711.0
2018-02-03T21:30:00Z,45.87,744.1
2018-02-03T22:00:00Z,44.68,780.3
2018-02-03T22:30:00Z,43.37,1218.15
2018-02-03T23:30:00Z,40.92,274.05
2018-02-04T00:00:00Z,39.09,363.2
2018-02-04T00:30:00Z,40.61,235.0
2018-02-04T01:00:00Z,40.65,367.0
2018-02-04T01:30:00Z,37.63,362.5
2018-02-04T02:00:00Z,39.98,494.9
2018-02-04T02:30:00Z,39.82999999999999,459.0
2018-02-04T03:00:00Z,39.77,446.6
2018-02-04T03:30:00Z,40.22,518.5
2018-02-04T04:00:00Z,39.28,410.15
2018-02-04T04:30:00Z,38.6,422.0
2018-02-04T05:00:00Z,41.98,354.15
2018-02-04T05:30:00Z,42.01,365.3
2018-02-04T06:00:00Z,42.96,315.45
2018-02-04T06:30:00Z,47.43,465.15
2018-02-04T07:00:00Z,42.89,531.0
2018-02-04T07:30:00Z,41.47,342.15
2018-02-04T08:00:00Z,39.72,435.2
2018-02-04T08:30:00Z,40.97,511.85
2018-02-04T09:00:00Z,42.06,484.5
2018-02-04T09:30:00Z,42.83,474.7
2018-02-04T10:00:00Z,42.27,444.05
2018-02-04T10:30:00Z,42.08,520.95
2018-02-04T11:00:00Z,41.31,477.15
2018-02-04T11:30:00Z,41.76,413.25
2018-02-04T12:00:00Z,41.2,511.75
2018-02-04T12:30:00Z,42.73,664.5
2018-02-04T13:00:00Z,44.58,725.8
2018-02-04T13:30:00Z,44.97,600.95
2018-02-04T14:00:00Z,49.69,599.95
2018-02-04T14:30:00Z,0.0,0.0
2018-02-04T15:00:00Z,0.0,0.0
2018-02-04T15:30:00Z,0.0,0.0
2018-02-04T16:00:00Z,0.0,0.0
2018-02-04T16:30:00Z,50.910000000000004,675.95
2018-02-04T17:00:00Z,66.81,662.0
2018-02-04T17:30:00Z,87.05,744.65
2018-02-04T18:00:00Z,89.48,858.05
2018-02-04T18:30:00Z,70.2,669.75
2018-02-04T19:00:00Z,52.22,362.0
2018-02-04T19:30:00Z,42.53,450.4
2018-02-04T20:00:00Z,45.08,474.8
2018-02-04T20:30:00Z,45.07,853.95
2018-02-04T21:00:00Z,47.55,554.0
2018-02-04T21:30:00Z,46.02,621.6
2018-02-04T22:00:00Z,42.37,488.65
2018-02-04T22:30:00Z,41.08,791.1
2018-02-04T23:00:00Z,42.92,436.9
2018-02-04T23:30:00Z,42.0,548.4
2018-02-05T00:00:00Z,45.42,317.0
2018-02-05T00:30:00Z,44.839999999999996,212.0
2018-02-05T01:00:00Z,43.85,248.5
2018-02-05T01:30:00Z,42.16,244.8
2018-02-05T02:00:00Z,41.22,317.0
2018-02-05T02:30:00Z,41.85,408.7
2018-02-05T03:00:00Z,41.42999999999999,406.5
2018-02-05T03:30:00Z,41.13,366.0
2018-02-05T04:00:00Z,40.74,412.0
2018-02-05T04:30:00Z,40.49,410.5
2018-02-05T05:00:00Z,41.96,432.4
2018-02-05T05:30:00Z,42.86,248.25
2018-02-05T06:00:00Z,44.46,444.0
2018-02-05T06:30:00Z,41.33,686.2
2018-02-05T07:00:00Z,45.64,634.85
2018-02-05T07:30:00Z,46.55,447.7
2018-02-05T08:00:00Z,45.47,521.5
2018-02-05T08:30:00Z,47.71,435.15
2018-02-05T09:00:00Z,55.71,573.0
2018-02-05T09:30:00Z,54.19,571.2
2018-02-05T10:00:00Z,49.11,604.4
2018-02-05T10:30:00Z,47.64,571.85
2018-02-05T11:00:00Z,41.15,582.75
2018-02-05T11:30:00Z,41.27,555.65
2018-02-05T12:00:00Z,41.98,595.5
2018-02-05T12:30:00Z,43.28,604.95
2018-02-05T13:00:00Z,44.09,689.5
2018-02-05T13:30:00Z,44.910000000000004,815.05
2018-02-05T14:00:00Z,44.8,866.2
2018-02-05T14:30:00Z,44.51,919.7
2018-02-05T15:00:00Z,47.01,803.6
2018-02-05T15:30:00Z,46.44,902.5
2018-02-05T16:00:00Z,46.65,929.0
2018-02-05T16:30:00Z,54.46,1199.0
2018-02-05T17:00:00Z,64.14,1314.75
2018-02-05T17:30:00Z,61.7,1216.25
2018-02-05T18:00:00Z,62.97,1456.2
2018-02-05T18:30:00Z,58.55,1447.5
2018-02-05T19:00:00Z,65.13,881.4
2018-02-05T19:30:00Z,60.28,792.2
2018-02-05T20:00:00Z,57.02,742.0
2018-02-05T20:30:00Z,56.36,731.2
2018-02-05T21:00:00Z,51.47,737.7
2018-02-05T21:30:00Z,51.81,656.55
2018-02-05T22:00:00Z,45.93,604.75
2018-02-05T22:30:00Z,43.70000000000001,805.5
2018-02-05T23:00:00Z,43.22,202.75
2018-02-05T23:30:00Z,42.169999999999995,102.45
2018-02-06T00:00:00Z,41.99,175.05
2018-02-06T00:30:00Z,41.980000000000004,200.15
2018-02-06T01:00:00Z,42.03,235.4
2018-02-06T01:30:00Z,41.72,227.5
2018-02-06T02:00:00Z,41.42,277.2
2018-02-06T02:30:00Z,41.66,291.95
2018-02-06T03:00:00Z,40.97,237.1
2018-02-06T03:30:00Z,40.7,296.5
2018-02-06T04:00:00Z,41.71,251.35
2018-02-06T04:30:00Z,41.43,281.5
2018-02-06T05:00:00Z,41.65,239.65
2018-02-06T05:30:00Z,42.0,491.5
2018-02-06T06:00:00Z,54.34,551.15
2018-02-06T06:30:00Z,47.57,991.5
2018-02-06T07:00:00Z,52.21,568.85
2018-02-06T07:30:00Z,59.89999999999999,465.9
2018-02-06T08:00:00Z,53.87,385.6
2018-02-06T08:30:00Z,52.37,494.85
2018-02-06T09:00:00Z,52.599999999999994,724.8
2018-02-06T09:30:00Z,51.1,795.1
2018-02-06T10:00:00Z,50.57,574.0
2018-02-06T10:30:00Z,48.74,809.4
2018-02-06T11:00:00Z,45.79,798.0
2018-02-06T11:30:00Z,43.68,690.65
2018-02-06T12:00:00Z,43.55,669.75
2018-02-06T12:30:00Z,43.85,791.4
2018-02-06T13:00:00Z,48.34,1160.8
2018-02-06T13:30:00Z,47.92,1171.65
2018-02-06T14:00:00Z,45.97,1212.0
2018-02-06T14:30:00Z,45.54,1326.55
2018-02-06T15:00:00Z,48.91,1687.0
2018-02-06T15:30:00Z,49.580000000000005,1656.5
2018-02-06T16:00:00Z,47.71,1832.9
2018-02-06T16:30:00Z,52.20000000000001,1642.05
2018-02-06T17:00:00Z,51.74,2118.55
2018-02-06T17:30:00Z,53.05,2002.05
2018-02-06T18:00:00Z,52.43,1881.65
2018-02-06T18:30:00Z,51.92,1936.3
2018-02-06T19:00:00Z,57.83,1666.9
2018-02-06T19:30:00Z,54.51,1338.75
2018-02-06T20:00:00Z,55.27,1140.4
2018-02-06T20:30:00Z,49.7,1268.5
2018-02-06T21:00:00Z,48.0,1280.7
2018-02-06T21:30:00Z,45.0,1329.5
2018-02-06T22:00:00Z,44.88,1331.65
2018-02-06T22:30:00Z,43.46,1572.6
2018-02-06T23:00:00Z,41.4,889.5
2018-02-06T23:30:00Z,40.47,423.45
2018-02-07T00:00:00Z,39.63,362.1
2018-02-07T00:30:00Z,40.77,252.5
2018-02-07T01:00:00Z,41.83,314.95
2018-02-07T01:30:00Z,41.03,361.3
2018-02-07T02:00:00Z,40.86,338.35
2018-02-07T02:30:00Z,40.92,324.7
2018-02-07T03:00:00Z,42.31,371.5
2018-02-07T03:30:00Z,41.73,368.7
2018-02-07T04:00:00Z,41.33,421.0
2018-02-07T04:30:00Z,40.95,426.0
2018-02-07T05:00:00Z,42.17,365.8
2018-02-07T05:30:00Z,41.74,589.45
2018-02-07T06:00:00Z,56.940000000000005,638.25
2018-02-07T06:30:00Z,49.34,1221.9
2018-02-07T07:00:00Z,60.71,818.7
2018-02-07T07:30:00Z,69.74,971.5
2018-02-07T08:00:00Z,70.65,960.0
2018-02-07T08:30:00Z,70.81,821.0
2018-02-07T09:00:00Z,72.68,970.1
2018-02-07T09:30:00Z,70.82,750.8
2018-02-07T10:00:00Z,69.17,796.0
2018-02-07T10:30:00Z,68.07,829.6
2018-02-07T11:00:00Z,58.79,960.55
2018-02-07T11:30:00Z,58.85,930.25
2018-02-07T12:00:00Z,57.65,1209.9
2018-02-07T12:30:00Z,56.18,1198.05
2018-02-07T13:00:00Z,52.17,941.65
2018-02-07T13:30:00Z,52.019999999999996,925.75
2018-02-07T14:00:00Z,52.31,875.0
2018-02-07T14:30:00Z,51.55,906.3
2018-02-07T15:00:00Z,56.12,955.05
2018-02-07T15:30:00Z,60.6,819.4
2018-02-07T16:00:00Z,53.2,1176.05
2018-02-07T16:30:00Z,61.46,1105.75
2018-02-07T17:00:00Z,63.085017490781894,1057.7
2018-02-07T17:30:00Z,65.57,1072.25
2018-02-07T18:00:00Z,64.26,1153.3
2018-02-07T18:30:00Z,58.56999999999999,1265.45
2018-02-07T19:00:00Z,57.77479022549636,1669.65
2018-02-07T19:30:00Z,57.19,1135.95
2018-02-07T20:00:00Z,55.36,1030.95
2018-02-07T20:30:00Z,49.11,1142.9
2018-02-07T21:00:00Z,48.24,1367.25
2018-02-07T21:30:00Z,46.51,1292.25
2018-02-07T22:00:00Z,46.28,1388.5
2018-02-07T22:30:00Z,44.919999999999995,1731.5
2018-02-07T23:00:00Z,41.18,1052.75
2018-02-07T23:30:00Z,42.59,335.0
2018-02-08T00:00:00Z,41.23,531.4
2018-02-08T00:30:00Z,42.4,358.25
2018-02-08T01:00:00Z,46.21999999999999,409.15
2018-02-08T01:30:00Z,44.03,378.0
2018-02-08T02:00:00Z,43.69,420.0
2018-02-08T02:30:00Z,43.309999999999995,430.0
2018-02-08T03:00:00Z,47.19,328.0
2018-02-08T03:30:00Z,46.15,387.75
2018-02-08T04:00:00Z,46.010000000000005,386.8
2018-02-08T04:30:00Z,45.7,400.3
2018-02-08T05:00:00Z,49.91,361.2
2018-02-08T05:30:00Z,47.5,638.75
2018-02-08T06:00:00Z,57.55,706.15
2018-02-08T06:30:00Z,44.71,1096.85
2018-02-08T07:00:00Z,57.82,1017.4
2018-02-08T07:30:00Z,63.01,838.95
2018-02-08T08:00:00Z,62.300000000000004,797.95
2018-02-08T08:30:00Z,62.32,767.0
2018-02-08T09:00:00Z,59.27,924.55
2018-02-08T09:30:00Z,58.82,950.75
2018-02-08T10:00:00Z,57.7,904.75
2018-02-08T10:30:00Z,57.94,857.5
2018-02-08T11:00:00Z,48.29,943.5
2018-02-08T11:30:00Z,47.81,888.75
2018-02-08T12:00:00Z,47.6,1028.15
2018-02-08T12:30:00Z,46.54,1059.0
2018-02-08T13:00:00Z,48.6,980.8
2018-02-08T13:30:00Z,48.76,1090.3
2018-02-08T14:00:00Z,49.19,1198.95
2018-02-08T14:30:00Z,48.15,1273.9
2018-02-08T15:00:00Z,56.88000000000001,1173.75
2018-02-08T15:30:00Z,58.75,981.8
2018-02-08T16:00:00Z,55.2,1278.15
2018-02-08T16:30:00Z,59.45000000000001,1254.5
2018-02-08T17:00:00Z,56.05,1502.75
2018-02-08T17:30:00Z,56.19,1413.25
2018-02-08T18:00:00Z,55.120000000000005,1699.5
2018-02-08T18:30:00Z,53.71,1750.85
2018-02-08T19:00:00Z,47.83,1625.7
2018-02-08T19:30:00Z,48.18,1334.05
2018-02-08T20:00:00Z,48.88,1589.65
2018-02-08T20:30:00Z,47.75,1110.5
2018-02-08T21:00:00Z,46.64,1438.35
2018-02-08T21:30:00Z,45.49,1333.15
2018-02-08T22:00:00Z,45.67,1288.05
2018-02-08T22:30:00Z,45.25999999999999,1660.55
2018-02-08T23:00:00Z,41.2,771.15
2018-02-08T23:30:00Z,44.93,448.4
2018-02-09T00:00:00Z,47.26,179.5
2018-02-09T00:30:00Z,49.22,251.1
2018-02-09T01:00:00Z,51.01,282.2
2018-02-09T01:30:00Z,48.18,513.7
2018-02-09T02:00:00Z,46.76,363.25
2018-02-09T02:30:00Z,45.24,514.8
2018-02-09T03:00:00Z,42.98,483.95
2018-02-09T03:30:00Z,41.49,506.55
2018-02-09T04:00:00Z,39.98,497.2
2018-02-09T04:30:00Z,38.67,477.2
2018-02-09T05:00:00Z,42.35,518.35
2018-02-09T05:30:00Z,42.55,503.15
2018-02-09T06:00:00Z,42.81,1023.0
2018-02-09T06:30:00Z,42.9,1325.9
2018-02-09T07:00:00Z,49.5,1662.25
2018-02-09T07:30:00Z,51.85,1222.6
2018-02-09T08:00:00Z,53.44,1084.8
2018-02-09T08:30:00Z,52.64,1038.25
2018-02-09T09:00:00Z,57.23,989.75
2018-02-09T09:30:00Z,56.44,953.6
2018-02-09T10:00:00Z,56.29,929.55
2018-02-09T10:30:00Z,55.56,996.65
2018-02-09T11:00:00Z,50.56,880.7
2018-02-09T11:30:00Z,45.18,792.1
2018-02-09T12:00:00Z,44.35000000000001,842.0
2018-02-09T12:30:00Z,45.56,927.35
2018-02-09T13:00:00Z,44.76,1078.75
2018-02-09T13:30:00Z,43.75,1176.6
2018-02-09T14:00:00Z,43.31,1281.0
2018-02-09T14:30:00Z,43.67,1093.8
2018-02-09T15:00:00Z,44.02,995.55
2018-02-09T15:30:00Z,44.71000000000001,988.75
2018-02-09T16:00:00Z,43.97,1222.5
2018-02-09T16:30:00Z,44.73,1221.5
2018-02-09T17:00:00Z,55.03999999999999,1259.1
2018-02-09T17:30:00Z,57.32,1202.9
2018-02-09T18:00:00Z,71.37,1248.05
2018-02-09T18:30:00Z,65.23,1209.6
2018-02-09T19:00:00Z,72.39,1291.75
2018-02-09T19:30:00Z,62.57,1068.75
2018-02-09T20:00:00Z,57.94,1136.85
2018-02-09T20:30:00Z,50.69,1032.35
2018-02-09T21:00:00Z,52.309999999999995,894.25
2018-02-09T21:30:00Z,51.52,953.5
2018-02-09T22:00:00Z,46.51,1136.75
2018-02-09T22:30:00Z,44.989999999999995,1459.85
2018-02-09T23:00:00Z,44.05,704.5
2018-02-09T23:30:00Z,48.76,382.9
2018-02-10T00:00:00Z,48.66,282.0
2018-02-10T00:30:00Z,51.45,359.4
2018-02-10T01:00:00Z,52.22,309.9
2018-02-10T01:30:00Z,46.43,537.2
2018-02-10T02:00:00Z,44.91,362.5
2018-02-10T02:30:00Z,44.54,483.45
2018-02-10T03:00:00Z,41.84,436.05
2018-02-10T03:30:00Z,42.31,331.9
2018-02-10T04:00:00Z,41.0,262.0
2018-02-10T04:30:00Z,39.41,254.3
2018-02-10T05:00:00Z,39.19,335.35
2018-02-10T05:30:00Z,40.12,565.2
2018-02-10T06:00:00Z,41.14,547.15
2018-02-10T06:30:00Z,40.94,619.1
2018-02-10T07:00:00Z,42.3,802.9
2018-02-10T07:30:00Z,41.71,844.2
2018-02-10T08:00:00Z,39.45,1026.75
2018-02-10T08:30:00Z,42.88,1013.75
2018-02-10T09:00:00Z,43.96999999999999,796.7
2018-02-10T09:30:00Z,42.49,636.45
2018-02-10T10:00:00Z,41.93,668.15
2018-02-10T10:30:00Z,42.02000000000001,836.25
2018-02-10T11:00:00Z,42.459999999999994,794.3
2018-02-10T11:30:00Z,43.58,768.45
2018-02-10T12:00:00Z,45.55,673.6
2018-02-10T12:30:00Z,44.68,656.65
2018-02-10T13:00:00Z,43.67,712.9
2018-02-10T13:30:00Z,43.2,640.15
2018-02-10T14:00:00Z,44.27,549.4
2018-02-10T14:30:00Z,44.07,696.15
2018-02-10T15:00:00Z,54.46000000000001,721.05
2018-02-10T15:30:00Z,52.239999999999995,756.8
2018-02-10T16:00:00Z,50.47,976.5
2018-02-10T16:30:00Z,52.41,1002.4
2018-02-10T17:00:00Z,73.75,1241.45
2018-02-10T17:30:00Z,76.64,1190.2
2018-02-10T18:00:00Z,80.98,1279.3
2018-02-10T18:30:00Z,77.03,1262.9
2018-02-10T19:00:00Z,59.58,1011.8
2018-02-10T19:30:00Z,53.25999999999999,767.7
2018-02-10T20:00:00Z,46.87,835.3
2018-02-10T20:30:00Z,46.55,1108.6
2018-02-10T21:00:00Z,46.77,846.7
2018-02-10T21:30:00Z,47.56,940.45
2018-02-10T22:00:00Z,47.95,1011.8
2018-02-10T22:30:00Z,44.38,1104.1
2018-02-10T23:00:00Z,46.43,969.0
2018-02-10T23:30:00Z,45.8,1072.05
2018-02-11T00:00:00Z,46.13,821.2
2018-02-11T00:30:00Z,46.16,732.0
2018-02-11T01:00:00Z,46.58,688.4
2018-02-11T01:30:00Z,44.45,635.85
2018-02-11T02:00:00Z,43.96,675.75
2018-02-11T02:30:00Z,43.709999999999994,761.0
2018-02-11T03:00:00Z,41.08,576.4
2018-02-11T03:30:00Z,39.84,460.2
2018-02-11T04:00:00Z,40.25,502.0
2018-02-11T04:30:00Z,39.88,473.0
2018-02-11T05:00:00Z,41.06,417.65
2018-02-11T05:30:00Z,41.64,429.8
2018-02-11T06:00:00Z,43.74,495.8
2018-02-11T06:30:00Z,43.22,545.75
2018-02-11T07:00:00Z,45.37,679.5
2018-02-11T07:30:00Z,45.84,594.6
2018-02-11T08:00:00Z,45.25,568.55
2018-02-11T08:30:00Z,45.98,637.1
2018-02-11T09:00:00Z,46.56,892.0
2018-02-11T09:30:00Z,45.4,806.45
2018-02-11T10:00:00Z,43.25,754.3
2018-02-11T10:30:00Z,42.32,772.6
2018-02-11T11:00:00Z,39.55,874.75
2018-02-11T11:30:00Z,39.99,965.35
2018-02-11T12:00:00Z,43.73,997.4
2018-02-11T12:30:00Z,45.66,1160.4
2018-02-11T13:00:00Z,45.54,966.55
2018-02-11T13:30:00Z,45.39,1084.3
2018-02-11T14:00:00Z,45.33,1121.65
2018-02-11T14:30:00Z,43.56,1103.4
2018-02-11T15:00:00Z,42.97,1253.5
2018-02-11T15:30:00Z,40.77,979.9
2018-02-11T16:00:00Z,40.65,1186.7
2018-02-11T16:30:00Z,42.62,1317.5
2018-02-11T17:00:00Z,56.91,1523.15
2018-02-11T17:30:00Z,62.5,1589.45
2018-02-11T18:00:00Z,63.5,1714.0
2018-02-11T18:30:00Z,58.77,1565.45
2018-02-11T19:00:00Z,44.69,864.8
2018-02-11T19:30:00Z,43.73,969.95
2018-02-11T20:00:00Z,43.48,1108.65
2018-02-11T20:30:00Z,43.9,1125.1
2018-02-11T21:00:00Z,43.68,576.25
2018-02-11T21:30:00Z,41.84,814.7
2018-02-11T22:00:00Z,42.62,618.65
2018-02-11T22:30:00Z,40.78,805.65
2018-02-11T23:00:00Z,41.73,444.45
2018-02-11T23:30:00Z,37.99,293.55
2018-02-12T00:00:00Z,40.72,532.5
2018-02-12T00:30:00Z,41.93,446.0
2018-02-12T01:00:00Z,44.01,291.05
2018-02-12T01:30:00Z,42.25,276.4
2018-02-12T02:00:00Z,41.24,316.75
2018-02-12T02:30:00Z,41.83,269.0
2018-02-12T03:00:00Z,43.05,131.45
2018-02-12T03:30:00Z,43.38,254.95
2018-02-12T04:00:00Z,43.01,217.65
2018-02-12T04:30:00Z,43.28,193.5
2018-02-12T05:00:00Z,46.79,238.4
2018-02-12T05:30:00Z,48.01,258.55
2018-02-12T06:00:00Z,46.3,462.15
2018-02-12T06:30:00Z,44.74,977.9
2018-02-12T07:00:00Z,50.56,636.7
2018-02-12T07:30:00Z,53.05,540.45
2018-02-12T08:00:00Z,51.57,583.55
2018-02-12T08:30:00Z,51.54,566.25
2018-02-12T09:00:00Z,61.559999999999995,561.2
2018-02-12T09:30:00Z,54.839999999999996,605.4
2018-02-12T10:00:00Z,49.21,492.7
2018-02-12T10:30:00Z,46.25,550.95
2018-02-12T11:00:00Z,42.65,779.55
2018-02-12T11:30:00Z,42.28999999999999,858.15
2018-02-12T12:00:00Z,42.64,891.75
2018-02-12T12:30:00Z,42.32,903.25
2018-02-12T13:00:00Z,42.84,719.2
2018-02-12T13:30:00Z,42.26,875.15
2018-02-12T14:00:00Z,42.39,918.4
2018-02-12T14:30:00Z,42.49,1071.95
2018-02-12T15:00:00Z,45.73,646.0
2018-02-12T15:30:00Z,45.38,722.0
2018-02-12T16:00:00Z,44.45000000000001,865.1
2018-02-12T16:30:00Z,49.73,950.15
2018-02-12T17:00:00Z,60.85,1322.55
2018-02-12T17:30:00Z,70.43,1380.6
2018-02-12T18:00:00Z,69.9,1386.25
2018-02-12T18:30:00Z,64.94,1317.8
2018-02-12T19:00:00Z,56.92,878.0
2018-02-12T19:30:00Z,48.71999999999999,721.5
2018-02-12T20:00:00Z,46.83,820.0
2018-02-12T20:30:00Z,46.49,709.7
2018-02-12T21:00:00Z,44.0,1416.85
2018-02-12T21:30:00Z,43.7,1333.85
2018-02-12T22:00:00Z,43.24,1994.8
2018-02-12T22:30:00Z,42.7,2260.35
2018-02-12T23:00:00Z,39.78,383.25
2018-02-12T23:30:00Z,37.5,207.05
2018-02-13T00:00:00Z,39.3,365.4
2018-02-13T00:30:00Z,39.49,461.25
2018-02-13T01:00:00Z,37.83,508.5
2018-02-13T01:30:00Z,35.49,672.6
2018-02-13T02:00:00Z,35.6,601.45
2018-02-13T02:30:00Z,35.3,587.25
2018-02-13T03:00:00Z,35.42,507.55
2018-02-13T03:30:00Z,34.15,449.65
2018-02-13T04:00:00Z,34.32,431.2
2018-02-13T04:30:00Z,34.02,462.75
2018-02-13T05:00:00Z,33.8,533.65
2018-02-13T05:30:00Z,36.52,469.95
2018-02-13T06:00:00Z,40.83,549.25
2018-02-13T06:30:00Z,38.42,636.95
2018-02-13T07:00:00Z,43.6,839.45
2018-02-13T07:30:00Z,45.98,643.15
2018-02-13T08:00:00Z,44.67,670.15
2018-02-13T08:30:00Z,46.21,710.75
2018-02-13T09:00:00Z,50.76,598.8
2018-02-13T09:30:00Z,53.03999999999999,672.15
2018-02-13T10:00:00Z,59.95000000000001,791.1
2018-02-13T10:30:00Z,61.96,864.0
2018-02-13T11:00:00Z,59.86,1023.45
2018-02-13T11:30:00Z,58.0,1032.75
2018-02-13T12:00:00Z,55.73,951.25
2018-02-13T12:30:00Z,57.33,1087.0
2018-02-13T13:00:00Z,55.22,1067.65
2018-02-13T13:30:00Z,55.46,1083.35
2018-02-13T14:00:00Z,54.25,1197.95
2018-02-13T14:30:00Z,54.44,1263.9
2018-02-13T15:00:00Z,53.28,1652.35
2018-02-13T15:30:00Z,50.269999999999996,1418.55
2018-02-13T16:00:00Z,50.62,1624.8
2018-02-13T16:30:00Z,57.99,1487.55
2018-02-13T17:00:00Z,67.88,1264.8
2018-02-13T17:30:00Z,71.38,1313.85
2018-02-13T18:00:00Z,73.76,1315.85
2018-02-13T18:30:00Z,72.59,1500.05
2018-02-13T19:00:00Z,0.0,0.0
2018-02-13T19:30:00Z,0.0,0.0
2018-02-13T20:00:00Z,56.12,1457.25
2018-02-13T20:30:00Z,53.62,1051.0
2018-02-13T21:00:00Z,48.38999999999999,697.35
2018-02-13T21:30:00Z,47.76,624.15
2018-02-13T22:00:00Z,45.97,965.95
2018-02-13T22:30:00Z,44.92,1335.75
2018-02-13T23:00:00Z,44.16,486.55
2018-02-13T23:30:00Z,42.5,313.0
2018-02-14T00:00:00Z,45.02,343.85
2018-02-14T00:30:00Z,45.46,255.45
2018-02-14T01:00:00Z,49.32,295.0
2018-02-14T01:30:00Z,47.22,350.2
2018-02-14T02:00:00Z,46.09,487.2
2018-02-14T02:30:00Z,45.919999999999995,450.35
2018-02-14T03:00:00Z,45.09,559.5
2018-02-14T03:30:00Z,43.9,570.8
2018-02-14T04:00:00Z,40.4,602.5
2018-02-14T04:30:00Z,41.95,390.55
2018-02-14T05:00:00Z,37.58,280.25
2018-02-14T05:30:00Z,36.02,293.65
2018-02-14T06:00:00Z,46.93,541.2
2018-02-14T06:30:00Z,47.33,728.6
2018-02-14T07:00:00Z,44.97,968.35
2018-02-14T07:30:00Z,44.96999999999999,805.45
2018-02-14T08:00:00Z,44.1,314.55
2018-02-14T08:30:00Z,44.23,525.35
2018-02-14T09:00:00Z,41.48,713.1
2018-02-14T09:30:00Z,43.25,732.85
2018-02-14T10:00:00Z,44.28,784.2
2018-02-14T10:30:00Z,45.47,837.0
2018-02-14T11:00:00Z,45.99,1112.45
2018-02-14T11:30:00Z,45.98,1270.1
2018-02-14T12:00:00Z,48.01,1248.0
2018-02-14T12:30:00Z,47.99,1253.5
2018-02-14T13:00:00Z,47.64,1315.95
2018-02-14T13:30:00Z,47.53,1299.05
2018-02-14T14:00:00Z,48.05,1271.8
2018-02-14T14:30:00Z,48.48,1379.0
2018-02-14T15:00:00Z,53.12,2051.7
2018-02-14T15:30:00Z,54.73,1464.25
2018-02-14T16:00:00Z,56.23,1283.1
2018-02-14T16:30:00Z,57.629999999999995,1602.5
2018-02-14T17:00:00Z,63.52,1538.25
2018-02-14T17:30:00Z,65.45,1532.0
2018-02-14T18:00:00Z,65.76,1424.65
2018-02-14T18:30:00Z,63.91,1624.5
2018-02-14T19:00:00Z,62.35,1208.95
2018-02-14T19:30:00Z,57.14,1161.05
2018-02-14T20:00:00Z,52.95,1517.05
2018-02-14T20:30:00Z,52.47,1316.9
2018-02-14T21:00:00Z,49.71,1317.2
2018-02-14T21:30:00Z,47.11,1177.45
2018-02-14T22:00:00Z,46.32,1542.0
2018-02-14T22:30:00Z,44.91,1828.25
2018-02-14T23:00:00Z,46.72,700.7
2018-02-14T23:30:00Z,45.88,311.75
2018-02-15T00:00:00Z,46.53,586.5
2018-02-15T00:30:00Z,48.22,292.2
2018-02-15T01:00:00Z,50.45,322.0
2018-02-15T01:30:00Z,44.1,275.1
2018-02-15T02:00:00Z,41.33,208.5
2018-02-15T02:30:00Z,41.76,271.35
2018-02-15T03:00:00Z,41.17,358.45
2018-02-15T03:30:00Z,41.2,469.1
2018-02-15T04:00:00Z,40.68999999999999,504.55
2018-02-15T04:30:00Z,40.44,627.55
2018-02-15T05:00:00Z,43.44,561.65
2018-02-15T05:30:00Z,42.94,682.45
2018-02-15T06:00:00Z,46.09,571.7
2018-02-15T06:30:00Z,46.72,949.3
2018-02-15T07:00:00Z,47.79,859.0
2018-02-15T07:30:00Z,49.47,468.65
2018-02-15T08:00:00Z,48.72,534.55
2018-02-15T08:30:00Z,46.84,572.5
2018-02-15T09:00:00Z,45.2,859.35
2018-02-15T09:30:00Z,44.46999999999999,765.85
2018-02-15T10:00:00Z,45.11999999999999,766.75
2018-02-15T10:30:00Z,43.27,857.6
2018-02-15T11:00:00Z,41.66,1197.8
2018-02-15T11:30:00Z,40.92,1223.55
2018-02-15T12:00:00Z,40.63,1198.95
2018-02-15T12:30:00Z,41.01,1166.7
2018-02-15T13:00:00Z,41.34,1069.15
2018-02-15T13:30:00Z,41.28,1177.4
2018-02-15T14:00:00Z,40.94,1023.4
2018-02-15T14:30:00Z,40.88,1152.55
2018-02-15T15:00:00Z,44.72,1276.8
2018-02-15T15:30:00Z,44.44,1249.8
2018-02-15T16:00:00Z,44.26,1445.3
2018-02-15T16:30:00Z,45.18000000000001,1621.9
2018-02-15T17:00:00Z,50.05,1796.2
2018-02-15T17:30:00Z,56.59000000000001,1253.9
2018-02-15T18:00:00Z,57.66,1457.6
2018-02-15T18:30:00Z,56.33,1373.25
2018-02-15T19:00:00Z,53.51,1451.35
2018-02-15T19:30:00Z,50.91,1504.55
2018-02-15T20:00:00Z,49.84,1384.85
2018-02-15T20:30:00Z,48.8,1529.9
2018-02-15T21:00:00Z,47.67,923.9
2018-02-15T21:30:00Z,46.03000000000001,851.15
2018-02-15T22:00:00Z,44.7,1063.2
2018-02-15T22:30:00Z,44.64,1601.0
2018-02-15T23:00:00Z,43.68,686.65
2018-02-15T23:30:00Z,40.91,214.05
2018-02-16T00:00:00Z,42.95,298.6
2018-02-16T00:30:00Z,44.85,408.3
2018-02-16T01:00:00Z,47.35,618.85
2018-02-16T01:30:00Z,44.93,489.6
2018-02-16T02:00:00Z,42.25,596.05
2018-02-16T02:30:00Z,42.44,567.35
2018-02-16T03:00:00Z,41.01,396.9
2018-02-16T03:30:00Z,40.65,349.0
2018-02-16T04:00:00Z,39.5,426.25
2018-02-16T04:30:00Z,40.9,460.45
2018-02-16T05:00:00Z,42.71,547.8
2018-02-16T05:30:00Z,44.25999999999999,813.5
2018-02-16T06:00:00Z,46.36,507.25
2018-02-16T06:30:00Z,46.14,1031.8
2018-02-16T07:00:00Z,51.35,900.75
2018-02-16T07:30:00Z,57.57,771.65
2018-02-16T08:00:00Z,64.83,803.95
2018-02-16T08:30:00Z,65.99,926.7
2018-02-16T09:00:00Z,68.01,501.6
2018-02-16T09:30:00Z,60.62,756.55
2018-02-16T10:00:00Z,52.98,560.25
2018-02-16T10:30:00Z,54.23,489.55
2018-02-16T11:00:00Z,47.51,1064.0
2018-02-16T11:30:00Z,47.23,1007.0
2018-02-16T12:00:00Z,45.47,1449.1
2018-02-16T12:30:00Z,44.17,1329.3
2018-02-16T13:00:00Z,42.25,1542.9
2018-02-16T13:30:00Z,43.07,1392.55
2018-02-16T14:00:00Z,43.3,1323.9
2018-02-16T14:30:00Z,43.2,1348.95
2018-02-16T15:00:00Z,45.14,1122.5
2018-02-16T15:30:00Z,45.48,1035.45
2018-02-16T16:00:00Z,44.5,1391.55
2018-02-16T16:30:00Z,44.47,1400.65
2018-02-16T17:00:00Z,50.65,1227.1
2018-02-16T17:30:00Z,59.93,965.25
2018-02-16T18:00:00Z,64.18,991.8
2018-02-16T18:30:00Z,57.82000000000001,1145.2
2018-02-16T19:00:00Z,51.03,974.35
2018-02-16T19:30:00Z,46.17,1174.7
2018-02-16T20:00:00Z,46.8,1258.0
2018-02-16T20:30:00Z,45.83,1320.65
2018-02-16T21:00:00Z,44.64,1340.35
2018-02-16T21:30:00Z,44.52,1403.85
2018-02-16T22:00:00Z,44.34000000000001,1517.5
2018-02-16T22:30:00Z,44.56,2052.45
2018-02-16T23:00:00Z,35.54,449.9
2018-02-16T23:30:00Z,41.03,673.55
2018-02-17T00:00:00Z,40.56,585.55
2018-02-17T00:30:00Z,41.74,598.55
2018-02-17T01:00:00Z,42.7,691.95
2018-02-17T01:30:00Z,41.99,630.75
2018-02-17T02:00:00Z,42.24,483.9
2018-02-17T02:30:00Z,42.66,529.05
2018-02-17T03:00:00Z,45.15,503.8
2018-02-17T03:30:00Z,44.12,461.35
2018-02-17T04:00:00Z,45.20000000000001,453.3
2018-02-17T04:30:00Z,45.33,459.2
2018-02-17T05:00:00Z,48.74,256.2
2018-02-17T05:30:00Z,43.7,348.4
2018-02-17T06:00:00Z,48.09,472.5
2018-02-17T06:30:00Z,51.47,598.3
2018-02-17T07:00:00Z,51.8,465.2
2018-02-17T07:30:00Z,55.88,444.95
2018-02-17T08:00:00Z,67.71,495.9
2018-02-17T08:30:00Z,73.79,553.45
2018-02-17T09:00:00Z,73.2,1342.9
2018-02-17T09:30:00Z,72.11,1352.05
2018-02-17T10:00:00Z,68.7,1439.6
2018-02-17T10:30:00Z,66.8,1193.75
2018-02-17T11:00:00Z,47.35,844.35
2018-02-17T11:30:00Z,44.73,626.05
2018-02-17T12:00:00Z,44.26,760.35
2018-02-17T12:30:00Z,43.74,863.95
2018-02-17T13:00:00Z,43.08,1054.6
2018-02-17T13:30:00Z,42.88,1036.8
2018-02-17T14:00:00Z,42.83,1056.65
2018-02-17T14:30:00Z,42.86,1027.0
2018-02-17T15:00:00Z,47.48,965.7
2018-02-17T15:30:00Z,47.69,910.65
2018-02-17T16:00:00Z,47.39,986.4
2018-02-17T16:30:00Z,48.76,1082.75
2018-02-17T17:00:00Z,59.8,1320.7
2018-02-17T17:30:00Z,75.11,998.6
2018-02-17T18:00:00Z,78.21,1097.2
2018-02-17T18:30:00Z,74.31,1040.4
2018-02-17T19:00:00Z,61.73,797.0
2018-02-17T19:30:00Z,53.760000000000005,662.9
2018-02-17T20:00:00Z,47.95,810.1
2018-02-17T20:30:00Z,46.9,904.7
2018-02-17T21:00:00Z,46.64,1183.5
2018-02-17T21:30:00Z,45.31,707.5
2018-02-17T22:00:00Z,45.15,892.35
2018-02-17T22:30:00Z,44.21,1147.5
2018-02-17T23:00:00Z,49.63,381.05
2018-02-17T23:30:00Z,45.4,444.9
2018-02-18T00:00:00Z,46.94,341.1
2018-02-18T00:30:00Z,48.67000000000001,396.5
2018-02-18T01:00:00Z,52.7,278.3
2018-02-18T01:30:00Z,48.7,175.5
2018-02-18T02:00:00Z,48.79,257.45
2018-02-18T02:30:00Z,49.32,206.25
2018-02-18T03:00:00Z,46.269999999999996,220.5
2018-02-18T03:30:00Z,47.49,287.5
2018-02-18T04:00:00Z,47.15,270.0
2018-02-18T04:30:00Z,46.79,282.4
2018-02-18T05:00:00Z,45.11,323.75
2018-02-18T05:30:00Z,46.91,338.35
2018-02-18T06:00:00Z,50.40999999999999,344.0
2018-02-18T06:30:00Z,50.599999999999994,377.05
2018-02-18T07:00:00Z,46.26,1045.6
2018-02-18T07:30:00Z,44.23,949.8
2018-02-18T08:00:00Z,44.35,730.1
2018-02-18T08:30:00Z,42.9,873.7
2018-02-18T09:00:00Z,42.97,621.75
2018-02-18T09:30:00Z,42.56,766.6
2018-02-18T10:00:00Z,43.36,322.1
2018-02-18T10:30:00Z,41.87,333.45
2018-02-18T11:00:00Z,43.56,520.0
2018-02-18T11:30:00Z,42.65,558.1
2018-02-18T12:00:00Z,43.41,475.5
2018-02-18T12:30:00Z,43.76,532.2
2018-02-18T13:00:00Z,43.54,728.5
2018-02-18T13:30:00Z,43.53,702.25
2018-02-18T14:00:00Z,43.38,639.15
2018-02-18T14:30:00Z,45.02,848.6
2018-02-18T15:00:00Z,49.440000000000005,688.0
2018-02-18T15:30:00Z,49.4,793.35
2018-02-18T16:00:00Z,47.45,1050.3
2018-02-18T16:30:00Z,47.28000000000001,903.85
2018-02-18T17:00:00Z,65.62,952.0
2018-02-18T17:30:00Z,75.94,869.1
2018-02-18T18:00:00Z,76.76,943.45
2018-02-18T18:30:00Z,71.61,995.7
2018-02-18T19:00:00Z,55.3,1191.2
2018-02-18T19:30:00Z,49.76,1142.85
2018-02-18T20:00:00Z,49.0,952.75
2018-02-18T20:30:00Z,48.63,1038.15
2018-02-18T21:00:00Z,47.08,1072.9
2018-02-18T21:30:00Z,45.92,1146.6
2018-02-18T22:00:00Z,46.36,1173.15
2018-02-18T22:30:00Z,45.75,1398.6
2018-02-18T23:00:00Z,40.82,364.9
2018-02-18T23:30:00Z,41.15,377.4
2018-02-19T00:00:00Z,40.96,353.35
2018-02-19T00:30:00Z,40.12,370.8
2018-02-19T01:00:00Z,40.02,313.65
2018-02-19T01:30:00Z,39.69,402.5
2018-02-19T02:00:00Z,40.18,402.5
2018-02-19T02:30:00Z,39.88,542.0
2018-02-19T03:00:00Z,40.08,611.35
2018-02-19T03:30:00Z,40.26,688.35
2018-02-19T04:00:00Z,40.46,563.35
2018-02-19T04:30:00Z,40.07,661.65
2018-02-19T05:00:00Z,39.73,376.75
2018-02-19T05:30:00Z,40.87,242.0
2018-02-19T06:00:00Z,43.88,525.8
2018-02-19T06:30:00Z,42.21,624.0
2018-02-19T07:00:00Z,48.07,1074.55
2018-02-19T07:30:00Z,46.68,712.75
2018-02-19T08:00:00Z,42.31,685.6
2018-02-19T08:30:00Z,43.5,514.05
2018-02-19T09:00:00Z,45.41,796.75
2018-02-19T09:30:00Z,45.87,712.1
2018-02-19T10:00:00Z,45.85,804.3
2018-02-19T10:30:00Z,45.63,827.15
2018-02-19T11:00:00Z,48.18,956.5
2018-02-19T11:30:00Z,49.29,870.05
2018-02-19T12:00:00Z,51.32,899.6
2018-02-19T12:30:00Z,50.620000000000005,870.65
2018-02-19T13:00:00Z,58.279999999999994,1160.05
2018-02-19T13:30:00Z,56.34,1140.8
2018-02-19T14:00:00Z,55.09,1273.85
2018-02-19T14:30:00Z,53.07999999999999,1237.0
2018-02-19T15:00:00Z,49.67,910.0
2018-02-19T15:30:00Z,50.4,886.0
2018-02-19T16:00:00Z,48.8,951.5
2018-02-19T16:30:00Z,52.43,923.7
2018-02-19T17:00:00Z,60.25,832.35
2018-02-19T17:30:00Z,66.9,721.0
2018-02-19T18:00:00Z,67.47,831.5
2018-02-19T18:30:00Z,63.28,1023.8
2018-02-19T19:00:00Z,58.22,1122.7
2018-02-19T19:30:00Z,54.17,859.85
2018-02-19T20:00:00Z,52.72,1151.75
2018-02-19T20:30:00Z,51.49,1121.5
2018-02-19T21:00:00Z,51.580000000000005,1602.0
2018-02-19T21:30:00Z,51.76,1498.0
2018-02-19T22:00:00Z,49.78,1785.2
2018-02-19T22:30:00Z,48.82,1917.8
2018-02-19T23:00:00Z,47.87,512.45
2018-02-19T23:30:00Z,42.66,609.3
2018-02-20T00:00:00Z,41.71,190.05
2018-02-20T00:30:00Z,44.44,328.45
2018-02-20T01:00:00Z,41.92,251.95
2018-02-20T01:30:00Z,41.43,243.8
2018-02-20T02:00:00Z,41.44,294.4
2018-02-20T02:30:00Z,41.38,355.65
2018-02-20T03:00:00Z,41.08,342.7
2018-02-20T03:30:00Z,41.13,431.95
2018-02-20T04:00:00Z,40.69,455.95
2018-02-20T04:30:00Z,40.87,428.65
2018-02-20T05:00:00Z,43.37,468.45
2018-02-20T05:30:00Z,42.01,557.7
2018-02-20T06:00:00Z,52.7,734.85
2018-02-20T06:30:00Z,43.21,998.55
2018-02-20T07:00:00Z,44.52,621.15
2018-02-20T07:30:00Z,45.74,469.0
2018-02-20T08:00:00Z,44.370000000000005,425.1
2018-02-20T08:30:00Z,44.72,569.5
2018-02-20T09:00:00Z,43.49,603.4
2018-02-20T09:30:00Z,43.35,518.65
2018-02-20T10:00:00Z,43.49,796.95
2018-02-20T10:30:00Z,44.17,935.4
2018-02-20T11:00:00Z,44.46,1491.25
2018-02-20T11:30:00Z,44.93,1605.85
2018-02-20T12:00:00Z,46.0,1695.2
2018-02-20T12:30:00Z,45.57,1836.7
2018-02-20T13:00:00Z,44.27,1896.75
2018-02-20T13:30:00Z,44.24999999999999,1808.4
2018-02-20T14:00:00Z,43.99,2171.55
2018-02-20T14:30:00Z,43.25,2462.7
2018-02-20T15:00:00Z,44.84,1634.25
2018-02-20T15:30:00Z,45.16,1563.7
2018-02-20T16:00:00Z,44.72,1934.65
2018-02-20T16:30:00Z,47.36,1206.95
2018-02-20T17:00:00Z,51.3,1185.85
2018-02-20T17:30:00Z,60.85,1248.5
2018-02-20T18:00:00Z,67.74,1113.4
2018-02-20T18:30:00Z,68.23,1217.15
2018-02-20T19:00:00Z,68.82,1025.35
2018-02-20T19:30:00Z,63.56,677.0
2018-02-20T20:00:00Z,54.8,572.25
2018-02-20T20:30:00Z,49.02,573.25
2018-02-20T21:00:00Z,47.51,455.6
2018-02-20T21:30:00Z,46.06,430.25
2018-02-20T22:00:00Z,46.91,888.75
2018-02-20T22:30:00Z,44.87,1510.3
2018-02-20T23:00:00Z,45.27,560.4
2018-02-20T23:30:00Z,43.97,361.3
2018-02-21T00:00:00Z,44.79,267.55
2018-02-21T00:30:00Z,47.97,364.05
2018-02-21T01:00:00Z,51.76,346.55
2018-02-21T01:30:00Z,47.87,221.25
2018-02-21T02:00:00Z,47.74,235.45
2018-02-21T02:30:00Z,46.56,323.4
2018-02-21T03:00:00Z,45.46,258.9
2018-02-21T03:30:00Z,44.7,364.15
2018-02-21T04:00:00Z,44.12,332.1
2018-02-21T04:30:00Z,44.12,324.1
2018-02-21T05:00:00Z,46.34,267.55
2018-02-21T05:30:00Z,44.209999999999994,451.5
2018-02-21T06:00:00Z,56.65,510.0
2018-02-21T06:30:00Z,48.79,821.5
2018-02-21T07:00:00Z,52.16,748.9
2018-02-21T07:30:00Z,58.04,415.75
2018-02-21T08:00:00Z,59.89,420.35
2018-02-21T08:30:00Z,61.540000000000006,337.65
2018-02-21T09:00:00Z,65.0,498.7
2018-02-21T09:30:00Z,57.69,529.4
2018-02-21T10:00:00Z,56.55,651.7
2018-02-21T10:30:00Z,52.03,895.0
2018-02-21T11:00:00Z,46.31,997.2
2018-02-21T11:30:00Z,46.61,791.05
2018-02-21T12:00:00Z,46.57,779.0
2018-02-21T12:30:00Z,46.64,852.55
2018-02-21T13:00:00Z,49.37,937.05
2018-02-21T13:30:00Z,48.78,931.55
2018-02-21T14:00:00Z,48.4,1005.9
2018-02-21T14:30:00Z,48.19,1199.05
2018-02-21T15:00:00Z,55.78000000000001,784.0
2018-02-21T15:30:00Z,55.2,801.0
2018-02-21T16:00:00Z,56.21,1304.85
2018-02-21T16:30:00Z,60.67999999999999,1237.1
2018-02-21T17:00:00Z,66.14,1089.0
2018-02-21T17:30:00Z,75.27,785.75
2018-02-21T18:00:00Z,80.66,748.0
2018-02-21T18:30:00Z,80.28000000000002,821.65
2018-02-21T19:00:00Z,79.02,730.35
2018-02-21T19:30:00Z,69.1,672.75
2018-02-21T20:00:00Z,64.03,833.0
2018-02-21T20:30:00Z,55.39,513.7
2018-02-21T21:00:00Z,51.41,1395.65
2018-02-21T21:30:00Z,49.28,1405.95
2018-02-21T22:00:00Z,48.89,1727.6
2018-02-21T22:30:00Z,46.95,2060.3
2018-02-21T23:00:00Z,43.63,458.35
2018-02-21T23:30:00Z,44.53,260.1
2018-02-22T00:00:00Z,43.08,255.9
2018-02-22T00:30:00Z,42.86,231.6
2018-02-22T01:00:00Z,44.2,442.05
2018-02-22T01:30:00Z,44.42999999999999,428.45
2018-02-22T02:00:00Z,44.64,544.9
2018-02-22T02:30:00Z,45.25,561.75
2018-02-22T03:00:00Z,45.17,347.75
2018-02-22T03:30:00Z,44.01,244.15
2018-02-22T04:00:00Z,44.29,188.3
2018-02-22T04:30:00Z,43.49,250.7
2018-02-22T05:00:00Z,43.38,381.7
2018-02-22T05:30:00Z,42.14,422.4
2018-02-22T06:00:00Z,49.01,635.4
2018-02-22T06:30:00Z,49.18,836.1
2018-02-22T07:00:00Z,50.48,1138.7
2018-02-22T07:30:00Z,50.75,1466.6
2018-02-22T08:00:00Z,49.82,1300.15
2018-02-22T08:30:00Z,50.09,1330.65
2018-02-22T09:00:00Z,49.33,1658.65
2018-02-22T09:30:00Z,49.18,1622.25
2018-02-22T10:00:00Z,48.95,1543.7
2018-02-22T10:30:00Z,48.47,1637.8
2018-02-22T11:00:00Z,46.63,1403.0
2018-02-22T11:30:00Z,47.26,1383.25
2018-02-22T12:00:00Z,46.67,1388.0
2018-02-22T12:30:00Z,46.22,1346.5
2018-02-22T13:00:00Z,46.01,1331.7
2018-02-22T13:30:00Z,45.89,1334.5
2018-02-22T14:00:00Z,45.86,1365.35
2018-02-22T14:30:00Z,45.57,1514.1
2018-02-22T15:00:00Z,53.470000000000006,1591.0
2018-02-22T15:30:00Z,53.32999999999999,1690.5
2018-02-22T16:00:00Z,53.1,1679.85
2018-02-22T16:30:00Z,52.0,1892.95
2018-02-22T17:00:00Z,56.62,1759.2
2018-02-22T17:30:00Z,63.13,1544.05
2018-02-22T18:00:00Z,67.64,1656.35
2018-02-22T18:30:00Z,66.62,1566.55
2018-02-22T19:00:00Z,63.75,1465.25
2018-02-22T19:30:00Z,53.38999999999999,1396.95
2018-02-22T20:00:00Z,50.86999999999999,1320.2
2018-02-22T20:30:00Z,51.21,1284.45
2018-02-22T21:00:00Z,50.36,1665.75
2018-02-22T21:30:00Z,48.78000000000001,1855.55
2018-02-22T22:00:00Z,49.64,2014.55
2018-02-22T22:30:00Z,47.91,2285.25
2018-02-22T23:00:00Z,44.66,685.6
2018-02-22T23:30:00Z,45.36,494.05
2018-02-23T00:00:00Z,46.12,377.65
2018-02-23T00:30:00Z,48.96,391.6
2018-02-23T01:00:00Z,50.48,408.7
2018-02-23T01:30:00Z,47.16,289.45
2018-02-23T02:00:00Z,45.44,398.7
2018-02-23T02:30:00Z,45.92,379.15
2018-02-23T03:00:00Z,46.17,466.15
2018-02-23T03:30:00Z,46.21,389.25
2018-02-23T04:00:00Z,46.14,429.9
2018-02-23T04:30:00Z,46.38,409.85
2018-02-23T05:00:00Z,50.6,317.55
2018-02-23T05:30:00Z,51.97,593.85
2018-02-23T06:00:00Z,56.59,947.7
2018-02-23T06:30:00Z,57.38,1153.35
2018-02-23T07:00:00Z,70.99,1313.85
2018-02-23T07:30:00Z,74.73,1455.95
2018-02-23T08:00:00Z,75.03,1281.5
2018-02-23T08:30:00Z,75.4,1445.55
2018-02-23T09:00:00Z,74.52,1552.5
2018-02-23T09:30:00Z,73.71,1762.8
2018-02-23T10:00:00Z,68.95,1611.0
2018-02-23T10:30:00Z,64.9,1772.9
2018-02-23T11:00:00Z,51.08,1570.35
2018-02-23T11:30:00Z,50.43,1574.95
2018-02-23T12:00:00Z,50.81,1556.4
2018-02-23T12:30:00Z,50.38,1498.45
2018-02-23T13:00:00Z,49.28,2260.25
2018-02-23T13:30:00Z,49.31,2244.9
2018-02-23T14:00:00Z,49.32,2188.35
2018-02-23T14:30:00Z,49.32,2255.0
2018-02-23T15:00:00Z,51.89,927.0
2018-02-23T15:30:00Z,52.6,906.25
2018-02-23T16:00:00Z,51.940000000000005,889.55
2018-02-23T16:30:00Z,51.93,1047.7
2018-02-23T17:00:00Z,67.46,1034.8
2018-02-23T17:30:00Z,72.23,1205.7
2018-02-23T18:00:00Z,76.04,1103.35
2018-02-23T18:30:00Z,69.08,1178.35
2018-02-23T19:00:00Z,56.38,1527.05
2018-02-23T19:30:00Z,57.72,1376.05
2018-02-23T20:00:00Z,58.16,1348.55
2018-02-23T20:30:00Z,55.33,1355.05
2018-02-23T21:00:00Z,56.15,1472.45
2018-02-23T21:30:00Z,53.260000000000005,1258.25
2018-02-23T22:00:00Z,52.309999999999995,1512.45
2018-02-23T22:30:00Z,51.84,1356.15
2018-02-23T23:00:00Z,44.42,496.65
2018-02-23T23:30:00Z,42.66,271.5
2018-02-24T00:00:00Z,43.41,276.6
2018-02-24T00:30:00Z,43.63000000000001,221.0
2018-02-24T01:00:00Z,45.43,356.0
2018-02-24T01:30:00Z,44.97,353.0
2018-02-24T02:00:00Z,44.9,371.55
2018-02-24T02:30:00Z,45.56,387.45
2018-02-24T03:00:00Z,49.06,223.35
2018-02-24T03:30:00Z,46.57,221.7
2018-02-24T04:00:00Z,45.02,316.5
2018-02-24T04:30:00Z,45.63,256.0
2018-02-24T05:00:00Z,44.9,257.4
2018-02-24T05:30:00Z,44.86,473.5
2018-02-24T06:00:00Z,44.81,807.5
2018-02-24T06:30:00Z,43.79999999999999,828.0
2018-02-24T07:00:00Z,44.43,560.7
2018-02-24T07:30:00Z,44.63,496.6
2018-02-24T08:00:00Z,45.14,567.8
2018-02-24T08:30:00Z,44.13,549.3
2018-02-24T09:00:00Z,46.0,595.0
2018-02-24T09:30:00Z,45.16,517.9
2018-02-24T10:00:00Z,44.79,875.3
2018-02-24T10:30:00Z,44.55,861.15
2018-02-24T11:00:00Z,43.28,1241.0
2018-02-24T11:30:00Z,43.33,1220.2
2018-02-24T12:00:00Z,43.76,1256.0
2018-02-24T12:30:00Z,43.9,1234.25
2018-02-24T13:00:00Z,43.42,1202.8
2018-02-24T13:30:00Z,43.43,1211.35
2018-02-24T14:00:00Z,43.31,1212.45
2018-02-24T14:30:00Z,43.13,1266.25
2018-02-24T15:00:00Z,46.0,1149.0
2018-02-24T15:30:00Z,45.72,1195.0
2018-02-24T16:00:00Z,47.21000000000001,1407.6
2018-02-24T16:30:00Z,48.11,1434.5
2018-02-24T17:00:00Z,68.01,1365.85
2018-02-24T17:30:00Z,78.37,1223.75
2018-02-24T18:00:00Z,88.42,997.35
2018-02-24T18:30:00Z,86.68,1170.7
2018-02-24T19:00:00Z,69.73,1214.75
2018-02-24T19:30:00Z,55.23,882.05
2018-02-24T20:00:00Z,53.39999999999999,864.5
2018-02-24T20:30:00Z,48.300000000000004,947.9
2018-02-24T21:00:00Z,49.31,857.7
2018-02-24T21:30:00Z,48.57000000000001,742.7
2018-02-24T22:00:00Z,50.56,861.85
2018-02-24T22:30:00Z,48.71,1195.2
2018-02-24T23:00:00Z,48.04,561.1
2018-02-24T23:30:00Z,46.75,336.3
2018-02-25T00:00:00Z,45.13,352.5
2018-02-25T00:30:00Z,45.83,334.5
2018-02-25T01:00:00Z,47.61,517.5
2018-02-25T01:30:00Z,45.64,308.4
2018-02-25T02:00:00Z,47.370000000000005,352.25
2018-02-25T02:30:00Z,47.1,457.85
2018-02-25T03:00:00Z,46.79,510.25
2018-02-25T03:30:00Z,43.41,485.15
2018-02-25T04:00:00Z,43.78,491.0
2018-02-25T04:30:00Z,43.84,531.6
2018-02-25T05:00:00Z,43.65,553.4
2018-02-25T05:30:00Z,45.06,562.5
2018-02-25T06:00:00Z,46.37,671.5
2018-02-25T06:30:00Z,47.84,765.5
2018-02-25T07:00:00Z,44.95,769.0
2018-02-25T07:30:00Z,38.38,366.3
2018-02-25T08:00:00Z,43.38,324.6
2018-02-25T08:30:00Z,40.73,571.5
2018-02-25T09:00:00Z,42.91,902.5
2018-02-25T09:30:00Z,44.31999999999999,790.35
2018-02-25T10:00:00Z,46.98,1022.55
2018-02-25T10:30:00Z,45.81,943.05
2018-02-25T11:00:00Z,45.739999999999995,835.35
2018-02-25T11:30:00Z,43.78,983.2
2018-02-25T12:00:00Z,43.87,857.0
2018-02-25T12:30:00Z,43.7,911.25
2018-02-25T13:00:00Z,43.92,978.0
2018-02-25T13:30:00Z,44.48,996.8
2018-02-25T14:00:00Z,44.52,969.9
2018-02-25T14:30:00Z,44.07,1079.95
2018-02-25T15:00:00Z,43.64,745.0
2018-02-25T15:30:00Z,43.32,704.6
2018-02-25T16:00:00Z,43.65,746.3
2018-02-25T16:30:00Z,44.52,658.15
2018-02-25T17:00:00Z,56.5,1067.35
2018-02-25T17:30:00Z,74.36,848.85
2018-02-25T18:00:00Z,78.9,822.0
2018-02-25T18:30:00Z,72.68,913.5
2018-02-25T19:00:00Z,60.35000000000001,1296.8
2018-02-25T19:30:00Z,51.63,1058.35
2018-02-25T20:00:00Z,48.69,1274.75
2018-02-25T20:30:00Z,47.9,1359.25
2018-02-25T21:00:00Z,44.88,1200.55
2018-02-25T21:30:00Z,45.01,1292.6
2018-02-25T22:00:00Z,45.82,1324.9
2018-02-25T22:30:00Z,45.3,1358.6
2018-02-25T23:00:00Z,41.33,370.05
2018-02-25T23:30:00Z,40.65,311.2
2018-02-26T00:00:00Z,37.03,342.7
2018-02-26T00:30:00Z,40.4,406.95
2018-02-26T01:00:00Z,42.07,647.0
2018-02-26T01:30:00Z,42.86,477.15
2018-02-26T02:00:00Z,43.75,553.0
2018-02-26T02:30:00Z,43.55,511.9
2018-02-26T03:00:00Z,44.64,312.55
2018-02-26T03:30:00Z,44.61,289.7
2018-02-26T04:00:00Z,45.510000000000005,407.65
2018-02-26T04:30:00Z,44.94,485.0
2018-02-26T05:00:00Z,47.75,996.2
2018-02-26T05:30:00Z,48.16,1077.7
2018-02-26T06:00:00Z,58.69,771.9
2018-02-26T06:30:00Z,51.67,1770.05
2018-02-26T07:00:00Z,57.36,1020.4
2018-02-26T07:30:00Z,59.47,893.0
2018-02-26T08:00:00Z,59.37,637.75
2018-02-26T08:30:00Z,0.0,0.0
2018-02-26T09:00:00Z,59.87,1052.3
2018-02-26T09:30:00Z,54.93,975.85
2018-02-26T10:00:00Z,54.81,984.0
2018-02-26T10:30:00Z,54.09,1080.1
2018-02-26T11:00:00Z,51.96,993.25
2018-02-26T11:30:00Z,51.35,1161.3
2018-02-26T12:00:00Z,52.31,1090.75
2018-02-26T12:30:00Z,53.04,1216.55
2018-02-26T13:00:00Z,53.08,1278.1
2018-02-26T13:30:00Z,52.45,1262.7
2018-02-26T14:00:00Z,52.92,1370.7
2018-02-26T14:30:00Z,54.42000000000001,1632.6
2018-02-26T15:00:00Z,58.59,1534.75
2018-02-26T15:30:00Z,57.91,1704.8
2018-02-26T16:00:00Z,56.77000000000001,1610.85
2018-02-26T16:30:00Z,57.33,1678.3
2018-02-26T17:00:00Z,62.6,1565.1
2018-02-26T17:30:00Z,62.36999999999999,1746.1
2018-02-26T18:00:00Z,63.9,1732.4
2018-02-26T18:30:00Z,62.62,1817.3
2018-02-26T19:00:00Z,62.42999999999999,2123.0
2018-02-26T19:30:00Z,60.65,1906.0
2018-02-26T20:00:00Z,59.7,1773.4
2018-02-26T20:30:00Z,57.67,2048.1
2018-02-26T21:00:00Z,58.78,1811.5
2018-02-26T21:30:00Z,57.17,1767.15
2018-02-26T22:00:00Z,56.32,1839.2
2018-02-26T22:30:00Z,56.87,1990.5
2018-02-26T23:00:00Z,46.47,488.0
2018-02-26T23:30:00Z,45.47,449.55
2018-02-27T00:00:00Z,48.39,497.85
2018-02-27T00:30:00Z,50.739999999999995,369.2
2018-02-27T01:00:00Z,53.97,514.45
2018-02-27T01:30:00Z,52.86,486.05
2018-02-27T02:00:00Z,52.33,518.6
2018-02-27T02:30:00Z,51.559999999999995,478.8
2018-02-27T03:00:00Z,0.0,0.0
2018-02-27T03:30:00Z,0.0,0.0
2018-02-27T04:00:00Z,51.78,976.7
2018-02-27T04:30:00Z,49.93,865.1
2018-02-27T05:00:00Z,57.98,752.05
2018-02-27T05:30:00Z,55.48,806.5
2018-02-27T06:00:00Z,59.83,1391.65
2018-02-27T06:30:00Z,56.64,1782.55
2018-02-27T07:00:00Z,59.54,930.0
2018-02-27T07:30:00Z,65.96,761.55
2018-02-27T08:00:00Z,67.83,931.1
2018-02-27T08:30:00Z,67.71,799.4
2018-02-27T09:00:00Z,69.45,903.2
2018-02-27T09:30:00Z,69.01,1139.85
2018-02-27T10:00:00Z,68.87,1011.65
2018-02-27T10:30:00Z,66.37,1285.45
2018-02-27T11:00:00Z,62.07,1456.6
2018-02-27T11:30:00Z,62.75,1404.25
2018-02-27T12:00:00Z,63.17,1135.05
2018-02-27T12:30:00Z,68.26,1313.55
2018-02-27T13:00:00Z,0.0,0.0
2018-02-27T13:30:00Z,70.01,1559.8
2018-02-27T14:00:00Z,0.0,0.0
2018-02-27T14:30:00Z,65.35,1610.25
2018-02-27T15:00:00Z,65.33,1685.7
2018-02-27T15:30:00Z,65.9,1454.3
2018-02-27T16:00:00Z,0.0,0.0
2018-02-27T16:30:00Z,66.08,1204.55
2018-02-27T17:00:00Z,0.0,0.0
2018-02-27T17:30:00Z,88.31,1285.4
2018-02-27T18:00:00Z,96.14,1261.15
2018-02-27T18:30:00Z,94.2,1317.6
2018-02-27T19:00:00Z,88.6,1279.0
2018-02-27T19:30:00Z,86.73,1150.75
2018-02-27T20:00:00Z,77.65,1017.05
2018-02-27T20:30:00Z,77.2,1451.05
2018-02-27T21:00:00Z,82.83,1231.85
2018-02-27T21:30:00Z,70.62,1066.65
2018-02-27T22:00:00Z,71.36,1331.25
2018-02-27T22:30:00Z,69.62,1608.4
2018-02-27T23:00:00Z,77.46,588.0
2018-02-27T23:30:00Z,83.12,270.2
2018-02-28T00:00:00Z,98.34,244.5
2018-02-28T00:30:00Z,107.76,167.75
2018-02-28T01:00:00Z,0.0,0.0
2018-02-28T01:30:00Z,110.62,249.55
2018-02-28T02:00:00Z,112.07,199.1
2018-02-28T02:30:00Z,0.0,0.0
2018-02-28T03:00:00Z,110.21000000000001,215.2
2018-02-28T03:30:00Z,110.26,266.1
2018-02-28T04:00:00Z,113.68,276.9
2018-02-28T04:30:00Z,120.61,338.5
2018-02-28T05:00:00Z,0.0,0.0
2018-02-28T05:30:00Z,0.0,0.0
2018-02-28T06:00:00Z,185.82,747.75
2018-02-28T06:30:00Z,145.61,1168.5
2018-02-28T07:00:00Z,157.71,921.5
2018-02-28T07:30:00Z,168.71,798.45
2018-02-28T08:00:00Z,179.53,1047.7
2018-02-28T08:30:00Z,170.75,1178.65
2018-02-28T09:00:00Z,191.09,1153.6
2018-02-28T09:30:00Z,194.02,1119.25
2018-02-28T10:00:00Z,177.12,1222.85
2018-02-28T10:30:00Z,175.19,1346.2
2018-02-28T11:00:00Z,135.2,1748.8
2018-02-28T11:30:00Z,135.8,1826.4
2018-02-28T12:00:00Z,134.36,1946.65
2018-02-28T12:30:00Z,126.0,1853.65
2018-02-28T13:00:00Z,118.54,2158.3
2018-02-28T13:30:00Z,0.0,0.0
2018-02-28T14:00:00Z,119.93,2009.45
2018-02-28T14:30:00Z,0.0,0.0
2018-02-28T15:00:00Z,122.25000000000001,1382.65
2018-02-28T15:30:00Z,130.38,1264.45
2018-02-28T16:00:00Z,134.36,1080.95
2018-02-28T16:30:00Z,127.83,1568.75
2018-02-28T17:00:00Z,176.23,1538.9
2018-02-28T17:30:00Z,170.52,1779.85
2018-02-28T18:00:00Z,149.29,1735.2
2018-02-28T18:30:00Z,147.21,1702.85
2018-02-28T19:00:00Z,0.0,0.0
2018-02-28T19:30:00Z,97.33,929.1
2018-02-28T20:00:00Z,90.97,940.9
2018-02-28T20:30:00Z,85.09,851.65
2018-02-28T21:00:00Z,82.59,1146.8
2018-02-28T21:30:00Z,76.73,1149.35
2018-02-28T22:00:00Z,79.86,1276.6
2018-02-28T22:30:00Z,74.4,1129.35
2018-02-28T23:00:00Z,58.92999999999999,631.75
2018-02-28T23:30:00Z,52.63,389.25
2018-03-01T00:00:00Z,47.03,368.65
2018-03-01T00:30:00Z,46.57,785.25
2018-03-01T01:00:00Z,46.21,1038.95
2018-03-01T01:30:00Z,46.99,1036.3
2018-03-01T02:00:00Z,49.14,1175.8
2018-03-01T02:30:00Z,49.42,1170.3
2018-03-01T03:00:00Z,0.0,0.0
2018-03-01T03:30:00Z,50.59,862.25
2018-03-01T04:00:00Z,0.0,0.0
2018-03-01T04:30:00Z,51.93,983.25
2018-03-01T05:00:00Z,0.0,0.0
2018-03-01T05:30:00Z,83.7,1039.75
2018-03-01T06:00:00Z,80.56,975.85
2018-03-01T06:30:00Z,89.32,1378.35
2018-03-01T07:00:00Z,0.0,0.0
2018-03-01T07:30:00Z,193.79,1305.3
2018-03-01T08:00:00Z,203.62999999999997,1436.6
2018-03-01T08:30:00Z,217.37,1626.9
2018-03-01T09:00:00Z,238.29,1877.05
2018-03-01T09:30:00Z,0.0,0.0
2018-03-01T10:00:00Z,247.39000000000001,2322.2
2018-03-01T10:30:00Z,250.09,2436.85
2018-03-01T11:00:00Z,282.4,1946.8
2018-03-01T11:30:00Z,284.38,1967.95
2018-03-01T12:00:00Z,301.98,2053.55
2018-03-01T12:30:00Z,309.79,2319.25
2018-03-01T13:00:00Z,298.26,2982.75
2018-03-01T13:30:00Z,294.68,2847.95
2018-03-01T14:00:00Z,0.0,0.0
2018-03-01T14:30:00Z,283.91,2780.65
2018-03-01T15:00:00Z,0.0,0.0
2018-03-01T15:30:00Z,292.5,2920.5
2018-03-01T16:00:00Z,282.73,2758.55
2018-03-01T16:30:00Z,0.0,0.0
2018-03-01T17:00:00Z,304.92,2919.1
2018-03-01T17:30:00Z,315.14,2928.3
2018-03-01T18:00:00Z,317.05,2974.75
2018-03-01T18:30:00Z,320.75,3079.35
2018-03-01T19:00:00Z,305.04,1946.45
2018-03-01T19:30:00Z,308.22,1834.3
2018-03-01T20:00:00Z,268.48,1669.05
2018-03-01T20:30:00Z,0.0,0.0
2018-03-01T21:00:00Z,208.77,1771.8
2018-03-01T21:30:00Z,182.18000000000004,1693.3
2018-03-01T22:00:00Z,201.10999999999999,1708.9
2018-03-01T22:30:00Z,173.56,2157.6
2018-03-01T23:00:00Z,134.1,751.9
2018-03-01T23:30:00Z,109.2,1053.25
2018-03-02T00:00:00Z,106.1,944.75
2018-03-02T00:30:00Z,0.0,0.0
2018-03-02T01:00:00Z,125.8,732.95
2018-03-02T01:30:00Z,114.19,763.4
2018-03-02T02:00:00Z,105.56,884.85
2018-03-02T02:30:00Z,103.55,904.9
2018-03-02T03:00:00Z,71.93,1078.5
2018-03-02T03:30:00Z,68.77,1261.5
2018-03-02T04:00:00Z,0.0,0.0
2018-03-02T04:30:00Z,71.06,1334.5
2018-03-02T05:00:00Z,123.53,716.95
2018-03-02T05:30:00Z,118.69,884.5
2018-03-02T06:00:00Z,134.18,1119.9
2018-03-02T06:30:00Z,109.9,1105.8
2018-03-02T07:00:00Z,122.38,1054.55
2018-03-02T07:30:00Z,106.47,1168.1
2018-03-02T08:00:00Z,87.37,947.75
2018-03-02T08:30:00Z,107.18,930.5
2018-03-02T09:00:00Z,180.57,920.3
2018-03-02T09:30:00Z,220.89,1035.0
2018-03-02T10:00:00Z,226.32,1094.6
2018-03-02T10:30:00Z,231.55,1183.8
2018-03-02T11:00:00Z,235.66999999999996,1415.05
2018-03-02T11:30:00Z,223.59000000000003,1280.25
2018-03-02T12:00:00Z,221.83000000000004,1389.05
2018-03-02T12:30:00Z,214.81,1461.85
2018-03-02T13:00:00Z,219.95,1562.45
2018-03-02T13:30:00Z,215.85,1697.05
2018-03-02T14:00:00Z,203.30999999999997,1780.15
2018-03-02T14:30:00Z,195.95,1635.0
2018-03-02T15:00:00Z,175.62,1646.1
2018-03-02T15:30:00Z,180.42,1769.75
2018-03-02T16:00:00Z,187.79,1563.5
2018-03-02T16:30:00Z,183.79,1782.2
2018-03-02T17:00:00Z,196.43,1748.3
2018-03-02T17:30:00Z,185.2,2000.6
2018-03-02T18:00:00Z,190.94,2477.85
2018-03-02T18:30:00Z,191.89,2507.4
2018-03-02T19:00:00Z,174.97,1858.6
2018-03-02T19:30:00Z,167.26,1703.9
2018-03-02T20:00:00Z,161.9,1970.25
2018-03-02T20:30:00Z,157.12,2330.2
2018-03-02T21:00:00Z,123.70999999999998,1706.1
2018-03-02T21:30:00Z,108.69000000000001,1466.35
2018-03-02T22:00:00Z,96.24000000000001,1869.15
2018-03-02T22:30:00Z,91.92,2398.55
2018-03-02T23:00:00Z,57.01,785.55
2018-03-02T23:30:00Z,56.31,505.85
2018-03-03T00:00:00Z,56.35,725.2
2018-03-03T00:30:00Z,60.11000000000001,650.4
2018-03-03T01:00:00Z,96.48,673.8
2018-03-03T01:30:00Z,65.56,718.0
2018-03-03T02:00:00Z,59.93,515.5
2018-03-03T02:30:00Z,56.43,785.5
2018-03-03T03:00:00Z,61.849999999999994,1212.0
2018-03-03T03:30:00Z,58.81000000000001,1302.95
2018-03-03T04:00:00Z,52.17,1193.8
2018-03-03T04:30:00Z,51.57,1240.9
2018-03-03T05:00:00Z,54.43,691.5
2018-03-03T05:30:00Z,51.08,876.35
2018-03-03T06:00:00Z,57.92,1027.75
2018-03-03T06:30:00Z,55.10999999999999,1499.5
2018-03-03T07:00:00Z,54.84,1690.45
2018-03-03T07:30:00Z,56.54,1133.15
2018-03-03T08:00:00Z,59.76,1018.85
2018-03-03T08:30:00Z,60.09,716.5
2018-03-03T09:00:00Z,60.1,592.5
2018-03-03T09:30:00Z,59.61,618.2
2018-03-03T10:00:00Z,103.63,512.5
2018-03-03T10:30:00Z,107.09,546.0
2018-03-03T11:00:00Z,109.82,786.15
2018-03-03T11:30:00Z,109.04,667.2
2018-03-03T12:00:00Z,107.78,634.45
2018-03-03T12:30:00Z,98.78,747.45
2018-03-03T13:00:00Z,87.19,713.0
2018-03-03T13:30:00Z,86.78,791.9
2018-03-03T14:00:00Z,88.49,805.4
2018-03-03T14:30:00Z,87.6,957.9
2018-03-03T15:00:00Z,90.53,1098.65
2018-03-03T15:30:00Z,85.4,1239.5
2018-03-03T16:00:00Z,83.07,1038.7
2018-03-03T16:30:00Z,75.27,1104.8
2018-03-03T17:00:00Z,86.85,954.95
2018-03-03T17:30:00Z,96.45,1006.3
2018-03-03T18:00:00Z,101.12,1124.8
2018-03-03T18:30:00Z,103.57,1154.2
2018-03-03T19:00:00Z,92.86,1066.75
2018-03-03T19:30:00Z,73.89,1015.55
2018-03-03T20:00:00Z,68.25,764.45
2018-03-03T20:30:00Z,62.78,819.35
2018-03-03T21:00:00Z,50.480000000000004,881.95
2018-03-03T21:30:00Z,51.92000000000001,696.35
2018-03-03T22:00:00Z,54.36999999999999,765.25
2018-03-03T22:30:00Z,51.63,884.1
2018-03-03T23:00:00Z,73.5,660.5
2018-03-03T23:30:00Z,77.9,401.4
2018-03-04T00:00:00Z,71.59,365.85
2018-03-04T00:30:00Z,79.04,344.7
2018-03-04T01:00:00Z,80.68,352.9
2018-03-04T01:30:00Z,76.54,311.2
2018-03-04T02:00:00Z,72.54,253.35
2018-03-04T02:30:00Z,71.24,409.35
2018-03-04T03:00:00Z,64.76,538.2
2018-03-04T03:30:00Z,55.66,427.65
2018-03-04T04:00:00Z,53.86,442.5
2018-03-04T04:30:00Z,54.040000000000006,402.8
2018-03-04T05:00:00Z,51.87,486.4
2018-03-04T05:30:00Z,53.09,582.9
2018-03-04T06:00:00Z,58.55,532.55
2018-03-04T06:30:00Z,57.26,1059.05
2018-03-04T07:00:00Z,51.26,1902.6
2018-03-04T07:30:00Z,51.76,1521.0
2018-03-04T08:00:00Z,60.419999999999995,1331.3
2018-03-04T08:30:00Z,65.65,1177.0
2018-03-04T09:00:00Z,79.68,1012.8
2018-03-04T09:30:00Z,79.7,1042.85
2018-03-04T10:00:00Z,76.15,1018.95
2018-03-04T10:30:00Z,74.71,1064.1
2018-03-04T11:00:00Z,69.41,1241.3
2018-03-04T11:30:00Z,70.09,1206.8
2018-03-04T12:00:00Z,71.11,1377.45
2018-03-04T12:30:00Z,70.85,1496.2
2018-03-04T13:00:00Z,65.1,1003.3
2018-03-04T13:30:00Z,63.49,952.8
2018-03-04T14:00:00Z,62.31,1050.2
2018-03-04T14:30:00Z,61.11,975.2
2018-03-04T15:00:00Z,56.53,741.0
2018-03-04T15:30:00Z,57.02,781.25
2018-03-04T16:00:00Z,65.74,843.0
2018-03-04T16:30:00Z,71.03,984.5
2018-03-04T17:00:00Z,86.83,792.5
2018-03-04T17:30:00Z,94.07,776.25
2018-03-04T18:00:00Z,108.45,672.5
2018-03-04T18:30:00Z,108.44,676.0
2018-03-04T19:00:00Z,101.86,752.95
2018-03-04T19:30:00Z,85.9,641.35
2018-03-04T20:00:00Z,77.69,560.8
2018-03-04T20:30:00Z,70.77,827.3
2018-03-04T21:00:00Z,60.09,1142.4
2018-03-04T21:30:00Z,56.78,1443.4
2018-03-04T22:00:00Z,52.81000000000001,1620.75
2018-03-04T22:30:00Z,52.18,1518.85
2018-03-04T23:00:00Z,46.99,724.2
2018-03-04T23:30:00Z,47.06,491.5
2018-03-05T00:00:00Z,45.01,582.5
2018-03-05T00:30:00Z,49.46,409.9
2018-03-05T01:00:00Z,52.79,530.6
2018-03-05T01:30:00Z,54.48,435.15
2018-03-05T02:00:00Z,58.72,514.25
2018-03-05T02:30:00Z,55.68,531.5
2018-03-05T03:00:00Z,55.98,840.25
2018-03-05T03:30:00Z,54.56000000000001,970.2
2018-03-05T04:00:00Z,54.06,971.1
2018-03-05T04:30:00Z,53.92,937.6
2018-03-05T05:00:00Z,53.26,1050.05
2018-03-05T05:30:00Z,53.29,981.85
2018-03-05T06:00:00Z,59.07999999999999,1208.5
2018-03-05T06:30:00Z,55.88,1787.5
2018-03-05T07:00:00Z,58.21,1262.0
2018-03-05T07:30:00Z,65.38,1229.0
2018-03-05T08:00:00Z,66.33,997.8
2018-03-05T08:30:00Z,67.17,968.55
2018-03-05T09:00:00Z,68.91,1072.1
2018-03-05T09:30:00Z,68.97,1017.05
2018-03-05T10:00:00Z,69.46,1052.85
2018-03-05T10:30:00Z,68.61,1000.2
2018-03-05T11:00:00Z,58.36,1212.85
2018-03-05T11:30:00Z,58.349999999999994,1248.85
2018-03-05T12:00:00Z,58.02,1240.0
2018-03-05T12:30:00Z,57.22,1276.55
2018-03-05T13:00:00Z,53.54,1595.1
2018-03-05T13:30:00Z,53.31,1532.85
2018-03-05T14:00:00Z,53.03,1621.35
2018-03-05T14:30:00Z,52.76,1633.6
2018-03-05T15:00:00Z,55.71000000000001,1360.7
2018-03-05T15:30:00Z,56.160000000000004,1354.5
2018-03-05T16:00:00Z,56.71999999999999,1495.65
2018-03-05T16:30:00Z,56.96,1431.25
2018-03-05T17:00:00Z,59.11,1592.1
2018-03-05T17:30:00Z,58.16,1666.25
2018-03-05T18:00:00Z,58.52,1798.9
2018-03-05T18:30:00Z,58.16,2172.0
2018-03-05T19:00:00Z,51.93,2071.15
2018-03-05T19:30:00Z,51.74,1719.05
2018-03-05T20:00:00Z,51.23,2066.6
2018-03-05T20:30:00Z,49.95,1919.1
2018-03-05T21:00:00Z,48.5,2498.1
2018-03-05T21:30:00Z,47.75,2513.2
2018-03-05T22:00:00Z,48.059999999999995,2758.6
2018-03-05T22:30:00Z,47.43,2848.6
2018-03-05T23:00:00Z,40.11,1102.45
2018-03-05T23:30:00Z,40.47,996.4
2018-03-06T00:00:00Z,39.9,923.2
2018-03-06T00:30:00Z,41.25,879.95
2018-03-06T01:00:00Z,43.76,947.3
2018-03-06T01:30:00Z,44.27000000000001,888.95
2018-03-06T02:00:00Z,42.49,783.95
2018-03-06T02:30:00Z,42.86,861.95
2018-03-06T03:00:00Z,41.96,570.1
2018-03-06T03:30:00Z,40.76,541.4
2018-03-06T04:00:00Z,40.32,528.1
2018-03-06T04:30:00Z,40.67,534.55
2018-03-06T05:00:00Z,41.96,661.0
2018-03-06T05:30:00Z,45.07,586.05
2018-03-06T06:00:00Z,48.56,924.05
2018-03-06T06:30:00Z,45.26,1242.8
2018-03-06T07:00:00Z,48.98,1578.7
2018-03-06T07:30:00Z,48.49,966.15
2018-03-06T08:00:00Z,47.63,892.8
2018-03-06T08:30:00Z,46.58,1110.3
2018-03-06T09:00:00Z,47.57,1686.7
2018-03-06T09:30:00Z,47.9,1468.65
2018-03-06T10:00:00Z,48.39,1532.25
2018-03-06T10:30:00Z,48.91,1722.9
2018-03-06T11:00:00Z,48.330000000000005,983.55
2018-03-06T11:30:00Z,48.44,1028.3
2018-03-06T12:00:00Z,48.15999999999999,947.45
2018-03-06T12:30:00Z,53.71,1026.0
2018-03-06T13:00:00Z,59.31,1153.2
2018-03-06T13:30:00Z,60.970000000000006,1361.05
2018-03-06T14:00:00Z,58.86,1477.25
2018-03-06T14:30:00Z,56.16,1722.3
2018-03-06T15:00:00Z,61.25,1229.2
2018-03-06T15:30:00Z,63.0,918.7
2018-03-06T16:00:00Z,64.13,1041.2
2018-03-06T16:30:00Z,65.88,1115.9
2018-03-06T17:00:00Z,72.99,870.4
2018-03-06T17:30:00Z,76.61000000000001,954.75
2018-03-06T18:00:00Z,90.38,959.5
2018-03-06T18:30:00Z,92.28,1002.7
2018-03-06T19:00:00Z,75.87,1124.95
2018-03-06T19:30:00Z,62.65,894.95
2018-03-06T20:00:00Z,61.42,956.65
2018-03-06T20:30:00Z,57.89999999999999,924.6
2018-03-06T21:00:00Z,54.05,871.55
2018-03-06T21:30:00Z,53.28,916.5
2018-03-06T22:00:00Z,53.52,901.75
2018-03-06T22:30:00Z,52.92000000000001,930.5
2018-03-06T23:00:00Z,45.92,600.15
2018-03-06T23:30:00Z,44.43,629.25
2018-03-07T00:00:00Z,46.99,586.05
2018-03-07T00:30:00Z,62.98,645.05
2018-03-07T01:00:00Z,62.43000000000001,592.15
2018-03-07T01:30:00Z,56.7,511.4
2018-03-07T02:00:00Z,52.92,491.25
2018-03-07T02:30:00Z,51.31,446.05
2018-03-07T03:00:00Z,60.51,773.65
2018-03-07T03:30:00Z,54.46,681.95
2018-03-07T04:00:00Z,52.14000000000001,636.3
2018-03-07T04:30:00Z,51.4,660.1
2018-03-07T05:00:00Z,50.67,711.65
2018-03-07T05:30:00Z,47.88,800.0
2018-03-07T06:00:00Z,56.34,1087.05
2018-03-07T06:30:00Z,53.42999999999999,1467.65
2018-03-07T07:00:00Z,63.36,863.4
2018-03-07T07:30:00Z,76.06,782.65
2018-03-07T08:00:00Z,69.85,710.65
2018-03-07T08:30:00Z,61.84,755.1
2018-03-07T09:00:00Z,57.8,818.5
2018-03-07T09:30:00Z,54.04,930.45
2018-03-07T10:00:00Z,54.06999999999999,917.9
2018-03-07T10:30:00Z,52.62,1092.3
2018-03-07T11:00:00Z,47.96,1344.9
2018-03-07T11:30:00Z,47.87,1419.65
2018-03-07T12:00:00Z,47.62,1250.95
2018-03-07T12:30:00Z,47.32,1310.75
2018-03-07T13:00:00Z,47.24,1385.4
2018-03-07T13:30:00Z,49.64,1421.0
2018-03-07T14:00:00Z,49.23,1376.9
2018-03-07T14:30:00Z,47.79,1327.05
2018-03-07T15:00:00Z,50.92,1191.4
2018-03-07T15:30:00Z,51.51,1229.4
2018-03-07T16:00:00Z,53.36,1114.6
2018-03-07T16:30:00Z,54.68,1108.95
2018-03-07T17:00:00Z,71.53,1032.75
2018-03-07T17:30:00Z,74.64,1152.6
2018-03-07T18:00:00Z,83.76,1246.0
2018-03-07T18:30:00Z,83.97,1125.3
2018-03-07T19:00:00Z,69.31,1231.55
2018-03-07T19:30:00Z,65.93,1231.2
2018-03-07T20:00:00Z,60.76,1070.0
2018-03-07T20:30:00Z,57.54,1181.6
2018-03-07T21:00:00Z,59.63000000000001,1394.1
2018-03-07T21:30:00Z,52.27,1162.85
2018-03-07T22:00:00Z,51.93000000000001,973.5
2018-03-07T22:30:00Z,49.47,1345.5
2018-03-07T23:00:00Z,42.63,856.45
2018-03-07T23:30:00Z,41.75,453.5
2018-03-08T00:00:00Z,40.61,449.45
2018-03-08T00:30:00Z,45.14,432.15
2018-03-08T01:00:00Z,0.0,0.0
2018-03-08T01:30:00Z,45.11,533.65
2018-03-08T02:00:00Z,45.38,408.3
2018-03-08T02:30:00Z,44.27,537.7
2018-03-08T03:00:00Z,51.49,487.4
2018-03-08T03:30:00Z,50.85,581.2
2018-03-08T04:00:00Z,49.33,579.4
2018-03-08T04:30:00Z,49.84,552.95
2018-03-08T05:00:00Z,43.54,574.5
2018-03-08T05:30:00Z,43.76,569.8
2018-03-08T06:00:00Z,54.68,975.3
2018-03-08T06:30:00Z,53.46,1185.2
2018-03-08T07:00:00Z,63.59000000000001,1221.45
2018-03-08T07:30:00Z,65.89,1295.85
2018-03-08T08:00:00Z,63.71,1319.05
2018-03-08T08:30:00Z,62.790000000000006,1390.85
2018-03-08T09:00:00Z,55.28,1428.2
2018-03-08T09:30:00Z,51.72999999999999,1285.75
2018-03-08T10:00:00Z,50.86000000000001,1307.55
2018-03-08T10:30:00Z,51.44,1349.5
2018-03-08T11:00:00Z,49.31,1318.4
2018-03-08T11:30:00Z,47.58,1553.5
2018-03-08T12:00:00Z,47.22,1486.0
2018-03-08T12:30:00Z,47.25,1431.9
2018-03-08T13:00:00Z,45.13,1247.25
2018-03-08T13:30:00Z,44.44,1164.7
2018-03-08T14:00:00Z,44.07,1117.8
2018-03-08T14:30:00Z,43.84,1107.75
2018-03-08T15:00:00Z,44.07,806.55
2018-03-08T15:30:00Z,44.71,715.25
2018-03-08T16:00:00Z,44.69,871.5
2018-03-08T16:30:00Z,47.94,784.5
2018-03-08T17:00:00Z,60.18,1535.4
2018-03-08T17:30:00Z,68.2,1283.65
2018-03-08T18:00:00Z,72.08,1331.35
2018-03-08T18:30:00Z,76.71,1608.85
2018-03-08T19:00:00Z,90.46,1177.6
2018-03-08T19:30:00Z,76.59,1094.5
2018-03-08T20:00:00Z,68.8,956.45
2018-03-08T20:30:00Z,57.73,843.3
2018-03-08T21:00:00Z,54.22,962.75
2018-03-08T21:30:00Z,52.45,489.75
2018-03-08T22:00:00Z,47.47,748.25
2018-03-08T22:30:00Z,45.62,762.6
2018-03-08T23:00:00Z,46.49,386.35
2018-03-08T23:30:00Z,45.97999999999999,381.35
2018-03-09T00:00:00Z,46.03,249.85
2018-03-09T00:30:00Z,47.64,279.65
2018-03-09T01:00:00Z,47.63,299.55
2018-03-09T01:30:00Z,46.2,235.65
2018-03-09T02:00:00Z,44.04,272.6
2018-03-09T02:30:00Z,44.89,253.0
2018-03-09T03:00:00Z,44.47,147.1
2018-03-09T03:30:00Z,45.36,143.0
2018-03-09T04:00:00Z,45.33,188.0
2018-03-09T04:30:00Z,48.08,176.1
2018-03-09T05:00:00Z,50.0,281.3
2018-03-09T05:30:00Z,50.84,272.1
2018-03-09T06:00:00Z,54.88,604.75
2018-03-09T06:30:00Z,49.38,722.45
2018-03-09T07:00:00Z,57.76,1364.2
2018-03-09T07:30:00Z,64.5,992.0
2018-03-09T08:00:00Z,66.19,847.15
2018-03-09T08:30:00Z,62.5,1002.4
2018-03-09T09:00:00Z,59.95000000000001,843.65
2018-03-09T09:30:00Z,58.63,827.4
2018-03-09T10:00:00Z,56.19,992.0
2018-03-09T10:30:00Z,56.57,906.45
2018-03-09T11:00:00Z,50.18,819.45
2018-03-09T11:30:00Z,49.94,875.45
2018-03-09T12:00:00Z,50.160000000000004,813.15
2018-03-09T12:30:00Z,50.22,854.7
2018-03-09T13:00:00Z,49.77,696.7
2018-03-09T13:30:00Z,49.220000000000006,796.0
2018-03-09T14:00:00Z,49.37,786.05
2018-03-09T14:30:00Z,48.370000000000005,796.2
2018-03-09T15:00:00Z,49.5,700.5
2018-03-09T15:30:00Z,50.78,613.0
2018-03-09T16:00:00Z,52.99,799.85
2018-03-09T16:30:00Z,67.21,620.0
2018-03-09T17:00:00Z,71.16,690.5
2018-03-09T17:30:00Z,71.7,781.35
2018-03-09T18:00:00Z,77.39,498.2
2018-03-09T18:30:00Z,76.41,539.9
2018-03-09T19:00:00Z,69.6,756.3
2018-03-09T19:30:00Z,54.47999999999999,401.2
2018-03-09T20:00:00Z,51.28000000000001,790.5
2018-03-09T20:30:00Z,50.37,623.9
2018-03-09T21:00:00Z,50.75,844.3
2018-03-09T21:30:00Z,49.33,622.95
2018-03-09T22:00:00Z,46.29,1283.55
2018-03-09T22:30:00Z,44.59,1504.25
2018-03-09T23:00:00Z,47.029999999999994,758.0
2018-03-09T23:30:00Z,49.66,495.5
2018-03-10T00:00:00Z,51.02,496.9
2018-03-10T00:30:00Z,54.34,555.2
2018-03-10T01:00:00Z,55.79,512.7
2018-03-10T01:30:00Z,54.13,599.75
2018-03-10T02:00:00Z,51.64,361.0
2018-03-10T02:30:00Z,52.09,409.35
2018-03-10T03:00:00Z,54.07,461.5
2018-03-10T03:30:00Z,48.02,366.15
2018-03-10T04:00:00Z,46.25999999999999,410.1
2018-03-10T04:30:00Z,45.47,414.95
2018-03-10T05:00:00Z,43.31,436.5
2018-03-10T05:30:00Z,44.58,397.0
2018-03-10T06:00:00Z,43.56,707.5
2018-03-10T06:30:00Z,42.39,1054.9
2018-03-10T07:00:00Z,41.14,876.3
2018-03-10T07:30:00Z,41.89,1249.0
2018-03-10T08:00:00Z,43.620000000000005,956.0
2018-03-10T08:30:00Z,44.24,1059.45
2018-03-10T09:00:00Z,47.480000000000004,814.45
2018-03-10T09:30:00Z,50.22,696.9
2018-03-10T10:00:00Z,53.19,707.1
2018-03-10T10:30:00Z,54.1,684.4
2018-03-10T11:00:00Z,57.51,769.4
2018-03-10T11:30:00Z,57.47,884.25
2018-03-10T12:00:00Z,56.72,920.55
2018-03-10T12:30:00Z,54.68,906.55
2018-03-10T13:00:00Z,48.93,987.35
2018-03-10T13:30:00Z,47.03,1042.7
2018-03-10T14:00:00Z,46.53,1393.85
2018-03-10T14:30:00Z,46.55,1465.3
2018-03-10T15:00:00Z,47.56,905.5
2018-03-10T15:30:00Z,48.78,937.45
2018-03-10T16:00:00Z,46.8,899.1
2018-03-10T16:30:00Z,47.72999999999999,780.95
2018-03-10T17:00:00Z,53.21,878.55
2018-03-10T17:30:00Z,56.22999999999999,840.15
2018-03-10T18:00:00Z,68.68,842.2
2018-03-10T18:30:00Z,70.62,941.75
2018-03-10T19:00:00Z,59.85000000000001,671.55
2018-03-10T19:30:00Z,49.83,850.0
2018-03-10T20:00:00Z,51.6,851.5
2018-03-10T20:30:00Z,47.96,1030.85
2018-03-10T21:00:00Z,47.1,892.85
2018-03-10T21:30:00Z,45.17,805.75
2018-03-10T22:00:00Z,45.3,625.0
2018-03-10T22:30:00Z,45.11000000000001,850.4
2018-03-10T23:00:00Z,44.67,735.5
2018-03-10T23:30:00Z,45.11,360.0
2018-03-11T00:00:00Z,46.48,261.55
2018-03-11T00:30:00Z,54.43999999999999,199.6
2018-03-11T01:00:00Z,55.44,229.6
2018-03-11T01:30:00Z,53.04,242.3
2018-03-11T02:00:00Z,61.70000000000001,224.5
2018-03-11T02:30:00Z,54.489999999999995,189.5
2018-03-11T03:00:00Z,57.02000000000001,354.35
2018-03-11T03:30:00Z,54.71,261.75
2018-03-11T04:00:00Z,53.42,265.0
2018-03-11T04:30:00Z,49.1,290.5
2018-03-11T05:00:00Z,44.23,414.45
2018-03-11T05:30:00Z,43.61,342.75
2018-03-11T06:00:00Z,46.34,295.05
2018-03-11T06:30:00Z,47.44,474.9
2018-03-11T07:00:00Z,44.15,656.6
2018-03-11T07:30:00Z,43.28,507.0
2018-03-11T08:00:00Z,42.98,499.65
2018-03-11T08:30:00Z,43.69,535.5
2018-03-11T09:00:00Z,51.86,296.35
2018-03-11T09:30:00Z,56.559999999999995,326.15
2018-03-11T10:00:00Z,55.88,351.0
2018-03-11T10:30:00Z,53.71,367.35
2018-03-11T11:00:00Z,52.67,506.55
2018-03-11T11:30:00Z,50.1,747.85
2018-03-11T12:00:00Z,50.21,901.85
2018-03-11T12:30:00Z,50.91,741.35
2018-03-11T13:00:00Z,47.82,547.6
2018-03-11T13:30:00Z,47.15,673.75
2018-03-11T14:00:00Z,47.38,771.45
2018-03-11T14:30:00Z,47.870000000000005,734.9
2018-03-11T15:00:00Z,49.74,748.7
2018-03-11T15:30:00Z,48.84,816.9
2018-03-11T16:00:00Z,49.47,801.1
2018-03-11T16:30:00Z,50.35,899.0
2018-03-11T17:00:00Z,59.78999999999999,982.5
2018-03-11T17:30:00Z,59.67000000000001,942.2
2018-03-11T18:00:00Z,66.19,979.0
2018-03-11T18:30:00Z,69.32,1160.85
2018-03-11T19:00:00Z,58.27,941.8
2018-03-11T19:30:00Z,54.35,826.05
2018-03-11T20:00:00Z,53.35,953.4
2018-03-11T20:30:00Z,53.73,1070.55
2018-03-11T21:00:00Z,48.27,616.7
2018-03-11T21:30:00Z,45.74,756.1
2018-03-11T22:00:00Z,44.9,552.2
2018-03-11T22:30:00Z,45.32,835.8
2018-03-11T23:00:00Z,43.64,708.7
2018-03-11T23:30:00Z,44.08,675.95
2018-03-12T00:00:00Z,44.65,539.4
2018-03-12T00:30:00Z,49.37,664.05
2018-03-12T01:00:00Z,49.18,610.5
2018-03-12T01:30:00Z,45.44,549.45
2018-03-12T02:00:00Z,44.07,603.65
2018-03-12T02:30:00Z,43.96,565.9
2018-03-12T03:00:00Z,43.45,335.2
2018-03-12T03:30:00Z,43.01,290.55
2018-03-12T04:00:00Z,42.46,363.4
2018-03-12T04:30:00Z,42.43,372.55
2018-03-12T05:00:00Z,44.7,659.35
2018-03-12T05:30:00Z,45.13,564.5
2018-03-12T06:00:00Z,49.08,802.65
2018-03-12T06:30:00Z,47.2,822.05
2018-03-12T07:00:00Z,46.76,684.1
2018-03-12T07:30:00Z,49.97,848.45
2018-03-12T08:00:00Z,47.96,676.9
2018-03-12T08:30:00Z,46.27,688.95
2018-03-12T09:00:00Z,50.34,1192.45
2018-03-12T09:30:00Z,52.91,1290.0
2018-03-12T10:00:00Z,53.33,1112.6
2018-03-12T10:30:00Z,52.74,1346.2
2018-03-12T11:00:00Z,58.81999999999999,1428.1
2018-03-12T11:30:00Z,59.17999999999999,1563.1
2018-03-12T12:00:00Z,59.75,1536.6
2018-03-12T12:30:00Z,59.94,1539.35
2018-03-12T13:00:00Z,59.87,1360.75
2018-03-12T13:30:00Z,58.2,1382.5
2018-03-12T14:00:00Z,58.79,1604.1
2018-03-12T14:30:00Z,57.86,1568.6
2018-03-12T15:00:00Z,60.8,1293.15
2018-03-12T15:30:00Z,60.17999999999999,1248.4
2018-03-12T16:00:00Z,60.31,1850.45
2018-03-12T16:30:00Z,66.22,1818.8
2018-03-12T17:00:00Z,74.37,1717.0
2018-03-12T17:30:00Z,75.29,1692.0
2018-03-12T18:00:00Z,76.73,1629.85
2018-03-12T18:30:00Z,77.2,1647.8
2018-03-12T19:00:00Z,65.94,2106.3
2018-03-12T19:30:00Z,65.03,2344.0
2018-03-12T20:00:00Z,57.99,2594.1
2018-03-12T20:30:00Z,59.169999999999995,2455.6
2018-03-12T21:00:00Z,60.61,3332.7
2018-03-12T21:30:00Z,59.72,3219.05
2018-03-12T22:00:00Z,59.97,3214.05
2018-03-12T22:30:00Z,58.44,3512.0
2018-03-12T23:00:00Z,55.56,382.95
2018-03-12T23:30:00Z,50.96,193.25
2018-03-13T00:00:00Z,55.19,208.5
2018-03-13T00:30:00Z,64.72,236.5
2018-03-13T01:00:00Z,64.02,263.05
2018-03-13T01:30:00Z,53.1,259.55
2018-03-13T02:00:00Z,56.96,135.5
2018-03-13T02:30:00Z,53.94,272.35
2018-03-13T03:00:00Z,49.96,321.25
2018-03-13T03:30:00Z,49.17,251.0
2018-03-13T04:00:00Z,49.08,406.0
2018-03-13T04:30:00Z,49.29,293.5
2018-03-13T05:00:00Z,50.95,201.45
2018-03-13T05:30:00Z,51.14,474.85
2018-03-13T06:00:00Z,59.67999999999999,791.15
2018-03-13T06:30:00Z,56.81,1021.7
2018-03-13T07:00:00Z,52.5,429.5
2018-03-13T07:30:00Z,58.57,447.7
2018-03-13T08:00:00Z,71.59,493.6
2018-03-13T08:30:00Z,79.07,569.6
2018-03-13T09:00:00Z,81.44,776.9
2018-03-13T09:30:00Z,78.19,865.2
2018-03-13T10:00:00Z,73.32,1023.05
2018-03-13T10:30:00Z,70.06,972.7
2018-03-13T11:00:00Z,54.76,706.6
2018-03-13T11:30:00Z,54.48,720.65
2018-03-13T12:00:00Z,54.18999999999999,779.15
2018-03-13T12:30:00Z,54.66,736.05
2018-03-13T13:00:00Z,53.8,859.05
2018-03-13T13:30:00Z,53.84,853.45
2018-03-13T14:00:00Z,53.65,911.75
2018-03-13T14:30:00Z,53.75,824.95
2018-03-13T15:00:00Z,0.0,0.0
2018-03-13T15:30:00Z,60.71,1309.65
2018-03-13T16:00:00Z,60.9,1336.1
2018-03-13T16:30:00Z,60.91,1451.6
2018-03-13T17:00:00Z,69.08,1668.0
2018-03-13T17:30:00Z,74.15,1437.75
2018-03-13T18:00:00Z,89.29,1499.15
2018-03-13T18:30:00Z,100.84,1307.05
2018-03-13T19:00:00Z,0.0,0.0
2018-03-13T19:30:00Z,0.0,0.0
2018-03-13T20:00:00Z,64.13,742.5
2018-03-13T20:30:00Z,0.0,0.0
2018-03-13T21:00:00Z,57.56,1305.0
2018-03-13T21:30:00Z,57.38,1477.4
2018-03-13T22:00:00Z,55.52,1174.6
2018-03-13T22:30:00Z,52.11,1627.8
2018-03-13T23:00:00Z,63.71999999999999,575.2
2018-03-13T23:30:00Z,69.31,442.8
2018-03-14T00:00:00Z,65.44,378.85
2018-03-14T00:30:00Z,68.81,410.0
2018-03-14T01:00:00Z,54.54,250.4
2018-03-14T01:30:00Z,45.22999999999999,224.45
2018-03-14T02:00:00Z,44.99,438.15
2018-03-14T02:30:00Z,43.78000000000001,416.6
2018-03-14T03:00:00Z,46.28,797.5
2018-03-14T03:30:00Z,45.68,869.35
2018-03-14T04:00:00Z,46.16,783.05
2018-03-14T04:30:00Z,45.42,859.65
2018-03-14T05:00:00Z,45.370000000000005,454.65
2018-03-14T05:30:00Z,47.34,587.6
2018-03-14T06:00:00Z,58.95,727.5
2018-03-14T06:30:00Z,54.330000000000005,821.3
2018-03-14T07:00:00Z,59.39,435.4
2018-03-14T07:30:00Z,71.81,647.25
2018-03-14T08:00:00Z,68.34,529.15
2018-03-14T08:30:00Z,63.18,658.9
2018-03-14T09:00:00Z,56.2,884.5
2018-03-14T09:30:00Z,53.029999999999994,741.8
2018-03-14T10:00:00Z,49.07,991.75
2018-03-14T10:30:00Z,47.74000000000001,1426.05
2018-03-14T11:00:00Z,46.08,1838.2
2018-03-14T11:30:00Z,45.529999999999994,1717.0
2018-03-14T12:00:00Z,45.4,1796.2
2018-03-14T12:30:00Z,45.27519249779583,1871.45
2018-03-14T13:00:00Z,45.99,2383.25
2018-03-14T13:30:00Z,46.37,2400.5
2018-03-14T14:00:00Z,47.128238918704035,2515.5
2018-03-14T14:30:00Z,46.42,2497.25
2018-03-14T15:00:00Z,46.73,1074.5
2018-03-14T15:30:00Z,45.77,1300.85
2018-03-14T16:00:00Z,45.53,1578.3
2018-03-14T16:30:00Z,48.24,1240.7
2018-03-14T17:00:00Z,50.69,1454.45
2018-03-14T17:30:00Z,52.64000000000001,1293.15
2018-03-14T18:00:00Z,56.99,1171.95
2018-03-14T18:30:00Z,62.17,986.95
2018-03-14T19:00:00Z,55.6,1030.1
2018-03-14T19:30:00Z,49.45,857.25
2018-03-14T20:00:00Z,51.36,1093.25
2018-03-14T20:30:00Z,49.27,1270.25
2018-03-14T21:00:00Z,50.29,1415.05
2018-03-14T21:30:00Z,48.86,1388.5
2018-03-14T22:00:00Z,46.98,2159.85
2018-03-14T22:30:00Z,46.03,2082.0
2018-03-14T23:00:00Z,39.0,318.9
2018-03-14T23:30:00Z,42.02,430.5
2018-03-15T00:00:00Z,40.57,259.55
2018-03-15T00:30:00Z,43.61,332.85
2018-03-15T01:00:00Z,42.25,469.8
2018-03-15T01:30:00Z,41.87,358.95
2018-03-15T02:00:00Z,39.91,507.3
2018-03-15T02:30:00Z,39.86,575.0
2018-03-15T03:00:00Z,40.41,460.25
2018-03-15T03:30:00Z,37.27,447.0
2018-03-15T04:00:00Z,37.46,406.3
2018-03-15T04:30:00Z,37.5,542.8
2018-03-15T05:00:00Z,51.02,347.3
2018-03-15T05:30:00Z,53.5,379.0
2018-03-15T06:00:00Z,62.6,565.1
2018-03-15T06:30:00Z,50.86000000000001,973.75
2018-03-15T07:00:00Z,48.56,897.25
2018-03-15T07:30:00Z,50.04,678.35
2018-03-15T08:00:00Z,47.27,588.75
2018-03-15T08:30:00Z,45.22,1115.85
2018-03-15T09:00:00Z,48.35,954.45
2018-03-15T09:30:00Z,49.35,1099.05
2018-03-15T10:00:00Z,49.98,1030.25
2018-03-15T10:30:00Z,51.56,1195.25
2018-03-15T11:00:00Z,53.86,928.15
2018-03-15T11:30:00Z,52.72,928.75
2018-03-15T12:00:00Z,52.84,937.75
2018-03-15T12:30:00Z,52.59,1022.0
2018-03-15T13:00:00Z,55.58,916.5
2018-03-15T13:30:00Z,55.78,912.6
2018-03-15T14:00:00Z,55.41,827.55
2018-03-15T14:30:00Z,54.76,982.5
2018-03-15T15:00:00Z,61.6,1642.15
2018-03-15T15:30:00Z,61.77,1585.15
2018-03-15T16:00:00Z,61.8,1664.95
2018-03-15T16:30:00Z,61.76,1618.0
2018-03-15T17:00:00Z,74.45,1482.6
2018-03-15T17:30:00Z,78.18,1378.85
2018-03-15T18:00:00Z,79.22,1474.75
2018-03-15T18:30:00Z,79.97,1684.5
2018-03-15T19:00:00Z,80.23,1543.65
2018-03-15T19:30:00Z,76.16,1093.55
2018-03-15T20:00:00Z,64.42,1091.55
2018-03-15T20:30:00Z,62.84,1115.2
2018-03-15T21:00:00Z,57.09000000000001,1157.4
2018-03-15T21:30:00Z,55.5,1312.25
2018-03-15T22:00:00Z,53.84,1676.1
2018-03-15T22:30:00Z,52.97,2051.35
2018-03-15T23:00:00Z,52.08,258.75
2018-03-15T23:30:00Z,50.59,237.8
2018-03-16T00:00:00Z,52.04,196.25
2018-03-16T00:30:00Z,67.68,382.7
2018-03-16T01:00:00Z,60.88,390.6
2018-03-16T01:30:00Z,57.56,363.75
2018-03-16T02:00:00Z,52.46999999999999,374.2
2018-03-16T02:30:00Z,51.97,283.7
2018-03-16T03:00:00Z,50.51,456.5
2018-03-16T03:30:00Z,50.839999999999996,461.5
2018-03-16T04:00:00Z,50.1,472.8
2018-03-16T04:30:00Z,49.93,511.15
2018-03-16T05:00:00Z,51.57,308.15
2018-03-16T05:30:00Z,53.27,394.85
2018-03-16T06:00:00Z,62.71000000000001,729.0
2018-03-16T06:30:00Z,49.489999999999995,718.95
2018-03-16T07:00:00Z,56.5,1142.5
2018-03-16T07:30:00Z,61.59,894.65
2018-03-16T08:00:00Z,60.75,962.3
2018-03-16T08:30:00Z,60.34,980.55
2018-03-16T09:00:00Z,62.230000000000004,1324.65
2018-03-16T09:30:00Z,61.56000000000001,1197.7
2018-03-16T10:00:00Z,59.67,1328.1
2018-03-16T10:30:00Z,56.94,1578.4
2018-03-16T11:00:00Z,49.08,1067.7
2018-03-16T11:30:00Z,49.11,1229.4
2018-03-16T12:00:00Z,48.95,1098.6
2018-03-16T12:30:00Z,49.13,1157.9
2018-03-16T13:00:00Z,49.62,1183.9
2018-03-16T13:30:00Z,49.61,1172.2
2018-03-16T14:00:00Z,49.32,1314.2
2018-03-16T14:30:00Z,48.9,1353.65
2018-03-16T15:00:00Z,56.16,1163.0
2018-03-16T15:30:00Z,56.79,1201.1
2018-03-16T16:00:00Z,56.53,1490.2
2018-03-16T16:30:00Z,62.220000000000006,1409.25
2018-03-16T17:00:00Z,67.24,1980.55
2018-03-16T17:30:00Z,76.51,1798.6
2018-03-16T18:00:00Z,76.84,1942.8
2018-03-16T18:30:00Z,83.2,2147.6
2018-03-16T19:00:00Z,81.55,1690.45
2018-03-16T19:30:00Z,68.76,1207.5
2018-03-16T20:00:00Z,62.45000000000001,1417.1
2018-03-16T20:30:00Z,59.1,1451.6
2018-03-16T21:00:00Z,51.22,1833.0
2018-03-16T21:30:00Z,51.04,1573.2
2018-03-16T22:00:00Z,50.470000000000006,1624.9
2018-03-16T22:30:00Z,49.04,2232.95
2018-03-16T23:00:00Z,53.27000000000001,745.1
2018-03-16T23:30:00Z,51.96,751.05
2018-03-17T00:00:00Z,54.66,693.75
2018-03-17T00:30:00Z,54.540000000000006,629.95
2018-03-17T01:00:00Z,53.36,516.75
2018-03-17T01:30:00Z,50.25,479.55
2018-03-17T02:00:00Z,49.03,501.65
2018-03-17T02:30:00Z,47.4,500.1
2018-03-17T03:00:00Z,39.51,514.2
2018-03-17T03:30:00Z,37.66,410.7
2018-03-17T04:00:00Z,37.81,518.85
2018-03-17T04:30:00Z,37.39,560.05
2018-03-17T05:00:00Z,40.85,532.65
2018-03-17T05:30:00Z,42.88,430.55
2018-03-17T06:00:00Z,49.46,750.45
2018-03-17T06:30:00Z,43.86,698.8
2018-03-17T07:00:00Z,44.07,883.1
2018-03-17T07:30:00Z,42.06,655.1
2018-03-17T08:00:00Z,41.01,809.5
2018-03-17T08:30:00Z,43.33,843.5
2018-03-17T09:00:00Z,44.13,905.5
2018-03-17T09:30:00Z,47.83,881.7
2018-03-17T10:00:00Z,48.06,898.0
2018-03-17T10:30:00Z,47.52,1034.5
2018-03-17T11:00:00Z,48.95,777.95
2018-03-17T11:30:00Z,46.63,775.65
2018-03-17T12:00:00Z,46.84,868.6
2018-03-17T12:30:00Z,46.75,867.9
2018-03-17T13:00:00Z,48.03,1005.15
2018-03-17T13:30:00Z,48.43,1015.5
2018-03-17T14:00:00Z,48.15,1108.4
2018-03-17T14:30:00Z,47.3,1172.5
2018-03-17T15:00:00Z,48.66,1004.5
2018-03-17T15:30:00Z,46.88,954.5
2018-03-17T16:00:00Z,47.58,898.25
2018-03-17T16:30:00Z,48.03,994.0
2018-03-17T17:00:00Z,54.1,1069.9
2018-03-17T17:30:00Z,57.52,960.35
2018-03-17T18:00:00Z,65.31,863.0
2018-03-17T18:30:00Z,71.34999999999998,956.6
2018-03-17T19:00:00Z,65.46,765.45
2018-03-17T19:30:00Z,58.8,828.5
2018-03-17T20:00:00Z,53.33,595.2
2018-03-17T20:30:00Z,52.52,585.85
2018-03-17T21:00:00Z,50.45,889.65
2018-03-17T21:30:00Z,48.92,744.65
2018-03-17T22:00:00Z,48.11,1019.65
2018-03-17T22:30:00Z,48.08,1262.6
2018-03-17T23:00:00Z,47.97,150.5
2018-03-17T23:30:00Z,32.05,119.35
2018-03-18T00:00:00Z,31.77,126.35
2018-03-18T00:30:00Z,43.48,337.75
2018-03-18T01:00:00Z,48.69,653.4
2018-03-18T01:30:00Z,48.63,574.5
2018-03-18T02:00:00Z,50.3,622.0
2018-03-18T02:30:00Z,48.36,574.5
2018-03-18T03:00:00Z,40.46,458.9
2018-03-18T03:30:00Z,43.57,574.75
2018-03-18T04:00:00Z,42.88,535.25
2018-03-18T04:30:00Z,41.68,582.45
2018-03-18T05:00:00Z,42.58,658.05
2018-03-18T05:30:00Z,43.63,634.55
2018-03-18T06:00:00Z,44.57,661.45
2018-03-18T06:30:00Z,45.39,722.9
2018-03-18T07:00:00Z,57.800000000000004,569.55
2018-03-18T07:30:00Z,54.98,427.25
2018-03-18T08:00:00Z,50.53,469.6
2018-03-18T08:30:00Z,51.78,483.8
2018-03-18T09:00:00Z,50.65,793.1
2018-03-18T09:30:00Z,50.22,827.9
2018-03-18T10:00:00Z,50.81,739.9
2018-03-18T10:30:00Z,50.66,903.0
2018-03-18T11:00:00Z,59.62,473.5
2018-03-18T11:30:00Z,59.79,495.2
2018-03-18T12:00:00Z,64.36,613.5
2018-03-18T12:30:00Z,66.57,664.0
2018-03-18T13:00:00Z,65.51,646.45
2018-03-18T13:30:00Z,63.660000000000004,741.9
2018-03-18T14:00:00Z,62.82,808.45
2018-03-18T14:30:00Z,62.63000000000001,781.05
2018-03-18T15:00:00Z,68.25,783.75
2018-03-18T15:30:00Z,68.44,865.0
2018-03-18T16:00:00Z,66.98,1007.45
2018-03-18T16:30:00Z,65.06,1218.25
2018-03-18T17:00:00Z,64.24,1025.55
2018-03-18T17:30:00Z,68.22,868.15
2018-03-18T18:00:00Z,69.38,870.05
2018-03-18T18:30:00Z,73.5,968.35
2018-03-18T19:00:00Z,74.11,1367.45
2018-03-18T19:30:00Z,67.31,1111.8
2018-03-18T20:00:00Z,68.12,939.8
2018-03-18T20:30:00Z,63.8,1074.7
2018-03-18T21:00:00Z,62.46,1271.2
2018-03-18T21:30:00Z,60.290000000000006,1238.85
2018-03-18T22:00:00Z,57.61,1614.45
2018-03-18T22:30:00Z,58.33,1558.8
2018-03-18T23:00:00Z,44.94,539.65
2018-03-18T23:30:00Z,44.98,286.2
2018-03-19T00:00:00Z,47.82,183.0
2018-03-19T00:30:00Z,48.97,214.5
2018-03-19T01:00:00Z,47.49,194.95
2018-03-19T01:30:00Z,46.769999999999996,187.0
2018-03-19T02:00:00Z,45.49,355.3
2018-03-19T02:30:00Z,46.93,510.8
2018-03-19T03:00:00Z,46.61000000000001,383.25
2018-03-19T03:30:00Z,47.19,392.55
2018-03-19T04:00:00Z,50.27,485.95
2018-03-19T04:30:00Z,47.67,430.25
2018-03-19T05:00:00Z,55.35,379.8
2018-03-19T05:30:00Z,58.71,320.0
2018-03-19T06:00:00Z,63.07,664.7
2018-03-19T06:30:00Z,60.44,1235.85
2018-03-19T07:00:00Z,62.14000000000001,819.95
2018-03-19T07:30:00Z,64.82,874.0
2018-03-19T08:00:00Z,67.18,803.25
2018-03-19T08:30:00Z,65.87,840.65
2018-03-19T09:00:00Z,59.76,705.1
2018-03-19T09:30:00Z,56.44,740.5
2018-03-19T10:00:00Z,53.28,1000.5
2018-03-19T10:30:00Z,52.08,1090.8
2018-03-19T11:00:00Z,46.45,1784.9
2018-03-19T11:30:00Z,46.41,1896.5
2018-03-19T12:00:00Z,46.91,1863.4
2018-03-19T12:30:00Z,46.37,1928.0
2018-03-19T13:00:00Z,45.87,1807.5
2018-03-19T13:30:00Z,46.39,1609.85
2018-03-19T14:00:00Z,45.65,1839.55
2018-03-19T14:30:00Z,45.519999999999996,1920.2
2018-03-19T15:00:00Z,45.66,1880.8
2018-03-19T15:30:00Z,46.48,1590.4
2018-03-19T16:00:00Z,46.24,1537.75
2018-03-19T16:30:00Z,47.18,1790.2
2018-03-19T17:00:00Z,50.82,1190.75
2018-03-19T17:30:00Z,51.27,1231.3
2018-03-19T18:00:00Z,60.28,1058.55
2018-03-19T18:30:00Z,69.68,1193.05
2018-03-19T19:00:00Z,62.18000000000001,1061.9
2018-03-19T19:30:00Z,56.12,840.7
2018-03-19T20:00:00Z,51.61,1128.25
2018-03-19T20:30:00Z,51.27,994.55
2018-03-19T21:00:00Z,51.06999999999999,1287.05
2018-03-19T21:30:00Z,49.69,1096.7
2018-03-19T22:00:00Z,49.74,1258.15
2018-03-19T22:30:00Z,48.75,2068.15
2018-03-19T23:00:00Z,49.77,752.2
2018-03-19T23:30:00Z,49.65,632.0
2018-03-20T00:00:00Z,47.47,599.45
2018-03-20T00:30:00Z,57.25,484.75
2018-03-20T01:00:00Z,57.72,377.5
2018-03-20T01:30:00Z,51.57,595.7
2018-03-20T02:00:00Z,50.79,310.15
2018-03-20T02:30:00Z,51.59,236.75
2018-03-20T03:00:00Z,50.68,412.65
2018-03-20T03:30:00Z,48.96,373.05
2018-03-20T04:00:00Z,47.69,522.4
2018-03-20T04:30:00Z,47.09,512.35
2018-03-20T05:00:00Z,47.14,545.3
2018-03-20T05:30:00Z,49.15,673.1
2018-03-20T06:00:00Z,66.13,684.35
2018-03-20T06:30:00Z,55.86999999999999,868.1
2018-03-20T07:00:00Z,60.09,968.3
2018-03-20T07:30:00Z,63.02000000000001,834.7
2018-03-20T08:00:00Z,60.650000000000006,659.4
2018-03-20T08:30:00Z,57.51,683.1
2018-03-20T09:00:00Z,49.58,605.45
2018-03-20T09:30:00Z,45.91,602.5
2018-03-20T10:00:00Z,44.28,795.65
2018-03-20T10:30:00Z,43.75,1079.35
2018-03-20T11:00:00Z,45.65,1249.5
2018-03-20T11:30:00Z,46.45,1193.5
2018-03-20T12:00:00Z,47.74,1352.45
2018-03-20T12:30:00Z,46.68,1388.1
2018-03-20T13:00:00Z,46.64,1386.0
2018-03-20T13:30:00Z,46.71,1209.55
2018-03-20T14:00:00Z,46.44,1339.5
2018-03-20T14:30:00Z,46.14999999999999,1441.95
2018-03-20T15:00:00Z,48.85,1293.55
2018-03-20T15:30:00Z,53.47,1090.4
2018-03-20T16:00:00Z,52.8,1028.05
2018-03-20T16:30:00Z,51.88,1177.0
2018-03-20T17:00:00Z,55.16,746.15
2018-03-20T17:30:00Z,54.19,867.55
2018-03-20T18:00:00Z,58.62,984.75
2018-03-20T18:30:00Z,69.89,1180.9
2018-03-20T19:00:00Z,60.870000000000005,720.0
2018-03-20T19:30:00Z,58.16,669.45
2018-03-20T20:00:00Z,55.96,417.05
2018-03-20T20:30:00Z,54.74,840.2
2018-03-20T21:00:00Z,51.4,666.2
2018-03-20T21:30:00Z,51.96,1158.0
2018-03-20T22:00:00Z,50.13,999.5
2018-03-20T22:30:00Z,49.55,1139.6
2018-03-20T23:00:00Z,48.9,474.4
2018-03-20T23:30:00Z,47.75,464.6
2018-03-21T00:00:00Z,47.46,463.8
2018-03-21T00:30:00Z,48.55,344.05
2018-03-21T01:00:00Z,50.72,290.75
2018-03-21T01:30:00Z,48.54,364.6
2018-03-21T02:00:00Z,47.19,337.1
2018-03-21T02:30:00Z,47.77,299.45
2018-03-21T03:00:00Z,50.06,291.5
2018-03-21T03:30:00Z,48.16,329.35
2018-03-21T04:00:00Z,51.75,340.45
2018-03-21T04:30:00Z,51.85,482.0
2018-03-21T05:00:00Z,75.05,524.75
2018-03-21T05:30:00Z,74.07,511.2
2018-03-21T06:00:00Z,79.3,502.65
2018-03-21T06:30:00Z,67.13,814.7
2018-03-21T07:00:00Z,66.46,676.3
2018-03-21T07:30:00Z,73.27,616.7
2018-03-21T08:00:00Z,68.55,625.7
2018-03-21T08:30:00Z,58.84,586.05
2018-03-21T09:00:00Z,48.92000000000001,682.3
2018-03-21T09:30:00Z,47.85,862.15
2018-03-21T10:00:00Z,50.12,1087.9
2018-03-21T10:30:00Z,48.47,1053.5
2018-03-21T11:00:00Z,46.04,1274.05
2018-03-21T11:30:00Z,45.7,1492.85
2018-03-21T12:00:00Z,45.959999999999994,1652.5
2018-03-21T13:00:00Z,45.4,1779.0
2018-03-21T13:30:00Z,45.46,1749.45
2018-03-21T14:00:00Z,45.63,1823.9
2018-03-21T14:30:00Z,45.03,1870.85
2018-03-21T15:00:00Z,48.38999999999999,1495.15
2018-03-21T15:30:00Z,48.55,1344.8
2018-03-21T16:00:00Z,48.82,1328.95
2018-03-21T16:30:00Z,49.59,1231.9
2018-03-21T17:00:00Z,54.62,1546.7
2018-03-21T17:30:00Z,58.82999999999999,1187.0
2018-03-21T18:00:00Z,59.85,1363.05
2018-03-21T18:30:00Z,63.2,1296.6
2018-03-21T19:00:00Z,60.61,1329.5
2018-03-21T19:30:00Z,54.25,1064.4
2018-03-21T20:00:00Z,53.18,1027.8
2018-03-21T20:30:00Z,52.61,1038.85
2018-03-21T21:00:00Z,47.15,1379.15
2018-03-21T21:30:00Z,47.24,1817.25
2018-03-21T22:00:00Z,46.14,1896.6
2018-03-21T22:30:00Z,45.08,2125.85
2018-03-21T23:00:00Z,38.75,708.75
2018-03-21T23:30:00Z,41.22,436.5
2018-03-22T00:00:00Z,40.0,626.0
2018-03-22T00:30:00Z,43.63,607.55
2018-03-22T01:00:00Z,48.95,638.65
2018-03-22T01:30:00Z,43.92,576.55
2018-03-22T02:00:00Z,43.6,515.65
2018-03-22T02:30:00Z,43.05,572.5
2018-03-22T03:00:00Z,41.23,532.85
2018-03-22T03:30:00Z,39.24,506.75
2018-03-22T04:00:00Z,42.06,598.15
2018-03-22T04:30:00Z,40.51,489.4
2018-03-22T05:00:00Z,58.95,459.75
2018-03-22T05:30:00Z,52.22,349.75
2018-03-22T06:00:00Z,54.3,475.5
2018-03-22T06:30:00Z,44.16,716.85
2018-03-22T07:00:00Z,51.24,741.95
2018-03-22T07:30:00Z,54.62,969.7
2018-03-22T08:00:00Z,55.28999999999999,804.9
2018-03-22T08:30:00Z,54.17,831.1
2018-03-22T09:00:00Z,51.32,770.95
2018-03-22T09:30:00Z,48.86,682.7
2018-03-22T10:00:00Z,47.93000000000001,790.85
2018-03-22T10:30:00Z,47.3,843.15
2018-03-22T11:00:00Z,42.93000000000001,831.2
2018-03-22T11:30:00Z,42.92,850.6
2018-03-22T12:00:00Z,44.61000000000001,811.25
2018-03-22T12:30:00Z,45.63,850.8
2018-03-22T13:00:00Z,48.1,1076.4
2018-03-22T13:30:00Z,47.43,1174.55
2018-03-22T14:00:00Z,46.38,1230.8
2018-03-22T14:30:00Z,46.04,1307.4
2018-03-22T15:00:00Z,50.09,1438.65
2018-03-22T15:30:00Z,52.02,1120.65
2018-03-22T16:00:00Z,50.02,1224.8
2018-03-22T16:30:00Z,51.36,1232.8
2018-03-22T17:00:00Z,57.29,1330.5
2018-03-22T17:30:00Z,58.36,1364.65
2018-03-22T18:00:00Z,64.02,1720.8
2018-03-22T18:30:00Z,70.34,1579.35
2018-03-22T19:00:00Z,58.06,1202.65
2018-03-22T19:30:00Z,54.76,1051.85
2018-03-22T20:00:00Z,52.46,1030.4
2018-03-22T20:30:00Z,52.98,1181.9
2018-03-22T21:00:00Z,50.68,1678.0
2018-03-22T21:30:00Z,49.75,1907.3
2018-03-22T22:00:00Z,48.56,1852.4
2018-03-22T22:30:00Z,48.15,2201.6
2018-03-22T23:00:00Z,41.17,487.8
2018-03-22T23:30:00Z,37.48,465.15
2018-03-23T00:00:00Z,39.81,431.75
2018-03-23T00:30:00Z,49.54,391.1
2018-03-23T01:00:00Z,54.82,293.7
2018-03-23T01:30:00Z,51.41,303.15
2018-03-23T02:00:00Z,50.42,389.7
2018-03-23T02:30:00Z,49.04,411.15
2018-03-23T03:00:00Z,40.96,418.4
2018-03-23T03:30:00Z,34.66,303.25
2018-03-23T04:00:00Z,35.04,354.9
2018-03-23T04:30:00Z,35.12,368.3
2018-03-23T05:00:00Z,47.2,464.6
2018-03-23T05:30:00Z,48.08,587.0
2018-03-23T06:00:00Z,62.58,638.05
2018-03-23T06:30:00Z,50.69,883.6
2018-03-23T07:00:00Z,51.37,632.25
2018-03-23T07:30:00Z,59.44,695.5
2018-03-23T08:00:00Z,60.22,668.0
2018-03-23T08:30:00Z,54.14,645.4
2018-03-23T09:00:00Z,46.43,670.25
2018-03-23T09:30:00Z,45.06,508.85
2018-03-23T10:00:00Z,46.11999999999999,743.05
2018-03-23T10:30:00Z,47.47,709.55
2018-03-23T11:00:00Z,47.28,1280.0
2018-03-23T11:30:00Z,46.03,1272.05
2018-03-23T12:00:00Z,44.48,1084.15
2018-03-23T12:30:00Z,43.8,1244.05
2018-03-23T13:00:00Z,42.58,1661.65
2018-03-23T13:30:00Z,43.08,1649.4
2018-03-23T14:00:00Z,43.55,1756.55
2018-03-23T14:30:00Z,43.36,1689.2
2018-03-23T15:00:00Z,49.14,1671.65
2018-03-23T15:30:00Z,50.190000000000005,1736.6
2018-03-23T16:00:00Z,54.25,1690.0
2018-03-23T16:30:00Z,59.32,2201.55
2018-03-23T17:00:00Z,73.1,1320.85
2018-03-23T17:30:00Z,77.68,1698.1
2018-03-23T18:00:00Z,76.47,1567.0
2018-03-23T18:30:00Z,82.47,1863.45
2018-03-23T19:00:00Z,85.94,1420.05
2018-03-23T19:30:00Z,82.22,1288.5
2018-03-23T20:00:00Z,78.65,1500.5
2018-03-23T20:30:00Z,72.06,1264.4
2018-03-23T21:00:00Z,53.28,905.5
2018-03-23T21:30:00Z,51.529999999999994,923.15
2018-03-23T22:00:00Z,51.43,917.1
2018-03-23T22:30:00Z,49.48,1024.1
2018-03-23T23:00:00Z,48.02,407.85
2018-03-23T23:30:00Z,48.410000000000004,354.25
2018-03-24T00:00:00Z,49.64,265.15
2018-03-24T00:30:00Z,52.34,301.0
2018-03-24T01:00:00Z,52.34,310.85
2018-03-24T01:30:00Z,52.67,418.4
2018-03-24T02:00:00Z,49.62,409.0
2018-03-24T02:30:00Z,48.51,372.5
2018-03-24T03:00:00Z,43.75,531.4
2018-03-24T03:30:00Z,42.61,479.7
2018-03-24T04:00:00Z,42.64,455.15
2018-03-24T04:30:00Z,42.52,520.9
2018-03-24T05:00:00Z,42.31,560.6
2018-03-24T05:30:00Z,42.29,697.15
2018-03-24T06:00:00Z,44.19,1005.2
2018-03-24T06:30:00Z,42.2,783.85
2018-03-24T07:00:00Z,43.88,661.8
2018-03-24T07:30:00Z,45.66,725.95
2018-03-24T08:00:00Z,46.43,583.2
2018-03-24T08:30:00Z,46.64,587.6
2018-03-24T09:00:00Z,56.74,600.15
2018-03-24T09:30:00Z,57.51,563.0
2018-03-24T10:00:00Z,61.29,732.25
2018-03-24T10:30:00Z,61.83,818.3
2018-03-24T11:00:00Z,56.98,601.75
2018-03-24T11:30:00Z,56.73,619.85
2018-03-24T12:00:00Z,55.3,605.75
2018-03-24T12:30:00Z,52.4,560.95
2018-03-24T13:00:00Z,48.23,970.3
2018-03-24T13:30:00Z,47.95,898.95
2018-03-24T14:00:00Z,47.33,975.5
2018-03-24T14:30:00Z,47.38,994.0
2018-03-24T15:00:00Z,56.29,936.0
2018-03-24T15:30:00Z,55.2,914.45
2018-03-24T16:00:00Z,54.0,1019.0
2018-03-24T16:30:00Z,53.86,948.35
2018-03-24T17:00:00Z,66.57,853.65
2018-03-24T17:30:00Z,70.9,870.55
2018-03-24T18:00:00Z,71.29,829.2
2018-03-24T18:30:00Z,79.0,1026.5
2018-03-24T19:00:00Z,86.5,698.45
2018-03-24T19:30:00Z,68.89,517.85
2018-03-24T20:00:00Z,59.31999999999999,562.8
2018-03-24T20:30:00Z,56.03,529.3
2018-03-24T21:00:00Z,54.76,489.5
2018-03-24T21:30:00Z,55.25999999999999,425.5
2018-03-24T22:00:00Z,53.13,548.55
2018-03-24T22:30:00Z,50.67,570.3
2018-03-24T23:00:00Z,46.92,600.5
2018-03-25T02:30:00Z,43.45,408.6
2018-03-25T03:00:00Z,43.05,508.3
2018-03-25T03:30:00Z,43.51,397.55
2018-03-25T04:00:00Z,44.45,320.75
2018-03-25T04:30:00Z,43.46,424.8
2018-03-25T05:00:00Z,44.79,574.4
2018-03-25T05:30:00Z,42.01,526.1
2018-03-25T06:00:00Z,44.13,552.2
2018-03-25T06:30:00Z,43.77,553.95
2018-03-25T07:00:00Z,44.599999999999994,455.85
2018-03-25T07:30:00Z,44.83,524.45
2018-03-25T08:00:00Z,45.49,852.4
2018-03-25T08:30:00Z,45.01,829.7
2018-03-25T09:00:00Z,46.73,787.0
2018-03-25T09:30:00Z,48.85,752.5
2018-03-25T10:00:00Z,49.06,938.2
2018-03-25T10:30:00Z,46.9,948.6
2018-03-25T11:00:00Z,46.3,1052.65
2018-03-25T11:30:00Z,45.96,1055.25
2018-03-25T12:00:00Z,45.32,1070.6
2018-03-25T12:30:00Z,44.48,1226.3
2018-03-25T13:00:00Z,44.54,1107.7
2018-03-25T13:30:00Z,43.56,1315.4
2018-03-25T14:00:00Z,42.63,1329.05
2018-03-25T14:30:00Z,42.6,1210.75
2018-03-25T15:00:00Z,43.14,1293.35
2018-03-25T15:30:00Z,44.73,1189.5
2018-03-25T16:00:00Z,47.76,1124.45
2018-03-25T16:30:00Z,48.38,1107.7
2018-03-25T17:00:00Z,49.13,979.9
2018-03-25T17:30:00Z,51.15,910.05
2018-03-25T18:00:00Z,58.540000000000006,811.7
2018-03-25T18:30:00Z,69.32,694.45
2018-03-25T19:00:00Z,79.73,786.2
2018-03-25T19:30:00Z,66.33,817.35
2018-03-25T20:00:00Z,65.7,744.05
2018-03-25T20:30:00Z,50.87,527.6
2018-03-25T21:00:00Z,48.09000000000001,733.95
2018-03-25T21:30:00Z,46.99,558.2
2018-03-25T22:00:00Z,42.86,361.4
2018-03-25T22:30:00Z,42.99,349.65
2018-03-25T23:00:00Z,41.19,326.9
2018-03-25T23:30:00Z,40.79,494.1
2018-03-26T00:00:00Z,42.12,329.25
2018-03-26T00:30:00Z,42.28,398.65
2018-03-26T01:00:00Z,41.25,511.45
2018-03-26T01:30:00Z,41.75000000000001,430.9
2018-03-26T02:00:00Z,37.94,303.5
2018-03-26T02:30:00Z,40.65,287.2
2018-03-26T03:00:00Z,42.54,530.3
2018-03-26T03:30:00Z,42.05,495.75
2018-03-26T04:00:00Z,49.28,374.5
2018-03-26T04:30:00Z,45.79,307.4
2018-03-26T05:00:00Z,47.48,381.9
2018-03-26T05:30:00Z,46.44,463.45
2018-03-26T06:00:00Z,55.96999999999999,423.1
2018-03-26T06:30:00Z,73.55,772.55
2018-03-26T07:00:00Z,72.93,743.95
2018-03-26T07:30:00Z,74.65,570.1
2018-03-26T08:00:00Z,62.23,716.3
2018-03-26T08:30:00Z,56.36000000000001,656.95
2018-03-26T09:00:00Z,56.53999999999999,629.9
2018-03-26T09:30:00Z,53.529999999999994,818.05
2018-03-26T10:00:00Z,45.1,1306.45
2018-03-26T10:30:00Z,44.73,1393.0
2018-03-26T11:00:00Z,44.24,1480.65
2018-03-26T11:30:00Z,44.29999999999999,1561.0
2018-03-26T12:00:00Z,43.16,1649.25
2018-03-26T12:30:00Z,43.32,1705.5
2018-03-26T13:00:00Z,43.59,1854.05
2018-03-26T13:30:00Z,43.99,1813.9
2018-03-26T14:00:00Z,46.66,1517.8
2018-03-26T14:30:00Z,46.02,1534.75
2018-03-26T15:00:00Z,46.22,1495.05
2018-03-26T15:30:00Z,47.86999999999999,1625.8
2018-03-26T16:00:00Z,56.48,1023.5
2018-03-26T16:30:00Z,56.19,1025.35
2018-03-26T17:00:00Z,53.66,888.8
2018-03-26T17:30:00Z,54.059999999999995,906.15
2018-03-26T18:00:00Z,52.27,651.75
2018-03-26T18:30:00Z,53.34,690.9
2018-03-26T19:00:00Z,56.77,530.7
2018-03-26T19:30:00Z,53.04,762.9
2018-03-26T20:00:00Z,47.66,659.1
2018-03-26T20:30:00Z,44.470000000000006,740.1
2018-03-26T21:00:00Z,44.1,1436.7
2018-03-26T21:30:00Z,43.5,1729.95
2018-03-26T22:00:00Z,42.94,454.1
2018-03-26T22:30:00Z,42.15,306.6
2018-03-26T23:00:00Z,39.94,467.6
2018-03-26T23:30:00Z,40.88,309.35
2018-03-27T00:00:00Z,42.36,260.75
2018-03-27T00:30:00Z,42.49,238.15
2018-03-27T01:00:00Z,42.21,258.3
2018-03-27T01:30:00Z,42.96,259.25
2018-03-27T02:00:00Z,39.62,447.65
2018-03-27T02:30:00Z,39.31,517.9
2018-03-27T03:00:00Z,38.88,567.8
2018-03-27T03:30:00Z,40.7,525.9
2018-03-27T04:00:00Z,50.85,356.95
2018-03-27T04:30:00Z,53.44,382.85
2018-03-27T05:00:00Z,59.88,633.5
2018-03-27T05:30:00Z,50.48,993.85
2018-03-27T06:00:00Z,58.949999999999996,733.3
2018-03-27T06:30:00Z,61.88,929.5
2018-03-27T07:00:00Z,62.17,1010.35
2018-03-27T07:30:00Z,63.99,775.3
2018-03-27T08:00:00Z,60.94,1034.4
2018-03-27T08:30:00Z,61.26,1080.75
2018-03-27T09:00:00Z,62.49999999999999,1054.65
2018-03-27T09:30:00Z,60.82000000000001,1236.3
2018-03-27T10:00:00Z,51.15999999999999,1305.0
2018-03-27T10:30:00Z,49.89,1366.35
2018-03-27T11:00:00Z,48.65,1412.5
2018-03-27T11:30:00Z,47.42999999999999,1537.4
2018-03-27T12:00:00Z,45.32,1437.95
2018-03-27T12:30:00Z,44.96,1515.9
2018-03-27T13:00:00Z,44.9,1809.4
2018-03-27T13:30:00Z,44.88,1787.95
2018-03-27T14:00:00Z,44.83,1394.45
2018-03-27T14:30:00Z,45.52,1293.1
2018-03-27T15:00:00Z,45.33,1355.65
2018-03-27T15:30:00Z,45.540000000000006,1528.7
2018-03-27T16:00:00Z,49.18,1237.5
2018-03-27T16:30:00Z,50.56,1217.5
2018-03-27T17:00:00Z,56.63000000000001,1404.55
2018-03-27T17:30:00Z,55.45,1453.8
2018-03-27T18:00:00Z,59.879999999999995,1532.7
2018-03-27T18:30:00Z,62.02,1541.5
2018-03-27T19:00:00Z,62.16,1462.0
2018-03-27T19:30:00Z,57.779999999999994,1181.45
2018-03-27T20:00:00Z,51.89,1260.6
2018-03-27T20:30:00Z,51.11,1132.95
2018-03-27T21:00:00Z,48.61,1514.05
2018-03-27T21:30:00Z,46.06,1975.45
2018-03-27T22:00:00Z,43.22,541.5
2018-03-27T22:30:00Z,42.13,302.85
2018-03-27T23:00:00Z,39.78,208.4
2018-03-27T23:30:00Z,39.46999999999999,221.15
2018-03-28T00:00:00Z,41.54,608.95
2018-03-28T00:30:00Z,42.62,404.55
2018-03-28T01:00:00Z,43.85,601.8
2018-03-28T01:30:00Z,42.3,484.15
2018-03-28T02:00:00Z,41.93,265.85
2018-03-28T02:30:00Z,41.72,302.35
2018-03-28T03:00:00Z,41.36,339.4
2018-03-28T03:30:00Z,41.23,253.95
2018-03-28T04:00:00Z,43.64,216.0
2018-03-28T04:30:00Z,44.48,187.25
2018-03-28T05:00:00Z,52.43,584.65
2018-03-28T05:30:00Z,47.04,871.25
2018-03-28T06:00:00Z,53.53,1187.35
2018-03-28T06:30:00Z,58.19,827.25
2018-03-28T07:00:00Z,59.43999999999999,731.6
2018-03-28T07:30:00Z,65.99,880.85
2018-03-28T08:00:00Z,68.13,761.1
2018-03-28T08:30:00Z,70.98,769.55
2018-03-28T09:00:00Z,72.2,802.3
2018-03-28T09:30:00Z,70.12,806.1
2018-03-28T10:00:00Z,66.63,895.1
2018-03-28T10:30:00Z,65.21,896.1
2018-03-28T11:00:00Z,61.79,893.65
2018-03-28T11:30:00Z,56.72,1006.8
2018-03-28T12:00:00Z,49.42,982.9
2018-03-28T12:30:00Z,48.07,1028.4
2018-03-28T13:00:00Z,47.4,1168.2
2018-03-28T13:30:00Z,46.79,1245.8
2018-03-28T14:00:00Z,47.41,1361.7
2018-03-28T14:30:00Z,45.58,1519.45
2018-03-28T15:00:00Z,45.31,1536.7
2018-03-28T15:30:00Z,46.74000000000001,1558.85
2018-03-28T16:00:00Z,49.83,1272.5
2018-03-28T16:30:00Z,51.55,1164.4
2018-03-28T17:00:00Z,53.59,1150.5
2018-03-28T17:30:00Z,55.27,1259.1
2018-03-28T18:00:00Z,63.97,876.85
2018-03-28T18:30:00Z,73.73,1076.65
2018-03-28T19:00:00Z,72.08,1438.1
2018-03-28T19:30:00Z,60.38,1458.0
2018-03-28T20:00:00Z,52.302522008538936,1323.35
2018-03-28T20:30:00Z,51.25,1204.9
2018-03-28T21:00:00Z,47.59,1514.55
2018-03-28T21:30:00Z,45.34,1966.95
2018-03-28T22:00:00Z,46.51,353.0
2018-03-28T22:30:00Z,43.5,545.55
2018-03-28T23:00:00Z,42.34,261.7
2018-03-28T23:30:00Z,42.45,297.4
2018-03-29T00:00:00Z,41.95,268.7
2018-03-29T00:30:00Z,43.73,198.65
2018-03-29T01:00:00Z,42.84,226.5
2018-03-29T01:30:00Z,42.82,337.1
2018-03-29T02:00:00Z,42.72,327.25
2018-03-29T02:30:00Z,44.22999999999999,373.0
2018-03-29T03:00:00Z,43.3,481.75
2018-03-29T03:30:00Z,42.87,494.95
2018-03-29T04:00:00Z,47.66,403.0
2018-03-29T04:30:00Z,46.93,420.5
2018-03-29T05:00:00Z,57.31,805.0
2018-03-29T05:30:00Z,51.58,1106.6
2018-03-29T06:00:00Z,69.98,639.05
2018-03-29T06:30:00Z,80.98,732.45
2018-03-29T07:00:00Z,83.81,948.6
2018-03-29T07:30:00Z,81.48,816.95
2018-03-29T08:00:00Z,77.97,879.9
2018-03-29T08:30:00Z,71.65,1072.95
2018-03-29T09:00:00Z,64.64,1122.35
2018-03-29T09:30:00Z,62.79,955.4
2018-03-29T10:00:00Z,48.53999999999999,1487.9
2018-03-29T10:30:00Z,48.08,1267.55
2018-03-29T11:00:00Z,47.98,1281.05
2018-03-29T11:30:00Z,49.43,1272.4
2018-03-29T12:00:00Z,50.14,1164.0
2018-03-29T12:30:00Z,49.38,1335.55
2018-03-29T13:00:00Z,47.88,1444.0
2018-03-29T13:30:00Z,46.209999999999994,1581.0
2018-03-29T14:00:00Z,48.33,1219.95
2018-03-29T14:30:00Z,50.91,1159.5
2018-03-29T15:00:00Z,50.73,1089.3
2018-03-29T15:30:00Z,52.19,1071.5
2018-03-29T16:00:00Z,54.36000000000001,1469.7
2018-03-29T16:30:00Z,55.59,1457.3
2018-03-29T17:00:00Z,54.0,1610.7
2018-03-29T17:30:00Z,53.72,1517.05
2018-03-29T18:00:00Z,52.84,1024.0
2018-03-29T18:30:00Z,53.88,1051.95
2018-03-29T19:00:00Z,53.15,1183.6
2018-03-29T19:30:00Z,52.599999999999994,1290.15
2018-03-29T20:00:00Z,48.67,1455.3
2018-03-29T20:30:00Z,48.809999999999995,1570.2
2018-03-29T21:00:00Z,47.79,1513.7
2018-03-29T21:30:00Z,47.45,2027.85
2018-03-29T22:00:00Z,56.2,470.95
2018-03-29T22:30:00Z,51.12,533.35
2018-03-29T23:00:00Z,49.39,325.55
2018-03-29T23:30:00Z,46.09,215.6
2018-03-30T00:00:00Z,46.45,318.75
2018-03-30T00:30:00Z,47.64,164.45
2018-03-30T01:00:00Z,49.05,267.5
2018-03-30T01:30:00Z,50.85,301.75
2018-03-30T02:00:00Z,53.63,521.3
2018-03-30T02:30:00Z,53.14,512.6
2018-03-30T03:00:00Z,52.44,514.0
2018-03-30T03:30:00Z,52.9,590.5
2018-03-30T04:00:00Z,59.150000000000006,439.2
2018-03-30T04:30:00Z,58.93,423.0
2018-03-30T05:00:00Z,60.230000000000004,325.75
2018-03-30T05:30:00Z,51.78,970.35
2018-03-30T06:00:00Z,62.88,834.3
2018-03-30T06:30:00Z,67.0,575.5
2018-03-30T07:00:00Z,72.23,523.5
2018-03-30T07:30:00Z,71.54,554.0
2018-03-30T08:00:00Z,63.66,520.75
2018-03-30T08:30:00Z,63.910000000000004,377.85
2018-03-30T09:00:00Z,65.81,616.8
2018-03-30T09:30:00Z,64.77,619.75
2018-03-30T10:00:00Z,62.9,497.85
2018-03-30T10:30:00Z,61.94,541.55
2018-03-30T11:00:00Z,65.47,711.1
2018-03-30T11:30:00Z,64.28,865.85
2018-03-30T12:00:00Z,61.0,908.8
2018-03-30T12:30:00Z,55.14,785.95
2018-03-30T13:00:00Z,50.85,1065.75
2018-03-30T13:30:00Z,52.5,779.2
2018-03-30T14:00:00Z,50.87,745.5
2018-03-30T14:30:00Z,49.78,626.6
2018-03-30T15:00:00Z,48.72,646.7
2018-03-30T15:30:00Z,49.68,655.0
2018-03-30T16:00:00Z,54.34,655.65
2018-03-30T16:30:00Z,67.72,647.7
2018-03-30T17:00:00Z,63.27,830.8
2018-03-30T17:30:00Z,58.48,925.25
2018-03-30T18:00:00Z,56.86,1095.2
2018-03-30T18:30:00Z,60.27,903.5
2018-03-30T19:00:00Z,64.48,1126.75
2018-03-30T19:30:00Z,57.74,1029.55
2018-03-30T20:00:00Z,51.33,1651.35
2018-03-30T20:30:00Z,48.52,1613.15
2018-03-30T21:00:00Z,49.72,2041.6
2018-03-30T21:30:00Z,48.46,2409.2
2018-03-30T22:00:00Z,48.13,494.5
2018-03-30T22:30:00Z,43.3,263.25
2018-03-30T23:00:00Z,43.72,262.5
2018-03-30T23:30:00Z,43.26,240.0
2018-03-31T00:00:00Z,40.69,202.0
2018-03-31T00:30:00Z,41.86,324.5
2018-03-31T01:00:00Z,41.88,284.0
2018-03-31T01:30:00Z,40.85,269.0
2018-03-31T02:00:00Z,41.77,665.55
2018-03-31T02:30:00Z,41.7,683.5
2018-03-31T03:00:00Z,41.85,620.85
2018-03-31T03:30:00Z,41.63,564.9
2018-03-31T04:00:00Z,42.01,550.5
2018-03-31T04:30:00Z,42.11,577.0
2018-03-31T05:00:00Z,49.29,831.0
2018-03-31T05:30:00Z,43.410000000000004,773.0
2018-03-31T06:00:00Z,49.58,767.9
2018-03-31T06:30:00Z,51.59000000000001,854.5
2018-03-31T07:00:00Z,55.03,561.7
2018-03-31T07:30:00Z,55.63000000000001,671.35
2018-03-31T08:00:00Z,61.07,603.7
2018-03-31T08:30:00Z,61.790000000000006,701.7
2018-03-31T09:00:00Z,61.22,869.2
2018-03-31T09:30:00Z,60.209999999999994,780.7
2018-03-31T10:00:00Z,59.52,705.65
2018-03-31T10:30:00Z,57.05,608.65
2018-03-31T11:00:00Z,56.24000000000001,617.85
2018-03-31T11:30:00Z,56.989999999999995,669.75
2018-03-31T12:00:00Z,55.27,811.4
2018-03-31T12:30:00Z,54.4,756.15
2018-03-31T13:00:00Z,55.1,906.1
2018-03-31T13:30:00Z,53.37,905.5
2018-03-31T14:00:00Z,55.74,952.5
2018-03-31T14:30:00Z,55.96,929.75
2018-03-31T15:00:00Z,56.510000000000005,941.7
2018-03-31T15:30:00Z,56.38,1131.7
2018-03-31T16:00:00Z,59.43,1066.55
2018-03-31T16:30:00Z,69.71,1195.5
2018-03-31T17:00:00Z,66.86,1090.55
2018-03-31T17:30:00Z,66.57,1097.0
2018-03-31T18:00:00Z,74.88,1138.6
2018-03-31T18:30:00Z,75.72,1246.55
2018-03-31T19:00:00Z,79.43,1253.45
2018-03-31T19:30:00Z,77.31,1207.55
2018-03-31T20:00:00Z,65.44,1566.95
2018-03-31T20:30:00Z,59.13,1641.1
2018-03-31T21:00:00Z,57.06000000000001,1882.75
2018-03-31T21:30:00Z,56.73,2062.5
2018-03-31T22:00:00Z,47.89,614.8
2018-03-31T22:30:00Z,47.62,409.45
2018-03-31T23:00:00Z,45.220000000000006,422.65
2018-03-31T23:30:00Z,46.79,494.7
2018-04-01T00:00:00Z,47.18,654.75
2018-04-01T00:30:00Z,46.53,559.5
2018-04-01T01:00:00Z,46.51,616.6
2018-04-01T01:30:00Z,46.75,750.4
2018-04-01T02:00:00Z,47.54,768.5
2018-04-01T02:30:00Z,48.13,728.0
2018-04-01T03:00:00Z,45.9,672.9
2018-04-01T03:30:00Z,46.16,719.9
2018-04-01T04:00:00Z,46.74999999999999,717.95
2018-04-01T04:30:00Z,48.34000000000001,708.4
2018-04-01T05:00:00Z,48.43,775.45
2018-04-01T05:30:00Z,47.71,916.0
2018-04-01T06:00:00Z,44.37,1054.45
2018-04-01T06:30:00Z,44.18,1018.5
2018-04-01T07:00:00Z,44.79,910.5
2018-04-01T07:30:00Z,44.94,884.4
2018-04-01T08:00:00Z,42.99999999999999,939.45
2018-04-01T08:30:00Z,43.22,731.2
2018-04-01T09:00:00Z,45.51,761.8
2018-04-01T09:30:00Z,47.78,591.5
2018-04-01T10:00:00Z,64.48,654.75
2018-04-01T10:30:00Z,64.61,681.55
2018-04-01T11:00:00Z,63.3,646.4
2018-04-01T11:30:00Z,62.82,825.65
2018-04-01T12:00:00Z,58.870000000000005,717.35
2018-04-01T12:30:00Z,58.89,743.85
2018-04-01T13:00:00Z,55.04,787.45
2018-04-01T13:30:00Z,53.1,970.5
2018-04-01T14:00:00Z,53.01,1077.95
2018-04-01T14:30:00Z,52.65,1125.05
2018-04-01T15:00:00Z,54.21,1034.55
2018-04-01T15:30:00Z,57.67,1089.0
2018-04-01T16:00:00Z,61.989999999999995,1101.9
2018-04-01T16:30:00Z,61.22,1178.25
2018-04-01T17:00:00Z,60.15,1287.85
2018-04-01T17:30:00Z,58.58,1336.5
2018-04-01T18:00:00Z,55.47,1335.55
2018-04-01T18:30:00Z,55.37,1306.25
2018-04-01T19:00:00Z,55.71000000000001,1360.75
2018-04-01T19:30:00Z,54.78,1374.15
2018-04-01T20:00:00Z,52.31999999999999,1594.45
2018-04-01T20:30:00Z,51.79,1501.85
2018-04-01T21:00:00Z,51.94,1801.9
2018-04-01T21:30:00Z,51.54,2187.9
2018-04-01T22:00:00Z,60.39999999999999,271.5
2018-04-01T22:30:00Z,55.7,409.65
2018-04-01T23:00:00Z,50.81,279.5
2018-04-01T23:30:00Z,49.53,262.85
2018-04-02T00:00:00Z,49.6,418.65
2018-04-02T00:30:00Z,51.96,408.85
2018-04-02T01:00:00Z,51.08,333.5
2018-04-02T01:30:00Z,50.72,410.7
2018-04-02T02:00:00Z,50.89,444.0
2018-04-02T02:30:00Z,50.86,426.25
2018-04-02T03:00:00Z,49.34,375.5
2018-04-02T03:30:00Z,46.35,506.0
2018-04-02T04:00:00Z,47.23,643.6
2018-04-02T04:30:00Z,46.65,755.5
2018-04-02T05:00:00Z,49.04,808.5
2018-04-02T05:30:00Z,45.58,937.65
2018-04-02T06:00:00Z,43.11,700.85
2018-04-02T06:30:00Z,41.35,610.5
2018-04-02T07:00:00Z,43.5,507.5
2018-04-02T07:30:00Z,42.22,641.5
2018-04-02T08:00:00Z,40.11,639.25
2018-04-02T08:30:00Z,42.24,719.8
2018-04-02T09:00:00Z,44.32,729.0
2018-04-02T09:30:00Z,45.32,578.0
2018-04-02T10:00:00Z,50.98,805.5
2018-04-02T10:30:00Z,54.54,968.3
2018-04-02T11:00:00Z,53.03,846.85
2018-04-02T11:30:00Z,55.09,866.85
2018-04-02T12:00:00Z,54.05,1025.45
2018-04-02T12:30:00Z,53.28,1080.95
2018-04-02T13:00:00Z,50.88,1022.2
2018-04-02T13:30:00Z,52.09,1126.95
2018-04-02T14:00:00Z,53.65,722.1
2018-04-02T14:30:00Z,54.08,899.35
2018-04-02T15:00:00Z,55.24000000000001,809.15
2018-04-02T15:30:00Z,55.01,1079.0
2018-04-02T16:00:00Z,54.22,824.3
2018-04-02T16:30:00Z,53.74,745.7
2018-04-02T17:00:00Z,53.77,761.45
2018-04-02T17:30:00Z,53.74,766.65
2018-04-02T18:00:00Z,52.67999999999999,312.25
2018-04-02T18:30:00Z,49.9,471.75
2018-04-02T19:00:00Z,58.71,715.4
2018-04-02T19:30:00Z,47.09,641.35
2018-04-02T20:00:00Z,44.43,684.55
2018-04-02T20:30:00Z,43.93,869.8
2018-04-02T21:00:00Z,47.71,840.55
2018-04-02T21:30:00Z,42.79,810.0
2018-04-02T22:00:00Z,42.91,737.35
2018-04-02T22:30:00Z,41.39,656.4
2018-04-02T23:00:00Z,40.21,599.7
2018-04-02T23:30:00Z,40.27,568.0
2018-04-03T00:00:00Z,41.27,528.2
2018-04-03T00:30:00Z,41.75,415.2
2018-04-03T01:00:00Z,42.82,519.75
2018-04-03T01:30:00Z,45.0,396.25
2018-04-03T02:00:00Z,44.43,278.85
2018-04-03T02:30:00Z,43.10000000000001,440.7
2018-04-03T03:00:00Z,45.81,383.75
2018-04-03T03:30:00Z,46.0,399.15
2018-04-03T04:00:00Z,48.0,575.35
2018-04-03T04:30:00Z,48.71,496.85
2018-04-03T05:00:00Z,49.62,766.4
2018-04-03T05:30:00Z,46.68,901.45
2018-04-03T06:00:00Z,49.88,849.4
2018-04-03T06:30:00Z,49.87,864.8
2018-04-03T07:00:00Z,50.11,814.0
2018-04-03T07:30:00Z,52.65,818.75
2018-04-03T08:00:00Z,54.74,1031.0
2018-04-03T08:30:00Z,56.59,1124.75
2018-04-03T09:00:00Z,55.24,1170.55
2018-04-03T09:30:00Z,52.92,1149.45
2018-04-03T10:00:00Z,44.16,1229.55
2018-04-03T10:30:00Z,44.3,1311.0
2018-04-03T11:00:00Z,45.38,1262.7
2018-04-03T11:30:00Z,45.54,1324.65
2018-04-03T12:00:00Z,44.1,1433.95
2018-04-03T12:30:00Z,43.56,1431.8
2018-04-03T13:00:00Z,43.39,1460.6
2018-04-03T13:30:00Z,43.17,1406.1
2018-04-03T14:00:00Z,44.03,1700.9
2018-04-03T14:30:00Z,44.56000000000001,1712.1
2018-04-03T15:00:00Z,44.86,1639.5
2018-04-03T15:30:00Z,44.38,1815.95
2018-04-03T16:00:00Z,45.97,1333.35
2018-04-03T16:30:00Z,46.39,1280.15
2018-04-03T17:00:00Z,47.16,1324.7
2018-04-03T17:30:00Z,46.66,1389.5
2018-04-03T18:00:00Z,54.42,1570.7
2018-04-03T18:30:00Z,56.79,1519.05
2018-04-03T19:00:00Z,58.19,1742.8
2018-04-03T19:30:00Z,54.69,1704.75
2018-04-03T20:00:00Z,52.84077947902168,1508.7
2018-04-03T20:30:00Z,46.220000000000006,1472.6
2018-04-03T21:00:00Z,45.48,1977.8
2018-04-03T21:30:00Z,45.46,2190.7
2018-04-03T22:00:00Z,46.9,471.9
2018-04-03T22:30:00Z,42.68,557.5
2018-04-03T23:00:00Z,42.940000000000005,455.0
2018-04-03T23:30:00Z,42.76,283.75
2018-04-04T00:00:00Z,44.84,205.0
2018-04-04T00:30:00Z,45.88999999999999,207.15
2018-04-04T01:00:00Z,50.37,222.3
2018-04-04T01:30:00Z,49.57,323.0
2018-04-04T02:00:00Z,47.269999999999996,409.75
2018-04-04T02:30:00Z,45.36,456.2
2018-04-04T03:00:00Z,44.13,480.3
2018-04-04T03:30:00Z,44.68,408.35
2018-04-04T04:00:00Z,43.17,328.65
2018-04-04T04:30:00Z,44.76,377.65
2018-04-04T05:00:00Z,45.74,677.05
2018-04-04T05:30:00Z,43.59,761.55
2018-04-04T06:00:00Z,49.09000000000001,862.75
2018-04-04T06:30:00Z,51.66,694.85
2018-04-04T07:00:00Z,49.79,744.05
2018-04-04T07:30:00Z,51.55,883.25
2018-04-04T08:00:00Z,58.69,1142.25
2018-04-04T08:30:00Z,57.33,1074.6
2018-04-04T09:00:00Z,58.67000000000001,1247.05
2018-04-04T09:30:00Z,58.04999999999999,1328.3
2018-04-04T10:00:00Z,49.9,981.05
2018-04-04T10:30:00Z,48.48,951.2
2018-04-04T11:00:00Z,47.12,1106.8
2018-04-04T11:30:00Z,45.84,1379.1
2018-04-04T12:00:00Z,42.88,1852.8
2018-04-04T12:30:00Z,43.12,1868.85
2018-04-04T13:00:00Z,42.97,2149.6
2018-04-04T13:30:00Z,42.51,2259.15
2018-04-04T14:00:00Z,42.35,2210.25
2018-04-04T14:30:00Z,42.25,2169.75
2018-04-04T15:00:00Z,42.33,2213.45
2018-04-04T15:30:00Z,42.44,2070.25
2018-04-04T16:00:00Z,45.49,1807.55
2018-04-04T16:30:00Z,46.06,1933.75
2018-04-04T17:00:00Z,46.95,2127.5
2018-04-04T17:30:00Z,45.86,2089.35
2018-04-04T18:00:00Z,47.78,1150.6
2018-04-04T18:30:00Z,49.77,1006.2
2018-04-04T19:00:00Z,52.97,1208.9
2018-04-04T19:30:00Z,49.21,1043.5
2018-04-04T20:00:00Z,48.16,1328.45
2018-04-04T20:30:00Z,47.24,1463.55
2018-04-04T21:00:00Z,46.93,1481.15
2018-04-04T21:30:00Z,45.27,2009.2
2018-04-04T22:00:00Z,43.8,662.55
2018-04-04T22:30:00Z,42.36,411.0
2018-04-04T23:00:00Z,39.23,281.5
2018-04-04T23:30:00Z,38.78,567.25
2018-04-05T00:00:00Z,38.7,605.95
2018-04-05T00:30:00Z,41.09,630.5
2018-04-05T01:00:00Z,42.72,570.0
2018-04-05T01:30:00Z,42.58,702.0
2018-04-05T02:00:00Z,44.89,542.0
2018-04-05T02:30:00Z,44.6,508.5
2018-04-05T03:00:00Z,44.43,485.55
2018-04-05T03:30:00Z,44.57,710.65
2018-04-05T04:00:00Z,51.03,311.9
2018-04-05T04:30:00Z,58.70000000000001,409.0
2018-04-05T05:00:00Z,62.86,652.1
2018-04-05T05:30:00Z,50.14,1210.05
2018-04-05T06:00:00Z,50.63,1231.15
2018-04-05T06:30:00Z,56.15,898.5
2018-04-05T07:00:00Z,52.89,898.45
2018-04-05T07:30:00Z,49.76,902.65
2018-04-05T08:00:00Z,45.89,1538.4
2018-04-05T08:30:00Z,45.84,1437.25
2018-04-05T09:00:00Z,45.85,1519.75
2018-04-05T09:30:00Z,45.46,1597.25
2018-04-05T10:00:00Z,41.38,1202.1
2018-04-05T10:30:00Z,41.33,1305.55
2018-04-05T11:00:00Z,41.5,1192.4
2018-04-05T11:30:00Z,41.47,1333.8
2018-04-05T12:00:00Z,41.15,1077.25
2018-04-05T12:30:00Z,40.75,1322.05
2018-04-05T13:00:00Z,40.71,1395.8
2018-04-05T13:30:00Z,40.67,1367.35
2018-04-05T14:00:00Z,42.69,1451.5
2018-04-05T14:30:00Z,43.41,1380.0
2018-04-05T15:00:00Z,44.17,1392.5
2018-04-05T15:30:00Z,44.03,1385.0
2018-04-05T16:00:00Z,48.16,1090.35
2018-04-05T16:30:00Z,49.12,894.55
2018-04-05T17:00:00Z,52.06,755.3
2018-04-05T17:30:00Z,53.220000000000006,859.35
2018-04-05T18:00:00Z,56.34,1038.45
2018-04-05T18:30:00Z,59.44,1009.3
2018-04-05T19:00:00Z,64.65,1008.8
2018-04-05T19:30:00Z,58.71,1090.1
2018-04-05T20:00:00Z,53.63,1257.8
2018-04-05T20:30:00Z,51.46,1116.15
2018-04-05T21:00:00Z,49.46,1617.2
2018-04-05T21:30:00Z,48.31,1940.1
2018-04-05T22:00:00Z,48.0,234.25
2018-04-05T22:30:00Z,45.52,381.4
2018-04-05T23:00:00Z,41.43,188.55
2018-04-05T23:30:00Z,42.9,319.75
2018-04-06T00:00:00Z,39.28,264.1
2018-04-06T00:30:00Z,39.07,307.65
2018-04-06T01:00:00Z,39.03,378.95
2018-04-06T01:30:00Z,39.48,463.6
2018-04-06T02:00:00Z,38.83,426.2
2018-04-06T02:30:00Z,39.66,465.45
2018-04-06T03:00:00Z,39.3,531.5
2018-04-06T03:30:00Z,38.42,390.4
2018-04-06T04:00:00Z,40.56,391.7
2018-04-06T04:30:00Z,45.08,535.1
2018-04-06T05:00:00Z,53.71,991.85
2018-04-06T05:30:00Z,46.62,1053.5
2018-04-06T06:00:00Z,48.92,997.55
2018-04-06T06:30:00Z,48.19,1225.3
2018-04-06T07:00:00Z,47.23,1155.85
2018-04-06T07:30:00Z,48.71,1133.4
2018-04-06T08:00:00Z,50.5,1347.25
2018-04-06T08:30:00Z,50.11,1312.25
2018-04-06T09:00:00Z,49.3,1561.1
2018-04-06T09:30:00Z,49.01,1567.45
2018-04-06T10:00:00Z,44.64,1629.9
2018-04-06T10:30:00Z,43.94,1694.0
2018-04-06T11:00:00Z,43.92,1681.4
2018-04-06T11:30:00Z,43.05,1543.05
2018-04-06T12:00:00Z,40.46,1271.2
2018-04-06T12:30:00Z,39.73,1343.65
2018-04-06T13:00:00Z,38.7,1278.55
2018-04-06T13:30:00Z,37.49,1540.8
2018-04-06T14:00:00Z,38.23,1498.95
2018-04-06T14:30:00Z,38.65,1595.6
2018-04-06T15:00:00Z,40.87,1878.4
2018-04-06T15:30:00Z,42.75,1765.6
2018-04-06T16:00:00Z,45.06,1498.25
2018-04-06T16:30:00Z,44.93,1422.25
2018-04-06T17:00:00Z,45.67,1561.35
2018-04-06T17:30:00Z,45.97,1577.25
2018-04-06T18:00:00Z,54.3,1164.7
2018-04-06T18:30:00Z,55.959999999999994,1212.65
2018-04-06T19:00:00Z,60.70000000000001,1285.3
2018-04-06T19:30:00Z,53.9,1317.25
2018-04-06T20:00:00Z,50.68999999999999,1561.35
2018-04-06T20:30:00Z,49.98,1247.75
2018-04-06T21:00:00Z,48.66,1556.3
2018-04-06T21:30:00Z,47.05,1852.2
2018-04-06T22:00:00Z,36.19,548.5
2018-04-06T22:30:00Z,35.54,362.05
2018-04-06T23:00:00Z,31.430000000000003,406.4
2018-04-06T23:30:00Z,33.2,593.8
2018-04-07T00:00:00Z,37.05,795.2
2018-04-07T00:30:00Z,38.92,546.0
2018-04-07T01:00:00Z,40.35,727.3
2018-04-07T01:30:00Z,40.92,685.1
2018-04-07T02:00:00Z,41.92,625.0
2018-04-07T02:30:00Z,40.82,655.75
2018-04-07T03:00:00Z,40.02,497.2
2018-04-07T03:30:00Z,40.63,695.15
2018-04-07T04:00:00Z,42.2,333.65
2018-04-07T04:30:00Z,43.6,277.0
2018-04-07T05:00:00Z,0.0,0.0
2018-04-07T05:30:00Z,0.0,0.0
2018-04-07T06:00:00Z,0.0,0.0
2018-04-07T06:30:00Z,0.0,0.0
2018-04-07T07:00:00Z,45.45,744.2
2018-04-07T07:30:00Z,46.330000000000005,751.3
2018-04-07T08:00:00Z,57.26,688.9
2018-04-07T08:30:00Z,59.94,543.85
2018-04-07T09:00:00Z,62.05,769.65
2018-04-07T09:30:00Z,61.18000000000001,707.55
2018-04-07T10:00:00Z,57.43,635.6
2018-04-07T10:30:00Z,57.49000000000001,686.6
2018-04-07T11:00:00Z,52.12,724.25
2018-04-07T11:30:00Z,48.16,665.95
2018-04-07T12:00:00Z,43.24,1335.15
2018-04-07T12:30:00Z,42.81,1320.15
2018-04-07T13:00:00Z,45.15,1336.3
2018-04-07T13:30:00Z,43.59,1257.85
2018-04-07T14:00:00Z,44.53,847.45
2018-04-07T14:30:00Z,44.02,889.45
2018-04-07T15:00:00Z,43.37,1001.55
2018-04-07T15:30:00Z,43.82,1110.75
2018-04-07T16:00:00Z,47.65,1047.6
2018-04-07T16:30:00Z,47.89,1077.0
2018-04-07T17:00:00Z,53.68000000000001,1345.0
2018-04-07T17:30:00Z,52.34,1260.2
2018-04-07T18:00:00Z,58.15,970.85
2018-04-07T18:30:00Z,55.05,842.1
2018-04-07T19:00:00Z,53.910000000000004,824.6
2018-04-07T19:30:00Z,53.66,964.5
2018-04-07T20:00:00Z,50.77,906.35
2018-04-07T20:30:00Z,49.79,1199.85
2018-04-07T21:00:00Z,49.84,1210.95
2018-04-07T21:30:00Z,46.71,821.25
2018-04-07T22:00:00Z,48.44,401.8
2018-04-07T22:30:00Z,45.27,200.65
2018-04-07T23:00:00Z,47.43,201.25
2018-04-07T23:30:00Z,43.36,262.0
2018-04-08T00:00:00Z,43.44,251.95
2018-04-08T00:30:00Z,44.17,230.1
2018-04-08T01:00:00Z,44.839999999999996,187.0
2018-04-08T01:30:00Z,44.04,184.95
2018-04-08T02:00:00Z,42.39,294.65
2018-04-08T02:30:00Z,42.14,250.6
2018-04-08T03:00:00Z,42.12,253.55
2018-04-08T03:30:00Z,42.04,247.9
2018-04-08T04:00:00Z,42.27,240.85
2018-04-08T04:30:00Z,41.52,263.5
2018-04-08T05:00:00Z,41.73,289.8
2018-04-08T05:30:00Z,41.77,485.0
2018-04-08T06:00:00Z,46.08,632.5
2018-04-08T06:30:00Z,46.49,489.1
2018-04-08T07:00:00Z,45.8,432.0
2018-04-08T07:30:00Z,48.02,485.9
2018-04-08T08:00:00Z,53.98,550.5
2018-04-08T08:30:00Z,56.589999999999996,611.3
2018-04-08T09:00:00Z,58.07,676.7
2018-04-08T09:30:00Z,58.47999999999999,646.0
2018-04-08T10:00:00Z,60.06000000000001,647.85
2018-04-08T10:30:00Z,59.13,590.1
2018-04-08T11:00:00Z,58.36,718.75
2018-04-08T11:30:00Z,59.72,801.45
2018-04-08T12:00:00Z,51.74,464.0
2018-04-08T12:30:00Z,47.31,589.8
2018-04-08T13:00:00Z,48.77,475.0
2018-04-08T13:30:00Z,47.58,602.5
2018-04-08T14:00:00Z,47.76,204.05
2018-04-08T14:30:00Z,47.1,257.25
2018-04-08T15:00:00Z,51.19,227.4
2018-04-08T15:30:00Z,64.19,492.3
2018-04-08T16:00:00Z,67.51,453.5
2018-04-08T16:30:00Z,68.56,523.6
2018-04-08T17:00:00Z,68.59,511.25
2018-04-08T17:30:00Z,65.54,660.95
2018-04-08T18:00:00Z,66.57,744.4
2018-04-08T18:30:00Z,66.96,436.9
2018-04-08T19:00:00Z,72.13,629.2
2018-04-08T19:30:00Z,68.51,677.05
2018-04-08T20:00:00Z,66.36,489.0
2018-04-08T20:30:00Z,53.57,429.35
2018-04-08T21:00:00Z,49.04999999999999,404.0
2018-04-08T21:30:00Z,42.89,547.2
2018-04-08T22:00:00Z,41.36,239.3
2018-04-08T22:30:00Z,41.6,352.15
2018-04-08T23:00:00Z,39.6,175.25
2018-04-08T23:30:00Z,41.19,217.5
2018-04-09T00:00:00Z,41.24,263.05
2018-04-09T00:30:00Z,42.07,307.05
2018-04-09T01:00:00Z,41.61,283.0
2018-04-09T01:30:00Z,41.28,252.2
2018-04-09T02:00:00Z,44.26,266.8
2018-04-09T02:30:00Z,40.59,243.4
2018-04-09T03:00:00Z,40.2,452.0
2018-04-09T03:30:00Z,40.67,505.9
2018-04-09T04:00:00Z,41.2,177.5
2018-04-09T04:30:00Z,44.03,130.4
2018-04-09T05:00:00Z,54.89,155.6
2018-04-09T05:30:00Z,41.29,560.5
2018-04-09T06:00:00Z,52.0,1177.75
2018-04-09T06:30:00Z,64.63,716.1
2018-04-09T07:00:00Z,75.67,556.9
2018-04-09T07:30:00Z,78.4,698.75
2018-04-09T08:00:00Z,87.06,728.6
2018-04-09T08:30:00Z,84.47000000000001,787.35
2018-04-09T09:00:00Z,76.38,802.15
2018-04-09T09:30:00Z,77.13,942.3
2018-04-09T10:00:00Z,79.63,955.4
2018-04-09T10:30:00Z,80.98,976.55
2018-04-09T11:00:00Z,82.08,949.4
2018-04-09T11:30:00Z,80.68,899.35
2018-04-09T12:00:00Z,78.72,902.5
2018-04-09T12:30:00Z,79.55,1078.7
2018-04-09T13:00:00Z,75.88,1153.25
2018-04-09T13:30:00Z,71.25,1423.25
2018-04-09T14:00:00Z,67.58,1226.35
2018-04-09T14:30:00Z,69.85,1143.0
2018-04-09T15:00:00Z,72.72,958.7
2018-04-09T15:30:00Z,76.67,1070.7
2018-04-09T16:00:00Z,77.46,950.25
2018-04-09T16:30:00Z,79.13,656.3
2018-04-09T17:00:00Z,77.69,654.95
2018-04-09T17:30:00Z,75.01,673.5
2018-04-09T18:00:00Z,55.54,841.9
2018-04-09T18:30:00Z,54.11,943.05
2018-04-09T19:00:00Z,59.65,1170.0
2018-04-09T19:30:00Z,52.78,1082.3
2018-04-09T20:00:00Z,49.88,1076.85
2018-04-09T20:30:00Z,49.8,1040.2
2018-04-09T21:00:00Z,47.0,1142.2
2018-04-09T21:30:00Z,44.04,1391.5
2018-04-09T22:00:00Z,48.16,804.2
2018-04-09T22:30:00Z,43.83,529.0
2018-04-09T23:00:00Z,42.14999999999999,441.6
2018-04-09T23:30:00Z,40.93,285.8
2018-04-10T00:00:00Z,41.28,353.0
2018-04-10T00:30:00Z,44.22,305.9
2018-04-10T01:00:00Z,43.71,330.05
2018-04-10T01:30:00Z,41.4,281.7
2018-04-10T02:00:00Z,42.08,307.25
2018-04-10T02:30:00Z,41.73,277.15
2018-04-10T03:00:00Z,41.82,416.05
2018-04-10T03:30:00Z,40.67999999999999,484.2
2018-04-10T04:00:00Z,40.93,281.9
2018-04-10T04:30:00Z,44.68,394.15
2018-04-10T05:00:00Z,48.42,479.8
2018-04-10T05:30:00Z,41.78,1067.4
2018-04-10T06:00:00Z,50.36,1112.75
2018-04-10T06:30:00Z,51.58,969.25
2018-04-10T07:00:00Z,51.58,729.45
2018-04-10T07:30:00Z,57.949999999999996,681.75
2018-04-10T08:00:00Z,63.57,984.45
2018-04-10T08:30:00Z,65.01,922.2
2018-04-10T09:00:00Z,66.52,913.65
2018-04-10T09:30:00Z,68.4,1197.25
2018-04-10T10:00:00Z,68.02,907.8
2018-04-10T10:30:00Z,68.99,878.3
2018-04-10T11:00:00Z,70.0,946.35
2018-04-10T11:30:00Z,70.7,1050.4
2018-04-10T12:00:00Z,65.87,1387.55
2018-04-10T12:30:00Z,63.65,1327.9
2018-04-10T13:00:00Z,61.99000000000001,1450.5
2018-04-10T13:30:00Z,58.81999999999999,1596.6
2018-04-10T14:00:00Z,58.22,1408.1
2018-04-10T14:30:00Z,60.55,1200.5
2018-04-10T15:00:00Z,61.9,1218.0
2018-04-10T15:30:00Z,62.62,1135.5
2018-04-10T16:00:00Z,68.38,961.8
2018-04-10T16:30:00Z,69.33,1035.1
2018-04-10T17:00:00Z,68.7,1186.65
2018-04-10T17:30:00Z,68.48,1130.9
2018-04-10T18:00:00Z,70.0,100.0
2018-04-10T18:30:00Z,0.0,0.0
2018-04-10T19:00:00Z,68.6749577180361,792.3
2018-04-10T19:30:00Z,66.51,800.35
2018-04-10T20:00:00Z,57.89091468101461,780.6
2018-04-10T20:30:00Z,53.53999999999999,670.35
2018-04-10T21:00:00Z,52.30383989145183,700.15
2018-04-10T21:30:00Z,46.57,888.9
2018-04-10T22:00:00Z,52.97,562.15
2018-04-10T22:30:00Z,56.77,474.25
2018-04-10T23:00:00Z,51.98,245.85
2018-04-10T23:30:00Z,46.58,274.6
2018-04-11T00:00:00Z,46.870000000000005,368.4
2018-04-11T00:30:00Z,47.87,319.95
2018-04-11T01:00:00Z,47.73,290.4
2018-04-11T01:30:00Z,48.28,371.9
2018-04-11T02:00:00Z,47.96,248.3
2018-04-11T02:30:00Z,47.78,340.8
2018-04-11T03:00:00Z,48.4,459.7
2018-04-11T03:30:00Z,48.75,551.3
2018-04-11T04:00:00Z,54.14,409.2
2018-04-11T04:30:00Z,54.91,468.95
2018-04-11T05:00:00Z,60.83,691.75
2018-04-11T05:30:00Z,44.95,1153.4
2018-04-11T06:00:00Z,52.09,1361.05
2018-04-11T06:30:00Z,59.45,867.0
2018-04-11T07:00:00Z,64.26,765.5
2018-04-11T07:30:00Z,67.57,762.75
2018-04-11T08:00:00Z,75.16,691.5
2018-04-11T08:30:00Z,77.26,897.6
2018-04-11T09:00:00Z,77.51,815.5
2018-04-11T09:30:00Z,75.55,885.25
2018-04-11T10:00:00Z,72.45,1082.45
2018-04-11T10:30:00Z,71.3,1110.55
2018-04-11T11:00:00Z,71.24,1408.3
2018-04-11T11:30:00Z,70.87,1363.7
2018-04-11T12:00:00Z,65.15,1143.9
2018-04-11T12:30:00Z,65.36,1099.0
2018-04-11T13:00:00Z,63.74,1206.7
2018-04-11T13:30:00Z,63.77000000000001,1253.85
2018-04-11T14:00:00Z,62.58,954.4
2018-04-11T14:30:00Z,62.93999999999999,897.75
2018-04-11T15:00:00Z,64.43,925.9
2018-04-11T15:30:00Z,66.17,921.3
2018-04-11T16:00:00Z,71.72,1324.4
2018-04-11T16:30:00Z,73.32,1539.2
2018-04-11T17:00:00Z,75.12,1097.9
2018-04-11T17:30:00Z,74.11,975.1
2018-04-11T18:00:00Z,62.400000000000006,1189.85
2018-04-11T18:30:00Z,63.93,1238.55
2018-04-11T19:00:00Z,65.18,1508.8
2018-04-11T19:30:00Z,64.22,1879.35
2018-04-11T20:00:00Z,61.07,1632.15
2018-04-11T20:30:00Z,56.41,2099.0
2018-04-11T21:00:00Z,53.83,2438.65
2018-04-11T21:30:00Z,50.03999999999999,2803.5
2018-04-11T22:00:00Z,56.47,1234.5
2018-04-11T22:30:00Z,58.5,594.25
2018-04-11T23:00:00Z,52.99,446.0
2018-04-11T23:30:00Z,52.6,404.35
2018-04-12T00:00:00Z,51.69,445.0
2018-04-12T00:30:00Z,53.27,449.7
2018-04-12T01:00:00Z,52.86,557.05
2018-04-12T01:30:00Z,52.42999999999999,746.8
2018-04-12T02:00:00Z,50.06,522.0
2018-04-12T02:30:00Z,49.21,568.8
2018-04-12T03:00:00Z,47.66,557.25
2018-04-12T03:30:00Z,47.08,557.75
2018-04-12T04:00:00Z,47.62,452.8
2018-04-12T04:30:00Z,48.31,421.95
2018-04-12T05:00:00Z,57.36,691.2
2018-04-12T05:30:00Z,46.92,1225.75
2018-04-12T06:00:00Z,50.61,1171.45
2018-04-12T06:30:00Z,53.76,1088.0
2018-04-12T07:00:00Z,57.46,897.85
2018-04-12T07:30:00Z,63.18,793.2
2018-04-12T08:00:00Z,68.71,756.9
2018-04-12T08:30:00Z,66.87,712.55
2018-04-12T09:00:00Z,69.35,818.7
2018-04-12T09:30:00Z,70.8,1090.85
2018-04-12T10:00:00Z,70.32,1011.95
2018-04-12T10:30:00Z,72.92,1177.2
2018-04-12T11:00:00Z,73.06,1188.6
2018-04-12T11:30:00Z,73.22,1314.55
2018-04-12T12:00:00Z,68.027886403619,1591.6
2018-04-12T12:30:00Z,66.1,1685.15
2018-04-12T13:00:00Z,63.77,1890.6
2018-04-12T13:30:00Z,62.19,2005.2
2018-04-12T14:00:00Z,60.82,1975.0
2018-04-12T14:30:00Z,63.45,1705.0
2018-04-12T15:00:00Z,62.87,1751.45
2018-04-12T15:30:00Z,67.13,1556.1
2018-04-12T16:00:00Z,70.67,1526.6
2018-04-12T16:30:00Z,71.12,1588.1
2018-04-12T17:00:00Z,71.49,1627.5
2018-04-12T17:30:00Z,71.35,1671.5
2018-04-12T18:00:00Z,68.15,1205.7
2018-04-12T18:30:00Z,66.61,1240.75
2018-04-12T19:00:00Z,66.29,1403.35
2018-04-12T19:30:00Z,63.970000000000006,1448.7
2018-04-12T20:00:00Z,55.82,1460.6
2018-04-12T20:30:00Z,52.63,1511.65
2018-04-12T21:00:00Z,52.18000000000001,1567.95
2018-04-12T21:30:00Z,51.34,1610.95
2018-04-12T22:00:00Z,59.27,364.5
2018-04-12T22:30:00Z,54.18999999999999,383.4
2018-04-12T23:00:00Z,51.14,337.25
2018-04-12T23:30:00Z,46.36,238.6
2018-04-13T00:00:00Z,45.84,356.8
2018-04-13T00:30:00Z,45.97,250.6
2018-04-13T01:00:00Z,46.09,415.85
2018-04-13T01:30:00Z,47.08,544.8
2018-04-13T02:00:00Z,48.27,548.3
2018-04-13T02:30:00Z,47.63999999999999,425.95
2018-04-13T03:00:00Z,48.11999999999999,451.15
2018-04-13T03:30:00Z,48.09,453.05
2018-04-13T04:00:00Z,52.26,435.5
2018-04-13T04:30:00Z,53.12,344.35
2018-04-13T05:00:00Z,51.08,809.4
2018-04-13T05:30:00Z,47.86,1225.0
2018-04-13T06:00:00Z,54.72,654.65
2018-04-13T06:30:00Z,69.97,650.65
2018-04-13T07:00:00Z,67.85,568.5
2018-04-13T07:30:00Z,78.94,565.95
2018-04-13T08:00:00Z,92.28,1181.5
2018-04-13T08:30:00Z,97.63,1264.7
2018-04-13T09:00:00Z,94.59,1335.85
2018-04-13T09:30:00Z,90.73,1218.35
2018-04-13T10:00:00Z,94.53,1284.6
2018-04-13T10:30:00Z,91.93,1216.45
2018-04-13T11:00:00Z,97.92,1076.8
2018-04-13T11:30:00Z,97.94,949.7
2018-04-13T12:00:00Z,97.92,963.1
2018-04-13T12:30:00Z,94.42,965.6
2018-04-13T13:00:00Z,90.69,957.1
2018-04-13T13:30:00Z,84.65,1120.75
2018-04-13T14:00:00Z,68.07,869.95
2018-04-13T14:30:00Z,69.21,797.45
2018-04-13T15:00:00Z,66.8,950.15
2018-04-13T15:30:00Z,77.89,1031.2
2018-04-13T16:00:00Z,86.76,1156.0
2018-04-13T16:30:00Z,88.12,1126.3
2018-04-13T17:00:00Z,87.07,1311.55
2018-04-13T17:30:00Z,86.2,1373.0
2018-04-13T18:00:00Z,69.04,1040.9
2018-04-13T18:30:00Z,64.02,1192.95
2018-04-13T19:00:00Z,73.37,1202.9
2018-04-13T19:30:00Z,70.98,1130.4
2018-04-13T20:00:00Z,59.29,884.6
2018-04-13T20:30:00Z,54.77,1094.65
2018-04-13T21:00:00Z,54.28,1281.45
2018-04-13T21:30:00Z,52.910000000000004,1633.95
2018-04-13T22:00:00Z,54.02,529.5
2018-04-13T22:30:00Z,52.15,209.35
2018-04-13T23:00:00Z,47.47,173.55
2018-04-13T23:30:00Z,40.52,196.6
2018-04-14T00:00:00Z,44.08,405.7
2018-04-14T00:30:00Z,44.69,437.15
2018-04-14T01:00:00Z,43.76,340.05
2018-04-14T01:30:00Z,44.050000000000004,413.05
2018-04-14T02:00:00Z,44.05,368.8
2018-04-14T02:30:00Z,44.1,340.55
2018-04-14T03:00:00Z,44.43,347.95
2018-04-14T03:30:00Z,44.20000000000001,386.15
2018-04-14T04:00:00Z,43.83,369.2
2018-04-14T04:30:00Z,43.82,339.3
2018-04-14T05:00:00Z,43.15,375.95
2018-04-14T05:30:00Z,43.32,630.65
2018-04-14T06:00:00Z,44.99,870.2
2018-04-14T06:30:00Z,45.89,509.7
2018-04-14T07:00:00Z,46.62,524.65
2018-04-14T07:30:00Z,48.31,515.45
2018-04-14T08:00:00Z,46.6,825.05
2018-04-14T08:30:00Z,47.44,770.7
2018-04-14T09:00:00Z,47.36,796.1
2018-04-14T09:30:00Z,46.84000000000001,835.95
2018-04-14T10:00:00Z,43.55,680.35
2018-04-14T10:30:00Z,41.68,627.05
2018-04-14T11:00:00Z,41.22,918.0
2018-04-14T11:30:00Z,40.99,1159.5
2018-04-14T12:00:00Z,41.12,1326.45
2018-04-14T12:30:00Z,40.62,1311.55
2018-04-14T13:00:00Z,40.37,1231.15
2018-04-14T13:30:00Z,40.01,1295.2
2018-04-14T14:00:00Z,39.57,1212.05
2018-04-14T14:30:00Z,39.65,1259.55
2018-04-14T15:00:00Z,40.17,1341.95
2018-04-14T15:30:00Z,40.65,1343.95
2018-04-14T16:00:00Z,42.53,1712.1
2018-04-14T16:30:00Z,44.2,1287.05
2018-04-14T17:00:00Z,43.76,1498.3
2018-04-14T17:30:00Z,44.38,1271.4
2018-04-14T18:00:00Z,51.959999999999994,1384.55
2018-04-14T18:30:00Z,52.25,1400.6
2018-04-14T19:00:00Z,53.55,1105.75
2018-04-14T19:30:00Z,52.46,1087.55
2018-04-14T20:00:00Z,49.67,1198.0
2018-04-14T20:30:00Z,49.06,1210.2
2018-04-14T21:00:00Z,47.22,1221.8
2018-04-14T21:30:00Z,47.27,1430.75
2018-04-14T22:00:00Z,44.4,563.65
2018-04-14T22:30:00Z,44.97,658.1
2018-04-14T23:00:00Z,41.29,221.1
2018-04-14T23:30:00Z,41.38,268.0
2018-04-15T00:00:00Z,41.61,304.5
2018-04-15T00:30:00Z,48.5,388.4
2018-04-15T01:00:00Z,44.77,334.5
2018-04-15T01:30:00Z,42.83,305.85
2018-04-15T02:00:00Z,41.84,251.3
2018-04-15T02:30:00Z,42.43,338.15
2018-04-15T03:00:00Z,42.06,301.4
2018-04-15T03:30:00Z,42.839999999999996,426.4
2018-04-15T04:00:00Z,43.55,314.65
2018-04-15T04:30:00Z,46.72,397.15
2018-04-15T05:00:00Z,46.98,506.45
2018-04-15T05:30:00Z,46.15,521.8
2018-04-15T06:00:00Z,45.31,585.9
2018-04-15T06:30:00Z,43.9,739.65
2018-04-15T07:00:00Z,43.83,827.0
2018-04-15T07:30:00Z,43.88,776.0
2018-04-15T08:00:00Z,44.58,1022.55
2018-04-15T08:30:00Z,46.49,1037.0
2018-04-15T09:00:00Z,48.57,1083.7
2018-04-15T09:30:00Z,49.46,1180.55
2018-04-15T10:00:00Z,54.11,968.2
2018-04-15T10:30:00Z,53.89,888.3
2018-04-15T11:00:00Z,53.63,1089.35
2018-04-15T11:30:00Z,53.97,1118.4
2018-04-15T12:00:00Z,50.81,1203.2
2018-04-15T12:30:00Z,47.07,1093.4
2018-04-15T13:00:00Z,45.97,957.6
2018-04-15T13:30:00Z,45.01,995.1
2018-04-15T14:00:00Z,40.98,945.05
2018-04-15T14:30:00Z,42.68,826.3
2018-04-15T15:00:00Z,43.36,1082.0
2018-04-15T15:30:00Z,51.08,1078.1
2018-04-15T16:00:00Z,64.43,843.0
2018-04-15T16:30:00Z,68.31,998.3
2018-04-15T17:00:00Z,69.66,1079.9
2018-04-15T17:30:00Z,68.22,1138.7
2018-04-15T18:00:00Z,71.82,809.7
2018-04-15T18:30:00Z,68.42,832.4
2018-04-15T19:00:00Z,70.74,877.9
2018-04-15T19:30:00Z,69.57,1129.1
2018-04-15T20:00:00Z,57.10999999999999,774.25
2018-04-15T20:30:00Z,50.82,626.55
2018-04-15T21:00:00Z,46.82,862.25
2018-04-15T21:30:00Z,44.8,1437.0
2018-04-15T22:00:00Z,43.81,443.25
2018-04-15T22:30:00Z,42.45,342.35
2018-04-15T23:00:00Z,40.8,336.55
2018-04-15T23:30:00Z,41.36,341.8
2018-04-16T00:00:00Z,43.34,306.5
2018-04-16T00:30:00Z,49.89,332.5
2018-04-16T01:00:00Z,49.62,401.25
2018-04-16T01:30:00Z,45.84,303.65
2018-04-16T02:00:00Z,43.73,331.75
2018-04-16T02:30:00Z,44.12,428.1
2018-04-16T03:00:00Z,42.4,395.4
2018-04-16T03:30:00Z,42.31000000000001,428.3
2018-04-16T04:00:00Z,43.96,429.4
2018-04-16T04:30:00Z,46.07,489.1
2018-04-16T05:00:00Z,50.45,1008.15
2018-04-16T05:30:00Z,49.55,1527.6
2018-04-16T06:00:00Z,66.8,928.25
2018-04-16T06:30:00Z,69.66,1353.9
2018-04-16T07:00:00Z,66.44,1284.5
2018-04-16T07:30:00Z,60.550000000000004,1289.75
2018-04-16T08:00:00Z,51.65,1111.3
2018-04-16T08:30:00Z,49.35,1128.2
2018-04-16T09:00:00Z,50.08,970.05
2018-04-16T09:30:00Z,47.53,1316.25
2018-04-16T10:00:00Z,41.51,1298.6
2018-04-16T10:30:00Z,42.14,1523.35
2018-04-16T11:00:00Z,42.88,1466.0
2018-04-16T11:30:00Z,42.36,1664.15
2018-04-16T12:00:00Z,40.99,1842.75
2018-04-16T12:30:00Z,39.92,1799.5
2018-04-16T13:00:00Z,39.78,1742.55
2018-04-16T13:30:00Z,39.34,1785.85
2018-04-16T14:00:00Z,43.39999999999999,1677.7
2018-04-16T14:30:00Z,42.8,2090.15
2018-04-16T15:00:00Z,42.98,1812.55
2018-04-16T15:30:00Z,44.43,2046.5
2018-04-16T16:00:00Z,47.99,1758.9
2018-04-16T16:30:00Z,48.76,1951.85
2018-04-16T17:00:00Z,49.42,2071.2
2018-04-16T17:30:00Z,49.18,1912.55
2018-04-16T18:00:00Z,49.91,1600.9
2018-04-16T18:30:00Z,49.89,1618.3
2018-04-16T19:00:00Z,50.42000000000001,1572.15
2018-04-16T19:30:00Z,50.02,1529.9
2018-04-16T20:00:00Z,49.83,1825.7
2018-04-16T20:30:00Z,48.54,2203.6
2018-04-16T21:00:00Z,47.4,2300.95
2018-04-16T21:30:00Z,46.55,2743.7
2018-04-16T22:00:00Z,43.01,597.6
2018-04-16T22:30:00Z,40.32,744.7
2018-04-16T23:00:00Z,34.79,424.75
2018-04-16T23:30:00Z,32.29,359.65
2018-04-17T00:00:00Z,26.28,409.5
2018-04-17T00:30:00Z,24.95,436.05
2018-04-17T01:00:00Z,23.57,475.5
2018-04-17T01:30:00Z,21.78,532.65
2018-04-17T02:00:00Z,23.64,687.65
2018-04-17T02:30:00Z,22.49,661.45
2018-04-17T03:00:00Z,22.68,529.65
2018-04-17T03:30:00Z,23.48,610.0
2018-04-17T04:00:00Z,37.54,482.5
2018-04-17T04:30:00Z,43.92,534.7
2018-04-17T05:00:00Z,44.63,615.8
2018-04-17T05:30:00Z,44.48,1227.05
2018-04-17T06:00:00Z,44.290000000000006,963.3
2018-04-17T06:30:00Z,53.17,855.0
2018-04-17T07:00:00Z,52.699999999999996,773.3
2018-04-17T07:30:00Z,50.79,880.8
2018-04-17T08:00:00Z,46.17,799.9
2018-04-17T08:30:00Z,44.0,1062.1
2018-04-17T09:00:00Z,43.53,1144.75
2018-04-17T09:30:00Z,42.75,1331.0
2018-04-17T10:00:00Z,42.56,1558.75
2018-04-17T10:30:00Z,42.27,1646.4
2018-04-17T11:00:00Z,43.27,1806.55
2018-04-17T11:30:00Z,43.23,1874.05
2018-04-17T12:00:00Z,42.14,2072.3
2018-04-17T12:30:00Z,41.9,1938.3
2018-04-17T13:00:00Z,41.75,2050.55
2018-04-17T13:30:00Z,41.68,2021.8
2018-04-17T14:00:00Z,43.31,1477.15
2018-04-17T14:30:00Z,43.8,1457.15
2018-04-17T15:00:00Z,44.64,1383.3
2018-04-17T15:30:00Z,48.16,1466.05
2018-04-17T16:00:00Z,52.46,1355.6
2018-04-17T16:30:00Z,49.98,1298.45
2018-04-17T17:00:00Z,50.55,1457.65
2018-04-17T17:30:00Z,48.53,1541.8
2018-04-17T18:00:00Z,51.23,1632.5
2018-04-17T18:30:00Z,50.36,1681.05
2018-04-17T19:00:00Z,54.83,1926.1
2018-04-17T19:30:00Z,54.48,1801.45
2018-04-17T20:00:00Z,52.53,1972.5
2018-04-17T20:30:00Z,50.61,1937.25
2018-04-17T21:00:00Z,50.92,2149.8
2018-04-17T21:30:00Z,48.5,2299.5
2018-04-17T22:00:00Z,45.78,640.5
2018-04-17T22:30:00Z,30.3,358.65
2018-04-17T23:00:00Z,24.56,587.25
2018-04-17T23:30:00Z,27.43,387.0
2018-04-18T00:00:00Z,34.48,523.65
2018-04-18T00:30:00Z,39.61,498.5
2018-04-18T01:00:00Z,45.58,573.55
2018-04-18T01:30:00Z,47.15,543.5
2018-04-18T02:00:00Z,45.38,296.35
2018-04-18T02:30:00Z,44.99,269.05
2018-04-18T03:00:00Z,45.87,333.0
2018-04-18T03:30:00Z,45.87,431.45
2018-04-18T04:00:00Z,44.08,653.95
2018-04-18T04:30:00Z,45.43000000000001,810.0
2018-04-18T05:00:00Z,51.16,697.75
2018-04-18T05:30:00Z,46.48,1201.5
2018-04-18T06:00:00Z,51.77,653.55
2018-04-18T06:30:00Z,64.65,1052.15
2018-04-18T07:00:00Z,61.96,1038.55
2018-04-18T07:30:00Z,60.56,984.25
2018-04-18T08:00:00Z,49.48,977.7
2018-04-18T08:30:00Z,47.06,1187.45
2018-04-18T09:00:00Z,44.93,1551.75
2018-04-18T09:30:00Z,44.71,1974.75
2018-04-18T10:00:00Z,40.77,1593.15
2018-04-18T10:30:00Z,40.96,1731.2
2018-04-18T11:00:00Z,41.08,1784.15
2018-04-18T11:30:00Z,42.089999999999996,1794.8
2018-04-18T12:00:00Z,41.62,1995.5
2018-04-18T12:30:00Z,42.85,2179.85
2018-04-18T13:00:00Z,44.01,2308.05
2018-04-18T13:30:00Z,43.88,2439.65
2018-04-18T14:00:00Z,48.99,1621.5
2018-04-18T14:30:00Z,49.260000000000005,1435.2
2018-04-18T15:00:00Z,48.99,1613.05
2018-04-18T15:30:00Z,49.26,1690.15
2018-04-18T16:00:00Z,50.02,1317.15
2018-04-18T16:30:00Z,50.42,1359.7
2018-04-18T17:00:00Z,50.98,1350.7
2018-04-18T17:30:00Z,51.669999999999995,1481.7
2018-04-18T18:00:00Z,52.67,1000.85
2018-04-18T18:30:00Z,51.92,1048.9
2018-04-18T19:00:00Z,53.48,1184.3
2018-04-18T19:30:00Z,52.6,1126.95
2018-04-18T20:00:00Z,47.43,1541.0
2018-04-18T20:30:00Z,46.53,1601.05
2018-04-18T21:00:00Z,45.92,1769.95
2018-04-18T21:30:00Z,44.18,1765.3
2018-04-18T22:00:00Z,41.04,775.0
2018-04-18T22:30:00Z,37.96999999999999,446.05
2018-04-18T23:00:00Z,35.8,485.8
2018-04-18T23:30:00Z,33.83,506.7
2018-04-19T00:00:00Z,37.03,626.4
2018-04-19T00:30:00Z,42.52,746.4
2018-04-19T01:00:00Z,39.44,557.0
2018-04-19T01:30:00Z,43.22,697.05
2018-04-19T02:00:00Z,53.53,459.35
2018-04-19T02:30:00Z,52.82,429.8
2018-04-19T03:00:00Z,53.81,291.5
2018-04-19T03:30:00Z,54.61,600.9
2018-04-19T04:00:00Z,59.69,460.6
2018-04-19T04:30:00Z,62.00999999999999,737.75
2018-04-19T05:00:00Z,63.39999999999999,680.75
2018-04-19T05:30:00Z,52.36,1590.65
2018-04-19T06:00:00Z,52.66,878.9
2018-04-19T06:30:00Z,59.45,1084.9
2018-04-19T07:00:00Z,59.44,888.5
2018-04-19T07:30:00Z,59.43,811.05
2018-04-19T08:00:00Z,56.2,918.6
2018-04-19T08:30:00Z,51.74,1465.15
2018-04-19T09:00:00Z,48.87,1087.65
2018-04-19T09:30:00Z,48.54,1324.1
2018-04-19T10:00:00Z,44.85,1192.45
2018-04-19T10:30:00Z,48.79,1096.3
2018-04-19T11:00:00Z,53.800000000000004,1376.0
2018-04-19T11:30:00Z,51.65,1727.25
2018-04-19T12:00:00Z,47.97,1715.5
2018-04-19T12:30:00Z,46.54,1655.45
2018-04-19T13:00:00Z,46.47,1743.1
2018-04-19T13:30:00Z,45.75,1733.0
2018-04-19T14:00:00Z,44.28000000000001,784.0
2018-04-19T14:30:00Z,43.7,768.8
2018-04-19T15:00:00Z,43.5,968.45
2018-04-19T15:30:00Z,47.7,1008.05
2018-04-19T16:00:00Z,53.12,1061.5
2018-04-19T16:30:00Z,53.98,966.25
2018-04-19T17:00:00Z,53.38,919.5
2018-04-19T17:30:00Z,57.48,1058.4
2018-04-19T18:00:00Z,66.09,1203.25
2018-04-19T18:30:00Z,66.97,1353.55
2018-04-19T19:00:00Z,67.74,1266.55
2018-04-19T19:30:00Z,67.79,1117.4
2018-04-19T20:00:00Z,65.19,1424.95
2018-04-19T20:30:00Z,58.35,1095.95
2018-04-19T21:00:00Z,57.6,981.5
2018-04-19T21:30:00Z,52.239999999999995,1518.35
2018-04-19T22:00:00Z,49.94,763.9
2018-04-19T22:30:00Z,53.53,313.3
2018-04-19T23:00:00Z,52.15,412.8
2018-04-19T23:30:00Z,50.53,325.0
2018-04-20T00:00:00Z,46.09,175.7
2018-04-20T00:30:00Z,45.32,295.65
2018-04-20T01:00:00Z,44.440000000000005,417.05
2018-04-20T01:30:00Z,43.59,438.3
2018-04-20T02:00:00Z,41.92,641.85
2018-04-20T02:30:00Z,42.17,635.95
2018-04-20T03:00:00Z,42.14,619.3
2018-04-20T03:30:00Z,42.15,645.5
2018-04-20T04:00:00Z,42.17,565.7
2018-04-20T04:30:00Z,42.08,585.95
2018-04-20T05:00:00Z,44.49,641.4
2018-04-20T05:30:00Z,40.86,791.5
2018-04-20T06:00:00Z,46.86,608.55
2018-04-20T06:30:00Z,58.47,935.7
2018-04-20T07:00:00Z,62.93,1020.1
2018-04-20T07:30:00Z,57.34,1139.35
2018-04-20T08:00:00Z,51.68,1055.3
2018-04-20T08:30:00Z,47.63,1007.65
2018-04-20T09:00:00Z,43.91,845.8
2018-04-20T09:30:00Z,43.60000000000001,930.65
2018-04-20T10:00:00Z,41.24,1624.6
2018-04-20T10:30:00Z,40.96,1977.6
2018-04-20T11:00:00Z,39.97,1692.1
2018-04-20T11:30:00Z,39.18,1802.8
2018-04-20T12:00:00Z,38.54,1906.25
2018-04-20T12:30:00Z,38.22,1796.25
2018-04-20T13:00:00Z,37.48,1863.45
2018-04-20T13:30:00Z,37.54,1739.55
2018-04-20T14:00:00Z,35.76,1645.8
2018-04-20T14:30:00Z,35.99,1672.0
2018-04-20T15:00:00Z,37.16,1611.25
2018-04-20T15:30:00Z,38.14,1649.5
2018-04-20T16:00:00Z,41.11,926.0
2018-04-20T16:30:00Z,41.9,907.45
2018-04-20T17:00:00Z,41.97,878.8
2018-04-20T17:30:00Z,45.120000000000005,827.4
2018-04-20T18:00:00Z,49.98,680.65
2018-04-20T18:30:00Z,52.75999999999999,631.55
2018-04-20T19:00:00Z,60.08,749.0
2018-04-20T19:30:00Z,60.519999999999996,567.1
2018-04-20T20:00:00Z,62.89999999999999,797.05
2018-04-20T20:30:00Z,53.37,552.65
2018-04-20T21:00:00Z,50.39,873.85
2018-04-20T21:30:00Z,47.45,1079.25
2018-04-20T22:00:00Z,59.86999999999999,551.0
2018-04-20T22:30:00Z,58.96,280.2
2018-04-20T23:00:00Z,52.39,226.0
2018-04-20T23:30:00Z,53.86,404.0
2018-04-21T00:00:00Z,52.56,213.25
2018-04-21T00:30:00Z,48.11,148.0
2018-04-21T01:00:00Z,47.23,247.0
2018-04-21T01:30:00Z,45.16,236.6
2018-04-21T02:00:00Z,44.6,187.5
2018-04-21T02:30:00Z,45.03,187.9
2018-04-21T03:00:00Z,43.14,278.9
2018-04-21T03:30:00Z,42.78,227.45
2018-04-21T04:00:00Z,40.25,212.65
2018-04-21T04:30:00Z,39.35,169.0
2018-04-21T05:00:00Z,49.06,362.25
2018-04-21T05:30:00Z,43.21,405.6
2018-04-21T06:00:00Z,44.99,539.85
2018-04-21T06:30:00Z,44.08,583.3
2018-04-21T07:00:00Z,45.68,591.3
2018-04-21T07:30:00Z,50.06,481.6
2018-04-21T08:00:00Z,55.25,725.3
2018-04-21T08:30:00Z,51.82,698.25
2018-04-21T09:00:00Z,46.91,694.95
2018-04-21T09:30:00Z,46.02,881.35
2018-04-21T10:00:00Z,42.4,1078.6
2018-04-21T10:30:00Z,43.44,1013.25
2018-04-21T11:00:00Z,42.21,1054.75
2018-04-21T11:30:00Z,41.12,1000.3
2018-04-21T12:00:00Z,37.26,1459.9
2018-04-21T12:30:00Z,36.81,1467.6
2018-04-21T13:00:00Z,34.19,1701.85
2018-04-21T13:30:00Z,34.07,1661.85
2018-04-21T14:00:00Z,35.71,1474.4
2018-04-21T14:30:00Z,37.05,1403.0
2018-04-21T15:00:00Z,39.37,1272.3
2018-04-21T15:30:00Z,40.29,1324.5
2018-04-21T16:00:00Z,44.58,1262.65
2018-04-21T16:30:00Z,46.5,1379.8
2018-04-21T17:00:00Z,49.31,1293.6
2018-04-21T17:30:00Z,53.38,1299.15
2018-04-21T18:00:00Z,63.61999999999999,943.45
2018-04-21T18:30:00Z,63.44,881.9
2018-04-21T19:00:00Z,64.65,788.5
2018-04-21T19:30:00Z,63.53000000000001,787.8
2018-04-21T20:00:00Z,63.77,862.75
2018-04-21T20:30:00Z,53.51,1102.7
2018-04-21T21:00:00Z,52.17,997.75
2018-04-21T21:30:00Z,49.39,1600.75
2018-04-21T22:00:00Z,47.61,759.05
2018-04-21T22:30:00Z,45.89,833.55
2018-04-21T23:00:00Z,43.06,654.9
2018-04-21T23:30:00Z,43.52,638.65
2018-04-22T00:00:00Z,36.97,830.65
2018-04-22T00:30:00Z,43.59,765.45
2018-04-22T01:00:00Z,42.62,986.7
2018-04-22T01:30:00Z,41.83,1032.85
2018-04-22T02:00:00Z,38.27,663.0
2018-04-22T02:30:00Z,39.16,568.0
2018-04-22T03:00:00Z,40.74,536.5
2018-04-22T03:30:00Z,41.62,476.0
2018-04-22T04:00:00Z,42.69,485.15
2018-04-22T04:30:00Z,43.08,576.0
2018-04-22T05:00:00Z,44.01,635.6
2018-04-22T05:30:00Z,43.02,634.35
2018-04-22T06:00:00Z,41.0,820.5
2018-04-22T06:30:00Z,45.58,889.0
2018-04-22T07:00:00Z,44.48,572.4
2018-04-22T07:30:00Z,45.6,683.05
2018-04-22T08:00:00Z,45.54,613.4
2018-04-22T08:30:00Z,46.1,757.3
2018-04-22T09:00:00Z,51.160000000000004,821.0
2018-04-22T09:30:00Z,48.78,931.25
2018-04-22T10:00:00Z,44.13000000000001,763.85
2018-04-22T10:30:00Z,42.72,1025.6
2018-04-22T11:00:00Z,42.18,957.2
2018-04-22T11:30:00Z,41.76,1057.15
2018-04-22T12:00:00Z,40.6,1100.5
2018-04-22T12:30:00Z,40.63,1145.7
2018-04-22T13:00:00Z,40.93,1189.1
2018-04-22T13:30:00Z,40.89,1165.2
2018-04-22T14:00:00Z,49.4,945.5
2018-04-22T14:30:00Z,47.57000000000001,892.65
2018-04-22T15:00:00Z,45.86,1030.65
2018-04-22T15:30:00Z,46.02,1100.55
2018-04-22T16:00:00Z,47.69,1003.85
2018-04-22T16:30:00Z,53.03,1175.25
2018-04-22T17:00:00Z,52.45,1186.55
2018-04-22T17:30:00Z,53.63,1167.3
2018-04-22T18:00:00Z,59.46000000000001,1392.05
2018-04-22T18:30:00Z,60.96,1198.9
2018-04-22T19:00:00Z,61.91,1332.05
2018-04-22T19:30:00Z,62.71,1457.65
2018-04-22T20:00:00Z,61.86,1197.75
2018-04-22T20:30:00Z,54.88,1309.6
2018-04-22T21:00:00Z,54.76,1064.4
2018-04-22T21:30:00Z,52.24,1202.5
2018-04-22T22:00:00Z,51.16,613.45
2018-04-22T22:30:00Z,48.13,367.25
2018-04-22T23:00:00Z,39.22,479.15
2018-04-22T23:30:00Z,39.239999999999995,443.15
2018-04-23T00:00:00Z,36.66,517.0
2018-04-23T00:30:00Z,34.86,641.15
2018-04-23T01:00:00Z,28.02,626.0
2018-04-23T01:30:00Z,24.690000000000005,701.0
2018-04-23T02:00:00Z,18.2,1053.0
2018-04-23T02:30:00Z,18.48,1040.65
2018-04-23T03:00:00Z,17.81,1061.5
2018-04-23T03:30:00Z,18.35,1039.75
2018-04-23T04:00:00Z,35.28,614.0
2018-04-23T04:30:00Z,39.97,763.9
2018-04-23T05:00:00Z,47.58,954.5
2018-04-23T05:30:00Z,40.92,1172.5
2018-04-23T06:00:00Z,51.99,1180.5
2018-04-23T06:30:00Z,54.74,1262.9
2018-04-23T07:00:00Z,54.61,1285.25
2018-04-23T07:30:00Z,54.12,1006.0
2018-04-23T08:00:00Z,0.0,0.0
2018-04-23T08:30:00Z,0.0,0.0
2018-04-23T09:00:00Z,0.0,0.0
2018-04-23T09:30:00Z,0.0,0.0
2018-04-23T10:00:00Z,43.25,1377.0
2018-04-23T10:30:00Z,42.59,1537.55
2018-04-23T11:00:00Z,42.629999999999995,1647.35
2018-04-23T11:30:00Z,41.99,1794.45
2018-04-23T12:00:00Z,42.31,1866.0
2018-04-23T12:30:00Z,42.42,1631.2
2018-04-23T13:00:00Z,41.99,1815.45
2018-04-23T13:30:00Z,41.49,2031.05
2018-04-23T14:00:00Z,41.77,1529.95
2018-04-23T14:30:00Z,42.53,1405.55
2018-04-23T15:00:00Z,43.57,1267.65
2018-04-23T15:30:00Z,45.12,1437.3
2018-04-23T16:00:00Z,49.77,1443.3
2018-04-23T16:30:00Z,51.31,1409.3
2018-04-23T17:00:00Z,52.81000000000001,1582.05
2018-04-23T17:30:00Z,53.31,1652.4
2018-04-23T18:00:00Z,56.6,1618.35
2018-04-23T18:30:00Z,56.98,1438.1
2018-04-23T19:00:00Z,56.07,1531.8
2018-04-23T19:30:00Z,54.74,1621.75
2018-04-23T20:00:00Z,48.79,1502.0
2018-04-23T20:30:00Z,47.06,1416.5
2018-04-23T21:00:00Z,44.33,1716.25
2018-04-23T21:30:00Z,42.16,1807.5
2018-04-23T22:00:00Z,36.35,1158.5
2018-04-23T22:30:00Z,35.3,895.65
2018-04-23T23:00:00Z,24.770000000000003,782.1
2018-04-23T23:30:00Z,25.37,495.9
2018-04-24T00:00:00Z,25.12,430.25
2018-04-24T00:30:00Z,24.93,561.05
2018-04-24T01:00:00Z,25.019999999999996,675.5
2018-04-24T01:30:00Z,25.34,592.5
2018-04-24T02:00:00Z,24.9,451.95
2018-04-24T02:30:00Z,25.09,428.9
2018-04-24T03:00:00Z,22.87,464.35
2018-04-24T03:30:00Z,22.27,435.95
2018-04-24T04:00:00Z,36.02,678.3
2018-04-24T04:30:00Z,37.94,841.45
2018-04-24T05:00:00Z,40.75,1326.85
2018-04-24T05:30:00Z,39.02,1763.8
2018-04-24T06:00:00Z,43.86,1668.3
2018-04-24T06:30:00Z,43.85,1316.0
2018-04-24T07:00:00Z,42.99,1382.75
2018-04-24T07:30:00Z,42.98,1119.65
2018-04-24T08:00:00Z,43.5,1465.05
2018-04-24T08:30:00Z,43.78,1434.45
2018-04-24T09:00:00Z,44.57,1694.55
2018-04-24T09:30:00Z,45.34,1649.2
2018-04-24T10:00:00Z,45.55,1290.75
2018-04-24T10:30:00Z,44.94,1177.25
2018-04-24T11:00:00Z,44.46,1299.4
2018-04-24T11:30:00Z,44.7,1364.25
2018-04-24T12:00:00Z,49.14999999999999,1794.2
2018-04-24T12:30:00Z,49.66,1589.15
2018-04-24T13:00:00Z,50.57,1683.55
2018-04-24T13:30:00Z,48.48,1856.1
2018-04-24T14:00:00Z,51.49,1140.1
2018-04-24T14:30:00Z,53.0,1114.5
2018-04-24T15:00:00Z,64.69,682.0
2018-04-24T15:30:00Z,71.9,857.25
2018-04-24T16:00:00Z,74.29,993.15
2018-04-24T16:30:00Z,73.47,1173.85
2018-04-24T17:00:00Z,68.54,1264.1
2018-04-24T17:30:00Z,68.52,1234.5
2018-04-24T18:00:00Z,62.24,838.65
2018-04-24T18:30:00Z,60.94,689.75
2018-04-24T19:00:00Z,57.06,790.75
2018-04-24T19:30:00Z,54.64000000000001,741.6
2018-04-24T20:00:00Z,46.55,1248.4
2018-04-24T20:30:00Z,45.52000000000001,1535.05
2018-04-24T21:00:00Z,44.480000000000004,1946.3
2018-04-24T21:30:00Z,43.85,1732.25
2018-04-24T22:00:00Z,41.11,802.55
2018-04-24T22:30:00Z,43.12,813.0
2018-04-24T23:00:00Z,38.99,627.85
2018-04-24T23:30:00Z,38.75,711.85
2018-04-25T00:00:00Z,38.99,573.6
2018-04-25T00:30:00Z,39.28,719.95
2018-04-25T01:00:00Z,40.27,881.05
2018-04-25T01:30:00Z,40.01,771.25
2018-04-25T02:00:00Z,40.14,419.9
2018-04-25T02:30:00Z,39.9,538.1
2018-04-25T03:00:00Z,39.44,451.85
2018-04-25T03:30:00Z,39.16,595.05
2018-04-25T04:00:00Z,40.43,562.8
2018-04-25T04:30:00Z,41.42,863.3
2018-04-25T05:00:00Z,46.27,550.4
2018-04-25T05:30:00Z,44.46,1144.6
2018-04-25T06:00:00Z,51.57,1089.1
2018-04-25T06:30:00Z,54.76,1091.2
2018-04-25T07:00:00Z,53.58,1220.85
2018-04-25T07:30:00Z,49.34,1173.6
2018-04-25T08:00:00Z,44.87,1165.0
2018-04-25T08:30:00Z,43.89,1281.5
2018-04-25T09:00:00Z,42.99,1334.5
2018-04-25T09:30:00Z,42.95,1418.0
2018-04-25T10:00:00Z,42.21,1623.85
2018-04-25T10:30:00Z,42.21,1693.25
2018-04-25T11:00:00Z,41.76,1500.2
2018-04-25T11:30:00Z,41.22,1483.1
2018-04-25T12:00:00Z,39.45,1532.15
2018-04-25T12:30:00Z,39.88,1486.7
2018-04-25T13:00:00Z,39.84,1519.6
2018-04-25T13:30:00Z,39.66,1423.7
2018-04-25T14:00:00Z,41.59,1606.05
2018-04-25T14:30:00Z,41.85,1503.5
2018-04-25T15:00:00Z,40.9,2095.15
2018-04-25T15:30:00Z,43.17,2022.8
2018-04-25T16:00:00Z,43.9,2167.8
2018-04-25T16:30:00Z,47.629999999999995,1886.15
2018-04-25T17:00:00Z,47.67000000000001,1739.65
2018-04-25T17:30:00Z,47.65,1773.65
2018-04-25T18:00:00Z,54.56999999999999,1292.95
2018-04-25T18:30:00Z,53.980000000000004,1308.3
2018-04-25T19:00:00Z,55.16,1366.15
2018-04-25T19:30:00Z,54.75,1309.35
2018-04-25T20:00:00Z,53.25,1552.15
2018-04-25T20:30:00Z,50.05,1494.5
2018-04-25T21:00:00Z,48.71,2067.6
2018-04-25T21:30:00Z,48.64,2417.25
2018-04-25T22:00:00Z,50.56,1105.4
2018-04-25T22:30:00Z,52.18,869.65
2018-04-25T23:00:00Z,55.47999999999999,693.3
2018-04-25T23:30:00Z,56.239999999999995,670.85
2018-04-26T00:00:00Z,55.61,558.25
2018-04-26T00:30:00Z,54.51,509.45
2018-04-26T01:00:00Z,54.99,556.55
2018-04-26T01:30:00Z,51.98,581.3
2018-04-26T02:00:00Z,44.42,642.8
2018-04-26T02:30:00Z,45.11,508.9
2018-04-26T03:00:00Z,44.66,537.2
2018-04-26T03:30:00Z,41.8,605.85
2018-04-26T04:00:00Z,44.54,777.3
2018-04-26T04:30:00Z,43.46999999999999,926.45
2018-04-26T05:00:00Z,50.25,1002.4
2018-04-26T05:30:00Z,45.86,992.7
2018-04-26T06:00:00Z,50.44,894.15
2018-04-26T06:30:00Z,51.29,817.2
2018-04-26T07:00:00Z,54.32,782.0
2018-04-26T07:30:00Z,48.099999999999994,799.7
2018-04-26T08:00:00Z,39.96,746.7
2018-04-26T08:30:00Z,40.25,884.5
2018-04-26T09:00:00Z,40.54,983.5
2018-04-26T09:30:00Z,41.79,1354.6
2018-04-26T10:00:00Z,40.71,1420.2
2018-04-26T10:30:00Z,41.19,1387.75
2018-04-26T11:00:00Z,41.59,1263.45
2018-04-26T11:30:00Z,41.61,1313.55
2018-04-26T12:00:00Z,41.36,1449.75
2018-04-26T12:30:00Z,40.02,1540.0
2018-04-26T13:00:00Z,39.75,1531.5
2018-04-26T13:30:00Z,39.35,1375.7
2018-04-26T14:00:00Z,39.9,1355.05
2018-04-26T14:30:00Z,39.56,1269.5
2018-04-26T15:00:00Z,40.4,1661.15
2018-04-26T15:30:00Z,42.35,1434.45
2018-04-26T16:00:00Z,43.95000000000001,1725.7
2018-04-26T16:30:00Z,45.0,1405.2
2018-04-26T17:00:00Z,45.14,1250.65
2018-04-26T17:30:00Z,45.9,1290.35
2018-04-26T18:00:00Z,51.53,1140.05
2018-04-26T18:30:00Z,54.63,1019.7
2018-04-26T19:00:00Z,55.6,1135.6
2018-04-26T19:30:00Z,57.63000000000001,1149.7
2018-04-26T20:00:00Z,57.62,1360.85
2018-04-26T20:30:00Z,53.95,1052.1
2018-04-26T21:00:00Z,52.5,1221.6
2018-04-26T21:30:00Z,49.8,1326.85
2018-04-26T22:00:00Z,39.13,224.9
2018-04-26T22:30:00Z,39.88,220.5
2018-04-26T23:00:00Z,38.35,416.9
2018-04-26T23:30:00Z,38.7,306.2
2018-04-27T00:00:00Z,40.34,414.15
2018-04-27T00:30:00Z,41.88,416.45
2018-04-27T01:00:00Z,41.61,276.1
2018-04-27T01:30:00Z,42.06,356.35
2018-04-27T02:00:00Z,42.08,275.25
2018-04-27T02:30:00Z,40.62,220.2
2018-04-27T03:00:00Z,40.04,294.35
2018-04-27T03:30:00Z,40.17,263.65
2018-04-27T04:00:00Z,43.07,277.75
2018-04-27T04:30:00Z,40.59,301.7
2018-04-27T05:00:00Z,44.42999999999999,750.2
2018-04-27T05:30:00Z,42.87,713.95
2018-04-27T06:00:00Z,44.03,502.5
2018-04-27T06:30:00Z,51.25,435.55
2018-04-27T07:00:00Z,56.120000000000005,724.75
2018-04-27T07:30:00Z,60.11,746.75
2018-04-27T08:00:00Z,65.1,985.8
2018-04-27T08:30:00Z,62.56999999999999,822.7
2018-04-27T09:00:00Z,67.98,1126.8
2018-04-27T09:30:00Z,62.95,1145.5
2018-04-27T10:00:00Z,62.41,966.3
2018-04-27T10:30:00Z,61.89,933.85
2018-04-27T11:00:00Z,63.01,942.5
2018-04-27T11:30:00Z,61.82999999999999,1128.65
2018-04-27T12:00:00Z,54.84,958.4
2018-04-27T12:30:00Z,51.86,1310.3
2018-04-27T13:00:00Z,51.4,1333.3
2018-04-27T13:30:00Z,49.17,1402.85
2018-04-27T14:00:00Z,45.63,1519.4
2018-04-27T14:30:00Z,45.71,1503.45
2018-04-27T15:00:00Z,46.8,1373.65
2018-04-27T15:30:00Z,52.66,1315.3
2018-04-27T16:00:00Z,53.21,995.3
2018-04-27T16:30:00Z,55.75,1143.7
2018-04-27T17:00:00Z,57.76,1345.65
2018-04-27T17:30:00Z,58.03,1474.95
2018-04-27T18:00:00Z,56.56,1457.0
2018-04-27T18:30:00Z,54.150000000000006,1350.65
2018-04-27T19:00:00Z,53.02,1302.75
2018-04-27T19:30:00Z,53.07000000000001,1355.9
2018-04-27T20:00:00Z,53.10000000000001,1682.75
2018-04-27T20:30:00Z,51.15,1785.65
2018-04-27T21:00:00Z,51.21,1724.95
2018-04-27T21:30:00Z,50.91,1776.7
2018-04-27T22:00:00Z,54.48,490.3
2018-04-27T22:30:00Z,50.62,430.3
2018-04-27T23:00:00Z,49.49,460.55
2018-04-27T23:30:00Z,49.48,311.45
2018-04-28T00:00:00Z,49.41,292.4
2018-04-28T00:30:00Z,49.74,311.5
2018-04-28T01:00:00Z,49.38,428.95
2018-04-28T01:30:00Z,47.21,357.4
2018-04-28T02:00:00Z,44.97,486.1
2018-04-28T02:30:00Z,45.22,438.0
2018-04-28T03:00:00Z,45.15,450.7
2018-04-28T03:30:00Z,44.53,559.35
2018-04-28T04:00:00Z,45.86,426.5
2018-04-28T04:30:00Z,47.42,419.75
2018-04-28T05:00:00Z,48.17,612.45
2018-04-28T05:30:00Z,48.21,837.5
2018-04-28T06:00:00Z,54.260000000000005,755.05
2018-04-28T06:30:00Z,59.029999999999994,584.45
2018-04-28T07:00:00Z,59.14,830.4
2018-04-28T07:30:00Z,60.03000000000001,1151.8
2018-04-28T08:00:00Z,68.21,785.75
2018-04-28T08:30:00Z,67.48,847.4
2018-04-28T09:00:00Z,66.37,761.15
2018-04-28T09:30:00Z,64.52,884.5
2018-04-28T10:00:00Z,60.92,960.15
2018-04-28T10:30:00Z,61.6,908.7
2018-04-28T11:00:00Z,63.4,932.55
2018-04-28T11:30:00Z,63.11,1007.6
2018-04-28T12:00:00Z,54.989999999999995,1342.5
2018-04-28T12:30:00Z,54.59,1348.3
2018-04-28T13:00:00Z,54.22,1305.4
2018-04-28T13:30:00Z,54.84,1456.0
2018-04-28T14:00:00Z,56.51,1293.5
2018-04-28T14:30:00Z,56.089999999999996,1305.6
2018-04-28T15:00:00Z,56.19,1316.0
2018-04-28T15:30:00Z,58.81,1341.0
2018-04-28T16:00:00Z,68.55,1163.15
2018-04-28T16:30:00Z,72.2,1084.4
2018-04-28T17:00:00Z,70.44,1126.5
2018-04-28T17:30:00Z,69.96,1176.8
2018-04-28T18:00:00Z,61.74,1061.35
2018-04-28T18:30:00Z,61.38,968.1
2018-04-28T19:00:00Z,58.2,1023.6
2018-04-28T19:30:00Z,58.92,977.45
2018-04-28T20:00:00Z,58.489999999999995,733.0
2018-04-28T20:30:00Z,56.03000000000001,868.55
2018-04-28T21:00:00Z,53.05,1058.5
2018-04-28T21:30:00Z,51.29,1404.8
2018-04-28T22:00:00Z,46.23,613.0
2018-04-28T22:30:00Z,48.040000000000006,356.3
2018-04-28T23:00:00Z,48.94,315.15
2018-04-28T23:30:00Z,50.17,235.65
2018-04-29T00:00:00Z,50.47,244.25
2018-04-29T00:30:00Z,48.95,301.75
2018-04-29T01:00:00Z,49.6,240.75
2018-04-29T01:30:00Z,47.34,254.7
2018-04-29T02:00:00Z,44.5,186.5
2018-04-29T02:30:00Z,43.21,241.4
2018-04-29T03:00:00Z,43.41,255.5
2018-04-29T03:30:00Z,43.03,297.15
2018-04-29T04:00:00Z,43.13,306.35
2018-04-29T04:30:00Z,43.1,284.45
2018-04-29T05:00:00Z,44.17,416.7
2018-04-29T05:30:00Z,43.92,460.45
2018-04-29T06:00:00Z,43.87,679.7
2018-04-29T06:30:00Z,44.61,585.5
2018-04-29T07:00:00Z,45.89,522.0
2018-04-29T07:30:00Z,49.52,724.6
2018-04-29T08:00:00Z,50.54,923.9
2018-04-29T08:30:00Z,52.27,939.0
2018-04-29T09:00:00Z,55.61999999999999,762.45
2018-04-29T09:30:00Z,53.440000000000005,866.25
2018-04-29T10:00:00Z,52.97,831.2
2018-04-29T10:30:00Z,52.37,768.9
2018-04-29T11:00:00Z,53.21,894.75
2018-04-29T11:30:00Z,52.53,947.15
2018-04-29T12:00:00Z,52.67,841.25
2018-04-29T12:30:00Z,51.39999999999999,813.25
2018-04-29T13:00:00Z,50.98,984.75
2018-04-29T13:30:00Z,48.81,1184.25
2018-04-29T14:00:00Z,55.01,1024.3
2018-04-29T14:30:00Z,56.07,980.0
2018-04-29T15:00:00Z,57.9,876.95
2018-04-29T15:30:00Z,64.99,939.0
2018-04-29T16:00:00Z,68.32,1277.0
2018-04-29T16:30:00Z,69.7,1112.2
2018-04-29T17:00:00Z,67.97,1250.0
2018-04-29T17:30:00Z,67.95,1368.85
2018-04-29T18:00:00Z,63.28,1225.4
2018-04-29T18:30:00Z,61.91,1282.65
2018-04-29T19:00:00Z,63.0,1276.25
2018-04-29T19:30:00Z,62.87,1232.15
2018-04-29T20:00:00Z,57.16,1089.85
2018-04-29T20:30:00Z,52.89999999999999,1335.15
2018-04-29T21:00:00Z,52.99,1501.0
2018-04-29T21:30:00Z,51.93999999999999,1419.7
2018-04-29T22:00:00Z,48.57,630.4
2018-04-29T22:30:00Z,47.82,447.6
2018-04-29T23:00:00Z,46.19,315.15
2018-04-29T23:30:00Z,43.55,329.3
2018-04-30T00:00:00Z,39.88,284.6
2018-04-30T00:30:00Z,40.31,341.95
2018-04-30T01:00:00Z,41.3,366.3
2018-04-30T01:30:00Z,40.58,367.45
2018-04-30T02:00:00Z,40.2,300.2
2018-04-30T02:30:00Z,39.63,273.5
2018-04-30T03:00:00Z,39.68,281.55
2018-04-30T03:30:00Z,39.24,326.65
2018-04-30T04:00:00Z,38.44,380.15
2018-04-30T04:30:00Z,40.24,311.35
2018-04-30T05:00:00Z,52.44,452.1
2018-04-30T05:30:00Z,48.14,914.55
2018-04-30T06:00:00Z,51.35,761.8
2018-04-30T06:30:00Z,57.52,602.05
2018-04-30T07:00:00Z,62.56999999999999,797.5
2018-04-30T07:30:00Z,62.839999999999996,781.5
2018-04-30T08:00:00Z,64.75,747.0
2018-04-30T08:30:00Z,64.73,818.7
2018-04-30T09:00:00Z,63.72999999999999,767.5
2018-04-30T09:30:00Z,61.39,639.75
2018-04-30T10:00:00Z,47.63,986.6
2018-04-30T10:30:00Z,46.53,1029.4
2018-04-30T11:00:00Z,46.83,1052.2
2018-04-30T11:30:00Z,46.45,1182.1
2018-04-30T12:00:00Z,44.9,1218.45
2018-04-30T12:30:00Z,44.87,1151.25
2018-04-30T13:00:00Z,44.58,1263.5
2018-04-30T13:30:00Z,44.55,1287.5
2018-04-30T14:00:00Z,46.36,1223.5
2018-04-30T14:30:00Z,46.23,1292.0
2018-04-30T15:00:00Z,46.4,1598.5
2018-04-30T15:30:00Z,49.46,1285.05
2018-04-30T16:00:00Z,61.540000000000006,1144.45
2018-04-30T16:30:00Z,59.12,1110.75
2018-04-30T17:00:00Z,58.52000000000001,1242.0
2018-04-30T17:30:00Z,59.79,1408.25
2018-04-30T18:00:00Z,66.54,991.45
2018-04-30T18:30:00Z,65.85,989.8
2018-04-30T19:00:00Z,67.16,871.95
2018-04-30T19:30:00Z,70.69,1095.7
2018-04-30T20:00:00Z,68.54,908.4
2018-04-30T20:30:00Z,64.27,777.25
2018-04-30T21:00:00Z,54.57,1155.05
2018-04-30T21:30:00Z,52.64,866.5
2018-04-30T22:00:00Z,46.92,891.1
2018-04-30T22:30:00Z,45.0,501.95
2018-04-30T23:00:00Z,44.71,508.85
2018-04-30T23:30:00Z,47.05,388.0
2018-05-01T00:00:00Z,46.98,420.5
2018-05-01T00:30:00Z,47.28,291.25
2018-05-01T01:00:00Z,48.32,264.5
2018-05-01T01:30:00Z,45.84,460.25
2018-05-01T02:00:00Z,47.629999999999995,353.0
2018-05-01T02:30:00Z,46.75,444.0
2018-05-01T03:00:00Z,46.71,429.1
2018-05-01T03:30:00Z,46.87,507.5
2018-05-01T04:00:00Z,52.4,305.0
2018-05-01T04:30:00Z,53.7,553.65
2018-05-01T05:00:00Z,60.04,668.0
2018-05-01T05:30:00Z,53.16,1010.2
2018-05-01T06:00:00Z,71.32,1415.95
2018-05-01T06:30:00Z,73.27,1678.95
2018-05-01T07:00:00Z,71.64,1428.6
2018-05-01T07:30:00Z,67.9,909.4
2018-05-01T08:00:00Z,57.72,1073.25
2018-05-01T08:30:00Z,52.53,941.75
2018-05-01T09:00:00Z,50.41,888.05
2018-05-01T09:30:00Z,47.66,1300.1
2018-05-01T10:00:00Z,41.6,1313.05
2018-05-01T10:30:00Z,39.61,1671.55
2018-05-01T11:00:00Z,44.5,2219.8
2018-05-01T11:30:00Z,46.17,2329.8
2018-05-01T12:00:00Z,43.63,2381.65
2018-05-01T12:30:00Z,42.8,2131.45
2018-05-01T13:00:00Z,42.16,2475.3
2018-05-01T13:30:00Z,42.19,2454.75
2018-05-01T14:00:00Z,43.24,1576.35
2018-05-01T14:30:00Z,44.879999999999995,1472.95
2018-05-01T15:00:00Z,45.85,1661.2
2018-05-01T15:30:00Z,46.48,1665.0
2018-05-01T16:00:00Z,47.96,1472.05
2018-05-01T16:30:00Z,48.190000000000005,1503.05
2018-05-01T17:00:00Z,48.629999999999995,1510.3
2018-05-01T17:30:00Z,49.18,1664.65
2018-05-01T18:00:00Z,52.2,1076.1
2018-05-01T18:30:00Z,53.21,987.0
2018-05-01T19:00:00Z,54.31,1113.7
2018-05-01T19:30:00Z,53.01,1040.75
2018-05-01T20:00:00Z,49.79,1186.75
2018-05-01T20:30:00Z,47.33,1146.15
2018-05-01T21:00:00Z,44.9,1326.4
2018-05-01T21:30:00Z,43.59,1810.55
2018-05-01T22:00:00Z,38.66,698.3
2018-05-01T22:30:00Z,38.93,510.6
2018-05-01T23:00:00Z,16.14,394.85
2018-05-01T23:30:00Z,17.58,410.15
2018-05-02T00:00:00Z,27.62,483.8
2018-05-02T00:30:00Z,29.28,553.8
2018-05-02T01:00:00Z,31.019999999999996,552.65
2018-05-02T01:30:00Z,31.249999999999996,597.7
2018-05-02T02:00:00Z,37.37,510.6
2018-05-02T02:30:00Z,36.65,557.45
2018-05-02T03:00:00Z,38.62,564.2
2018-05-02T03:30:00Z,33.97,803.45
2018-05-02T04:00:00Z,44.35,628.35
2018-05-02T04:30:00Z,46.48,618.0
2018-05-02T05:00:00Z,52.21,904.45
2018-05-02T05:30:00Z,44.84,1256.25
2018-05-02T06:00:00Z,47.26,990.8
2018-05-02T06:30:00Z,47.61,810.9
2018-05-02T07:00:00Z,54.89,758.0
2018-05-02T07:30:00Z,54.73,675.65
2018-05-02T08:00:00Z,51.09,1269.6
2018-05-02T08:30:00Z,47.72,1319.75
2018-05-02T09:00:00Z,48.71,1514.3
2018-05-02T09:30:00Z,46.75000000000001,1764.1
2018-05-02T10:00:00Z,47.62,2118.5
2018-05-02T10:30:00Z,48.57,2228.85
2018-05-02T11:00:00Z,47.91,2149.75
2018-05-02T11:30:00Z,46.29,2199.6
2018-05-02T12:00:00Z,45.06,2356.55
2018-05-02T12:30:00Z,45.23,2458.4
2018-05-02T13:00:00Z,45.66,2598.8
2018-05-02T13:30:00Z,45.47,2807.3
2018-05-02T14:00:00Z,43.96,1325.0
2018-05-02T14:30:00Z,40.93,1230.2
2018-05-02T15:00:00Z,41.96,1362.15
2018-05-02T15:30:00Z,43.79,1506.85
2018-05-02T16:00:00Z,44.8,1443.4
2018-05-02T16:30:00Z,44.9,1396.45
2018-05-02T17:00:00Z,45.57,1453.6
2018-05-02T17:30:00Z,48.62,1531.9
2018-05-02T18:00:00Z,59.1,1468.45
2018-05-02T18:30:00Z,60.330000000000005,1452.0
2018-05-02T19:00:00Z,65.34,1543.1
2018-05-02T19:30:00Z,64.33,1662.5
2018-05-02T20:00:00Z,65.12,1813.2
2018-05-02T20:30:00Z,58.14,1418.5
2018-05-02T21:00:00Z,56.27,1774.0
2018-05-02T21:30:00Z,52.81,2043.1
2018-05-02T22:00:00Z,52.79999999999999,770.5
2018-05-02T22:30:00Z,51.57,571.45
2018-05-02T23:00:00Z,45.39999999999999,376.05
2018-05-02T23:30:00Z,43.11,447.6
2018-05-03T00:00:00Z,44.56,614.65
2018-05-03T00:30:00Z,64.87,630.8
2018-05-03T01:00:00Z,44.76,468.3
2018-05-03T01:30:00Z,44.03,477.25
2018-05-03T02:00:00Z,45.71,504.2
2018-05-03T02:30:00Z,45.79,541.55
2018-05-03T03:00:00Z,46.23,522.9
2018-05-03T03:30:00Z,46.01,505.85
2018-05-03T04:00:00Z,55.5,192.0
2018-05-03T04:30:00Z,54.86,563.6
2018-05-03T05:00:00Z,58.16,788.25
2018-05-03T05:30:00Z,51.28,1097.9
2018-05-03T06:00:00Z,71.73,768.75
2018-05-03T06:30:00Z,85.45,728.85
2018-05-03T07:00:00Z,86.79,774.1
2018-05-03T07:30:00Z,86.14,725.9
2018-05-03T08:00:00Z,69.04,1063.6
2018-05-03T08:30:00Z,54.66,1031.0
2018-05-03T09:00:00Z,53.97,994.0
2018-05-03T09:30:00Z,52.38,985.0
2018-05-03T10:00:00Z,44.03,1657.65
2018-05-03T10:30:00Z,44.1,1656.8
2018-05-03T11:00:00Z,44.75,1954.0
2018-05-03T11:30:00Z,44.17,1897.2
2018-05-03T12:00:00Z,43.6,1586.05
2018-05-03T12:30:00Z,42.739999999999995,1602.95
2018-05-03T13:00:00Z,42.01,1818.85
2018-05-03T13:30:00Z,41.25,1774.5
2018-05-03T14:00:00Z,35.8,1230.9
2018-05-03T14:30:00Z,33.78,1774.2
2018-05-03T15:00:00Z,39.79,1837.8
2018-05-03T15:30:00Z,44.16,1416.7
2018-05-03T16:00:00Z,49.72,1736.8
2018-05-03T16:30:00Z,50.89,1824.0
2018-05-03T17:00:00Z,52.57,2053.5
2018-05-03T17:30:00Z,53.6,2141.4
2018-05-03T18:00:00Z,59.64,1730.3
2018-05-03T18:30:00Z,57.66,1596.8
2018-05-03T19:00:00Z,56.58,1659.1
2018-05-03T19:30:00Z,56.839999999999996,1693.95
2018-05-03T20:00:00Z,55.38,1608.0
2018-05-03T20:30:00Z,52.48,1330.5
2018-05-03T21:00:00Z,52.56,1602.25
2018-05-03T21:30:00Z,50.33,1694.2
2018-05-03T22:00:00Z,45.2,529.4
2018-05-03T22:30:00Z,49.05,502.8
2018-05-03T23:00:00Z,46.73,354.8
2018-05-03T23:30:00Z,46.8,369.85
2018-05-04T00:00:00Z,44.47,597.6
2018-05-04T00:30:00Z,42.83,509.6
2018-05-04T01:00:00Z,44.39,539.75
2018-05-04T01:30:00Z,45.15,473.45
2018-05-04T02:00:00Z,45.47,492.05
2018-05-04T02:30:00Z,44.88,464.55
2018-05-04T03:00:00Z,44.67,504.2
2018-05-04T03:30:00Z,45.11,512.7
2018-05-04T04:00:00Z,45.25,358.95
2018-05-04T04:30:00Z,45.03,362.35
2018-05-04T05:00:00Z,50.6,640.85
2018-05-04T05:30:00Z,43.14,1150.35
2018-05-04T06:00:00Z,49.339999999999996,797.9
2018-05-04T06:30:00Z,48.59,717.5
2018-05-04T07:00:00Z,46.79,657.95
2018-05-04T07:30:00Z,43.61,901.55
2018-05-04T08:00:00Z,48.3,1099.3
2018-05-04T08:30:00Z,46.51,1069.55
2018-05-04T09:00:00Z,46.68,1019.35
2018-05-04T09:30:00Z,46.0,1262.5
2018-05-04T10:00:00Z,45.08,1619.3
2018-05-04T10:30:00Z,44.74,1506.05
2018-05-04T11:00:00Z,46.61,1672.7
2018-05-04T11:30:00Z,46.43,1712.3
2018-05-04T12:00:00Z,45.01,2177.25
2018-05-04T12:30:00Z,43.59,1978.05
2018-05-04T13:00:00Z,43.77,2182.95
2018-05-04T13:30:00Z,44.21,2314.75
2018-05-04T14:00:00Z,47.74,1460.8
2018-05-04T14:30:00Z,47.42,1514.35
2018-05-04T15:00:00Z,47.96,1295.8
2018-05-04T15:30:00Z,48.62,1258.6
2018-05-04T16:00:00Z,49.31,1676.35
2018-05-04T16:30:00Z,49.349999999999994,1622.85
2018-05-04T17:00:00Z,49.980000000000004,1620.25
2018-05-04T17:30:00Z,50.37,1634.45
2018-05-04T18:00:00Z,53.36,1031.45
2018-05-04T18:30:00Z,51.98,1123.6
2018-05-04T19:00:00Z,52.72,1199.0
2018-05-04T19:30:00Z,53.76,1186.9
2018-05-04T20:00:00Z,53.7,1902.95
2018-05-04T20:30:00Z,54.27,1762.5
2018-05-04T21:00:00Z,52.44,1998.5
2018-05-04T21:30:00Z,50.54,2031.3
2018-05-04T22:00:00Z,50.45,1053.05
2018-05-04T22:30:00Z,53.9,738.9
2018-05-04T23:00:00Z,53.24,588.2
2018-05-04T23:30:00Z,53.11,536.55
2018-05-05T00:00:00Z,51.81,672.35
2018-05-05T00:30:00Z,52.63,738.8
2018-05-05T01:00:00Z,52.9,750.05
2018-05-05T01:30:00Z,51.55,792.7
2018-05-05T02:00:00Z,46.74,904.2
2018-05-05T02:30:00Z,45.68,837.75
2018-05-05T03:00:00Z,44.18,810.4
2018-05-05T03:30:00Z,44.089999999999996,819.55
2018-05-05T04:00:00Z,42.59,781.45
2018-05-05T04:30:00Z,41.98,887.0
2018-05-05T05:00:00Z,44.64,939.8
2018-05-05T05:30:00Z,43.48,959.3
2018-05-05T06:00:00Z,40.8,544.8
2018-05-05T06:30:00Z,42.64,487.65
2018-05-05T07:00:00Z,52.230000000000004,790.3
2018-05-05T07:30:00Z,51.32,952.4
2018-05-05T08:00:00Z,44.98,895.15
2018-05-05T08:30:00Z,42.74,844.25
2018-05-05T09:00:00Z,40.69,987.2
2018-05-05T09:30:00Z,39.35,1041.25
2018-05-05T10:00:00Z,37.85,1461.1
2018-05-05T10:30:00Z,37.59,1461.75
2018-05-05T11:00:00Z,35.74,1284.6
2018-05-05T11:30:00Z,34.93,1247.0
2018-05-05T12:00:00Z,33.71,1484.4
2018-05-05T12:30:00Z,32.83,1430.6
2018-05-05T13:00:00Z,30.59,1650.25
2018-05-05T13:30:00Z,30.15,1450.15
2018-05-05T14:00:00Z,29.900000000000002,1536.8
2018-05-05T14:30:00Z,31.099999999999998,1509.75
2018-05-05T15:00:00Z,33.61,1701.6
2018-05-05T15:30:00Z,36.81,1871.5
2018-05-05T16:00:00Z,43.11,1411.8
2018-05-05T16:30:00Z,44.35,1274.0
2018-05-05T17:00:00Z,45.64,1314.0
2018-05-05T17:30:00Z,45.59000000000001,1515.45
2018-05-05T18:00:00Z,54.51,926.55
2018-05-05T18:30:00Z,55.95,921.0
2018-05-05T19:00:00Z,55.46,926.7
2018-05-05T19:30:00Z,56.97,955.55
2018-05-05T20:00:00Z,57.31,995.65
2018-05-05T20:30:00Z,57.19,980.7
2018-05-05T21:00:00Z,55.58,1361.25
2018-05-05T21:30:00Z,50.63,1707.95
2018-05-05T22:00:00Z,48.779999999999994,366.1
2018-05-05T22:30:00Z,46.9,365.5
2018-05-05T23:00:00Z,46.82,282.1
2018-05-05T23:30:00Z,44.52,255.5
2018-05-06T00:00:00Z,41.74,320.45
2018-05-06T00:30:00Z,42.21,456.45
2018-05-06T01:00:00Z,44.69,350.4
2018-05-06T01:30:00Z,43.53,522.0
2018-05-06T02:00:00Z,43.43,409.05
2018-05-06T02:30:00Z,43.39,459.5
2018-05-06T03:00:00Z,43.37,463.2
2018-05-06T03:30:00Z,43.330000000000005,483.2
2018-05-06T04:00:00Z,43.25000000000001,468.3
2018-05-06T04:30:00Z,42.99,433.7
2018-05-06T05:00:00Z,44.59,535.85
2018-05-06T05:30:00Z,47.05,460.5
2018-05-06T06:00:00Z,50.52,533.1
2018-05-06T06:30:00Z,50.190000000000005,672.15
2018-05-06T07:00:00Z,49.88000000000001,728.6
2018-05-06T07:30:00Z,47.9,663.8
2018-05-06T08:00:00Z,45.38,723.5
2018-05-06T08:30:00Z,46.24,804.4
2018-05-06T09:00:00Z,47.06,855.0
2018-05-06T09:30:00Z,44.4,887.65
2018-05-06T10:00:00Z,40.55,1394.55
2018-05-06T10:30:00Z,41.61,1360.05
2018-05-06T11:00:00Z,42.22,1337.25
2018-05-06T11:30:00Z,42.52,1401.15
2018-05-06T12:00:00Z,39.73,1757.4
2018-05-06T12:30:00Z,37.97,1667.85
2018-05-06T13:00:00Z,35.71,1933.6
2018-05-06T13:30:00Z,33.76,2045.6
2018-05-06T14:00:00Z,32.82,1560.2
2018-05-06T14:30:00Z,32.47,1552.45
2018-05-06T15:00:00Z,36.83,1465.15
2018-05-06T15:30:00Z,38.47,1458.5
2018-05-06T16:00:00Z,42.42,1184.0
2018-05-06T16:30:00Z,43.85,1038.1
2018-05-06T17:00:00Z,44.19,906.1
2018-05-06T17:30:00Z,43.19,948.75
2018-05-06T18:00:00Z,47.16,940.5
2018-05-06T18:30:00Z,51.75,808.75
2018-05-06T19:00:00Z,54.93999999999999,858.35
2018-05-06T19:30:00Z,58.16,847.8
2018-05-06T20:00:00Z,69.07,1235.65
2018-05-06T20:30:00Z,65.05,1295.15
2018-05-06T21:00:00Z,54.53,1030.6
2018-05-06T21:30:00Z,48.75,855.25
2018-05-06T22:00:00Z,52.629999999999995,636.35
2018-05-06T22:30:00Z,50.95,540.7
2018-05-06T23:00:00Z,47.5,324.4
2018-05-06T23:30:00Z,44.23,495.15
2018-05-07T00:00:00Z,43.2,393.0
2018-05-07T00:30:00Z,42.81,274.9
2018-05-07T01:00:00Z,49.84,425.45
2018-05-07T01:30:00Z,46.41,425.25
2018-05-07T02:00:00Z,46.67,333.4
2018-05-07T02:30:00Z,46.25,345.9
2018-05-07T03:00:00Z,45.4,443.7
2018-05-07T03:30:00Z,45.51,413.05
2018-05-07T04:00:00Z,44.69,274.15
2018-05-07T04:30:00Z,45.51,298.0
2018-05-07T05:00:00Z,46.35,443.5
2018-05-07T05:30:00Z,44.47,555.1
2018-05-07T06:00:00Z,45.95,738.4
2018-05-07T06:30:00Z,44.34,716.5
2018-05-07T07:00:00Z,42.54,732.0
2018-05-07T07:30:00Z,43.48,739.25
2018-05-07T08:00:00Z,49.32,1301.65
2018-05-07T08:30:00Z,50.17,1234.55
2018-05-07T09:00:00Z,47.6,1100.8
2018-05-07T09:30:00Z,46.5,1369.0
2018-05-07T10:00:00Z,45.76,1172.55
2018-05-07T10:30:00Z,46.37,1106.75
2018-05-07T11:00:00Z,47.2,1166.75
2018-05-07T11:30:00Z,46.46,1172.05
2018-05-07T12:00:00Z,41.93,1105.3
2018-05-07T12:30:00Z,41.38,1360.65
2018-05-07T13:00:00Z,40.5,1281.45
2018-05-07T13:30:00Z,39.91,1236.85
2018-05-07T14:00:00Z,40.86,1260.7
2018-05-07T14:30:00Z,44.18,1188.6
2018-05-07T15:00:00Z,46.11,1216.5
2018-05-07T15:30:00Z,45.71,1238.5
2018-05-07T16:00:00Z,53.99,746.3
2018-05-07T16:30:00Z,52.43,736.5
2018-05-07T17:00:00Z,54.66,721.5
2018-05-07T17:30:00Z,60.24,961.05
2018-05-07T18:00:00Z,68.58,867.5
2018-05-07T18:30:00Z,68.8,876.95
2018-05-07T19:00:00Z,71.01,897.6
2018-05-07T19:30:00Z,71.11,968.35
2018-05-07T20:00:00Z,74.46,1081.1
2018-05-07T20:30:00Z,65.51,964.75
2018-05-07T21:00:00Z,64.38,1027.1
2018-05-07T21:30:00Z,55.32,1170.75
2018-05-07T22:00:00Z,44.59,275.35
2018-05-07T22:30:00Z,45.04,257.75
2018-05-07T23:00:00Z,42.84,209.75
2018-05-07T23:30:00Z,42.41,354.3
2018-05-08T00:00:00Z,43.1,428.75
2018-05-08T00:30:00Z,43.75,441.4
2018-05-08T01:00:00Z,43.49,533.4
2018-05-08T01:30:00Z,43.16,531.35
2018-05-08T02:00:00Z,42.440000000000005,443.05
2018-05-08T02:30:00Z,42.55,513.0
2018-05-08T03:00:00Z,43.3,543.8
2018-05-08T03:30:00Z,42.88,588.65
2018-05-08T04:00:00Z,43.67,510.8
2018-05-08T04:30:00Z,37.87,453.5
2018-05-08T05:00:00Z,41.11,522.8
2018-05-08T05:30:00Z,42.62,549.4
2018-05-08T06:00:00Z,44.44,318.25
2018-05-08T06:30:00Z,46.540000000000006,372.85
2018-05-08T07:00:00Z,43.57,541.0
2018-05-08T07:30:00Z,43.04,716.95
2018-05-08T08:00:00Z,45.42,1384.35
2018-05-08T08:30:00Z,48.58,1222.35
2018-05-08T09:00:00Z,49.79,1310.95
2018-05-08T09:30:00Z,45.98,1663.7
2018-05-08T10:00:00Z,44.24,1740.8
2018-05-08T10:30:00Z,44.56,1658.05
2018-05-08T11:00:00Z,45.79999999999999,1478.05
2018-05-08T11:30:00Z,45.82,1568.55
2018-05-08T12:00:00Z,45.74000000000001,1664.7
2018-05-08T12:30:00Z,45.23,1566.15
2018-05-08T13:00:00Z,47.03,1799.0
2018-05-08T13:30:00Z,46.42,1783.5
2018-05-08T14:00:00Z,57.49,1125.55
2018-05-08T14:30:00Z,56.05,1303.9
2018-05-08T15:00:00Z,54.78999999999999,1421.95
2018-05-08T15:30:00Z,59.89,1185.3
2018-05-08T16:00:00Z,62.4,1314.55
2018-05-08T16:30:00Z,65.17,1234.75
2018-05-08T17:00:00Z,65.51,1085.0
2018-05-08T17:30:00Z,66.09,1032.2
2018-05-08T18:00:00Z,0.0,0.0
2018-05-08T18:30:00Z,0.0,0.0
2018-05-08T19:00:00Z,66.68,863.8
2018-05-08T19:30:00Z,66.07,940.9
2018-05-08T20:00:00Z,63.09,730.8
2018-05-08T20:30:00Z,62.27000000000001,602.55
2018-05-08T21:00:00Z,54.01,860.15
2018-05-08T21:30:00Z,49.91,1312.15
2018-05-08T22:00:00Z,43.19,673.85
2018-05-08T22:30:00Z,43.27,514.0
2018-05-08T23:00:00Z,45.1,171.65
2018-05-08T23:30:00Z,43.3,284.1
2018-05-09T00:00:00Z,43.95,394.95
2018-05-09T00:30:00Z,44.08,402.95
2018-05-09T01:00:00Z,44.96,398.05
2018-05-09T01:30:00Z,45.45,520.4
2018-05-09T02:00:00Z,44.16,481.45
2018-05-09T02:30:00Z,44.05,504.4
2018-05-09T03:00:00Z,42.9,551.25
2018-05-09T03:30:00Z,43.03,526.65
2018-05-09T04:00:00Z,43.39,473.3
2018-05-09T04:30:00Z,43.88,233.1
2018-05-09T05:00:00Z,49.809999999999995,418.8
2018-05-09T05:30:00Z,48.790000000000006,701.9
2018-05-09T06:00:00Z,51.23,665.75
2018-05-09T06:30:00Z,59.57,618.45
2018-05-09T07:00:00Z,53.71,547.15
2018-05-09T07:30:00Z,47.02,634.85
2018-05-09T08:00:00Z,44.14,1085.3
2018-05-09T08:30:00Z,43.34,1267.3
2018-05-09T09:00:00Z,43.41,1118.05
2018-05-09T09:30:00Z,42.29,1551.55
2018-05-09T10:00:00Z,40.480000000000004,1646.0
2018-05-09T10:30:00Z,41.22999999999999,1878.15
2018-05-09T11:00:00Z,41.41,1855.7
2018-05-09T11:30:00Z,41.17,1839.55
2018-05-09T12:00:00Z,39.99,1673.35
2018-05-09T12:30:00Z,39.85,1747.05
2018-05-09T13:00:00Z,40.0,1831.65
2018-05-09T13:30:00Z,40.13,1794.75
2018-05-09T14:00:00Z,42.68,1336.65
2018-05-09T14:30:00Z,43.52,1370.2
2018-05-09T15:00:00Z,43.25,1319.1
2018-05-09T15:30:00Z,43.81,1280.0
2018-05-09T16:00:00Z,44.48,883.35
2018-05-09T16:30:00Z,44.72,970.4
2018-05-09T17:00:00Z,42.48,1023.95
2018-05-09T17:30:00Z,44.45,1007.4
2018-05-09T18:00:00Z,49.3,1038.5
2018-05-09T18:30:00Z,50.52,903.6
2018-05-09T19:00:00Z,51.84,965.05
2018-05-09T19:30:00Z,52.17,833.85
2018-05-09T20:00:00Z,56.22,845.55
2018-05-09T20:30:00Z,53.29,913.1
2018-05-09T21:00:00Z,49.61,1272.1
2018-05-09T21:30:00Z,47.44,1705.2
2018-05-09T22:00:00Z,51.12,449.0
2018-05-09T22:30:00Z,53.27,238.3
2018-05-09T23:00:00Z,55.46,288.2
2018-05-09T23:30:00Z,50.5,339.5
2018-05-10T00:00:00Z,44.66,424.45
2018-05-10T00:30:00Z,43.74,320.5
2018-05-10T01:00:00Z,43.43,367.15
2018-05-10T01:30:00Z,42.93,496.5
2018-05-10T02:00:00Z,42.19,540.55
2018-05-10T02:30:00Z,41.68,574.95
2018-05-10T03:00:00Z,41.84,639.85
2018-05-10T03:30:00Z,42.11,595.65
2018-05-10T04:00:00Z,43.85,483.05
2018-05-10T04:30:00Z,43.15,377.5
2018-05-10T05:00:00Z,52.91,465.75
2018-05-10T05:30:00Z,49.93,582.65
2018-05-10T06:00:00Z,58.32,495.5
2018-05-10T06:30:00Z,73.77,394.4
2018-05-10T07:00:00Z,80.25,491.9
2018-05-10T07:30:00Z,78.59,643.5
2018-05-10T08:00:00Z,54.56,953.2
2018-05-10T08:30:00Z,50.28999999999999,861.15
2018-05-10T09:00:00Z,48.05,1017.4
2018-05-10T09:30:00Z,46.86,1173.6
2018-05-10T10:00:00Z,44.9,1179.65
2018-05-10T10:30:00Z,45.37,1103.9
2018-05-10T11:00:00Z,45.58,1019.2
2018-05-10T11:30:00Z,45.65,1019.7
2018-05-10T12:00:00Z,45.86,1085.55
2018-05-10T12:30:00Z,45.69,1092.4
2018-05-10T13:00:00Z,45.28,1137.85
2018-05-10T13:30:00Z,44.88,1254.0
2018-05-10T14:00:00Z,44.87,925.5
2018-05-10T14:30:00Z,44.52,877.8
2018-05-10T15:00:00Z,46.2,1164.0
2018-05-10T15:30:00Z,46.41,948.15
2018-05-10T16:00:00Z,45.540000000000006,829.15
2018-05-10T16:30:00Z,46.03,773.45
2018-05-10T17:00:00Z,46.37,859.9
2018-05-10T17:30:00Z,49.47,886.8
2018-05-10T18:00:00Z,56.739999999999995,683.45
2018-05-10T18:30:00Z,58.11,668.65
2018-05-10T19:00:00Z,59.25,571.65
2018-05-10T19:30:00Z,56.95,573.45
2018-05-10T20:00:00Z,52.56,552.45
2018-05-10T20:30:00Z,50.31,501.6
2018-05-10T21:00:00Z,46.89,814.35
2018-05-10T21:30:00Z,48.15,703.85
2018-05-10T22:00:00Z,46.85,1277.0
2018-05-10T22:30:00Z,47.2,1227.15
2018-05-10T23:00:00Z,45.63,956.8
2018-05-10T23:30:00Z,45.38,839.0
2018-05-11T00:00:00Z,42.66,828.5
2018-05-11T00:30:00Z,42.53,887.3
2018-05-11T01:00:00Z,42.14,781.7
2018-05-11T01:30:00Z,41.98,806.2
2018-05-11T02:00:00Z,30.92,376.9
2018-05-11T02:30:00Z,32.24,386.55
2018-05-11T03:00:00Z,33.73,460.2
2018-05-11T03:30:00Z,32.62,512.75
2018-05-11T04:00:00Z,34.86,573.2
2018-05-11T04:30:00Z,35.43,427.25
2018-05-11T05:00:00Z,39.41,648.1
2018-05-11T05:30:00Z,39.05,923.0
2018-05-11T06:00:00Z,45.24,1094.9
2018-05-11T06:30:00Z,51.17,805.3
2018-05-11T07:00:00Z,49.72,835.05
2018-05-11T07:30:00Z,45.77,899.2
2018-05-11T08:00:00Z,43.89,735.25
2018-05-11T08:30:00Z,41.96,840.0
2018-05-11T09:00:00Z,41.46,1141.5
2018-05-11T09:30:00Z,43.38,1203.25
2018-05-11T10:00:00Z,44.29,1872.1
2018-05-11T10:30:00Z,42.739999999999995,1697.25
2018-05-11T11:00:00Z,43.98,1886.1
2018-05-11T11:30:00Z,42.79,1829.15
2018-05-11T12:00:00Z,44.16,2279.5
2018-05-11T12:30:00Z,43.15,2227.2
2018-05-11T13:00:00Z,42.88,2218.7
2018-05-11T13:30:00Z,42.79,2202.75
2018-05-11T14:00:00Z,47.39,1510.25
2018-05-11T14:30:00Z,48.43,1544.45
2018-05-11T15:00:00Z,48.120000000000005,1551.85
2018-05-11T15:30:00Z,49.07,1829.1
2018-05-11T16:00:00Z,49.49999999999999,1691.3
2018-05-11T16:30:00Z,51.29,1900.05
2018-05-11T17:00:00Z,51.26,1653.05
2018-05-11T17:30:00Z,52.43,1709.25
2018-05-11T18:00:00Z,61.27,1468.25
2018-05-11T18:30:00Z,59.75,1366.25
2018-05-11T19:00:00Z,59.89,1355.85
2018-05-11T19:30:00Z,60.06,1373.75
2018-05-11T20:00:00Z,62.540000000000006,1288.35
2018-05-11T20:30:00Z,60.09,1358.8
2018-05-11T21:00:00Z,57.38,1655.65
2018-05-11T21:30:00Z,54.01,1588.8
2018-05-11T22:00:00Z,50.67,550.0
2018-05-11T22:30:00Z,51.35,539.55
2018-05-11T23:00:00Z,48.84,380.9
2018-05-11T23:30:00Z,47.13,259.5
2018-05-12T00:00:00Z,45.18,269.6
2018-05-12T00:30:00Z,46.88,423.35
2018-05-12T01:00:00Z,44.97,327.9
2018-05-12T01:30:00Z,44.69,389.65
2018-05-12T02:00:00Z,44.09,466.95
2018-05-12T02:30:00Z,44.62,406.55
2018-05-12T03:00:00Z,45.19,364.9
2018-05-12T03:30:00Z,46.73,403.15
2018-05-12T04:00:00Z,46.62,432.0
2018-05-12T04:30:00Z,47.48,329.45
2018-05-12T05:00:00Z,48.74,409.25
2018-05-12T05:30:00Z,48.46,774.85
2018-05-12T06:00:00Z,45.19,796.25
2018-05-12T06:30:00Z,46.49000000000001,782.8
2018-05-12T07:00:00Z,47.68,410.05
2018-05-12T07:30:00Z,48.1,407.2
2018-05-12T08:00:00Z,62.75999999999999,649.9
2018-05-12T08:30:00Z,66.17,444.9
2018-05-12T09:00:00Z,68.78,550.1
2018-05-12T09:30:00Z,68.76,533.9
2018-05-12T10:00:00Z,65.8,642.1
2018-05-12T10:30:00Z,64.46,721.45
2018-05-12T11:00:00Z,62.09000000000001,702.75
2018-05-12T11:30:00Z,59.90999999999999,723.35
2018-05-12T12:00:00Z,50.45,772.9
2018-05-12T12:30:00Z,49.27,712.6
2018-05-12T13:00:00Z,48.63,946.7
2018-05-12T13:30:00Z,48.85,908.6
2018-05-12T14:00:00Z,52.18999999999999,716.5
2018-05-12T14:30:00Z,52.2,784.75
2018-05-12T15:00:00Z,52.45000000000001,815.45
2018-05-12T15:30:00Z,56.49,745.0
2018-05-12T16:00:00Z,65.05,588.05
2018-05-12T16:30:00Z,67.81,671.25
2018-05-12T17:00:00Z,70.34,797.7
2018-05-12T17:30:00Z,75.9,877.55
2018-05-12T18:00:00Z,78.85,1033.1
2018-05-12T18:30:00Z,73.82,1019.55
2018-05-12T19:00:00Z,72.92,933.25
2018-05-12T19:30:00Z,69.53,1107.4
2018-05-12T20:00:00Z,63.8,948.15
2018-05-12T20:30:00Z,62.56,1003.35
2018-05-12T21:00:00Z,59.64999999999999,1228.45
2018-05-12T21:30:00Z,56.97,1742.45
2018-05-12T22:00:00Z,52.49,572.1
2018-05-12T22:30:00Z,51.62,308.1
2018-05-12T23:00:00Z,51.279999999999994,397.6
2018-05-12T23:30:00Z,48.67,516.1
2018-05-13T00:00:00Z,49.47,365.5
2018-05-13T00:30:00Z,48.74,418.65
2018-05-13T01:00:00Z,48.77,332.55
2018-05-13T01:30:00Z,47.11,545.1
2018-05-13T02:00:00Z,44.6,467.45
2018-05-13T02:30:00Z,44.41,533.45
2018-05-13T03:00:00Z,45.31,502.5
2018-05-13T03:30:00Z,46.3,534.5
2018-05-13T04:00:00Z,45.98,759.1
2018-05-13T04:30:00Z,46.01,778.0
2018-05-13T05:00:00Z,45.99000000000001,723.75
2018-05-13T05:30:00Z,44.86999999999999,785.7
2018-05-13T06:00:00Z,48.06,541.0
2018-05-13T06:30:00Z,47.89,332.95
2018-05-13T07:00:00Z,44.94,532.2
2018-05-13T07:30:00Z,41.88,544.0
2018-05-13T08:00:00Z,40.57000000000001,813.0
2018-05-13T08:30:00Z,39.9,1028.65
2018-05-13T09:00:00Z,42.52,987.0
2018-05-13T09:30:00Z,42.18,1064.45
2018-05-13T10:00:00Z,45.03,722.85
2018-05-13T10:30:00Z,43.51,836.2
2018-05-13T11:00:00Z,43.93,829.85
2018-05-13T11:30:00Z,43.669999999999995,816.3
2018-05-13T12:00:00Z,43.69,1214.75
2018-05-13T12:30:00Z,43.65,1121.0
2018-05-13T13:00:00Z,43.99,1214.6
2018-05-13T13:30:00Z,44.0,1200.5
2018-05-13T14:00:00Z,46.42999999999999,1461.5
2018-05-13T14:30:00Z,46.27,1499.05
2018-05-13T15:00:00Z,46.33,1508.35
2018-05-13T15:30:00Z,46.97999999999999,1602.4
2018-05-13T16:00:00Z,49.4,1275.0
2018-05-13T16:30:00Z,49.74,1209.1
2018-05-13T17:00:00Z,50.61,1164.85
2018-05-13T17:30:00Z,53.03,1424.7
2018-05-13T18:00:00Z,59.69,873.55
2018-05-13T18:30:00Z,60.92,775.45
2018-05-13T19:00:00Z,63.40999999999999,767.0
2018-05-13T19:30:00Z,66.14,857.45
2018-05-13T20:00:00Z,69.65,863.4
2018-05-13T20:30:00Z,65.94,907.25
2018-05-13T21:00:00Z,59.94,1058.0
2018-05-13T21:30:00Z,56.05,1141.45
2018-05-13T22:00:00Z,62.64,535.0
2018-05-13T22:30:00Z,56.77,280.85
2018-05-13T23:00:00Z,52.42,430.5
2018-05-13T23:30:00Z,49.46,429.7
2018-05-14T00:00:00Z,49.51,324.7
2018-05-14T00:30:00Z,51.02000000000001,342.9
2018-05-14T01:00:00Z,51.58,271.95
2018-05-14T01:30:00Z,50.12,222.75
2018-05-14T02:00:00Z,45.83,189.75
2018-05-14T02:30:00Z,43.78,262.05
2018-05-14T03:00:00Z,40.67,323.75
2018-05-14T03:30:00Z,41.81,426.1
2018-05-14T04:00:00Z,40.76,571.35
2018-05-14T04:30:00Z,42.0,350.35
2018-05-14T05:00:00Z,48.82,692.8
2018-05-14T05:30:00Z,47.45,872.75
2018-05-14T06:00:00Z,50.47,880.85
2018-05-14T06:30:00Z,57.21,551.95
2018-05-14T07:00:00Z,52.39,412.75
2018-05-14T07:30:00Z,48.54,550.6
2018-05-14T08:00:00Z,42.43000000000001,390.05
2018-05-14T08:30:00Z,41.53,523.95
2018-05-14T09:00:00Z,40.92,420.8
2018-05-14T09:30:00Z,41.059999999999995,859.6
2018-05-14T10:00:00Z,42.61,1264.5
2018-05-14T10:30:00Z,42.73,1150.4
2018-05-14T11:00:00Z,42.71,1216.55
2018-05-14T11:30:00Z,42.62,1168.95
2018-05-14T12:00:00Z,42.6,1046.4
2018-05-14T12:30:00Z,43.77,1188.0
2018-05-14T13:00:00Z,45.55,1267.0
2018-05-14T13:30:00Z,44.059999999999995,1554.4
2018-05-14T14:00:00Z,48.14,1317.55
2018-05-14T14:30:00Z,48.21,1197.15
2018-05-14T15:00:00Z,47.28,1180.35
2018-05-14T15:30:00Z,48.56,1188.55
2018-05-14T16:00:00Z,51.3,1261.45
2018-05-14T16:30:00Z,52.32,1160.35
2018-05-14T17:00:00Z,52.68,1262.25
2018-05-14T17:30:00Z,55.54,1322.4
2018-05-14T18:00:00Z,53.57,842.45
2018-05-14T18:30:00Z,53.58,871.0
2018-05-14T19:00:00Z,55.76,822.3
2018-05-14T19:30:00Z,56.22,828.55
2018-05-14T20:00:00Z,58.08,1010.05
2018-05-14T20:30:00Z,53.75,805.8
2018-05-14T21:00:00Z,57.64,1044.2
2018-05-14T21:30:00Z,50.78,1574.0
2018-05-14T22:00:00Z,54.91,591.9
2018-05-14T22:30:00Z,57.02,517.9
2018-05-14T23:00:00Z,53.46,373.6
2018-05-14T23:30:00Z,50.35,174.5
2018-05-15T00:00:00Z,50.82,162.0
2018-05-15T00:30:00Z,54.37,169.95
2018-05-15T01:00:00Z,54.36,195.4
2018-05-15T01:30:00Z,53.65,203.95
2018-05-15T02:00:00Z,48.29,310.75
2018-05-15T02:30:00Z,47.42,344.3
2018-05-15T03:00:00Z,47.69,342.25
2018-05-15T03:30:00Z,47.89,402.7
2018-05-15T04:00:00Z,45.11,364.85
2018-05-15T04:30:00Z,53.16,290.1
2018-05-15T05:00:00Z,61.85,657.35
2018-05-15T05:30:00Z,58.14,939.85
2018-05-15T06:00:00Z,71.88,772.9
2018-05-15T06:30:00Z,89.67,794.65
2018-05-15T07:00:00Z,100.99,843.05
2018-05-15T07:30:00Z,96.75,918.0
2018-05-15T08:00:00Z,96.01,916.7
2018-05-15T08:30:00Z,83.41,906.4
2018-05-15T09:00:00Z,75.77,927.45
2018-05-15T09:30:00Z,64.88,858.9
2018-05-15T10:00:00Z,49.07,937.5
2018-05-15T10:30:00Z,50.44,991.9
2018-05-15T11:00:00Z,47.37,931.35
2018-05-15T11:30:00Z,46.28,1073.5
2018-05-15T12:00:00Z,45.83,1306.0
2018-05-15T12:30:00Z,45.69,1314.7
2018-05-15T13:00:00Z,45.82,1345.0
2018-05-15T13:30:00Z,45.55,1449.0
2018-05-15T14:00:00Z,49.11,992.85
2018-05-15T14:30:00Z,50.48,937.5
2018-05-15T15:00:00Z,51.57,1021.4
2018-05-15T15:30:00Z,60.49,919.5
2018-05-15T16:00:00Z,68.33,1002.85
2018-05-15T16:30:00Z,68.41,938.7
2018-05-15T17:00:00Z,71.29,1012.45
2018-05-15T17:30:00Z,74.66,1126.4
2018-05-15T18:00:00Z,69.53,1611.2
2018-05-15T18:30:00Z,61.5,1217.2
2018-05-15T19:00:00Z,59.34,1073.4
2018-05-15T19:30:00Z,56.97,1197.3
2018-05-15T20:00:00Z,52.36,1250.2
2018-05-15T20:30:00Z,51.71,1397.8
2018-05-15T21:00:00Z,52.29999999999999,1390.3
2018-05-15T21:30:00Z,50.49,1263.6
2018-05-15T22:00:00Z,48.19,737.75
2018-05-15T22:30:00Z,50.13,526.1
2018-05-15T23:00:00Z,51.300000000000004,460.7
2018-05-15T23:30:00Z,48.86,489.0
2018-05-16T00:00:00Z,47.35,440.1
2018-05-16T00:30:00Z,47.25,325.0
2018-05-16T01:00:00Z,47.95,386.7
2018-05-16T01:30:00Z,46.91,452.7
2018-05-16T02:00:00Z,45.27,405.0
2018-05-16T02:30:00Z,44.14,411.15
2018-05-16T03:00:00Z,43.35,429.55
2018-05-16T03:30:00Z,42.61,346.85
2018-05-16T04:00:00Z,42.77,588.7
2018-05-16T04:30:00Z,44.32,546.45
2018-05-16T05:00:00Z,45.92,1222.6
2018-05-16T05:30:00Z,44.38,995.9
2018-05-16T06:00:00Z,51.1,1196.5
2018-05-16T06:30:00Z,53.97,774.95
2018-05-16T07:00:00Z,50.89,513.2
2018-05-16T07:30:00Z,42.33,558.0
2018-05-16T08:00:00Z,44.51,811.7
2018-05-16T08:30:00Z,45.13,836.0
2018-05-16T09:00:00Z,45.41,876.45
2018-05-16T09:30:00Z,45.3,1220.0
2018-05-16T10:00:00Z,45.98,990.7
2018-05-16T10:30:00Z,46.02,914.3
2018-05-16T11:00:00Z,45.64,948.35
2018-05-16T11:30:00Z,45.52,1034.6
2018-05-16T12:00:00Z,47.27,1240.5
2018-05-16T12:30:00Z,46.51,1322.25
2018-05-16T13:00:00Z,45.99,1402.0
2018-05-16T13:30:00Z,45.93,1415.4
2018-05-16T14:00:00Z,49.66,1175.5
2018-05-16T14:30:00Z,51.36,1070.5
2018-05-16T15:00:00Z,53.61,949.5
2018-05-16T15:30:00Z,62.190000000000005,1147.8
2018-05-16T16:00:00Z,63.29,1074.65
2018-05-16T16:30:00Z,64.89,1196.45
2018-05-16T17:00:00Z,62.31999999999999,1103.25
2018-05-16T17:30:00Z,61.75,1090.2
2018-05-16T18:00:00Z,53.25999999999999,987.95
2018-05-16T18:30:00Z,53.51,825.05
2018-05-16T19:00:00Z,52.1,1021.25
2018-05-16T19:30:00Z,52.09,956.6
2018-05-16T20:00:00Z,49.07,993.7
2018-05-16T20:30:00Z,49.08,908.0
2018-05-16T21:00:00Z,48.12,1429.5
2018-05-16T21:30:00Z,46.38,1370.85
2018-05-16T22:00:00Z,57.97,439.7
2018-05-16T22:30:00Z,60.22,565.65
2018-05-16T23:00:00Z,53.12,679.85
2018-05-16T23:30:00Z,45.0,575.85
2018-05-17T00:00:00Z,45.86,344.9
2018-05-17T00:30:00Z,42.37,657.95
2018-05-17T01:00:00Z,47.61,816.25
2018-05-17T01:30:00Z,48.88,752.95
2018-05-17T02:00:00Z,47.81,713.95
2018-05-17T02:30:00Z,44.24,783.05
2018-05-17T03:00:00Z,44.89,757.55
2018-05-17T03:30:00Z,44.43,877.35
2018-05-17T04:00:00Z,43.59,475.25
2018-05-17T04:30:00Z,44.75,527.8
2018-05-17T05:00:00Z,57.35,728.9
2018-05-17T05:30:00Z,48.01,804.25
2018-05-17T06:00:00Z,49.11,761.9
2018-05-17T06:30:00Z,54.85,881.75
2018-05-17T07:00:00Z,57.7,868.35
2018-05-17T07:30:00Z,60.239999999999995,821.25
2018-05-17T08:00:00Z,54.88,1310.55
2018-05-17T08:30:00Z,53.17,1021.05
2018-05-17T09:00:00Z,52.47,1201.4
2018-05-17T09:30:00Z,51.53000000000001,1483.35
2018-05-17T10:00:00Z,47.53,1731.45
2018-05-17T10:30:00Z,46.64,1648.15
2018-05-17T11:00:00Z,47.03999999999999,1521.65
2018-05-17T11:30:00Z,47.82,1638.6
2018-05-17T12:00:00Z,48.28999999999999,1383.0
2018-05-17T12:30:00Z,47.91,1477.5
2018-05-17T13:00:00Z,48.4,1580.0
2018-05-17T13:30:00Z,47.96,1707.0
2018-05-17T14:00:00Z,48.70000000000001,1364.45
2018-05-17T14:30:00Z,49.36,1098.75
2018-05-17T15:00:00Z,48.53,1295.0
2018-05-17T15:30:00Z,48.85,1383.3
2018-05-17T16:00:00Z,50.04,1291.05
2018-05-17T16:30:00Z,50.43,1260.6
2018-05-17T17:00:00Z,51.38,1317.1
2018-05-17T17:30:00Z,52.67,1207.9
2018-05-17T18:00:00Z,60.16,714.8
2018-05-17T18:30:00Z,60.02000000000001,704.3
2018-05-17T19:00:00Z,59.79,757.1
2018-05-17T19:30:00Z,59.64,875.0
2018-05-17T20:00:00Z,60.07,844.8
2018-05-17T20:30:00Z,58.38,794.9
2018-05-17T21:00:00Z,54.4,1004.0
2018-05-17T21:30:00Z,50.45000000000001,1590.3
2018-05-17T22:00:00Z,56.89,496.85
2018-05-17T22:30:00Z,60.33,454.6
2018-05-17T23:00:00Z,57.02,508.5
2018-05-17T23:30:00Z,50.97,416.3
2018-05-18T00:00:00Z,45.53,403.75
2018-05-18T00:30:00Z,46.21,406.6
2018-05-18T01:00:00Z,47.0,297.0
2018-05-18T01:30:00Z,48.74,484.1
2018-05-18T02:00:00Z,46.38,551.6
2018-05-18T02:30:00Z,46.13,498.6
2018-05-18T03:00:00Z,46.7,323.6
2018-05-18T03:30:00Z,47.56,369.6
2018-05-18T04:00:00Z,46.9,331.5
2018-05-18T04:30:00Z,45.79,453.0
2018-05-18T05:00:00Z,41.9,1024.5
2018-05-18T05:30:00Z,43.6,1493.1
2018-05-18T06:00:00Z,47.59,511.45
2018-05-18T06:30:00Z,54.54,448.4
2018-05-18T07:00:00Z,52.0,374.75
2018-05-18T07:30:00Z,48.53,400.25
2018-05-18T08:00:00Z,50.1,999.8
2018-05-18T08:30:00Z,48.82,809.7
2018-05-18T09:00:00Z,48.21999999999999,817.2
2018-05-18T09:30:00Z,48.13,1356.5
2018-05-18T10:00:00Z,46.97,1187.45
2018-05-18T10:30:00Z,47.06,1384.0
2018-05-18T11:00:00Z,46.93,1132.55
2018-05-18T11:30:00Z,45.78,1180.95
2018-05-18T12:00:00Z,46.32,1198.4
2018-05-18T12:30:00Z,46.16,1300.0
2018-05-18T13:00:00Z,46.64,1301.25
2018-05-18T13:30:00Z,46.42,1344.05
2018-05-18T14:00:00Z,46.2,1105.65
2018-05-18T14:30:00Z,46.76,946.25
2018-05-18T15:00:00Z,46.72,1275.2
2018-05-18T15:30:00Z,48.53,1058.45
2018-05-18T16:00:00Z,54.75000000000001,675.4
2018-05-18T16:30:00Z,56.46000000000001,661.05
2018-05-18T17:00:00Z,59.70000000000001,718.2
2018-05-18T17:30:00Z,61.54999999999999,672.25
2018-05-18T18:00:00Z,65.4,562.5
2018-05-18T18:30:00Z,60.16,465.8
2018-05-18T19:00:00Z,59.81,482.45
2018-05-18T19:30:00Z,58.11,524.7
2018-05-18T20:00:00Z,56.56000000000001,612.9
2018-05-18T20:30:00Z,55.26,582.5
2018-05-18T21:00:00Z,54.1,722.2
2018-05-18T21:30:00Z,49.19,1008.05
2018-05-18T22:00:00Z,54.34,903.4
2018-05-18T22:30:00Z,58.01,728.45
2018-05-18T23:00:00Z,52.98,534.15
2018-05-18T23:30:00Z,50.45,391.2
2018-05-19T00:00:00Z,50.36,405.25
2018-05-19T00:30:00Z,50.54,408.95
2018-05-19T01:00:00Z,50.46000000000001,376.45
2018-05-19T01:30:00Z,50.22,436.55
2018-05-19T02:00:00Z,50.32,284.9
2018-05-19T02:30:00Z,48.65,339.6
2018-05-19T03:00:00Z,48.290000000000006,360.2
2018-05-19T03:30:00Z,47.66,293.7
2018-05-19T04:00:00Z,47.19,158.55
2018-05-19T04:30:00Z,45.71,161.45
2018-05-19T05:00:00Z,47.34,263.05
2018-05-19T05:30:00Z,46.56000000000001,368.6
2018-05-19T06:00:00Z,51.42,615.35
2018-05-19T06:30:00Z,62.86,489.75
2018-05-19T07:00:00Z,74.03,493.85
2018-05-19T07:30:00Z,76.68,641.5
2018-05-19T08:00:00Z,71.21,887.5
2018-05-19T08:30:00Z,65.28,851.95
2018-05-19T09:00:00Z,64.68,875.75
2018-05-19T09:30:00Z,58.18,894.7
2018-05-19T10:00:00Z,44.79,1067.75
2018-05-19T10:30:00Z,45.81,1082.0
2018-05-19T11:00:00Z,46.77,1140.9
2018-05-19T11:30:00Z,41.96,1074.9
2018-05-19T12:00:00Z,40.93,1474.45
2018-05-19T12:30:00Z,40.7,1444.9
2018-05-19T13:00:00Z,39.54,1651.95
2018-05-19T13:30:00Z,39.56,1536.2
2018-05-19T14:00:00Z,38.58,1132.15
2018-05-19T14:30:00Z,39.04,1072.85
2018-05-19T15:00:00Z,37.91,1211.2
2018-05-19T15:30:00Z,40.07,1619.65
2018-05-19T16:00:00Z,41.27,1083.25
2018-05-19T16:30:00Z,45.22,850.5
2018-05-19T17:00:00Z,48.31,698.5
2018-05-19T17:30:00Z,51.4,922.65
2018-05-19T18:00:00Z,58.74,682.35
2018-05-19T18:30:00Z,57.13,740.35
2018-05-19T19:00:00Z,57.39,651.6
2018-05-19T19:30:00Z,57.22,763.3
2018-05-19T20:00:00Z,59.58,812.25
2018-05-19T20:30:00Z,57.74,907.6
2018-05-19T21:00:00Z,56.35,855.5
2018-05-19T21:30:00Z,52.02,1079.55
2018-05-19T22:00:00Z,52.48,962.5
2018-05-19T22:30:00Z,51.92000000000001,905.5
2018-05-19T23:00:00Z,52.67,937.55
2018-05-19T23:30:00Z,51.79,1069.05
2018-05-20T00:00:00Z,51.14,795.6
2018-05-20T00:30:00Z,50.68,755.3
2018-05-20T01:00:00Z,49.95,701.85
2018-05-20T01:30:00Z,49.83,615.75
2018-05-20T02:00:00Z,44.16,540.1
2018-05-20T02:30:00Z,44.91,557.75
2018-05-20T03:00:00Z,42.02,462.45
2018-05-20T03:30:00Z,42.04,441.9
2018-05-20T04:00:00Z,40.95,413.1
2018-05-20T04:30:00Z,41.57,569.0
2018-05-20T05:00:00Z,41.07,412.35
2018-05-20T05:30:00Z,45.57,570.75
2018-05-20T06:00:00Z,46.53,561.6
2018-05-20T06:30:00Z,46.77,699.2
2018-05-20T07:00:00Z,43.76,698.4
2018-05-20T07:30:00Z,45.36,638.05
2018-05-20T08:00:00Z,45.11000000000001,726.55
2018-05-20T08:30:00Z,45.24,719.25
2018-05-20T09:00:00Z,43.78,823.55
2018-05-20T09:30:00Z,40.77,1077.35
2018-05-20T10:00:00Z,38.72,1235.95
2018-05-20T10:30:00Z,41.71,1120.4
2018-05-20T11:00:00Z,43.01,1145.45
2018-05-20T11:30:00Z,42.12,1045.95
2018-05-20T12:00:00Z,40.93,1161.5
2018-05-20T12:30:00Z,39.67,1079.05
2018-05-20T13:00:00Z,39.34,1109.5
2018-05-20T13:30:00Z,38.94,1224.7
2018-05-20T14:00:00Z,38.26,1133.9
2018-05-20T14:30:00Z,38.81,1074.9
2018-05-20T15:00:00Z,39.47,1357.15
2018-05-20T15:30:00Z,40.49,1211.5
2018-05-20T16:00:00Z,48.16,980.2
2018-05-20T16:30:00Z,50.6,934.5
2018-05-20T17:00:00Z,50.95,897.2
2018-05-20T17:30:00Z,53.1,1066.2
2018-05-20T18:00:00Z,59.88,721.45
2018-05-20T18:30:00Z,59.54999999999999,766.85
2018-05-20T19:00:00Z,57.739999999999995,790.2
2018-05-20T19:30:00Z,59.65,808.0
2018-05-20T20:00:00Z,63.67,861.45
2018-05-20T20:30:00Z,67.46,976.7
2018-05-20T21:00:00Z,65.18,942.5
2018-05-20T21:30:00Z,55.54,871.9
2018-05-20T22:00:00Z,54.46,766.75
2018-05-20T22:30:00Z,55.67,392.75
2018-05-20T23:00:00Z,50.92,375.05
2018-05-20T23:30:00Z,48.89,313.1
2018-05-21T00:00:00Z,48.39,132.8
2018-05-21T00:30:00Z,48.21,145.25
2018-05-21T01:00:00Z,50.20000000000001,169.35
2018-05-21T01:30:00Z,47.39,257.25
2018-05-21T02:00:00Z,45.82,239.75
2018-05-21T02:30:00Z,43.51,315.75
2018-05-21T03:00:00Z,43.81,509.35
2018-05-21T03:30:00Z,44.58,468.95
2018-05-21T04:00:00Z,43.34,401.7
2018-05-21T04:30:00Z,46.839999999999996,423.0
2018-05-21T05:00:00Z,50.46,676.05
2018-05-21T05:30:00Z,49.91,686.1
2018-05-21T06:00:00Z,59.31,893.8
2018-05-21T06:30:00Z,70.67,650.2
2018-05-21T07:00:00Z,73.3,619.05
2018-05-21T07:30:00Z,77.41,697.4
2018-05-21T08:00:00Z,66.68,856.8
2018-05-21T08:30:00Z,59.12,862.65
2018-05-21T09:00:00Z,59.22,891.25
2018-05-21T09:30:00Z,58.82,1026.0
2018-05-21T10:00:00Z,52.61,1034.0
2018-05-21T10:30:00Z,51.25,1014.05
2018-05-21T11:00:00Z,51.63,1053.55
2018-05-21T11:30:00Z,51.77,1081.25
2018-05-21T12:00:00Z,55.89,1231.8
2018-05-21T12:30:00Z,54.33,1174.15
2018-05-21T13:00:00Z,53.62,1313.2
2018-05-21T13:30:00Z,52.43000000000001,1309.95
2018-05-21T14:00:00Z,60.38,1152.35
2018-05-21T14:30:00Z,61.5,1063.8
2018-05-21T15:00:00Z,65.0,940.4
2018-05-21T15:30:00Z,66.54,1199.2
2018-05-21T16:00:00Z,71.36,1036.7
2018-05-21T16:30:00Z,71.9,1217.95
2018-05-21T17:00:00Z,73.4,1298.25
2018-05-21T17:30:00Z,74.11,1289.85
2018-05-21T18:00:00Z,68.7,741.75
2018-05-21T18:30:00Z,64.52,620.25
2018-05-21T19:00:00Z,63.63,716.9
2018-05-21T19:30:00Z,55.60000000000001,676.8
2018-05-21T20:00:00Z,55.29,880.45
2018-05-21T20:30:00Z,57.71,1042.05
2018-05-21T21:00:00Z,51.84,1182.05
2018-05-21T21:30:00Z,48.89,1422.05
2018-05-21T22:00:00Z,54.27,313.5
2018-05-21T22:30:00Z,53.24999999999999,340.45
2018-05-21T23:00:00Z,54.9,268.35
2018-05-21T23:30:00Z,45.7,293.0
2018-05-22T00:00:00Z,43.65,527.7
2018-05-22T00:30:00Z,43.47,554.15
2018-05-22T01:00:00Z,42.72,439.05
2018-05-22T01:30:00Z,43.08,533.5
2018-05-22T02:00:00Z,37.01,644.3
2018-05-22T02:30:00Z,37.08,495.75
2018-05-22T03:00:00Z,34.9,564.7
2018-05-22T03:30:00Z,32.19,604.65
2018-05-22T04:00:00Z,42.53,989.45
2018-05-22T04:30:00Z,43.95,930.4
2018-05-22T05:00:00Z,46.72,1261.5
2018-05-22T05:30:00Z,47.25,1447.65
2018-05-22T06:00:00Z,54.64,1277.8
2018-05-22T06:30:00Z,62.510000000000005,1180.0
2018-05-22T07:00:00Z,55.22,1113.5
2018-05-22T07:30:00Z,51.93,870.3
2018-05-22T08:00:00Z,49.0,1373.0
2018-05-22T08:30:00Z,48.36000000000001,1367.25
2018-05-22T09:00:00Z,49.17,1617.6
2018-05-22T09:30:00Z,49.43,1603.75
2018-05-22T10:00:00Z,47.13,1571.75
2018-05-22T10:30:00Z,46.95,1616.25
2018-05-22T11:00:00Z,47.12,1559.75
2018-05-22T11:30:00Z,47.01,1596.75
2018-05-22T12:00:00Z,47.13,1649.0
2018-05-22T12:30:00Z,47.00000000000001,1683.95
2018-05-22T13:00:00Z,46.9,1720.5
2018-05-22T13:30:00Z,46.84000000000001,1712.6
2018-05-22T14:00:00Z,48.74,1344.2
2018-05-22T14:30:00Z,48.61,1347.65
2018-05-22T15:00:00Z,49.13485925334398,1252.25
2018-05-22T15:30:00Z,49.62,1195.65
2018-05-22T16:00:00Z,54.199951917659,1331.05
2018-05-22T16:30:00Z,54.839999999999996,1207.35
2018-05-22T17:00:00Z,55.85,1112.5
2018-05-22T17:30:00Z,57.19,1108.35
2018-05-22T18:00:00Z,52.31,1072.85
2018-05-22T18:30:00Z,53.1,957.0
2018-05-22T19:00:00Z,53.12,1122.2
2018-05-22T19:30:00Z,51.73,1154.5
2018-05-22T20:00:00Z,53.95,1457.8
2018-05-22T20:30:00Z,55.96,1558.15
2018-05-22T21:00:00Z,55.13,1601.7
2018-05-22T21:30:00Z,49.95,1621.45
2018-05-22T22:00:00Z,48.49,573.45
2018-05-22T22:30:00Z,52.19,513.75
2018-05-22T23:00:00Z,45.63,191.5
2018-05-22T23:30:00Z,42.13,128.6
2018-05-23T00:00:00Z,43.23,464.45
2018-05-23T00:30:00Z,43.080000000000005,445.2
2018-05-23T01:00:00Z,44.03,534.2
2018-05-23T01:30:00Z,43.75,489.95
2018-05-23T02:00:00Z,45.35,434.25
2018-05-23T02:30:00Z,45.34,453.0
2018-05-23T03:00:00Z,46.19,469.0
2018-05-23T03:30:00Z,45.74,499.15
2018-05-23T04:00:00Z,45.2,250.8
2018-05-23T04:30:00Z,47.53999999999999,445.15
2018-05-23T05:00:00Z,52.699999999999996,696.75
2018-05-23T05:30:00Z,47.22,751.05
2018-05-23T06:00:00Z,63.5,584.5
2018-05-23T06:30:00Z,80.12,611.05
2018-05-23T07:00:00Z,86.58999999999999,875.6
2018-05-23T07:30:00Z,83.39,574.0
2018-05-23T08:00:00Z,77.34907674097457,1013.8
2018-05-23T08:30:00Z,67.5,1033.5
2018-05-23T09:00:00Z,60.14901894978103,1221.65
2018-05-23T09:30:00Z,62.22300363755262,1223.35
2018-05-23T10:00:00Z,58.14151470040938,1343.5
2018-05-23T10:30:00Z,58.4256160333884,1150.1
2018-05-23T11:00:00Z,58.15,1061.3
2018-05-23T11:30:00Z,54.59,1118.5
2018-05-23T12:00:00Z,51.82886722521568,1605.35
2018-05-23T12:30:00Z,50.77521257176994,1506.55
2018-05-23T13:00:00Z,50.5,1532.75
2018-05-23T13:30:00Z,49.9,1763.75
2018-05-23T14:00:00Z,52.06199202560202,953.05
2018-05-23T14:30:00Z,51.440235537427476,870.35
2018-05-23T15:00:00Z,52.04,844.95
2018-05-23T15:30:00Z,51.544918566775245,1028.45
2018-05-23T16:00:00Z,64.22340320591863,1216.5
2018-05-23T16:30:00Z,64.87950344130343,1285.85
2018-05-23T17:00:00Z,67.81,1188.4
2018-05-23T17:30:00Z,69.19683557394002,1257.1
2018-05-23T18:00:00Z,68.63074645339427,1050.3
2018-05-23T18:30:00Z,64.85,970.45
2018-05-23T19:00:00Z,59.97,885.25
2018-05-23T19:30:00Z,57.07,995.05
2018-05-23T20:00:00Z,56.99,1034.5
2018-05-23T20:30:00Z,55.44,1151.4
2018-05-23T21:00:00Z,55.32999999999999,1394.1
2018-05-23T21:30:00Z,53.16,1724.55
2018-05-23T22:00:00Z,53.99,767.8
2018-05-23T22:30:00Z,55.64,483.7
2018-05-23T23:00:00Z,53.650000000000006,349.35
2018-05-23T23:30:00Z,50.76,481.05
2018-05-24T00:00:00Z,52.5,310.0
2018-05-24T00:30:00Z,49.67,417.5
2018-05-24T01:00:00Z,49.03,377.8
2018-05-24T01:30:00Z,48.12,438.5
2018-05-24T02:00:00Z,45.58,366.5
2018-05-24T02:30:00Z,45.89,312.6
2018-05-24T03:00:00Z,47.08,307.45
2018-05-24T03:30:00Z,46.79,341.7
2018-05-24T04:00:00Z,49.27000000000001,359.15
2018-05-24T04:30:00Z,50.0,430.35
2018-05-24T05:00:00Z,61.53000000000001,566.45
2018-05-24T05:30:00Z,51.81,1160.0
2018-05-24T06:00:00Z,60.870000000000005,1081.0
2018-05-24T06:30:00Z,67.02,1072.2
2018-05-24T07:00:00Z,70.41,1013.95
2018-05-24T07:30:00Z,71.81,1063.0
2018-05-24T08:00:00Z,73.41,1069.0
2018-05-24T08:30:00Z,66.68,1060.05
2018-05-24T09:00:00Z,65.85,986.65
2018-05-24T09:30:00Z,62.7,1282.7
2018-05-24T10:00:00Z,54.85,1138.9
2018-05-24T10:30:00Z,54.6,1010.7
2018-05-24T11:00:00Z,54.77,1114.2
2018-05-24T11:30:00Z,52.769999999999996,1305.3
2018-05-24T12:00:00Z,52.227461866992066,1311.2
2018-05-24T12:30:00Z,52.68,1242.55
2018-05-24T13:00:00Z,54.16,1254.7
2018-05-24T13:30:00Z,53.86,1284.85
2018-05-24T14:00:00Z,61.06,916.5
2018-05-24T14:30:00Z,65.1,808.55
2018-05-24T15:00:00Z,71.65,922.65
2018-05-24T15:30:00Z,86.39,961.5
2018-05-24T16:00:00Z,89.58,1263.5
2018-05-24T16:30:00Z,87.57,1366.5
2018-05-24T17:00:00Z,85.69,1191.55
2018-05-24T17:30:00Z,85.73,1360.3
2018-05-24T18:00:00Z,68.03,662.95
2018-05-24T18:30:00Z,63.54,729.65
2018-05-24T19:00:00Z,60.31999999999999,654.75
2018-05-24T19:30:00Z,58.91,761.35
2018-05-24T20:00:00Z,61.22,628.75
2018-05-24T20:30:00Z,59.75999999999999,750.25
2018-05-24T21:00:00Z,58.67999999999999,717.8
2018-05-24T21:30:00Z,57.8,1068.95
2018-05-24T22:00:00Z,60.67,585.4
2018-05-24T22:30:00Z,62.89,513.5
2018-05-24T23:00:00Z,57.41,466.45
2018-05-24T23:30:00Z,57.47,346.95
2018-05-25T00:00:00Z,58.67000000000001,166.0
2018-05-25T00:30:00Z,57.33,241.95
2018-05-25T01:00:00Z,58.82,193.0
2018-05-25T01:30:00Z,54.66,257.6
2018-05-25T02:00:00Z,50.19,159.85
2018-05-25T02:30:00Z,48.68000000000001,176.05
2018-05-25T03:00:00Z,49.87,177.15
2018-05-25T03:30:00Z,47.13,283.9
2018-05-25T04:00:00Z,45.26,177.8
2018-05-25T04:30:00Z,46.0,152.0
2018-05-25T05:00:00Z,62.34,390.4
2018-05-25T05:30:00Z,53.599999999999994,627.45
2018-05-25T06:00:00Z,81.9,1211.7
2018-05-25T06:30:00Z,85.83,1393.9
2018-05-25T07:00:00Z,85.92,1088.65
2018-05-25T07:30:00Z,87.19,1087.75
2018-05-25T08:00:00Z,87.57,1261.95
2018-05-25T08:30:00Z,85.83,1277.7
2018-05-25T09:00:00Z,84.86,1411.95
2018-05-25T09:30:00Z,80.01,1620.95
2018-05-25T10:00:00Z,60.87,1141.2
2018-05-25T10:30:00Z,63.98,1192.8
2018-05-25T11:00:00Z,61.14,1236.65
2018-05-25T11:30:00Z,58.46,1166.8
2018-05-25T12:00:00Z,55.71999999999999,1543.0
2018-05-25T12:30:00Z,54.580000000000005,1470.9
2018-05-25T13:00:00Z,53.74,1521.85
2018-05-25T13:30:00Z,54.07999999999999,1407.45
2018-05-25T14:00:00Z,52.22,1183.5
2018-05-25T14:30:00Z,52.74,1156.45
2018-05-25T15:00:00Z,54.55,1428.2
2018-05-25T15:30:00Z,56.87,1369.25
2018-05-25T16:00:00Z,60.73,1373.5
2018-05-25T16:30:00Z,60.61,1247.35
2018-05-25T17:00:00Z,61.260000000000005,1334.15
2018-05-25T17:30:00Z,59.85000000000001,1362.05
2018-05-25T18:00:00Z,54.16,1144.05
2018-05-25T18:30:00Z,52.92,1014.6
2018-05-25T19:00:00Z,53.9,1151.95
2018-05-25T19:30:00Z,54.22,1309.9
2018-05-25T20:00:00Z,55.74999999999999,841.4
2018-05-25T20:30:00Z,55.410000000000004,855.15
2018-05-25T21:00:00Z,52.92,1021.65
2018-05-25T21:30:00Z,52.28,1240.1
2018-05-25T22:00:00Z,59.51,649.55
2018-05-25T22:30:00Z,63.830000000000005,759.5
2018-05-25T23:00:00Z,60.45,267.45
2018-05-25T23:30:00Z,61.86999999999999,270.0
2018-05-26T00:00:00Z,61.13000000000001,304.6
2018-05-26T00:30:00Z,57.48,247.0
2018-05-26T01:00:00Z,54.35999999999999,189.45
2018-05-26T01:30:00Z,48.89,229.4
2018-05-26T02:00:00Z,45.93,369.35
2018-05-26T02:30:00Z,46.04,351.1
2018-05-26T03:00:00Z,47.47,332.9
2018-05-26T03:30:00Z,46.31,424.5
2018-05-26T04:00:00Z,48.2,459.35
2018-05-26T04:30:00Z,47.629999999999995,440.5
2018-05-26T05:00:00Z,47.98,480.35
2018-05-26T05:30:00Z,46.02,684.4
2018-05-26T06:00:00Z,48.98,416.55
2018-05-26T06:30:00Z,49.25,501.45
2018-05-26T07:00:00Z,48.41,644.2
2018-05-26T07:30:00Z,51.49000000000001,718.05
2018-05-26T08:00:00Z,56.22999999999999,753.8
2018-05-26T08:30:00Z,55.14,939.45
2018-05-26T09:00:00Z,56.15,861.95
2018-05-26T09:30:00Z,53.90999999999999,829.1
2018-05-26T10:00:00Z,44.62,915.7
2018-05-26T10:30:00Z,44.23,960.1
2018-05-26T11:00:00Z,43.9,1091.05
2018-05-26T11:30:00Z,43.65,1310.8
2018-05-26T12:00:00Z,43.45,1765.3
2018-05-26T12:30:00Z,43.45,1894.55
2018-05-26T13:00:00Z,43.46,1964.3
2018-05-26T13:30:00Z,42.39,1900.4
2018-05-26T14:00:00Z,43.86,1482.5
2018-05-26T14:30:00Z,43.59,1401.85
2018-05-26T15:00:00Z,43.48,1317.95
2018-05-26T15:30:00Z,44.209999999999994,1586.35
2018-05-26T16:00:00Z,50.98,1132.05
2018-05-26T16:30:00Z,53.92,1144.15
2018-05-26T17:00:00Z,53.12,1135.65
2018-05-26T17:30:00Z,56.74,1146.6
2018-05-26T18:00:00Z,59.57999999999999,839.95
2018-05-26T18:30:00Z,59.61,929.85
2018-05-26T19:00:00Z,59.51,952.75
2018-05-26T19:30:00Z,58.07,917.7
2018-05-26T20:00:00Z,56.27,910.2
2018-05-26T20:30:00Z,56.58,901.35
2018-05-26T21:00:00Z,57.37,889.45
2018-05-26T21:30:00Z,52.1,970.8
2018-05-26T22:00:00Z,49.53,600.8
2018-05-26T22:30:00Z,46.32,510.7
2018-05-26T23:00:00Z,39.85,470.75
2018-05-26T23:30:00Z,34.69,567.0
2018-05-27T00:00:00Z,23.93,405.8
2018-05-27T00:30:00Z,22.41,379.05
2018-05-27T01:00:00Z,19.59,448.15
2018-05-27T01:30:00Z,20.47,535.75
2018-05-27T02:00:00Z,17.8,670.7
2018-05-27T02:30:00Z,21.59,694.45
2018-05-27T03:00:00Z,18.69,768.9
2018-05-27T03:30:00Z,18.52,1024.4
2018-05-27T04:00:00Z,19.88,732.5
2018-05-27T04:30:00Z,20.3,727.9
2018-05-27T05:00:00Z,18.84,527.85
2018-05-27T05:30:00Z,17.38,555.35
2018-05-27T06:00:00Z,21.47,693.7
2018-05-27T06:30:00Z,22.189999999999998,787.4
2018-05-27T07:00:00Z,26.08,634.25
2018-05-27T07:30:00Z,29.89,668.85
2018-05-27T08:00:00Z,41.99,745.2
2018-05-27T08:30:00Z,45.23,806.95
2018-05-27T09:00:00Z,46.44,961.35
2018-05-27T09:30:00Z,48.16,1032.85
2018-05-27T10:00:00Z,49.59,1004.65
2018-05-27T10:30:00Z,50.25,1010.75
2018-05-27T11:00:00Z,50.5,1029.2
2018-05-27T11:30:00Z,51.93,1204.05
2018-05-27T12:00:00Z,52.26,1304.35
2018-05-27T12:30:00Z,51.63,1369.7
2018-05-27T13:00:00Z,51.26,1267.3
2018-05-27T13:30:00Z,49.99000000000001,1393.55
2018-05-27T14:00:00Z,47.91,972.3
2018-05-27T14:30:00Z,48.61,1051.05
2018-05-27T15:00:00Z,48.95,1006.75
2018-05-27T15:30:00Z,49.69,761.8
2018-05-27T16:00:00Z,50.77,862.5
2018-05-27T16:30:00Z,49.75,884.75
2018-05-27T17:00:00Z,46.53,822.1
2018-05-27T17:30:00Z,46.25,921.7
2018-05-27T18:00:00Z,56.66,810.25
2018-05-27T18:30:00Z,64.49,786.65
2018-05-27T19:00:00Z,63.83,847.6
2018-05-27T19:30:00Z,66.16,827.25
2018-05-27T20:00:00Z,69.63,782.7
2018-05-27T20:30:00Z,68.66,789.5
2018-05-27T21:00:00Z,67.66,1035.55
2018-05-27T21:30:00Z,63.489999999999995,1121.4
2018-05-27T22:00:00Z,64.5,1088.2
2018-05-27T22:30:00Z,55.81000000000001,649.4
2018-05-27T23:00:00Z,49.21,496.35
2018-05-27T23:30:00Z,49.53,579.55
2018-05-28T00:00:00Z,50.15,522.6
2018-05-28T00:30:00Z,50.29,382.5
2018-05-28T01:00:00Z,49.980000000000004,357.8
2018-05-28T01:30:00Z,48.55,424.05
2018-05-28T02:00:00Z,50.36,496.15
2018-05-28T02:30:00Z,49.69,492.2
2018-05-28T03:00:00Z,49.78,489.1
2018-05-28T03:30:00Z,49.11,458.4
2018-05-28T04:00:00Z,49.1,348.05
2018-05-28T04:30:00Z,49.17,323.65
2018-05-28T05:00:00Z,61.18,868.05
2018-05-28T05:30:00Z,55.63999999999999,1192.1
2018-05-28T06:00:00Z,56.99999999999999,860.4
2018-05-28T06:30:00Z,64.42,892.4
2018-05-28T07:00:00Z,61.41,750.45
2018-05-28T07:30:00Z,65.8,940.25
2018-05-28T08:00:00Z,68.36,808.35
2018-05-28T08:30:00Z,71.1,819.35
2018-05-28T09:00:00Z,72.2,895.2
2018-05-28T09:30:00Z,69.06,968.7
2018-05-28T10:00:00Z,60.4,966.1
2018-05-28T10:30:00Z,58.17999999999999,824.8
2018-05-28T11:00:00Z,57.64999999999999,900.6
2018-05-28T11:30:00Z,56.9,870.05
2018-05-28T12:00:00Z,52.86,946.15
2018-05-28T12:30:00Z,51.83,906.8
2018-05-28T13:00:00Z,51.0,1010.55
2018-05-28T13:30:00Z,51.43,954.55
2018-05-28T14:00:00Z,44.69,601.6
2018-05-28T14:30:00Z,47.26,462.9
2018-05-28T15:00:00Z,46.27,481.55
2018-05-28T15:30:00Z,52.6,512.65
2018-05-28T16:00:00Z,59.86999999999999,550.85
2018-05-28T16:30:00Z,68.8,726.7
2018-05-28T17:00:00Z,67.91,572.95
2018-05-28T17:30:00Z,67.65,672.4
2018-05-28T18:00:00Z,69.58,863.6
2018-05-28T18:30:00Z,70.3,855.55
2018-05-28T19:00:00Z,68.13,772.2
2018-05-28T19:30:00Z,65.33,854.7
2018-05-28T20:00:00Z,59.76,512.45
2018-05-28T20:30:00Z,55.7,573.05
2018-05-28T21:00:00Z,54.56,643.0
2018-05-28T21:30:00Z,53.4,922.15
2018-05-28T22:00:00Z,62.99,414.0
2018-05-28T22:30:00Z,60.980000000000004,317.2
2018-05-28T23:00:00Z,61.05,275.95
2018-05-28T23:30:00Z,51.53,282.4
2018-05-29T00:00:00Z,54.88,219.05
2018-05-29T00:30:00Z,54.11000000000001,373.35
2018-05-29T01:00:00Z,53.34,306.85
2018-05-29T01:30:00Z,50.04,337.1
2018-05-29T02:00:00Z,45.09,503.6
2018-05-29T02:30:00Z,41.160000000000004,429.4
2018-05-29T03:00:00Z,41.69,604.85
2018-05-29T03:30:00Z,42.01,592.25
2018-05-29T04:00:00Z,43.08,394.8
2018-05-29T04:30:00Z,46.49,451.9
2018-05-29T05:00:00Z,59.760000000000005,732.2
2018-05-29T05:30:00Z,47.18,1092.45
2018-05-29T06:00:00Z,57.23,901.2
2018-05-29T06:30:00Z,59.85,689.45
2018-05-29T07:00:00Z,61.19,771.75
2018-05-29T07:30:00Z,62.31,927.4
2018-05-29T08:00:00Z,64.35,779.25
2018-05-29T08:30:00Z,68.11,927.3
2018-05-29T09:00:00Z,68.82,1047.35
2018-05-29T09:30:00Z,66.89,943.75
2018-05-29T10:00:00Z,62.6,1021.55
2018-05-29T10:30:00Z,60.84,960.55
2018-05-29T11:00:00Z,61.800000000000004,1102.3
2018-05-29T11:30:00Z,58.06,1061.45
2018-05-29T12:00:00Z,51.51,1117.7
2018-05-29T12:30:00Z,52.46,1284.75
2018-05-29T13:00:00Z,53.63,1443.9
2018-05-29T13:30:00Z,53.34,1417.95
2018-05-29T14:00:00Z,63.97,1911.05
2018-05-29T14:30:00Z,64.07,1812.5
2018-05-29T15:00:00Z,63.27,2011.15
2018-05-29T15:30:00Z,66.25,2052.35
2018-05-29T16:00:00Z,64.53,1805.3
2018-05-29T16:30:00Z,64.46,1924.95
2018-05-29T17:00:00Z,65.37,1768.15
2018-05-29T17:30:00Z,65.18,1811.05
2018-05-29T18:00:00Z,60.19,1422.3
2018-05-29T18:30:00Z,60.92000000000001,1357.05
2018-05-29T19:00:00Z,61.07999999999999,1355.2
2018-05-29T19:30:00Z,57.68000000000001,1507.85
2018-05-29T20:00:00Z,59.13,1396.1
2018-05-29T20:30:00Z,57.65,1374.05
2018-05-29T21:00:00Z,57.08,1642.95
2018-05-29T21:30:00Z,54.11,2183.4
2018-05-29T22:00:00Z,52.17,744.7
2018-05-29T22:30:00Z,57.27,635.15
2018-05-29T23:00:00Z,59.26,401.2
2018-05-29T23:30:00Z,57.92,270.0
2018-05-30T00:00:00Z,59.36,287.3
2018-05-30T00:30:00Z,52.96,136.0
2018-05-30T01:00:00Z,50.32,243.2
2018-05-30T01:30:00Z,49.43000000000001,354.5
2018-05-30T02:00:00Z,49.83,448.75
2018-05-30T02:30:00Z,51.08,515.75
2018-05-30T03:00:00Z,52.27,475.35
2018-05-30T03:30:00Z,49.6,680.25
2018-05-30T04:00:00Z,51.01,367.1
2018-05-30T04:30:00Z,54.650000000000006,426.45
2018-05-30T05:00:00Z,57.35,911.4
2018-05-30T05:30:00Z,51.22,1413.95
2018-05-30T06:00:00Z,59.61,1016.05
2018-05-30T06:30:00Z,59.57,1116.85
2018-05-30T07:00:00Z,60.94,526.0
2018-05-30T07:30:00Z,58.400000000000006,617.25
2018-05-30T08:00:00Z,53.61,843.25
2018-05-30T08:30:00Z,54.54,850.1
2018-05-30T09:00:00Z,57.49,934.0
2018-05-30T09:30:00Z,59.56,1078.25
2018-05-30T10:00:00Z,64.46,797.5
2018-05-30T10:30:00Z,65.54,945.9
2018-05-30T11:00:00Z,66.97,938.2
2018-05-30T11:30:00Z,65.99,876.6
2018-05-30T12:00:00Z,64.1,1016.9
2018-05-30T12:30:00Z,63.16,1027.15
2018-05-30T13:00:00Z,62.54,946.1
2018-05-30T13:30:00Z,62.709999999999994,1176.55
2018-05-30T14:00:00Z,72.72,1142.1
2018-05-30T14:30:00Z,76.66,1047.45
2018-05-30T15:00:00Z,80.77,1151.3
2018-05-30T15:30:00Z,84.19,1114.05
2018-05-30T16:00:00Z,90.64,926.1
2018-05-30T16:30:00Z,93.88,1104.05
2018-05-30T17:00:00Z,94.84,1046.6
2018-05-30T17:30:00Z,96.28,1325.75
2018-05-30T18:00:00Z,83.05,947.1
2018-05-30T18:30:00Z,81.69,983.3
2018-05-30T19:00:00Z,71.43,896.95
2018-05-30T19:30:00Z,66.05,1020.35
2018-05-30T20:00:00Z,56.6,1234.4
2018-05-30T20:30:00Z,58.07,1124.2
2018-05-30T21:00:00Z,56.68999999999999,1383.35
2018-05-30T21:30:00Z,54.8,1853.35
2018-05-30T22:00:00Z,70.02,376.25
2018-05-30T22:30:00Z,76.59,377.35
2018-05-30T23:00:00Z,69.38,373.9
2018-05-30T23:30:00Z,58.88000000000001,300.65
2018-05-31T00:00:00Z,54.15,287.05
2018-05-31T00:30:00Z,52.56000000000001,325.5
2018-05-31T01:00:00Z,52.54,436.1
2018-05-31T01:30:00Z,51.47,527.75
2018-05-31T02:00:00Z,50.66,593.9
2018-05-31T02:30:00Z,51.14,623.6
2018-05-31T03:00:00Z,51.79,629.35
2018-05-31T03:30:00Z,51.58,632.85
2018-05-31T04:00:00Z,55.4,443.0
2018-05-31T04:30:00Z,54.05,417.05
2018-05-31T05:00:00Z,64.27,469.2
2018-05-31T05:30:00Z,49.879999999999995,1374.65
2018-05-31T06:00:00Z,49.21,971.0
2018-05-31T06:30:00Z,51.73,876.85
2018-05-31T07:00:00Z,60.74,965.05
2018-05-31T07:30:00Z,77.66,624.2
2018-05-31T08:00:00Z,90.17,651.9
2018-05-31T08:30:00Z,84.34,883.75
2018-05-31T09:00:00Z,85.03,746.3
2018-05-31T09:30:00Z,77.31,793.55
2018-05-31T10:00:00Z,61.95,789.05
2018-05-31T10:30:00Z,61.52,962.75
2018-05-31T11:00:00Z,67.37,1006.8
2018-05-31T11:30:00Z,68.79,1116.55
2018-05-31T12:00:00Z,63.69,1896.8
2018-05-31T12:30:00Z,60.16,1856.3
2018-05-31T13:00:00Z,59.13,1790.35
2018-05-31T13:30:00Z,58.54,1774.25
2018-05-31T14:00:00Z,66.39,1110.7
2018-05-31T14:30:00Z,67.34,1045.3
2018-05-31T15:00:00Z,68.53,1033.25
2018-05-31T15:30:00Z,71.92,1368.5
2018-05-31T16:00:00Z,77.39,1209.7
2018-05-31T16:30:00Z,79.76,1339.85
2018-05-31T17:00:00Z,78.66,1327.9
2018-05-31T17:30:00Z,76.9,1443.1
2018-05-31T18:00:00Z,70.25,1168.8
2018-05-31T18:30:00Z,66.73,1152.95
2018-05-31T19:00:00Z,62.620000000000005,1084.7
2018-05-31T19:30:00Z,60.5,1051.45
2018-05-31T20:00:00Z,59.029999999999994,1323.25
2018-05-31T20:30:00Z,58.53,1369.15
2018-05-31T21:00:00Z,59.65,1232.9
2018-05-31T21:30:00Z,56.05,1699.6
2018-05-31T22:00:00Z,58.48,666.5
2018-05-31T22:30:00Z,64.33,448.0
2018-05-31T23:00:00Z,50.84,378.05
2018-05-31T23:30:00Z,51.7,279.95
2018-06-01T00:00:00Z,55.65,255.7
2018-06-01T00:30:00Z,51.73,180.35
2018-06-01T01:00:00Z,54.48,272.45
2018-06-01T01:30:00Z,49.26,380.6
2018-06-01T02:00:00Z,50.78,538.5
2018-06-01T02:30:00Z,50.23,477.75
2018-06-01T03:00:00Z,48.84,561.7
2018-06-01T03:30:00Z,49.57,613.4
2018-06-01T04:00:00Z,51.51,243.8
2018-06-01T04:30:00Z,51.32,319.75
2018-06-01T05:00:00Z,57.08,438.15
2018-06-01T05:30:00Z,48.92,618.25
2018-06-01T06:00:00Z,50.73,924.1
2018-06-01T06:30:00Z,50.31999999999999,652.4
2018-06-01T07:00:00Z,52.660000000000004,735.1
2018-06-01T07:30:00Z,62.44,650.8
2018-06-01T08:00:00Z,70.37,686.45
2018-06-01T08:30:00Z,70.69,671.8
2018-06-01T09:00:00Z,63.7,848.8
2018-06-01T09:30:00Z,60.15,813.4
2018-06-01T10:00:00Z,54.95,841.95
2018-06-01T10:30:00Z,54.14,888.8
2018-06-01T11:00:00Z,52.95,968.8
2018-06-01T11:30:00Z,52.02,1162.8
2018-06-01T12:00:00Z,49.51,1509.45
2018-06-01T12:30:00Z,49.58,1519.6
2018-06-01T13:00:00Z,49.73,1675.35
2018-06-01T13:30:00Z,49.63,1745.6
2018-06-01T14:00:00Z,51.67,975.7
2018-06-01T14:30:00Z,52.35,758.45
2018-06-01T15:00:00Z,50.67000000000001,792.35
2018-06-01T15:30:00Z,52.15999999999999,806.85
2018-06-01T16:00:00Z,53.12,808.25
2018-06-01T16:30:00Z,54.97,832.65
2018-06-01T17:00:00Z,55.26,852.35
2018-06-01T17:30:00Z,56.01,853.1
2018-06-01T18:00:00Z,65.1,929.85
2018-06-01T18:30:00Z,64.74,888.85
2018-06-01T19:00:00Z,64.6,927.8
2018-06-01T19:30:00Z,62.78,1035.0
2018-06-01T20:00:00Z,63.87,873.6
2018-06-01T20:30:00Z,62.87,1018.7
2018-06-01T21:00:00Z,58.66,1207.0
2018-06-01T21:30:00Z,57.05,1607.55
2018-06-01T22:00:00Z,61.9,504.9
2018-06-01T22:30:00Z,62.88000000000001,522.05
2018-06-01T23:00:00Z,57.5,364.95
2018-06-01T23:30:00Z,57.18,266.95
2018-06-02T00:00:00Z,54.699999999999996,179.5
2018-06-02T00:30:00Z,55.5,241.5
2018-06-02T01:00:00Z,50.26,114.95
2018-06-02T01:30:00Z,48.86,116.3
2018-06-02T02:00:00Z,46.85,235.6
2018-06-02T02:30:00Z,46.1,278.1
2018-06-02T03:00:00Z,46.91,279.4
2018-06-02T03:30:00Z,46.28,283.65
2018-06-02T04:00:00Z,47.07,354.2
2018-06-02T04:30:00Z,47.56,193.65
2018-06-02T05:00:00Z,48.47,257.8
2018-06-02T05:30:00Z,48.02,330.45
2018-06-02T06:00:00Z,48.54,782.75
2018-06-02T06:30:00Z,48.91,642.5
2018-06-02T07:00:00Z,52.45,482.1
2018-06-02T07:30:00Z,50.21,458.7
2018-06-02T08:00:00Z,62.400000000000006,870.35
2018-06-02T08:30:00Z,63.64,778.95
2018-06-02T09:00:00Z,66.02,804.8
2018-06-02T09:30:00Z,64.74,886.2
2018-06-02T10:00:00Z,57.97,825.6
2018-06-02T10:30:00Z,56.75000000000001,900.95
2018-06-02T11:00:00Z,53.33,946.0
2018-06-02T11:30:00Z,53.36,1073.95
2018-06-02T12:00:00Z,50.49,1249.3
2018-06-02T12:30:00Z,48.7,1430.35
2018-06-02T13:00:00Z,48.76,1313.8
2018-06-02T13:30:00Z,48.88,1712.8
2018-06-02T14:00:00Z,50.81,1018.15
2018-06-02T14:30:00Z,49.94,1108.6
2018-06-02T15:00:00Z,50.31,1072.95
2018-06-02T15:30:00Z,51.3,1018.85
2018-06-02T16:00:00Z,60.84000000000001,559.25
2018-06-02T16:30:00Z,67.97,645.55
2018-06-02T17:00:00Z,69.82,611.4
2018-06-02T17:30:00Z,71.49,864.7
2018-06-02T18:00:00Z,70.22,793.25
2018-06-02T18:30:00Z,70.13,742.45
2018-06-02T19:00:00Z,70.11,696.3
2018-06-02T19:30:00Z,66.5,774.6
2018-06-02T20:00:00Z,64.44,831.35
2018-06-02T20:30:00Z,65.98,830.5
2018-06-02T21:00:00Z,64.1,789.05
2018-06-02T21:30:00Z,60.48,956.8
2018-06-02T22:00:00Z,57.52,689.45
2018-06-02T22:30:00Z,61.26,303.5
2018-06-02T23:00:00Z,59.83,207.15
2018-06-02T23:30:00Z,47.129999999999995,195.35
2018-06-03T00:00:00Z,51.39,149.5
2018-06-03T00:30:00Z,52.52,239.0
2018-06-03T01:00:00Z,51.52,178.45
2018-06-03T01:30:00Z,48.48,271.45
2018-06-03T02:00:00Z,46.75,324.45
2018-06-03T02:30:00Z,47.14,340.05
2018-06-03T03:00:00Z,47.29,402.2
2018-06-03T03:30:00Z,45.79,309.8
2018-06-03T04:00:00Z,45.16,308.3
2018-06-03T04:30:00Z,45.57,281.4
2018-06-03T05:00:00Z,46.04,286.4
2018-06-03T05:30:00Z,47.03,273.6
2018-06-03T06:00:00Z,46.93,511.5
2018-06-03T06:30:00Z,49.55,244.65
2018-06-03T07:00:00Z,48.29,305.75
2018-06-03T07:30:00Z,50.85,270.1
2018-06-03T08:00:00Z,55.32,422.5
2018-06-03T08:30:00Z,57.96,402.3
2018-06-03T09:00:00Z,57.89,354.6
2018-06-03T09:30:00Z,59.089999999999996,315.75
2018-06-03T10:00:00Z,59.48,379.05
2018-06-03T10:30:00Z,60.41,391.4
2018-06-03T11:00:00Z,62.93,496.7
2018-06-03T11:30:00Z,61.31,427.35
2018-06-03T12:00:00Z,58.97,434.75
2018-06-03T12:30:00Z,58.64,530.3
2018-06-03T13:00:00Z,56.73,648.6
2018-06-03T13:30:00Z,54.89,825.0
2018-06-03T14:00:00Z,54.51,940.3
2018-06-03T14:30:00Z,54.830000000000005,916.35
2018-06-03T15:00:00Z,58.74000000000001,785.55
2018-06-03T15:30:00Z,62.29,1019.1
2018-06-03T16:00:00Z,69.76,924.55
2018-06-03T16:30:00Z,71.35,970.2
2018-06-03T17:00:00Z,71.33,942.75
2018-06-03T17:30:00Z,71.05,966.2
2018-06-03T18:00:00Z,75.24,711.0
2018-06-03T18:30:00Z,75.5,721.8
2018-06-03T19:00:00Z,74.89,690.95
2018-06-03T19:30:00Z,74.14,682.35
2018-06-03T20:00:00Z,73.44,528.55
2018-06-03T20:30:00Z,74.83,621.2
2018-06-03T21:00:00Z,69.47,565.25
2018-06-03T21:30:00Z,66.38,661.65
2018-06-03T22:00:00Z,60.660000000000004,713.9
2018-06-03T22:30:00Z,58.81,418.5
2018-06-03T23:00:00Z,49.29,177.05
2018-06-03T23:30:00Z,48.57,256.6
2018-06-04T00:00:00Z,50.41,226.8
2018-06-04T00:30:00Z,48.65,283.95
2018-06-04T01:00:00Z,49.94,233.3
2018-06-04T01:30:00Z,48.41,327.8
2018-06-04T02:00:00Z,45.92,209.0
2018-06-04T02:30:00Z,45.45,261.8
2018-06-04T03:00:00Z,45.4,242.6
2018-06-04T03:30:00Z,44.01,385.55
2018-06-04T04:00:00Z,48.57,250.05
2018-06-04T04:30:00Z,51.77,315.0
2018-06-04T05:00:00Z,54.379999999999995,659.3
2018-06-04T05:30:00Z,46.57999999999999,879.65
2018-06-04T06:00:00Z,53.64,719.95
2018-06-04T06:30:00Z,59.94,369.9
2018-06-04T07:00:00Z,55.29,583.85
2018-06-04T07:30:00Z,56.06,593.5
2018-06-04T08:00:00Z,56.96,479.85
2018-06-04T08:30:00Z,57.14,528.0
2018-06-04T09:00:00Z,57.99,554.35
2018-06-04T09:30:00Z,58.11,547.25
2018-06-04T10:00:00Z,57.6,710.35
2018-06-04T10:30:00Z,55.9,654.35
2018-06-04T11:00:00Z,55.20000000000001,815.35
2018-06-04T11:30:00Z,54.8,811.65
2018-06-04T12:00:00Z,54.2,1210.65
2018-06-04T12:30:00Z,53.98,1426.55
2018-06-04T13:00:00Z,53.18,1368.15
2018-06-04T13:30:00Z,52.12,1363.35
2018-06-04T14:00:00Z,55.23,1003.95
2018-06-04T14:30:00Z,58.35,769.1
2018-06-04T15:00:00Z,66.37,761.3
2018-06-04T15:30:00Z,87.29000000000002,832.75
2018-06-04T16:00:00Z,84.96,1191.75
2018-06-04T16:30:00Z,83.88,1409.15
2018-06-04T17:00:00Z,74.22,1458.5
2018-06-04T17:30:00Z,72.42,1452.05
2018-06-04T18:00:00Z,56.29,1403.45
2018-06-04T18:30:00Z,56.599999999999994,1377.3
2018-06-04T19:00:00Z,54.949999999999996,1406.0
2018-06-04T19:30:00Z,54.31000000000001,1451.4
2018-06-04T20:00:00Z,55.99,1466.8
2018-06-04T20:30:00Z,55.43000000000001,1568.4
2018-06-04T21:00:00Z,54.0,1766.65
2018-06-04T21:30:00Z,52.65,1980.35
2018-06-04T22:00:00Z,54.04,374.85
2018-06-04T22:30:00Z,55.09,301.85
2018-06-04T23:00:00Z,47.78,295.55
2018-06-04T23:30:00Z,47.47,336.55
2018-06-05T00:00:00Z,49.03,278.5
2018-06-05T00:30:00Z,48.93,279.4
2018-06-05T01:00:00Z,49.78,323.85
2018-06-05T01:30:00Z,48.93000000000001,350.9
2018-06-05T02:00:00Z,46.7,347.0
2018-06-05T02:30:00Z,45.74,290.0
2018-06-05T03:00:00Z,44.6,345.05
2018-06-05T03:30:00Z,43.35,353.5
2018-06-05T04:00:00Z,43.71,363.85
2018-06-05T04:30:00Z,41.65,322.85
2018-06-05T05:00:00Z,55.31,426.4
2018-06-05T05:30:00Z,48.67,893.05
2018-06-05T06:00:00Z,55.559999999999995,654.85
2018-06-05T06:30:00Z,71.71,476.65
2018-06-05T07:00:00Z,67.81,587.55
2018-06-05T07:30:00Z,63.85000000000001,710.65
2018-06-05T08:00:00Z,63.66,850.45
2018-06-05T08:30:00Z,64.18,1112.3
2018-06-05T09:00:00Z,65.38,995.95
2018-06-05T09:30:00Z,65.92,998.25
2018-06-05T10:00:00Z,61.75999999999999,1111.5
2018-06-05T10:30:00Z,59.95000000000001,1299.6
2018-06-05T11:00:00Z,59.49,1401.3
2018-06-05T11:30:00Z,58.43,1341.25
2018-06-05T12:00:00Z,57.58,1667.5
2018-06-05T12:30:00Z,55.55,1570.35
2018-06-05T13:00:00Z,54.88,1591.5
2018-06-05T13:30:00Z,54.75,1609.4
2018-06-05T14:00:00Z,54.07000000000001,1478.95
2018-06-05T14:30:00Z,55.22,1557.8
2018-06-05T15:00:00Z,54.76,1158.95
2018-06-05T15:30:00Z,56.14,1386.35
2018-06-05T16:00:00Z,59.029999999999994,1240.5
2018-06-05T16:30:00Z,60.3,1360.55
2018-06-05T17:00:00Z,60.0,1301.5
2018-06-05T17:30:00Z,60.86,1307.85
2018-06-05T18:00:00Z,59.06,1308.1
2018-06-05T18:30:00Z,57.39000000000001,1148.65
2018-06-05T19:00:00Z,56.160000000000004,1241.9
2018-06-05T19:30:00Z,55.27,1165.6
2018-06-05T20:00:00Z,54.980000000000004,1197.65
2018-06-05T20:30:00Z,54.07,1428.9
2018-06-05T21:00:00Z,53.86,1326.65
2018-06-05T21:30:00Z,52.78,1135.2
2018-06-05T22:00:00Z,55.83,545.5
2018-06-05T22:30:00Z,56.66,557.65
2018-06-05T23:00:00Z,50.45,411.35
2018-06-05T23:30:00Z,50.35,381.8
2018-06-06T00:00:00Z,48.58,348.0
2018-06-06T00:30:00Z,47.51,321.95
2018-06-06T01:00:00Z,47.31999999999999,401.1
2018-06-06T01:30:00Z,47.57,360.4
2018-06-06T02:00:00Z,44.15,216.3
2018-06-06T02:30:00Z,44.15,212.0
2018-06-06T03:00:00Z,43.9,238.05
2018-06-06T03:30:00Z,43.61,294.3
2018-06-06T04:00:00Z,46.83,289.9
2018-06-06T04:30:00Z,47.22,291.8
2018-06-06T05:00:00Z,56.66,524.4
2018-06-06T05:30:00Z,46.24,656.15
2018-06-06T06:00:00Z,50.7,562.7
2018-06-06T06:30:00Z,56.46,559.05
2018-06-06T07:00:00Z,55.72,513.7
2018-06-06T07:30:00Z,54.08,503.5
2018-06-06T08:00:00Z,53.95,874.95
2018-06-06T08:30:00Z,52.82,734.8
2018-06-06T09:00:00Z,53.91,965.75
2018-06-06T09:30:00Z,57.64000000000001,1344.25
2018-06-06T10:00:00Z,55.94,1519.4
2018-06-06T10:30:00Z,53.78,1255.15
2018-06-06T11:00:00Z,0.0,0.0
2018-06-06T11:30:00Z,0.0,0.0
2018-06-06T12:00:00Z,0.0,0.0
2018-06-06T12:30:00Z,50.34,1473.3
2018-06-06T13:00:00Z,49.8,1684.05
2018-06-06T13:30:00Z,50.44,1792.75
2018-06-06T14:00:00Z,56.97,1546.25
2018-06-06T14:30:00Z,59.41,1517.1
2018-06-06T15:00:00Z,57.64,1328.9
2018-06-06T15:30:00Z,59.03000000000001,1402.15
2018-06-06T16:00:00Z,59.23,1303.45
2018-06-06T16:30:00Z,60.70000000000001,1209.05
2018-06-06T17:00:00Z,62.23,1237.4
2018-06-06T17:30:00Z,64.51,1387.2
2018-06-06T18:00:00Z,66.51,574.35
2018-06-06T18:30:00Z,61.82,604.0
2018-06-06T19:00:00Z,58.419999999999995,807.1
2018-06-06T19:30:00Z,57.32,876.8
2018-06-06T20:00:00Z,57.02,760.85
2018-06-06T20:30:00Z,55.92,836.95
2018-06-06T21:00:00Z,54.94,744.35
2018-06-06T21:30:00Z,52.11999999999999,1361.5
2018-06-06T22:00:00Z,57.16,730.35
2018-06-06T22:30:00Z,62.48,562.25
2018-06-06T23:00:00Z,52.8,212.05
2018-06-06T23:30:00Z,49.440000000000005,237.85
2018-06-07T00:00:00Z,49.91,238.7
2018-06-07T00:30:00Z,49.09,274.65
2018-06-07T01:00:00Z,48.37,246.95
2018-06-07T01:30:00Z,48.7,283.65
2018-06-07T02:00:00Z,45.42,250.7
2018-06-07T02:30:00Z,48.26,331.4
2018-06-07T03:00:00Z,48.92000000000001,384.45
2018-06-07T03:30:00Z,47.21,352.4
2018-06-07T04:00:00Z,49.17,271.45
2018-06-07T04:30:00Z,50.7,413.3
2018-06-07T05:00:00Z,58.0,510.7
2018-06-07T05:30:00Z,50.25,744.6
2018-06-07T06:00:00Z,52.31,403.05
2018-06-07T06:30:00Z,61.92,429.6
2018-06-07T07:00:00Z,64.76,677.8
2018-06-07T07:30:00Z,62.82000000000001,793.6
2018-06-07T08:00:00Z,57.940000000000005,838.15
2018-06-07T08:30:00Z,56.04,909.05
2018-06-07T09:00:00Z,55.13,933.75
2018-06-07T09:30:00Z,54.54,953.35
2018-06-07T10:00:00Z,52.61,775.85
2018-06-07T10:30:00Z,52.88000000000001,820.1
2018-06-07T11:00:00Z,53.88999999999999,798.8
2018-06-07T11:30:00Z,53.57,897.8
2018-06-07T12:00:00Z,53.52,1001.25
2018-06-07T12:30:00Z,53.400000000000006,958.2
2018-06-07T13:00:00Z,53.27,991.6
2018-06-07T13:30:00Z,54.85,1042.9
2018-06-07T14:00:00Z,64.25,628.45
2018-06-07T14:30:00Z,71.86,718.45
2018-06-07T15:00:00Z,72.37,828.75
2018-06-07T15:30:00Z,76.37,1043.45
2018-06-07T16:00:00Z,77.2,1098.95
2018-06-07T16:30:00Z,77.39,1013.8
2018-06-07T17:00:00Z,78.93,1109.9
2018-06-07T17:30:00Z,78.56,1082.4
2018-06-07T18:00:00Z,67.09,468.45
2018-06-07T18:30:00Z,62.48,421.35
2018-06-07T19:00:00Z,61.37,516.85
2018-06-07T19:30:00Z,56.07,687.25
2018-06-07T20:00:00Z,60.28,748.25
2018-06-07T20:30:00Z,57.71000000000001,730.75
2018-06-07T21:00:00Z,55.98,996.2
2018-06-07T21:30:00Z,54.79,1099.95
2018-06-07T22:00:00Z,50.3,402.15
2018-06-07T22:30:00Z,51.58,298.15
2018-06-07T23:00:00Z,52.74,642.95
2018-06-07T23:30:00Z,51.31,264.5
2018-06-08T00:00:00Z,51.17,351.4
2018-06-08T00:30:00Z,51.87,358.45
2018-06-08T01:00:00Z,52.46,295.8
2018-06-08T01:30:00Z,49.33,360.8
2018-06-08T02:00:00Z,50.77,450.15
2018-06-08T02:30:00Z,50.52,435.75
2018-06-08T03:00:00Z,51.08,328.65
2018-06-08T03:30:00Z,49.63999999999999,402.25
2018-06-08T04:00:00Z,49.02,300.1
2018-06-08T04:30:00Z,51.11,223.9
2018-06-08T05:00:00Z,55.09,394.75
2018-06-08T05:30:00Z,48.09,1141.85
2018-06-08T06:00:00Z,49.46,421.5
2018-06-08T06:30:00Z,67.54,372.2
2018-06-08T07:00:00Z,80.49,463.35
2018-06-08T07:30:00Z,84.56,641.3
2018-06-08T08:00:00Z,86.0,997.9
2018-06-08T08:30:00Z,85.99,994.1
2018-06-08T09:00:00Z,85.75,1009.7
2018-06-08T09:30:00Z,85.52,1122.2
2018-06-08T10:00:00Z,69.22,1095.15
2018-06-08T10:30:00Z,67.09,1134.9
2018-06-08T11:00:00Z,68.86,1363.4
2018-06-08T11:30:00Z,70.13,1399.2
2018-06-08T12:00:00Z,60.86,1089.75
2018-06-08T12:30:00Z,57.99000000000001,1274.3
2018-06-08T13:00:00Z,55.61,1333.25
2018-06-08T13:30:00Z,55.49,1316.05
2018-06-08T14:00:00Z,54.72,995.05
2018-06-08T14:30:00Z,53.31,1180.8
2018-06-08T15:00:00Z,53.32,1139.9
2018-06-08T15:30:00Z,53.769999999999996,1349.35
2018-06-08T16:00:00Z,57.34,1346.65
2018-06-08T16:30:00Z,57.75,1376.0
2018-06-08T17:00:00Z,57.8,1259.7
2018-06-08T17:30:00Z,58.71999999999999,1408.45
2018-06-08T18:00:00Z,61.8,902.0
2018-06-08T18:30:00Z,57.22999999999999,652.45
2018-06-08T19:00:00Z,55.52,735.4
2018-06-08T19:30:00Z,55.74,587.65
2018-06-08T20:00:00Z,53.25,569.45
2018-06-08T20:30:00Z,53.42,557.9
2018-06-08T21:00:00Z,54.08,553.75
2018-06-08T21:30:00Z,50.53,840.6
2018-06-08T22:00:00Z,57.54,497.5
2018-06-08T22:30:00Z,57.89,267.65
2018-06-08T23:00:00Z,53.35,296.4
2018-06-08T23:30:00Z,50.53,186.1
2018-06-09T00:00:00Z,48.75,198.65
2018-06-09T00:30:00Z,49.35,236.15
2018-06-09T01:00:00Z,49.190000000000005,168.15
2018-06-09T01:30:00Z,49.03,273.35
2018-06-09T02:00:00Z,45.59,286.15
2018-06-09T02:30:00Z,46.45,284.3
2018-06-09T03:00:00Z,47.01,258.55
2018-06-09T03:30:00Z,45.22,261.75
2018-06-09T04:00:00Z,45.519999999999996,189.45
2018-06-09T04:30:00Z,45.45,216.45
2018-06-09T05:00:00Z,52.28,215.2
2018-06-09T05:30:00Z,50.96,431.4
2018-06-09T06:00:00Z,50.51,203.05
2018-06-09T06:30:00Z,52.6,254.0
2018-06-09T07:00:00Z,49.14999999999999,436.0
2018-06-09T07:30:00Z,52.00999999999999,481.8
2018-06-09T08:00:00Z,57.65,556.9
2018-06-09T08:30:00Z,59.18,547.75
2018-06-09T09:00:00Z,58.209999999999994,607.5
2018-06-09T09:30:00Z,56.23,611.85
2018-06-09T10:00:00Z,53.39000000000001,707.0
2018-06-09T10:30:00Z,51.57,522.5
2018-06-09T11:00:00Z,48.85,875.8
2018-06-09T11:30:00Z,48.61,1047.35
2018-06-09T12:00:00Z,46.76,1399.3
2018-06-09T12:30:00Z,46.71,1208.5
2018-06-09T13:00:00Z,46.64,1272.5
2018-06-09T13:30:00Z,45.9,1363.4
2018-06-09T14:00:00Z,41.24,1056.1
2018-06-09T14:30:00Z,41.39,1076.75
2018-06-09T15:00:00Z,40.85,1178.05
2018-06-09T15:30:00Z,43.0,1408.1
2018-06-09T16:00:00Z,54.61,774.1
2018-06-09T16:30:00Z,60.150000000000006,733.8
2018-06-09T17:00:00Z,60.12,827.8
2018-06-09T17:30:00Z,60.5,880.5
2018-06-09T18:00:00Z,62.36,900.2
2018-06-09T18:30:00Z,62.1,863.3
2018-06-09T19:00:00Z,62.71000000000001,789.65
2018-06-09T19:30:00Z,59.66,632.4
2018-06-09T20:00:00Z,57.529999999999994,613.45
2018-06-09T20:30:00Z,57.07,694.1
2018-06-09T21:00:00Z,56.28000000000001,636.85
2018-06-09T21:30:00Z,54.870000000000005,815.45
2018-06-09T22:00:00Z,56.38,644.85
2018-06-09T22:30:00Z,56.8,514.8
2018-06-09T23:00:00Z,54.91,323.55
2018-06-09T23:30:00Z,53.89,410.0
2018-06-10T00:00:00Z,50.81,274.5
2018-06-10T00:30:00Z,49.95,404.45
2018-06-10T01:00:00Z,50.68,295.0
2018-06-10T01:30:00Z,50.15,385.25
2018-06-10T02:00:00Z,46.23,212.55
2018-06-10T02:30:00Z,46.87,311.9
2018-06-10T03:00:00Z,45.88,214.7
2018-06-10T03:30:00Z,45.06,313.5
2018-06-10T04:00:00Z,45.26,341.05
2018-06-10T04:30:00Z,44.84,351.1
2018-06-10T05:00:00Z,45.06,326.9
2018-06-10T05:30:00Z,45.74,361.15
2018-06-10T06:00:00Z,45.9,510.15
2018-06-10T06:30:00Z,46.13,380.5
2018-06-10T07:00:00Z,46.29,638.65
2018-06-10T07:30:00Z,52.62,664.0
2018-06-10T08:00:00Z,59.17,479.6
2018-06-10T08:30:00Z,67.47,547.65
2018-06-10T09:00:00Z,68.68,563.0
2018-06-10T09:30:00Z,64.39,595.15
2018-06-10T10:00:00Z,54.3,506.2
2018-06-10T10:30:00Z,55.27,604.3
2018-06-10T11:00:00Z,56.74999999999999,805.05
2018-06-10T11:30:00Z,52.67,786.0
2018-06-10T12:00:00Z,48.62,1145.75
2018-06-10T12:30:00Z,48.46,1053.2
2018-06-10T13:00:00Z,47.29,1294.8
2018-06-10T13:30:00Z,46.65,1514.35
2018-06-10T14:00:00Z,48.06,1103.15
2018-06-10T14:30:00Z,48.96,962.7
2018-06-10T15:00:00Z,49.83,832.5
2018-06-10T15:30:00Z,50.04,753.5
2018-06-10T16:00:00Z,53.77,914.45
2018-06-10T16:30:00Z,53.88,991.2
2018-06-10T17:00:00Z,56.31,954.75
2018-06-10T17:30:00Z,59.6,998.25
2018-06-10T18:00:00Z,64.57,831.25
2018-06-10T18:30:00Z,60.69,902.4
2018-06-10T19:00:00Z,61.22,835.25
2018-06-10T19:30:00Z,60.28,895.25
2018-06-10T20:00:00Z,58.23,821.25
2018-06-10T20:30:00Z,57.46,884.9
2018-06-10T21:00:00Z,57.01,916.6
2018-06-10T21:30:00Z,54.57,1176.95
2018-06-10T22:00:00Z,50.96,518.55
2018-06-10T22:30:00Z,53.37,395.0
2018-06-10T23:00:00Z,47.88,247.8
2018-06-10T23:30:00Z,48.89,299.75
2018-06-11T00:00:00Z,46.98,226.05
2018-06-11T00:30:00Z,46.42,233.15
2018-06-11T01:00:00Z,47.1,304.15
2018-06-11T01:30:00Z,46.37,283.95
2018-06-11T02:00:00Z,45.28,200.0
2018-06-11T02:30:00Z,45.06,224.75
2018-06-11T03:00:00Z,44.86,232.75
2018-06-11T03:30:00Z,43.87,197.3
2018-06-11T04:00:00Z,48.69,250.4
2018-06-11T04:30:00Z,46.29,344.4
2018-06-11T05:00:00Z,49.4,466.9
2018-06-11T05:30:00Z,46.44,673.1
2018-06-11T06:00:00Z,48.3,577.2
2018-06-11T06:30:00Z,57.16,626.75
2018-06-11T07:00:00Z,56.45,419.75
2018-06-11T07:30:00Z,56.09,727.35
2018-06-11T08:00:00Z,63.49,936.35
2018-06-11T08:30:00Z,58.93,934.25
2018-06-11T09:00:00Z,55.31,873.85
2018-06-11T09:30:00Z,53.07,1058.4
2018-06-11T10:00:00Z,50.18000000000001,1306.45
2018-06-11T10:30:00Z,49.92,1281.25
2018-06-11T11:00:00Z,50.58,1304.3
2018-06-11T11:30:00Z,51.15999999999999,1463.8
2018-06-11T12:00:00Z,49.82,1215.3
2018-06-11T12:30:00Z,50.01,1276.2
2018-06-11T13:00:00Z,48.88,1165.45
2018-06-11T13:30:00Z,48.79,1148.4
2018-06-11T14:00:00Z,51.95,1229.35
2018-06-11T14:30:00Z,53.12,973.25
2018-06-11T15:00:00Z,51.88,1071.6
2018-06-11T15:30:00Z,52.88,1087.45
2018-06-11T16:00:00Z,53.95,1303.3
2018-06-11T16:30:00Z,58.989999999999995,1380.95
2018-06-11T17:00:00Z,56.97,1147.7
2018-06-11T17:30:00Z,57.18,1231.95
2018-06-11T18:00:00Z,54.3,1068.3
2018-06-11T18:30:00Z,53.29,1000.75
2018-06-11T19:00:00Z,53.01,1163.45
2018-06-11T19:30:00Z,52.27,1089.95
2018-06-11T20:00:00Z,52.42,1075.35
2018-06-11T20:30:00Z,51.88,1177.7
2018-06-11T21:00:00Z,52.41,1239.1
2018-06-11T21:30:00Z,50.59000000000001,1559.4
2018-06-11T22:00:00Z,51.46,798.2
2018-06-11T22:30:00Z,52.39,543.8
2018-06-11T23:00:00Z,46.32,758.1
2018-06-11T23:30:00Z,46.32,596.9
2018-06-12T00:00:00Z,46.62,414.5
2018-06-12T00:30:00Z,46.440000000000005,360.9
2018-06-12T01:00:00Z,48.24,386.0
2018-06-12T01:30:00Z,47.12,384.5
2018-06-12T02:00:00Z,44.26,536.9
2018-06-12T02:30:00Z,43.95,546.75
2018-06-12T03:00:00Z,43.57,542.75
2018-06-12T03:30:00Z,43.61,633.9
2018-06-12T04:00:00Z,45.95,317.4
2018-06-12T04:30:00Z,46.27,433.3
2018-06-12T05:00:00Z,49.76,811.8
2018-06-12T05:30:00Z,47.84,1316.4
2018-06-12T06:00:00Z,56.02000000000001,867.95
2018-06-12T06:30:00Z,64.17,834.15
2018-06-12T07:00:00Z,65.45,957.6
2018-06-12T07:30:00Z,66.51,862.2
2018-06-12T08:00:00Z,61.76,949.2
2018-06-12T08:30:00Z,59.4,887.0
2018-06-12T09:00:00Z,58.55,914.5
2018-06-12T09:30:00Z,59.72,847.8
2018-06-12T10:00:00Z,52.55,822.9
2018-06-12T10:30:00Z,51.41,888.5
2018-06-12T11:00:00Z,51.57,929.65
2018-06-12T11:30:00Z,51.44,825.45
2018-06-12T12:00:00Z,50.91,934.15
2018-06-12T12:30:00Z,50.99,967.75
2018-06-12T13:00:00Z,52.44,1014.0
2018-06-12T13:30:00Z,52.27,1081.55
2018-06-12T14:00:00Z,52.98,959.4
2018-06-12T14:30:00Z,56.7,754.9
2018-06-12T15:00:00Z,57.45,821.0
2018-06-12T15:30:00Z,0.0,0.0
2018-06-12T16:00:00Z,63.3489477786438,962.25
2018-06-12T16:30:00Z,63.039681036033336,833.95
2018-06-12T17:00:00Z,62.8442534103478,813.7
2018-06-12T17:30:00Z,62.77000000000001,757.65
2018-06-12T18:00:00Z,52.84656347890178,542.7
2018-06-12T18:30:00Z,51.73,424.55
2018-06-12T19:00:00Z,51.5,426.1
2018-06-12T19:30:00Z,50.02,654.65
2018-06-12T20:00:00Z,52.23,826.7
2018-06-12T20:30:00Z,53.00999999999999,693.25
2018-06-12T21:00:00Z,52.49000000000001,705.75
2018-06-12T21:30:00Z,48.893445094421104,1273.55
2018-06-12T22:00:00Z,50.23,543.75
2018-06-12T22:30:00Z,52.32,327.05
2018-06-12T23:00:00Z,47.56,351.4
2018-06-12T23:30:00Z,44.41,284.8
2018-06-13T00:00:00Z,44.78,261.95
2018-06-13T00:30:00Z,44.66,298.7
2018-06-13T01:00:00Z,45.12,393.1
2018-06-13T01:30:00Z,44.72,474.15
2018-06-13T02:00:00Z,43.760000000000005,204.05
2018-06-13T02:30:00Z,44.34,147.3
2018-06-13T03:00:00Z,48.52,344.3
2018-06-13T03:30:00Z,42.6,309.6
2018-06-13T04:00:00Z,42.97,289.45
2018-06-13T04:30:00Z,43.68,460.95
2018-06-13T05:00:00Z,53.65,494.7
2018-06-13T05:30:00Z,50.98,1142.2
2018-06-13T06:00:00Z,55.29,710.55
2018-06-13T06:30:00Z,61.169999999999995,540.75
2018-06-13T07:00:00Z,55.23,504.2
2018-06-13T07:30:00Z,56.63,563.6
2018-06-13T08:00:00Z,58.92,928.75
2018-06-13T08:30:00Z,54.81,939.8
2018-06-13T09:00:00Z,53.49,1008.2
2018-06-13T09:30:00Z,53.63,1093.3
2018-06-13T10:00:00Z,50.78,1644.55
2018-06-13T10:30:00Z,51.53,1674.3
2018-06-13T11:00:00Z,51.3,1293.3
2018-06-13T11:30:00Z,51.41,1601.85
2018-06-13T12:00:00Z,53.42,1833.9
2018-06-13T12:30:00Z,53.72,1868.6
2018-06-13T13:00:00Z,52.46,1710.8
2018-06-13T13:30:00Z,52.24,1918.15
2018-06-13T14:00:00Z,51.40999999999999,1727.6
2018-06-13T14:30:00Z,50.91,1609.55
2018-06-13T15:00:00Z,50.51,1852.65
2018-06-13T15:30:00Z,52.38,1990.75
2018-06-13T16:00:00Z,52.17,2221.75
2018-06-13T16:30:00Z,53.14,2121.15
2018-06-13T17:00:00Z,52.56,2082.7
2018-06-13T17:30:00Z,52.87,2317.4
2018-06-13T18:00:00Z,51.91,1861.45
2018-06-13T18:30:00Z,51.63,1792.95
2018-06-13T19:00:00Z,50.61000000000001,1726.15
2018-06-13T19:30:00Z,50.16,1660.85
2018-06-13T20:00:00Z,51.0,1636.95
2018-06-13T20:30:00Z,49.39,1614.9
2018-06-13T21:00:00Z,49.53,1868.05
2018-06-13T21:30:00Z,49.14,2636.8
2018-06-13T22:00:00Z,43.98,911.45
2018-06-13T22:30:00Z,37.1,587.25
2018-06-13T23:00:00Z,40.95,632.15
2018-06-13T23:30:00Z,32.15,463.15
2018-06-14T00:00:00Z,32.37,374.05
2018-06-14T00:30:00Z,23.830000000000002,360.7
2018-06-14T01:00:00Z,23.91,364.1
2018-06-14T01:30:00Z,19.84,429.35
2018-06-14T02:00:00Z,17.62,381.9
2018-06-14T02:30:00Z,1.83,422.0
2018-06-14T03:00:00Z,6.07,446.6
2018-06-14T03:30:00Z,6.839999999999999,351.35
2018-06-14T04:00:00Z,14.1,522.5
2018-06-14T04:30:00Z,26.52,423.0
2018-06-14T05:00:00Z,41.53,723.85
2018-06-14T05:30:00Z,43.08,1030.15
2018-06-14T06:00:00Z,48.77,561.4
2018-06-14T06:30:00Z,57.88,389.3
2018-06-14T07:00:00Z,51.21,585.25
2018-06-14T07:30:00Z,50.529999999999994,676.1
2018-06-14T08:00:00Z,52.4,691.0
2018-06-14T08:30:00Z,53.15,810.55
2018-06-14T09:00:00Z,54.14,907.6
2018-06-14T09:30:00Z,56.09,911.2
2018-06-14T10:00:00Z,53.13000000000001,707.25
2018-06-14T10:30:00Z,53.92,850.45
2018-06-14T11:00:00Z,53.98,787.0
2018-06-14T11:30:00Z,50.17,1021.6
2018-06-14T12:00:00Z,44.54,944.0
2018-06-14T12:30:00Z,40.2,1097.65
2018-06-14T13:00:00Z,38.27,1174.7
2018-06-14T13:30:00Z,36.63,1266.65
2018-06-14T14:00:00Z,42.35,1594.6
2018-06-14T14:30:00Z,45.01,1589.3
2018-06-14T15:00:00Z,47.35,1531.9
2018-06-14T15:30:00Z,50.04,1552.05
2018-06-14T16:00:00Z,56.82,1563.85
2018-06-14T16:30:00Z,57.64,1642.55
2018-06-14T17:00:00Z,57.15,1675.4
2018-06-14T17:30:00Z,55.15,1858.45
2018-06-14T18:00:00Z,57.5,1224.95
2018-06-14T18:30:00Z,57.17999999999999,1238.4
2018-06-14T19:00:00Z,57.940000000000005,1345.5
2018-06-14T19:30:00Z,59.919999999999995,1236.05
2018-06-14T20:00:00Z,63.63,1264.7
2018-06-14T20:30:00Z,63.65,1278.75
2018-06-14T21:00:00Z,64.59,1269.5
2018-06-14T21:30:00Z,60.12,1479.0
2018-06-14T22:00:00Z,56.900000000000006,865.2
2018-06-14T22:30:00Z,59.46,1167.5
2018-06-14T23:00:00Z,60.26,486.9
2018-06-14T23:30:00Z,53.59,434.3
2018-06-15T00:00:00Z,55.22,505.55
2018-06-15T00:30:00Z,54.97,411.5
2018-06-15T01:00:00Z,54.16,381.0
2018-06-15T01:30:00Z,50.45,515.05
2018-06-15T02:00:00Z,45.86,612.1
2018-06-15T02:30:00Z,46.27,681.25
2018-06-15T03:00:00Z,46.37,710.35
2018-06-15T03:30:00Z,46.14,773.7
2018-06-15T04:00:00Z,48.16,828.5
2018-06-15T04:30:00Z,49.69,934.25
2018-06-15T05:00:00Z,53.59,1001.75
2018-06-15T05:30:00Z,50.13,998.5
2018-06-15T06:00:00Z,55.41,561.25
2018-06-15T06:30:00Z,66.21,610.0
2018-06-15T07:00:00Z,68.12,750.7
2018-06-15T07:30:00Z,65.99,804.25
2018-06-15T08:00:00Z,65.75,721.05
2018-06-15T08:30:00Z,65.11,862.4
2018-06-15T09:00:00Z,64.04,787.55
2018-06-15T09:30:00Z,60.50000000000001,804.2
2018-06-15T10:00:00Z,53.25,974.95
2018-06-15T10:30:00Z,52.6,971.2
2018-06-15T11:00:00Z,52.94,912.55
2018-06-15T11:30:00Z,55.46,994.05
2018-06-15T12:00:00Z,55.11,964.2
2018-06-15T12:30:00Z,54.99,1088.35
2018-06-15T13:00:00Z,54.15,1217.5
2018-06-15T13:30:00Z,53.02,1159.95
2018-06-15T14:00:00Z,54.11,711.4
2018-06-15T14:30:00Z,53.99,585.15
2018-06-15T15:00:00Z,52.68,591.65
2018-06-15T15:30:00Z,60.69,870.1
2018-06-15T16:00:00Z,65.9,1037.55
2018-06-15T16:30:00Z,69.52,1057.7
2018-06-15T17:00:00Z,69.63,983.45
2018-06-15T17:30:00Z,68.52,903.65
2018-06-15T18:00:00Z,65.68,709.45
2018-06-15T18:30:00Z,59.47999999999999,577.85
2018-06-15T19:00:00Z,53.61,668.6
2018-06-15T19:30:00Z,49.67000000000001,752.3
2018-06-15T20:00:00Z,53.62,664.15
2018-06-15T20:30:00Z,52.04,859.4
2018-06-15T21:00:00Z,51.71,875.5
2018-06-15T21:30:00Z,49.59,1227.25
2018-06-15T22:00:00Z,57.49,525.2
2018-06-15T22:30:00Z,58.18999999999999,383.05
2018-06-15T23:00:00Z,59.18,342.25
2018-06-15T23:30:00Z,54.29,340.0
2018-06-16T00:00:00Z,57.04,537.5
2018-06-16T00:30:00Z,56.12,359.0
2018-06-16T01:00:00Z,52.43,293.35
2018-06-16T01:30:00Z,51.54,439.4
2018-06-16T02:00:00Z,52.98,442.0
2018-06-16T02:30:00Z,52.14,279.75
2018-06-16T03:00:00Z,50.41,272.5
2018-06-16T03:30:00Z,47.919999999999995,375.5
2018-06-16T04:00:00Z,46.59,477.5
2018-06-16T04:30:00Z,47.66,560.3
2018-06-16T05:00:00Z,48.99,655.2
2018-06-16T05:30:00Z,47.62,594.5
2018-06-16T06:00:00Z,44.54,524.5
2018-06-16T06:30:00Z,45.22,431.8
2018-06-16T07:00:00Z,38.23,375.1
2018-06-16T07:30:00Z,49.37,484.3
2018-06-16T08:00:00Z,52.37,763.8
2018-06-16T08:30:00Z,53.24999999999999,701.4
2018-06-16T09:00:00Z,52.0,754.0
2018-06-16T09:30:00Z,49.95,996.5
2018-06-16T10:00:00Z,44.11,967.3
2018-06-16T10:30:00Z,44.15,953.1
2018-06-16T11:00:00Z,42.98,998.6
2018-06-16T11:30:00Z,42.46,886.8
2018-06-16T12:00:00Z,42.03,1701.4
2018-06-16T12:30:00Z,42.35,1641.7
2018-06-16T13:00:00Z,41.89,1561.85
2018-06-16T13:30:00Z,42.23,1568.15
2018-06-16T14:00:00Z,42.85999999999999,789.35
2018-06-16T14:30:00Z,42.43,821.1
2018-06-16T15:00:00Z,42.04,821.1
2018-06-16T15:30:00Z,42.46,1012.3
2018-06-16T16:00:00Z,43.19,1241.6
2018-06-16T16:30:00Z,43.55,1069.75
2018-06-16T17:00:00Z,42.18,1344.5
2018-06-16T17:30:00Z,43.14,1287.15
2018-06-16T18:00:00Z,46.47,1964.55
2018-06-16T18:30:00Z,46.04,1727.95
2018-06-16T19:00:00Z,46.44,1611.25
2018-06-16T19:30:00Z,46.690000000000005,1507.5
2018-06-16T20:00:00Z,47.75,1616.85
2018-06-16T20:30:00Z,47.77,1662.05
2018-06-16T21:00:00Z,48.47,1766.85
2018-06-16T21:30:00Z,47.21,2074.85
2018-06-16T22:00:00Z,56.94,765.15
2018-06-16T22:30:00Z,52.47,820.55
2018-06-16T23:00:00Z,54.15,664.0
2018-06-16T23:30:00Z,44.29,686.65
2018-06-17T00:00:00Z,47.55,658.65
2018-06-17T00:30:00Z,45.06,669.75
2018-06-17T01:00:00Z,40.50000000000001,889.8
2018-06-17T01:30:00Z,41.08,841.05
2018-06-17T02:00:00Z,32.12,714.7
2018-06-17T02:30:00Z,33.03,649.9
2018-06-17T03:00:00Z,32.07,609.5
2018-06-17T03:30:00Z,31.37,657.75
2018-06-17T04:00:00Z,31.299999999999997,542.25
2018-06-17T04:30:00Z,33.35,555.5
2018-06-17T05:00:00Z,35.66,723.8
2018-06-17T05:30:00Z,37.3,727.85
2018-06-17T06:00:00Z,36.83,1539.4
2018-06-17T06:30:00Z,39.07,1322.4
2018-06-17T07:00:00Z,42.05,1129.0
2018-06-17T07:30:00Z,42.82,1000.6
2018-06-17T08:00:00Z,53.54,881.55
2018-06-17T08:30:00Z,54.64000000000001,844.0
2018-06-17T09:00:00Z,54.94,877.5
2018-06-17T09:30:00Z,54.86,978.05
2018-06-17T10:00:00Z,56.66,818.5
2018-06-17T10:30:00Z,57.54,742.2
2018-06-17T11:00:00Z,58.49,713.0
2018-06-17T11:30:00Z,59.16,781.8
2018-06-17T12:00:00Z,54.480000000000004,738.1
2018-06-17T12:30:00Z,52.57,841.35
2018-06-17T13:00:00Z,53.339999999999996,773.0
2018-06-17T13:30:00Z,49.39,1108.7
2018-06-17T14:00:00Z,52.24,1057.45
2018-06-17T14:30:00Z,54.11,909.25
2018-06-17T15:00:00Z,56.1,1022.25
2018-06-17T15:30:00Z,57.5,1022.45
2018-06-17T16:00:00Z,59.99,1251.8
2018-06-17T16:30:00Z,60.71,1430.45
2018-06-17T17:00:00Z,59.970000000000006,1435.75
2018-06-17T17:30:00Z,59.67,1398.45
2018-06-17T18:00:00Z,52.5,1548.25
2018-06-17T18:30:00Z,52.489999999999995,1630.7
2018-06-17T19:00:00Z,51.77,1773.3
2018-06-17T19:30:00Z,51.82,1752.4
2018-06-17T20:00:00Z,50.41,1876.95
2018-06-17T20:30:00Z,51.21,1984.1
2018-06-17T21:00:00Z,50.56,2157.25
2018-06-17T21:30:00Z,49.9,2134.85
2018-06-17T22:00:00Z,49.900000000000006,795.55
2018-06-17T22:30:00Z,51.92,452.55
2018-06-17T23:00:00Z,53.59,451.35
2018-06-17T23:30:00Z,48.86,486.35
2018-06-18T00:00:00Z,36.45,637.95
2018-06-18T00:30:00Z,33.88,611.5
2018-06-18T01:00:00Z,34.16,523.3
2018-06-18T01:30:00Z,32.22,532.55
2018-06-18T02:00:00Z,21.85,511.05
2018-06-18T02:30:00Z,21.82,609.5
2018-06-18T03:00:00Z,22.73,609.75
2018-06-18T03:30:00Z,25.61,664.95
2018-06-18T04:00:00Z,37.45,421.0
2018-06-18T04:30:00Z,40.24,610.95
2018-06-18T05:00:00Z,53.16,1049.5
2018-06-18T05:30:00Z,48.95,970.5
2018-06-18T06:00:00Z,51.19,1169.25
2018-06-18T06:30:00Z,59.27,978.25
2018-06-18T07:00:00Z,60.8,1026.6
2018-06-18T07:30:00Z,59.2,1048.75
2018-06-18T08:00:00Z,54.91,1187.2
2018-06-18T08:30:00Z,51.6,1207.45
2018-06-18T09:00:00Z,47.74,1284.0
2018-06-18T09:30:00Z,47.22,1445.2
2018-06-18T10:00:00Z,45.4,1093.2
2018-06-18T10:30:00Z,45.14,1094.15
2018-06-18T11:00:00Z,45.67,1163.45
2018-06-18T11:30:00Z,44.68,1221.0
2018-06-18T12:00:00Z,46.49,1649.15
2018-06-18T12:30:00Z,46.59,1523.85
2018-06-18T13:00:00Z,46.69,1770.4
2018-06-18T13:30:00Z,45.55,1703.9
2018-06-18T14:00:00Z,48.52,1186.95
2018-06-18T14:30:00Z,49.33,1225.95
2018-06-18T15:00:00Z,53.31000000000001,1269.85
2018-06-18T15:30:00Z,58.17,1234.75
2018-06-18T16:00:00Z,62.93,1392.05
2018-06-18T16:30:00Z,63.56,1494.5
2018-06-18T17:00:00Z,63.0,1355.7
2018-06-18T17:30:00Z,62.75,1431.05
2018-06-18T18:00:00Z,60.900000000000006,1248.95
2018-06-18T18:30:00Z,56.85,1149.9
2018-06-18T19:00:00Z,54.73,1021.85
2018-06-18T19:30:00Z,51.18,1215.45
2018-06-18T20:00:00Z,50.79,954.95
2018-06-18T20:30:00Z,49.99,1113.4
2018-06-18T21:00:00Z,50.15,1227.25
2018-06-18T21:30:00Z,48.52,1608.9
2018-06-18T22:00:00Z,46.34000000000001,459.5
2018-06-18T22:30:00Z,42.98,415.8
2018-06-18T23:00:00Z,34.29,335.9
2018-06-18T23:30:00Z,33.41,338.5
2018-06-19T00:00:00Z,38.72,620.5
2018-06-19T00:30:00Z,38.42,692.6
2018-06-19T01:00:00Z,41.61,662.85
2018-06-19T01:30:00Z,41.34,667.0
2018-06-19T02:00:00Z,42.25,694.15
2018-06-19T02:30:00Z,42.85,619.4
2018-06-19T03:00:00Z,43.1,575.55
2018-06-19T03:30:00Z,44.36,676.95
2018-06-19T04:00:00Z,48.4,634.0
2018-06-19T04:30:00Z,50.31,559.6
2018-06-19T05:00:00Z,55.279999999999994,699.6
2018-06-19T05:30:00Z,49.85,980.45
2018-06-19T06:00:00Z,55.41,1071.4
2018-06-19T06:30:00Z,53.95,701.0
2018-06-19T07:00:00Z,58.55,894.6
2018-06-19T07:30:00Z,62.73,799.85
2018-06-19T08:00:00Z,71.45,1137.55
2018-06-19T08:30:00Z,69.75,1205.55
2018-06-19T09:00:00Z,71.55,1306.35
2018-06-19T09:30:00Z,71.27,1229.8
2018-06-19T10:00:00Z,71.8,909.55
2018-06-19T10:30:00Z,72.25,874.0
2018-06-19T11:00:00Z,72.52,909.65
2018-06-19T11:30:00Z,69.15,901.8
2018-06-19T12:00:00Z,61.16,820.35
2018-06-19T12:30:00Z,59.71,690.65
2018-06-19T13:00:00Z,58.18,883.35
2018-06-19T13:30:00Z,59.0,804.05
2018-06-19T14:00:00Z,68.41,498.25
2018-06-19T14:30:00Z,71.72,496.25
2018-06-19T15:00:00Z,77.41,625.5
2018-06-19T15:30:00Z,89.04,934.15
2018-06-19T16:00:00Z,89.0,1208.55
2018-06-19T16:30:00Z,88.9,1224.8
2018-06-19T17:00:00Z,85.51,1211.4
2018-06-19T17:30:00Z,80.46,1294.75
2018-06-19T18:00:00Z,63.96000000000001,1230.25
2018-06-19T18:30:00Z,56.39,1261.4
2018-06-19T19:00:00Z,55.85,1121.05
2018-06-19T19:30:00Z,53.62,1047.65
2018-06-19T20:00:00Z,51.09,960.1
2018-06-19T20:30:00Z,52.0,1134.65
2018-06-19T21:00:00Z,52.6,1069.1
2018-06-19T21:30:00Z,51.43,1286.0
2018-06-19T22:00:00Z,58.68,694.3
2018-06-19T22:30:00Z,62.37,670.3
2018-06-19T23:00:00Z,59.15,605.1
2018-06-19T23:30:00Z,59.07,354.55
2018-06-20T00:00:00Z,62.29,461.5
2018-06-20T00:30:00Z,58.86,418.25
2018-06-20T01:00:00Z,55.86,450.25
2018-06-20T01:30:00Z,53.8,440.5
2018-06-20T02:00:00Z,46.23,652.95
2018-06-20T02:30:00Z,45.39,563.35
2018-06-20T03:00:00Z,45.65,586.5
2018-06-20T03:30:00Z,45.71,770.65
2018-06-20T04:00:00Z,49.38,482.1
2018-06-20T04:30:00Z,49.209999999999994,423.05
2018-06-20T05:00:00Z,56.86,429.4
2018-06-20T05:30:00Z,47.09,883.15
2018-06-20T06:00:00Z,55.91,935.3
2018-06-20T06:30:00Z,59.309999999999995,1169.5
2018-06-20T07:00:00Z,59.989999999999995,1157.55
2018-06-20T07:30:00Z,63.21000000000001,1224.6
2018-06-20T08:00:00Z,60.94,1134.1
2018-06-20T08:30:00Z,58.519999999999996,1208.95
2018-06-20T09:00:00Z,57.370000000000005,1337.05
2018-06-20T09:30:00Z,56.24,1614.05
2018-06-20T10:00:00Z,50.470000000000006,1400.9
2018-06-20T10:30:00Z,50.03000000000001,1417.45
2018-06-20T11:00:00Z,50.29,1354.0
2018-06-20T11:30:00Z,50.34,1487.15
2018-06-20T12:00:00Z,49.85,1571.0
2018-06-20T12:30:00Z,50.0,1525.2
2018-06-20T13:00:00Z,50.13,1512.75
2018-06-20T13:30:00Z,49.73,1706.2
2018-06-20T14:00:00Z,54.11,1536.55
2018-06-20T14:30:00Z,53.74,1428.9
2018-06-20T15:00:00Z,51.81000000000001,1390.1
2018-06-20T15:30:00Z,54.24,1429.15
2018-06-20T16:00:00Z,51.07,1612.9
2018-06-20T16:30:00Z,52.05,1533.8
2018-06-20T17:00:00Z,56.36,1820.25
2018-06-20T17:30:00Z,58.56,1785.9
2018-06-20T18:00:00Z,59.6,1095.5
2018-06-20T18:30:00Z,59.4,1073.8
2018-06-20T19:00:00Z,58.67,1047.75
2018-06-20T19:30:00Z,58.76,1252.2
2018-06-20T20:00:00Z,57.62,1430.35
2018-06-20T20:30:00Z,55.99,1433.3
2018-06-20T21:00:00Z,55.16,1268.25
2018-06-20T21:30:00Z,54.57000000000001,1436.25
2018-06-20T22:00:00Z,56.21,587.25
2018-06-20T22:30:00Z,53.81,776.85
2018-06-20T23:00:00Z,51.45,558.65
2018-06-20T23:30:00Z,49.18,626.55
2018-06-21T00:00:00Z,47.029999999999994,472.7
2018-06-21T00:30:00Z,48.38,613.1
2018-06-21T01:00:00Z,43.3,468.35
2018-06-21T01:30:00Z,37.6,535.9
2018-06-21T02:00:00Z,27.75,654.5
2018-06-21T02:30:00Z,23.15,776.7
2018-06-21T03:00:00Z,24.45,851.15
2018-06-21T03:30:00Z,27.26,848.4
2018-06-21T04:00:00Z,31.41,720.6
2018-06-21T04:30:00Z,33.06,597.45
2018-06-21T05:00:00Z,45.77,1015.35
2018-06-21T05:30:00Z,44.55,1176.1
2018-06-21T06:00:00Z,45.13,925.0
2018-06-21T06:30:00Z,44.93,891.15
2018-06-21T07:00:00Z,41.52,689.5
2018-06-21T07:30:00Z,43.01,880.8
2018-06-21T08:00:00Z,43.93,1379.5
2018-06-21T08:30:00Z,43.82,1281.5
2018-06-21T09:00:00Z,43.49,1296.5
2018-06-21T09:30:00Z,43.4,1552.0
2018-06-21T10:00:00Z,42.39,1212.8
2018-06-21T10:30:00Z,42.36,1235.0
2018-06-21T11:00:00Z,42.55,1289.15
2018-06-21T11:30:00Z,42.63,1311.65
2018-06-21T12:00:00Z,42.77,1743.75
2018-06-21T12:30:00Z,42.510000000000005,1634.75
2018-06-21T13:00:00Z,42.54,1629.75
2018-06-21T13:30:00Z,42.57000000000001,1680.25
2018-06-21T14:00:00Z,46.21,2039.7
2018-06-21T14:30:00Z,46.44,1827.5
2018-06-21T15:00:00Z,47.09,1829.6
2018-06-21T15:30:00Z,48.47,1969.9
2018-06-21T16:00:00Z,52.86,1445.55
2018-06-21T16:30:00Z,52.40999999999999,1378.55
2018-06-21T17:00:00Z,52.7,1351.5
2018-06-21T17:30:00Z,53.53999999999999,1487.1
2018-06-21T18:00:00Z,59.74,1301.1
2018-06-21T18:30:00Z,58.2,1400.0
2018-06-21T19:00:00Z,59.17,1356.0
2018-06-21T19:30:00Z,58.99,1371.75
2018-06-21T20:00:00Z,59.2,1497.45
2018-06-21T20:30:00Z,58.67,1278.9
2018-06-21T21:00:00Z,56.29999999999999,1428.65
2018-06-21T21:30:00Z,53.95,1779.65
2018-06-21T22:00:00Z,54.45,493.5
2018-06-21T22:30:00Z,53.45,435.0
2018-06-21T23:00:00Z,52.59,307.4
2018-06-21T23:30:00Z,51.12,364.2
2018-06-22T00:00:00Z,41.91,377.65
2018-06-22T00:30:00Z,40.18,289.5
2018-06-22T01:00:00Z,42.06,440.8
2018-06-22T01:30:00Z,41.79,459.9
2018-06-22T02:00:00Z,43.160000000000004,448.0
2018-06-22T02:30:00Z,42.24000000000001,402.65
2018-06-22T03:00:00Z,43.03,505.2
2018-06-22T03:30:00Z,41.41,592.95
2018-06-22T04:00:00Z,45.09,669.4
2018-06-22T04:30:00Z,45.08,798.05
2018-06-22T05:00:00Z,47.870000000000005,723.3
2018-06-22T05:30:00Z,45.05,1017.3
2018-06-22T06:00:00Z,46.59,759.25
2018-06-22T06:30:00Z,48.370000000000005,699.75
2018-06-22T07:00:00Z,49.35,550.5
2018-06-22T07:30:00Z,48.91,578.7
2018-06-22T08:00:00Z,48.62,630.75
2018-06-22T08:30:00Z,47.45,708.7
2018-06-22T09:00:00Z,46.78,707.95
2018-06-22T09:30:00Z,46.7,702.0
2018-06-22T10:00:00Z,45.24,1058.5
2018-06-22T10:30:00Z,45.38,1188.5
2018-06-22T11:00:00Z,45.85,999.6
2018-06-22T11:30:00Z,45.64,1200.4
2018-06-22T12:00:00Z,47.32,1258.2
2018-06-22T12:30:00Z,46.52,1198.3
2018-06-22T13:00:00Z,45.93999999999999,1452.0
2018-06-22T13:30:00Z,45.09,1400.8
2018-06-22T14:00:00Z,45.16,1517.8
2018-06-22T14:30:00Z,45.74,1380.3
2018-06-22T15:00:00Z,46.25,1289.75
2018-06-22T15:30:00Z,48.14,1327.25
2018-06-22T16:00:00Z,52.32,1105.75
2018-06-22T16:30:00Z,58.42,1053.75
2018-06-22T17:00:00Z,59.34,987.75
2018-06-22T17:30:00Z,56.790000000000006,865.5
2018-06-22T18:00:00Z,64.38,794.9
2018-06-22T18:30:00Z,63.900000000000006,637.4
2018-06-22T19:00:00Z,62.21,700.0
2018-06-22T19:30:00Z,59.96,695.75
2018-06-22T20:00:00Z,52.46,596.75
2018-06-22T20:30:00Z,51.41,571.05
2018-06-22T21:00:00Z,51.57,858.1
2018-06-22T21:30:00Z,48.92,1032.3
2018-06-22T22:00:00Z,55.83,275.5
2018-06-22T22:30:00Z,58.43,292.8
2018-06-22T23:00:00Z,51.99000000000001,426.3
2018-06-22T23:30:00Z,49.81999999999999,377.65
2018-06-23T00:00:00Z,50.23,403.85
2018-06-23T00:30:00Z,47.79,189.5
2018-06-23T01:00:00Z,45.12,238.0
2018-06-23T01:30:00Z,45.01,287.0
2018-06-23T02:00:00Z,41.86,323.9
2018-06-23T02:30:00Z,41.73,292.5
2018-06-23T03:00:00Z,41.65,322.8
2018-06-23T03:30:00Z,0.0,0.0
2018-06-23T04:00:00Z,0.0,0.0
2018-06-23T04:30:00Z,41.59,463.8
2018-06-23T05:00:00Z,41.69,462.85
2018-06-23T05:30:00Z,41.67,648.8
2018-06-23T06:00:00Z,39.13,575.7
2018-06-23T06:30:00Z,44.51,740.3
2018-06-23T07:00:00Z,45.47,665.95
2018-06-23T07:30:00Z,47.62,580.4
2018-06-23T08:00:00Z,51.85,730.05
2018-06-23T08:30:00Z,52.16,765.9
2018-06-23T09:00:00Z,51.96,677.8
2018-06-23T09:30:00Z,50.47,641.25
2018-06-23T10:00:00Z,47.54999999999999,754.6
2018-06-23T10:30:00Z,46.74,699.1
2018-06-23T11:00:00Z,47.04,714.4
2018-06-23T11:30:00Z,45.94,854.65
2018-06-23T12:00:00Z,43.87,994.85
2018-06-23T12:30:00Z,41.5,1114.3
2018-06-23T13:00:00Z,43.05,1008.5
2018-06-23T13:30:00Z,41.06,1131.5
2018-06-23T14:00:00Z,39.35,1198.1
2018-06-23T14:30:00Z,41.51,1096.6
2018-06-23T15:00:00Z,44.52,1215.9
2018-06-23T15:30:00Z,45.93,1353.35
2018-06-23T16:00:00Z,63.78,780.15
2018-06-23T16:30:00Z,64.75,710.75
2018-06-23T17:00:00Z,66.02,703.25
2018-06-23T17:30:00Z,64.26,926.7
2018-06-23T18:00:00Z,69.16,440.8
2018-06-23T18:30:00Z,68.04,438.8
2018-06-23T19:00:00Z,67.31,324.9
2018-06-23T19:30:00Z,68.51,318.0
2018-06-23T20:00:00Z,66.62,402.4
2018-06-23T20:30:00Z,68.35,450.9
2018-06-23T21:00:00Z,65.99,648.4
2018-06-23T21:30:00Z,65.34,588.9
2018-06-23T22:00:00Z,66.54,340.05
2018-06-23T22:30:00Z,60.88,299.15
2018-06-23T23:00:00Z,53.71,302.6
2018-06-23T23:30:00Z,49.8,342.5
2018-06-24T00:00:00Z,53.56,157.1
2018-06-24T00:30:00Z,53.2,168.55
2018-06-24T01:00:00Z,53.34,135.35
2018-06-24T01:30:00Z,52.95,134.7
2018-06-24T02:00:00Z,51.71,188.95
2018-06-24T02:30:00Z,48.93,125.15
2018-06-24T03:00:00Z,50.87,148.25
2018-06-24T03:30:00Z,50.26,277.65
2018-06-24T04:00:00Z,47.03,272.15
2018-06-24T04:30:00Z,47.24,210.75
2018-06-24T05:00:00Z,46.29,342.7
2018-06-24T05:30:00Z,45.88,322.75
2018-06-24T06:00:00Z,45.64,644.25
2018-06-24T06:30:00Z,44.22,450.3
2018-06-24T07:00:00Z,40.65,376.55
2018-06-24T07:30:00Z,39.3,368.75
2018-06-24T08:00:00Z,41.96,603.85
2018-06-24T08:30:00Z,44.19,649.4
2018-06-24T09:00:00Z,46.77,663.1
2018-06-24T09:30:00Z,46.52,623.3
2018-06-24T10:00:00Z,48.32,735.25
2018-06-24T10:30:00Z,47.39000000000001,725.75
2018-06-24T11:00:00Z,47.23,802.85
2018-06-24T11:30:00Z,47.09,839.1
2018-06-24T12:00:00Z,45.51,951.1
2018-06-24T12:30:00Z,44.839999999999996,942.9
2018-06-24T13:00:00Z,44.99,809.65
2018-06-24T13:30:00Z,43.22,962.7
2018-06-24T14:00:00Z,41.28,1152.15
2018-06-24T14:30:00Z,42.09,1139.0
2018-06-24T15:00:00Z,44.25,1047.05
2018-06-24T15:30:00Z,45.5,935.6
2018-06-24T16:00:00Z,48.85,796.0
2018-06-24T16:30:00Z,51.260000000000005,663.8
2018-06-24T17:00:00Z,54.01,822.85
2018-06-24T17:30:00Z,56.79,676.3
2018-06-24T18:00:00Z,69.61,562.7
2018-06-24T18:30:00Z,70.88,614.75
2018-06-24T19:00:00Z,70.23,517.5
2018-06-24T19:30:00Z,70.78,492.2
2018-06-24T20:00:00Z,72.0,658.1
2018-06-24T20:30:00Z,70.1,706.5
2018-06-24T21:00:00Z,68.64,738.15
2018-06-24T21:30:00Z,58.13,1029.85
2018-06-24T22:00:00Z,54.85,450.0
2018-06-24T22:30:00Z,55.71,391.0
2018-06-24T23:00:00Z,55.260000000000005,375.5
2018-06-24T23:30:00Z,51.61,245.75
2018-06-25T00:00:00Z,51.45,138.05
2018-06-25T00:30:00Z,48.37,144.3
2018-06-25T01:00:00Z,41.17,77.7
2018-06-25T01:30:00Z,42.13000000000001,205.85
2018-06-25T02:00:00Z,43.04999999999999,419.35
2018-06-25T02:30:00Z,42.45000000000001,393.7
2018-06-25T03:00:00Z,42.25,506.0
2018-06-25T03:30:00Z,41.95,485.2
2018-06-25T04:00:00Z,43.05,497.45
2018-06-25T04:30:00Z,43.09,499.8
2018-06-25T05:00:00Z,47.97,845.55
2018-06-25T05:30:00Z,42.59,742.15
2018-06-25T06:00:00Z,50.43,918.35
2018-06-25T06:30:00Z,55.02,818.25
2018-06-25T07:00:00Z,54.21,927.2
2018-06-25T07:30:00Z,54.13,855.15
2018-06-25T08:00:00Z,51.05,835.0
2018-06-25T08:30:00Z,49.9,905.6
2018-06-25T09:00:00Z,49.04,859.9
2018-06-25T09:30:00Z,48.35,977.7
2018-06-25T10:00:00Z,47.96,1040.15
2018-06-25T10:30:00Z,48.34,1004.4
2018-06-25T11:00:00Z,48.84,992.55
2018-06-25T11:30:00Z,47.7,988.25
2018-06-25T12:00:00Z,47.82,1011.35
2018-06-25T12:30:00Z,47.620000000000005,1000.55
2018-06-25T13:00:00Z,47.33,1145.2
2018-06-25T13:30:00Z,46.67,1057.5
2018-06-25T14:00:00Z,54.45,824.75
2018-06-25T14:30:00Z,58.23,782.8
2018-06-25T15:00:00Z,62.41,813.75
2018-06-25T15:30:00Z,69.2,735.0
2018-06-25T16:00:00Z,75.83,795.5
2018-06-25T16:30:00Z,74.97,816.55
2018-06-25T17:00:00Z,77.27,969.75
2018-06-25T17:30:00Z,78.02,1040.15
2018-06-25T18:00:00Z,76.95,743.65
2018-06-25T18:30:00Z,70.93,599.55
2018-06-25T19:00:00Z,68.23,524.15
2018-06-25T19:30:00Z,62.9,716.2
2018-06-25T20:00:00Z,60.56,597.85
2018-06-25T20:30:00Z,56.06999999999999,605.45
2018-06-25T21:00:00Z,53.94,600.9
2018-06-25T21:30:00Z,50.56,906.0
2018-06-25T22:00:00Z,50.44,478.5
2018-06-25T22:30:00Z,51.39,451.3
2018-06-25T23:00:00Z,55.21,196.4
2018-06-25T23:30:00Z,51.78,214.8
2018-06-26T00:00:00Z,50.9,206.3
2018-06-26T00:30:00Z,52.8,239.5
2018-06-26T01:00:00Z,52.7,249.15
2018-06-26T01:30:00Z,55.6,196.35
2018-06-26T02:00:00Z,50.61,243.0
2018-06-26T02:30:00Z,52.09,264.75
2018-06-26T03:00:00Z,50.85,303.7
2018-06-26T03:30:00Z,50.18,314.5
2018-06-26T04:00:00Z,51.32,145.55
2018-06-26T04:30:00Z,53.95,214.6
2018-06-26T05:00:00Z,59.27,664.85
2018-06-26T05:30:00Z,50.440000000000005,847.2
2018-06-26T06:00:00Z,51.5,702.2
2018-06-26T06:30:00Z,66.87,634.9
2018-06-26T07:00:00Z,68.88,559.1
2018-06-26T07:30:00Z,71.8,674.95
2018-06-26T08:00:00Z,70.52,682.4
2018-06-26T08:30:00Z,63.76,710.85
2018-06-26T09:00:00Z,60.620000000000005,658.8
2018-06-26T09:30:00Z,57.61,804.2
2018-06-26T10:00:00Z,52.1,692.7
2018-06-26T10:30:00Z,52.400000000000006,899.3
2018-06-26T11:00:00Z,53.81,757.75
2018-06-26T11:30:00Z,54.59,892.05
2018-06-26T12:00:00Z,55.43,762.75
2018-06-26T12:30:00Z,54.29,854.4
2018-06-26T13:00:00Z,54.33,803.85
2018-06-26T13:30:00Z,54.27,998.9
2018-06-26T14:00:00Z,60.279999999999994,664.25
2018-06-26T14:30:00Z,70.96,679.95
2018-06-26T15:00:00Z,75.41,740.5
2018-06-26T15:30:00Z,80.88,890.8
2018-06-26T16:00:00Z,82.51,1160.05
2018-06-26T16:30:00Z,80.3,1129.7
2018-06-26T17:00:00Z,84.82,1133.05
2018-06-26T17:30:00Z,86.56,1065.65
2018-06-26T18:00:00Z,75.90999999999998,897.6
2018-06-26T18:30:00Z,74.5,795.45
2018-06-26T19:00:00Z,74.76,915.55
2018-06-26T19:30:00Z,70.05,918.4
2018-06-26T20:00:00Z,56.61000000000001,1225.55
2018-06-26T20:30:00Z,55.64,1137.1
2018-06-26T21:00:00Z,54.45,1388.35
2018-06-26T21:30:00Z,52.51,1377.75
2018-06-26T22:00:00Z,54.55,545.95
2018-06-26T22:30:00Z,61.32,484.55
2018-06-26T23:00:00Z,49.74000000000001,219.0
2018-06-26T23:30:00Z,48.25,423.1
2018-06-27T00:00:00Z,47.2,579.5
2018-06-27T00:30:00Z,46.9,573.8
2018-06-27T01:00:00Z,46.81,963.5
2018-06-27T01:30:00Z,46.36,948.0
2018-06-27T02:00:00Z,46.86,449.0
2018-06-27T02:30:00Z,46.87,371.55
2018-06-27T03:00:00Z,45.56,280.7
2018-06-27T03:30:00Z,45.66,287.25
2018-06-27T04:00:00Z,46.51,162.75
2018-06-27T04:30:00Z,46.1,322.5
2018-06-27T05:00:00Z,49.44,493.55
2018-06-27T05:30:00Z,45.11,749.7
2018-06-27T06:00:00Z,45.38,477.75
2018-06-27T06:30:00Z,50.07,526.0
2018-06-27T07:00:00Z,48.72,689.3
2018-06-27T07:30:00Z,48.550000000000004,853.35
2018-06-27T08:00:00Z,54.029999999999994,819.05
2018-06-27T08:30:00Z,51.79,825.85
2018-06-27T09:00:00Z,51.2,983.25
2018-06-27T09:30:00Z,50.69,965.85
2018-06-27T10:00:00Z,50.75,1017.7
2018-06-27T10:30:00Z,50.66,1055.25
2018-06-27T11:00:00Z,50.91,1008.9
2018-06-27T11:30:00Z,50.75,1055.8
2018-06-27T12:00:00Z,50.19,881.45
2018-06-27T12:30:00Z,49.14,910.0
2018-06-27T13:00:00Z,49.01,909.3
2018-06-27T13:30:00Z,48.28,941.2
2018-06-27T14:00:00Z,54.61,778.5
2018-06-27T14:30:00Z,56.169999999999995,748.05
2018-06-27T15:00:00Z,54.87,749.2
2018-06-27T15:30:00Z,63.79,911.05
2018-06-27T16:00:00Z,67.69,762.65
2018-06-27T16:30:00Z,68.15,916.35
2018-06-27T17:00:00Z,69.21,889.75
2018-06-27T17:30:00Z,67.54,1008.3
2018-06-27T18:00:00Z,62.85999999999999,811.2
2018-06-27T18:30:00Z,59.31,715.0
2018-06-27T19:00:00Z,53.35,597.75
2018-06-27T19:30:00Z,49.24,728.65
2018-06-27T20:00:00Z,51.49,1169.95
2018-06-27T20:30:00Z,51.62,949.2
2018-06-27T21:00:00Z,51.14,1015.8
2018-06-27T21:30:00Z,49.53,1043.5
2018-06-27T22:00:00Z,54.230000000000004,367.4
2018-06-27T22:30:00Z,52.11000000000001,195.6
2018-06-27T23:00:00Z,48.099999999999994,171.65
2018-06-27T23:30:00Z,49.03,76.35
2018-06-28T00:00:00Z,45.83,61.7
2018-06-28T00:30:00Z,0.0,0.0
2018-06-28T01:00:00Z,46.0,42.45
2018-06-28T01:30:00Z,0.0,0.0
2018-06-28T02:00:00Z,45.33,38.5
2018-06-28T02:30:00Z,39.58,97.9
2018-06-28T03:00:00Z,45.18,37.5
2018-06-28T03:30:00Z,45.099999999999994,47.4
2018-06-28T04:00:00Z,44.3,91.95
2018-06-28T04:30:00Z,45.0,75.5
2018-06-28T05:00:00Z,47.0,131.75
2018-06-28T05:30:00Z,48.26,278.95
2018-06-28T06:00:00Z,45.13,243.2
2018-06-28T06:30:00Z,51.74,52.8
2018-06-28T07:00:00Z,65.16,60.45
2018-06-28T07:30:00Z,0.0,0.0
2018-06-28T08:00:00Z,0.0,0.0
2018-06-28T08:30:00Z,0.0,0.0
2018-06-28T09:00:00Z,60.58,209.4
2018-06-28T09:30:00Z,52.39,290.45
2018-06-28T10:00:00Z,49.26,730.5
2018-06-28T10:30:00Z,49.12,801.7
2018-06-28T11:00:00Z,48.86,950.05
2018-06-28T11:30:00Z,48.58,1001.2
2018-06-28T12:00:00Z,50.81,1318.75
2018-06-28T12:30:00Z,50.2,1175.1
2018-06-28T13:00:00Z,49.49,1293.75
2018-06-28T13:30:00Z,49.34,1426.35
2018-06-28T14:00:00Z,53.91,1073.35
2018-06-28T14:30:00Z,54.13999999999999,629.5
2018-06-28T15:00:00Z,52.4,656.1
2018-06-28T15:30:00Z,53.45,576.25
2018-06-28T16:00:00Z,55.42999999999999,900.9
2018-06-28T16:30:00Z,57.33,886.95
2018-06-28T17:00:00Z,57.77,916.8
2018-06-28T17:30:00Z,59.48,1031.4
2018-06-28T18:00:00Z,57.34,721.4
2018-06-28T18:30:00Z,58.07,783.75
2018-06-28T19:00:00Z,54.40999999999999,728.05
2018-06-28T19:30:00Z,51.87,711.9
2018-06-28T20:00:00Z,50.17,939.15
2018-06-28T20:30:00Z,50.04,1109.1
2018-06-28T21:00:00Z,51.22,1086.8
2018-06-28T21:30:00Z,49.31,1447.35
2018-06-28T22:00:00Z,51.11,284.1
2018-06-28T22:30:00Z,50.88,332.2
2018-06-28T23:00:00Z,54.709999999999994,319.75
2018-06-28T23:30:00Z,49.42,219.35
2018-06-29T00:00:00Z,49.93000000000001,210.7
2018-06-29T00:30:00Z,49.39,277.7
2018-06-29T01:00:00Z,49.34,226.75
2018-06-29T01:30:00Z,48.52,220.25
2018-06-29T02:00:00Z,45.04,85.5
2018-06-29T02:30:00Z,44.01,70.75
2018-06-29T03:00:00Z,44.52,94.5
2018-06-29T03:30:00Z,43.41,190.35
2018-06-29T04:00:00Z,44.24,229.85
2018-06-29T04:30:00Z,46.02,276.1
2018-06-29T05:00:00Z,49.22,501.75
2018-06-29T05:30:00Z,48.55,599.4
2018-06-29T06:00:00Z,49.62,769.9
2018-06-29T06:30:00Z,54.03,624.5
2018-06-29T07:00:00Z,56.62,703.7
2018-06-29T07:30:00Z,55.49,719.05
2018-06-29T08:00:00Z,55.36,854.3
2018-06-29T08:30:00Z,53.650000000000006,713.7
2018-06-29T09:00:00Z,50.87,692.4
2018-06-29T09:30:00Z,48.97,968.95
2018-06-29T10:00:00Z,46.1,908.65
2018-06-29T10:30:00Z,46.64,1014.75
2018-06-29T11:00:00Z,47.95,1063.75
2018-06-29T11:30:00Z,46.83,1140.0
2018-06-29T12:00:00Z,45.64,1131.45
2018-06-29T12:30:00Z,44.91,1140.0
2018-06-29T13:00:00Z,45.23,1397.4
2018-06-29T13:30:00Z,45.19,1474.9
2018-06-29T14:00:00Z,50.27,1079.7
2018-06-29T14:30:00Z,50.62,1021.85
2018-06-29T15:00:00Z,49.57,1142.7
2018-06-29T15:30:00Z,51.45,1078.7
2018-06-29T16:00:00Z,55.33,939.45
2018-06-29T16:30:00Z,57.82,955.25
2018-06-29T17:00:00Z,58.58,988.15
2018-06-29T17:30:00Z,59.82,1054.8
2018-06-29T18:00:00Z,59.07,727.55
2018-06-29T18:30:00Z,54.35,681.5
2018-06-29T19:00:00Z,53.24,606.5
2018-06-29T19:30:00Z,51.33,678.4
2018-06-29T20:00:00Z,51.7,915.55
2018-06-29T20:30:00Z,51.88,839.45
2018-06-29T21:00:00Z,53.12,793.2
2018-06-29T21:30:00Z,50.5,1191.15
2018-06-29T22:00:00Z,51.2,656.95
2018-06-29T22:30:00Z,52.66,412.8
2018-06-29T23:00:00Z,49.03,417.55
2018-06-29T23:30:00Z,46.99,222.8
2018-06-30T00:00:00Z,44.37,397.65
2018-06-30T00:30:00Z,43.78,370.7
2018-06-30T01:00:00Z,44.09,422.85
2018-06-30T01:30:00Z,41.61,328.85
2018-06-30T02:00:00Z,40.74,385.5
2018-06-30T02:30:00Z,41.77,371.5
2018-06-30T03:00:00Z,41.45,366.35
2018-06-30T03:30:00Z,40.68,443.4
2018-06-30T04:00:00Z,42.39999999999999,438.5
2018-06-30T04:30:00Z,40.8,378.15
2018-06-30T05:00:00Z,39.6,375.0
2018-06-30T05:30:00Z,36.83,614.4
2018-06-30T06:00:00Z,46.33,612.45
2018-06-30T06:30:00Z,47.24,583.1
2018-06-30T07:00:00Z,51.84,809.3
2018-06-30T07:30:00Z,57.62,865.9
2018-06-30T08:00:00Z,58.62,998.15
2018-06-30T08:30:00Z,59.02,1044.75
2018-06-30T09:00:00Z,58.33,1015.45
2018-06-30T09:30:00Z,56.65999999999999,1021.2
2018-06-30T10:00:00Z,48.6,649.2
2018-06-30T10:30:00Z,49.19,657.6
2018-06-30T11:00:00Z,48.82,805.5
2018-06-30T11:30:00Z,48.13,813.4
2018-06-30T12:00:00Z,45.54,962.3
2018-06-30T12:30:00Z,45.55,1076.9
2018-06-30T13:00:00Z,46.03,951.85
2018-06-30T13:30:00Z,45.92,990.95
2018-06-30T14:00:00Z,51.43,722.25
2018-06-30T14:30:00Z,51.76,869.05
2018-06-30T15:00:00Z,52.45,920.1
2018-06-30T15:30:00Z,54.63,916.8
2018-06-30T16:00:00Z,57.54,807.35
2018-06-30T16:30:00Z,60.89,772.4
2018-06-30T17:00:00Z,64.23,710.75
2018-06-30T17:30:00Z,65.66,691.5
2018-06-30T18:00:00Z,66.28,736.0
2018-06-30T18:30:00Z,65.27,678.5
2018-06-30T19:00:00Z,67.24,821.4
2018-06-30T19:30:00Z,66.3,859.95
2018-06-30T20:00:00Z,61.4,931.65
2018-06-30T20:30:00Z,59.89,951.7
2018-06-30T21:00:00Z,59.11,933.25
2018-06-30T21:30:00Z,57.85,812.15
2018-06-30T22:00:00Z,58.32,770.6
2018-06-30T22:30:00Z,60.9,878.35
2018-06-30T23:00:00Z,58.7,345.0
2018-06-30T23:30:00Z,53.99000000000001,373.05
2018-07-01T00:00:00Z,47.96,417.65
2018-07-01T00:30:00Z,47.75,352.9
2018-07-01T01:00:00Z,47.04,331.2
2018-07-01T01:30:00Z,46.06,411.4
2018-07-01T02:00:00Z,46.23,566.8
2018-07-01T02:30:00Z,45.94,574.7
2018-07-01T03:00:00Z,45.32,546.25
2018-07-01T03:30:00Z,42.66,580.3
2018-07-01T04:00:00Z,43.04,689.55
2018-07-01T04:30:00Z,43.06,714.5
2018-07-01T05:00:00Z,43.83,756.1
2018-07-01T05:30:00Z,44.43,919.25
2018-07-01T06:00:00Z,43.43,699.8
2018-07-01T06:30:00Z,45.18,788.9
2018-07-01T07:00:00Z,43.81,682.8
2018-07-01T07:30:00Z,44.60000000000001,837.9
2018-07-01T08:00:00Z,50.09,595.3
2018-07-01T08:30:00Z,58.459999999999994,660.4
2018-07-01T09:00:00Z,60.42,537.8
2018-07-01T09:30:00Z,61.11,563.0
2018-07-01T10:00:00Z,63.44,478.9
2018-07-01T10:30:00Z,63.13,520.3
2018-07-01T11:00:00Z,63.36,494.1
2018-07-01T11:30:00Z,63.23,459.1
2018-07-01T12:00:00Z,62.15,549.35
2018-07-01T12:30:00Z,61.589999999999996,599.05
2018-07-01T13:00:00Z,61.56999999999999,612.65
2018-07-01T13:30:00Z,60.96,767.7
2018-07-01T14:00:00Z,61.690000000000005,684.8
2018-07-01T14:30:00Z,61.21,790.75
2018-07-01T15:00:00Z,58.8,864.2
2018-07-01T15:30:00Z,55.49,1071.0
2018-07-01T16:00:00Z,61.58,1087.6
2018-07-01T16:30:00Z,62.58,1206.2
2018-07-01T17:00:00Z,62.69,1034.85
2018-07-01T17:30:00Z,64.32,1141.65
2018-07-01T18:00:00Z,65.54,1034.7
2018-07-01T18:30:00Z,66.51,1034.4
2018-07-01T19:00:00Z,66.24,1072.35
2018-07-01T19:30:00Z,65.28,1001.9
2018-07-01T20:00:00Z,63.8,933.4
2018-07-01T20:30:00Z,62.1,1014.35
2018-07-01T21:00:00Z,60.82,997.25
2018-07-01T21:30:00Z,55.31,959.25
2018-07-01T22:00:00Z,61.57,881.55
2018-07-01T22:30:00Z,56.90999999999999,632.0
2018-07-01T23:00:00Z,48.45,335.2
2018-07-01T23:30:00Z,48.91,326.1
2018-07-02T00:00:00Z,49.59,502.5
2018-07-02T00:30:00Z,48.94,467.0
2018-07-02T01:00:00Z,48.45,536.5
2018-07-02T01:30:00Z,48.83,549.25
2018-07-02T02:00:00Z,51.77,330.9
2018-07-02T02:30:00Z,51.94,321.05
2018-07-02T03:00:00Z,53.06,348.4
2018-07-02T03:30:00Z,52.910000000000004,441.75
2018-07-02T04:00:00Z,53.94,614.65
2018-07-02T04:30:00Z,54.89,708.9
2018-07-02T05:00:00Z,58.02,960.2
2018-07-02T05:30:00Z,54.13,1094.55
2018-07-02T06:00:00Z,57.32,1204.9
2018-07-02T06:30:00Z,67.73,858.15
2018-07-02T07:00:00Z,69.58,660.45
2018-07-02T07:30:00Z,67.92,1022.65
2018-07-02T08:00:00Z,67.33,1077.05
2018-07-02T08:30:00Z,67.55,1268.0
2018-07-02T09:00:00Z,67.98,1143.85
2018-07-02T09:30:00Z,67.76,1389.75
2018-07-02T10:00:00Z,64.65,1157.45
2018-07-02T10:30:00Z,66.0,1522.05
2018-07-02T11:00:00Z,67.32,1571.4
2018-07-02T11:30:00Z,66.99,1526.6
2018-07-02T12:00:00Z,64.26,1422.9
2018-07-02T12:30:00Z,63.94,1471.8
2018-07-02T13:00:00Z,64.44,1633.75
2018-07-02T13:30:00Z,63.88,1673.45
2018-07-02T14:00:00Z,65.42,1605.5
2018-07-02T14:30:00Z,67.46,1663.05
2018-07-02T15:00:00Z,66.12,1695.75
2018-07-02T15:30:00Z,66.74,1827.75
2018-07-02T16:00:00Z,69.93,1764.85
2018-07-02T16:30:00Z,70.39,1704.15
2018-07-02T17:00:00Z,70.77,1718.05
2018-07-02T17:30:00Z,70.65,1618.8
2018-07-02T18:00:00Z,55.33,1209.7
2018-07-02T18:30:00Z,54.22999999999999,1251.8
2018-07-02T19:00:00Z,55.17,1259.0
2018-07-02T19:30:00Z,54.64,1489.7
2018-07-02T20:00:00Z,55.91,1440.7
2018-07-02T20:30:00Z,55.39,1400.0
2018-07-02T21:00:00Z,55.15,1567.9
2018-07-02T21:30:00Z,52.65,1730.0
2018-07-02T22:00:00Z,45.97,753.75
2018-07-02T22:30:00Z,52.45,484.25
2018-07-02T23:00:00Z,47.16,456.1
2018-07-02T23:30:00Z,42.59,622.25
2018-07-03T00:00:00Z,43.6,551.9
2018-07-03T00:30:00Z,44.1,607.65
2018-07-03T01:00:00Z,42.96,662.65
2018-07-03T01:30:00Z,43.67,747.9
2018-07-03T02:00:00Z,44.83,445.5
2018-07-03T02:30:00Z,44.60999999999999,399.85
2018-07-03T03:00:00Z,44.56,447.85
2018-07-03T03:30:00Z,44.62,612.35
2018-07-03T04:00:00Z,43.7,864.7
2018-07-03T04:30:00Z,44.77,661.9
2018-07-03T05:00:00Z,48.6,1119.3
2018-07-03T05:30:00Z,43.31,1400.55
2018-07-03T06:00:00Z,51.88,1445.85
2018-07-03T06:30:00Z,56.14,997.85
2018-07-03T07:00:00Z,56.47,1268.2
2018-07-03T07:30:00Z,56.77000000000001,1567.85
2018-07-03T08:00:00Z,54.77,1532.25
2018-07-03T08:30:00Z,53.61,1539.2
2018-07-03T09:00:00Z,54.3,1755.95
2018-07-03T09:30:00Z,52.95,1594.1
2018-07-03T10:00:00Z,51.23,1288.55
2018-07-03T10:30:00Z,50.9,1359.3
2018-07-03T11:00:00Z,51.34,1428.05
2018-07-03T11:30:00Z,51.47,1253.95
2018-07-03T12:00:00Z,51.63,1314.6
2018-07-03T12:30:00Z,51.51,1259.9
2018-07-03T13:00:00Z,51.099999999999994,1381.3
2018-07-03T13:30:00Z,50.91,1392.8
2018-07-03T14:00:00Z,51.60000000000001,1373.85
2018-07-03T14:30:00Z,52.79,1243.3
2018-07-03T15:00:00Z,52.54,1342.3
2018-07-03T15:30:00Z,56.11000000000001,1226.9
2018-07-03T16:00:00Z,58.46,1112.75
2018-07-03T16:30:00Z,63.01,1037.5
2018-07-03T17:00:00Z,65.23,1179.6
2018-07-03T17:30:00Z,65.89,1254.75
2018-07-03T18:00:00Z,71.27,779.55
2018-07-03T18:30:00Z,60.75,722.8
2018-07-03T19:00:00Z,54.949999999999996,764.3
2018-07-03T19:30:00Z,53.04,833.45
2018-07-03T20:00:00Z,52.66,799.75
2018-07-03T20:30:00Z,52.099999999999994,844.15
2018-07-03T21:00:00Z,53.809999999999995,822.5
2018-07-03T21:30:00Z,52.92,1026.25
2018-07-03T22:00:00Z,53.76,467.0
2018-07-03T22:30:00Z,56.62,207.0
2018-07-03T23:00:00Z,55.07000000000001,450.25
2018-07-03T23:30:00Z,49.1,298.9
2018-07-04T00:00:00Z,47.29,289.0
2018-07-04T00:30:00Z,48.05,494.45
2018-07-04T01:00:00Z,47.07,477.5
2018-07-04T01:30:00Z,46.93,425.05
2018-07-04T02:00:00Z,46.52,308.6
2018-07-04T02:30:00Z,46.47,288.0
2018-07-04T03:00:00Z,46.09,315.25
2018-07-04T03:30:00Z,46.08,310.3
2018-07-04T04:00:00Z,46.92,393.0
2018-07-04T04:30:00Z,47.66,589.8
2018-07-04T05:00:00Z,51.1,529.5
2018-07-04T05:30:00Z,46.88,1048.35
2018-07-04T06:00:00Z,54.73,903.5
2018-07-04T06:30:00Z,60.66,796.75
2018-07-04T07:00:00Z,56.19,700.25
2018-07-04T07:30:00Z,58.62,1040.6
2018-07-04T08:00:00Z,65.34,1040.5
2018-07-04T08:30:00Z,65.11,925.55
2018-07-04T09:00:00Z,64.15,985.0
2018-07-04T09:30:00Z,63.36,1062.3
2018-07-04T10:00:00Z,61.779999999999994,785.55
2018-07-04T10:30:00Z,60.53,892.45
2018-07-04T11:00:00Z,62.379999999999995,801.25
2018-07-04T11:30:00Z,59.01,956.85
2018-07-04T12:00:00Z,58.44,824.65
2018-07-04T12:30:00Z,56.88,900.5
2018-07-04T13:00:00Z,60.22,1077.65
2018-07-04T13:30:00Z,59.85,1216.25
2018-07-04T14:00:00Z,65.39,912.3
2018-07-04T14:30:00Z,71.06,797.45
2018-07-04T15:00:00Z,72.82,831.05
2018-07-04T15:30:00Z,79.06,1007.4
2018-07-04T16:00:00Z,77.54,1308.5
2018-07-04T16:30:00Z,76.96,1236.0
2018-07-04T17:00:00Z,76.77,1311.1
2018-07-04T17:30:00Z,75.65,1340.05
2018-07-04T18:00:00Z,69.19,656.65
2018-07-04T18:30:00Z,70.77,705.8
2018-07-04T19:00:00Z,75.48,893.35
2018-07-04T19:30:00Z,64.88,800.0
2018-07-04T20:00:00Z,64.12,850.75
2018-07-04T20:30:00Z,62.4,739.8
2018-07-04T21:00:00Z,63.12,875.25
2018-07-04T21:30:00Z,57.1,877.3
2018-07-04T22:00:00Z,58.27,760.8
2018-07-04T22:30:00Z,64.37,458.55
2018-07-04T23:00:00Z,54.34,133.85
2018-07-04T23:30:00Z,44.31,202.4
2018-07-05T00:00:00Z,45.49,193.5
2018-07-05T00:30:00Z,45.2,308.3
2018-07-05T01:00:00Z,45.97,266.15
2018-07-05T01:30:00Z,42.53,421.6
2018-07-05T02:00:00Z,44.49,346.6
2018-07-05T02:30:00Z,44.2,341.2
2018-07-05T03:00:00Z,44.05,386.6
2018-07-05T03:30:00Z,43.83,386.5
2018-07-05T04:00:00Z,42.87,277.15
2018-07-05T04:30:00Z,42.6,188.7
2018-07-05T05:00:00Z,46.59,796.9
2018-07-05T05:30:00Z,46.26,867.95
2018-07-05T06:00:00Z,52.17,665.4
2018-07-05T06:30:00Z,57.24000000000001,607.15
2018-07-05T07:00:00Z,52.83,572.55
2018-07-05T07:30:00Z,51.62,648.7
2018-07-05T08:00:00Z,57.0,763.5
2018-07-05T08:30:00Z,59.01,901.95
2018-07-05T09:00:00Z,56.26,908.8
2018-07-05T09:30:00Z,52.00999999999999,870.4
2018-07-05T10:00:00Z,48.52,668.15
2018-07-05T10:30:00Z,50.8,956.55
2018-07-05T11:00:00Z,52.16,638.55
2018-07-05T11:30:00Z,52.26,851.25
2018-07-05T12:00:00Z,52.0,1115.95
2018-07-05T12:30:00Z,50.67,1147.1
2018-07-05T13:00:00Z,49.98,1211.05
2018-07-05T13:30:00Z,49.4,1244.25
2018-07-05T14:00:00Z,52.81,779.8
2018-07-05T14:30:00Z,54.48,656.55
2018-07-05T15:00:00Z,56.19,752.55
2018-07-05T15:30:00Z,64.45,678.25
2018-07-05T16:00:00Z,70.13,805.3
2018-07-05T16:30:00Z,73.73,768.1
2018-07-05T17:00:00Z,73.2,778.75
2018-07-05T17:30:00Z,72.96,676.65
2018-07-05T18:00:00Z,65.49,527.0
2018-07-05T18:30:00Z,67.81,535.4
2018-07-05T19:00:00Z,70.21,439.0
2018-07-05T19:30:00Z,64.21,426.55
2018-07-05T20:00:00Z,63.38,471.7
2018-07-05T20:30:00Z,60.36,482.2
2018-07-05T21:00:00Z,59.34,533.25
2018-07-05T21:30:00Z,52.13999999999999,825.65
2018-07-05T22:00:00Z,55.86,302.15
2018-07-05T22:30:00Z,58.6,317.0
2018-07-05T23:00:00Z,63.900000000000006,79.5
2018-07-05T23:30:00Z,52.86,191.8
2018-07-06T00:00:00Z,51.67,237.5
2018-07-06T00:30:00Z,52.02,218.5
2018-07-06T01:00:00Z,49.04,264.5
2018-07-06T01:30:00Z,49.24,215.5
2018-07-06T02:00:00Z,48.27,209.0
2018-07-06T02:30:00Z,48.19,272.5
2018-07-06T03:00:00Z,48.33,313.25
2018-07-06T03:30:00Z,47.88,260.0
2018-07-06T04:00:00Z,50.78,162.0
2018-07-06T04:30:00Z,49.47,377.5
2018-07-06T05:00:00Z,55.93,378.5
2018-07-06T05:30:00Z,53.93,823.05
2018-07-06T06:00:00Z,59.19,1122.85
2018-07-06T06:30:00Z,68.2,609.65
2018-07-06T07:00:00Z,74.18,809.4
2018-07-06T07:30:00Z,73.45000000000002,899.3
2018-07-06T08:00:00Z,74.94,970.9
2018-07-06T08:30:00Z,70.46,940.9
2018-07-06T09:00:00Z,69.12000000000002,971.6
2018-07-06T09:30:00Z,67.3,905.1
2018-07-06T10:00:00Z,59.16,684.45
2018-07-06T10:30:00Z,56.68999999999999,626.3
2018-07-06T11:00:00Z,52.949999999999996,629.95
2018-07-06T11:30:00Z,53.33,871.45
2018-07-06T12:00:00Z,53.61,929.5
2018-07-06T12:30:00Z,53.18,1020.4
2018-07-06T13:00:00Z,52.91,930.9
2018-07-06T13:30:00Z,53.7,877.45
2018-07-06T14:00:00Z,58.03,615.85
2018-07-06T14:30:00Z,62.47,693.75
2018-07-06T15:00:00Z,62.77,730.55
2018-07-06T15:30:00Z,70.61,625.4
2018-07-06T16:00:00Z,78.9,868.1
2018-07-06T16:30:00Z,78.95,872.4
2018-07-06T17:00:00Z,78.22,897.4
2018-07-06T17:30:00Z,78.23,907.0
2018-07-06T18:00:00Z,72.86,516.8
2018-07-06T18:30:00Z,72.52,679.25
2018-07-06T19:00:00Z,72.24,447.2
2018-07-06T19:30:00Z,67.03,718.7
2018-07-06T20:00:00Z,67.91,593.7
2018-07-06T20:30:00Z,67.49,617.0
2018-07-06T21:00:00Z,66.9,637.6
2018-07-06T21:30:00Z,63.12,691.05
2018-07-06T22:00:00Z,62.69,461.5
2018-07-06T22:30:00Z,70.63,276.5
2018-07-06T23:00:00Z,57.46,353.85
2018-07-06T23:30:00Z,50.84,405.0
2018-07-07T00:00:00Z,46.78,486.7
2018-07-07T00:30:00Z,46.97,367.7
2018-07-07T01:00:00Z,46.62,562.4
2018-07-07T01:30:00Z,47.97,616.95
2018-07-07T02:00:00Z,49.49,451.05
2018-07-07T02:30:00Z,47.55,408.55
2018-07-07T03:00:00Z,48.52,628.05
2018-07-07T03:30:00Z,49.89,616.05
2018-07-07T04:00:00Z,48.4,645.9
2018-07-07T04:30:00Z,48.12,783.4
2018-07-07T05:00:00Z,47.38,795.9
2018-07-07T05:30:00Z,46.86,969.9
2018-07-07T06:00:00Z,45.75,731.45
2018-07-07T06:30:00Z,48.08,424.0
2018-07-07T07:00:00Z,51.26,486.3
2018-07-07T07:30:00Z,52.56,311.65
2018-07-07T08:00:00Z,59.96,419.35
2018-07-07T08:30:00Z,65.45,515.05
2018-07-07T09:00:00Z,58.83,496.0
2018-07-07T09:30:00Z,53.38,628.05
2018-07-07T10:00:00Z,49.2,596.75
2018-07-07T10:30:00Z,48.33,572.4
2018-07-07T11:00:00Z,47.3,704.8
2018-07-07T11:30:00Z,46.96,838.25
2018-07-07T12:00:00Z,48.61,1106.45
2018-07-07T12:30:00Z,47.14,1173.1
2018-07-07T13:00:00Z,47.15,1205.25
2018-07-07T13:30:00Z,46.77,1283.75
2018-07-07T14:00:00Z,46.74,1163.75
2018-07-07T14:30:00Z,46.88,1210.55
2018-07-07T15:00:00Z,47.09,1201.45
2018-07-07T15:30:00Z,47.45,1330.0
2018-07-07T16:00:00Z,54.370000000000005,672.6
2018-07-07T16:30:00Z,57.97,671.35
2018-07-07T17:00:00Z,62.94,568.05
2018-07-07T17:30:00Z,63.68000000000001,654.2
2018-07-07T18:00:00Z,73.36,767.1
2018-07-07T18:30:00Z,74.63,594.6
2018-07-07T19:00:00Z,74.6,507.4
2018-07-07T19:30:00Z,73.79,533.9
2018-07-07T20:00:00Z,76.41,558.15
2018-07-07T20:30:00Z,74.08,808.0
2018-07-07T21:00:00Z,71.46,773.0
2018-07-07T21:30:00Z,70.65,856.35
2018-07-07T22:00:00Z,66.36,739.8
2018-07-07T22:30:00Z,65.39,507.1
2018-07-07T23:00:00Z,51.43,294.8
2018-07-07T23:30:00Z,52.49,242.75
2018-07-08T00:00:00Z,54.84,255.85
2018-07-08T00:30:00Z,51.58,260.05
2018-07-08T01:00:00Z,52.849999999999994,346.55
2018-07-08T01:30:00Z,50.64,268.5
2018-07-08T02:00:00Z,49.2,213.9
2018-07-08T02:30:00Z,49.06,256.9
2018-07-08T03:00:00Z,49.4,229.3
2018-07-08T03:30:00Z,48.66,285.55
2018-07-08T04:00:00Z,47.36,415.45
2018-07-08T04:30:00Z,48.78,371.25
2018-07-08T05:00:00Z,48.75,379.0
2018-07-08T05:30:00Z,49.57,561.7
2018-07-08T06:00:00Z,56.13,732.6
2018-07-08T06:30:00Z,54.31,582.65
2018-07-08T07:00:00Z,51.57,555.85
2018-07-08T07:30:00Z,55.650000000000006,623.95
2018-07-08T08:00:00Z,61.77,463.4
2018-07-08T08:30:00Z,63.98,397.0
2018-07-08T09:00:00Z,64.46,477.65
2018-07-08T09:30:00Z,63.11,651.5
2018-07-08T10:00:00Z,59.94,791.05
2018-07-08T10:30:00Z,59.38999999999999,773.75
2018-07-08T11:00:00Z,57.26,880.4
2018-07-08T11:30:00Z,56.52,1021.3
2018-07-08T12:00:00Z,54.97,1078.95
2018-07-08T12:30:00Z,55.64,1238.45
2018-07-08T13:00:00Z,55.3,1134.0
2018-07-08T13:30:00Z,55.03,1120.7
2018-07-08T14:00:00Z,53.62,1135.85
2018-07-08T14:30:00Z,53.95,1102.25
2018-07-08T15:00:00Z,53.88,1102.95
2018-07-08T15:30:00Z,54.69,1119.5
2018-07-08T16:00:00Z,53.25,1255.35
2018-07-08T16:30:00Z,56.1,1027.65
2018-07-08T17:00:00Z,56.08,1030.4
2018-07-08T17:30:00Z,58.06,1183.7
2018-07-08T18:00:00Z,62.29,743.4
2018-07-08T18:30:00Z,65.01,759.8
2018-07-08T19:00:00Z,68.91,916.75
2018-07-08T19:30:00Z,65.55,737.6
2018-07-08T20:00:00Z,66.25,950.75
2018-07-08T20:30:00Z,61.769999999999996,794.1
2018-07-08T21:00:00Z,64.43,875.9
2018-07-08T21:30:00Z,61.1,676.7
2018-07-08T22:00:00Z,62.18,473.0
2018-07-08T22:30:00Z,61.38,239.75
2018-07-08T23:00:00Z,50.31,335.55
2018-07-08T23:30:00Z,51.95,240.5
2018-07-09T00:00:00Z,51.20000000000001,197.0
2018-07-09T00:30:00Z,49.60999999999999,220.25
2018-07-09T01:00:00Z,49.97,190.0
2018-07-09T01:30:00Z,49.03999999999999,187.15
2018-07-09T02:00:00Z,46.86,174.5
2018-07-09T02:30:00Z,47.09,134.05
2018-07-09T03:00:00Z,46.37,297.2
2018-07-09T03:30:00Z,46.22,335.9
2018-07-09T04:00:00Z,46.42,358.4
2018-07-09T04:30:00Z,46.33,329.75
2018-07-09T05:00:00Z,46.54,486.5
2018-07-09T05:30:00Z,45.36,617.65
2018-07-09T06:00:00Z,44.91,475.55
2018-07-09T06:30:00Z,44.8,657.15
2018-07-09T07:00:00Z,46.67,607.55
2018-07-09T07:30:00Z,50.84,601.45
2018-07-09T08:00:00Z,55.11,699.5
2018-07-09T08:30:00Z,57.39,892.0
2018-07-09T09:00:00Z,56.3,845.45
2018-07-09T09:30:00Z,56.3,845.95
2018-07-09T10:00:00Z,54.12,623.7
2018-07-09T10:30:00Z,54.050000000000004,699.7
2018-07-09T11:00:00Z,54.290000000000006,753.45
2018-07-09T11:30:00Z,54.27,709.8
2018-07-09T12:00:00Z,52.4,835.05
2018-07-09T12:30:00Z,51.51,814.05
2018-07-09T13:00:00Z,51.42,845.45
2018-07-09T13:30:00Z,50.37,1087.05
2018-07-09T14:00:00Z,50.22,1196.15
2018-07-09T14:30:00Z,50.28,976.15
2018-07-09T15:00:00Z,51.52,1307.2
2018-07-09T15:30:00Z,57.160000000000004,1325.5
2018-07-09T16:00:00Z,61.00999999999999,1169.3
2018-07-09T16:30:00Z,60.38,1271.8
2018-07-09T17:00:00Z,58.52,1241.15
2018-07-09T17:30:00Z,60.53,1241.3
2018-07-09T18:00:00Z,58.72,1688.75
2018-07-09T18:30:00Z,57.38,1518.5
2018-07-09T19:00:00Z,55.36,1450.2
2018-07-09T19:30:00Z,55.04,1412.55
2018-07-09T20:00:00Z,56.379999999999995,1349.25
2018-07-09T20:30:00Z,56.69,1459.55
2018-07-09T21:00:00Z,53.45,1913.3
2018-07-09T21:30:00Z,51.7,2097.45
2018-07-09T22:00:00Z,58.93,490.4
2018-07-09T22:30:00Z,55.69,331.2
2018-07-09T23:00:00Z,49.54,331.25
2018-07-09T23:30:00Z,48.43,219.65
2018-07-10T00:00:00Z,48.41,204.6
2018-07-10T00:30:00Z,46.82,242.0
2018-07-10T01:00:00Z,48.87,283.9
2018-07-10T01:30:00Z,47.17,314.1
2018-07-10T02:00:00Z,46.33,268.5
2018-07-10T02:30:00Z,43.57,283.0
2018-07-10T03:00:00Z,45.36,374.95
2018-07-10T03:30:00Z,41.66,344.55
2018-07-10T04:00:00Z,43.08,230.9
2018-07-10T04:30:00Z,49.13,434.7
2018-07-10T05:00:00Z,59.64,526.85
2018-07-10T05:30:00Z,52.64,856.85
2018-07-10T06:00:00Z,61.84,752.95
2018-07-10T06:30:00Z,70.07,668.3
2018-07-10T07:00:00Z,69.34,854.95
2018-07-10T07:30:00Z,69.45,899.8
2018-07-10T08:00:00Z,69.3,1011.65
2018-07-10T08:30:00Z,69.19,1062.4
2018-07-10T09:00:00Z,67.62,945.5
2018-07-10T09:30:00Z,67.82,788.55
2018-07-10T10:00:00Z,59.21000000000001,771.65
2018-07-10T10:30:00Z,60.45,961.85
2018-07-10T11:00:00Z,60.15,1007.3
2018-07-10T11:30:00Z,56.69,987.15
2018-07-10T12:00:00Z,54.0,1006.7
2018-07-10T12:30:00Z,52.57,841.15
2018-07-10T13:00:00Z,51.62,919.3
2018-07-10T13:30:00Z,52.15,870.95
2018-07-10T14:00:00Z,49.21,1007.0
2018-07-10T14:30:00Z,52.33,821.2
2018-07-10T15:00:00Z,53.45,840.45
2018-07-10T15:30:00Z,60.75,985.85
2018-07-10T16:00:00Z,63.03,1123.15
2018-07-10T16:30:00Z,65.66,1066.85
2018-07-10T17:00:00Z,66.34,1070.55
2018-07-10T17:30:00Z,66.4,960.25
2018-07-10T18:00:00Z,0.0,0.0
2018-07-10T18:30:00Z,0.0,0.0
2018-07-10T19:00:00Z,60.440000000000005,753.65
2018-07-10T19:30:00Z,56.77,747.55
2018-07-10T20:00:00Z,58.54,619.55
2018-07-10T20:30:00Z,58.21,700.95
2018-07-10T21:00:00Z,57.37,781.9
2018-07-10T21:30:00Z,54.17,1200.5
2018-07-10T22:00:00Z,57.40999999999999,316.85
2018-07-10T22:30:00Z,52.19,254.3
2018-07-10T23:00:00Z,49.87,232.3
2018-07-10T23:30:00Z,40.82,235.95
2018-07-11T00:00:00Z,47.11,275.5
2018-07-11T00:30:00Z,45.09,260.1
2018-07-11T01:00:00Z,44.06,261.5
2018-07-11T01:30:00Z,44.19,328.7
2018-07-11T02:00:00Z,45.67,285.6
2018-07-11T02:30:00Z,45.79,285.95
2018-07-11T03:00:00Z,47.220000000000006,351.4
2018-07-11T03:30:00Z,45.43,310.8
2018-07-11T04:00:00Z,44.84,278.45
2018-07-11T04:30:00Z,45.2,313.7
2018-07-11T05:00:00Z,54.41,276.7
2018-07-11T05:30:00Z,54.71,689.4
2018-07-11T06:00:00Z,51.46,522.85
2018-07-11T06:30:00Z,54.46000000000001,774.5
2018-07-11T07:00:00Z,59.47,707.95
2018-07-11T07:30:00Z,59.9,734.05
2018-07-11T08:00:00Z,62.43,786.65
2018-07-11T08:30:00Z,62.21,732.4
2018-07-11T09:00:00Z,58.76,990.25
2018-07-11T09:30:00Z,57.03,961.05
2018-07-11T10:00:00Z,49.43000000000001,671.35
2018-07-11T10:30:00Z,49.1,944.45
2018-07-11T11:00:00Z,52.12,945.85
2018-07-11T11:30:00Z,50.85,878.0
2018-07-11T12:00:00Z,49.04,873.15
2018-07-11T12:30:00Z,49.330000000000005,769.4
2018-07-11T13:00:00Z,48.71,918.6
2018-07-11T13:30:00Z,49.75,1124.2
2018-07-11T14:00:00Z,56.32,924.6
2018-07-11T14:30:00Z,56.33,965.2
2018-07-11T15:00:00Z,60.2,870.85
2018-07-11T15:30:00Z,72.45,896.3
2018-07-11T16:00:00Z,72.49,877.5
2018-07-11T16:30:00Z,72.43,1242.45
2018-07-11T17:00:00Z,69.53,997.6
2018-07-11T17:30:00Z,70.03,893.9
2018-07-11T18:00:00Z,60.01,669.5
2018-07-11T18:30:00Z,57.31,630.65
2018-07-11T19:00:00Z,55.24000000000001,784.15
2018-07-11T19:30:00Z,54.64000000000001,767.55
2018-07-11T20:00:00Z,57.39000000000001,1256.55
2018-07-11T20:30:00Z,57.1,1253.75
2018-07-11T21:00:00Z,57.35,1420.55
2018-07-11T21:30:00Z,53.89,1739.65
2018-07-11T22:00:00Z,48.42,449.75
2018-07-11T22:30:00Z,51.82000000000001,344.05
2018-07-11T23:00:00Z,43.83,297.05
2018-07-11T23:30:00Z,43.599999999999994,389.35
2018-07-12T00:00:00Z,44.76,206.55
2018-07-12T00:30:00Z,44.58,160.05
2018-07-12T01:00:00Z,48.11999999999999,203.65
2018-07-12T01:30:00Z,47.510000000000005,222.8
2018-07-12T02:00:00Z,48.56,269.05
2018-07-12T02:30:00Z,47.9,216.85
2018-07-12T03:00:00Z,49.0,268.7
2018-07-12T03:30:00Z,48.65,188.7
2018-07-12T04:00:00Z,47.15,278.0
2018-07-12T04:30:00Z,48.91,295.6
2018-07-12T05:00:00Z,51.27,330.0
2018-07-12T05:30:00Z,54.69,505.7
2018-07-12T06:00:00Z,60.53,948.15
2018-07-12T06:30:00Z,67.9,525.9
2018-07-12T07:00:00Z,72.04,486.1
2018-07-12T07:30:00Z,73.82,532.05
2018-07-12T08:00:00Z,71.6,655.4
2018-07-12T08:30:00Z,71.28,692.5
2018-07-12T09:00:00Z,71.68,925.85
2018-07-12T09:30:00Z,70.83,1155.7
2018-07-12T10:00:00Z,66.06,1144.6
2018-07-12T10:30:00Z,60.93,1081.0
2018-07-12T11:00:00Z,59.71,896.0
2018-07-12T11:30:00Z,58.17,990.15
2018-07-12T12:00:00Z,53.66,1022.35
2018-07-12T12:30:00Z,52.9,1187.5
2018-07-12T13:00:00Z,52.55,1158.5
2018-07-12T13:30:00Z,51.71,1385.0
2018-07-12T14:00:00Z,62.58,1288.1
2018-07-12T14:30:00Z,63.49,1158.6
2018-07-12T15:00:00Z,63.69,1263.45
2018-07-12T15:30:00Z,71.33,1274.75
2018-07-12T16:00:00Z,77.73,1315.0
2018-07-12T16:30:00Z,78.61,1366.1
2018-07-12T17:00:00Z,80.11,1384.1
2018-07-12T17:30:00Z,81.23,1469.5
2018-07-12T18:00:00Z,79.74,1129.0
2018-07-12T18:30:00Z,75.5,1129.5
2018-07-12T19:00:00Z,75.78,1075.85
2018-07-12T19:30:00Z,66.37,1060.35
2018-07-12T20:00:00Z,63.02,864.95
2018-07-12T20:30:00Z,63.279999999999994,826.9
2018-07-12T21:00:00Z,59.8,1051.95
2018-07-12T21:30:00Z,57.78,1032.15
2018-07-12T22:00:00Z,51.72,550.65
2018-07-12T22:30:00Z,58.18,457.1
2018-07-12T23:00:00Z,49.84,202.35
2018-07-12T23:30:00Z,49.83,238.0
2018-07-13T00:00:00Z,48.89,207.05
2018-07-13T00:30:00Z,48.25,223.45
2018-07-13T01:00:00Z,48.5,208.6
2018-07-13T01:30:00Z,48.17,239.55
2018-07-13T02:00:00Z,46.93,121.0
2018-07-13T02:30:00Z,46.99,136.85
2018-07-13T03:00:00Z,47.51,182.7
2018-07-13T03:30:00Z,47.12,210.55
2018-07-13T04:00:00Z,45.49,338.3
2018-07-13T04:30:00Z,47.9,124.65
2018-07-13T05:00:00Z,45.89,258.3
2018-07-13T05:30:00Z,48.62,563.65
2018-07-13T06:00:00Z,47.61000000000001,368.85
2018-07-13T06:30:00Z,52.32,571.5
2018-07-13T07:00:00Z,56.35,301.2
2018-07-13T07:30:00Z,63.71,525.0
2018-07-13T08:00:00Z,75.74,620.5
2018-07-13T08:30:00Z,75.3,729.15
2018-07-13T09:00:00Z,74.97,785.0
2018-07-13T09:30:00Z,73.28,908.9
2018-07-13T10:00:00Z,64.72,696.6
2018-07-13T10:30:00Z,71.88,948.95
2018-07-13T11:00:00Z,73.14,886.95
2018-07-13T11:30:00Z,66.19,906.5
2018-07-13T12:00:00Z,62.61,1506.5
2018-07-13T12:30:00Z,62.050000000000004,1364.75
2018-07-13T13:00:00Z,60.57,1724.25
2018-07-13T13:30:00Z,59.63,1691.75
2018-07-13T14:00:00Z,69.33,1298.05
2018-07-13T14:30:00Z,71.77,1377.5
2018-07-13T15:00:00Z,78.06,1145.55
2018-07-13T15:30:00Z,86.29,1593.8
2018-07-13T16:00:00Z,95.69,1631.05
2018-07-13T16:30:00Z,95.17,1486.05
2018-07-13T17:00:00Z,94.57999999999998,1512.9
2018-07-13T17:30:00Z,93.8,1477.5
2018-07-13T18:00:00Z,93.1,1200.5
2018-07-13T18:30:00Z,88.48,1227.9
2018-07-13T19:00:00Z,85.99,1192.15
2018-07-13T19:30:00Z,80.95,1194.85
2018-07-13T20:00:00Z,69.28,1033.75
2018-07-13T20:30:00Z,68.11,933.05
2018-07-13T21:00:00Z,66.09,1135.65
2018-07-13T21:30:00Z,59.24999999999999,1160.35
2018-07-13T22:00:00Z,68.24,412.7
2018-07-13T22:30:00Z,75.34,308.5
2018-07-13T23:00:00Z,66.08,269.3
2018-07-13T23:30:00Z,59.32,144.3
2018-07-14T00:00:00Z,57.36999999999999,213.95
2018-07-14T00:30:00Z,56.09000000000001,302.95
2018-07-14T01:00:00Z,54.160000000000004,231.2
2018-07-14T01:30:00Z,51.96000000000001,171.4
2018-07-14T02:00:00Z,48.28,289.85
2018-07-14T02:30:00Z,48.6,244.8
2018-07-14T03:00:00Z,49.49,298.85
2018-07-14T03:30:00Z,47.89,268.15
2018-07-14T04:00:00Z,45.78,506.5
2018-07-14T04:30:00Z,46.49,577.25
2018-07-14T05:00:00Z,52.74000000000001,358.65
2018-07-14T05:30:00Z,51.05,546.35
2018-07-14T06:00:00Z,51.970000000000006,388.5
2018-07-14T06:30:00Z,64.52,319.1
2018-07-14T07:00:00Z,73.58,408.1
2018-07-14T07:30:00Z,76.37,556.8
2018-07-14T08:00:00Z,78.38,515.5
2018-07-14T08:30:00Z,77.32,616.0
2018-07-14T09:00:00Z,73.87,633.8
2018-07-14T09:30:00Z,68.14,549.95
2018-07-14T10:00:00Z,51.42,817.25
2018-07-14T10:30:00Z,48.39,928.95
2018-07-14T11:00:00Z,48.17,994.4
2018-07-14T11:30:00Z,48.54,1120.5
2018-07-14T12:00:00Z,48.19,1351.0
2018-07-14T12:30:00Z,47.58,1326.55
2018-07-14T13:00:00Z,47.52,1257.5
2018-07-14T13:30:00Z,46.83,1405.65
2018-07-14T14:00:00Z,48.8,938.0
2018-07-14T14:30:00Z,51.12,1157.0
2018-07-14T15:00:00Z,50.57,1356.0
2018-07-14T15:30:00Z,49.13999999999999,1358.0
2018-07-14T16:00:00Z,58.81,895.0
2018-07-14T16:30:00Z,63.21999999999999,887.55
2018-07-14T17:00:00Z,60.66,952.05
2018-07-14T17:30:00Z,60.67000000000001,905.5
2018-07-14T18:00:00Z,62.29,443.1
2018-07-14T18:30:00Z,63.6,652.95
2018-07-14T19:00:00Z,63.17000000000001,706.0
2018-07-14T19:30:00Z,61.46,524.6
2018-07-14T20:00:00Z,55.93,524.9
2018-07-14T20:30:00Z,55.61,521.1
2018-07-14T21:00:00Z,57.36,543.2
2018-07-14T21:30:00Z,52.89999999999999,645.7
2018-07-14T22:00:00Z,59.07,414.45
2018-07-14T22:30:00Z,60.07,182.55
2018-07-15T00:00:00Z,54.52,260.5
2018-07-15T00:30:00Z,54.66,229.2
2018-07-15T01:00:00Z,55.26,203.5
2018-07-15T01:30:00Z,52.6,295.5
2018-07-15T02:00:00Z,48.78,193.95
2018-07-15T02:30:00Z,48.75999999999999,174.5
2018-07-15T03:00:00Z,49.86,220.95
2018-07-15T03:30:00Z,47.08,277.15
2018-07-15T04:00:00Z,48.66,161.65
2018-07-15T04:30:00Z,49.82,251.25
2018-07-15T05:00:00Z,51.61,196.0
2018-07-15T05:30:00Z,53.04,246.9
2018-07-15T06:00:00Z,49.93,361.95
2018-07-15T06:30:00Z,51.18,371.55
2018-07-15T07:00:00Z,49.76,504.5
2018-07-15T07:30:00Z,51.26,513.9
2018-07-15T08:00:00Z,49.25,348.2
2018-07-15T08:30:00Z,48.24999999999999,353.7
2018-07-15T09:00:00Z,47.59000000000001,387.3
2018-07-15T09:30:00Z,47.19,440.85
2018-07-15T10:00:00Z,48.8,495.4
2018-07-15T10:30:00Z,48.53,631.25
2018-07-15T11:00:00Z,51.1,728.95
2018-07-15T11:30:00Z,50.04,751.4
2018-07-15T12:00:00Z,48.18,747.7
2018-07-15T12:30:00Z,47.52,819.05
2018-07-15T13:00:00Z,46.66,822.95
2018-07-15T13:30:00Z,46.45,902.25
2018-07-15T14:00:00Z,47.76,876.55
2018-07-15T14:30:00Z,49.38,1014.0
2018-07-15T15:00:00Z,48.54,841.55
2018-07-15T15:30:00Z,47.97,1068.35
2018-07-15T16:00:00Z,49.93,633.25
2018-07-15T16:30:00Z,48.51,780.15
2018-07-15T17:00:00Z,48.41,530.35
2018-07-15T17:30:00Z,48.23,658.85
2018-07-15T18:00:00Z,51.53,609.0
2018-07-15T18:30:00Z,52.73,687.8
2018-07-15T19:00:00Z,55.38,768.45
2018-07-15T19:30:00Z,53.44,827.45
2018-07-15T20:00:00Z,56.51,769.15
2018-07-15T20:30:00Z,56.03,827.05
2018-07-15T21:00:00Z,56.13999999999999,698.55
2018-07-15T21:30:00Z,52.79,895.25
2018-07-15T22:00:00Z,57.29,468.9
2018-07-15T22:30:00Z,53.51,573.45
2018-07-15T23:00:00Z,49.33,365.2
2018-07-15T23:30:00Z,47.98,219.45
2018-07-16T00:00:00Z,46.76,351.3
2018-07-16T00:30:00Z,46.81,310.95
2018-07-16T01:00:00Z,46.49,403.45
2018-07-16T01:30:00Z,46.43,401.95
2018-07-16T02:00:00Z,46.54,336.1
2018-07-16T02:30:00Z,46.35,318.25
2018-07-16T03:00:00Z,46.1,339.5
2018-07-16T03:30:00Z,46.330000000000005,400.5
2018-07-16T04:00:00Z,46.79,321.25
2018-07-16T04:30:00Z,47.54,309.1
2018-07-16T05:00:00Z,54.76,386.6
2018-07-16T05:30:00Z,54.65,537.9
2018-07-16T06:00:00Z,53.43999999999999,632.75
2018-07-16T06:30:00Z,69.88,520.1
2018-07-16T07:00:00Z,79.49,885.65
2018-07-16T07:30:00Z,83.32,786.4
2018-07-16T08:00:00Z,86.64,851.95
2018-07-16T08:30:00Z,80.91,1205.35
2018-07-16T09:00:00Z,77.08,825.0
2018-07-16T09:30:00Z,75.38,785.0
2018-07-16T10:00:00Z,68.29,911.3
2018-07-16T10:30:00Z,70.81,944.75
2018-07-16T11:00:00Z,72.88,1171.05
2018-07-16T11:30:00Z,71.62,1025.25
2018-07-16T12:00:00Z,70.51,1053.4
2018-07-16T12:30:00Z,63.88000000000001,883.1
2018-07-16T13:00:00Z,62.69,1023.75
2018-07-16T13:30:00Z,63.98,930.15
2018-07-16T14:00:00Z,72.02,761.75
2018-07-16T14:30:00Z,81.67000000000002,828.9
2018-07-16T15:00:00Z,85.6,1075.5
2018-07-16T15:30:00Z,91.06,1249.85
2018-07-16T16:00:00Z,89.71,1257.1
2018-07-16T16:30:00Z,92.42,1385.9
2018-07-16T17:00:00Z,91.21,1368.25
2018-07-16T17:30:00Z,88.27,1619.45
2018-07-16T18:00:00Z,83.11,988.0
2018-07-16T18:30:00Z,0.0,0.0
2018-07-16T19:00:00Z,79.56,762.2
2018-07-16T19:30:00Z,74.13,574.6
2018-07-16T20:00:00Z,64.4,436.05
2018-07-16T20:30:00Z,65.72,589.6
2018-07-16T21:00:00Z,60.32999999999999,681.0
2018-07-16T21:30:00Z,58.34,1183.4
2018-07-16T22:00:00Z,65.96,590.2
2018-07-16T22:30:00Z,64.05,353.15
2018-07-16T23:00:00Z,49.84,323.85
2018-07-16T23:30:00Z,47.28,328.65
2018-07-17T00:00:00Z,47.85,257.9
2018-07-17T00:30:00Z,47.59,346.95
2018-07-17T01:00:00Z,48.8,364.6
2018-07-17T01:30:00Z,48.470000000000006,401.4
2018-07-17T02:00:00Z,48.73,295.75
2018-07-17T02:30:00Z,47.25,285.9
2018-07-17T03:00:00Z,47.33,268.45
2018-07-17T03:30:00Z,47.17,277.45
2018-07-17T04:00:00Z,45.87,294.9
2018-07-17T04:30:00Z,44.14,372.6
2018-07-17T05:00:00Z,45.97,522.4
2018-07-17T05:30:00Z,43.37,710.6
2018-07-17T06:00:00Z,44.8,684.35
2018-07-17T06:30:00Z,46.71,550.55
2018-07-17T07:00:00Z,52.95,625.2
2018-07-17T07:30:00Z,67.17,565.25
2018-07-17T08:00:00Z,70.88,575.4
2018-07-17T08:30:00Z,67.69,794.95
2018-07-17T09:00:00Z,66.53,1098.25
2018-07-17T09:30:00Z,66.65,1210.0
2018-07-17T10:00:00Z,58.11,703.25
2018-07-17T10:30:00Z,57.93,615.15
2018-07-17T11:00:00Z,58.65999999999999,559.15
2018-07-17T11:30:00Z,58.38,532.0
2018-07-17T12:00:00Z,56.27,533.0
2018-07-17T12:30:00Z,59.92,671.5
2018-07-17T13:00:00Z,56.74,507.0
2018-07-17T13:30:00Z,61.77,820.8
2018-07-17T14:00:00Z,68.96,1139.2
2018-07-17T14:30:00Z,67.64,1157.8
2018-07-17T15:00:00Z,67.63,1113.9
2018-07-17T15:30:00Z,75.5,1254.9
2018-07-17T16:00:00Z,74.87,1513.85
2018-07-17T16:30:00Z,76.32,1696.2
2018-07-17T17:00:00Z,75.85,1655.95
2018-07-17T17:30:00Z,73.53,1567.4
2018-07-17T18:00:00Z,70.38,645.4
2018-07-17T18:30:00Z,68.06,490.15
2018-07-17T19:00:00Z,67.86,571.55
2018-07-17T19:30:00Z,62.39999999999999,652.6
2018-07-17T20:00:00Z,57.15,507.65
2018-07-17T20:30:00Z,55.56,540.4
2018-07-17T21:00:00Z,56.34,674.1
2018-07-17T21:30:00Z,52.78,1022.15
2018-07-17T22:00:00Z,56.42,683.0
2018-07-17T22:30:00Z,60.4,512.65
2018-07-17T23:00:00Z,52.6,433.6
2018-07-17T23:30:00Z,49.5,231.15
2018-07-18T00:00:00Z,49.69,498.5
2018-07-18T00:30:00Z,49.26,626.05
2018-07-18T01:00:00Z,50.18,465.5
2018-07-18T01:30:00Z,49.959999999999994,448.3
2018-07-18T02:00:00Z,51.34,492.15
2018-07-18T02:30:00Z,51.31000000000001,466.0
2018-07-18T03:00:00Z,50.72,425.85
2018-07-18T03:30:00Z,50.7,489.0
2018-07-18T04:00:00Z,50.81,430.75
2018-07-18T04:30:00Z,51.14,393.55
2018-07-18T05:00:00Z,54.45,420.5
2018-07-18T05:30:00Z,51.36,1070.85
2018-07-18T06:00:00Z,49.3,526.45
2018-07-18T06:30:00Z,59.26,541.8
2018-07-18T07:00:00Z,61.94,416.1
2018-07-18T07:30:00Z,65.88,408.75
2018-07-18T08:00:00Z,71.74,473.75
2018-07-18T08:30:00Z,72.7,593.0
2018-07-18T09:00:00Z,73.04,755.2
2018-07-18T09:30:00Z,71.82,743.5
2018-07-18T10:00:00Z,66.86,1144.0
2018-07-18T10:30:00Z,64.95,1049.0
2018-07-18T11:00:00Z,63.34,1296.95
2018-07-18T11:30:00Z,64.18,1198.3
2018-07-18T12:00:00Z,61.18,1039.65
2018-07-18T12:30:00Z,59.75,863.6
2018-07-18T13:00:00Z,59.370000000000005,833.8
2018-07-18T13:30:00Z,57.56,920.0
2018-07-18T14:00:00Z,63.44,977.3
2018-07-18T14:30:00Z,66.83,849.25
2018-07-18T15:00:00Z,67.32,942.0
2018-07-18T15:30:00Z,73.16,963.75
2018-07-18T16:00:00Z,72.88,1259.0
2018-07-18T16:30:00Z,72.67,1229.25
2018-07-18T17:00:00Z,73.96,1195.0
2018-07-18T17:30:00Z,73.92,1243.15
2018-07-18T18:00:00Z,63.65,1086.25
2018-07-18T18:30:00Z,62.36000000000001,806.7
2018-07-18T19:00:00Z,59.75,780.2
2018-07-18T19:30:00Z,56.88,995.8
2018-07-18T20:00:00Z,59.31,975.25
2018-07-18T20:30:00Z,59.49,888.65
2018-07-18T21:00:00Z,59.58,963.6
2018-07-18T21:30:00Z,55.67,1090.4
2018-07-18T22:00:00Z,55.39,338.0
2018-07-18T22:30:00Z,61.08,244.5
2018-07-18T23:00:00Z,53.89,261.9
2018-07-18T23:30:00Z,52.23,482.45
2018-07-19T00:00:00Z,55.46000000000001,181.1
2018-07-19T00:30:00Z,51.45,185.3
2018-07-19T01:00:00Z,50.19,179.0
2018-07-19T01:30:00Z,48.36,163.25
2018-07-19T02:00:00Z,48.19,406.85
2018-07-19T02:30:00Z,47.89,482.55
2018-07-19T03:00:00Z,47.72,400.85
2018-07-19T03:30:00Z,47.78,436.85
2018-07-19T04:00:00Z,47.01,281.55
2018-07-19T04:30:00Z,49.71,256.0
2018-07-19T05:00:00Z,49.18,210.6
2018-07-19T05:30:00Z,47.54,545.1
2018-07-19T06:00:00Z,51.42,705.6
2018-07-19T06:30:00Z,59.67,479.2
2018-07-19T07:00:00Z,69.32,399.95
2018-07-19T07:30:00Z,70.44,323.75
2018-07-19T08:00:00Z,73.12,548.0
2018-07-19T08:30:00Z,69.99,601.1
2018-07-19T09:00:00Z,69.42,581.3
2018-07-19T09:30:00Z,67.49,663.9
2018-07-19T10:00:00Z,60.190000000000005,709.4
2018-07-19T10:30:00Z,57.81,748.55
2018-07-19T11:00:00Z,58.14,930.3
2018-07-19T11:30:00Z,56.83,802.8
2018-07-19T12:00:00Z,53.08,795.7
2018-07-19T12:30:00Z,52.16,859.75
2018-07-19T13:00:00Z,51.27,962.5
2018-07-19T13:30:00Z,51.18,895.4
2018-07-19T14:00:00Z,56.43,1144.15
2018-07-19T14:30:00Z,57.86,1147.85
2018-07-19T15:00:00Z,60.419999999999995,976.2
2018-07-19T15:30:00Z,63.85999999999999,1102.85
2018-07-19T16:00:00Z,62.29999999999999,1105.85
2018-07-19T16:30:00Z,64.07,1174.1
2018-07-19T17:00:00Z,64.56,1127.85
2018-07-19T17:30:00Z,62.9,1271.55
2018-07-19T18:00:00Z,58.84,1133.4
2018-07-19T18:30:00Z,57.31,1235.2
2018-07-19T19:00:00Z,57.25999999999999,1206.95
2018-07-19T19:30:00Z,56.86,1243.5
2018-07-19T20:00:00Z,59.07,1343.25
2018-07-19T20:30:00Z,59.690000000000005,1495.0
2018-07-19T21:00:00Z,59.75,1685.8
2018-07-19T21:30:00Z,54.31,1994.25
2018-07-19T22:00:00Z,59.629999999999995,626.65
2018-07-19T22:30:00Z,62.09000000000001,581.05
2018-07-19T23:00:00Z,54.17,443.0
2018-07-19T23:30:00Z,50.52,265.5
2018-07-20T00:00:00Z,49.95,251.9
2018-07-20T00:30:00Z,49.849999999999994,233.4
2018-07-20T01:00:00Z,49.85,276.3
2018-07-20T01:30:00Z,48.57,236.15
2018-07-20T02:00:00Z,46.58,134.4
2018-07-20T02:30:00Z,46.64000000000001,176.7
2018-07-20T03:00:00Z,47.41,259.9
2018-07-20T03:30:00Z,47.6,167.3
2018-07-20T04:00:00Z,48.34,232.15
2018-07-20T04:30:00Z,49.24,279.05
2018-07-20T05:00:00Z,51.81,414.3
2018-07-20T05:30:00Z,49.13,569.65
2018-07-20T06:00:00Z,47.82,564.8
2018-07-20T06:30:00Z,58.0,386.25
2018-07-20T07:00:00Z,61.25,487.4
2018-07-20T07:30:00Z,61.28,900.5
2018-07-20T08:00:00Z,63.82999999999999,811.75
2018-07-20T08:30:00Z,63.55,1023.45
2018-07-20T09:00:00Z,61.28,832.9
2018-07-20T09:30:00Z,60.68,755.0
2018-07-20T10:00:00Z,58.85999999999999,614.4
2018-07-20T10:30:00Z,55.84,643.8
2018-07-20T11:00:00Z,55.11000000000001,717.5
2018-07-20T11:30:00Z,54.36,702.35
2018-07-20T12:00:00Z,52.81,842.65
2018-07-20T12:30:00Z,51.67,924.75
2018-07-20T13:00:00Z,51.61,1010.35
2018-07-20T13:30:00Z,51.66,1100.85
2018-07-20T14:00:00Z,54.84,986.9
2018-07-20T14:30:00Z,55.53,926.2
2018-07-20T15:00:00Z,57.97,844.1
2018-07-20T15:30:00Z,63.00000000000001,702.7
2018-07-20T16:00:00Z,62.82,1070.75
2018-07-20T16:30:00Z,64.97,1273.25
2018-07-20T17:00:00Z,66.04,1272.15
2018-07-20T17:30:00Z,63.7,1372.6
2018-07-20T18:00:00Z,58.36,798.85
2018-07-20T18:30:00Z,57.53000000000001,634.0
2018-07-20T19:00:00Z,55.95000000000001,715.7
2018-07-20T19:30:00Z,54.25,713.15
2018-07-20T20:00:00Z,55.17,780.55
2018-07-20T20:30:00Z,55.7,689.05
2018-07-20T21:00:00Z,54.81,935.25
2018-07-20T21:30:00Z,53.45,1066.8
2018-07-20T22:00:00Z,58.03,793.8
2018-07-20T22:30:00Z,57.57,372.25
2018-07-20T23:00:00Z,54.01,330.95
2018-07-20T23:30:00Z,48.9,273.3
2018-07-21T00:00:00Z,47.18,289.0
2018-07-21T00:30:00Z,48.86999999999999,187.75
2018-07-21T01:00:00Z,49.47,134.0
2018-07-21T01:30:00Z,46.51,82.65
2018-07-21T02:00:00Z,49.38,81.15
2018-07-21T02:30:00Z,47.540000000000006,201.9
2018-07-21T03:00:00Z,49.7,127.1
2018-07-21T03:30:00Z,49.04,179.4
2018-07-21T04:00:00Z,47.93999999999999,89.15
2018-07-21T04:30:00Z,48.14,169.5
2018-07-21T05:00:00Z,48.03,301.45
2018-07-21T05:30:00Z,49.66,675.1
2018-07-21T06:00:00Z,50.71,424.1
2018-07-21T06:30:00Z,53.1,306.85
2018-07-21T07:00:00Z,55.91,420.25
2018-07-21T07:30:00Z,67.82,496.7
2018-07-21T08:00:00Z,74.21,612.55
2018-07-21T08:30:00Z,75.22,770.55
2018-07-21T09:00:00Z,75.09,931.55
2018-07-21T09:30:00Z,72.49,826.1
2018-07-21T10:00:00Z,69.17,443.05
2018-07-21T10:30:00Z,70.49,469.5
2018-07-21T11:00:00Z,68.41,587.0
2018-07-21T11:30:00Z,61.13,641.7
2018-07-21T12:00:00Z,51.160000000000004,745.7
2018-07-21T12:30:00Z,49.37,609.3
2018-07-21T13:00:00Z,49.59,629.65
2018-07-21T13:30:00Z,50.17,557.25
2018-07-21T14:00:00Z,50.44,441.05
2018-07-21T14:30:00Z,50.68,383.3
2018-07-21T15:00:00Z,50.31,391.05
2018-07-21T15:30:00Z,51.0,410.75
2018-07-21T16:00:00Z,62.97999999999999,632.85
2018-07-21T16:30:00Z,66.97,691.0
2018-07-21T17:00:00Z,69.28,737.55
2018-07-21T17:30:00Z,65.88,746.75
2018-07-21T18:00:00Z,61.70000000000001,596.35
2018-07-21T18:30:00Z,59.830000000000005,598.75
2018-07-21T19:00:00Z,56.879999999999995,673.1
2018-07-21T19:30:00Z,55.6,678.6
2018-07-21T20:00:00Z,56.79999999999999,589.1
2018-07-21T20:30:00Z,59.23,550.95
2018-07-21T21:00:00Z,58.55,630.85
2018-07-21T21:30:00Z,53.77,926.8
2018-07-21T22:00:00Z,55.02,736.0
2018-07-21T22:30:00Z,51.11,326.8
2018-07-21T23:00:00Z,50.65,579.15
2018-07-21T23:30:00Z,48.559999999999995,476.35
2018-07-22T00:00:00Z,47.74,419.95
2018-07-22T00:30:00Z,46.94,437.65
2018-07-22T01:00:00Z,46.63,560.2
2018-07-22T01:30:00Z,46.66,575.7
2018-07-22T02:00:00Z,46.5,203.1
2018-07-22T02:30:00Z,46.64,216.45
2018-07-22T03:00:00Z,47.24,226.0
2018-07-22T03:30:00Z,46.72,266.8
2018-07-22T04:00:00Z,44.71,330.0
2018-07-22T04:30:00Z,45.71,340.6
2018-07-22T05:00:00Z,46.35999999999999,400.95
2018-07-22T05:30:00Z,46.63,460.95
2018-07-22T06:00:00Z,46.24,677.9
2018-07-22T06:30:00Z,46.85,400.2
2018-07-22T07:00:00Z,48.07,459.75
2018-07-22T07:30:00Z,47.92,516.15
2018-07-22T08:00:00Z,50.3,845.85
2018-07-22T08:30:00Z,51.85,772.1
2018-07-22T09:00:00Z,54.29,815.9
2018-07-22T09:30:00Z,54.29,882.45
2018-07-22T10:00:00Z,58.84,482.85
2018-07-22T10:30:00Z,49.7,694.5
2018-07-22T11:00:00Z,51.2,776.45
2018-07-22T11:30:00Z,50.25,540.15
2018-07-22T12:00:00Z,49.53,916.75
2018-07-22T12:30:00Z,47.39,833.5
2018-07-22T13:00:00Z,45.34,853.15
2018-07-22T13:30:00Z,43.40999999999999,967.1
2018-07-22T14:00:00Z,48.36,1033.45
2018-07-22T14:30:00Z,51.01,831.95
2018-07-22T15:00:00Z,51.14,764.0
2018-07-22T15:30:00Z,51.91,1093.25
2018-07-22T16:00:00Z,54.04,607.15
2018-07-22T16:30:00Z,56.190000000000005,723.3
2018-07-22T17:00:00Z,58.97999999999999,646.0
2018-07-22T17:30:00Z,62.93,765.95
2018-07-22T18:00:00Z,64.62,647.8
2018-07-22T18:30:00Z,67.14,694.9
2018-07-22T19:00:00Z,67.86,738.85
2018-07-22T19:30:00Z,66.31,783.2
2018-07-22T20:00:00Z,66.25,1054.8
2018-07-22T20:30:00Z,65.33,1099.4
2018-07-22T21:00:00Z,65.51,857.15
2018-07-22T21:30:00Z,63.83,1148.75
2018-07-22T22:00:00Z,56.51,491.6
2018-07-22T22:30:00Z,61.48,199.15
2018-07-22T23:00:00Z,52.05,112.95
2018-07-22T23:30:00Z,48.13,229.25
2018-07-23T00:00:00Z,48.4,473.65
2018-07-23T00:30:00Z,48.06,459.1
2018-07-23T01:00:00Z,48.26,429.95
2018-07-23T01:30:00Z,48.11,428.35
2018-07-23T02:00:00Z,48.339999999999996,346.0
2018-07-23T02:30:00Z,48.10000000000001,355.9
2018-07-23T03:00:00Z,48.209999999999994,397.5
2018-07-23T03:30:00Z,48.39,373.95
2018-07-23T04:00:00Z,48.46,229.5
2018-07-23T04:30:00Z,48.51,219.05
2018-07-23T05:00:00Z,53.160000000000004,449.0
2018-07-23T05:30:00Z,55.61,586.4
2018-07-23T06:00:00Z,50.76,384.0
2018-07-23T06:30:00Z,51.18999999999999,419.25
2018-07-23T07:00:00Z,53.61,519.95
2018-07-23T07:30:00Z,58.48,542.5
2018-07-23T08:00:00Z,63.5,689.45
2018-07-23T08:30:00Z,63.84,788.1
2018-07-23T09:00:00Z,60.34,775.8
2018-07-23T09:30:00Z,56.81,933.9
2018-07-23T10:00:00Z,52.47,590.65
2018-07-23T10:30:00Z,56.45,857.75
2018-07-23T11:00:00Z,55.86000000000001,779.95
2018-07-23T11:30:00Z,59.19,1040.75
2018-07-23T12:00:00Z,58.14,1178.55
2018-07-23T12:30:00Z,56.52,1129.75
2018-07-23T13:00:00Z,57.7,1105.3
2018-07-23T13:30:00Z,58.13,1169.35
2018-07-23T14:00:00Z,65.55,1176.7
2018-07-23T14:30:00Z,66.52,1161.7
2018-07-23T15:00:00Z,69.43,1246.1
2018-07-23T15:30:00Z,75.82,1595.0
2018-07-23T16:00:00Z,75.14,1935.35
2018-07-23T16:30:00Z,75.33999999999999,1801.85
2018-07-23T17:00:00Z,73.54,1794.4
2018-07-23T17:30:00Z,72.12,1758.85
2018-07-23T18:00:00Z,65.16,1406.7
2018-07-23T18:30:00Z,63.74,1338.05
2018-07-23T19:00:00Z,62.519999999999996,1257.95
2018-07-23T19:30:00Z,60.129999999999995,1188.8
2018-07-23T20:00:00Z,59.33,1685.15
2018-07-23T20:30:00Z,60.06,1636.0
2018-07-23T21:00:00Z,58.42,1823.1
2018-07-23T21:30:00Z,57.22,1913.3
2018-07-23T22:00:00Z,58.22,622.65
2018-07-23T22:30:00Z,55.11999999999999,629.0
2018-07-23T23:00:00Z,51.27,310.5
2018-07-23T23:30:00Z,50.2,266.6
2018-07-24T00:00:00Z,49.69,220.05
2018-07-24T00:30:00Z,49.24,331.6
2018-07-24T01:00:00Z,49.4,272.75
2018-07-24T01:30:00Z,49.0,281.15
2018-07-24T02:00:00Z,48.16,252.65
2018-07-24T02:30:00Z,47.9,223.9
2018-07-24T03:00:00Z,47.98,263.6
2018-07-24T03:30:00Z,48.16,277.5
2018-07-24T04:00:00Z,49.02,191.05
2018-07-24T04:30:00Z,51.88,146.6
2018-07-24T05:00:00Z,52.260000000000005,372.4
2018-07-24T05:30:00Z,51.92,546.7
2018-07-24T06:00:00Z,56.15,408.45
2018-07-24T06:30:00Z,63.11999999999999,665.0
2018-07-24T07:00:00Z,57.52,502.95
2018-07-24T07:30:00Z,61.8,588.2
2018-07-24T08:00:00Z,66.61,762.2
2018-07-24T08:30:00Z,65.56,723.35
2018-07-24T09:00:00Z,60.28,824.55
2018-07-24T09:30:00Z,58.17,834.1
2018-07-24T10:00:00Z,55.75,872.95
2018-07-24T10:30:00Z,55.43,1054.9
2018-07-24T11:00:00Z,57.63,921.35
2018-07-24T11:30:00Z,55.01,1050.5
2018-07-24T12:00:00Z,56.11000000000001,940.8
2018-07-24T12:30:00Z,54.39,991.7
2018-07-24T13:00:00Z,54.51,1037.2
2018-07-24T13:30:00Z,54.63,1046.35
2018-07-24T14:00:00Z,58.48,1170.8
2018-07-24T14:30:00Z,62.96999999999999,1141.9
2018-07-24T15:00:00Z,57.49,1034.0
2018-07-24T15:30:00Z,61.73,1044.3
2018-07-24T16:00:00Z,60.74,919.65
2018-07-24T16:30:00Z,60.49,924.4
2018-07-24T17:00:00Z,60.55,891.4
2018-07-24T17:30:00Z,62.32,974.4
2018-07-24T18:00:00Z,65.47,1175.0
2018-07-24T18:30:00Z,65.24,1158.2
2018-07-24T19:00:00Z,63.24,1188.85
2018-07-24T19:30:00Z,61.05,1309.35
2018-07-24T20:00:00Z,61.21,1026.7
2018-07-24T20:30:00Z,60.55,865.35
2018-07-24T21:00:00Z,57.71,1003.55
2018-07-24T21:30:00Z,55.49,1192.3
2018-07-24T22:00:00Z,64.22,366.45
2018-07-24T22:30:00Z,64.54,311.45
2018-07-24T23:00:00Z,50.22,260.6
2018-07-24T23:30:00Z,48.77,223.5
2018-07-25T00:00:00Z,49.27,346.1
2018-07-25T00:30:00Z,48.63,348.2
2018-07-25T01:00:00Z,47.92,347.9
2018-07-25T01:30:00Z,47.260000000000005,381.3
2018-07-25T02:00:00Z,45.6,196.85
2018-07-25T02:30:00Z,47.21,173.0
2018-07-25T03:00:00Z,46.92000000000001,202.5
2018-07-25T03:30:00Z,45.09,289.15
2018-07-25T04:00:00Z,49.02,317.9
2018-07-25T04:30:00Z,48.74000000000001,393.7
2018-07-25T05:00:00Z,54.06000000000001,415.7
2018-07-25T05:30:00Z,52.36,614.25
2018-07-25T06:00:00Z,51.15,599.05
2018-07-25T06:30:00Z,59.709999999999994,559.45
2018-07-25T07:00:00Z,49.86,310.85
2018-07-25T07:30:00Z,47.25,368.9
2018-07-25T08:00:00Z,54.55,632.4
2018-07-25T08:30:00Z,53.55,688.55
2018-07-25T09:00:00Z,53.910000000000004,766.35
2018-07-25T09:30:00Z,52.14,1017.05
2018-07-25T10:00:00Z,51.57,878.3
2018-07-25T10:30:00Z,51.75000000000001,852.7
2018-07-25T11:00:00Z,51.84,942.4
2018-07-25T11:30:00Z,51.01,1058.2
2018-07-25T12:00:00Z,51.29,1144.8
2018-07-25T12:30:00Z,51.52,1104.4
2018-07-25T13:00:00Z,52.45,1260.2
2018-07-25T13:30:00Z,52.11,1237.4
2018-07-25T14:00:00Z,58.68,937.1
2018-07-25T14:30:00Z,59.12,886.3
2018-07-25T15:00:00Z,56.31,1135.05
2018-07-25T15:30:00Z,62.54,1152.55
2018-07-25T16:00:00Z,66.56,893.1
2018-07-25T16:30:00Z,67.58,920.4
2018-07-25T17:00:00Z,69.92,993.65
2018-07-25T17:30:00Z,70.23,1098.05
2018-07-25T18:00:00Z,66.94,798.35
2018-07-25T18:30:00Z,63.63999999999999,452.4
2018-07-25T19:00:00Z,60.87,663.4
2018-07-25T19:30:00Z,55.6,709.6
2018-07-25T20:00:00Z,55.21,747.85
2018-07-25T20:30:00Z,58.19,555.05
2018-07-25T21:00:00Z,58.09,667.6
2018-07-25T21:30:00Z,51.61,974.05
2018-07-25T22:00:00Z,55.78,568.45
2018-07-25T22:30:00Z,59.94,421.6
2018-07-25T23:00:00Z,48.31,297.0
2018-07-25T23:30:00Z,47.04,295.0
2018-07-26T00:00:00Z,46.54,274.3
2018-07-26T00:30:00Z,48.12,363.5
2018-07-26T01:00:00Z,47.86,355.75
2018-07-26T01:30:00Z,47.85000000000001,342.95
2018-07-26T02:00:00Z,46.07,181.85
2018-07-26T02:30:00Z,45.25,240.5
2018-07-26T03:00:00Z,46.08,190.75
2018-07-26T03:30:00Z,45.15,244.25
2018-07-26T04:00:00Z,49.55,157.8
2018-07-26T04:30:00Z,48.79,244.5
2018-07-26T05:00:00Z,59.64000000000001,409.25
2018-07-26T05:30:00Z,55.89,540.1
2018-07-26T06:00:00Z,58.97999999999999,695.05
2018-07-26T06:30:00Z,74.02,558.35
2018-07-26T07:00:00Z,71.7,750.05
2018-07-26T07:30:00Z,72.33,687.85
2018-07-26T08:00:00Z,67.42,911.4
2018-07-26T08:30:00Z,65.96,1007.85
2018-07-26T09:00:00Z,64.62,1137.75
2018-07-26T09:30:00Z,64.4,1173.7
2018-07-26T10:00:00Z,61.94,929.55
2018-07-26T10:30:00Z,61.41,1022.1
2018-07-26T11:00:00Z,61.6,922.55
2018-07-26T11:30:00Z,60.31,891.7
2018-07-26T12:00:00Z,62.96,1032.5
2018-07-26T12:30:00Z,62.05,984.2
2018-07-26T13:00:00Z,62.36,1099.85
2018-07-26T13:30:00Z,63.00000000000001,1180.9
2018-07-26T14:00:00Z,68.38,1008.75
2018-07-26T14:30:00Z,69.51,1115.75
2018-07-26T15:00:00Z,66.91,1376.25
2018-07-26T15:30:00Z,72.97,1415.9
2018-07-26T16:00:00Z,74.48,1271.2
2018-07-26T16:30:00Z,75.51,1340.85
2018-07-26T17:00:00Z,72.8,1311.05
2018-07-26T17:30:00Z,73.92,1425.1
2018-07-26T18:00:00Z,72.41,802.25
2018-07-26T18:30:00Z,71.6,659.5
2018-07-26T19:00:00Z,72.38,720.9
2018-07-26T19:30:00Z,71.86,635.15
2018-07-26T20:00:00Z,74.42,621.2
2018-07-26T20:30:00Z,74.63,619.1
2018-07-26T21:00:00Z,72.71,826.4
2018-07-26T21:30:00Z,66.95,860.5
2018-07-26T22:00:00Z,53.78,648.75
2018-07-26T22:30:00Z,54.22,531.3
2018-07-26T23:00:00Z,52.92,490.75
2018-07-26T23:30:00Z,50.99,530.7
2018-07-27T00:00:00Z,50.28,587.25
2018-07-27T00:30:00Z,50.6,595.2
2018-07-27T01:00:00Z,50.84,581.0
2018-07-27T01:30:00Z,50.1,612.35
2018-07-27T02:00:00Z,50.96,535.4
2018-07-27T02:30:00Z,51.22,394.85
2018-07-27T03:00:00Z,50.739999999999995,429.0
2018-07-27T03:30:00Z,49.86,492.3
2018-07-27T04:00:00Z,49.699999999999996,681.75
2018-07-27T04:30:00Z,48.93,528.35
2018-07-27T05:00:00Z,49.18,662.1
2018-07-27T05:30:00Z,49.28,1035.0
2018-07-27T06:00:00Z,51.39,997.35
2018-07-27T06:30:00Z,56.779999999999994,821.0
2018-07-27T07:00:00Z,57.46,963.55
2018-07-27T07:30:00Z,61.55,1163.3
2018-07-27T08:00:00Z,72.2,876.3
2018-07-27T08:30:00Z,77.0,1001.65
2018-07-27T09:00:00Z,76.14,1296.35
2018-07-27T09:30:00Z,73.55,1418.45
2018-07-27T10:00:00Z,67.42,1346.0
2018-07-27T10:30:00Z,64.24,1062.7
2018-07-27T11:00:00Z,61.989999999999995,1078.65
2018-07-27T11:30:00Z,59.23,1182.45
2018-07-27T12:00:00Z,55.37,1596.45
2018-07-27T12:30:00Z,56.25,1481.0
2018-07-27T13:00:00Z,56.7,1635.1
2018-07-27T13:30:00Z,56.64999999999999,1580.25
2018-07-27T14:00:00Z,67.82,819.4
2018-07-27T14:30:00Z,69.45,807.95
2018-07-27T15:00:00Z,71.07,937.15
2018-07-27T15:30:00Z,74.71,1079.7
2018-07-27T16:00:00Z,72.99,1478.7
2018-07-27T16:30:00Z,72.53,1448.65
2018-07-27T17:00:00Z,73.79,1613.1
2018-07-27T17:30:00Z,73.82,1614.65
2018-07-27T18:00:00Z,73.42,766.45
2018-07-27T18:30:00Z,70.96,612.45
2018-07-27T19:00:00Z,62.96,651.3
2018-07-27T19:30:00Z,56.870000000000005,745.45
2018-07-27T20:00:00Z,59.41,1024.5
2018-07-27T20:30:00Z,61.26,1018.4
2018-07-27T21:00:00Z,57.07000000000001,1294.5
2018-07-27T21:30:00Z,51.95,1748.1
2018-07-27T22:00:00Z,62.540000000000006,794.45
2018-07-27T22:30:00Z,60.99,680.6
2018-07-27T23:00:00Z,50.34,385.4
2018-07-27T23:30:00Z,40.87,514.6
2018-07-28T00:00:00Z,44.79,652.75
2018-07-28T00:30:00Z,47.14,569.65
2018-07-28T01:00:00Z,36.31,633.25
2018-07-28T01:30:00Z,36.61,606.7
2018-07-28T02:00:00Z,34.93,785.0
2018-07-28T02:30:00Z,35.79,950.65
2018-07-28T03:00:00Z,35.14,796.2
2018-07-28T03:30:00Z,33.69,839.0
2018-07-28T04:00:00Z,36.31,702.55
2018-07-28T04:30:00Z,36.19,766.1
2018-07-28T05:00:00Z,35.68,787.1
2018-07-28T05:30:00Z,35.54,823.1
2018-07-28T06:00:00Z,32.45,1031.8
2018-07-28T06:30:00Z,34.57,1069.5
2018-07-28T07:00:00Z,35.89,913.5
2018-07-28T07:30:00Z,31.210000000000004,1087.0
2018-07-28T08:00:00Z,37.74,1147.6
2018-07-28T08:30:00Z,32.86,1227.8
2018-07-28T09:00:00Z,29.769999999999996,1268.55
2018-07-28T09:30:00Z,28.189999999999998,1268.25
2018-07-28T10:00:00Z,29.46,1632.15
2018-07-28T10:30:00Z,29.02,1713.05
2018-07-28T11:00:00Z,28.46,1876.8
2018-07-28T11:30:00Z,27.82,1973.05
2018-07-28T12:00:00Z,27.38,1986.75
2018-07-28T12:30:00Z,26.48,2034.55
2018-07-28T13:00:00Z,26.47,1999.65
2018-07-28T13:30:00Z,25.18,1987.0
2018-07-28T14:00:00Z,25.08,1538.85
2018-07-28T14:30:00Z,24.56,1603.2
2018-07-28T15:00:00Z,28.0,1938.2
2018-07-28T15:30:00Z,35.07,1786.65
2018-07-28T16:00:00Z,42.0,2387.4
2018-07-28T16:30:00Z,46.65,2635.35
2018-07-28T17:00:00Z,45.16,2480.8
2018-07-28T17:30:00Z,47.98,2738.2
2018-07-28T18:00:00Z,44.78,2012.6
2018-07-28T18:30:00Z,44.39,2085.0
2018-07-28T19:00:00Z,44.84,2041.0
2018-07-28T19:30:00Z,44.77,2095.1
2018-07-28T20:00:00Z,44.24,2208.1
2018-07-28T20:30:00Z,44.42,2122.75
2018-07-28T21:00:00Z,44.01,2220.05
2018-07-28T21:30:00Z,41.83,2451.2
2018-07-28T22:00:00Z,15.12,647.05
2018-07-28T22:30:00Z,13.71,660.25
2018-07-28T23:00:00Z,15.67,556.95
2018-07-28T23:30:00Z,14.77,699.05
2018-07-29T00:00:00Z,22.3,895.75
2018-07-29T00:30:00Z,21.59,925.25
2018-07-29T01:00:00Z,23.3,879.6
2018-07-29T01:30:00Z,23.82,889.3
2018-07-29T02:00:00Z,33.18,755.95
2018-07-29T02:30:00Z,31.73,727.5
2018-07-29T03:00:00Z,32.41,743.6
2018-07-29T03:30:00Z,33.67,793.1
2018-07-29T04:00:00Z,38.87,567.65
2018-07-29T04:30:00Z,38.26,645.4
2018-07-29T05:00:00Z,37.83,561.65
2018-07-29T05:30:00Z,39.06,551.9
2018-07-29T06:00:00Z,46.93,1348.65
2018-07-29T06:30:00Z,56.31,1128.2
2018-07-29T07:00:00Z,51.07,1155.15
2018-07-29T07:30:00Z,57.07,1108.1
2018-07-29T08:00:00Z,54.09,1354.0
2018-07-29T08:30:00Z,54.790000000000006,1251.9
2018-07-29T09:00:00Z,57.89999999999999,1363.6
2018-07-29T09:30:00Z,57.93999999999999,1289.5
2018-07-29T10:00:00Z,61.98,1436.7
2018-07-29T10:30:00Z,60.540000000000006,1254.0
2018-07-29T11:00:00Z,60.66,1291.0
2018-07-29T11:30:00Z,59.989999999999995,1425.15
2018-07-29T12:00:00Z,56.879999999999995,1268.15
2018-07-29T12:30:00Z,56.63000000000001,1227.0
2018-07-29T13:00:00Z,57.10999999999999,1227.5
2018-07-29T13:30:00Z,54.11,1456.45
2018-07-29T14:00:00Z,53.09,919.45
2018-07-29T14:30:00Z,51.85,977.1
2018-07-29T15:00:00Z,52.16,1021.85
2018-07-29T15:30:00Z,60.67000000000001,1165.95
2018-07-29T16:00:00Z,67.63,1198.0
2018-07-29T16:30:00Z,70.56,1006.8
2018-07-29T17:00:00Z,70.84,867.25
2018-07-29T17:30:00Z,74.25,1043.5
2018-07-29T18:00:00Z,76.56,990.05
2018-07-29T18:30:00Z,75.5,922.3
2018-07-29T19:00:00Z,77.45,1067.35
2018-07-29T19:30:00Z,72.19,1193.55
2018-07-29T20:00:00Z,74.72,1142.15
2018-07-29T20:30:00Z,73.37,1107.15
2018-07-29T21:00:00Z,75.1,1299.05
2018-07-29T21:30:00Z,70.42,1514.4
2018-07-29T22:00:00Z,65.24,636.4
2018-07-29T22:30:00Z,65.45,398.85
2018-07-29T23:00:00Z,58.52,552.45
2018-07-29T23:30:00Z,57.18,509.2
2018-07-30T00:00:00Z,50.08,505.2
2018-07-30T00:30:00Z,49.720000000000006,675.95
2018-07-30T01:00:00Z,50.21999999999999,712.35
2018-07-30T01:30:00Z,51.46,650.55
2018-07-30T02:00:00Z,51.39,671.35
2018-07-30T02:30:00Z,51.22,657.9
2018-07-30T03:00:00Z,52.89,688.3
2018-07-30T03:30:00Z,52.849999999999994,681.55
2018-07-30T04:00:00Z,54.39,674.35
2018-07-30T04:30:00Z,57.13,658.0
2018-07-30T05:00:00Z,60.45,940.45
2018-07-30T05:30:00Z,51.419999999999995,1298.5
2018-07-30T06:00:00Z,55.04,897.35
2018-07-30T06:30:00Z,62.00000000000001,755.6
2018-07-30T07:00:00Z,53.78999999999999,735.25
2018-07-30T07:30:00Z,62.38999999999999,804.8
2018-07-30T08:00:00Z,60.83,904.55
2018-07-30T08:30:00Z,58.75,855.1
2018-07-30T09:00:00Z,58.49,845.05
2018-07-30T09:30:00Z,56.22,1089.4
2018-07-30T10:00:00Z,50.51,1545.45
2018-07-30T10:30:00Z,53.68999999999999,1413.15
2018-07-30T11:00:00Z,54.779999999999994,1560.6
2018-07-30T11:30:00Z,53.95,1635.0
2018-07-30T12:00:00Z,53.6,1469.45
2018-07-30T12:30:00Z,53.19,1550.0
2018-07-30T13:00:00Z,53.56,1560.5
2018-07-30T13:30:00Z,54.46,1877.9
2018-07-30T14:00:00Z,65.53,1426.4
2018-07-30T14:30:00Z,65.51,1307.8
2018-07-30T15:00:00Z,64.67,1318.0
2018-07-30T15:30:00Z,70.16,1192.55
2018-07-30T16:00:00Z,75.82,1267.55
2018-07-30T16:30:00Z,77.88,1538.85
2018-07-30T17:00:00Z,77.8,1568.65
2018-07-30T17:30:00Z,77.62,1634.4
2018-07-30T18:00:00Z,68.66,938.4
2018-07-30T18:30:00Z,65.86,879.45
2018-07-30T19:00:00Z,65.31,983.9
2018-07-30T19:30:00Z,62.42999999999999,1101.2
2018-07-30T20:00:00Z,59.77,1174.55
2018-07-30T20:30:00Z,59.31,1069.25
2018-07-30T21:00:00Z,56.24000000000001,1422.5
2018-07-30T21:30:00Z,54.33,1845.2
2018-07-30T22:00:00Z,45.14,662.9
2018-07-30T22:30:00Z,49.42999999999999,459.05
2018-07-30T23:00:00Z,47.9,286.9
2018-07-30T23:30:00Z,47.93,268.4
2018-07-31T00:00:00Z,48.02,349.65
2018-07-31T00:30:00Z,47.11,343.15
2018-07-31T01:00:00Z,45.87,422.85
2018-07-31T01:30:00Z,46.129999999999995,403.0
2018-07-31T02:00:00Z,43.57,496.75
2018-07-31T02:30:00Z,43.18,548.4
2018-07-31T03:00:00Z,43.83,535.9
2018-07-31T03:30:00Z,43.9,555.75
2018-07-31T04:00:00Z,43.47,638.8
2018-07-31T04:30:00Z,44.37,522.55
2018-07-31T05:00:00Z,58.379999999999995,824.35
2018-07-31T05:30:00Z,55.47,995.95
2018-07-31T06:00:00Z,55.77,929.9
2018-07-31T06:30:00Z,68.05,510.85
2018-07-31T07:00:00Z,71.19,511.85
2018-07-31T07:30:00Z,73.3,743.5
2018-07-31T08:00:00Z,59.09,875.75
2018-07-31T08:30:00Z,55.01,1091.6
2018-07-31T09:00:00Z,50.12,1069.2
2018-07-31T09:30:00Z,49.83,1273.4
2018-07-31T10:00:00Z,46.28,1773.4
2018-07-31T10:30:00Z,46.64,1741.8
2018-07-31T11:00:00Z,46.480000000000004,1676.5
2018-07-31T11:30:00Z,46.03,1601.75
2018-07-31T12:00:00Z,46.040000000000006,1558.75
2018-07-31T12:30:00Z,45.849999999999994,1498.3
2018-07-31T13:00:00Z,45.91,1547.1
2018-07-31T13:30:00Z,45.77,1638.45
2018-07-31T14:00:00Z,49.75,1306.35
2018-07-31T14:30:00Z,50.61,1209.2
2018-07-31T15:00:00Z,51.15999999999999,1298.75
2018-07-31T15:30:00Z,52.64,1075.25
2018-07-31T16:00:00Z,55.02,1312.4
2018-07-31T16:30:00Z,56.01,1426.4
2018-07-31T17:00:00Z,56.72,1385.35
2018-07-31T17:30:00Z,57.260000000000005,1306.5
2018-07-31T18:00:00Z,56.46,1234.75
2018-07-31T18:30:00Z,55.8,1132.95
2018-07-31T19:00:00Z,55.95,1125.05
2018-07-31T19:30:00Z,55.46,1164.25
2018-07-31T20:00:00Z,56.59000000000001,955.05
2018-07-31T20:30:00Z,55.79,1122.75
2018-07-31T21:00:00Z,55.29,1263.55
2018-07-31T21:30:00Z,53.25,1492.15
2018-07-31T22:00:00Z,46.16,625.85
2018-07-31T22:30:00Z,46.35,616.1
2018-07-31T23:00:00Z,41.82,619.45
2018-07-31T23:30:00Z,42.06,735.25
2018-08-01T00:00:00Z,43.36,750.4
2018-08-01T00:30:00Z,43.029999999999994,796.4
2018-08-01T01:00:00Z,43.16,693.35
2018-08-01T01:30:00Z,43.04,735.8
2018-08-01T02:00:00Z,42.49,638.4
2018-08-01T02:30:00Z,42.63,611.3
2018-08-01T03:00:00Z,43.56,599.45
2018-08-01T03:30:00Z,44.13,583.8
2018-08-01T04:00:00Z,49.02,430.55
2018-08-01T04:30:00Z,48.97,574.75
2018-08-01T05:00:00Z,51.38,1027.0
2018-08-01T05:30:00Z,49.07,1037.15
2018-08-01T06:00:00Z,56.18000000000001,810.0
2018-08-01T06:30:00Z,63.540000000000006,851.25
2018-08-01T07:00:00Z,53.19,720.35
2018-08-01T07:30:00Z,53.309999999999995,763.0
2018-08-01T08:00:00Z,54.09,870.85
2018-08-01T08:30:00Z,52.07,952.45
2018-08-01T09:00:00Z,50.85,1208.15
2018-08-01T09:30:00Z,51.29,1115.85
2018-08-01T10:00:00Z,52.33,1251.85
2018-08-01T10:30:00Z,54.22,1291.1
2018-08-01T11:00:00Z,56.32,1500.5
2018-08-01T11:30:00Z,54.14000000000001,1517.6
2018-08-01T12:00:00Z,53.95,1555.5
2018-08-01T12:30:00Z,53.470000000000006,1541.0
2018-08-01T13:00:00Z,53.32,1647.5
2018-08-01T13:30:00Z,53.09,1712.75
2018-08-01T14:00:00Z,61.010000000000005,1375.4
2018-08-01T14:30:00Z,60.87,1375.0
2018-08-01T15:00:00Z,58.36,1523.9
2018-08-01T15:30:00Z,62.4,1628.95
2018-08-01T16:00:00Z,68.01,1404.6
2018-08-01T16:30:00Z,68.73,1469.8
2018-08-01T17:00:00Z,68.59,1377.0
2018-08-01T17:30:00Z,66.0,1557.8
2018-08-01T18:00:00Z,58.83,1605.0
2018-08-01T18:30:00Z,57.43,1705.45
2018-08-01T19:00:00Z,57.2,1772.9
2018-08-01T19:30:00Z,56.63,1838.9
2018-08-01T20:00:00Z,56.25,1926.8
2018-08-01T20:30:00Z,56.91,1836.95
2018-08-01T21:00:00Z,54.779999999999994,1697.4
2018-08-01T21:30:00Z,53.66,2029.45
2018-08-01T22:00:00Z,54.86000000000001,918.35
2018-08-01T22:30:00Z,57.32,526.05
2018-08-01T23:00:00Z,50.99,512.2
2018-08-01T23:30:00Z,50.11,285.65
2018-08-02T00:00:00Z,44.74,429.95
2018-08-02T00:30:00Z,45.88,339.45
2018-08-02T01:00:00Z,45.86,371.65
2018-08-02T01:30:00Z,45.96,351.5
2018-08-02T02:00:00Z,46.46,544.5
2018-08-02T02:30:00Z,47.38,594.75
2018-08-02T03:00:00Z,47.56,639.25
2018-08-02T03:30:00Z,48.65,723.35
2018-08-02T04:00:00Z,52.29,450.3
2018-08-02T04:30:00Z,51.42,607.75
2018-08-02T05:00:00Z,56.16,909.15
2018-08-02T05:30:00Z,47.22,1271.15
2018-08-02T06:00:00Z,55.089999999999996,786.2
2018-08-02T06:30:00Z,60.82999999999999,612.9
2018-08-02T07:00:00Z,50.19,697.1
2018-08-02T07:30:00Z,50.14,667.65
2018-08-02T08:00:00Z,52.64,782.55
2018-08-02T08:30:00Z,52.39,839.7
2018-08-02T09:00:00Z,52.88,1003.35
2018-08-02T09:30:00Z,53.89000000000001,961.2
2018-08-02T10:00:00Z,56.63,788.55
2018-08-02T10:30:00Z,55.800000000000004,843.95
2018-08-02T11:00:00Z,55.28,906.0
2018-08-02T11:30:00Z,53.74,1099.25
2018-08-02T12:00:00Z,52.35000000000001,1471.15
2018-08-02T12:30:00Z,52.73,1257.85
2018-08-02T13:00:00Z,52.81,1286.75
2018-08-02T13:30:00Z,52.58,1433.0
2018-08-02T14:00:00Z,59.48,1101.7
2018-08-02T14:30:00Z,61.35,1011.15
2018-08-02T15:00:00Z,62.04,985.05
2018-08-02T15:30:00Z,65.84,1035.15
2018-08-02T16:00:00Z,66.18,1155.85
2018-08-02T16:30:00Z,66.72,1135.75
2018-08-02T17:00:00Z,65.1,1250.1
2018-08-02T17:30:00Z,66.95,1318.45
2018-08-02T18:00:00Z,68.45,1186.5
2018-08-02T18:30:00Z,65.85,926.25
2018-08-02T19:00:00Z,66.85,1109.75
2018-08-02T19:30:00Z,64.38,1136.45
2018-08-02T20:00:00Z,63.94,1316.05
2018-08-02T20:30:00Z,60.81,1332.85
2018-08-02T21:00:00Z,59.06,1353.3
2018-08-02T21:30:00Z,55.93,1568.45
2018-08-02T22:00:00Z,49.62,713.25
2018-08-02T22:30:00Z,53.0,439.8
2018-08-02T23:00:00Z,50.75,584.75
2018-08-02T23:30:00Z,50.29,459.3
2018-08-03T00:00:00Z,46.87,383.25
2018-08-03T00:30:00Z,46.45,436.9
2018-08-03T01:00:00Z,46.9,346.65
2018-08-03T01:30:00Z,46.4,438.1
2018-08-03T02:00:00Z,47.699999999999996,374.55
2018-08-03T02:30:00Z,47.669999999999995,368.6
2018-08-03T03:00:00Z,47.53,417.5
2018-08-03T03:30:00Z,47.59,454.05
2018-08-03T04:00:00Z,52.33,574.95
2018-08-03T04:30:00Z,51.94,642.2
2018-08-03T05:00:00Z,61.38,768.0
2018-08-03T05:30:00Z,50.23,1278.5
2018-08-03T06:00:00Z,55.65,907.65
2018-08-03T06:30:00Z,73.48,625.65
2018-08-03T07:00:00Z,67.03,867.35
2018-08-03T07:30:00Z,75.86,974.9
2018-08-03T08:00:00Z,72.05,908.65
2018-08-03T08:30:00Z,72.15,1234.7
2018-08-03T09:00:00Z,70.56,1275.75
2018-08-03T09:30:00Z,67.7,1420.6
2018-08-03T10:00:00Z,65.39,760.45
2018-08-03T10:30:00Z,62.09,767.75
2018-08-03T11:00:00Z,60.44,709.65
2018-08-03T11:30:00Z,59.68000000000001,637.15
2018-08-03T12:00:00Z,57.5,882.6
2018-08-03T12:30:00Z,57.75,876.5
2018-08-03T13:00:00Z,58.06,1003.5
2018-08-03T13:30:00Z,57.61,996.0
2018-08-03T14:00:00Z,65.23,1314.5
2018-08-03T14:30:00Z,66.11,1327.45
2018-08-03T15:00:00Z,64.24,1369.0
2018-08-03T15:30:00Z,65.99,1394.7
2018-08-03T16:00:00Z,66.81,1574.0
2018-08-03T16:30:00Z,67.95,1653.45
2018-08-03T17:00:00Z,69.85,1700.0
2018-08-03T17:30:00Z,68.64,1606.65
2018-08-03T18:00:00Z,68.6,1103.35
2018-08-03T18:30:00Z,65.27,779.6
2018-08-03T19:00:00Z,68.99,943.75
2018-08-03T19:30:00Z,63.08,990.25
2018-08-03T20:00:00Z,68.85,764.5
2018-08-03T20:30:00Z,67.52,804.4
2018-08-03T21:00:00Z,59.66,845.8
2018-08-03T21:30:00Z,56.89,1033.05
2018-08-03T22:00:00Z,53.8,587.95
2018-08-03T22:30:00Z,59.199999999999996,446.15
2018-08-03T23:00:00Z,56.13,498.55
2018-08-03T23:30:00Z,54.41,458.55
2018-08-04T00:00:00Z,53.47,551.3
2018-08-04T00:30:00Z,54.2,430.3
2018-08-04T01:00:00Z,53.2,559.3
2018-08-04T01:30:00Z,51.85,553.05
2018-08-04T02:00:00Z,50.0,484.75
2018-08-04T02:30:00Z,50.52,432.7
2018-08-04T03:00:00Z,50.43,311.3
2018-08-04T03:30:00Z,50.27,340.1
2018-08-04T04:00:00Z,48.65,423.8
2018-08-04T04:30:00Z,48.25000000000001,440.05
2018-08-04T05:00:00Z,48.45,665.5
2018-08-04T05:30:00Z,48.87,636.5
2018-08-04T06:00:00Z,56.75,446.25
2018-08-04T06:30:00Z,63.88000000000001,306.0
2018-08-04T07:00:00Z,64.75,455.0
2018-08-04T07:30:00Z,65.16,394.5
2018-08-04T08:00:00Z,70.43,426.5
2018-08-04T08:30:00Z,72.07,502.05
2018-08-04T09:00:00Z,73.72,665.3
2018-08-04T09:30:00Z,70.1,711.0
2018-08-04T10:00:00Z,63.07,580.45
2018-08-04T10:30:00Z,61.61,569.2
2018-08-04T11:00:00Z,58.23,613.45
2018-08-04T11:30:00Z,54.25000000000001,669.2
2018-08-04T12:00:00Z,50.22,672.65
2018-08-04T12:30:00Z,49.12,671.95
2018-08-04T13:00:00Z,47.6,723.7
2018-08-04T13:30:00Z,40.46,1176.65
2018-08-04T14:00:00Z,43.43,1224.15
2018-08-04T14:30:00Z,43.86,1211.7
2018-08-04T15:00:00Z,43.11,1535.1
2018-08-04T15:30:00Z,46.65,1352.3
2018-08-04T16:00:00Z,54.85,1124.85
2018-08-04T16:30:00Z,56.72,1024.2
2018-08-04T17:00:00Z,57.3,1087.1
2018-08-04T17:30:00Z,59.15,1048.55
2018-08-04T18:00:00Z,71.72,879.6
2018-08-04T18:30:00Z,70.46,802.15
2018-08-04T19:00:00Z,71.43,883.4
2018-08-04T19:30:00Z,71.16,881.4
2018-08-04T20:00:00Z,73.65,987.5
2018-08-04T20:30:00Z,73.71,850.6
2018-08-04T21:00:00Z,72.34,729.5
2018-08-04T21:30:00Z,67.16,934.35
2018-08-04T22:00:00Z,62.56,435.75
2018-08-04T22:30:00Z,59.22,209.9
2018-08-04T23:00:00Z,60.06,215.15
2018-08-04T23:30:00Z,54.56,293.6
2018-08-05T00:00:00Z,48.08,338.15
2018-08-05T00:30:00Z,47.17,146.55
2018-08-05T01:00:00Z,47.04,166.2
2018-08-05T01:30:00Z,46.21,155.5
2018-08-05T02:00:00Z,44.64,318.0
2018-08-05T02:30:00Z,44.55,318.05
2018-08-05T03:00:00Z,45.29,393.55
2018-08-05T03:30:00Z,46.04,356.1
2018-08-05T04:00:00Z,45.97,169.85
2018-08-05T04:30:00Z,47.01,166.0
2018-08-05T05:00:00Z,46.83,154.3
2018-08-05T05:30:00Z,47.2,301.85
2018-08-05T06:00:00Z,48.04,450.9
2018-08-05T06:30:00Z,52.62,569.0
2018-08-05T07:00:00Z,49.05,514.45
2018-08-05T07:30:00Z,48.94,603.4
2018-08-05T08:00:00Z,56.53,603.05
2018-08-05T08:30:00Z,55.22,642.7
2018-08-05T09:00:00Z,55.46,769.25
2018-08-05T09:30:00Z,53.9,869.6
2018-08-05T10:00:00Z,48.45,667.8
2018-08-05T10:30:00Z,48.11,696.05
2018-08-05T11:00:00Z,48.78,788.65
2018-08-05T11:30:00Z,49.26,754.25
2018-08-05T12:00:00Z,45.26,893.95
2018-08-05T12:30:00Z,44.21,951.6
2018-08-05T13:00:00Z,44.01,977.6
2018-08-05T13:30:00Z,43.6,1101.1
2018-08-05T14:00:00Z,44.17,685.7
2018-08-05T14:30:00Z,44.6,683.25
2018-08-05T15:00:00Z,44.76,695.95
2018-08-05T15:30:00Z,46.87,726.35
2018-08-05T16:00:00Z,60.720000000000006,586.55
2018-08-05T16:30:00Z,61.56999999999999,547.15
2018-08-05T17:00:00Z,59.62,619.25
2018-08-05T17:30:00Z,60.400000000000006,662.25
2018-08-05T18:00:00Z,61.76,619.65
2018-08-05T18:30:00Z,61.23,623.05
2018-08-05T19:00:00Z,65.48,696.25
2018-08-05T19:30:00Z,65.76,802.75
2018-08-05T20:00:00Z,65.45,783.65
2018-08-05T20:30:00Z,64.77,755.65
2018-08-05T21:00:00Z,60.11,1044.2
2018-08-05T21:30:00Z,59.330000000000005,1370.05
2018-08-05T22:00:00Z,53.51,668.0
2018-08-05T22:30:00Z,53.27000000000001,446.7
2018-08-05T23:00:00Z,50.05,545.55
2018-08-05T23:30:00Z,48.67,671.2
2018-08-06T00:00:00Z,47.76,493.75
2018-08-06T00:30:00Z,46.39,599.6
2018-08-06T01:00:00Z,45.57,631.0
2018-08-06T01:30:00Z,45.11,548.5
2018-08-06T02:00:00Z,45.15,452.6
2018-08-06T02:30:00Z,44.91,452.4
2018-08-06T03:00:00Z,44.89,517.1
2018-08-06T03:30:00Z,44.67,392.85
2018-08-06T04:00:00Z,50.93,499.95
2018-08-06T04:30:00Z,50.32,507.75
2018-08-06T05:00:00Z,56.64,966.6
2018-08-06T05:30:00Z,51.63000000000001,987.25
2018-08-06T06:00:00Z,50.5,1175.5
2018-08-06T06:30:00Z,51.47,989.65
2018-08-06T07:00:00Z,48.98,896.65
2018-08-06T07:30:00Z,49.82,863.45
2018-08-06T08:00:00Z,50.59,841.6
2018-08-06T08:30:00Z,52.71,937.7
2018-08-06T09:00:00Z,53.0,902.0
2018-08-06T09:30:00Z,50.99000000000001,970.5
2018-08-06T10:00:00Z,53.59,868.6
2018-08-06T10:30:00Z,51.33,929.4
2018-08-06T11:00:00Z,52.23,836.35
2018-08-06T11:30:00Z,51.05,1106.75
2018-08-06T12:00:00Z,50.85,1240.1
2018-08-06T12:30:00Z,51.26,1161.1
2018-08-06T13:00:00Z,51.33,1190.2
2018-08-06T13:30:00Z,51.31,1169.85
2018-08-06T14:00:00Z,56.370000000000005,1223.8
2018-08-06T14:30:00Z,59.33,1067.8
2018-08-06T15:00:00Z,58.64000000000001,1182.55
2018-08-06T15:30:00Z,64.96,1285.1
2018-08-06T16:00:00Z,67.71,1197.25
2018-08-06T16:30:00Z,70.41,1330.6
2018-08-06T17:00:00Z,72.37,1457.8
2018-08-06T17:30:00Z,73.13,1564.75
2018-08-06T18:00:00Z,70.05,905.8
2018-08-06T18:30:00Z,69.34,777.4
2018-08-06T19:00:00Z,69.36,742.65
2018-08-06T19:30:00Z,69.13,833.35
2018-08-06T20:00:00Z,70.77,771.7
2018-08-06T20:30:00Z,67.36,755.4
2018-08-06T21:00:00Z,70.89,810.65
2018-08-06T21:30:00Z,65.48,959.95
2018-08-06T22:00:00Z,53.35,405.65
2018-08-06T22:30:00Z,67.39,260.55
2018-08-06T23:00:00Z,51.71,340.35
2018-08-06T23:30:00Z,50.15,280.85
2018-08-07T00:00:00Z,50.809999999999995,242.55
2018-08-07T00:30:00Z,51.04,299.55
2018-08-07T01:00:00Z,51.22,285.15
2018-08-07T01:30:00Z,50.62,295.5
2018-08-07T02:00:00Z,48.46000000000001,209.25
2018-08-07T02:30:00Z,48.36,265.35
2018-08-07T03:00:00Z,48.18,249.3
2018-08-07T03:30:00Z,48.18,270.9
2018-08-07T04:00:00Z,52.34,285.3
2018-08-07T04:30:00Z,52.809999999999995,354.15
2018-08-07T05:00:00Z,58.63,522.8
2018-08-07T05:30:00Z,51.62,856.1
2018-08-07T06:00:00Z,62.79,702.75
2018-08-07T06:30:00Z,75.7,633.15
2018-08-07T07:00:00Z,75.18,812.55
2018-08-07T07:30:00Z,73.3,829.8
2018-08-07T08:00:00Z,62.79999999999999,881.9
2018-08-07T08:30:00Z,59.8,1018.3
2018-08-07T09:00:00Z,61.910000000000004,1213.0
2018-08-07T09:30:00Z,60.64,1028.2
2018-08-07T10:00:00Z,61.52,868.75
2018-08-07T10:30:00Z,64.75,1075.15
2018-08-07T11:00:00Z,65.86,1104.15
2018-08-07T11:30:00Z,62.74,1025.05
2018-08-07T12:00:00Z,63.19,1123.25
2018-08-07T12:30:00Z,62.89000000000001,1300.5
2018-08-07T13:00:00Z,65.21,1296.45
2018-08-07T13:30:00Z,65.18,1326.4
2018-08-07T14:00:00Z,69.84,1059.35
2018-08-07T14:30:00Z,70.66,1152.8
2018-08-07T15:00:00Z,64.2,1361.55
2018-08-07T15:30:00Z,64.76,1201.4
2018-08-07T16:00:00Z,71.67,1414.15
2018-08-07T16:30:00Z,73.91,1310.45
2018-08-07T17:00:00Z,73.88,1456.9
2018-08-07T17:30:00Z,72.06,1472.55
2018-08-07T18:00:00Z,64.31,1172.95
2018-08-07T18:30:00Z,61.81,879.5
2018-08-07T19:00:00Z,59.76,1069.3
2018-08-07T19:30:00Z,59.65,937.8
2018-08-07T20:00:00Z,58.050000000000004,778.65
2018-08-07T20:30:00Z,57.37,736.65
2018-08-07T21:00:00Z,56.26,965.55
2018-08-07T21:30:00Z,54.24,1756.3
2018-08-07T22:00:00Z,57.24,662.8
2018-08-07T22:30:00Z,60.5,346.0
2018-08-07T23:00:00Z,51.53,477.95
2018-08-07T23:30:00Z,50.15,273.65
2018-08-08T00:00:00Z,49.37,434.0
2018-08-08T00:30:00Z,48.800000000000004,368.2
2018-08-08T01:00:00Z,48.59000000000001,398.7
2018-08-08T01:30:00Z,48.97,497.95
2018-08-08T02:00:00Z,49.16,219.1
2018-08-08T02:30:00Z,48.7,237.85
2018-08-08T03:00:00Z,47.43999999999999,214.25
2018-08-08T03:30:00Z,47.94,311.5
2018-08-08T04:00:00Z,47.22,283.6
2018-08-08T04:30:00Z,46.37,248.6
2018-08-08T05:00:00Z,49.14,579.75
2018-08-08T05:30:00Z,46.68,575.05
2018-08-08T06:00:00Z,54.72,561.6
2018-08-08T06:30:00Z,64.53,478.1
2018-08-08T07:00:00Z,60.41,479.15
2018-08-08T07:30:00Z,65.69,527.95
2018-08-08T08:00:00Z,64.46,516.7
2018-08-08T08:30:00Z,59.88000000000001,550.1
2018-08-08T09:00:00Z,54.5,741.5
2018-08-08T09:30:00Z,52.45000000000001,904.3
2018-08-08T10:00:00Z,50.07,1241.65
2018-08-08T10:30:00Z,49.99,1305.65
2018-08-08T11:00:00Z,49.67,1306.6
2018-08-08T11:30:00Z,49.510000000000005,1433.45
2018-08-08T12:00:00Z,51.9,1808.4
2018-08-08T12:30:00Z,52.0,1767.35
2018-08-08T13:00:00Z,50.85,1881.65
2018-08-08T13:30:00Z,48.65,2204.3
2018-08-08T14:00:00Z,48.08,1599.8
2018-08-08T14:30:00Z,47.09000000000001,1596.5
2018-08-08T15:00:00Z,48.43000000000001,1915.75
2018-08-08T15:30:00Z,50.629999999999995,1724.45
2018-08-08T16:00:00Z,54.49000000000001,1403.8
2018-08-08T16:30:00Z,55.790000000000006,1200.9
2018-08-08T17:00:00Z,55.65,1388.9
2018-08-08T17:30:00Z,55.3,1493.6
2018-08-08T18:00:00Z,54.22,1112.75
2018-08-08T18:30:00Z,54.42,1167.2
2018-08-08T19:00:00Z,56.050000000000004,1195.2
2018-08-08T19:30:00Z,57.11,1347.2
2018-08-08T20:00:00Z,58.8,1373.2
2018-08-08T20:30:00Z,57.220000000000006,1229.7
2018-08-08T21:00:00Z,57.36999999999999,1336.1
2018-08-08T21:30:00Z,55.01,1328.6
2018-08-08T22:00:00Z,56.03,648.0
2018-08-08T22:30:00Z,59.18000000000001,398.25
2018-08-08T23:00:00Z,49.73,157.1
2018-08-08T23:30:00Z,47.68,193.5
2018-08-09T00:00:00Z,48.49999999999999,86.45
2018-08-09T00:30:00Z,48.04,92.9
2018-08-09T01:00:00Z,47.42,98.9
2018-08-09T01:30:00Z,47.67,107.15
2018-08-09T02:00:00Z,46.42,159.15
2018-08-09T02:30:00Z,46.17,143.6
2018-08-09T03:00:00Z,46.379999999999995,116.9
2018-08-09T03:30:00Z,45.95,77.35
2018-08-09T04:00:00Z,46.67,220.5
2018-08-09T04:30:00Z,43.68,149.55
2018-08-09T05:00:00Z,54.400000000000006,372.65
2018-08-09T05:30:00Z,54.300000000000004,653.7
2018-08-09T06:00:00Z,55.57000000000001,720.25
2018-08-09T06:30:00Z,61.64,655.55
2018-08-09T07:00:00Z,62.51,901.7
2018-08-09T07:30:00Z,68.05,694.95
2018-08-09T08:00:00Z,70.58,913.9
2018-08-09T08:30:00Z,69.4,976.7
2018-08-09T09:00:00Z,69.82,954.85
2018-08-09T09:30:00Z,65.75,916.8
2018-08-09T10:00:00Z,58.49,734.7
2018-08-09T10:30:00Z,58.18999999999999,910.9
2018-08-09T11:00:00Z,59.21,942.85
2018-08-09T11:30:00Z,61.43,1011.7
2018-08-09T12:00:00Z,59.96,1018.55
2018-08-09T12:30:00Z,60.37,1054.55
2018-08-09T13:00:00Z,61.94,1457.35
2018-08-09T13:30:00Z,60.17000000000001,1366.45
2018-08-09T14:00:00Z,55.77,1208.7
2018-08-09T14:30:00Z,53.81,1324.7
2018-08-09T15:00:00Z,53.949999999999996,1264.1
2018-08-09T15:30:00Z,55.35,1399.6
2018-08-09T16:00:00Z,60.31999999999999,1208.1
2018-08-09T16:30:00Z,60.53,1363.45
2018-08-09T17:00:00Z,62.169999999999995,1521.9
2018-08-09T17:30:00Z,61.43,1481.85
2018-08-09T18:00:00Z,58.04,1127.25
2018-08-09T18:30:00Z,57.31,1132.5
2018-08-09T19:00:00Z,56.76,1063.6
2018-08-09T19:30:00Z,56.47,1049.35
2018-08-09T20:00:00Z,62.08,1033.95
2018-08-09T20:30:00Z,58.91,1060.15
2018-08-09T21:00:00Z,55.879999999999995,1372.85
2018-08-09T21:30:00Z,54.3,2099.1
2018-08-09T22:00:00Z,57.08,644.55
2018-08-09T22:30:00Z,55.26,572.5
2018-08-09T23:00:00Z,50.14,292.8
2018-08-09T23:30:00Z,45.8,297.25
2018-08-10T00:00:00Z,46.22,635.35
2018-08-10T00:30:00Z,46.55,712.75
2018-08-10T01:00:00Z,47.33,757.45
2018-08-10T01:30:00Z,47.489999999999995,721.3
2018-08-10T02:00:00Z,48.29,384.3
2018-08-10T02:30:00Z,49.7,451.15
2018-08-10T03:00:00Z,49.54,458.0
2018-08-10T03:30:00Z,49.48,489.2
2018-08-10T04:00:00Z,51.059999999999995,382.8
2018-08-10T04:30:00Z,51.34,418.45
2018-08-10T05:00:00Z,51.260000000000005,470.3
2018-08-10T05:30:00Z,53.48,766.5
2018-08-10T06:00:00Z,59.8,988.95
2018-08-10T06:30:00Z,63.75,671.0
2018-08-10T07:00:00Z,69.4,852.25
2018-08-10T07:30:00Z,74.95,959.95
2018-08-10T08:00:00Z,74.57,674.1
2018-08-10T08:30:00Z,74.8,833.5
2018-08-10T09:00:00Z,75.81,799.7
2018-08-10T09:30:00Z,76.08,809.3
2018-08-10T10:00:00Z,74.94,700.8
2018-08-10T10:30:00Z,76.17,831.4
2018-08-10T11:00:00Z,76.06,779.65
2018-08-10T11:30:00Z,75.66,872.3
2018-08-10T12:00:00Z,63.35999999999999,838.7
2018-08-10T12:30:00Z,58.12,712.95
2018-08-10T13:00:00Z,57.14000000000001,711.35
2018-08-10T13:30:00Z,54.45,915.4
2018-08-10T14:00:00Z,49.23,985.25
2018-08-10T14:30:00Z,48.8,1089.75
2018-08-10T15:00:00Z,48.79,1176.15
2018-08-10T15:30:00Z,48.97,1235.3
2018-08-10T16:00:00Z,50.55,1096.1
2018-08-10T16:30:00Z,51.56,886.0
2018-08-10T17:00:00Z,51.65,881.4
2018-08-10T17:30:00Z,51.71,1013.1
2018-08-10T18:00:00Z,58.13,1441.1
2018-08-10T18:30:00Z,58.71,1319.35
2018-08-10T19:00:00Z,60.63,1318.7
2018-08-10T19:30:00Z,63.150000000000006,1317.0
2018-08-10T20:00:00Z,67.34,1114.35
2018-08-10T20:30:00Z,65.25,1367.25
2018-08-10T21:00:00Z,57.24,1308.0
2018-08-10T21:30:00Z,54.25000000000001,1409.65
2018-08-10T22:00:00Z,59.32,781.45
2018-08-10T22:30:00Z,57.87,622.05
2018-08-10T23:00:00Z,50.68,225.2
2018-08-10T23:30:00Z,50.330000000000005,487.55
2018-08-11T00:00:00Z,50.3,404.05
2018-08-11T00:30:00Z,50.57,460.45
2018-08-11T01:00:00Z,50.05,489.35
2018-08-11T01:30:00Z,49.2,609.95
2018-08-11T02:00:00Z,48.36,290.65
2018-08-11T02:30:00Z,48.32,328.85
2018-08-11T03:00:00Z,49.919999999999995,354.05
2018-08-11T03:30:00Z,49.22,303.65
2018-08-11T04:00:00Z,50.35,131.55
2018-08-11T04:30:00Z,50.019999999999996,209.2
2018-08-11T05:00:00Z,49.51,394.4
2018-08-11T05:30:00Z,48.97,495.7
2018-08-11T06:00:00Z,48.96,660.4
2018-08-11T06:30:00Z,49.25000000000001,402.6
2018-08-11T07:00:00Z,47.14,597.75
2018-08-11T07:30:00Z,48.98,587.15
2018-08-11T08:00:00Z,61.16,434.35
2018-08-11T08:30:00Z,62.06000000000001,556.6
2018-08-11T09:00:00Z,56.34,478.1
2018-08-11T09:30:00Z,56.57,454.2
2018-08-11T10:00:00Z,56.92,505.05
2018-08-11T10:30:00Z,55.75,480.25
2018-08-11T11:00:00Z,53.92,466.8
2018-08-11T11:30:00Z,53.27,496.0
2018-08-11T12:00:00Z,51.13,518.15
2018-08-11T12:30:00Z,48.98,558.8
2018-08-11T13:00:00Z,47.4,520.3
2018-08-11T13:30:00Z,45.75,699.0
2018-08-11T14:00:00Z,51.64999999999999,840.85
2018-08-11T14:30:00Z,53.06,763.9
2018-08-11T15:00:00Z,53.57,908.05
2018-08-11T15:30:00Z,56.62,872.8
2018-08-11T16:00:00Z,62.33,1038.15
2018-08-11T16:30:00Z,62.35,1267.25
2018-08-11T17:00:00Z,61.9,1110.0
2018-08-11T17:30:00Z,61.65,1261.35
2018-08-11T18:00:00Z,56.32,1090.05
2018-08-11T18:30:00Z,55.47,1077.55
2018-08-11T19:00:00Z,55.4,1067.25
2018-08-11T19:30:00Z,55.199999999999996,1190.05
2018-08-11T20:00:00Z,55.4,1242.8
2018-08-11T20:30:00Z,53.62,1403.5
2018-08-11T21:00:00Z,54.43999999999999,1350.45
2018-08-11T21:30:00Z,53.23,1548.05
2018-08-11T22:00:00Z,61.160000000000004,704.5
2018-08-11T22:30:00Z,60.36,807.45
2018-08-11T23:00:00Z,51.63,501.35
2018-08-11T23:30:00Z,53.21,407.7
2018-08-12T00:00:00Z,50.66,531.4
2018-08-12T00:30:00Z,50.98,497.05
2018-08-12T01:00:00Z,51.34,499.35
2018-08-12T01:30:00Z,49.94,454.2
2018-08-12T02:00:00Z,49.8,401.85
2018-08-12T02:30:00Z,49.68,414.5
2018-08-12T03:00:00Z,49.71,400.15
2018-08-12T03:30:00Z,48.97,479.2
2018-08-12T04:00:00Z,48.55,511.15
2018-08-12T04:30:00Z,49.39,482.35
2018-08-12T05:00:00Z,48.61000000000001,797.05
2018-08-12T05:30:00Z,48.18,653.5
2018-08-12T06:00:00Z,44.67,628.4
2018-08-12T06:30:00Z,42.4,846.95
2018-08-12T07:00:00Z,35.75,655.3
2018-08-12T07:30:00Z,40.92,852.5
2018-08-12T08:00:00Z,48.3,1165.0
2018-08-12T08:30:00Z,53.17,1165.0
2018-08-12T09:00:00Z,55.21,947.9
2018-08-12T09:30:00Z,57.14,1047.5
2018-08-12T10:00:00Z,65.43,914.0
2018-08-12T10:30:00Z,63.39,945.45
2018-08-12T11:00:00Z,60.72,888.75
2018-08-12T11:30:00Z,61.07,850.05
2018-08-12T12:00:00Z,60.42,742.45
2018-08-12T12:30:00Z,60.74,692.55
2018-08-12T13:00:00Z,60.27,915.3
2018-08-12T13:30:00Z,58.26,862.05
2018-08-12T14:00:00Z,56.66,838.3
2018-08-12T14:30:00Z,57.09,854.7
2018-08-12T15:00:00Z,64.69,815.9
2018-08-12T15:30:00Z,67.85,819.4
2018-08-12T16:00:00Z,75.11,1145.85
2018-08-12T16:30:00Z,74.69,1024.05
2018-08-12T17:00:00Z,73.79,1010.45
2018-08-12T17:30:00Z,72.08,1000.3
2018-08-12T18:00:00Z,71.01,727.0
2018-08-12T18:30:00Z,65.75,622.35
2018-08-12T19:00:00Z,67.19,617.05
2018-08-12T19:30:00Z,66.24,584.35
2018-08-12T20:00:00Z,73.8,913.35
2018-08-12T20:30:00Z,72.37,873.3
2018-08-12T21:00:00Z,67.99,1081.65
2018-08-12T21:30:00Z,64.03,1094.0
2018-08-12T22:00:00Z,63.97,783.65
2018-08-12T22:30:00Z,64.66,739.9
2018-08-12T23:00:00Z,58.29,308.8
2018-08-12T23:30:00Z,56.24,292.5
2018-08-13T00:00:00Z,52.14,302.6
2018-08-13T00:30:00Z,51.85,274.8
2018-08-13T01:00:00Z,52.28,418.75
2018-08-13T01:30:00Z,51.04999999999999,390.25
2018-08-13T02:00:00Z,52.22,469.5
2018-08-13T02:30:00Z,52.3,503.5
2018-08-13T03:00:00Z,52.82,492.8
2018-08-13T03:30:00Z,52.99,551.8
2018-08-13T04:00:00Z,55.71,733.35
2018-08-13T04:30:00Z,53.68,950.85
2018-08-13T05:00:00Z,58.73,1060.35
2018-08-13T05:30:00Z,55.22,1463.9
2018-08-13T06:00:00Z,73.42,985.85
2018-08-13T06:30:00Z,82.02,678.9
2018-08-13T07:00:00Z,85.23,1034.95
2018-08-13T07:30:00Z,91.47,1093.45
2018-08-13T08:00:00Z,94.58,1340.45
2018-08-13T08:30:00Z,93.58,1265.0
2018-08-13T09:00:00Z,94.14,1458.45
2018-08-13T09:30:00Z,93.45,1506.2
2018-08-13T10:00:00Z,88.76,1643.15
2018-08-13T10:30:00Z,87.17,1492.6
2018-08-13T11:00:00Z,89.81,1780.05
2018-08-13T11:30:00Z,85.24,1764.75
2018-08-13T12:00:00Z,74.00000000000001,1898.45
2018-08-13T12:30:00Z,69.48,1860.0
2018-08-13T13:00:00Z,69.99,1885.05
2018-08-13T13:30:00Z,70.35,1886.95
2018-08-13T14:00:00Z,65.51,1283.7
2018-08-13T14:30:00Z,67.09,1368.6
2018-08-13T15:00:00Z,71.11,1462.9
2018-08-13T15:30:00Z,74.53,1331.0
2018-08-13T16:00:00Z,83.34,1454.05
2018-08-13T16:30:00Z,83.79,1430.5
2018-08-13T17:00:00Z,83.7,1470.3
2018-08-13T17:30:00Z,82.72,1611.9
2018-08-13T18:00:00Z,80.36,1599.75
2018-08-13T18:30:00Z,79.48,1537.1
2018-08-13T19:00:00Z,78.04,1723.85
2018-08-13T19:30:00Z,75.59,1865.8
2018-08-13T20:00:00Z,75.71,987.5
2018-08-13T20:30:00Z,73.5,995.8
2018-08-13T21:00:00Z,66.16,1383.05
2018-08-13T21:30:00Z,58.870000000000005,1564.55
2018-08-13T22:00:00Z,60.94,534.5
2018-08-13T22:30:00Z,58.96999999999999,457.5
2018-08-13T23:00:00Z,52.66,433.0
2018-08-13T23:30:00Z,52.33,412.75
2018-08-14T00:00:00Z,51.09,276.0
2018-08-14T00:30:00Z,50.04,335.35
2018-08-14T01:00:00Z,49.33,314.7
2018-08-14T01:30:00Z,50.04,270.75
2018-08-14T02:00:00Z,49.7,288.5
2018-08-14T02:30:00Z,49.23,296.8
2018-08-14T03:00:00Z,48.58,228.95
2018-08-14T03:30:00Z,48.72,268.2
2018-08-14T04:00:00Z,52.7,223.0
2018-08-14T04:30:00Z,50.22,356.5
2018-08-14T05:00:00Z,51.38,349.25
2018-08-14T05:30:00Z,48.34,544.5
2018-08-14T06:00:00Z,53.38,850.25
2018-08-14T06:30:00Z,57.42,915.45
2018-08-14T07:00:00Z,68.19,985.25
2018-08-14T07:30:00Z,74.33,1013.75
2018-08-14T08:00:00Z,77.88,799.55
2018-08-14T08:30:00Z,79.66,918.25
2018-08-14T09:00:00Z,75.11,1167.4
2018-08-14T09:30:00Z,67.39,1162.65
2018-08-14T10:00:00Z,64.26,1430.0
2018-08-14T10:30:00Z,63.19,1185.4
2018-08-14T11:00:00Z,62.54999999999999,1206.45
2018-08-14T11:30:00Z,60.18,1680.35
2018-08-14T12:00:00Z,56.72,1451.0
2018-08-14T12:30:00Z,56.64,1449.6
2018-08-14T13:00:00Z,55.97,1444.35
2018-08-14T13:30:00Z,55.54,1522.75
2018-08-14T14:00:00Z,55.22,1348.5
2018-08-14T14:30:00Z,55.44,1477.75
2018-08-14T15:00:00Z,55.35,1528.15
2018-08-14T15:30:00Z,56.14999999999999,1317.3
2018-08-14T16:00:00Z,58.33,1134.9
2018-08-14T16:30:00Z,58.4,1189.4
2018-08-14T17:00:00Z,58.4,1152.5
2018-08-14T17:30:00Z,58.31,1206.5
2018-08-14T18:00:00Z,0.0,0.0
2018-08-14T18:30:00Z,0.0,0.0
2018-08-14T19:00:00Z,60.89,1397.75
2018-08-14T19:30:00Z,60.7460738231838,1446.7
2018-08-14T20:00:00Z,59.73053483598622,1291.05
2018-08-14T20:30:00Z,59.07184157529649,1117.25
2018-08-14T21:00:00Z,57.63616098836549,1319.35
2018-08-14T21:30:00Z,55.20000000000001,1679.75
2018-08-14T22:00:00Z,46.87,771.45
2018-08-14T22:30:00Z,56.17,349.55
2018-08-14T23:00:00Z,55.11,327.4
2018-08-14T23:30:00Z,50.86000000000001,371.0
2018-08-15T00:00:00Z,51.5,410.3
2018-08-15T00:30:00Z,49.790000000000006,363.85
2018-08-15T01:00:00Z,48.78,321.95
2018-08-15T01:30:00Z,47.66,551.1
2018-08-15T02:00:00Z,47.47,333.85
2018-08-15T02:30:00Z,46.14,512.8
2018-08-15T03:00:00Z,46.24,529.45
2018-08-15T03:30:00Z,47.1,440.75
2018-08-15T04:00:00Z,47.1,439.75
2018-08-15T04:30:00Z,47.56,441.95
2018-08-15T05:00:00Z,49.82,522.65
2018-08-15T05:30:00Z,51.56,700.65
2018-08-15T06:00:00Z,58.84,1029.65
2018-08-15T06:30:00Z,71.65,852.35
2018-08-15T07:00:00Z,74.27,789.4
2018-08-15T07:30:00Z,75.32000000000001,917.4
2018-08-15T08:00:00Z,76.09,902.45
2018-08-15T08:30:00Z,76.36999999999999,982.1
2018-08-15T09:00:00Z,74.37,1255.0
2018-08-15T09:30:00Z,70.28,1142.95
2018-08-15T10:00:00Z,62.71999999999999,1456.5
2018-08-15T10:30:00Z,62.08,1359.0
2018-08-15T11:00:00Z,62.93,1506.5
2018-08-15T11:30:00Z,59.61,1442.5
2018-08-15T12:00:00Z,55.150000000000006,1703.55
2018-08-15T12:30:00Z,54.92,1458.8
2018-08-15T13:00:00Z,55.53999999999999,1405.4
2018-08-15T13:30:00Z,54.49,1686.5
2018-08-15T14:00:00Z,53.98554930497587,1377.65
2018-08-15T14:30:00Z,52.39,1567.15
2018-08-15T15:00:00Z,54.730000000000004,1842.65
2018-08-15T15:30:00Z,56.77,1629.65
2018-08-15T16:00:00Z,63.53,1451.9
2018-08-15T16:30:00Z,67.6,1351.2
2018-08-15T17:00:00Z,67.87,1159.8
2018-08-15T17:30:00Z,69.35,1357.4
2018-08-15T18:00:00Z,69.13,1092.85
2018-08-15T18:30:00Z,66.99,1039.0
2018-08-15T19:00:00Z,67.84,840.25
2018-08-15T19:30:00Z,69.72,928.8
2018-08-15T20:00:00Z,66.91,974.2
2018-08-15T20:30:00Z,63.98,1015.55
2018-08-15T21:00:00Z,58.7,1232.75
2018-08-15T21:30:00Z,55.68999999999999,1311.85
2018-08-15T22:00:00Z,55.59,854.2
2018-08-15T22:30:00Z,55.01,421.8
2018-08-15T23:00:00Z,48.14,409.65
2018-08-15T23:30:00Z,46.23,464.4
2018-08-16T00:00:00Z,42.74,701.65
2018-08-16T00:30:00Z,41.73,747.7
2018-08-16T01:00:00Z,40.88,780.1
2018-08-16T01:30:00Z,41.49,702.2
2018-08-16T02:00:00Z,41.94,828.5
2018-08-16T02:30:00Z,43.16,764.55
2018-08-16T03:00:00Z,44.31,778.5
2018-08-16T03:30:00Z,45.339999999999996,814.2
2018-08-16T04:00:00Z,49.37,478.5
2018-08-16T04:30:00Z,53.41,485.15
2018-08-16T05:00:00Z,58.06,649.85
2018-08-16T05:30:00Z,51.51,1134.15
2018-08-16T06:00:00Z,49.7,817.5
2018-08-16T06:30:00Z,60.21999999999999,777.5
2018-08-16T07:00:00Z,57.54,963.1
2018-08-16T07:30:00Z,64.67,930.9
2018-08-16T08:00:00Z,65.01,1041.5
2018-08-16T08:30:00Z,62.06,1024.4
2018-08-16T09:00:00Z,61.86,1197.95
2018-08-16T09:30:00Z,59.17,1460.55
2018-08-16T10:00:00Z,50.9,1380.0
2018-08-16T10:30:00Z,50.8,1320.45
2018-08-16T11:00:00Z,51.06,1489.45
2018-08-16T11:30:00Z,51.02,1248.5
2018-08-16T12:00:00Z,50.7,1552.95
2018-08-16T12:30:00Z,50.69,1596.5
2018-08-16T13:00:00Z,50.72,1815.0
2018-08-16T13:30:00Z,50.4,1801.65
2018-08-16T14:00:00Z,49.51,1190.35
2018-08-16T14:30:00Z,50.8,1264.3
2018-08-16T15:00:00Z,52.38999999999999,1471.9
2018-08-16T15:30:00Z,54.120000000000005,1402.5
2018-08-16T16:00:00Z,59.28000000000001,813.85
2018-08-16T16:30:00Z,58.92,936.0
2018-08-16T17:00:00Z,59.010000000000005,849.85
2018-08-16T17:30:00Z,59.13,872.45
2018-08-16T18:00:00Z,64.47,784.0
2018-08-16T18:30:00Z,65.04,824.5
2018-08-16T19:00:00Z,66.57,916.75
2018-08-16T19:30:00Z,71.36,1133.85
2018-08-16T20:00:00Z,73.57,756.6
2018-08-16T20:30:00Z,63.49,777.05
2018-08-16T21:00:00Z,58.52000000000001,944.65
2018-08-16T21:30:00Z,55.63999999999999,1513.55
2018-08-16T22:00:00Z,57.27,280.5
2018-08-16T22:30:00Z,57.54,139.25
2018-08-16T23:00:00Z,56.63,512.0
2018-08-16T23:30:00Z,56.19,488.5
2018-08-17T00:00:00Z,53.75,456.5
2018-08-17T00:30:00Z,53.71,459.0
2018-08-17T01:00:00Z,53.5,482.5
2018-08-17T01:30:00Z,53.15,593.45
2018-08-17T02:00:00Z,50.239999999999995,376.25
2018-08-17T02:30:00Z,50.239999999999995,350.5
2018-08-17T03:00:00Z,50.209999999999994,355.5
2018-08-17T03:30:00Z,50.470000000000006,357.0
2018-08-17T04:00:00Z,52.4,178.3
2018-08-17T04:30:00Z,52.66,345.5
2018-08-17T05:00:00Z,57.28,407.4
2018-08-17T05:30:00Z,56.43,740.15
2018-08-17T06:00:00Z,54.59,228.4
2018-08-17T06:30:00Z,69.01,219.5
2018-08-17T07:00:00Z,71.04,534.0
2018-08-17T07:30:00Z,70.18,439.5
2018-08-17T08:00:00Z,76.57,738.9
2018-08-17T08:30:00Z,76.77,839.25
2018-08-17T09:00:00Z,76.21,1017.5
2018-08-17T09:30:00Z,73.94,1199.7
2018-08-17T10:00:00Z,56.32,457.5
2018-08-17T10:30:00Z,55.91,633.0
2018-08-17T11:00:00Z,55.55,819.15
2018-08-17T11:30:00Z,55.45,825.2
2018-08-17T12:00:00Z,54.15,814.15
2018-08-17T12:30:00Z,53.11,998.15
2018-08-17T13:00:00Z,52.58,1185.15
2018-08-17T13:30:00Z,52.42,1193.75
2018-08-17T14:00:00Z,56.22,962.4
2018-08-17T14:30:00Z,57.18,1004.5
2018-08-17T15:00:00Z,59.55,1357.6
2018-08-17T15:30:00Z,59.9,1398.9
2018-08-17T16:00:00Z,62.27,1182.1
2018-08-17T16:30:00Z,61.58,1103.65
2018-08-17T17:00:00Z,61.62,1292.9
2018-08-17T17:30:00Z,62.67999999999999,1275.4
2018-08-17T18:00:00Z,61.33,843.15
2018-08-17T18:30:00Z,61.53,873.0
2018-08-17T19:00:00Z,61.44,845.0
2018-08-17T19:30:00Z,61.88,957.0
2018-08-17T20:00:00Z,61.0,970.65
2018-08-17T20:30:00Z,60.22,1030.35
2018-08-17T21:00:00Z,60.06,1056.15
2018-08-17T21:30:00Z,57.88999999999999,1339.25
2018-08-17T22:00:00Z,59.02,331.3
2018-08-17T22:30:00Z,58.349999999999994,333.8
2018-08-17T23:00:00Z,54.95000000000001,172.45
2018-08-17T23:30:00Z,55.52,146.6
2018-08-18T00:00:00Z,50.33,91.0
2018-08-18T00:30:00Z,45.28,180.65
2018-08-18T01:00:00Z,43.51,199.15
2018-08-18T01:30:00Z,23.0,402.45
2018-08-18T02:00:00Z,34.08,613.35
2018-08-18T02:30:00Z,34.55,680.85
2018-08-18T03:00:00Z,34.83,738.35
2018-08-18T03:30:00Z,35.52,701.35
2018-08-18T04:00:00Z,37.37,592.85
2018-08-18T04:30:00Z,37.56,578.0
2018-08-18T05:00:00Z,38.54,581.35
2018-08-18T05:30:00Z,40.98,702.9
2018-08-18T06:00:00Z,50.39,578.4
2018-08-18T06:30:00Z,54.07999999999999,709.1
2018-08-18T07:00:00Z,54.13999999999999,855.0
2018-08-18T07:30:00Z,55.510000000000005,877.5
2018-08-18T08:00:00Z,61.68000000000001,541.05
2018-08-18T08:30:00Z,63.61,577.05
2018-08-18T09:00:00Z,65.03,680.35
2018-08-18T09:30:00Z,63.96,610.55
2018-08-18T10:00:00Z,0.0,0.0
2018-08-18T10:30:00Z,58.17000000000001,303.55
2018-08-18T11:00:00Z,59.32,397.5
2018-08-18T11:30:00Z,59.32,397.5
2018-08-18T12:00:00Z,55.18,568.2
2018-08-18T12:30:00Z,55.32,771.05
2018-08-18T13:00:00Z,55.53000000000001,663.2
2018-08-18T13:30:00Z,55.52000000000001,662.8
2018-08-18T14:00:00Z,51.07,497.7
2018-08-18T14:30:00Z,50.87,780.5
2018-08-18T15:00:00Z,51.86,983.95
2018-08-18T15:30:00Z,51.16,1091.35
2018-08-18T16:00:00Z,54.37,371.5
2018-08-18T16:30:00Z,52.629999999999995,644.4
2018-08-18T17:00:00Z,53.129999999999995,720.15
2018-08-18T17:30:00Z,53.06,683.75
2018-08-18T18:00:00Z,71.14,518.95
2018-08-18T18:30:00Z,72.06,525.2
2018-08-18T19:00:00Z,72.65,666.7
2018-08-18T19:30:00Z,73.52,811.95
2018-08-18T20:00:00Z,74.22,553.05
2018-08-18T20:30:00Z,71.12,683.35
2018-08-18T21:00:00Z,69.64,492.05
2018-08-18T21:30:00Z,59.46000000000001,937.7
2018-08-18T22:00:00Z,59.29,512.95
2018-08-18T22:30:00Z,60.06,446.3
2018-08-18T23:00:00Z,57.84,392.8
2018-08-18T23:30:00Z,57.81,352.45
2018-08-19T00:00:00Z,48.29,508.0
2018-08-19T00:30:00Z,47.56,655.0
2018-08-19T01:00:00Z,46.88,772.55
2018-08-19T01:30:00Z,46.17,877.75
2018-08-19T02:00:00Z,45.24,741.0
2018-08-19T02:30:00Z,45.14,764.0
2018-08-19T03:00:00Z,44.87,840.95
2018-08-19T03:30:00Z,44.56,907.65
2018-08-19T04:00:00Z,43.75,571.5
2018-08-19T04:30:00Z,44.66,445.1
2018-08-19T05:00:00Z,43.08,576.35
2018-08-19T05:30:00Z,44.78,420.5
2018-08-19T06:00:00Z,43.72,1044.0
2018-08-19T06:30:00Z,34.33,1246.0
2018-08-19T07:00:00Z,32.47,1415.4
2018-08-19T07:30:00Z,34.54,1602.55
2018-08-19T08:00:00Z,43.26,1279.5
2018-08-19T08:30:00Z,43.48,1134.5
2018-08-19T09:00:00Z,46.36,1252.55
2018-08-19T09:30:00Z,46.32,1196.55
2018-08-19T10:00:00Z,57.05,717.2
2018-08-19T10:30:00Z,56.94,703.05
2018-08-19T11:00:00Z,56.93,835.05
2018-08-19T11:30:00Z,56.13,856.05
2018-08-19T12:00:00Z,54.12,551.4
2018-08-19T12:30:00Z,54.81,487.9
2018-08-19T13:00:00Z,52.6,647.9
2018-08-19T13:30:00Z,51.65,672.9
2018-08-19T14:00:00Z,47.01,417.25
2018-08-19T14:30:00Z,49.07000000000001,362.25
2018-08-19T15:00:00Z,50.95,702.25
2018-08-19T15:30:00Z,53.1,607.0
2018-08-19T16:00:00Z,56.45,720.85
2018-08-19T16:30:00Z,56.44,746.25
2018-08-19T17:00:00Z,57.31000000000001,727.95
2018-08-19T17:30:00Z,57.13,798.15
2018-08-19T18:00:00Z,68.12,656.7
2018-08-19T18:30:00Z,68.27,671.7
2018-08-19T19:00:00Z,67.5,725.0
2018-08-19T19:30:00Z,68.1,747.0
2018-08-19T20:00:00Z,72.56,831.65
2018-08-19T20:30:00Z,70.16,863.4
2018-08-19T21:00:00Z,67.67,817.0
2018-08-19T21:30:00Z,63.89,997.0
2018-08-19T22:00:00Z,68.85,603.05
2018-08-19T22:30:00Z,69.33,298.0
2018-08-19T23:00:00Z,55.62,324.5
2018-08-19T23:30:00Z,56.21999999999999,333.0
2018-08-20T00:00:00Z,55.0,211.0
2018-08-20T00:30:00Z,56.83,261.85
2018-08-20T01:00:00Z,60.31000000000001,350.5
2018-08-20T01:30:00Z,59.95,337.5
2018-08-20T02:00:00Z,57.4,208.75
2018-08-20T02:30:00Z,57.54,197.5
2018-08-20T03:00:00Z,56.26,322.1
2018-08-20T03:30:00Z,56.31,327.6
2018-08-20T04:00:00Z,58.49,139.5
2018-08-20T04:30:00Z,58.29999999999999,163.35
2018-08-20T05:00:00Z,60.56,261.35
2018-08-20T05:30:00Z,56.12,630.1
2018-08-20T06:00:00Z,49.5,75.0
2018-08-20T06:30:00Z,71.78,229.9
2018-08-20T07:00:00Z,76.61,390.4
2018-08-20T07:30:00Z,80.19,486.65
2018-08-20T08:00:00Z,87.97,405.8
2018-08-20T08:30:00Z,94.28,568.6
2018-08-20T09:00:00Z,100.77,664.05
2018-08-20T09:30:00Z,105.61,711.3
2018-08-20T10:00:00Z,116.31,674.45
2018-08-20T10:30:00Z,110.4,817.9
2018-08-20T11:00:00Z,107.36,1025.9
2018-08-20T11:30:00Z,110.29,853.05
2018-08-20T12:00:00Z,112.35,597.5
2018-08-20T12:30:00Z,113.06000000000002,893.85
2018-08-20T13:00:00Z,111.72,956.15
2018-08-20T13:30:00Z,109.69,1065.25
2018-08-20T14:00:00Z,112.08,423.25
2018-08-20T14:30:00Z,115.6,332.0
2018-08-20T15:00:00Z,155.58,800.35
2018-08-20T15:30:00Z,146.25,765.9
2018-08-20T16:00:00Z,163.61,834.85
2018-08-20T16:30:00Z,161.55,951.25
2018-08-20T17:00:00Z,160.01,804.0
2018-08-20T17:30:00Z,158.25,833.5
2018-08-20T18:00:00Z,88.04,519.25
2018-08-20T18:30:00Z,84.64,600.55
2018-08-20T19:00:00Z,86.2,612.15
2018-08-20T19:30:00Z,88.53,733.55
2018-08-20T20:00:00Z,89.26,399.45
2018-08-20T20:30:00Z,75.29,302.75
2018-08-20T21:00:00Z,71.96,309.75
2018-08-20T21:30:00Z,63.25000000000001,725.85
2018-08-20T22:00:00Z,62.36,550.85
2018-08-20T22:30:00Z,62.72,344.2
2018-08-20T23:00:00Z,59.18,242.75
2018-08-20T23:30:00Z,59.47,273.25
2018-08-21T00:00:00Z,54.66,161.55
2018-08-21T00:30:00Z,54.7,179.05
2018-08-21T01:00:00Z,53.93,263.05
2018-08-21T01:30:00Z,53.49,285.8
2018-08-21T02:00:00Z,56.47,430.55
2018-08-21T02:30:00Z,55.86,482.05
2018-08-21T03:00:00Z,56.18,456.05
2018-08-21T03:30:00Z,56.2,454.55
2018-08-21T04:00:00Z,63.34,298.1
2018-08-21T04:30:00Z,65.77,401.2
2018-08-21T05:00:00Z,74.22,492.4
2018-08-21T05:30:00Z,61.65,856.5
2018-08-21T06:00:00Z,66.44,448.3
2018-08-21T06:30:00Z,95.07,644.0
2018-08-21T07:00:00Z,95.47,407.2
2018-08-21T07:30:00Z,95.47,571.0
2018-08-21T08:00:00Z,91.62,607.1
2018-08-21T08:30:00Z,90.78,610.35
2018-08-21T09:00:00Z,91.72,828.35
2018-08-21T09:30:00Z,91.22,716.85
2018-08-21T10:00:00Z,79.82,670.5
2018-08-21T10:30:00Z,76.81,833.35
2018-08-21T11:00:00Z,74.88,994.05
2018-08-21T11:30:00Z,75.02,1152.6
2018-08-21T12:00:00Z,71.8,977.5
2018-08-21T12:30:00Z,69.73,1085.7
2018-08-21T13:00:00Z,65.99,1326.7
2018-08-21T13:30:00Z,66.25,1358.55
2018-08-21T14:00:00Z,64.94,1518.1
2018-08-21T14:30:00Z,64.83,1630.35
2018-08-21T15:00:00Z,63.74,1842.7
2018-08-21T15:30:00Z,64.1,1831.85
2018-08-21T16:00:00Z,64.54,1482.1
2018-08-21T16:30:00Z,65.18,1509.1
2018-08-21T17:00:00Z,64.88,1614.6
2018-08-21T17:30:00Z,64.97,1717.55
2018-08-21T18:00:00Z,68.06,1148.85
2018-08-21T18:30:00Z,68.21,1252.5
2018-08-21T19:00:00Z,68.13,1302.75
2018-08-21T19:30:00Z,68.94,1501.0
2018-08-21T20:00:00Z,66.86,1872.15
2018-08-21T20:30:00Z,65.96,1679.05
2018-08-21T21:00:00Z,64.8,1644.0
2018-08-21T21:30:00Z,63.97999999999999,1852.25
2018-08-21T22:00:00Z,59.05,194.0
2018-08-21T22:30:00Z,59.88,423.0
2018-08-21T23:00:00Z,55.1,142.55
2018-08-21T23:30:00Z,53.32000000000001,314.8
2018-08-22T00:00:00Z,49.34,415.35
2018-08-22T00:30:00Z,49.32999999999999,446.5
2018-08-22T01:00:00Z,49.21999999999999,448.0
2018-08-22T01:30:00Z,49.01,476.5
2018-08-22T02:00:00Z,50.46000000000001,213.5
2018-08-22T02:30:00Z,35.73,326.0
2018-08-22T03:00:00Z,37.17,622.5
2018-08-22T03:30:00Z,36.91,620.0
2018-08-22T04:00:00Z,49.1,387.4
2018-08-22T04:30:00Z,55.21,578.45
2018-08-22T05:00:00Z,59.22,537.5
2018-08-22T05:30:00Z,52.5,901.7
2018-08-22T06:00:00Z,51.49,542.5
2018-08-22T06:30:00Z,71.35,265.0
2018-08-22T07:00:00Z,73.99,330.6
2018-08-22T07:30:00Z,77.24,292.05
2018-08-22T08:00:00Z,80.31,521.0
2018-08-22T08:30:00Z,78.84,432.2
2018-08-22T09:00:00Z,76.32,608.95
2018-08-22T09:30:00Z,72.8,694.75
2018-08-22T10:00:00Z,68.65,766.0
2018-08-22T10:30:00Z,68.43,740.0
2018-08-22T11:00:00Z,67.86,924.65
2018-08-22T11:30:00Z,66.83,930.0
2018-08-22T12:00:00Z,65.59,1161.05
2018-08-22T12:30:00Z,64.69,1154.25
2018-08-22T13:00:00Z,63.87,1239.85
2018-08-22T13:30:00Z,64.14,1235.9
2018-08-22T14:00:00Z,65.78,715.85
2018-08-22T14:30:00Z,63.79,911.2
2018-08-22T15:00:00Z,64.35,967.75
2018-08-22T15:30:00Z,65.21,1000.0
2018-08-22T16:00:00Z,68.68,934.4
2018-08-22T16:30:00Z,72.21,1003.65
2018-08-22T17:00:00Z,72.3,1102.5
2018-08-22T17:30:00Z,72.33,1210.4
2018-08-22T18:00:00Z,73.75,1197.8
2018-08-22T18:30:00Z,73.46,1180.4
2018-08-22T19:00:00Z,72.72,1403.75
2018-08-22T19:30:00Z,72.76,1350.15
2018-08-22T20:00:00Z,71.62,1021.15
2018-08-22T20:30:00Z,70.84,1101.85
2018-08-22T21:00:00Z,69.69,1371.95
2018-08-22T21:30:00Z,68.14,1329.15
2018-08-22T22:00:00Z,61.5,100.0
2018-08-22T22:30:00Z,60.13999999999999,207.5
2018-08-22T23:00:00Z,59.75,85.0
2018-08-22T23:30:00Z,59.77,92.5
2018-08-23T00:00:00Z,54.89999999999999,99.0
2018-08-23T00:30:00Z,55.150000000000006,190.95
2018-08-23T01:00:00Z,54.7,290.45
2018-08-23T01:30:00Z,53.85,376.45
2018-08-23T02:00:00Z,53.64,306.2
2018-08-23T02:30:00Z,54.13,397.0
2018-08-23T03:00:00Z,53.74,353.95
2018-08-23T03:30:00Z,53.849999999999994,307.85
2018-08-23T04:00:00Z,63.66,81.35
2018-08-23T04:30:00Z,61.81,291.7
2018-08-23T05:00:00Z,65.6,296.4
2018-08-23T05:30:00Z,61.849999999999994,593.05
2018-08-23T06:00:00Z,57.01,276.7
2018-08-23T06:30:00Z,72.8,152.5
2018-08-23T07:00:00Z,78.69,339.5
2018-08-23T07:30:00Z,83.57,494.0
2018-08-23T08:00:00Z,86.09,912.0
2018-08-23T08:30:00Z,82.94999999999999,916.7
2018-08-23T09:00:00Z,78.51,801.2
2018-08-23T09:30:00Z,73.16,825.55
2018-08-23T10:00:00Z,62.68999999999999,535.5
2018-08-23T10:30:00Z,68.2,742.65
2018-08-23T11:00:00Z,72.95,1041.2
2018-08-23T11:30:00Z,74.42,1143.8
2018-08-23T12:00:00Z,70.22,1021.5
2018-08-23T12:30:00Z,68.7,1003.5
2018-08-23T13:00:00Z,68.96,1022.5
2018-08-23T13:30:00Z,69.09,1041.5
2018-08-23T14:00:00Z,67.7,838.0
2018-08-23T14:30:00Z,67.52,881.5
2018-08-23T15:00:00Z,65.55,1135.3
2018-08-23T15:30:00Z,66.02,1210.0
2018-08-23T16:00:00Z,66.62,1296.8
2018-08-23T16:30:00Z,67.04,1370.8
2018-08-23T17:00:00Z,67.37,1418.8
2018-08-23T17:30:00Z,67.45,1457.8
2018-08-23T18:00:00Z,66.56,1285.5
2018-08-23T18:30:00Z,67.43,1402.75
2018-08-23T19:00:00Z,67.05,1332.75
2018-08-23T19:30:00Z,67.29,1359.75
2018-08-23T20:00:00Z,65.71,1130.35
2018-08-23T20:30:00Z,65.54,1164.35
2018-08-23T21:00:00Z,66.7,1223.5
2018-08-23T21:30:00Z,64.96,1342.0
2018-08-23T22:00:00Z,60.07,235.05
2018-08-23T22:30:00Z,56.15,222.5
2018-08-23T23:00:00Z,46.22,175.0
2018-08-23T23:30:00Z,41.37,226.7
2018-08-24T00:00:00Z,42.14,197.5
2018-08-24T00:30:00Z,36.14,321.0
2018-08-24T01:00:00Z,31.0,466.45
2018-08-24T01:30:00Z,29.03,562.65
2018-08-24T02:00:00Z,35.72,471.5
2018-08-24T02:30:00Z,36.07,570.5
2018-08-24T03:00:00Z,36.8,648.45
2018-08-24T03:30:00Z,37.25,650.55
2018-08-24T04:00:00Z,46.02,503.05
2018-08-24T04:30:00Z,49.04,648.0
2018-08-24T05:00:00Z,55.1,856.7
2018-08-24T05:30:00Z,52.09,1012.0
2018-08-24T06:00:00Z,54.91,340.5
2018-08-24T06:30:00Z,61.93999999999999,142.5
2018-08-24T07:00:00Z,59.52000000000001,349.65
2018-08-24T07:30:00Z,57.580000000000005,310.9
2018-08-24T08:00:00Z,56.25,423.5
2018-08-24T08:30:00Z,55.13,649.4
2018-08-24T09:00:00Z,54.3,737.5
2018-08-24T09:30:00Z,53.36,890.5
2018-08-24T10:00:00Z,53.89,980.35
2018-08-24T10:30:00Z,53.47,1079.5
2018-08-24T11:00:00Z,53.81,1198.45
2018-08-24T11:30:00Z,53.54,1330.75
2018-08-24T12:00:00Z,54.5,1122.35
2018-08-24T12:30:00Z,54.36999999999999,1300.3
2018-08-24T13:00:00Z,54.63999999999999,1301.3
2018-08-24T13:30:00Z,54.769999999999996,1309.55
2018-08-24T14:00:00Z,60.46,787.5
2018-08-24T14:30:00Z,59.7,1165.7
2018-08-24T15:00:00Z,59.2,1278.75
2018-08-24T15:30:00Z,59.52,1250.55
2018-08-24T16:00:00Z,66.7,1022.5
2018-08-24T16:30:00Z,69.1,1165.0
2018-08-24T17:00:00Z,71.24,1278.05
2018-08-24T17:30:00Z,71.25,1306.05
2018-08-24T18:00:00Z,78.85,802.75
2018-08-24T18:30:00Z,79.55,935.75
2018-08-24T19:00:00Z,79.95,955.1
2018-08-24T19:30:00Z,80.36,1058.95
2018-08-24T20:00:00Z,74.3,834.8
2018-08-24T20:30:00Z,71.7,766.1
2018-08-24T21:00:00Z,67.55,1128.95
2018-08-24T21:30:00Z,63.1,1556.25
2018-08-24T22:00:00Z,65.39,643.55
2018-08-24T22:30:00Z,66.01,577.5
2018-08-24T23:00:00Z,59.49,511.5
2018-08-24T23:30:00Z,58.94,522.4
2018-08-25T00:00:00Z,49.43,401.5
2018-08-25T00:30:00Z,47.58,494.5
2018-08-25T01:00:00Z,48.84000000000001,395.0
2018-08-25T01:30:00Z,45.36,524.7
2018-08-25T02:00:00Z,43.92,415.5
2018-08-25T02:30:00Z,44.3,414.4
2018-08-25T03:00:00Z,44.04999999999999,436.5
2018-08-25T03:30:00Z,43.29,495.0
2018-08-25T04:00:00Z,46.05,294.5
2018-08-25T04:30:00Z,49.62,292.6
2018-08-25T05:00:00Z,51.15,600.5
2018-08-25T05:30:00Z,51.79,753.85
2018-08-25T06:00:00Z,50.33,282.2
2018-08-25T06:30:00Z,54.62,290.4
2018-08-25T07:00:00Z,50.25999999999999,379.2
2018-08-25T07:30:00Z,51.41,491.85
2018-08-25T08:00:00Z,57.61,141.5
2018-08-25T08:30:00Z,56.18,435.45
2018-08-25T09:00:00Z,53.98,427.15
2018-08-25T09:30:00Z,54.56999999999999,471.1
2018-08-25T10:00:00Z,55.81,251.3
2018-08-25T10:30:00Z,53.95000000000001,631.3
2018-08-25T11:00:00Z,53.92,731.15
2018-08-25T11:30:00Z,53.86,804.2
2018-08-25T12:00:00Z,53.86,593.95
2018-08-25T12:30:00Z,53.27,612.2
2018-08-25T13:00:00Z,53.42,683.45
2018-08-25T13:30:00Z,53.12,772.95
2018-08-25T14:00:00Z,56.17,762.75
2018-08-25T14:30:00Z,57.48,599.65
2018-08-25T15:00:00Z,55.33,930.3
2018-08-25T15:30:00Z,54.49,917.25
2018-08-25T16:00:00Z,57.6,823.9
2018-08-25T16:30:00Z,60.61,721.4
2018-08-25T17:00:00Z,61.51,832.4
2018-08-25T17:30:00Z,60.22,1020.6
2018-08-25T18:00:00Z,70.87,616.45
2018-08-25T18:30:00Z,68.84,692.95
2018-08-25T19:00:00Z,71.92,694.3
2018-08-25T19:30:00Z,72.35,692.2
2018-08-25T20:00:00Z,72.64,597.8
2018-08-25T20:30:00Z,71.1,710.3
2018-08-25T21:00:00Z,65.44,897.2
2018-08-25T21:30:00Z,65.0,1051.65
2018-08-25T22:00:00Z,69.76,459.35
2018-08-25T22:30:00Z,70.75,472.7
2018-08-25T23:00:00Z,62.14,196.05
2018-08-25T23:30:00Z,61.74000000000001,187.15
2018-08-26T00:00:00Z,62.699999999999996,73.5
2018-08-26T00:30:00Z,57.77,163.15
2018-08-26T01:00:00Z,56.99,231.9
2018-08-26T01:30:00Z,55.87,276.25
2018-08-26T02:00:00Z,50.81,197.1
2018-08-26T02:30:00Z,50.67,339.5
2018-08-26T03:00:00Z,50.92,243.05
2018-08-26T03:30:00Z,51.510000000000005,350.5
2018-08-26T04:00:00Z,51.16,382.9
2018-08-26T04:30:00Z,51.17,428.2
2018-08-26T05:00:00Z,50.86,507.5
2018-08-26T05:30:00Z,51.36,569.05
2018-08-26T06:00:00Z,49.63000000000001,712.0
2018-08-26T06:30:00Z,50.42,485.65
2018-08-26T07:00:00Z,49.19,559.2
2018-08-26T07:30:00Z,50.93,660.75
2018-08-26T08:00:00Z,52.43999999999999,452.95
2018-08-26T08:30:00Z,51.19,617.3
2018-08-26T09:00:00Z,48.86,796.2
2018-08-26T09:30:00Z,48.42,857.55
2018-08-26T10:00:00Z,43.72,867.75
2018-08-26T10:30:00Z,43.75,894.75
2018-08-26T11:00:00Z,44.64,1069.1
2018-08-26T11:30:00Z,45.34,1153.6
2018-08-26T12:00:00Z,38.73,887.75
2018-08-26T12:30:00Z,38.74,955.25
2018-08-26T13:00:00Z,38.68,945.25
2018-08-26T13:30:00Z,37.44,1108.5
2018-08-26T14:00:00Z,50.290000000000006,810.15
2018-08-26T14:30:00Z,47.82,971.9
2018-08-26T15:00:00Z,47.75,1154.05
2018-08-26T15:30:00Z,49.38,1060.2
2018-08-26T16:00:00Z,58.25,729.05
2018-08-26T16:30:00Z,68.79,1019.85
2018-08-26T17:00:00Z,68.95,1111.85
2018-08-26T17:30:00Z,68.06,1002.85
2018-08-26T18:00:00Z,65.03,713.3
2018-08-26T18:30:00Z,66.28,801.3
2018-08-26T19:00:00Z,67.27,875.05
2018-08-26T19:30:00Z,66.96,928.45
2018-08-26T20:00:00Z,64.39,789.85
2018-08-26T20:30:00Z,60.29,758.05
2018-08-26T21:00:00Z,64.02,916.5
2018-08-26T21:30:00Z,55.31,883.25
2018-08-26T22:00:00Z,44.2,513.5
2018-08-26T22:30:00Z,38.3,312.5
2018-08-26T23:00:00Z,34.8,365.5
2018-08-26T23:30:00Z,25.65,587.5
2018-08-27T00:00:00Z,13.84,549.0
2018-08-27T00:30:00Z,13.45,686.5
2018-08-27T01:00:00Z,14.11,704.3
2018-08-27T01:30:00Z,13.33,664.45
2018-08-27T02:00:00Z,14.119999999999997,664.75
2018-08-27T02:30:00Z,13.950000000000001,713.0
2018-08-27T03:00:00Z,9.32,734.25
2018-08-27T03:30:00Z,8.26,771.85
2018-08-27T04:00:00Z,21.6,584.2
2018-08-27T04:30:00Z,17.44,644.75
2018-08-27T05:00:00Z,25.79,560.75
2018-08-27T05:30:00Z,29.29,810.5
2018-08-27T06:00:00Z,50.4,856.4
2018-08-27T06:30:00Z,52.67,915.5
2018-08-27T07:00:00Z,56.45,877.7
2018-08-27T07:30:00Z,61.45,1003.5
2018-08-27T08:00:00Z,63.13,697.05
2018-08-27T08:30:00Z,62.31,813.3
2018-08-27T09:00:00Z,61.54,1008.6
2018-08-27T09:30:00Z,61.55,1053.8
2018-08-27T10:00:00Z,60.19,612.15
2018-08-27T10:30:00Z,59.98,764.9
2018-08-27T11:00:00Z,59.57,1013.75
2018-08-27T11:30:00Z,60.24,1079.4
2018-08-27T12:00:00Z,59.95,844.4
2018-08-27T12:30:00Z,60.88,916.4
2018-08-27T13:00:00Z,61.96,1004.9
2018-08-27T13:30:00Z,61.93,1049.25
2018-08-27T14:00:00Z,61.34,1050.9
2018-08-27T14:30:00Z,62.54,928.3
2018-08-27T15:00:00Z,62.13,1220.65
2018-08-27T15:30:00Z,62.37,1654.7
2018-08-27T16:00:00Z,70.18,875.45
2018-08-27T16:30:00Z,72.14,1127.2
2018-08-27T17:00:00Z,72.07,1141.35
2018-08-27T17:30:00Z,76.58,1645.3
2018-08-27T18:00:00Z,84.96,1401.4
2018-08-27T18:30:00Z,84.0,1442.5
2018-08-27T19:00:00Z,84.85,1466.35
2018-08-27T19:30:00Z,84.52,1539.4
2018-08-27T20:00:00Z,81.97,1131.25
2018-08-27T20:30:00Z,81.03,974.55
2018-08-27T21:00:00Z,80.94,954.5
2018-08-27T21:30:00Z,76.88,967.95
2018-08-27T22:00:00Z,58.43,257.05
2018-08-27T22:30:00Z,62.90999999999999,222.55
2018-08-27T23:00:00Z,57.61,148.15
2018-08-27T23:30:00Z,56.48,229.6
2018-08-28T00:00:00Z,56.35,183.8
2018-08-28T00:30:00Z,55.07,231.95
2018-08-28T01:00:00Z,54.81,315.4
2018-08-28T01:30:00Z,54.42,365.3
2018-08-28T02:00:00Z,54.47,350.5
2018-08-28T02:30:00Z,55.0,370.85
2018-08-28T03:00:00Z,57.81,522.75
2018-08-28T03:30:00Z,60.67,658.0
2018-08-28T04:00:00Z,62.51,407.15
2018-08-28T04:30:00Z,61.41,425.05
2018-08-28T05:00:00Z,63.31,673.1
2018-08-28T05:30:00Z,61.54,705.4
2018-08-28T06:00:00Z,69.57,351.2
2018-08-28T06:30:00Z,72.35,416.5
2018-08-28T07:00:00Z,73.44,368.5
2018-08-28T07:30:00Z,72.05,464.5
2018-08-28T08:00:00Z,71.59,351.5
2018-08-28T08:30:00Z,70.88,502.2
2018-08-28T09:00:00Z,70.44,545.2
2018-08-28T09:30:00Z,67.68,608.9
2018-08-28T10:00:00Z,58.29999999999999,830.5
2018-08-28T10:30:00Z,57.54,894.15
2018-08-28T11:00:00Z,58.16,940.75
2018-08-28T11:30:00Z,59.09,961.55
2018-08-28T12:00:00Z,0.0,0.0
2018-08-28T12:30:00Z,0.0,0.0
2018-08-28T13:00:00Z,0.0,0.0
2018-08-28T13:30:00Z,61.19,1385.8
2018-08-28T14:00:00Z,72.56,683.7
2018-08-28T14:30:00Z,74.58,709.5
2018-08-28T15:00:00Z,72.76,975.05
2018-08-28T15:30:00Z,74.22,938.0
2018-08-28T16:00:00Z,76.39000000000001,974.5
2018-08-28T16:30:00Z,77.06,1172.15
2018-08-28T17:00:00Z,75.45,1262.0
2018-08-28T17:30:00Z,75.8,1375.05
2018-08-28T18:00:00Z,75.31,794.5
2018-08-28T18:30:00Z,75.22,798.25
2018-08-28T19:00:00Z,76.59,969.75
2018-08-28T19:30:00Z,76.34,941.75
2018-08-28T20:00:00Z,76.12,788.0
2018-08-28T20:30:00Z,72.3,602.45
2018-08-28T21:00:00Z,70.91,778.5
2018-08-28T21:30:00Z,67.95,1271.5
2018-08-28T22:00:00Z,60.44,221.0
2018-08-28T22:30:00Z,62.0,27.45
2018-08-28T23:00:00Z,55.32,158.2
2018-08-28T23:30:00Z,56.44,218.3
2018-08-29T00:00:00Z,55.36,226.0
2018-08-29T00:30:00Z,55.22,162.5
2018-08-29T01:00:00Z,55.63,175.5
2018-08-29T01:30:00Z,56.19,203.5
2018-08-29T02:00:00Z,56.78000000000001,87.7
2018-08-29T02:30:00Z,57.07,103.25
2018-08-29T03:00:00Z,57.46,128.8
2018-08-29T03:30:00Z,58.35000000000001,181.2
2018-08-29T04:00:00Z,66.39,109.1
2018-08-29T04:30:00Z,64.52,171.4
2018-08-29T05:00:00Z,67.09,295.9
2018-08-29T05:30:00Z,57.41,506.2
2018-08-29T06:00:00Z,61.52,281.35
2018-08-29T06:30:00Z,79.26,148.0
2018-08-29T07:00:00Z,82.63,150.9
2018-08-29T07:30:00Z,84.46,343.95
2018-08-29T08:00:00Z,84.84,408.55
2018-08-29T08:30:00Z,85.79,317.65
2018-08-29T09:00:00Z,87.31,321.0
2018-08-29T09:30:00Z,86.66,347.5
2018-08-29T10:00:00Z,79.71000000000001,428.9
2018-08-29T10:30:00Z,78.96,455.75
2018-08-29T11:00:00Z,76.32,450.25
2018-08-29T11:30:00Z,75.72,439.85
2018-08-29T12:00:00Z,67.28,604.8
2018-08-29T12:30:00Z,64.92,885.05
2018-08-29T13:00:00Z,66.24,810.0
2018-08-29T13:30:00Z,65.31,946.5
2018-08-29T14:00:00Z,70.87,160.0
2018-08-29T14:30:00Z,69.26,555.35
2018-08-29T15:00:00Z,65.85,810.15
2018-08-29T15:30:00Z,66.26,933.55
2018-08-29T16:00:00Z,66.44,970.35
2018-08-29T16:30:00Z,68.48,899.1
2018-08-29T17:00:00Z,65.97,1141.65
2018-08-29T17:30:00Z,66.69,1034.0
2018-08-29T18:00:00Z,69.5,561.35
2018-08-29T18:30:00Z,69.67,668.4
2018-08-29T19:00:00Z,71.11,616.8
2018-08-29T19:30:00Z,74.43,796.1
2018-08-29T20:00:00Z,67.82,483.25
2018-08-29T20:30:00Z,65.37,557.0
2018-08-29T21:00:00Z,66.8,474.5
2018-08-29T21:30:00Z,66.42,728.15
2018-08-29T22:00:00Z,59.73,135.0
2018-08-29T22:30:00Z,61.89999999999999,302.3
2018-08-29T23:00:00Z,60.39000000000001,308.85
2018-08-29T23:30:00Z,56.71,338.75
2018-08-30T00:00:00Z,55.22,412.85
2018-08-30T00:30:00Z,55.42,518.8
2018-08-30T01:00:00Z,55.24,549.85
2018-08-30T01:30:00Z,55.24,499.5
2018-08-30T02:00:00Z,54.46,381.5
2018-08-30T02:30:00Z,53.49000000000001,683.55
2018-08-30T03:00:00Z,53.529999999999994,669.65
2018-08-30T03:30:00Z,54.26,579.15
2018-08-30T04:00:00Z,54.59,561.6
2018-08-30T04:30:00Z,56.85,447.45
2018-08-30T05:00:00Z,65.25,687.45
2018-08-30T05:30:00Z,56.25,1100.0
2018-08-30T06:00:00Z,61.25,52.8
2018-08-30T06:30:00Z,80.65,161.0
2018-08-30T07:00:00Z,71.98,110.8
2018-08-30T07:30:00Z,59.970000000000006,384.1
2018-08-30T08:00:00Z,59.76,413.15
2018-08-30T08:30:00Z,59.38000000000001,647.75
2018-08-30T09:00:00Z,63.08,698.0
2018-08-30T09:30:00Z,58.92,1003.35
2018-08-30T10:00:00Z,59.83,726.05
2018-08-30T10:30:00Z,59.1,1019.05
2018-08-30T11:00:00Z,59.21999999999999,1128.9
2018-08-30T11:30:00Z,59.17,1025.0
2018-08-30T12:00:00Z,59.64,1037.0
2018-08-30T12:30:00Z,59.7,1102.5
2018-08-30T13:00:00Z,59.39999999999999,1197.75
2018-08-30T13:30:00Z,59.489999999999995,1175.5
2018-08-30T14:00:00Z,66.88,883.25
2018-08-30T14:30:00Z,69.02,849.35
2018-08-30T15:00:00Z,65.0,1332.5
2018-08-30T15:30:00Z,67.79,1204.6
2018-08-30T16:00:00Z,74.37,794.0
2018-08-30T16:30:00Z,75.13,852.25
2018-08-30T17:00:00Z,76.22,1055.6
2018-08-30T17:30:00Z,76.33,975.75
2018-08-30T18:00:00Z,77.0,737.7
2018-08-30T18:30:00Z,73.91,956.1
2018-08-30T19:00:00Z,73.78,1049.55
2018-08-30T19:30:00Z,72.78,1072.75
2018-08-30T20:00:00Z,71.48,857.75
2018-08-30T20:30:00Z,71.04,971.05
2018-08-30T21:00:00Z,70.37,998.15
2018-08-30T21:30:00Z,68.09,1437.05
2018-08-30T22:00:00Z,59.77,615.0
2018-08-30T22:30:00Z,61.67,310.0
2018-08-30T23:00:00Z,62.63,139.7
2018-08-30T23:30:00Z,56.019999999999996,53.2
2018-08-31T00:00:00Z,0.0,0.0
2018-08-31T00:30:00Z,56.16,51.6
2018-08-31T01:00:00Z,55.48,93.35
2018-08-31T01:30:00Z,56.61000000000001,294.7
2018-08-31T02:00:00Z,55.77,155.0
2018-08-31T02:30:00Z,55.99,183.0
2018-08-31T03:00:00Z,55.74000000000001,202.8
2018-08-31T03:30:00Z,53.66,257.7
2018-08-31T04:00:00Z,54.37,232.55
2018-08-31T04:30:00Z,56.50999999999999,172.7
2018-08-31T05:00:00Z,63.18000000000001,330.85
2018-08-31T05:30:00Z,60.91,546.05
2018-08-31T06:00:00Z,59.16,331.8
2018-08-31T06:30:00Z,0.0,0.0
2018-08-31T07:00:00Z,60.77000000000001,44.5
2018-08-31T07:30:00Z,63.13,224.65
2018-08-31T08:00:00Z,60.93,262.2
2018-08-31T08:30:00Z,59.79,350.0
2018-08-31T09:00:00Z,59.00999999999999,655.75
2018-08-31T09:30:00Z,58.61,733.5
2018-08-31T10:00:00Z,57.27,823.85
2018-08-31T10:30:00Z,56.24,1072.6
2018-08-31T11:00:00Z,56.34,1117.95
2018-08-31T11:30:00Z,56.09,1214.45
2018-08-31T12:00:00Z,59.17999999999999,1131.2
2018-08-31T12:30:00Z,57.99,1106.45
2018-08-31T13:00:00Z,57.88,1246.15
2018-08-31T13:30:00Z,57.74000000000001,1276.7
2018-08-31T14:00:00Z,58.03,726.0
2018-08-31T14:30:00Z,58.34,767.75
2018-08-31T15:00:00Z,57.82,929.6
2018-08-31T15:30:00Z,58.94,913.8
2018-08-31T16:00:00Z,58.34000000000001,676.8
2018-08-31T16:30:00Z,60.34,704.6
2018-08-31T17:00:00Z,59.83,704.6
2018-08-31T17:30:00Z,59.92000000000001,711.05
2018-08-31T18:00:00Z,63.6,658.05
2018-08-31T18:30:00Z,63.36,801.5
2018-08-31T19:00:00Z,64.13,805.0
2018-08-31T19:30:00Z,64.13,838.0
2018-08-31T20:00:00Z,62.910000000000004,1063.45
2018-08-31T20:30:00Z,62.13,998.4
2018-08-31T21:00:00Z,61.79,1260.55
2018-08-31T21:30:00Z,60.699999999999996,1526.0
2018-08-31T22:00:00Z,64.84,137.2
2018-08-31T22:30:00Z,66.44,151.8
2018-08-31T23:00:00Z,62.15,146.0
2018-08-31T23:30:00Z,61.35,142.85
2018-09-01T00:00:00Z,0.0,0.0
2018-09-01T00:30:00Z,54.75,148.85
2018-09-01T01:00:00Z,54.27,116.95
2018-09-01T01:30:00Z,53.32,176.9
2018-09-01T02:00:00Z,51.41,106.3
2018-09-01T02:30:00Z,52.81000000000001,187.15
2018-09-01T03:00:00Z,53.43000000000001,168.4
2018-09-01T03:30:00Z,52.4,231.8
2018-09-01T04:00:00Z,57.82,121.0
2018-09-01T04:30:00Z,56.12,251.65
2018-09-01T05:00:00Z,58.35,135.0
2018-09-01T05:30:00Z,59.91,271.5
2018-09-01T06:00:00Z,55.08,266.05
2018-09-01T06:30:00Z,60.97,124.6
2018-09-01T07:00:00Z,59.68,171.15
2018-09-01T07:30:00Z,61.7,353.8
2018-09-01T08:00:00Z,65.94,298.4
2018-09-01T08:30:00Z,66.3,327.4
2018-09-01T09:00:00Z,67.29,431.4
2018-09-01T09:30:00Z,67.92,519.9
2018-09-01T10:00:00Z,61.76,343.0
2018-09-01T10:30:00Z,61.55,397.5
2018-09-01T11:00:00Z,60.95,436.0
2018-09-01T11:30:00Z,60.68,440.0
2018-09-01T12:00:00Z,54.18,638.7
2018-09-01T12:30:00Z,54.51,581.5
2018-09-01T13:00:00Z,53.97,714.65
2018-09-01T13:30:00Z,53.86,712.7
2018-09-01T14:00:00Z,52.71,614.6
2018-09-01T14:30:00Z,52.63999999999999,675.35
2018-09-01T15:00:00Z,53.13,663.15
2018-09-01T15:30:00Z,55.160000000000004,804.25
2018-09-01T16:00:00Z,53.8,296.15
2018-09-01T16:30:00Z,63.92,147.0
2018-09-01T17:00:00Z,69.66,181.0
2018-09-01T17:30:00Z,78.75,517.5
2018-09-01T18:00:00Z,82.9,293.4
2018-09-01T18:30:00Z,83.36999999999999,423.75
2018-09-01T19:00:00Z,82.0,470.9
2018-09-01T19:30:00Z,79.75,511.85
2018-09-01T20:00:00Z,65.81,237.4
2018-09-01T20:30:00Z,64.33,247.55
2018-09-01T21:00:00Z,59.95000000000001,328.0
2018-09-01T21:30:00Z,62.1,577.5
2018-09-01T22:00:00Z,69.53,281.25
2018-09-01T22:30:00Z,66.64,133.45
2018-09-01T23:00:00Z,66.34,120.85
2018-09-01T23:30:00Z,68.52,248.45
2018-09-02T00:00:00Z,58.6,151.9
2018-09-02T00:30:00Z,58.77,169.4
2018-09-02T01:00:00Z,57.77,281.3
2018-09-02T01:30:00Z,57.279999999999994,289.05
2018-09-02T02:00:00Z,53.85999999999999,198.5
2018-09-02T02:30:00Z,53.92,267.0
2018-09-02T03:00:00Z,53.44,304.6
2018-09-02T03:30:00Z,53.4,297.7
2018-09-02T04:00:00Z,49.02,146.55
2018-09-02T04:30:00Z,48.370000000000005,119.5
2018-09-02T05:00:00Z,48.2,150.0
2018-09-02T05:30:00Z,47.65,225.2
2018-09-02T06:00:00Z,49.17,496.35
2018-09-02T06:30:00Z,50.36,586.0
2018-09-02T07:00:00Z,50.52,646.8
2018-09-02T07:30:00Z,50.91,619.5
2018-09-02T08:00:00Z,52.95,634.65
2018-09-02T08:30:00Z,52.13999999999999,733.3
2018-09-02T09:00:00Z,52.07,847.65
2018-09-02T09:30:00Z,51.43,1078.45
2018-09-02T10:00:00Z,51.34,761.95
2018-09-02T10:30:00Z,51.48,852.6
2018-09-02T11:00:00Z,51.42,934.6
2018-09-02T11:30:00Z,51.31,967.55
2018-09-02T12:00:00Z,49.8,949.0
2018-09-02T12:30:00Z,48.41,1278.7
2018-09-02T13:00:00Z,48.76,1234.15
2018-09-02T13:30:00Z,47.3,1288.6
2018-09-02T14:00:00Z,47.14,1683.5
2018-09-02T14:30:00Z,50.980000000000004,1583.5
2018-09-02T15:00:00Z,51.94,1512.15
2018-09-02T15:30:00Z,53.41,1862.2
2018-09-02T16:00:00Z,58.95,642.0
2018-09-02T16:30:00Z,58.05,809.0
2018-09-02T17:00:00Z,58.27,809.8
2018-09-02T17:30:00Z,58.43,827.75
2018-09-02T18:00:00Z,73.18,430.5
2018-09-02T18:30:00Z,73.51,467.25
2018-09-02T19:00:00Z,77.13,581.75
2018-09-02T19:30:00Z,79.2,692.35
2018-09-02T20:00:00Z,75.19,673.05
2018-09-02T20:30:00Z,70.13,628.35
2018-09-02T21:00:00Z,67.49,780.15
2018-09-02T21:30:00Z,63.650000000000006,1149.9
2018-09-02T22:00:00Z,70.65,84.5
2018-09-02T22:30:00Z,73.97,143.15
2018-09-02T23:00:00Z,62.53,201.7
2018-09-02T23:30:00Z,62.27,182.45
2018-09-03T00:00:00Z,58.52,53.75
2018-09-03T00:30:00Z,57.24,132.35
2018-09-03T01:00:00Z,57.16,151.7
2018-09-03T01:30:00Z,57.029999999999994,181.75
2018-09-03T02:00:00Z,52.4,240.0
2018-09-03T02:30:00Z,52.54,247.1
2018-09-03T03:00:00Z,52.65,275.7
2018-09-03T03:30:00Z,51.65,269.5
2018-09-03T04:00:00Z,60.93,248.0
2018-09-03T04:30:00Z,61.35,225.0
2018-09-03T05:00:00Z,66.26,677.7
2018-09-03T05:30:00Z,56.45,927.25
2018-09-03T06:00:00Z,54.03000000000001,197.5
2018-09-03T06:30:00Z,62.190000000000005,264.95
2018-09-03T07:00:00Z,60.29,124.1
2018-09-03T07:30:00Z,57.75,154.75
2018-09-03T08:00:00Z,60.14,375.75
2018-09-03T08:30:00Z,60.0,378.25
2018-09-03T09:00:00Z,59.11,451.3
2018-09-03T09:30:00Z,57.87,656.5
2018-09-03T10:00:00Z,57.68,1029.9
2018-09-03T10:30:00Z,57.82,1269.0
2018-09-03T11:00:00Z,57.7,1384.5
2018-09-03T11:30:00Z,57.519999999999996,1391.25
2018-09-03T12:00:00Z,58.06,1511.0
2018-09-03T12:30:00Z,58.129999999999995,1477.5
2018-09-03T13:00:00Z,57.91,1629.0
2018-09-03T13:30:00Z,58.11,1582.8
2018-09-03T14:00:00Z,58.88,1097.55
2018-09-03T14:30:00Z,60.160000000000004,1161.25
2018-09-03T15:00:00Z,62.24000000000001,1136.75
2018-09-03T15:30:00Z,64.05,1212.75
2018-09-03T16:00:00Z,72.83,655.05
2018-09-03T16:30:00Z,71.94,807.5
2018-09-03T17:00:00Z,70.37,881.5
2018-09-03T17:30:00Z,68.61,1064.0
2018-09-03T18:00:00Z,71.36,831.9
2018-09-03T18:30:00Z,71.44,969.0
2018-09-03T19:00:00Z,71.57,1094.0
2018-09-03T19:30:00Z,71.56,1103.5
2018-09-03T20:00:00Z,66.05,767.5
2018-09-03T20:30:00Z,64.68,736.5
2018-09-03T21:00:00Z,61.3,1534.45
2018-09-03T21:30:00Z,63.71000000000001,1452.35
2018-09-03T22:00:00Z,68.01,100.0
2018-09-03T22:30:00Z,67.19,154.7
2018-09-03T23:00:00Z,64.84,53.0
2018-09-03T23:30:00Z,61.15,104.7
2018-09-04T00:00:00Z,0.0,0.0
2018-09-04T00:30:00Z,55.85999999999999,118.6
2018-09-04T01:00:00Z,55.44,136.7
2018-09-04T01:30:00Z,54.01,190.35
2018-09-04T02:00:00Z,52.52,361.65
2018-09-04T02:30:00Z,52.79999999999999,394.0
2018-09-04T03:00:00Z,52.86,414.05
2018-09-04T03:30:00Z,53.18,499.2
2018-09-04T04:00:00Z,62.080000000000005,271.1
2018-09-04T04:30:00Z,63.17,432.55
2018-09-04T05:00:00Z,63.599999999999994,460.95
2018-09-04T05:30:00Z,58.9,631.55
2018-09-04T06:00:00Z,66.99,409.0
2018-09-04T06:30:00Z,69.57,442.25
2018-09-04T07:00:00Z,67.49,429.75
2018-09-04T07:30:00Z,65.1,523.95
2018-09-04T08:00:00Z,63.96,670.75
2018-09-04T08:30:00Z,62.82,893.5
2018-09-04T09:00:00Z,62.71,931.5
2018-09-04T09:30:00Z,62.53,1026.9
2018-09-04T10:00:00Z,60.42999999999999,862.0
2018-09-04T10:30:00Z,60.4,961.5
2018-09-04T11:00:00Z,60.20000000000001,1149.2
2018-09-04T11:30:00Z,60.02,1128.6
2018-09-04T12:00:00Z,60.56,1118.0
2018-09-04T12:30:00Z,60.85000000000001,1212.15
2018-09-04T13:00:00Z,60.59,1390.3
2018-09-04T13:30:00Z,60.33,1417.85
2018-09-04T14:00:00Z,66.54,1325.0
2018-09-04T14:30:00Z,66.76,1425.45
2018-09-04T15:00:00Z,65.21,1643.6
2018-09-04T15:30:00Z,67.37,1546.85
2018-09-04T16:00:00Z,70.49,1559.75
2018-09-04T16:30:00Z,70.85,1677.55
2018-09-04T17:00:00Z,69.76,1946.6
2018-09-04T17:30:00Z,69.44,1914.15
2018-09-04T18:00:00Z,68.11,1236.5
2018-09-04T18:30:00Z,68.52,1419.5
2018-09-04T19:00:00Z,70.12,1731.5
2018-09-04T19:30:00Z,69.46,1642.5
2018-09-04T20:00:00Z,68.43,1509.1
2018-09-04T20:30:00Z,66.66,1663.85
2018-09-04T21:00:00Z,67.56,1706.85
2018-09-04T21:30:00Z,67.45,1990.2
2018-09-04T22:00:00Z,64.46,311.05
2018-09-04T22:30:00Z,61.72,265.45
2018-09-04T23:00:00Z,58.76,226.3
2018-09-04T23:30:00Z,54.37,429.8
2018-09-05T00:00:00Z,53.70000000000001,406.5
2018-09-05T00:30:00Z,53.71,398.0
2018-09-05T01:00:00Z,53.809999999999995,319.0
2018-09-05T01:30:00Z,54.08,448.0
2018-09-05T02:00:00Z,54.85,274.5
2018-09-05T02:30:00Z,55.1,292.0
2018-09-05T03:00:00Z,55.22,297.0
2018-09-05T03:30:00Z,55.11999999999999,398.25
2018-09-05T04:00:00Z,67.21,291.2
2018-09-05T04:30:00Z,67.65,341.8
2018-09-05T05:00:00Z,69.06,633.05
2018-09-05T05:30:00Z,65.02,574.5
2018-09-05T06:00:00Z,59.89,217.6
2018-09-05T06:30:00Z,78.12,242.05
2018-09-05T07:00:00Z,92.43,287.5
2018-09-05T07:30:00Z,99.51000000000002,672.65
2018-09-05T08:00:00Z,85.69,712.0
2018-09-05T08:30:00Z,82.67,830.0
2018-09-05T09:00:00Z,78.43999999999998,987.45
2018-09-05T09:30:00Z,79.1,943.1
2018-09-05T10:00:00Z,64.73,952.6
2018-09-05T10:30:00Z,63.940000000000005,1086.85
2018-09-05T11:00:00Z,64.24,1148.4
2018-09-05T11:30:00Z,64.13,1267.8
2018-09-05T12:00:00Z,63.18,960.5
2018-09-05T12:30:00Z,63.82,1039.25
2018-09-05T13:00:00Z,64.67,1118.25
2018-09-05T13:30:00Z,64.03,1176.55
2018-09-05T14:00:00Z,69.99,724.8
2018-09-05T14:30:00Z,70.96,735.3
2018-09-05T15:00:00Z,68.94,915.3
2018-09-05T15:30:00Z,70.88,888.65
2018-09-05T16:00:00Z,76.99,825.75
2018-09-05T16:30:00Z,76.76,1005.0
2018-09-05T17:00:00Z,76.02,1092.0
2018-09-05T17:30:00Z,75.85,1199.5
2018-09-05T18:00:00Z,73.06,992.75
2018-09-05T18:30:00Z,73.36,1089.75
2018-09-05T19:00:00Z,75.29,1106.75
2018-09-05T19:30:00Z,74.47,1183.25
2018-09-05T20:00:00Z,72.93,991.1
2018-09-05T20:30:00Z,68.95,1025.5
2018-09-05T21:00:00Z,67.6,1292.75
2018-09-05T21:30:00Z,67.6,1612.7
2018-09-05T22:00:00Z,61.94,381.85
2018-09-05T22:30:00Z,60.97,312.55
2018-09-05T23:00:00Z,57.79,185.0
2018-09-05T23:30:00Z,57.37,250.7
2018-09-06T00:00:00Z,56.21,473.0
2018-09-06T00:30:00Z,55.879999999999995,421.0
2018-09-06T01:00:00Z,55.98,434.5
2018-09-06T01:30:00Z,56.02,473.5
2018-09-06T02:00:00Z,55.92,439.0
2018-09-06T02:30:00Z,56.08,455.75
2018-09-06T03:00:00Z,56.06,489.0
2018-09-06T03:30:00Z,56.65,598.0
2018-09-06T04:00:00Z,62.88000000000001,338.35
2018-09-06T04:30:00Z,62.809999999999995,532.0
2018-09-06T05:00:00Z,64.8,799.0
2018-09-06T05:30:00Z,59.62,1038.6
2018-09-06T06:00:00Z,65.74,540.65
2018-09-06T06:30:00Z,81.05,354.0
2018-09-06T07:00:00Z,81.38,473.0
2018-09-06T07:30:00Z,80.7,493.75
2018-09-06T08:00:00Z,80.08,558.5
2018-09-06T08:30:00Z,79.69,678.75
2018-09-06T09:00:00Z,79.34,760.0
2018-09-06T09:30:00Z,77.55,957.25
2018-09-06T10:00:00Z,69.13,687.4
2018-09-06T10:30:00Z,68.54,825.9
2018-09-06T11:00:00Z,67.81,935.9
2018-09-06T11:30:00Z,67.88,915.45
2018-09-06T12:00:00Z,67.64,954.45
2018-09-06T12:30:00Z,67.08,996.9
2018-09-06T13:00:00Z,66.96,1038.7
2018-09-06T13:30:00Z,66.02,1194.95
2018-09-06T14:00:00Z,72.49,609.4
2018-09-06T14:30:00Z,74.67,751.5
2018-09-06T15:00:00Z,74.47,979.65
2018-09-06T15:30:00Z,78.67,1064.65
2018-09-06T16:00:00Z,81.38,1201.95
2018-09-06T16:30:00Z,80.18,1382.7
2018-09-06T17:00:00Z,78.54,1589.25
2018-09-06T17:30:00Z,77.61,1748.6
2018-09-06T18:00:00Z,72.71,1377.45
2018-09-06T18:30:00Z,72.76,1491.95
2018-09-06T19:00:00Z,72.6,1502.25
2018-09-06T19:30:00Z,72.49,1510.25
2018-09-06T20:00:00Z,68.85,1584.75
2018-09-06T20:30:00Z,68.8,1620.5
2018-09-06T21:00:00Z,67.67,1954.55
2018-09-06T21:30:00Z,67.26,2041.5
2018-09-06T22:00:00Z,71.23,43.8
2018-09-06T22:30:00Z,0.0,0.0
2018-09-06T23:00:00Z,66.04,36.0
2018-09-06T23:30:00Z,64.67,77.0
2018-09-07T00:00:00Z,62.85,51.0
2018-09-07T00:30:00Z,58.11,281.75
2018-09-07T01:00:00Z,58.62,432.2
2018-09-07T01:30:00Z,58.58,356.0
2018-09-07T02:00:00Z,58.55,224.85
2018-09-07T02:30:00Z,58.46999999999999,304.45
2018-09-07T03:00:00Z,59.13,423.7
2018-09-07T03:30:00Z,58.37,412.5
2018-09-07T04:00:00Z,60.14,354.5
2018-09-07T04:30:00Z,61.49,398.1
2018-09-07T05:00:00Z,63.22,560.4
2018-09-07T05:30:00Z,61.68,694.0
2018-09-07T06:00:00Z,66.56,129.25
2018-09-07T06:30:00Z,72.24,175.05
2018-09-07T07:00:00Z,72.12,343.5
2018-09-07T07:30:00Z,72.55,407.5
2018-09-07T08:00:00Z,68.58,258.0
2018-09-07T08:30:00Z,67.15,389.25
2018-09-07T09:00:00Z,64.33,523.45
2018-09-07T09:30:00Z,64.84,466.0
2018-09-07T10:00:00Z,59.43,511.75
2018-09-07T10:30:00Z,59.77,810.25
2018-09-07T11:00:00Z,59.77,810.25
2018-09-07T11:30:00Z,60.14,955.8
2018-09-07T12:00:00Z,60.76,1045.75
2018-09-07T12:30:00Z,60.81999999999999,1086.75
2018-09-07T13:00:00Z,60.67,1217.65
2018-09-07T13:30:00Z,59.78,1292.9
2018-09-07T14:00:00Z,62.17,868.5
2018-09-07T14:30:00Z,61.83,1054.15
2018-09-07T15:00:00Z,61.67,1023.75
2018-09-07T15:30:00Z,61.91,1061.45
2018-09-07T16:00:00Z,70.98,648.5
2018-09-07T16:30:00Z,72.0,672.25
2018-09-07T17:00:00Z,74.1,817.75
2018-09-07T17:30:00Z,74.04,803.25
2018-09-07T18:00:00Z,83.84,677.5
2018-09-07T18:30:00Z,84.02,718.0
2018-09-07T19:00:00Z,84.14,750.5
2018-09-07T19:30:00Z,83.71,911.25
2018-09-07T20:00:00Z,77.94,353.05
2018-09-07T20:30:00Z,71.87,334.55
2018-09-07T21:00:00Z,70.1,434.2
2018-09-07T21:30:00Z,67.29,989.45
2018-09-07T22:00:00Z,70.53,339.5
2018-09-07T22:30:00Z,72.67,227.05
2018-09-07T23:00:00Z,73.88,334.5
2018-09-07T23:30:00Z,70.94,264.5
2018-09-08T00:00:00Z,71.26,97.25
2018-09-08T00:30:00Z,70.77,105.0
2018-09-08T01:00:00Z,70.07,80.25
2018-09-08T01:30:00Z,69.56,146.85
2018-09-08T02:00:00Z,70.66,221.5
2018-09-08T02:30:00Z,70.13,288.5
2018-09-08T03:00:00Z,70.05,308.5
2018-09-08T03:30:00Z,69.68,349.5
2018-09-08T04:00:00Z,70.93,263.25
2018-09-08T04:30:00Z,73.04,289.85
2018-09-08T05:00:00Z,72.22000000000001,232.55
2018-09-08T05:30:00Z,70.09,342.9
2018-09-08T06:00:00Z,78.13,280.0
2018-09-08T06:30:00Z,83.04,265.05
2018-09-08T07:00:00Z,83.34,347.5
2018-09-08T07:30:00Z,79.41000000000001,448.5
2018-09-08T08:00:00Z,81.29,345.0
2018-09-08T08:30:00Z,81.22,479.5
2018-09-08T09:00:00Z,81.53,619.0
2018-09-08T09:30:00Z,81.16,608.0
2018-09-08T10:00:00Z,72.44,529.5
2018-09-08T10:30:00Z,73.89,674.0
2018-09-08T11:00:00Z,74.17,783.0
2018-09-08T11:30:00Z,74.05,834.8
2018-09-08T12:00:00Z,65.44,677.5
2018-09-08T12:30:00Z,64.58,829.5
2018-09-08T13:00:00Z,63.98,891.0
2018-09-08T13:30:00Z,63.67,970.3
2018-09-08T14:00:00Z,66.72,728.5
2018-09-08T14:30:00Z,66.61,828.6
2018-09-08T15:00:00Z,70.03,560.5
2018-09-08T15:30:00Z,70.17,687.15
2018-09-08T16:00:00Z,74.53999999999999,445.2
2018-09-08T16:30:00Z,75.06999999999998,459.5
2018-09-08T17:00:00Z,76.7,505.0
2018-09-08T17:30:00Z,79.29,602.85
2018-09-08T18:00:00Z,82.93,295.0
2018-09-08T18:30:00Z,84.42,373.0
2018-09-08T19:00:00Z,84.41,424.0
2018-09-08T19:30:00Z,84.41,424.0
2018-09-08T20:00:00Z,74.32,391.0
2018-09-08T20:30:00Z,70.9,472.5
2018-09-08T21:00:00Z,68.91,703.85
2018-09-08T21:30:00Z,67.55,783.3
2018-09-08T22:00:00Z,70.16,205.85
2018-09-08T22:30:00Z,70.63,478.5
2018-09-08T23:00:00Z,64.84,391.3
2018-09-08T23:30:00Z,65.89,298.0
2018-09-09T00:00:00Z,68.17,145.0
2018-09-09T00:30:00Z,68.3,157.5
2018-09-09T01:00:00Z,68.7,219.45
2018-09-09T01:30:00Z,68.7,219.45
2018-09-09T02:00:00Z,60.12,257.75
2018-09-09T02:30:00Z,58.4,366.5
2018-09-09T03:00:00Z,58.0,382.0
2018-09-09T03:30:00Z,57.24,431.65
2018-09-09T04:00:00Z,59.7,339.95
2018-09-09T04:30:00Z,56.18,337.55
2018-09-09T05:00:00Z,59.85,264.0
2018-09-09T05:30:00Z,58.57,379.0
2018-09-09T06:00:00Z,53.84,543.8
2018-09-09T06:30:00Z,56.440000000000005,729.7
2018-09-09T07:00:00Z,52.54,528.5
2018-09-09T07:30:00Z,53.32,481.4
2018-09-09T08:00:00Z,53.15999999999999,636.6
2018-09-09T08:30:00Z,52.23,680.5
2018-09-09T09:00:00Z,53.99,732.5
2018-09-09T09:30:00Z,55.68000000000001,698.65
2018-09-09T10:00:00Z,57.08,652.7
2018-09-09T10:30:00Z,57.21,730.7
2018-09-09T11:00:00Z,56.2,953.2
2018-09-09T11:30:00Z,56.34,936.55
2018-09-09T12:00:00Z,52.22,1169.85
2018-09-09T12:30:00Z,52.22,1229.1
2018-09-09T13:00:00Z,51.81,1217.85
2018-09-09T13:30:00Z,50.79,1261.8
2018-09-09T14:00:00Z,49.99,1119.65
2018-09-09T14:30:00Z,50.09,1200.0
2018-09-09T15:00:00Z,50.32,1022.75
2018-09-09T15:30:00Z,50.08,1261.85
2018-09-09T16:00:00Z,57.669999999999995,772.0
2018-09-09T16:30:00Z,57.95,842.0
2018-09-09T17:00:00Z,60.06,934.4
2018-09-09T17:30:00Z,60.63,910.95
2018-09-09T18:00:00Z,81.44,982.0
2018-09-09T18:30:00Z,81.77,1042.0
2018-09-09T19:00:00Z,81.97,1123.5
2018-09-09T19:30:00Z,81.32,1238.0
2018-09-09T20:00:00Z,71.91,820.8
2018-09-09T20:30:00Z,71.15,894.05
2018-09-09T21:00:00Z,69.74,976.5
2018-09-09T21:30:00Z,69.56,888.0
2018-09-09T22:00:00Z,59.169999999999995,215.9
2018-09-09T22:30:00Z,61.88,333.0
2018-09-09T23:00:00Z,53.15,284.95
2018-09-09T23:30:00Z,53.64,224.9
2018-09-10T00:00:00Z,40.03,231.0
2018-09-10T00:30:00Z,43.89,216.0
2018-09-10T01:00:00Z,29.650000000000002,291.5
2018-09-10T01:30:00Z,22.04,403.5
2018-09-10T02:00:00Z,19.52,564.0
2018-09-10T02:30:00Z,19.7,585.0
2018-09-10T03:00:00Z,22.44,522.0
2018-09-10T03:30:00Z,18.68,661.5
2018-09-10T04:00:00Z,51.04999999999999,323.6
2018-09-10T04:30:00Z,56.57999999999999,407.0
2018-09-10T05:00:00Z,58.3,702.0
2018-09-10T05:30:00Z,58.95,724.5
2018-09-10T06:00:00Z,60.8,488.5
2018-09-10T06:30:00Z,70.34,614.2
2018-09-10T07:00:00Z,67.39,297.25
2018-09-10T07:30:00Z,65.53,307.95
2018-09-10T08:00:00Z,65.67,364.6
2018-09-10T08:30:00Z,64.14,483.1
2018-09-10T09:00:00Z,64.23,627.5
2018-09-10T09:30:00Z,63.93000000000001,689.95
2018-09-10T10:00:00Z,61.38,1014.2
2018-09-10T10:30:00Z,61.48,840.0
2018-09-10T11:00:00Z,61.68,997.0
2018-09-10T11:30:00Z,61.17999999999999,1288.95
2018-09-10T12:00:00Z,60.85000000000001,1204.1
2018-09-10T12:30:00Z,60.71,1243.75
2018-09-10T13:00:00Z,60.34,1404.9
2018-09-10T13:30:00Z,60.18000000000001,1434.5
2018-09-10T14:00:00Z,60.87,825.5
2018-09-10T14:30:00Z,65.56,1051.4
2018-09-10T15:00:00Z,67.35,1049.75
2018-09-10T15:30:00Z,71.13,1241.0
2018-09-10T16:00:00Z,80.09,1016.7
2018-09-10T16:30:00Z,80.14,1085.2
2018-09-10T17:00:00Z,78.33,1273.15
2018-09-10T17:30:00Z,77.17,1661.95
2018-09-10T18:00:00Z,76.11,1704.55
2018-09-10T18:30:00Z,77.06,1916.75
2018-09-10T19:00:00Z,77.6,1941.05
2018-09-10T19:30:00Z,74.47,1786.5
2018-09-10T20:00:00Z,70.04,2119.25
2018-09-10T20:30:00Z,69.22,2317.7
2018-09-10T21:00:00Z,68.08,2740.0
2018-09-10T21:30:00Z,64.79,2952.8
2018-09-10T22:00:00Z,61.38999999999999,705.5
2018-09-10T22:30:00Z,51.79,408.7
2018-09-10T23:00:00Z,45.34,359.05
2018-09-10T23:30:00Z,34.24,227.0
2018-09-11T00:00:00Z,26.650000000000002,347.75
2018-09-11T00:30:00Z,28.49,491.6
2018-09-11T01:00:00Z,27.7,575.6
2018-09-11T01:30:00Z,24.659999999999997,698.95
2018-09-11T02:00:00Z,23.81,360.85
2018-09-11T02:30:00Z,22.53,666.4
2018-09-11T03:00:00Z,20.84,742.5
2018-09-11T03:30:00Z,20.73,698.0
2018-09-11T04:00:00Z,26.69,605.2
2018-09-11T04:30:00Z,30.909999999999997,697.5
2018-09-11T05:00:00Z,35.17,1002.7
2018-09-11T05:30:00Z,34.63,1269.0
2018-09-11T06:00:00Z,50.31,937.2
2018-09-11T06:30:00Z,58.1,1073.2
2018-09-11T07:00:00Z,56.56,1016.5
2018-09-11T07:30:00Z,58.08,1080.5
2018-09-11T08:00:00Z,60.85,736.5
2018-09-11T08:30:00Z,62.12,855.3
2018-09-11T09:00:00Z,62.05,934.35
2018-09-11T09:30:00Z,62.04,1037.35
2018-09-11T10:00:00Z,67.27,955.3
2018-09-11T10:30:00Z,67.43,998.15
2018-09-11T11:00:00Z,67.94,1081.15
2018-09-11T11:30:00Z,67.97,1134.65
2018-09-11T12:00:00Z,67.12,1105.3
2018-09-11T12:30:00Z,66.98,1067.6
2018-09-11T13:00:00Z,66.88,1235.75
2018-09-11T13:30:00Z,66.16,1332.5
2018-09-11T14:00:00Z,71.31,1079.0
2018-09-11T14:30:00Z,68.25,1365.05
2018-09-11T15:00:00Z,70.52,1281.5
2018-09-11T15:30:00Z,70.75,1354.55
2018-09-11T16:00:00Z,73.08,1447.5
2018-09-11T16:30:00Z,73.01,1647.0
2018-09-11T17:00:00Z,72.63,1668.5
2018-09-11T17:30:00Z,72.69,1810.7
2018-09-11T18:00:00Z,73.51,1295.5
2018-09-11T18:30:00Z,73.59,1491.15
2018-09-11T19:00:00Z,73.94,1579.2
2018-09-11T19:30:00Z,72.28,1659.45
2018-09-11T20:00:00Z,71.1,1506.55
2018-09-11T20:30:00Z,70.17,1594.9
2018-09-11T21:00:00Z,69.78,1859.6
2018-09-11T21:30:00Z,68.33,1956.3
2018-09-11T22:00:00Z,62.98,899.75
2018-09-11T22:30:00Z,62.31999999999999,591.25
2018-09-11T23:00:00Z,57.29,469.1
2018-09-11T23:30:00Z,55.07,377.55
2018-09-12T00:00:00Z,52.91,305.0
2018-09-12T00:30:00Z,53.03,293.0
2018-09-12T01:00:00Z,53.03,293.0
2018-09-12T01:30:00Z,53.03,293.0
2018-09-12T02:00:00Z,50.63,448.0
2018-09-12T02:30:00Z,50.58,606.25
2018-09-12T03:00:00Z,50.07,525.0
2018-09-12T03:30:00Z,49.86,473.0
2018-09-12T04:00:00Z,56.25,568.3
2018-09-12T04:30:00Z,55.56000000000001,774.65
2018-09-12T05:00:00Z,63.01,1019.45
2018-09-12T05:30:00Z,54.18,1208.65
2018-09-12T06:00:00Z,70.18,527.35
2018-09-12T06:30:00Z,79.68,672.3
2018-09-12T07:00:00Z,74.8,414.5
2018-09-12T07:30:00Z,73.8,508.6
2018-09-12T08:00:00Z,75.84,730.85
2018-09-12T08:30:00Z,75.47,823.6
2018-09-12T09:00:00Z,75.04,931.5
2018-09-12T09:30:00Z,74.65,875.6
2018-09-12T10:00:00Z,72.29,662.35
2018-09-12T10:30:00Z,71.26,760.25
2018-09-12T11:00:00Z,70.91,887.9
2018-09-12T11:30:00Z,70.83,908.75
2018-09-12T12:00:00Z,70.16,816.75
2018-09-12T12:30:00Z,69.12,913.0
2018-09-12T13:00:00Z,67.25,1120.8
2018-09-12T13:30:00Z,66.52,1257.4
2018-09-12T14:00:00Z,63.78000000000001,857.45
2018-09-12T14:30:00Z,66.86,876.5
2018-09-12T15:00:00Z,69.62,764.9
2018-09-12T15:30:00Z,73.68,1100.05
2018-09-12T16:00:00Z,82.05,739.95
2018-09-12T16:30:00Z,82.52,804.95
2018-09-12T17:00:00Z,82.69,798.75
2018-09-12T17:30:00Z,84.83,1094.4
2018-09-12T18:00:00Z,91.24,584.45
2018-09-12T18:30:00Z,91.42,594.45
2018-09-12T19:00:00Z,92.12999999999998,731.95
2018-09-12T19:30:00Z,86.0,1032.95
2018-09-12T20:00:00Z,69.23,603.8
2018-09-12T20:30:00Z,64.99,832.95
2018-09-12T21:00:00Z,64.29,1282.95
2018-09-12T21:30:00Z,62.480000000000004,1574.95
2018-09-12T22:00:00Z,65.43,734.85
2018-09-12T22:30:00Z,66.69,544.65
2018-09-12T23:00:00Z,65.78,480.8
2018-09-12T23:30:00Z,64.39,349.35
2018-09-13T00:00:00Z,55.87,120.0
2018-09-13T00:30:00Z,56.37,227.0
2018-09-13T01:00:00Z,55.050000000000004,326.5
2018-09-13T01:30:00Z,55.49,438.5
2018-09-13T02:00:00Z,55.07,335.6
2018-09-13T02:30:00Z,55.88,407.5
2018-09-13T03:00:00Z,55.49,488.2
2018-09-13T03:30:00Z,55.81000000000001,441.0
2018-09-13T04:00:00Z,63.1,245.7
2018-09-13T04:30:00Z,64.53,304.1
2018-09-13T05:00:00Z,70.41,548.7
2018-09-13T05:30:00Z,62.72999999999999,804.05
2018-09-13T06:00:00Z,63.09,116.2
2018-09-13T06:30:00Z,75.94,263.55
2018-09-13T07:00:00Z,69.32,346.9
2018-09-13T07:30:00Z,67.11,336.05
2018-09-13T08:00:00Z,68.22,471.15
2018-09-13T08:30:00Z,67.88,582.65
2018-09-13T09:00:00Z,67.61,721.4
2018-09-13T09:30:00Z,66.21,815.15
2018-09-13T10:00:00Z,63.3,310.75
2018-09-13T10:30:00Z,60.82,856.95
2018-09-13T11:00:00Z,60.75,996.5
2018-09-13T11:30:00Z,59.730000000000004,1142.0
2018-09-13T12:00:00Z,60.22,1565.65
2018-09-13T12:30:00Z,60.42,1477.3
2018-09-13T13:00:00Z,61.85,1707.5
2018-09-13T13:30:00Z,62.04,2088.15
2018-09-13T14:00:00Z,66.55,976.5
2018-09-13T14:30:00Z,66.9,954.1
2018-09-13T15:00:00Z,65.88,1183.35
2018-09-13T15:30:00Z,67.95,1144.0
2018-09-13T16:00:00Z,69.2,845.3
2018-09-13T16:30:00Z,71.19,752.6
2018-09-13T17:00:00Z,71.51,817.6
2018-09-13T17:30:00Z,74.13999999999999,966.1
2018-09-13T18:00:00Z,87.21,420.95
2018-09-13T18:30:00Z,91.49,858.45
2018-09-13T19:00:00Z,91.78,959.45
2018-09-13T19:30:00Z,86.73,763.45
2018-09-13T20:00:00Z,77.62,625.15
2018-09-13T20:30:00Z,74.58,634.0
2018-09-13T21:00:00Z,71.16,883.3
2018-09-13T21:30:00Z,69.26,1172.5
2018-09-13T22:00:00Z,65.17,259.35
2018-09-13T22:30:00Z,66.97,375.25
2018-09-13T23:00:00Z,66.12,414.9
2018-09-13T23:30:00Z,63.34,245.0
2018-09-14T00:00:00Z,58.03,306.0
2018-09-14T00:30:00Z,56.43,501.8
2018-09-14T01:00:00Z,57.07,377.5
2018-09-14T01:30:00Z,54.71,536.0
2018-09-14T02:00:00Z,53.76,312.0
2018-09-14T02:30:00Z,53.91,371.5
2018-09-14T03:00:00Z,53.75,475.0
2018-09-14T03:30:00Z,53.75999999999999,419.55
2018-09-14T04:00:00Z,61.88,613.0
2018-09-14T04:30:00Z,63.620000000000005,654.5
2018-09-14T05:00:00Z,65.44,702.35
2018-09-14T05:30:00Z,60.67000000000001,920.85
2018-09-14T06:00:00Z,64.55,165.0
2018-09-14T06:30:00Z,70.08,127.85
2018-09-14T07:00:00Z,74.64,484.15
2018-09-14T07:30:00Z,72.15,493.8
2018-09-14T08:00:00Z,68.45,441.25
2018-09-14T08:30:00Z,66.7,511.25
2018-09-14T09:00:00Z,65.02,605.5
2018-09-14T09:30:00Z,64.01,790.1
2018-09-14T10:00:00Z,59.98,439.0
2018-09-14T10:30:00Z,58.04,856.75
2018-09-14T11:00:00Z,57.17,1131.95
2018-09-14T11:30:00Z,57.59,913.0
2018-09-14T12:00:00Z,57.54,1018.95
2018-09-14T12:30:00Z,57.36,1140.0
2018-09-14T13:00:00Z,57.47,1146.05
2018-09-14T13:30:00Z,57.46999999999999,1189.55
2018-09-14T14:00:00Z,62.68,495.25
2018-09-14T14:30:00Z,61.790000000000006,640.65
2018-09-14T15:00:00Z,63.15,688.8
2018-09-14T15:30:00Z,64.01,751.6
2018-09-14T16:00:00Z,64.78,597.75
2018-09-14T16:30:00Z,65.12,709.25
2018-09-14T17:00:00Z,65.38,755.55
2018-09-14T17:30:00Z,65.44,908.55
2018-09-14T18:00:00Z,75.35,413.9
2018-09-14T18:30:00Z,76.68,579.3
2018-09-14T19:00:00Z,77.16,841.85
2018-09-14T19:30:00Z,76.02,515.5
2018-09-14T20:00:00Z,67.04,389.0
2018-09-14T20:30:00Z,62.69,494.5
2018-09-14T21:00:00Z,59.89,753.6
2018-09-14T21:30:00Z,60.61,1049.6
2018-09-14T22:00:00Z,60.300000000000004,91.0
2018-09-14T22:30:00Z,62.15,285.0
2018-09-14T23:00:00Z,57.89999999999999,183.0
2018-09-14T23:30:00Z,53.56,40.0
2018-09-15T00:00:00Z,53.15,275.5
2018-09-15T00:30:00Z,53.48,292.0
2018-09-15T01:00:00Z,53.42999999999999,308.0
2018-09-15T01:30:00Z,53.33,331.0
2018-09-15T02:00:00Z,53.18000000000001,341.5
2018-09-15T02:30:00Z,53.89,366.5
2018-09-15T03:00:00Z,53.50999999999999,368.5
2018-09-15T03:30:00Z,56.0,471.95
2018-09-15T04:00:00Z,60.41,348.3
2018-09-15T04:30:00Z,61.0,434.0
2018-09-15T05:00:00Z,63.96000000000001,522.0
2018-09-15T05:30:00Z,63.86,848.55
2018-09-15T06:00:00Z,65.33,370.25
2018-09-15T06:30:00Z,61.580000000000005,581.4
2018-09-15T07:00:00Z,63.54,502.95
2018-09-15T07:30:00Z,67.06,447.25
2018-09-15T08:00:00Z,68.41,384.1
2018-09-15T08:30:00Z,68.79,529.1
2018-09-15T09:00:00Z,69.4,563.3
2018-09-15T09:30:00Z,69.05,576.8
2018-09-15T10:00:00Z,66.59,219.45
2018-09-15T10:30:00Z,65.2,324.6
2018-09-15T11:00:00Z,62.72999999999999,546.65
2018-09-15T11:30:00Z,61.220000000000006,617.95
2018-09-15T12:00:00Z,55.8,594.7
2018-09-15T12:30:00Z,55.87,527.15
2018-09-15T13:00:00Z,56.05,581.35
2018-09-15T13:30:00Z,56.29,914.15
2018-09-15T14:00:00Z,64.77,373.55
2018-09-15T14:30:00Z,64.16,467.6
2018-09-15T15:00:00Z,64.8,640.6
2018-09-15T15:30:00Z,65.3,609.1
2018-09-15T16:00:00Z,70.59,612.35
2018-09-15T16:30:00Z,71.42,517.9
2018-09-15T17:00:00Z,72.42,611.9
2018-09-15T17:30:00Z,73.26,695.4
2018-09-15T18:00:00Z,77.45,378.9
2018-09-15T18:30:00Z,75.91,359.95
2018-09-15T19:00:00Z,71.28,271.65
2018-09-15T19:30:00Z,67.19,354.25
2018-09-15T20:00:00Z,62.13,635.95
2018-09-15T20:30:00Z,62.099999999999994,576.35
2018-09-15T21:00:00Z,62.69,629.3
2018-09-15T21:30:00Z,61.61,742.15
2018-09-15T22:00:00Z,67.57,361.2
2018-09-15T22:30:00Z,60.67000000000001,290.5
2018-09-15T23:00:00Z,64.21,285.0
2018-09-15T23:30:00Z,56.34,111.3
2018-09-16T00:00:00Z,36.35,230.25
2018-09-16T00:30:00Z,28.699999999999996,288.7
2018-09-16T01:00:00Z,25.940000000000005,389.65
2018-09-16T01:30:00Z,18.64,484.0
2018-09-16T02:00:00Z,11.77,632.4
2018-09-16T02:30:00Z,10.37,717.25
2018-09-16T03:00:00Z,12.21,822.15
2018-09-16T03:30:00Z,11.98,871.1
2018-09-16T04:00:00Z,13.86,780.5
2018-09-16T04:30:00Z,18.94,744.1
2018-09-16T05:00:00Z,21.18,618.0
2018-09-16T05:30:00Z,25.380000000000003,758.55
2018-09-16T06:00:00Z,23.869999999999997,895.5
2018-09-16T06:30:00Z,35.38,647.6
2018-09-16T07:00:00Z,39.8,595.8
2018-09-16T07:30:00Z,41.65,709.85
2018-09-16T08:00:00Z,49.1,477.95
2018-09-16T08:30:00Z,50.900000000000006,706.95
2018-09-16T09:00:00Z,56.46,856.1
2018-09-16T09:30:00Z,60.72,977.75
2018-09-16T10:00:00Z,61.620000000000005,323.4
2018-09-16T10:30:00Z,62.07000000000001,332.55
2018-09-16T11:00:00Z,62.15,391.5
2018-09-16T11:30:00Z,60.83,449.2
2018-09-16T12:00:00Z,59.599999999999994,632.9
2018-09-16T12:30:00Z,59.7,612.95
2018-09-16T13:00:00Z,59.02,670.45
2018-09-16T13:30:00Z,57.98,671.85
2018-09-16T14:00:00Z,52.99999999999999,891.05
2018-09-16T14:30:00Z,52.629999999999995,912.85
2018-09-16T15:00:00Z,52.36,1032.35
2018-09-16T15:30:00Z,53.24,982.8
2018-09-16T16:00:00Z,63.790000000000006,623.5
2018-09-16T16:30:00Z,65.04,621.3
2018-09-16T17:00:00Z,67.43,871.3
2018-09-16T17:30:00Z,71.7,962.6
2018-09-16T18:00:00Z,81.25,581.2
2018-09-16T18:30:00Z,83.25,560.65
2018-09-16T19:00:00Z,84.18,564.25
2018-09-16T19:30:00Z,82.09,516.15
2018-09-16T20:00:00Z,74.43,417.0
2018-09-16T20:30:00Z,70.22,537.15
2018-09-16T21:00:00Z,69.83,519.8
2018-09-16T21:30:00Z,69.74,713.6
2018-09-16T22:00:00Z,71.01,187.25
2018-09-16T22:30:00Z,61.14000000000001,303.5
2018-09-16T23:00:00Z,55.53000000000001,350.8
2018-09-16T23:30:00Z,58.25999999999999,211.0
2018-09-17T00:00:00Z,50.14,408.1
2018-09-17T00:30:00Z,50.14,420.6
2018-09-17T01:00:00Z,50.02,438.1
2018-09-17T01:30:00Z,50.3,541.5
2018-09-17T02:00:00Z,49.849999999999994,436.8
2018-09-17T02:30:00Z,50.54,522.3
2018-09-17T03:00:00Z,50.92,549.8
2018-09-17T03:30:00Z,52.69,654.9
2018-09-17T04:00:00Z,59.5,217.3
2018-09-17T04:30:00Z,54.93,336.05
2018-09-17T05:00:00Z,69.4,579.0
2018-09-17T05:30:00Z,63.22,729.55
2018-09-17T06:00:00Z,77.32000000000001,429.25
2018-09-17T06:30:00Z,88.38,675.3
2018-09-17T07:00:00Z,88.96,710.1
2018-09-17T07:30:00Z,88.55,582.0
2018-09-17T08:00:00Z,82.82,543.75
2018-09-17T08:30:00Z,81.93,775.0
2018-09-17T09:00:00Z,80.19,657.65
2018-09-17T09:30:00Z,76.55,848.45
2018-09-17T10:00:00Z,61.01,753.15
2018-09-17T10:30:00Z,61.59,924.4
2018-09-17T11:00:00Z,61.54999999999999,1175.1
2018-09-17T11:30:00Z,60.94,1336.65
2018-09-17T12:00:00Z,59.69,1169.7
2018-09-17T12:30:00Z,59.66,1099.15
2018-09-17T13:00:00Z,59.58,1125.15
2018-09-17T13:30:00Z,59.54999999999999,1177.85
2018-09-17T14:00:00Z,65.13,1006.65
2018-09-17T14:30:00Z,65.56,993.15
2018-09-17T15:00:00Z,65.69,1108.55
2018-09-17T15:30:00Z,66.61,1121.7
2018-09-17T16:00:00Z,69.88,1111.0
2018-09-17T16:30:00Z,70.31,1192.4
2018-09-17T17:00:00Z,69.59,1548.0
2018-09-17T17:30:00Z,70.02,1670.45
2018-09-17T18:00:00Z,71.46,1661.15
2018-09-17T18:30:00Z,72.23,1623.45
2018-09-17T19:00:00Z,70.18,1934.85
2018-09-17T19:30:00Z,68.19,2364.3
2018-09-17T20:00:00Z,66.16,2009.85
2018-09-17T20:30:00Z,65.33,1931.15
2018-09-17T21:00:00Z,64.72,1954.8
2018-09-17T21:30:00Z,63.18999999999999,2294.55
2018-09-17T22:00:00Z,46.81,311.5
2018-09-17T22:30:00Z,36.7,441.5
2018-09-17T23:00:00Z,-2.56,464.75
2018-09-17T23:30:00Z,-4.48,645.0
2018-09-18T00:00:00Z,-14.42,409.2
2018-09-18T00:30:00Z,-14.46,576.0
2018-09-18T01:00:00Z,-20.09,480.3
2018-09-18T01:30:00Z,-24.62,623.05
2018-09-18T02:00:00Z,-14.63,524.6
2018-09-18T02:30:00Z,-15.109999999999998,670.15
2018-09-18T03:00:00Z,-6.25,730.65
2018-09-18T03:30:00Z,-3.44,690.15
2018-09-18T04:00:00Z,37.73,534.6
2018-09-18T04:30:00Z,46.33,637.6
2018-09-18T05:00:00Z,53.21,850.85
2018-09-18T05:30:00Z,53.62,1077.5
2018-09-18T06:00:00Z,72.07,758.85
2018-09-18T06:30:00Z,78.79,774.5
2018-09-18T07:00:00Z,82.97,997.0
2018-09-18T07:30:00Z,81.04,715.0
2018-09-18T08:00:00Z,81.16,782.5
2018-09-18T08:30:00Z,81.46,889.25
2018-09-18T09:00:00Z,81.12,973.15
2018-09-18T09:30:00Z,80.47,1036.9
2018-09-18T10:00:00Z,58.84,549.15
2018-09-18T10:30:00Z,59.1,577.9
2018-09-18T11:00:00Z,59.21,622.9
2018-09-18T11:30:00Z,59.2,722.9
2018-09-18T12:00:00Z,57.34,705.15
2018-09-18T12:30:00Z,56.54,861.2
2018-09-18T13:00:00Z,54.09,1053.65
2018-09-18T13:30:00Z,49.98,1389.35
2018-09-18T14:00:00Z,53.48,1426.8
2018-09-18T14:30:00Z,54.85,1219.3
2018-09-18T15:00:00Z,58.15,1642.4
2018-09-18T15:30:00Z,58.57,1656.05
2018-09-18T16:00:00Z,63.82,956.65
2018-09-18T16:30:00Z,65.68,938.5
2018-09-18T17:00:00Z,67.2,1426.55
2018-09-18T17:30:00Z,67.81,1513.3
2018-09-18T18:00:00Z,73.91,974.2
2018-09-18T18:30:00Z,76.74,1104.35
2018-09-18T19:00:00Z,75.65,1289.8
2018-09-18T19:30:00Z,71.76,1103.85
2018-09-18T20:00:00Z,65.26,892.65
2018-09-18T20:30:00Z,63.290000000000006,1065.4
2018-09-18T21:00:00Z,62.01,1248.85
2018-09-18T21:30:00Z,58.67000000000001,1246.35
2018-09-18T22:00:00Z,47.95,284.05
2018-09-18T22:30:00Z,34.12,382.75
2018-09-18T23:00:00Z,21.1,447.0
2018-09-18T23:30:00Z,26.37,459.7
2018-09-19T00:00:00Z,20.92,534.5
2018-09-19T00:30:00Z,28.18,626.0
2018-09-19T01:00:00Z,33.28,789.2
2018-09-19T01:30:00Z,33.42,764.95
2018-09-19T02:00:00Z,21.99,718.5
2018-09-19T02:30:00Z,23.72,766.15
2018-09-19T03:00:00Z,27.16,984.9
2018-09-19T03:30:00Z,25.35,889.8
2018-09-19T04:00:00Z,43.71000000000001,456.0
2018-09-19T04:30:00Z,55.47,375.5
2018-09-19T05:00:00Z,64.85,365.65
2018-09-19T05:30:00Z,67.2,696.5
2018-09-19T06:00:00Z,62.5,613.0
2018-09-19T06:30:00Z,70.52,397.1
2018-09-19T07:00:00Z,69.82,457.25
2018-09-19T07:30:00Z,63.7,571.85
2018-09-19T08:00:00Z,60.22,907.65
2018-09-19T08:30:00Z,58.38,921.0
2018-09-19T09:00:00Z,59.34,964.3
2018-09-19T09:30:00Z,58.56,1092.95
2018-09-19T10:00:00Z,55.03,979.5
2018-09-19T10:30:00Z,55.89,1019.5
2018-09-19T11:00:00Z,56.45,1033.1
2018-09-19T11:30:00Z,58.580000000000005,1203.1
2018-09-19T12:00:00Z,59.72,1323.9
2018-09-19T12:30:00Z,60.89,1509.6
2018-09-19T13:00:00Z,61.69,1914.85
2018-09-19T13:30:00Z,61.58,1941.55
2018-09-19T14:00:00Z,65.83,645.55
2018-09-19T14:30:00Z,67.25,577.55
2018-09-19T15:00:00Z,63.06999999999999,530.2
2018-09-19T15:30:00Z,65.42,569.0
2018-09-19T16:00:00Z,66.62,718.25
2018-09-19T16:30:00Z,66.14,786.25
2018-09-19T17:00:00Z,64.34,1121.4
2018-09-19T17:30:00Z,64.27,1444.65
2018-09-19T18:00:00Z,74.42,852.4
2018-09-19T18:30:00Z,75.19,786.85
2018-09-19T19:00:00Z,69.6,1073.3
2018-09-19T19:30:00Z,67.36,1146.3
2018-09-19T20:00:00Z,60.73,440.15
2018-09-19T20:30:00Z,60.24,913.55
2018-09-19T21:00:00Z,61.73,723.5
2018-09-19T21:30:00Z,60.14000000000001,850.3
2018-09-19T22:00:00Z,63.39000000000001,576.75
2018-09-19T22:30:00Z,51.98,404.85
2018-09-19T23:00:00Z,55.19,201.2
2018-09-19T23:30:00Z,51.93,223.7
2018-09-20T00:00:00Z,46.75,360.2
2018-09-20T00:30:00Z,46.79,518.7
2018-09-20T01:00:00Z,46.33,571.2
2018-09-20T01:30:00Z,45.98,674.75
2018-09-20T02:00:00Z,48.14,487.5
2018-09-20T02:30:00Z,48.55,524.0
2018-09-20T03:00:00Z,49.65,617.0
2018-09-20T03:30:00Z,51.62,646.0
2018-09-20T04:00:00Z,65.43,161.0
2018-09-20T04:30:00Z,68.74,243.5
2018-09-20T05:00:00Z,75.24999999999999,451.45
2018-09-20T05:30:00Z,60.88000000000001,1076.5
2018-09-20T06:00:00Z,68.95,466.1
2018-09-20T06:30:00Z,74.41,536.85
2018-09-20T07:00:00Z,77.47,626.05
2018-09-20T07:30:00Z,79.05,727.35
2018-09-20T08:00:00Z,80.85,432.0
2018-09-20T08:30:00Z,82.95,693.5
2018-09-20T09:00:00Z,84.41000000000001,801.0
2018-09-20T09:30:00Z,83.39,1002.5
2018-09-20T10:00:00Z,79.86,688.0
2018-09-20T10:30:00Z,80.29,796.7
2018-09-20T11:00:00Z,80.18,795.5
2018-09-20T11:30:00Z,79.72,742.5
2018-09-20T12:00:00Z,77.22000000000001,427.5
2018-09-20T12:30:00Z,71.28,657.65
2018-09-20T13:00:00Z,69.75,782.1
2018-09-20T13:30:00Z,70.59,797.0
2018-09-20T14:00:00Z,78.59,511.35
2018-09-20T14:30:00Z,78.68,657.0
2018-09-20T15:00:00Z,78.58,793.5
2018-09-20T15:30:00Z,80.04,819.0
2018-09-20T16:00:00Z,82.12,889.5
2018-09-20T16:30:00Z,82.63,904.05
2018-09-20T17:00:00Z,86.62,1227.5
2018-09-20T17:30:00Z,89.41,1372.5
2018-09-20T18:00:00Z,89.15000000000002,841.75
2018-09-20T18:30:00Z,89.20000000000002,869.5
2018-09-20T19:00:00Z,84.18,879.0
2018-09-20T19:30:00Z,83.01,779.0
2018-09-20T20:00:00Z,69.77,1120.6
2018-09-20T20:30:00Z,71.1,1032.0
2018-09-20T21:00:00Z,70.86,935.5
2018-09-20T21:30:00Z,68.17,1274.8
2018-09-20T22:00:00Z,67.86,572.75
2018-09-20T22:30:00Z,69.66,360.4
2018-09-20T23:00:00Z,69.8,69.55
2018-09-20T23:30:00Z,73.37,95.35
2018-09-21T00:00:00Z,48.65,85.0
2018-09-21T00:30:00Z,47.4,443.5
2018-09-21T01:00:00Z,47.620000000000005,385.0
2018-09-21T01:30:00Z,46.27,555.6
2018-09-21T02:00:00Z,37.95,572.0
2018-09-21T02:30:00Z,38.65,611.45
2018-09-21T03:00:00Z,37.31,704.9
2018-09-21T03:30:00Z,37.07999999999999,937.4
2018-09-21T04:00:00Z,41.89,275.4
2018-09-21T04:30:00Z,41.3,295.45
2018-09-21T05:00:00Z,54.54,593.65
2018-09-21T05:30:00Z,56.06,703.65
2018-09-21T06:00:00Z,69.74,86.0
2018-09-21T06:30:00Z,67.42,323.15
2018-09-21T07:00:00Z,66.57,506.9
2018-09-21T07:30:00Z,63.42999999999999,596.3
2018-09-21T08:00:00Z,63.529999999999994,828.35
2018-09-21T08:30:00Z,63.12,913.65
2018-09-21T09:00:00Z,63.14,883.1
2018-09-21T09:30:00Z,63.05,859.1
2018-09-21T10:00:00Z,59.28,1085.45
2018-09-21T10:30:00Z,58.25000000000001,1174.45
2018-09-21T11:00:00Z,57.95,1148.45
2018-09-21T11:30:00Z,58.36,1357.25
2018-09-21T12:00:00Z,57.27,1505.65
2018-09-21T12:30:00Z,58.32,1661.65
2018-09-21T13:00:00Z,60.46,1994.65
2018-09-21T13:30:00Z,60.3,2143.15
2018-09-21T14:00:00Z,60.59,480.2
2018-09-21T14:30:00Z,60.72,603.3
2018-09-21T15:00:00Z,59.36,832.65
2018-09-21T15:30:00Z,62.18000000000001,678.8
2018-09-21T16:00:00Z,70.32,297.95
2018-09-21T16:30:00Z,70.66,504.45
2018-09-21T17:00:00Z,70.78,637.9
2018-09-21T17:30:00Z,72.84,869.4
2018-09-21T18:00:00Z,79.21,926.55
2018-09-21T18:30:00Z,81.56,1207.15
2018-09-21T19:00:00Z,81.91,1303.4
2018-09-21T19:30:00Z,79.9,1069.15
2018-09-21T20:00:00Z,72.71,656.15
2018-09-21T20:30:00Z,69.95,835.85
2018-09-21T21:00:00Z,69.45,961.05
2018-09-21T21:30:00Z,66.52,988.45
2018-09-21T22:00:00Z,62.71,135.0
2018-09-21T22:30:00Z,56.67999999999999,154.0
2018-09-21T23:00:00Z,58.260000000000005,379.0
2018-09-21T23:30:00Z,55.63,290.5
2018-09-22T00:00:00Z,54.75,53.0
2018-09-22T00:30:00Z,48.92,174.5
2018-09-22T01:00:00Z,40.36,252.5
2018-09-22T01:30:00Z,39.35,296.5
2018-09-22T02:00:00Z,44.7,122.5
2018-09-22T02:30:00Z,42.95,114.5
2018-09-22T03:00:00Z,54.69,265.0
2018-09-22T03:30:00Z,58.669999999999995,348.5
2018-09-22T04:00:00Z,60.99,182.0
2018-09-22T04:30:00Z,65.66,252.0
2018-09-22T05:00:00Z,67.66,456.85
2018-09-22T05:30:00Z,68.43,601.75
2018-09-22T06:00:00Z,59.86,467.9
2018-09-22T06:30:00Z,64.39,680.55
2018-09-22T07:00:00Z,67.7,407.0
2018-09-22T07:30:00Z,67.73,485.8
2018-09-22T08:00:00Z,75.2,412.6
2018-09-22T08:30:00Z,77.46,555.3
2018-09-22T09:00:00Z,76.42,563.55
2018-09-22T09:30:00Z,75.75,699.45
2018-09-22T10:00:00Z,75.47,314.0
2018-09-22T10:30:00Z,76.38,413.0
2018-09-22T11:00:00Z,78.69,599.5
2018-09-22T11:30:00Z,79.43,695.05
2018-09-22T12:00:00Z,80.48,639.5
2018-09-22T12:30:00Z,78.15,630.4
2018-09-22T13:00:00Z,78.43,819.95
2018-09-22T13:30:00Z,77.77,860.2
2018-09-22T14:00:00Z,68.39,377.0
2018-09-22T14:30:00Z,71.48,345.0
2018-09-22T15:00:00Z,77.21,325.2
2018-09-22T15:30:00Z,78.44,386.0
2018-09-22T16:00:00Z,88.55,937.45
2018-09-22T16:30:00Z,90.08,976.5
2018-09-22T17:00:00Z,90.3,1008.0
2018-09-22T17:30:00Z,90.75,1100.8
2018-09-22T18:00:00Z,90.02,451.7
2018-09-22T18:30:00Z,91.12,443.0
2018-09-22T19:00:00Z,91.34,591.0
2018-09-22T19:30:00Z,85.33,609.05
2018-09-22T20:00:00Z,73.48,499.0
2018-09-22T20:30:00Z,73.23,555.45
2018-09-22T21:00:00Z,69.67,1056.8
2018-09-22T21:30:00Z,68.51,1485.65
2018-09-22T22:00:00Z,67.18,274.75
2018-09-22T22:30:00Z,72.45,250.3
2018-09-22T23:00:00Z,70.29,356.5
2018-09-22T23:30:00Z,72.7,235.55
2018-09-23T00:00:00Z,77.23,110.5
2018-09-23T00:30:00Z,78.71,175.5
2018-09-23T01:00:00Z,78.52,158.0
2018-09-23T01:30:00Z,78.07,185.5
2018-09-23T02:00:00Z,0.0,0.0
2018-09-23T02:30:00Z,63.94,188.0
2018-09-23T03:00:00Z,60.38,325.65
2018-09-23T03:30:00Z,61.83,373.25
2018-09-23T04:00:00Z,67.4,119.5
2018-09-23T04:30:00Z,68.91,231.0
2018-09-23T05:00:00Z,72.49,305.9
2018-09-23T05:30:00Z,70.58,448.5
2018-09-23T06:00:00Z,68.94,354.25
2018-09-23T06:30:00Z,71.93,547.9
2018-09-23T07:00:00Z,72.14,425.15
2018-09-23T07:30:00Z,73.88,336.5
2018-09-23T08:00:00Z,82.0,50.0
2018-09-23T08:30:00Z,84.59,137.5
2018-09-23T09:00:00Z,85.0,300.5
2018-09-23T09:30:00Z,84.61,554.5
2018-09-23T10:00:00Z,78.7,514.55
2018-09-23T10:30:00Z,76.77,455.0
2018-09-23T11:00:00Z,76.2,517.0
2018-09-23T11:30:00Z,68.48,868.8
2018-09-23T12:00:00Z,55.1,1087.5
2018-09-23T12:30:00Z,54.4,1283.5
2018-09-23T13:00:00Z,53.64999999999999,1374.0
2018-09-23T13:30:00Z,51.059999999999995,1477.3
2018-09-23T14:00:00Z,52.37,1142.5
2018-09-23T14:30:00Z,52.72,1287.5
2018-09-23T15:00:00Z,52.56,1605.6
2018-09-23T15:30:00Z,54.57,1566.6
2018-09-23T16:00:00Z,55.5,1118.75
2018-09-23T16:30:00Z,60.48,892.5
2018-09-23T17:00:00Z,69.02,1238.25
2018-09-23T17:30:00Z,69.41,1390.9
2018-09-23T18:00:00Z,80.4,795.05
2018-09-23T18:30:00Z,80.69,896.5
2018-09-23T19:00:00Z,79.78,900.25
2018-09-23T19:30:00Z,78.64000000000001,917.45
2018-09-23T20:00:00Z,70.85,719.1
2018-09-23T20:30:00Z,69.85,830.25
2018-09-23T21:00:00Z,68.63,1034.1
2018-09-23T21:30:00Z,65.81,1247.7
2018-09-23T22:00:00Z,64.54,353.75
2018-09-23T22:30:00Z,62.38,117.0
2018-09-23T23:00:00Z,65.94,263.0
2018-09-23T23:30:00Z,68.8,238.0
2018-09-24T00:00:00Z,70.68,210.5
2018-09-24T00:30:00Z,68.75,322.0
2018-09-24T01:00:00Z,68.38,372.0
2018-09-24T01:30:00Z,67.92,407.5
2018-09-24T02:00:00Z,60.41,98.0
2018-09-24T02:30:00Z,60.96,131.5
2018-09-24T03:00:00Z,61.1,246.75
2018-09-24T03:30:00Z,59.17,417.95
2018-09-24T04:00:00Z,61.3,417.7
2018-09-24T04:30:00Z,62.5,717.5
2018-09-24T05:00:00Z,67.5,1103.8
2018-09-24T05:30:00Z,64.58,1316.65
2018-09-24T06:00:00Z,71.95,554.6
2018-09-24T06:30:00Z,85.37,545.35
2018-09-24T07:00:00Z,87.89,645.9
2018-09-24T07:30:00Z,85.09,495.0
2018-09-24T08:00:00Z,81.02,141.5
2018-09-24T08:30:00Z,79.23,316.0
2018-09-24T09:00:00Z,81.23,580.0
2018-09-24T09:30:00Z,77.26,620.55
2018-09-24T10:00:00Z,63.43,570.6
2018-09-24T10:30:00Z,63.55,632.4
2018-09-24T11:00:00Z,62.36000000000001,900.1
2018-09-24T11:30:00Z,62.9,782.5
2018-09-24T12:00:00Z,62.43000000000001,1095.9
2018-09-24T12:30:00Z,62.88,1084.8
2018-09-24T13:00:00Z,62.47,1084.5
2018-09-24T13:30:00Z,61.61,1292.9
2018-09-24T14:00:00Z,62.22,756.7
2018-09-24T14:30:00Z,62.50999999999999,1064.75
2018-09-24T15:00:00Z,63.22,975.65
2018-09-24T15:30:00Z,64.87,1166.45
2018-09-24T16:00:00Z,70.58,770.25
2018-09-24T16:30:00Z,74.03,565.0
2018-09-24T17:00:00Z,76.09,649.2
2018-09-24T17:30:00Z,83.62,851.55
2018-09-24T18:00:00Z,100.9,759.5
2018-09-24T18:30:00Z,107.82,1037.4
2018-09-24T19:00:00Z,101.95,1053.45
2018-09-24T19:30:00Z,93.89,1043.0
2018-09-24T20:00:00Z,86.28,623.0
2018-09-24T20:30:00Z,83.87,780.5
2018-09-24T21:00:00Z,81.33,895.5
2018-09-24T21:30:00Z,77.27,1109.5
2018-09-24T22:00:00Z,71.6,240.0
2018-09-24T22:30:00Z,71.09,176.2
2018-09-24T23:00:00Z,64.79,49.0
2018-09-24T23:30:00Z,65.22,45.0
2018-09-25T00:00:00Z,61.870000000000005,137.0
2018-09-25T00:30:00Z,61.81,198.5
2018-09-25T01:00:00Z,62.9,258.5
2018-09-25T01:30:00Z,62.92,259.5
2018-09-25T02:00:00Z,64.06,67.5
2018-09-25T02:30:00Z,64.21,80.0
2018-09-25T03:00:00Z,64.21,80.0
2018-09-25T03:30:00Z,64.21,80.0
2018-09-25T04:00:00Z,62.67,183.25
2018-09-25T04:30:00Z,63.510000000000005,297.0
2018-09-25T05:00:00Z,66.75,111.5
2018-09-25T05:30:00Z,74.56,421.75
2018-09-25T06:00:00Z,89.93,344.25
2018-09-25T06:30:00Z,97.79,543.8
2018-09-25T07:00:00Z,101.26,670.85
2018-09-25T07:30:00Z,96.35,584.25
2018-09-25T08:00:00Z,86.32,252.3
2018-09-25T08:30:00Z,78.89,512.8
2018-09-25T09:00:00Z,74.3,517.1
2018-09-25T09:30:00Z,70.08,654.6
2018-09-25T10:00:00Z,58.85,825.0
2018-09-25T10:30:00Z,58.57,1079.5
2018-09-25T11:00:00Z,58.86,934.5
2018-09-25T11:30:00Z,58.77,919.0
2018-09-25T12:00:00Z,58.34,769.5
2018-09-25T12:30:00Z,56.07,1028.5
2018-09-25T13:00:00Z,49.29,1264.1
2018-09-25T13:30:00Z,49.14,1281.05
2018-09-25T14:00:00Z,57.4,835.5
2018-09-25T14:30:00Z,59.260000000000005,858.0
2018-09-25T15:00:00Z,58.44,1466.75
2018-09-25T15:30:00Z,60.61999999999999,1370.35
2018-09-25T16:00:00Z,69.97,821.05
2018-09-25T16:30:00Z,72.69,798.45
2018-09-25T17:00:00Z,74.04,886.95
2018-09-25T17:30:00Z,78.35,1145.4
2018-09-25T18:00:00Z,84.18,854.4
2018-09-25T18:30:00Z,83.92,998.7
2018-09-25T19:00:00Z,79.5,797.15
2018-09-25T19:30:00Z,75.05,824.8
2018-09-25T20:00:00Z,65.98,1120.35
2018-09-25T20:30:00Z,65.18,1149.8
2018-09-25T21:00:00Z,66.87,1403.5
2018-09-25T21:30:00Z,65.31,1548.5
2018-09-25T22:00:00Z,73.0,453.5
2018-09-25T22:30:00Z,59.75,329.5
2018-09-25T23:00:00Z,48.28,59.25
2018-09-25T23:30:00Z,47.26,75.25
2018-09-26T00:00:00Z,2.21,236.5
2018-09-26T00:30:00Z,0.59,280.0
2018-09-26T01:00:00Z,5.21,136.0
2018-09-26T01:30:00Z,4.58,171.0
2018-09-26T02:00:00Z,15.43,346.4
2018-09-26T02:30:00Z,15.159999999999998,356.9
2018-09-26T03:00:00Z,13.73,414.9
2018-09-26T03:30:00Z,13.339999999999998,430.9
2018-09-26T04:00:00Z,37.7,297.1
2018-09-26T04:30:00Z,38.17,373.2
2018-09-26T05:00:00Z,41.55,402.1
2018-09-26T05:30:00Z,40.05,367.1
2018-09-26T06:00:00Z,58.43,287.1
2018-09-26T06:30:00Z,71.65,377.7
2018-09-26T07:00:00Z,67.83,420.05
2018-09-26T07:30:00Z,68.37,424.05
2018-09-26T08:00:00Z,70.35,191.75
2018-09-26T08:30:00Z,71.29,299.25
2018-09-26T09:00:00Z,68.22,485.75
2018-09-26T09:30:00Z,66.6,566.35
2018-09-26T10:00:00Z,58.97,897.4
2018-09-26T10:30:00Z,59.25,893.5
2018-09-26T11:00:00Z,59.79,942.1
2018-09-26T11:30:00Z,59.68000000000001,1153.45
2018-09-26T12:00:00Z,59.36,1152.2
2018-09-26T12:30:00Z,59.379999999999995,1233.7
2018-09-26T13:00:00Z,59.29999999999999,1420.8
2018-09-26T13:30:00Z,59.7,1454.45
2018-09-26T14:00:00Z,64.21,640.75
2018-09-26T14:30:00Z,64.97,967.3
2018-09-26T15:00:00Z,66.27,1004.05
2018-09-26T15:30:00Z,68.87,1048.35
2018-09-26T16:00:00Z,70.96,576.25
2018-09-26T16:30:00Z,72.68,642.5
2018-09-26T17:00:00Z,73.21,872.15
2018-09-26T17:30:00Z,76.81,910.5
2018-09-26T18:00:00Z,83.19,292.0
2018-09-26T18:30:00Z,95.15999999999998,764.0
2018-09-26T19:00:00Z,92.73,816.5
2018-09-26T19:30:00Z,84.28,804.7
2018-09-26T20:00:00Z,74.08,725.4
2018-09-26T20:30:00Z,72.45,849.65
2018-09-26T21:00:00Z,72.39,838.75
2018-09-26T21:30:00Z,70.33,1070.85
2018-09-26T22:00:00Z,66.92,95.0
2018-09-26T22:30:00Z,60.0,27.5
2018-09-26T23:00:00Z,71.95,192.0
2018-09-26T23:30:00Z,67.06,116.5
2018-09-27T00:00:00Z,68.45,198.15
2018-09-27T00:30:00Z,66.12,156.5
2018-09-27T01:00:00Z,65.11,219.0
2018-09-27T01:30:00Z,63.74000000000001,239.5
2018-09-27T02:00:00Z,58.81,287.5
2018-09-27T02:30:00Z,59.75,346.0
2018-09-27T03:00:00Z,61.82,388.5
2018-09-27T03:30:00Z,62.78,411.0
2018-09-27T04:00:00Z,67.06,420.0
2018-09-27T04:30:00Z,67.63,405.0
2018-09-27T05:00:00Z,71.33,463.0
2018-09-27T05:30:00Z,70.16,858.2
2018-09-27T06:00:00Z,72.07999999999998,460.0
2018-09-27T06:30:00Z,81.29000000000002,109.4
2018-09-27T07:00:00Z,83.55,405.0
2018-09-27T07:30:00Z,83.99,449.0
2018-09-27T08:00:00Z,75.88,527.25
2018-09-27T08:30:00Z,70.34,761.75
2018-09-27T09:00:00Z,67.67,780.05
2018-09-27T09:30:00Z,65.44,997.3
2018-09-27T10:00:00Z,58.71,488.8
2018-09-27T10:30:00Z,58.39,716.3
2018-09-27T11:00:00Z,58.379999999999995,768.1
2018-09-27T11:30:00Z,58.18000000000001,776.05
2018-09-27T12:00:00Z,57.38,1023.7
2018-09-27T12:30:00Z,56.24000000000001,1179.1
2018-09-27T13:00:00Z,56.25,1215.8
2018-09-27T13:30:00Z,56.459999999999994,1234.6
2018-09-27T14:00:00Z,58.809999999999995,972.4
2018-09-27T14:30:00Z,60.14,1073.85
2018-09-27T15:00:00Z,60.440000000000005,1126.05
2018-09-27T15:30:00Z,60.70000000000001,1157.0
2018-09-27T16:00:00Z,68.72,720.35
2018-09-27T16:30:00Z,67.18,882.95
2018-09-27T17:00:00Z,72.11,720.95
2018-09-27T17:30:00Z,75.07,902.55
2018-09-27T18:00:00Z,87.0,877.3
2018-09-27T18:30:00Z,88.73,1036.25
2018-09-27T19:00:00Z,79.82,679.6
2018-09-27T19:30:00Z,70.58,619.5
2018-09-27T20:00:00Z,66.01,722.5
2018-09-27T20:30:00Z,66.29,1050.85
2018-09-27T21:00:00Z,63.940000000000005,1313.75
2018-09-27T21:30:00Z,63.40999999999999,1520.1
2018-09-27T22:00:00Z,61.44,192.0
2018-09-27T22:30:00Z,59.47999999999999,169.5
2018-09-27T23:00:00Z,58.85,334.0
2018-09-27T23:30:00Z,56.98,353.7
2018-09-28T00:00:00Z,57.90999999999999,236.5
2018-09-28T00:30:00Z,57.83,300.4
2018-09-28T01:00:00Z,57.37,314.0
2018-09-28T01:30:00Z,57.28,315.0
2018-09-28T02:00:00Z,59.330000000000005,91.25
2018-09-28T02:30:00Z,59.52,132.1
2018-09-28T03:00:00Z,60.60999999999999,192.1
2018-09-28T03:30:00Z,61.92000000000001,273.15
2018-09-28T04:00:00Z,64.0,304.5
2018-09-28T04:30:00Z,61.01,365.9
2018-09-28T05:00:00Z,66.48,585.8
2018-09-28T05:30:00Z,66.3,1043.5
2018-09-28T06:00:00Z,58.75999999999999,182.2
2018-09-28T06:30:00Z,76.88,104.0
2018-09-28T07:00:00Z,78.47,126.5
2018-09-28T07:30:00Z,74.32,108.0
2018-09-28T08:00:00Z,69.83,110.0
2018-09-28T08:30:00Z,68.62,335.25
2018-09-28T09:00:00Z,66.76,370.25
2018-09-28T09:30:00Z,63.330000000000005,522.8
2018-09-28T10:00:00Z,57.28999999999999,583.5
2018-09-28T10:30:00Z,57.96,750.5
2018-09-28T11:00:00Z,57.37,689.85
2018-09-28T11:30:00Z,57.05,988.5
2018-09-28T12:00:00Z,58.010000000000005,684.1
2018-09-28T12:30:00Z,58.03999999999999,819.7
2018-09-28T13:00:00Z,58.01,755.7
2018-09-28T13:30:00Z,58.06,725.6
2018-09-28T14:00:00Z,62.13,478.5
2018-09-28T14:30:00Z,60.86,673.6
2018-09-28T15:00:00Z,61.0,833.7
2018-09-28T15:30:00Z,61.75,933.1
2018-09-28T16:00:00Z,61.46,373.5
2018-09-28T16:30:00Z,66.0,324.0
2018-09-28T17:00:00Z,68.33,509.5
2018-09-28T17:30:00Z,72.14,672.9
2018-09-28T18:00:00Z,78.85,608.75
2018-09-28T18:30:00Z,78.84,661.35
2018-09-28T19:00:00Z,75.49,567.0
2018-09-28T19:30:00Z,71.32,662.7
2018-09-28T20:00:00Z,67.51,247.5
2018-09-28T20:30:00Z,65.15,454.5
2018-09-28T21:00:00Z,64.68,813.3
2018-09-28T21:30:00Z,66.44,996.3
2018-09-28T22:00:00Z,69.73,324.65
2018-09-28T22:30:00Z,70.02,225.8
2018-09-28T23:00:00Z,69.95,137.5
2018-09-28T23:30:00Z,69.17,186.3
2018-09-29T00:00:00Z,68.84,193.5
2018-09-29T00:30:00Z,68.75,190.2
2018-09-29T01:00:00Z,68.48,275.3
2018-09-29T01:30:00Z,68.35,170.5
2018-09-29T02:00:00Z,58.67,219.5
2018-09-29T02:30:00Z,58.03,333.25
2018-09-29T03:00:00Z,57.54,375.25
2018-09-29T03:30:00Z,58.52,293.75
2018-09-29T04:00:00Z,53.15,539.2
2018-09-29T04:30:00Z,53.66,427.95
2018-09-29T05:00:00Z,56.2,475.55
2018-09-29T05:30:00Z,58.07,526.9
2018-09-29T06:00:00Z,60.97,215.45
2018-09-29T06:30:00Z,66.11,153.55
2018-09-29T07:00:00Z,68.58,165.05
2018-09-29T07:30:00Z,70.77,387.6
2018-09-29T08:00:00Z,77.17,138.0
2018-09-29T08:30:00Z,74.04,258.0
2018-09-29T09:00:00Z,70.15,461.2
2018-09-29T09:30:00Z,67.61,563.35
2018-09-29T10:00:00Z,53.61,425.1
2018-09-29T10:30:00Z,54.86,615.5
2018-09-29T11:00:00Z,54.63,615.5
2018-09-29T11:30:00Z,54.77,697.45
2018-09-29T12:00:00Z,54.36,540.5
2018-09-29T12:30:00Z,53.15,625.0
2018-09-29T13:00:00Z,52.0,738.5
2018-09-29T13:30:00Z,51.07,821.25
2018-09-29T14:00:00Z,51.74,130.0
2018-09-29T14:30:00Z,57.239999999999995,303.25
2018-09-29T15:00:00Z,56.56,437.05
2018-09-29T15:30:00Z,56.49,460.75
2018-09-29T16:00:00Z,63.910000000000004,385.5
2018-09-29T16:30:00Z,64.51,533.95
2018-09-29T17:00:00Z,66.62,582.15
2018-09-29T17:30:00Z,76.65,648.25
2018-09-29T18:00:00Z,79.27,667.0
2018-09-29T18:30:00Z,83.1,889.45
2018-09-29T19:00:00Z,76.67,552.25
2018-09-29T19:30:00Z,74.32,521.0
2018-09-29T20:00:00Z,63.3,506.0
2018-09-29T20:30:00Z,62.03999999999999,564.75
2018-09-29T21:00:00Z,63.18,492.1
2018-09-29T21:30:00Z,62.61,801.75
2018-09-29T22:00:00Z,73.92,343.25
2018-09-29T22:30:00Z,69.57,493.15
2018-09-29T23:00:00Z,60.63000000000001,330.2
2018-09-29T23:30:00Z,60.25,366.75
2018-09-30T00:00:00Z,54.589999999999996,243.25
2018-09-30T00:30:00Z,53.65,331.35
2018-09-30T01:00:00Z,48.71,209.45
2018-09-30T01:30:00Z,49.0,231.75
2018-09-30T02:00:00Z,46.45,250.0
2018-09-30T02:30:00Z,50.01,352.1
2018-09-30T03:00:00Z,47.96,244.1
2018-09-30T03:30:00Z,47.010000000000005,213.1
2018-09-30T04:00:00Z,58.290000000000006,142.2
2018-09-30T04:30:00Z,58.5,233.35
2018-09-30T05:00:00Z,59.79,312.85
2018-09-30T05:30:00Z,61.9,505.85
2018-09-30T06:00:00Z,56.86,95.0
2018-09-30T06:30:00Z,62.62,296.9
2018-09-30T07:00:00Z,66.1,544.6
2018-09-30T07:30:00Z,69.32,749.0
2018-09-30T08:00:00Z,70.0,151.5
2018-09-30T08:30:00Z,73.32,292.5
2018-09-30T09:00:00Z,74.25,422.5
2018-09-30T09:30:00Z,73.91,460.0
2018-09-30T10:00:00Z,60.36,212.5
2018-09-30T10:30:00Z,61.21,296.0
2018-09-30T11:00:00Z,61.12,434.7
2018-09-30T11:30:00Z,63.3,536.5
2018-09-30T12:00:00Z,60.22999999999999,576.0
2018-09-30T12:30:00Z,61.18,773.0
2018-09-30T13:00:00Z,61.88,961.8
2018-09-30T13:30:00Z,62.24,1043.3
2018-09-30T14:00:00Z,65.05,402.5
2018-09-30T14:30:00Z,65.86,465.0
2018-09-30T15:00:00Z,66.08,620.0
2018-09-30T15:30:00Z,65.18,739.65
2018-09-30T16:00:00Z,67.13,456.5
2018-09-30T16:30:00Z,71.38,344.0
2018-09-30T17:00:00Z,71.24,381.0
2018-09-30T17:30:00Z,81.07,579.0
2018-09-30T18:00:00Z,94.09,301.0
2018-09-30T18:30:00Z,90.54999999999998,381.0
2018-09-30T19:00:00Z,81.07,326.9
2018-09-30T19:30:00Z,78.95,324.25
2018-09-30T20:00:00Z,64.29,660.0
2018-09-30T20:30:00Z,64.62,635.5
2018-09-30T21:00:00Z,63.2,980.6
2018-09-30T21:30:00Z,63.1,873.8
2018-09-30T22:00:00Z,52.93,307.0
2018-09-30T22:30:00Z,48.98,399.7
2018-09-30T23:00:00Z,48.13,327.0
2018-09-30T23:30:00Z,48.92,276.5
2018-10-01T00:00:00Z,47.89,283.0
2018-10-01T00:30:00Z,45.20000000000001,391.5
2018-10-01T01:00:00Z,47.98,374.6
2018-10-01T01:30:00Z,48.41,432.6
2018-10-01T02:00:00Z,62.44,482.0
2018-10-01T02:30:00Z,64.08,575.5
2018-10-01T03:00:00Z,65.69,596.7
2018-10-01T03:30:00Z,68.65,746.0
2018-10-01T04:00:00Z,67.82,706.65
2018-10-01T04:30:00Z,68.6,821.5
2018-10-01T05:00:00Z,68.39,382.0
2018-10-01T05:30:00Z,64.95,632.05
2018-10-01T06:00:00Z,68.35,42.95
2018-10-01T06:30:00Z,76.41,68.5
2018-10-01T07:00:00Z,78.1,354.45
2018-10-01T07:30:00Z,75.79,303.3
2018-10-01T08:00:00Z,71.66,108.0
2018-10-01T08:30:00Z,70.58,462.0
2018-10-01T09:00:00Z,70.04,607.0
2018-10-01T09:30:00Z,68.64,691.25
2018-10-01T10:00:00Z,62.93000000000001,280.5
2018-10-01T10:30:00Z,61.91,450.5
2018-10-01T11:00:00Z,60.37,660.4
2018-10-01T11:30:00Z,59.7,741.45
2018-10-01T12:00:00Z,60.74,497.0
2018-10-01T12:30:00Z,59.73,608.0
2018-10-01T13:00:00Z,59.019999999999996,800.75
2018-10-01T13:30:00Z,59.43,801.75
2018-10-01T14:00:00Z,77.1,228.1
2018-10-01T14:30:00Z,72.14,626.45
2018-10-01T15:00:00Z,75.04,462.2
2018-10-01T15:30:00Z,76.78,628.1
2018-10-01T16:00:00Z,82.15,640.25
2018-10-01T16:30:00Z,84.08,714.7
2018-10-01T17:00:00Z,84.06,689.15
2018-10-01T17:30:00Z,83.95,789.15
2018-10-01T18:00:00Z,74.33,731.0
2018-10-01T18:30:00Z,72.36,707.0
2018-10-01T19:00:00Z,65.29,1222.0
2018-10-01T19:30:00Z,65.37,1221.9
2018-10-01T20:00:00Z,59.03000000000001,1299.75
2018-10-01T20:30:00Z,58.67,1220.5
2018-10-01T21:00:00Z,57.23,1816.7
2018-10-01T21:30:00Z,56.16,2375.0
2018-10-01T22:00:00Z,57.31999999999999,700.2
2018-10-01T22:30:00Z,53.77,552.0
2018-10-01T23:00:00Z,42.13,314.5
2018-10-01T23:30:00Z,40.57,518.75
2018-10-03T00:00:00Z,54.11,406.85
2018-10-03T00:30:00Z,57.55,524.85
2018-10-03T01:00:00Z,55.6,454.3
2018-10-03T01:30:00Z,56.8,394.75
2018-10-03T02:00:00Z,70.88,406.8
2018-10-03T02:30:00Z,71.6,443.0
2018-10-03T03:00:00Z,71.24,532.95
2018-10-03T03:30:00Z,72.01,544.9
2018-10-03T04:00:00Z,70.95,770.05
2018-10-03T04:30:00Z,70.8,658.3
2018-10-03T05:00:00Z,71.16,579.5
2018-10-03T05:30:00Z,68.24,717.7
2018-10-03T06:00:00Z,62.47,445.25
2018-10-03T06:30:00Z,70.97,343.7
2018-10-03T07:00:00Z,72.31,477.45
2018-10-03T07:30:00Z,73.21,491.55
2018-10-03T08:00:00Z,73.38,384.55
2018-10-03T08:30:00Z,73.01,494.3
2018-10-03T09:00:00Z,72.79,773.1
2018-10-03T09:30:00Z,68.17,1009.25
2018-10-03T10:00:00Z,69.43,680.6
2018-10-03T10:30:00Z,69.36,814.6
2018-10-03T11:00:00Z,69.73,806.1
2018-10-03T11:30:00Z,69.74,1078.65
2018-10-03T12:00:00Z,70.77,1302.5
2018-10-03T12:30:00Z,70.63,1330.0
2018-10-03T13:00:00Z,69.93,1665.1
2018-10-03T13:30:00Z,69.82,1770.4
2018-10-03T14:00:00Z,69.76,1213.5
2018-10-03T14:30:00Z,69.4,1329.35
2018-10-03T15:00:00Z,69.95,1309.55
2018-10-03T15:30:00Z,72.85,1445.3
2018-10-03T16:00:00Z,72.23,1032.25
2018-10-03T16:30:00Z,74.8,1212.05
2018-10-03T17:00:00Z,74.69,1177.05
2018-10-03T17:30:00Z,77.12,1390.45
2018-10-03T18:00:00Z,76.36,818.25
2018-10-03T18:30:00Z,77.27,1063.8
2018-10-03T19:00:00Z,76.79,1016.3
2018-10-03T19:30:00Z,69.17,1239.25
2018-10-03T20:00:00Z,68.96,811.35
2018-10-03T20:30:00Z,67.33,946.65
2018-10-03T21:00:00Z,68.16,801.45
2018-10-03T21:30:00Z,67.19,891.3
2018-10-03T22:00:00Z,63.76,478.4
2018-10-03T22:30:00Z,61.82,106.0
2018-10-03T23:00:00Z,61.17,225.0
2018-10-03T23:30:00Z,61.12,191.0
2018-10-04T00:00:00Z,60.699999999999996,182.0
2018-10-04T00:30:00Z,59.54999999999999,192.7
2018-10-04T01:00:00Z,59.550000000000004,162.0
2018-10-04T01:30:00Z,60.29,266.8
2018-10-04T02:00:00Z,63.74,58.5
2018-10-04T02:30:00Z,68.82,138.05
2018-10-04T03:00:00Z,70.52,278.55
2018-10-04T03:30:00Z,71.57,391.55
2018-10-04T04:00:00Z,72.18,407.15
2018-10-04T04:30:00Z,72.83,474.5
2018-10-04T05:00:00Z,71.18,430.25
2018-10-04T05:30:00Z,64.41,751.9
2018-10-04T06:00:00Z,61.68999999999999,533.0
2018-10-04T06:30:00Z,71.6,208.5
2018-10-04T07:00:00Z,74.32,344.0
2018-10-04T07:30:00Z,72.89,301.6
2018-10-04T08:00:00Z,73.66,406.8
2018-10-04T08:30:00Z,74.91,518.8
2018-10-04T09:00:00Z,76.92,712.3
2018-10-04T09:30:00Z,74.69,778.7
2018-10-04T10:00:00Z,64.25,246.55
2018-10-04T10:30:00Z,65.76,695.85
2018-10-04T11:00:00Z,66.17,860.0
2018-10-04T11:30:00Z,65.6,955.35
2018-10-04T12:00:00Z,60.54,1028.95
2018-10-04T12:30:00Z,59.82,1452.5
2018-10-04T13:00:00Z,60.17,1882.2
2018-10-04T13:30:00Z,59.39,1955.1
2018-10-04T14:00:00Z,63.5,707.5
2018-10-04T14:30:00Z,62.06,926.7
2018-10-04T15:00:00Z,63.15,981.25
2018-10-04T15:30:00Z,66.45,924.65
2018-10-04T16:00:00Z,68.48,763.75
2018-10-04T16:30:00Z,73.26,727.5
2018-10-04T17:00:00Z,73.09,845.6
2018-10-04T17:30:00Z,74.16,874.9
2018-10-04T18:00:00Z,77.1,850.4
2018-10-04T18:30:00Z,76.91,855.1
2018-10-04T19:00:00Z,76.48,902.45
2018-10-04T19:30:00Z,70.25,1140.25
2018-10-04T20:00:00Z,74.46,575.75
2018-10-04T20:30:00Z,66.53,515.3
2018-10-04T21:00:00Z,64.72,642.55
2018-10-04T21:30:00Z,65.05,1021.4
2018-10-04T22:00:00Z,55.93,376.0
2018-10-04T22:30:00Z,56.15,378.75
2018-10-04T23:00:00Z,54.6,120.25
2018-10-04T23:30:00Z,55.05,229.0
2018-10-05T00:00:00Z,54.72,312.5
2018-10-05T00:30:00Z,54.83,339.5
2018-10-05T01:00:00Z,55.27,393.35
2018-10-05T01:30:00Z,54.839999999999996,358.95
2018-10-05T02:00:00Z,53.95,175.85
2018-10-05T02:30:00Z,54.3,201.35
2018-10-05T03:00:00Z,54.36,254.85
2018-10-05T03:30:00Z,53.79999999999999,307.9
2018-10-05T04:00:00Z,54.35,317.2
2018-10-05T04:30:00Z,53.72,434.65
2018-10-05T05:00:00Z,63.37,471.1
2018-10-05T05:30:00Z,58.42,959.2
2018-10-05T06:00:00Z,61.85,343.95
2018-10-05T06:30:00Z,81.72,380.95
2018-10-05T07:00:00Z,81.13,375.15
2018-10-05T07:30:00Z,83.38,346.45
2018-10-05T08:00:00Z,72.95,159.45
2018-10-05T08:30:00Z,72.09,262.45
2018-10-05T09:00:00Z,72.75,340.95
2018-10-05T09:30:00Z,70.45,643.95
2018-10-05T10:00:00Z,61.83,324.5
2018-10-05T10:30:00Z,63.09,483.5
2018-10-05T11:00:00Z,62.67,502.0
2018-10-05T11:30:00Z,62.29999999999999,676.0
2018-10-05T12:00:00Z,59.23,1107.25
2018-10-05T12:30:00Z,58.25999999999999,1249.25
2018-10-05T13:00:00Z,58.209999999999994,1250.5
2018-10-05T13:30:00Z,58.21,1252.0
2018-10-05T14:00:00Z,58.3,203.5
2018-10-05T14:30:00Z,62.97,555.0
2018-10-05T15:00:00Z,65.42,663.2
2018-10-05T15:30:00Z,72.35,630.4
2018-10-05T16:00:00Z,77.16,345.05
2018-10-05T16:30:00Z,87.97,392.5
2018-10-05T17:00:00Z,88.72,456.25
2018-10-05T17:30:00Z,92.14,647.65
2018-10-05T18:00:00Z,89.78,461.75
2018-10-05T18:30:00Z,85.02,471.75
2018-10-05T19:00:00Z,82.75,518.6
2018-10-05T19:30:00Z,72.46,671.2
2018-10-05T20:00:00Z,66.47,609.75
2018-10-05T20:30:00Z,64.39,766.85
2018-10-05T21:00:00Z,66.38,749.75
2018-10-05T21:30:00Z,66.84,1054.2
2018-10-05T22:00:00Z,66.31,407.0
2018-10-05T22:30:00Z,66.06,250.8
2018-10-05T23:00:00Z,62.910000000000004,136.0
2018-10-05T23:30:00Z,59.78,52.0
2018-10-06T00:00:00Z,61.58,79.5
2018-10-06T00:30:00Z,62.95,74.0
2018-10-06T01:00:00Z,68.87,329.0
2018-10-06T01:30:00Z,66.26,358.8
2018-10-06T02:00:00Z,64.64,62.0
2018-10-06T02:30:00Z,58.75,187.85
2018-10-06T03:00:00Z,57.5,258.5
2018-10-06T03:30:00Z,55.269999999999996,308.9
2018-10-06T04:00:00Z,49.74,294.35
2018-10-06T04:30:00Z,50.27,323.5
2018-10-06T05:00:00Z,57.87,608.2
2018-10-06T05:30:00Z,53.98,472.55
2018-10-06T06:00:00Z,60.02,259.0
2018-10-06T06:30:00Z,59.07,272.5
2018-10-06T07:00:00Z,53.46,150.0
2018-10-06T07:30:00Z,55.07000000000001,203.35
2018-10-06T08:00:00Z,64.13,215.0
2018-10-06T08:30:00Z,65.64,401.75
2018-10-06T09:00:00Z,65.97,429.0
2018-10-06T09:30:00Z,67.15,471.65
2018-10-06T10:00:00Z,59.82,242.5
2018-10-06T10:30:00Z,60.07,433.5
2018-10-06T11:00:00Z,61.11,560.0
2018-10-06T11:30:00Z,61.29,792.1
2018-10-06T12:00:00Z,58.709999999999994,1121.7
2018-10-06T12:30:00Z,56.63,1419.05
2018-10-06T13:00:00Z,56.42,1460.5
2018-10-06T13:30:00Z,55.25,1324.0
2018-10-06T14:00:00Z,55.07,1343.85
2018-10-06T14:30:00Z,55.16,1383.25
2018-10-06T15:00:00Z,55.5,1313.75
2018-10-06T15:30:00Z,56.26,1465.9
2018-10-06T16:00:00Z,64.56,836.4
2018-10-06T16:30:00Z,67.14,707.0
2018-10-06T17:00:00Z,67.16,698.0
2018-10-06T17:30:00Z,72.2,898.5
2018-10-06T18:00:00Z,74.18,378.0
2018-10-06T18:30:00Z,70.65,457.15
2018-10-06T19:00:00Z,69.69,584.1
2018-10-06T19:30:00Z,67.41,719.5
2018-10-06T20:00:00Z,66.03,1131.7
2018-10-06T20:30:00Z,65.57,1118.2
2018-10-06T21:00:00Z,65.73,1195.35
2018-10-06T21:30:00Z,65.12,1928.7
2018-10-06T22:00:00Z,72.08,517.35
2018-10-06T22:30:00Z,69.84,443.15
2018-10-06T23:00:00Z,68.85,562.4
2018-10-06T23:30:00Z,68.69,566.5
2018-10-07T00:00:00Z,64.49,282.5
2018-10-07T00:30:00Z,64.49,282.5
2018-10-07T01:00:00Z,64.57,507.5
2018-10-07T01:30:00Z,63.77,330.5
2018-10-07T02:00:00Z,58.2,207.7
2018-10-07T02:30:00Z,59.38,306.2
2018-10-07T03:00:00Z,60.17,350.2
2018-10-07T03:30:00Z,59.88999999999999,339.2
2018-10-07T04:00:00Z,61.72,314.5
2018-10-07T04:30:00Z,62.13999999999999,364.5
2018-10-07T05:00:00Z,62.82,432.0
2018-10-07T05:30:00Z,61.94,337.0
2018-10-07T06:00:00Z,65.67,414.65
2018-10-07T06:30:00Z,64.92,442.85
2018-10-07T07:00:00Z,63.27,382.9
2018-10-07T07:30:00Z,69.94,534.95
2018-10-07T08:00:00Z,72.84,397.25
2018-10-07T08:30:00Z,71.89,500.85
2018-10-07T09:00:00Z,64.82,801.55
2018-10-07T09:30:00Z,60.5,983.75
2018-10-07T10:00:00Z,49.71,917.5
2018-10-07T10:30:00Z,49.550000000000004,940.4
2018-10-07T11:00:00Z,49.17,1055.6
2018-10-07T11:30:00Z,49.29,1059.0
2018-10-07T12:00:00Z,48.07,1292.0
2018-10-07T12:30:00Z,48.01,1280.0
2018-10-07T13:00:00Z,47.98,1392.95
2018-10-07T13:30:00Z,48.02,1455.85
2018-10-07T14:00:00Z,52.77,1227.0
2018-10-07T14:30:00Z,53.36,1180.5
2018-10-07T15:00:00Z,56.02,1609.5
2018-10-07T15:30:00Z,57.16,1748.4
2018-10-07T16:00:00Z,67.26,934.0
2018-10-07T16:30:00Z,69.21,939.55
2018-10-07T17:00:00Z,70.54,995.5
2018-10-07T17:30:00Z,79.64,1399.0
2018-10-07T18:00:00Z,88.04,950.85
2018-10-07T18:30:00Z,82.18,699.0
2018-10-07T19:00:00Z,80.96,706.0
2018-10-07T19:30:00Z,79.68,767.0
2018-10-07T20:00:00Z,67.34,731.15
2018-10-07T20:30:00Z,65.08,862.35
2018-10-07T21:00:00Z,60.64,1172.45
2018-10-07T21:30:00Z,53.42,1454.5
2018-10-07T22:00:00Z,40.71,267.5
2018-10-07T22:30:00Z,16.72,200.45
2018-10-07T23:00:00Z,16.68,259.7
2018-10-07T23:30:00Z,15.98,223.45
2018-10-08T00:00:00Z,30.100000000000005,219.5
2018-10-08T00:30:00Z,30.52,232.55
2018-10-08T01:00:00Z,30.4,303.6
2018-10-08T01:30:00Z,31.770000000000003,345.6
2018-10-08T02:00:00Z,47.03,159.0
2018-10-08T02:30:00Z,46.58,142.5
2018-10-08T03:00:00Z,52.24,200.5
2018-10-08T03:30:00Z,55.099999999999994,300.5
2018-10-08T04:00:00Z,59.82,421.35
2018-10-08T04:30:00Z,59.73,490.35
2018-10-08T05:00:00Z,63.400000000000006,1056.35
2018-10-08T05:30:00Z,60.75,997.2
2018-10-08T06:00:00Z,54.4,208.7
2018-10-08T06:30:00Z,64.76,47.5
2018-10-08T07:00:00Z,53.11,331.0
2018-10-08T07:30:00Z,57.32,267.5
2018-10-08T08:00:00Z,56.12,242.5
2018-10-08T08:30:00Z,58.89000000000001,359.5
2018-10-08T09:00:00Z,59.07,379.0
2018-10-08T09:30:00Z,59.06,529.1
2018-10-08T10:00:00Z,64.5,284.0
2018-10-08T10:30:00Z,65.3,516.5
2018-10-08T11:00:00Z,65.32,566.0
2018-10-08T11:30:00Z,64.87,601.0
2018-10-08T12:00:00Z,62.98,716.6
2018-10-08T12:30:00Z,61.92,977.8
2018-10-08T13:00:00Z,62.0,928.2
2018-10-08T13:30:00Z,61.77,940.1
2018-10-08T14:00:00Z,57.14,342.75
2018-10-08T14:30:00Z,58.77,495.0
2018-10-08T15:00:00Z,60.45,882.9
2018-10-08T15:30:00Z,62.78,912.85
2018-10-08T16:00:00Z,72.91,640.35
2018-10-08T16:30:00Z,75.27,812.15
2018-10-08T17:00:00Z,75.85,1023.1
2018-10-08T17:30:00Z,80.37,1249.65
2018-10-08T18:00:00Z,70.52,1007.9
2018-10-08T18:30:00Z,67.0,1150.85
2018-10-08T19:00:00Z,65.04,835.9
2018-10-08T19:30:00Z,61.209999999999994,1085.55
2018-10-08T20:00:00Z,61.79,1192.05
2018-10-08T20:30:00Z,60.08,1239.4
2018-10-08T21:00:00Z,60.82,1447.8
2018-10-08T21:30:00Z,60.26,1687.8
2018-10-08T22:00:00Z,46.13,454.0
2018-10-08T22:30:00Z,56.47,50.75
2018-10-08T23:00:00Z,56.38,184.45
2018-10-08T23:30:00Z,53.87,254.5
2018-10-09T00:00:00Z,63.51,321.5
2018-10-09T00:30:00Z,64.58,282.0
2018-10-09T01:00:00Z,65.71,419.0
2018-10-09T01:30:00Z,65.03,345.5
2018-10-09T02:00:00Z,69.39,329.25
2018-10-09T02:30:00Z,70.01,411.15
2018-10-09T03:00:00Z,71.5,582.75
2018-10-09T03:30:00Z,72.77,662.75
2018-10-09T04:00:00Z,80.79,973.3
2018-10-09T04:30:00Z,79.15,1032.15
2018-10-09T05:00:00Z,79.86,814.8
2018-10-09T05:30:00Z,80.11,933.75
2018-10-09T06:00:00Z,80.54,470.15
2018-10-09T06:30:00Z,91.32,403.9
2018-10-09T07:00:00Z,84.57,548.3
2018-10-09T07:30:00Z,85.36,352.0
2018-10-09T08:00:00Z,73.2,301.0
2018-10-09T08:30:00Z,69.31,504.55
2018-10-09T09:00:00Z,65.62,798.0
2018-10-09T09:30:00Z,62.03,1044.0
2018-10-09T10:00:00Z,60.29,893.5
2018-10-09T10:30:00Z,59.57,1058.0
2018-10-09T11:00:00Z,59.76,1088.0
2018-10-09T11:30:00Z,59.04,1132.5
2018-10-09T12:00:00Z,57.92,1048.0
2018-10-09T12:30:00Z,58.24,1025.6
2018-10-09T13:00:00Z,57.26,1124.85
2018-10-09T13:30:00Z,56.82,1195.6
2018-10-09T14:00:00Z,66.2,1433.0
2018-10-09T14:30:00Z,68.09,1279.05
2018-10-09T15:00:00Z,70.84,1407.7
2018-10-09T15:30:00Z,75.16,1963.15
2018-10-09T16:00:00Z,82.73,2146.85
2018-10-09T16:30:00Z,84.55,1880.7
2018-10-09T17:00:00Z,85.71,2008.25
2018-10-09T17:30:00Z,89.46,2037.0
2018-10-09T18:00:00Z,0.0,0.0
2018-10-09T18:30:00Z,0.0,0.0
2018-10-09T19:00:00Z,79.9,1267.0
2018-10-09T19:30:00Z,73.17,1177.65
2018-10-09T20:00:00Z,69.6,1006.15
2018-10-09T20:30:00Z,69.25,960.9
2018-10-09T21:00:00Z,68.24,1033.75
2018-10-09T21:30:00Z,66.91,1266.35
2018-10-09T22:00:00Z,63.52000000000001,112.25
2018-10-09T22:30:00Z,58.52,201.8
2018-10-09T23:00:00Z,57.91,195.5
2018-10-09T23:30:00Z,49.95,308.5
2018-10-10T00:00:00Z,49.81,387.0
2018-10-10T00:30:00Z,48.39,405.5
2018-10-10T01:00:00Z,47.41,426.75
2018-10-10T01:30:00Z,46.9,494.6
2018-10-10T02:00:00Z,54.15,245.5
2018-10-10T02:30:00Z,53.39,178.0
2018-10-10T03:00:00Z,52.330000000000005,418.95
2018-10-10T03:30:00Z,52.11,380.5
2018-10-10T04:00:00Z,55.76,369.5
2018-10-10T04:30:00Z,56.44,446.3
2018-10-10T05:00:00Z,64.43,850.15
2018-10-10T05:30:00Z,65.17,1237.5
2018-10-10T06:00:00Z,67.23,287.5
2018-10-10T06:30:00Z,86.06,527.5
2018-10-10T07:00:00Z,86.19,581.0
2018-10-10T07:30:00Z,81.96,383.0
2018-10-10T08:00:00Z,72.14,652.9
2018-10-10T08:30:00Z,71.25,635.65
2018-10-10T09:00:00Z,70.09,825.9
2018-10-10T09:30:00Z,68.24,996.45
2018-10-10T10:00:00Z,57.32000000000001,1166.65
2018-10-10T10:30:00Z,57.13,1160.8
2018-10-10T11:00:00Z,58.77,1379.9
2018-10-10T11:30:00Z,59.49,1473.4
2018-10-10T12:00:00Z,57.64,1374.25
2018-10-10T12:30:00Z,57.18,1407.75
2018-10-10T13:00:00Z,56.57,1556.95
2018-10-10T13:30:00Z,56.25,1613.3
2018-10-10T14:00:00Z,63.81000000000001,673.05
2018-10-10T14:30:00Z,62.059999999999995,762.3
2018-10-10T15:00:00Z,62.81,751.65
2018-10-10T15:30:00Z,63.71,952.35
2018-10-10T16:00:00Z,71.79,1133.55
2018-10-10T16:30:00Z,73.33,1211.05
2018-10-10T17:00:00Z,75.85,1198.5
2018-10-10T17:30:00Z,78.66,1326.0
2018-10-10T18:00:00Z,78.86,511.6
2018-10-10T18:30:00Z,75.4,578.4
2018-10-10T19:00:00Z,73.02,684.4
2018-10-10T19:30:00Z,70.03,809.6
2018-10-10T20:00:00Z,63.4,1075.6
2018-10-10T20:30:00Z,61.16,1156.35
2018-10-10T21:00:00Z,60.67999999999999,1160.1
2018-10-10T21:30:00Z,58.00999999999999,1509.65
2018-10-10T22:00:00Z,68.97,387.45
2018-10-10T22:30:00Z,56.46,252.8
2018-10-10T23:00:00Z,53.35,295.05
2018-10-10T23:30:00Z,50.35000000000001,411.0
2018-10-11T00:00:00Z,47.27,345.5
2018-10-11T00:30:00Z,47.46,499.75
2018-10-11T01:00:00Z,48.15,459.5
2018-10-11T01:30:00Z,52.26,545.55
2018-10-11T02:00:00Z,58.48,511.3
2018-10-11T02:30:00Z,59.6,618.3
2018-10-11T03:00:00Z,60.660000000000004,761.9
2018-10-11T03:30:00Z,60.49,755.5
2018-10-11T04:00:00Z,63.63,554.4
2018-10-11T04:30:00Z,62.12,718.0
2018-10-11T05:00:00Z,59.69,859.95
2018-10-11T05:30:00Z,53.89999999999999,1387.1
2018-10-11T06:00:00Z,55.06,580.85
2018-10-11T06:30:00Z,62.89999999999999,588.2
2018-10-11T07:00:00Z,68.25,531.75
2018-10-11T07:30:00Z,62.9,345.0
2018-10-11T08:00:00Z,57.330000000000005,640.15
2018-10-11T08:30:00Z,56.73,789.25
2018-10-11T09:00:00Z,56.67,941.95
2018-10-11T09:30:00Z,56.47,818.3
2018-10-11T10:00:00Z,55.36,737.5
2018-10-11T10:30:00Z,55.97,863.5
2018-10-11T11:00:00Z,56.97,957.6
2018-10-11T11:30:00Z,59.13,1197.25
2018-10-11T12:00:00Z,56.13000000000001,968.5
2018-10-11T12:30:00Z,58.0,1223.5
2018-10-11T13:00:00Z,57.919999999999995,1367.45
2018-10-11T13:30:00Z,57.75,1611.5
2018-10-11T14:00:00Z,62.82,1084.55
2018-10-11T14:30:00Z,64.32,1156.7
2018-10-11T15:00:00Z,65.64,1193.6
2018-10-11T15:30:00Z,67.45,1416.55
2018-10-11T16:00:00Z,73.18,1564.7
2018-10-11T16:30:00Z,76.85,1723.0
2018-10-11T17:00:00Z,77.74,2053.3
2018-10-11T17:30:00Z,79.35,2030.95
2018-10-11T18:00:00Z,81.83,1023.7
2018-10-11T18:30:00Z,83.06,1392.6
2018-10-11T19:00:00Z,82.4,1227.4
2018-10-11T19:30:00Z,76.67,1129.5
2018-10-11T20:00:00Z,69.82,1032.25
2018-10-11T20:30:00Z,65.35,1205.1
2018-10-11T21:00:00Z,63.09,1687.0
2018-10-11T21:30:00Z,61.49,2122.55
2018-10-11T22:00:00Z,62.33,653.0
2018-10-11T22:30:00Z,68.36,378.35
2018-10-11T23:00:00Z,63.050000000000004,526.2
2018-10-11T23:30:00Z,61.8,411.9
2018-10-12T00:00:00Z,61.32000000000001,406.6
2018-10-12T00:30:00Z,65.87,549.45
2018-10-12T01:00:00Z,67.44,606.45
2018-10-12T01:30:00Z,62.73,492.5
2018-10-12T02:00:00Z,44.96000000000001,478.75
2018-10-12T02:30:00Z,36.72,671.75
2018-10-12T03:00:00Z,31.89,751.05
2018-10-12T03:30:00Z,26.62,944.25
2018-10-12T04:00:00Z,28.81,463.65
2018-10-12T04:30:00Z,17.49,549.5
2018-10-12T05:00:00Z,7.76,646.0
2018-10-12T05:30:00Z,7.61,975.35
2018-10-12T06:00:00Z,44.65,704.7
2018-10-12T06:30:00Z,53.02,582.15
2018-10-12T07:00:00Z,51.75,677.25
2018-10-12T07:30:00Z,53.24,747.0
2018-10-12T08:00:00Z,55.0,876.0
2018-10-12T08:30:00Z,56.88,999.0
2018-10-12T09:00:00Z,56.01,960.0
2018-10-12T09:30:00Z,55.81,1015.5
2018-10-12T10:00:00Z,51.16,615.5
2018-10-12T10:30:00Z,57.17,961.35
2018-10-12T11:00:00Z,55.63,924.5
2018-10-12T11:30:00Z,56.04,1038.7
2018-10-12T12:00:00Z,52.54,1046.0
2018-10-12T12:30:00Z,52.9,1151.0
2018-10-12T13:00:00Z,53.1,1226.0
2018-10-12T13:30:00Z,52.830000000000005,1298.5
2018-10-12T14:00:00Z,58.31,117.0
2018-10-12T14:30:00Z,60.52,306.5
2018-10-12T15:00:00Z,64.48,643.75
2018-10-12T15:30:00Z,66.64,926.4
2018-10-12T16:00:00Z,77.94,621.0
2018-10-12T16:30:00Z,81.26,905.05
2018-10-12T17:00:00Z,83.91,1051.2
2018-10-12T17:30:00Z,87.12,1094.75
2018-10-12T18:00:00Z,87.41,1061.0
2018-10-12T18:30:00Z,84.11,902.25
2018-10-12T19:00:00Z,76.51,921.95
2018-10-12T19:30:00Z,70.28,1056.9
2018-10-12T20:00:00Z,52.21,1016.2
2018-10-12T20:30:00Z,47.93,1313.25
2018-10-12T21:00:00Z,50.42,1837.85
2018-10-12T21:30:00Z,49.98,1885.55
2018-10-12T22:00:00Z,45.4,516.6
2018-10-12T22:30:00Z,41.42,738.55
2018-10-12T23:00:00Z,39.44,706.5
2018-10-12T23:30:00Z,40.43,719.0
2018-10-13T00:00:00Z,36.73,615.85
2018-10-13T00:30:00Z,39.3,723.35
2018-10-13T01:00:00Z,41.3,752.4
2018-10-13T01:30:00Z,40.67,733.35
2018-10-13T02:00:00Z,51.56,298.35
2018-10-13T02:30:00Z,52.42,285.35
2018-10-13T03:00:00Z,59.379999999999995,604.35
2018-10-13T03:30:00Z,60.92,652.35
2018-10-13T04:00:00Z,63.53999999999999,364.5
2018-10-13T04:30:00Z,66.48,477.5
2018-10-13T05:00:00Z,69.8,589.0
2018-10-13T05:30:00Z,68.3,489.05
2018-10-13T06:00:00Z,51.18,130.3
2018-10-13T06:30:00Z,56.43,127.75
2018-10-13T07:00:00Z,53.28,119.5
2018-10-13T07:30:00Z,57.5,242.5
2018-10-13T08:00:00Z,64.58,257.5
2018-10-13T08:30:00Z,68.98,339.5
2018-10-13T09:00:00Z,72.25,389.9
2018-10-13T09:30:00Z,71.65,416.0
2018-10-13T10:00:00Z,73.79,252.75
2018-10-13T10:30:00Z,72.77,271.75
2018-10-13T11:00:00Z,74.74,379.2
2018-10-13T11:30:00Z,69.53,493.55
2018-10-13T12:00:00Z,57.64,906.75
2018-10-13T12:30:00Z,55.94,1140.75
2018-10-13T13:00:00Z,55.15,1076.25
2018-10-13T13:30:00Z,55.56000000000001,1289.5
2018-10-13T14:00:00Z,55.07,531.25
2018-10-13T14:30:00Z,56.63,531.35
2018-10-13T15:00:00Z,55.28,1023.75
2018-10-13T15:30:00Z,54.44,858.75
2018-10-13T16:00:00Z,58.75,1190.5
2018-10-13T16:30:00Z,61.31,1112.7
2018-10-13T17:00:00Z,66.24,1203.35
2018-10-13T17:30:00Z,66.35,1286.55
2018-10-13T18:00:00Z,66.91,664.0
2018-10-13T18:30:00Z,65.57,950.85
2018-10-13T19:00:00Z,59.95,804.95
2018-10-13T19:30:00Z,55.81,1034.7
2018-10-13T20:00:00Z,53.24,1150.1
2018-10-13T20:30:00Z,52.12,1472.2
2018-10-13T21:00:00Z,50.06,1654.65
2018-10-13T21:30:00Z,51.04,1587.05
2018-10-13T22:00:00Z,50.3,362.8
2018-10-13T22:30:00Z,48.53,252.1
2018-10-13T23:00:00Z,47.76,268.0
2018-10-13T23:30:00Z,48.14,259.5
2018-10-14T00:00:00Z,50.68,577.75
2018-10-14T00:30:00Z,51.14000000000001,409.5
2018-10-14T01:00:00Z,50.74,587.6
2018-10-14T01:30:00Z,50.62,576.9
2018-10-14T02:00:00Z,54.87,109.4
2018-10-14T02:30:00Z,51.76,255.45
2018-10-14T03:00:00Z,48.080000000000005,398.15
2018-10-14T03:30:00Z,49.41,324.6
2018-10-14T04:00:00Z,51.5,369.95
2018-10-14T04:30:00Z,51.16,340.4
2018-10-14T05:00:00Z,50.09,324.25
2018-10-14T05:30:00Z,51.98,465.9
2018-10-14T06:00:00Z,53.48,1060.95
2018-10-14T06:30:00Z,56.019999999999996,800.75
2018-10-14T07:00:00Z,60.129999999999995,757.5
2018-10-14T07:30:00Z,60.13,622.5
2018-10-14T08:00:00Z,65.01,830.5
2018-10-14T08:30:00Z,65.86,697.0
2018-10-14T09:00:00Z,67.33,742.5
2018-10-14T09:30:00Z,70.04,799.95
2018-10-14T10:00:00Z,75.15,439.65
2018-10-14T10:30:00Z,83.21,835.8
2018-10-14T11:00:00Z,84.32,1024.45
2018-10-14T11:30:00Z,80.86,849.75
2018-10-14T12:00:00Z,71.43,986.9
2018-10-14T12:30:00Z,71.53,1119.9
2018-10-14T13:00:00Z,72.29,1160.95
2018-10-14T13:30:00Z,71.62,1496.9
2018-10-14T14:00:00Z,71.41,874.85
2018-10-14T14:30:00Z,71.34,887.2
2018-10-14T15:00:00Z,71.58,874.35
2018-10-14T15:30:00Z,71.96,1040.35
2018-10-14T16:00:00Z,74.01,794.4
2018-10-14T16:30:00Z,77.99,655.9
2018-10-14T17:00:00Z,77.52,964.1
2018-10-14T17:30:00Z,81.29,920.45
2018-10-14T18:00:00Z,80.41,658.9
2018-10-14T18:30:00Z,75.21,677.6
2018-10-14T19:00:00Z,71.39,956.05
2018-10-14T19:30:00Z,68.26,1045.7
2018-10-14T20:00:00Z,65.08,1372.8
2018-10-14T20:30:00Z,63.69,1383.3
2018-10-14T21:00:00Z,63.03,1611.7
2018-10-14T21:30:00Z,61.39,1745.7
2018-10-14T22:00:00Z,54.46,204.75
2018-10-14T22:30:00Z,53.09,228.5
2018-10-14T23:00:00Z,53.11,218.75
2018-10-14T23:30:00Z,52.69,253.3
2018-10-15T00:00:00Z,51.93,400.05
2018-10-15T00:30:00Z,52.26,440.6
2018-10-15T01:00:00Z,51.96999999999999,432.5
2018-10-15T01:30:00Z,52.15,395.8
2018-10-15T02:00:00Z,53.38000000000001,223.65
2018-10-15T02:30:00Z,53.76,243.65
2018-10-15T03:00:00Z,55.02,391.65
2018-10-15T03:30:00Z,55.02,318.65
2018-10-15T04:00:00Z,55.739999999999995,357.5
2018-10-15T04:30:00Z,56.02,425.8
2018-10-15T05:00:00Z,57.96,431.2
2018-10-15T05:30:00Z,52.97,486.8
2018-10-15T06:00:00Z,57.510000000000005,325.8
2018-10-15T06:30:00Z,56.25,321.5
2018-10-15T07:00:00Z,56.0,342.25
2018-10-15T07:30:00Z,60.6,459.4
2018-10-15T08:00:00Z,68.22,465.0
2018-10-15T08:30:00Z,69.46,636.5
2018-10-15T09:00:00Z,68.74,884.5
2018-10-15T09:30:00Z,68.13,894.0
2018-10-15T10:00:00Z,68.2,577.75
2018-10-15T10:30:00Z,68.57,731.75
2018-10-15T11:00:00Z,68.79,798.75
2018-10-15T11:30:00Z,68.99,837.5
2018-10-15T12:00:00Z,69.15,853.5
2018-10-15T12:30:00Z,67.85,924.5
2018-10-15T13:00:00Z,67.65,948.5
2018-10-15T13:30:00Z,67.33,965.0
2018-10-15T14:00:00Z,72.95,564.0
2018-10-15T14:30:00Z,74.48,784.9
2018-10-15T15:00:00Z,74.39,1070.5
2018-10-15T15:30:00Z,77.81,858.45
2018-10-15T16:00:00Z,83.97,659.95
2018-10-15T16:30:00Z,87.95,822.5
2018-10-15T17:00:00Z,90.89,749.8
2018-10-15T17:30:00Z,100.97,961.65
2018-10-15T18:00:00Z,78.84,553.9
2018-10-15T18:30:00Z,69.13,597.7
2018-10-15T19:00:00Z,69.49,806.9
2018-10-15T19:30:00Z,64.76,934.3
2018-10-15T20:00:00Z,67.17,1011.5
2018-10-15T20:30:00Z,66.68,1037.35
2018-10-15T21:00:00Z,64.72,1342.0
2018-10-15T21:30:00Z,64.58,1241.6
2018-10-15T22:00:00Z,63.31999999999999,167.35
2018-10-15T22:30:00Z,53.65,68.0
2018-10-15T23:00:00Z,54.25,163.4
2018-10-15T23:30:00Z,54.58,130.0
2018-10-16T00:00:00Z,59.21,214.5
2018-10-16T00:30:00Z,57.529999999999994,213.0
2018-10-16T01:00:00Z,56.85,167.0
2018-10-16T01:30:00Z,56.85,167.0
2018-10-16T02:00:00Z,56.7,365.0
2018-10-16T02:30:00Z,56.6,395.2
2018-10-16T03:00:00Z,55.58,563.05
2018-10-16T03:30:00Z,55.73,487.0
2018-10-16T04:00:00Z,60.29,369.25
2018-10-16T04:30:00Z,57.81999999999999,621.5
2018-10-16T05:00:00Z,65.31,729.5
2018-10-16T05:30:00Z,62.00999999999999,903.05
2018-10-16T06:00:00Z,68.37,284.8
2018-10-16T06:30:00Z,82.85,740.0
2018-10-16T07:00:00Z,81.88000000000001,835.0
2018-10-16T07:30:00Z,80.74,845.65
2018-10-16T08:00:00Z,77.19,459.3
2018-10-16T08:30:00Z,69.59,491.0
2018-10-16T09:00:00Z,67.81,743.6
2018-10-16T09:30:00Z,65.3,778.75
2018-10-16T10:00:00Z,59.92,692.55
2018-10-16T10:30:00Z,60.31,754.75
2018-10-16T11:00:00Z,60.8,836.25
2018-10-16T11:30:00Z,60.75,1128.75
2018-10-16T12:00:00Z,59.83,848.25
2018-10-16T12:30:00Z,59.18,1058.5
2018-10-16T13:00:00Z,59.15,1073.4
2018-10-16T13:30:00Z,59.17,1109.95
2018-10-16T14:00:00Z,66.73,832.2
2018-10-16T14:30:00Z,67.21,958.85
2018-10-16T15:00:00Z,67.27,1074.4
2018-10-16T15:30:00Z,67.05,1297.45
2018-10-16T16:00:00Z,72.52,863.7
2018-10-16T16:30:00Z,74.35,710.05
2018-10-16T17:00:00Z,76.29,850.4
2018-10-16T17:30:00Z,79.69,972.1
2018-10-16T18:00:00Z,70.29,388.35
2018-10-16T18:30:00Z,71.73,566.75
2018-10-16T19:00:00Z,72.08,645.75
2018-10-16T19:30:00Z,69.15,1019.3
2018-10-16T20:00:00Z,60.47,793.85
2018-10-16T20:30:00Z,60.29,833.25
2018-10-16T21:00:00Z,58.17000000000001,1368.25
2018-10-16T21:30:00Z,58.08,1679.1
2018-10-16T22:00:00Z,52.19,1008.75
2018-10-16T22:30:00Z,52.92,679.85
2018-10-16T23:00:00Z,55.510000000000005,404.0
2018-10-16T23:30:00Z,55.79,473.5
2018-10-17T00:00:00Z,53.98,428.0
2018-10-17T00:30:00Z,54.26,431.0
2018-10-17T01:00:00Z,53.74,439.5
2018-10-17T01:30:00Z,53.66,455.0
2018-10-17T02:00:00Z,55.05,257.6
2018-10-17T02:30:00Z,54.169999999999995,425.4
2018-10-17T03:00:00Z,54.09,501.4
2018-10-17T03:30:00Z,54.0,478.9
2018-10-17T04:00:00Z,68.53,210.4
2018-10-17T04:30:00Z,58.57,494.0
2018-10-17T05:00:00Z,67.62,1103.6
2018-10-17T05:30:00Z,59.46999999999999,1411.4
2018-10-17T06:00:00Z,63.85999999999999,274.55
2018-10-17T06:30:00Z,70.35,181.65
2018-10-17T07:00:00Z,58.13,322.0
2018-10-17T07:30:00Z,59.13,224.0
2018-10-17T08:00:00Z,59.31,422.0
2018-10-17T08:30:00Z,57.94,495.15
2018-10-17T09:00:00Z,61.18,721.75
2018-10-17T09:30:00Z,61.43,848.6
2018-10-17T10:00:00Z,61.44,1247.0
2018-10-17T10:30:00Z,60.86000000000001,1373.85
2018-10-17T11:00:00Z,60.72,1498.35
2018-10-17T11:30:00Z,59.97,1596.15
2018-10-17T12:00:00Z,60.33,1549.9
2018-10-17T12:30:00Z,60.29,1517.4
2018-10-17T13:00:00Z,60.12,1645.4
2018-10-17T13:30:00Z,59.89,1657.95
2018-10-17T14:00:00Z,69.35,975.3
2018-10-17T14:30:00Z,68.51,1001.5
2018-10-17T15:00:00Z,66.63,1137.85
2018-10-17T15:30:00Z,68.28,1164.5
2018-10-17T16:00:00Z,71.98,1226.65
2018-10-17T16:30:00Z,75.86,1069.2
2018-10-17T17:00:00Z,78.4,1065.5
2018-10-17T17:30:00Z,78.82,1098.65
2018-10-17T18:00:00Z,68.57,1454.1
2018-10-17T18:30:00Z,67.73,1482.9
2018-10-17T19:00:00Z,67.3,1679.35
2018-10-17T19:30:00Z,66.43,1700.65
2018-10-17T20:00:00Z,63.91,1558.4
2018-10-17T20:30:00Z,62.89,1893.6
2018-10-17T21:00:00Z,63.18,1847.45
2018-10-17T21:30:00Z,62.92,1981.65
2018-10-17T22:00:00Z,59.97,400.0
2018-10-17T22:30:00Z,57.040000000000006,359.6
2018-10-17T23:00:00Z,52.07,380.6
2018-10-17T23:30:00Z,51.99,480.0
2018-10-18T00:00:00Z,52.09,240.85
2018-10-18T00:30:00Z,52.22,279.4
2018-10-18T01:00:00Z,51.88,313.2
2018-10-18T01:30:00Z,51.11,295.65
2018-10-18T02:00:00Z,50.46,261.5
2018-10-18T02:30:00Z,50.79,299.5
2018-10-18T03:00:00Z,51.45,368.0
2018-10-18T03:30:00Z,50.85,317.5
2018-10-18T04:00:00Z,61.26,236.5
2018-10-18T04:30:00Z,56.08,475.35
2018-10-18T05:00:00Z,65.53,707.5
2018-10-18T05:30:00Z,61.79,1059.6
2018-10-18T06:00:00Z,66.92,538.0
2018-10-18T06:30:00Z,72.33,648.1
2018-10-18T07:00:00Z,70.68,679.0
2018-10-18T07:30:00Z,68.51,688.5
2018-10-18T08:00:00Z,67.89,652.65
2018-10-18T08:30:00Z,67.96,763.5
2018-10-18T09:00:00Z,67.58,781.0
2018-10-18T09:30:00Z,65.21,1032.9
2018-10-18T10:00:00Z,56.769999999999996,789.4
2018-10-18T10:30:00Z,56.51,929.5
2018-10-18T11:00:00Z,56.61,964.65
2018-10-18T11:30:00Z,56.65,958.95
2018-10-18T12:00:00Z,57.32,658.2
2018-10-18T12:30:00Z,57.22,741.5
2018-10-18T13:00:00Z,57.32999999999999,744.7
2018-10-18T13:30:00Z,57.32999999999999,744.7
2018-10-18T14:00:00Z,57.55,214.15
2018-10-18T14:30:00Z,58.57,163.5
2018-10-18T15:00:00Z,57.49,484.5
2018-10-18T15:30:00Z,59.9,597.95
2018-10-18T16:00:00Z,68.94,595.7
2018-10-18T16:30:00Z,74.99,618.0
2018-10-18T17:00:00Z,82.78,754.5
2018-10-18T17:30:00Z,86.19,993.75
2018-10-18T18:00:00Z,80.76,803.2
2018-10-18T18:30:00Z,71.19,441.05
2018-10-18T19:00:00Z,69.76,531.2
2018-10-18T19:30:00Z,65.94,495.35
2018-10-18T20:00:00Z,63.1,689.25
2018-10-18T20:30:00Z,62.05,908.5
2018-10-18T21:00:00Z,61.0,1068.75
2018-10-18T21:30:00Z,59.93999999999999,1212.3
2018-10-18T22:00:00Z,57.53999999999999,294.6
2018-10-18T22:30:00Z,56.74,260.95
2018-10-18T23:00:00Z,50.04,106.25
2018-10-18T23:30:00Z,48.57,65.0
2018-10-19T00:00:00Z,50.0,185.6
2018-10-19T00:30:00Z,52.29,263.5
2018-10-19T01:00:00Z,51.0,281.5
2018-10-19T01:30:00Z,49.47,148.45
2018-10-19T02:00:00Z,50.45,449.5
2018-10-19T02:30:00Z,50.4,543.25
2018-10-19T03:00:00Z,50.46,469.55
2018-10-19T03:30:00Z,50.46,467.15
2018-10-19T04:00:00Z,53.4,497.0
2018-10-19T04:30:00Z,51.89,480.3
2018-10-19T05:00:00Z,64.01,761.25
2018-10-19T05:30:00Z,58.07999999999999,1149.15
2018-10-19T06:00:00Z,63.76,585.0
2018-10-19T06:30:00Z,73.92,414.05
2018-10-19T07:00:00Z,76.06,632.05
2018-10-19T07:30:00Z,73.54,443.35
2018-10-19T08:00:00Z,67.14,578.45
2018-10-19T08:30:00Z,64.13,485.0
2018-10-19T09:00:00Z,63.0,637.0
2018-10-19T09:30:00Z,60.57,804.5
2018-10-19T10:00:00Z,56.03,932.4
2018-10-19T10:30:00Z,55.2,845.75
2018-10-19T11:00:00Z,54.87,1019.75
2018-10-19T11:30:00Z,54.94,1262.25
2018-10-19T12:00:00Z,54.85,1138.3
2018-10-19T12:30:00Z,54.94,1169.5
2018-10-19T13:00:00Z,55.32,1413.0
2018-10-19T13:30:00Z,55.22,1504.35
2018-10-19T14:00:00Z,58.01,923.7
2018-10-19T14:30:00Z,60.88,727.3
2018-10-19T15:00:00Z,61.0,807.5
2018-10-19T15:30:00Z,67.52,990.1
2018-10-19T16:00:00Z,72.47,837.6
2018-10-19T16:30:00Z,78.06,782.85
2018-10-19T17:00:00Z,80.1,791.25
2018-10-19T17:30:00Z,85.08000000000001,840.4
2018-10-19T18:00:00Z,85.22,608.7
2018-10-19T18:30:00Z,73.4,397.0
2018-10-19T19:00:00Z,72.33,418.0
2018-10-19T19:30:00Z,67.72,674.25
2018-10-19T20:00:00Z,64.33,815.7
2018-10-19T20:30:00Z,64.44,927.4
2018-10-19T21:00:00Z,62.79,932.1
2018-10-19T21:30:00Z,61.61000000000001,1377.75
2018-10-19T22:00:00Z,65.15,1132.3
2018-10-19T22:30:00Z,63.78999999999999,759.05
2018-10-19T23:00:00Z,59.03,483.35
2018-10-19T23:30:00Z,58.24,496.2
2018-10-20T00:00:00Z,59.73,404.5
2018-10-20T00:30:00Z,60.99,465.0
2018-10-20T01:00:00Z,59.86,571.5
2018-10-20T01:30:00Z,57.81,595.5
2018-10-20T02:00:00Z,53.120000000000005,345.35
2018-10-20T02:30:00Z,53.16,466.0
2018-10-20T03:00:00Z,53.019999999999996,657.0
2018-10-20T03:30:00Z,52.54,684.9
2018-10-20T04:00:00Z,52.31,414.2
2018-10-20T04:30:00Z,52.5,536.7
2018-10-20T05:00:00Z,54.07999999999999,446.5
2018-10-20T05:30:00Z,50.84,884.7
2018-10-20T06:00:00Z,59.419999999999995,307.6
2018-10-20T06:30:00Z,61.63,355.7
2018-10-20T07:00:00Z,64.82,282.1
2018-10-20T07:30:00Z,73.27,411.1
2018-10-20T08:00:00Z,78.06,508.2
2018-10-20T08:30:00Z,77.62,665.1
2018-10-20T09:00:00Z,74.53,405.5
2018-10-20T09:30:00Z,72.47,399.5
2018-10-20T10:00:00Z,55.26,488.1
2018-10-20T10:30:00Z,55.06,510.6
2018-10-20T11:00:00Z,55.01,697.8
2018-10-20T11:30:00Z,54.870000000000005,706.1
2018-10-20T12:00:00Z,53.61,544.6
2018-10-20T12:30:00Z,52.92,720.1
2018-10-20T13:00:00Z,53.02,671.1
2018-10-20T13:30:00Z,52.92,691.1
2018-10-20T14:00:00Z,60.239999999999995,609.5
2018-10-20T14:30:00Z,61.13,624.0
2018-10-20T15:00:00Z,58.5,1131.4
2018-10-20T15:30:00Z,62.169999999999995,844.75
2018-10-20T16:00:00Z,74.12,805.0
2018-10-20T16:30:00Z,80.94,987.4
2018-10-20T17:00:00Z,84.42,933.4
2018-10-20T17:30:00Z,85.01,839.95
2018-10-20T18:00:00Z,80.49,617.8
2018-10-20T18:30:00Z,76.09,498.0
2018-10-20T19:00:00Z,76.39,565.35
2018-10-20T19:30:00Z,75.19,578.0
2018-10-20T20:00:00Z,65.37,650.75
2018-10-20T20:30:00Z,64.82,745.8
2018-10-20T21:00:00Z,62.96,984.25
2018-10-20T21:30:00Z,63.05,896.55
2018-10-20T22:00:00Z,61.46,520.9
2018-10-20T22:30:00Z,62.43,476.35
2018-10-20T23:00:00Z,56.7,572.15
2018-10-20T23:30:00Z,56.09,550.5
2018-10-21T00:00:00Z,56.01,413.85
2018-10-21T00:30:00Z,57.68,476.7
2018-10-21T01:00:00Z,61.2,466.35
2018-10-21T01:30:00Z,58.42,424.35
2018-10-21T02:00:00Z,53.89,491.0
2018-10-21T02:30:00Z,54.05,518.0
2018-10-21T03:00:00Z,54.42,572.5
2018-10-21T03:30:00Z,53.21,612.5
2018-10-21T04:00:00Z,52.18,741.5
2018-10-21T04:30:00Z,51.93,742.0
2018-10-21T05:00:00Z,52.31999999999999,686.0
2018-10-21T05:30:00Z,52.77,674.0
2018-10-21T06:00:00Z,55.720000000000006,739.5
2018-10-21T06:30:00Z,56.05,623.6
2018-10-21T07:00:00Z,58.7,857.75
2018-10-21T07:30:00Z,61.42000000000001,764.0
2018-10-21T08:00:00Z,61.24,329.95
2018-10-21T08:30:00Z,55.42999999999999,370.0
2018-10-21T09:00:00Z,54.22999999999999,653.65
2018-10-21T09:30:00Z,53.2,891.7
2018-10-21T10:00:00Z,52.88999999999999,940.7
2018-10-21T10:30:00Z,52.9,957.0
2018-10-21T11:00:00Z,53.1,1095.25
2018-10-21T11:30:00Z,53.14,1142.25
2018-10-21T12:00:00Z,51.83,1364.25
2018-10-21T12:30:00Z,51.88999999999999,1320.5
2018-10-21T13:00:00Z,51.86,1348.0
2018-10-21T13:30:00Z,51.65,1411.55
2018-10-21T14:00:00Z,57.95,1028.85
2018-10-21T14:30:00Z,59.25,1082.0
2018-10-21T15:00:00Z,57.02,1458.75
2018-10-21T15:30:00Z,59.60999999999999,1432.3
2018-10-21T16:00:00Z,75.26,1244.7
2018-10-21T16:30:00Z,78.41,1375.75
2018-10-21T17:00:00Z,80.39000000000001,1738.5
2018-10-21T17:30:00Z,81.77,1637.7
2018-10-21T18:00:00Z,80.83,1061.25
2018-10-21T18:30:00Z,75.62,798.0
2018-10-21T19:00:00Z,72.98,559.9
2018-10-21T19:30:00Z,69.87,691.85
2018-10-21T20:00:00Z,55.33,1199.75
2018-10-21T20:30:00Z,55.22,1249.5
2018-10-21T21:00:00Z,53.87,1389.4
2018-10-21T21:30:00Z,52.42,1617.7
2018-10-21T22:00:00Z,50.0,224.5
2018-10-21T22:30:00Z,49.8,355.4
2018-10-21T23:00:00Z,47.76,248.8
2018-10-21T23:30:00Z,44.53,360.85
2018-10-22T00:00:00Z,43.55,374.35
2018-10-22T00:30:00Z,44.25,347.35
2018-10-22T01:00:00Z,44.14,429.05
2018-10-22T01:30:00Z,44.68,420.85
2018-10-22T02:00:00Z,42.63,356.6
2018-10-22T02:30:00Z,42.33,357.25
2018-10-22T03:00:00Z,42.25999999999999,399.75
2018-10-22T03:30:00Z,42.33,382.75
2018-10-22T04:00:00Z,49.75,563.7
2018-10-22T04:30:00Z,47.29,542.7
2018-10-22T05:00:00Z,58.78,815.7
2018-10-22T05:30:00Z,46.84,870.95
2018-10-22T06:00:00Z,53.78,620.6
2018-10-22T06:30:00Z,64.47,473.15
2018-10-22T07:00:00Z,60.75,1000.8
2018-10-22T07:30:00Z,60.9,749.9
2018-10-22T08:00:00Z,59.349999999999994,644.95
2018-10-22T08:30:00Z,57.44,884.05
2018-10-22T09:00:00Z,57.32,1174.7
2018-10-22T09:30:00Z,56.57999999999999,1488.65
2018-10-22T10:00:00Z,57.050000000000004,1304.15
2018-10-22T10:30:00Z,56.51,1426.7
2018-10-22T11:00:00Z,55.81000000000001,1578.65
2018-10-22T11:30:00Z,55.33,1673.2
2018-10-22T12:00:00Z,51.88,1306.0
2018-10-22T12:30:00Z,51.33,1516.0
2018-10-22T13:00:00Z,51.33,1548.9
2018-10-22T13:30:00Z,51.290000000000006,1618.5
2018-10-22T14:00:00Z,51.85,869.0
2018-10-22T14:30:00Z,52.59,847.05
2018-10-22T15:00:00Z,54.36,1060.5
2018-10-22T15:30:00Z,56.25,889.3
2018-10-22T16:00:00Z,68.34,942.6
2018-10-22T16:30:00Z,74.98,1001.75
2018-10-22T17:00:00Z,79.33,883.75
2018-10-22T17:30:00Z,82.55,1072.0
2018-10-22T18:00:00Z,68.52,755.5
2018-10-22T18:30:00Z,62.42,745.5
2018-10-22T19:00:00Z,61.56,744.95
2018-10-22T19:30:00Z,59.45,1045.5
2018-10-22T20:00:00Z,55.22,1541.2
2018-10-22T20:30:00Z,54.64,1796.35
2018-10-22T21:00:00Z,55.51,2037.5
2018-10-22T21:30:00Z,55.69,2292.65
2018-10-22T22:00:00Z,50.63,531.5
2018-10-22T22:30:00Z,47.96000000000001,431.0
2018-10-22T23:00:00Z,42.63,90.65
2018-10-22T23:30:00Z,40.8,206.05
2018-10-23T00:00:00Z,40.0,87.0
2018-10-23T00:30:00Z,40.0,333.5
2018-10-23T01:00:00Z,40.0,262.5
2018-10-23T01:30:00Z,40.0,262.5
2018-10-23T02:00:00Z,27.590000000000003,179.55
2018-10-23T02:30:00Z,24.78,211.0
2018-10-23T03:00:00Z,16.36,331.85
2018-10-23T03:30:00Z,11.930000000000001,416.5
2018-10-23T04:00:00Z,20.63,311.25
2018-10-23T04:30:00Z,28.400000000000002,308.7
2018-10-23T05:00:00Z,54.04999999999999,772.85
2018-10-23T05:30:00Z,48.05,943.0
2018-10-23T06:00:00Z,64.84,814.7
2018-10-23T06:30:00Z,64.85,590.5
2018-10-23T07:00:00Z,63.49,927.45
2018-10-23T07:30:00Z,64.86,645.95
2018-10-23T08:00:00Z,63.62,429.0
2018-10-23T08:30:00Z,60.92,477.5
2018-10-23T09:00:00Z,62.07999999999999,739.0
2018-10-23T09:30:00Z,60.91,1083.2
2018-10-23T10:00:00Z,55.98,278.0
2018-10-23T10:30:00Z,56.0,438.0
2018-10-23T11:00:00Z,54.55,691.0
2018-10-23T11:30:00Z,53.42,863.15
2018-10-23T12:00:00Z,49.86000000000001,855.85
2018-10-23T12:30:00Z,50.24,792.5
2018-10-23T13:00:00Z,51.08,814.5
2018-10-23T13:30:00Z,51.73,881.55
2018-10-23T14:00:00Z,53.96,476.35
2018-10-23T14:30:00Z,56.59,565.25
2018-10-23T15:00:00Z,56.17,892.55
2018-10-23T15:30:00Z,58.44,821.3
2018-10-23T16:00:00Z,63.98,864.35
2018-10-23T16:30:00Z,69.12,570.65
2018-10-23T17:00:00Z,70.06,857.9
2018-10-23T17:30:00Z,75.18,949.95
2018-10-23T18:00:00Z,69.31,487.65
2018-10-23T18:30:00Z,63.97,405.4
2018-10-23T19:00:00Z,57.89,731.05
2018-10-23T19:30:00Z,57.29,1024.3
2018-10-23T20:00:00Z,58.55,608.95
2018-10-23T20:30:00Z,55.71,907.95
2018-10-23T21:00:00Z,53.06,1057.65
2018-10-23T21:30:00Z,52.65,1536.15
2018-10-23T22:00:00Z,44.17,372.85
2018-10-23T22:30:00Z,40.62,199.05
2018-10-23T23:00:00Z,38.87,87.0
2018-10-23T23:30:00Z,38.87,87.0
2018-10-24T00:00:00Z,0.0,0.0
2018-10-24T00:30:00Z,37.4,96.0
2018-10-24T01:00:00Z,36.05,168.5
2018-10-24T01:30:00Z,36.05,168.5
2018-10-24T02:00:00Z,32.32,133.0
2018-10-24T02:30:00Z,40.01,350.0
2018-10-24T03:00:00Z,40.0,402.5
2018-10-24T03:30:00Z,40.0,402.5
2018-10-24T04:00:00Z,50.38000000000001,360.05
2018-10-24T04:30:00Z,50.19,505.2
2018-10-24T05:00:00Z,61.53,577.2
2018-10-24T05:30:00Z,55.0,1051.6
2018-10-24T06:00:00Z,62.54,591.2
2018-10-24T06:30:00Z,71.23,317.5
2018-10-24T07:00:00Z,71.53,502.5
2018-10-24T07:30:00Z,66.77,374.0
2018-10-24T08:00:00Z,63.52,581.0
2018-10-24T08:30:00Z,63.31000000000001,651.0
2018-10-24T09:00:00Z,61.27,936.55
2018-10-24T09:30:00Z,59.23,1150.45
2018-10-24T10:00:00Z,53.53,909.0
2018-10-24T10:30:00Z,52.87,1150.6
2018-10-24T11:00:00Z,52.67,1186.6
2018-10-24T11:30:00Z,52.98,1316.6
2018-10-24T12:00:00Z,54.129999999999995,1286.75
2018-10-24T12:30:00Z,54.67000000000001,1463.75
2018-10-24T13:00:00Z,54.96,1596.45
2018-10-24T13:30:00Z,55.25,1771.75
2018-10-24T14:00:00Z,56.980000000000004,641.75
2018-10-24T14:30:00Z,58.620000000000005,559.25
2018-10-24T15:00:00Z,58.64,997.45
2018-10-24T15:30:00Z,60.9,652.75
2018-10-24T16:00:00Z,68.56,845.15
2018-10-24T16:30:00Z,74.35,608.45
2018-10-24T17:00:00Z,77.25,748.75
2018-10-24T17:30:00Z,76.09,820.6
2018-10-24T18:00:00Z,67.0,528.7
2018-10-24T18:30:00Z,61.85,742.6
2018-10-24T19:00:00Z,60.2,802.5
2018-10-24T19:30:00Z,58.41,1089.95
2018-10-24T20:00:00Z,57.03,1173.6
2018-10-24T20:30:00Z,57.2,1489.8
2018-10-24T21:00:00Z,57.15,1666.1
2018-10-24T21:30:00Z,57.33,1744.25
2018-10-24T22:00:00Z,54.09,48.0
2018-10-24T22:30:00Z,57.0,217.2
2018-10-24T23:00:00Z,51.34,126.0
2018-10-24T23:30:00Z,52.07,328.5
2018-10-25T00:00:00Z,51.33,493.25
2018-10-25T00:30:00Z,51.38,501.5
2018-10-25T01:00:00Z,51.7,624.45
2018-10-25T01:30:00Z,51.42,574.85
2018-10-25T02:00:00Z,49.79,299.35
2018-10-25T02:30:00Z,49.75,325.45
2018-10-25T03:00:00Z,50.0,423.95
2018-10-25T03:30:00Z,50.26,464.95
2018-10-25T04:00:00Z,59.55,265.4
2018-10-25T04:30:00Z,60.21,217.0
2018-10-25T05:00:00Z,62.46,426.15
2018-10-25T05:30:00Z,59.029999999999994,721.0
2018-10-25T06:00:00Z,74.48,362.0
2018-10-25T06:30:00Z,71.77,198.0
2018-10-25T07:00:00Z,68.21,517.0
2018-10-25T07:30:00Z,69.13,576.0
2018-10-25T08:00:00Z,68.06,417.0
2018-10-25T08:30:00Z,68.33,521.5
2018-10-25T09:00:00Z,68.86,683.45
2018-10-25T09:30:00Z,66.98,773.45
2018-10-25T10:00:00Z,60.66,300.5
2018-10-25T10:30:00Z,63.169999999999995,522.0
2018-10-25T11:00:00Z,62.94,702.5
2018-10-25T11:30:00Z,62.9,797.45
2018-10-25T12:00:00Z,64.73,591.0
2018-10-25T12:30:00Z,65.45,690.5
2018-10-25T13:00:00Z,65.54,739.0
2018-10-25T13:30:00Z,64.76,908.1
2018-10-25T14:00:00Z,71.64,486.05
2018-10-25T14:30:00Z,71.98,582.0
2018-10-25T15:00:00Z,70.16,786.15
2018-10-25T15:30:00Z,73.51,746.95
2018-10-25T16:00:00Z,80.93,1014.0
2018-10-25T16:30:00Z,81.73,993.5
2018-10-25T17:00:00Z,84.08,1218.55
2018-10-25T17:30:00Z,83.96,1187.5
2018-10-25T18:00:00Z,73.03,755.95
2018-10-25T18:30:00Z,70.04,792.85
2018-10-25T19:00:00Z,71.11,806.45
2018-10-25T19:30:00Z,68.51,769.75
2018-10-25T20:00:00Z,66.91,632.75
2018-10-25T20:30:00Z,65.08,939.0
2018-10-25T21:00:00Z,64.4,992.45
2018-10-25T21:30:00Z,63.28,1239.3
2018-10-25T22:00:00Z,59.82,517.5
2018-10-25T22:30:00Z,58.11,55.5
2018-10-25T23:00:00Z,57.84,187.05
2018-10-25T23:30:00Z,57.77,231.5
2018-10-26T00:00:00Z,59.81,248.2
2018-10-26T00:30:00Z,58.46,200.0
2018-10-26T01:00:00Z,58.95,262.5
2018-10-26T01:30:00Z,59.4,301.5
2018-10-26T02:00:00Z,58.83,218.5
2018-10-26T02:30:00Z,58.36,306.0
2018-10-26T03:00:00Z,58.19,381.0
2018-10-26T03:30:00Z,58.19,381.0
2018-10-26T04:00:00Z,60.54,513.25
2018-10-26T04:30:00Z,60.02000000000001,398.0
2018-10-26T05:00:00Z,65.35,589.0
2018-10-26T05:30:00Z,62.38,931.8
2018-10-26T06:00:00Z,68.07,534.2
2018-10-26T06:30:00Z,79.7,401.5
2018-10-26T07:00:00Z,78.39,546.0
2018-10-26T07:30:00Z,82.13,754.6
2018-10-26T08:00:00Z,77.97,694.5
2018-10-26T08:30:00Z,75.7,669.45
2018-10-26T09:00:00Z,77.28,943.15
2018-10-26T09:30:00Z,75.07,809.5
2018-10-26T10:00:00Z,61.77,363.0
2018-10-26T10:30:00Z,59.39999999999999,589.95
2018-10-26T11:00:00Z,58.82999999999999,778.75
2018-10-26T11:30:00Z,56.47,958.0
2018-10-26T12:00:00Z,54.39,1121.55
2018-10-26T12:30:00Z,54.24,1153.05
2018-10-26T13:00:00Z,54.06,1206.05
2018-10-26T13:30:00Z,52.92,1361.05
2018-10-26T14:00:00Z,49.33,716.5
2018-10-26T14:30:00Z,52.69,921.05
2018-10-26T15:00:00Z,52.23,1011.35
2018-10-26T15:30:00Z,55.64,1168.95
2018-10-26T16:00:00Z,67.17,865.15
2018-10-26T16:30:00Z,69.09,854.95
2018-10-26T17:00:00Z,68.84,783.8
2018-10-26T17:30:00Z,71.31,963.25
2018-10-26T18:00:00Z,69.34,591.3
2018-10-26T18:30:00Z,66.55,651.25
2018-10-26T19:00:00Z,66.27,811.75
2018-10-26T19:30:00Z,66.24,791.25
2018-10-26T20:00:00Z,56.67,559.5
2018-10-26T20:30:00Z,57.24,748.0
2018-10-26T21:00:00Z,56.53,899.3
2018-10-26T21:30:00Z,57.0,1038.5
2018-10-26T22:00:00Z,53.93,164.0
2018-10-26T22:30:00Z,56.02,321.5
2018-10-27T00:30:00Z,53.44,327.5
2018-10-27T01:00:00Z,54.48,360.0
2018-10-27T01:30:00Z,56.88,459.0
2018-10-27T02:00:00Z,51.45,373.5
2018-10-27T02:30:00Z,51.77,395.5
2018-10-27T03:00:00Z,52.03,403.6
2018-10-27T03:30:00Z,52.98,494.75
2018-10-27T04:00:00Z,50.79,331.25
2018-10-27T04:30:00Z,51.7,340.0
2018-10-27T05:00:00Z,54.06,572.25
2018-10-27T05:30:00Z,48.89,732.3
2018-10-27T06:00:00Z,59.06,748.2
2018-10-27T06:30:00Z,56.45,629.35
2018-10-27T07:00:00Z,60.23,799.05
2018-10-27T07:30:00Z,60.48,662.45
2018-10-27T08:00:00Z,64.59,721.0
2018-10-27T08:30:00Z,64.94,927.8
2018-10-27T09:00:00Z,65.21,1180.8
2018-10-27T09:30:00Z,65.09,1234.05
2018-10-27T10:00:00Z,55.99000000000001,652.3
2018-10-27T10:30:00Z,55.81,726.3
2018-10-27T11:00:00Z,55.02,885.65
2018-10-27T11:30:00Z,53.76,1056.9
2018-10-27T12:00:00Z,55.61,857.8
2018-10-27T12:30:00Z,55.69,944.3
2018-10-27T13:00:00Z,56.26,1207.55
2018-10-27T13:30:00Z,56.07,1301.6
2018-10-27T14:00:00Z,69.42,743.25
2018-10-27T14:30:00Z,67.16,1054.05
2018-10-27T15:00:00Z,67.23,1033.5
2018-10-27T15:30:00Z,68.39,1364.9
2018-10-27T16:00:00Z,72.18,1247.0
2018-10-27T16:30:00Z,72.18,1174.15
2018-10-27T17:00:00Z,76.32,1315.85
2018-10-27T17:30:00Z,76.54,1385.3
2018-10-27T18:00:00Z,64.5,569.2
2018-10-27T18:30:00Z,61.57,866.45
2018-10-27T19:00:00Z,62.21,975.9
2018-10-27T19:30:00Z,62.31,1045.2
2018-10-27T20:00:00Z,62.84,990.8
2018-10-27T20:30:00Z,59.0,1115.15
2018-10-27T21:00:00Z,58.12,1332.4
2018-10-27T21:30:00Z,58.400000000000006,1542.65
2018-10-27T22:00:00Z,56.25,553.0
2018-10-27T22:30:00Z,56.42,563.6
2018-10-27T23:00:00Z,53.01,362.5
2018-10-27T23:30:00Z,53.22,384.5
2018-10-28T00:00:00Z,50.82,243.1
2018-10-28T00:30:00Z,50.35,398.75
2018-10-28T01:00:00Z,50.22999999999999,380.95
2018-10-28T01:30:00Z,50.35,461.6
2018-10-28T02:00:00Z,49.22,489.15
2018-10-28T02:30:00Z,48.56,698.1
2018-10-28T03:00:00Z,46.8,726.5
2018-10-28T03:30:00Z,48.02,752.0
2018-10-28T04:00:00Z,48.410000000000004,807.8
2018-10-28T04:30:00Z,48.44,805.0
2018-10-28T05:00:00Z,53.48,422.0
2018-10-28T05:30:00Z,53.74,442.0
2018-10-28T06:00:00Z,50.81,475.1
2018-10-28T06:30:00Z,52.41,447.8
2018-10-28T07:00:00Z,54.96999999999999,621.5
2018-10-28T07:30:00Z,54.410000000000004,411.5
2018-10-28T08:00:00Z,57.06,740.9
2018-10-28T08:30:00Z,56.75999999999999,698.75
2018-10-28T09:00:00Z,60.18,227.0
2018-10-28T09:30:00Z,64.71,473.0
2018-10-28T10:00:00Z,64.94,531.2
2018-10-28T10:30:00Z,63.8,618.25
2018-10-28T11:00:00Z,68.51,97.65
2018-10-28T11:30:00Z,62.46,305.8
2018-10-28T12:00:00Z,60.56,445.45
2018-10-28T12:30:00Z,57.78,498.4
2018-10-28T13:00:00Z,61.01,313.65
2018-10-28T13:30:00Z,58.38,439.05
2018-10-28T14:00:00Z,56.82,666.2
2018-10-28T14:30:00Z,58.21,771.2
2018-10-28T15:00:00Z,62.75,1050.45
2018-10-28T15:30:00Z,64.95,1313.0
2018-10-28T16:00:00Z,67.98,1379.5
2018-10-28T16:30:00Z,78.1,1002.5
2018-10-28T17:00:00Z,107.03,1110.1
2018-10-28T17:30:00Z,106.69000000000001,1403.1
2018-10-28T18:00:00Z,102.0,933.25
2018-10-28T18:30:00Z,97.14,792.0
2018-10-28T19:00:00Z,74.64,341.75
2018-10-28T19:30:00Z,66.6,788.1
2018-10-28T20:00:00Z,63.93,1078.9
2018-10-28T20:30:00Z,63.4,1453.2
2018-10-28T21:00:00Z,61.91,1006.55
2018-10-28T21:30:00Z,61.88000000000001,1283.4
2018-10-28T22:00:00Z,60.29999999999999,1303.25
2018-10-28T22:30:00Z,59.720000000000006,1473.25
2018-10-28T23:00:00Z,57.760000000000005,459.4
2018-10-28T23:30:00Z,57.13,266.0
2018-10-29T00:00:00Z,57.37,411.0
2018-10-29T00:30:00Z,57.58,455.4
2018-10-29T01:00:00Z,54.36,471.0
2018-10-29T01:30:00Z,53.88,543.0
2018-10-29T02:00:00Z,53.9,588.5
2018-10-29T02:30:00Z,53.18999999999999,651.0
2018-10-29T03:00:00Z,52.05,465.0
2018-10-29T03:30:00Z,51.49,566.0
2018-10-29T04:00:00Z,51.05,592.4
2018-10-29T04:30:00Z,51.23,576.0
2018-10-29T05:00:00Z,54.72,392.5
2018-10-29T05:30:00Z,53.66,439.15
2018-10-29T06:00:00Z,61.29,850.75
2018-10-29T06:30:00Z,52.410000000000004,1279.2
2018-10-29T07:00:00Z,58.06,241.75
2018-10-29T07:30:00Z,61.8,249.0
2018-10-29T08:00:00Z,61.199999999999996,364.0
2018-10-29T08:30:00Z,61.14,510.7
2018-10-29T09:00:00Z,64.85,599.0
2018-10-29T09:30:00Z,65.47,1107.5
2018-10-29T10:00:00Z,65.06,1070.5
2018-10-29T10:30:00Z,63.16,1301.15
2018-10-29T11:00:00Z,58.8,821.0
2018-10-29T11:30:00Z,58.27,1026.25
2018-10-29T12:00:00Z,57.54,1301.5
2018-10-29T12:30:00Z,57.59,1305.25
2018-10-29T13:00:00Z,57.90999999999999,1168.0
2018-10-29T13:30:00Z,57.959999999999994,1315.0
2018-10-29T14:00:00Z,58.53999999999999,1501.05
2018-10-29T14:30:00Z,58.66,1652.5
2018-10-29T15:00:00Z,86.68,284.0
2018-10-29T15:30:00Z,80.82999999999998,424.75
2018-10-29T16:00:00Z,72.5,848.1
2018-10-29T16:30:00Z,82.92,991.05
2018-10-29T17:00:00Z,95.2,987.2
2018-10-29T17:30:00Z,96.69,1128.45
2018-10-29T18:00:00Z,96.06,1197.55
2018-10-29T18:30:00Z,94.44,1229.65
2018-10-29T19:00:00Z,67.05,849.65
2018-10-29T19:30:00Z,63.84000000000001,750.05
2018-10-29T20:00:00Z,65.16,859.85
2018-10-29T20:30:00Z,62.54,785.5
2018-10-29T21:00:00Z,64.56,1062.8
2018-10-29T21:30:00Z,64.09,977.75
2018-10-29T22:00:00Z,63.07999999999999,1163.7
2018-10-29T22:30:00Z,61.940000000000005,1376.75
2018-10-29T23:00:00Z,51.77,68.5
2018-10-29T23:30:00Z,53.599999999999994,234.85
2018-10-30T00:00:00Z,51.79,94.35
2018-10-30T00:30:00Z,52.12,110.85
2018-10-30T01:00:00Z,53.44,144.35
2018-10-30T01:30:00Z,53.82,193.85
2018-10-30T02:00:00Z,54.47,219.85
2018-10-30T02:30:00Z,55.45,226.85
2018-10-30T03:00:00Z,53.57,185.9
2018-10-30T03:30:00Z,52.99,414.6
2018-10-30T04:00:00Z,53.43,435.4
2018-10-30T04:30:00Z,52.65,625.4
2018-10-30T05:00:00Z,63.61,117.5
2018-10-30T05:30:00Z,55.97,228.5
2018-10-30T06:00:00Z,65.67,324.0
2018-10-30T06:30:00Z,53.01,623.65
2018-10-30T07:00:00Z,64.92,246.0
2018-10-30T07:30:00Z,81.02,399.75
2018-10-30T08:00:00Z,77.38,350.0
2018-10-30T08:30:00Z,77.03,387.5
2018-10-30T09:00:00Z,69.41,642.3
2018-10-30T09:30:00Z,69.06,794.2
2018-10-30T10:00:00Z,69.06,810.5
2018-10-30T10:30:00Z,70.2,983.4
2018-10-30T11:00:00Z,65.25,683.25
2018-10-30T11:30:00Z,65.66,758.25
2018-10-30T12:00:00Z,66.0,803.25
2018-10-30T12:30:00Z,65.43,857.05
2018-10-30T13:00:00Z,65.49,823.25
2018-10-30T13:30:00Z,65.39,860.75
2018-10-30T14:00:00Z,65.14,930.75
2018-10-30T14:30:00Z,65.74,1146.7
2018-10-30T15:00:00Z,82.23,929.2
2018-10-30T15:30:00Z,85.54,957.75
2018-10-30T16:00:00Z,80.63,1329.65
2018-10-30T16:30:00Z,91.55000000000001,1491.05
2018-10-30T17:00:00Z,107.09,1061.0
2018-10-30T17:30:00Z,108.11,1143.0
2018-10-30T18:00:00Z,104.18,1300.8
2018-10-30T18:30:00Z,98.93,1428.15
2018-10-30T19:00:00Z,84.95,1102.0
2018-10-30T19:30:00Z,74.69,802.0
2018-10-30T20:00:00Z,71.98,631.5
2018-10-30T20:30:00Z,70.97,698.0
2018-10-30T21:00:00Z,61.47999999999999,578.0
2018-10-30T21:30:00Z,61.56,849.5
2018-10-30T22:00:00Z,59.48,1014.5
2018-10-30T22:30:00Z,58.62,1356.55
2018-10-30T23:00:00Z,55.72,260.5
2018-10-30T23:30:00Z,55.82000000000001,355.45
2018-10-31T00:00:00Z,54.63,421.5
2018-10-31T00:30:00Z,55.68,457.1
2018-10-31T01:00:00Z,54.28,460.4
2018-10-31T01:30:00Z,54.49,425.25
2018-10-31T02:00:00Z,55.34,522.6
2018-10-31T02:30:00Z,54.83,542.05
2018-10-31T03:00:00Z,56.67,372.5
2018-10-31T03:30:00Z,54.84000000000001,382.5
2018-10-31T04:00:00Z,55.45,455.0
2018-10-31T04:30:00Z,54.59,452.0
2018-10-31T05:00:00Z,56.5,422.5
2018-10-31T05:30:00Z,55.91,365.45
2018-10-31T06:00:00Z,60.36,325.35
2018-10-31T06:30:00Z,55.59,821.85
2018-10-31T07:00:00Z,64.31,646.1
2018-10-31T07:30:00Z,65.71,1022.5
2018-10-31T08:00:00Z,63.72,964.25
2018-10-31T08:30:00Z,63.42999999999999,852.55
2018-10-31T09:00:00Z,62.059999999999995,738.0
2018-10-31T09:30:00Z,60.22,884.5
2018-10-31T10:00:00Z,59.32,1046.4
2018-10-31T10:30:00Z,59.22,1044.8
2018-10-31T11:00:00Z,57.73,852.5
2018-10-31T11:30:00Z,57.29,1021.7
2018-10-31T12:00:00Z,56.61,1306.2
2018-10-31T12:30:00Z,56.28999999999999,1403.95
2018-10-31T13:00:00Z,55.99,1261.75
2018-10-31T13:30:00Z,55.99,1308.65
2018-10-31T14:00:00Z,56.11,1432.9
2018-10-31T14:30:00Z,56.1,1422.5
2018-10-31T15:00:00Z,66.75,350.2
2018-10-31T15:30:00Z,68.71,723.1
2018-10-31T16:00:00Z,66.37,1016.85
2018-10-31T16:30:00Z,71.24,964.35
2018-10-31T17:00:00Z,75.24,658.5
2018-10-31T17:30:00Z,0.0,0.0
2018-10-31T18:00:00Z,0.0,0.0
2018-10-31T18:30:00Z,0.0,0.0
2018-10-31T19:00:00Z,0.0,0.0
2018-10-31T19:30:00Z,0.0,0.0
2018-10-31T20:00:00Z,0.0,0.0
2018-10-31T20:30:00Z,0.0,0.0
2018-10-31T21:00:00Z,0.0,0.0
2018-10-31T21:30:00Z,0.0,0.0
2018-10-31T22:00:00Z,0.0,0.0
2018-10-31T22:30:00Z,0.0,0.0
2018-10-31T23:00:00Z,0.0,0.0
2018-10-31T23:30:00Z,52.82,250.0
2018-11-01T00:00:00Z,51.27,479.5
2018-11-01T00:30:00Z,51.73,396.4
2018-11-01T01:00:00Z,50.22,654.5
2018-11-01T01:30:00Z,50.61,748.5
2018-11-01T02:00:00Z,50.67,729.0
2018-11-01T02:30:00Z,50.63,808.15
2018-11-01T03:00:00Z,51.45,173.0
2018-11-01T03:30:00Z,52.13,281.5
2018-11-01T04:00:00Z,52.49,401.0
2018-11-01T04:30:00Z,52.66,370.5
2018-11-01T05:00:00Z,53.27,275.25
2018-11-01T05:30:00Z,53.19,290.5
2018-11-01T06:00:00Z,55.62,417.2
2018-11-01T06:30:00Z,53.51,1029.45
2018-11-01T07:00:00Z,57.17,321.0
2018-11-01T07:30:00Z,69.85,150.0
2018-11-01T08:00:00Z,68.55,352.9
2018-11-01T08:30:00Z,66.04,281.7
2018-11-01T09:00:00Z,66.43,241.0
2018-11-01T09:30:00Z,66.6,665.65
2018-11-01T10:00:00Z,66.56,714.0
2018-11-01T10:30:00Z,66.26,776.5
2018-11-01T11:00:00Z,59.540000000000006,786.0
2018-11-01T11:30:00Z,60.54,996.0
2018-11-01T12:00:00Z,60.92999999999999,1076.0
2018-11-01T12:30:00Z,60.96,1082.5
2018-11-01T13:00:00Z,60.2,1035.0
2018-11-01T13:30:00Z,61.04,1103.5
2018-11-01T14:00:00Z,61.71,1196.9
2018-11-01T14:30:00Z,61.92,1225.5
2018-11-01T15:00:00Z,73.66,661.6
2018-11-01T15:30:00Z,75.38,552.4
2018-11-01T16:00:00Z,73.59,1106.7
2018-11-01T16:30:00Z,89.6,1423.0
2018-11-01T17:00:00Z,98.89,1114.3
2018-11-01T17:30:00Z,100.32,1190.65
2018-11-01T18:00:00Z,93.39,1325.95
2018-11-01T18:30:00Z,87.51,1453.95
2018-11-01T19:00:00Z,67.09,839.25
2018-11-01T19:30:00Z,62.84,803.6
2018-11-01T20:00:00Z,61.79999999999999,800.5
2018-11-01T20:30:00Z,61.19,956.0
2018-11-01T21:00:00Z,55.61,1014.55
2018-11-01T21:30:00Z,55.96,994.65
2018-11-01T22:00:00Z,55.16,1403.65
2018-11-01T22:30:00Z,54.93,1569.5
2018-11-01T23:00:00Z,50.17,257.5
2018-11-01T23:30:00Z,50.09,313.75
2018-11-02T00:00:00Z,49.54999999999999,386.5
2018-11-02T00:30:00Z,49.66,380.0
2018-11-02T01:00:00Z,50.93,473.0
2018-11-02T01:30:00Z,50.77,496.0
2018-11-02T02:00:00Z,52.339999999999996,642.0
2018-11-02T02:30:00Z,51.99,621.2
2018-11-02T03:00:00Z,50.38,196.65
2018-11-02T03:30:00Z,50.18,119.5
2018-11-02T04:00:00Z,50.33,169.15
2018-11-02T04:30:00Z,50.55,256.0
2018-11-02T05:00:00Z,51.92,148.15
2018-11-02T05:30:00Z,52.86,227.15
2018-11-02T06:00:00Z,53.38,731.9
2018-11-02T06:30:00Z,50.38,911.0
2018-11-02T07:00:00Z,56.370000000000005,322.5
2018-11-02T07:30:00Z,58.33,521.8
2018-11-02T08:00:00Z,56.01,496.9
2018-11-02T08:30:00Z,55.33,544.5
2018-11-02T09:00:00Z,58.33,702.5
2018-11-02T09:30:00Z,59.41,771.1
2018-11-02T10:00:00Z,58.97,728.1
2018-11-02T10:30:00Z,59.21000000000001,821.1
2018-11-02T11:00:00Z,59.34,119.5
2018-11-02T11:30:00Z,62.13,436.5
2018-11-02T12:00:00Z,61.87,458.35
2018-11-02T12:30:00Z,61.8,500.35
2018-11-02T13:00:00Z,61.26,542.45
2018-11-02T13:30:00Z,59.99,644.95
2018-11-02T14:00:00Z,61.66,551.45
2018-11-02T14:30:00Z,62.0,630.95
2018-11-02T15:00:00Z,66.33,160.45
2018-11-02T15:30:00Z,65.5,225.95
2018-11-02T16:00:00Z,64.27,575.3
2018-11-02T16:30:00Z,77.54,560.3
2018-11-02T17:00:00Z,81.58,655.5
2018-11-02T17:30:00Z,80.05,766.85
2018-11-02T18:00:00Z,76.77000000000001,875.6
2018-11-02T18:30:00Z,72.12,1033.2
2018-11-02T19:00:00Z,58.58,975.0
2018-11-02T19:30:00Z,58.25,1024.65
2018-11-02T20:00:00Z,58.82000000000001,1216.3
2018-11-02T20:30:00Z,57.73,1299.25
2018-11-02T21:00:00Z,56.52,1267.35
2018-11-02T21:30:00Z,56.41,1369.5
2018-11-02T22:00:00Z,56.56000000000001,1329.65
2018-11-02T22:30:00Z,57.31,1514.45
2018-11-02T23:00:00Z,57.28,538.0
2018-11-02T23:30:00Z,61.67,75.0
2018-11-03T00:00:00Z,59.480000000000004,237.65
2018-11-03T00:30:00Z,61.330000000000005,323.35
2018-11-03T01:00:00Z,66.16,395.5
2018-11-03T01:30:00Z,63.68,325.5
2018-11-03T02:00:00Z,61.55,469.2
2018-11-03T02:30:00Z,60.53,485.2
2018-11-03T03:00:00Z,54.66,346.5
2018-11-03T03:30:00Z,52.93,424.0
2018-11-03T04:00:00Z,52.71,484.85
2018-11-03T04:30:00Z,52.16,484.2
2018-11-03T05:00:00Z,48.78,284.05
2018-11-03T05:30:00Z,47.6,295.25
2018-11-03T06:00:00Z,47.56999999999999,460.65
2018-11-03T06:30:00Z,46.61,489.6
2018-11-03T07:00:00Z,58.64,677.4
2018-11-03T07:30:00Z,59.56,766.3
2018-11-03T08:00:00Z,62.28,821.65
2018-11-03T08:30:00Z,61.69,695.65
2018-11-03T09:00:00Z,61.0,493.4
2018-11-03T09:30:00Z,60.669999999999995,687.9
2018-11-03T10:00:00Z,60.46000000000001,810.9
2018-11-03T10:30:00Z,59.74,1018.9
2018-11-03T11:00:00Z,57.040000000000006,792.25
2018-11-03T11:30:00Z,55.43,1029.8
2018-11-03T12:00:00Z,54.97,1121.6
2018-11-03T12:30:00Z,55.08,1319.15
2018-11-03T13:00:00Z,54.97,1188.25
2018-11-03T13:30:00Z,54.36000000000001,1303.75
2018-11-03T14:00:00Z,54.4,1429.25
2018-11-03T14:30:00Z,54.29,1448.15
2018-11-03T15:00:00Z,59.95,1696.5
2018-11-03T15:30:00Z,60.01,1764.35
2018-11-03T16:00:00Z,59.82,1838.45
2018-11-03T16:30:00Z,65.11,1981.45
2018-11-03T17:00:00Z,68.68,1548.65
2018-11-03T17:30:00Z,70.7,1831.05
2018-11-03T18:00:00Z,69.12,1741.15
2018-11-03T18:30:00Z,65.54,1735.55
2018-11-03T19:00:00Z,55.68,683.5
2018-11-03T19:30:00Z,55.62,750.5
2018-11-03T20:00:00Z,56.42,853.5
2018-11-03T20:30:00Z,57.18,944.2
2018-11-03T21:00:00Z,55.74,753.0
2018-11-03T21:30:00Z,55.78999999999999,758.5
2018-11-03T22:00:00Z,55.85,944.0
2018-11-03T22:30:00Z,65.34,1461.75
2018-11-03T23:00:00Z,49.69,216.55
2018-11-03T23:30:00Z,47.72,384.8
2018-11-04T00:00:00Z,41.96000000000001,115.0
2018-11-04T00:30:00Z,41.51,100.0
2018-11-04T01:00:00Z,18.26,264.05
2018-11-04T01:30:00Z,15.54,397.15
2018-11-04T02:00:00Z,14.5,347.0
2018-11-04T02:30:00Z,14.07,402.25
2018-11-04T03:00:00Z,17.39,563.5
2018-11-04T03:30:00Z,19.32,612.55
2018-11-04T04:00:00Z,20.2,629.1
2018-11-04T04:30:00Z,20.3,624.0
2018-11-04T05:00:00Z,35.51,530.05
2018-11-04T05:30:00Z,36.63,612.45
2018-11-04T06:00:00Z,40.6,854.65
2018-11-04T06:30:00Z,43.45,988.75
2018-11-04T07:00:00Z,55.78,731.5
2018-11-04T07:30:00Z,56.10000000000001,699.5
2018-11-04T08:00:00Z,52.85,584.25
2018-11-04T08:30:00Z,53.7,671.25
2018-11-04T09:00:00Z,68.84,305.0
2018-11-04T09:30:00Z,67.88,447.5
2018-11-04T10:00:00Z,65.3,671.3
2018-11-04T10:30:00Z,65.95,637.75
2018-11-04T11:00:00Z,60.14000000000001,328.0
2018-11-04T11:30:00Z,60.61,331.0
2018-11-04T12:00:00Z,61.41,366.0
2018-11-04T12:30:00Z,60.48,338.5
2018-11-04T13:00:00Z,61.470000000000006,558.5
2018-11-04T13:30:00Z,61.6,698.0
2018-11-04T14:00:00Z,63.66,837.35
2018-11-04T14:30:00Z,61.49,1036.7
2018-11-04T15:00:00Z,62.24,603.0
2018-11-04T15:30:00Z,60.65,943.8
2018-11-04T16:00:00Z,66.75,624.0
2018-11-04T16:30:00Z,74.26,884.5
2018-11-04T17:00:00Z,80.98,773.0
2018-11-04T17:30:00Z,80.44,748.35
2018-11-04T18:00:00Z,73.99,715.35
2018-11-04T18:30:00Z,68.19,873.55
2018-11-04T19:00:00Z,62.04,505.2
2018-11-04T19:30:00Z,62.23,750.7
2018-11-04T20:00:00Z,60.86,517.5
2018-11-04T20:30:00Z,59.96,603.8
2018-11-04T21:00:00Z,58.989999999999995,581.65
2018-11-04T21:30:00Z,56.47,711.75
2018-11-04T22:00:00Z,54.6,1150.9
2018-11-04T22:30:00Z,52.82,1428.1
2018-11-04T23:00:00Z,49.82,516.75
2018-11-04T23:30:00Z,49.56,339.3
2018-11-05T00:00:00Z,49.97,271.0
2018-11-05T00:30:00Z,50.45,351.3
2018-11-05T01:00:00Z,53.09,297.0
2018-11-05T01:30:00Z,52.99000000000001,327.5
2018-11-05T02:00:00Z,53.33,378.75
2018-11-05T02:30:00Z,53.410000000000004,349.0
2018-11-05T03:00:00Z,54.23,243.55
2018-11-05T03:30:00Z,51.769999999999996,390.6
2018-11-05T04:00:00Z,52.21,315.85
2018-11-05T04:30:00Z,52.42,317.0
2018-11-05T05:00:00Z,54.91,566.3
2018-11-05T05:30:00Z,56.10000000000001,594.5
2018-11-05T06:00:00Z,60.12,892.35
2018-11-05T06:30:00Z,52.86,959.85
2018-11-05T07:00:00Z,59.13,481.2
2018-11-05T07:30:00Z,61.510000000000005,420.0
2018-11-05T08:00:00Z,61.26,495.1
2018-11-05T08:30:00Z,61.3,473.0
2018-11-05T09:00:00Z,61.260000000000005,651.75
2018-11-05T09:30:00Z,59.25,768.5
2018-11-05T10:00:00Z,58.45,839.5
2018-11-05T10:30:00Z,58.5,935.25
2018-11-05T11:00:00Z,59.65,517.1
2018-11-05T11:30:00Z,59.46,677.85
2018-11-05T12:00:00Z,59.60999999999999,852.15
2018-11-05T12:30:00Z,59.64,931.65
2018-11-05T13:00:00Z,60.77,857.1
2018-11-05T13:30:00Z,60.59,787.1
2018-11-05T14:00:00Z,65.09,1068.25
2018-11-05T14:30:00Z,63.91,978.1
2018-11-05T15:00:00Z,80.56,715.25
2018-11-05T15:30:00Z,82.52,1012.95
2018-11-05T16:00:00Z,83.73,1090.0
2018-11-05T16:30:00Z,90.46,1139.75
2018-11-05T17:00:00Z,105.0,1105.3
2018-11-05T17:30:00Z,107.72,1319.05
2018-11-05T18:00:00Z,102.16,1394.3
2018-11-05T18:30:00Z,96.46,1784.2
2018-11-05T19:00:00Z,74.71,705.85
2018-11-05T19:30:00Z,66.69,754.1
2018-11-05T20:00:00Z,64.86,674.55
2018-11-05T20:30:00Z,62.18999999999999,950.05
2018-11-05T21:00:00Z,61.02,1025.3
2018-11-05T21:30:00Z,60.42,963.95
2018-11-05T22:00:00Z,58.45,1138.0
2018-11-05T22:30:00Z,57.15,1462.6
2018-11-05T23:00:00Z,59.46,95.5
2018-11-05T23:30:00Z,56.86,63.5
2018-11-06T00:00:00Z,56.8,74.0
2018-11-06T00:30:00Z,57.64,92.0
2018-11-06T01:00:00Z,56.0,25.0
2018-11-06T01:30:00Z,57.69,108.1
2018-11-06T02:00:00Z,58.50000000000001,157.1
2018-11-06T02:30:00Z,61.39,206.7
2018-11-06T03:00:00Z,59.05,238.35
2018-11-06T03:30:00Z,58.82,337.5
2018-11-06T04:00:00Z,58.85000000000001,408.5
2018-11-06T04:30:00Z,58.75,496.65
2018-11-06T05:00:00Z,59.4,334.0
2018-11-06T05:30:00Z,60.150000000000006,299.4
2018-11-06T06:00:00Z,62.72999999999999,425.75
2018-11-06T06:30:00Z,54.68999999999999,911.85
2018-11-06T07:00:00Z,68.94,269.0
2018-11-06T07:30:00Z,81.6,123.15
2018-11-06T08:00:00Z,80.04,179.35
2018-11-06T08:30:00Z,82.0,304.9
2018-11-06T09:00:00Z,73.51,333.85
2018-11-06T09:30:00Z,66.9,480.4
2018-11-06T10:00:00Z,65.73,491.8
2018-11-06T10:30:00Z,62.769999999999996,574.8
2018-11-06T11:00:00Z,55.129999999999995,761.65
2018-11-06T11:30:00Z,54.09,949.35
2018-11-06T12:00:00Z,54.38,1136.85
2018-11-06T12:30:00Z,55.10000000000001,1299.95
2018-11-06T13:00:00Z,54.29403682083521,1670.25
2018-11-06T13:30:00Z,54.5,1657.4
2018-11-06T14:00:00Z,54.45,1682.15
2018-11-06T14:30:00Z,54.45,1707.4
2018-11-06T15:00:00Z,69.03047424087342,586.2
2018-11-06T15:30:00Z,66.57,765.35
2018-11-06T16:00:00Z,65.04,846.35
2018-11-06T16:30:00Z,70.15,818.85
2018-11-06T17:00:00Z,74.41,679.9
2018-11-06T17:30:00Z,74.3,889.4
2018-11-06T18:00:00Z,72.23,1054.4
2018-11-06T18:30:00Z,70.74,960.25
2018-11-06T19:00:00Z,60.86,734.25
2018-11-06T19:30:00Z,60.02,644.35
2018-11-06T20:00:00Z,60.0,671.85
2018-11-06T20:30:00Z,59.08,835.55
2018-11-06T21:00:00Z,55.93,1179.45
2018-11-06T21:30:00Z,55.62,1132.25
2018-11-06T22:00:00Z,53.31000000000001,1431.85
2018-11-06T22:30:00Z,52.14,1971.25
2018-11-06T23:00:00Z,52.7,499.0
2018-11-06T23:30:00Z,52.18,600.25
2018-11-07T00:00:00Z,53.25,525.2
2018-11-07T00:30:00Z,54.87,633.1
2018-11-07T01:00:00Z,52.46,431.5
2018-11-07T01:30:00Z,52.60000000000001,366.0
2018-11-07T02:00:00Z,51.72,460.35
2018-11-07T02:30:00Z,52.46,506.0
2018-11-07T03:00:00Z,52.58,486.95
2018-11-07T03:30:00Z,52.95,574.45
2018-11-07T04:00:00Z,53.26,660.45
2018-11-07T04:30:00Z,53.25999999999999,654.25
2018-11-07T05:00:00Z,53.7,559.45
2018-11-07T05:30:00Z,54.56,482.65
2018-11-07T06:00:00Z,58.93,785.95
2018-11-07T06:30:00Z,53.83,520.45
2018-11-07T07:00:00Z,53.48,562.8
2018-11-07T07:30:00Z,49.39,916.85
2018-11-07T08:00:00Z,47.79,513.9
2018-11-07T08:30:00Z,47.34,758.35
2018-11-07T09:00:00Z,50.02,1127.5
2018-11-07T09:30:00Z,49.93,1260.05
2018-11-07T10:00:00Z,50.04,1272.5
2018-11-07T10:30:00Z,50.26,1458.85
2018-11-07T11:00:00Z,52.55,711.5
2018-11-07T11:30:00Z,52.19,892.0
2018-11-07T12:00:00Z,51.82,1074.5
2018-11-07T12:30:00Z,52.31,1121.25
2018-11-07T13:00:00Z,53.27,933.0
2018-11-07T13:30:00Z,54.48,1089.0
2018-11-07T14:00:00Z,56.62,1266.7
2018-11-07T14:30:00Z,56.6,1226.4
2018-11-07T15:00:00Z,73.31,708.5
2018-11-07T15:30:00Z,72.72,750.55
2018-11-07T16:00:00Z,64.86,1097.45
2018-11-07T16:30:00Z,75.04,868.0
2018-11-07T17:00:00Z,78.91,1181.5
2018-11-07T17:30:00Z,79.56,1433.35
2018-11-07T18:00:00Z,79.16,1581.05
2018-11-07T18:30:00Z,77.82,1850.2
2018-11-07T19:00:00Z,66.79,949.2
2018-11-07T19:30:00Z,65.96,890.0
2018-11-07T20:00:00Z,65.54,827.1
2018-11-07T20:30:00Z,63.46,985.1
2018-11-07T21:00:00Z,61.54999999999999,1208.55
2018-11-07T21:30:00Z,60.13999999999999,1124.55
2018-11-07T22:00:00Z,60.08,1483.0
2018-11-07T22:30:00Z,58.95,1472.4
2018-11-07T23:00:00Z,56.31,547.0
2018-11-07T23:30:00Z,55.78,552.0
2018-11-08T00:00:00Z,56.82,543.8
2018-11-08T00:30:00Z,60.12,619.1
2018-11-08T01:00:00Z,56.27,422.1
2018-11-08T01:30:00Z,55.73,454.1
2018-11-08T02:00:00Z,55.81,481.6
2018-11-08T02:30:00Z,55.68,578.6
2018-11-08T03:00:00Z,53.02,167.0
2018-11-08T03:30:00Z,50.73,300.0
2018-11-08T04:00:00Z,51.11,251.0
2018-11-08T04:30:00Z,46.7,359.3
2018-11-08T05:00:00Z,49.43,454.4
2018-11-08T05:30:00Z,49.44,438.1
2018-11-08T06:00:00Z,54.14,540.35
2018-11-08T06:30:00Z,52.11,844.35
2018-11-08T07:00:00Z,58.03,372.9
2018-11-08T07:30:00Z,66.47,391.65
2018-11-08T08:00:00Z,68.09,531.9
2018-11-08T08:30:00Z,66.62,535.0
2018-11-08T09:00:00Z,58.88,513.3
2018-11-08T09:30:00Z,58.58,714.3
2018-11-08T10:00:00Z,57.76,926.45
2018-11-08T10:30:00Z,56.33,1144.65
2018-11-08T11:00:00Z,57.63000000000001,590.6
2018-11-08T11:30:00Z,56.77,875.6
2018-11-08T12:00:00Z,56.709999999999994,831.4
2018-11-08T12:30:00Z,56.650000000000006,955.95
2018-11-08T13:00:00Z,57.489999999999995,746.2
2018-11-08T13:30:00Z,57.94,865.7
2018-11-08T14:00:00Z,58.12,936.2
2018-11-08T14:30:00Z,59.89,1080.2
2018-11-08T15:00:00Z,75.34,762.0
2018-11-08T15:30:00Z,77.97,860.8
2018-11-08T16:00:00Z,75.91,751.95
2018-11-08T16:30:00Z,81.72,940.7
2018-11-08T17:00:00Z,81.07,803.4
2018-11-08T17:30:00Z,80.45,825.25
2018-11-08T18:00:00Z,77.01,1001.35
2018-11-08T18:30:00Z,71.61,1339.45
2018-11-08T19:00:00Z,62.66,843.9
2018-11-08T19:30:00Z,62.300000000000004,991.3
2018-11-08T20:00:00Z,61.36999999999999,1093.9
2018-11-08T20:30:00Z,59.66,1514.85
2018-11-08T21:00:00Z,58.32,1664.5
2018-11-08T21:30:00Z,58.86,1323.0
2018-11-08T22:00:00Z,57.23,1589.45
2018-11-08T22:30:00Z,58.27,1881.9
2018-11-08T23:00:00Z,57.03,499.1
2018-11-08T23:30:00Z,55.440000000000005,306.5
2018-11-11T00:00:00Z,62.81,1027.95
2018-11-11T00:30:00Z,63.74999999999999,1263.9
2018-11-11T01:00:00Z,62.53,1315.05
2018-11-11T01:30:00Z,61.70000000000001,1191.3
2018-11-11T02:00:00Z,59.83,1000.8
2018-11-11T02:30:00Z,59.06,994.95
2018-11-11T03:00:00Z,51.34,611.0
2018-11-11T03:30:00Z,50.73,777.15
2018-11-11T04:00:00Z,51.54,691.0
2018-11-11T04:30:00Z,51.809999999999995,750.5
2018-11-11T05:00:00Z,51.56,682.8
2018-11-11T05:30:00Z,52.09,792.5
2018-11-11T06:00:00Z,53.17000000000001,881.6
2018-11-11T06:30:00Z,52.59,997.5
2018-11-11T07:00:00Z,55.29,1022.2
2018-11-11T07:30:00Z,57.95,1352.15
2018-11-11T08:00:00Z,59.0,1407.05
2018-11-11T08:30:00Z,59.65,1797.15
2018-11-11T09:00:00Z,62.4,1260.15
2018-11-11T09:30:00Z,62.38,1264.3
2018-11-11T10:00:00Z,63.41,1469.5
2018-11-11T10:30:00Z,62.60000000000001,1409.0
2018-11-11T11:00:00Z,56.87,1045.0
2018-11-11T11:30:00Z,56.06,1103.7
2018-11-11T12:00:00Z,55.59,1257.8
2018-11-11T12:30:00Z,55.529999999999994,1249.05
2018-11-11T13:00:00Z,54.45,980.0
2018-11-11T13:30:00Z,53.64,1129.0
2018-11-11T14:00:00Z,53.40999999999999,1251.0
2018-11-11T14:30:00Z,53.29,1202.5
2018-11-11T15:00:00Z,59.61,1518.4
2018-11-11T15:30:00Z,63.22,1291.55
2018-11-11T16:00:00Z,63.4,1534.5
2018-11-11T16:30:00Z,74.34,1821.3
2018-11-11T17:00:00Z,77.62,1528.85
2018-11-11T17:30:00Z,78.17,1629.2
2018-11-11T18:00:00Z,76.09999999999998,1753.35
2018-11-11T18:30:00Z,75.05999999999999,1760.85
2018-11-11T19:00:00Z,63.13,1372.85
2018-11-11T19:30:00Z,57.92,1005.15
2018-11-11T20:00:00Z,58.13,1080.65
2018-11-11T20:30:00Z,58.33,1174.85
2018-11-11T21:00:00Z,56.53,2043.0
2018-11-11T21:30:00Z,56.98,2274.0
2018-11-11T22:00:00Z,56.34,2260.5
2018-11-11T22:30:00Z,56.29999999999999,2434.0
2018-11-11T23:00:00Z,55.54,304.6
2018-11-11T23:30:00Z,54.76,231.0
2018-11-12T00:00:00Z,53.33,173.5
2018-11-12T00:30:00Z,53.35,174.5
2018-11-12T01:00:00Z,57.220000000000006,213.0
2018-11-12T01:30:00Z,52.04,233.0
2018-11-12T02:00:00Z,52.32,183.0
2018-11-12T02:30:00Z,51.47,204.5
2018-11-12T03:00:00Z,45.52,161.6
2018-11-12T03:30:00Z,46.88,235.9
2018-11-12T04:00:00Z,48.2,267.9
2018-11-12T04:30:00Z,49.02,278.4
2018-11-12T05:00:00Z,61.66,223.0
2018-11-12T05:30:00Z,62.29,556.0
2018-11-12T06:00:00Z,63.230000000000004,628.65
2018-11-12T06:30:00Z,54.86,395.0
2018-11-12T07:00:00Z,61.58,428.55
2018-11-12T07:30:00Z,57.79999999999999,292.45
2018-11-12T08:00:00Z,54.46,858.6
2018-11-12T08:30:00Z,54.52,653.75
2018-11-12T09:00:00Z,55.24000000000001,384.5
2018-11-12T09:30:00Z,52.91,782.0
2018-11-12T10:00:00Z,52.98,1111.7
2018-11-12T10:30:00Z,52.68,1164.8
2018-11-12T11:00:00Z,54.07,1200.4
2018-11-12T11:30:00Z,53.37,1707.55
2018-11-12T12:00:00Z,53.61,1681.0
2018-11-12T12:30:00Z,53.39000000000001,1815.8
2018-11-12T13:00:00Z,54.46999999999999,1671.9
2018-11-12T13:30:00Z,54.42,1848.2
2018-11-12T14:00:00Z,54.72,1954.25
2018-11-12T14:30:00Z,54.68,1953.9
2018-11-12T15:00:00Z,64.38,962.45
2018-11-12T15:30:00Z,67.88,767.0
2018-11-12T16:00:00Z,63.71,1127.9
2018-11-12T16:30:00Z,75.11,1245.85
2018-11-12T17:00:00Z,75.72,854.2
2018-11-12T17:30:00Z,73.9,798.7
2018-11-12T18:00:00Z,70.79,910.85
2018-11-12T18:30:00Z,65.72,1219.65
2018-11-12T19:00:00Z,61.96000000000001,1176.05
2018-11-12T19:30:00Z,61.38,1455.2
2018-11-12T20:00:00Z,60.62,1478.45
2018-11-12T20:30:00Z,60.14,1518.95
2018-11-12T21:00:00Z,59.83,1070.3
2018-11-12T21:30:00Z,58.900000000000006,1189.8
2018-11-12T22:00:00Z,58.230000000000004,1204.35
2018-11-12T22:30:00Z,57.220000000000006,1641.6
2018-11-12T23:00:00Z,52.23,52.1
2018-11-12T23:30:00Z,53.69,198.6
2018-11-13T00:00:00Z,55.76,340.6
2018-11-13T00:30:00Z,54.94,289.6
2018-11-13T01:00:00Z,53.95,404.05
2018-11-13T01:30:00Z,53.34,568.7
2018-11-13T02:00:00Z,52.24,469.7
2018-11-13T02:30:00Z,50.39,552.85
2018-11-13T03:00:00Z,46.0,532.5
2018-11-13T03:30:00Z,45.26,613.5
2018-11-13T04:00:00Z,44.95,663.5
2018-11-13T04:30:00Z,44.81000000000001,739.15
2018-11-13T05:00:00Z,49.73,244.0
2018-11-13T05:30:00Z,50.82,265.5
2018-11-13T06:00:00Z,54.28,581.5
2018-11-13T06:30:00Z,52.21,905.0
2018-11-13T07:00:00Z,57.67,478.0
2018-11-13T07:30:00Z,62.059999999999995,427.45
2018-11-13T08:00:00Z,62.330000000000005,551.05
2018-11-13T08:30:00Z,60.5,404.95
2018-11-13T09:00:00Z,61.05,301.25
2018-11-13T09:30:00Z,57.93,223.0
2018-11-13T10:00:00Z,56.019999999999996,602.25
2018-11-13T10:30:00Z,55.95000000000001,593.4
2018-11-13T11:00:00Z,54.49,469.0
2018-11-13T11:30:00Z,54.36,521.0
2018-11-13T12:00:00Z,54.09,598.0
2018-11-13T12:30:00Z,54.12,699.55
2018-11-13T13:00:00Z,54.67999999999999,660.85
2018-11-13T13:30:00Z,54.21,760.05
2018-11-13T14:00:00Z,53.82,972.2
2018-11-13T14:30:00Z,53.07999999999999,1286.6
2018-11-13T15:00:00Z,69.35,800.45
2018-11-13T15:30:00Z,70.2,1039.75
2018-11-13T16:00:00Z,71.67,975.35
2018-11-13T16:30:00Z,82.89,1350.4
2018-11-13T17:00:00Z,81.27,1050.35
2018-11-13T17:30:00Z,80.6,973.5
2018-11-13T18:00:00Z,81.09,1108.55
2018-11-13T18:30:00Z,74.77,1411.9
2018-11-13T19:00:00Z,0.0,0.0
2018-11-13T19:30:00Z,0.0,0.0
2018-11-13T20:00:00Z,0.0,0.0
2018-11-13T20:30:00Z,0.0,0.0
2018-11-13T21:00:00Z,59.8,1067.35
2018-11-13T21:30:00Z,58.56,977.0
2018-11-13T22:00:00Z,57.94,962.0
2018-11-13T22:30:00Z,57.67599696356275,988.0
2018-11-13T23:00:00Z,51.26,207.75
2018-11-13T23:30:00Z,54.01,204.0
2018-11-14T00:00:00Z,52.92,169.5
2018-11-14T00:30:00Z,50.48,489.85
2018-11-14T01:00:00Z,36.83,224.1
2018-11-14T01:30:00Z,34.2,255.0
2018-11-14T02:00:00Z,23.49,443.5
2018-11-14T02:30:00Z,21.77,433.05
2018-11-14T03:00:00Z,22.05,587.3
2018-11-14T03:30:00Z,23.53,571.5
2018-11-14T04:00:00Z,22.26,464.45
2018-11-14T04:30:00Z,21.31,470.0
2018-11-14T05:00:00Z,41.56,641.5
2018-11-14T05:30:00Z,47.39,642.6
2018-11-14T06:00:00Z,58.85,952.2
2018-11-14T06:30:00Z,48.53,692.5
2018-11-14T07:00:00Z,54.94,284.45
2018-11-14T07:30:00Z,58.02,239.65
2018-11-14T08:00:00Z,57.45,234.5
2018-11-14T08:30:00Z,57.93,217.9
2018-11-14T09:00:00Z,57.35,218.5
2018-11-14T09:30:00Z,56.95,304.75
2018-11-14T10:00:00Z,58.64999999999999,185.5
2018-11-14T10:30:00Z,58.64999999999999,185.5
2018-11-14T11:00:00Z,59.76,155.0
2018-11-14T11:30:00Z,58.739999999999995,338.0
2018-11-14T12:00:00Z,57.25,555.15
2018-11-14T12:30:00Z,55.58,727.85
2018-11-14T13:00:00Z,56.49,309.0
2018-11-14T13:30:00Z,55.85,449.2
2018-11-14T14:00:00Z,54.47,641.5
2018-11-14T14:30:00Z,54.66,709.5
2018-11-14T15:00:00Z,65.27,869.95
2018-11-14T15:30:00Z,64.58,1085.65
2018-11-14T16:00:00Z,59.54,1361.3
2018-11-14T16:30:00Z,66.28,1220.25
2018-11-14T17:00:00Z,66.96,1139.6
2018-11-14T17:30:00Z,65.51,1133.0
2018-11-14T18:00:00Z,65.7,1687.95
2018-11-14T18:30:00Z,64.6,1750.1
2018-11-14T19:00:00Z,59.8,866.5
2018-11-14T19:30:00Z,59.17,992.1
2018-11-14T20:00:00Z,58.47,1034.65
2018-11-14T20:30:00Z,58.86,1011.15
2018-11-14T21:00:00Z,58.56,1016.8
2018-11-14T21:30:00Z,58.39,1114.85
2018-11-14T22:00:00Z,57.330000000000005,1316.8
2018-11-14T22:30:00Z,57.41,1481.35
2018-11-14T23:00:00Z,51.82,137.5
2018-11-14T23:30:00Z,50.64,153.5
2018-11-15T00:00:00Z,50.77,193.7
2018-11-15T00:30:00Z,50.23,250.55
2018-11-15T01:00:00Z,49.9,236.5
2018-11-15T01:30:00Z,50.26,233.95
2018-11-15T02:00:00Z,57.72,428.0
2018-11-15T02:30:00Z,55.3,388.0
2018-11-15T03:00:00Z,55.13,274.5
2018-11-15T03:30:00Z,55.18999999999999,339.75
2018-11-15T04:00:00Z,54.99,299.45
2018-11-15T04:30:00Z,55.47,382.05
2018-11-15T05:00:00Z,60.99,496.0
2018-11-15T05:30:00Z,61.33,452.5
2018-11-15T06:00:00Z,69.52,594.9
2018-11-15T06:30:00Z,59.13,806.05
2018-11-15T07:00:00Z,74.37,792.0
2018-11-15T07:30:00Z,80.39,1032.5
2018-11-15T08:00:00Z,78.81,1014.3
2018-11-15T08:30:00Z,79.65,1174.35
2018-11-15T09:00:00Z,73.47,1266.0
2018-11-15T09:30:00Z,72.75,1396.0
2018-11-15T10:00:00Z,70.93,1647.9
2018-11-15T10:30:00Z,69.96,1754.35
2018-11-15T11:00:00Z,62.92,710.15
2018-11-15T11:30:00Z,62.44,862.65
2018-11-15T12:00:00Z,62.46000000000001,887.15
2018-11-15T12:30:00Z,61.33,1059.6
2018-11-15T13:00:00Z,61.42000000000001,1178.15
2018-11-15T13:30:00Z,61.31999999999999,1316.15
2018-11-15T14:00:00Z,61.35,1411.1
2018-11-15T14:30:00Z,61.75,1534.2
2018-11-15T15:00:00Z,71.38,571.95
2018-11-15T15:30:00Z,72.63,667.6
2018-11-15T16:00:00Z,69.59,820.0
2018-11-15T16:30:00Z,75.64,854.5
2018-11-15T17:00:00Z,81.18,631.05
2018-11-15T17:30:00Z,81.26,869.9
2018-11-15T18:00:00Z,80.5,960.5
2018-11-15T18:30:00Z,78.32,953.95
2018-11-15T19:00:00Z,68.11,608.85
2018-11-15T19:30:00Z,68.66,777.75
2018-11-15T20:00:00Z,69.48,818.65
2018-11-15T20:30:00Z,69.45,1112.3
2018-11-15T21:00:00Z,66.2,865.25
2018-11-15T21:30:00Z,65.53,1024.95
2018-11-15T22:00:00Z,63.89,1265.7
2018-11-15T22:30:00Z,62.970000000000006,1465.45
2018-11-15T23:00:00Z,58.0,25.0
2018-11-15T23:30:00Z,56.16,50.0
2018-11-16T00:00:00Z,56.1,100.5
2018-11-16T00:30:00Z,59.19,135.8
2018-11-16T01:00:00Z,59.19,272.35
2018-11-16T01:30:00Z,58.05,275.5
2018-11-16T02:00:00Z,57.769999999999996,306.95
2018-11-16T02:30:00Z,57.620000000000005,390.5
2018-11-16T03:00:00Z,57.67999999999999,184.75
2018-11-16T03:30:00Z,57.74,247.4
2018-11-16T04:00:00Z,56.25,343.5
2018-11-16T04:30:00Z,56.209999999999994,345.25
2018-11-16T05:00:00Z,54.3,351.0
2018-11-16T05:30:00Z,57.2,192.45
2018-11-16T06:00:00Z,64.85,378.45
2018-11-16T06:30:00Z,57.56,739.7
2018-11-16T07:00:00Z,58.84,565.1
2018-11-16T07:30:00Z,62.92,449.85
2018-11-16T08:00:00Z,63.11000000000001,622.25
2018-11-16T08:30:00Z,61.86000000000001,685.85
2018-11-16T09:00:00Z,59.4,758.5
2018-11-16T09:30:00Z,59.260000000000005,829.7
2018-11-16T10:00:00Z,59.81,860.5
2018-11-16T10:30:00Z,60.82999999999999,947.0
2018-11-16T11:00:00Z,60.26,836.0
2018-11-16T11:30:00Z,60.58,986.1
2018-11-16T12:00:00Z,61.56999999999999,1194.05
2018-11-16T12:30:00Z,60.66,1199.1
2018-11-16T13:00:00Z,60.6,1067.5
2018-11-16T13:30:00Z,62.36000000000001,1261.7
2018-11-16T14:00:00Z,62.68,1317.2
2018-11-16T14:30:00Z,62.47,1430.1
2018-11-16T15:00:00Z,72.55,837.0
2018-11-16T15:30:00Z,75.47,876.0
2018-11-16T16:00:00Z,78.27,793.35
2018-11-16T16:30:00Z,81.86,906.9
2018-11-16T17:00:00Z,86.83,831.85
2018-11-16T17:30:00Z,86.35,931.85
2018-11-16T18:00:00Z,80.47,1157.9
2018-11-16T18:30:00Z,80.03,1128.8
2018-11-16T19:00:00Z,63.27,1576.05
2018-11-16T19:30:00Z,62.86,1405.3
2018-11-16T20:00:00Z,64.01,1615.6
2018-11-16T20:30:00Z,62.93,1631.15
2018-11-16T21:00:00Z,62.3,1764.7
2018-11-16T21:30:00Z,61.71,1866.7
2018-11-16T22:00:00Z,61.34,2032.2
2018-11-16T22:30:00Z,61.44,2009.95
2018-11-16T23:00:00Z,62.18999999999999,90.0
2018-11-16T23:30:00Z,61.58,150.0
2018-11-17T00:00:00Z,61.23,313.5
2018-11-17T00:30:00Z,61.46999999999999,329.5
2018-11-17T01:00:00Z,60.22,201.0
2018-11-17T01:30:00Z,60.65,241.0
2018-11-17T02:00:00Z,60.65,241.0
2018-11-17T02:30:00Z,60.65,241.0
2018-11-17T03:00:00Z,55.1,346.5
2018-11-17T03:30:00Z,55.28,411.5
2018-11-17T04:00:00Z,55.18,454.0
2018-11-17T04:30:00Z,55.17,494.0
2018-11-17T05:00:00Z,55.559999999999995,344.0
2018-11-17T05:30:00Z,55.27,393.25
2018-11-17T06:00:00Z,55.53,475.0
2018-11-17T06:30:00Z,55.24,605.4
2018-11-17T07:00:00Z,58.31,520.55
2018-11-17T07:30:00Z,58.14,521.75
2018-11-17T08:00:00Z,60.15,472.4
2018-11-17T08:30:00Z,61.52,524.9
2018-11-17T09:00:00Z,66.81,597.0
2018-11-17T09:30:00Z,68.69,722.0
2018-11-17T10:00:00Z,71.11,855.2
2018-11-17T10:30:00Z,69.13,884.0
2018-11-17T11:00:00Z,66.9,631.05
2018-11-17T11:30:00Z,64.77,742.3
2018-11-17T12:00:00Z,64.61,870.1
2018-11-17T12:30:00Z,62.53,913.0
2018-11-17T13:00:00Z,61.82,771.9
2018-11-17T13:30:00Z,60.59,873.95
2018-11-17T14:00:00Z,60.82,855.45
2018-11-17T14:30:00Z,60.2,934.1
2018-11-17T15:00:00Z,79.04,724.0
2018-11-17T15:30:00Z,80.01,724.0
2018-11-17T16:00:00Z,72.15,1182.8
2018-11-17T16:30:00Z,80.39,1260.85
2018-11-17T17:00:00Z,83.1,1342.05
2018-11-17T17:30:00Z,83.29,1436.95
2018-11-17T18:00:00Z,83.21,1452.0
2018-11-17T18:30:00Z,81.62,1410.05
2018-11-17T19:00:00Z,63.02,979.95
2018-11-17T19:30:00Z,59.71,829.6
2018-11-17T20:00:00Z,61.17,976.25
2018-11-17T20:30:00Z,59.36,1035.15
2018-11-17T21:00:00Z,58.27,917.1
2018-11-17T21:30:00Z,57.15,1056.4
2018-11-17T22:00:00Z,55.99,1204.85
2018-11-17T22:30:00Z,56.06,1346.75
2018-11-17T23:00:00Z,57.60000000000001,341.0
2018-11-17T23:30:00Z,57.68,300.0
2018-11-18T00:00:00Z,58.12,275.9
2018-11-18T00:30:00Z,55.98,425.65
2018-11-18T01:00:00Z,56.75,465.3
2018-11-18T01:30:00Z,56.91,411.55
2018-11-18T02:00:00Z,58.43,531.55
2018-11-18T02:30:00Z,58.73,515.0
2018-11-18T03:00:00Z,56.7,443.0
2018-11-18T03:30:00Z,56.69,469.0
2018-11-18T04:00:00Z,57.39,523.0
2018-11-18T04:30:00Z,57.39,523.0
2018-11-18T05:00:00Z,59.79999999999999,411.5
2018-11-18T05:30:00Z,59.330000000000005,559.7
2018-11-18T06:00:00Z,59.85,502.5
2018-11-18T06:30:00Z,58.21000000000001,678.95
2018-11-18T07:00:00Z,55.23,611.85
2018-11-18T07:30:00Z,55.279999999999994,633.0
2018-11-18T08:00:00Z,58.27,525.6
2018-11-18T08:30:00Z,58.85,512.5
2018-11-18T09:00:00Z,60.96,515.5
2018-11-18T09:30:00Z,62.95,688.75
2018-11-18T10:00:00Z,62.97,599.75
2018-11-18T10:30:00Z,61.71999999999999,559.75
2018-11-18T11:00:00Z,60.38,811.1
2018-11-18T11:30:00Z,60.26,816.3
2018-11-18T12:00:00Z,59.98,992.85
2018-11-18T12:30:00Z,59.91,953.25
2018-11-18T13:00:00Z,59.93000000000001,872.05
2018-11-18T13:30:00Z,59.08,984.7
2018-11-18T14:00:00Z,58.14,1131.25
2018-11-18T14:30:00Z,58.21,1149.25
2018-11-18T15:00:00Z,74.59,677.65
2018-11-18T15:30:00Z,76.29,643.0
2018-11-18T16:00:00Z,70.94,1047.25
2018-11-18T16:30:00Z,80.23,1329.0
2018-11-18T17:00:00Z,81.79,1299.15
2018-11-18T17:30:00Z,81.75,1395.5
2018-11-18T18:00:00Z,80.98,1457.05
2018-11-18T18:30:00Z,79.83999999999999,1652.65
2018-11-18T19:00:00Z,68.8,1402.95
2018-11-18T19:30:00Z,66.4,1381.3
2018-11-18T20:00:00Z,65.51,1378.3
2018-11-18T20:30:00Z,64.5,1311.75
2018-11-18T21:00:00Z,59.02,1077.05
2018-11-18T21:30:00Z,59.35000000000001,1333.95
2018-11-18T22:00:00Z,59.24000000000001,1425.2
2018-11-18T22:30:00Z,59.01,1413.9
2018-11-18T23:00:00Z,57.0,25.0
2018-11-18T23:30:00Z,56.49,51.0
2018-11-19T00:00:00Z,53.98,139.7
2018-11-19T00:30:00Z,54.71,144.0
2018-11-19T01:00:00Z,54.02,212.7
2018-11-19T01:30:00Z,53.87,370.2
2018-11-19T02:00:00Z,53.64000000000001,341.6
2018-11-19T02:30:00Z,53.27,349.4
2018-11-19T03:00:00Z,51.57000000000001,203.0
2018-11-19T03:30:00Z,50.4,281.95
2018-11-19T04:00:00Z,50.08,466.0
2018-11-19T04:30:00Z,47.94,278.85
2018-11-19T05:00:00Z,51.46,475.1
2018-11-19T05:30:00Z,52.48,578.45
2018-11-19T06:00:00Z,58.74,593.5
2018-11-19T06:30:00Z,52.91,1063.2
2018-11-19T07:00:00Z,69.31,578.9
2018-11-19T07:30:00Z,72.67,368.7
2018-11-19T08:00:00Z,69.57,513.65
2018-11-19T08:30:00Z,63.32000000000001,576.5
2018-11-19T09:00:00Z,60.06,829.6
2018-11-19T09:30:00Z,57.42,1141.7
2018-11-19T10:00:00Z,57.550000000000004,1237.1
2018-11-19T10:30:00Z,56.96000000000001,1239.9
2018-11-19T11:00:00Z,52.78,1252.5
2018-11-19T11:30:00Z,53.24999999999999,1528.05
2018-11-19T12:00:00Z,53.41,1482.5
2018-11-19T12:30:00Z,53.220000000000006,1587.45
2018-11-19T13:00:00Z,53.44,1752.2
2018-11-19T13:30:00Z,53.34,1836.25
2018-11-19T14:00:00Z,52.87,1934.55
2018-11-19T14:30:00Z,52.93,1949.1
2018-11-19T15:00:00Z,61.68,1340.6
2018-11-19T15:30:00Z,66.43,1338.9
2018-11-19T16:00:00Z,67.01,1226.8
2018-11-19T16:30:00Z,74.67,1423.3
2018-11-19T17:00:00Z,75.06,1246.75
2018-11-19T17:30:00Z,74.39,1429.95
2018-11-19T18:00:00Z,75.5,1744.55
2018-11-19T18:30:00Z,74.16,1885.9
2018-11-19T19:00:00Z,60.98,1607.0
2018-11-19T19:30:00Z,60.78,1767.75
2018-11-19T20:00:00Z,60.78,1875.45
2018-11-19T20:30:00Z,60.67,1957.5
2018-11-19T21:00:00Z,59.18,1884.55
2018-11-19T21:30:00Z,58.43999999999999,1764.0
2018-11-19T22:00:00Z,57.86,2140.6
2018-11-19T22:30:00Z,58.54,2666.35
2018-11-19T23:00:00Z,54.75,441.7
2018-11-19T23:30:00Z,54.65,146.0
2018-11-20T00:00:00Z,54.52,196.0
2018-11-20T00:30:00Z,56.09,193.0
2018-11-20T01:00:00Z,57.02,455.0
2018-11-20T01:30:00Z,55.81000000000001,399.0
2018-11-20T02:00:00Z,56.14,527.15
2018-11-20T02:30:00Z,56.56,535.95
2018-11-20T03:00:00Z,54.69,381.35
2018-11-20T03:30:00Z,50.78999999999999,490.85
2018-11-20T04:00:00Z,53.400000000000006,407.7
2018-11-20T04:30:00Z,52.38,400.7
2018-11-20T05:00:00Z,60.59,418.75
2018-11-20T05:30:00Z,60.5,408.0
2018-11-20T06:00:00Z,66.24,568.15
2018-11-20T06:30:00Z,57.709999999999994,706.5
2018-11-20T07:00:00Z,66.92,155.0
2018-11-20T07:30:00Z,65.1,471.95
2018-11-20T08:00:00Z,67.28,553.85
2018-11-20T08:30:00Z,66.94,551.9
2018-11-20T09:00:00Z,67.42,687.0
2018-11-20T09:30:00Z,67.25,732.0
2018-11-20T10:00:00Z,66.75,876.1
2018-11-20T10:30:00Z,66.81,867.5
2018-11-20T11:00:00Z,65.57,846.5
2018-11-20T11:30:00Z,64.99,1006.9
2018-11-20T12:00:00Z,64.49,1189.9
2018-11-20T12:30:00Z,64.13,1319.4
2018-11-20T13:00:00Z,64.72,1500.5
2018-11-20T13:30:00Z,65.81,1696.95
2018-11-20T14:00:00Z,65.58,1867.5
2018-11-20T14:30:00Z,65.45,1962.7
2018-11-20T15:00:00Z,70.7,1227.5
2018-11-20T15:30:00Z,71.69,1321.65
2018-11-20T16:00:00Z,74.3,1321.75
2018-11-20T16:30:00Z,81.22,1859.3
2018-11-20T17:00:00Z,83.98,1626.55
2018-11-20T17:30:00Z,82.86,1537.35
2018-11-20T18:00:00Z,83.16,1638.55
2018-11-20T18:30:00Z,78.6,1404.75
2018-11-20T19:00:00Z,72.12,1181.8
2018-11-20T19:30:00Z,67.4,893.0
2018-11-20T20:00:00Z,67.68,885.05
2018-11-20T20:30:00Z,66.63,874.65
2018-11-20T21:00:00Z,60.51,1277.5
2018-11-20T21:30:00Z,60.71,1684.0
2018-11-20T22:00:00Z,59.85,2316.8
2018-11-20T22:30:00Z,59.24000000000001,2707.5
2018-11-20T23:00:00Z,61.5,582.65
2018-11-20T23:30:00Z,64.72,372.25
2018-11-21T00:00:00Z,65.6,280.0
2018-11-21T00:30:00Z,67.7,511.85
2018-11-21T01:00:00Z,62.81999999999999,570.15
2018-11-21T01:30:00Z,59.05,348.25
2018-11-21T02:00:00Z,57.28000000000001,306.1
2018-11-21T02:30:00Z,56.21,301.3
2018-11-21T03:00:00Z,52.77,232.35
2018-11-21T03:30:00Z,50.36,339.8
2018-11-21T04:00:00Z,50.3,540.15
2018-11-21T04:30:00Z,49.3,432.25
2018-11-21T05:00:00Z,53.87,562.5
2018-11-21T05:30:00Z,54.38,436.5
2018-11-21T06:00:00Z,64.44,562.65
2018-11-21T06:30:00Z,54.33,860.5
2018-11-21T07:00:00Z,64.58,642.0
2018-11-21T07:30:00Z,64.87,762.1
2018-11-21T08:00:00Z,67.39,620.65
2018-11-21T08:30:00Z,66.66,638.85
2018-11-21T09:00:00Z,70.21,558.0
2018-11-21T09:30:00Z,67.28,869.95
2018-11-21T10:00:00Z,65.24,1007.75
2018-11-21T10:30:00Z,64.21,1158.8
2018-11-21T11:00:00Z,62.61,634.7
2018-11-21T11:30:00Z,64.19,1148.8
2018-11-21T12:00:00Z,65.31,1283.2
2018-11-21T12:30:00Z,64.94,1356.65
2018-11-21T13:00:00Z,66.76,1622.4
2018-11-21T13:30:00Z,66.47,1650.4
2018-11-21T14:00:00Z,65.88,1794.45
2018-11-21T14:30:00Z,65.71,1818.4
2018-11-21T15:00:00Z,78.33,791.5
2018-11-21T15:30:00Z,82.61,956.1
2018-11-21T16:00:00Z,83.05,1093.3
2018-11-21T16:30:00Z,88.09,1113.6
2018-11-21T17:00:00Z,84.2,1155.45
2018-11-21T17:30:00Z,81.73,1351.7
2018-11-21T18:00:00Z,80.63,1463.45
2018-11-21T18:30:00Z,80.47,1447.15
2018-11-21T19:00:00Z,69.13,1001.0
2018-11-21T19:30:00Z,67.83,1063.25
2018-11-21T20:00:00Z,68.0,1194.0
2018-11-21T20:30:00Z,68.49,1136.05
2018-11-21T21:00:00Z,64.5,1585.25
2018-11-21T21:30:00Z,62.73,1672.75
2018-11-21T22:00:00Z,61.91,1927.7
2018-11-21T22:30:00Z,61.04,2161.85
2018-11-21T23:00:00Z,55.47,292.0
2018-11-21T23:30:00Z,54.85,459.5
2018-11-22T00:00:00Z,54.6,257.75
2018-11-22T00:30:00Z,54.82,205.0
2018-11-22T01:00:00Z,54.910000000000004,440.7
2018-11-22T01:30:00Z,55.06,403.8
2018-11-22T02:00:00Z,55.58,453.2
2018-11-22T02:30:00Z,55.33,477.0
2018-11-22T03:00:00Z,55.55,418.5
2018-11-22T03:30:00Z,54.89,456.05
2018-11-22T04:00:00Z,56.1,498.8
2018-11-22T04:30:00Z,54.46000000000001,611.25
2018-11-22T05:00:00Z,59.38,204.45
2018-11-22T05:30:00Z,56.95,289.9
2018-11-22T06:00:00Z,64.61,425.0
2018-11-22T06:30:00Z,56.54,564.25
2018-11-22T07:00:00Z,77.82,341.5
2018-11-22T07:30:00Z,79.99,327.35
2018-11-22T08:00:00Z,80.31,382.8
2018-11-22T08:30:00Z,82.02,479.6
2018-11-22T09:00:00Z,80.97,156.35
2018-11-22T09:30:00Z,81.44,517.35
2018-11-22T10:00:00Z,81.51,626.0
2018-11-22T10:30:00Z,82.15,543.5
2018-11-22T11:00:00Z,85.84,263.75
2018-11-22T11:30:00Z,87.44,357.55
2018-11-22T12:00:00Z,87.67,488.2
2018-11-22T12:30:00Z,86.93,612.65
2018-11-22T13:00:00Z,87.08,613.75
2018-11-22T13:30:00Z,88.33,651.7
2018-11-22T14:00:00Z,88.44,696.7
2018-11-22T14:30:00Z,88.42,703.2
2018-11-22T15:00:00Z,105.67,444.35
2018-11-22T15:30:00Z,111.21,614.15
2018-11-22T16:00:00Z,131.55,675.55
2018-11-22T16:30:00Z,169.27,880.55
2018-11-22T17:00:00Z,150.2304761904762,630.0
2018-11-22T17:30:00Z,142.1,807.7
2018-11-22T18:00:00Z,147.94,671.45
2018-11-22T18:30:00Z,147.99,714.95
2018-11-22T19:00:00Z,96.87,328.0
2018-11-22T19:30:00Z,76.25,96.7
2018-11-22T20:00:00Z,74.01,167.25
2018-11-22T20:30:00Z,63.28000000000001,220.95
2018-11-22T21:00:00Z,61.39,602.0
2018-11-22T21:30:00Z,61.01,670.3
2018-11-22T22:00:00Z,57.54,804.35
2018-11-22T22:30:00Z,59.14,814.75
2018-11-22T23:00:00Z,56.11,97.6
2018-11-22T23:30:00Z,55.93,64.75
2018-11-23T00:00:00Z,54.25,72.3
2018-11-23T00:30:00Z,54.65,63.75
2018-11-23T01:00:00Z,52.55,126.6
2018-11-23T01:30:00Z,51.52,261.5
2018-11-23T02:00:00Z,51.22,146.0
2018-11-23T02:30:00Z,52.67,172.9
2018-11-23T03:00:00Z,52.87,144.0
2018-11-23T03:30:00Z,54.74,220.5
2018-11-23T04:00:00Z,54.91,226.5
2018-11-23T04:30:00Z,55.0,287.0
2018-11-23T05:00:00Z,57.88,189.5
2018-11-23T05:30:00Z,55.82000000000001,294.5
2018-11-23T06:00:00Z,64.36,330.65
2018-11-23T06:30:00Z,60.53999999999999,713.0
2018-11-23T07:00:00Z,71.64,492.8
2018-11-23T07:30:00Z,74.78,321.7
2018-11-23T08:00:00Z,70.69,428.0
2018-11-23T08:30:00Z,74.73,243.65
2018-11-23T09:00:00Z,78.18,170.0
2018-11-23T09:30:00Z,79.59,261.5
2018-11-23T10:00:00Z,78.31,401.5
2018-11-23T10:30:00Z,78.69,410.5
2018-11-23T11:00:00Z,74.61329073482428,313.0
2018-11-23T11:30:00Z,81.03134969325154,407.5
2018-11-23T12:00:00Z,75.47,408.0
2018-11-23T12:30:00Z,77.97,503.15
2018-11-23T13:00:00Z,75.51,424.5
2018-11-23T13:30:00Z,75.08,446.45
2018-11-23T14:00:00Z,74.95,433.95
2018-11-23T14:30:00Z,74.35,461.95
2018-11-23T15:00:00Z,81.33228693181819,352.0
2018-11-23T15:30:00Z,79.57,365.0
2018-11-23T16:00:00Z,76.91,423.1
2018-11-23T16:30:00Z,83.6,470.1
2018-11-23T17:00:00Z,78.89,566.05
2018-11-23T17:30:00Z,73.48,845.3
2018-11-23T18:00:00Z,71.4,942.85
2018-11-23T18:30:00Z,71.69,838.0
2018-11-23T19:00:00Z,61.98,998.4
2018-11-23T19:30:00Z,61.89,910.95
2018-11-23T20:00:00Z,61.74,948.6
2018-11-23T20:30:00Z,61.7,947.1
2018-11-23T21:00:00Z,61.71,1006.8
2018-11-23T21:30:00Z,61.8,890.85
2018-11-23T22:00:00Z,61.79,1190.2
2018-11-23T22:30:00Z,61.55864152729568,1267.6
2018-11-23T23:00:00Z,61.03000000000001,158.5
2018-11-23T23:30:00Z,60.20000000000001,106.0
2018-11-24T00:00:00Z,61.67,361.95
2018-11-24T00:30:00Z,61.23,367.25
2018-11-24T01:00:00Z,59.029999999999994,189.5
2018-11-24T01:30:00Z,58.34,272.5
2018-11-24T02:00:00Z,58.36,292.5
2018-11-24T02:30:00Z,57.88000000000001,296.5
2018-11-24T03:00:00Z,54.94,285.5
2018-11-24T03:30:00Z,54.68,298.0
2018-11-24T04:00:00Z,54.45000000000001,317.15
2018-11-24T04:30:00Z,54.46,368.6
2018-11-24T05:00:00Z,56.55,145.0
2018-11-24T05:30:00Z,56.620000000000005,145.25
2018-11-24T06:00:00Z,54.559999999999995,317.85
2018-11-24T06:30:00Z,48.91,603.6
2018-11-24T07:00:00Z,54.790000000000006,353.25
2018-11-24T07:30:00Z,0.0,0.0
2018-11-24T08:00:00Z,56.88,124.0
2018-11-24T08:30:00Z,55.87,263.3
2018-11-24T09:00:00Z,59.2,463.95
2018-11-24T09:30:00Z,59.59,476.5
2018-11-24T10:00:00Z,59.77,547.5
2018-11-24T10:30:00Z,59.32,535.3
2018-11-24T11:00:00Z,59.75,360.75
2018-11-24T11:30:00Z,59.57,411.95
2018-11-24T12:00:00Z,60.35999999999999,492.6
2018-11-24T12:30:00Z,62.22,555.65
2018-11-24T13:00:00Z,63.61000000000001,530.35
2018-11-24T13:30:00Z,63.11,565.35
2018-11-24T14:00:00Z,64.06,556.55
2018-11-24T14:30:00Z,63.77,536.6
2018-11-24T15:00:00Z,74.84,528.5
2018-11-24T15:30:00Z,77.3,569.0
2018-11-24T16:00:00Z,79.5,602.55
2018-11-24T16:30:00Z,83.5,703.35
2018-11-24T17:00:00Z,86.73,556.05
2018-11-24T17:30:00Z,86.32,593.15
2018-11-24T18:00:00Z,85.05,604.65
2018-11-24T18:30:00Z,80.08,817.05
2018-11-24T19:00:00Z,65.16,329.9
2018-11-24T19:30:00Z,62.190000000000005,402.1
2018-11-24T20:00:00Z,61.59000000000001,498.6
2018-11-24T20:30:00Z,61.559999999999995,468.7
2018-11-24T21:00:00Z,59.699999999999996,573.0
2018-11-24T21:30:00Z,60.11,639.35
2018-11-24T22:00:00Z,59.31999999999999,714.35
2018-11-24T22:30:00Z,58.60999999999999,774.4
2018-11-24T23:00:00Z,66.8,55.0
2018-11-24T23:30:00Z,66.04,230.05
2018-11-25T00:00:00Z,61.32,339.3
2018-11-25T00:30:00Z,61.9,324.5
2018-11-25T01:00:00Z,61.77,150.0
2018-11-25T01:30:00Z,61.01,158.4
2018-11-25T02:00:00Z,60.16,245.95
2018-11-25T02:30:00Z,58.660000000000004,304.4
2018-11-25T03:00:00Z,54.14,292.0
2018-11-25T03:30:00Z,54.5,483.75
2018-11-25T04:00:00Z,53.13,392.35
2018-11-25T04:30:00Z,53.51,322.25
2018-11-25T05:00:00Z,53.12,594.5
2018-11-25T05:30:00Z,53.1,598.8
2018-11-25T06:00:00Z,52.86,810.25
2018-11-25T06:30:00Z,52.94,980.3
2018-11-25T07:00:00Z,53.199999999999996,628.85
2018-11-25T07:30:00Z,54.02,638.35
2018-11-25T08:00:00Z,56.64,465.7
2018-11-25T08:30:00Z,56.51,589.2
2018-11-25T09:00:00Z,58.75,401.0
2018-11-25T09:30:00Z,58.64,442.6
2018-11-25T10:00:00Z,57.59,526.5
2018-11-25T10:30:00Z,56.410000000000004,622.2
2018-11-25T11:00:00Z,56.760000000000005,171.2
2018-11-25T11:30:00Z,57.87,346.15
2018-11-25T12:00:00Z,60.68,304.25
2018-11-25T12:30:00Z,65.6,483.95
2018-11-25T13:00:00Z,63.5,567.95
2018-11-25T13:30:00Z,61.92,769.45
2018-11-25T14:00:00Z,63.18,625.45
2018-11-25T14:30:00Z,61.13,757.15
2018-11-25T15:00:00Z,63.28999999999999,574.5
2018-11-25T15:30:00Z,64.88,542.0
2018-11-25T16:00:00Z,67.27,478.0
2018-11-25T16:30:00Z,73.83,660.8
2018-11-25T17:00:00Z,75.34,548.75
2018-11-25T17:30:00Z,79.96,810.25
2018-11-25T18:00:00Z,75.76,710.95
2018-11-25T18:30:00Z,74.66,665.0
2018-11-25T19:00:00Z,66.77,686.15
2018-11-25T19:30:00Z,64.17,457.85
2018-11-25T20:00:00Z,62.28,511.85
2018-11-25T20:30:00Z,61.8,520.65
2018-11-25T21:00:00Z,59.28,632.0
2018-11-25T21:30:00Z,59.02,690.85
2018-11-25T22:00:00Z,57.78999999999999,774.55
2018-11-25T22:30:00Z,56.81,911.0
2018-11-25T23:00:00Z,53.279999999999994,391.4
2018-11-25T23:30:00Z,51.79,212.5
2018-11-26T00:00:00Z,51.2,400.05
2018-11-26T00:30:00Z,51.91,318.5
2018-11-26T01:00:00Z,53.87,308.3
2018-11-26T01:30:00Z,53.82,440.3
2018-11-26T02:00:00Z,53.58,381.0
2018-11-26T02:30:00Z,53.63999999999999,384.35
2018-11-26T03:00:00Z,52.09,279.3
2018-11-26T03:30:00Z,51.75,363.05
2018-11-26T04:00:00Z,51.830000000000005,372.55
2018-11-26T04:30:00Z,51.91,401.7
2018-11-26T05:00:00Z,60.90999999999999,158.5
2018-11-26T05:30:00Z,53.33,393.5
2018-11-26T06:00:00Z,67.3,556.5
2018-11-26T06:30:00Z,55.120000000000005,1218.7
2018-11-26T07:00:00Z,75.88,477.0
2018-11-26T07:30:00Z,80.34,276.5
2018-11-26T08:00:00Z,83.21,191.0
2018-11-26T08:30:00Z,83.07,179.0
2018-11-26T09:00:00Z,88.39,351.0
2018-11-26T09:30:00Z,90.12,469.7
2018-11-26T10:00:00Z,91.88,696.0
2018-11-26T10:30:00Z,93.58,1039.0
2018-11-26T11:00:00Z,90.63,595.75
2018-11-26T11:30:00Z,91.04,742.05
2018-11-26T12:00:00Z,90.85999999999999,777.95
2018-11-26T12:30:00Z,89.24,909.35
2018-11-26T13:00:00Z,86.08,713.25
2018-11-26T13:30:00Z,82.85000000000001,990.1
2018-11-26T14:00:00Z,82.22,1135.6
2018-11-26T14:30:00Z,82.39,1196.1
2018-11-26T15:00:00Z,119.57,305.65
2018-11-26T15:30:00Z,127.58999999999999,261.0
2018-11-26T16:00:00Z,120.63,506.0
2018-11-26T16:30:00Z,140.37,553.25
2018-11-26T17:00:00Z,163.79,1201.1
2018-11-26T17:30:00Z,163.82,1182.85
2018-11-26T18:00:00Z,162.57,1263.35
2018-11-26T18:30:00Z,160.02,1283.55
2018-11-26T19:00:00Z,84.2,583.0
2018-11-26T19:30:00Z,79.92,576.3
2018-11-26T20:00:00Z,77.26,504.25
2018-11-26T20:30:00Z,74.98,530.0
2018-11-26T21:00:00Z,62.0,850.6
2018-11-26T21:30:00Z,61.76,939.35
2018-11-26T22:00:00Z,59.56000000000001,1249.95
2018-11-26T22:30:00Z,60.6,1666.3
2018-11-26T23:00:00Z,51.9,67.0
2018-11-26T23:30:00Z,51.24,115.5
2018-11-27T00:00:00Z,48.54,416.65
2018-11-27T00:30:00Z,50.79,228.5
2018-11-27T01:00:00Z,49.81,359.0
2018-11-27T01:30:00Z,50.6,432.4
2018-11-27T02:00:00Z,50.599999999999994,468.3
2018-11-27T02:30:00Z,50.4,481.15
2018-11-27T03:00:00Z,49.64,103.5
2018-11-27T03:30:00Z,48.14,123.0
2018-11-27T04:00:00Z,48.1,270.0
2018-11-27T04:30:00Z,48.14,123.0
2018-11-27T05:00:00Z,54.410000000000004,93.5
2018-11-27T05:30:00Z,51.8,247.5
2018-11-27T06:00:00Z,55.38,418.0
2018-11-27T06:30:00Z,52.4,768.75
2018-11-27T07:00:00Z,61.42999999999999,294.0
2018-11-27T07:30:00Z,60.44,411.0
2018-11-27T08:00:00Z,59.28,498.75
2018-11-27T08:30:00Z,59.58,444.2
2018-11-27T09:00:00Z,54.67,941.55
2018-11-27T09:30:00Z,54.47,923.0
2018-11-27T10:00:00Z,52.96999999999999,1309.7
2018-11-27T10:30:00Z,52.56,1411.9
2018-11-27T11:00:00Z,50.95,1299.8
2018-11-27T11:30:00Z,51.04,1354.3
2018-11-27T12:00:00Z,51.06,1474.8
2018-11-27T12:30:00Z,51.0,1492.3
2018-11-27T13:00:00Z,51.29,1646.0
2018-11-27T13:30:00Z,51.20000000000001,1706.1
2018-11-27T14:00:00Z,51.21,1671.5
2018-11-27T14:30:00Z,51.24,1727.75
2018-11-27T15:00:00Z,61.78,911.75
2018-11-27T15:30:00Z,63.86999999999999,884.35
2018-11-27T16:00:00Z,66.32,1058.95
2018-11-27T16:30:00Z,70.2,1144.0
2018-11-27T17:00:00Z,66.6,1498.65
2018-11-27T17:30:00Z,66.48,1562.0
2018-11-27T18:00:00Z,67.1,1745.4
2018-11-27T18:30:00Z,66.66,1959.85
2018-11-27T19:00:00Z,62.17,1636.2
2018-11-27T19:30:00Z,62.78,1796.7
2018-11-27T20:00:00Z,62.72,1698.35
2018-11-27T20:30:00Z,62.51,1743.8
2018-11-27T21:00:00Z,60.98,1613.95
2018-11-27T21:30:00Z,60.63,1490.85
2018-11-27T22:00:00Z,59.489999999999995,1864.45
2018-11-27T22:30:00Z,60.14,1991.9
2018-11-27T23:00:00Z,51.01,214.15
2018-11-27T23:30:00Z,58.95,66.0
2018-11-28T00:00:00Z,61.78,32.0
2018-11-28T00:30:00Z,0.0,0.0
2018-11-28T01:00:00Z,59.83,28.35
2018-11-28T01:30:00Z,59.62,38.0
2018-11-28T02:00:00Z,51.38,76.05
2018-11-28T02:30:00Z,52.0,65.0
2018-11-28T03:00:00Z,49.23,30.75
2018-11-28T03:30:00Z,49.32,34.75
2018-11-28T04:00:00Z,49.56,54.15
2018-11-28T04:30:00Z,49.28,33.05
2018-11-28T05:00:00Z,54.0,40.5
2018-11-28T05:30:00Z,52.49,100.5
2018-11-28T06:00:00Z,64.15,43.5
2018-11-28T06:30:00Z,47.72,155.25
2018-11-28T07:00:00Z,67.44,34.0
2018-11-28T07:30:00Z,0.0,0.0
2018-11-28T08:00:00Z,67.97,116.35
2018-11-28T08:30:00Z,0.0,0.0
2018-11-28T09:00:00Z,0.0,0.0
2018-11-28T09:30:00Z,0.0,0.0
2018-11-28T10:00:00Z,0.0,0.0
2018-11-28T10:30:00Z,0.0,0.0
2018-11-28T11:00:00Z,64.9,543.0
2018-11-28T11:30:00Z,64.87,548.0
2018-11-28T12:00:00Z,66.19,717.5
2018-11-28T12:30:00Z,65.73,683.0
2018-11-28T13:00:00Z,65.66,863.5
2018-11-28T13:30:00Z,64.99,957.4
2018-11-28T14:00:00Z,65.06,1009.4
2018-11-28T14:30:00Z,65.24,1041.5
2018-11-28T15:00:00Z,73.0,492.0
2018-11-28T15:30:00Z,74.86,582.0
2018-11-28T16:00:00Z,72.03,901.9
2018-11-28T16:30:00Z,75.45,788.7
2018-11-28T17:00:00Z,77.02,616.5
2018-11-28T17:30:00Z,75.05,784.5
2018-11-28T18:00:00Z,74.1,707.9
2018-11-28T18:30:00Z,67.86,1122.8
2018-11-28T19:00:00Z,58.03,891.75
2018-11-28T19:30:00Z,59.63,1036.85
2018-11-28T20:00:00Z,60.49,852.6
2018-11-28T20:30:00Z,59.29999999999999,659.15
2018-11-28T21:00:00Z,54.74,1004.5
2018-11-28T21:30:00Z,54.76,1101.5
2018-11-28T22:00:00Z,54.8,1116.15
2018-11-28T22:30:00Z,55.15999999999999,1471.5
2018-11-28T23:00:00Z,48.96,206.25
2018-11-28T23:30:00Z,47.51,150.0
2018-11-29T00:00:00Z,38.12,154.0
2018-11-29T00:30:00Z,38.97,285.0
2018-11-29T01:00:00Z,40.5,85.5
2018-11-29T01:30:00Z,43.14,125.5
2018-11-29T02:00:00Z,45.97,190.95
2018-11-29T02:30:00Z,48.09,147.4
2018-11-29T03:00:00Z,38.08,195.5
2018-11-29T03:30:00Z,38.96,206.0
2018-11-29T04:00:00Z,41.08,222.5
2018-11-29T04:30:00Z,41.29,225.0
2018-11-29T05:00:00Z,47.73,107.6
2018-11-29T05:30:00Z,54.95,47.0
2018-11-29T06:00:00Z,65.42,173.25
2018-11-29T06:30:00Z,53.4,481.55
2018-11-29T07:00:00Z,67.53,216.0
2018-11-29T07:30:00Z,63.44,284.35
2018-11-29T08:00:00Z,63.52,201.2
2018-11-29T08:30:00Z,63.26,214.55
2018-11-29T09:00:00Z,68.52,552.25
2018-11-29T09:30:00Z,71.85,789.75
2018-11-29T10:00:00Z,71.18,728.35
2018-11-29T10:30:00Z,71.19,834.35
2018-11-29T11:00:00Z,64.35,583.85
2018-11-29T11:30:00Z,64.24,649.5
2018-11-29T12:00:00Z,64.64,635.7
2018-11-29T12:30:00Z,63.800000000000004,680.5
2018-11-29T13:00:00Z,61.23,856.5
2018-11-29T13:30:00Z,60.89,940.75
2018-11-29T14:00:00Z,60.51,1004.05
2018-11-29T14:30:00Z,60.2,1094.05
2018-11-29T15:00:00Z,72.38,800.0
2018-11-29T15:30:00Z,73.68,845.25
2018-11-29T16:00:00Z,72.27999999999999,959.05
2018-11-29T16:30:00Z,75.2,990.35
2018-11-29T17:00:00Z,74.27,1007.0
2018-11-29T17:30:00Z,73.64,1072.35
2018-11-29T18:00:00Z,72.33,1025.8
2018-11-29T18:30:00Z,70.75,1117.5
2018-11-29T19:00:00Z,58.47,496.5
2018-11-29T19:30:00Z,58.16,484.0
2018-11-29T20:00:00Z,59.88,627.05
2018-11-29T20:30:00Z,59.3,648.2
2018-11-29T21:00:00Z,57.07,1447.8
2018-11-29T21:30:00Z,56.78,1358.0
2018-11-29T22:00:00Z,56.88,1748.25
2018-11-29T22:30:00Z,56.64,1500.65
2018-11-29T23:00:00Z,0.0,0.0
2018-11-29T23:30:00Z,0.0,0.0
2018-11-30T00:00:00Z,40.17,60.5
2018-11-30T00:30:00Z,42.55,89.75
2018-11-30T01:00:00Z,35.11,145.0
2018-11-30T01:30:00Z,37.26,260.8
2018-11-30T02:00:00Z,35.87,130.5
2018-11-30T02:30:00Z,35.87,130.5
2018-11-30T03:00:00Z,35.23,163.5
2018-11-30T03:30:00Z,34.88,187.0
2018-11-30T04:00:00Z,33.15,284.2
2018-11-30T04:30:00Z,32.63,242.0
2018-11-30T05:00:00Z,39.1,108.5
2018-11-30T05:30:00Z,44.43,117.4
2018-11-30T06:00:00Z,56.54999999999999,306.75
2018-11-30T06:30:00Z,50.53,294.0
2018-11-30T07:00:00Z,60.220000000000006,80.0
2018-11-30T07:30:00Z,60.21999999999999,138.5
2018-11-30T08:00:00Z,61.09,213.5
2018-11-30T08:30:00Z,60.50999999999999,284.85
2018-11-30T09:00:00Z,59.79,445.0
2018-11-30T09:30:00Z,59.57,524.75
2018-11-30T10:00:00Z,58.65,659.4
2018-11-30T10:30:00Z,55.4,992.6
2018-11-30T11:00:00Z,52.29,397.0
2018-11-30T11:30:00Z,51.4,723.0
2018-11-30T12:00:00Z,50.94,864.25
2018-11-30T12:30:00Z,50.86,901.5
2018-11-30T13:00:00Z,50.47,951.5
2018-11-30T13:30:00Z,50.56,999.0
2018-11-30T14:00:00Z,50.65,1059.5
2018-11-30T14:30:00Z,51.11,1262.5
2018-11-30T15:00:00Z,67.08,936.95
2018-11-30T15:30:00Z,66.98,1085.7
2018-11-30T16:00:00Z,65.72,1238.7
2018-11-30T16:30:00Z,67.61,1050.2
2018-11-30T17:00:00Z,71.34,1389.0
2018-11-30T17:30:00Z,71.2,1544.45
2018-11-30T18:00:00Z,70.84,1565.0
2018-11-30T18:30:00Z,70.27,1459.2
2018-11-30T19:00:00Z,64.94,1390.6
2018-11-30T19:30:00Z,62.17999999999999,1228.15
2018-11-30T20:00:00Z,62.769999999999996,1255.85
2018-11-30T20:30:00Z,59.27000000000001,1429.4
2018-11-30T21:00:00Z,57.1,1515.7
2018-11-30T21:30:00Z,56.96,1783.15
2018-11-30T22:00:00Z,56.92,1741.2
2018-11-30T22:30:00Z,56.78,1760.5
2018-11-30T23:00:00Z,55.94,437.05
2018-11-30T23:30:00Z,56.58,529.8
2018-12-01T00:00:00Z,55.01,243.5
2018-12-01T00:30:00Z,56.43,291.9
2018-12-01T01:00:00Z,57.25,371.0
2018-12-01T01:30:00Z,56.9,533.5
2018-12-01T02:00:00Z,58.4,600.0
2018-12-01T02:30:00Z,58.769999999999996,558.45
2018-12-01T03:00:00Z,59.64000000000001,365.5
2018-12-01T03:30:00Z,57.45,398.0
2018-12-01T04:00:00Z,57.89,410.6
2018-12-01T04:30:00Z,57.73,408.05
2018-12-01T05:00:00Z,57.18,345.15
2018-12-01T05:30:00Z,58.44,470.0
2018-12-01T06:00:00Z,58.90999999999999,559.65
2018-12-01T06:30:00Z,58.71,684.0
2018-12-01T07:00:00Z,62.12,581.25
2018-12-01T07:30:00Z,60.77,620.0
2018-12-01T08:00:00Z,60.87,768.35
2018-12-01T08:30:00Z,61.489999999999995,923.15
2018-12-01T09:00:00Z,63.97,503.5
2018-12-01T09:30:00Z,64.3,530.0
2018-12-01T10:00:00Z,64.12,520.0
2018-12-01T10:30:00Z,63.38999999999999,580.0
2018-12-01T11:00:00Z,63.190000000000005,707.4
2018-12-01T11:30:00Z,63.26,809.9
2018-12-01T12:00:00Z,63.22,859.4
2018-12-01T12:30:00Z,63.12,949.4
2018-12-01T13:00:00Z,62.21,915.75
2018-12-01T13:30:00Z,61.84,984.75
2018-12-01T14:00:00Z,61.66,1057.25
2018-12-01T14:30:00Z,61.239999999999995,1144.25
2018-12-01T15:00:00Z,66.53,566.5
2018-12-01T15:30:00Z,67.6,513.2
2018-12-01T16:00:00Z,64.97,765.9
2018-12-01T16:30:00Z,74.2,644.55
2018-12-01T17:00:00Z,75.9,580.6
2018-12-01T17:30:00Z,77.63,750.65
2018-12-01T18:00:00Z,79.58,898.3
2018-12-01T18:30:00Z,75.86,1228.1
2018-12-01T19:00:00Z,66.53,904.1
2018-12-01T19:30:00Z,64.3,904.9
2018-12-01T20:00:00Z,62.51,856.6
2018-12-01T20:30:00Z,62.47,788.4
2018-12-01T21:00:00Z,58.1,1241.4
2018-12-01T21:30:00Z,57.39,1404.7
2018-12-01T22:00:00Z,57.910000000000004,1559.4
2018-12-01T22:30:00Z,57.88,1955.5
2018-12-01T23:00:00Z,57.43,336.9
2018-12-01T23:30:00Z,57.67000000000001,446.5
2018-12-02T00:00:00Z,57.96,491.5
2018-12-02T00:30:00Z,58.42000000000001,636.6
2018-12-02T01:00:00Z,57.93,337.0
2018-12-02T01:30:00Z,57.51,460.5
2018-12-02T02:00:00Z,57.91,505.9
2018-12-02T02:30:00Z,58.50000000000001,361.45
2018-12-02T03:00:00Z,51.53,560.0
2018-12-02T03:30:00Z,50.45,467.5
2018-12-02T04:00:00Z,50.73,533.0
2018-12-02T04:30:00Z,50.33,586.3
2018-12-02T05:00:00Z,50.72,458.5
2018-12-02T05:30:00Z,51.31,573.0
2018-12-02T06:00:00Z,53.78,807.0
2018-12-02T06:30:00Z,53.8,882.0
2018-12-02T07:00:00Z,58.61,197.5
2018-12-02T07:30:00Z,56.99,488.5
2018-12-02T08:00:00Z,61.29,560.0
2018-12-02T08:30:00Z,62.14,534.5
2018-12-02T09:00:00Z,62.32,237.5
2018-12-02T09:30:00Z,65.08,511.5
2018-12-02T10:00:00Z,66.68,627.0
2018-12-02T10:30:00Z,65.04,933.5
2018-12-02T11:00:00Z,64.43,581.95
2018-12-02T11:30:00Z,64.06,810.45
2018-12-02T12:00:00Z,64.05,857.45
2018-12-02T12:30:00Z,64.1,878.45
2018-12-02T13:00:00Z,64.14,822.7
2018-12-02T13:30:00Z,64.17,854.7
2018-12-02T14:00:00Z,64.06,919.2
2018-12-02T14:30:00Z,63.95,1030.9
2018-12-02T15:00:00Z,74.85,1737.65
2018-12-02T15:30:00Z,75.63,1843.2
2018-12-02T16:00:00Z,76.7,1878.35
2018-12-02T16:30:00Z,78.8,2077.9
2018-12-02T17:00:00Z,79.15,1739.05
2018-12-02T17:30:00Z,80.0,1811.55
2018-12-02T18:00:00Z,81.5,2160.55
2018-12-02T18:30:00Z,79.71,2041.3
2018-12-02T19:00:00Z,67.62,1341.55
2018-12-02T19:30:00Z,64.83,1232.05
2018-12-02T20:00:00Z,62.77,1059.3
2018-12-02T20:30:00Z,61.10999999999999,1188.3
2018-12-02T21:00:00Z,59.49,1348.55
2018-12-02T21:30:00Z,57.66,1754.45
2018-12-02T22:00:00Z,58.00999999999999,1880.7
2018-12-02T22:30:00Z,57.99,2024.2
2018-12-02T23:00:00Z,0.0,0.0
2018-12-02T23:30:00Z,0.0,0.0
2018-12-03T00:00:00Z,48.92,66.5
2018-12-03T00:30:00Z,50.06,128.5
2018-12-03T01:00:00Z,47.42,502.0
2018-12-03T01:30:00Z,47.15,459.5
2018-12-03T02:00:00Z,46.31,498.5
2018-12-03T02:30:00Z,46.05,510.0
2018-12-03T03:00:00Z,44.39,347.5
2018-12-03T03:30:00Z,44.39,347.5
2018-12-03T04:00:00Z,42.31,380.0
2018-12-03T04:30:00Z,41.25,399.0
2018-12-03T05:00:00Z,43.06,232.0
2018-12-03T05:30:00Z,46.90999999999999,407.5
2018-12-03T06:00:00Z,58.7,963.4
2018-12-03T06:30:00Z,50.51,679.5
2018-12-03T07:00:00Z,61.37,775.0
2018-12-03T07:30:00Z,63.940000000000005,304.7
2018-12-03T08:00:00Z,62.7,534.0
2018-12-03T08:30:00Z,63.68,404.0
2018-12-03T09:00:00Z,64.72,451.2
2018-12-03T09:30:00Z,64.49,559.45
2018-12-03T10:00:00Z,65.03,646.95
2018-12-03T10:30:00Z,64.54,713.95
2018-12-03T11:00:00Z,63.16,616.0
2018-12-03T11:30:00Z,62.81999999999999,772.5
2018-12-03T12:00:00Z,62.25,854.0
2018-12-03T12:30:00Z,61.39,943.75
2018-12-03T13:00:00Z,59.870000000000005,1124.45
2018-12-03T13:30:00Z,59.489999999999995,1230.2
2018-12-03T14:00:00Z,58.76,1389.35
2018-12-03T14:30:00Z,58.58,1433.4
2018-12-03T15:00:00Z,65.75,1132.1
2018-12-03T15:30:00Z,69.43,1028.4
2018-12-03T16:00:00Z,69.32,1288.4
2018-12-03T16:30:00Z,77.85,1357.05
2018-12-03T17:00:00Z,77.75,1042.0
2018-12-03T17:30:00Z,77.86,1067.25
2018-12-03T18:00:00Z,79.36,1311.5
2018-12-03T18:30:00Z,78.17,1187.0
2018-12-03T19:00:00Z,78.57,972.9
2018-12-03T19:30:00Z,72.74,747.5
2018-12-03T20:00:00Z,70.75,839.25
2018-12-03T20:30:00Z,68.63,775.45
2018-12-03T21:00:00Z,62.34,1232.5
2018-12-03T21:30:00Z,62.97,1375.0
2018-12-03T22:00:00Z,61.51,1714.0
2018-12-03T22:30:00Z,61.53999999999999,1686.5
2018-12-03T23:00:00Z,59.72,223.05
2018-12-03T23:30:00Z,60.27,246.75
2018-12-04T00:00:00Z,68.58,364.75
2018-12-04T00:30:00Z,69.2,393.25
2018-12-04T01:00:00Z,64.17,465.25
2018-12-04T01:30:00Z,59.04,550.35
2018-12-04T02:00:00Z,58.68,475.25
2018-12-04T02:30:00Z,59.37,368.05
2018-12-04T03:00:00Z,53.8,351.0
2018-12-04T03:30:00Z,53.85,448.25
2018-12-04T04:00:00Z,53.4,474.05
2018-12-04T04:30:00Z,53.07999999999999,421.5
2018-12-04T05:00:00Z,56.08,342.0
2018-12-04T05:30:00Z,55.35,382.5
2018-12-04T06:00:00Z,57.459999999999994,396.05
2018-12-04T06:30:00Z,56.96,838.5
2018-12-04T07:00:00Z,72.2,161.5
2018-12-04T07:30:00Z,77.05,353.0
2018-12-04T08:00:00Z,76.47,490.5
2018-12-04T08:30:00Z,72.09,267.1
2018-12-04T09:00:00Z,70.48,252.05
2018-12-04T09:30:00Z,70.24,242.5
2018-12-04T10:00:00Z,65.98,326.3
2018-12-04T10:30:00Z,64.07,396.25
2018-12-04T11:00:00Z,64.16,295.5
2018-12-04T11:30:00Z,60.19,492.0
2018-12-04T12:00:00Z,60.34,477.25
2018-12-04T12:30:00Z,60.24,490.05
2018-12-04T13:00:00Z,63.0,599.15
2018-12-04T13:30:00Z,68.0,760.5
2018-12-04T14:00:00Z,69.54,862.4
2018-12-04T14:30:00Z,70.29,853.65
2018-12-04T15:00:00Z,112.13,1146.35
2018-12-04T15:30:00Z,120.37,1001.05
2018-12-04T16:00:00Z,123.08,1129.25
2018-12-04T16:30:00Z,135.89,1124.95
2018-12-04T17:00:00Z,136.77,1212.5
2018-12-04T17:30:00Z,133.45,1338.3
2018-12-04T18:00:00Z,122.3,1705.75
2018-12-04T18:30:00Z,120.78999999999999,1577.55
2018-12-04T19:00:00Z,79.69,607.05
2018-12-04T19:30:00Z,71.28,516.15
2018-12-04T20:00:00Z,71.48,600.5
2018-12-04T20:30:00Z,71.34,663.9
2018-12-04T21:00:00Z,64.1,865.5
2018-12-04T21:30:00Z,63.26,823.0
2018-12-04T22:00:00Z,61.87,958.85
2018-12-04T22:30:00Z,60.93999999999999,1361.95
2018-12-04T23:00:00Z,54.23,131.55
2018-12-04T23:30:00Z,52.13,110.0
2018-12-05T00:00:00Z,54.36,203.0
2018-12-05T00:30:00Z,55.17999999999999,185.0
2018-12-05T01:00:00Z,56.75,269.55
2018-12-05T01:30:00Z,53.97,222.25
2018-12-05T02:00:00Z,55.28000000000001,191.8
2018-12-05T02:30:00Z,54.09,316.5
2018-12-05T03:00:00Z,53.07,373.0
2018-12-05T03:30:00Z,53.03,371.35
2018-12-05T04:00:00Z,53.48,402.25
2018-12-05T04:30:00Z,53.41,459.55
2018-12-05T05:00:00Z,54.81,303.0
2018-12-05T05:30:00Z,52.89999999999999,403.5
2018-12-05T06:00:00Z,63.73,604.7
2018-12-05T06:30:00Z,51.79,455.7
2018-12-05T07:00:00Z,58.669999999999995,605.0
2018-12-05T07:30:00Z,58.59,590.15
2018-12-05T08:00:00Z,58.75,676.6
2018-12-05T08:30:00Z,57.37,759.25
2018-12-05T09:00:00Z,57.37,557.25
2018-12-05T09:30:00Z,59.22,1008.7
2018-12-05T10:00:00Z,59.72999999999999,1157.1
2018-12-05T10:30:00Z,61.089999999999996,1340.25
2018-12-05T11:00:00Z,61.62,736.75
2018-12-05T11:30:00Z,60.9,1123.75
2018-12-05T12:00:00Z,59.54,1158.95
2018-12-05T12:30:00Z,59.52,1033.55
2018-12-05T13:00:00Z,60.88,880.3
2018-12-05T13:30:00Z,60.65,1038.25
2018-12-05T14:00:00Z,60.99,1139.25
2018-12-05T14:30:00Z,60.61999999999999,1502.25
2018-12-05T15:00:00Z,70.62,958.4
2018-12-05T15:30:00Z,74.56,1110.65
2018-12-05T16:00:00Z,74.67,1161.05
2018-12-05T16:30:00Z,79.72,1321.5
2018-12-05T17:00:00Z,79.38,1370.5
2018-12-05T17:30:00Z,79.08,1481.95
2018-12-05T18:00:00Z,79.05,1564.6
2018-12-05T18:30:00Z,78.47,1601.6
2018-12-05T19:00:00Z,73.83,933.25
2018-12-05T19:30:00Z,70.49,850.85
2018-12-05T20:00:00Z,63.94,703.95
2018-12-05T20:30:00Z,62.48,809.4
2018-12-05T21:00:00Z,59.18,1013.35
2018-12-05T21:30:00Z,58.72,1100.85
2018-12-05T22:00:00Z,57.92999999999999,1217.1
2018-12-05T22:30:00Z,58.04,1510.85
2018-12-05T23:00:00Z,57.24,811.0
2018-12-05T23:30:00Z,63.93,381.6
2018-12-06T00:00:00Z,63.58,397.0
2018-12-06T00:30:00Z,64.85,445.6
2018-12-06T01:00:00Z,64.75,589.0
2018-12-06T01:30:00Z,63.13,533.25
2018-12-06T02:00:00Z,61.86,433.15
2018-12-06T02:30:00Z,61.26,558.35
2018-12-06T03:00:00Z,54.27,224.2
2018-12-06T03:30:00Z,52.66,341.9
2018-12-06T04:00:00Z,53.0,328.5
2018-12-06T04:30:00Z,52.84,270.35
2018-12-06T05:00:00Z,52.54,253.5
2018-12-06T05:30:00Z,49.53,279.9
2018-12-06T06:00:00Z,63.65999999999999,289.0
2018-12-06T06:30:00Z,55.18,578.05
2018-12-06T07:00:00Z,56.31,215.5
2018-12-06T07:30:00Z,58.35999999999999,147.55
2018-12-06T08:00:00Z,55.1,262.5
2018-12-06T08:30:00Z,55.95,232.25
2018-12-06T09:00:00Z,54.37,354.0
2018-12-06T09:30:00Z,54.06,461.8
2018-12-06T10:00:00Z,52.75999999999999,728.1
2018-12-06T10:30:00Z,52.28,1051.5
2018-12-06T11:00:00Z,53.94,662.5
2018-12-06T11:30:00Z,54.18,906.5
2018-12-06T12:00:00Z,54.09,907.3
2018-12-06T12:30:00Z,54.07,942.5
2018-12-06T13:00:00Z,53.97,1069.2
2018-12-06T13:30:00Z,54.21,1203.05
2018-12-06T14:00:00Z,54.33,1177.1
2018-12-06T14:30:00Z,54.07,1324.5
2018-12-06T15:00:00Z,57.79999999999999,1603.5
2018-12-06T15:30:00Z,58.05,1679.05
2018-12-06T16:00:00Z,59.43,1345.95
2018-12-06T16:30:00Z,64.95,1601.6
2018-12-06T17:00:00Z,67.35,994.3
2018-12-06T17:30:00Z,66.8,1084.65
2018-12-06T18:00:00Z,66.8,1205.4
2018-12-06T18:30:00Z,67.28,1289.25
2018-12-06T19:00:00Z,68.73,1400.85
2018-12-06T19:30:00Z,66.23,1219.1
2018-12-06T20:00:00Z,62.32,993.35
2018-12-06T20:30:00Z,61.1,1086.05
2018-12-06T21:00:00Z,61.52,959.9
2018-12-06T21:30:00Z,59.5,1149.4
2018-12-06T22:00:00Z,58.23,1480.75
2018-12-06T22:30:00Z,58.41,1412.75
2018-12-06T23:00:00Z,65.72,576.35
2018-12-06T23:30:00Z,63.33,461.9
2018-12-07T00:00:00Z,59.059999999999995,353.2
2018-12-07T00:30:00Z,60.14,402.9
2018-12-07T01:00:00Z,59.23,409.5
2018-12-07T01:30:00Z,52.9,298.7
2018-12-07T02:00:00Z,46.63,117.0
2018-12-07T02:30:00Z,46.63,117.0
2018-12-07T03:00:00Z,27.29,196.0
2018-12-07T03:30:00Z,17.57,264.0
2018-12-07T04:00:00Z,6.880000000000001,411.15
2018-12-07T04:30:00Z,3.05,448.9
2018-12-07T05:00:00Z,20.04,546.05
2018-12-07T05:30:00Z,26.38,370.55
2018-12-07T06:00:00Z,37.86,534.3
2018-12-07T06:30:00Z,44.09,734.95
2018-12-07T07:00:00Z,57.63999999999999,290.55
2018-12-07T07:30:00Z,64.05,355.15
2018-12-07T08:00:00Z,67.44,367.8
2018-12-07T08:30:00Z,65.56,503.1
2018-12-07T09:00:00Z,64.18,415.0
2018-12-07T09:30:00Z,62.79,584.95
2018-12-07T10:00:00Z,62.77,714.5
2018-12-07T10:30:00Z,63.0,730.5
2018-12-07T11:00:00Z,55.42,255.5
2018-12-07T11:30:00Z,56.84,463.2
2018-12-07T12:00:00Z,56.66,581.0
2018-12-07T12:30:00Z,56.74,550.7
2018-12-07T13:00:00Z,55.04,642.0
2018-12-07T13:30:00Z,54.39999999999999,792.0
2018-12-07T14:00:00Z,54.33,924.85
2018-12-07T14:30:00Z,53.6,1026.1
2018-12-07T15:00:00Z,59.35,846.0
2018-12-07T15:30:00Z,60.68,857.85
2018-12-07T16:00:00Z,60.86,1143.95
2018-12-07T16:30:00Z,64.12,978.0
2018-12-07T17:00:00Z,65.23,883.0
2018-12-07T17:30:00Z,66.53,944.5
2018-12-07T18:00:00Z,66.54,1091.1
2018-12-07T18:30:00Z,65.71,1221.05
2018-12-07T19:00:00Z,57.71,830.0
2018-12-07T19:30:00Z,58.12,738.85
2018-12-07T20:00:00Z,58.17999999999999,770.25
2018-12-07T20:30:00Z,59.12,902.3
2018-12-07T21:00:00Z,58.57,847.55
2018-12-07T21:30:00Z,55.47,1057.25
2018-12-07T22:00:00Z,54.47,846.35
2018-12-07T22:30:00Z,54.12,1455.55
2018-12-07T23:00:00Z,45.4,149.5
2018-12-07T23:30:00Z,0.0,0.0
2018-12-08T00:00:00Z,-8.69,66.75
2018-12-08T00:30:00Z,-1.49,330.05
2018-12-08T01:00:00Z,-4.96,135.7
2018-12-08T01:30:00Z,-4.34,143.2
2018-12-08T02:00:00Z,-2.0,219.2
2018-12-08T02:30:00Z,-1.35,365.5
2018-12-08T03:00:00Z,1.92,235.0
2018-12-08T03:30:00Z,3.37,270.0
2018-12-08T04:00:00Z,-3.02,340.5
2018-12-08T04:30:00Z,-5.86,408.8
2018-12-08T05:00:00Z,9.45,215.75
2018-12-08T05:30:00Z,4.76,421.6
2018-12-08T06:00:00Z,20.71,247.45
2018-12-08T06:30:00Z,32.65,380.85
2018-12-08T07:00:00Z,47.3,430.5
2018-12-08T07:30:00Z,47.19,390.5
2018-12-08T08:00:00Z,47.81,239.5
2018-12-08T08:30:00Z,48.96000000000001,236.25
2018-12-08T09:00:00Z,49.32000000000001,356.5
2018-12-08T09:30:00Z,48.21,433.5
2018-12-08T10:00:00Z,48.9,472.0
2018-12-08T10:30:00Z,49.96,510.45
2018-12-08T11:00:00Z,56.4,316.5
2018-12-08T11:30:00Z,56.25,421.75
2018-12-08T12:00:00Z,55.86,526.75
2018-12-08T12:30:00Z,56.35,516.25
2018-12-08T13:00:00Z,57.59,508.75
2018-12-08T13:30:00Z,63.32,801.9
2018-12-08T14:00:00Z,65.19,895.35
2018-12-08T14:30:00Z,65.91,1085.05
2018-12-08T15:00:00Z,70.55,806.5
2018-12-08T15:30:00Z,71.02,853.5
2018-12-08T16:00:00Z,72.67,795.85
2018-12-08T16:30:00Z,73.67,960.3
2018-12-08T17:00:00Z,74.05,886.4
2018-12-08T17:30:00Z,74.46,991.3
2018-12-08T18:00:00Z,73.47,950.0
2018-12-08T18:30:00Z,72.29,1072.25
2018-12-08T19:00:00Z,60.33,463.5
2018-12-08T19:30:00Z,60.54,501.5
2018-12-08T20:00:00Z,60.12,545.5
2018-12-08T20:30:00Z,60.96999999999999,597.35
2018-12-08T21:00:00Z,58.03,208.0
2018-12-08T21:30:00Z,53.22,489.0
2018-12-08T22:00:00Z,52.74,453.5
2018-12-08T22:30:00Z,52.779999999999994,870.75
2018-12-08T23:00:00Z,55.23,412.6
2018-12-08T23:30:00Z,54.74,450.2
2018-12-09T00:00:00Z,54.33,457.0
2018-12-09T00:30:00Z,55.42,570.5
2018-12-09T01:00:00Z,55.59,208.5
2018-12-09T01:30:00Z,54.61999999999999,217.5
2018-12-09T02:00:00Z,54.89,335.75
2018-12-09T02:30:00Z,56.43,296.25
2018-12-09T03:00:00Z,52.14,254.5
2018-12-09T03:30:00Z,51.07,149.5
2018-12-09T04:00:00Z,51.07,149.5
2018-12-09T04:30:00Z,40.9,328.5
2018-12-09T05:00:00Z,51.21,170.0
2018-12-09T05:30:00Z,54.4,253.5
2018-12-09T06:00:00Z,55.28,377.65
2018-12-09T06:30:00Z,59.6,522.1
2018-12-09T07:00:00Z,52.46,350.35
2018-12-09T07:30:00Z,46.1,358.25
2018-12-09T08:00:00Z,50.75,499.65
2018-12-09T08:30:00Z,54.52,524.5
2018-12-09T09:00:00Z,53.5,444.0
2018-12-09T09:30:00Z,53.37,346.5
2018-12-09T10:00:00Z,53.50000000000001,661.15
2018-12-09T10:30:00Z,50.91,507.5
2018-12-09T11:00:00Z,54.01,224.5
2018-12-09T11:30:00Z,52.82,511.5
2018-12-09T12:00:00Z,52.63,537.0
2018-12-09T12:30:00Z,52.52,578.0
2018-12-09T13:00:00Z,54.12,586.0
2018-12-09T13:30:00Z,53.81,566.1
2018-12-09T14:00:00Z,56.91,638.4
2018-12-09T14:30:00Z,53.99,522.0
2018-12-09T15:00:00Z,64.34,873.25
2018-12-09T15:30:00Z,64.31,1066.8
2018-12-09T16:00:00Z,66.36,1170.8
2018-12-09T16:30:00Z,75.72,1160.3
2018-12-09T17:00:00Z,81.34,1163.1
2018-12-09T17:30:00Z,83.69,1347.25
2018-12-09T18:00:00Z,84.38,1606.7
2018-12-09T18:30:00Z,83.27,1738.4
2018-12-09T19:00:00Z,74.16,1032.9
2018-12-09T19:30:00Z,68.07,823.85
2018-12-09T20:00:00Z,65.29,848.25
2018-12-09T20:30:00Z,64.03,867.25
2018-12-09T21:00:00Z,58.59000000000001,1122.0
2018-12-09T21:30:00Z,58.31000000000001,1178.25
2018-12-09T22:00:00Z,57.79,1315.4
2018-12-09T22:30:00Z,57.989999999999995,1290.7
2018-12-09T23:00:00Z,55.33,242.15
2018-12-09T23:30:00Z,48.67,81.5
2018-12-10T00:00:00Z,50.23,115.5
2018-12-10T00:30:00Z,50.11,282.6
2018-12-10T01:00:00Z,49.66,214.5
2018-12-10T01:30:00Z,49.74,157.0
2018-12-10T02:00:00Z,50.28,247.0
2018-12-10T02:30:00Z,51.82,241.15
2018-12-10T03:00:00Z,50.44,326.0
2018-12-10T03:30:00Z,49.31,434.4
2018-12-10T04:00:00Z,49.33,468.6
2018-12-10T04:30:00Z,49.16,407.15
2018-12-10T05:00:00Z,51.65,148.5
2018-12-10T05:30:00Z,51.77,101.5
2018-12-10T06:00:00Z,53.41,418.2
2018-12-10T06:30:00Z,54.39,643.8
2018-12-10T07:00:00Z,54.209999999999994,797.4
2018-12-10T07:30:00Z,56.72,366.85
2018-12-10T08:00:00Z,55.77,435.9
2018-12-10T08:30:00Z,55.05,279.75
2018-12-10T09:00:00Z,57.16,285.5
2018-12-10T09:30:00Z,60.29,458.0
2018-12-10T10:00:00Z,61.199999999999996,658.0
2018-12-10T10:30:00Z,61.88,813.0
2018-12-10T11:00:00Z,66.17,873.65
2018-12-10T11:30:00Z,69.48,1366.05
2018-12-10T12:00:00Z,69.33,1367.35
2018-12-10T12:30:00Z,69.09,1339.7
2018-12-10T13:00:00Z,65.98,1251.55
2018-12-10T13:30:00Z,66.13,1480.8
2018-12-10T14:00:00Z,66.44,1571.55
2018-12-10T14:30:00Z,66.44,1648.35
2018-12-10T15:00:00Z,80.94,524.2
2018-12-10T15:30:00Z,85.62,479.4
2018-12-10T16:00:00Z,88.74,540.0
2018-12-10T16:30:00Z,98.71,945.35
2018-12-10T17:00:00Z,94.8,1121.55
2018-12-10T17:30:00Z,92.48,1251.4
2018-12-10T18:00:00Z,89.44,1278.0
2018-12-10T18:30:00Z,87.35,1401.25
2018-12-10T19:00:00Z,64.75,928.7
2018-12-10T19:30:00Z,65.01,869.5
2018-12-10T20:00:00Z,65.6,1050.4
2018-12-10T20:30:00Z,64.81,819.6
2018-12-10T21:00:00Z,59.02,2091.3
2018-12-10T21:30:00Z,59.22,1998.85
2018-12-10T22:00:00Z,59.11,2165.2
2018-12-10T22:30:00Z,58.21000000000001,2311.8
2018-12-10T23:00:00Z,55.93,61.5
2018-12-10T23:30:00Z,53.19,304.0
2018-12-11T00:00:00Z,52.74,312.5
2018-12-11T00:30:00Z,53.04,302.0
2018-12-11T01:00:00Z,52.64,335.5
2018-12-11T01:30:00Z,52.48,337.0
2018-12-11T02:00:00Z,52.96,333.5
2018-12-11T02:30:00Z,53.46,440.55
2018-12-11T03:00:00Z,50.16,226.5
2018-12-11T03:30:00Z,50.66,314.55
2018-12-11T04:00:00Z,51.14,297.5
2018-12-11T04:30:00Z,51.35,365.75
2018-12-11T05:00:00Z,55.38,211.5
2018-12-11T05:30:00Z,55.589999999999996,170.85
2018-12-11T06:00:00Z,63.27,212.25
2018-12-11T06:30:00Z,59.690000000000005,775.5
2018-12-11T07:00:00Z,65.91,201.75
2018-12-11T07:30:00Z,76.83,208.5
2018-12-11T08:00:00Z,70.7,162.75
2018-12-11T08:30:00Z,74.18,235.05
2018-12-11T09:00:00Z,70.64,231.5
2018-12-11T09:30:00Z,67.38,319.0
2018-12-11T10:00:00Z,63.62,460.6
2018-12-11T10:30:00Z,63.21,476.6
2018-12-11T11:00:00Z,55.26,577.8
2018-12-11T11:30:00Z,54.96000000000001,635.55
2018-12-11T12:00:00Z,54.84,673.05
2018-12-11T12:30:00Z,54.89,666.05
2018-12-11T13:00:00Z,56.5,557.35
2018-12-11T13:30:00Z,56.77,546.85
2018-12-11T14:00:00Z,56.77,546.85
2018-12-11T14:30:00Z,56.77,546.85
2018-12-11T15:00:00Z,69.1,254.75
2018-12-11T15:30:00Z,68.47,400.25
2018-12-11T16:00:00Z,63.92999999999999,755.1
2018-12-11T16:30:00Z,65.15,966.6
2018-12-11T17:00:00Z,63.300000000000004,1071.85
2018-12-11T17:30:00Z,62.73,1281.25
2018-12-11T18:00:00Z,62.25000000000001,1414.55
2018-12-11T18:30:00Z,63.019999999999996,1404.55
2018-12-11T19:00:00Z,62.11,628.0
2018-12-11T19:30:00Z,61.5,677.3
2018-12-11T20:00:00Z,60.68999999999999,738.75
2018-12-11T20:30:00Z,60.41,720.3
2018-12-11T21:00:00Z,58.5,608.5
2018-12-11T21:30:00Z,58.69,563.65
2018-12-11T22:00:00Z,58.75,728.0
2018-12-11T22:30:00Z,59.38,964.7
2018-12-11T23:00:00Z,49.61,45.0
2018-12-11T23:30:00Z,47.7,170.5
2018-12-12T00:00:00Z,46.47,32.0
2018-12-12T00:30:00Z,47.55,77.0
2018-12-12T01:00:00Z,47.82,51.0
2018-12-12T01:30:00Z,47.8,114.5
2018-12-12T02:00:00Z,47.32,258.7
2018-12-12T02:30:00Z,48.41,174.75
2018-12-12T03:00:00Z,48.1,242.25
2018-12-12T03:30:00Z,48.38,255.0
2018-12-12T04:00:00Z,48.51,255.5
2018-12-12T04:30:00Z,48.21,302.5
2018-12-12T05:00:00Z,50.26,351.1
2018-12-12T05:30:00Z,46.45,569.3
2018-12-12T06:00:00Z,63.36999999999999,444.65
2018-12-12T06:30:00Z,55.9,831.1
2018-12-12T07:00:00Z,61.87,412.6
2018-12-12T07:30:00Z,65.8,297.5
2018-12-12T08:00:00Z,65.6,322.5
2018-12-12T08:30:00Z,66.36,348.5
2018-12-12T09:00:00Z,67.95,658.5
2018-12-12T09:30:00Z,67.94,712.05
2018-12-12T10:00:00Z,66.85,983.45
2018-12-12T10:30:00Z,65.99,1179.8
2018-12-12T11:00:00Z,60.730000000000004,560.5
2018-12-12T11:30:00Z,60.63,665.5
2018-12-12T12:00:00Z,59.69,808.5
2018-12-12T12:30:00Z,59.77,833.3
2018-12-12T13:00:00Z,58.989999999999995,990.2
2018-12-12T13:30:00Z,59.41,1108.7
2018-12-12T14:00:00Z,58.94,1347.95
2018-12-12T14:30:00Z,58.89000000000001,1195.2
2018-12-12T15:00:00Z,69.93,1006.65
2018-12-12T15:30:00Z,71.33,986.9
2018-12-12T16:00:00Z,75.26,1371.65
2018-12-12T16:30:00Z,75.58,1370.65
2018-12-12T17:00:00Z,71.55,1070.05
2018-12-12T17:30:00Z,70.58,1324.05
2018-12-12T18:00:00Z,70.55,1183.05
2018-12-12T18:30:00Z,69.99,1495.3
2018-12-12T19:00:00Z,60.39,1054.25
2018-12-12T19:30:00Z,60.47999999999999,1322.7
2018-12-12T20:00:00Z,0.0,0.0
2018-12-12T20:30:00Z,0.0,0.0
2018-12-12T21:00:00Z,0.0,0.0
2018-12-12T23:00:00Z,0.0,0.0
2018-12-12T23:30:00Z,0.0,0.0
2018-12-13T00:00:00Z,50.87,369.0
2018-12-13T00:30:00Z,51.79,439.5
2018-12-13T01:00:00Z,52.33,510.75
2018-12-13T01:30:00Z,51.42,427.25
2018-12-13T02:00:00Z,51.830000000000005,454.75
2018-12-13T02:30:00Z,53.52,516.05
2018-12-13T03:00:00Z,59.85999999999999,394.05
2018-12-13T03:30:00Z,59.809999999999995,394.0
2018-12-13T04:00:00Z,59.99,383.65
2018-12-13T04:30:00Z,59.45,350.15
2018-12-13T05:00:00Z,60.029999999999994,342.15
2018-12-13T05:30:00Z,58.42,432.75
2018-12-13T06:00:00Z,62.9,789.35
2018-12-13T06:30:00Z,55.21,884.15
2018-12-13T07:00:00Z,55.25,200.0
2018-12-13T07:30:00Z,56.4,230.75
2018-12-13T08:00:00Z,55.98,524.05
2018-12-13T08:30:00Z,56.59,408.75
2018-12-13T09:00:00Z,56.26,560.75
2018-12-13T09:30:00Z,56.23,748.25
2018-12-13T10:00:00Z,56.27,890.05
2018-12-13T10:30:00Z,56.31,903.6
2018-12-13T11:00:00Z,60.54,571.8
2018-12-13T11:30:00Z,61.43,818.75
2018-12-13T12:00:00Z,61.63,977.75
2018-12-13T12:30:00Z,62.239999999999995,1235.2
2018-12-13T13:00:00Z,63.43999999999999,1262.2
2018-12-13T13:30:00Z,63.760000000000005,1353.2
2018-12-13T14:00:00Z,64.13,1476.3
2018-12-13T14:30:00Z,64.01,1510.35
2018-12-13T15:00:00Z,71.71,1260.4
2018-12-13T15:30:00Z,74.35,1142.9
2018-12-13T16:00:00Z,75.29,1549.05
2018-12-13T16:30:00Z,75.62,1607.45
2018-12-13T17:00:00Z,73.63,1479.95
2018-12-13T17:30:00Z,73.41,1702.35
2018-12-13T18:00:00Z,73.67,1657.7
2018-12-13T18:30:00Z,73.59,1722.65
2018-12-13T19:00:00Z,63.41,894.5
2018-12-13T19:30:00Z,62.24,804.2
2018-12-13T20:00:00Z,61.32,784.65
2018-12-13T20:30:00Z,61.38,727.55
2018-12-13T21:00:00Z,59.39999999999999,1229.55
2018-12-13T21:30:00Z,59.53000000000001,1195.0
2018-12-13T22:00:00Z,59.34,1624.75
2018-12-13T22:30:00Z,58.47,1608.1
2018-12-13T23:00:00Z,55.63,98.5
2018-12-13T23:30:00Z,56.35000000000001,168.0
2018-12-14T00:00:00Z,54.3,178.5
2018-12-14T00:30:00Z,54.44,214.0
2018-12-14T01:00:00Z,51.91,479.0
2018-12-14T01:30:00Z,52.58,633.5
2018-12-14T02:00:00Z,52.75,547.0
2018-12-14T02:30:00Z,52.8,537.0
2018-12-14T03:00:00Z,52.38,679.75
2018-12-14T03:30:00Z,52.31,726.75
2018-12-14T04:00:00Z,52.31,722.25
2018-12-14T04:30:00Z,52.330000000000005,686.75
2018-12-14T05:00:00Z,53.709999999999994,615.8
2018-12-14T05:30:00Z,51.5,307.5
2018-12-14T06:00:00Z,64.83,399.0
2018-12-14T06:30:00Z,51.11,719.55
2018-12-14T07:00:00Z,67.14,243.7
2018-12-14T07:30:00Z,73.87,268.2
2018-12-14T08:00:00Z,74.54,369.95
2018-12-14T08:30:00Z,74.46,452.95
2018-12-14T09:00:00Z,73.28,384.7
2018-12-14T09:30:00Z,72.22,507.7
2018-12-14T10:00:00Z,70.73,661.85
2018-12-14T10:30:00Z,69.34,868.4
2018-12-14T11:00:00Z,69.02,423.75
2018-12-14T11:30:00Z,68.58,442.8
2018-12-14T12:00:00Z,67.74,500.3
2018-12-14T12:30:00Z,66.6,557.0
2018-12-14T13:00:00Z,67.02,695.8
2018-12-14T13:30:00Z,66.24,837.1
2018-12-14T14:00:00Z,65.91,897.1
2018-12-14T14:30:00Z,65.2,1008.85
2018-12-14T15:00:00Z,83.75,639.25
2018-12-14T15:30:00Z,84.79,652.35
2018-12-14T16:00:00Z,83.83,828.5
2018-12-14T16:30:00Z,85.05,793.5
2018-12-14T17:00:00Z,83.6,849.05
2018-12-14T17:30:00Z,81.27,1024.55
2018-12-14T18:00:00Z,79.22,1193.65
2018-12-14T18:30:00Z,77.22,1371.65
2018-12-14T19:00:00Z,65.96,1093.0
2018-12-14T19:30:00Z,65.85,991.65
2018-12-14T20:00:00Z,65.45,969.0
2018-12-14T20:30:00Z,65.02,1402.6
2018-12-14T21:00:00Z,64.29,1232.7
2018-12-14T21:30:00Z,62.69,1195.4
2018-12-14T22:00:00Z,63.279999999999994,1084.65
2018-12-14T22:30:00Z,62.55,1388.2
2018-12-14T23:00:00Z,59.21,585.5
2018-12-14T23:30:00Z,62.17000000000001,599.45
2018-12-15T00:00:00Z,60.6,395.35
2018-12-15T00:30:00Z,63.25,561.8
2018-12-15T01:00:00Z,51.35,166.55
2018-12-15T01:30:00Z,50.27,222.15
2018-12-15T02:00:00Z,48.79,392.85
2018-12-15T02:30:00Z,46.86,392.9
2018-12-15T03:00:00Z,45.27,396.5
2018-12-15T03:30:00Z,42.65,494.5
2018-12-15T04:00:00Z,41.7,591.4
2018-12-15T04:30:00Z,41.43,607.15
2018-12-15T05:00:00Z,36.2,354.15
2018-12-15T05:30:00Z,36.83,426.5
2018-12-15T06:00:00Z,40.41,668.8
2018-12-15T06:30:00Z,39.26,492.85
2018-12-15T07:00:00Z,55.15,953.5
2018-12-15T07:30:00Z,58.74,268.65
2018-12-15T08:00:00Z,60.4,286.3
2018-12-15T08:30:00Z,61.66,520.8
2018-12-15T09:00:00Z,60.14,544.2
2018-12-15T09:30:00Z,60.05,567.4
2018-12-15T10:00:00Z,60.73,690.95
2018-12-15T10:30:00Z,61.0,768.2
2018-12-15T11:00:00Z,59.61,317.5
2018-12-15T11:30:00Z,60.19,490.0
2018-12-15T12:00:00Z,63.61,677.5
2018-12-15T12:30:00Z,65.62,757.0
2018-12-15T13:00:00Z,64.51,690.5
2018-12-15T13:30:00Z,65.24,763.5
2018-12-15T14:00:00Z,66.42,938.5
2018-12-15T14:30:00Z,66.2,1041.5
2018-12-15T15:00:00Z,75.79,623.05
2018-12-15T15:30:00Z,75.14,741.0
2018-12-15T16:00:00Z,81.92,756.45
2018-12-15T16:30:00Z,85.06,915.75
2018-12-15T17:00:00Z,85.9,922.25
2018-12-15T17:30:00Z,87.24,1038.65
2018-12-15T18:00:00Z,86.0,1084.0
2018-12-15T18:30:00Z,86.78,1300.5
2018-12-15T19:00:00Z,71.17,427.3
2018-12-15T19:30:00Z,68.02,447.05
2018-12-15T20:00:00Z,69.5,753.6
2018-12-15T20:30:00Z,67.76,737.05
2018-12-15T21:00:00Z,63.81,479.4
2018-12-15T21:30:00Z,65.01,657.25
2018-12-15T22:00:00Z,63.79,1188.4
2018-12-15T22:30:00Z,64.89,979.85
2018-12-15T23:00:00Z,64.4,706.6
2018-12-15T23:30:00Z,68.99,209.2
2018-12-16T00:00:00Z,77.46,117.9
2018-12-16T00:30:00Z,78.74,241.9
2018-12-16T01:00:00Z,73.21,291.7
2018-12-16T01:30:00Z,71.91,204.0
2018-12-16T02:00:00Z,70.88,223.5
2018-12-16T02:30:00Z,65.95,411.55
2018-12-16T03:00:00Z,57.370000000000005,367.0
2018-12-16T03:30:00Z,59.11,407.8
2018-12-16T04:00:00Z,60.54,434.0
2018-12-16T04:30:00Z,61.57,483.0
2018-12-16T05:00:00Z,70.66,359.95
2018-12-16T05:30:00Z,69.26,355.0
2018-12-16T06:00:00Z,66.93,429.0
2018-12-16T06:30:00Z,64.44,877.0
2018-12-16T07:00:00Z,61.010000000000005,379.0
2018-12-16T07:30:00Z,64.4,802.7
2018-12-16T08:00:00Z,62.94,488.15
2018-12-16T08:30:00Z,64.04,679.85
2018-12-16T09:00:00Z,69.67,169.1
2018-12-16T09:30:00Z,72.37,548.45
2018-12-16T10:00:00Z,78.5,322.0
2018-12-16T10:30:00Z,75.96,536.9
2018-12-16T11:00:00Z,75.24,442.75
2018-12-16T11:30:00Z,75.34,455.0
2018-12-16T12:00:00Z,75.05,607.25
2018-12-16T12:30:00Z,75.0,756.65
2018-12-16T13:00:00Z,74.23,723.7
2018-12-16T13:30:00Z,74.29,725.0
2018-12-16T14:00:00Z,73.6,941.8
2018-12-16T14:30:00Z,72.05,1267.5
2018-12-16T15:00:00Z,77.89,444.15
2018-12-16T15:30:00Z,77.5,579.75
2018-12-16T16:00:00Z,83.96,520.2
2018-12-16T16:30:00Z,86.34,610.3
2018-12-16T17:00:00Z,86.74,472.8
2018-12-16T17:30:00Z,82.56,576.15
2018-12-16T18:00:00Z,80.37,650.0
2018-12-16T18:30:00Z,78.09,689.95
2018-12-16T19:00:00Z,65.15,544.25
2018-12-16T19:30:00Z,65.29,535.25
2018-12-16T20:00:00Z,64.57,444.55
2018-12-16T20:30:00Z,63.58,462.9
2018-12-16T21:00:00Z,61.5,443.75
2018-12-16T21:30:00Z,61.69,481.15
2018-12-16T22:00:00Z,59.03000000000001,673.45
2018-12-16T22:30:00Z,58.73,1048.75
2018-12-16T23:00:00Z,54.66,403.05
2018-12-16T23:30:00Z,54.07,460.1
2018-12-17T00:00:00Z,54.14,425.75
2018-12-17T00:30:00Z,54.17,447.5
2018-12-17T01:00:00Z,54.48,545.0
2018-12-17T01:30:00Z,55.48,404.5
2018-12-17T02:00:00Z,54.62,556.4
2018-12-17T02:30:00Z,54.76,525.0
2018-12-17T03:00:00Z,53.19,386.8
2018-12-17T03:30:00Z,52.38,424.5
2018-12-17T04:00:00Z,51.98,430.0
2018-12-17T04:30:00Z,52.47,372.5
2018-12-17T05:00:00Z,53.22,920.0
2018-12-17T05:30:00Z,52.42999999999999,731.75
2018-12-17T06:00:00Z,60.74000000000001,1261.55
2018-12-17T06:30:00Z,53.1,1428.45
2018-12-17T07:00:00Z,63.46999999999999,834.1
2018-12-17T07:30:00Z,66.3,892.45
2018-12-17T08:00:00Z,65.35,1059.05
2018-12-17T08:30:00Z,65.14,1045.65
2018-12-17T09:00:00Z,67.55,768.0
2018-12-17T09:30:00Z,67.1,872.5
2018-12-17T10:00:00Z,67.2,1038.75
2018-12-17T10:30:00Z,67.21,894.0
2018-12-17T11:00:00Z,66.62,913.0
2018-12-17T11:30:00Z,67.17,1136.65
2018-12-17T12:00:00Z,67.06,1190.0
2018-12-17T12:30:00Z,66.75,1129.5
2018-12-17T13:00:00Z,66.79,1142.65
2018-12-17T13:30:00Z,66.99,1210.15
2018-12-17T14:00:00Z,66.9,1298.05
2018-12-17T14:30:00Z,66.86,1332.4
2018-12-17T15:00:00Z,70.56,922.75
2018-12-17T15:30:00Z,72.33,1178.75
2018-12-17T16:00:00Z,70.35,1257.9
2018-12-17T16:30:00Z,71.82,1428.35
2018-12-17T17:00:00Z,70.86,1391.25
2018-12-17T17:30:00Z,70.05,1481.95
2018-12-17T18:00:00Z,68.09,1775.2
2018-12-17T18:30:00Z,67.28,1921.3
2018-12-17T19:00:00Z,63.34,1888.05
2018-12-17T19:30:00Z,64.25,1757.0
2018-12-17T20:00:00Z,63.86,1968.6
2018-12-17T20:30:00Z,63.96,1829.8
2018-12-17T21:00:00Z,60.51,1879.25
2018-12-17T21:30:00Z,60.74,1954.75
2018-12-17T22:00:00Z,59.21,2364.7
2018-12-17T22:30:00Z,59.84,2711.25
2018-12-17T23:00:00Z,50.14,277.35
2018-12-17T23:30:00Z,47.04,105.65
2018-12-18T00:00:00Z,36.38,127.5
2018-12-18T00:30:00Z,35.63,181.3
2018-12-18T01:00:00Z,32.89,564.75
2018-12-18T01:30:00Z,32.34,612.45
2018-12-18T02:00:00Z,33.34,616.5
2018-12-18T02:30:00Z,35.31,643.85
2018-12-18T03:00:00Z,43.86,339.1
2018-12-18T03:30:00Z,45.55,481.45
2018-12-18T04:00:00Z,47.0,614.6
2018-12-18T04:30:00Z,47.25,621.6
2018-12-18T05:00:00Z,47.04,406.05
2018-12-18T05:30:00Z,47.75,440.9
2018-12-18T06:00:00Z,59.65,635.9
2018-12-18T06:30:00Z,49.52000000000001,694.0
2018-12-18T07:00:00Z,59.86000000000001,325.65
2018-12-18T07:30:00Z,60.18,616.15
2018-12-18T08:00:00Z,61.09,568.55
2018-12-18T08:30:00Z,60.54,526.55
2018-12-18T09:00:00Z,60.1,580.15
2018-12-18T09:30:00Z,59.59,758.1
2018-12-18T10:00:00Z,59.4,712.65
2018-12-18T10:30:00Z,60.199999999999996,715.65
2018-12-18T11:00:00Z,58.82,322.9
2018-12-18T11:30:00Z,59.58,429.6
2018-12-18T12:00:00Z,60.32000000000001,557.4
2018-12-18T12:30:00Z,60.56999999999999,790.35
2018-12-18T13:00:00Z,59.1,810.9
2018-12-18T13:30:00Z,59.73,923.45
2018-12-18T14:00:00Z,59.67,940.4
2018-12-18T14:30:00Z,60.22999999999999,1102.4
2018-12-18T15:00:00Z,71.28,1256.0
2018-12-18T15:30:00Z,71.91,1345.5
2018-12-18T16:00:00Z,74.2,1219.7
2018-12-18T16:30:00Z,74.93,1400.75
2018-12-18T17:00:00Z,76.25,1360.75
2018-12-18T17:30:00Z,76.5,1389.95
2018-12-18T18:00:00Z,76.22,1320.9
2018-12-18T18:30:00Z,75.29,1832.15
2018-12-18T19:00:00Z,69.23,642.0
2018-12-18T19:30:00Z,65.87,815.3
2018-12-18T20:00:00Z,65.04,1078.0
2018-12-18T20:30:00Z,64.91,1025.25
2018-12-18T21:00:00Z,59.68,1599.55
2018-12-18T21:30:00Z,59.830000000000005,1682.7
2018-12-18T22:00:00Z,59.23,2029.85
2018-12-18T22:30:00Z,59.0,2471.05
2018-12-18T23:00:00Z,0.0,0.0
2018-12-18T23:30:00Z,55.56,68.0
2018-12-19T00:00:00Z,57.05,102.8
2018-12-19T00:30:00Z,62.87,250.0
2018-12-19T01:00:00Z,57.54,135.15
2018-12-19T01:30:00Z,54.81,235.25
2018-12-19T02:00:00Z,54.05,265.05
2018-12-19T02:30:00Z,54.94,288.1
2018-12-19T03:00:00Z,56.43,346.25
2018-12-19T03:30:00Z,55.04,369.25
2018-12-19T04:00:00Z,58.06,408.5
2018-12-19T04:30:00Z,58.26,410.0
2018-12-19T05:00:00Z,57.55,429.5
2018-12-19T05:30:00Z,58.13,554.25
2018-12-19T06:00:00Z,61.01,728.6
2018-12-19T06:30:00Z,54.65,965.5
2018-12-19T07:00:00Z,68.38,479.5
2018-12-19T07:30:00Z,73.24,192.25
2018-12-19T08:00:00Z,81.73,312.25
2018-12-19T08:30:00Z,78.52,246.05
2018-12-19T09:00:00Z,82.39,453.0
2018-12-19T09:30:00Z,75.99,346.7
2018-12-19T10:00:00Z,74.35,592.85
2018-12-19T10:30:00Z,65.41,979.5
2018-12-19T11:00:00Z,66.23,625.05
2018-12-19T11:30:00Z,65.25,624.75
2018-12-19T12:00:00Z,65.66,638.0
2018-12-19T12:30:00Z,65.53,721.0
2018-12-19T13:00:00Z,64.55,760.0
2018-12-19T13:30:00Z,64.2,1048.0
2018-12-19T14:00:00Z,64.38,987.7
2018-12-19T14:30:00Z,64.87,1126.75
2018-12-19T15:00:00Z,78.26,688.85
2018-12-19T15:30:00Z,77.89999999999999,842.85
2018-12-19T16:00:00Z,80.48,792.0
2018-12-19T16:30:00Z,81.73,899.55
2018-12-19T17:00:00Z,81.1,977.75
2018-12-19T17:30:00Z,81.07,1274.3
2018-12-19T18:00:00Z,80.59,1139.75
2018-12-19T18:30:00Z,79.64,1356.35
2018-12-19T19:00:00Z,67.16,733.8
2018-12-19T19:30:00Z,66.2,775.5
2018-12-19T20:00:00Z,66.14,938.15
2018-12-19T20:30:00Z,65.29,1117.05
2018-12-19T21:00:00Z,62.98,1052.5
2018-12-19T21:30:00Z,62.85,1078.6
2018-12-19T22:00:00Z,61.55,1487.4
2018-12-19T22:30:00Z,61.14,1795.8
2018-12-19T23:00:00Z,61.4,365.5
2018-12-19T23:30:00Z,61.3,75.05
2018-12-20T00:00:00Z,58.66,136.65
2018-12-20T00:30:00Z,60.99,214.0
2018-12-20T01:00:00Z,61.42,124.8
2018-12-20T01:30:00Z,60.81,246.8
2018-12-20T02:00:00Z,61.01,168.95
2018-12-20T02:30:00Z,60.12,291.45
2018-12-20T03:00:00Z,59.52,203.75
2018-12-20T03:30:00Z,59.73,229.25
2018-12-20T04:00:00Z,59.51,208.75
2018-12-20T04:30:00Z,59.9,251.25
2018-12-20T05:00:00Z,58.12,282.25
2018-12-20T05:30:00Z,60.44,329.35
2018-12-20T06:00:00Z,61.68,404.2
2018-12-20T06:30:00Z,60.48,561.75
2018-12-20T07:00:00Z,69.23,69.0
2018-12-20T07:30:00Z,74.36,39.0
2018-12-20T08:00:00Z,84.9,383.0
2018-12-20T08:30:00Z,78.47,337.5
2018-12-20T09:00:00Z,69.12,227.5
2018-12-20T09:30:00Z,68.32,400.8
2018-12-20T10:00:00Z,68.12,549.55
2018-12-20T10:30:00Z,66.19,568.4
2018-12-20T11:00:00Z,59.06999999999999,418.0
2018-12-20T11:30:00Z,57.74,726.1
2018-12-20T12:00:00Z,56.99999999999999,837.4
2018-12-20T12:30:00Z,56.2,985.25
2018-12-20T13:00:00Z,60.16,1198.5
2018-12-20T13:30:00Z,59.91,1262.75
2018-12-20T14:00:00Z,59.61,1339.85
2018-12-20T14:30:00Z,59.29999999999999,1465.85
2018-12-20T15:00:00Z,72.91,626.45
2018-12-20T15:30:00Z,77.65,649.5
2018-12-20T16:00:00Z,82.75,805.25
2018-12-20T16:30:00Z,87.89,795.15
2018-12-20T17:00:00Z,87.48,975.75
2018-12-20T17:30:00Z,88.2,1207.15
2018-12-20T18:00:00Z,87.86,1331.5
2018-12-20T18:30:00Z,87.0,1503.25
2018-12-20T19:00:00Z,77.7,1049.8
2018-12-20T19:30:00Z,71.24,832.8
2018-12-20T20:00:00Z,66.57,767.1
2018-12-20T20:30:00Z,64.44,730.3
2018-12-20T21:00:00Z,61.37,973.2
2018-12-20T21:30:00Z,61.41,981.75
2018-12-20T22:00:00Z,60.87,1161.85
2018-12-20T22:30:00Z,60.62,1346.45
2018-12-20T23:00:00Z,57.059999999999995,332.55
2018-12-20T23:30:00Z,58.35,269.0
2018-12-21T00:00:00Z,57.39999999999999,341.1
2018-12-21T00:30:00Z,57.34,294.65
2018-12-21T01:00:00Z,54.84,292.0
2018-12-21T01:30:00Z,55.48,408.15
2018-12-21T02:00:00Z,55.79,438.25
2018-12-21T02:30:00Z,56.07,479.25
2018-12-21T03:00:00Z,56.93,358.3
2018-12-21T03:30:00Z,56.660000000000004,333.5
2018-12-21T04:00:00Z,56.82,398.0
2018-12-21T04:30:00Z,56.23,372.0
2018-12-21T05:00:00Z,56.69,318.5
2018-12-21T05:30:00Z,58.84,202.5
2018-12-21T06:00:00Z,62.45,335.0
2018-12-21T06:30:00Z,57.87,548.0
2018-12-21T07:00:00Z,64.2,220.05
2018-12-21T07:30:00Z,71.8,174.3
2018-12-21T08:00:00Z,71.86,299.0
2018-12-21T08:30:00Z,78.4,595.35
2018-12-21T09:00:00Z,82.86,563.0
2018-12-21T09:30:00Z,84.03,636.7
2018-12-21T10:00:00Z,84.97,748.6
2018-12-21T10:30:00Z,85.54,998.2
2018-12-21T11:00:00Z,70.78,588.3
2018-12-21T11:30:00Z,71.83,676.3
2018-12-21T12:00:00Z,67.83,738.45
2018-12-21T12:30:00Z,68.85,736.75
2018-12-21T13:00:00Z,65.46,1142.6
2018-12-21T13:30:00Z,63.599999999999994,1202.55
2018-12-21T14:00:00Z,63.39,1179.5
2018-12-21T14:30:00Z,62.81000000000001,1378.95
2018-12-21T15:00:00Z,70.48,973.05
2018-12-21T15:30:00Z,72.33,992.4
2018-12-21T16:00:00Z,76.09,948.0
2018-12-21T16:30:00Z,81.11,1009.5
2018-12-21T17:00:00Z,81.98,1072.8
2018-12-21T17:30:00Z,85.39,1311.05
2018-12-21T18:00:00Z,83.73,1316.55
2018-12-21T18:30:00Z,83.12,1497.2
2018-12-21T19:00:00Z,70.36,1563.2
2018-12-21T19:30:00Z,67.67,1288.0
2018-12-21T20:00:00Z,66.33,1277.35
2018-12-21T20:30:00Z,65.41,1187.75
2018-12-21T21:00:00Z,62.67,1958.75
2018-12-21T21:30:00Z,62.76,1978.35
2018-12-21T22:00:00Z,61.67,2415.6
2018-12-21T22:30:00Z,61.21,2625.15
2018-12-21T23:00:00Z,60.39,547.4
2018-12-21T23:30:00Z,66.39,530.45
2018-12-22T00:00:00Z,64.18,603.1
2018-12-22T00:30:00Z,64.04,689.75
2018-12-22T01:00:00Z,62.53999999999999,599.4
2018-12-22T01:30:00Z,62.55,493.3
2018-12-22T02:00:00Z,61.56,789.5
2018-12-22T02:30:00Z,62.32,689.5
2018-12-22T03:00:00Z,58.36,395.0
2018-12-22T03:30:00Z,59.54,495.0
2018-12-22T04:00:00Z,59.69,549.0
2018-12-22T04:30:00Z,59.02,705.4
2018-12-22T05:00:00Z,57.14999999999999,611.4
2018-12-22T05:30:00Z,55.49,725.0
2018-12-22T06:00:00Z,56.51,751.15
2018-12-22T06:30:00Z,55.43,990.2
2018-12-22T07:00:00Z,57.41,472.0
2018-12-22T07:30:00Z,58.04999999999999,323.05
2018-12-22T08:00:00Z,58.25,696.45
2018-12-22T08:30:00Z,58.28000000000001,603.7
2018-12-22T09:00:00Z,59.39,712.55
2018-12-22T09:30:00Z,61.99,667.25
2018-12-22T10:00:00Z,61.94,757.5
2018-12-22T10:30:00Z,62.239999999999995,895.5
2018-12-22T11:00:00Z,64.16,224.0
2018-12-22T11:30:00Z,63.71,382.5
2018-12-22T12:00:00Z,63.03999999999999,650.5
2018-12-22T12:30:00Z,64.46,756.0
2018-12-22T13:00:00Z,63.49,543.0
2018-12-22T13:30:00Z,64.93,789.5
2018-12-22T14:00:00Z,63.16,803.7
2018-12-22T14:30:00Z,63.14,812.8
2018-12-22T15:00:00Z,66.33,722.25
2018-12-22T15:30:00Z,69.59,632.5
2018-12-22T16:00:00Z,74.17,722.6
2018-12-22T16:30:00Z,84.39,861.15
2018-12-22T17:00:00Z,85.59,893.6
2018-12-22T17:30:00Z,88.56,1157.0
2018-12-22T18:00:00Z,89.92,1302.05
2018-12-22T18:30:00Z,87.33,1339.95
2018-12-22T19:00:00Z,74.09,591.95
2018-12-22T19:30:00Z,68.34,887.8
2018-12-22T20:00:00Z,68.08,733.65
2018-12-22T20:30:00Z,68.22,710.25
2018-12-22T21:00:00Z,67.9,578.45
2018-12-22T21:30:00Z,66.64,798.65
2018-12-22T22:00:00Z,66.74,1001.6
2018-12-22T22:30:00Z,67.09,996.1
2018-12-22T23:00:00Z,60.8,424.5
2018-12-22T23:30:00Z,60.75,423.0
2018-12-23T00:00:00Z,61.96,367.4
2018-12-23T00:30:00Z,63.86,409.15
2018-12-23T01:00:00Z,64.56,216.9
2018-12-23T01:30:00Z,65.95,234.95
2018-12-23T02:00:00Z,68.01,242.45
2018-12-23T02:30:00Z,67.11,303.7
2018-12-23T03:00:00Z,64.36,315.95
2018-12-23T03:30:00Z,62.66,342.5
2018-12-23T04:00:00Z,62.31,390.0
2018-12-23T04:30:00Z,61.519999999999996,612.2
2018-12-23T05:00:00Z,61.77,420.05
2018-12-23T05:30:00Z,62.87,369.05
2018-12-23T06:00:00Z,62.64,373.5
2018-12-23T06:30:00Z,61.2,534.8
2018-12-23T07:00:00Z,57.580000000000005,696.8
2018-12-23T07:30:00Z,58.85999999999999,716.85
2018-12-23T08:00:00Z,60.660000000000004,486.5
2018-12-23T08:30:00Z,63.92,457.5
2018-12-23T09:00:00Z,64.47,114.5
2018-12-23T09:30:00Z,65.91,102.0
2018-12-23T10:00:00Z,69.96,207.5
2018-12-23T10:30:00Z,68.91,213.2
2018-12-23T11:00:00Z,65.5,305.5
2018-12-23T11:30:00Z,65.31,479.5
2018-12-23T12:00:00Z,65.08,533.3
2018-12-23T12:30:00Z,65.29,711.7
2018-12-23T13:00:00Z,65.44,829.5
2018-12-23T13:30:00Z,65.29,839.5
2018-12-23T14:00:00Z,65.27,849.0
2018-12-23T14:30:00Z,65.27,849.0
2018-12-23T15:00:00Z,77.56,524.2
2018-12-23T15:30:00Z,78.53,611.2
2018-12-23T16:00:00Z,82.43,785.9
2018-12-23T16:30:00Z,90.16,643.0
2018-12-23T17:00:00Z,89.6,630.85
2018-12-23T17:30:00Z,87.08,713.7
2018-12-23T18:00:00Z,82.86,795.35
2018-12-23T18:30:00Z,79.98,1001.8
2018-12-23T19:00:00Z,66.91,781.4
2018-12-23T19:30:00Z,64.46,819.55
2018-12-23T20:00:00Z,64.53,834.75
2018-12-23T20:30:00Z,64.24,1104.4
2018-12-23T21:00:00Z,64.23,1013.2
2018-12-23T21:30:00Z,64.33,784.0
2018-12-23T22:00:00Z,64.23,798.3
2018-12-23T22:30:00Z,63.62,956.25
2018-12-23T23:00:00Z,58.25,57.8
2018-12-23T23:30:00Z,60.440000000000005,111.8
2018-12-24T00:00:00Z,64.8,309.75
2018-12-24T00:30:00Z,65.02,305.6
2018-12-24T01:00:00Z,63.08,187.95
2018-12-24T01:30:00Z,61.589999999999996,211.7
2018-12-24T02:00:00Z,61.01,219.3
2018-12-24T02:30:00Z,60.18,327.45
2018-12-24T03:00:00Z,59.56,257.75
2018-12-24T03:30:00Z,59.71,256.35
2018-12-24T04:00:00Z,59.6,309.05
2018-12-24T04:30:00Z,59.86000000000001,303.35
2018-12-24T05:00:00Z,60.2,266.65
2018-12-24T05:30:00Z,61.11,475.8
2018-12-24T06:00:00Z,60.830000000000005,576.65
2018-12-24T06:30:00Z,61.190000000000005,621.95
2018-12-24T07:00:00Z,61.23,350.0
2018-12-24T07:30:00Z,62.89,505.0
2018-12-24T08:00:00Z,64.25,526.9
2018-12-24T08:30:00Z,66.01,626.05
2018-12-24T09:00:00Z,68.23,292.4
2018-12-24T09:30:00Z,69.26,400.0
2018-12-24T10:00:00Z,70.95,491.35
2018-12-24T10:30:00Z,70.85,575.35
2018-12-24T11:00:00Z,65.38,318.3
2018-12-24T11:30:00Z,66.14,387.0
2018-12-24T12:00:00Z,65.3,359.5
2018-12-24T12:30:00Z,61.08,632.55
2018-12-24T13:00:00Z,60.97,643.95
2018-12-24T13:30:00Z,60.260000000000005,735.65
2018-12-24T14:00:00Z,59.22,950.05
2018-12-24T14:30:00Z,59.36,915.35
2018-12-24T15:00:00Z,60.29999999999999,743.95
2018-12-24T15:30:00Z,62.11999999999999,634.3
2018-12-24T16:00:00Z,68.86,393.65
2018-12-24T16:30:00Z,72.62,413.5
2018-12-24T17:00:00Z,71.73,337.0
2018-12-24T17:30:00Z,73.88,437.75
2018-12-24T18:00:00Z,71.44,635.35
2018-12-24T18:30:00Z,70.16,721.0
2018-12-24T19:00:00Z,64.8,696.7
2018-12-24T19:30:00Z,64.14,819.1
2018-12-24T20:00:00Z,62.92000000000001,627.0
2018-12-24T20:30:00Z,63.35,792.5
2018-12-24T21:00:00Z,61.90999999999999,631.15
2018-12-24T21:30:00Z,62.19,743.45
2018-12-24T22:00:00Z,62.47,765.55
2018-12-24T22:30:00Z,61.8,968.95
2018-12-24T23:00:00Z,67.19,487.3
2018-12-24T23:30:00Z,68.67,237.6
2018-12-25T00:00:00Z,69.42,188.0
2018-12-25T00:30:00Z,69.25,273.3
2018-12-25T01:00:00Z,70.41,301.0
2018-12-25T01:30:00Z,63.78,82.75
2018-12-25T02:00:00Z,61.54,133.5
2018-12-25T02:30:00Z,61.22,117.05
2018-12-25T03:00:00Z,58.89,89.25
2018-12-25T03:30:00Z,59.38999999999999,69.25
2018-12-25T04:00:00Z,59.089999999999996,74.25
2018-12-25T04:30:00Z,56.72999999999999,175.9
2018-12-25T05:00:00Z,54.63,86.9
2018-12-25T05:30:00Z,56.25,59.25
2018-12-25T06:00:00Z,53.43,259.95
2018-12-25T06:30:00Z,53.54,540.5
2018-12-25T07:00:00Z,58.93999999999999,613.5
2018-12-25T07:30:00Z,59.61,444.45
2018-12-25T08:00:00Z,58.42,505.9
2018-12-25T08:30:00Z,61.60000000000001,372.95
2018-12-25T09:00:00Z,63.089999999999996,373.0
2018-12-25T09:30:00Z,63.06000000000001,561.85
2018-12-25T10:00:00Z,61.71,421.85
2018-12-25T10:30:00Z,64.13,600.95
2018-12-25T11:00:00Z,75.15,443.5
2018-12-25T11:30:00Z,76.27,469.0
2018-12-25T12:00:00Z,77.76,602.0
2018-12-25T12:30:00Z,82.83000000000001,840.5
2018-12-25T13:00:00Z,78.91,710.5
2018-12-25T13:30:00Z,81.41,957.0
2018-12-25T14:00:00Z,80.53000000000002,893.5
2018-12-25T14:30:00Z,78.24,912.7
2018-12-25T15:00:00Z,64.8,587.5
2018-12-25T15:30:00Z,64.92,612.05
2018-12-25T16:00:00Z,67.89,813.75
2018-12-25T16:30:00Z,68.85,868.05
2018-12-25T17:00:00Z,65.29,800.4
2018-12-25T17:30:00Z,64.04,932.65
2018-12-25T18:00:00Z,64.88,906.1
2018-12-25T18:30:00Z,64.53,856.35
2018-12-25T19:00:00Z,61.12,626.95
2018-12-25T19:30:00Z,60.49,455.85
2018-12-25T20:00:00Z,59.46,541.0
2018-12-25T20:30:00Z,59.66,539.35
2018-12-25T21:00:00Z,59.95,708.85
2018-12-25T21:30:00Z,59.74999999999999,686.85
2018-12-25T22:00:00Z,58.54,808.25
2018-12-25T22:30:00Z,58.07,782.3
2018-12-25T23:00:00Z,63.74,92.0
2018-12-25T23:30:00Z,63.83,143.5
2018-12-26T00:00:00Z,63.74,176.0
2018-12-26T00:30:00Z,62.47,109.25
2018-12-26T01:00:00Z,60.05,228.65
2018-12-26T01:30:00Z,59.73,294.3
2018-12-26T02:00:00Z,59.1,269.55
2018-12-26T02:30:00Z,58.27,332.5
2018-12-26T03:00:00Z,54.07,284.7
2018-12-26T03:30:00Z,53.269999999999996,324.55
2018-12-26T04:00:00Z,52.52,485.65
2018-12-26T04:30:00Z,52.65,567.45
2018-12-26T05:00:00Z,55.040000000000006,329.35
2018-12-26T05:30:00Z,57.08,346.85
2018-12-26T06:00:00Z,57.85,517.4
2018-12-26T06:30:00Z,57.3,536.3
2018-12-26T07:00:00Z,61.19,681.05
2018-12-26T07:30:00Z,60.94,372.4
2018-12-26T08:00:00Z,60.18999999999999,387.7
2018-12-26T08:30:00Z,60.39,463.4
2018-12-26T09:00:00Z,59.91,247.5
2018-12-26T09:30:00Z,61.06,358.5
2018-12-26T10:00:00Z,61.91,461.0
2018-12-26T10:30:00Z,62.14,454.85
2018-12-26T11:00:00Z,67.6,488.65
2018-12-26T11:30:00Z,68.21,600.75
2018-12-26T12:00:00Z,68.88,689.95
2018-12-26T12:30:00Z,69.35,791.1
2018-12-26T13:00:00Z,67.47,640.65
2018-12-26T13:30:00Z,66.8,777.65
2018-12-26T14:00:00Z,66.36,685.8
2018-12-26T14:30:00Z,64.51,798.3
2018-12-26T15:00:00Z,68.92,750.8
2018-12-26T15:30:00Z,71.94,654.95
2018-12-26T16:00:00Z,71.15,762.25
2018-12-26T16:30:00Z,73.98,744.35
2018-12-26T17:00:00Z,77.92,765.25
2018-12-26T17:30:00Z,77.74,807.25
2018-12-26T18:00:00Z,77.74,824.65
2018-12-26T18:30:00Z,75.54,985.0
2018-12-26T19:00:00Z,63.59,824.35
2018-12-26T19:30:00Z,63.5,852.85
2018-12-26T20:00:00Z,63.43,874.3
2018-12-26T20:30:00Z,63.300000000000004,905.3
2018-12-26T21:00:00Z,61.67000000000001,662.35
2018-12-26T21:30:00Z,61.55,738.05
2018-12-26T22:00:00Z,60.07000000000001,974.5
2018-12-26T22:30:00Z,60.16,1077.75
2018-12-26T23:00:00Z,52.53,88.9
2018-12-26T23:30:00Z,50.300000000000004,189.65
2018-12-27T00:00:00Z,51.95,232.0
2018-12-27T00:30:00Z,52.75,283.5
2018-12-27T01:00:00Z,51.83,247.0
2018-12-27T01:30:00Z,51.71,251.0
2018-12-27T02:00:00Z,51.48,259.5
2018-12-27T02:30:00Z,51.73,351.3
2018-12-27T03:00:00Z,52.17,211.5
2018-12-27T03:30:00Z,52.3,293.0
2018-12-27T04:00:00Z,52.1,283.4
2018-12-27T04:30:00Z,52.11,279.7
2018-12-27T05:00:00Z,52.12,406.5
2018-12-27T05:30:00Z,52.24,309.5
2018-12-27T06:00:00Z,59.68999999999999,558.45
2018-12-27T06:30:00Z,54.73,814.25
2018-12-27T07:00:00Z,62.24,857.5
2018-12-27T07:30:00Z,62.99,661.5
2018-12-27T08:00:00Z,61.38,705.6
2018-12-27T08:30:00Z,62.78,800.65
2018-12-27T09:00:00Z,68.43,560.45
2018-12-27T09:30:00Z,67.23,676.6
2018-12-27T10:00:00Z,67.46,654.8
2018-12-27T10:30:00Z,65.94,771.25
2018-12-27T11:00:00Z,61.03,411.15
2018-12-27T11:30:00Z,60.15,516.4
2018-12-27T12:00:00Z,60.22,513.8
2018-12-27T12:30:00Z,60.22,513.8
2018-12-27T13:00:00Z,59.9,575.45
2018-12-27T13:30:00Z,59.89999999999999,561.15
2018-12-27T14:00:00Z,59.49,610.15
2018-12-27T14:30:00Z,59.22,723.2
2018-12-27T15:00:00Z,79.08,776.15
2018-12-27T15:30:00Z,78.7,800.15
2018-12-27T16:00:00Z,78.56,995.65
2018-12-27T16:30:00Z,84.55,1110.75
2018-12-27T17:00:00Z,83.61,1039.3
2018-12-27T17:30:00Z,82.46,1049.3
2018-12-27T18:00:00Z,81.81,1115.1
2018-12-27T18:30:00Z,79.38,1312.6
2018-12-27T19:00:00Z,67.25,553.9
2018-12-27T19:30:00Z,66.01,581.95
2018-12-27T20:00:00Z,65.06,570.45
2018-12-27T20:30:00Z,64.23,671.55
2018-12-27T21:00:00Z,63.99,604.3
2018-12-27T21:30:00Z,61.86,705.05
2018-12-27T22:00:00Z,60.41,912.9
2018-12-27T22:30:00Z,59.10999999999999,1193.1
2018-12-27T23:00:00Z,70.69,201.0
2018-12-27T23:30:00Z,0.0,0.0
2018-12-28T00:00:00Z,65.57,63.0
2018-12-28T00:30:00Z,64.39,188.0
2018-12-28T01:00:00Z,62.02000000000001,35.0
2018-12-28T01:30:00Z,62.02000000000001,35.0
2018-12-28T02:00:00Z,58.07,49.5
2018-12-28T02:30:00Z,52.47,336.5
2018-12-28T03:00:00Z,50.68,238.5
2018-12-28T03:30:00Z,50.87,296.5
2018-12-28T04:00:00Z,50.87,296.5
2018-12-28T04:30:00Z,50.59000000000001,356.5
2018-12-28T05:00:00Z,49.98,233.85
2018-12-28T05:30:00Z,50.77,259.25
2018-12-28T06:00:00Z,53.84,457.05
2018-12-28T06:30:00Z,48.66,471.35
2018-12-28T07:00:00Z,53.84,592.5
2018-12-28T07:30:00Z,50.74,462.25
2018-12-28T08:00:00Z,49.4,780.5
2018-12-28T08:30:00Z,49.91,811.35
2018-12-28T09:00:00Z,57.24999999999999,329.3
2018-12-28T09:30:00Z,57.77,512.95
2018-12-28T10:00:00Z,56.99999999999999,678.15
2018-12-28T10:30:00Z,56.67000000000001,780.5
2018-12-28T11:00:00Z,61.720000000000006,627.5
2018-12-28T11:30:00Z,60.95000000000001,594.75
2018-12-28T12:00:00Z,60.88,646.55
2018-12-28T12:30:00Z,59.0,789.5
2018-12-28T13:00:00Z,59.99,887.3
2018-12-28T13:30:00Z,59.27,989.3
2018-12-28T14:00:00Z,60.32,1046.2
2018-12-28T14:30:00Z,60.22,1153.9
2018-12-28T15:00:00Z,68.18,553.85
2018-12-28T15:30:00Z,70.77,543.15
2018-12-28T16:00:00Z,72.91,543.15
2018-12-28T16:30:00Z,77.43,702.2
2018-12-28T17:00:00Z,79.96,688.75
2018-12-28T17:30:00Z,80.2,856.7
2018-12-28T18:00:00Z,83.07,867.85
2018-12-28T18:30:00Z,81.65,947.35
2018-12-28T19:00:00Z,64.42,465.55
2018-12-28T19:30:00Z,64.54,493.35
2018-12-28T20:00:00Z,61.39,484.6
2018-12-28T20:30:00Z,60.19,563.8
2018-12-28T21:00:00Z,58.25000000000001,1173.7
2018-12-28T21:30:00Z,58.13999999999999,1349.05
2018-12-28T22:00:00Z,57.06,1550.9
2018-12-28T22:30:00Z,56.91,2226.45
2018-12-28T23:00:00Z,57.51,431.0
2018-12-28T23:30:00Z,59.24,503.0
2018-12-29T00:00:00Z,57.63,273.2
2018-12-29T00:30:00Z,58.19,310.3
2018-12-29T01:00:00Z,56.830000000000005,205.5
2018-12-29T01:30:00Z,57.02,390.25
2018-12-29T02:00:00Z,53.83,236.25
2018-12-29T02:30:00Z,52.8,494.25
2018-12-29T03:00:00Z,47.42,438.8
2018-12-29T03:30:00Z,46.78,610.25
2018-12-29T04:00:00Z,45.14,564.15
2018-12-29T04:30:00Z,43.97,555.85
2018-12-29T05:00:00Z,45.97,481.5
2018-12-29T05:30:00Z,43.84,617.5
2018-12-29T06:00:00Z,43.13,734.5
2018-12-29T06:30:00Z,39.98,721.65
2018-12-29T07:00:00Z,48.42,911.4
2018-12-29T07:30:00Z,49.96,857.25
2018-12-29T08:00:00Z,52.26,797.05
2018-12-29T08:30:00Z,52.8,762.0
2018-12-29T09:00:00Z,55.28,885.5
2018-12-29T09:30:00Z,55.62,933.45
2018-12-29T10:00:00Z,54.79,1023.05
2018-12-29T10:30:00Z,54.11,1090.75
2018-12-29T11:00:00Z,57.74,269.75
2018-12-29T11:30:00Z,58.51,460.55
2018-12-29T12:00:00Z,58.61,445.25
2018-12-29T12:30:00Z,58.43999999999999,472.25
2018-12-29T13:00:00Z,61.79,748.85
2018-12-29T13:30:00Z,61.64,833.25
2018-12-29T14:00:00Z,61.81,1103.3
2018-12-29T14:30:00Z,60.83,1171.25
2018-12-29T15:00:00Z,62.12,812.2
2018-12-29T15:30:00Z,60.89,925.75
2018-12-29T16:00:00Z,63.87,857.25
2018-12-29T16:30:00Z,66.54,1012.5
2018-12-29T17:00:00Z,72.29,860.25
2018-12-29T17:30:00Z,71.42,971.45
2018-12-29T18:00:00Z,71.49,927.05
2018-12-29T18:30:00Z,70.82,890.7
2018-12-29T19:00:00Z,65.53,818.35
2018-12-29T19:30:00Z,64.94,838.9
2018-12-29T20:00:00Z,64.77,809.55
2018-12-29T20:30:00Z,63.68,823.45
2018-12-29T21:00:00Z,62.15,688.95
2018-12-29T21:30:00Z,62.52,703.25
2018-12-29T22:00:00Z,61.50999999999999,997.2
2018-12-29T22:30:00Z,58.419999999999995,1252.15
2018-12-29T23:00:00Z,45.95,110.0
2018-12-29T23:30:00Z,46.29,120.0
2018-12-30T00:00:00Z,46.29,120.0
2018-12-30T00:30:00Z,49.97,179.25
2018-12-30T01:00:00Z,54.42000000000001,351.0
2018-12-30T01:30:00Z,53.24,231.0
2018-12-30T02:00:00Z,53.88,312.0
2018-12-30T02:30:00Z,51.93,409.8
2018-12-30T03:00:00Z,50.23,511.05
2018-12-30T03:30:00Z,49.4,809.55
2018-12-30T04:00:00Z,49.53,780.05
2018-12-30T04:30:00Z,49.01,725.0
2018-12-30T05:00:00Z,49.36000000000001,735.65
2018-12-30T05:30:00Z,49.56,775.8
2018-12-30T06:00:00Z,49.33,892.05
2018-12-30T06:30:00Z,49.39,885.85
2018-12-30T07:00:00Z,50.37,616.4
2018-12-30T07:30:00Z,46.39,687.0
2018-12-30T08:00:00Z,47.44,702.75
2018-12-30T08:30:00Z,48.28999999999999,753.2
2018-12-30T09:00:00Z,52.07,495.3
2018-12-30T09:30:00Z,52.47,486.4
2018-12-30T10:00:00Z,54.0,785.25
2018-12-30T10:30:00Z,53.07,856.2
2018-12-30T11:00:00Z,55.88,518.55
2018-12-30T11:30:00Z,56.09,946.15
2018-12-30T12:00:00Z,54.69,843.3
2018-12-30T12:30:00Z,54.81,793.6
2018-12-30T13:00:00Z,56.75,779.35
2018-12-30T13:30:00Z,56.169999999999995,889.7
2018-12-30T14:00:00Z,55.12,880.35
2018-12-30T14:30:00Z,55.099999999999994,920.9
2018-12-30T15:00:00Z,63.19,609.5
2018-12-30T15:30:00Z,65.47,580.05
2018-12-30T16:00:00Z,66.23,849.65
2018-12-30T16:30:00Z,70.63,1302.35
2018-12-30T17:00:00Z,73.38,700.35
2018-12-30T17:30:00Z,75.09,953.5
2018-12-30T18:00:00Z,73.28,1139.25
2018-12-30T18:30:00Z,71.11,1258.1
2018-12-30T19:00:00Z,58.95,977.75
2018-12-30T19:30:00Z,57.85,1049.6
2018-12-30T20:00:00Z,57.23,1204.35
2018-12-30T20:30:00Z,56.89,1117.95
2018-12-30T21:00:00Z,56.06000000000001,1381.15
2018-12-30T21:30:00Z,56.02,1816.0
2018-12-30T22:00:00Z,55.74,1828.1
2018-12-30T22:30:00Z,55.76,1996.7
2018-12-30T23:00:00Z,53.82,292.95
2018-12-30T23:30:00Z,53.89,325.5
2018-12-31T00:00:00Z,54.56999999999999,302.45
2018-12-31T00:30:00Z,56.6,310.95
2018-12-31T01:00:00Z,55.37,157.95
2018-12-31T01:30:00Z,53.24999999999999,322.95
2018-12-31T02:00:00Z,52.73,260.85
2018-12-31T02:30:00Z,51.58,343.45
2018-12-31T03:00:00Z,48.72,404.6
2018-12-31T03:30:00Z,48.85,449.6
2018-12-31T04:00:00Z,48.85,449.6
2018-12-31T04:30:00Z,48.85,449.6
2018-12-31T05:00:00Z,48.59,307.1
2018-12-31T05:30:00Z,48.7,319.6
2018-12-31T06:00:00Z,50.66,399.6
2018-12-31T06:30:00Z,48.52,672.1
2018-12-31T07:00:00Z,55.97,288.55
2018-12-31T07:30:00Z,55.43999999999999,336.5
2018-12-31T08:00:00Z,55.49,404.2
2018-12-31T08:30:00Z,57.57,527.75
2018-12-31T09:00:00Z,56.25999999999999,295.5
2018-12-31T09:30:00Z,56.37,291.75
2018-12-31T10:00:00Z,55.65,498.5
2018-12-31T10:30:00Z,53.379999999999995,664.7
2018-12-31T11:00:00Z,54.61,638.8
2018-12-31T11:30:00Z,55.43,895.95
2018-12-31T12:00:00Z,56.03,937.3
2018-12-31T12:30:00Z,57.52,1063.1
2018-12-31T13:00:00Z,56.17,1192.5
2018-12-31T13:30:00Z,55.660000000000004,1238.0
2018-12-31T14:00:00Z,55.73,1433.0
2018-12-31T14:30:00Z,55.55,1439.4
2018-12-31T15:00:00Z,57.32,1131.5
2018-12-31T15:30:00Z,57.46,1175.6
2018-12-31T16:00:00Z,59.23,955.0
2018-12-31T16:30:00Z,63.459999999999994,1454.45
2018-12-31T17:00:00Z,63.93,1742.55
2018-12-31T17:30:00Z,63.4,1997.15
2018-12-31T18:00:00Z,60.68000000000001,1641.6
2018-12-31T18:30:00Z,60.19,1615.1
2018-12-31T19:00:00Z,50.70000000000001,1305.75
2018-12-31T19:30:00Z,50.44,1264.45
2018-12-31T20:00:00Z,49.599999999999994,1378.95
2018-12-31T20:30:00Z,49.11,1434.3
2018-12-31T21:00:00Z,47.94,1812.1
2018-12-31T21:30:00Z,47.38,1803.5
2018-12-31T22:00:00Z,48.09,1768.75
2018-12-31T22:30:00Z,47.47,1873.8
2018-12-31T23:00:00Z,50.94,491.5
2018-12-31T23:30:00Z,48.77,289.65
