startTime,combined_price,total_volume
2023-01-01T00:00:00Z,62.48,635.65
2023-01-01T00:30:00Z,103.42,557.1
2023-01-01T01:00:00Z,122.1,593.7
2023-01-01T01:30:00Z,52.75,784.45
2023-01-01T02:00:00Z,33.5,641.7
2023-01-01T02:30:00Z,18.34,535.3
2023-01-01T03:00:00Z,-20.280000000000005,490.2
2023-01-01T03:30:00Z,-31.6,450.2
2023-01-01T04:00:00Z,-25.43,387.8
2023-01-01T04:30:00Z,-1.61,557.4
2023-01-01T05:00:00Z,6.53,689.45
2023-01-01T05:30:00Z,-5.53,581.95
2023-01-01T06:00:00Z,-6.190000000000001,677.25
2023-01-01T06:30:00Z,-6.32,595.0
2023-01-01T07:00:00Z,-15.469999999999999,762.25
2023-01-01T07:30:00Z,-10.44,541.6
2023-01-01T08:00:00Z,-16.6,648.15
2023-01-01T08:30:00Z,4.89,974.3
2023-01-01T09:00:00Z,68.04,1094.3
2023-01-01T09:30:00Z,104.64000000000001,941.4
2023-01-01T10:00:00Z,134.83,1177.1
2023-01-01T10:30:00Z,140.98,1309.3
2023-01-01T11:00:00Z,153.37,930.6
2023-01-01T11:30:00Z,161.53,1204.45
2023-01-01T12:00:00Z,164.23,1176.45
2023-01-01T12:30:00Z,167.48,1259.85
2023-01-01T13:00:00Z,170.5,1082.45
2023-01-01T13:30:00Z,158.64,1286.4
2023-01-01T14:00:00Z,154.77,1353.75
2023-01-01T14:30:00Z,156.51,1311.65
2023-01-01T15:00:00Z,151.61,1335.35
2023-01-01T15:30:00Z,183.28,1388.5
2023-01-01T16:00:00Z,201.56,1199.55
2023-01-01T16:30:00Z,213.65,1526.8
2023-01-01T17:00:00Z,219.76,1844.6
2023-01-01T17:30:00Z,220.55000000000004,1733.5
2023-01-01T18:00:00Z,219.76999999999998,1692.45
2023-01-01T18:30:00Z,219.12,2069.8
2023-01-01T19:00:00Z,197.27999999999997,1897.65
2023-01-01T19:30:00Z,200.03,1808.6
2023-01-01T20:00:00Z,196.89,2324.5
2023-01-01T20:30:00Z,182.92,2281.3
2023-01-01T21:00:00Z,188.57,2592.6
2023-01-01T21:30:00Z,177.9,2474.45
2023-01-01T22:00:00Z,161.76,2339.3
2023-01-01T22:30:00Z,166.0,2236.5
2023-01-01T23:00:00Z,156.51,617.55
2023-01-01T23:30:00Z,151.35,969.25
2023-01-02T00:00:00Z,172.68,828.15
2023-01-02T00:30:00Z,182.34,1081.35
2023-01-02T01:00:00Z,169.78,1034.8
2023-01-02T01:30:00Z,157.01,892.95
2023-01-02T02:00:00Z,133.02,1115.1
2023-01-02T02:30:00Z,121.76999999999998,1082.95
2023-01-02T03:00:00Z,83.76,900.75
2023-01-02T03:30:00Z,69.64,637.35
2023-01-02T04:00:00Z,57.45,735.6
2023-01-02T04:30:00Z,25.6,766.85
2023-01-02T05:00:00Z,43.53,1143.6
2023-01-02T05:30:00Z,43.81,1102.25
2023-01-02T06:00:00Z,68.74,1710.1
2023-01-02T06:30:00Z,68.24,1618.85
2023-01-02T07:00:00Z,80.81,1578.0
2023-01-02T07:30:00Z,76.88,1562.55
2023-01-02T08:00:00Z,70.17,1750.45
2023-01-02T08:30:00Z,105.88,2158.85
2023-01-02T09:00:00Z,81.62,1657.7
2023-01-02T09:30:00Z,115.21,2065.3
2023-01-02T10:00:00Z,108.64,2021.25
2023-01-02T10:30:00Z,106.71,2223.0
2023-01-02T11:00:00Z,120.92000000000002,2313.4
2023-01-02T11:30:00Z,121.94,2665.5
2023-01-02T12:00:00Z,104.38,2233.0
2023-01-02T12:30:00Z,103.84,2133.6
2023-01-02T13:00:00Z,119.61,2411.35
2023-01-02T13:30:00Z,126.89000000000001,2434.65
2023-01-02T14:00:00Z,119.69000000000001,2259.05
2023-01-02T14:30:00Z,119.37,2304.2
2023-01-02T15:00:00Z,150.91,2006.3
2023-01-02T15:30:00Z,160.23,1846.0
2023-01-02T16:00:00Z,133.95,2052.35
2023-01-02T16:30:00Z,183.02,2284.35
2023-01-02T17:00:00Z,201.73,1695.65
2023-01-02T17:30:00Z,208.51,1748.85
2023-01-02T18:00:00Z,215.98,1748.45
2023-01-02T18:30:00Z,210.68,1875.2
2023-01-02T19:00:00Z,184.80000000000004,1632.35
2023-01-02T19:30:00Z,174.92,1544.1
2023-01-02T20:00:00Z,171.02,1419.55
2023-01-02T20:30:00Z,168.99,1401.65
2023-01-02T21:00:00Z,150.49,729.4
2023-01-02T21:30:00Z,126.43,746.35
2023-01-02T22:00:00Z,122.78999999999999,1285.7
2023-01-02T22:30:00Z,107.08,1926.1
2023-01-02T23:00:00Z,152.8,1213.9
2023-01-02T23:30:00Z,132.44,747.05
2023-01-03T00:00:00Z,112.51,896.75
2023-01-03T00:30:00Z,158.35,764.4
2023-01-03T01:00:00Z,158.16,721.55
2023-01-03T01:30:00Z,140.73,885.65
2023-01-03T02:00:00Z,136.5,1044.45
2023-01-03T02:30:00Z,125.59,1108.0
2023-01-03T03:00:00Z,153.82,980.7
2023-01-03T03:30:00Z,124.13,1168.75
2023-01-03T04:00:00Z,159.91,1205.35
2023-01-03T04:30:00Z,123.79999999999998,1531.15
2023-01-03T05:00:00Z,179.19,1017.15
2023-01-03T05:30:00Z,177.27,1639.15
2023-01-03T06:00:00Z,177.49,1521.55
2023-01-03T06:30:00Z,173.32,2014.2
2023-01-03T07:00:00Z,145.24,1901.75
2023-01-03T07:30:00Z,126.93,1854.85
2023-01-03T08:00:00Z,128.66,1970.25
2023-01-03T08:30:00Z,180.15,2305.0
2023-01-03T09:00:00Z,128.02,2146.1
2023-01-03T09:30:00Z,156.28,2096.9
2023-01-03T10:00:00Z,135.43,1735.85
2023-01-03T10:30:00Z,145.65,1899.55
2023-01-03T11:00:00Z,133.53,1623.2
2023-01-03T11:30:00Z,158.25999999999996,1677.45
2023-01-03T12:00:00Z,148.36,1792.7
2023-01-03T12:30:00Z,151.35,1637.55
2023-01-03T13:00:00Z,154.76,1576.8
2023-01-03T13:30:00Z,146.29,1806.05
2023-01-03T14:00:00Z,162.59,1722.65
2023-01-03T14:30:00Z,164.83,1812.05
2023-01-03T15:00:00Z,164.05,1639.7
2023-01-03T15:30:00Z,163.01,1900.85
2023-01-03T16:00:00Z,150.58,1993.1
2023-01-03T16:30:00Z,164.93,1597.4
2023-01-03T17:00:00Z,169.08,1328.75
2023-01-03T17:30:00Z,169.1,1507.5
2023-01-03T18:00:00Z,168.20999999999998,1864.2
2023-01-03T18:30:00Z,163.71,2332.35
2023-01-03T19:00:00Z,139.52,1658.5
2023-01-03T19:30:00Z,155.48,1489.05
2023-01-03T20:00:00Z,138.85,1833.9
2023-01-03T20:30:00Z,135.48,1589.25
2023-01-03T21:00:00Z,130.16,1135.95
2023-01-03T21:30:00Z,83.53999999999999,1589.1
2023-01-03T22:00:00Z,95.97000000000001,1538.55
2023-01-03T22:30:00Z,80.06,1910.0
2023-01-03T23:00:00Z,63.83,860.4
2023-01-03T23:30:00Z,18.45,544.0
2023-01-04T00:00:00Z,8.92,838.75
2023-01-04T00:30:00Z,10.11,790.55
2023-01-04T01:00:00Z,-10.4,658.95
2023-01-04T01:30:00Z,-25.140000000000004,767.15
2023-01-04T02:00:00Z,-20.32,683.35
2023-01-04T02:30:00Z,-25.5,706.45
2023-01-04T03:00:00Z,-41.53,829.35
2023-01-04T03:30:00Z,-46.33,555.95
2023-01-04T04:00:00Z,-49.75,646.5
2023-01-04T04:30:00Z,-48.76,779.05
2023-01-04T05:00:00Z,2.92,1258.05
2023-01-04T05:30:00Z,23.68,1377.7
2023-01-04T06:00:00Z,24.03,1091.0
2023-01-04T06:30:00Z,53.18,1138.2
2023-01-04T07:00:00Z,62.97,1474.35
2023-01-04T07:30:00Z,103.48,1444.35
2023-01-04T08:00:00Z,98.1,1245.35
2023-01-04T08:30:00Z,97.02,1283.95
2023-01-04T09:00:00Z,83.82,1480.5
2023-01-04T09:30:00Z,78.75,1543.85
2023-01-04T10:00:00Z,79.74999999999999,1717.4
2023-01-04T10:30:00Z,80.24,1876.7
2023-01-04T11:00:00Z,91.12,1910.75
2023-01-04T11:30:00Z,97.82,1932.8
2023-01-04T12:00:00Z,87.37,1920.05
2023-01-04T12:30:00Z,88.41,1992.15
2023-01-04T13:00:00Z,108.82,1964.4
2023-01-04T13:30:00Z,117.86,2005.35
2023-01-04T14:00:00Z,114.45,2064.95
2023-01-04T14:30:00Z,119.9,2305.2
2023-01-04T15:00:00Z,101.38,2158.0
2023-01-04T15:30:00Z,87.47,2282.35
2023-01-04T16:00:00Z,93.41,2431.85
2023-01-04T16:30:00Z,134.31,2490.15
2023-01-04T17:00:00Z,152.65,1979.0
2023-01-04T17:30:00Z,160.55,1951.1
2023-01-04T18:00:00Z,154.17,1813.35
2023-01-04T18:30:00Z,136.63,1710.6
2023-01-04T19:00:00Z,157.21000000000004,1739.5
2023-01-04T19:30:00Z,140.09,1530.45
2023-01-04T20:00:00Z,124.81,2361.8
2023-01-04T20:30:00Z,126.35,1944.9
2023-01-04T21:00:00Z,144.99,1668.65
2023-01-04T21:30:00Z,140.08,1342.8
2023-01-04T22:00:00Z,109.92,1440.65
2023-01-04T22:30:00Z,66.97,1711.65
2023-01-04T23:00:00Z,75.79,945.45
2023-01-04T23:30:00Z,61.3,853.4
2023-01-05T00:00:00Z,62.26,573.4
2023-01-05T00:30:00Z,101.94,842.35
2023-01-05T01:00:00Z,109.41000000000001,736.3
2023-01-05T01:30:00Z,116.04999999999998,667.6
2023-01-05T02:00:00Z,121.8,645.2
2023-01-05T02:30:00Z,123.02,806.7
2023-01-05T03:00:00Z,108.21,819.4
2023-01-05T03:30:00Z,94.41999999999999,830.95
2023-01-05T04:00:00Z,85.69000000000001,827.0
2023-01-05T04:30:00Z,97.6,1007.05
2023-01-05T05:00:00Z,108.16,1105.3
2023-01-05T05:30:00Z,143.06,1104.75
2023-01-05T06:00:00Z,140.94,1132.25
2023-01-05T06:30:00Z,141.51,1743.15
2023-01-05T07:00:00Z,134.99,1649.05
2023-01-05T07:30:00Z,154.14,2023.15
2023-01-05T08:00:00Z,135.06,1773.05
2023-01-05T08:30:00Z,107.11,2192.15
2023-01-05T09:00:00Z,140.64,2494.1
2023-01-05T09:30:00Z,132.68,2322.9
2023-01-05T10:00:00Z,129.28,2177.75
2023-01-05T10:30:00Z,127.5,2760.6
2023-01-05T11:00:00Z,135.95,2333.75
2023-01-05T11:30:00Z,117.99,2012.55
2023-01-05T12:00:00Z,107.38,1835.75
2023-01-05T12:30:00Z,100.01,2202.9
2023-01-05T13:00:00Z,131.85,2845.95
2023-01-05T13:30:00Z,108.88,2700.3
2023-01-05T14:00:00Z,118.49999999999999,2673.7
2023-01-05T14:30:00Z,114.91999999999999,2961.85
2023-01-05T15:00:00Z,108.79,2447.1
2023-01-05T15:30:00Z,107.91,2319.6
2023-01-05T16:00:00Z,111.36,2183.7
2023-01-05T16:30:00Z,126.04,2031.95
2023-01-05T17:00:00Z,135.89000000000001,1930.95
2023-01-05T17:30:00Z,132.81,1805.75
2023-01-05T18:00:00Z,131.36,1843.6
2023-01-05T18:30:00Z,139.9,2175.75
2023-01-05T19:00:00Z,117.19,1444.5
2023-01-05T19:30:00Z,138.87,1401.4
2023-01-05T20:00:00Z,111.96,1592.2
2023-01-05T20:30:00Z,114.79000000000002,1519.35
2023-01-05T21:00:00Z,110.00000000000001,1389.85
2023-01-05T21:30:00Z,93.88,1387.05
2023-01-05T22:00:00Z,111.89,1714.0
2023-01-05T22:30:00Z,80.57,1862.95
2023-01-05T23:00:00Z,136.29,994.9
2023-01-05T23:30:00Z,94.89,1097.45
2023-01-06T00:00:00Z,87.15,1092.15
2023-01-06T00:30:00Z,132.58,1275.7
2023-01-06T01:00:00Z,111.77,1010.75
2023-01-06T01:30:00Z,83.4,1270.4
2023-01-06T02:00:00Z,100.4,1082.4
2023-01-06T02:30:00Z,98.63,1185.1
2023-01-06T03:00:00Z,98.91,1470.55
2023-01-06T03:30:00Z,82.77,1444.5
2023-01-06T04:00:00Z,97.59,1550.4
2023-01-06T04:30:00Z,75.56,1506.05
2023-01-06T05:00:00Z,64.1,1575.6
2023-01-06T05:30:00Z,66.69,2018.1
2023-01-06T06:00:00Z,82.28,1669.05
2023-01-06T06:30:00Z,124.84,2084.25
2023-01-06T07:00:00Z,92.5,1694.7
2023-01-06T07:30:00Z,146.1,2134.5
2023-01-06T08:00:00Z,120.83,1902.15
2023-01-06T08:30:00Z,141.68,1717.5
2023-01-06T09:00:00Z,140.87,1866.0
2023-01-06T09:30:00Z,129.66,1951.6
2023-01-06T10:00:00Z,113.06,2039.65
2023-01-06T10:30:00Z,124.70000000000002,2275.75
2023-01-06T11:00:00Z,133.01,2548.45
2023-01-06T11:30:00Z,131.89,2258.1
2023-01-06T12:00:00Z,114.11,1868.75
2023-01-06T12:30:00Z,114.19,2104.85
2023-01-06T13:00:00Z,146.75,2120.0
2023-01-06T13:30:00Z,149.92,2230.65
2023-01-06T14:00:00Z,152.69,1876.35
2023-01-06T14:30:00Z,136.39,2086.95
2023-01-06T15:00:00Z,109.38,1923.05
2023-01-06T15:30:00Z,136.16,1894.15
2023-01-06T16:00:00Z,154.1,1536.7
2023-01-06T16:30:00Z,164.05,1976.0
2023-01-06T17:00:00Z,167.47,1929.95
2023-01-06T17:30:00Z,163.78,1881.55
2023-01-06T18:00:00Z,156.98,2219.25
2023-01-06T18:30:00Z,136.55,2164.35
2023-01-06T19:00:00Z,139.38,2393.3
2023-01-06T19:30:00Z,143.95,2392.9
2023-01-06T20:00:00Z,131.65,1984.15
2023-01-06T20:30:00Z,109.61,1930.0
2023-01-06T21:00:00Z,117.98,1882.95
2023-01-06T21:30:00Z,85.12,1371.6
2023-01-06T22:00:00Z,83.47,1765.1
2023-01-06T22:30:00Z,72.92,1698.7
2023-01-06T23:00:00Z,71.31,1048.3
2023-01-06T23:30:00Z,20.32,789.9
2023-01-07T00:00:00Z,3.22,853.05
2023-01-07T00:30:00Z,2.87,807.65
2023-01-07T01:00:00Z,0.29,872.65
2023-01-07T01:30:00Z,-13.260000000000002,731.2
2023-01-07T02:00:00Z,-12.700000000000001,675.4
2023-01-07T02:30:00Z,-16.07,739.85
2023-01-07T03:00:00Z,-17.83,721.85
2023-01-07T03:30:00Z,-24.08,665.25
2023-01-07T04:00:00Z,-21.06,645.15
2023-01-07T04:30:00Z,39.87,923.55
2023-01-07T05:00:00Z,43.6,957.4
2023-01-07T05:30:00Z,84.32,849.95
2023-01-07T06:00:00Z,35.84,1273.35
2023-01-07T06:30:00Z,56.9,1032.5
2023-01-07T07:00:00Z,64.44,986.4
2023-01-07T07:30:00Z,108.70999999999998,1464.6
2023-01-07T08:00:00Z,103.68,1099.55
2023-01-07T08:30:00Z,140.63,1229.3
2023-01-07T09:00:00Z,151.27,1627.35
2023-01-07T09:30:00Z,158.02,1567.85
2023-01-07T10:00:00Z,162.8,1923.05
2023-01-07T10:30:00Z,162.26,2072.85
2023-01-07T11:00:00Z,158.95,1495.4
2023-01-07T11:30:00Z,151.84,1462.5
2023-01-07T12:00:00Z,128.13,1664.6
2023-01-07T12:30:00Z,118.90000000000002,1846.8
2023-01-07T13:00:00Z,101.33,1516.4
2023-01-07T13:30:00Z,91.03,1331.45
2023-01-07T14:00:00Z,109.61999999999999,1412.7
2023-01-07T14:30:00Z,101.82,1618.65
2023-01-07T15:00:00Z,33.29,1554.55
2023-01-07T15:30:00Z,31.41,1394.35
2023-01-07T16:00:00Z,76.86,1661.45
2023-01-07T16:30:00Z,109.28,1564.95
2023-01-07T17:00:00Z,127.9,1290.5
2023-01-07T17:30:00Z,133.73,1358.2
2023-01-07T18:00:00Z,126.31,960.15
2023-01-07T18:30:00Z,105.64,1126.95
2023-01-07T19:00:00Z,88.37000000000002,951.15
2023-01-07T19:30:00Z,0.3,548.1
2023-01-07T20:00:00Z,22.66,1167.4
2023-01-07T20:30:00Z,-9.84,735.95
2023-01-07T21:00:00Z,63.68,1453.95
2023-01-07T21:30:00Z,36.42,1370.1
2023-01-07T22:00:00Z,18.67,1170.15
2023-01-07T22:30:00Z,6.87,1427.4
2023-01-07T23:00:00Z,27.15,886.05
2023-01-07T23:30:00Z,23.62,793.65
2023-01-08T00:00:00Z,27.829999999999995,799.65
2023-01-08T00:30:00Z,43.339999999999996,824.65
2023-01-08T01:00:00Z,20.7,1005.05
2023-01-08T01:30:00Z,19.21,1002.25
2023-01-08T02:00:00Z,59.0,842.8
2023-01-08T02:30:00Z,47.43,855.55
2023-01-08T03:00:00Z,25.259999999999998,773.8
2023-01-08T03:30:00Z,36.26,977.85
2023-01-08T04:00:00Z,43.73,694.95
2023-01-08T04:30:00Z,30.39,798.35
2023-01-08T05:00:00Z,7.330000000000001,961.75
2023-01-08T05:30:00Z,6.73,1124.85
2023-01-08T06:00:00Z,18.69,1135.35
2023-01-08T06:30:00Z,32.82,917.5
2023-01-08T07:00:00Z,61.33,1115.95
2023-01-08T07:30:00Z,80.75,1076.6
2023-01-08T08:00:00Z,34.31,1034.55
2023-01-08T08:30:00Z,101.91,1241.95
2023-01-08T09:00:00Z,42.89,1090.85
2023-01-08T09:30:00Z,99.3,1120.5
2023-01-08T10:00:00Z,41.8,1218.05
2023-01-08T10:30:00Z,84.51,1385.35
2023-01-08T11:00:00Z,76.84,1504.75
2023-01-08T11:30:00Z,91.55999999999999,1491.3
2023-01-08T12:00:00Z,88.46999999999998,1512.0
2023-01-08T12:30:00Z,122.28,1260.35
2023-01-08T13:00:00Z,139.92,1442.95
2023-01-08T13:30:00Z,146.41,1647.7
2023-01-08T14:00:00Z,146.15,1689.85
2023-01-08T14:30:00Z,143.16,1559.8
2023-01-08T15:00:00Z,172.37,1195.25
2023-01-08T15:30:00Z,161.67,1661.65
2023-01-08T16:00:00Z,172.97,1603.7
2023-01-08T16:30:00Z,183.78,1332.75
2023-01-08T17:00:00Z,192.22,1487.15
2023-01-08T17:30:00Z,196.23,1486.65
2023-01-08T18:00:00Z,199.29,1569.4
2023-01-08T18:30:00Z,192.21999999999997,1724.0
2023-01-08T19:00:00Z,173.94,1573.2
2023-01-08T19:30:00Z,172.55,1259.5
2023-01-08T20:00:00Z,156.79,1673.3
2023-01-08T20:30:00Z,160.86,1519.75
2023-01-08T21:00:00Z,168.35,1027.65
2023-01-08T21:30:00Z,148.65,1028.75
2023-01-08T22:00:00Z,157.98,962.95
2023-01-08T22:30:00Z,104.62,1163.7
2023-01-08T23:00:00Z,80.38,811.95
2023-01-08T23:30:00Z,52.75,808.35
2023-01-09T00:00:00Z,50.47,739.45
2023-01-09T00:30:00Z,57.24,1000.45
2023-01-09T01:00:00Z,47.53,844.5
2023-01-09T01:30:00Z,34.09,1050.9
2023-01-09T02:00:00Z,37.69,1041.05
2023-01-09T02:30:00Z,33.84,827.7
2023-01-09T03:00:00Z,27.45,765.1
2023-01-09T03:30:00Z,19.59,755.15
2023-01-09T04:00:00Z,46.38,1102.4
2023-01-09T04:30:00Z,33.84,1251.1
2023-01-09T05:00:00Z,59.46,1047.95
2023-01-09T05:30:00Z,65.91,955.1
2023-01-09T06:00:00Z,117.47,1097.3
2023-01-09T06:30:00Z,156.34,1371.15
2023-01-09T07:00:00Z,144.27,1608.95
2023-01-09T07:30:00Z,167.45,1473.8
2023-01-09T08:00:00Z,163.71,1550.2
2023-01-09T08:30:00Z,174.37,1418.2
2023-01-09T09:00:00Z,195.76,1676.65
2023-01-09T09:30:00Z,181.44000000000003,1685.15
2023-01-09T10:00:00Z,190.76,2252.95
2023-01-09T10:30:00Z,182.98,2217.05
2023-01-09T11:00:00Z,172.0,2276.25
2023-01-09T11:30:00Z,169.8,2077.9
2023-01-09T12:00:00Z,167.66,2184.6
2023-01-09T12:30:00Z,162.36,2428.3
2023-01-09T13:00:00Z,151.07,1728.7
2023-01-09T13:30:00Z,147.25,1821.85
2023-01-09T14:00:00Z,157.95,1847.05
2023-01-09T14:30:00Z,161.85,1975.7
2023-01-09T15:00:00Z,149.73,2091.75
2023-01-09T15:30:00Z,160.47,2089.3
2023-01-09T16:00:00Z,173.88999999999996,1885.1
2023-01-09T16:30:00Z,192.37,2369.4
2023-01-09T17:00:00Z,181.47,2630.5
2023-01-09T17:30:00Z,169.46,2785.85
2023-01-09T18:00:00Z,169.18,2739.3
2023-01-09T18:30:00Z,160.37,3104.8
2023-01-09T19:00:00Z,181.04000000000002,1540.85
2023-01-09T19:30:00Z,171.24,1755.6
2023-01-09T20:00:00Z,172.86,1563.4
2023-01-09T20:30:00Z,161.45,1714.85
2023-01-09T21:00:00Z,140.22,1542.2
2023-01-09T21:30:00Z,104.4,1114.1
2023-01-09T22:00:00Z,138.96,1149.8
2023-01-09T22:30:00Z,91.49,1234.75
2023-01-09T23:00:00Z,119.94,1036.75
2023-01-09T23:30:00Z,110.53,642.25
2023-01-10T00:00:00Z,104.51,1162.5
2023-01-10T00:30:00Z,149.06,984.6
2023-01-10T01:00:00Z,136.43,753.6
2023-01-10T01:30:00Z,120.63,1045.65
2023-01-10T02:00:00Z,101.7,1294.45
2023-01-10T02:30:00Z,99.08,1332.8
2023-01-10T03:00:00Z,96.65,826.85
2023-01-10T03:30:00Z,94.18,897.25
2023-01-10T04:00:00Z,110.68,1131.75
2023-01-10T04:30:00Z,104.2,1095.9
2023-01-10T05:00:00Z,125.22,1140.7
2023-01-10T05:30:00Z,105.34,1285.3
2023-01-10T06:00:00Z,120.61,1429.3
2023-01-10T06:30:00Z,146.46,1408.95
2023-01-10T07:00:00Z,167.67,1923.55
2023-01-10T07:30:00Z,208.2,2084.1
2023-01-10T08:00:00Z,180.23000000000002,1787.35
2023-01-10T08:30:00Z,179.4,1959.5
2023-01-10T09:00:00Z,164.59,2357.95
2023-01-10T09:30:00Z,156.64,2785.5
2023-01-10T10:00:00Z,162.26,2976.1
2023-01-10T10:30:00Z,144.42,2925.95
2023-01-10T11:00:00Z,124.16,2193.7
2023-01-10T11:30:00Z,148.8,2713.9
2023-01-10T12:00:00Z,154.33,2459.2
2023-01-10T12:30:00Z,151.43,2390.4
2023-01-10T13:00:00Z,151.71,2258.75
2023-01-10T13:30:00Z,151.48,2148.65
2023-01-10T14:00:00Z,139.4,2789.9
2023-01-10T14:30:00Z,135.57,2648.85
2023-01-10T15:00:00Z,149.39,2232.4
2023-01-10T15:30:00Z,136.76,2563.9
2023-01-10T16:00:00Z,121.36,2157.4
2023-01-10T16:30:00Z,151.49,2121.5
2023-01-10T17:00:00Z,165.5,2195.4
2023-01-10T17:30:00Z,160.35,2133.3
2023-01-10T18:00:00Z,160.33,2324.3
2023-01-10T18:30:00Z,148.88,2367.1
2023-01-10T19:00:00Z,137.17,1771.25
2023-01-10T19:30:00Z,116.49,1650.75
2023-01-10T20:00:00Z,113.45000000000002,1528.1
2023-01-10T20:30:00Z,52.43,1540.1
2023-01-10T21:00:00Z,68.13,2002.2
2023-01-10T21:30:00Z,42.38,2092.75
2023-01-10T22:00:00Z,36.01,2331.15
2023-01-10T22:30:00Z,20.96,2304.95
2023-01-10T23:00:00Z,-6.43,918.6
2023-01-10T23:30:00Z,-12.99,1066.85
2023-01-11T00:00:00Z,41.33,1355.0
2023-01-11T00:30:00Z,73.89,1796.2
2023-01-11T01:00:00Z,-8.82,976.2
2023-01-11T01:30:00Z,-12.47,925.65
2023-01-11T02:00:00Z,3.43,1167.85
2023-01-11T02:30:00Z,-9.9,847.2
2023-01-11T03:00:00Z,-11.06,1355.4
2023-01-11T03:30:00Z,-10.7,1101.75
2023-01-11T04:00:00Z,1.61,1191.3
2023-01-11T04:30:00Z,13.32,1279.75
2023-01-11T05:00:00Z,96.37,1041.35
2023-01-11T05:30:00Z,117.4,1211.4
2023-01-11T06:00:00Z,85.67,1419.65
2023-01-11T06:30:00Z,174.86999999999998,1525.6
2023-01-11T07:00:00Z,98.41,1760.75
2023-01-11T07:30:00Z,162.78,1670.2
2023-01-11T08:00:00Z,101.63,1801.05
2023-01-11T08:30:00Z,130.83,1829.0
2023-01-11T09:00:00Z,125.78,1673.9
2023-01-11T09:30:00Z,128.07,1897.0
2023-01-11T10:00:00Z,116.94,2009.5
2023-01-11T10:30:00Z,82.69,2200.65
2023-01-11T11:00:00Z,54.92999999999999,1676.0
2023-01-11T11:30:00Z,50.29,2091.55
2023-01-11T12:00:00Z,91.59,2687.75
2023-01-11T12:30:00Z,110.68,2206.2
2023-01-11T13:00:00Z,127.54,1590.55
2023-01-11T13:30:00Z,133.37,1745.4
2023-01-11T14:00:00Z,138.85,1509.85
2023-01-11T14:30:00Z,142.93,1742.05
2023-01-11T15:00:00Z,130.01,1986.65
2023-01-11T15:30:00Z,137.55,2247.45
2023-01-11T16:00:00Z,150.76,1963.2
2023-01-11T16:30:00Z,166.46,1823.0
2023-01-11T17:00:00Z,179.84999999999997,1640.2
2023-01-11T17:30:00Z,186.41,1754.7
2023-01-11T18:00:00Z,185.92,1901.4
2023-01-11T18:30:00Z,170.31,2060.0
2023-01-11T19:00:00Z,172.67,1626.25
2023-01-11T19:30:00Z,163.16,1665.55
2023-01-11T20:00:00Z,143.15,2201.65
2023-01-11T20:30:00Z,152.35,1870.8
2023-01-11T21:00:00Z,140.25,1478.05
2023-01-11T21:30:00Z,85.04,1508.85
2023-01-11T22:00:00Z,83.16,1503.15
2023-01-11T22:30:00Z,50.28,1631.8
2023-01-11T23:00:00Z,41.14,1291.15
2023-01-11T23:30:00Z,26.319999999999997,1252.8
2023-01-12T00:00:00Z,16.99,1393.3
2023-01-12T00:30:00Z,24.87,1069.6
2023-01-12T01:00:00Z,18.31,1465.0
2023-01-12T01:30:00Z,17.14,1613.4
2023-01-12T02:00:00Z,14.669999999999998,1433.8
2023-01-12T02:30:00Z,13.179999999999998,1655.95
2023-01-12T03:00:00Z,9.65,935.05
2023-01-12T03:30:00Z,7.53,896.05
2023-01-12T04:00:00Z,15.770000000000001,981.9
2023-01-12T04:30:00Z,13.81,1237.9
2023-01-12T05:00:00Z,51.91,1309.45
2023-01-12T05:30:00Z,75.2,1356.7
2023-01-12T06:00:00Z,62.79,1305.1
2023-01-12T06:30:00Z,154.12,2122.15
2023-01-12T07:00:00Z,158.69,2798.0
2023-01-12T07:30:00Z,180.96,2323.5
2023-01-12T08:00:00Z,186.50999999999996,1686.1
2023-01-12T08:30:00Z,192.02,1866.15
2023-01-12T09:00:00Z,189.83,2414.0
2023-01-12T09:30:00Z,184.67,2253.25
2023-01-12T10:00:00Z,175.83,2856.8
2023-01-12T10:30:00Z,160.8,2937.95
2023-01-12T11:00:00Z,143.72,2254.45
2023-01-12T11:30:00Z,142.79,2095.65
2023-01-12T12:00:00Z,143.44,2114.7
2023-01-12T12:30:00Z,139.72,2259.65
2023-01-12T13:00:00Z,115.28,1955.5
2023-01-12T13:30:00Z,97.53,1933.5
2023-01-12T14:00:00Z,105.29,2364.2
2023-01-12T14:30:00Z,117.45999999999998,2397.75
2023-01-12T15:00:00Z,101.55,1959.9
2023-01-12T15:30:00Z,120.64,2131.6
2023-01-12T16:00:00Z,114.9,2035.15
2023-01-12T16:30:00Z,149.9,2044.7
2023-01-12T17:00:00Z,176.96,2368.25
2023-01-12T17:30:00Z,178.93,2292.05
2023-01-12T18:00:00Z,174.85,2296.8
2023-01-12T18:30:00Z,173.18,2166.65
2023-01-12T19:00:00Z,159.27,2602.55
2023-01-12T19:30:00Z,155.24,2421.55
2023-01-12T20:00:00Z,156.46,2393.75
2023-01-12T20:30:00Z,146.23,2267.45
2023-01-12T21:00:00Z,114.3,1263.15
2023-01-12T21:30:00Z,55.88,1337.45
2023-01-12T22:00:00Z,94.61,1316.35
2023-01-12T22:30:00Z,47.68,1422.45
2023-01-12T23:00:00Z,112.93,1240.45
2023-01-12T23:30:00Z,55.99,861.8
2023-01-13T00:00:00Z,80.98,960.3
2023-01-13T00:30:00Z,44.25,974.9
2023-01-13T01:00:00Z,43.62,965.75
2023-01-13T01:30:00Z,14.26,993.8
2023-01-13T02:00:00Z,16.24,1137.8
2023-01-13T02:30:00Z,25.25,1188.3
2023-01-13T03:00:00Z,12.19,1186.9
2023-01-13T03:30:00Z,10.7,1111.15
2023-01-13T04:00:00Z,42.58,1027.0
2023-01-13T04:30:00Z,39.93,1088.05
2023-01-13T05:00:00Z,48.16,1086.65
2023-01-13T05:30:00Z,104.92,1246.9
2023-01-13T06:00:00Z,54.18,1298.5
2023-01-13T06:30:00Z,102.21,1499.8
2023-01-13T07:00:00Z,80.95,1359.7
2023-01-13T07:30:00Z,140.21,1192.45
2023-01-13T08:00:00Z,155.85,1341.9
2023-01-13T08:30:00Z,163.85,1173.95
2023-01-13T09:00:00Z,175.85,1690.35
2023-01-13T09:30:00Z,177.26,1655.45
2023-01-13T10:00:00Z,173.95,1767.3
2023-01-13T10:30:00Z,163.89,1818.9
2023-01-13T11:00:00Z,153.38,1759.4
2023-01-13T11:30:00Z,160.74,1636.65
2023-01-13T12:00:00Z,165.78,1604.65
2023-01-13T12:30:00Z,167.85,1760.3
2023-01-13T13:00:00Z,167.86000000000004,1803.2
2023-01-13T13:30:00Z,161.71,2232.9
2023-01-13T14:00:00Z,168.49,2229.25
2023-01-13T14:30:00Z,165.07,2573.4
2023-01-13T15:00:00Z,154.98,2259.9
2023-01-13T15:30:00Z,161.65,2289.25
2023-01-13T16:00:00Z,152.92,2177.85
2023-01-13T16:30:00Z,171.78,2262.85
2023-01-13T17:00:00Z,197.02,1859.3
2023-01-13T17:30:00Z,200.75,1748.7
2023-01-13T18:00:00Z,198.5,1513.85
2023-01-13T18:30:00Z,195.27,1741.45
2023-01-13T19:00:00Z,191.75,2240.7
2023-01-13T19:30:00Z,188.55,2150.05
2023-01-13T20:00:00Z,188.11,2620.05
2023-01-13T20:30:00Z,187.93,2584.15
2023-01-13T21:00:00Z,156.66,2782.6
2023-01-13T21:30:00Z,142.49,2577.1
2023-01-13T22:00:00Z,156.76,2136.05
2023-01-13T22:30:00Z,138.23,2519.85
2023-01-13T23:00:00Z,155.48,1811.9
2023-01-13T23:30:00Z,156.63,1572.35
2023-01-14T00:00:00Z,154.18,1558.8
2023-01-14T00:30:00Z,148.07,1488.4
2023-01-14T01:00:00Z,135.14,1255.45
2023-01-14T01:30:00Z,116.67,1288.6
2023-01-14T02:00:00Z,106.36,1042.4
2023-01-14T02:30:00Z,58.21,1236.8
2023-01-14T03:00:00Z,40.44,823.9
2023-01-14T03:30:00Z,-3.45,969.8
2023-01-14T04:00:00Z,41.47,972.5
2023-01-14T04:30:00Z,7.44,1084.9
2023-01-14T05:00:00Z,25.37,1215.8
2023-01-14T05:30:00Z,55.84,1014.75
2023-01-14T06:00:00Z,70.54,1208.05
2023-01-14T06:30:00Z,105.66000000000001,1545.85
2023-01-14T07:00:00Z,79.77,1320.25
2023-01-14T07:30:00Z,107.62,1155.5
2023-01-14T08:00:00Z,52.71000000000001,1303.35
2023-01-14T08:30:00Z,102.53,1284.2
2023-01-14T09:00:00Z,145.89,1185.05
2023-01-14T09:30:00Z,133.38,1292.05
2023-01-14T10:00:00Z,147.22,1179.7
2023-01-14T10:30:00Z,140.69,1160.1
2023-01-14T11:00:00Z,105.31,1413.95
2023-01-14T11:30:00Z,117.8,1382.25
2023-01-14T12:00:00Z,101.59,1142.95
2023-01-14T12:30:00Z,85.68,1259.6
2023-01-14T13:00:00Z,57.78,1025.9
2023-01-14T13:30:00Z,30.97,1107.65
2023-01-14T14:00:00Z,31.36,1120.55
2023-01-14T14:30:00Z,24.71,1183.6
2023-01-14T15:00:00Z,45.769999999999996,1661.05
2023-01-14T15:30:00Z,72.19,1939.25
2023-01-14T16:00:00Z,61.65,1608.9
2023-01-14T16:30:00Z,124.33,1616.35
2023-01-14T17:00:00Z,148.99,1301.95
2023-01-14T17:30:00Z,156.11,1429.65
2023-01-14T18:00:00Z,153.52,1303.0
2023-01-14T18:30:00Z,148.63,1667.15
2023-01-14T19:00:00Z,141.94,1805.0
2023-01-14T19:30:00Z,132.36,1681.8
2023-01-14T20:00:00Z,129.47,1355.25
2023-01-14T20:30:00Z,108.22,1463.95
2023-01-14T21:00:00Z,92.57,1217.35
2023-01-14T21:30:00Z,29.1,1232.95
2023-01-14T22:00:00Z,37.98,1096.8
2023-01-14T22:30:00Z,23.03,1041.85
2023-01-14T23:00:00Z,81.13,946.1
2023-01-14T23:30:00Z,44.49,950.25
2023-01-15T00:00:00Z,16.46,776.95
2023-01-15T00:30:00Z,23.94,812.75
2023-01-15T01:00:00Z,11.41,633.0
2023-01-15T01:30:00Z,0.25,582.15
2023-01-15T02:00:00Z,1.24,768.95
2023-01-15T02:30:00Z,4.84,755.8
2023-01-15T03:00:00Z,35.1,827.25
2023-01-15T03:30:00Z,24.17,945.3
2023-01-15T04:00:00Z,21.75,1069.25
2023-01-15T04:30:00Z,14.27,997.95
2023-01-15T05:00:00Z,17.79,1210.15
2023-01-15T05:30:00Z,23.21,1045.85
2023-01-15T06:00:00Z,9.31,1122.3
2023-01-15T06:30:00Z,24.25,1453.3
2023-01-15T07:00:00Z,4.12,1014.0
2023-01-15T07:30:00Z,12.81,1158.0
2023-01-15T08:00:00Z,18.95,1333.25
2023-01-15T08:30:00Z,65.55,1339.6
2023-01-15T09:00:00Z,102.43,1191.25
2023-01-15T09:30:00Z,139.45,964.75
2023-01-15T10:00:00Z,140.36,1065.15
2023-01-15T10:30:00Z,141.46,1232.4
2023-01-15T11:00:00Z,115.25,1113.25
2023-01-15T11:30:00Z,124.58,1273.65
2023-01-15T12:00:00Z,133.42,1359.2
2023-01-15T12:30:00Z,145.09,1423.4
2023-01-15T13:00:00Z,158.2,1446.2
2023-01-15T13:30:00Z,139.02,1785.75
2023-01-15T14:00:00Z,109.97,1645.55
2023-01-15T14:30:00Z,104.70000000000002,1645.25
2023-01-15T15:00:00Z,83.79,2032.8
2023-01-15T15:30:00Z,102.2,2124.95
2023-01-15T16:00:00Z,129.64,1948.65
2023-01-15T16:30:00Z,175.38,1695.8
2023-01-15T17:00:00Z,229.81,1611.2
2023-01-15T17:30:00Z,236.19,1548.75
2023-01-15T18:00:00Z,236.30000000000004,1667.25
2023-01-15T18:30:00Z,235.62,1684.1
2023-01-15T19:00:00Z,235.99,1463.85
2023-01-15T19:30:00Z,230.71999999999997,1356.9
2023-01-15T20:00:00Z,223.31,1621.25
2023-01-15T20:30:00Z,206.93,1364.15
2023-01-15T21:00:00Z,204.42,1251.25
2023-01-15T21:30:00Z,202.69,1110.35
2023-01-15T22:00:00Z,175.94,1004.1
2023-01-15T22:30:00Z,173.99,993.45
2023-01-15T23:00:00Z,175.85,601.3
2023-01-15T23:30:00Z,174.71,627.3
2023-01-16T00:00:00Z,187.64,795.9
2023-01-16T00:30:00Z,192.75,514.9
2023-01-16T01:00:00Z,190.23,615.2
2023-01-16T01:30:00Z,170.27,833.1
2023-01-16T02:00:00Z,164.58,734.8
2023-01-16T02:30:00Z,132.48,1078.15
2023-01-16T03:00:00Z,136.48,1337.0
2023-01-16T03:30:00Z,132.76,1369.5
2023-01-16T04:00:00Z,107.33,1286.4
2023-01-16T04:30:00Z,83.9,1419.1
2023-01-16T05:00:00Z,147.05,2017.2
2023-01-16T05:30:00Z,131.63,1936.35
2023-01-16T06:00:00Z,126.08,936.65
2023-01-16T06:30:00Z,99.82,900.65
2023-01-16T07:00:00Z,106.51,1842.8
2023-01-16T07:30:00Z,126.96000000000001,2329.5
2023-01-16T08:00:00Z,121.64,1612.5
2023-01-16T08:30:00Z,135.31,1625.25
2023-01-16T09:00:00Z,165.32,1972.35
2023-01-16T09:30:00Z,158.26,2089.1
2023-01-16T10:00:00Z,149.38,2004.25
2023-01-16T10:30:00Z,135.06,2310.45
2023-01-16T11:00:00Z,156.88,2117.1
2023-01-16T11:30:00Z,143.96,2132.65
2023-01-16T12:00:00Z,145.9,1963.85
2023-01-16T12:30:00Z,144.88,1811.9
2023-01-16T13:00:00Z,142.85,1938.55
2023-01-16T13:30:00Z,127.96,2053.25
2023-01-16T14:00:00Z,125.3,2161.3
2023-01-16T14:30:00Z,123.87999999999998,2232.05
2023-01-16T15:00:00Z,104.84,1917.35
2023-01-16T15:30:00Z,108.97,2097.5
2023-01-16T16:00:00Z,122.77,2600.05
2023-01-16T16:30:00Z,147.95,2618.45
2023-01-16T17:00:00Z,123.43,2122.5
2023-01-16T17:30:00Z,128.83,2604.8
2023-01-16T18:00:00Z,127.81000000000002,2219.25
2023-01-16T18:30:00Z,133.51,2626.1
2023-01-16T19:00:00Z,130.01,1892.8
2023-01-16T19:30:00Z,126.91,1762.25
2023-01-16T20:00:00Z,123.98,2180.2
2023-01-16T20:30:00Z,131.84,2172.2
2023-01-16T21:00:00Z,145.08,2039.0
2023-01-16T21:30:00Z,135.85,1813.65
2023-01-16T22:00:00Z,124.94,1757.25
2023-01-16T22:30:00Z,121.14,2336.5
2023-01-16T23:00:00Z,134.72,1817.95
2023-01-16T23:30:00Z,126.77,1470.15
2023-01-17T00:00:00Z,119.85,1528.75
2023-01-17T00:30:00Z,129.95,1758.5
2023-01-17T01:00:00Z,148.47,1658.9
2023-01-17T01:30:00Z,135.44,1517.4
2023-01-17T02:00:00Z,111.53,1504.4
2023-01-17T02:30:00Z,112.86,1697.6
2023-01-17T03:00:00Z,137.78,903.8
2023-01-17T03:30:00Z,116.72,1148.1
2023-01-17T04:00:00Z,139.02,1293.65
2023-01-17T04:30:00Z,129.19,1261.0
2023-01-17T05:00:00Z,133.39,864.35
2023-01-17T05:30:00Z,137.11,1479.9
2023-01-17T06:00:00Z,168.03,1322.95
2023-01-17T06:30:00Z,175.2,1915.1
2023-01-17T07:00:00Z,181.25,1695.8
2023-01-17T07:30:00Z,215.57000000000002,1609.45
2023-01-17T08:00:00Z,209.15,1398.15
2023-01-17T08:30:00Z,207.51,1507.0
2023-01-17T09:00:00Z,192.62,1517.65
2023-01-17T09:30:00Z,191.36,1768.05
2023-01-17T10:00:00Z,203.13,1689.55
2023-01-17T10:30:00Z,190.80000000000004,1785.4
2023-01-17T11:00:00Z,141.52,1275.5
2023-01-17T11:30:00Z,124.46000000000001,1250.45
2023-01-17T12:00:00Z,134.13,1170.05
2023-01-17T12:30:00Z,122.45999999999998,1391.95
2023-01-17T13:00:00Z,126.65,1671.4
2023-01-17T13:30:00Z,122.98,1828.25
2023-01-17T14:00:00Z,151.19,1881.05
2023-01-17T14:30:00Z,144.29,2065.0
2023-01-17T15:00:00Z,169.8,2170.85
2023-01-17T15:30:00Z,175.7,2136.5
2023-01-17T16:00:00Z,170.48,2116.45
2023-01-17T16:30:00Z,187.69,2333.95
2023-01-17T17:00:00Z,162.05,2176.15
2023-01-17T17:30:00Z,154.45,2671.5
2023-01-17T18:00:00Z,170.37,2490.1
2023-01-17T18:30:00Z,155.69,2435.2
2023-01-17T19:00:00Z,140.12,2124.45
2023-01-17T19:30:00Z,138.32,2277.35
2023-01-17T20:00:00Z,131.53,1919.0
2023-01-17T20:30:00Z,128.28,2218.55
2023-01-17T21:00:00Z,146.29,2508.75
2023-01-17T21:30:00Z,146.34,2100.1
2023-01-17T22:00:00Z,138.94,2119.4
2023-01-17T22:30:00Z,134.66,2287.6
2023-01-17T23:00:00Z,135.69,884.65
2023-01-17T23:30:00Z,122.1,1261.2
2023-01-18T00:00:00Z,108.99,933.65
2023-01-18T00:30:00Z,131.25,1347.35
2023-01-18T01:00:00Z,145.97,1306.2
2023-01-18T01:30:00Z,128.26,1234.35
2023-01-18T02:00:00Z,141.21,1197.5
2023-01-18T02:30:00Z,130.69,1530.0
2023-01-18T03:00:00Z,133.55,987.6
2023-01-18T03:30:00Z,116.93000000000002,1293.65
2023-01-18T04:00:00Z,130.66,1317.75
2023-01-18T04:30:00Z,118.44,1436.0
2023-01-18T05:00:00Z,159.51,1017.7
2023-01-18T05:30:00Z,153.42,1080.75
2023-01-18T06:00:00Z,159.32,1679.6
2023-01-18T06:30:00Z,150.6,1805.45
2023-01-18T07:00:00Z,166.94,1970.6
2023-01-18T07:30:00Z,178.67,1761.85
2023-01-18T08:00:00Z,170.21,1359.45
2023-01-18T08:30:00Z,184.04,1495.5
2023-01-18T09:00:00Z,185.06000000000003,1536.0
2023-01-18T09:30:00Z,180.54,1559.45
2023-01-18T10:00:00Z,182.7,1533.15
2023-01-18T10:30:00Z,169.78,1685.8
2023-01-18T11:00:00Z,151.34,1575.8
2023-01-18T11:30:00Z,151.3,1567.8
2023-01-18T12:00:00Z,150.35,1635.3
2023-01-18T12:30:00Z,145.99,1672.75
2023-01-18T13:00:00Z,144.47,1712.4
2023-01-18T13:30:00Z,142.6,1748.9
2023-01-18T14:00:00Z,148.51,2035.6
2023-01-18T14:30:00Z,161.43,2199.15
2023-01-18T15:00:00Z,170.22,1763.85
2023-01-18T15:30:00Z,175.82,2133.05
2023-01-18T16:00:00Z,169.52,2014.3
2023-01-18T16:30:00Z,187.22,2103.45
2023-01-18T17:00:00Z,187.85,1982.25
2023-01-18T17:30:00Z,189.32,1881.95
2023-01-18T18:00:00Z,187.23,2040.65
2023-01-18T18:30:00Z,180.55,2311.2
2023-01-18T19:00:00Z,171.2,1961.9
2023-01-18T19:30:00Z,175.82,2114.9
2023-01-18T20:00:00Z,173.55,2109.1
2023-01-18T20:30:00Z,171.79,2226.15
2023-01-18T21:00:00Z,167.16,1910.95
2023-01-18T21:30:00Z,157.81,2085.1
2023-01-18T22:00:00Z,153.52,2030.7
2023-01-18T22:30:00Z,149.16,2169.8
2023-01-18T23:00:00Z,149.2,1326.15
2023-01-18T23:30:00Z,153.16,1171.7
2023-01-19T00:00:00Z,164.71,1813.7
2023-01-19T00:30:00Z,169.42,1789.35
2023-01-19T01:00:00Z,158.11999999999998,1759.55
2023-01-19T01:30:00Z,153.91999999999996,1770.3
2023-01-19T02:00:00Z,144.07,1807.35
2023-01-19T02:30:00Z,152.6,1917.4
2023-01-19T03:00:00Z,157.17,2028.25
2023-01-19T03:30:00Z,155.48000000000002,1713.35
2023-01-19T04:00:00Z,170.53,1360.0
2023-01-19T04:30:00Z,167.46000000000004,1713.7
2023-01-19T05:00:00Z,172.49,1631.8
2023-01-19T05:30:00Z,163.5,2135.65
2023-01-19T06:00:00Z,169.47,1838.15
2023-01-19T06:30:00Z,182.38,2194.55
2023-01-19T07:00:00Z,215.39,1979.2
2023-01-19T07:30:00Z,244.12,1890.0
2023-01-19T08:00:00Z,242.16,2219.65
2023-01-19T08:30:00Z,247.84,2288.9
2023-01-19T09:00:00Z,241.05,2483.6
2023-01-19T09:30:00Z,239.75,2388.8
2023-01-19T10:00:00Z,232.33,2568.2
2023-01-19T10:30:00Z,215.70999999999998,2676.1
2023-01-19T11:00:00Z,173.63,2647.1
2023-01-19T11:30:00Z,171.33,2856.8
2023-01-19T12:00:00Z,185.41,2825.3
2023-01-19T12:30:00Z,173.57,2777.5
2023-01-19T13:00:00Z,179.64,3066.0
2023-01-19T13:30:00Z,174.47,2954.75
2023-01-19T14:00:00Z,181.65,3116.05
2023-01-19T14:30:00Z,184.65,2818.5
2023-01-19T15:00:00Z,190.19,3125.1
2023-01-19T15:30:00Z,206.48,2906.6
2023-01-19T16:00:00Z,212.91,2861.2
2023-01-19T16:30:00Z,216.14,2727.25
2023-01-19T17:00:00Z,216.09,2844.8
2023-01-19T17:30:00Z,220.47,3097.5
2023-01-19T18:00:00Z,209.8,2704.65
2023-01-19T18:30:00Z,200.17,2604.2
2023-01-19T19:00:00Z,183.21,2128.05
2023-01-19T19:30:00Z,173.48,2333.55
2023-01-19T20:00:00Z,166.41,2206.85
2023-01-19T20:30:00Z,161.13,1826.4
2023-01-19T21:00:00Z,156.7,1895.75
2023-01-19T21:30:00Z,148.45,1894.0
2023-01-19T22:00:00Z,147.68000000000004,1781.95
2023-01-19T22:30:00Z,138.02,1557.55
2023-01-19T23:00:00Z,119.00999999999999,673.85
2023-01-19T23:30:00Z,119.44000000000001,858.15
2023-01-20T00:00:00Z,132.12,850.6
2023-01-20T00:30:00Z,149.64,1037.7
2023-01-20T01:00:00Z,151.97,1319.0
2023-01-20T01:30:00Z,136.81,1314.1
2023-01-20T02:00:00Z,128.66,1104.8
2023-01-20T02:30:00Z,123.87,1528.5
2023-01-20T03:00:00Z,115.61,861.95
2023-01-20T03:30:00Z,119.03,727.05
2023-01-20T04:00:00Z,125.37,1222.7
2023-01-20T04:30:00Z,120.32,1165.85
2023-01-20T05:00:00Z,143.96,1052.7
2023-01-20T05:30:00Z,130.6,1193.65
2023-01-20T06:00:00Z,137.87,1307.9
2023-01-20T06:30:00Z,161.96,1579.0
2023-01-20T07:00:00Z,185.88,1932.4
2023-01-20T07:30:00Z,213.02,1755.15
2023-01-20T08:00:00Z,184.27,1442.85
2023-01-20T08:30:00Z,208.42,1474.35
2023-01-20T09:00:00Z,210.75,2162.4
2023-01-20T09:30:00Z,204.36,2313.2
2023-01-20T10:00:00Z,196.82,2090.6
2023-01-20T10:30:00Z,195.44,2214.65
2023-01-20T11:00:00Z,188.22,1762.85
2023-01-20T11:30:00Z,182.19,2109.65
2023-01-20T12:00:00Z,176.12,1731.7
2023-01-20T12:30:00Z,174.89,1874.45
2023-01-20T13:00:00Z,176.44999999999996,1763.1
2023-01-20T13:30:00Z,173.37,1795.45
2023-01-20T14:00:00Z,178.58,1980.0
2023-01-20T14:30:00Z,182.46,2103.7
2023-01-20T15:00:00Z,160.85999999999999,1778.45
2023-01-20T15:30:00Z,184.29,1679.05
2023-01-20T16:00:00Z,171.94,1319.95
2023-01-20T16:30:00Z,197.64,1707.9
2023-01-20T17:00:00Z,174.27,1455.25
2023-01-20T17:30:00Z,184.27,2014.35
2023-01-20T18:00:00Z,197.86,1892.35
2023-01-20T18:30:00Z,188.88,1817.7
2023-01-20T19:00:00Z,160.82,2076.9
2023-01-20T19:30:00Z,158.22,1981.0
2023-01-20T20:00:00Z,179.81,2051.95
2023-01-20T20:30:00Z,161.66,1854.7
2023-01-20T21:00:00Z,152.52,1827.6
2023-01-20T21:30:00Z,144.18,1771.8
2023-01-20T22:00:00Z,143.65,2131.8
2023-01-20T22:30:00Z,148.67,2070.25
2023-01-20T23:00:00Z,146.0,994.4
2023-01-20T23:30:00Z,141.6,775.5
2023-01-21T00:00:00Z,133.61,621.9
2023-01-21T00:30:00Z,144.09,724.45
2023-01-21T01:00:00Z,146.14,801.8
2023-01-21T01:30:00Z,139.03,784.85
2023-01-21T02:00:00Z,133.57,716.35
2023-01-21T02:30:00Z,122.03,880.35
2023-01-21T03:00:00Z,123.22,938.05
2023-01-21T03:30:00Z,112.5,897.6
2023-01-21T04:00:00Z,117.78,879.5
2023-01-21T04:30:00Z,110.99,899.15
2023-01-21T05:00:00Z,136.74,848.35
2023-01-21T05:30:00Z,141.81,805.75
2023-01-21T06:00:00Z,133.05,974.25
2023-01-21T06:30:00Z,125.30999999999999,1104.2
2023-01-21T07:00:00Z,139.76,859.85
2023-01-21T07:30:00Z,140.75,911.1
2023-01-21T08:00:00Z,149.07,861.7
2023-01-21T08:30:00Z,167.26,1005.35
2023-01-21T09:00:00Z,149.75,1060.5
2023-01-21T09:30:00Z,156.28,1020.05
2023-01-21T10:00:00Z,158.58,980.2
2023-01-21T10:30:00Z,143.4,867.85
2023-01-21T11:00:00Z,155.17,872.5
2023-01-21T11:30:00Z,152.44,809.2
2023-01-21T12:00:00Z,136.64,956.75
2023-01-21T12:30:00Z,133.46,1039.6
2023-01-21T13:00:00Z,139.09,965.4
2023-01-21T13:30:00Z,133.67,1024.05
2023-01-21T14:00:00Z,130.93,1359.0
2023-01-21T14:30:00Z,134.92,1547.25
2023-01-21T15:00:00Z,129.05,1264.9
2023-01-21T15:30:00Z,135.5,1213.75
2023-01-21T16:00:00Z,142.62,1306.45
2023-01-21T16:30:00Z,176.18,1343.5
2023-01-21T17:00:00Z,195.48,1305.7
2023-01-21T17:30:00Z,200.65,1439.95
2023-01-21T18:00:00Z,199.82000000000002,1354.75
2023-01-21T18:30:00Z,185.55,1247.6
2023-01-21T19:00:00Z,178.22,1230.2
2023-01-21T19:30:00Z,146.14,890.95
2023-01-21T20:00:00Z,153.70999999999998,857.6
2023-01-21T20:30:00Z,126.76000000000002,662.55
2023-01-21T21:00:00Z,157.94,792.5
2023-01-21T21:30:00Z,148.92,743.05
2023-01-21T22:00:00Z,147.07,739.5
2023-01-21T22:30:00Z,145.87,954.15
2023-01-21T23:00:00Z,140.15,879.7
2023-01-21T23:30:00Z,159.16,740.95
2023-01-22T00:00:00Z,148.22,686.85
2023-01-22T00:30:00Z,164.39,687.4
2023-01-22T01:00:00Z,158.79,723.65
2023-01-22T01:30:00Z,151.14,704.9
2023-01-22T02:00:00Z,143.95,769.8
2023-01-22T02:30:00Z,128.35,810.05
2023-01-22T03:00:00Z,144.01,694.25
2023-01-22T03:30:00Z,133.73,614.85
2023-01-22T04:00:00Z,131.99,703.4
2023-01-22T04:30:00Z,126.73000000000002,817.1
2023-01-22T05:00:00Z,105.88,602.15
2023-01-22T05:30:00Z,118.02,575.95
2023-01-22T06:00:00Z,148.15,688.4
2023-01-22T06:30:00Z,105.73,779.85
2023-01-22T07:00:00Z,110.22,924.6
2023-01-22T07:30:00Z,111.21,834.05
2023-01-22T08:00:00Z,134.86,997.4
2023-01-22T08:30:00Z,152.58,1105.5
2023-01-22T09:00:00Z,133.53,1075.85
2023-01-22T09:30:00Z,146.98,1253.4
2023-01-22T10:00:00Z,142.75,1060.75
2023-01-22T10:30:00Z,149.88,1260.55
2023-01-22T11:00:00Z,141.87,1190.55
2023-01-22T11:30:00Z,142.02,1152.4
2023-01-22T12:00:00Z,148.03,1287.15
2023-01-22T12:30:00Z,158.59,1400.5
2023-01-22T13:00:00Z,154.43,1260.45
2023-01-22T13:30:00Z,145.82,1445.4
2023-01-22T14:00:00Z,155.03,1278.75
2023-01-22T14:30:00Z,156.14,1285.25
2023-01-22T15:00:00Z,142.94,781.15
2023-01-22T15:30:00Z,163.45,895.85
2023-01-22T16:00:00Z,169.54,1136.8
2023-01-22T16:30:00Z,197.91999999999996,1343.8
2023-01-22T17:00:00Z,205.13,1494.05
2023-01-22T17:30:00Z,215.0,1620.35
2023-01-22T18:00:00Z,216.33,1545.95
2023-01-22T18:30:00Z,204.42999999999998,1529.75
2023-01-22T19:00:00Z,195.43,1679.1
2023-01-22T19:30:00Z,179.35,1368.35
2023-01-22T20:00:00Z,175.13,1052.2
2023-01-22T20:30:00Z,172.01,1091.85
2023-01-22T21:00:00Z,164.18,1015.05
2023-01-22T21:30:00Z,139.34,902.55
2023-01-22T22:00:00Z,151.42,1707.2
2023-01-22T22:30:00Z,151.36,1948.45
2023-01-22T23:00:00Z,154.88,1417.85
2023-01-22T23:30:00Z,132.17,639.1
2023-01-23T00:00:00Z,136.68,688.7
2023-01-23T00:30:00Z,154.24,654.65
2023-01-23T01:00:00Z,146.9,766.75
2023-01-23T01:30:00Z,137.5,561.05
2023-01-23T02:00:00Z,142.86,863.35
2023-01-23T02:30:00Z,140.55,746.35
2023-01-23T03:00:00Z,137.57,531.75
2023-01-23T03:30:00Z,137.04,547.2
2023-01-23T04:00:00Z,145.76,720.25
2023-01-23T04:30:00Z,137.22,610.25
2023-01-23T05:00:00Z,144.75,570.75
2023-01-23T05:30:00Z,138.27,536.15
2023-01-23T06:00:00Z,160.29,1249.0
2023-01-23T06:30:00Z,136.11,1630.8
2023-01-23T07:00:00Z,184.44000000000003,1822.5
2023-01-23T07:30:00Z,226.61999999999998,1429.5
2023-01-23T08:00:00Z,219.97000000000003,1438.95
2023-01-23T08:30:00Z,235.07,1467.1
2023-01-23T09:00:00Z,205.49,2034.95
2023-01-23T09:30:00Z,203.93,2040.1
2023-01-23T10:00:00Z,211.55,2358.25
2023-01-23T10:30:00Z,201.15,2389.05
2023-01-23T11:00:00Z,184.87,2175.1
2023-01-23T11:30:00Z,184.39,2329.0
2023-01-23T12:00:00Z,198.18,2343.1
2023-01-23T12:30:00Z,191.66,2338.35
2023-01-23T13:00:00Z,177.35,2257.4
2023-01-23T13:30:00Z,178.32,2239.7
2023-01-23T14:00:00Z,198.76,2319.55
2023-01-23T14:30:00Z,210.73,2593.35
2023-01-23T15:00:00Z,190.23,2416.15
2023-01-23T15:30:00Z,201.58,2648.4
2023-01-23T16:00:00Z,201.06,2488.5
2023-01-23T16:30:00Z,234.28,2288.75
2023-01-23T17:00:00Z,214.29,2089.65
2023-01-23T17:30:00Z,214.26,2073.3
2023-01-23T18:00:00Z,213.16999999999996,2713.7
2023-01-23T18:30:00Z,212.4,2431.45
2023-01-23T19:00:00Z,197.55,2036.3
2023-01-23T19:30:00Z,177.55,2097.5
2023-01-23T20:00:00Z,176.14,1996.75
2023-01-23T20:30:00Z,159.9,1889.8
2023-01-23T21:00:00Z,156.72,1617.35
2023-01-23T21:30:00Z,141.98,1261.35
2023-01-23T22:00:00Z,141.73,1395.9
2023-01-23T22:30:00Z,140.5,1321.4
2023-01-23T23:00:00Z,125.05,728.75
2023-01-23T23:30:00Z,122.32,894.4
2023-01-24T00:00:00Z,119.95,638.4
2023-01-24T00:30:00Z,124.86,472.75
2023-01-24T01:00:00Z,124.71,1040.45
2023-01-24T01:30:00Z,123.36,1023.2
2023-01-24T02:00:00Z,125.24,896.25
2023-01-24T02:30:00Z,121.39,857.3
2023-01-24T03:00:00Z,121.87000000000002,964.45
2023-01-24T03:30:00Z,121.08,843.8
2023-01-24T04:00:00Z,123.24,909.9
2023-01-24T04:30:00Z,119.92,963.45
2023-01-24T05:00:00Z,150.48,818.6
2023-01-24T05:30:00Z,133.23,660.25
2023-01-24T06:00:00Z,132.06,957.95
2023-01-24T06:30:00Z,149.97,1052.95
2023-01-24T07:00:00Z,155.64,933.85
2023-01-24T07:30:00Z,206.76,1043.25
2023-01-24T08:00:00Z,171.36,1089.9
2023-01-24T08:30:00Z,187.83,1257.7
2023-01-24T09:00:00Z,179.29,1238.6
2023-01-24T09:30:00Z,180.53,1251.3
2023-01-24T10:00:00Z,177.07,1297.85
2023-01-24T10:30:00Z,164.28,1364.4
2023-01-24T11:00:00Z,172.64,1517.95
2023-01-24T11:30:00Z,161.08,1485.25
2023-01-24T12:00:00Z,175.64,1816.35
2023-01-24T12:30:00Z,169.01,1708.1
2023-01-24T13:00:00Z,167.83,1406.7
2023-01-24T13:30:00Z,167.06,1752.25
2023-01-24T14:00:00Z,173.67,1716.95
2023-01-24T14:30:00Z,176.21,1721.5
2023-01-24T15:00:00Z,182.06,1547.35
2023-01-24T15:30:00Z,187.41999999999996,1947.55
2023-01-24T16:00:00Z,189.13,1735.35
2023-01-24T16:30:00Z,208.6,2216.6
2023-01-24T17:00:00Z,189.76,1853.65
2023-01-24T17:30:00Z,191.53,2195.25
2023-01-24T18:00:00Z,212.57,2388.7
2023-01-24T18:30:00Z,218.49,2517.25
2023-01-24T19:00:00Z,176.36,1988.55
2023-01-24T19:30:00Z,165.18,1851.3
2023-01-24T20:00:00Z,185.57999999999998,1895.65
2023-01-24T20:30:00Z,150.57,1652.6
2023-01-24T21:00:00Z,157.18,1534.45
2023-01-24T21:30:00Z,145.74,1115.55
2023-01-24T22:00:00Z,146.57,1380.1
2023-01-24T22:30:00Z,139.56,1456.9
2023-01-24T23:00:00Z,116.21,528.25
2023-01-24T23:30:00Z,109.28000000000002,666.6
2023-01-25T00:00:00Z,117.83,806.3
2023-01-25T00:30:00Z,143.05,907.4
2023-01-25T01:00:00Z,129.8,878.45
2023-01-25T01:30:00Z,110.64,757.55
2023-01-25T02:00:00Z,109.14,915.65
2023-01-25T02:30:00Z,108.34000000000002,882.85
2023-01-25T03:00:00Z,110.82,975.25
2023-01-25T03:30:00Z,103.48999999999998,774.7
2023-01-25T04:00:00Z,115.51,674.45
2023-01-25T04:30:00Z,129.67,899.75
2023-01-25T05:00:00Z,133.19,1039.75
2023-01-25T05:30:00Z,134.56,1148.75
2023-01-25T06:00:00Z,158.27,708.5
2023-01-25T06:30:00Z,137.45,1903.3
2023-01-25T07:00:00Z,186.07,1249.65
2023-01-25T07:30:00Z,194.13,1347.15
2023-01-25T08:00:00Z,199.73,1426.9
2023-01-25T08:30:00Z,186.25,1404.35
2023-01-25T09:00:00Z,156.8,1414.6
2023-01-25T09:30:00Z,154.29,1717.25
2023-01-25T10:00:00Z,177.13,1591.3
2023-01-25T10:30:00Z,176.25,1635.0
2023-01-25T11:00:00Z,176.92,1775.25
2023-01-25T11:30:00Z,172.23,1976.85
2023-01-25T12:00:00Z,180.72,2122.95
2023-01-25T12:30:00Z,186.37,2069.45
2023-01-25T13:00:00Z,194.14,2412.9
2023-01-25T13:30:00Z,196.93999999999997,2685.95
2023-01-25T14:00:00Z,192.69,2996.15
2023-01-25T14:30:00Z,180.14,3510.6
2023-01-25T15:00:00Z,190.50000000000003,3150.4
2023-01-25T15:30:00Z,202.46000000000004,2832.7
2023-01-25T16:00:00Z,205.46,2817.6
2023-01-25T16:30:00Z,219.88,2882.55
2023-01-25T17:00:00Z,237.66,3270.65
2023-01-25T17:30:00Z,239.69000000000003,3332.95
2023-01-25T18:00:00Z,215.4,3341.8
2023-01-25T18:30:00Z,198.6,3587.0
2023-01-25T19:00:00Z,184.47,2592.05
2023-01-25T19:30:00Z,186.87,2630.25
2023-01-25T20:00:00Z,166.51,2621.6
2023-01-25T20:30:00Z,166.35,2288.25
2023-01-25T21:00:00Z,168.08,2382.4
2023-01-25T21:30:00Z,154.9,2012.9
2023-01-25T22:00:00Z,152.62,2265.1
2023-01-25T22:30:00Z,149.27,2634.75
2023-01-25T23:00:00Z,132.86,1384.6
2023-01-25T23:30:00Z,138.74,1171.85
2023-01-26T00:00:00Z,138.71,1352.3
2023-01-26T00:30:00Z,146.34,1176.7
2023-01-26T01:00:00Z,140.15,1076.95
2023-01-26T01:30:00Z,131.74,1018.35
2023-01-26T02:00:00Z,128.22,929.7
2023-01-26T02:30:00Z,129.05,909.9
2023-01-26T03:00:00Z,135.32,993.1
2023-01-26T03:30:00Z,131.44,1204.5
2023-01-26T04:00:00Z,126.55,1047.65
2023-01-26T04:30:00Z,126.35999999999999,1076.9
2023-01-26T05:00:00Z,164.06,1110.8
2023-01-26T05:30:00Z,167.2,985.2
2023-01-26T06:00:00Z,188.25,1022.95
2023-01-26T06:30:00Z,188.88,1164.3
2023-01-26T07:00:00Z,189.1,1293.0
2023-01-26T07:30:00Z,203.93,1751.5
2023-01-26T08:00:00Z,194.7,1834.5
2023-01-26T08:30:00Z,199.39,1939.05
2023-01-26T09:00:00Z,183.21,2224.05
2023-01-26T09:30:00Z,181.86,1973.45
2023-01-26T10:00:00Z,181.65,2075.75
2023-01-26T10:30:00Z,182.63,2091.85
2023-01-26T11:00:00Z,165.23,1613.7
2023-01-26T11:30:00Z,159.04,1642.1
2023-01-26T12:00:00Z,159.03,1796.15
2023-01-26T12:30:00Z,154.51,1718.75
2023-01-26T13:00:00Z,150.94,1848.95
2023-01-26T13:30:00Z,149.1,1881.55
2023-01-26T14:00:00Z,165.58,2263.45
2023-01-26T14:30:00Z,175.56,2351.6
2023-01-26T15:00:00Z,160.09,2049.3
2023-01-26T15:30:00Z,186.96,2196.9
2023-01-26T16:00:00Z,164.28,1966.8
2023-01-26T16:30:00Z,206.51,1994.05
2023-01-26T17:00:00Z,189.96,1848.2
2023-01-26T17:30:00Z,206.19,2101.6
2023-01-26T18:00:00Z,199.59,1625.3
2023-01-26T18:30:00Z,188.15,2017.25
2023-01-26T19:00:00Z,194.78,2544.65
2023-01-26T19:30:00Z,179.62,1957.45
2023-01-26T20:00:00Z,181.27,2234.25
2023-01-26T20:30:00Z,157.15,1915.2
2023-01-26T21:00:00Z,156.14,1586.85
2023-01-26T21:30:00Z,136.92,1609.45
2023-01-26T22:00:00Z,137.54,1657.95
2023-01-26T22:30:00Z,138.13,2046.05
2023-01-26T23:00:00Z,103.61,1084.95
2023-01-26T23:30:00Z,113.06,924.05
2023-01-27T00:00:00Z,144.71,981.25
2023-01-27T00:30:00Z,170.86,1124.0
2023-01-27T01:00:00Z,149.38,1071.4
2023-01-27T01:30:00Z,138.96,1209.55
2023-01-27T02:00:00Z,131.93,1009.1
2023-01-27T02:30:00Z,128.46,1055.15
2023-01-27T03:00:00Z,130.63,1095.3
2023-01-27T03:30:00Z,123.62,1031.75
2023-01-27T04:00:00Z,135.33,1105.6
2023-01-27T04:30:00Z,129.88,1018.2
2023-01-27T05:00:00Z,136.35,1010.8
2023-01-27T05:30:00Z,131.82,987.8
2023-01-27T06:00:00Z,151.13,969.65
2023-01-27T06:30:00Z,137.21,1386.7
2023-01-27T07:00:00Z,133.8,1468.75
2023-01-27T07:30:00Z,188.93,1301.45
2023-01-27T08:00:00Z,165.39,1564.8
2023-01-27T08:30:00Z,179.15,1642.6
2023-01-27T09:00:00Z,181.09,1889.85
2023-01-27T09:30:00Z,179.04,1755.85
2023-01-27T10:00:00Z,169.96,1887.25
2023-01-27T10:30:00Z,164.56,2208.4
2023-01-27T11:00:00Z,166.23,1474.25
2023-01-27T11:30:00Z,152.9,1566.85
2023-01-27T12:00:00Z,156.43,1496.15
2023-01-27T12:30:00Z,155.71,1590.8
2023-01-27T13:00:00Z,171.34,2254.3
2023-01-27T13:30:00Z,155.07,2115.55
2023-01-27T14:00:00Z,160.1,2063.1
2023-01-27T14:30:00Z,158.28,1897.5
2023-01-27T15:00:00Z,153.87,1692.3
2023-01-27T15:30:00Z,159.55,1894.9
2023-01-27T16:00:00Z,151.51,1891.2
2023-01-27T16:30:00Z,167.21,1947.45
2023-01-27T17:00:00Z,165.69,1706.05
2023-01-27T17:30:00Z,166.69,1804.9
2023-01-27T18:00:00Z,175.65,2106.4
2023-01-27T18:30:00Z,171.96,1773.85
2023-01-27T19:00:00Z,169.42999999999998,1702.0
2023-01-27T19:30:00Z,142.58,1042.75
2023-01-27T20:00:00Z,155.69,1284.3
2023-01-27T20:30:00Z,136.51,1004.2
2023-01-27T21:00:00Z,154.09,1449.6
2023-01-27T21:30:00Z,138.94,1435.95
2023-01-27T22:00:00Z,153.21,1560.55
2023-01-27T22:30:00Z,137.99,1417.05
2023-01-27T23:00:00Z,130.59,346.4
2023-01-27T23:30:00Z,139.74,220.6
2023-01-28T00:00:00Z,130.28,266.3
2023-01-28T00:30:00Z,140.97,172.65
2023-01-28T01:00:00Z,133.14,73.7
2023-01-28T01:30:00Z,133.13,68.0
2023-01-28T02:00:00Z,132.32,75.5
2023-01-28T02:30:00Z,134.89,83.0
2023-01-28T03:00:00Z,115.73,31.6
2023-01-28T03:30:00Z,0.0,0.0
2023-01-28T04:00:00Z,0.0,0.0
2023-01-28T04:30:00Z,115.3,32.5
2023-01-28T05:00:00Z,142.4,30.0
2023-01-28T05:30:00Z,0.0,0.0
2023-01-28T06:00:00Z,0.0,0.0
2023-01-28T06:30:00Z,0.0,0.0
2023-01-28T07:00:00Z,0.0,0.0
2023-01-28T07:30:00Z,0.0,0.0
2023-01-28T08:00:00Z,115.76,510.55
2023-01-28T08:30:00Z,130.44,631.15
2023-01-28T09:00:00Z,112.81,826.15
2023-01-28T09:30:00Z,124.68,1094.35
2023-01-28T10:00:00Z,139.59,1528.75
2023-01-28T10:30:00Z,141.66,1409.45
2023-01-28T11:00:00Z,140.16,1218.8
2023-01-28T11:30:00Z,142.32,1417.65
2023-01-28T12:00:00Z,143.74,1273.15
2023-01-28T12:30:00Z,144.59,1331.0
2023-01-28T13:00:00Z,139.72,1386.0
2023-01-28T13:30:00Z,144.79,1392.9
2023-01-28T14:00:00Z,151.33,1424.65
2023-01-28T14:30:00Z,145.65,1558.0
2023-01-28T15:00:00Z,154.49,1172.95
2023-01-28T15:30:00Z,165.79,1155.0
2023-01-28T16:00:00Z,146.66,1577.9
2023-01-28T16:30:00Z,173.85,1409.7
2023-01-28T17:00:00Z,172.13,1251.95
2023-01-28T17:30:00Z,168.28,1250.5
2023-01-28T18:00:00Z,175.09,1393.1
2023-01-28T18:30:00Z,145.24,1161.6
2023-01-28T19:00:00Z,181.58,1114.15
2023-01-28T19:30:00Z,130.46,945.65
2023-01-28T20:00:00Z,161.46,907.8
2023-01-28T20:30:00Z,129.28,809.15
2023-01-28T21:00:00Z,149.11,663.75
2023-01-28T21:30:00Z,145.34,667.4
2023-01-28T22:00:00Z,146.48,940.5
2023-01-28T22:30:00Z,146.8,1193.1
2023-01-28T23:00:00Z,127.81999999999998,1211.6
2023-01-28T23:30:00Z,140.51,999.05
2023-01-29T00:00:00Z,124.04999999999998,658.25
2023-01-29T00:30:00Z,132.95,868.8
2023-01-29T01:00:00Z,131.53,1201.4
2023-01-29T01:30:00Z,124.33,952.25
2023-01-29T02:00:00Z,116.56,956.95
2023-01-29T02:30:00Z,118.34,1261.85
2023-01-29T03:00:00Z,105.13999999999999,1289.95
2023-01-29T03:30:00Z,105.3,1285.8
2023-01-29T04:00:00Z,98.78000000000002,1476.65
2023-01-29T04:30:00Z,91.92,1352.45
2023-01-29T05:00:00Z,103.52,1751.0
2023-01-29T05:30:00Z,94.49,1734.2
2023-01-29T06:00:00Z,99.65,2046.45
2023-01-29T06:30:00Z,92.11,2224.9
2023-01-29T07:00:00Z,108.56999999999998,1806.85
2023-01-29T07:30:00Z,122.48,1745.9
2023-01-29T08:00:00Z,116.78,1603.95
2023-01-29T08:30:00Z,123.02,2039.5
2023-01-29T09:00:00Z,134.52,1589.65
2023-01-29T09:30:00Z,146.18,1645.9
2023-01-29T10:00:00Z,141.65,1515.35
2023-01-29T10:30:00Z,141.96,1707.8
2023-01-29T11:00:00Z,148.12,1488.6
2023-01-29T11:30:00Z,137.15,1575.15
2023-01-29T12:00:00Z,107.71,1396.85
2023-01-29T12:30:00Z,95.53999999999999,1721.0
2023-01-29T13:00:00Z,107.47,1752.3
2023-01-29T13:30:00Z,89.66,1968.55
2023-01-29T14:00:00Z,97.47,2159.45
2023-01-29T14:30:00Z,107.16,2202.55
2023-01-29T15:00:00Z,94.24,1491.5
2023-01-29T15:30:00Z,105.16,1225.2
2023-01-29T16:00:00Z,95.19,1337.2
2023-01-29T16:30:00Z,128.27,1237.3
2023-01-29T17:00:00Z,130.85,1122.6
2023-01-29T17:30:00Z,143.16,1407.05
2023-01-29T18:00:00Z,152.5,1311.15
2023-01-29T18:30:00Z,141.92,1402.3
2023-01-29T19:00:00Z,150.71,1847.95
2023-01-29T19:30:00Z,142.36,1568.2
2023-01-29T20:00:00Z,137.84,2072.15
2023-01-29T20:30:00Z,131.48,1879.0
2023-01-29T21:00:00Z,135.52,1575.7
2023-01-29T21:30:00Z,109.27,1473.25
2023-01-29T22:00:00Z,135.94,1630.45
2023-01-29T22:30:00Z,124.33,1618.3
2023-01-29T23:00:00Z,105.08,978.55
2023-01-29T23:30:00Z,86.21,984.25
2023-01-30T00:00:00Z,96.94,1129.65
2023-01-30T00:30:00Z,132.26,1217.6
2023-01-30T01:00:00Z,118.92,1020.65
2023-01-30T01:30:00Z,115.81,1047.8
2023-01-30T02:00:00Z,110.48,868.7
2023-01-30T02:30:00Z,91.86,900.55
2023-01-30T03:00:00Z,108.62,1092.75
2023-01-30T03:30:00Z,108.11,1125.05
2023-01-30T04:00:00Z,113.33,927.35
2023-01-30T04:30:00Z,121.86,1058.7
2023-01-30T05:00:00Z,127.27000000000001,1169.0
2023-01-30T05:30:00Z,138.61,1081.85
2023-01-30T06:00:00Z,159.41,1488.95
2023-01-30T06:30:00Z,141.04,2054.8
2023-01-30T07:00:00Z,155.2,1369.55
2023-01-30T07:30:00Z,172.47,1588.2
2023-01-30T08:00:00Z,164.03,1476.9
2023-01-30T08:30:00Z,188.00000000000003,1442.45
2023-01-30T09:00:00Z,170.15,1844.6
2023-01-30T09:30:00Z,170.74999999999997,1687.65
2023-01-30T10:00:00Z,152.22,1502.2
2023-01-30T10:30:00Z,146.44,1320.65
2023-01-30T11:00:00Z,117.44999999999999,1255.3
2023-01-30T11:30:00Z,115.6,1699.85
2023-01-30T12:00:00Z,120.65000000000002,1616.4
2023-01-30T12:30:00Z,120.36,1536.55
2023-01-30T13:00:00Z,127.08,1823.55
2023-01-30T13:30:00Z,135.05,1657.4
2023-01-30T14:00:00Z,135.12,1632.35
2023-01-30T14:30:00Z,140.77,1609.1
2023-01-30T15:00:00Z,152.56,1692.7
2023-01-30T15:30:00Z,175.0,1847.0
2023-01-30T16:00:00Z,157.36,1859.8
2023-01-30T16:30:00Z,180.93,1696.6
2023-01-30T17:00:00Z,194.48,1951.55
2023-01-30T17:30:00Z,194.18,2148.45
2023-01-30T18:00:00Z,207.9,2169.3
2023-01-30T18:30:00Z,188.69,2239.9
2023-01-30T19:00:00Z,172.84,1674.5
2023-01-30T19:30:00Z,160.08,1734.75
2023-01-30T20:00:00Z,178.91,1750.25
2023-01-30T20:30:00Z,149.69,1676.0
2023-01-30T21:00:00Z,142.95,2019.35
2023-01-30T21:30:00Z,134.26,1853.55
2023-01-30T22:00:00Z,136.88,1869.45
2023-01-30T22:30:00Z,133.73,1988.75
2023-01-30T23:00:00Z,145.68,1255.7
2023-01-30T23:30:00Z,137.64,932.35
2023-01-31T00:00:00Z,139.14,1322.9
2023-01-31T00:30:00Z,137.88,1176.75
2023-01-31T01:00:00Z,121.15000000000002,1109.45
2023-01-31T01:30:00Z,79.4,1008.1
2023-01-31T02:00:00Z,97.48,1036.8
2023-01-31T02:30:00Z,82.53,1054.35
2023-01-31T03:00:00Z,77.35,963.55
2023-01-31T03:30:00Z,69.28,1222.7
2023-01-31T04:00:00Z,73.95,1166.85
2023-01-31T04:30:00Z,64.22,915.45
2023-01-31T05:00:00Z,76.03,807.55
2023-01-31T05:30:00Z,116.75,1041.55
2023-01-31T06:00:00Z,139.73,1367.3
2023-01-31T06:30:00Z,137.33,1289.95
2023-01-31T07:00:00Z,133.65,1239.8
2023-01-31T07:30:00Z,153.34,1328.4
2023-01-31T08:00:00Z,148.0,1344.5
2023-01-31T08:30:00Z,157.87,1327.7
2023-01-31T09:00:00Z,144.86,1264.85
2023-01-31T09:30:00Z,130.35,1478.45
2023-01-31T10:00:00Z,135.52,1608.25
2023-01-31T10:30:00Z,137.83,1919.85
2023-01-31T11:00:00Z,135.4,2300.15
2023-01-31T11:30:00Z,132.54,2469.0
2023-01-31T12:00:00Z,121.0,2399.1
2023-01-31T12:30:00Z,123.31,2500.95
2023-01-31T13:00:00Z,119.25,2807.0
2023-01-31T13:30:00Z,118.63,2902.85
2023-01-31T14:00:00Z,115.2,2864.6
2023-01-31T14:30:00Z,114.73,2861.15
2023-01-31T15:00:00Z,120.89,2008.85
2023-01-31T15:30:00Z,119.13999999999999,1694.95
2023-01-31T16:00:00Z,126.37,2026.3
2023-01-31T16:30:00Z,139.01,1839.6
2023-01-31T17:00:00Z,165.1,1323.55
2023-01-31T17:30:00Z,177.37,1607.75
2023-01-31T18:00:00Z,170.81,1420.7
2023-01-31T18:30:00Z,153.05,1494.75
2023-01-31T19:00:00Z,152.53000000000003,1721.15
2023-01-31T19:30:00Z,139.41,1606.45
2023-01-31T20:00:00Z,142.27,1271.4
2023-01-31T20:30:00Z,131.35,1632.3
2023-01-31T21:00:00Z,133.6,1976.55
2023-01-31T21:30:00Z,123.19,1706.3
2023-01-31T22:00:00Z,138.0,2043.95
2023-01-31T22:30:00Z,118.01,1939.8
2023-01-31T23:00:00Z,130.96,649.0
2023-01-31T23:30:00Z,60.02000000000001,652.3
2023-02-01T00:00:00Z,82.44,1014.65
2023-02-01T00:30:00Z,103.34,916.3
2023-02-01T01:00:00Z,104.11,1102.5
2023-02-01T01:30:00Z,83.1,1202.7
2023-02-01T02:00:00Z,88.02,1050.85
2023-02-01T02:30:00Z,89.62,1090.7
2023-02-01T03:00:00Z,54.08,1098.3
2023-02-01T03:30:00Z,48.06,1197.4
2023-02-01T04:00:00Z,58.5,1099.75
2023-02-01T04:30:00Z,60.8,1378.95
2023-02-01T05:00:00Z,84.89,895.3
2023-02-01T05:30:00Z,109.52,1034.9
2023-02-01T06:00:00Z,115.79,1181.25
2023-02-01T06:30:00Z,149.03,1755.6
2023-02-01T07:00:00Z,146.32,1762.0
2023-02-01T07:30:00Z,165.66,1305.15
2023-02-01T08:00:00Z,149.23,1182.85
2023-02-01T08:30:00Z,156.47,1328.25
2023-02-01T09:00:00Z,152.39,1228.45
2023-02-01T09:30:00Z,151.65,1288.5
2023-02-01T10:00:00Z,147.42,1299.25
2023-02-01T10:30:00Z,133.55,1680.4
2023-02-01T11:00:00Z,99.12,1792.25
2023-02-01T11:30:00Z,100.85,1831.55
2023-02-01T12:00:00Z,131.75,2077.4
2023-02-01T12:30:00Z,138.83,2029.6
2023-02-01T13:00:00Z,130.94,1971.65
2023-02-01T13:30:00Z,134.93,1914.25
2023-02-01T14:00:00Z,139.11,1792.35
2023-02-01T14:30:00Z,139.4,1842.6
2023-02-01T15:00:00Z,129.76,1966.2
2023-02-01T15:30:00Z,143.13,1938.6
2023-02-01T16:00:00Z,150.24,1804.3
2023-02-01T16:30:00Z,170.92,1673.25
2023-02-01T17:00:00Z,162.16,1603.7
2023-02-01T17:30:00Z,179.02,1594.5
2023-02-01T18:00:00Z,173.69,1667.6
2023-02-01T18:30:00Z,156.99,1714.85
2023-02-01T19:00:00Z,167.37,1462.1
2023-02-01T19:30:00Z,135.78,1246.15
2023-02-01T20:00:00Z,120.33,1299.9
2023-02-01T20:30:00Z,130.48,1742.95
2023-02-01T21:00:00Z,148.58,1301.25
2023-02-01T21:30:00Z,130.2,1261.75
2023-02-01T22:00:00Z,121.13,1391.75
2023-02-01T22:30:00Z,95.74,1705.55
2023-02-01T23:00:00Z,82.98,1079.4
2023-02-01T23:30:00Z,54.46,1032.3
2023-02-02T00:00:00Z,80.87,1094.55
2023-02-02T00:30:00Z,97.43,1281.65
2023-02-02T01:00:00Z,105.92,1169.55
2023-02-02T01:30:00Z,77.78,1153.4
2023-02-02T02:00:00Z,72.8,991.75
2023-02-02T02:30:00Z,72.62,1213.6
2023-02-02T03:00:00Z,87.4,1498.4
2023-02-02T03:30:00Z,79.65,1302.0
2023-02-02T04:00:00Z,95.84,1140.05
2023-02-02T04:30:00Z,93.61,1285.75
2023-02-02T05:00:00Z,104.42,1325.3
2023-02-02T05:30:00Z,119.67,1705.75
2023-02-02T06:00:00Z,135.2,1553.95
2023-02-02T06:30:00Z,151.65,1501.95
2023-02-02T07:00:00Z,164.7,1915.8
2023-02-02T07:30:00Z,177.01,1887.45
2023-02-02T08:00:00Z,157.94,2186.6
2023-02-02T08:30:00Z,148.22,2321.3
2023-02-02T09:00:00Z,141.21,1981.65
2023-02-02T09:30:00Z,120.12,2098.35
2023-02-02T10:00:00Z,121.71,1883.05
2023-02-02T10:30:00Z,131.01,2346.8
2023-02-02T11:00:00Z,143.2,1961.4
2023-02-02T11:30:00Z,130.8,2057.85
2023-02-02T12:00:00Z,133.49,2159.05
2023-02-02T12:30:00Z,129.86,2429.65
2023-02-02T13:00:00Z,139.21,2214.35
2023-02-02T13:30:00Z,136.6,2463.9
2023-02-02T14:00:00Z,143.17,2319.35
2023-02-02T14:30:00Z,142.21,2473.5
2023-02-02T15:00:00Z,138.62,2243.5
2023-02-02T15:30:00Z,143.3,2293.9
2023-02-02T16:00:00Z,145.0,2112.9
2023-02-02T16:30:00Z,158.9,2063.45
2023-02-02T17:00:00Z,157.34,2294.3
2023-02-02T17:30:00Z,159.76,2195.95
2023-02-02T18:00:00Z,154.9,2186.7
2023-02-02T18:30:00Z,144.76,2374.4
2023-02-02T19:00:00Z,146.65,1712.2
2023-02-02T19:30:00Z,145.66,1621.0
2023-02-02T20:00:00Z,143.14,1401.7
2023-02-02T20:30:00Z,141.55,1651.75
2023-02-02T21:00:00Z,134.51,1472.3
2023-02-02T21:30:00Z,103.52000000000001,1362.3
2023-02-02T22:00:00Z,130.0,1626.85
2023-02-02T22:30:00Z,85.86,1562.6
2023-02-02T23:00:00Z,97.55,1106.25
2023-02-02T23:30:00Z,45.02,911.65
2023-02-03T00:00:00Z,104.79,1011.5
2023-02-03T00:30:00Z,130.19,982.5
2023-02-03T01:00:00Z,103.78,1107.2
2023-02-03T01:30:00Z,82.68,1211.15
2023-02-03T02:00:00Z,87.81,1244.35
2023-02-03T02:30:00Z,92.49,1109.7
2023-02-03T03:00:00Z,106.77,1083.55
2023-02-03T03:30:00Z,99.66,1069.75
2023-02-03T04:00:00Z,66.9,1289.0
2023-02-03T04:30:00Z,58.33,1318.95
2023-02-03T05:00:00Z,85.39,1592.15
2023-02-03T05:30:00Z,136.64,1050.85
2023-02-03T06:00:00Z,112.32,1129.7
2023-02-03T06:30:00Z,107.85,1422.1
2023-02-03T07:00:00Z,82.41,2185.25
2023-02-03T07:30:00Z,140.03,1653.15
2023-02-03T08:00:00Z,130.93,1997.4
2023-02-03T08:30:00Z,163.03,1898.4
2023-02-03T09:00:00Z,146.7,1810.9
2023-02-03T09:30:00Z,152.77,1952.25
2023-02-03T10:00:00Z,145.27,2001.6
2023-02-03T10:30:00Z,148.91,1910.75
2023-02-03T11:00:00Z,144.03,1734.4
2023-02-03T11:30:00Z,140.05,1867.35
2023-02-03T12:00:00Z,143.05,2175.5
2023-02-03T12:30:00Z,136.95,2311.0
2023-02-03T13:00:00Z,135.53,2638.35
2023-02-03T13:30:00Z,132.53,2047.35
2023-02-03T14:00:00Z,122.45,2489.95
2023-02-03T14:30:00Z,134.99,2648.7
2023-02-03T15:00:00Z,146.68,1885.0
2023-02-03T15:30:00Z,143.68,2416.35
2023-02-03T16:00:00Z,159.46,2106.4
2023-02-03T16:30:00Z,171.47,2381.6
2023-02-03T17:00:00Z,178.39,2615.8
2023-02-03T17:30:00Z,179.05999999999997,3074.25
2023-02-03T18:00:00Z,184.63,2671.3
2023-02-03T18:30:00Z,177.49,2585.35
2023-02-03T19:00:00Z,181.24,2359.7
2023-02-03T19:30:00Z,172.24,2114.6
2023-02-03T20:00:00Z,170.89,2309.6
2023-02-03T20:30:00Z,169.33,2431.8
2023-02-03T21:00:00Z,170.35,2338.9
2023-02-03T21:30:00Z,171.67,2461.1
2023-02-03T22:00:00Z,165.17,2559.05
2023-02-03T22:30:00Z,154.77,2108.25
2023-02-03T23:00:00Z,148.83,1143.95
2023-02-03T23:30:00Z,162.18,566.85
2023-02-04T00:00:00Z,175.1,569.35
2023-02-04T00:30:00Z,183.36,420.75
2023-02-04T01:00:00Z,172.23000000000002,803.15
2023-02-04T01:30:00Z,174.22,736.35
2023-02-04T02:00:00Z,175.9,708.25
2023-02-04T02:30:00Z,172.99,822.4
2023-02-04T03:00:00Z,140.73,832.85
2023-02-04T03:30:00Z,126.16,721.7
2023-02-04T04:00:00Z,129.21,769.55
2023-02-04T04:30:00Z,122.02,714.15
2023-02-04T05:00:00Z,123.79,706.55
2023-02-04T05:30:00Z,121.60999999999999,671.25
2023-02-04T06:00:00Z,143.39,644.15
2023-02-04T06:30:00Z,130.09,1214.5
2023-02-04T07:00:00Z,145.96,1189.7
2023-02-04T07:30:00Z,153.94,1288.5
2023-02-04T08:00:00Z,138.72,934.7
2023-02-04T08:30:00Z,170.62,1046.2
2023-02-04T09:00:00Z,168.17,1262.7
2023-02-04T09:30:00Z,168.19,1258.5
2023-02-04T10:00:00Z,171.91,953.25
2023-02-04T10:30:00Z,173.67,1044.75
2023-02-04T11:00:00Z,176.52,1074.1
2023-02-04T11:30:00Z,175.86,1312.8
2023-02-04T12:00:00Z,164.91,1074.0
2023-02-04T12:30:00Z,151.65,1114.9
2023-02-04T13:00:00Z,126.79000000000002,1485.0
2023-02-04T13:30:00Z,129.16,1958.4
2023-02-04T14:00:00Z,134.34,1618.3
2023-02-04T14:30:00Z,131.67,1668.9
2023-02-04T15:00:00Z,133.64,1366.0
2023-02-04T15:30:00Z,135.21,1390.2
2023-02-04T16:00:00Z,137.23,1538.0
2023-02-04T16:30:00Z,157.72,1422.05
2023-02-04T17:00:00Z,144.36,1754.35
2023-02-04T17:30:00Z,154.33000000000004,1746.75
2023-02-04T18:00:00Z,164.85,1877.8
2023-02-04T18:30:00Z,150.68,1790.65
2023-02-04T19:00:00Z,131.62,1131.45
2023-02-04T19:30:00Z,125.79,1470.05
2023-02-04T20:00:00Z,128.09,1366.9
2023-02-04T20:30:00Z,142.29,1462.7
2023-02-04T21:00:00Z,144.73,1469.1
2023-02-04T21:30:00Z,134.22,1187.75
2023-02-04T22:00:00Z,117.07,1191.9
2023-02-04T22:30:00Z,110.7,1780.55
2023-02-04T23:00:00Z,116.73,995.9
2023-02-04T23:30:00Z,91.87,915.1
2023-02-05T00:00:00Z,101.08,858.85
2023-02-05T00:30:00Z,113.08,973.45
2023-02-05T01:00:00Z,87.18,737.1
2023-02-05T01:30:00Z,74.24,1025.0
2023-02-05T02:00:00Z,83.95,1223.35
2023-02-05T02:30:00Z,77.14,1021.9
2023-02-05T03:00:00Z,79.3,1289.7
2023-02-05T03:30:00Z,79.41,1432.9
2023-02-05T04:00:00Z,81.47,1359.25
2023-02-05T04:30:00Z,84.74,1130.15
2023-02-05T05:00:00Z,42.09,731.45
2023-02-05T05:30:00Z,46.61,764.55
2023-02-05T06:00:00Z,90.48,890.65
2023-02-05T06:30:00Z,101.29,998.8
2023-02-05T07:00:00Z,58.48,1264.55
2023-02-05T07:30:00Z,115.46,1477.15
2023-02-05T08:00:00Z,111.13,1405.1
2023-02-05T08:30:00Z,129.58,1338.6
2023-02-05T09:00:00Z,127.89000000000001,1336.35
2023-02-05T09:30:00Z,130.81,1244.6
2023-02-05T10:00:00Z,140.33,999.85
2023-02-05T10:30:00Z,147.04,1053.7
2023-02-05T11:00:00Z,145.8,1540.0
2023-02-05T11:30:00Z,150.18,1378.4
2023-02-05T12:00:00Z,157.18,1479.65
2023-02-05T12:30:00Z,142.67,1737.6
2023-02-05T13:00:00Z,141.43,1821.7
2023-02-05T13:30:00Z,145.63,1754.0
2023-02-05T14:00:00Z,119.55,1887.55
2023-02-05T14:30:00Z,121.34,1725.85
2023-02-05T15:00:00Z,120.5,2290.9
2023-02-05T15:30:00Z,126.83,1781.2
2023-02-05T16:00:00Z,127.84,1636.5
2023-02-05T16:30:00Z,163.13,1652.05
2023-02-05T17:00:00Z,173.48,1492.2
2023-02-05T17:30:00Z,181.47,1804.7
2023-02-05T18:00:00Z,193.59,1966.85
2023-02-05T18:30:00Z,188.97,2126.7
2023-02-05T19:00:00Z,184.4,1391.15
2023-02-05T19:30:00Z,165.1,1202.75
2023-02-05T20:00:00Z,170.43,1169.1
2023-02-05T20:30:00Z,154.26,917.0
2023-02-05T21:00:00Z,172.76,1182.9
2023-02-05T21:30:00Z,154.12,1117.15
2023-02-05T22:00:00Z,141.98,1264.55
2023-02-05T22:30:00Z,147.7,1316.35
2023-02-05T23:00:00Z,161.16,485.1
2023-02-05T23:30:00Z,142.73,722.15
2023-02-06T00:00:00Z,97.73,759.25
2023-02-06T00:30:00Z,129.57,692.8
2023-02-06T01:00:00Z,155.77,810.3
2023-02-06T01:30:00Z,135.09,816.5
2023-02-06T02:00:00Z,148.79,833.9
2023-02-06T02:30:00Z,136.34,833.1
2023-02-06T03:00:00Z,150.59,799.95
2023-02-06T03:30:00Z,139.28,624.45
2023-02-06T04:00:00Z,145.51000000000002,912.85
2023-02-06T04:30:00Z,116.07,1106.95
2023-02-06T05:00:00Z,173.48,982.95
2023-02-06T05:30:00Z,153.38,1145.0
2023-02-06T06:00:00Z,173.86,1225.15
2023-02-06T06:30:00Z,173.13,1404.75
2023-02-06T07:00:00Z,184.1,1369.5
2023-02-06T07:30:00Z,199.54,1275.0
2023-02-06T08:00:00Z,191.13,1118.6
2023-02-06T08:30:00Z,187.85,1006.55
2023-02-06T09:00:00Z,166.16,1452.4
2023-02-06T09:30:00Z,149.33,1045.1
2023-02-06T10:00:00Z,157.04,1499.05
2023-02-06T10:30:00Z,131.53,1296.0
2023-02-06T11:00:00Z,123.92,1713.15
2023-02-06T11:30:00Z,121.83,1977.65
2023-02-06T12:00:00Z,120.99,2320.8
2023-02-06T12:30:00Z,117.57,2159.35
2023-02-06T13:00:00Z,118.94999999999999,1941.7
2023-02-06T13:30:00Z,118.55,1856.2
2023-02-06T14:00:00Z,121.36,1925.35
2023-02-06T14:30:00Z,126.3,2171.1
2023-02-06T15:00:00Z,134.98,1668.05
2023-02-06T15:30:00Z,187.88,2084.9
2023-02-06T16:00:00Z,147.92,2032.7
2023-02-06T16:30:00Z,176.66,2085.5
2023-02-06T17:00:00Z,182.09,2217.05
2023-02-06T17:30:00Z,190.6,2103.8
2023-02-06T18:00:00Z,186.74,2135.85
2023-02-06T18:30:00Z,196.43,2490.1
2023-02-06T19:00:00Z,178.95,2055.35
2023-02-06T19:30:00Z,165.56999999999996,1802.65
2023-02-06T20:00:00Z,187.05,1550.95
2023-02-06T20:30:00Z,153.74,1381.35
2023-02-06T21:00:00Z,168.49,1424.25
2023-02-06T21:30:00Z,154.8,1361.2
2023-02-06T22:00:00Z,139.3,1419.8
2023-02-06T22:30:00Z,136.8,1975.25
2023-02-06T23:00:00Z,137.18,749.05
2023-02-06T23:30:00Z,153.63,781.15
2023-02-07T00:00:00Z,141.19,900.55
2023-02-07T00:30:00Z,158.99,581.5
2023-02-07T01:00:00Z,154.71,889.95
2023-02-07T01:30:00Z,146.83,1040.05
2023-02-07T02:00:00Z,142.45,964.7
2023-02-07T02:30:00Z,139.7,1030.6
2023-02-07T03:00:00Z,141.7,1087.8
2023-02-07T03:30:00Z,143.51,1090.75
2023-02-07T04:00:00Z,167.64,940.3
2023-02-07T04:30:00Z,156.89,1268.8
2023-02-07T05:00:00Z,173.05,672.25
2023-02-07T05:30:00Z,187.6,1202.0
2023-02-07T06:00:00Z,185.33,1705.6
2023-02-07T06:30:00Z,220.22,1550.5
2023-02-07T07:00:00Z,225.86,2291.45
2023-02-07T07:30:00Z,264.65,1590.95
2023-02-07T08:00:00Z,227.88,1965.25
2023-02-07T08:30:00Z,217.95,1777.1
2023-02-07T09:00:00Z,215.66,2018.0
2023-02-07T09:30:00Z,207.57,2230.05
2023-02-07T10:00:00Z,167.43,1885.65
2023-02-07T10:30:00Z,147.27,1887.85
2023-02-07T11:00:00Z,141.72,1865.25
2023-02-07T11:30:00Z,140.31,2013.65
2023-02-07T12:00:00Z,130.93,1917.0
2023-02-07T12:30:00Z,126.26,1993.65
2023-02-07T13:00:00Z,131.22,1871.85
2023-02-07T13:30:00Z,128.02,2074.15
2023-02-07T14:00:00Z,128.67,1957.1
2023-02-07T14:30:00Z,133.08,2060.65
2023-02-07T15:00:00Z,138.77,1776.75
2023-02-07T15:30:00Z,156.68,1891.0
2023-02-07T16:00:00Z,196.99,2258.9
2023-02-07T16:30:00Z,219.69,2283.65
2023-02-07T17:00:00Z,220.56999999999996,1759.8
2023-02-07T17:30:00Z,225.82,1884.25
2023-02-07T18:00:00Z,226.22,1914.5
2023-02-07T18:30:00Z,208.72,1780.7
2023-02-07T19:00:00Z,190.59,1706.85
2023-02-07T19:30:00Z,175.18,1915.05
2023-02-07T20:00:00Z,182.7,1868.6
2023-02-07T20:30:00Z,162.66,1519.0
2023-02-07T21:00:00Z,172.51,1652.75
2023-02-07T21:30:00Z,135.1,1076.9
2023-02-07T22:00:00Z,150.54,1032.9
2023-02-07T22:30:00Z,145.08,1302.65
2023-02-07T23:00:00Z,121.74,889.0
2023-02-07T23:30:00Z,127.35000000000001,646.75
2023-02-08T00:00:00Z,133.36,720.65
2023-02-08T00:30:00Z,142.15,899.95
2023-02-08T01:00:00Z,150.29,885.95
2023-02-08T01:30:00Z,127.51,817.95
2023-02-08T02:00:00Z,126.11,909.9
2023-02-08T02:30:00Z,119.25,920.05
2023-02-08T03:00:00Z,130.01,1111.35
2023-02-08T03:30:00Z,118.62000000000002,812.95
2023-02-08T04:00:00Z,135.63,1075.45
2023-02-08T04:30:00Z,120.54,834.2
2023-02-08T05:00:00Z,143.18,1057.65
2023-02-08T05:30:00Z,125.32,1016.65
2023-02-08T06:00:00Z,170.34,1404.5
2023-02-08T06:30:00Z,195.44,1044.05
2023-02-08T07:00:00Z,179.0,1601.9
2023-02-08T07:30:00Z,198.64,1291.35
2023-02-08T08:00:00Z,179.95,1343.2
2023-02-08T08:30:00Z,174.51,1145.0
2023-02-08T09:00:00Z,169.45,1489.65
2023-02-08T09:30:00Z,142.2,1243.4
2023-02-08T10:00:00Z,161.96,1678.6
2023-02-08T10:30:00Z,140.99,1736.2
2023-02-08T11:00:00Z,124.91,1969.9
2023-02-08T11:30:00Z,122.16,1912.1
2023-02-08T12:00:00Z,120.15,1879.85
2023-02-08T12:30:00Z,116.16,2087.05
2023-02-08T13:00:00Z,121.45,2130.0
2023-02-08T13:30:00Z,116.29,1963.15
2023-02-08T14:00:00Z,117.33,2048.25
2023-02-08T14:30:00Z,115.72,1949.8
2023-02-08T15:00:00Z,121.11,2167.8
2023-02-08T15:30:00Z,133.15,2055.15
2023-02-08T16:00:00Z,155.08,1937.9
2023-02-08T16:30:00Z,162.97,1798.1
2023-02-08T17:00:00Z,155.5,2192.9
2023-02-08T17:30:00Z,172.32,2238.3
2023-02-08T18:00:00Z,164.05,2380.35
2023-02-08T18:30:00Z,165.53,2435.8
2023-02-08T19:00:00Z,163.82,1990.75
2023-02-08T19:30:00Z,164.07999999999998,1824.1
2023-02-08T20:00:00Z,166.75000000000003,1767.95
2023-02-08T20:30:00Z,156.71,1620.9
2023-02-08T21:00:00Z,153.74,1503.35
2023-02-08T21:30:00Z,158.11,1602.05
2023-02-08T22:00:00Z,154.95,1262.0
2023-02-08T22:30:00Z,141.23,1716.5
2023-02-08T23:00:00Z,125.1,1071.9
2023-02-08T23:30:00Z,130.97,905.45
2023-02-09T00:00:00Z,122.39,926.9
2023-02-09T00:30:00Z,130.3,1083.6
2023-02-09T01:00:00Z,128.7,1236.1
2023-02-09T01:30:00Z,130.18,1178.15
2023-02-09T02:00:00Z,135.09,1031.15
2023-02-09T02:30:00Z,142.33,1399.4
2023-02-09T03:00:00Z,144.52000000000004,964.6
2023-02-09T03:30:00Z,140.72,976.15
2023-02-09T04:00:00Z,151.91,1188.95
2023-02-09T04:30:00Z,144.23,1098.35
2023-02-09T05:00:00Z,159.88,1277.6
2023-02-09T05:30:00Z,134.41,1415.65
2023-02-09T06:00:00Z,159.13,1740.1
2023-02-09T06:30:00Z,165.09,1925.2
2023-02-09T07:00:00Z,197.53,1901.7
2023-02-09T07:30:00Z,214.6,1964.15
2023-02-09T08:00:00Z,210.37,1862.6
2023-02-09T08:30:00Z,213.97,1980.05
2023-02-09T09:00:00Z,190.4,2144.65
2023-02-09T09:30:00Z,189.44,2446.15
2023-02-09T10:00:00Z,187.86,2377.75
2023-02-09T10:30:00Z,178.99,2236.9
2023-02-09T11:00:00Z,143.5,2450.55
2023-02-09T11:30:00Z,132.78,2050.65
2023-02-09T12:00:00Z,123.06,2069.8
2023-02-09T12:30:00Z,120.16,1960.6
2023-02-09T13:00:00Z,125.89,2046.35
2023-02-09T13:30:00Z,135.22,2286.65
2023-02-09T14:00:00Z,124.06999999999998,1880.3
2023-02-09T14:30:00Z,117.77,1771.3
2023-02-09T15:00:00Z,149.15,2027.35
2023-02-09T15:30:00Z,157.32,2065.1
2023-02-09T16:00:00Z,146.2,2645.3
2023-02-09T16:30:00Z,177.35,2505.55
2023-02-09T17:00:00Z,188.1,2469.5
2023-02-09T17:30:00Z,207.32,2259.0
2023-02-09T18:00:00Z,207.44000000000003,2609.35
2023-02-09T18:30:00Z,206.3,2333.85
2023-02-09T19:00:00Z,189.51,1571.3
2023-02-09T19:30:00Z,184.26,1378.9
2023-02-09T20:00:00Z,180.73,1570.35
2023-02-09T20:30:00Z,172.2,1255.95
2023-02-09T21:00:00Z,168.29,1214.2
2023-02-09T21:30:00Z,150.56,1472.55
2023-02-09T22:00:00Z,153.86,1664.45
2023-02-09T22:30:00Z,151.91,1998.55
2023-02-09T23:00:00Z,129.17,1098.2
2023-02-09T23:30:00Z,112.24,1163.7
2023-02-10T00:00:00Z,115.31999999999998,769.25
2023-02-10T00:30:00Z,118.06,861.2
2023-02-10T01:00:00Z,120.47,1071.55
2023-02-10T01:30:00Z,116.75,1270.95
2023-02-10T02:00:00Z,128.23,1277.0
2023-02-10T02:30:00Z,117.91,1009.6
2023-02-10T03:00:00Z,117.07,1121.65
2023-02-10T03:30:00Z,119.86999999999999,1377.1
2023-02-10T04:00:00Z,138.37,940.9
2023-02-10T04:30:00Z,140.39,1131.55
2023-02-10T05:00:00Z,144.46,1226.7
2023-02-10T05:30:00Z,119.44,1035.7
2023-02-10T06:00:00Z,152.3,1302.7
2023-02-10T06:30:00Z,166.56,1677.6
2023-02-10T07:00:00Z,170.34,1297.5
2023-02-10T07:30:00Z,185.0,1162.3
2023-02-10T08:00:00Z,181.22,1545.25
2023-02-10T08:30:00Z,179.23999999999998,1519.45
2023-02-10T09:00:00Z,157.16,2251.25
2023-02-10T09:30:00Z,144.85,2014.75
2023-02-10T10:00:00Z,151.51,2193.55
2023-02-10T10:30:00Z,151.11,2180.95
2023-02-10T11:00:00Z,135.55,1933.45
2023-02-10T11:30:00Z,132.21,2160.55
2023-02-10T12:00:00Z,125.37000000000002,2101.05
2023-02-10T12:30:00Z,128.06,2178.5
2023-02-10T13:00:00Z,131.34,2179.95
2023-02-10T13:30:00Z,127.96,2031.0
2023-02-10T14:00:00Z,128.87,2136.75
2023-02-10T14:30:00Z,126.96,2393.4
2023-02-10T15:00:00Z,147.31,1123.9
2023-02-10T15:30:00Z,140.89,1310.95
2023-02-10T16:00:00Z,131.64,1446.5
2023-02-10T16:30:00Z,146.31,1471.15
2023-02-10T17:00:00Z,152.46,1267.05
2023-02-10T17:30:00Z,163.25,1367.15
2023-02-10T18:00:00Z,150.08,1473.7
2023-02-10T18:30:00Z,137.86,1298.45
2023-02-10T19:00:00Z,148.92,1347.75
2023-02-10T19:30:00Z,129.62,1221.8
2023-02-10T20:00:00Z,140.88,1089.6
2023-02-10T20:30:00Z,127.42,1162.35
2023-02-10T21:00:00Z,139.99,1463.35
2023-02-10T21:30:00Z,143.26,1318.05
2023-02-10T22:00:00Z,147.95,1530.9
2023-02-10T22:30:00Z,149.8,1639.55
2023-02-10T23:00:00Z,107.27,943.7
2023-02-10T23:30:00Z,80.94999999999999,904.95
2023-02-11T00:00:00Z,78.25,957.05
2023-02-11T00:30:00Z,118.46,973.0
2023-02-11T01:00:00Z,102.05,1157.3
2023-02-11T01:30:00Z,90.83,1008.0
2023-02-11T02:00:00Z,102.43,1003.25
2023-02-11T02:30:00Z,106.39,1096.6
2023-02-11T03:00:00Z,82.42999999999999,897.9
2023-02-11T03:30:00Z,95.22,957.65
2023-02-11T04:00:00Z,114.53,1063.7
2023-02-11T04:30:00Z,115.8,997.75
2023-02-11T05:00:00Z,131.9,927.7
2023-02-11T05:30:00Z,137.39,866.7
2023-02-11T06:00:00Z,146.34,1293.4
2023-02-11T06:30:00Z,119.05,971.65
2023-02-11T07:00:00Z,133.45,1561.75
2023-02-11T07:30:00Z,115.65,1258.75
2023-02-11T08:00:00Z,117.7,1008.05
2023-02-11T08:30:00Z,152.53,1255.4
2023-02-11T09:00:00Z,130.95,918.5
2023-02-11T09:30:00Z,156.7,979.1
2023-02-11T10:00:00Z,148.79,1330.9
2023-02-11T10:30:00Z,160.67,1039.0
2023-02-11T11:00:00Z,167.38,1197.1
2023-02-11T11:30:00Z,172.18,1127.5
2023-02-11T12:00:00Z,174.27,1043.7
2023-02-11T12:30:00Z,174.59,1156.15
2023-02-11T13:00:00Z,157.12000000000003,1820.1
2023-02-11T13:30:00Z,146.84,2094.85
2023-02-11T14:00:00Z,141.39,1987.95
2023-02-11T14:30:00Z,150.84,1970.65
2023-02-11T15:00:00Z,165.63,1289.15
2023-02-11T15:30:00Z,172.53,1628.3
2023-02-11T16:00:00Z,179.36,1794.5
2023-02-11T16:30:00Z,189.39,1753.25
2023-02-11T17:00:00Z,200.16,1820.4
2023-02-11T17:30:00Z,209.45000000000002,1770.8
2023-02-11T18:00:00Z,209.17,1818.7
2023-02-11T18:30:00Z,203.55,1726.55
2023-02-11T19:00:00Z,188.34,1495.2
2023-02-11T19:30:00Z,181.54,1235.95
2023-02-11T20:00:00Z,179.66,1050.3
2023-02-11T20:30:00Z,154.03,1077.95
2023-02-11T21:00:00Z,170.92,909.2
2023-02-11T21:30:00Z,140.5,789.0
2023-02-11T22:00:00Z,137.68,879.7
2023-02-11T22:30:00Z,134.71,1042.45
2023-02-11T23:00:00Z,121.4,1107.55
2023-02-11T23:30:00Z,129.85,537.95
2023-02-12T00:00:00Z,132.47,649.4
2023-02-12T00:30:00Z,150.67,679.0
2023-02-12T01:00:00Z,134.9,931.25
2023-02-12T01:30:00Z,124.27,620.95
2023-02-12T02:00:00Z,126.24000000000001,617.4
2023-02-12T02:30:00Z,126.96,814.95
2023-02-12T03:00:00Z,139.73,667.1
2023-02-12T03:30:00Z,128.44,719.75
2023-02-12T04:00:00Z,121.24000000000001,611.15
2023-02-12T04:30:00Z,119.43,579.95
2023-02-12T05:00:00Z,120.92999999999999,698.25
2023-02-12T05:30:00Z,125.82,587.05
2023-02-12T06:00:00Z,142.64,965.7
2023-02-12T06:30:00Z,142.66,1011.35
2023-02-12T07:00:00Z,143.93,1020.35
2023-02-12T07:30:00Z,135.01,1018.0
2023-02-12T08:00:00Z,135.07,907.3
2023-02-12T08:30:00Z,155.43,985.05
2023-02-12T09:00:00Z,131.97,1020.5
2023-02-12T09:30:00Z,143.84,1167.35
2023-02-12T10:00:00Z,154.71,1262.15
2023-02-12T10:30:00Z,156.07,1330.85
2023-02-12T11:00:00Z,167.1,1152.5
2023-02-12T11:30:00Z,171.92,1201.25
2023-02-12T12:00:00Z,167.59,1145.65
2023-02-12T12:30:00Z,162.28,1109.35
2023-02-12T13:00:00Z,158.51,1118.7
2023-02-12T13:30:00Z,157.64,1445.6
2023-02-12T14:00:00Z,156.66,1291.15
2023-02-12T14:30:00Z,154.1,1514.85
2023-02-12T15:00:00Z,159.28,1426.25
2023-02-12T15:30:00Z,150.9,1440.55
2023-02-12T16:00:00Z,155.46,1443.45
2023-02-12T16:30:00Z,175.83,1393.35
2023-02-12T17:00:00Z,187.88,1119.3
2023-02-12T17:30:00Z,194.17,1365.85
2023-02-12T18:00:00Z,191.52,1350.55
2023-02-12T18:30:00Z,177.5,1136.25
2023-02-12T19:00:00Z,172.51,1162.95
2023-02-12T19:30:00Z,138.26,965.25
2023-02-12T20:00:00Z,165.95,1025.05
2023-02-12T20:30:00Z,132.6,965.95
2023-02-12T21:00:00Z,140.34,913.45
2023-02-12T21:30:00Z,140.98,1483.1
2023-02-12T22:00:00Z,141.25,1461.25
2023-02-12T22:30:00Z,121.60999999999999,1388.5
2023-02-12T23:00:00Z,104.05,638.75
2023-02-12T23:30:00Z,96.63,810.9
2023-02-13T00:00:00Z,108.9,848.7
2023-02-13T00:30:00Z,123.28,880.8
2023-02-13T01:00:00Z,116.16,685.8
2023-02-13T01:30:00Z,110.89,579.3
2023-02-13T02:00:00Z,109.94,708.9
2023-02-13T02:30:00Z,107.69,717.15
2023-02-13T03:00:00Z,113.23,881.85
2023-02-13T03:30:00Z,110.68,833.45
2023-02-13T04:00:00Z,121.94,1056.65
2023-02-13T04:30:00Z,101.8,927.4
2023-02-13T05:00:00Z,132.54,1165.4
2023-02-13T05:30:00Z,135.98,836.6
2023-02-13T06:00:00Z,165.26,1039.35
2023-02-13T06:30:00Z,185.42,1140.7
2023-02-13T07:00:00Z,168.94,1338.95
2023-02-13T07:30:00Z,188.09,1494.5
2023-02-13T08:00:00Z,162.01,1262.95
2023-02-13T08:30:00Z,179.13,1296.55
2023-02-13T09:00:00Z,180.36,1637.9
2023-02-13T09:30:00Z,165.47,1606.3
2023-02-13T10:00:00Z,142.08,1533.95
2023-02-13T10:30:00Z,145.19,2171.3
2023-02-13T11:00:00Z,150.87,2060.7
2023-02-13T11:30:00Z,125.26000000000002,1569.2
2023-02-13T12:00:00Z,123.63,1504.9
2023-02-13T12:30:00Z,123.11,1726.8
2023-02-13T13:00:00Z,127.16,2266.25
2023-02-13T13:30:00Z,123.97,2020.2
2023-02-13T14:00:00Z,125.51,1918.3
2023-02-13T14:30:00Z,124.41,1901.6
2023-02-13T15:00:00Z,142.29,1375.7
2023-02-13T15:30:00Z,148.13,1389.65
2023-02-13T16:00:00Z,148.41,1120.6
2023-02-13T16:30:00Z,166.92,1328.4
2023-02-13T17:00:00Z,174.65,1787.2
2023-02-13T17:30:00Z,188.06,1915.65
2023-02-13T18:00:00Z,180.39,1795.65
2023-02-13T18:30:00Z,167.07,1628.7
2023-02-13T19:00:00Z,160.96,1609.45
2023-02-13T19:30:00Z,137.11,1355.0
2023-02-13T20:00:00Z,145.66,1946.35
2023-02-13T20:30:00Z,150.74,1627.8
2023-02-13T21:00:00Z,157.68,1792.3
2023-02-13T21:30:00Z,144.49,1601.55
2023-02-13T22:00:00Z,139.3,1537.85
2023-02-13T22:30:00Z,128.05,2113.35
2023-02-13T23:00:00Z,133.23,1209.55
2023-02-13T23:30:00Z,143.4,893.0
2023-02-14T00:00:00Z,123.74000000000001,1528.4
2023-02-14T00:30:00Z,140.07,1214.85
2023-02-14T01:00:00Z,143.77,893.4
2023-02-14T01:30:00Z,128.57,1077.6
2023-02-14T02:00:00Z,126.75,1030.0
2023-02-14T02:30:00Z,125.11,1003.75
2023-02-14T03:00:00Z,133.16,1057.45
2023-02-14T03:30:00Z,121.22,1293.5
2023-02-14T04:00:00Z,133.83,1151.45
2023-02-14T04:30:00Z,134.06,1249.45
2023-02-14T05:00:00Z,157.27,1456.75
2023-02-14T05:30:00Z,160.81,1670.55
2023-02-14T06:00:00Z,173.42,1704.25
2023-02-14T06:30:00Z,170.13,2144.8
2023-02-14T07:00:00Z,167.4,2154.4
2023-02-14T07:30:00Z,186.16,2499.15
2023-02-14T08:00:00Z,156.83,2469.95
2023-02-14T08:30:00Z,166.32,2204.05
2023-02-14T09:00:00Z,164.7,2459.1
2023-02-14T09:30:00Z,159.24,2605.0
2023-02-14T10:00:00Z,155.11,2552.95
2023-02-14T10:30:00Z,153.06,2692.0
2023-02-14T11:00:00Z,141.95,2915.15
2023-02-14T11:30:00Z,133.83,2577.05
2023-02-14T12:00:00Z,130.79,2491.65
2023-02-14T12:30:00Z,133.4,2745.65
2023-02-14T13:00:00Z,142.08,2439.3
2023-02-14T13:30:00Z,129.03,2686.55
2023-02-14T14:00:00Z,133.52,2332.4
2023-02-14T14:30:00Z,131.05,2171.65
2023-02-14T15:00:00Z,156.2,1356.8
2023-02-14T15:30:00Z,156.57,1885.85
2023-02-14T16:00:00Z,164.44,1886.25
2023-02-14T16:30:00Z,190.38,1961.7
2023-02-14T17:00:00Z,172.14,1640.95
2023-02-14T17:30:00Z,188.27,1720.6
2023-02-14T18:00:00Z,184.86,1668.55
2023-02-14T18:30:00Z,184.88,1883.3
2023-02-14T19:00:00Z,173.19,2077.7
2023-02-14T19:30:00Z,152.51,1517.7
2023-02-14T20:00:00Z,153.35,1365.8
2023-02-14T20:30:00Z,146.97273805023883,1455.05
2023-02-14T21:00:00Z,137.78,1423.7
2023-02-14T21:30:00Z,145.47,1927.0
2023-02-14T22:00:00Z,144.93,2176.85
2023-02-14T22:30:00Z,142.25,2223.05
2023-02-14T23:00:00Z,136.13,1382.95
2023-02-14T23:30:00Z,135.8,1436.9
2023-02-15T00:00:00Z,125.02,1413.65
2023-02-15T00:30:00Z,131.94,1292.05
2023-02-15T01:00:00Z,134.41,1121.65
2023-02-15T01:30:00Z,124.59000000000002,1155.75
2023-02-15T02:00:00Z,128.6,1449.6
2023-02-15T02:30:00Z,117.80000000000001,1357.3
2023-02-15T03:00:00Z,128.94,934.7
2023-02-15T03:30:00Z,129.19,1080.5
2023-02-15T04:00:00Z,144.6,1162.05
2023-02-15T04:30:00Z,133.63,1523.75
2023-02-15T05:00:00Z,159.99,1352.7
2023-02-15T05:30:00Z,161.16,1412.6
2023-02-15T06:00:00Z,165.73,1857.95
2023-02-15T06:30:00Z,167.95,2112.65
2023-02-15T07:00:00Z,165.39,1537.2
2023-02-15T07:30:00Z,179.58,1412.4
2023-02-15T08:00:00Z,149.98,1466.55
2023-02-15T08:30:00Z,164.18,1395.7
2023-02-15T09:00:00Z,152.36,1507.9
2023-02-15T09:30:00Z,147.15,1434.45
2023-02-15T10:00:00Z,152.28,1850.45
2023-02-15T10:30:00Z,149.6,2290.4
2023-02-15T11:00:00Z,143.6,2536.0
2023-02-15T11:30:00Z,141.47,2584.4
2023-02-15T12:00:00Z,130.44,2322.7
2023-02-15T12:30:00Z,126.42,2751.05
2023-02-15T13:00:00Z,133.6,2656.05
2023-02-15T13:30:00Z,129.8,2886.4
2023-02-15T14:00:00Z,130.98,2543.6
2023-02-15T14:30:00Z,126.01,2539.55
2023-02-15T15:00:00Z,135.04,2062.8
2023-02-15T15:30:00Z,151.18,2168.5
2023-02-15T16:00:00Z,155.15,2265.55
2023-02-15T16:30:00Z,164.92,2243.65
2023-02-15T17:00:00Z,157.63,2364.65
2023-02-15T17:30:00Z,169.61,2379.15
2023-02-15T18:00:00Z,164.99,2916.45
2023-02-15T18:30:00Z,166.72,2819.55
2023-02-15T19:00:00Z,173.27,2442.45
2023-02-15T19:30:00Z,168.61,2115.35
2023-02-15T20:00:00Z,164.91,1936.65
2023-02-15T20:30:00Z,162.8,1717.5
2023-02-15T21:00:00Z,158.71,1418.85
2023-02-15T21:30:00Z,151.76,1561.5
2023-02-15T22:00:00Z,161.64,1755.95
2023-02-15T22:30:00Z,154.4,2591.75
2023-02-15T23:00:00Z,112.92999999999999,1318.55
2023-02-15T23:30:00Z,110.68999999999998,1461.25
2023-02-16T00:00:00Z,115.32999999999998,1352.55
2023-02-16T00:30:00Z,126.51,1244.85
2023-02-16T01:00:00Z,119.24,1110.0
2023-02-16T01:30:00Z,115.2,1059.75
2023-02-16T02:00:00Z,112.9,1104.2
2023-02-16T02:30:00Z,115.81,1094.65
2023-02-16T03:00:00Z,117.11999999999999,1299.4
2023-02-16T03:30:00Z,119.63000000000001,1226.35
2023-02-16T04:00:00Z,124.91,1013.95
2023-02-16T04:30:00Z,118.54,1034.1
2023-02-16T05:00:00Z,126.88999999999999,1075.2
2023-02-16T05:30:00Z,128.4,1168.1
2023-02-16T06:00:00Z,146.46,1522.2
2023-02-16T06:30:00Z,155.2,1718.15
2023-02-16T07:00:00Z,158.31,1735.9
2023-02-16T07:30:00Z,178.0,2109.65
2023-02-16T08:00:00Z,141.79,1647.8
2023-02-16T08:30:00Z,142.9,1869.95
2023-02-16T09:00:00Z,128.39,2144.05
2023-02-16T09:30:00Z,128.47,2501.15
2023-02-16T10:00:00Z,141.0,3229.8
2023-02-16T10:30:00Z,137.11,3373.15
2023-02-16T11:00:00Z,129.41,2141.1
2023-02-16T11:30:00Z,124.19999999999999,2407.9
2023-02-16T12:00:00Z,118.65,2355.7
2023-02-16T12:30:00Z,115.09999999999998,2374.15
2023-02-16T13:00:00Z,117.9,3008.15
2023-02-16T13:30:00Z,120.65,3267.35
2023-02-16T14:00:00Z,121.88,3255.85
2023-02-16T14:30:00Z,121.51,3219.95
2023-02-16T15:00:00Z,124.17,3245.25
2023-02-16T15:30:00Z,123.28,2925.85
2023-02-16T16:00:00Z,121.52,2821.55
2023-02-16T16:30:00Z,123.07000000000001,2867.35
2023-02-16T17:00:00Z,126.59,2980.75
2023-02-16T17:30:00Z,128.99,3288.55
2023-02-16T18:00:00Z,128.65,3548.6
2023-02-16T18:30:00Z,125.05,3530.6
2023-02-16T19:00:00Z,122.27,4024.85
2023-02-16T19:30:00Z,123.35,3572.75
2023-02-16T20:00:00Z,116.96,3292.75
2023-02-16T20:30:00Z,113.60000000000001,2867.3
2023-02-16T21:00:00Z,116.21,3041.25
2023-02-16T21:30:00Z,109.08,3092.05
2023-02-16T22:00:00Z,111.89,2828.65
2023-02-16T22:30:00Z,90.88999999999999,3231.45
2023-02-16T23:00:00Z,104.23,1264.25
2023-02-16T23:30:00Z,46.92,1500.1
2023-02-17T00:00:00Z,76.18,1186.4
2023-02-17T00:30:00Z,96.75,1194.15
2023-02-17T01:00:00Z,81.02,1141.05
2023-02-17T01:30:00Z,56.85,1078.6
2023-02-17T02:00:00Z,83.66,1132.7
2023-02-17T02:30:00Z,62.07,1277.55
2023-02-17T03:00:00Z,82.89,1256.85
2023-02-17T03:30:00Z,52.51,1114.4
2023-02-17T04:00:00Z,60.22,991.85
2023-02-17T04:30:00Z,53.8,1010.55
2023-02-17T05:00:00Z,60.64,1033.75
2023-02-17T05:30:00Z,94.72,1249.7
2023-02-17T06:00:00Z,76.71,1290.95
2023-02-17T06:30:00Z,113.18,1695.0
2023-02-17T07:00:00Z,123.56000000000002,1752.7
2023-02-17T07:30:00Z,138.73,1406.7
2023-02-17T08:00:00Z,107.3,1997.2
2023-02-17T08:30:00Z,120.51999999999998,2243.65
2023-02-17T09:00:00Z,112.89,2359.4
2023-02-17T09:30:00Z,113.41,2472.8
2023-02-17T10:00:00Z,96.85,2699.8
2023-02-17T10:30:00Z,85.84,2767.95
2023-02-17T11:00:00Z,81.69,2552.95
2023-02-17T11:30:00Z,88.15,2908.6
2023-02-17T12:00:00Z,81.98,2210.65
2023-02-17T12:30:00Z,78.49,2175.9
2023-02-17T13:00:00Z,79.77,2111.2
2023-02-17T13:30:00Z,84.17,2050.2
2023-02-17T14:00:00Z,88.08,2149.95
2023-02-17T14:30:00Z,97.75,2396.2
2023-02-17T15:00:00Z,104.6,2408.3
2023-02-17T15:30:00Z,105.81,2304.95
2023-02-17T16:00:00Z,104.6,2096.25
2023-02-17T16:30:00Z,131.25,2072.6
2023-02-17T17:00:00Z,112.01,2000.75
2023-02-17T17:30:00Z,141.88,2237.3
2023-02-17T18:00:00Z,146.07,1902.95
2023-02-17T18:30:00Z,143.78,2299.65
2023-02-17T19:00:00Z,155.05,2030.45
2023-02-17T19:30:00Z,155.01,1972.65
2023-02-17T20:00:00Z,155.56,1716.45
2023-02-17T20:30:00Z,150.4,1814.55
2023-02-17T21:00:00Z,147.03,2234.2
2023-02-17T21:30:00Z,128.13,2016.4
2023-02-17T22:00:00Z,126.44,2030.2
2023-02-17T22:30:00Z,124.33,2659.25
2023-02-17T23:00:00Z,122.46,1747.45
2023-02-17T23:30:00Z,127.54000000000002,1246.95
2023-02-18T00:00:00Z,119.99,856.4
2023-02-18T00:30:00Z,103.72,784.35
2023-02-18T01:00:00Z,112.24,828.35
2023-02-18T01:30:00Z,76.52,1027.55
2023-02-18T02:00:00Z,80.47,735.75
2023-02-18T02:30:00Z,70.71,990.3
2023-02-18T03:00:00Z,64.96,768.65
2023-02-18T03:30:00Z,45.14,861.6
2023-02-18T04:00:00Z,51.37,847.95
2023-02-18T04:30:00Z,49.3,940.75
2023-02-18T05:00:00Z,78.21,889.3
2023-02-18T05:30:00Z,86.83999999999999,945.05
2023-02-18T06:00:00Z,76.76,1023.4
2023-02-18T06:30:00Z,99.78999999999999,753.9
2023-02-18T07:00:00Z,60.68,607.95
2023-02-18T07:30:00Z,95.4,1070.1
2023-02-18T08:00:00Z,59.65,1073.2
2023-02-18T08:30:00Z,99.36,1368.7
2023-02-18T09:00:00Z,65.67,1128.3
2023-02-18T09:30:00Z,77.6,1231.95
2023-02-18T10:00:00Z,86.94,1108.45
2023-02-18T10:30:00Z,97.64,1449.75
2023-02-18T11:00:00Z,112.79,1264.9
2023-02-18T11:30:00Z,109.67,1404.85
2023-02-18T12:00:00Z,115.46000000000001,1492.4
2023-02-18T12:30:00Z,117.86,1663.6
2023-02-18T13:00:00Z,120.1,1381.65
2023-02-18T13:30:00Z,119.93999999999998,1658.3
2023-02-18T14:00:00Z,113.0,1395.1
2023-02-18T14:30:00Z,109.9,1577.05
2023-02-18T15:00:00Z,134.66,1206.65
2023-02-18T15:30:00Z,138.87,1369.1
2023-02-18T16:00:00Z,153.41,1030.85
2023-02-18T16:30:00Z,165.8,1812.35
2023-02-18T17:00:00Z,171.07,1648.55
2023-02-18T17:30:00Z,179.3,1678.8
2023-02-18T18:00:00Z,176.97,2024.35
2023-02-18T18:30:00Z,158.23,2110.45
2023-02-18T19:00:00Z,156.11,1321.2
2023-02-18T19:30:00Z,137.61,1684.0
2023-02-18T20:00:00Z,115.56999999999998,1574.1
2023-02-18T20:30:00Z,122.54,1250.45
2023-02-18T21:00:00Z,123.31,1810.6
2023-02-18T21:30:00Z,124.10999999999999,1714.8
2023-02-18T22:00:00Z,132.57,1587.25
2023-02-18T22:30:00Z,126.97000000000001,1425.65
2023-02-18T23:00:00Z,117.33000000000001,942.1
2023-02-18T23:30:00Z,95.17,1290.7
2023-02-19T00:00:00Z,87.61,687.65
2023-02-19T00:30:00Z,105.39000000000001,669.25
2023-02-19T01:00:00Z,106.38,714.2
2023-02-19T01:30:00Z,100.82,748.1
2023-02-19T02:00:00Z,94.63,604.75
2023-02-19T02:30:00Z,89.84,800.35
2023-02-19T03:00:00Z,103.51,819.0
2023-02-19T03:30:00Z,104.87,912.15
2023-02-19T04:00:00Z,102.67,918.55
2023-02-19T04:30:00Z,102.92,1056.0
2023-02-19T05:00:00Z,98.26,787.3
2023-02-19T05:30:00Z,105.56,1066.5
2023-02-19T06:00:00Z,122.64000000000001,755.75
2023-02-19T06:30:00Z,129.96,1099.55
2023-02-19T07:00:00Z,139.93,1137.35
2023-02-19T07:30:00Z,141.56,1138.9
2023-02-19T08:00:00Z,137.7,1180.8
2023-02-19T08:30:00Z,138.46,1502.15
2023-02-19T09:00:00Z,144.22,1797.55
2023-02-19T09:30:00Z,137.51,1608.75
2023-02-19T10:00:00Z,132.17,1447.45
2023-02-19T10:30:00Z,116.74,1555.6
2023-02-19T11:00:00Z,103.47,1524.1
2023-02-19T11:30:00Z,88.98,1487.1
2023-02-19T12:00:00Z,84.46,1422.75
2023-02-19T12:30:00Z,76.15,1297.3
2023-02-19T13:00:00Z,100.96,2224.7
2023-02-19T13:30:00Z,89.57,2079.95
2023-02-19T14:00:00Z,80.7,2025.45
2023-02-19T14:30:00Z,82.29,2120.25
2023-02-19T15:00:00Z,102.88,1332.95
2023-02-19T15:30:00Z,121.15,1743.75
2023-02-19T16:00:00Z,122.57,1338.2
2023-02-19T16:30:00Z,135.39,1406.8
2023-02-19T17:00:00Z,141.45,1410.05
2023-02-19T17:30:00Z,158.44,1779.8
2023-02-19T18:00:00Z,155.58,1433.8
2023-02-19T18:30:00Z,130.51,1234.15
2023-02-19T19:00:00Z,146.25,1393.15
2023-02-19T19:30:00Z,118.8,1551.45
2023-02-19T20:00:00Z,119.17,1314.3
2023-02-19T20:30:00Z,102.48,1195.75
2023-02-19T21:00:00Z,104.8,1577.55
2023-02-19T21:30:00Z,84.2,1401.05
2023-02-19T22:00:00Z,93.7,1239.15
2023-02-19T22:30:00Z,59.739999999999995,1395.3
2023-02-19T23:00:00Z,105.02,776.7
2023-02-19T23:30:00Z,81.35,771.25
2023-02-20T00:00:00Z,86.57,723.1
2023-02-20T00:30:00Z,109.11000000000001,902.1
2023-02-20T01:00:00Z,108.73,1070.4
2023-02-20T01:30:00Z,99.63,923.05
2023-02-20T02:00:00Z,87.03999999999999,912.05
2023-02-20T02:30:00Z,76.69,927.65
2023-02-20T03:00:00Z,55.59,693.7
2023-02-20T03:30:00Z,47.77,827.1
2023-02-20T04:00:00Z,46.33,808.35
2023-02-20T04:30:00Z,51.28,831.85
2023-02-20T05:00:00Z,63.82,935.2
2023-02-20T05:30:00Z,72.36,965.0
2023-02-20T06:00:00Z,83.69,1101.9
2023-02-20T06:30:00Z,117.94,1479.85
2023-02-20T07:00:00Z,92.72,1342.15
2023-02-20T07:30:00Z,136.36,1242.35
2023-02-20T08:00:00Z,113.27,1601.55
2023-02-20T08:30:00Z,119.71,1254.45
2023-02-20T09:00:00Z,116.63,1311.8
2023-02-20T09:30:00Z,109.64,999.7
2023-02-20T10:00:00Z,114.36,1485.25
2023-02-20T10:30:00Z,102.6,1889.35
2023-02-20T11:00:00Z,92.26,1563.8
2023-02-20T11:30:00Z,91.61,1736.45
2023-02-20T12:00:00Z,93.73,1806.2
2023-02-20T12:30:00Z,91.93,1923.15
2023-02-20T13:00:00Z,91.23,1727.65
2023-02-20T13:30:00Z,90.87,1733.15
2023-02-20T14:00:00Z,106.73000000000002,2471.05
2023-02-20T14:30:00Z,99.6,2852.3
2023-02-20T15:00:00Z,105.09,2049.15
2023-02-20T15:30:00Z,108.95,2136.5
2023-02-20T16:00:00Z,112.61000000000001,2367.85
2023-02-20T16:30:00Z,129.57,2049.75
2023-02-20T17:00:00Z,119.98,1592.6
2023-02-20T17:30:00Z,152.07,2114.15
2023-02-20T18:00:00Z,142.26,1901.45
2023-02-20T18:30:00Z,144.92,2290.4
2023-02-20T19:00:00Z,142.35,1571.35
2023-02-20T19:30:00Z,134.09,1311.95
2023-02-20T20:00:00Z,141.71,1595.25
2023-02-20T20:30:00Z,116.58,1137.8
2023-02-20T21:00:00Z,153.53,1550.75
2023-02-20T21:30:00Z,129.66,1131.75
2023-02-20T22:00:00Z,131.48,1156.15
2023-02-20T22:30:00Z,125.64999999999999,1241.85
2023-02-20T23:00:00Z,156.66,1080.2
2023-02-20T23:30:00Z,141.05,977.4
2023-02-21T00:00:00Z,133.17,954.55
2023-02-21T00:30:00Z,165.92,964.3
2023-02-21T01:00:00Z,152.12,1155.85
2023-02-21T01:30:00Z,151.88,1138.45
2023-02-21T02:00:00Z,144.66,1477.95
2023-02-21T02:30:00Z,135.26,1830.55
2023-02-21T03:00:00Z,139.39,1669.75
2023-02-21T03:30:00Z,140.08,1470.55
2023-02-21T04:00:00Z,144.38,1504.05
2023-02-21T04:30:00Z,133.56,1638.7
2023-02-21T05:00:00Z,162.84,1226.75
2023-02-21T05:30:00Z,152.83,1457.45
2023-02-21T06:00:00Z,165.65,1625.9
2023-02-21T06:30:00Z,171.65,2293.55
2023-02-21T07:00:00Z,162.59,1515.5
2023-02-21T07:30:00Z,180.08,1802.65
2023-02-21T08:00:00Z,175.51,1769.55
2023-02-21T08:30:00Z,179.59000000000003,1655.45
2023-02-21T09:00:00Z,176.63,1902.85
2023-02-21T09:30:00Z,175.96,2138.9
2023-02-21T10:00:00Z,170.42,2350.95
2023-02-21T10:30:00Z,160.86,2811.7
2023-02-21T11:00:00Z,141.74,2711.7
2023-02-21T11:30:00Z,138.13,2966.45
2023-02-21T12:00:00Z,149.94,2586.95
2023-02-21T12:30:00Z,141.63,2749.85
2023-02-21T13:00:00Z,134.58,2685.65
2023-02-21T13:30:00Z,132.4,2472.0
2023-02-21T14:00:00Z,132.89,2702.65
2023-02-21T14:30:00Z,132.88,2729.65
2023-02-21T15:00:00Z,142.63,2124.05
2023-02-21T15:30:00Z,147.76,1694.2
2023-02-21T16:00:00Z,154.68,1649.5
2023-02-21T16:30:00Z,165.42,1846.65
2023-02-21T17:00:00Z,171.49,2036.95
2023-02-21T17:30:00Z,177.39,1862.1
2023-02-21T18:00:00Z,179.55,1759.4
2023-02-21T18:30:00Z,177.49,2126.55
2023-02-21T19:00:00Z,168.25,2145.0
2023-02-21T19:30:00Z,164.42,1752.45
2023-02-21T20:00:00Z,161.7,1858.55
2023-02-21T20:30:00Z,142.43,2030.5
2023-02-21T21:00:00Z,144.8,1497.75
2023-02-21T21:30:00Z,142.55,1556.9
2023-02-21T22:00:00Z,148.41,1838.75
2023-02-21T22:30:00Z,131.84,1809.7
2023-02-21T23:00:00Z,111.08,1144.15
2023-02-21T23:30:00Z,112.11,1033.95
2023-02-22T00:00:00Z,110.78999999999999,797.85
2023-02-22T00:30:00Z,119.53,860.5
2023-02-22T01:00:00Z,126.87,906.55
2023-02-22T01:30:00Z,107.95,918.45
2023-02-22T02:00:00Z,109.09,862.4
2023-02-22T02:30:00Z,109.12,1276.9
2023-02-22T03:00:00Z,130.1,1095.75
2023-02-22T03:30:00Z,133.89,1152.8
2023-02-22T04:00:00Z,134.52,1245.95
2023-02-22T04:30:00Z,130.72,1172.6
2023-02-22T05:00:00Z,148.77,658.7
2023-02-22T05:30:00Z,170.21,836.95
2023-02-22T06:00:00Z,159.81,1346.4
2023-02-22T06:30:00Z,164.1,1707.0
2023-02-22T07:00:00Z,150.68,1663.2
2023-02-22T07:30:00Z,168.55,1936.55
2023-02-22T08:00:00Z,146.18,1983.95
2023-02-22T08:30:00Z,161.56,2447.4
2023-02-22T09:00:00Z,151.96,1947.1
2023-02-22T09:30:00Z,140.32,2185.95
2023-02-22T10:00:00Z,139.61,1971.25
2023-02-22T10:30:00Z,134.25,2171.9
2023-02-22T11:00:00Z,125.54000000000002,2260.1
2023-02-22T11:30:00Z,119.6,2108.25
2023-02-22T12:00:00Z,123.16,2365.15
2023-02-22T12:30:00Z,123.05,2241.3
2023-02-22T13:00:00Z,134.5,2117.8
2023-02-22T13:30:00Z,125.25,2159.0
2023-02-22T14:00:00Z,127.65,2079.75
2023-02-22T14:30:00Z,125.79,2447.9
2023-02-22T15:00:00Z,134.56,1863.65
2023-02-22T15:30:00Z,146.69,1933.65
2023-02-22T16:00:00Z,136.2,2103.55
2023-02-22T16:30:00Z,157.28,1998.9
2023-02-22T17:00:00Z,162.16,2579.75
2023-02-22T17:30:00Z,173.95,3129.4
2023-02-22T18:00:00Z,165.6,2618.8
2023-02-22T18:30:00Z,162.71,2443.35
2023-02-22T19:00:00Z,161.2,2757.9
2023-02-22T19:30:00Z,151.69,2529.75
2023-02-22T20:00:00Z,149.9,2717.7
2023-02-22T20:30:00Z,136.43,2548.75
2023-02-22T21:00:00Z,147.95,2616.25
2023-02-22T21:30:00Z,138.15,2114.35
2023-02-22T22:00:00Z,132.44,1883.25
2023-02-22T22:30:00Z,133.24,2046.1
2023-02-22T23:00:00Z,128.59,1324.7
2023-02-22T23:30:00Z,121.58,795.75
2023-02-23T00:00:00Z,118.95,928.85
2023-02-23T00:30:00Z,114.3,1138.1
2023-02-23T01:00:00Z,108.78,908.3
2023-02-23T01:30:00Z,100.57,1093.55
2023-02-23T02:00:00Z,109.88000000000001,1197.45
2023-02-23T02:30:00Z,114.28000000000002,1236.55
2023-02-23T03:00:00Z,105.86,1066.1
2023-02-23T03:30:00Z,109.01,1338.15
2023-02-23T04:00:00Z,112.84,997.15
2023-02-23T04:30:00Z,105.44,1016.15
2023-02-23T05:00:00Z,141.07,1177.9
2023-02-23T05:30:00Z,146.52,1138.05
2023-02-23T06:00:00Z,133.72,1225.95
2023-02-23T06:30:00Z,134.72,1609.95
2023-02-23T07:00:00Z,123.63,1336.75
2023-02-23T07:30:00Z,156.74,1365.6
2023-02-23T08:00:00Z,143.17,1271.1
2023-02-23T08:30:00Z,156.57,1491.7
2023-02-23T09:00:00Z,150.32,1576.45
2023-02-23T09:30:00Z,135.87,1561.05
2023-02-23T10:00:00Z,138.08,1571.2
2023-02-23T10:30:00Z,128.92,1847.2
2023-02-23T11:00:00Z,141.03,2706.6
2023-02-23T11:30:00Z,150.6,2504.25
2023-02-23T12:00:00Z,144.46,2852.6
2023-02-23T12:30:00Z,147.55,2862.2
2023-02-23T13:00:00Z,146.61,2045.7
2023-02-23T13:30:00Z,148.99,2497.85
2023-02-23T14:00:00Z,136.94,2757.7
2023-02-23T14:30:00Z,133.7,2943.05
2023-02-23T15:00:00Z,148.38,2298.15
2023-02-23T15:30:00Z,162.41,2110.65
2023-02-23T16:00:00Z,138.06,2095.8
2023-02-23T16:30:00Z,153.41,2237.15
2023-02-23T17:00:00Z,143.47,2271.3
2023-02-23T17:30:00Z,160.39,2191.95
2023-02-23T18:00:00Z,161.52,2376.8
2023-02-23T18:30:00Z,162.91,2329.3
2023-02-23T19:00:00Z,167.9,2093.0
2023-02-23T19:30:00Z,153.66,1878.8
2023-02-23T20:00:00Z,148.54,1588.4
2023-02-23T20:30:00Z,134.16,1516.65
2023-02-23T21:00:00Z,140.97,1915.6
2023-02-23T21:30:00Z,128.88,1754.95
2023-02-23T22:00:00Z,142.72,1880.75
2023-02-23T22:30:00Z,129.13,2132.7
2023-02-23T23:00:00Z,113.26,1084.3
2023-02-23T23:30:00Z,106.51,797.35
2023-02-24T00:00:00Z,105.02,994.7
2023-02-24T00:30:00Z,105.76,1046.35
2023-02-24T01:00:00Z,121.38,1352.4
2023-02-24T01:30:00Z,110.88,1154.5
2023-02-24T02:00:00Z,103.88,1159.3
2023-02-24T02:30:00Z,99.99,1246.85
2023-02-24T03:00:00Z,129.71,926.9
2023-02-24T03:30:00Z,120.15,1049.55
2023-02-24T04:00:00Z,108.27,1394.85
2023-02-24T04:30:00Z,102.08,1087.55
2023-02-24T05:00:00Z,121.06,1343.7
2023-02-24T05:30:00Z,105.14,1187.0
2023-02-24T06:00:00Z,126.82,1453.55
2023-02-24T06:30:00Z,135.53,1959.3
2023-02-24T07:00:00Z,129.89,1382.0
2023-02-24T07:30:00Z,146.17,1594.85
2023-02-24T08:00:00Z,135.98,1492.45
2023-02-24T08:30:00Z,148.55,1944.35
2023-02-24T09:00:00Z,137.92,1470.95
2023-02-24T09:30:00Z,137.05,1607.8
2023-02-24T10:00:00Z,141.77,1583.4
2023-02-24T10:30:00Z,130.89,1688.1
2023-02-24T11:00:00Z,116.34,1661.4
2023-02-24T11:30:00Z,112.3,1974.9
2023-02-24T12:00:00Z,114.03,1704.25
2023-02-24T12:30:00Z,114.63,1593.85
2023-02-24T13:00:00Z,112.24,2002.5
2023-02-24T13:30:00Z,110.04,2005.9
2023-02-24T14:00:00Z,91.49,2429.55
2023-02-24T14:30:00Z,95.34,2531.8
2023-02-24T15:00:00Z,116.75,3393.6
2023-02-24T15:30:00Z,124.55,3120.45
2023-02-24T16:00:00Z,124.71,2407.55
2023-02-24T16:30:00Z,127.07,2632.1
2023-02-24T17:00:00Z,133.39,2806.15
2023-02-24T17:30:00Z,150.5,2655.1
2023-02-24T18:00:00Z,149.65,2757.3
2023-02-24T18:30:00Z,148.51,2709.05
2023-02-24T19:00:00Z,162.22,1630.3
2023-02-24T19:30:00Z,158.63,1843.1
2023-02-24T20:00:00Z,162.32,1544.9
2023-02-24T20:30:00Z,154.99,1713.35
2023-02-24T21:00:00Z,134.69,1571.15
2023-02-24T21:30:00Z,123.88999999999999,1082.75
2023-02-24T22:00:00Z,142.64,1810.75
2023-02-24T22:30:00Z,141.6,2182.55
2023-02-24T23:00:00Z,126.94,1251.85
2023-02-24T23:30:00Z,134.89,1006.45
2023-02-25T00:00:00Z,127.79,971.05
2023-02-25T00:30:00Z,137.13,1038.35
2023-02-25T01:00:00Z,133.71,1081.15
2023-02-25T01:30:00Z,127.84,796.5
2023-02-25T02:00:00Z,132.29,1095.5
2023-02-25T02:30:00Z,127.73,1171.25
2023-02-25T03:00:00Z,117.5,761.2
2023-02-25T03:30:00Z,106.88000000000001,755.15
2023-02-25T04:00:00Z,118.73,1011.1
2023-02-25T04:30:00Z,113.03,964.6
2023-02-25T05:00:00Z,105.97000000000001,980.85
2023-02-25T05:30:00Z,115.77,1074.7
2023-02-25T06:00:00Z,107.12,946.1
2023-02-25T06:30:00Z,127.81000000000002,1151.05
2023-02-25T07:00:00Z,120.38,966.45
2023-02-25T07:30:00Z,137.35,959.35
2023-02-25T08:00:00Z,123.54,842.65
2023-02-25T08:30:00Z,149.22,1009.85
2023-02-25T09:00:00Z,131.75,1017.45
2023-02-25T09:30:00Z,134.72,1044.8
2023-02-25T10:00:00Z,142.74,936.2
2023-02-25T10:30:00Z,140.35,1037.05
2023-02-25T11:00:00Z,132.5,977.5
2023-02-25T11:30:00Z,117.53,1131.35
2023-02-25T12:00:00Z,110.64,1315.55
2023-02-25T12:30:00Z,119.97,1538.5
2023-02-25T13:00:00Z,119.58,1273.6
2023-02-25T13:30:00Z,117.02,1283.85
2023-02-25T14:00:00Z,112.89,1025.2
2023-02-25T14:30:00Z,117.35,1269.15
2023-02-25T15:00:00Z,126.08,1218.9
2023-02-25T15:30:00Z,141.22,1287.25
2023-02-25T16:00:00Z,142.99,1216.85
2023-02-25T16:30:00Z,158.82,1425.5
2023-02-25T17:00:00Z,144.72,1777.4
2023-02-25T17:30:00Z,170.08,1435.15
2023-02-25T18:00:00Z,177.45,1247.0
2023-02-25T18:30:00Z,178.41,1178.7
2023-02-25T19:00:00Z,187.07,962.85
2023-02-25T19:30:00Z,178.63,982.05
2023-02-25T20:00:00Z,173.17,1241.25
2023-02-25T20:30:00Z,147.56,1496.9
2023-02-25T21:00:00Z,160.38,1017.95
2023-02-25T21:30:00Z,150.69,1172.15
2023-02-25T22:00:00Z,130.29,1325.5
2023-02-25T22:30:00Z,140.38,1463.45
2023-02-25T23:00:00Z,137.8,1306.2
2023-02-25T23:30:00Z,129.29,1173.75
2023-02-26T00:00:00Z,101.85,921.7
2023-02-26T00:30:00Z,120.92,785.15
2023-02-26T01:00:00Z,110.35,764.8
2023-02-26T01:30:00Z,105.86,955.5
2023-02-26T02:00:00Z,99.62999999999998,938.1
2023-02-26T02:30:00Z,98.62,1076.45
2023-02-26T03:00:00Z,100.21,1257.8
2023-02-26T03:30:00Z,100.08,1396.2
2023-02-26T04:00:00Z,100.48,1115.5
2023-02-26T04:30:00Z,100.0,1171.15
2023-02-26T05:00:00Z,110.4,1479.3
2023-02-26T05:30:00Z,110.0,1158.6
2023-02-26T06:00:00Z,113.49999999999999,1187.1
2023-02-26T06:30:00Z,120.28,1218.7
2023-02-26T07:00:00Z,119.5,708.3
2023-02-26T07:30:00Z,120.29,895.5
2023-02-26T08:00:00Z,121.45999999999998,662.15
2023-02-26T08:30:00Z,128.62,778.0
2023-02-26T09:00:00Z,123.51,835.8
2023-02-26T09:30:00Z,115.57,1106.25
2023-02-26T10:00:00Z,110.03,1255.0
2023-02-26T10:30:00Z,104.33999999999999,1409.4
2023-02-26T11:00:00Z,107.72,1485.6
2023-02-26T11:30:00Z,119.12,1754.65
2023-02-26T12:00:00Z,128.61,1873.5
2023-02-26T12:30:00Z,131.58,1817.05
2023-02-26T13:00:00Z,144.5,1604.9
2023-02-26T13:30:00Z,140.78,1503.35
2023-02-26T14:00:00Z,135.55,1379.0
2023-02-26T14:30:00Z,128.91,1532.0
2023-02-26T15:00:00Z,124.02999999999999,1218.4
2023-02-26T15:30:00Z,126.34,1088.15
2023-02-26T16:00:00Z,131.05,995.65
2023-02-26T16:30:00Z,148.05,1508.25
2023-02-26T17:00:00Z,151.17,1571.6
2023-02-26T17:30:00Z,163.6,1413.4
2023-02-26T18:00:00Z,167.65,1536.85
2023-02-26T18:30:00Z,164.79,1479.0
2023-02-26T19:00:00Z,139.11,1284.7
2023-02-26T19:30:00Z,118.85,1104.25
2023-02-26T20:00:00Z,143.73,1500.35
2023-02-26T20:30:00Z,120.63,1436.0
2023-02-26T21:00:00Z,122.18,1797.25
2023-02-26T21:30:00Z,116.69,1622.1
2023-02-26T22:00:00Z,118.41,2199.55
2023-02-26T22:30:00Z,115.79,2245.8
2023-02-26T23:00:00Z,119.77000000000001,1269.35
2023-02-26T23:30:00Z,103.02,1178.95
2023-02-27T00:00:00Z,100.55,806.25
2023-02-27T00:30:00Z,109.26,891.9
2023-02-27T01:00:00Z,100.54000000000002,774.5
2023-02-27T01:30:00Z,96.18,914.7
2023-02-27T02:00:00Z,110.82,873.05
2023-02-27T02:30:00Z,107.93999999999998,855.15
2023-02-27T03:00:00Z,112.15,1039.4
2023-02-27T03:30:00Z,114.26,1072.55
2023-02-27T04:00:00Z,132.58,1254.4
2023-02-27T04:30:00Z,119.0,1236.6
2023-02-27T05:00:00Z,136.29,1361.55
2023-02-27T05:30:00Z,131.73,1140.15
2023-02-27T06:00:00Z,136.51,1513.7
2023-02-27T06:30:00Z,146.17,1468.1
2023-02-27T07:00:00Z,167.11,1025.55
2023-02-27T07:30:00Z,179.76,1262.75
2023-02-27T08:00:00Z,166.9,1111.0
2023-02-27T08:30:00Z,175.92,1314.7
2023-02-27T09:00:00Z,164.32999999999998,1614.0
2023-02-27T09:30:00Z,160.08,1759.5
2023-02-27T10:00:00Z,164.81999999999996,1810.6
2023-02-27T10:30:00Z,162.27,2089.05
2023-02-27T11:00:00Z,140.1,1990.5
2023-02-27T11:30:00Z,136.81,1914.75
2023-02-27T12:00:00Z,152.64,1699.3
2023-02-27T12:30:00Z,154.4,1801.6
2023-02-27T13:00:00Z,155.15,1843.4
2023-02-27T13:30:00Z,148.67,2268.95
2023-02-27T14:00:00Z,152.46,1843.95
2023-02-27T14:30:00Z,147.45,1940.65
2023-02-27T15:00:00Z,158.45,1800.8
2023-02-27T15:30:00Z,155.03999999999996,1735.95
2023-02-27T16:00:00Z,147.12,2101.15
2023-02-27T16:30:00Z,164.15,1984.85
2023-02-27T17:00:00Z,168.0,2185.75
2023-02-27T17:30:00Z,164.05,1981.55
2023-02-27T18:00:00Z,155.59,1639.8
2023-02-27T18:30:00Z,144.27,2034.05
2023-02-27T19:00:00Z,149.06,1911.4
2023-02-27T19:30:00Z,140.48,1961.15
2023-02-27T20:00:00Z,152.74,1442.3
2023-02-27T20:30:00Z,123.52,1587.35
2023-02-27T21:00:00Z,141.58,2189.4
2023-02-27T21:30:00Z,115.92,1867.4
2023-02-27T22:00:00Z,126.96,1703.8
2023-02-27T22:30:00Z,120.75,1478.0
2023-02-27T23:00:00Z,118.02999999999999,825.2
2023-02-27T23:30:00Z,113.28,839.85
2023-02-28T00:00:00Z,125.05,926.45
2023-02-28T00:30:00Z,123.25,941.0
2023-02-28T01:00:00Z,124.15,943.6
2023-02-28T01:30:00Z,122.41,894.6
2023-02-28T02:00:00Z,124.2,891.55
2023-02-28T02:30:00Z,124.04999999999998,925.6
2023-02-28T03:00:00Z,125.07,577.3
2023-02-28T03:30:00Z,117.38,735.95
2023-02-28T04:00:00Z,119.84000000000002,830.15
2023-02-28T04:30:00Z,109.03999999999999,819.7
2023-02-28T05:00:00Z,124.19,682.7
2023-02-28T05:30:00Z,115.74,675.9
2023-02-28T06:00:00Z,140.92,902.5
2023-02-28T06:30:00Z,173.48,1253.4
2023-02-28T07:00:00Z,147.51,1653.55
2023-02-28T07:30:00Z,172.86,1703.75
2023-02-28T08:00:00Z,160.81,1768.85
2023-02-28T08:30:00Z,158.56,1994.8
2023-02-28T09:00:00Z,146.99,1710.5
2023-02-28T09:30:00Z,139.29,1804.9
2023-02-28T10:00:00Z,144.28,1813.85
2023-02-28T10:30:00Z,141.79,1816.25
2023-02-28T11:00:00Z,126.31000000000002,1797.7
2023-02-28T11:30:00Z,121.18,1842.4
2023-02-28T12:00:00Z,128.63,2041.15
2023-02-28T12:30:00Z,122.31,1794.65
2023-02-28T13:00:00Z,123.02,1993.5
2023-02-28T13:30:00Z,118.19,1819.25
2023-02-28T14:00:00Z,130.26,1996.9
2023-02-28T14:30:00Z,131.17,1887.65
2023-02-28T15:00:00Z,132.92,1788.15
2023-02-28T15:30:00Z,131.71,1590.1
2023-02-28T16:00:00Z,145.42,1952.55
2023-02-28T16:30:00Z,161.37,1845.0
2023-02-28T17:00:00Z,159.9,1899.65
2023-02-28T17:30:00Z,170.34,1908.35
2023-02-28T18:00:00Z,162.27,1948.75
2023-02-28T18:30:00Z,156.36,2254.95
2023-02-28T19:00:00Z,160.23,2182.5
2023-02-28T19:30:00Z,142.62,1962.95
2023-02-28T20:00:00Z,140.09,2088.95
2023-02-28T20:30:00Z,140.03,1690.95
2023-02-28T21:00:00Z,141.92,1569.1
2023-02-28T21:30:00Z,126.92,1397.25
2023-02-28T22:00:00Z,123.15000000000002,1317.0
2023-02-28T22:30:00Z,116.49,1928.45
2023-02-28T23:00:00Z,111.35,760.4
2023-02-28T23:30:00Z,107.96,920.0
2023-03-01T00:00:00Z,99.0,1136.8
2023-03-01T00:30:00Z,109.68,1034.2
2023-03-01T01:00:00Z,111.22,1334.05
2023-03-01T01:30:00Z,107.85,1107.05
2023-03-01T02:00:00Z,110.89,1309.65
2023-03-01T02:30:00Z,115.49,1685.35
2023-03-01T03:00:00Z,112.65,1004.2
2023-03-01T03:30:00Z,105.38,1007.45
2023-03-01T04:00:00Z,113.22,1146.35
2023-03-01T04:30:00Z,113.37,1098.25
2023-03-01T05:00:00Z,126.03,1191.7
2023-03-01T05:30:00Z,128.9,1299.8
2023-03-01T06:00:00Z,130.75,1424.75
2023-03-01T06:30:00Z,129.76,1870.7
2023-03-01T07:00:00Z,123.20999999999998,1292.75
2023-03-01T07:30:00Z,147.35,1725.0
2023-03-01T08:00:00Z,123.73,1547.7
2023-03-01T08:30:00Z,138.86999999999998,1916.45
2023-03-01T09:00:00Z,124.04,1805.3
2023-03-01T09:30:00Z,120.93,1513.7
2023-03-01T10:00:00Z,116.65,1600.25
2023-03-01T10:30:00Z,116.41,1517.5
2023-03-01T11:00:00Z,113.23,1753.6
2023-03-01T11:30:00Z,118.85,1894.7
2023-03-01T12:00:00Z,117.76,2103.65
2023-03-01T12:30:00Z,128.49,1928.4
2023-03-01T13:00:00Z,126.18,2258.1
2023-03-01T13:30:00Z,119.63,1939.05
2023-03-01T14:00:00Z,120.62,2247.55
2023-03-01T14:30:00Z,121.48,1866.2
2023-03-01T15:00:00Z,130.94,1965.75
2023-03-01T15:30:00Z,139.33,2283.9
2023-03-01T16:00:00Z,146.34,1944.8
2023-03-01T16:30:00Z,153.51,2075.7
2023-03-01T17:00:00Z,159.6,2027.7
2023-03-01T17:30:00Z,174.78,2083.1
2023-03-01T18:00:00Z,162.27,1914.95
2023-03-01T18:30:00Z,154.81,2097.1
2023-03-01T19:00:00Z,148.95,1652.4
2023-03-01T19:30:00Z,140.48,1858.7
2023-03-01T20:00:00Z,146.51,1883.05
2023-03-01T20:30:00Z,126.39,1523.55
2023-03-01T21:00:00Z,135.47,1694.45
2023-03-01T21:30:00Z,120.53999999999999,1200.15
2023-03-01T22:00:00Z,119.67999999999999,1353.9
2023-03-01T22:30:00Z,119.16,1547.9
2023-03-01T23:00:00Z,108.03999999999999,650.45
2023-03-01T23:30:00Z,107.75999999999999,626.55
2023-03-02T00:00:00Z,107.0,726.25
2023-03-02T00:30:00Z,118.73,735.65
2023-03-02T01:00:00Z,120.36999999999999,818.1
2023-03-02T01:30:00Z,113.97,789.1
2023-03-02T02:00:00Z,116.4,885.0
2023-03-02T02:30:00Z,114.75,913.55
2023-03-02T03:00:00Z,108.0,640.1
2023-03-02T03:30:00Z,104.89000000000001,760.55
2023-03-02T04:00:00Z,113.27000000000001,883.05
2023-03-02T04:30:00Z,110.19,1032.1
2023-03-02T05:00:00Z,135.16,1001.65
2023-03-02T05:30:00Z,134.81,1384.9
2023-03-02T06:00:00Z,139.05,1461.2
2023-03-02T06:30:00Z,155.73,1616.25
2023-03-02T07:00:00Z,159.94,1713.4
2023-03-02T07:30:00Z,183.21000000000004,1850.85
2023-03-02T08:00:00Z,168.78,1406.85
2023-03-02T08:30:00Z,159.46,1303.15
2023-03-02T09:00:00Z,166.76,1546.55
2023-03-02T09:30:00Z,153.11,1547.8
2023-03-02T10:00:00Z,138.8,1222.3
2023-03-02T10:30:00Z,132.2,1474.9
2023-03-02T11:00:00Z,126.73,1632.0
2023-03-02T11:30:00Z,123.32,1548.15
2023-03-02T12:00:00Z,119.51,1535.9
2023-03-02T12:30:00Z,117.89,1527.25
2023-03-02T13:00:00Z,119.27,1644.85
2023-03-02T13:30:00Z,117.78999999999999,1176.9
2023-03-02T14:00:00Z,116.91,1446.45
2023-03-02T14:30:00Z,116.62,1596.25
2023-03-02T15:00:00Z,125.35,1346.5
2023-03-02T15:30:00Z,129.73,1440.6
2023-03-02T16:00:00Z,139.82,1597.5
2023-03-02T16:30:00Z,175.97,1908.25
2023-03-02T17:00:00Z,154.4,1966.6
2023-03-02T17:30:00Z,171.49,2140.0
2023-03-02T18:00:00Z,179.77,2022.7
2023-03-02T18:30:00Z,176.82,2010.55
2023-03-02T19:00:00Z,149.63,1591.95
2023-03-02T19:30:00Z,138.72,1949.05
2023-03-02T20:00:00Z,161.05,1406.35
2023-03-02T20:30:00Z,130.57,1419.7
2023-03-02T21:00:00Z,131.25,1475.75
2023-03-02T21:30:00Z,121.97,1203.25
2023-03-02T22:00:00Z,134.27,1527.35
2023-03-02T22:30:00Z,121.19,1609.65
2023-03-02T23:00:00Z,119.11,819.85
2023-03-02T23:30:00Z,114.82,682.75
2023-03-03T00:00:00Z,108.71,717.6
2023-03-03T00:30:00Z,114.36000000000001,601.65
2023-03-03T01:00:00Z,111.64000000000001,659.8
2023-03-03T01:30:00Z,110.66,722.6
2023-03-03T02:00:00Z,117.2,1025.2
2023-03-03T02:30:00Z,114.67999999999999,773.85
2023-03-03T03:00:00Z,116.72,1163.6
2023-03-03T03:30:00Z,114.23,977.85
2023-03-03T04:00:00Z,126.38,563.2
2023-03-03T04:30:00Z,114.59,874.9
2023-03-03T05:00:00Z,123.96,952.9
2023-03-03T05:30:00Z,129.75,1024.75
2023-03-03T06:00:00Z,164.97,1234.25
2023-03-03T06:30:00Z,179.23,1268.65
2023-03-03T07:00:00Z,170.28,1644.15
2023-03-03T07:30:00Z,184.37,1347.05
2023-03-03T08:00:00Z,174.52,1353.8
2023-03-03T08:30:00Z,180.44000000000003,1632.05
2023-03-03T09:00:00Z,167.21,1688.5
2023-03-03T09:30:00Z,166.78,1439.9
2023-03-03T10:00:00Z,157.91,1617.35
2023-03-03T10:30:00Z,156.83,1759.6
2023-03-03T11:00:00Z,147.56,1590.55
2023-03-03T11:30:00Z,153.02,1828.3
2023-03-03T12:00:00Z,159.71,1764.95
2023-03-03T12:30:00Z,156.29,1681.0
2023-03-03T13:00:00Z,154.41,1593.55
2023-03-03T13:30:00Z,147.07,1746.05
2023-03-03T14:00:00Z,142.93,1784.6
2023-03-03T14:30:00Z,135.15,2069.2
2023-03-03T15:00:00Z,153.41,1794.35
2023-03-03T15:30:00Z,148.95999999999998,1952.6
2023-03-03T16:00:00Z,160.88,1582.6
2023-03-03T16:30:00Z,171.59,2108.9
2023-03-03T17:00:00Z,175.44,1593.7
2023-03-03T17:30:00Z,181.0,1799.15
2023-03-03T18:00:00Z,184.79,2078.65
2023-03-03T18:30:00Z,180.0,1845.5
2023-03-03T19:00:00Z,174.71,1771.25
2023-03-03T19:30:00Z,156.89,1271.1
2023-03-03T20:00:00Z,167.97,1167.2
2023-03-03T20:30:00Z,135.1,1123.1
2023-03-03T21:00:00Z,158.71,960.45
2023-03-03T21:30:00Z,130.24,931.7
2023-03-03T22:00:00Z,136.69,1095.35
2023-03-03T22:30:00Z,134.82,1232.55
2023-03-03T23:00:00Z,130.71,762.45
2023-03-03T23:30:00Z,132.97,463.4
2023-03-04T00:00:00Z,134.79,516.95
2023-03-04T00:30:00Z,145.97,578.7
2023-03-04T01:00:00Z,134.0,775.15
2023-03-04T01:30:00Z,126.57999999999998,699.7
2023-03-04T02:00:00Z,128.89,734.3
2023-03-04T02:30:00Z,122.64,837.05
2023-03-04T03:00:00Z,115.11000000000001,682.15
2023-03-04T03:30:00Z,110.9,824.55
2023-03-04T04:00:00Z,120.63,883.35
2023-03-04T04:30:00Z,113.50000000000001,843.2
2023-03-04T05:00:00Z,111.24,766.7
2023-03-04T05:30:00Z,107.75999999999999,711.35
2023-03-04T06:00:00Z,112.95,680.0
2023-03-04T06:30:00Z,120.83,957.25
2023-03-04T07:00:00Z,96.53,864.1
2023-03-04T07:30:00Z,115.20999999999998,1213.0
2023-03-04T08:00:00Z,129.65,1810.15
2023-03-04T08:30:00Z,154.14,1908.35
2023-03-04T09:00:00Z,123.28,1594.95
2023-03-04T09:30:00Z,147.72,1703.7
2023-03-04T10:00:00Z,135.81,1790.2
2023-03-04T10:30:00Z,132.51,1672.8
2023-03-04T11:00:00Z,130.38,1266.0
2023-03-04T11:30:00Z,139.11,1398.35
2023-03-04T12:00:00Z,134.5,1365.95
2023-03-04T12:30:00Z,140.67,1479.85
2023-03-04T13:00:00Z,143.43,1526.6
2023-03-04T13:30:00Z,137.68,1600.8
2023-03-04T14:00:00Z,138.35,1713.45
2023-03-04T14:30:00Z,130.88,1643.8
2023-03-04T15:00:00Z,146.15,1857.75
2023-03-04T15:30:00Z,154.35,2011.15
2023-03-04T16:00:00Z,155.11,2093.5
2023-03-04T16:30:00Z,164.85,1979.2
2023-03-04T17:00:00Z,185.99,2481.25
2023-03-04T17:30:00Z,193.32,2606.5
2023-03-04T18:00:00Z,195.17,2320.9
2023-03-04T18:30:00Z,193.37,2641.95
2023-03-04T19:00:00Z,178.51,1986.15
2023-03-04T19:30:00Z,172.15,1697.3
2023-03-04T20:00:00Z,164.62,1399.8
2023-03-04T20:30:00Z,151.64,1310.4
2023-03-04T21:00:00Z,153.35,1228.1
2023-03-04T21:30:00Z,136.16,1032.3
2023-03-04T22:00:00Z,132.84,1221.2
2023-03-04T22:30:00Z,133.15,1672.45
2023-03-04T23:00:00Z,120.03000000000002,830.15
2023-03-04T23:30:00Z,122.98,747.05
2023-03-05T00:00:00Z,118.15,822.85
2023-03-05T00:30:00Z,141.38,865.2
2023-03-05T01:00:00Z,137.51,699.85
2023-03-05T01:30:00Z,131.56,814.5
2023-03-05T02:00:00Z,127.97,648.95
2023-03-05T02:30:00Z,120.81,664.1
2023-03-05T03:00:00Z,115.18000000000002,720.6
2023-03-05T03:30:00Z,111.78,826.0
2023-03-05T04:00:00Z,119.25,752.2
2023-03-05T04:30:00Z,121.32,847.3
2023-03-05T05:00:00Z,125.88,765.2
2023-03-05T05:30:00Z,128.76,734.2
2023-03-05T06:00:00Z,116.90999999999998,676.1
2023-03-05T06:30:00Z,120.15999999999998,813.9
2023-03-05T07:00:00Z,130.61,1126.65
2023-03-05T07:30:00Z,134.98,1047.95
2023-03-05T08:00:00Z,124.12999999999998,1242.9
2023-03-05T08:30:00Z,137.92,1336.0
2023-03-05T09:00:00Z,122.66,1434.7
2023-03-05T09:30:00Z,132.66,1526.5
2023-03-05T10:00:00Z,123.11999999999999,1576.5
2023-03-05T10:30:00Z,126.92999999999999,1448.1
2023-03-05T11:00:00Z,125.96,927.4
2023-03-05T11:30:00Z,127.24999999999999,724.05
2023-03-05T12:00:00Z,127.33,924.4
2023-03-05T12:30:00Z,125.78,877.9
2023-03-05T13:00:00Z,126.51,1032.35
2023-03-05T13:30:00Z,126.24,1027.8
2023-03-05T14:00:00Z,129.46,1179.9
2023-03-05T14:30:00Z,131.28,1246.4
2023-03-05T15:00:00Z,146.77,1301.1
2023-03-05T15:30:00Z,144.58,1327.5
2023-03-05T16:00:00Z,150.69,1543.3
2023-03-05T16:30:00Z,173.17,1979.7
2023-03-05T17:00:00Z,192.33,1966.9
2023-03-05T17:30:00Z,194.59,2164.55
2023-03-05T18:00:00Z,208.92,2180.55
2023-03-05T18:30:00Z,204.71,2079.05
2023-03-05T19:00:00Z,209.15,2134.95
2023-03-05T19:30:00Z,198.48,2200.15
2023-03-05T20:00:00Z,179.9,1245.9
2023-03-05T20:30:00Z,154.15,1575.65
2023-03-05T21:00:00Z,150.73,1347.9
2023-03-05T21:30:00Z,141.68,1150.85
2023-03-05T22:00:00Z,145.9,1479.5
2023-03-05T22:30:00Z,136.74,1241.15
2023-03-05T23:00:00Z,123.05,491.05
2023-03-05T23:30:00Z,116.6,812.6
2023-03-06T00:00:00Z,112.85,683.55
2023-03-06T00:30:00Z,117.55,594.35
2023-03-06T01:00:00Z,125.76,725.85
2023-03-06T01:30:00Z,125.92,878.05
2023-03-06T02:00:00Z,133.31,995.45
2023-03-06T02:30:00Z,121.73,1069.7
2023-03-06T03:00:00Z,113.53,796.9
2023-03-06T03:30:00Z,111.28,869.55
2023-03-06T04:00:00Z,115.96,844.85
2023-03-06T04:30:00Z,109.48,1099.3
2023-03-06T05:00:00Z,128.2,1094.55
2023-03-06T05:30:00Z,120.39,1155.8
2023-03-06T06:00:00Z,146.58,1589.45
2023-03-06T06:30:00Z,158.14,1932.35
2023-03-06T07:00:00Z,145.47,2045.55
2023-03-06T07:30:00Z,155.85,2583.9
2023-03-06T08:00:00Z,148.57,2493.4
2023-03-06T08:30:00Z,150.24,2906.35
2023-03-06T09:00:00Z,147.31,2768.2
2023-03-06T09:30:00Z,135.88,2911.55
2023-03-06T10:00:00Z,135.03,2589.55
2023-03-06T10:30:00Z,130.41,2775.6
2023-03-06T11:00:00Z,112.08,1824.5
2023-03-06T11:30:00Z,110.16,2255.0
2023-03-06T12:00:00Z,116.12,2789.4
2023-03-06T12:30:00Z,114.27,2324.55
2023-03-06T13:00:00Z,111.48,2351.05
2023-03-06T13:30:00Z,109.24,2452.25
2023-03-06T14:00:00Z,110.66,2426.6
2023-03-06T14:30:00Z,110.52000000000001,2449.15
2023-03-06T15:00:00Z,131.01,2275.6
2023-03-06T15:30:00Z,127.46000000000001,2257.7
2023-03-06T16:00:00Z,126.18000000000002,2244.8
2023-03-06T16:30:00Z,135.7,1991.4
2023-03-06T17:00:00Z,145.27,2227.65
2023-03-06T17:30:00Z,151.8,2235.05
2023-03-06T18:00:00Z,156.1,2406.8
2023-03-06T18:30:00Z,157.51,2540.25
2023-03-06T19:00:00Z,161.83,2095.55
2023-03-06T19:30:00Z,159.06999999999996,1808.45
2023-03-06T20:00:00Z,164.0,1442.35
2023-03-06T20:30:00Z,143.88,1375.6
2023-03-06T21:00:00Z,143.02,1465.0
2023-03-06T21:30:00Z,127.33000000000001,1283.6
2023-03-06T22:00:00Z,127.2,1654.55
2023-03-06T22:30:00Z,113.59999999999998,1794.75
2023-03-06T23:00:00Z,122.79000000000002,1634.65
2023-03-06T23:30:00Z,140.49,1432.1
2023-03-07T00:00:00Z,118.81000000000002,1226.8
2023-03-07T00:30:00Z,134.28,1269.6
2023-03-07T01:00:00Z,124.58,1238.95
2023-03-07T01:30:00Z,112.81,1000.55
2023-03-07T02:00:00Z,121.9,885.45
2023-03-07T02:30:00Z,122.43,1091.65
2023-03-07T03:00:00Z,121.92,958.95
2023-03-07T03:30:00Z,132.37,980.85
2023-03-07T04:00:00Z,154.2,1101.5
2023-03-07T04:30:00Z,140.52,1411.5
2023-03-07T05:00:00Z,153.22,1118.35
2023-03-07T05:30:00Z,145.05,1086.5
2023-03-07T06:00:00Z,153.56,1188.8
2023-03-07T06:30:00Z,167.77000000000004,1574.7
2023-03-07T07:00:00Z,185.72,1451.8
2023-03-07T07:30:00Z,198.48,1667.95
2023-03-07T08:00:00Z,188.69,1680.0
2023-03-07T08:30:00Z,190.99,1795.3
2023-03-07T09:00:00Z,174.43,2636.75
2023-03-07T09:30:00Z,165.36,2261.7
2023-03-07T10:00:00Z,158.36,2224.35
2023-03-07T10:30:00Z,153.88,2285.9
2023-03-07T11:00:00Z,122.59,1454.5
2023-03-07T11:30:00Z,117.21000000000001,1671.0
2023-03-07T12:00:00Z,118.59,1831.45
2023-03-07T12:30:00Z,126.57,2083.5
2023-03-07T13:00:00Z,123.50000000000001,2301.55
2023-03-07T13:30:00Z,118.48,2064.4
2023-03-07T14:00:00Z,118.71,2060.1
2023-03-07T14:30:00Z,124.35,2462.4
2023-03-07T15:00:00Z,129.56,1725.05
2023-03-07T15:30:00Z,130.73,1565.55
2023-03-07T16:00:00Z,133.78,1511.75
2023-03-07T16:30:00Z,193.25,1785.45
2023-03-07T17:00:00Z,212.24,2566.25
2023-03-07T17:30:00Z,304.34,2230.4
2023-03-07T18:00:00Z,501.49,2125.0
2023-03-07T18:30:00Z,580.38,2329.65
2023-03-07T19:00:00Z,225.87999999999997,2352.4
2023-03-07T19:30:00Z,207.41,2299.0
2023-03-07T20:00:00Z,194.11,2528.7
2023-03-07T20:30:00Z,184.6,2772.7
2023-03-07T21:00:00Z,164.45,2360.85
2023-03-07T21:30:00Z,138.65,2107.7
2023-03-07T22:00:00Z,141.56,2229.05
2023-03-07T22:30:00Z,144.19,2151.7
2023-03-07T23:00:00Z,127.73000000000002,1088.2
2023-03-07T23:30:00Z,125.99,901.9
2023-03-08T00:00:00Z,122.29,1007.85
2023-03-08T00:30:00Z,127.63000000000001,853.75
2023-03-08T01:00:00Z,133.07,935.15
2023-03-08T01:30:00Z,120.87,812.4
2023-03-08T02:00:00Z,117.34,1006.7
2023-03-08T02:30:00Z,116.38,845.05
2023-03-08T03:00:00Z,110.98,1131.7
2023-03-08T03:30:00Z,107.69999999999999,1318.35
2023-03-08T04:00:00Z,111.56,1404.35
2023-03-08T04:30:00Z,106.03999999999999,1369.4
2023-03-08T05:00:00Z,127.79,1331.95
2023-03-08T05:30:00Z,123.18,1403.65
2023-03-08T06:00:00Z,120.73999999999998,1318.95
2023-03-08T06:30:00Z,123.22000000000001,1444.4
2023-03-08T07:00:00Z,128.65,1847.35
2023-03-08T07:30:00Z,147.95,1891.15
2023-03-08T08:00:00Z,146.08,2246.5
2023-03-08T08:30:00Z,152.37,2502.85
2023-03-08T09:00:00Z,159.43,2665.25
2023-03-08T09:30:00Z,156.41,2686.4
2023-03-08T10:00:00Z,136.73,2891.95
2023-03-08T10:30:00Z,139.04,2951.5
2023-03-08T11:00:00Z,120.56,2237.5
2023-03-08T11:30:00Z,119.0,2354.25
2023-03-08T12:00:00Z,118.57,2757.95
2023-03-08T12:30:00Z,120.76,3063.85
2023-03-08T13:00:00Z,131.54,3134.05
2023-03-08T13:30:00Z,124.20000000000002,3379.25
2023-03-08T14:00:00Z,126.8,3329.8
2023-03-08T14:30:00Z,129.12,3507.5
2023-03-08T15:00:00Z,143.8,3708.45
2023-03-08T15:30:00Z,146.14,3768.7
2023-03-08T16:00:00Z,138.64,3530.2
2023-03-08T16:30:00Z,153.25,3583.5
2023-03-08T17:00:00Z,162.53,2932.45
2023-03-08T17:30:00Z,167.06,2922.5
2023-03-08T18:00:00Z,171.64,3004.6
2023-03-08T18:30:00Z,174.36,2825.95
2023-03-08T19:00:00Z,139.4,3248.85
2023-03-08T19:30:00Z,131.45,3182.8
2023-03-08T20:00:00Z,133.26,2822.45
2023-03-08T20:30:00Z,125.43999999999998,2822.05
2023-03-08T21:00:00Z,126.67000000000002,2254.1
2023-03-08T21:30:00Z,116.97,1975.5
2023-03-08T22:00:00Z,117.24,2179.95
2023-03-08T22:30:00Z,119.86,2081.7
2023-03-08T23:00:00Z,134.74,1066.9
2023-03-08T23:30:00Z,125.62,1067.75
2023-03-09T00:00:00Z,121.8,872.05
2023-03-09T00:30:00Z,127.26,1026.7
2023-03-09T01:00:00Z,128.11,842.35
2023-03-09T01:30:00Z,121.48,728.6
2023-03-09T02:00:00Z,115.02000000000001,876.9
2023-03-09T02:30:00Z,120.3,630.95
2023-03-09T03:00:00Z,116.55999999999999,758.5
2023-03-09T03:30:00Z,109.68,912.9
2023-03-09T04:00:00Z,106.95,1094.65
2023-03-09T04:30:00Z,105.15,869.5
2023-03-09T05:00:00Z,141.29,1127.05
2023-03-09T05:30:00Z,130.75,1594.75
2023-03-09T06:00:00Z,154.13,1111.7
2023-03-09T06:30:00Z,152.5,1513.9
2023-03-09T07:00:00Z,146.78,1747.5
2023-03-09T07:30:00Z,180.81,1562.8
2023-03-09T08:00:00Z,167.45,2010.35
2023-03-09T08:30:00Z,168.49,2133.7
2023-03-09T09:00:00Z,161.74,2225.8
2023-03-09T09:30:00Z,163.77,2378.4
2023-03-09T10:00:00Z,150.82,2073.05
2023-03-09T10:30:00Z,156.03,2441.4
2023-03-09T11:00:00Z,145.07,2246.15
2023-03-09T11:30:00Z,134.55,2241.8
2023-03-09T12:00:00Z,125.81,2145.55
2023-03-09T12:30:00Z,119.65,2107.55
2023-03-09T13:00:00Z,123.78,2010.2
2023-03-09T13:30:00Z,117.87,2205.4
2023-03-09T14:00:00Z,128.43,2389.15
2023-03-09T14:30:00Z,119.72000000000001,2870.55
2023-03-09T15:00:00Z,136.88,2521.8
2023-03-09T15:30:00Z,132.8,2721.7
2023-03-09T16:00:00Z,141.32,2060.2
2023-03-09T16:30:00Z,143.85,2108.95
2023-03-09T17:00:00Z,162.37,2947.7
2023-03-09T17:30:00Z,164.65,2847.95
2023-03-09T18:00:00Z,162.38,2884.3
2023-03-09T18:30:00Z,156.87,2798.4
2023-03-09T19:00:00Z,144.69,3215.15
2023-03-09T19:30:00Z,155.56,2776.05
2023-03-09T20:00:00Z,134.01,2343.35
2023-03-09T20:30:00Z,141.47,2292.05
2023-03-09T21:00:00Z,134.5,1576.8
2023-03-09T21:30:00Z,123.93,1623.85
2023-03-09T22:00:00Z,120.03,1324.75
2023-03-09T22:30:00Z,110.85,1451.2
2023-03-09T23:00:00Z,131.13,976.1
2023-03-09T23:30:00Z,113.09,867.8
2023-03-10T00:00:00Z,95.27,1002.1
2023-03-10T00:30:00Z,109.05,978.9
2023-03-10T01:00:00Z,112.74999999999999,1340.05
2023-03-10T01:30:00Z,106.73,1098.95
2023-03-10T02:00:00Z,99.36,1128.4
2023-03-10T02:30:00Z,100.5,1515.1
2023-03-10T03:00:00Z,119.69,1137.0
2023-03-10T03:30:00Z,116.37,1490.2
2023-03-10T04:00:00Z,121.90000000000002,1110.55
2023-03-10T04:30:00Z,120.10999999999999,1316.1
2023-03-10T05:00:00Z,129.92,908.35
2023-03-10T05:30:00Z,126.32,1042.1
2023-03-10T06:00:00Z,136.08,1043.85
2023-03-10T06:30:00Z,110.98,1436.7
2023-03-10T07:00:00Z,110.17,1689.55
2023-03-10T07:30:00Z,130.3,1390.05
2023-03-10T08:00:00Z,116.67,1271.8
2023-03-10T08:30:00Z,126.58,1808.3
2023-03-10T09:00:00Z,122.83,1937.35
2023-03-10T09:30:00Z,130.85,1984.9
2023-03-10T10:00:00Z,131.96,1658.6
2023-03-10T10:30:00Z,136.13,1711.5
2023-03-10T11:00:00Z,126.37,1693.15
2023-03-10T11:30:00Z,120.53,1773.7
2023-03-10T12:00:00Z,118.58,1898.65
2023-03-10T12:30:00Z,115.53,1726.15
2023-03-10T13:00:00Z,119.60000000000001,2371.8
2023-03-10T13:30:00Z,113.34,2127.7
2023-03-10T14:00:00Z,114.44,2373.45
2023-03-10T14:30:00Z,113.68,2513.2
2023-03-10T15:00:00Z,121.71,2515.85
2023-03-10T15:30:00Z,125.39,2248.75
2023-03-10T16:00:00Z,125.93,2037.4
2023-03-10T16:30:00Z,146.02,2598.9
2023-03-10T17:00:00Z,149.47,2250.3
2023-03-10T17:30:00Z,159.48,2268.25
2023-03-10T18:00:00Z,172.02,2593.45
2023-03-10T18:30:00Z,174.13,2433.2
2023-03-10T19:00:00Z,183.03,2241.8
2023-03-10T19:30:00Z,184.24,1929.85
2023-03-10T20:00:00Z,188.75,2173.7
2023-03-10T20:30:00Z,176.29,2341.3
2023-03-10T21:00:00Z,152.58,2350.4
2023-03-10T21:30:00Z,140.75,2577.3
2023-03-10T22:00:00Z,137.98,1983.8
2023-03-10T22:30:00Z,143.23,2306.55
2023-03-10T23:00:00Z,142.7,1030.1
2023-03-10T23:30:00Z,158.85,857.2
2023-03-11T00:00:00Z,141.76,1081.85
2023-03-11T00:30:00Z,152.12,918.35
2023-03-11T01:00:00Z,147.25,587.1
2023-03-11T01:30:00Z,120.22,767.05
2023-03-11T02:00:00Z,126.49,697.95
2023-03-11T02:30:00Z,139.03,864.5
2023-03-11T03:00:00Z,124.96,759.8
2023-03-11T03:30:00Z,130.87,879.9
2023-03-11T04:00:00Z,145.26,838.5
2023-03-11T04:30:00Z,128.79,832.65
2023-03-11T05:00:00Z,144.15,764.75
2023-03-11T05:30:00Z,137.13,952.35
2023-03-11T06:00:00Z,155.13,814.95
2023-03-11T06:30:00Z,149.63,1029.3
2023-03-11T07:00:00Z,161.78,930.4
2023-03-11T07:30:00Z,165.84,726.7
2023-03-11T08:00:00Z,162.86,957.35
2023-03-11T08:30:00Z,172.31,922.05
2023-03-11T09:00:00Z,168.2,1083.05
2023-03-11T09:30:00Z,161.7,1146.05
2023-03-11T10:00:00Z,165.26,1191.4
2023-03-11T10:30:00Z,145.83,1362.55
2023-03-11T11:00:00Z,131.19,1078.15
2023-03-11T11:30:00Z,127.82,1012.9
2023-03-11T12:00:00Z,124.81999999999998,1056.0
2023-03-11T12:30:00Z,123.28000000000002,1103.15
2023-03-11T13:00:00Z,122.14000000000001,1233.95
2023-03-11T13:30:00Z,125.88000000000001,1245.5
2023-03-11T14:00:00Z,134.86,1601.15
2023-03-11T14:30:00Z,125.6,1403.25
2023-03-11T15:00:00Z,124.07,1102.2
2023-03-11T15:30:00Z,124.27,1160.2
2023-03-11T16:00:00Z,123.58,1256.05
2023-03-11T16:30:00Z,136.38,1289.65
2023-03-11T17:00:00Z,159.34,1232.45
2023-03-11T17:30:00Z,164.82,1455.6
2023-03-11T18:00:00Z,177.18,1713.3
2023-03-11T18:30:00Z,166.11,2118.6
2023-03-11T19:00:00Z,141.63,1588.8
2023-03-11T19:30:00Z,122.32,1388.95
2023-03-11T20:00:00Z,121.93,1728.15
2023-03-11T20:30:00Z,122.56,1953.6
2023-03-11T21:00:00Z,125.52,2440.8
2023-03-11T21:30:00Z,122.18,2391.1
2023-03-11T22:00:00Z,123.87,2201.1
2023-03-11T22:30:00Z,111.0,2289.5
2023-03-11T23:00:00Z,87.82,1383.85
2023-03-11T23:30:00Z,84.04,1172.85
2023-03-12T00:00:00Z,84.01,1444.35
2023-03-12T00:30:00Z,91.74,1586.65
2023-03-12T01:00:00Z,98.2,1480.65
2023-03-12T01:30:00Z,85.9,1597.7
2023-03-12T02:00:00Z,76.05,1198.4
2023-03-12T02:30:00Z,68.62,1411.9
2023-03-12T03:00:00Z,70.31,1393.8
2023-03-12T03:30:00Z,62.68,1379.4
2023-03-12T04:00:00Z,63.92999999999999,1280.95
2023-03-12T04:30:00Z,70.34,1526.55
2023-03-12T05:00:00Z,67.44,1081.55
2023-03-12T05:30:00Z,63.94,1373.75
2023-03-12T06:00:00Z,71.42,1427.25
2023-03-12T06:30:00Z,96.51999999999998,1619.05
2023-03-12T07:00:00Z,63.08,1495.65
2023-03-12T07:30:00Z,67.48,1332.4
2023-03-12T08:00:00Z,70.53,1521.5
2023-03-12T08:30:00Z,84.88,1450.95
2023-03-12T09:00:00Z,67.72,1674.25
2023-03-12T09:30:00Z,66.18,1468.4
2023-03-12T10:00:00Z,67.67,1446.85
2023-03-12T10:30:00Z,70.63,1492.8
2023-03-12T11:00:00Z,71.02,1316.15
2023-03-12T11:30:00Z,72.35,1480.2
2023-03-12T12:00:00Z,61.36,1396.75
2023-03-12T12:30:00Z,69.12,1531.75
2023-03-12T13:00:00Z,69.5,1534.2
2023-03-12T13:30:00Z,80.9,1864.8
2023-03-12T14:00:00Z,104.28,2014.5
2023-03-12T14:30:00Z,98.72,2039.9
2023-03-12T15:00:00Z,91.94,1950.05
2023-03-12T15:30:00Z,108.24,2031.45
2023-03-12T16:00:00Z,110.57,1894.85
2023-03-12T16:30:00Z,125.86,2073.5
2023-03-12T17:00:00Z,142.06,1586.25
2023-03-12T17:30:00Z,148.49,1615.85
2023-03-12T18:00:00Z,151.1,1505.4
2023-03-12T18:30:00Z,153.27,1533.3
2023-03-12T19:00:00Z,159.61,1179.5
2023-03-12T19:30:00Z,152.78,1235.15
2023-03-12T20:00:00Z,150.68,1477.2
2023-03-12T20:30:00Z,147.37,1215.55
2023-03-12T21:00:00Z,139.61,1548.35
2023-03-12T21:30:00Z,102.26,1223.55
2023-03-12T22:00:00Z,91.2,1452.95
2023-03-12T22:30:00Z,66.51,1619.7
2023-03-12T23:00:00Z,45.35,1117.05
2023-03-12T23:30:00Z,21.21,836.5
2023-03-13T00:00:00Z,25.54,817.2
2023-03-13T00:30:00Z,35.66,823.4
2023-03-13T01:00:00Z,14.04,877.15
2023-03-13T01:30:00Z,3.7799999999999994,989.65
2023-03-13T02:00:00Z,12.64,970.85
2023-03-13T02:30:00Z,6.02,836.5
2023-03-13T03:00:00Z,3.35,875.3
2023-03-13T03:30:00Z,-2.96,963.45
2023-03-13T04:00:00Z,1.79,961.75
2023-03-13T04:30:00Z,-0.05,950.75
2023-03-13T05:00:00Z,16.18,1048.5
2023-03-13T05:30:00Z,52.48,854.4
2023-03-13T06:00:00Z,29.71,1035.95
2023-03-13T06:30:00Z,55.4,1287.9
2023-03-13T07:00:00Z,52.66,1383.6
2023-03-13T07:30:00Z,69.19,1371.85
2023-03-13T08:00:00Z,87.18,1827.3
2023-03-13T08:30:00Z,101.93,2096.2
2023-03-13T09:00:00Z,120.46,2006.45
2023-03-13T09:30:00Z,122.16999999999999,2229.3
2023-03-13T10:00:00Z,103.5,2805.9
2023-03-13T10:30:00Z,97.62999999999998,2725.85
2023-03-13T11:00:00Z,111.16,2133.05
2023-03-13T11:30:00Z,104.7,2298.5
2023-03-13T12:00:00Z,103.78,2104.6
2023-03-13T12:30:00Z,114.41,2199.35
2023-03-13T13:00:00Z,118.25,1868.65
2023-03-13T13:30:00Z,117.52,1833.4
2023-03-13T14:00:00Z,116.88,1945.25
2023-03-13T14:30:00Z,112.38,2176.0
2023-03-13T15:00:00Z,69.88,1887.2
2023-03-13T15:30:00Z,70.38,2561.15
2023-03-13T16:00:00Z,116.25999999999999,2461.6
2023-03-13T16:30:00Z,133.04,1886.4
2023-03-13T17:00:00Z,156.15,2082.8
2023-03-13T17:30:00Z,169.34,1976.5
2023-03-13T18:00:00Z,175.64,2302.4
2023-03-13T18:30:00Z,173.43,2128.05
2023-03-13T19:00:00Z,177.49,1610.05
2023-03-13T19:30:00Z,170.21999999999997,1547.05
2023-03-13T20:00:00Z,167.52,1341.2
2023-03-13T20:30:00Z,168.2,1546.4
2023-03-13T21:00:00Z,155.73,2077.55
2023-03-13T21:30:00Z,148.95,1996.5
2023-03-13T22:00:00Z,146.73,2281.65
2023-03-13T22:30:00Z,145.67,2558.25
2023-03-13T23:00:00Z,156.13,1401.65
2023-03-13T23:30:00Z,161.73,1620.8
2023-03-14T00:00:00Z,161.12,1415.1
2023-03-14T00:30:00Z,163.86,1464.6
2023-03-14T01:00:00Z,171.26,1614.45
2023-03-14T01:30:00Z,164.62,1883.45
2023-03-14T02:00:00Z,155.94,1682.8
2023-03-14T02:30:00Z,154.24999999999997,1716.05
2023-03-14T03:00:00Z,159.27,1496.7
2023-03-14T03:30:00Z,155.08,1428.55
2023-03-14T04:00:00Z,155.34,1285.6
2023-03-14T04:30:00Z,158.07,1468.75
2023-03-14T05:00:00Z,152.6,1853.0
2023-03-14T05:30:00Z,153.12,1758.25
2023-03-14T06:00:00Z,167.79,1608.7
2023-03-14T06:30:00Z,172.44,1786.6
2023-03-14T07:00:00Z,199.56,1477.85
2023-03-14T07:30:00Z,198.73,1761.8
2023-03-14T08:00:00Z,206.84999999999997,1508.7
2023-03-14T08:30:00Z,211.63,1849.9
2023-03-14T09:00:00Z,199.38,2498.15
2023-03-14T09:30:00Z,189.79,2676.85
2023-03-14T10:00:00Z,182.07,3087.2
2023-03-14T10:30:00Z,172.62,2692.75
2023-03-14T11:00:00Z,141.69,2511.0
2023-03-14T11:30:00Z,139.77,2698.35
2023-03-14T12:00:00Z,148.53,2643.35
2023-03-14T12:30:00Z,135.71,2356.85
2023-03-14T13:00:00Z,121.08,2561.65
2023-03-14T13:30:00Z,118.09,2077.8
2023-03-14T14:00:00Z,118.73,1963.55
2023-03-14T14:30:00Z,118.91999999999999,2518.25
2023-03-14T15:00:00Z,130.27,2794.2
2023-03-14T15:30:00Z,136.53,3467.4
2023-03-14T16:00:00Z,141.72,2857.75
2023-03-14T16:30:00Z,155.41,3274.55
2023-03-14T17:00:00Z,157.77,2951.25
2023-03-14T17:30:00Z,168.97,2979.0
2023-03-14T18:00:00Z,188.72,2638.45
2023-03-14T18:30:00Z,195.53,2620.35
2023-03-14T19:00:00Z,183.83,2287.45
2023-03-14T19:30:00Z,170.2,1490.4
2023-03-14T20:00:00Z,164.06,1296.3
2023-03-14T20:30:00Z,157.94,1274.5
2023-03-14T21:00:00Z,151.98,795.9
2023-03-14T21:30:00Z,147.34,844.1
2023-03-14T22:00:00Z,142.64465082532195,1102.6
2023-03-14T22:30:00Z,128.83,1036.1
2023-03-14T23:00:00Z,137.26519129782446,66.65
2023-03-14T23:30:00Z,0.0,0.0
2023-03-15T00:00:00Z,156.6,588.05
2023-03-15T00:30:00Z,178.04,782.75
2023-03-15T01:00:00Z,139.89,1172.45
2023-03-15T01:30:00Z,132.63,1090.0
2023-03-15T02:00:00Z,132.94,1184.95
2023-03-15T02:30:00Z,126.21999999999998,1382.35
2023-03-15T03:00:00Z,109.15,1212.1
2023-03-15T03:30:00Z,105.79000000000002,1305.85
2023-03-15T04:00:00Z,118.33999999999999,1289.9
2023-03-15T04:30:00Z,113.07999999999998,1474.1
2023-03-15T05:00:00Z,149.75,1529.35
2023-03-15T05:30:00Z,153.89,1632.8
2023-03-15T06:00:00Z,168.13000000000002,1693.15
2023-03-15T06:30:00Z,167.45,1963.7
2023-03-15T07:00:00Z,149.37,1749.35
2023-03-15T07:30:00Z,159.85,1696.2
2023-03-15T08:00:00Z,148.28,1793.85
2023-03-15T08:30:00Z,153.59,1713.45
2023-03-15T09:00:00Z,154.0,1705.5
2023-03-15T09:30:00Z,143.2,1830.65
2023-03-15T10:00:00Z,132.22,1897.5
2023-03-15T10:30:00Z,126.39000000000001,2279.7
2023-03-15T11:00:00Z,113.82,2037.45
2023-03-15T11:30:00Z,114.8,2181.65
2023-03-15T12:00:00Z,114.3,1853.3
2023-03-15T12:30:00Z,109.85,2135.5
2023-03-15T13:00:00Z,107.03,1922.45
2023-03-15T13:30:00Z,109.7,2303.55
2023-03-15T14:00:00Z,110.24,2333.85
2023-03-15T14:30:00Z,106.27,2443.05
2023-03-15T15:00:00Z,119.88999999999999,2394.5
2023-03-15T15:30:00Z,121.24,2281.65
2023-03-15T16:00:00Z,127.47,2035.5
2023-03-15T16:30:00Z,131.15,2338.75
2023-03-15T17:00:00Z,166.28,2487.8
2023-03-15T17:30:00Z,168.34,2405.25
2023-03-15T18:00:00Z,169.77,2184.8
2023-03-15T18:30:00Z,169.3,2430.7
2023-03-15T19:00:00Z,147.67,1558.25
2023-03-15T19:30:00Z,118.28,1805.6
2023-03-15T20:00:00Z,117.87,1940.75
2023-03-15T20:30:00Z,129.95,2214.75
2023-03-15T21:00:00Z,126.6,2163.35
2023-03-15T21:30:00Z,117.11,2169.8
2023-03-15T22:00:00Z,102.28,2036.0
2023-03-15T22:30:00Z,95.66,2061.35
2023-03-15T23:00:00Z,120.15000000000002,1426.9
2023-03-15T23:30:00Z,108.69,1079.25
2023-03-16T00:00:00Z,113.66,1069.1
2023-03-16T00:30:00Z,130.53,1254.9
2023-03-16T01:00:00Z,114.65999999999998,1203.35
2023-03-16T01:30:00Z,96.04,1208.45
2023-03-16T02:00:00Z,100.07,1061.75
2023-03-16T02:30:00Z,97.98,919.15
2023-03-16T03:00:00Z,90.98,1039.25
2023-03-16T03:30:00Z,81.96,1154.55
2023-03-16T04:00:00Z,87.11,1038.9
2023-03-16T04:30:00Z,85.53,1305.9
2023-03-16T05:00:00Z,106.01,934.65
2023-03-16T05:30:00Z,114.55,807.95
2023-03-16T06:00:00Z,114.34999999999998,1229.45
2023-03-16T06:30:00Z,132.04,1141.65
2023-03-16T07:00:00Z,95.45,1370.95
2023-03-16T07:30:00Z,119.74999999999999,1673.85
2023-03-16T08:00:00Z,100.9,1425.6
2023-03-16T08:30:00Z,102.81,1407.9
2023-03-16T09:00:00Z,102.53,1393.05
2023-03-16T09:30:00Z,100.82,1580.5
2023-03-16T10:00:00Z,85.17,1706.7
2023-03-16T10:30:00Z,81.96,1898.35
2023-03-16T11:00:00Z,91.86,1953.35
2023-03-16T11:30:00Z,95.48,1843.3
2023-03-16T12:00:00Z,97.71,1855.05
2023-03-16T12:30:00Z,96.5,1933.8
2023-03-16T13:00:00Z,97.67,1898.75
2023-03-16T13:30:00Z,95.47,1901.05
2023-03-16T14:00:00Z,106.72,2105.6
2023-03-16T14:30:00Z,105.87,2121.25
2023-03-16T15:00:00Z,131.78,2724.3
2023-03-16T15:30:00Z,126.01,3024.6
2023-03-16T16:00:00Z,124.68000000000002,2417.25
2023-03-16T16:30:00Z,133.32,2185.5
2023-03-16T17:00:00Z,142.59,1898.7
2023-03-16T17:30:00Z,141.59,2152.8
2023-03-16T18:00:00Z,153.1,2258.85
2023-03-16T18:30:00Z,152.53,1965.15
2023-03-16T19:00:00Z,143.9,1784.85
2023-03-16T19:30:00Z,127.03,1983.7
2023-03-16T20:00:00Z,119.04,1934.25
2023-03-16T20:30:00Z,113.7,2153.05
2023-03-16T21:00:00Z,130.36,1849.45
2023-03-16T21:30:00Z,137.52,1648.9
2023-03-16T22:00:00Z,130.46,1935.0
2023-03-16T22:30:00Z,106.48,1958.8
2023-03-16T23:00:00Z,120.26,1995.2
2023-03-16T23:30:00Z,115.3,1471.85
2023-03-17T00:00:00Z,113.12,1664.55
2023-03-17T00:30:00Z,120.72,1128.0
2023-03-17T01:00:00Z,113.05999999999999,1354.45
2023-03-17T01:30:00Z,105.52,1140.05
2023-03-17T02:00:00Z,105.08,1295.65
2023-03-17T02:30:00Z,120.0,1382.0
2023-03-17T03:00:00Z,123.53,1487.5
2023-03-17T03:30:00Z,130.72,2131.45
2023-03-17T04:00:00Z,129.02,2140.3
2023-03-17T04:30:00Z,130.17,1828.35
2023-03-17T05:00:00Z,149.05,1757.6
2023-03-17T05:30:00Z,146.37,1760.65
2023-03-17T06:00:00Z,163.94,1773.85
2023-03-17T06:30:00Z,172.13,2363.45
2023-03-17T07:00:00Z,139.25000000000003,1913.95
2023-03-17T07:30:00Z,160.15,2280.45
2023-03-17T08:00:00Z,153.95,2000.4
2023-03-17T08:30:00Z,151.64,2452.15
2023-03-17T09:00:00Z,151.72,2436.9
2023-03-17T09:30:00Z,141.36,2655.55
2023-03-17T10:00:00Z,138.55,2604.95
2023-03-17T10:30:00Z,137.94,2468.95
2023-03-17T11:00:00Z,144.45,2123.55
2023-03-17T11:30:00Z,130.6,2112.85
2023-03-17T12:00:00Z,119.37,1920.95
2023-03-17T12:30:00Z,123.03,2098.7
2023-03-17T13:00:00Z,111.42000000000002,2402.0
2023-03-17T13:30:00Z,110.23,2279.3
2023-03-17T14:00:00Z,114.98000000000002,2578.8
2023-03-17T14:30:00Z,107.63999999999999,2684.4
2023-03-17T15:00:00Z,116.73999999999998,2686.1
2023-03-17T15:30:00Z,133.73,3097.3
2023-03-17T16:00:00Z,124.73,2546.4
2023-03-17T16:30:00Z,148.32,2573.25
2023-03-17T17:00:00Z,151.14,2058.25
2023-03-17T17:30:00Z,155.4,2137.55
2023-03-17T18:00:00Z,166.8,2000.1
2023-03-17T18:30:00Z,169.99,2055.35
2023-03-17T19:00:00Z,161.78,1885.35
2023-03-17T19:30:00Z,155.30999999999997,1816.25
2023-03-17T20:00:00Z,148.7,2027.6
2023-03-17T20:30:00Z,135.63,1790.35
2023-03-17T21:00:00Z,131.31,1976.65
2023-03-17T21:30:00Z,131.01,1985.65
2023-03-17T22:00:00Z,122.92,2254.95
2023-03-17T22:30:00Z,114.03000000000002,2388.5
2023-03-17T23:00:00Z,103.26,1055.6
2023-03-17T23:30:00Z,101.6,902.65
2023-03-18T00:00:00Z,98.61,833.75
2023-03-18T00:30:00Z,118.6,934.5
2023-03-18T01:00:00Z,121.28,1062.6
2023-03-18T01:30:00Z,106.73,890.65
2023-03-18T02:00:00Z,103.78,804.3
2023-03-18T02:30:00Z,102.57,494.35
2023-03-18T03:00:00Z,109.7,769.0
2023-03-18T03:30:00Z,107.17,817.1
2023-03-18T04:00:00Z,100.21000000000001,783.05
2023-03-18T04:30:00Z,96.42,789.6
2023-03-18T05:00:00Z,111.56,791.85
2023-03-18T05:30:00Z,112.68,896.6
2023-03-18T06:00:00Z,115.50999999999999,761.85
2023-03-18T06:30:00Z,106.25,909.0
2023-03-18T07:00:00Z,95.38,682.35
2023-03-18T07:30:00Z,100.73,679.85
2023-03-18T08:00:00Z,96.65,692.45
2023-03-18T08:30:00Z,101.59,672.3
2023-03-18T09:00:00Z,119.64,906.2
2023-03-18T09:30:00Z,112.26,1027.85
2023-03-18T10:00:00Z,99.6,1014.2
2023-03-18T10:30:00Z,96.61,913.2
2023-03-18T11:00:00Z,95.55,1425.0
2023-03-18T11:30:00Z,89.99,1168.1
2023-03-18T12:00:00Z,87.85,1236.1
2023-03-18T12:30:00Z,87.16,1382.4
2023-03-18T13:00:00Z,83.12,1600.65
2023-03-18T13:30:00Z,77.4,1585.6
2023-03-18T14:00:00Z,76.13,2080.8
2023-03-18T14:30:00Z,73.95,1970.55
2023-03-18T15:00:00Z,92.3,2342.8
2023-03-18T15:30:00Z,93.66,2298.75
2023-03-18T16:00:00Z,98.07,2430.2
2023-03-18T16:30:00Z,99.59,2491.8
2023-03-18T17:00:00Z,109.99000000000001,2383.9
2023-03-18T17:30:00Z,117.19,2882.55
2023-03-18T18:00:00Z,121.41,2840.25
2023-03-18T18:30:00Z,126.94000000000001,2709.2
2023-03-18T19:00:00Z,121.28,1539.6
2023-03-18T19:30:00Z,129.29,1706.85
2023-03-18T20:00:00Z,123.4,1450.1
2023-03-18T20:30:00Z,113.6,1495.4
2023-03-18T21:00:00Z,105.48999999999998,1317.2
2023-03-18T21:30:00Z,108.84,1575.6
2023-03-18T22:00:00Z,108.3,1528.55
2023-03-18T22:30:00Z,106.23,1789.3
2023-03-18T23:00:00Z,129.31,1016.2
2023-03-18T23:30:00Z,111.41,923.75
2023-03-19T00:00:00Z,107.62,1034.1
2023-03-19T00:30:00Z,108.52,895.6
2023-03-19T01:00:00Z,115.53,1068.1
2023-03-19T01:30:00Z,107.08,1118.65
2023-03-19T02:00:00Z,108.61,902.65
2023-03-19T02:30:00Z,103.43,979.45
2023-03-19T03:00:00Z,100.54,908.7
2023-03-19T03:30:00Z,89.88,792.1
2023-03-19T04:00:00Z,94.29,905.55
2023-03-19T04:30:00Z,93.48,893.95
2023-03-19T05:00:00Z,88.69,1019.3
2023-03-19T05:30:00Z,93.02,1259.0
2023-03-19T06:00:00Z,96.22,1283.7
2023-03-19T06:30:00Z,89.9,1393.3
2023-03-19T07:00:00Z,85.65,1277.55
2023-03-19T07:30:00Z,113.97,1556.8
2023-03-19T08:00:00Z,124.72,1247.4
2023-03-19T08:30:00Z,138.7,1474.2
2023-03-19T09:00:00Z,153.0,1427.8
2023-03-19T09:30:00Z,153.74,1527.5
2023-03-19T10:00:00Z,152.22,1677.6
2023-03-19T10:30:00Z,152.74,1662.15
2023-03-19T11:00:00Z,162.43,1043.55
2023-03-19T11:30:00Z,168.34,1345.3
2023-03-19T12:00:00Z,151.89000000000001,1785.75
2023-03-19T12:30:00Z,139.81,1555.2
2023-03-19T13:00:00Z,142.3,1653.0
2023-03-19T13:30:00Z,133.72,1701.75
2023-03-19T14:00:00Z,128.74,1432.55
2023-03-19T14:30:00Z,125.92,1384.6
2023-03-19T15:00:00Z,120.24999999999999,1225.8
2023-03-19T15:30:00Z,108.87,1169.55
2023-03-19T16:00:00Z,122.98,1471.95
2023-03-19T16:30:00Z,131.87,1460.6
2023-03-19T17:00:00Z,128.39,1433.3
2023-03-19T17:30:00Z,121.71,1621.85
2023-03-19T18:00:00Z,174.42,2806.6
2023-03-19T18:30:00Z,162.32,3295.9
2023-03-19T19:00:00Z,116.75,2192.95
2023-03-19T19:30:00Z,113.48,1888.15
2023-03-19T20:00:00Z,112.29,1777.0
2023-03-19T20:30:00Z,109.08,1977.45
2023-03-19T21:00:00Z,124.29,2253.5
2023-03-19T21:30:00Z,114.04,1820.7
2023-03-19T22:00:00Z,124.27,1858.0
2023-03-19T22:30:00Z,132.35,2255.6
2023-03-19T23:00:00Z,113.24,1392.8
2023-03-19T23:30:00Z,115.62,842.75
2023-03-20T00:00:00Z,106.59,1028.75
2023-03-20T00:30:00Z,126.32999999999998,1304.15
2023-03-20T01:00:00Z,135.21,1087.7
2023-03-20T01:30:00Z,123.33000000000001,1276.1
2023-03-20T02:00:00Z,113.87,1366.7
2023-03-20T02:30:00Z,103.36,1247.95
2023-03-20T03:00:00Z,126.03999999999999,1445.2
2023-03-20T03:30:00Z,113.20999999999998,1166.65
2023-03-20T04:00:00Z,117.89999999999999,1291.95
2023-03-20T04:30:00Z,109.05,1345.7
2023-03-20T05:00:00Z,130.43,1405.95
2023-03-20T05:30:00Z,132.58,1447.75
2023-03-20T06:00:00Z,138.19,1686.65
2023-03-20T06:30:00Z,145.47,2041.2
2023-03-20T07:00:00Z,154.9,1696.8
2023-03-20T07:30:00Z,171.87,1860.15
2023-03-20T08:00:00Z,141.68,2073.15
2023-03-20T08:30:00Z,159.91,2151.9
2023-03-20T09:00:00Z,153.4,2092.9
2023-03-20T09:30:00Z,149.48,2400.75
2023-03-20T10:00:00Z,137.9,2669.4
2023-03-20T10:30:00Z,136.23,2396.95
2023-03-20T11:00:00Z,139.95,2522.2
2023-03-20T11:30:00Z,141.88,2531.2
2023-03-20T12:00:00Z,137.78,2811.75
2023-03-20T12:30:00Z,133.21,3120.8
2023-03-20T13:00:00Z,124.9,3218.6
2023-03-20T13:30:00Z,120.21,3312.5
2023-03-20T14:00:00Z,127.75,2977.55
2023-03-20T14:30:00Z,124.08,3074.2
2023-03-20T15:00:00Z,147.23,2816.35
2023-03-20T15:30:00Z,152.24,2887.65
2023-03-20T16:00:00Z,143.13,3178.9
2023-03-20T16:30:00Z,151.79,3492.7
2023-03-20T17:00:00Z,174.56,4318.15
2023-03-20T17:30:00Z,178.51,4858.6
2023-03-20T18:00:00Z,174.2,4343.85
2023-03-20T18:30:00Z,175.91,4172.7
2023-03-20T19:00:00Z,157.18,4324.4
2023-03-20T19:30:00Z,150.2,3806.8
2023-03-20T20:00:00Z,139.93,3757.85
2023-03-20T20:30:00Z,131.16,3683.25
2023-03-20T21:00:00Z,118.15999999999998,4661.45
2023-03-20T21:30:00Z,123.14,3737.7
2023-03-20T22:00:00Z,118.81,3500.25
2023-03-20T22:30:00Z,114.93,3533.05
2023-03-20T23:00:00Z,109.29,1732.65
2023-03-20T23:30:00Z,119.97,1426.45
2023-03-21T00:00:00Z,99.0,1274.0
2023-03-21T00:30:00Z,104.22000000000001,1433.9
2023-03-21T01:00:00Z,116.05999999999999,1188.55
2023-03-21T01:30:00Z,92.09,1337.55
2023-03-21T02:00:00Z,79.43,1616.05
2023-03-21T02:30:00Z,86.56,1307.5
2023-03-21T03:00:00Z,129.99,1540.15
2023-03-21T03:30:00Z,111.80000000000001,1533.35
2023-03-21T04:00:00Z,117.9,1493.45
2023-03-21T04:30:00Z,108.96,1507.0
2023-03-21T05:00:00Z,143.51,1197.6
2023-03-21T05:30:00Z,148.16,1687.0
2023-03-21T06:00:00Z,112.65,2503.85
2023-03-21T06:30:00Z,145.41,2465.55
2023-03-21T07:00:00Z,113.64,2413.0
2023-03-21T07:30:00Z,146.32,2881.2
2023-03-21T08:00:00Z,127.24999999999999,2365.2
2023-03-21T08:30:00Z,128.42,2780.3
2023-03-21T09:00:00Z,102.76,2430.25
2023-03-21T09:30:00Z,93.22,2412.8
2023-03-21T10:00:00Z,92.11,2234.45
2023-03-21T10:30:00Z,106.75,2863.0
2023-03-21T11:00:00Z,113.0,2337.8
2023-03-21T11:30:00Z,96.53,2283.3
2023-03-21T12:00:00Z,105.72,1970.5
2023-03-21T12:30:00Z,108.37,2485.0
2023-03-21T13:00:00Z,96.23,2311.95
2023-03-21T13:30:00Z,71.98,2057.5
2023-03-21T14:00:00Z,82.05,2353.7
2023-03-21T14:30:00Z,86.76,2255.6
2023-03-21T15:00:00Z,75.72,2014.45
2023-03-21T15:30:00Z,74.09,1870.65
2023-03-21T16:00:00Z,82.32,2619.35
2023-03-21T16:30:00Z,114.19,2596.8
2023-03-21T17:00:00Z,114.14,3034.3
2023-03-21T17:30:00Z,124.0,3114.7
2023-03-21T18:00:00Z,127.36,3046.8
2023-03-21T18:30:00Z,131.96,3125.55
2023-03-21T19:00:00Z,127.21999999999998,3076.0
2023-03-21T19:30:00Z,110.71000000000001,2403.8
2023-03-21T20:00:00Z,108.57,2193.7
2023-03-21T20:30:00Z,106.74,2128.5
2023-03-21T21:00:00Z,115.74,2168.9
2023-03-21T21:30:00Z,87.45999999999998,1563.05
2023-03-21T22:00:00Z,99.21,1791.9
2023-03-21T22:30:00Z,53.33,1477.05
2023-03-21T23:00:00Z,110.22,1677.9
2023-03-21T23:30:00Z,72.9,1310.45
2023-03-22T00:00:00Z,81.77,1370.35
2023-03-22T00:30:00Z,96.2,1174.2
2023-03-22T01:00:00Z,99.57,975.2
2023-03-22T01:30:00Z,93.32,951.8
2023-03-22T02:00:00Z,70.87,1262.8
2023-03-22T02:30:00Z,62.81,1191.55
2023-03-22T03:00:00Z,88.81,972.75
2023-03-22T03:30:00Z,51.17,763.0
2023-03-22T04:00:00Z,70.91,847.3
2023-03-22T04:30:00Z,73.73,745.1
2023-03-22T05:00:00Z,81.27,1267.15
2023-03-22T05:30:00Z,93.13,1079.6
2023-03-22T06:00:00Z,88.51,940.5
2023-03-22T06:30:00Z,129.69,1437.95
2023-03-22T07:00:00Z,69.16,999.25
2023-03-22T07:30:00Z,121.07000000000001,1606.65
2023-03-22T08:00:00Z,94.58999999999999,1498.7
2023-03-22T08:30:00Z,88.07,1199.9
2023-03-22T09:00:00Z,78.94,1451.25
2023-03-22T09:30:00Z,47.29,1325.9
2023-03-22T10:00:00Z,45.7,1325.65
2023-03-22T10:30:00Z,36.08,1496.0
2023-03-22T11:00:00Z,27.83,1508.9
2023-03-22T11:30:00Z,28.17,1722.7
2023-03-22T12:00:00Z,37.69,1419.55
2023-03-22T12:30:00Z,63.68000000000001,2263.25
2023-03-22T13:00:00Z,67.87,2205.0
2023-03-22T13:30:00Z,68.27,2067.65
2023-03-22T14:00:00Z,73.37,1933.7
2023-03-22T14:30:00Z,72.89,2044.85
2023-03-22T15:00:00Z,65.84,1403.85
2023-03-22T15:30:00Z,63.03,1800.25
2023-03-22T16:00:00Z,80.99,1892.6
2023-03-22T16:30:00Z,100.61,2103.15
2023-03-22T17:00:00Z,109.26,2007.35
2023-03-22T17:30:00Z,117.88,1868.7
2023-03-22T18:00:00Z,116.86,2011.15
2023-03-22T18:30:00Z,124.19,2021.0
2023-03-22T19:00:00Z,117.07,2017.25
2023-03-22T19:30:00Z,115.9,1727.0
2023-03-22T20:00:00Z,107.82000000000001,1729.65
2023-03-22T20:30:00Z,97.65,1518.8
2023-03-22T21:00:00Z,102.86,1812.95
2023-03-22T21:30:00Z,99.32,1337.75
2023-03-22T22:00:00Z,92.31,1703.65
2023-03-22T22:30:00Z,60.04,1491.25
2023-03-22T23:00:00Z,46.03,1129.15
2023-03-22T23:30:00Z,32.97,944.8
2023-03-23T00:00:00Z,28.28,903.55
2023-03-23T00:30:00Z,28.64,1023.05
2023-03-23T01:00:00Z,19.7,809.65
2023-03-23T01:30:00Z,8.18,915.8
2023-03-23T02:00:00Z,4.2,920.95
2023-03-23T02:30:00Z,-13.15,908.5
2023-03-23T03:00:00Z,1.13,1452.7
2023-03-23T03:30:00Z,4.07,1267.85
2023-03-23T04:00:00Z,55.41,1802.9
2023-03-23T04:30:00Z,70.29,1764.15
2023-03-23T05:00:00Z,53.41,1308.85
2023-03-23T05:30:00Z,50.03,1297.45
2023-03-23T06:00:00Z,70.91,1903.45
2023-03-23T06:30:00Z,104.08999999999999,1754.6
2023-03-23T07:00:00Z,90.63,1827.9
2023-03-23T07:30:00Z,111.62,1720.7
2023-03-23T08:00:00Z,105.08,1511.35
2023-03-23T08:30:00Z,84.17999999999999,1588.7
2023-03-23T09:00:00Z,79.71,1857.15
2023-03-23T09:30:00Z,61.75,1753.7
2023-03-23T10:00:00Z,81.14,1631.8
2023-03-23T10:30:00Z,70.43,1814.0
2023-03-23T11:00:00Z,72.09,1751.9
2023-03-23T11:30:00Z,66.68,1502.35
2023-03-23T12:00:00Z,71.82,1443.95
2023-03-23T12:30:00Z,76.22,1401.3
2023-03-23T13:00:00Z,84.58,1218.2
2023-03-23T13:30:00Z,85.06,1160.85
2023-03-23T14:00:00Z,85.91,1095.5
2023-03-23T14:30:00Z,90.92,1231.65
2023-03-23T15:00:00Z,96.92,1249.4
2023-03-23T15:30:00Z,104.23,1311.3
2023-03-23T16:00:00Z,121.43000000000002,1298.35
2023-03-23T16:30:00Z,127.4,1760.45
2023-03-23T17:00:00Z,132.08,1623.65
2023-03-23T17:30:00Z,136.03,1811.1
2023-03-23T18:00:00Z,138.11,1860.15
2023-03-23T18:30:00Z,146.28,1969.45
2023-03-23T19:00:00Z,140.83,1198.4
2023-03-23T19:30:00Z,121.84,981.15
2023-03-23T20:00:00Z,129.07,978.1
2023-03-23T20:30:00Z,111.88,1109.95
2023-03-23T21:00:00Z,122.06,1151.15
2023-03-23T21:30:00Z,114.18,1463.9
2023-03-23T22:00:00Z,106.44,1296.0
2023-03-23T22:30:00Z,87.71,1578.25
2023-03-23T23:00:00Z,81.41,786.9
2023-03-23T23:30:00Z,45.79,834.05
2023-03-24T00:00:00Z,28.569999999999997,823.75
2023-03-24T00:30:00Z,23.5,1059.7
2023-03-24T01:00:00Z,33.56,1129.4
2023-03-24T01:30:00Z,6.23,948.2
2023-03-24T02:00:00Z,17.87,1035.15
2023-03-24T02:30:00Z,14.02,1095.15
2023-03-24T03:00:00Z,13.25,1002.25
2023-03-24T03:30:00Z,10.44,1130.8
2023-03-24T04:00:00Z,17.82,1288.35
2023-03-24T04:30:00Z,17.55,1105.25
2023-03-24T05:00:00Z,32.26,1227.35
2023-03-24T05:30:00Z,38.78,868.35
2023-03-24T06:00:00Z,52.13,1110.25
2023-03-24T06:30:00Z,80.26,1669.4
2023-03-24T07:00:00Z,83.93,1261.15
2023-03-24T07:30:00Z,97.87,1227.2
2023-03-24T08:00:00Z,82.03,1172.7
2023-03-24T08:30:00Z,64.73,1335.05
2023-03-24T09:00:00Z,75.05,1800.8
2023-03-24T09:30:00Z,52.75,1663.1
2023-03-24T10:00:00Z,33.55,1625.8
2023-03-24T10:30:00Z,27.299999999999997,1694.55
2023-03-24T11:00:00Z,26.38,1819.7
2023-03-24T11:30:00Z,26.0,1784.25
2023-03-24T12:00:00Z,28.22,2275.8
2023-03-24T12:30:00Z,20.13,2345.25
2023-03-24T13:00:00Z,19.66,1858.25
2023-03-24T13:30:00Z,19.72,2139.25
2023-03-24T14:00:00Z,37.25,2021.25
2023-03-24T14:30:00Z,45.04,2212.5
2023-03-24T15:00:00Z,19.27,1344.65
2023-03-24T15:30:00Z,16.77,1330.85
2023-03-24T16:00:00Z,51.970000000000006,1543.35
2023-03-24T16:30:00Z,92.61999999999999,1938.3
2023-03-24T17:00:00Z,114.68,1793.8
2023-03-24T17:30:00Z,128.24,1864.5
2023-03-24T18:00:00Z,119.65,2137.05
2023-03-24T18:30:00Z,128.35,1994.95
2023-03-24T19:00:00Z,123.63,1897.5
2023-03-24T19:30:00Z,113.09,1800.2
2023-03-24T20:00:00Z,104.31,1800.55
2023-03-24T20:30:00Z,93.83,1490.6
2023-03-24T21:00:00Z,98.02,1569.0
2023-03-24T21:30:00Z,84.03,1225.7
2023-03-24T22:00:00Z,70.96,1343.95
2023-03-24T22:30:00Z,54.09,1530.4
2023-03-24T23:00:00Z,-2.19,875.15
2023-03-24T23:30:00Z,-17.92,1033.5
2023-03-25T00:00:00Z,10.68,1230.05
2023-03-25T00:30:00Z,17.28,1242.75
2023-03-25T01:00:00Z,2.64,1181.7
2023-03-25T01:30:00Z,-8.87,1038.05
2023-03-25T02:00:00Z,-2.01,1080.75
2023-03-25T02:30:00Z,-14.05,833.7
2023-03-25T03:00:00Z,-8.84,618.15
2023-03-25T03:30:00Z,-22.89,573.95
2023-03-25T04:00:00Z,-19.95,731.75
2023-03-25T04:30:00Z,-27.27,677.1
2023-03-25T05:00:00Z,-19.52,899.6
2023-03-25T05:30:00Z,-24.51,995.8
2023-03-25T06:00:00Z,-26.99,982.9
2023-03-25T06:30:00Z,-10.26,1098.85
2023-03-25T07:00:00Z,-21.84,1155.3
2023-03-25T07:30:00Z,-7.65,1102.45
2023-03-25T08:00:00Z,-9.95,1437.1
2023-03-25T08:30:00Z,14.11,1393.4
2023-03-25T09:00:00Z,-1.0,1282.35
2023-03-25T09:30:00Z,-3.16,1143.35
2023-03-25T10:00:00Z,-12.26,1076.75
2023-03-25T10:30:00Z,-19.4,993.15
2023-03-25T11:00:00Z,-3.17,1477.05
2023-03-25T11:30:00Z,7.61,1433.95
2023-03-25T12:00:00Z,12.66,1585.4
2023-03-25T12:30:00Z,40.35,1627.1
2023-03-25T13:00:00Z,25.62,1352.2
2023-03-25T13:30:00Z,29.85,1797.8
2023-03-25T14:00:00Z,35.99,1962.85
2023-03-25T14:30:00Z,35.88,1872.4
2023-03-25T15:00:00Z,47.44,1975.9
2023-03-25T15:30:00Z,67.93,2063.6
2023-03-25T16:00:00Z,82.82,2102.3
2023-03-25T16:30:00Z,85.59,1810.5
2023-03-25T17:00:00Z,104.08,1751.0
2023-03-25T17:30:00Z,121.48,1665.4
2023-03-25T18:00:00Z,131.41,1528.15
2023-03-25T18:30:00Z,143.47,1570.55
2023-03-25T19:00:00Z,157.75,1282.25
2023-03-25T19:30:00Z,154.27,978.1
2023-03-25T20:00:00Z,132.76,1031.95
2023-03-25T20:30:00Z,130.97,1123.0
2023-03-25T21:00:00Z,132.36,1083.95
2023-03-25T21:30:00Z,125.77,1039.75
2023-03-25T22:00:00Z,130.59,1197.8
2023-03-25T22:30:00Z,128.48,1175.25
2023-03-25T23:00:00Z,125.9,1240.5
2023-03-25T23:30:00Z,109.26,979.15
2023-03-26T00:00:00Z,119.46,905.2
2023-03-26T00:30:00Z,129.28,824.0
2023-03-26T01:00:00Z,100.34000000000002,958.2
2023-03-26T01:30:00Z,107.26,526.0
2023-03-26T02:00:00Z,134.03,390.8
2023-03-26T02:30:00Z,131.51,465.05
2023-03-26T03:00:00Z,102.51,533.9
2023-03-26T03:30:00Z,72.67,324.85
2023-03-26T04:00:00Z,95.52,630.05
2023-03-26T04:30:00Z,94.04,488.6
2023-03-26T05:00:00Z,102.56,735.2
2023-03-26T05:30:00Z,102.42,806.85
2023-03-26T06:00:00Z,119.19,678.4
2023-03-26T06:30:00Z,121.84,872.3
2023-03-26T07:00:00Z,97.11,1054.25
2023-03-26T07:30:00Z,109.71,1096.95
2023-03-26T08:00:00Z,107.49,1108.5
2023-03-26T08:30:00Z,104.6,1373.3
2023-03-26T09:00:00Z,113.63,1286.95
2023-03-26T09:30:00Z,131.41,1499.0
2023-03-26T10:00:00Z,138.57,1306.55
2023-03-26T10:30:00Z,145.97,1444.7
2023-03-26T11:00:00Z,146.02,1341.0
2023-03-26T11:30:00Z,149.89,1573.75
2023-03-26T12:00:00Z,146.06,1650.9
2023-03-26T12:30:00Z,140.33,2199.9
2023-03-26T13:00:00Z,134.98,2381.5
2023-03-26T13:30:00Z,139.33,2603.95
2023-03-26T14:00:00Z,115.45999999999998,1777.05
2023-03-26T14:30:00Z,127.18000000000002,2142.25
2023-03-26T15:00:00Z,130.07,1869.75
2023-03-26T15:30:00Z,128.05,1812.5
2023-03-26T16:00:00Z,145.24,1512.05
2023-03-26T16:30:00Z,153.4,1506.65
2023-03-26T17:00:00Z,141.64,2020.5
2023-03-26T17:30:00Z,150.85,1584.45
2023-03-26T18:00:00Z,158.27,1522.6
2023-03-26T18:30:00Z,163.51,1234.6
2023-03-26T19:00:00Z,167.1,1082.4
2023-03-26T19:30:00Z,161.13,1237.8
2023-03-26T20:00:00Z,142.14,915.75
2023-03-26T20:30:00Z,118.33,918.35
2023-03-26T21:00:00Z,107.93,1211.6
2023-03-26T21:30:00Z,104.66,1674.4
2023-03-26T22:00:00Z,96.65,845.95
2023-03-26T22:30:00Z,130.96,850.05
2023-03-26T23:00:00Z,126.11999999999999,1305.55
2023-03-26T23:30:00Z,117.75999999999999,1646.25
2023-03-27T00:00:00Z,113.54,936.85
2023-03-27T00:30:00Z,105.08,869.95
2023-03-27T01:00:00Z,97.66,990.95
2023-03-27T01:30:00Z,94.22,1285.55
2023-03-27T02:00:00Z,102.92,1119.9
2023-03-27T02:30:00Z,98.43,1114.2
2023-03-27T03:00:00Z,99.22,1081.05
2023-03-27T03:30:00Z,90.38,1157.85
2023-03-27T04:00:00Z,121.72,1404.05
2023-03-27T04:30:00Z,99.36,1049.35
2023-03-27T05:00:00Z,163.04999999999998,1660.45
2023-03-27T05:30:00Z,161.55,1924.9
2023-03-27T06:00:00Z,168.18,2050.85
2023-03-27T06:30:00Z,179.09,1817.45
2023-03-27T07:00:00Z,145.93,1206.45
2023-03-27T07:30:00Z,149.46,1772.3
2023-03-27T08:00:00Z,112.47000000000001,1417.85
2023-03-27T08:30:00Z,113.35,1455.25
2023-03-27T09:00:00Z,118.92,1801.65
2023-03-27T09:30:00Z,107.62,2000.35
2023-03-27T10:00:00Z,87.43,1434.65
2023-03-27T10:30:00Z,90.42,1861.75
2023-03-27T11:00:00Z,91.43000000000002,1744.25
2023-03-27T11:30:00Z,111.27999999999999,2415.45
2023-03-27T12:00:00Z,103.12,2019.1
2023-03-27T12:30:00Z,96.62,1987.6
2023-03-27T13:00:00Z,96.99000000000001,1926.3
2023-03-27T13:30:00Z,97.02,1846.9
2023-03-27T14:00:00Z,87.03,1422.35
2023-03-27T14:30:00Z,84.36,1417.65
2023-03-27T15:00:00Z,80.49,1551.0
2023-03-27T15:30:00Z,88.67,1524.2
2023-03-27T16:00:00Z,109.47,1798.95
2023-03-27T16:30:00Z,121.6,1865.55
2023-03-27T17:00:00Z,154.51,1975.6
2023-03-27T17:30:00Z,156.83,2268.75
2023-03-27T18:00:00Z,163.05000000000004,1759.2
2023-03-27T18:30:00Z,164.77,1855.15
2023-03-27T19:00:00Z,151.73,1625.35
2023-03-27T19:30:00Z,147.05,1430.3
2023-03-27T20:00:00Z,133.62,1381.95
2023-03-27T20:30:00Z,101.3,1112.2
2023-03-27T21:00:00Z,103.42,1226.8
2023-03-27T21:30:00Z,109.72000000000001,1632.3
2023-03-27T22:00:00Z,127.12,1446.5
2023-03-27T22:30:00Z,127.95999999999998,1181.75
2023-03-27T23:00:00Z,96.54,984.25
2023-03-27T23:30:00Z,82.93,1025.5
2023-03-28T00:00:00Z,98.96,1057.4
2023-03-28T00:30:00Z,98.07,1153.6
2023-03-28T01:00:00Z,95.68,1443.35
2023-03-28T01:30:00Z,96.98000000000002,1446.65
2023-03-28T02:00:00Z,99.98999999999998,1434.55
2023-03-28T02:30:00Z,95.2,1806.65
2023-03-28T03:00:00Z,93.29,1835.0
2023-03-28T03:30:00Z,91.31,1760.85
2023-03-28T04:00:00Z,112.77000000000001,1393.6
2023-03-28T04:30:00Z,116.86,1473.25
2023-03-28T05:00:00Z,130.39,1638.95
2023-03-28T05:30:00Z,141.01,1836.85
2023-03-28T06:00:00Z,123.0,1743.65
2023-03-28T06:30:00Z,158.66,1322.5
2023-03-28T07:00:00Z,143.82,1795.85
2023-03-28T07:30:00Z,153.72000000000003,1840.75
2023-03-28T08:00:00Z,128.02,1836.7
2023-03-28T08:30:00Z,107.65,1930.2
2023-03-28T09:00:00Z,124.65,2180.2
2023-03-28T09:30:00Z,129.71,2002.45
2023-03-28T10:00:00Z,118.03,1891.0
2023-03-28T10:30:00Z,129.44,1951.1
2023-03-28T11:00:00Z,134.05,2115.35
2023-03-28T11:30:00Z,134.21,2523.6
2023-03-28T12:00:00Z,124.0,2136.2
2023-03-28T12:30:00Z,123.60999999999999,2348.35
2023-03-28T13:00:00Z,120.01,2118.6
2023-03-28T13:30:00Z,108.81,2521.75
2023-03-28T14:00:00Z,102.34,2092.9
2023-03-28T14:30:00Z,117.32,2131.95
2023-03-28T15:00:00Z,128.11,2208.1
2023-03-28T15:30:00Z,132.54,2158.25
2023-03-28T16:00:00Z,144.97,2482.25
2023-03-28T16:30:00Z,140.14,2406.35
2023-03-28T17:00:00Z,154.23,2225.35
2023-03-28T17:30:00Z,156.79,2447.15
2023-03-28T18:00:00Z,138.98,2000.6
2023-03-28T18:30:00Z,138.98,1748.2
2023-03-28T19:00:00Z,135.67,1716.6
2023-03-28T19:30:00Z,121.53,2039.6
2023-03-28T20:00:00Z,123.54,1251.55
2023-03-28T20:30:00Z,120.78,1225.9
2023-03-28T21:00:00Z,117.96,1476.15
2023-03-28T21:30:00Z,114.67,1952.8
2023-03-28T22:00:00Z,94.77,1207.55
2023-03-28T22:30:00Z,103.72,1303.0
2023-03-28T23:00:00Z,104.72999999999999,1377.35
2023-03-28T23:30:00Z,93.64,1125.05
2023-03-29T00:00:00Z,92.12,1212.5
2023-03-29T00:30:00Z,122.97,1059.55
2023-03-29T01:00:00Z,120.64,1246.5
2023-03-29T01:30:00Z,113.44,1149.1
2023-03-29T02:00:00Z,126.92,1070.2
2023-03-29T02:30:00Z,136.17,1494.1
2023-03-29T03:00:00Z,134.85,1009.55
2023-03-29T03:30:00Z,134.56,1252.85
2023-03-29T04:00:00Z,146.29,1345.55
2023-03-29T04:30:00Z,125.89,1465.85
2023-03-29T05:00:00Z,130.37,1564.5
2023-03-29T05:30:00Z,154.67,1390.75
2023-03-29T06:00:00Z,116.39,1551.2
2023-03-29T06:30:00Z,140.09,1598.5
2023-03-29T07:00:00Z,142.14,1649.75
2023-03-29T07:30:00Z,140.38,1767.85
2023-03-29T08:00:00Z,127.39,1800.75
2023-03-29T08:30:00Z,124.06,1712.35
2023-03-29T09:00:00Z,127.17,1892.95
2023-03-29T09:30:00Z,116.27,1982.95
2023-03-29T10:00:00Z,125.39000000000001,2404.05
2023-03-29T10:30:00Z,133.27,2084.15
2023-03-29T11:00:00Z,132.73,2444.95
2023-03-29T11:30:00Z,131.05,2684.0
2023-03-29T12:00:00Z,117.61,2197.8
2023-03-29T12:30:00Z,106.99000000000001,2470.9
2023-03-29T13:00:00Z,109.27,2219.4
2023-03-29T13:30:00Z,102.19,2226.7
2023-03-29T14:00:00Z,106.17,1922.25
2023-03-29T14:30:00Z,100.87,1967.55
2023-03-29T15:00:00Z,100.7,2104.65
2023-03-29T15:30:00Z,100.13,2186.5
2023-03-29T16:00:00Z,106.07,2246.2
2023-03-29T16:30:00Z,112.73,2247.45
2023-03-29T17:00:00Z,124.87,2177.6
2023-03-29T17:30:00Z,128.29,2266.85
2023-03-29T18:00:00Z,128.09,2135.8
2023-03-29T18:30:00Z,135.46,1815.25
2023-03-29T19:00:00Z,128.21,1568.55
2023-03-29T19:30:00Z,125.05999999999999,1501.95
2023-03-29T20:00:00Z,124.42,1961.5
2023-03-29T20:30:00Z,113.5,2116.4
2023-03-29T21:00:00Z,110.94,1740.15
2023-03-29T21:30:00Z,114.09,2023.4
2023-03-29T22:00:00Z,105.78,1099.4
2023-03-29T22:30:00Z,112.3,1061.8
2023-03-29T23:00:00Z,136.83,1153.45
2023-03-29T23:30:00Z,126.96,1545.35
2023-03-30T00:00:00Z,107.99,1750.45
2023-03-30T00:30:00Z,110.37000000000002,1342.05
2023-03-30T01:00:00Z,108.13,1406.0
2023-03-30T01:30:00Z,104.17,1202.9
2023-03-30T02:00:00Z,106.13,1150.2
2023-03-30T02:30:00Z,101.58000000000001,894.2
2023-03-30T03:00:00Z,96.59,948.95
2023-03-30T03:30:00Z,88.33,1147.5
2023-03-30T04:00:00Z,93.52,1284.25
2023-03-30T04:30:00Z,90.54,1511.45
2023-03-30T05:00:00Z,115.04,2017.0
2023-03-30T05:30:00Z,114.46,2284.5
2023-03-30T06:00:00Z,108.16,2082.05
2023-03-30T06:30:00Z,128.77,1573.85
2023-03-30T07:00:00Z,129.28,1682.95
2023-03-30T07:30:00Z,130.17,1770.95
2023-03-30T08:00:00Z,131.57,1649.25
2023-03-30T08:30:00Z,129.08,1652.45
2023-03-30T09:00:00Z,131.46,1796.95
2023-03-30T09:30:00Z,129.5,2099.8
2023-03-30T10:00:00Z,132.2,1804.35
2023-03-30T10:30:00Z,123.99,1867.2
2023-03-30T11:00:00Z,112.42,1914.55
2023-03-30T11:30:00Z,103.96,1820.65
2023-03-30T12:00:00Z,92.45,1819.85
2023-03-30T12:30:00Z,83.18,1893.2
2023-03-30T13:00:00Z,89.27,2060.7
2023-03-30T13:30:00Z,91.37,2054.45
2023-03-30T14:00:00Z,80.47,2109.9
2023-03-30T14:30:00Z,91.94,2013.55
2023-03-30T15:00:00Z,99.58,2268.5
2023-03-30T15:30:00Z,102.34,2070.15
2023-03-30T16:00:00Z,103.33,1981.85
2023-03-30T16:30:00Z,103.78,1654.5
2023-03-30T17:00:00Z,107.13,1684.7
2023-03-30T17:30:00Z,105.67,1927.0
2023-03-30T18:00:00Z,114.41,1316.0
2023-03-30T18:30:00Z,118.94000000000001,2040.15
2023-03-30T19:00:00Z,127.64999999999999,1394.75
2023-03-30T19:30:00Z,124.9,1732.8
2023-03-30T20:00:00Z,116.51,1506.65
2023-03-30T20:30:00Z,113.1,1321.2
2023-03-30T21:00:00Z,129.15,1660.05
2023-03-30T21:30:00Z,110.05,1383.4
2023-03-30T22:00:00Z,116.94,978.5
2023-03-30T22:30:00Z,110.75,835.0
2023-03-30T23:00:00Z,90.46,1077.6
2023-03-30T23:30:00Z,99.43,943.85
2023-03-31T00:00:00Z,104.21,1017.15
2023-03-31T00:30:00Z,117.6,1542.3
2023-03-31T01:00:00Z,118.36,1504.8
2023-03-31T01:30:00Z,95.97,1255.85
2023-03-31T02:00:00Z,91.31,1215.4
2023-03-31T02:30:00Z,84.02,1414.35
2023-03-31T03:00:00Z,92.88,1851.9
2023-03-31T03:30:00Z,80.7,1324.0
2023-03-31T04:00:00Z,99.75,1414.95
2023-03-31T04:30:00Z,96.17,1821.75
2023-03-31T05:00:00Z,106.11,1860.45
2023-03-31T05:30:00Z,86.47,1978.25
2023-03-31T06:00:00Z,89.04,2569.6
2023-03-31T06:30:00Z,99.96,2599.15
2023-03-31T07:00:00Z,94.88,2029.15
2023-03-31T07:30:00Z,108.57,2365.4
2023-03-31T08:00:00Z,110.54000000000002,2580.6
2023-03-31T08:30:00Z,114.75000000000001,2447.05
2023-03-31T09:00:00Z,113.35,2502.85
2023-03-31T09:30:00Z,115.85999999999999,2569.15
2023-03-31T10:00:00Z,119.88,2179.0
2023-03-31T10:30:00Z,118.88,2231.95
2023-03-31T11:00:00Z,119.24,2342.65
2023-03-31T11:30:00Z,116.81,2397.8
2023-03-31T12:00:00Z,120.65,2143.75
2023-03-31T12:30:00Z,122.34,2068.05
2023-03-31T13:00:00Z,106.67,2035.4
2023-03-31T13:30:00Z,97.97,2243.4
2023-03-31T14:00:00Z,94.85,1928.95
2023-03-31T14:30:00Z,101.70000000000002,1368.45
2023-03-31T15:00:00Z,101.59000000000002,1416.5
2023-03-31T15:30:00Z,97.54,1573.5
2023-03-31T16:00:00Z,102.43,1826.15
2023-03-31T16:30:00Z,105.7,1585.55
2023-03-31T17:00:00Z,119.49,2129.6
2023-03-31T17:30:00Z,121.09,2232.0
2023-03-31T18:00:00Z,117.56,1402.6
2023-03-31T18:30:00Z,121.24,1447.9
2023-03-31T19:00:00Z,119.86,1609.65
2023-03-31T19:30:00Z,102.47000000000001,1496.7
2023-03-31T20:00:00Z,103.4,1862.4
2023-03-31T20:30:00Z,107.42,1819.45
2023-03-31T21:00:00Z,108.75,1775.45
2023-03-31T21:30:00Z,105.24,1894.25
2023-03-31T22:00:00Z,113.98,548.7
2023-03-31T22:30:00Z,69.04,467.7
2023-03-31T23:00:00Z,59.53,468.7
2023-03-31T23:30:00Z,22.299999999999997,400.85
2023-04-01T00:00:00Z,46.6,663.7
2023-04-01T00:30:00Z,53.74,624.0
2023-04-01T01:00:00Z,39.86,726.8
2023-04-01T01:30:00Z,40.67,623.7
2023-04-01T02:00:00Z,43.2,574.65
2023-04-01T02:30:00Z,43.87,595.5
2023-04-01T03:00:00Z,45.53,661.25
2023-04-01T03:30:00Z,41.89,752.85
2023-04-01T04:00:00Z,43.02,885.65
2023-04-01T04:30:00Z,45.29,695.0
2023-04-01T05:00:00Z,47.68,880.6
2023-04-01T05:30:00Z,84.41,987.6
2023-04-01T06:00:00Z,95.3,1037.15
2023-04-01T06:30:00Z,104.36,1078.6
2023-04-01T07:00:00Z,94.84,1447.05
2023-04-01T07:30:00Z,107.73,1633.55
2023-04-01T08:00:00Z,115.74999999999999,1538.7
2023-04-01T08:30:00Z,116.16,1485.15
2023-04-01T09:00:00Z,117.71,1302.35
2023-04-01T09:30:00Z,118.58999999999999,1467.3
2023-04-01T10:00:00Z,134.05,1523.2
2023-04-01T10:30:00Z,130.74,1797.55
2023-04-01T11:00:00Z,138.63,1661.15
2023-04-01T11:30:00Z,138.32,1915.5
2023-04-01T12:00:00Z,136.87,1751.25
2023-04-01T12:30:00Z,122.33,2116.55
2023-04-01T13:00:00Z,108.50000000000001,1880.9
2023-04-01T13:30:00Z,104.16,2109.55
2023-04-01T14:00:00Z,93.78,1431.15
2023-04-01T14:30:00Z,97.66,1343.9
2023-04-01T15:00:00Z,115.0,1301.55
2023-04-01T15:30:00Z,122.58,1203.15
2023-04-01T16:00:00Z,125.49,1485.75
2023-04-01T16:30:00Z,142.72,1503.05
2023-04-01T17:00:00Z,142.05,1584.85
2023-04-01T17:30:00Z,145.19,1656.1
2023-04-01T18:00:00Z,145.23,1382.5
2023-04-01T18:30:00Z,144.08,1311.55
2023-04-01T19:00:00Z,151.9,1073.7
2023-04-01T19:30:00Z,135.88,1025.2
2023-04-01T20:00:00Z,126.1,1031.35
2023-04-01T20:30:00Z,119.0,1004.1
2023-04-01T21:00:00Z,120.36,1127.7
2023-04-01T21:30:00Z,119.28,969.85
2023-04-01T22:00:00Z,142.83,675.35
2023-04-01T22:30:00Z,135.59,849.15
2023-04-01T23:00:00Z,133.19,841.15
2023-04-01T23:30:00Z,132.37,616.0
2023-04-02T00:00:00Z,120.86,874.2
2023-04-02T00:30:00Z,120.43,1010.7
2023-04-02T01:00:00Z,124.99,1002.65
2023-04-02T01:30:00Z,112.65,941.45
2023-04-02T02:00:00Z,105.71,944.35
2023-04-02T02:30:00Z,109.33,1039.3
2023-04-02T03:00:00Z,106.08,874.75
2023-04-02T03:30:00Z,100.72,899.8
2023-04-02T04:00:00Z,99.3,940.05
2023-04-02T04:30:00Z,104.31,896.95
2023-04-02T05:00:00Z,113.98,1135.55
2023-04-02T05:30:00Z,113.14,1041.35
2023-04-02T06:00:00Z,98.96,713.3
2023-04-02T06:30:00Z,108.78,899.45
2023-04-02T07:00:00Z,119.38,958.3
2023-04-02T07:30:00Z,133.89,1030.4
2023-04-02T08:00:00Z,144.76,962.45
2023-04-02T08:30:00Z,147.2,1157.75
2023-04-02T09:00:00Z,148.58,1384.7
2023-04-02T09:30:00Z,146.72,1196.75
2023-04-02T10:00:00Z,145.7,1638.05
2023-04-02T10:30:00Z,146.86,1790.65
2023-04-02T11:00:00Z,155.68,1906.9
2023-04-02T11:30:00Z,154.56,1942.35
2023-04-02T12:00:00Z,128.36,1897.65
2023-04-02T12:30:00Z,115.92,1815.85
2023-04-02T13:00:00Z,116.78,1831.55
2023-04-02T13:30:00Z,113.57,1842.2
2023-04-02T14:00:00Z,106.53,1411.35
2023-04-02T14:30:00Z,112.85,1777.65
2023-04-02T15:00:00Z,114.25,1302.4
2023-04-02T15:30:00Z,124.17,1498.7
2023-04-02T16:00:00Z,127.77,1427.15
2023-04-02T16:30:00Z,138.85,1256.75
2023-04-02T17:00:00Z,147.54,1513.35
2023-04-02T17:30:00Z,149.25,1184.2
2023-04-02T18:00:00Z,162.42,1300.45
2023-04-02T18:30:00Z,165.79,1207.45
2023-04-02T19:00:00Z,166.32,1025.15
2023-04-02T19:30:00Z,151.1,933.7
2023-04-02T20:00:00Z,143.62,1378.7
2023-04-02T20:30:00Z,131.91,1263.1
2023-04-02T21:00:00Z,125.93999999999998,1169.0
2023-04-02T21:30:00Z,125.56000000000002,1448.75
2023-04-02T22:00:00Z,143.61,636.75
2023-04-02T22:30:00Z,120.6,913.8
2023-04-02T23:00:00Z,128.26,822.35
2023-04-02T23:30:00Z,123.84999999999998,851.75
2023-04-03T00:00:00Z,111.65,914.05
2023-04-03T00:30:00Z,126.83,908.5
2023-04-03T01:00:00Z,108.14,945.5
2023-04-03T01:30:00Z,104.05,891.35
2023-04-03T02:00:00Z,109.52000000000001,879.9
2023-04-03T02:30:00Z,97.42,976.2
2023-04-03T03:00:00Z,122.43,947.55
2023-04-03T03:30:00Z,98.19000000000001,890.3
2023-04-03T04:00:00Z,117.61,832.9
2023-04-03T04:30:00Z,119.34,834.55
2023-04-03T05:00:00Z,159.07,1050.4
2023-04-03T05:30:00Z,172.24,1590.4
2023-04-03T06:00:00Z,157.69,1838.1
2023-04-03T06:30:00Z,176.31,2192.0
2023-04-03T07:00:00Z,173.27,2214.45
2023-04-03T07:30:00Z,174.5,2265.3
2023-04-03T08:00:00Z,147.91,1712.35
2023-04-03T08:30:00Z,118.61,1880.6
2023-04-03T09:00:00Z,121.69,1783.2
2023-04-03T09:30:00Z,114.44,2110.4
2023-04-03T10:00:00Z,117.55999999999999,2236.25
2023-04-03T10:30:00Z,112.79,2338.35
2023-04-03T11:00:00Z,101.58,2320.3
2023-04-03T11:30:00Z,107.90000000000002,2674.65
2023-04-03T12:00:00Z,95.0,2097.0
2023-04-03T12:30:00Z,88.07,2200.95
2023-04-03T13:00:00Z,94.26,2494.4
2023-04-03T13:30:00Z,92.05,2198.95
2023-04-03T14:00:00Z,86.98,1938.75
2023-04-03T14:30:00Z,90.96,1896.9
2023-04-03T15:00:00Z,86.95999999999998,1530.2
2023-04-03T15:30:00Z,88.4,2017.9
2023-04-03T16:00:00Z,102.91,2453.4
2023-04-03T16:30:00Z,111.79,2366.1
2023-04-03T17:00:00Z,125.24,2533.65
2023-04-03T17:30:00Z,133.3,2492.45
2023-04-03T18:00:00Z,139.43,1790.45
2023-04-03T18:30:00Z,143.08,1782.4
2023-04-03T19:00:00Z,133.5,1843.5
2023-04-03T19:30:00Z,125.67,2042.3
2023-04-03T20:00:00Z,129.94,1986.85
2023-04-03T20:30:00Z,105.93,1750.85
2023-04-03T21:00:00Z,108.86,1749.15
2023-04-03T21:30:00Z,105.04,2034.0
2023-04-03T22:00:00Z,101.08,1089.95
2023-04-03T22:30:00Z,90.29,1051.9
2023-04-03T23:00:00Z,91.53,1346.15
2023-04-03T23:30:00Z,93.05,1409.3
2023-04-04T00:00:00Z,89.12,1295.5
2023-04-04T00:30:00Z,101.4,1598.3
2023-04-04T01:00:00Z,104.56,1654.2
2023-04-04T01:30:00Z,95.68000000000002,1616.35
2023-04-04T02:00:00Z,92.24,1146.25
2023-04-04T02:30:00Z,86.02,1289.2
2023-04-04T03:00:00Z,93.85,1290.95
2023-04-04T03:30:00Z,91.69,1613.25
2023-04-04T04:00:00Z,102.0,1336.4
2023-04-04T04:30:00Z,98.62000000000002,1552.6
2023-04-04T05:00:00Z,133.03,1762.3
2023-04-04T05:30:00Z,156.06,1969.15
2023-04-04T06:00:00Z,171.64,1454.4
2023-04-04T06:30:00Z,193.11,1767.85
2023-04-04T07:00:00Z,143.89,1515.95
2023-04-04T07:30:00Z,140.67,1851.8
2023-04-04T08:00:00Z,134.11,1786.95
2023-04-04T08:30:00Z,118.53,1823.05
2023-04-04T09:00:00Z,95.81999999999998,1825.5
2023-04-04T09:30:00Z,103.84,2224.9
2023-04-04T10:00:00Z,96.93,2141.35
2023-04-04T10:30:00Z,98.2,2515.85
2023-04-04T11:00:00Z,99.9,2028.1
2023-04-04T11:30:00Z,87.04,1795.3
2023-04-04T12:00:00Z,81.91,1882.15
2023-04-04T12:30:00Z,78.39,1875.05
2023-04-04T13:00:00Z,80.55,2090.4
2023-04-04T13:30:00Z,80.35,3056.45
2023-04-04T14:00:00Z,87.68,2108.1
2023-04-04T14:30:00Z,89.79,1903.5
2023-04-04T15:00:00Z,93.78,2317.0
2023-04-04T15:30:00Z,90.08,2565.15
2023-04-04T16:00:00Z,104.27,1939.95
2023-04-04T16:30:00Z,105.75,2034.6
2023-04-04T17:00:00Z,113.98,1996.7
2023-04-04T17:30:00Z,117.67,1865.5
2023-04-04T18:00:00Z,137.74,2217.45
2023-04-04T18:30:00Z,135.83,2234.05
2023-04-04T19:00:00Z,121.92,2089.0
2023-04-04T19:30:00Z,117.32999999999998,1842.75
2023-04-04T20:00:00Z,117.12,1951.4
2023-04-04T20:30:00Z,103.81,1893.95
2023-04-04T21:00:00Z,98.37,2093.1
2023-04-04T21:30:00Z,96.28,2234.1
2023-04-04T22:00:00Z,90.62,966.3
2023-04-04T22:30:00Z,86.42,1015.45
2023-04-04T23:00:00Z,89.06,1088.55
2023-04-04T23:30:00Z,87.33,1389.8
2023-04-05T00:00:00Z,89.15,1013.45
2023-04-05T00:30:00Z,91.68,1350.15
2023-04-05T01:00:00Z,83.46,1180.3
2023-04-05T01:30:00Z,84.4,1460.3
2023-04-05T02:00:00Z,95.51,1474.1
2023-04-05T02:30:00Z,90.9,1068.2
2023-04-05T03:00:00Z,89.87,1147.1
2023-04-05T03:30:00Z,92.99,1490.7
2023-04-05T04:00:00Z,88.55,1226.6
2023-04-05T04:30:00Z,86.68,1169.1
2023-04-05T05:00:00Z,95.63000000000001,910.2
2023-04-05T05:30:00Z,125.67,1503.5
2023-04-05T06:00:00Z,140.08,1631.75
2023-04-05T06:30:00Z,170.18,1894.75
2023-04-05T07:00:00Z,125.72,1671.0
2023-04-05T07:30:00Z,134.23,1796.4
2023-04-05T08:00:00Z,103.81999999999998,1393.55
2023-04-05T08:30:00Z,106.76,1556.65
2023-04-05T09:00:00Z,106.64,1716.75
2023-04-05T09:30:00Z,103.84,1597.7
2023-04-05T10:00:00Z,91.96,1759.9
2023-04-05T10:30:00Z,92.17,1858.2
2023-04-05T11:00:00Z,92.36,1801.55
2023-04-05T11:30:00Z,91.99,1920.6
2023-04-05T12:00:00Z,92.54,2110.55
2023-04-05T12:30:00Z,92.84,1925.5
2023-04-05T13:00:00Z,91.36,2022.55
2023-04-05T13:30:00Z,92.0,1873.7
2023-04-05T14:00:00Z,92.1,1872.25
2023-04-05T14:30:00Z,95.91000000000001,1451.45
2023-04-05T15:00:00Z,97.17,1576.35
2023-04-05T15:30:00Z,99.84,1698.4
2023-04-05T16:00:00Z,136.06,1711.2
2023-04-05T16:30:00Z,146.44,1958.7
2023-04-05T17:00:00Z,165.56,2338.5
2023-04-05T17:30:00Z,161.51,2605.2
2023-04-05T18:00:00Z,154.63,2154.7
2023-04-05T18:30:00Z,159.9,1996.0
2023-04-05T19:00:00Z,151.2,1614.05
2023-04-05T19:30:00Z,143.24,1498.35
2023-04-05T20:00:00Z,147.38,1302.3
2023-04-05T20:30:00Z,135.86,1439.75
2023-04-05T21:00:00Z,133.94,1581.1
2023-04-05T21:30:00Z,133.03,1866.85
2023-04-05T22:00:00Z,117.56,729.1
2023-04-05T22:30:00Z,114.9,775.05
2023-04-05T23:00:00Z,133.62,1009.25
2023-04-05T23:30:00Z,123.73,1051.15
2023-04-06T00:00:00Z,114.41,1356.0
2023-04-06T00:30:00Z,106.27,1191.95
2023-04-06T01:00:00Z,105.33,1697.15
2023-04-06T01:30:00Z,98.67,1605.35
2023-04-06T02:00:00Z,98.67,1186.25
2023-04-06T02:30:00Z,95.14,1053.95
2023-04-06T03:00:00Z,95.43,1619.2
2023-04-06T03:30:00Z,100.28,1769.0
2023-04-06T04:00:00Z,116.83999999999999,1375.25
2023-04-06T04:30:00Z,113.6,1126.8
2023-04-06T05:00:00Z,129.84,1186.15
2023-04-06T05:30:00Z,142.29,1157.4
2023-04-06T06:00:00Z,114.74,1407.3
2023-04-06T06:30:00Z,152.37,1474.1
2023-04-06T07:00:00Z,128.56,1641.5
2023-04-06T07:30:00Z,136.19,1688.25
2023-04-06T08:00:00Z,118.22999999999999,1553.05
2023-04-06T08:30:00Z,104.2,1834.35
2023-04-06T09:00:00Z,110.29,1978.2
2023-04-06T09:30:00Z,108.4,2170.15
2023-04-06T10:00:00Z,86.18,1720.9
2023-04-06T10:30:00Z,85.59,1737.05
2023-04-06T11:00:00Z,83.89,2034.65
2023-04-06T11:30:00Z,69.15,2322.5
2023-04-06T12:00:00Z,90.79,3357.95
2023-04-06T12:30:00Z,79.27,3104.7
2023-04-06T13:00:00Z,67.33,3024.15
2023-04-06T13:30:00Z,66.4,2905.85
2023-04-06T14:00:00Z,54.93,2448.25
2023-04-06T14:30:00Z,63.06000000000001,2871.9
2023-04-06T15:00:00Z,76.4,2921.8
2023-04-06T15:30:00Z,84.29,2601.0
2023-04-06T16:00:00Z,108.22,2283.55
2023-04-06T16:30:00Z,115.32,2137.3
2023-04-06T17:00:00Z,111.48,2031.15
2023-04-06T17:30:00Z,124.25,2352.9
2023-04-06T18:00:00Z,116.36,1744.5
2023-04-06T18:30:00Z,130.13,1710.2
2023-04-06T19:00:00Z,133.0,1611.35
2023-04-06T19:30:00Z,131.34,1635.3
2023-04-06T20:00:00Z,130.72,1363.8
2023-04-06T20:30:00Z,119.76,1618.1
2023-04-06T21:00:00Z,133.22,1745.55
2023-04-06T21:30:00Z,108.21,1733.75
2023-04-06T22:00:00Z,120.78,974.1
2023-04-06T22:30:00Z,113.5,1085.8
2023-04-06T23:00:00Z,119.44,950.7
2023-04-06T23:30:00Z,109.27,890.9
2023-04-07T00:00:00Z,108.16,759.65
2023-04-07T00:30:00Z,115.47000000000001,716.55
2023-04-07T01:00:00Z,104.0,871.55
2023-04-07T01:30:00Z,107.3,837.9
2023-04-07T02:00:00Z,105.21,769.85
2023-04-07T02:30:00Z,100.61000000000001,745.4
2023-04-07T03:00:00Z,103.56,933.15
2023-04-07T03:30:00Z,103.1,861.15
2023-04-07T04:00:00Z,106.02,727.3
2023-04-07T04:30:00Z,110.13,879.5
2023-04-07T05:00:00Z,115.06,802.85
2023-04-07T05:30:00Z,111.57999999999998,901.25
2023-04-07T06:00:00Z,133.87,1145.2
2023-04-07T06:30:00Z,143.76,1069.9
2023-04-07T07:00:00Z,134.45,1387.85
2023-04-07T07:30:00Z,129.93,1680.05
2023-04-07T08:00:00Z,105.15,1119.4
2023-04-07T08:30:00Z,99.42,1169.3
2023-04-07T09:00:00Z,100.71,1637.0
2023-04-07T09:30:00Z,101.01,1835.25
2023-04-07T10:00:00Z,85.29,1671.95
2023-04-07T10:30:00Z,83.79,1725.1
2023-04-07T11:00:00Z,95.12,2143.7
2023-04-07T11:30:00Z,92.76,1727.05
2023-04-07T12:00:00Z,88.24,1535.85
2023-04-07T12:30:00Z,85.84,1598.4
2023-04-07T13:00:00Z,85.94999999999999,1553.65
2023-04-07T13:30:00Z,83.56,1788.25
2023-04-07T14:00:00Z,85.24,1373.25
2023-04-07T14:30:00Z,87.21,1335.8
2023-04-07T15:00:00Z,82.94,1462.8
2023-04-07T15:30:00Z,79.99,1987.55
2023-04-07T16:00:00Z,88.89,1530.0
2023-04-07T16:30:00Z,102.06,1251.15
2023-04-07T17:00:00Z,97.71,1217.3
2023-04-07T17:30:00Z,105.62999999999998,1351.35
2023-04-07T18:00:00Z,99.31,1178.5
2023-04-07T18:30:00Z,107.5,1386.0
2023-04-07T19:00:00Z,116.87,1161.3
2023-04-07T19:30:00Z,113.35,1072.85
2023-04-07T20:00:00Z,104.31,1125.4
2023-04-07T20:30:00Z,97.26,928.4
2023-04-07T21:00:00Z,109.65,1001.65
2023-04-07T21:30:00Z,97.96,1022.2
2023-04-07T22:00:00Z,93.14,914.85
2023-04-07T22:30:00Z,97.12,656.65
2023-04-07T23:00:00Z,108.46,647.8
2023-04-07T23:30:00Z,98.86,451.55
2023-04-08T00:00:00Z,98.35,572.0
2023-04-08T00:30:00Z,107.60000000000001,659.25
2023-04-08T01:00:00Z,105.15,767.7
2023-04-08T01:30:00Z,96.15,769.55
2023-04-08T02:00:00Z,96.15,685.9
2023-04-08T02:30:00Z,94.94,661.9
2023-04-08T03:00:00Z,101.95,534.55
2023-04-08T03:30:00Z,100.37,667.6
2023-04-08T04:00:00Z,97.18,504.3
2023-04-08T04:30:00Z,108.53,602.05
2023-04-08T05:00:00Z,105.36,427.7
2023-04-08T05:30:00Z,124.66000000000001,644.7
2023-04-08T06:00:00Z,114.39,538.4
2023-04-08T06:30:00Z,133.78,823.9
2023-04-08T07:00:00Z,118.84999999999998,674.4
2023-04-08T07:30:00Z,126.56,894.8
2023-04-08T08:00:00Z,130.07,1129.45
2023-04-08T08:30:00Z,129.21,1127.65
2023-04-08T09:00:00Z,111.43,1174.2
2023-04-08T09:30:00Z,108.19,1227.75
2023-04-08T10:00:00Z,86.86,1452.05
2023-04-08T10:30:00Z,84.07,1489.85
2023-04-08T11:00:00Z,86.94,1649.75
2023-04-08T11:30:00Z,85.11,1575.15
2023-04-08T12:00:00Z,81.84,1872.35
2023-04-08T12:30:00Z,81.33,2095.9
2023-04-08T13:00:00Z,85.66,1880.4
2023-04-08T13:30:00Z,84.47,2022.15
2023-04-08T14:00:00Z,97.92999999999999,1369.1
2023-04-08T14:30:00Z,100.28,1544.0
2023-04-08T15:00:00Z,88.74,1111.25
2023-04-08T15:30:00Z,106.16,1222.6
2023-04-08T16:00:00Z,111.65,1077.35
2023-04-08T16:30:00Z,130.52,1456.6
2023-04-08T17:00:00Z,132.51,1408.05
2023-04-08T17:30:00Z,131.74,1432.9
2023-04-08T18:00:00Z,125.89,1443.1
2023-04-08T18:30:00Z,136.6,1768.55
2023-04-08T19:00:00Z,148.43,1622.15
2023-04-08T19:30:00Z,137.39,1467.5
2023-04-08T20:00:00Z,132.72,1353.0
2023-04-08T20:30:00Z,121.6,861.2
2023-04-08T21:00:00Z,141.13,1176.95
2023-04-08T21:30:00Z,119.2,1163.0
2023-04-08T22:00:00Z,95.63,980.65
2023-04-08T22:30:00Z,102.99,693.6
2023-04-08T23:00:00Z,104.29,793.7
2023-04-08T23:30:00Z,105.13,861.65
2023-04-09T00:00:00Z,94.63,759.65
2023-04-09T00:30:00Z,87.32,766.5
2023-04-09T01:00:00Z,89.58,943.6
2023-04-09T01:30:00Z,86.47000000000001,894.65
2023-04-09T02:00:00Z,85.12,779.95
2023-04-09T02:30:00Z,77.78,776.3
2023-04-09T03:00:00Z,90.93,699.9
2023-04-09T03:30:00Z,89.58000000000001,821.4
2023-04-09T04:00:00Z,89.95000000000002,748.05
2023-04-09T04:30:00Z,89.48,793.8
2023-04-09T05:00:00Z,88.93,803.05
2023-04-09T05:30:00Z,101.42000000000002,1389.9
2023-04-09T06:00:00Z,72.77,845.6
2023-04-09T06:30:00Z,95.63,954.85
2023-04-09T07:00:00Z,92.21,1032.6
2023-04-09T07:30:00Z,93.6,1252.9
2023-04-09T08:00:00Z,75.63,918.6
2023-04-09T08:30:00Z,81.27,1352.9
2023-04-09T09:00:00Z,67.12,1203.3
2023-04-09T09:30:00Z,57.9,1173.35
2023-04-09T10:00:00Z,51.65,1664.75
2023-04-09T10:30:00Z,48.08,1463.6
2023-04-09T11:00:00Z,45.97,1720.6
2023-04-09T11:30:00Z,43.48,1797.3
2023-04-09T12:00:00Z,37.39,1454.3
2023-04-09T12:30:00Z,29.089999999999996,1583.95
2023-04-09T13:00:00Z,39.21,1488.35
2023-04-09T13:30:00Z,34.51,1464.45
2023-04-09T14:00:00Z,27.18,1612.1
2023-04-09T14:30:00Z,34.59,1448.5
2023-04-09T15:00:00Z,56.37,1889.65
2023-04-09T15:30:00Z,54.28,2029.7
2023-04-09T16:00:00Z,89.46,1610.5
2023-04-09T16:30:00Z,85.72,1268.2
2023-04-09T17:00:00Z,87.3,1108.0
2023-04-09T17:30:00Z,80.78,1378.1
2023-04-09T18:00:00Z,93.15,1377.95
2023-04-09T18:30:00Z,83.34,1383.3
2023-04-09T19:00:00Z,78.5,1211.05
2023-04-09T19:30:00Z,82.4,1399.25
2023-04-09T20:00:00Z,98.25,1780.95
2023-04-09T20:30:00Z,83.05,1430.1
2023-04-09T21:00:00Z,89.57,1419.9
2023-04-09T21:30:00Z,80.5,1461.05
2023-04-09T22:00:00Z,84.5,1415.7
2023-04-09T22:30:00Z,62.28999999999999,1129.45
2023-04-09T23:00:00Z,58.06,1079.1
2023-04-09T23:30:00Z,38.01,1291.15
2023-04-10T00:00:00Z,36.79,1166.65
2023-04-10T00:30:00Z,44.8,1323.7
2023-04-10T01:00:00Z,46.25,1379.9
2023-04-10T01:30:00Z,45.32,1629.25
2023-04-10T02:00:00Z,44.19,1726.05
2023-04-10T02:30:00Z,41.49,1641.4
2023-04-10T03:00:00Z,41.12,1630.15
2023-04-10T03:30:00Z,42.18,1526.3
2023-04-10T04:00:00Z,39.84,1415.4
2023-04-10T04:30:00Z,48.349999999999994,1660.8
2023-04-10T05:00:00Z,38.17,1457.8
2023-04-10T05:30:00Z,40.14,1592.05
2023-04-10T06:00:00Z,-11.82,1515.6
2023-04-10T06:30:00Z,30.09,1690.0
2023-04-10T07:00:00Z,2.05,1292.7
2023-04-10T07:30:00Z,16.5,1723.65
2023-04-10T08:00:00Z,6.19,1156.7
2023-04-10T08:30:00Z,9.39,1543.95
2023-04-10T09:00:00Z,8.42,1207.35
2023-04-10T09:30:00Z,6.620000000000001,1381.15
2023-04-10T10:00:00Z,1.96,1112.0
2023-04-10T10:30:00Z,9.56,1231.7
2023-04-10T11:00:00Z,15.02,1446.6
2023-04-10T11:30:00Z,-6.71,1474.8
2023-04-10T12:00:00Z,-33.33,1216.45
2023-04-10T12:30:00Z,-48.63,1280.75
2023-04-10T13:00:00Z,-46.86,1527.55
2023-04-10T13:30:00Z,-53.01,1749.95
2023-04-10T14:00:00Z,-59.12,1479.75
2023-04-10T14:30:00Z,-55.69,1427.65
2023-04-10T15:00:00Z,-46.19,2231.45
2023-04-10T15:30:00Z,-22.71,2349.15
2023-04-10T16:00:00Z,-2.43,2461.65
2023-04-10T16:30:00Z,7.77,2768.95
2023-04-10T17:00:00Z,27.449999999999996,2847.45
2023-04-10T17:30:00Z,35.86,2811.2
2023-04-10T18:00:00Z,51.85,2608.6
2023-04-10T18:30:00Z,52.95,2373.45
2023-04-10T19:00:00Z,61.64999999999999,2441.55
2023-04-10T19:30:00Z,60.90999999999999,2269.3
2023-04-10T20:00:00Z,55.24,1963.25
2023-04-10T20:30:00Z,39.72,1876.45
2023-04-10T21:00:00Z,29.65,2211.25
2023-04-10T21:30:00Z,22.719999999999995,1682.4
2023-04-10T22:00:00Z,-7.82,1330.5
2023-04-10T22:30:00Z,-14.79,1101.35
2023-04-10T23:00:00Z,-11.16,1271.25
2023-04-10T23:30:00Z,-13.46,1235.15
2023-04-11T00:00:00Z,-13.139999999999999,1413.35
2023-04-11T00:30:00Z,-7.19,1566.35
2023-04-11T01:00:00Z,-10.55,1443.4
2023-04-11T01:30:00Z,-11.94,1423.65
2023-04-11T02:00:00Z,4.92,1462.85
2023-04-11T02:30:00Z,4.0,1527.55
2023-04-11T03:00:00Z,21.05,1234.2
2023-04-11T03:30:00Z,36.13,1303.2
2023-04-11T04:00:00Z,79.63,1054.8
2023-04-11T04:30:00Z,87.18,1134.1
2023-04-11T05:00:00Z,100.94000000000001,1434.75
2023-04-11T05:30:00Z,122.69,1424.0
2023-04-11T06:00:00Z,119.91,1849.0
2023-04-11T06:30:00Z,141.53,1651.9
2023-04-11T07:00:00Z,118.56,1798.5
2023-04-11T07:30:00Z,124.85,1834.7
2023-04-11T08:00:00Z,98.27,1502.95
2023-04-11T08:30:00Z,91.96000000000001,1773.6
2023-04-11T09:00:00Z,79.51,2025.05
2023-04-11T09:30:00Z,83.0,1993.3
2023-04-11T10:00:00Z,86.21,1895.4
2023-04-11T10:30:00Z,86.74,1852.85
2023-04-11T11:00:00Z,82.67,2173.95
2023-04-11T11:30:00Z,85.8,2183.25
2023-04-11T12:00:00Z,90.22,2714.4
2023-04-11T12:30:00Z,88.49,2711.85
2023-04-11T13:00:00Z,84.37,2334.4
2023-04-11T13:30:00Z,89.44,3254.3
2023-04-11T14:00:00Z,71.79,2114.95
2023-04-11T14:30:00Z,63.580000000000005,2183.6
2023-04-11T15:00:00Z,94.35,2965.4
2023-04-11T15:30:00Z,94.51,2771.55
2023-04-11T16:00:00Z,113.36,2940.1
2023-04-11T16:30:00Z,107.68,3569.95
2023-04-11T17:00:00Z,109.46,3102.9
2023-04-11T17:30:00Z,95.96999999999998,2948.45
2023-04-11T18:00:00Z,99.63,1862.0
2023-04-11T18:30:00Z,96.91,1871.0
2023-04-11T19:00:00Z,104.2,1470.65
2023-04-11T19:30:00Z,104.9,1472.1
2023-04-11T20:00:00Z,98.70626383763839,1084.0
2023-04-11T20:30:00Z,96.57508779603823,800.15
2023-04-11T21:00:00Z,92.37,911.15
2023-04-11T21:30:00Z,90.48000000000002,737.75
2023-04-11T22:00:00Z,104.47367567567568,277.5
2023-04-11T22:30:00Z,125.17,353.85
2023-04-11T23:00:00Z,140.06,669.45
2023-04-11T23:30:00Z,132.3,1176.55
2023-04-12T00:00:00Z,96.56,1606.75
2023-04-12T00:30:00Z,106.83,1983.2
2023-04-12T01:00:00Z,103.92,1752.1
2023-04-12T01:30:00Z,91.04,1685.7
2023-04-12T02:00:00Z,73.01,1003.5
2023-04-12T02:30:00Z,73.24,1064.35
2023-04-12T03:00:00Z,92.33,928.2
2023-04-12T03:30:00Z,98.41,1181.8
2023-04-12T04:00:00Z,88.16,1130.75
2023-04-12T04:30:00Z,85.53,1453.5
2023-04-12T05:00:00Z,101.58,1424.5
2023-04-12T05:30:00Z,121.68,1841.15
2023-04-12T06:00:00Z,114.89,1474.55
2023-04-12T06:30:00Z,134.53,1462.9
2023-04-12T07:00:00Z,121.02,1610.3
2023-04-12T07:30:00Z,122.33,1872.95
2023-04-12T08:00:00Z,122.88,2450.9
2023-04-12T08:30:00Z,121.06000000000002,2233.75
2023-04-12T09:00:00Z,118.35,2725.7
2023-04-12T09:30:00Z,115.75,3055.95
2023-04-12T10:00:00Z,95.42,2967.35
2023-04-12T10:30:00Z,103.4,3011.5
2023-04-12T11:00:00Z,96.0,2506.45
2023-04-12T11:30:00Z,97.65,2869.0
2023-04-12T12:00:00Z,89.15,2637.15
2023-04-12T12:30:00Z,90.87,2619.25
2023-04-12T13:00:00Z,91.81,2711.05
2023-04-12T13:30:00Z,84.65,2661.6
2023-04-12T14:00:00Z,82.66,2533.7
2023-04-12T14:30:00Z,87.01,2300.9
2023-04-12T15:00:00Z,102.95000000000002,2934.25
2023-04-12T15:30:00Z,94.6,2929.45
2023-04-12T16:00:00Z,127.41,2761.2
2023-04-12T16:30:00Z,130.5,2662.8
2023-04-12T17:00:00Z,135.65,2765.4
2023-04-12T17:30:00Z,134.88,2782.3
2023-04-12T18:00:00Z,128.06,2428.5
2023-04-12T18:30:00Z,132.7,2434.05
2023-04-12T19:00:00Z,131.35,2418.55
2023-04-12T19:30:00Z,129.78,2727.4
2023-04-12T20:00:00Z,125.29,2489.5
2023-04-12T20:30:00Z,115.57,2795.9
2023-04-12T21:00:00Z,111.06,2732.75
2023-04-12T21:30:00Z,110.55000000000001,2647.95
2023-04-12T22:00:00Z,94.12000000000002,1399.85
2023-04-12T22:30:00Z,76.06,1546.9
2023-04-12T23:00:00Z,78.4,1351.6
2023-04-12T23:30:00Z,52.42,1365.6
2023-04-13T00:00:00Z,74.24,1238.4
2023-04-13T00:30:00Z,87.39,1371.45
2023-04-13T01:00:00Z,96.46,1624.25
2023-04-13T01:30:00Z,94.03,1566.05
2023-04-13T02:00:00Z,88.05,1356.1
2023-04-13T02:30:00Z,79.51,1518.95
2023-04-13T03:00:00Z,97.43999999999998,1428.05
2023-04-13T03:30:00Z,90.44,1479.7
2023-04-13T04:00:00Z,103.13,1231.6
2023-04-13T04:30:00Z,88.97,1293.85
2023-04-13T05:00:00Z,111.10000000000001,1188.35
2023-04-13T05:30:00Z,113.29999999999998,1442.75
2023-04-13T06:00:00Z,108.86999999999999,1420.45
2023-04-13T06:30:00Z,140.25,2012.9
2023-04-13T07:00:00Z,114.81,1422.15
2023-04-13T07:30:00Z,111.4,1386.3
2023-04-13T08:00:00Z,96.18,1296.4
2023-04-13T08:30:00Z,94.89,1565.7
2023-04-13T09:00:00Z,90.75,1628.85
2023-04-13T09:30:00Z,89.04,1634.4
2023-04-13T10:00:00Z,86.63,3497.95
2023-04-13T10:30:00Z,88.0,3124.9
2023-04-13T11:00:00Z,86.13000000000001,3098.3
2023-04-13T11:30:00Z,84.61,3144.4
2023-04-13T12:00:00Z,81.83,3073.8
2023-04-13T12:30:00Z,80.84,3122.25
2023-04-13T13:00:00Z,88.29,3226.45
2023-04-13T13:30:00Z,88.98,3671.85
2023-04-13T14:00:00Z,86.95,2484.35
2023-04-13T14:30:00Z,83.89,2160.75
2023-04-13T15:00:00Z,82.86,2229.5
2023-04-13T15:30:00Z,76.85,2160.6
2023-04-13T16:00:00Z,89.54,2056.1
2023-04-13T16:30:00Z,92.53,2879.6
2023-04-13T17:00:00Z,101.83,2435.2
2023-04-13T17:30:00Z,109.29000000000002,2506.7
2023-04-13T18:00:00Z,126.73,1980.15
2023-04-13T18:30:00Z,129.14,2129.3
2023-04-13T19:00:00Z,109.13,2096.65
2023-04-13T19:30:00Z,114.69,2263.65
2023-04-13T20:00:00Z,123.84,1892.15
2023-04-13T20:30:00Z,111.77,1724.2
2023-04-13T21:00:00Z,127.41,1337.55
2023-04-13T21:30:00Z,110.64,1852.5
2023-04-13T22:00:00Z,114.36,1048.1
2023-04-13T22:30:00Z,82.61,1025.45
2023-04-13T23:00:00Z,99.87,1102.7
2023-04-13T23:30:00Z,90.43999999999998,949.35
2023-04-14T00:00:00Z,81.59,910.65
2023-04-14T00:30:00Z,104.82,1075.3
2023-04-14T01:00:00Z,101.3,1012.65
2023-04-14T01:30:00Z,103.84,1076.55
2023-04-14T02:00:00Z,93.16,776.6
2023-04-14T02:30:00Z,82.95,823.45
2023-04-14T03:00:00Z,93.14,1202.6
2023-04-14T03:30:00Z,76.53,882.7
2023-04-14T04:00:00Z,107.46,1193.4
2023-04-14T04:30:00Z,93.58,831.75
2023-04-14T05:00:00Z,112.24,1057.75
2023-04-14T05:30:00Z,148.99,1281.55
2023-04-14T06:00:00Z,104.94,1111.55
2023-04-14T06:30:00Z,140.32,1521.45
2023-04-14T07:00:00Z,114.36,1421.25
2023-04-14T07:30:00Z,119.77,1654.05
2023-04-14T08:00:00Z,105.61000000000001,1369.8
2023-04-14T08:30:00Z,93.89,1093.3
2023-04-14T09:00:00Z,92.69,1496.65
2023-04-14T09:30:00Z,94.2,1431.7
2023-04-14T10:00:00Z,99.94,2507.3
2023-04-14T10:30:00Z,97.25,2470.4
2023-04-14T11:00:00Z,84.13,2354.2
2023-04-14T11:30:00Z,86.17,2893.4
2023-04-14T12:00:00Z,90.08,2424.6
2023-04-14T12:30:00Z,83.48,2496.45
2023-04-14T13:00:00Z,84.97,2590.3
2023-04-14T13:30:00Z,83.46,2571.25
2023-04-14T14:00:00Z,96.62,2435.8
2023-04-14T14:30:00Z,96.34,2353.9
2023-04-14T15:00:00Z,91.57,2037.05
2023-04-14T15:30:00Z,92.01,2340.45
2023-04-14T16:00:00Z,94.75000000000001,1964.6
2023-04-14T16:30:00Z,95.18999999999998,1794.2
2023-04-14T17:00:00Z,97.13,2119.4
2023-04-14T17:30:00Z,105.25,2352.55
2023-04-14T18:00:00Z,124.11999999999999,2408.1
2023-04-14T18:30:00Z,117.83,2560.1
2023-04-14T19:00:00Z,114.3,2080.2
2023-04-14T19:30:00Z,114.53,1866.6
2023-04-14T20:00:00Z,122.91000000000001,1689.35
2023-04-14T20:30:00Z,107.04,1555.55
2023-04-14T21:00:00Z,113.80999999999999,1615.45
2023-04-14T21:30:00Z,109.51,1875.2
2023-04-14T22:00:00Z,102.06,1102.15
2023-04-14T22:30:00Z,111.34,729.0
2023-04-14T23:00:00Z,123.38,505.4
2023-04-14T23:30:00Z,114.39,445.55
2023-04-15T00:00:00Z,106.4,918.0
2023-04-15T00:30:00Z,121.88,691.15
2023-04-15T01:00:00Z,115.81,709.75
2023-04-15T01:30:00Z,99.17,651.4
2023-04-15T02:00:00Z,90.75,736.1
2023-04-15T02:30:00Z,92.76,870.45
2023-04-15T03:00:00Z,101.16,890.3
2023-04-15T03:30:00Z,94.42,984.05
2023-04-15T04:00:00Z,89.04999999999998,835.6
2023-04-15T04:30:00Z,93.27000000000001,924.35
2023-04-15T05:00:00Z,86.41,935.35
2023-04-15T05:30:00Z,95.15,1002.75
2023-04-15T06:00:00Z,87.12,746.35
2023-04-15T06:30:00Z,95.88,1023.05
2023-04-15T07:00:00Z,86.34,1169.75
2023-04-15T07:30:00Z,106.83,1188.8
2023-04-15T08:00:00Z,107.11,1146.95
2023-04-15T08:30:00Z,108.16000000000001,1327.95
2023-04-15T09:00:00Z,100.09,1009.65
2023-04-15T09:30:00Z,96.33,1222.75
2023-04-15T10:00:00Z,92.94999999999999,1558.4
2023-04-15T10:30:00Z,85.73,1425.7
2023-04-15T11:00:00Z,86.29,1326.0
2023-04-15T11:30:00Z,84.87,1427.95
2023-04-15T12:00:00Z,84.14,1059.6
2023-04-15T12:30:00Z,83.72,1244.85
2023-04-15T13:00:00Z,89.7,1074.15
2023-04-15T13:30:00Z,89.76,1290.35
2023-04-15T14:00:00Z,80.99,974.15
2023-04-15T14:30:00Z,80.36,911.9
2023-04-15T15:00:00Z,80.8,1260.7
2023-04-15T15:30:00Z,84.36,990.0
2023-04-15T16:00:00Z,85.61,1077.75
2023-04-15T16:30:00Z,82.54,1134.45
2023-04-15T17:00:00Z,86.77,1426.4
2023-04-15T17:30:00Z,101.57,1991.95
2023-04-15T18:00:00Z,115.08,1789.1
2023-04-15T18:30:00Z,104.6,1701.35
2023-04-15T19:00:00Z,97.48,1405.5
2023-04-15T19:30:00Z,97.58,1621.75
2023-04-15T20:00:00Z,106.16,1383.35
2023-04-15T20:30:00Z,88.01,1197.1
2023-04-15T21:00:00Z,94.42,1368.75
2023-04-15T21:30:00Z,89.46,2014.95
2023-04-15T22:00:00Z,78.62,835.65
2023-04-15T22:30:00Z,75.91,560.4
2023-04-15T23:00:00Z,82.15,577.65
2023-04-15T23:30:00Z,80.42,553.35
2023-04-16T00:00:00Z,83.99,468.1
2023-04-16T00:30:00Z,87.61,698.0
2023-04-16T01:00:00Z,76.59,473.25
2023-04-16T01:30:00Z,67.95,667.3
2023-04-16T02:00:00Z,87.3,664.8
2023-04-16T02:30:00Z,91.39,605.2
2023-04-16T03:00:00Z,89.27,497.65
2023-04-16T03:30:00Z,91.93,751.65
2023-04-16T04:00:00Z,90.08,459.0
2023-04-16T04:30:00Z,93.8,477.0
2023-04-16T05:00:00Z,82.99,579.8
2023-04-16T05:30:00Z,84.95,506.65
2023-04-16T06:00:00Z,75.01,734.1
2023-04-16T06:30:00Z,93.26,997.8
2023-04-16T07:00:00Z,83.58999999999999,829.45
2023-04-16T07:30:00Z,96.34999999999998,766.9
2023-04-16T08:00:00Z,87.45,1084.65
2023-04-16T08:30:00Z,99.02,991.5
2023-04-16T09:00:00Z,104.68,1290.6
2023-04-16T09:30:00Z,107.49,1409.35
2023-04-16T10:00:00Z,83.63,898.3
2023-04-16T10:30:00Z,89.29,1023.05
2023-04-16T11:00:00Z,87.98,945.05
2023-04-16T11:30:00Z,87.04,1092.65
2023-04-16T12:00:00Z,99.32,1524.7
2023-04-16T12:30:00Z,104.44,1635.4
2023-04-16T13:00:00Z,94.41,1568.5
2023-04-16T13:30:00Z,94.32,1786.25
2023-04-16T14:00:00Z,104.06,1614.0
2023-04-16T14:30:00Z,97.98,1760.6
2023-04-16T15:00:00Z,99.85,1567.15
2023-04-16T15:30:00Z,101.73,2052.85
2023-04-16T16:00:00Z,125.18,1361.15
2023-04-16T16:30:00Z,127.8,1819.15
2023-04-16T17:00:00Z,130.53,1513.15
2023-04-16T17:30:00Z,133.88,1754.15
2023-04-16T18:00:00Z,137.91,1412.15
2023-04-16T18:30:00Z,136.25,1489.5
2023-04-16T19:00:00Z,132.21,1540.35
2023-04-16T19:30:00Z,131.63,1350.45
2023-04-16T20:00:00Z,133.58,1383.4
2023-04-16T20:30:00Z,124.4,1454.85
2023-04-16T21:00:00Z,127.28,1249.95
2023-04-16T21:30:00Z,105.49,1241.15
2023-04-16T22:00:00Z,129.46,446.6
2023-04-16T22:30:00Z,108.88000000000001,387.75
2023-04-16T23:00:00Z,112.19,620.8
2023-04-16T23:30:00Z,107.17999999999999,623.55
2023-04-17T00:00:00Z,103.98,564.5
2023-04-17T00:30:00Z,115.22,351.75
2023-04-17T01:00:00Z,112.37,483.9
2023-04-17T01:30:00Z,106.09,523.15
2023-04-17T02:00:00Z,113.04,398.9
2023-04-17T02:30:00Z,97.83,497.75
2023-04-17T03:00:00Z,125.9,487.0
2023-04-17T03:30:00Z,101.69,504.8
2023-04-17T04:00:00Z,105.23,925.85
2023-04-17T04:30:00Z,104.1,1029.45
2023-04-17T05:00:00Z,151.94,1373.6
2023-04-17T05:30:00Z,164.91,1181.7
2023-04-17T06:00:00Z,185.14,1616.0
2023-04-17T06:30:00Z,202.69,1423.4
2023-04-17T07:00:00Z,142.21,1128.7
2023-04-17T07:30:00Z,154.84,1096.0
2023-04-17T08:00:00Z,143.05,1618.5
2023-04-17T08:30:00Z,134.92,1482.65
2023-04-17T09:00:00Z,125.97,1240.6
2023-04-17T09:30:00Z,114.18,1290.45
2023-04-17T10:00:00Z,117.61000000000001,1594.7
2023-04-17T10:30:00Z,111.56,1833.7
2023-04-17T11:00:00Z,103.48,1771.8
2023-04-17T11:30:00Z,106.33,1860.9
2023-04-17T12:00:00Z,106.65,1892.55
2023-04-17T12:30:00Z,105.68,1938.1
2023-04-17T13:00:00Z,109.01,1993.45
2023-04-17T13:30:00Z,107.47,2054.35
2023-04-17T14:00:00Z,113.48,1639.3
2023-04-17T14:30:00Z,121.62,1732.1
2023-04-17T15:00:00Z,109.44,1852.0
2023-04-17T15:30:00Z,124.93,1880.45
2023-04-17T16:00:00Z,126.79,1543.1
2023-04-17T16:30:00Z,134.27,1861.25
2023-04-17T17:00:00Z,132.01,1697.55
2023-04-17T17:30:00Z,127.17,1668.0
2023-04-17T18:00:00Z,132.57,1117.7
2023-04-17T18:30:00Z,127.58000000000001,1161.7
2023-04-17T19:00:00Z,135.18,1327.15
2023-04-17T19:30:00Z,130.28,1360.1
2023-04-17T20:00:00Z,130.18,1592.0
2023-04-17T20:30:00Z,108.32,1119.6
2023-04-17T21:00:00Z,120.07,1230.8
2023-04-17T21:30:00Z,111.43,1525.35
2023-04-17T22:00:00Z,106.34,1092.35
2023-04-17T22:30:00Z,107.03,1017.7
2023-04-17T23:00:00Z,104.8,929.35
2023-04-17T23:30:00Z,104.95,859.65
2023-04-18T00:00:00Z,106.02,936.25
2023-04-18T00:30:00Z,108.54,1011.1
2023-04-18T01:00:00Z,110.39,1271.2
2023-04-18T01:30:00Z,105.04,1230.9
2023-04-18T02:00:00Z,107.39,1077.15
2023-04-18T02:30:00Z,98.43,1347.9
2023-04-18T03:00:00Z,106.26,1034.3
2023-04-18T03:30:00Z,89.56,1011.65
2023-04-18T04:00:00Z,122.72,1252.7
2023-04-18T04:30:00Z,111.75,1073.85
2023-04-18T05:00:00Z,120.33,1359.45
2023-04-18T05:30:00Z,137.36,1451.65
2023-04-18T06:00:00Z,120.49000000000001,1324.8
2023-04-18T06:30:00Z,133.32,1472.6
2023-04-18T07:00:00Z,127.32,1759.35
2023-04-18T07:30:00Z,122.42,1562.45
2023-04-18T08:00:00Z,119.35000000000001,2476.35
2023-04-18T08:30:00Z,112.15,2081.85
2023-04-18T09:00:00Z,105.79,2195.45
2023-04-18T09:30:00Z,110.36,2141.25
2023-04-18T10:00:00Z,101.7,1811.3
2023-04-18T10:30:00Z,97.36,1676.15
2023-04-18T11:00:00Z,97.24,2169.7
2023-04-18T11:30:00Z,98.34,2453.65
2023-04-18T12:00:00Z,93.34,1940.15
2023-04-18T12:30:00Z,87.29,1944.95
2023-04-18T13:00:00Z,94.63,2160.55
2023-04-18T13:30:00Z,94.57,2370.8
2023-04-18T14:00:00Z,98.03,2244.95
2023-04-18T14:30:00Z,99.55,2273.4
2023-04-18T15:00:00Z,96.89,1613.7
2023-04-18T15:30:00Z,98.07999999999998,1952.5
2023-04-18T16:00:00Z,109.15999999999998,1779.75
2023-04-18T16:30:00Z,105.81,2096.75
2023-04-18T17:00:00Z,113.05,2199.9
2023-04-18T17:30:00Z,120.71,2029.75
2023-04-18T18:00:00Z,116.28,1736.3
2023-04-18T18:30:00Z,115.67,1765.45
2023-04-18T19:00:00Z,119.0,2036.1
2023-04-18T19:30:00Z,120.49,1759.1
2023-04-18T20:00:00Z,116.88,1690.65
2023-04-18T20:30:00Z,109.08,1667.85
2023-04-18T21:00:00Z,103.02,1689.6
2023-04-18T21:30:00Z,106.05,2211.05
2023-04-18T22:00:00Z,92.12,1357.15
2023-04-18T22:30:00Z,81.96,1320.0
2023-04-18T23:00:00Z,80.66,1236.65
2023-04-18T23:30:00Z,76.46,1646.3
2023-04-19T00:00:00Z,76.24,1285.9
2023-04-19T00:30:00Z,84.36,2012.3
2023-04-19T01:00:00Z,88.07,1482.85
2023-04-19T01:30:00Z,85.94,1926.75
2023-04-19T02:00:00Z,87.66,1261.95
2023-04-19T02:30:00Z,86.72,1384.35
2023-04-19T03:00:00Z,100.09,1192.25
2023-04-19T03:30:00Z,86.85,1490.8
2023-04-19T04:00:00Z,118.77,902.65
2023-04-19T04:30:00Z,108.33,1197.1
2023-04-19T05:00:00Z,119.77999999999999,842.3
2023-04-19T05:30:00Z,135.2,1199.75
2023-04-19T06:00:00Z,119.90999999999998,1471.75
2023-04-19T06:30:00Z,141.56,1567.85
2023-04-19T07:00:00Z,133.51,1397.95
2023-04-19T07:30:00Z,134.19,1510.85
2023-04-19T08:00:00Z,117.83,1738.0
2023-04-19T08:30:00Z,116.84,1675.95
2023-04-19T09:00:00Z,101.19,2194.45
2023-04-19T09:30:00Z,96.2,2229.2
2023-04-19T10:00:00Z,96.1,2460.15
2023-04-19T10:30:00Z,101.96,2399.95
2023-04-19T11:00:00Z,100.23,2283.5
2023-04-19T11:30:00Z,91.31,2111.3
2023-04-19T12:00:00Z,68.75,2056.85
2023-04-19T12:30:00Z,55.92,2295.85
2023-04-19T13:00:00Z,69.68,2778.85
2023-04-19T13:30:00Z,63.29,2704.65
2023-04-19T14:00:00Z,49.15,2023.95
2023-04-19T14:30:00Z,50.35,2010.05
2023-04-19T15:00:00Z,68.23,2378.65
2023-04-19T15:30:00Z,79.23,2373.0
2023-04-19T16:00:00Z,75.24,2386.7
2023-04-19T16:30:00Z,66.51,2382.2
2023-04-19T17:00:00Z,91.09,2200.7
2023-04-19T17:30:00Z,95.84,2425.65
2023-04-19T18:00:00Z,114.12,1868.65
2023-04-19T18:30:00Z,117.2,1770.7
2023-04-19T19:00:00Z,116.16,1643.95
2023-04-19T19:30:00Z,119.29,1587.6
2023-04-19T20:00:00Z,112.52,1751.05
2023-04-19T20:30:00Z,102.73,1744.15
2023-04-19T21:00:00Z,102.89,1901.65
2023-04-19T21:30:00Z,95.04,2008.5
2023-04-19T22:00:00Z,85.39,1149.95
2023-04-19T22:30:00Z,84.67,1024.9
2023-04-19T23:00:00Z,91.87,1219.0
2023-04-19T23:30:00Z,85.74,1430.55
2023-04-20T00:00:00Z,82.7,1437.35
2023-04-20T00:30:00Z,98.59,1605.05
2023-04-20T01:00:00Z,94.09,1492.95
2023-04-20T01:30:00Z,79.02,1666.5
2023-04-20T02:00:00Z,73.37,1056.55
2023-04-20T02:30:00Z,71.08,1213.25
2023-04-20T03:00:00Z,88.12,1204.2
2023-04-20T03:30:00Z,74.79,1458.05
2023-04-20T04:00:00Z,103.76000000000002,1539.8
2023-04-20T04:30:00Z,89.36,1170.55
2023-04-20T05:00:00Z,98.61,1183.4
2023-04-20T05:30:00Z,131.92,1933.7
2023-04-20T06:00:00Z,133.4,1738.35
2023-04-20T06:30:00Z,148.64,1737.1
2023-04-20T07:00:00Z,135.8,1813.35
2023-04-20T07:30:00Z,111.93,1654.1
2023-04-20T08:00:00Z,104.93999999999998,1599.25
2023-04-20T08:30:00Z,99.98999999999998,1560.85
2023-04-20T09:00:00Z,105.06,1892.25
2023-04-20T09:30:00Z,96.17,2172.3
2023-04-20T10:00:00Z,91.66,2120.75
2023-04-20T10:30:00Z,82.32,2097.6
2023-04-20T11:00:00Z,84.06,2211.25
2023-04-20T11:30:00Z,81.35,2238.2
2023-04-20T12:00:00Z,79.31,2514.3
2023-04-20T12:30:00Z,76.94,2676.6
2023-04-20T13:00:00Z,76.41,2656.0
2023-04-20T13:30:00Z,75.87,2325.15
2023-04-20T14:00:00Z,71.68,1879.6
2023-04-20T14:30:00Z,79.63,2050.2
2023-04-20T15:00:00Z,77.48,1944.05
2023-04-20T15:30:00Z,90.65,2355.0
2023-04-20T16:00:00Z,123.68,2024.5
2023-04-20T16:30:00Z,124.14999999999999,2271.35
2023-04-20T17:00:00Z,122.59,2041.75
2023-04-20T17:30:00Z,134.23,2161.7
2023-04-20T18:00:00Z,134.52,1649.7
2023-04-20T18:30:00Z,139.54,1898.45
2023-04-20T19:00:00Z,140.53,1577.65
2023-04-20T19:30:00Z,141.73,1428.55
2023-04-20T20:00:00Z,134.02,1730.75
2023-04-20T20:30:00Z,124.7,1590.7
2023-04-20T21:00:00Z,131.84,1465.2
2023-04-20T21:30:00Z,104.49000000000001,1449.25
2023-04-20T22:00:00Z,90.7,1229.2
2023-04-20T22:30:00Z,84.97,1288.7
2023-04-20T23:00:00Z,86.92,1650.0
2023-04-20T23:30:00Z,92.65,1603.7
2023-04-21T00:00:00Z,79.63,1368.1
2023-04-21T00:30:00Z,82.36,1454.1
2023-04-21T01:00:00Z,96.81000000000002,1599.75
2023-04-21T01:30:00Z,102.27,1621.85
2023-04-21T02:00:00Z,126.07999999999998,1201.9
2023-04-21T02:30:00Z,108.9,1267.4
2023-04-21T03:00:00Z,115.37000000000002,1622.4
2023-04-21T03:30:00Z,101.03,1206.3
2023-04-21T04:00:00Z,118.65,1470.3
2023-04-21T04:30:00Z,107.35,1293.05
2023-04-21T05:00:00Z,114.37,1350.9
2023-04-21T05:30:00Z,142.43,1262.75
2023-04-21T06:00:00Z,129.15,1347.05
2023-04-21T06:30:00Z,155.92,1574.6
2023-04-21T07:00:00Z,125.03999999999999,1471.75
2023-04-21T07:30:00Z,118.15,1393.85
2023-04-21T08:00:00Z,121.66,1846.8
2023-04-21T08:30:00Z,109.25,1832.1
2023-04-21T09:00:00Z,80.75,1604.35
2023-04-21T09:30:00Z,81.16,2479.0
2023-04-21T10:00:00Z,89.59,2167.1
2023-04-21T10:30:00Z,98.63,1729.5
2023-04-21T11:00:00Z,103.72,1810.1
2023-04-21T11:30:00Z,93.93,1772.2
2023-04-21T12:00:00Z,91.21,1797.6
2023-04-21T12:30:00Z,87.75,2257.45
2023-04-21T13:00:00Z,83.25,1898.15
2023-04-21T13:30:00Z,85.35,1851.25
2023-04-21T14:00:00Z,93.44,1787.25
2023-04-21T14:30:00Z,88.64,1942.3
2023-04-21T15:00:00Z,92.49,1567.6
2023-04-21T15:30:00Z,91.44,1796.2
2023-04-21T16:00:00Z,112.86,2288.25
2023-04-21T16:30:00Z,104.1,2023.25
2023-04-21T17:00:00Z,123.24,1887.5
2023-04-21T17:30:00Z,126.50000000000001,2160.4
2023-04-21T18:00:00Z,113.42,1778.0
2023-04-21T18:30:00Z,120.57,1862.95
2023-04-21T19:00:00Z,121.02,1989.0
2023-04-21T19:30:00Z,122.94,1931.85
2023-04-21T20:00:00Z,121.01,1740.85
2023-04-21T20:30:00Z,111.8,1422.55
2023-04-21T21:00:00Z,117.27,1296.95
2023-04-21T21:30:00Z,105.9,1777.05
2023-04-21T22:00:00Z,107.19999999999999,977.35
2023-04-21T22:30:00Z,99.3,856.8
2023-04-21T23:00:00Z,93.95,638.35
2023-04-21T23:30:00Z,86.17,736.5
2023-04-22T00:00:00Z,90.32,734.9
2023-04-22T00:30:00Z,97.0,788.55
2023-04-22T01:00:00Z,96.92,613.0
2023-04-22T01:30:00Z,90.54,739.35
2023-04-22T02:00:00Z,100.35,657.65
2023-04-22T02:30:00Z,92.03,656.2
2023-04-22T03:00:00Z,93.37,524.8
2023-04-22T03:30:00Z,84.37000000000002,826.85
2023-04-22T04:00:00Z,86.35,672.6
2023-04-22T04:30:00Z,88.01000000000002,821.1
2023-04-22T05:00:00Z,81.57,709.6
2023-04-22T05:30:00Z,87.98,696.15
2023-04-22T06:00:00Z,76.72,930.45
2023-04-22T06:30:00Z,92.76,1114.55
2023-04-22T07:00:00Z,98.88,1217.05
2023-04-22T07:30:00Z,101.19,1400.8
2023-04-22T08:00:00Z,102.12,1443.5
2023-04-22T08:30:00Z,101.28,1397.75
2023-04-22T09:00:00Z,93.83,1201.25
2023-04-22T09:30:00Z,83.54,1346.9
2023-04-22T10:00:00Z,75.65,1700.75
2023-04-22T10:30:00Z,76.1,1623.2
2023-04-22T11:00:00Z,76.77999999999999,1734.35
2023-04-22T11:30:00Z,75.61,1913.5
2023-04-22T12:00:00Z,78.18,1963.5
2023-04-22T12:30:00Z,79.61,1973.0
2023-04-22T13:00:00Z,84.05,1747.85
2023-04-22T13:30:00Z,92.58000000000001,1952.7
2023-04-22T14:00:00Z,109.03,1976.35
2023-04-22T14:30:00Z,110.03,1922.05
2023-04-22T15:00:00Z,101.21999999999998,1368.45
2023-04-22T15:30:00Z,109.26000000000002,1567.75
2023-04-22T16:00:00Z,123.91,1345.9
2023-04-22T16:30:00Z,123.68,1277.1
2023-04-22T17:00:00Z,121.94,1350.95
2023-04-22T17:30:00Z,122.98,1368.2
2023-04-22T18:00:00Z,130.41,1214.85
2023-04-22T18:30:00Z,132.02,1228.95
2023-04-22T19:00:00Z,124.13,1042.6
2023-04-22T19:30:00Z,116.62000000000002,1135.9
2023-04-22T20:00:00Z,130.8,1278.55
2023-04-22T20:30:00Z,110.51,1336.95
2023-04-22T21:00:00Z,106.81,1186.8
2023-04-22T21:30:00Z,108.91,1269.45
2023-04-22T22:00:00Z,112.83,944.4
2023-04-22T22:30:00Z,123.78,861.95
2023-04-22T23:00:00Z,113.6,802.05
2023-04-22T23:30:00Z,116.52999999999999,892.5
2023-04-23T00:00:00Z,108.61,850.8
2023-04-23T00:30:00Z,115.74,934.5
2023-04-23T01:00:00Z,112.0,1062.45
2023-04-23T01:30:00Z,106.67,909.45
2023-04-23T02:00:00Z,93.37,694.85
2023-04-23T02:30:00Z,85.31,758.7
2023-04-23T03:00:00Z,91.64,735.15
2023-04-23T03:30:00Z,86.77,684.8
2023-04-23T04:00:00Z,74.18,763.35
2023-04-23T04:30:00Z,77.53,774.9
2023-04-23T05:00:00Z,86.57,916.2
2023-04-23T05:30:00Z,84.32,1118.5
2023-04-23T06:00:00Z,82.13,1443.65
2023-04-23T06:30:00Z,83.94,1419.1
2023-04-23T07:00:00Z,90.09,1079.15
2023-04-23T07:30:00Z,86.7,1239.75
2023-04-23T08:00:00Z,94.52,1134.25
2023-04-23T08:30:00Z,99.42,1340.5
2023-04-23T09:00:00Z,105.68000000000002,1617.5
2023-04-23T09:30:00Z,104.26000000000002,1571.0
2023-04-23T10:00:00Z,113.3,1834.5
2023-04-23T10:30:00Z,109.79,1745.1
2023-04-23T11:00:00Z,116.88000000000001,1903.8
2023-04-23T11:30:00Z,115.93999999999998,1804.5
2023-04-23T12:00:00Z,116.05,1548.5
2023-04-23T12:30:00Z,112.9,1557.05
2023-04-23T13:00:00Z,110.92000000000002,1594.6
2023-04-23T13:30:00Z,109.05,1707.5
2023-04-23T14:00:00Z,95.79,1190.55
2023-04-23T14:30:00Z,93.47,1159.7
2023-04-23T15:00:00Z,86.65,1116.95
2023-04-23T15:30:00Z,78.38,1437.55
2023-04-23T16:00:00Z,80.24,1496.75
2023-04-23T16:30:00Z,80.24999999999999,1706.05
2023-04-23T17:00:00Z,96.34,1871.35
2023-04-23T17:30:00Z,91.49,2127.5
2023-04-23T18:00:00Z,105.42,1802.6
2023-04-23T18:30:00Z,99.08,1795.3
2023-04-23T19:00:00Z,101.98000000000002,1615.4
2023-04-23T19:30:00Z,94.97,1553.65
2023-04-23T20:00:00Z,94.07,1816.1
2023-04-23T20:30:00Z,87.29,1811.1
2023-04-23T21:00:00Z,84.61,1943.65
2023-04-23T21:30:00Z,82.68,2186.35
2023-04-23T22:00:00Z,70.64,1110.2
2023-04-23T22:30:00Z,72.45,1083.35
2023-04-23T23:00:00Z,79.36,1091.25
2023-04-23T23:30:00Z,76.27,795.15
2023-04-24T00:00:00Z,68.84,667.6
2023-04-24T00:30:00Z,75.64,855.6
2023-04-24T01:00:00Z,70.63,784.25
2023-04-24T01:30:00Z,70.21,883.15
2023-04-24T02:00:00Z,80.1,642.55
2023-04-24T02:30:00Z,76.01,702.55
2023-04-24T03:00:00Z,84.34000000000002,830.65
2023-04-24T03:30:00Z,81.65,851.25
2023-04-24T04:00:00Z,99.23,878.8
2023-04-24T04:30:00Z,95.84999999999998,863.0
2023-04-24T05:00:00Z,99.01,1030.15
2023-04-24T05:30:00Z,109.77,1282.3
2023-04-24T06:00:00Z,87.1,1191.8
2023-04-24T06:30:00Z,120.72000000000001,1167.25
2023-04-24T07:00:00Z,112.08999999999999,1185.4
2023-04-24T07:30:00Z,108.9,1073.35
2023-04-24T08:00:00Z,96.33,1195.75
2023-04-24T08:30:00Z,87.91,1322.7
2023-04-24T09:00:00Z,89.81,1426.55
2023-04-24T09:30:00Z,90.61000000000001,1669.8
2023-04-24T10:00:00Z,81.39,1373.4
2023-04-24T10:30:00Z,82.75,1482.2
2023-04-24T11:00:00Z,86.23,1633.05
2023-04-24T11:30:00Z,88.88,1745.4
2023-04-24T12:00:00Z,87.09,1782.95
2023-04-24T12:30:00Z,87.01,1670.9
2023-04-24T13:00:00Z,88.51,1742.95
2023-04-24T13:30:00Z,88.39,1872.3
2023-04-24T14:00:00Z,97.16,2110.75
2023-04-24T14:30:00Z,96.71,2014.15
2023-04-24T15:00:00Z,93.05,2088.25
2023-04-24T15:30:00Z,91.52,2317.1
2023-04-24T16:00:00Z,103.95,2301.35
2023-04-24T16:30:00Z,105.55,2049.2
2023-04-24T17:00:00Z,113.69,1908.45
2023-04-24T17:30:00Z,114.62,1693.3
2023-04-24T18:00:00Z,113.04,1819.1
2023-04-24T18:30:00Z,111.57,1528.05
2023-04-24T19:00:00Z,118.51000000000002,1563.05
2023-04-24T19:30:00Z,112.21,1447.1
2023-04-24T20:00:00Z,114.65999999999998,1243.9
2023-04-24T20:30:00Z,101.97,1167.35
2023-04-24T21:00:00Z,99.87000000000002,1730.3
2023-04-24T21:30:00Z,93.2,1967.1
2023-04-24T22:00:00Z,79.42,669.65
2023-04-24T22:30:00Z,77.27,586.15
2023-04-24T23:00:00Z,75.89,745.2
2023-04-24T23:30:00Z,76.64,825.65
2023-04-25T00:00:00Z,76.16,858.1
2023-04-25T00:30:00Z,81.88,1045.3
2023-04-25T01:00:00Z,85.78,1211.85
2023-04-25T01:30:00Z,91.23,1325.7
2023-04-25T02:00:00Z,92.04,1096.4
2023-04-25T02:30:00Z,88.44,1164.75
2023-04-25T03:00:00Z,93.48,1289.4
2023-04-25T03:30:00Z,87.78,1315.2
2023-04-25T04:00:00Z,104.47,1037.5
2023-04-25T04:30:00Z,99.13,1094.35
2023-04-25T05:00:00Z,98.70999999999998,1373.2
2023-04-25T05:30:00Z,128.03,1523.2
2023-04-25T06:00:00Z,105.07,1481.25
2023-04-25T06:30:00Z,123.09999999999998,1300.4
2023-04-25T07:00:00Z,114.49,1492.6
2023-04-25T07:30:00Z,98.63000000000001,1368.15
2023-04-25T08:00:00Z,92.3,1282.2
2023-04-25T08:30:00Z,85.08,1492.35
2023-04-25T09:00:00Z,88.75999999999999,1818.6
2023-04-25T09:30:00Z,87.33,1786.75
2023-04-25T10:00:00Z,84.33,1930.05
2023-04-25T10:30:00Z,87.85,2633.1
2023-04-25T11:00:00Z,81.58,2197.55
2023-04-25T11:30:00Z,80.75,2420.0
2023-04-25T12:00:00Z,77.87,1852.95
2023-04-25T12:30:00Z,77.15,1833.3
2023-04-25T13:00:00Z,76.78,1836.75
2023-04-25T13:30:00Z,75.87,1859.45
2023-04-25T14:00:00Z,76.58,1905.45
2023-04-25T14:30:00Z,80.92,1580.6
2023-04-25T15:00:00Z,79.17,1593.6
2023-04-25T15:30:00Z,82.73,1762.85
2023-04-25T16:00:00Z,88.67,1530.3
2023-04-25T16:30:00Z,99.03999999999999,1555.2
2023-04-25T17:00:00Z,97.23,2039.1
2023-04-25T17:30:00Z,100.27,1757.55
2023-04-25T18:00:00Z,118.87,2070.6
2023-04-25T18:30:00Z,119.82000000000001,1889.75
2023-04-25T19:00:00Z,110.74,1814.95
2023-04-25T19:30:00Z,117.49,1690.15
2023-04-25T20:00:00Z,120.02999999999999,1401.05
2023-04-25T20:30:00Z,107.29,1543.8
2023-04-25T21:00:00Z,115.55999999999999,1525.65
2023-04-25T21:30:00Z,96.87,1479.45
2023-04-25T22:00:00Z,101.86999999999999,645.1
2023-04-25T22:30:00Z,77.9,545.4
2023-04-25T23:00:00Z,82.66,578.7
2023-04-25T23:30:00Z,97.91,748.25
2023-04-26T00:00:00Z,81.49,437.35
2023-04-26T00:30:00Z,92.01,590.85
2023-04-26T01:00:00Z,82.60000000000001,438.3
2023-04-26T01:30:00Z,78.71,618.15
2023-04-26T02:00:00Z,85.52,477.65
2023-04-26T02:30:00Z,81.27,466.15
2023-04-26T03:00:00Z,91.13,450.6
2023-04-26T03:30:00Z,85.5,686.6
2023-04-26T04:00:00Z,109.67000000000002,639.75
2023-04-26T04:30:00Z,123.81,935.7
2023-04-26T05:00:00Z,112.51,834.9
2023-04-26T05:30:00Z,146.35,1096.05
2023-04-26T06:00:00Z,127.07,1649.75
2023-04-26T06:30:00Z,146.17,1344.3
2023-04-26T07:00:00Z,125.0,1232.5
2023-04-26T07:30:00Z,118.2,1356.45
2023-04-26T08:00:00Z,117.94,1224.4
2023-04-26T08:30:00Z,105.44,1335.15
2023-04-26T09:00:00Z,101.42999999999999,1303.65
2023-04-26T09:30:00Z,97.61,1546.8
2023-04-26T10:00:00Z,91.43,1689.15
2023-04-26T10:30:00Z,87.79,1801.15
2023-04-26T11:00:00Z,90.07,2168.65
2023-04-26T11:30:00Z,88.0,2306.2
2023-04-26T12:00:00Z,90.34,1821.5
2023-04-26T12:30:00Z,88.71,1993.75
2023-04-26T13:00:00Z,88.47,2082.4
2023-04-26T13:30:00Z,87.41,2276.5
2023-04-26T14:00:00Z,90.4,1874.0
2023-04-26T14:30:00Z,93.0,1730.3
2023-04-26T15:00:00Z,95.25,2152.0
2023-04-26T15:30:00Z,105.57,2345.1
2023-04-26T16:00:00Z,109.96,2331.15
2023-04-26T16:30:00Z,112.55,2469.45
2023-04-26T17:00:00Z,119.27,2755.7
2023-04-26T17:30:00Z,116.4,2931.7
2023-04-26T18:00:00Z,126.43,2898.65
2023-04-26T18:30:00Z,123.01,2800.55
2023-04-26T19:00:00Z,123.05,2470.8
2023-04-26T19:30:00Z,119.98,2657.35
2023-04-26T20:00:00Z,121.90999999999998,2252.5
2023-04-26T20:30:00Z,110.98,1760.5
2023-04-26T21:00:00Z,111.27,1562.75
2023-04-26T21:30:00Z,104.8,1518.9
2023-04-26T22:00:00Z,96.38,884.25
2023-04-26T22:30:00Z,81.59,580.9
2023-04-26T23:00:00Z,83.86,614.8
2023-04-26T23:30:00Z,81.45,828.95
2023-04-27T00:00:00Z,87.91,868.25
2023-04-27T00:30:00Z,95.03,1088.5
2023-04-27T01:00:00Z,85.54,939.75
2023-04-27T01:30:00Z,81.93,866.35
2023-04-27T02:00:00Z,81.73,720.95
2023-04-27T02:30:00Z,82.96,755.85
2023-04-27T03:00:00Z,80.76,592.2
2023-04-27T03:30:00Z,79.65,566.1
2023-04-27T04:00:00Z,85.52,458.7
2023-04-27T04:30:00Z,85.32,367.65
2023-04-27T05:00:00Z,93.50999999999999,766.8
2023-04-27T05:30:00Z,117.88000000000001,801.35
2023-04-27T06:00:00Z,85.37,998.35
2023-04-27T06:30:00Z,99.16,1385.5
2023-04-27T07:00:00Z,92.21,1121.05
2023-04-27T07:30:00Z,92.93,1131.95
2023-04-27T08:00:00Z,86.38,1432.55
2023-04-27T08:30:00Z,93.38,1839.45
2023-04-27T09:00:00Z,90.03,2350.9
2023-04-27T09:30:00Z,85.73,2294.75
2023-04-27T10:00:00Z,85.06,2154.05
2023-04-27T10:30:00Z,82.21,2086.8
2023-04-27T11:00:00Z,82.68,2473.1
2023-04-27T11:30:00Z,79.96,2096.75
2023-04-27T12:00:00Z,80.52,2846.25
2023-04-27T12:30:00Z,76.88,2698.2
2023-04-27T13:00:00Z,75.26,2283.6
2023-04-27T13:30:00Z,73.17,2636.5
2023-04-27T14:00:00Z,76.4,2224.75
2023-04-27T14:30:00Z,77.72,2229.9
2023-04-27T15:00:00Z,84.25,2571.75
2023-04-27T15:30:00Z,82.91,2101.3
2023-04-27T16:00:00Z,90.79,1901.25
2023-04-27T16:30:00Z,97.24,2135.65
2023-04-27T17:00:00Z,109.68,2203.95
2023-04-27T17:30:00Z,108.8,2153.75
2023-04-27T18:00:00Z,118.90999999999998,1478.4
2023-04-27T18:30:00Z,117.69,1611.3
2023-04-27T19:00:00Z,120.95,1577.1
2023-04-27T19:30:00Z,118.24,1789.25
2023-04-27T20:00:00Z,114.89,1503.75
2023-04-27T20:30:00Z,103.25,1475.0
2023-04-27T21:00:00Z,104.50999999999999,1484.45
2023-04-27T21:30:00Z,103.07,1413.55
2023-04-27T22:00:00Z,97.02000000000001,1723.65
2023-04-27T22:30:00Z,108.38,1267.95
2023-04-27T23:00:00Z,101.42,1183.75
2023-04-27T23:30:00Z,106.61999999999999,1307.75
2023-04-28T00:00:00Z,93.27,1312.05
2023-04-28T00:30:00Z,99.19,1198.35
2023-04-28T01:00:00Z,91.0,1313.1
2023-04-28T01:30:00Z,95.93,1341.25
2023-04-28T02:00:00Z,100.44,948.6
2023-04-28T02:30:00Z,107.69,1044.65
2023-04-28T03:00:00Z,100.37,1040.3
2023-04-28T03:30:00Z,111.51,1601.7
2023-04-28T04:00:00Z,141.58,1342.45
2023-04-28T04:30:00Z,113.52000000000001,1897.25
2023-04-28T05:00:00Z,107.99,1627.05
2023-04-28T05:30:00Z,137.06,1638.25
2023-04-28T06:00:00Z,136.4,1583.85
2023-04-28T06:30:00Z,157.0,1674.7
2023-04-28T07:00:00Z,153.15,1725.9
2023-04-28T07:30:00Z,154.98,1748.3
2023-04-28T08:00:00Z,159.09,2135.25
2023-04-28T08:30:00Z,159.03,2343.95
2023-04-28T09:00:00Z,151.5,2201.25
2023-04-28T09:30:00Z,150.52,2349.35
2023-04-28T10:00:00Z,139.78,2990.85
2023-04-28T10:30:00Z,143.82,3100.9
2023-04-28T11:00:00Z,144.0,3049.0
2023-04-28T11:30:00Z,141.85,3332.4
2023-04-28T12:00:00Z,140.35,3570.6
2023-04-28T12:30:00Z,135.49,3856.15
2023-04-28T13:00:00Z,130.79,3849.3
2023-04-28T13:30:00Z,125.46,3818.45
2023-04-28T14:00:00Z,116.55,3184.05
2023-04-28T14:30:00Z,118.96,3448.2
2023-04-28T15:00:00Z,128.69,2815.45
2023-04-28T15:30:00Z,132.48,2928.15
2023-04-28T16:00:00Z,128.02,3077.9
2023-04-28T16:30:00Z,129.14,3287.2
2023-04-28T17:00:00Z,130.76,2954.85
2023-04-28T17:30:00Z,132.76,2798.55
2023-04-28T18:00:00Z,117.58,2278.4
2023-04-28T18:30:00Z,116.61,1989.5
2023-04-28T19:00:00Z,119.09,2080.05
2023-04-28T19:30:00Z,117.91000000000001,2488.0
2023-04-28T20:00:00Z,108.53,1886.95
2023-04-28T20:30:00Z,106.46,1716.3
2023-04-28T21:00:00Z,108.95,1891.55
2023-04-28T21:30:00Z,100.15,1734.2
2023-04-28T22:00:00Z,91.55,737.65
2023-04-28T22:30:00Z,86.8,515.65
2023-04-28T23:00:00Z,99.27,620.0
2023-04-28T23:30:00Z,93.86,479.9
2023-04-29T00:00:00Z,88.73,425.35
2023-04-29T00:30:00Z,94.11,479.3
2023-04-29T01:00:00Z,100.59,529.6
2023-04-29T01:30:00Z,93.17,463.5
2023-04-29T02:00:00Z,87.48,504.6
2023-04-29T02:30:00Z,85.76999999999998,456.4
2023-04-29T03:00:00Z,90.83,460.8
2023-04-29T03:30:00Z,90.01,449.55
2023-04-29T04:00:00Z,90.97,508.35
2023-04-29T04:30:00Z,94.02,640.95
2023-04-29T05:00:00Z,94.03,456.2
2023-04-29T05:30:00Z,105.51,441.35
2023-04-29T06:00:00Z,91.56,680.95
2023-04-29T06:30:00Z,108.74999999999999,603.7
2023-04-29T07:00:00Z,108.3,766.1
2023-04-29T07:30:00Z,109.26,790.0
2023-04-29T08:00:00Z,115.22,1046.35
2023-04-29T08:30:00Z,110.12,844.85
2023-04-29T09:00:00Z,104.21000000000001,910.7
2023-04-29T09:30:00Z,98.12,922.3
2023-04-29T10:00:00Z,98.21,1301.8
2023-04-29T10:30:00Z,95.26,1271.2
2023-04-29T11:00:00Z,87.91,805.35
2023-04-29T11:30:00Z,85.01999999999998,882.25
2023-04-29T12:00:00Z,83.15,1157.8
2023-04-29T12:30:00Z,81.5,1328.95
2023-04-29T13:00:00Z,79.84,1217.3
2023-04-29T13:30:00Z,80.37,1023.55
2023-04-29T14:00:00Z,83.71,1039.9
2023-04-29T14:30:00Z,87.04,1098.6
2023-04-29T15:00:00Z,84.15,953.6
2023-04-29T15:30:00Z,85.05,890.3
2023-04-29T16:00:00Z,97.43,926.4
2023-04-29T16:30:00Z,102.34,1010.0
2023-04-29T17:00:00Z,112.73,1190.1
2023-04-29T17:30:00Z,106.57,1007.85
2023-04-29T18:00:00Z,114.52,1037.9
2023-04-29T18:30:00Z,108.57,910.05
2023-04-29T19:00:00Z,117.54,968.95
2023-04-29T19:30:00Z,107.69,1091.6
2023-04-29T20:00:00Z,100.59,986.3
2023-04-29T20:30:00Z,88.44,928.5
2023-04-29T21:00:00Z,99.07,999.7
2023-04-29T21:30:00Z,96.16,1075.35
2023-04-29T22:00:00Z,89.56,1110.25
2023-04-29T22:30:00Z,102.67,696.9
2023-04-29T23:00:00Z,92.1,774.7
2023-04-29T23:30:00Z,90.4,658.9
2023-04-30T00:00:00Z,90.59,852.8
2023-04-30T00:30:00Z,94.39,643.8
2023-04-30T01:00:00Z,92.36,709.1
2023-04-30T01:30:00Z,83.76,715.75
2023-04-30T02:00:00Z,80.54,751.4
2023-04-30T02:30:00Z,80.5,708.9
2023-04-30T03:00:00Z,83.27,663.7
2023-04-30T03:30:00Z,77.28,592.6
2023-04-30T04:00:00Z,76.09,529.85
2023-04-30T04:30:00Z,76.12,590.05
2023-04-30T05:00:00Z,80.53,712.6
2023-04-30T05:30:00Z,81.14,783.5
2023-04-30T06:00:00Z,80.19,804.7
2023-04-30T06:30:00Z,83.26,872.2
2023-04-30T07:00:00Z,81.86,755.9
2023-04-30T07:30:00Z,88.39,995.75
2023-04-30T08:00:00Z,107.92,1132.05
2023-04-30T08:30:00Z,107.88,1178.45
2023-04-30T09:00:00Z,106.39,1032.8
2023-04-30T09:30:00Z,105.17,1007.15
2023-04-30T10:00:00Z,112.21,696.15
2023-04-30T10:30:00Z,107.01,819.7
2023-04-30T11:00:00Z,108.24,930.0
2023-04-30T11:30:00Z,115.85,986.8
2023-04-30T12:00:00Z,111.43,1129.55
2023-04-30T12:30:00Z,97.45,1063.85
2023-04-30T13:00:00Z,93.58,1060.95
2023-04-30T13:30:00Z,90.42,991.95
2023-04-30T14:00:00Z,83.89,1056.1
2023-04-30T14:30:00Z,84.62,864.4
2023-04-30T15:00:00Z,82.63000000000001,813.9
2023-04-30T15:30:00Z,84.51,738.15
2023-04-30T16:00:00Z,87.89,948.75
2023-04-30T16:30:00Z,88.66,824.85
2023-04-30T17:00:00Z,95.48,1240.15
2023-04-30T17:30:00Z,96.1,1340.0
2023-04-30T18:00:00Z,104.8,1230.8
2023-04-30T18:30:00Z,104.25,1132.2
2023-04-30T19:00:00Z,103.84,1284.95
2023-04-30T19:30:00Z,99.13,1243.9
2023-04-30T20:00:00Z,96.5,1038.4
2023-04-30T20:30:00Z,91.14,1009.65
2023-04-30T21:00:00Z,98.55,1121.0
2023-04-30T21:30:00Z,99.64,1032.9
2023-04-30T22:00:00Z,69.52,750.8
2023-04-30T22:30:00Z,73.13,807.9
2023-04-30T23:00:00Z,74.06,1011.15
2023-04-30T23:30:00Z,76.09,758.7
2023-05-01T00:00:00Z,73.22,620.35
2023-05-01T00:30:00Z,77.81,825.65
2023-05-01T01:00:00Z,78.02,897.45
2023-05-01T01:30:00Z,78.73,984.6
2023-05-01T02:00:00Z,81.88,1000.8
2023-05-01T02:30:00Z,79.91,1115.6
2023-05-01T03:00:00Z,76.99,1285.0
2023-05-01T03:30:00Z,75.4,1369.6
2023-05-01T04:00:00Z,78.61,1162.9
2023-05-01T04:30:00Z,77.73,1113.1
2023-05-01T05:00:00Z,83.46,986.45
2023-05-01T05:30:00Z,82.19,1142.05
2023-05-01T06:00:00Z,77.83,1371.75
2023-05-01T06:30:00Z,86.91,1571.9
2023-05-01T07:00:00Z,85.72,1504.1
2023-05-01T07:30:00Z,87.96,1353.3
2023-05-01T08:00:00Z,93.97000000000001,1588.3
2023-05-01T08:30:00Z,92.24999999999999,1660.65
2023-05-01T09:00:00Z,89.56,1385.3
2023-05-01T09:30:00Z,87.74,1391.35
2023-05-01T10:00:00Z,85.0,1252.55
2023-05-01T10:30:00Z,84.97,1344.5
2023-05-01T11:00:00Z,88.47,1208.65
2023-05-01T11:30:00Z,86.93,1220.75
2023-05-01T12:00:00Z,81.5,1011.4
2023-05-01T12:30:00Z,78.63,1037.95
2023-05-01T13:00:00Z,85.4,1248.1
2023-05-01T13:30:00Z,91.49,1273.95
2023-05-01T14:00:00Z,84.49,1340.35
2023-05-01T14:30:00Z,87.32,1390.0
2023-05-01T15:00:00Z,91.37,1408.35
2023-05-01T15:30:00Z,91.5,1624.0
2023-05-01T16:00:00Z,96.52,1443.4
2023-05-01T16:30:00Z,103.61,1685.8
2023-05-01T17:00:00Z,107.16,1419.3
2023-05-01T17:30:00Z,111.8,1800.65
2023-05-01T18:00:00Z,117.47,1560.05
2023-05-01T18:30:00Z,116.42,1697.75
2023-05-01T19:00:00Z,117.18999999999998,1608.1
2023-05-01T19:30:00Z,119.73,2026.65
2023-05-01T20:00:00Z,116.68,1972.45
2023-05-01T20:30:00Z,106.67,1790.2
2023-05-01T21:00:00Z,113.01,1511.15
2023-05-01T21:30:00Z,96.25999999999999,1555.75
2023-05-01T22:00:00Z,104.96,994.1
2023-05-01T22:30:00Z,104.73,1077.4
2023-05-01T23:00:00Z,88.64,1142.2
2023-05-01T23:30:00Z,91.39,1482.8
2023-05-02T00:00:00Z,85.39,1207.8
2023-05-02T00:30:00Z,91.55,1527.2
2023-05-02T01:00:00Z,88.15,1572.7
2023-05-02T01:30:00Z,82.46,1488.45
2023-05-02T02:00:00Z,77.2,1540.75
2023-05-02T02:30:00Z,77.04,1428.6
2023-05-02T03:00:00Z,81.08,1510.95
2023-05-02T03:30:00Z,76.91,1559.65
2023-05-02T04:00:00Z,93.18,1185.45
2023-05-02T04:30:00Z,91.47,1564.25
2023-05-02T05:00:00Z,88.27,1017.2
2023-05-02T05:30:00Z,110.84,1414.2
2023-05-02T06:00:00Z,104.00999999999999,1439.05
2023-05-02T06:30:00Z,130.53,1110.85
2023-05-02T07:00:00Z,119.9,1049.8
2023-05-02T07:30:00Z,119.34,1524.4
2023-05-02T08:00:00Z,123.97,1432.55
2023-05-02T08:30:00Z,118.8,1657.3
2023-05-02T09:00:00Z,126.36,1484.55
2023-05-02T09:30:00Z,122.41000000000001,1437.75
2023-05-02T10:00:00Z,110.13,1393.85
2023-05-02T10:30:00Z,106.97,1440.9
2023-05-02T11:00:00Z,104.26999999999998,1604.3
2023-05-02T11:30:00Z,95.71,1303.65
2023-05-02T12:00:00Z,85.79,1348.25
2023-05-02T12:30:00Z,84.55,1116.6
2023-05-02T13:00:00Z,81.33,1138.6
2023-05-02T13:30:00Z,77.65,1566.05
2023-05-02T14:00:00Z,77.68,1205.65
2023-05-02T14:30:00Z,78.7,1003.8
2023-05-02T15:00:00Z,79.28,978.0
2023-05-02T15:30:00Z,80.88,880.85
2023-05-02T16:00:00Z,91.69,1237.0
2023-05-02T16:30:00Z,108.29,1292.8
2023-05-02T17:00:00Z,102.99,1271.4
2023-05-02T17:30:00Z,103.53,1404.1
2023-05-02T18:00:00Z,117.92,1044.35
2023-05-02T18:30:00Z,108.97,1096.9
2023-05-02T19:00:00Z,113.38,1248.25
2023-05-02T19:30:00Z,112.80999999999999,1179.3
2023-05-02T20:00:00Z,112.18,1113.8
2023-05-02T20:30:00Z,90.49,1106.4
2023-05-02T21:00:00Z,103.96,1339.1
2023-05-02T21:30:00Z,93.57,1387.25
2023-05-02T22:00:00Z,96.28000000000002,717.65
2023-05-02T22:30:00Z,86.53,474.9
2023-05-02T23:00:00Z,85.93,613.9
2023-05-02T23:30:00Z,75.57,490.05
2023-05-03T00:00:00Z,75.6,590.4
2023-05-03T00:30:00Z,83.08,682.25
2023-05-03T01:00:00Z,79.45,757.55
2023-05-03T01:30:00Z,77.72000000000001,867.0
2023-05-03T02:00:00Z,85.6,1222.45
2023-05-03T02:30:00Z,96.24,1287.45
2023-05-03T03:00:00Z,96.62,1036.6
2023-05-03T03:30:00Z,90.92,1214.9
2023-05-03T04:00:00Z,101.91,1027.6
2023-05-03T04:30:00Z,116.61,1084.2
2023-05-03T05:00:00Z,106.22,996.15
2023-05-03T05:30:00Z,121.36000000000001,1245.25
2023-05-03T06:00:00Z,105.29,1434.2
2023-05-03T06:30:00Z,120.1,1452.5
2023-05-03T07:00:00Z,102.36,1241.35
2023-05-03T07:30:00Z,97.85,1205.1
2023-05-03T08:00:00Z,90.66,1105.7
2023-05-03T08:30:00Z,85.58,1306.2
2023-05-03T09:00:00Z,93.4,2023.25
2023-05-03T09:30:00Z,94.71,2300.1
2023-05-03T10:00:00Z,80.61,1607.65
2023-05-03T10:30:00Z,81.64,1584.05
2023-05-03T11:00:00Z,77.36,1520.1
2023-05-03T11:30:00Z,74.13,1721.7
2023-05-03T12:00:00Z,72.47,1319.6
2023-05-03T12:30:00Z,71.38,1278.5
2023-05-03T13:00:00Z,71.6,1183.7
2023-05-03T13:30:00Z,70.36,1283.1
2023-05-03T14:00:00Z,67.77,1246.95
2023-05-03T14:30:00Z,67.65,1248.85
2023-05-03T15:00:00Z,66.87,1679.25
2023-05-03T15:30:00Z,70.16,1990.7
2023-05-03T16:00:00Z,79.94,1629.55
2023-05-03T16:30:00Z,76.76,1580.55
2023-05-03T17:00:00Z,78.61000000000001,1698.55
2023-05-03T17:30:00Z,78.68,1634.25
2023-05-03T18:00:00Z,97.74,1888.55
2023-05-03T18:30:00Z,87.06,1797.85
2023-05-03T19:00:00Z,96.89,1892.2
2023-05-03T19:30:00Z,94.31999999999998,1653.45
2023-05-03T20:00:00Z,90.25999999999999,1638.1
2023-05-03T20:30:00Z,83.18,1486.1
2023-05-03T21:00:00Z,78.79,1521.7
2023-05-03T21:30:00Z,84.56,1850.65
2023-05-03T22:00:00Z,67.2,1076.75
2023-05-03T22:30:00Z,55.800000000000004,1261.85
2023-05-03T23:00:00Z,58.01,1091.75
2023-05-03T23:30:00Z,48.67999999999999,1366.4
2023-05-04T00:00:00Z,47.19,1730.25
2023-05-04T00:30:00Z,60.84,1941.4
2023-05-04T01:00:00Z,54.53999999999999,1480.3
2023-05-04T01:30:00Z,51.22,1628.8
2023-05-04T02:00:00Z,43.25,1305.9
2023-05-04T02:30:00Z,36.3,1168.75
2023-05-04T03:00:00Z,59.79,1260.4
2023-05-04T03:30:00Z,57.77,1187.0
2023-05-04T04:00:00Z,88.39,1285.25
2023-05-04T04:30:00Z,88.68,1446.25
2023-05-04T05:00:00Z,93.89000000000001,1424.15
2023-05-04T05:30:00Z,105.71,1735.65
2023-05-04T06:00:00Z,81.57,1359.65
2023-05-04T06:30:00Z,100.52,1635.85
2023-05-04T07:00:00Z,81.67,1791.0
2023-05-04T07:30:00Z,75.11,1440.45
2023-05-04T08:00:00Z,60.79,1913.25
2023-05-04T08:30:00Z,60.56999999999999,1660.4
2023-05-04T09:00:00Z,69.92,2579.85
2023-05-04T09:30:00Z,64.01,2647.65
2023-05-04T10:00:00Z,43.71,1999.65
2023-05-04T10:30:00Z,40.27,1952.45
2023-05-04T11:00:00Z,36.64000000000001,1836.6
2023-05-04T11:30:00Z,35.300000000000004,1862.2
2023-05-04T12:00:00Z,31.49,1929.4
2023-05-04T12:30:00Z,30.68,2025.9
2023-05-04T13:00:00Z,43.05,2339.85
2023-05-04T13:30:00Z,47.22,2515.65
2023-05-04T14:00:00Z,53.35,2574.55
2023-05-04T14:30:00Z,63.79999999999999,2521.65
2023-05-04T15:00:00Z,59.92,2346.55
2023-05-04T15:30:00Z,61.17000000000001,2537.95
2023-05-04T16:00:00Z,75.95,2610.05
2023-05-04T16:30:00Z,74.25,2335.7
2023-05-04T17:00:00Z,76.46,2302.05
2023-05-04T17:30:00Z,80.26,2334.45
2023-05-04T18:00:00Z,87.32,1877.0
2023-05-04T18:30:00Z,84.82,1972.1
2023-05-04T19:00:00Z,83.28,1871.2
2023-05-04T19:30:00Z,88.81,1838.6
2023-05-04T20:00:00Z,87.66,1421.25
2023-05-04T20:30:00Z,79.62,1331.95
2023-05-04T21:00:00Z,78.12,1383.4
2023-05-04T21:30:00Z,82.5,1351.6
2023-05-04T22:00:00Z,75.61,943.85
2023-05-04T22:30:00Z,71.64,955.6
2023-05-04T23:00:00Z,77.65,971.9
2023-05-04T23:30:00Z,77.81,975.15
2023-05-05T00:00:00Z,78.13,1064.5
2023-05-05T00:30:00Z,78.65,1297.2
2023-05-05T01:00:00Z,68.93,1070.1
2023-05-05T01:30:00Z,69.5,1374.7
2023-05-05T02:00:00Z,66.81,1255.1
2023-05-05T02:30:00Z,67.65,1536.5
2023-05-05T03:00:00Z,81.08,1658.85
2023-05-05T03:30:00Z,73.84,1805.75
2023-05-05T04:00:00Z,70.46,1151.4
2023-05-05T04:30:00Z,65.22,1072.2
2023-05-05T05:00:00Z,69.84,1306.3
2023-05-05T05:30:00Z,83.71,1496.05
2023-05-05T06:00:00Z,71.78,1302.45
2023-05-05T06:30:00Z,97.26,1707.5
2023-05-05T07:00:00Z,77.6,1551.0
2023-05-05T07:30:00Z,88.68,1455.65
2023-05-05T08:00:00Z,83.44,1400.8
2023-05-05T08:30:00Z,88.23,1799.95
2023-05-05T09:00:00Z,96.22,1821.0
2023-05-05T09:30:00Z,98.31999999999998,1827.3
2023-05-05T10:00:00Z,82.25,1843.8
2023-05-05T10:30:00Z,60.440000000000005,2178.8
2023-05-05T11:00:00Z,101.75,2294.15
2023-05-05T11:30:00Z,95.40999999999998,3031.3
2023-05-05T12:00:00Z,86.73,2067.25
2023-05-05T12:30:00Z,85.72,2488.25
2023-05-05T13:00:00Z,81.56,1974.1
2023-05-05T13:30:00Z,78.88,2258.35
2023-05-05T14:00:00Z,89.66000000000001,1468.65
2023-05-05T14:30:00Z,89.54,1573.9
2023-05-05T15:00:00Z,83.95,1265.95
2023-05-05T15:30:00Z,83.2,1301.0
2023-05-05T16:00:00Z,90.41,1385.05
2023-05-05T16:30:00Z,99.71,1686.6
2023-05-05T17:00:00Z,103.26,1432.3
2023-05-05T17:30:00Z,107.03999999999999,1669.8
2023-05-05T18:00:00Z,107.54999999999998,1505.25
2023-05-05T18:30:00Z,105.80999999999999,1269.7
2023-05-05T19:00:00Z,112.73999999999998,1324.7
2023-05-05T19:30:00Z,109.90999999999998,1340.1
2023-05-05T20:00:00Z,105.98,1314.25
2023-05-05T20:30:00Z,94.61,989.1
2023-05-05T21:00:00Z,103.55,1227.95
2023-05-05T21:30:00Z,88.76,1200.75
2023-05-05T22:00:00Z,94.27,1029.75
2023-05-05T22:30:00Z,88.03,962.1
2023-05-05T23:00:00Z,91.6,653.9
2023-05-05T23:30:00Z,79.76,683.7
2023-05-06T00:00:00Z,73.74,705.45
2023-05-06T00:30:00Z,79.61,610.4
2023-05-06T01:00:00Z,85.97,608.45
2023-05-06T01:30:00Z,86.25,626.7
2023-05-06T02:00:00Z,80.76,577.15
2023-05-06T02:30:00Z,74.53,649.1
2023-05-06T03:00:00Z,85.03,518.7
2023-05-06T03:30:00Z,88.1,546.8
2023-05-06T04:00:00Z,95.31999999999998,396.6
2023-05-06T04:30:00Z,97.53999999999999,431.95
2023-05-06T05:00:00Z,85.87,441.1
2023-05-06T05:30:00Z,102.11,595.55
2023-05-06T06:00:00Z,77.38,673.85
2023-05-06T06:30:00Z,93.38,862.65
2023-05-06T07:00:00Z,79.18,737.55
2023-05-06T07:30:00Z,100.21000000000001,665.05
2023-05-06T08:00:00Z,109.35,880.2
2023-05-06T08:30:00Z,115.85,931.65
2023-05-06T09:00:00Z,114.19,1206.65
2023-05-06T09:30:00Z,107.06,1351.75
2023-05-06T10:00:00Z,108.04000000000002,988.25
2023-05-06T10:30:00Z,105.78,1220.05
2023-05-06T11:00:00Z,101.3,1119.3
2023-05-06T11:30:00Z,91.92,1304.1
2023-05-06T12:00:00Z,82.54,1314.6
2023-05-06T12:30:00Z,83.16,1260.5
2023-05-06T13:00:00Z,79.81,1138.55
2023-05-06T13:30:00Z,80.48,1026.6
2023-05-06T14:00:00Z,78.78,1105.25
2023-05-06T14:30:00Z,77.48,1022.9
2023-05-06T15:00:00Z,84.11,1120.2
2023-05-06T15:30:00Z,96.87,1210.95
2023-05-06T16:00:00Z,100.66,1143.55
2023-05-06T16:30:00Z,104.76000000000002,1328.95
2023-05-06T17:00:00Z,106.89,1317.8
2023-05-06T17:30:00Z,107.45,1425.15
2023-05-06T18:00:00Z,108.13,2142.95
2023-05-06T18:30:00Z,102.39,1780.45
2023-05-06T19:00:00Z,109.02,2035.85
2023-05-06T19:30:00Z,105.69,1874.15
2023-05-06T20:00:00Z,104.28,1764.05
2023-05-06T20:30:00Z,98.95,1623.6
2023-05-06T21:00:00Z,104.43999999999998,1587.35
2023-05-06T21:30:00Z,102.78,1974.6
2023-05-06T22:00:00Z,77.05,600.05
2023-05-06T22:30:00Z,101.43,613.7
2023-05-06T23:00:00Z,83.27,516.35
2023-05-06T23:30:00Z,86.75,639.4
2023-05-07T00:00:00Z,89.61,695.2
2023-05-07T00:30:00Z,97.01,763.9
2023-05-07T01:00:00Z,83.03,697.7
2023-05-07T01:30:00Z,83.05,782.4
2023-05-07T02:00:00Z,80.55,602.55
2023-05-07T02:30:00Z,82.44,742.25
2023-05-07T03:00:00Z,87.0,603.7
2023-05-07T03:30:00Z,84.56000000000002,485.5
2023-05-07T04:00:00Z,86.34,598.25
2023-05-07T04:30:00Z,86.99,768.7
2023-05-07T05:00:00Z,80.48,686.9
2023-05-07T05:30:00Z,82.41,662.75
2023-05-07T06:00:00Z,87.04,786.65
2023-05-07T06:30:00Z,88.22,673.45
2023-05-07T07:00:00Z,89.45,726.45
2023-05-07T07:30:00Z,100.1,730.2
2023-05-07T08:00:00Z,105.33,1015.95
2023-05-07T08:30:00Z,104.4,991.85
2023-05-07T09:00:00Z,111.64,1040.45
2023-05-07T09:30:00Z,110.38,1230.0
2023-05-07T10:00:00Z,104.43000000000002,1388.2
2023-05-07T10:30:00Z,99.03,1480.05
2023-05-07T11:00:00Z,95.59,1373.25
2023-05-07T11:30:00Z,87.57,1256.75
2023-05-07T12:00:00Z,76.2,1171.45
2023-05-07T12:30:00Z,70.69,1080.3
2023-05-07T13:00:00Z,66.94,1246.45
2023-05-07T13:30:00Z,68.93,1357.35
2023-05-07T14:00:00Z,66.95,1138.85
2023-05-07T14:30:00Z,66.74,935.1
2023-05-07T15:00:00Z,66.19,1224.95
2023-05-07T15:30:00Z,68.64,1171.15
2023-05-07T16:00:00Z,75.65,1365.35
2023-05-07T16:30:00Z,76.67,1462.4
2023-05-07T17:00:00Z,89.85,1847.25
2023-05-07T17:30:00Z,88.45,1633.5
2023-05-07T18:00:00Z,84.69,1214.0
2023-05-07T18:30:00Z,85.92,1104.95
2023-05-07T19:00:00Z,91.32,1228.95
2023-05-07T19:30:00Z,87.37,1174.5
2023-05-07T20:00:00Z,84.57,1203.55
2023-05-07T20:30:00Z,78.36,1171.25
2023-05-07T21:00:00Z,84.1,1269.1
2023-05-07T21:30:00Z,79.43,1670.85
2023-05-07T22:00:00Z,84.91,1203.05
2023-05-07T22:30:00Z,83.04,887.45
2023-05-07T23:00:00Z,85.33,1056.5
2023-05-07T23:30:00Z,78.75,959.35
2023-05-08T00:00:00Z,78.48,806.75
2023-05-08T00:30:00Z,77.77,778.55
2023-05-08T01:00:00Z,78.46,812.05
2023-05-08T01:30:00Z,72.68,928.9
2023-05-08T02:00:00Z,77.88999999999999,923.5
2023-05-08T02:30:00Z,78.05,998.45
2023-05-08T03:00:00Z,88.43,1147.95
2023-05-08T03:30:00Z,78.46,999.85
2023-05-08T04:00:00Z,85.93,1007.55
2023-05-08T04:30:00Z,81.89,905.25
2023-05-08T05:00:00Z,80.94,1215.5
2023-05-08T05:30:00Z,79.29,1544.25
2023-05-08T06:00:00Z,75.48,1480.3
2023-05-08T06:30:00Z,86.06,1502.95
2023-05-08T07:00:00Z,48.7,1473.75
2023-05-08T07:30:00Z,83.18,2054.15
2023-05-08T08:00:00Z,73.17,1443.75
2023-05-08T08:30:00Z,81.43,1760.9
2023-05-08T09:00:00Z,73.89,1678.85
2023-05-08T09:30:00Z,75.06,1384.45
2023-05-08T10:00:00Z,70.29,1337.2
2023-05-08T10:30:00Z,72.87,1384.55
2023-05-08T11:00:00Z,77.5,1606.65
2023-05-08T11:30:00Z,75.44,1582.6
2023-05-08T12:00:00Z,74.73,1642.75
2023-05-08T12:30:00Z,78.1,1559.05
2023-05-08T13:00:00Z,83.73,1571.95
2023-05-08T13:30:00Z,85.35,1664.95
2023-05-08T14:00:00Z,93.51,1165.0
2023-05-08T14:30:00Z,99.92,1345.55
2023-05-08T15:00:00Z,124.67,1919.9
2023-05-08T15:30:00Z,127.52,1937.05
2023-05-08T16:00:00Z,130.65,1712.45
2023-05-08T16:30:00Z,133.93,1864.05
2023-05-08T17:00:00Z,133.09,1786.1
2023-05-08T17:30:00Z,135.02000000000004,1962.0
2023-05-08T18:00:00Z,136.63,2252.1
2023-05-08T18:30:00Z,134.82,2104.95
2023-05-08T19:00:00Z,132.75,1733.55
2023-05-08T19:30:00Z,130.37,1664.5
2023-05-08T20:00:00Z,120.52,1748.25
2023-05-08T20:30:00Z,106.14,1382.35
2023-05-08T21:00:00Z,108.87,1691.5
2023-05-08T21:30:00Z,105.12,1685.8
2023-05-08T22:00:00Z,96.02,996.7
2023-05-08T22:30:00Z,94.9,978.5
2023-05-08T23:00:00Z,96.82,734.65
2023-05-08T23:30:00Z,99.65,1099.8
2023-05-09T00:00:00Z,84.86,1095.1
2023-05-09T00:30:00Z,78.0,924.3
2023-05-09T01:00:00Z,89.64,1157.9
2023-05-09T01:30:00Z,99.75,1226.2
2023-05-09T02:00:00Z,85.09,1200.1
2023-05-09T02:30:00Z,79.26,1289.3
2023-05-09T03:00:00Z,92.85,1016.75
2023-05-09T03:30:00Z,90.76,1473.95
2023-05-09T04:00:00Z,88.38,1354.3
2023-05-09T04:30:00Z,88.47,1227.7
2023-05-09T05:00:00Z,87.02000000000001,1637.7
2023-05-09T05:30:00Z,99.48000000000002,1837.55
2023-05-09T06:00:00Z,96.33,1320.95
2023-05-09T06:30:00Z,115.78000000000002,1685.35
2023-05-09T07:00:00Z,103.02,1358.0
2023-05-09T07:30:00Z,103.6,1612.95
2023-05-09T08:00:00Z,114.17,1788.8
2023-05-09T08:30:00Z,99.64000000000001,1596.75
2023-05-09T09:00:00Z,102.5,1705.0
2023-05-09T09:30:00Z,105.12,1571.5
2023-05-09T10:00:00Z,109.86,1817.05
2023-05-09T10:30:00Z,106.09,2183.45
2023-05-09T11:00:00Z,98.62,1972.3
2023-05-09T11:30:00Z,100.69,2054.7
2023-05-09T12:00:00Z,91.50000000000001,1832.7
2023-05-09T12:30:00Z,88.34,2007.8
2023-05-09T13:00:00Z,84.38,2044.65
2023-05-09T13:30:00Z,85.84999999999998,1807.35
2023-05-09T14:00:00Z,98.38,1875.4
2023-05-09T14:30:00Z,109.53999999999999,1658.95
2023-05-09T15:00:00Z,113.47,1684.4
2023-05-09T15:30:00Z,124.49,1775.45
2023-05-09T16:00:00Z,127.36,2652.35
2023-05-09T16:30:00Z,129.99,2553.15
2023-05-09T17:00:00Z,141.25,3004.5
2023-05-09T17:30:00Z,141.21,3067.55
2023-05-09T18:00:00Z,130.2,2381.3
2023-05-09T18:30:00Z,127.23,2210.2
2023-05-09T19:00:00Z,125.68,2362.8
2023-05-09T19:30:00Z,116.99,2375.7
2023-05-09T20:00:00Z,101.01,1699.85
2023-05-09T20:30:00Z,97.69999999999999,1588.05
2023-05-09T21:00:00Z,99.72,1558.35
2023-05-09T21:30:00Z,93.42,2085.2
2023-05-09T22:00:00Z,84.59,932.75
2023-05-09T22:30:00Z,78.27,787.15
2023-05-09T23:00:00Z,77.55999999999999,892.35
2023-05-09T23:30:00Z,78.28,782.35
2023-05-10T00:00:00Z,83.21,754.95
2023-05-10T00:30:00Z,86.34999999999998,799.4
2023-05-10T01:00:00Z,84.27,738.95
2023-05-10T01:30:00Z,77.67,678.8
2023-05-10T02:00:00Z,83.55,890.5
2023-05-10T02:30:00Z,78.38,698.15
2023-05-10T03:00:00Z,81.12,815.5
2023-05-10T03:30:00Z,79.11,948.1
2023-05-10T04:00:00Z,98.09,1032.75
2023-05-10T04:30:00Z,103.89,909.5
2023-05-10T05:00:00Z,98.54,1071.2
2023-05-10T05:30:00Z,106.26,1152.3
2023-05-10T06:00:00Z,119.65999999999998,1431.4
2023-05-10T06:30:00Z,142.29,1584.0
2023-05-10T07:00:00Z,96.75,1445.95
2023-05-10T07:30:00Z,90.49,1378.35
2023-05-10T08:00:00Z,90.49,1494.45
2023-05-10T08:30:00Z,86.27,1311.3
2023-05-10T09:00:00Z,88.81,1852.45
2023-05-10T09:30:00Z,85.3,1902.95
2023-05-10T10:00:00Z,79.22,1223.6
2023-05-10T10:30:00Z,80.08,1485.65
2023-05-10T11:00:00Z,80.67,1329.9
2023-05-10T11:30:00Z,76.65,1512.3
2023-05-10T12:00:00Z,76.39,1792.35
2023-05-10T12:30:00Z,76.35,1793.65
2023-05-10T13:00:00Z,78.61,1886.9
2023-05-10T13:30:00Z,76.45999999999998,1842.6
2023-05-10T14:00:00Z,75.7,1428.2
2023-05-10T14:30:00Z,74.92,1199.4
2023-05-10T15:00:00Z,74.66,1429.95
2023-05-10T15:30:00Z,76.63,1337.4
2023-05-10T16:00:00Z,90.37999999999998,1764.0
2023-05-10T16:30:00Z,97.54,1649.7
2023-05-10T17:00:00Z,96.94,1715.1
2023-05-10T17:30:00Z,96.51,1805.2
2023-05-10T18:00:00Z,105.55,1605.9
2023-05-10T18:30:00Z,110.89000000000001,1684.8
2023-05-10T19:00:00Z,113.51,1466.5
2023-05-10T19:30:00Z,106.92,1575.35
2023-05-10T20:00:00Z,98.06,1396.1
2023-05-10T20:30:00Z,90.24,1264.7
2023-05-10T21:00:00Z,103.42,1418.4
2023-05-10T21:30:00Z,84.88,1474.05
2023-05-10T22:00:00Z,81.47,619.05
2023-05-10T22:30:00Z,79.02,680.5
2023-05-10T23:00:00Z,90.02,693.85
2023-05-10T23:30:00Z,101.08,907.6
2023-05-11T00:00:00Z,80.34000000000002,934.1
2023-05-11T00:30:00Z,78.75,895.0
2023-05-11T01:00:00Z,77.4,654.5
2023-05-11T01:30:00Z,75.28,581.3
2023-05-11T02:00:00Z,71.57,679.25
2023-05-11T02:30:00Z,71.73,587.55
2023-05-11T03:00:00Z,78.01,736.15
2023-05-11T03:30:00Z,72.42,872.75
2023-05-11T04:00:00Z,81.23,827.65
2023-05-11T04:30:00Z,90.03,649.3
2023-05-11T05:00:00Z,106.68,694.8
2023-05-11T05:30:00Z,119.75000000000001,585.2
2023-05-11T06:00:00Z,133.62,1079.2
2023-05-11T06:30:00Z,145.4,1039.4
2023-05-11T07:00:00Z,103.02,1195.7
2023-05-11T07:30:00Z,110.92,1401.35
2023-05-11T08:00:00Z,100.02,1351.95
2023-05-11T08:30:00Z,87.95,1111.45
2023-05-11T09:00:00Z,87.76,1361.75
2023-05-11T09:30:00Z,89.6,1292.5
2023-05-11T10:00:00Z,86.57,1335.65
2023-05-11T10:30:00Z,89.92,1331.05
2023-05-11T11:00:00Z,84.26,1269.5
2023-05-11T11:30:00Z,80.43,1126.95
2023-05-11T12:00:00Z,77.75,1471.6
2023-05-11T12:30:00Z,75.52,1579.15
2023-05-11T13:00:00Z,74.7,1684.35
2023-05-11T13:30:00Z,74.78,1887.05
2023-05-11T14:00:00Z,71.76,1555.4
2023-05-11T14:30:00Z,70.35,1337.2
2023-05-11T15:00:00Z,80.36,1435.65
2023-05-11T15:30:00Z,92.08,1239.9
2023-05-11T16:00:00Z,93.84,1704.55
2023-05-11T16:30:00Z,97.89,1556.8
2023-05-11T17:00:00Z,106.84,1799.9
2023-05-11T17:30:00Z,112.78,1841.05
2023-05-11T18:00:00Z,105.46999999999998,1562.55
2023-05-11T18:30:00Z,105.64,1603.8
2023-05-11T19:00:00Z,110.34,1331.95
2023-05-11T19:30:00Z,112.89000000000001,1236.15
2023-05-11T20:00:00Z,114.25,1314.1
2023-05-11T20:30:00Z,106.59000000000002,1453.15
2023-05-11T21:00:00Z,106.16,1421.25
2023-05-11T21:30:00Z,92.5,1658.95
2023-05-11T22:00:00Z,100.61,1104.6
2023-05-11T22:30:00Z,95.19,726.0
2023-05-11T23:00:00Z,98.44,752.05
2023-05-11T23:30:00Z,82.17,864.0
2023-05-12T00:00:00Z,92.81,687.2
2023-05-12T00:30:00Z,89.61,822.2
2023-05-12T01:00:00Z,88.78,1152.4
2023-05-12T01:30:00Z,79.54,867.45
2023-05-12T02:00:00Z,85.02,923.0
2023-05-12T02:30:00Z,81.28,805.05
2023-05-12T03:00:00Z,80.12,950.7
2023-05-12T03:30:00Z,76.85,828.75
2023-05-12T04:00:00Z,86.0,942.65
2023-05-12T04:30:00Z,79.81,976.05
2023-05-12T05:00:00Z,89.95,1059.7
2023-05-12T05:30:00Z,100.69,1253.05
2023-05-12T06:00:00Z,102.52,981.75
2023-05-12T06:30:00Z,110.27,1384.2
2023-05-12T07:00:00Z,95.61,1450.3
2023-05-12T07:30:00Z,90.04,1444.05
2023-05-12T08:00:00Z,77.61,2109.7
2023-05-12T08:30:00Z,72.02,1809.4
2023-05-12T09:00:00Z,85.0,2923.65
2023-05-12T09:30:00Z,78.73,2709.95
2023-05-12T10:00:00Z,68.16,2873.3
2023-05-12T10:30:00Z,71.6,3310.05
2023-05-12T11:00:00Z,76.77,3282.35
2023-05-12T11:30:00Z,72.04,3058.65
2023-05-12T12:00:00Z,67.5,2651.2
2023-05-12T12:30:00Z,69.84,2751.3
2023-05-12T13:00:00Z,74.68,2950.2
2023-05-12T13:30:00Z,67.98,2929.15
2023-05-12T14:00:00Z,66.62,2272.95
2023-05-12T14:30:00Z,68.92,2002.05
2023-05-12T15:00:00Z,77.99,2495.55
2023-05-12T15:30:00Z,84.18,2531.65
2023-05-12T16:00:00Z,84.16,2012.3
2023-05-12T16:30:00Z,83.17999999999999,1640.55
2023-05-12T17:00:00Z,92.8,1783.65
2023-05-12T17:30:00Z,91.7,1838.15
2023-05-12T18:00:00Z,95.14,1865.6
2023-05-12T18:30:00Z,93.66999999999999,1692.15
2023-05-12T19:00:00Z,99.11,1693.05
2023-05-12T19:30:00Z,96.26,1492.2
2023-05-12T20:00:00Z,103.52,1171.2
2023-05-12T20:30:00Z,94.16,1078.6
2023-05-12T21:00:00Z,92.8,1354.9
2023-05-12T21:30:00Z,91.36,1243.85
2023-05-12T22:00:00Z,81.72,1428.1
2023-05-12T22:30:00Z,83.56,1136.6
2023-05-12T23:00:00Z,83.18,1008.4
2023-05-12T23:30:00Z,80.03,1000.6
2023-05-13T00:00:00Z,74.18000000000002,940.35
2023-05-13T00:30:00Z,76.64,1042.95
2023-05-13T01:00:00Z,74.54,1074.65
2023-05-13T01:30:00Z,74.74,993.75
2023-05-13T02:00:00Z,70.02,809.05
2023-05-13T02:30:00Z,78.21,865.85
2023-05-13T03:00:00Z,82.41,904.8
2023-05-13T03:30:00Z,84.56,859.35
2023-05-13T04:00:00Z,80.77,1026.55
2023-05-13T04:30:00Z,81.94,1205.6
2023-05-13T05:00:00Z,78.87,1211.55
2023-05-13T05:30:00Z,84.12,1218.5
2023-05-13T06:00:00Z,93.45,728.8
2023-05-13T06:30:00Z,118.5,945.0
2023-05-13T07:00:00Z,93.56,1097.65
2023-05-13T07:30:00Z,108.45,1098.3
2023-05-13T08:00:00Z,116.6,1345.1
2023-05-13T08:30:00Z,121.59000000000002,1239.65
2023-05-13T09:00:00Z,124.59,1501.3
2023-05-13T09:30:00Z,120.18,1523.45
2023-05-13T10:00:00Z,110.77,1373.55
2023-05-13T10:30:00Z,110.86000000000001,1398.6
2023-05-13T11:00:00Z,104.89,1444.65
2023-05-13T11:30:00Z,101.53,2005.4
2023-05-13T12:00:00Z,92.86,1569.15
2023-05-13T12:30:00Z,86.61,1619.2
2023-05-13T13:00:00Z,83.05,1519.35
2023-05-13T13:30:00Z,83.97,1533.2
2023-05-13T14:00:00Z,92.46,1723.7
2023-05-13T14:30:00Z,92.83,1726.05
2023-05-13T15:00:00Z,90.29999999999998,1650.55
2023-05-13T15:30:00Z,91.32000000000001,1832.85
2023-05-13T16:00:00Z,92.65,1758.75
2023-05-13T16:30:00Z,98.85,1716.65
2023-05-13T17:00:00Z,96.73,1901.1
2023-05-13T17:30:00Z,103.22,1753.55
2023-05-13T18:00:00Z,108.43999999999998,1439.3
2023-05-13T18:30:00Z,104.92,1781.85
2023-05-13T19:00:00Z,107.98000000000002,1293.55
2023-05-13T19:30:00Z,102.43,1248.9
2023-05-13T20:00:00Z,107.42,1145.35
2023-05-13T20:30:00Z,106.16,1178.85
2023-05-13T21:00:00Z,111.18999999999998,1304.85
2023-05-13T21:30:00Z,97.27,1154.15
2023-05-13T22:00:00Z,91.66,1168.25
2023-05-13T22:30:00Z,85.19,1351.3
2023-05-13T23:00:00Z,97.27,1136.15
2023-05-13T23:30:00Z,93.72,1038.25
2023-05-14T00:00:00Z,90.8,1048.1
2023-05-14T00:30:00Z,92.46,989.1
2023-05-14T01:00:00Z,88.88,885.15
2023-05-14T01:30:00Z,85.25000000000001,911.85
2023-05-14T02:00:00Z,78.66,547.75
2023-05-14T02:30:00Z,77.67,668.0
2023-05-14T03:00:00Z,79.01,485.7
2023-05-14T03:30:00Z,76.03,563.0
2023-05-14T04:00:00Z,78.68,632.65
2023-05-14T04:30:00Z,76.67,722.85
2023-05-14T05:00:00Z,77.58,819.75
2023-05-14T05:30:00Z,100.25,877.5
2023-05-14T06:00:00Z,80.64,1013.85
2023-05-14T06:30:00Z,97.02,847.75
2023-05-14T07:00:00Z,109.34,840.05
2023-05-14T07:30:00Z,113.35,1213.75
2023-05-14T08:00:00Z,121.05,924.35
2023-05-14T08:30:00Z,120.72000000000001,1098.65
2023-05-14T09:00:00Z,122.93,685.25
2023-05-14T09:30:00Z,118.37999999999998,841.65
2023-05-14T10:00:00Z,108.96,1237.15
2023-05-14T10:30:00Z,90.03,1100.25
2023-05-14T11:00:00Z,78.86,945.05
2023-05-14T11:30:00Z,73.07,942.8
2023-05-14T12:00:00Z,62.12,1162.75
2023-05-14T12:30:00Z,57.34,1291.05
2023-05-14T13:00:00Z,63.21,1717.95
2023-05-14T13:30:00Z,64.21,1704.6
2023-05-14T14:00:00Z,60.38,1049.7
2023-05-14T14:30:00Z,58.99,1178.3
2023-05-14T15:00:00Z,64.46,1440.8
2023-05-14T15:30:00Z,74.61,1462.8
2023-05-14T16:00:00Z,86.02,1366.1
2023-05-14T16:30:00Z,92.26,1580.15
2023-05-14T17:00:00Z,91.17,1778.7
2023-05-14T17:30:00Z,90.06,1485.35
2023-05-14T18:00:00Z,120.84000000000002,1113.0
2023-05-14T18:30:00Z,117.51,1011.3
2023-05-14T19:00:00Z,103.59,1225.5
2023-05-14T19:30:00Z,103.25,862.9
2023-05-14T20:00:00Z,113.48,984.2
2023-05-14T20:30:00Z,95.99,831.55
2023-05-14T21:00:00Z,102.1,539.9
2023-05-14T21:30:00Z,94.34,564.7
2023-05-14T22:00:00Z,125.17,577.15
2023-05-14T22:30:00Z,120.13,710.15
2023-05-14T23:00:00Z,96.14,868.2
2023-05-14T23:30:00Z,85.37,756.2
2023-05-15T00:00:00Z,83.89,723.8
2023-05-15T00:30:00Z,76.96,760.5
2023-05-15T01:00:00Z,77.88,840.6
2023-05-15T01:30:00Z,72.69,914.45
2023-05-15T02:00:00Z,76.81,1100.5
2023-05-15T02:30:00Z,73.25,981.6
2023-05-15T03:00:00Z,78.01,1172.6
2023-05-15T03:30:00Z,75.43,1313.55
2023-05-15T04:00:00Z,79.67,1278.9
2023-05-15T04:30:00Z,78.1,1534.85
2023-05-15T05:00:00Z,96.15,1585.7
2023-05-15T05:30:00Z,109.33,1669.4
2023-05-15T06:00:00Z,112.22,1489.3
2023-05-15T06:30:00Z,118.95,1635.05
2023-05-15T07:00:00Z,113.02000000000001,1755.95
2023-05-15T07:30:00Z,100.81,1747.45
2023-05-15T08:00:00Z,85.31,1652.65
2023-05-15T08:30:00Z,78.29,1478.15
2023-05-15T09:00:00Z,77.5,2038.25
2023-05-15T09:30:00Z,77.82,2384.35
2023-05-15T10:00:00Z,71.09,1633.0
2023-05-15T10:30:00Z,81.92,2223.35
2023-05-15T11:00:00Z,79.72,2100.4
2023-05-15T11:30:00Z,75.5,1903.15
2023-05-15T12:00:00Z,70.69,2140.9
2023-05-15T12:30:00Z,73.05,2276.25
2023-05-15T13:00:00Z,66.61,2196.8
2023-05-15T13:30:00Z,66.12,2449.25
2023-05-15T14:00:00Z,64.24,1737.25
2023-05-15T14:30:00Z,64.24,1639.3
2023-05-15T15:00:00Z,63.69,1450.1
2023-05-15T15:30:00Z,67.73,1503.65
2023-05-15T16:00:00Z,70.06,1558.35
2023-05-15T16:30:00Z,83.67,1455.75
2023-05-15T17:00:00Z,78.73,1604.45
2023-05-15T17:30:00Z,88.17,1518.7
2023-05-15T18:00:00Z,87.17,1422.95
2023-05-15T18:30:00Z,93.73,1469.1
2023-05-15T19:00:00Z,92.38,1800.95
2023-05-15T19:30:00Z,99.15,1650.1
2023-05-15T20:00:00Z,100.68,1604.6
2023-05-15T20:30:00Z,99.77,1490.4
2023-05-15T21:00:00Z,99.57,1475.85
2023-05-15T21:30:00Z,83.61,1659.8
2023-05-15T22:00:00Z,76.73,1280.3
2023-05-15T22:30:00Z,79.75,1353.25
2023-05-15T23:00:00Z,87.87,1374.55
2023-05-15T23:30:00Z,75.57,1312.45
2023-05-16T00:00:00Z,72.45,1216.1
2023-05-16T00:30:00Z,71.38,1242.05
2023-05-16T01:00:00Z,71.75,1251.6
2023-05-16T01:30:00Z,69.99,1331.65
2023-05-16T02:00:00Z,65.0,1443.05
2023-05-16T02:30:00Z,62.49000000000001,1540.2
2023-05-16T03:00:00Z,69.35,1588.95
2023-05-16T03:30:00Z,64.42,1423.15
2023-05-16T04:00:00Z,76.05,948.8
2023-05-16T04:30:00Z,77.26,991.7
2023-05-16T05:00:00Z,81.55,1318.7
2023-05-16T05:30:00Z,103.42,1378.85
2023-05-16T06:00:00Z,89.49,1535.85
2023-05-16T06:30:00Z,115.26,1567.25
2023-05-16T07:00:00Z,103.63,1754.75
2023-05-16T07:30:00Z,80.15,1557.1
2023-05-16T08:00:00Z,74.39,1269.1
2023-05-16T08:30:00Z,67.31,1420.75
2023-05-16T09:00:00Z,63.309999999999995,1444.75
2023-05-16T09:30:00Z,61.79,1536.25
2023-05-16T10:00:00Z,58.47,1801.75
2023-05-16T10:30:00Z,59.96,1792.2
2023-05-16T11:00:00Z,62.82,1798.15
2023-05-16T11:30:00Z,70.98,2489.4
2023-05-16T12:00:00Z,63.54,1934.3
2023-05-16T12:30:00Z,60.68,1838.5
2023-05-16T13:00:00Z,63.31,1733.75
2023-05-16T13:30:00Z,63.99,1766.8
2023-05-16T14:00:00Z,63.53000000000001,1565.3
2023-05-16T14:30:00Z,63.7,1559.6
2023-05-16T15:00:00Z,65.61,1383.5
2023-05-16T15:30:00Z,62.43,1374.35
2023-05-16T16:00:00Z,68.04,1796.3
2023-05-16T16:30:00Z,80.09,1680.85
2023-05-16T17:00:00Z,81.21,1570.2
2023-05-16T17:30:00Z,88.53,1685.5
2023-05-16T18:00:00Z,88.47,1557.4
2023-05-16T18:30:00Z,94.11,1803.8
2023-05-16T19:00:00Z,100.19,1311.55
2023-05-16T19:30:00Z,102.03,1492.1
2023-05-16T20:00:00Z,96.75,1357.0
2023-05-16T20:30:00Z,85.86,991.7
2023-05-16T21:00:00Z,102.58,1552.65
2023-05-16T21:30:00Z,80.39,1395.05
2023-05-16T22:00:00Z,76.55999999999999,882.3
2023-05-16T22:30:00Z,75.79,895.05
2023-05-16T23:00:00Z,70.77,917.65
2023-05-16T23:30:00Z,71.74,1081.6
2023-05-17T00:00:00Z,65.35,1054.45
2023-05-17T00:30:00Z,65.17,1180.0
2023-05-17T01:00:00Z,68.74,1007.2
2023-05-17T01:30:00Z,66.87,1162.05
2023-05-17T02:00:00Z,69.01,717.7
2023-05-17T02:30:00Z,69.61,929.1
2023-05-17T03:00:00Z,68.11,720.05
2023-05-17T03:30:00Z,65.53,976.35
2023-05-17T04:00:00Z,77.68,621.35
2023-05-17T04:30:00Z,74.44,701.8
2023-05-17T05:00:00Z,67.5,554.8
2023-05-17T05:30:00Z,104.26,1083.05
2023-05-17T06:00:00Z,76.56,723.95
2023-05-17T06:30:00Z,107.48,1109.25
2023-05-17T07:00:00Z,101.7,1273.3
2023-05-17T07:30:00Z,88.36,1001.45
2023-05-17T08:00:00Z,77.0,885.85
2023-05-17T08:30:00Z,70.74,787.15
2023-05-17T09:00:00Z,65.09,965.85
2023-05-17T09:30:00Z,62.85,957.3
2023-05-17T10:00:00Z,62.08,1827.9
2023-05-17T10:30:00Z,63.88,1453.05
2023-05-17T11:00:00Z,66.58,1799.05
2023-05-17T11:30:00Z,65.64,1975.1
2023-05-17T12:00:00Z,65.82,1538.9
2023-05-17T12:30:00Z,64.2,1450.8
2023-05-17T13:00:00Z,65.87,1582.55
2023-05-17T13:30:00Z,64.28,1636.4
2023-05-17T14:00:00Z,63.52,1506.6
2023-05-17T14:30:00Z,66.23,1353.55
2023-05-17T15:00:00Z,64.61,1389.7
2023-05-17T15:30:00Z,65.65,1384.95
2023-05-17T16:00:00Z,68.8,1370.75
2023-05-17T16:30:00Z,69.76,1302.8
2023-05-17T17:00:00Z,74.44,1367.05
2023-05-17T17:30:00Z,75.08,1342.75
2023-05-17T18:00:00Z,88.42,1580.45
2023-05-17T18:30:00Z,88.39,1615.95
2023-05-17T19:00:00Z,103.31,1762.65
2023-05-17T19:30:00Z,97.39,1911.9
2023-05-17T20:00:00Z,86.06,1280.35
2023-05-17T20:30:00Z,73.99,1232.65
2023-05-17T21:00:00Z,79.4,1123.55
2023-05-17T21:30:00Z,82.59,2143.9
2023-05-17T22:00:00Z,80.05,577.55
2023-05-17T22:30:00Z,68.39,676.25
2023-05-17T23:00:00Z,69.94,1509.8
2023-05-17T23:30:00Z,67.86,925.05
2023-05-18T00:00:00Z,65.43,536.8
2023-05-18T00:30:00Z,68.54,763.35
2023-05-18T01:00:00Z,60.4,1183.65
2023-05-18T01:30:00Z,63.91,807.2
2023-05-18T02:00:00Z,66.86,647.4
2023-05-18T02:30:00Z,66.17,556.1
2023-05-18T03:00:00Z,66.54,556.0
2023-05-18T03:30:00Z,63.17,694.3
2023-05-18T04:00:00Z,65.48,610.15
2023-05-18T04:30:00Z,65.31,906.45
2023-05-18T05:00:00Z,63.93,612.15
2023-05-18T05:30:00Z,71.67,908.25
2023-05-18T06:00:00Z,56.8,853.85
2023-05-18T06:30:00Z,72.81,1458.45
2023-05-18T07:00:00Z,86.56,1367.25
2023-05-18T07:30:00Z,83.25,1268.45
2023-05-18T08:00:00Z,79.93,999.65
2023-05-18T08:30:00Z,67.4,830.05
2023-05-18T09:00:00Z,63.21999999999999,1056.15
2023-05-18T09:30:00Z,62.220000000000006,1096.85
2023-05-18T10:00:00Z,61.65,1325.5
2023-05-18T10:30:00Z,60.82,1025.35
2023-05-18T11:00:00Z,61.05,1002.2
2023-05-18T11:30:00Z,60.24,1171.1
2023-05-18T12:00:00Z,59.540000000000006,1162.25
2023-05-18T12:30:00Z,59.46,1468.15
2023-05-18T13:00:00Z,59.5,1332.35
2023-05-18T13:30:00Z,60.25,1201.55
2023-05-18T14:00:00Z,64.26,694.75
2023-05-18T14:30:00Z,74.8,1057.25
2023-05-18T15:00:00Z,74.97,1078.8
2023-05-18T15:30:00Z,85.68,1237.5
2023-05-18T16:00:00Z,91.94,1350.5
2023-05-18T16:30:00Z,92.23,1321.75
2023-05-18T17:00:00Z,84.69,1541.0
2023-05-18T17:30:00Z,81.34,1618.35
2023-05-18T18:00:00Z,89.34999999999998,1709.4
2023-05-18T18:30:00Z,82.73,1473.2
2023-05-18T19:00:00Z,82.7,1498.7
2023-05-18T19:30:00Z,86.39,1449.95
2023-05-18T20:00:00Z,87.55,1287.4
2023-05-18T20:30:00Z,81.8,1146.65
2023-05-18T21:00:00Z,89.37,1293.2
2023-05-18T21:30:00Z,80.19,1554.1
2023-05-18T22:00:00Z,67.54,583.2
2023-05-18T22:30:00Z,62.52,641.45
2023-05-18T23:00:00Z,63.66,502.2
2023-05-18T23:30:00Z,61.68,427.9
2023-05-19T00:00:00Z,61.67,468.4
2023-05-19T00:30:00Z,60.27,526.2
2023-05-19T01:00:00Z,60.58,547.6
2023-05-19T01:30:00Z,62.7,590.25
2023-05-19T02:00:00Z,66.98,626.05
2023-05-19T02:30:00Z,69.43,614.95
2023-05-19T03:00:00Z,74.73,610.4
2023-05-19T03:30:00Z,70.51,674.75
2023-05-19T04:00:00Z,67.35,647.5
2023-05-19T04:30:00Z,87.12,494.6
2023-05-19T05:00:00Z,79.31,742.4
2023-05-19T05:30:00Z,103.2,817.6
2023-05-19T06:00:00Z,89.86,1091.6
2023-05-19T06:30:00Z,118.66,883.4
2023-05-19T07:00:00Z,117.9,998.2
2023-05-19T07:30:00Z,121.46,1225.55
2023-05-19T08:00:00Z,124.77,2001.6
2023-05-19T08:30:00Z,111.91,2044.95
2023-05-19T09:00:00Z,120.35,2006.5
2023-05-19T09:30:00Z,119.82,2054.5
2023-05-19T10:00:00Z,97.28,1573.25
2023-05-19T10:30:00Z,94.99,1642.5
2023-05-19T11:00:00Z,93.22,1950.4
2023-05-19T11:30:00Z,96.49,2290.1
2023-05-19T12:00:00Z,86.03,2143.8
2023-05-19T12:30:00Z,81.28,1771.0
2023-05-19T13:00:00Z,81.83,1675.2
2023-05-19T13:30:00Z,81.8,1657.15
2023-05-19T14:00:00Z,72.88,1284.95
2023-05-19T14:30:00Z,74.28,1508.5
2023-05-19T15:00:00Z,70.25,1483.15
2023-05-19T15:30:00Z,73.94,1647.75
2023-05-19T16:00:00Z,81.26,1595.1
2023-05-19T16:30:00Z,86.48,1648.45
2023-05-19T17:00:00Z,78.45,1481.35
2023-05-19T17:30:00Z,77.57,1661.0
2023-05-19T18:00:00Z,79.96,1567.55
2023-05-19T18:30:00Z,77.79,1571.85
2023-05-19T19:00:00Z,77.25,1454.15
2023-05-19T19:30:00Z,72.88,1452.05
2023-05-19T20:00:00Z,76.87,2050.45
2023-05-19T20:30:00Z,73.71,2040.25
2023-05-19T21:00:00Z,71.28,2114.7
2023-05-19T21:30:00Z,69.33,2709.45
2023-05-19T22:00:00Z,65.64,834.4
2023-05-19T22:30:00Z,65.88,862.9
2023-05-19T23:00:00Z,68.83,927.8
2023-05-19T23:30:00Z,81.38,575.95
2023-05-20T00:00:00Z,92.04,1016.7
2023-05-20T00:30:00Z,93.26999999999998,937.8
2023-05-20T01:00:00Z,89.92,1046.95
2023-05-20T01:30:00Z,75.5,1086.85
2023-05-20T02:00:00Z,67.14,796.1
2023-05-20T02:30:00Z,61.99000000000001,683.9
2023-05-20T03:00:00Z,62.68,731.8
2023-05-20T03:30:00Z,62.099999999999994,762.6
2023-05-20T04:00:00Z,59.58,845.8
2023-05-20T04:30:00Z,59.29,929.55
2023-05-20T05:00:00Z,60.209999999999994,1193.4
2023-05-20T05:30:00Z,59.17,1264.0
2023-05-20T06:00:00Z,63.48,1071.6
2023-05-20T06:30:00Z,65.09,1128.7
2023-05-20T07:00:00Z,73.02,1299.25
2023-05-20T07:30:00Z,77.53,1412.65
2023-05-20T08:00:00Z,71.28,1238.0
2023-05-20T08:30:00Z,65.79,935.9
2023-05-20T09:00:00Z,57.96,1049.75
2023-05-20T09:30:00Z,55.9,1308.0
2023-05-20T10:00:00Z,57.76,1511.3
2023-05-20T10:30:00Z,58.51,1791.65
2023-05-20T11:00:00Z,57.379999999999995,1719.95
2023-05-20T11:30:00Z,54.59,1583.35
2023-05-20T12:00:00Z,48.22999999999999,1601.65
2023-05-20T12:30:00Z,44.53,1454.2
2023-05-20T13:00:00Z,42.74,1729.0
2023-05-20T13:30:00Z,38.18,1861.6
2023-05-20T14:00:00Z,37.97,1552.7
2023-05-20T14:30:00Z,43.93,1337.95
2023-05-20T15:00:00Z,57.5,1660.7
2023-05-20T15:30:00Z,65.28,1335.4
2023-05-20T16:00:00Z,61.22,1365.1
2023-05-20T16:30:00Z,60.919999999999995,1339.5
2023-05-20T17:00:00Z,64.32,1678.95
2023-05-20T17:30:00Z,73.07,1942.75
2023-05-20T18:00:00Z,76.36,1545.9
2023-05-20T18:30:00Z,80.67,1470.9
2023-05-20T19:00:00Z,80.21,1257.2
2023-05-20T19:30:00Z,81.45,1350.3
2023-05-20T20:00:00Z,83.9,1506.45
2023-05-20T20:30:00Z,79.11,1424.45
2023-05-20T21:00:00Z,77.96,1284.0
2023-05-20T21:30:00Z,70.0,1313.75
2023-05-20T22:00:00Z,84.61,1154.8
2023-05-20T22:30:00Z,76.08,1163.6
2023-05-20T23:00:00Z,68.16,787.2
2023-05-20T23:30:00Z,71.1,894.9
2023-05-21T00:00:00Z,69.87,883.75
2023-05-21T00:30:00Z,70.9,823.9
2023-05-21T01:00:00Z,63.6,747.05
2023-05-21T01:30:00Z,60.85,659.05
2023-05-21T02:00:00Z,50.39,752.1
2023-05-21T02:30:00Z,52.24,995.35
2023-05-21T03:00:00Z,51.49,919.15
2023-05-21T03:30:00Z,50.28,852.2
2023-05-21T04:00:00Z,51.44,824.05
2023-05-21T04:30:00Z,45.42,1030.3
2023-05-21T05:00:00Z,45.57,913.5
2023-05-21T05:30:00Z,48.98,990.5
2023-05-21T06:00:00Z,52.25,713.55
2023-05-21T06:30:00Z,50.74999999999999,841.4
2023-05-21T07:00:00Z,48.19,793.75
2023-05-21T07:30:00Z,42.85,966.25
2023-05-21T08:00:00Z,50.06,1099.35
2023-05-21T08:30:00Z,50.73,1165.15
2023-05-21T09:00:00Z,50.95,1105.25
2023-05-21T09:30:00Z,46.95,1171.7
2023-05-21T10:00:00Z,50.64999999999999,1444.0
2023-05-21T10:30:00Z,55.55,1601.7
2023-05-21T11:00:00Z,60.489999999999995,1673.75
2023-05-21T11:30:00Z,63.62,1851.8
2023-05-21T12:00:00Z,63.63,1461.4
2023-05-21T12:30:00Z,61.27,1412.75
2023-05-21T13:00:00Z,59.15,1462.0
2023-05-21T13:30:00Z,61.94,1691.25
2023-05-21T14:00:00Z,70.85,1061.85
2023-05-21T14:30:00Z,77.0,730.45
2023-05-21T15:00:00Z,85.05,996.1
2023-05-21T15:30:00Z,85.99,1017.2
2023-05-21T16:00:00Z,72.26,1137.05
2023-05-21T16:30:00Z,77.96,1134.55
2023-05-21T17:00:00Z,92.68,1316.1
2023-05-21T17:30:00Z,87.85,1428.4
2023-05-21T18:00:00Z,91.77,1363.85
2023-05-21T18:30:00Z,94.7,1250.1
2023-05-21T19:00:00Z,104.18,1433.4
2023-05-21T19:30:00Z,100.07,1703.0
2023-05-21T20:00:00Z,103.65,1665.7
2023-05-21T20:30:00Z,103.03,1525.7
2023-05-21T21:00:00Z,102.47,1612.05
2023-05-21T21:30:00Z,93.52,1886.4
2023-05-21T22:00:00Z,84.0,1290.6
2023-05-21T22:30:00Z,70.84,1399.9
2023-05-21T23:00:00Z,74.62,1425.3
2023-05-21T23:30:00Z,70.03,1483.1
2023-05-22T00:00:00Z,70.34,1420.7
2023-05-22T00:30:00Z,68.85,1450.4
2023-05-22T01:00:00Z,69.43,1495.75
2023-05-22T01:30:00Z,67.01,1500.35
2023-05-22T02:00:00Z,71.65,1322.4
2023-05-22T02:30:00Z,64.85,1351.2
2023-05-22T03:00:00Z,77.54,1328.8
2023-05-22T03:30:00Z,71.86,1411.55
2023-05-22T04:00:00Z,68.7,1129.95
2023-05-22T04:30:00Z,78.74,924.55
2023-05-22T05:00:00Z,95.21,1089.2
2023-05-22T05:30:00Z,108.89,1092.15
2023-05-22T06:00:00Z,107.03999999999999,1377.25
2023-05-22T06:30:00Z,114.92,1343.45
2023-05-22T07:00:00Z,108.83,1863.15
2023-05-22T07:30:00Z,109.08,1966.0
2023-05-22T08:00:00Z,112.58,1895.1
2023-05-22T08:30:00Z,112.4,2170.05
2023-05-22T09:00:00Z,102.47,2061.5
2023-05-22T09:30:00Z,94.6,1950.3
2023-05-22T10:00:00Z,80.31,2646.0
2023-05-22T10:30:00Z,73.74,2587.05
2023-05-22T11:00:00Z,73.84,2321.1
2023-05-22T11:30:00Z,70.66,2557.15
2023-05-22T12:00:00Z,83.1,2765.9
2023-05-22T12:30:00Z,69.38,2604.55
2023-05-22T13:00:00Z,70.27,2391.75
2023-05-22T13:30:00Z,69.63,2469.35
2023-05-22T14:00:00Z,87.60000000000001,1988.2
2023-05-22T14:30:00Z,86.38,2651.1
2023-05-22T15:00:00Z,77.0,2551.6
2023-05-22T15:30:00Z,79.08000000000001,1922.05
2023-05-22T16:00:00Z,86.35,2061.8
2023-05-22T16:30:00Z,100.72,1991.9
2023-05-22T17:00:00Z,85.92,2009.55
2023-05-22T17:30:00Z,90.99,2182.3
2023-05-22T18:00:00Z,80.66,1266.7
2023-05-22T18:30:00Z,80.45,1381.85
2023-05-22T19:00:00Z,95.05,1628.95
2023-05-22T19:30:00Z,87.23,1723.1
2023-05-22T20:00:00Z,83.44,1120.65
2023-05-22T20:30:00Z,73.95,1184.65
2023-05-22T21:00:00Z,74.04,1116.3
2023-05-22T21:30:00Z,73.8,1475.05
2023-05-22T22:00:00Z,85.08,945.7
2023-05-22T22:30:00Z,90.77,1234.5
2023-05-22T23:00:00Z,69.51,984.6
2023-05-22T23:30:00Z,64.69,1065.7
2023-05-23T00:00:00Z,65.47,1240.4
2023-05-23T00:30:00Z,81.77,1610.4
2023-05-23T01:00:00Z,88.19,1635.1
2023-05-23T01:30:00Z,85.31,1387.0
2023-05-23T02:00:00Z,80.49,1679.05
2023-05-23T02:30:00Z,77.39,1547.95
2023-05-23T03:00:00Z,77.0,1649.2
2023-05-23T03:30:00Z,73.77,1886.45
2023-05-23T04:00:00Z,75.03,1833.7
2023-05-23T04:30:00Z,74.82,1765.1
2023-05-23T05:00:00Z,73.85,1406.45
2023-05-23T05:30:00Z,85.72,1873.9
2023-05-23T06:00:00Z,73.35,1180.7
2023-05-23T06:30:00Z,103.73,1669.05
2023-05-23T07:00:00Z,74.38,1045.95
2023-05-23T07:30:00Z,71.41,1009.1
2023-05-23T08:00:00Z,62.81,957.35
2023-05-23T08:30:00Z,60.05,1071.1
2023-05-23T09:00:00Z,59.16,971.45
2023-05-23T09:30:00Z,57.28,1371.0
2023-05-23T10:00:00Z,59.85,1426.9
2023-05-23T10:30:00Z,73.07,1566.5
2023-05-23T11:00:00Z,68.36,1302.95
2023-05-23T11:30:00Z,66.65,1389.3
2023-05-23T12:00:00Z,60.82,1412.85
2023-05-23T12:30:00Z,59.46,1337.0
2023-05-23T13:00:00Z,59.959999999999994,1391.35
2023-05-23T13:30:00Z,61.61,1633.4
2023-05-23T14:00:00Z,58.49,1014.65
2023-05-23T14:30:00Z,60.6,1097.2
2023-05-23T15:00:00Z,63.910000000000004,1317.65
2023-05-23T15:30:00Z,66.79,1500.2
2023-05-23T16:00:00Z,69.47,1417.2
2023-05-23T16:30:00Z,70.15,1518.5
2023-05-23T17:00:00Z,75.04,1470.6
2023-05-23T17:30:00Z,71.86,1727.9
2023-05-23T18:00:00Z,84.24,1531.6
2023-05-23T18:30:00Z,85.67,1485.8
2023-05-23T19:00:00Z,82.71,1270.35
2023-05-23T19:30:00Z,77.59,1288.15
2023-05-23T20:00:00Z,77.31,1367.65
2023-05-23T20:30:00Z,70.55,1059.6
2023-05-23T21:00:00Z,71.19,1009.55
2023-05-23T21:30:00Z,67.53,1130.1
2023-05-23T22:00:00Z,74.06,1057.25
2023-05-23T22:30:00Z,69.49,798.5
2023-05-23T23:00:00Z,56.51,990.25
2023-05-23T23:30:00Z,60.14,936.6
2023-05-24T00:00:00Z,45.98,1565.15
2023-05-24T00:30:00Z,56.839999999999996,1390.05
2023-05-24T01:00:00Z,60.82,1359.85
2023-05-24T01:30:00Z,59.39999999999999,1154.75
2023-05-24T02:00:00Z,55.92,1045.35
2023-05-24T02:30:00Z,59.62,963.7
2023-05-24T03:00:00Z,55.29,1200.65
2023-05-24T03:30:00Z,56.78,1057.7
2023-05-24T04:00:00Z,52.21,855.45
2023-05-24T04:30:00Z,49.24,790.75
2023-05-24T05:00:00Z,59.87,929.35
2023-05-24T05:30:00Z,77.9,1311.3
2023-05-24T06:00:00Z,76.5,1714.4
2023-05-24T06:30:00Z,89.39,1736.1
2023-05-24T07:00:00Z,76.32,1210.85
2023-05-24T07:30:00Z,69.44,1041.85
2023-05-24T08:00:00Z,60.68,1228.05
2023-05-24T08:30:00Z,57.16,1490.8
2023-05-24T09:00:00Z,61.93,1744.7
2023-05-24T09:30:00Z,58.72,1596.4
2023-05-24T10:00:00Z,63.99,1708.05
2023-05-24T10:30:00Z,62.85,1594.75
2023-05-24T11:00:00Z,61.10999999999999,1440.55
2023-05-24T11:30:00Z,59.22999999999999,1522.6
2023-05-24T12:00:00Z,57.93,1677.3
2023-05-24T12:30:00Z,58.77,1549.1
2023-05-24T13:00:00Z,59.64,1635.75
2023-05-24T13:30:00Z,63.96,1858.9
2023-05-24T14:00:00Z,60.58,1279.2
2023-05-24T14:30:00Z,68.52,1245.75
2023-05-24T15:00:00Z,60.1,924.45
2023-05-24T15:30:00Z,66.48,1086.4
2023-05-24T16:00:00Z,75.18,1259.55
2023-05-24T16:30:00Z,89.94,1340.85
2023-05-24T17:00:00Z,74.81,1358.9
2023-05-24T17:30:00Z,78.83,1347.45
2023-05-24T18:00:00Z,83.13,1294.95
2023-05-24T18:30:00Z,92.01,1354.25
2023-05-24T19:00:00Z,87.01,1242.05
2023-05-24T19:30:00Z,90.38,1603.85
2023-05-24T20:00:00Z,91.46,1258.7
2023-05-24T20:30:00Z,84.6,1155.55
2023-05-24T21:00:00Z,89.1,1139.15
2023-05-24T21:30:00Z,77.83,1182.2
2023-05-24T22:00:00Z,75.38,1015.75
2023-05-24T22:30:00Z,82.0,918.15
2023-05-24T23:00:00Z,75.99,1109.7
2023-05-24T23:30:00Z,65.53,1215.2
2023-05-25T00:00:00Z,64.07,629.2
2023-05-25T00:30:00Z,64.88,625.5
2023-05-25T01:00:00Z,64.71,954.25
2023-05-25T01:30:00Z,68.78,1298.0
2023-05-25T02:00:00Z,65.24,664.25
2023-05-25T02:30:00Z,66.43,900.45
2023-05-25T03:00:00Z,69.39999999999999,991.95
2023-05-25T03:30:00Z,68.23,1078.95
2023-05-25T04:00:00Z,61.05,902.5
2023-05-25T04:30:00Z,63.45,861.95
2023-05-25T05:00:00Z,71.45,728.7
2023-05-25T05:30:00Z,83.79999999999998,807.7
2023-05-25T06:00:00Z,82.43,1139.55
2023-05-25T06:30:00Z,94.15,1006.65
2023-05-25T07:00:00Z,98.04,1018.4
2023-05-25T07:30:00Z,91.81,1136.6
2023-05-25T08:00:00Z,86.8,1010.15
2023-05-25T08:30:00Z,71.97,1176.9
2023-05-25T09:00:00Z,73.63,1154.5
2023-05-25T09:30:00Z,78.24,1275.85
2023-05-25T10:00:00Z,67.85,1192.1
2023-05-25T10:30:00Z,63.85000000000001,1178.8
2023-05-25T11:00:00Z,63.75,878.95
2023-05-25T11:30:00Z,65.13,1172.95
2023-05-25T12:00:00Z,69.29,1417.1
2023-05-25T12:30:00Z,66.59,1335.25
2023-05-25T13:00:00Z,63.79,1262.3
2023-05-25T13:30:00Z,63.63000000000001,1266.85
2023-05-25T14:00:00Z,71.27,888.65
2023-05-25T14:30:00Z,73.46,1082.45
2023-05-25T15:00:00Z,73.42,1148.7
2023-05-25T15:30:00Z,87.14,1272.7
2023-05-25T16:00:00Z,89.09,1761.2
2023-05-25T16:30:00Z,92.56,1816.65
2023-05-25T17:00:00Z,93.24000000000001,1849.5
2023-05-25T17:30:00Z,91.93,1914.6
2023-05-25T18:00:00Z,100.52,1335.2
2023-05-25T18:30:00Z,97.23,1436.45
2023-05-25T19:00:00Z,95.89,1386.15
2023-05-25T19:30:00Z,91.42,1385.65
2023-05-25T20:00:00Z,93.28,1132.3
2023-05-25T20:30:00Z,88.93,1054.65
2023-05-25T21:00:00Z,89.37,1038.9
2023-05-25T21:30:00Z,74.76,1099.3
2023-05-25T22:00:00Z,62.96,731.45
2023-05-25T22:30:00Z,59.63,711.5
2023-05-25T23:00:00Z,58.53,665.8
2023-05-25T23:30:00Z,58.040000000000006,751.25
2023-05-26T00:00:00Z,55.54,978.65
2023-05-26T00:30:00Z,56.58,1011.6
2023-05-26T01:00:00Z,54.96,936.6
2023-05-26T01:30:00Z,54.02,952.75
2023-05-26T02:00:00Z,49.7,1007.35
2023-05-26T02:30:00Z,49.6,988.6
2023-05-26T03:00:00Z,54.019999999999996,1310.95
2023-05-26T03:30:00Z,49.94,1090.25
2023-05-26T04:00:00Z,62.62,971.55
2023-05-26T04:30:00Z,63.75,879.25
2023-05-26T05:00:00Z,73.9,850.25
2023-05-26T05:30:00Z,87.97,1431.15
2023-05-26T06:00:00Z,61.98,992.95
2023-05-26T06:30:00Z,85.92,1234.65
2023-05-26T07:00:00Z,77.53,1023.4
2023-05-26T07:30:00Z,64.29,875.15
2023-05-26T08:00:00Z,55.94,1020.8
2023-05-26T08:30:00Z,53.42,897.5
2023-05-26T09:00:00Z,53.28999999999999,1252.55
2023-05-26T09:30:00Z,56.13,1270.15
2023-05-26T10:00:00Z,57.74,1286.55
2023-05-26T10:30:00Z,56.76,1338.55
2023-05-26T11:00:00Z,54.79,1175.1
2023-05-26T11:30:00Z,0.0,0.0
2023-05-26T12:00:00Z,51.77,1019.0
2023-05-26T12:30:00Z,48.7,998.1
2023-05-26T13:00:00Z,49.03,1080.15
2023-05-26T13:30:00Z,47.83,1031.1
2023-05-26T14:00:00Z,40.11,1547.7
2023-05-26T14:30:00Z,40.6,1743.85
2023-05-26T15:00:00Z,54.37,1751.1
2023-05-26T15:30:00Z,49.86,1691.15
2023-05-26T16:00:00Z,58.699999999999996,1433.5
2023-05-26T16:30:00Z,52.88,1169.35
2023-05-26T17:00:00Z,55.73,1176.35
2023-05-26T17:30:00Z,61.46,940.3
2023-05-26T18:00:00Z,79.46,592.2
2023-05-26T18:30:00Z,77.0,558.25
2023-05-26T19:00:00Z,80.37,572.1
2023-05-26T19:30:00Z,75.33,460.9
2023-05-26T20:00:00Z,80.58,393.05
2023-05-26T20:30:00Z,79.3,312.1
2023-05-26T21:00:00Z,79.59,307.5
2023-05-26T21:30:00Z,77.2,278.25
2023-05-26T22:00:00Z,71.98,56.35
2023-05-26T22:30:00Z,76.95,316.05
2023-05-26T23:00:00Z,88.14,354.15
2023-05-26T23:30:00Z,67.58,565.15
2023-05-27T00:00:00Z,61.85999999999999,670.3
2023-05-27T00:30:00Z,66.72,742.1
2023-05-27T01:00:00Z,72.99,756.7
2023-05-27T01:30:00Z,73.57,598.95
2023-05-27T02:00:00Z,77.56,481.25
2023-05-27T02:30:00Z,66.26,443.35
2023-05-27T03:00:00Z,68.22,531.15
2023-05-27T03:30:00Z,62.09,488.45
2023-05-27T04:00:00Z,61.73,522.3
2023-05-27T04:30:00Z,57.11,606.15
2023-05-27T05:00:00Z,60.02,672.15
2023-05-27T05:30:00Z,62.12,723.75
2023-05-27T06:00:00Z,47.95,679.75
2023-05-27T06:30:00Z,58.779999999999994,811.65
2023-05-27T07:00:00Z,64.8,841.4
2023-05-27T07:30:00Z,69.96,1090.35
2023-05-27T08:00:00Z,59.96,1464.5
2023-05-27T08:30:00Z,57.86999999999999,1569.55
2023-05-27T09:00:00Z,53.6,1779.5
2023-05-27T09:30:00Z,44.06,1375.0
2023-05-27T10:00:00Z,-4.39,847.1
2023-05-27T10:30:00Z,-5.94,997.9
2023-05-27T11:00:00Z,-0.9099999999999999,1220.7
2023-05-27T11:30:00Z,-9.58,1241.55
2023-05-27T12:00:00Z,-17.16,909.9
2023-05-27T12:30:00Z,-22.0,939.4
2023-05-27T13:00:00Z,-22.26,1032.4
2023-05-27T13:30:00Z,-21.74,1073.55
2023-05-27T14:00:00Z,-12.81,843.8
2023-05-27T14:30:00Z,-3.51,786.75
2023-05-27T15:00:00Z,27.59,894.15
2023-05-27T15:30:00Z,46.65,1075.65
2023-05-27T16:00:00Z,95.68,1487.25
2023-05-27T16:30:00Z,70.17,1301.75
2023-05-27T17:00:00Z,73.74,1551.7
2023-05-27T17:30:00Z,70.96,1480.55
2023-05-27T18:00:00Z,89.02,1311.15
2023-05-27T18:30:00Z,99.03999999999999,1380.55
2023-05-27T19:00:00Z,99.13,1279.75
2023-05-27T19:30:00Z,99.85,1324.05
2023-05-27T20:00:00Z,82.82,982.2
2023-05-27T20:30:00Z,84.49,852.25
2023-05-27T21:00:00Z,98.04,872.65
2023-05-27T21:30:00Z,83.85,1143.55
2023-05-27T22:00:00Z,67.69,686.95
2023-05-27T22:30:00Z,64.25,913.25
2023-05-27T23:00:00Z,69.99,598.45
2023-05-27T23:30:00Z,66.42,559.05
2023-05-28T00:00:00Z,63.97999999999999,662.75
2023-05-28T00:30:00Z,72.04,687.7
2023-05-28T01:00:00Z,72.87,725.35
2023-05-28T01:30:00Z,69.2,724.0
2023-05-28T02:00:00Z,62.08,361.35
2023-05-28T02:30:00Z,58.77,463.15
2023-05-28T03:00:00Z,56.73,387.1
2023-05-28T03:30:00Z,63.17,617.75
2023-05-28T04:00:00Z,62.01,980.55
2023-05-28T04:30:00Z,64.41,967.05
2023-05-28T05:00:00Z,52.44,868.9
2023-05-28T05:30:00Z,58.91,981.6
2023-05-28T06:00:00Z,62.69,997.2
2023-05-28T06:30:00Z,61.96999999999999,1229.65
2023-05-28T07:00:00Z,70.22,1068.35
2023-05-28T07:30:00Z,73.65,1080.25
2023-05-28T08:00:00Z,75.4,693.85
2023-05-28T08:30:00Z,63.85,851.7
2023-05-28T09:00:00Z,57.78,1125.45
2023-05-28T09:30:00Z,67.47,1319.8
2023-05-28T10:00:00Z,75.13,1366.05
2023-05-28T10:30:00Z,76.89,1600.7
2023-05-28T11:00:00Z,74.67,1128.65
2023-05-28T11:30:00Z,71.69,1471.4
2023-05-28T12:00:00Z,46.16,1174.75
2023-05-28T12:30:00Z,19.78,1228.5
2023-05-28T13:00:00Z,25.159999999999997,1338.75
2023-05-28T13:30:00Z,21.74,1411.6
2023-05-28T14:00:00Z,-7.839999999999999,1160.35
2023-05-28T14:30:00Z,-17.56,1152.5
2023-05-28T15:00:00Z,7.24,930.95
2023-05-28T15:30:00Z,49.79,1018.1
2023-05-28T16:00:00Z,62.49,1213.4
2023-05-28T16:30:00Z,57.62,1030.65
2023-05-28T17:00:00Z,47.8,1350.1
2023-05-28T17:30:00Z,49.66,1310.6
2023-05-28T18:00:00Z,48.33,1025.45
2023-05-28T18:30:00Z,41.82,943.3
2023-05-28T19:00:00Z,52.7,928.4
2023-05-28T19:30:00Z,55.27,977.75
2023-05-28T20:00:00Z,58.31,1377.6
2023-05-28T20:30:00Z,62.46,1312.15
2023-05-28T21:00:00Z,60.51,1190.6
2023-05-28T21:30:00Z,50.76,1215.45
2023-05-28T22:00:00Z,34.84,726.95
2023-05-28T22:30:00Z,27.649999999999995,705.35
2023-05-28T23:00:00Z,22.98,767.0
2023-05-28T23:30:00Z,22.01,526.7
2023-05-29T00:00:00Z,23.26,665.85
2023-05-29T00:30:00Z,22.32,716.1
2023-05-29T01:00:00Z,14.22,847.25
2023-05-29T01:30:00Z,14.03,755.6
2023-05-29T02:00:00Z,6.07,938.1
2023-05-29T02:30:00Z,5.900000000000001,851.55
2023-05-29T03:00:00Z,7.39,826.65
2023-05-29T03:30:00Z,3.6,830.5
2023-05-29T04:00:00Z,3.89,888.55
2023-05-29T04:30:00Z,9.929999999999998,852.9
2023-05-29T05:00:00Z,36.21,1651.65
2023-05-29T05:30:00Z,40.07,1113.4
2023-05-29T06:00:00Z,32.13,1012.85
2023-05-29T06:30:00Z,58.209999999999994,1353.2
2023-05-29T07:00:00Z,36.15,1242.75
2023-05-29T07:30:00Z,33.97,1078.75
2023-05-29T08:00:00Z,53.17999999999999,1513.8
2023-05-29T08:30:00Z,56.31,1894.4
2023-05-29T09:00:00Z,51.64000000000001,1642.25
2023-05-29T09:30:00Z,51.31,1541.15
2023-05-29T10:00:00Z,41.55,1209.0
2023-05-29T10:30:00Z,35.49,1369.6
2023-05-29T11:00:00Z,17.66,1259.7
2023-05-29T11:30:00Z,12.83,1247.7
2023-05-29T12:00:00Z,14.52,1526.75
2023-05-29T12:30:00Z,1.18,1292.45
2023-05-29T13:00:00Z,-19.59,1283.6
2023-05-29T13:30:00Z,-36.2,1265.4
2023-05-29T14:00:00Z,-27.68,1041.6
2023-05-29T14:30:00Z,24.69,1219.7
2023-05-29T15:00:00Z,31.31,1453.25
2023-05-29T15:30:00Z,57.230000000000004,1313.25
2023-05-29T16:00:00Z,72.51,1295.6
2023-05-29T16:30:00Z,82.88,1253.6
2023-05-29T17:00:00Z,66.89,1276.7
2023-05-29T17:30:00Z,73.39,1319.05
2023-05-29T18:00:00Z,78.34,1201.05
2023-05-29T18:30:00Z,82.34,1260.25
2023-05-29T19:00:00Z,81.55,1134.1
2023-05-29T19:30:00Z,81.83,1129.75
2023-05-29T20:00:00Z,82.02,1030.3
2023-05-29T20:30:00Z,76.14,939.4
2023-05-29T21:00:00Z,58.9,1098.75
2023-05-29T21:30:00Z,67.1,1399.85
2023-05-29T22:00:00Z,80.61,600.9
2023-05-29T22:30:00Z,46.3,614.3
2023-05-29T23:00:00Z,47.86,762.3
2023-05-29T23:30:00Z,39.24,825.75
2023-05-30T00:00:00Z,47.45,992.9
2023-05-30T00:30:00Z,51.3,1019.5
2023-05-30T01:00:00Z,44.24,901.7
2023-05-30T01:30:00Z,42.79,944.35
2023-05-30T02:00:00Z,39.39,643.3
2023-05-30T02:30:00Z,32.74,802.65
2023-05-30T03:00:00Z,60.85,1224.4
2023-05-30T03:30:00Z,63.64999999999999,1030.15
2023-05-30T04:00:00Z,72.54,1325.15
2023-05-30T04:30:00Z,53.57,1220.95
2023-05-30T05:00:00Z,53.69,1264.8
2023-05-30T05:30:00Z,67.04,1681.9
2023-05-30T06:00:00Z,83.67,1298.95
2023-05-30T06:30:00Z,96.02999999999999,1552.55
2023-05-30T07:00:00Z,82.1,779.95
2023-05-30T07:30:00Z,89.46,969.15
2023-05-30T08:00:00Z,94.92,1000.3
2023-05-30T08:30:00Z,90.21,1326.85
2023-05-30T09:00:00Z,85.89,1152.6
2023-05-30T09:30:00Z,89.84,1576.8
2023-05-30T10:00:00Z,85.89,1186.5
2023-05-30T10:30:00Z,81.88,1485.6
2023-05-30T11:00:00Z,82.92,1643.85
2023-05-30T11:30:00Z,73.09,1584.3
2023-05-30T12:00:00Z,68.43,1799.55
2023-05-30T12:30:00Z,69.83,1901.85
2023-05-30T13:00:00Z,69.79,1812.5
2023-05-30T13:30:00Z,67.52,1910.5
2023-05-30T14:00:00Z,83.37,1367.9
2023-05-30T14:30:00Z,82.91,1722.85
2023-05-30T15:00:00Z,89.53,1831.45
2023-05-30T15:30:00Z,81.16,2058.2
2023-05-30T16:00:00Z,88.7,1978.6
2023-05-30T16:30:00Z,94.03,1932.75
2023-05-30T17:00:00Z,99.23,1790.5
2023-05-30T17:30:00Z,100.15,1827.45
2023-05-30T18:00:00Z,103.21999999999998,1366.1
2023-05-30T18:30:00Z,103.67,1216.2
2023-05-30T19:00:00Z,96.73,1282.95
2023-05-30T19:30:00Z,94.16,1250.45
2023-05-30T20:00:00Z,95.89,1139.7
2023-05-30T20:30:00Z,80.13,1116.6
2023-05-30T21:00:00Z,81.54,1212.4
2023-05-30T21:30:00Z,73.03,1348.65
2023-05-30T22:00:00Z,100.04,771.85
2023-05-30T22:30:00Z,86.12,807.15
2023-05-30T23:00:00Z,66.16,1081.5
2023-05-30T23:30:00Z,56.34,807.35
2023-05-31T00:00:00Z,52.15,1004.95
2023-05-31T00:30:00Z,58.71999999999999,1235.95
2023-05-31T01:00:00Z,55.88,1095.9
2023-05-31T01:30:00Z,49.91,1224.65
2023-05-31T02:00:00Z,55.7,941.9
2023-05-31T02:30:00Z,59.48,1162.6
2023-05-31T03:00:00Z,80.03,929.1
2023-05-31T03:30:00Z,70.0,856.45
2023-05-31T04:00:00Z,65.71,835.2
2023-05-31T04:30:00Z,71.01,945.45
2023-05-31T05:00:00Z,68.88,861.4
2023-05-31T05:30:00Z,93.24,1035.75
2023-05-31T06:00:00Z,55.86,1036.5
2023-05-31T06:30:00Z,77.86,1563.35
2023-05-31T07:00:00Z,56.29,945.85
2023-05-31T07:30:00Z,70.95,1036.9
2023-05-31T08:00:00Z,64.24,1041.4
2023-05-31T08:30:00Z,60.2,1349.05
2023-05-31T09:00:00Z,64.86,1371.1
2023-05-31T09:30:00Z,75.65,1550.1
2023-05-31T10:00:00Z,82.73,1412.3
2023-05-31T10:30:00Z,82.05,1643.95
2023-05-31T11:00:00Z,81.13999999999999,1620.2
2023-05-31T11:30:00Z,71.09,1715.7
2023-05-31T12:00:00Z,75.55,1874.05
2023-05-31T12:30:00Z,67.78,1745.2
2023-05-31T13:00:00Z,66.29,1836.25
2023-05-31T13:30:00Z,65.83,2131.15
2023-05-31T14:00:00Z,69.18,1720.4
2023-05-31T14:30:00Z,66.59,2034.75
2023-05-31T15:00:00Z,66.57,1679.85
2023-05-31T15:30:00Z,64.13,1639.5
2023-05-31T16:00:00Z,74.49,1513.3
2023-05-31T16:30:00Z,79.13,1451.25
2023-05-31T17:00:00Z,86.57,1695.0
2023-05-31T17:30:00Z,89.18,1761.05
2023-05-31T18:00:00Z,92.13,1279.95
2023-05-31T18:30:00Z,92.75,1379.3
2023-05-31T19:00:00Z,94.45999999999998,1484.3
2023-05-31T19:30:00Z,90.66000000000001,1543.9
2023-05-31T20:00:00Z,88.37,1398.7
2023-05-31T20:30:00Z,86.16,1442.9
2023-05-31T21:00:00Z,89.27,1382.15
2023-05-31T21:30:00Z,74.86,1514.1
2023-05-31T22:00:00Z,60.89,1029.9
2023-05-31T22:30:00Z,67.54,1060.5
2023-05-31T23:00:00Z,78.02,951.95
2023-05-31T23:30:00Z,73.74,975.4
2023-06-01T00:00:00Z,58.45,1032.6
2023-06-01T00:30:00Z,58.74,1127.65
2023-06-01T01:00:00Z,58.29,1330.75
2023-06-01T01:30:00Z,57.86,1284.4
2023-06-01T02:00:00Z,59.16,952.3
2023-06-01T02:30:00Z,56.28,1160.2
2023-06-01T03:00:00Z,68.04,849.6
2023-06-01T03:30:00Z,62.10999999999999,830.05
2023-06-01T04:00:00Z,77.32,1016.05
2023-06-01T04:30:00Z,87.5,1281.0
2023-06-01T05:00:00Z,86.27,1096.3
2023-06-01T05:30:00Z,100.78,1257.7
2023-06-01T06:00:00Z,74.36,1250.8
2023-06-01T06:30:00Z,88.25,1748.8
2023-06-01T07:00:00Z,99.92,1419.35
2023-06-01T07:30:00Z,105.07,1229.7
2023-06-01T08:00:00Z,104.19000000000001,1383.35
2023-06-01T08:30:00Z,100.22000000000001,1362.3
2023-06-01T09:00:00Z,93.93,1584.25
2023-06-01T09:30:00Z,95.79,1637.15
2023-06-01T10:00:00Z,97.64,1053.45
2023-06-01T10:30:00Z,94.42,1316.5
2023-06-01T11:00:00Z,90.5,1361.45
2023-06-01T11:30:00Z,79.85,1261.25
2023-06-01T12:00:00Z,77.98,1526.35
2023-06-01T12:30:00Z,70.53,1641.75
2023-06-01T13:00:00Z,74.05,1789.75
2023-06-01T13:30:00Z,67.68,1980.45
2023-06-01T14:00:00Z,63.9,1745.35
2023-06-01T14:30:00Z,63.43,1742.4
2023-06-01T15:00:00Z,77.48,1849.75
2023-06-01T15:30:00Z,80.0,1718.55
2023-06-01T16:00:00Z,85.85,1253.55
2023-06-01T16:30:00Z,86.36,1244.15
2023-06-01T17:00:00Z,91.41,1217.6
2023-06-01T17:30:00Z,93.84,1262.5
2023-06-01T18:00:00Z,91.33,1678.1
2023-06-01T18:30:00Z,84.15,1291.7
2023-06-01T19:00:00Z,88.91,1379.6
2023-06-01T19:30:00Z,77.15,1203.7
2023-06-01T20:00:00Z,68.91,1074.3
2023-06-01T20:30:00Z,56.17,980.5
2023-06-01T21:00:00Z,74.78,1558.4
2023-06-01T21:30:00Z,54.93,1034.2
2023-06-01T22:00:00Z,54.63,834.25
2023-06-01T22:30:00Z,55.19,1080.0
2023-06-01T23:00:00Z,62.85,806.9
2023-06-01T23:30:00Z,56.09,884.25
2023-06-02T00:00:00Z,49.41,627.35
2023-06-02T00:30:00Z,47.84,688.65
2023-06-02T01:00:00Z,47.0,1022.3
2023-06-02T01:30:00Z,46.41,1002.85
2023-06-02T02:00:00Z,45.75,902.7
2023-06-02T02:30:00Z,47.2,998.45
2023-06-02T03:00:00Z,46.55,838.95
2023-06-02T03:30:00Z,45.97,773.3
2023-06-02T04:00:00Z,49.39,788.4
2023-06-02T04:30:00Z,54.5,837.5
2023-06-02T05:00:00Z,53.77,934.2
2023-06-02T05:30:00Z,82.14,995.6
2023-06-02T06:00:00Z,55.76,1029.35
2023-06-02T06:30:00Z,74.01,1217.15
2023-06-02T07:00:00Z,66.38,1092.4
2023-06-02T07:30:00Z,77.63,1343.85
2023-06-02T08:00:00Z,70.38,1509.6
2023-06-02T08:30:00Z,62.91,1449.8
2023-06-02T09:00:00Z,55.97999999999999,1631.7
2023-06-02T09:30:00Z,57.45,1695.0
2023-06-02T10:00:00Z,53.78,1534.9
2023-06-02T10:30:00Z,58.15,1619.2
2023-06-02T11:00:00Z,58.86,1488.8
2023-06-02T11:30:00Z,54.23,1588.25
2023-06-02T12:00:00Z,54.24,1520.9
2023-06-02T12:30:00Z,55.04,1545.1
2023-06-02T13:00:00Z,54.55,1407.0
2023-06-02T13:30:00Z,52.79,1544.05
2023-06-02T14:00:00Z,69.78,1292.45
2023-06-02T14:30:00Z,56.00000000000001,1335.05
2023-06-02T15:00:00Z,60.37,1075.6
2023-06-02T15:30:00Z,50.86,1173.65
2023-06-02T16:00:00Z,59.28000000000001,1328.35
2023-06-02T16:30:00Z,67.02,1284.1
2023-06-02T17:00:00Z,64.78,1206.75
2023-06-02T17:30:00Z,74.55,1344.45
2023-06-02T18:00:00Z,86.6,1099.05
2023-06-02T18:30:00Z,89.8,1115.95
2023-06-02T19:00:00Z,87.2,967.9
2023-06-02T19:30:00Z,88.74,1186.55
2023-06-02T20:00:00Z,84.78,767.7
2023-06-02T20:30:00Z,80.55,741.9
2023-06-02T21:00:00Z,67.17,900.8
2023-06-02T21:30:00Z,63.09,834.95
2023-06-02T22:00:00Z,70.49,628.4
2023-06-02T22:30:00Z,67.2,579.55
2023-06-02T23:00:00Z,64.45,508.35
2023-06-02T23:30:00Z,69.01,510.8
2023-06-03T00:00:00Z,80.09,613.9
2023-06-03T00:30:00Z,75.95,561.85
2023-06-03T01:00:00Z,80.91,450.3
2023-06-03T01:30:00Z,71.77,536.9
2023-06-03T02:00:00Z,66.76,459.65
2023-06-03T02:30:00Z,57.52,536.1
2023-06-03T03:00:00Z,74.06,490.15
2023-06-03T03:30:00Z,70.06,516.55
2023-06-03T04:00:00Z,62.800000000000004,565.5
2023-06-03T04:30:00Z,68.22,671.7
2023-06-03T05:00:00Z,64.84,818.05
2023-06-03T05:30:00Z,74.63,844.7
2023-06-03T06:00:00Z,56.60999999999999,774.25
2023-06-03T06:30:00Z,69.16,647.5
2023-06-03T07:00:00Z,51.45000000000001,776.6
2023-06-03T07:30:00Z,59.97,822.05
2023-06-03T08:00:00Z,61.66,987.65
2023-06-03T08:30:00Z,59.29,1084.65
2023-06-03T09:00:00Z,54.19,1025.1
2023-06-03T09:30:00Z,55.73,1194.0
2023-06-03T10:00:00Z,41.45,676.0
2023-06-03T10:30:00Z,52.77,764.7
2023-06-03T11:00:00Z,60.19,896.85
2023-06-03T11:30:00Z,65.37,877.2
2023-06-03T12:00:00Z,55.38,885.95
2023-06-03T12:30:00Z,54.85,1024.75
2023-06-03T13:00:00Z,56.78,1027.05
2023-06-03T13:30:00Z,62.029999999999994,1109.05
2023-06-03T14:00:00Z,75.93,769.85
2023-06-03T14:30:00Z,74.7,1062.85
2023-06-03T15:00:00Z,73.86,909.95
2023-06-03T15:30:00Z,67.08,1336.65
2023-06-03T16:00:00Z,70.18,1099.1
2023-06-03T16:30:00Z,68.47,1223.9
2023-06-03T17:00:00Z,73.01,1074.8
2023-06-03T17:30:00Z,68.18,1065.95
2023-06-03T18:00:00Z,71.96,706.05
2023-06-03T18:30:00Z,74.65,712.1
2023-06-03T19:00:00Z,77.05,708.85
2023-06-03T19:30:00Z,71.72,577.7
2023-06-03T20:00:00Z,69.87,668.8
2023-06-03T20:30:00Z,59.03,703.4
2023-06-03T21:00:00Z,60.26,782.75
2023-06-03T21:30:00Z,63.83,935.9
2023-06-03T22:00:00Z,54.12,961.5
2023-06-03T22:30:00Z,69.42,863.15
2023-06-03T23:00:00Z,66.07,921.0
2023-06-03T23:30:00Z,58.68000000000001,875.85
2023-06-04T00:00:00Z,48.23,588.65
2023-06-04T00:30:00Z,55.27000000000001,699.5
2023-06-04T01:00:00Z,64.14,608.9
2023-06-04T01:30:00Z,57.89999999999999,670.55
2023-06-04T02:00:00Z,54.68999999999999,447.25
2023-06-04T02:30:00Z,52.65,451.8
2023-06-04T03:00:00Z,54.20000000000001,399.0
2023-06-04T03:30:00Z,48.77,512.9
2023-06-04T04:00:00Z,46.71,433.2
2023-06-04T04:30:00Z,45.16,397.1
2023-06-04T05:00:00Z,41.68,472.0
2023-06-04T05:30:00Z,43.88,526.15
2023-06-04T06:00:00Z,27.07,545.9
2023-06-04T06:30:00Z,27.549999999999997,669.65
2023-06-04T07:00:00Z,27.0,697.45
2023-06-04T07:30:00Z,36.32,661.1
2023-06-04T08:00:00Z,35.52,779.85
2023-06-04T08:30:00Z,24.560000000000002,722.95
2023-06-04T09:00:00Z,26.869999999999997,901.4
2023-06-04T09:30:00Z,38.45,1258.25
2023-06-04T10:00:00Z,40.85,1288.9
2023-06-04T10:30:00Z,45.44,1313.9
2023-06-04T11:00:00Z,54.41,1167.25
2023-06-04T11:30:00Z,54.029999999999994,1248.25
2023-06-04T12:00:00Z,60.22,1102.25
2023-06-04T12:30:00Z,56.89,989.05
2023-06-04T13:00:00Z,65.82,1104.9
2023-06-04T13:30:00Z,64.5,1042.05
2023-06-04T14:00:00Z,77.02,799.05
2023-06-04T14:30:00Z,76.73,965.7
2023-06-04T15:00:00Z,84.12,1149.85
2023-06-04T15:30:00Z,74.01,1242.9
2023-06-04T16:00:00Z,75.87,1200.2
2023-06-04T16:30:00Z,80.66,1125.1
2023-06-04T17:00:00Z,82.77,1114.45
2023-06-04T17:30:00Z,82.92,977.3
2023-06-04T18:00:00Z,81.08,611.1
2023-06-04T18:30:00Z,73.5,767.25
2023-06-04T19:00:00Z,86.16999999999999,809.1
2023-06-04T19:30:00Z,80.57,731.25
2023-06-04T20:00:00Z,83.99999999999999,915.15
2023-06-04T20:30:00Z,74.73,886.9
2023-06-04T21:00:00Z,77.1,1047.7
2023-06-04T21:30:00Z,56.74,972.1
2023-06-04T22:00:00Z,75.63,651.4
2023-06-04T22:30:00Z,53.7,607.2
2023-06-04T23:00:00Z,73.8,728.9
2023-06-04T23:30:00Z,66.42,866.8
2023-06-05T00:00:00Z,57.82,725.0
2023-06-05T00:30:00Z,53.9,847.7
2023-06-05T01:00:00Z,59.59,900.7
2023-06-05T01:30:00Z,57.989999999999995,857.7
2023-06-05T02:00:00Z,42.79,1075.35
2023-06-05T02:30:00Z,39.25,709.65
2023-06-05T03:00:00Z,44.51,779.1
2023-06-05T03:30:00Z,54.68,1245.4
2023-06-05T04:00:00Z,50.660000000000004,746.0
2023-06-05T04:30:00Z,50.69,644.6
2023-06-05T05:00:00Z,59.29,791.3
2023-06-05T05:30:00Z,90.64,1463.35
2023-06-05T06:00:00Z,65.97,1187.0
2023-06-05T06:30:00Z,91.54999999999998,1542.1
2023-06-05T07:00:00Z,77.39,1098.5
2023-06-05T07:30:00Z,87.34,1351.15
2023-06-05T08:00:00Z,83.08,1400.8
2023-06-05T08:30:00Z,78.77,1451.8
2023-06-05T09:00:00Z,70.36,1626.5
2023-06-05T09:30:00Z,71.83,1544.15
2023-06-05T10:00:00Z,79.16,1503.65
2023-06-05T10:30:00Z,70.35,1884.9
2023-06-05T11:00:00Z,66.47,1978.35
2023-06-05T11:30:00Z,67.07,2305.25
2023-06-05T12:00:00Z,63.8,1821.65
2023-06-05T12:30:00Z,58.8,1894.5
2023-06-05T13:00:00Z,59.6,1812.65
2023-06-05T13:30:00Z,57.47,2061.9
2023-06-05T14:00:00Z,56.44,1153.8
2023-06-05T14:30:00Z,66.23,1248.05
2023-06-05T15:00:00Z,66.52,1345.1
2023-06-05T15:30:00Z,64.17,1342.45
2023-06-05T16:00:00Z,70.35,1562.05
2023-06-05T16:30:00Z,84.9,1739.0
2023-06-05T17:00:00Z,89.72,1833.75
2023-06-05T17:30:00Z,91.45,1925.4
2023-06-05T18:00:00Z,89.57000000000001,1498.7
2023-06-05T18:30:00Z,87.05,1525.1
2023-06-05T19:00:00Z,95.39000000000001,1667.85
2023-06-05T19:30:00Z,88.1,1641.55
2023-06-05T20:00:00Z,92.76,1632.45
2023-06-05T20:30:00Z,84.87,1596.9
2023-06-05T21:00:00Z,80.8,1607.35
2023-06-05T21:30:00Z,78.52,2063.2
2023-06-05T22:00:00Z,94.63,1100.9
2023-06-05T22:30:00Z,88.58,1076.15
2023-06-05T23:00:00Z,84.78,987.85
2023-06-05T23:30:00Z,87.43,1231.1
2023-06-06T00:00:00Z,90.33,1073.95
2023-06-06T00:30:00Z,85.24,1082.45
2023-06-06T01:00:00Z,77.76,1012.75
2023-06-06T01:30:00Z,80.41,946.3
2023-06-06T02:00:00Z,97.46,489.9
2023-06-06T02:30:00Z,89.4,645.5
2023-06-06T03:00:00Z,85.55,868.35
2023-06-06T03:30:00Z,76.85,726.3
2023-06-06T04:00:00Z,76.07999999999998,946.15
2023-06-06T04:30:00Z,81.69,749.5
2023-06-06T05:00:00Z,76.77,1381.95
2023-06-06T05:30:00Z,99.4,1260.2
2023-06-06T06:00:00Z,83.91,1412.15
2023-06-06T06:30:00Z,102.95,1737.1
2023-06-06T07:00:00Z,90.13,1358.95
2023-06-06T07:30:00Z,101.72,1221.8
2023-06-06T08:00:00Z,105.25,1121.8
2023-06-06T08:30:00Z,104.68999999999998,1401.3
2023-06-06T09:00:00Z,93.99,1283.45
2023-06-06T09:30:00Z,83.41,1294.05
2023-06-06T10:00:00Z,71.5,1625.0
2023-06-06T10:30:00Z,68.24,1897.85
2023-06-06T11:00:00Z,75.16,1935.35
2023-06-06T11:30:00Z,69.99,2094.85
2023-06-06T12:00:00Z,69.72,2296.65
2023-06-06T12:30:00Z,66.72,2118.7
2023-06-06T13:00:00Z,70.47,2483.2
2023-06-06T13:30:00Z,70.58,2747.75
2023-06-06T14:00:00Z,80.03,1672.55
2023-06-06T14:30:00Z,80.69,1540.6
2023-06-06T15:00:00Z,72.03,1523.65
2023-06-06T15:30:00Z,80.3,1603.2
2023-06-06T16:00:00Z,88.99,1413.4
2023-06-06T16:30:00Z,91.81000000000002,1551.6
2023-06-06T17:00:00Z,90.95,1807.15
2023-06-06T17:30:00Z,92.28,1608.25
2023-06-06T18:00:00Z,95.41,1087.3
2023-06-06T18:30:00Z,97.24,1330.6
2023-06-06T19:00:00Z,101.63,1473.45
2023-06-06T19:30:00Z,98.68000000000002,1359.7
2023-06-06T20:00:00Z,99.86000000000001,1421.55
2023-06-06T20:30:00Z,91.58,1087.9
2023-06-06T21:00:00Z,98.83,1333.15
2023-06-06T21:30:00Z,73.12,1714.2
2023-06-06T22:00:00Z,69.92,1054.95
2023-06-06T22:30:00Z,72.93,1046.6
2023-06-06T23:00:00Z,67.54,711.95
2023-06-06T23:30:00Z,63.15,938.05
2023-06-07T00:00:00Z,61.25,633.5
2023-06-07T00:30:00Z,68.39,979.8
2023-06-07T01:00:00Z,64.91,638.7
2023-06-07T01:30:00Z,63.85,563.85
2023-06-07T02:00:00Z,56.87,634.35
2023-06-07T02:30:00Z,55.6,544.35
2023-06-07T03:00:00Z,63.77,846.1
2023-06-07T03:30:00Z,58.690000000000005,757.55
2023-06-07T04:00:00Z,57.06000000000001,617.0
2023-06-07T04:30:00Z,58.61999999999999,582.1
2023-06-07T05:00:00Z,57.23,654.85
2023-06-07T05:30:00Z,83.0,885.75
2023-06-07T06:00:00Z,67.89,1502.9
2023-06-07T06:30:00Z,88.69,1848.95
2023-06-07T07:00:00Z,92.59,1738.0
2023-06-07T07:30:00Z,93.47,1795.9
2023-06-07T08:00:00Z,86.66,2178.3
2023-06-07T08:30:00Z,85.12,2189.5
2023-06-07T09:00:00Z,93.59,1910.05
2023-06-07T09:30:00Z,94.5,2120.35
2023-06-07T10:00:00Z,88.83,1992.7
2023-06-07T10:30:00Z,80.92,2283.95
2023-06-07T11:00:00Z,80.14,1445.4
2023-06-07T11:30:00Z,75.42,1372.3
2023-06-07T12:00:00Z,73.0,1307.45
2023-06-07T12:30:00Z,70.23,1365.95
2023-06-07T13:00:00Z,70.28,1529.6
2023-06-07T13:30:00Z,69.75,1460.85
2023-06-07T14:00:00Z,65.75,910.05
2023-06-07T14:30:00Z,69.07,1032.0
2023-06-07T15:00:00Z,62.27,992.45
2023-06-07T15:30:00Z,60.99,1329.9
2023-06-07T16:00:00Z,67.67,1674.2
2023-06-07T16:30:00Z,67.77,1939.55
2023-06-07T17:00:00Z,74.65,2075.45
2023-06-07T18:00:00Z,82.14,1390.7
2023-06-07T18:30:00Z,81.53,1382.1
2023-06-07T19:00:00Z,82.68,1282.05
2023-06-07T19:30:00Z,73.4,1364.4
2023-06-07T20:00:00Z,79.29,1366.35
2023-06-07T20:30:00Z,72.77,1445.95
2023-06-07T21:00:00Z,79.57,1191.05
2023-06-07T21:30:00Z,64.49,1309.5
2023-06-07T22:00:00Z,80.75,844.4
2023-06-07T22:30:00Z,79.01,579.95
2023-06-07T23:00:00Z,74.14,704.35
2023-06-07T23:30:00Z,64.6,800.55
2023-06-08T00:00:00Z,82.4,990.9
2023-06-08T00:30:00Z,80.81,981.05
2023-06-08T01:00:00Z,76.15,1143.6
2023-06-08T01:30:00Z,65.76,981.9
2023-06-08T02:00:00Z,59.66,716.45
2023-06-08T02:30:00Z,63.1,731.65
2023-06-08T03:00:00Z,64.85,769.45
2023-06-08T03:30:00Z,59.33,712.2
2023-06-08T04:00:00Z,56.85,673.2
2023-06-08T04:30:00Z,74.53,967.8
2023-06-08T05:00:00Z,73.92,962.0
2023-06-08T05:30:00Z,95.18,1211.45
2023-06-08T06:00:00Z,65.08,938.45
2023-06-08T06:30:00Z,94.65,1337.7
2023-06-08T07:00:00Z,68.5,1229.35
2023-06-08T07:30:00Z,67.66,1228.75
2023-06-08T08:00:00Z,68.8,1407.95
2023-06-08T08:30:00Z,59.26,1398.6
2023-06-08T09:00:00Z,61.58,1795.45
2023-06-08T09:30:00Z,61.74,1837.9
2023-06-08T10:00:00Z,57.26,1869.75
2023-06-08T10:30:00Z,59.33,1984.75
2023-06-08T11:00:00Z,66.45,2593.3
2023-06-08T11:30:00Z,71.69,2597.8
2023-06-08T12:00:00Z,64.67,3269.25
2023-06-08T12:30:00Z,62.53999999999999,3070.4
2023-06-08T13:00:00Z,64.98,3267.35
2023-06-08T13:30:00Z,62.150000000000006,3249.1
2023-06-08T14:00:00Z,71.2,1827.1
2023-06-08T14:30:00Z,71.6,1760.15
2023-06-08T15:00:00Z,65.41,1440.95
2023-06-08T15:30:00Z,72.5,1403.1
2023-06-08T16:00:00Z,73.26,1658.6
2023-06-08T16:30:00Z,77.37,1455.05
2023-06-08T17:00:00Z,86.2,1720.1
2023-06-08T17:30:00Z,87.58,1776.85
2023-06-08T18:00:00Z,95.86,2063.3
2023-06-08T18:30:00Z,97.17,2112.2
2023-06-08T19:00:00Z,95.11,1857.9
2023-06-08T19:30:00Z,91.30999999999999,1690.95
2023-06-08T20:00:00Z,99.08,1389.9
2023-06-08T20:30:00Z,84.06,1331.15
2023-06-08T21:00:00Z,79.85,1655.45
2023-06-08T21:30:00Z,67.65,1481.55
2023-06-08T22:00:00Z,70.3,1262.2
2023-06-08T22:30:00Z,82.67,1544.15
2023-06-08T23:00:00Z,68.58,1275.3
2023-06-08T23:30:00Z,59.69,1078.3
2023-06-09T00:00:00Z,57.72,1644.85
2023-06-09T00:30:00Z,65.48,1660.2
2023-06-09T01:00:00Z,59.68999999999999,1316.4
2023-06-09T01:30:00Z,58.11,1466.55
2023-06-09T02:00:00Z,57.74,1044.3
2023-06-09T02:30:00Z,72.35,1509.7
2023-06-09T03:00:00Z,68.81,1365.8
2023-06-09T03:30:00Z,66.05,1194.7
2023-06-09T04:00:00Z,59.65,987.0
2023-06-09T04:30:00Z,67.48,951.0
2023-06-09T05:00:00Z,66.6,1397.6
2023-06-09T05:30:00Z,92.26,1154.5
2023-06-09T06:00:00Z,81.15,1762.65
2023-06-09T06:30:00Z,101.45,1609.95
2023-06-09T07:00:00Z,77.31,1319.0
2023-06-09T07:30:00Z,76.07,1606.4
2023-06-09T08:00:00Z,66.48,1332.95
2023-06-09T08:30:00Z,57.63,1159.65
2023-06-09T09:00:00Z,62.92,1464.8
2023-06-09T09:30:00Z,60.86,1423.85
2023-06-09T10:00:00Z,64.32,1671.05
2023-06-09T10:30:00Z,65.86,1641.4
2023-06-09T11:00:00Z,62.59,1713.95
2023-06-09T11:30:00Z,55.53,1715.45
2023-06-09T12:00:00Z,56.05,1519.45
2023-06-09T12:30:00Z,58.22,1668.2
2023-06-09T13:00:00Z,60.61,1632.6
2023-06-09T13:30:00Z,59.02,1673.8
2023-06-09T14:00:00Z,69.63,1750.5
2023-06-09T14:30:00Z,76.32,1915.75
2023-06-09T15:00:00Z,67.69,2256.6
2023-06-09T15:30:00Z,77.68,2086.55
2023-06-09T16:00:00Z,94.63,2138.8
2023-06-09T16:30:00Z,98.75,2184.5
2023-06-09T17:00:00Z,92.24,2615.6
2023-06-09T17:30:00Z,93.68,2218.85
2023-06-09T18:00:00Z,98.33,1814.0
2023-06-09T18:30:00Z,96.51,1893.65
2023-06-09T19:00:00Z,98.61,2163.65
2023-06-09T19:30:00Z,100.4,2215.75
2023-06-09T20:00:00Z,98.34,2095.2
2023-06-09T20:30:00Z,89.8,2192.65
2023-06-09T21:00:00Z,89.81,1836.7
2023-06-09T21:30:00Z,85.76,2071.7
2023-06-09T22:00:00Z,73.0,1705.2
2023-06-09T22:30:00Z,85.72,1255.7
2023-06-09T23:00:00Z,80.39,1203.5
2023-06-09T23:30:00Z,79.93,1023.0
2023-06-10T00:00:00Z,77.79,1118.45
2023-06-10T00:30:00Z,78.43,1008.7
2023-06-10T01:00:00Z,77.27,1036.75
2023-06-10T01:30:00Z,70.77,1294.6
2023-06-10T02:00:00Z,68.67,948.75
2023-06-10T02:30:00Z,68.68,902.65
2023-06-10T03:00:00Z,72.29,933.1
2023-06-10T03:30:00Z,70.68,809.8
2023-06-10T04:00:00Z,77.14,873.7
2023-06-10T04:30:00Z,80.9,888.15
2023-06-10T05:00:00Z,79.44,926.1
2023-06-10T05:30:00Z,83.92,1012.8
2023-06-10T06:00:00Z,79.6,1130.7
2023-06-10T06:30:00Z,90.72,1048.4
2023-06-10T07:00:00Z,86.04,1244.45
2023-06-10T07:30:00Z,95.67,914.05
2023-06-10T08:00:00Z,101.59,1280.95
2023-06-10T08:30:00Z,101.54,1264.75
2023-06-10T09:00:00Z,98.7,1219.35
2023-06-10T09:30:00Z,94.65,1524.8
2023-06-10T10:00:00Z,82.5,1047.55
2023-06-10T10:30:00Z,86.07,1337.3
2023-06-10T11:00:00Z,83.5,1368.2
2023-06-10T11:30:00Z,70.75,1408.75
2023-06-10T12:00:00Z,42.98,1845.85
2023-06-10T12:30:00Z,33.16,1735.65
2023-06-10T13:00:00Z,24.64,1688.5
2023-06-10T13:30:00Z,20.079999999999995,1749.55
2023-06-10T14:00:00Z,10.35,1419.8
2023-06-10T14:30:00Z,8.05,1297.85
2023-06-10T15:00:00Z,32.87,1395.0
2023-06-10T15:30:00Z,49.42,1477.75
2023-06-10T16:00:00Z,87.07,1293.95
2023-06-10T16:30:00Z,80.8,1747.1
2023-06-10T17:00:00Z,93.2,1267.9
2023-06-10T17:30:00Z,102.94,1513.95
2023-06-10T18:00:00Z,107.78,1345.9
2023-06-10T18:30:00Z,108.77000000000001,1486.55
2023-06-10T19:00:00Z,106.54,1607.7
2023-06-10T19:30:00Z,109.02,1668.25
2023-06-10T20:00:00Z,115.92,1978.25
2023-06-10T20:30:00Z,117.11000000000001,2336.65
2023-06-10T21:00:00Z,115.96,2808.45
2023-06-10T21:30:00Z,116.05000000000001,2311.5
2023-06-10T22:00:00Z,114.16,1408.65
2023-06-10T22:30:00Z,113.59,1204.3
2023-06-10T23:00:00Z,98.27,1612.55
2023-06-10T23:30:00Z,89.02,1509.25
2023-06-11T00:00:00Z,93.95999999999998,1406.6
2023-06-11T00:30:00Z,98.93,1238.75
2023-06-11T01:00:00Z,93.75,1323.6
2023-06-11T01:30:00Z,95.5,1279.35
2023-06-11T02:00:00Z,110.55,988.1
2023-06-11T02:30:00Z,112.29,1079.3
2023-06-11T03:00:00Z,111.03999999999999,862.45
2023-06-11T03:30:00Z,108.76,1094.0
2023-06-11T04:00:00Z,112.08,892.25
2023-06-11T04:30:00Z,112.76,838.9
2023-06-11T05:00:00Z,120.54,978.3
2023-06-11T05:30:00Z,119.57,1159.2
2023-06-11T06:00:00Z,120.18,1076.55
2023-06-11T06:30:00Z,112.92,1120.7
2023-06-11T07:00:00Z,108.97,1140.6
2023-06-11T07:30:00Z,99.83000000000001,1475.65
2023-06-11T08:00:00Z,115.1,1137.65
2023-06-11T08:30:00Z,114.56,1263.55
2023-06-11T09:00:00Z,115.78000000000002,1449.2
2023-06-11T09:30:00Z,117.30000000000001,1416.15
2023-06-11T10:00:00Z,119.94,1195.4
2023-06-11T10:30:00Z,119.77,1351.75
2023-06-11T11:00:00Z,121.16,1380.65
2023-06-11T11:30:00Z,119.72,1217.9
2023-06-11T12:00:00Z,118.25,1293.5
2023-06-11T12:30:00Z,108.1,1532.7
2023-06-11T13:00:00Z,100.65,1419.05
2023-06-11T13:30:00Z,95.98,1670.6
2023-06-11T14:00:00Z,86.64,1500.0
2023-06-11T14:30:00Z,93.09,1591.6
2023-06-11T15:00:00Z,104.63000000000001,1276.15
2023-06-11T15:30:00Z,105.82999999999998,1296.1
2023-06-11T16:00:00Z,118.3,1501.05
2023-06-11T16:30:00Z,116.85000000000001,1565.35
2023-06-11T17:00:00Z,123.32000000000001,1642.0
2023-06-11T17:30:00Z,125.69,1794.1
2023-06-11T18:00:00Z,128.97,1563.35
2023-06-11T18:30:00Z,131.34,1677.45
2023-06-11T19:00:00Z,132.06,1614.75
2023-06-11T19:30:00Z,133.71,1630.7
2023-06-11T20:00:00Z,134.35,1735.95
2023-06-11T20:30:00Z,136.29,1849.1
2023-06-11T21:00:00Z,135.58,1939.55
2023-06-11T21:30:00Z,128.11,2110.7
2023-06-11T22:00:00Z,104.31,1344.25
2023-06-11T22:30:00Z,104.85,1209.75
2023-06-11T23:00:00Z,106.99,1251.55
2023-06-11T23:30:00Z,107.54,1270.7
2023-06-12T00:00:00Z,100.66,1465.75
2023-06-12T00:30:00Z,94.47,1500.85
2023-06-12T01:00:00Z,90.49000000000001,1559.6
2023-06-12T01:30:00Z,87.11,1729.85
2023-06-12T02:00:00Z,97.89,1435.55
2023-06-12T02:30:00Z,92.88,1661.55
2023-06-12T03:00:00Z,102.88,1794.45
2023-06-12T03:30:00Z,96.35,1909.15
2023-06-12T04:00:00Z,123.97,1429.95
2023-06-12T04:30:00Z,122.9,1630.0
2023-06-12T05:00:00Z,129.13,1869.7
2023-06-12T05:30:00Z,130.18,1999.9
2023-06-12T06:00:00Z,119.05,1349.75
2023-06-12T06:30:00Z,135.32,1625.75
2023-06-12T07:00:00Z,137.9,1797.8
2023-06-12T07:30:00Z,141.63,1899.6
2023-06-12T08:00:00Z,143.33,2663.3
2023-06-12T08:30:00Z,137.6,2589.6
2023-06-12T09:00:00Z,134.27,2846.25
2023-06-12T09:30:00Z,126.45,3258.05
2023-06-12T10:00:00Z,126.31,3099.25
2023-06-12T10:30:00Z,127.56,2976.2
2023-06-12T11:00:00Z,129.78,3046.0
2023-06-12T11:30:00Z,128.47,2876.3
2023-06-12T12:00:00Z,131.96,2895.55
2023-06-12T12:30:00Z,135.69,3014.1
2023-06-12T13:00:00Z,130.9,3380.25
2023-06-12T13:30:00Z,122.8,3442.6
2023-06-12T14:00:00Z,122.63,3003.65
2023-06-12T14:30:00Z,119.29,2591.4
2023-06-12T15:00:00Z,123.41,2209.8
2023-06-12T15:30:00Z,131.55,2764.15
2023-06-12T16:00:00Z,143.27,3018.85
2023-06-12T16:30:00Z,141.37,2976.15
2023-06-12T17:00:00Z,143.14,2916.65
2023-06-12T17:30:00Z,148.7,2914.65
2023-06-12T18:00:00Z,154.87,3296.75
2023-06-12T18:30:00Z,145.17,3661.05
2023-06-12T19:00:00Z,141.14,3526.8
2023-06-12T19:30:00Z,138.81,3742.5
2023-06-12T20:00:00Z,134.55,2955.9
2023-06-12T20:30:00Z,117.20999999999998,2986.8
2023-06-12T21:00:00Z,113.86,2829.65
2023-06-12T21:30:00Z,102.71,2868.05
2023-06-12T22:00:00Z,126.70000000000002,1181.55
2023-06-12T22:30:00Z,94.85,1193.9
2023-06-12T23:00:00Z,112.01000000000002,1326.75
2023-06-12T23:30:00Z,101.75,1483.25
2023-06-13T00:00:00Z,97.49,2078.3
2023-06-13T00:30:00Z,87.7,1920.25
2023-06-13T01:00:00Z,86.12,1659.65
2023-06-13T01:30:00Z,80.01,1722.5
2023-06-13T02:00:00Z,87.25000000000001,1523.35
2023-06-13T02:30:00Z,87.7,1522.25
2023-06-13T03:00:00Z,85.27,1635.45
2023-06-13T03:30:00Z,88.12,1795.05
2023-06-13T04:00:00Z,97.66,1212.8
2023-06-13T04:30:00Z,114.1,1566.4
2023-06-13T05:00:00Z,115.5,1773.45
2023-06-13T05:30:00Z,130.31,2018.7
2023-06-13T06:00:00Z,115.44,1854.9
2023-06-13T06:30:00Z,129.34,1920.75
2023-06-13T07:00:00Z,114.55,1997.55
2023-06-13T07:30:00Z,110.85,2403.5
2023-06-13T08:00:00Z,104.25,1861.65
2023-06-13T08:30:00Z,93.21,1892.45
2023-06-13T09:00:00Z,85.66,2030.6
2023-06-13T09:30:00Z,74.27,2072.75
2023-06-13T10:00:00Z,71.89,1952.95
2023-06-13T10:30:00Z,76.95,2157.25
2023-06-13T11:00:00Z,71.86,2155.35
2023-06-13T11:30:00Z,68.82,1981.5
2023-06-13T12:00:00Z,67.08,2021.0
2023-06-13T12:30:00Z,63.58,1932.85
2023-06-13T13:00:00Z,65.18,2674.85
2023-06-13T13:30:00Z,64.41,2584.3
2023-06-13T14:00:00Z,73.58,1981.8
2023-06-13T14:30:00Z,74.65,1825.9
2023-06-13T15:00:00Z,80.62,1930.4
2023-06-13T15:30:00Z,88.89,2014.55
2023-06-13T16:00:00Z,103.05,1929.4
2023-06-13T16:30:00Z,108.07,2179.0
2023-06-13T17:00:00Z,111.27,2024.25
2023-06-13T17:30:00Z,115.59,2224.35
2023-06-13T18:00:00Z,118.44,2111.7
2023-06-13T18:30:00Z,115.13,1731.1
2023-06-13T19:00:00Z,113.75,1617.65
2023-06-13T19:30:00Z,110.53,1565.7
2023-06-13T20:00:00Z,111.85,1674.3
2023-06-13T20:30:00Z,111.79631578947368,2014.0
2023-06-13T21:00:00Z,110.31,2181.5
2023-06-13T21:30:00Z,95.02,1983.3
2023-06-13T22:00:00Z,79.9,837.3
2023-06-13T22:30:00Z,74.15,1051.0
2023-06-13T23:00:00Z,73.46,963.55
2023-06-13T23:30:00Z,69.5,925.05
2023-06-14T00:00:00Z,72.29,1418.75
2023-06-14T00:30:00Z,75.89,1399.75
2023-06-14T01:00:00Z,68.4,1086.8
2023-06-14T01:30:00Z,69.17,1685.35
2023-06-14T02:00:00Z,73.82,1278.1
2023-06-14T02:30:00Z,77.37,1473.0
2023-06-14T03:00:00Z,73.95,1363.5
2023-06-14T03:30:00Z,70.63,1395.6
2023-06-14T04:00:00Z,64.91,1019.35
2023-06-14T04:30:00Z,62.37,1331.8
2023-06-14T05:00:00Z,79.19,1091.25
2023-06-14T05:30:00Z,108.5,1413.7
2023-06-14T06:00:00Z,81.67,1189.85
2023-06-14T06:30:00Z,111.61,1617.1
2023-06-14T07:00:00Z,99.72,1943.1
2023-06-14T07:30:00Z,90.26,1946.45
2023-06-14T08:00:00Z,85.76,1951.25
2023-06-14T08:30:00Z,78.11,1928.55
2023-06-14T09:00:00Z,76.44,1963.55
2023-06-14T09:30:00Z,76.74,2264.05
2023-06-14T10:00:00Z,68.65,1798.15
2023-06-14T10:30:00Z,66.66,1782.1
2023-06-14T11:00:00Z,67.34,1839.85
2023-06-14T11:30:00Z,59.01,2433.5
2023-06-14T12:00:00Z,75.8,2974.1
2023-06-14T12:30:00Z,79.17,2866.55
2023-06-14T13:00:00Z,80.69,3103.6
2023-06-14T13:30:00Z,79.5,3602.95
2023-06-14T14:00:00Z,90.61,2692.4
2023-06-14T14:30:00Z,89.62,2493.9
2023-06-14T15:00:00Z,85.45,2436.05
2023-06-14T15:30:00Z,95.7,2353.35
2023-06-14T16:00:00Z,96.31,2018.7
2023-06-14T16:30:00Z,94.62,1852.1
2023-06-14T17:00:00Z,107.46,1758.1
2023-06-14T17:30:00Z,110.73,1885.85
2023-06-14T18:00:00Z,124.41,1492.0
2023-06-14T18:30:00Z,122.94,1623.65
2023-06-14T19:00:00Z,117.69999999999999,1577.95
2023-06-14T19:30:00Z,113.78,1581.05
2023-06-14T20:00:00Z,117.24,1494.7
2023-06-14T20:30:00Z,105.99,1469.65
2023-06-14T21:00:00Z,109.6,1624.45
2023-06-14T21:30:00Z,98.7,1856.05
2023-06-14T22:00:00Z,117.59,858.75
2023-06-14T22:30:00Z,87.09,794.7
2023-06-14T23:00:00Z,92.32999999999998,744.4
2023-06-14T23:30:00Z,88.31,837.45
2023-06-15T00:00:00Z,90.25,725.05
2023-06-15T00:30:00Z,91.33,656.1
2023-06-15T01:00:00Z,90.44,562.05
2023-06-15T01:30:00Z,87.03,603.95
2023-06-15T02:00:00Z,87.44,462.2
2023-06-15T02:30:00Z,83.85,585.8
2023-06-15T03:00:00Z,86.65,476.15
2023-06-15T03:30:00Z,86.03,522.3
2023-06-15T04:00:00Z,96.57,520.3
2023-06-15T04:30:00Z,108.11,595.6
2023-06-15T05:00:00Z,101.71,627.1
2023-06-15T05:30:00Z,126.08,888.45
2023-06-15T06:00:00Z,97.74,872.8
2023-06-15T06:30:00Z,118.2,1090.15
2023-06-15T07:00:00Z,96.99,963.95
2023-06-15T07:30:00Z,98.26,1136.7
2023-06-15T08:00:00Z,85.53,990.75
2023-06-15T08:30:00Z,80.58,922.5
2023-06-15T09:00:00Z,83.5,1329.6
2023-06-15T09:30:00Z,81.18,1268.15
2023-06-15T10:00:00Z,76.99,1613.85
2023-06-15T10:30:00Z,77.47,1868.5
2023-06-15T11:00:00Z,84.48999999999998,1818.35
2023-06-15T11:30:00Z,82.65,1941.85
2023-06-15T12:00:00Z,80.98,1904.3
2023-06-15T12:30:00Z,82.01,2230.25
2023-06-15T13:00:00Z,91.11,2557.95
2023-06-15T13:30:00Z,85.8,2216.2
2023-06-15T14:00:00Z,81.2,1277.5
2023-06-15T14:30:00Z,86.96,1392.45
2023-06-15T15:00:00Z,91.91,1605.7
2023-06-15T15:30:00Z,105.79,1600.0
2023-06-15T16:00:00Z,97.49,1597.8
2023-06-15T16:30:00Z,106.25,1505.2
2023-06-15T17:00:00Z,129.51,1603.2
2023-06-15T17:30:00Z,131.2,1638.4
2023-06-15T18:00:00Z,135.85,1938.0
2023-06-15T18:30:00Z,140.43,1965.7
2023-06-15T19:00:00Z,144.53,2000.2
2023-06-15T19:30:00Z,143.65,1852.4
2023-06-15T20:00:00Z,142.15,1692.35
2023-06-15T20:30:00Z,136.21,1683.5
2023-06-15T21:00:00Z,123.63,1764.4
2023-06-15T21:30:00Z,114.12,1580.65
2023-06-15T22:00:00Z,134.61,855.4
2023-06-15T22:30:00Z,105.61,952.6
2023-06-15T23:00:00Z,113.49,1201.15
2023-06-15T23:30:00Z,91.73,974.35
2023-06-16T00:00:00Z,116.52,809.9
2023-06-16T00:30:00Z,113.53000000000002,831.5
2023-06-16T01:00:00Z,103.19,947.9
2023-06-16T01:30:00Z,96.12,966.3
2023-06-16T02:00:00Z,102.72,911.4
2023-06-16T02:30:00Z,96.63,1206.15
2023-06-16T03:00:00Z,98.03,795.0
2023-06-16T03:30:00Z,99.45,816.1
2023-06-16T04:00:00Z,107.01,621.35
2023-06-16T04:30:00Z,120.56999999999998,414.4
2023-06-16T05:00:00Z,116.77000000000001,922.95
2023-06-16T05:30:00Z,139.67,1305.3
2023-06-16T06:00:00Z,109.48,1024.1
2023-06-16T06:30:00Z,118.22,1440.6
2023-06-16T07:00:00Z,101.29,919.85
2023-06-16T07:30:00Z,105.42000000000002,853.1
2023-06-16T08:00:00Z,108.58,938.4
2023-06-16T08:30:00Z,94.05,1186.15
2023-06-16T09:00:00Z,89.43,1101.05
2023-06-16T09:30:00Z,69.36,1636.35
2023-06-16T10:00:00Z,75.28,1389.2
2023-06-16T10:30:00Z,78.09,1429.2
2023-06-16T11:00:00Z,81.19,1185.2
2023-06-16T11:30:00Z,74.93,1650.9
2023-06-16T12:00:00Z,85.29999999999998,1787.15
2023-06-16T12:30:00Z,82.11,1660.45
2023-06-16T13:00:00Z,82.3,1657.1
2023-06-16T13:30:00Z,82.41,1545.1
2023-06-16T14:00:00Z,83.77,1378.8
2023-06-16T14:30:00Z,81.39,1504.25
2023-06-16T15:00:00Z,83.07,1258.3
2023-06-16T15:30:00Z,92.74999999999999,1469.8
2023-06-16T16:00:00Z,99.85,1484.3
2023-06-16T16:30:00Z,108.84,1384.05
2023-06-16T17:00:00Z,103.04,1787.7
2023-06-16T17:30:00Z,104.04,1906.5
2023-06-16T18:00:00Z,109.09,1981.2
2023-06-16T18:30:00Z,109.18,1884.0
2023-06-16T19:00:00Z,120.33,1937.55
2023-06-16T19:30:00Z,115.47,2066.5
2023-06-16T20:00:00Z,115.63,1197.7
2023-06-16T20:30:00Z,115.63999999999999,1194.4
2023-06-16T21:00:00Z,111.87,999.25
2023-06-16T21:30:00Z,97.27,1048.0
2023-06-16T22:00:00Z,104.16,1043.05
2023-06-16T22:30:00Z,90.52,793.1
2023-06-16T23:00:00Z,107.73,796.6
2023-06-16T23:30:00Z,100.9,1020.15
2023-06-17T00:00:00Z,104.64,1192.6
2023-06-17T00:30:00Z,104.63,1183.1
2023-06-17T01:00:00Z,104.88000000000001,1322.45
2023-06-17T01:30:00Z,92.57,1160.3
2023-06-17T02:00:00Z,81.66,667.0
2023-06-17T02:30:00Z,85.69,677.1
2023-06-17T03:00:00Z,101.01,902.7
2023-06-17T03:30:00Z,89.86,642.9
2023-06-17T04:00:00Z,87.28,629.55
2023-06-17T04:30:00Z,93.35,538.8
2023-06-17T05:00:00Z,81.78,608.5
2023-06-17T05:30:00Z,94.02,1080.4
2023-06-17T06:00:00Z,73.49,918.95
2023-06-17T06:30:00Z,90.14,725.9
2023-06-17T07:00:00Z,75.97,824.4
2023-06-17T07:30:00Z,88.37,1022.25
2023-06-17T08:00:00Z,79.61,1007.55
2023-06-17T08:30:00Z,94.02,1021.95
2023-06-17T09:00:00Z,79.87,1021.65
2023-06-17T09:30:00Z,77.66,1020.9
2023-06-17T10:00:00Z,81.91,1158.95
2023-06-17T10:30:00Z,79.59,1355.45
2023-06-17T11:00:00Z,76.72,1210.9
2023-06-17T11:30:00Z,73.09,1292.05
2023-06-17T12:00:00Z,79.15,1294.3
2023-06-17T12:30:00Z,85.01,1343.55
2023-06-17T13:00:00Z,82.88,1368.55
2023-06-17T13:30:00Z,74.05,1435.15
2023-06-17T14:00:00Z,70.57,1235.3
2023-06-17T14:30:00Z,70.08,1145.15
2023-06-17T15:00:00Z,77.87,1158.95
2023-06-17T15:30:00Z,90.53,1479.15
2023-06-17T16:00:00Z,92.98,1339.1
2023-06-17T16:30:00Z,96.09999999999998,1373.45
2023-06-17T17:00:00Z,102.91,1363.35
2023-06-17T17:30:00Z,104.34,1527.85
2023-06-17T18:00:00Z,116.45,1374.8
2023-06-17T18:30:00Z,116.42,1447.85
2023-06-17T19:00:00Z,118.77,1331.95
2023-06-17T19:30:00Z,118.29999999999998,1455.15
2023-06-17T20:00:00Z,120.46,1399.55
2023-06-17T20:30:00Z,122.79,1170.05
2023-06-17T21:00:00Z,118.18000000000002,1342.35
2023-06-17T21:30:00Z,106.22,1580.7
2023-06-17T22:00:00Z,110.48,775.6
2023-06-17T22:30:00Z,85.02,628.85
2023-06-17T23:00:00Z,82.97,488.25
2023-06-17T23:30:00Z,82.66,744.6
2023-06-18T00:00:00Z,79.36,754.05
2023-06-18T00:30:00Z,86.38999999999999,863.2
2023-06-18T01:00:00Z,79.17000000000002,853.2
2023-06-18T01:30:00Z,78.19,795.6
2023-06-18T02:00:00Z,76.02,854.15
2023-06-18T02:30:00Z,75.79,765.85
2023-06-18T03:00:00Z,83.03000000000002,854.1
2023-06-18T03:30:00Z,78.08,1063.6
2023-06-18T04:00:00Z,75.77,950.0
2023-06-18T04:30:00Z,73.26,936.8
2023-06-18T05:00:00Z,72.74,1165.65
2023-06-18T05:30:00Z,79.98,1221.4
2023-06-18T06:00:00Z,75.32,1031.7
2023-06-18T06:30:00Z,85.01,947.3
2023-06-18T07:00:00Z,65.33,1019.15
2023-06-18T07:30:00Z,57.91,1107.3
2023-06-18T08:00:00Z,63.91,1309.45
2023-06-18T08:30:00Z,68.71,1428.65
2023-06-18T09:00:00Z,67.31,1489.1
2023-06-18T09:30:00Z,66.78,1601.0
2023-06-18T10:00:00Z,63.44,1315.55
2023-06-18T10:30:00Z,65.01,1314.0
2023-06-18T11:00:00Z,62.96,1730.65
2023-06-18T11:30:00Z,63.39000000000001,1734.1
2023-06-18T12:00:00Z,80.67,1882.45
2023-06-18T12:30:00Z,82.68,1994.6
2023-06-18T13:00:00Z,68.3,2068.05
2023-06-18T13:30:00Z,73.39,2012.2
2023-06-18T14:00:00Z,84.67,1884.55
2023-06-18T14:30:00Z,79.94,2010.4
2023-06-18T15:00:00Z,81.66,1950.35
2023-06-18T15:30:00Z,80.1,2023.05
2023-06-18T16:00:00Z,94.89,2239.75
2023-06-18T16:30:00Z,90.69,2414.3
2023-06-18T17:00:00Z,98.05,2206.95
2023-06-18T17:30:00Z,95.51,2624.25
2023-06-18T18:00:00Z,103.25999999999999,1361.55
2023-06-18T18:30:00Z,98.33000000000001,1496.25
2023-06-18T19:00:00Z,105.37,1647.75
2023-06-18T19:30:00Z,106.96,1902.5
2023-06-18T20:00:00Z,103.70000000000002,1730.25
2023-06-18T20:30:00Z,102.71,1851.0
2023-06-18T21:00:00Z,100.43,1694.5
2023-06-18T21:30:00Z,100.42,1891.4
2023-06-18T22:00:00Z,112.81,1711.7
2023-06-18T22:30:00Z,109.62,1177.75
2023-06-18T23:00:00Z,111.0,1784.55
2023-06-18T23:30:00Z,109.53,1892.8
2023-06-19T00:00:00Z,97.71,2320.65
2023-06-19T00:30:00Z,91.4,2416.2
2023-06-19T01:00:00Z,97.65,2400.1
2023-06-19T01:30:00Z,90.52,2680.85
2023-06-19T02:00:00Z,86.23,2173.8
2023-06-19T02:30:00Z,82.36,2270.5
2023-06-19T03:00:00Z,90.33,2058.25
2023-06-19T03:30:00Z,82.66,2074.2
2023-06-19T04:00:00Z,91.41,1843.65
2023-06-19T04:30:00Z,90.16,1654.25
2023-06-19T05:00:00Z,85.89,2047.7
2023-06-19T05:30:00Z,87.22000000000001,1687.4
2023-06-19T06:00:00Z,88.47,1558.5
2023-06-19T06:30:00Z,105.5,1707.9
2023-06-19T07:00:00Z,83.15,1616.1
2023-06-19T07:30:00Z,81.88,1494.4
2023-06-19T08:00:00Z,79.04,1958.2
2023-06-19T08:30:00Z,86.02,2097.4
2023-06-19T09:00:00Z,88.22,1738.55
2023-06-19T09:30:00Z,85.78,1819.2
2023-06-19T10:00:00Z,79.82,1502.6
2023-06-19T10:30:00Z,87.75,2075.15
2023-06-19T11:00:00Z,78.16,1638.55
2023-06-19T11:30:00Z,74.26,1436.6
2023-06-19T12:00:00Z,72.94,1764.95
2023-06-19T12:30:00Z,72.56,1734.4
2023-06-19T13:00:00Z,73.31,1614.5
2023-06-19T13:30:00Z,71.08,1662.4
2023-06-19T14:00:00Z,68.71,1205.5
2023-06-19T14:30:00Z,68.27,1413.3
2023-06-19T15:00:00Z,78.18,1379.75
2023-06-19T15:30:00Z,79.06,1529.0
2023-06-19T16:00:00Z,89.94,1453.25
2023-06-19T16:30:00Z,92.23,1734.85
2023-06-19T17:00:00Z,108.72,1847.95
2023-06-19T17:30:00Z,110.47,1549.3
2023-06-19T18:00:00Z,124.41,1401.45
2023-06-19T18:30:00Z,125.32,1402.55
2023-06-19T19:00:00Z,114.9,1457.75
2023-06-19T19:30:00Z,116.91999999999999,1331.35
2023-06-19T20:00:00Z,125.25,1241.5
2023-06-19T20:30:00Z,117.63,1317.55
2023-06-19T21:00:00Z,103.58,1224.6
2023-06-19T21:30:00Z,95.9,1238.2
2023-06-19T22:00:00Z,85.37,1015.3
2023-06-19T22:30:00Z,75.79,1030.95
2023-06-19T23:00:00Z,72.92,997.05
2023-06-19T23:30:00Z,72.27,1205.45
2023-06-20T00:00:00Z,73.31,1410.2
2023-06-20T00:30:00Z,80.16,1493.1
2023-06-20T01:00:00Z,85.34,1653.75
2023-06-20T01:30:00Z,84.14,1522.5
2023-06-20T02:00:00Z,69.96,1488.85
2023-06-20T02:30:00Z,70.99,1417.75
2023-06-20T03:00:00Z,70.6,1439.8
2023-06-20T03:30:00Z,66.94,1494.3
2023-06-20T04:00:00Z,69.82,1111.0
2023-06-20T04:30:00Z,73.99,982.7
2023-06-20T05:00:00Z,71.02,1279.0
2023-06-20T05:30:00Z,96.13,1525.7
2023-06-20T06:00:00Z,83.67,1399.0
2023-06-20T06:30:00Z,107.69,1721.65
2023-06-20T07:00:00Z,108.96,1767.05
2023-06-20T07:30:00Z,105.17,1675.95
2023-06-20T08:00:00Z,83.5,1483.5
2023-06-20T08:30:00Z,82.9,1499.15
2023-06-20T09:00:00Z,86.2,2176.35
2023-06-20T09:30:00Z,80.87,1683.95
2023-06-20T10:00:00Z,80.96,2041.0
2023-06-20T10:30:00Z,85.23,2401.55
2023-06-20T11:00:00Z,89.49,2429.1
2023-06-20T11:30:00Z,82.74,2543.4
2023-06-20T12:00:00Z,84.71,2583.1
2023-06-20T12:30:00Z,84.39,2679.75
2023-06-20T13:00:00Z,83.76,2781.3
2023-06-20T13:30:00Z,81.33,2897.35
2023-06-20T14:00:00Z,89.34,1966.4
2023-06-20T14:30:00Z,91.73,2117.55
2023-06-20T15:00:00Z,92.59,1724.05
2023-06-20T15:30:00Z,94.88,1830.25
2023-06-20T16:00:00Z,98.77,2059.55
2023-06-20T16:30:00Z,98.49,2174.6
2023-06-20T17:00:00Z,109.34,3067.8
2023-06-20T17:30:00Z,117.87,2922.6
2023-06-20T18:00:00Z,124.78,2370.9
2023-06-20T18:30:00Z,127.37,2498.9
2023-06-20T19:00:00Z,117.18,2431.75
2023-06-20T19:30:00Z,117.82,2410.05
2023-06-20T20:00:00Z,112.57,2029.2
2023-06-20T20:30:00Z,113.95,1941.15
2023-06-20T21:00:00Z,113.16,1693.5
2023-06-20T21:30:00Z,106.05,2087.35
2023-06-20T22:00:00Z,119.53,1167.7
2023-06-20T22:30:00Z,90.61,1045.9
2023-06-20T23:00:00Z,109.72,919.05
2023-06-20T23:30:00Z,97.55,942.35
2023-06-21T00:00:00Z,91.56,1158.15
2023-06-21T00:30:00Z,86.87,950.45
2023-06-21T01:00:00Z,85.89,1078.35
2023-06-21T01:30:00Z,83.08,1053.95
2023-06-21T02:00:00Z,78.57,745.1
2023-06-21T02:30:00Z,80.05,682.2
2023-06-21T03:00:00Z,82.13,891.7
2023-06-21T03:30:00Z,80.57,804.65
2023-06-21T04:00:00Z,84.83,837.5
2023-06-21T04:30:00Z,91.8,693.85
2023-06-21T05:00:00Z,81.52,1106.75
2023-06-21T05:30:00Z,109.81,1056.4
2023-06-21T06:00:00Z,85.26,1314.35
2023-06-21T06:30:00Z,109.99999999999999,1367.65
2023-06-21T07:00:00Z,94.41000000000001,1389.5
2023-06-21T07:30:00Z,86.66,1433.1
2023-06-21T08:00:00Z,84.74,1244.55
2023-06-21T08:30:00Z,75.45,1639.9
2023-06-21T09:00:00Z,78.48,1556.3
2023-06-21T09:30:00Z,74.41,2112.75
2023-06-21T10:00:00Z,79.72,2715.9
2023-06-21T10:30:00Z,76.79,2221.85
2023-06-21T11:00:00Z,74.63,2641.35
2023-06-21T11:30:00Z,71.89,2741.05
2023-06-21T12:00:00Z,75.23,2207.9
2023-06-21T12:30:00Z,72.51,2388.35
2023-06-21T13:00:00Z,78.67,2549.9
2023-06-21T13:30:00Z,76.66,2347.5
2023-06-21T14:00:00Z,79.05,2047.6
2023-06-21T14:30:00Z,83.88,2233.0
2023-06-21T15:00:00Z,83.79,2019.8
2023-06-21T15:30:00Z,93.84,1734.65
2023-06-21T16:00:00Z,95.38,1797.3
2023-06-21T16:30:00Z,106.91,1805.15
2023-06-21T17:00:00Z,119.47,1653.45
2023-06-21T17:30:00Z,119.88,2247.35
2023-06-21T18:00:00Z,124.11,1880.7
2023-06-21T18:30:00Z,131.43,1881.45
2023-06-21T19:00:00Z,125.93,1840.6
2023-06-21T19:30:00Z,128.1,1781.1
2023-06-21T20:00:00Z,131.28,1367.75
2023-06-21T20:30:00Z,131.81,1353.5
2023-06-21T21:00:00Z,127.15,1411.2
2023-06-21T21:30:00Z,110.64,1544.65
2023-06-21T22:00:00Z,116.71,899.35
2023-06-21T22:30:00Z,102.45,664.35
2023-06-21T23:00:00Z,120.74,625.3
2023-06-21T23:30:00Z,105.54,756.55
2023-06-22T00:00:00Z,98.98,645.65
2023-06-22T00:30:00Z,95.15,810.55
2023-06-22T01:00:00Z,104.83,813.25
2023-06-22T01:30:00Z,98.65999999999998,815.9
2023-06-22T02:00:00Z,102.53,629.4
2023-06-22T02:30:00Z,100.13,521.9
2023-06-22T03:00:00Z,95.85000000000001,701.7
2023-06-22T03:30:00Z,94.76,683.7
2023-06-22T04:00:00Z,91.72,582.15
2023-06-22T04:30:00Z,98.23,768.65
2023-06-22T05:00:00Z,100.16,876.9
2023-06-22T05:30:00Z,133.03,645.6
2023-06-22T06:00:00Z,110.26,934.5
2023-06-22T06:30:00Z,124.27,877.6
2023-06-22T07:00:00Z,115.9,963.65
2023-06-22T07:30:00Z,113.28,1104.35
2023-06-22T08:00:00Z,99.8,873.15
2023-06-22T08:30:00Z,91.32,873.3
2023-06-22T09:00:00Z,87.56,864.95
2023-06-22T09:30:00Z,85.0,952.2
2023-06-22T10:00:00Z,95.95000000000002,1646.5
2023-06-22T10:30:00Z,98.11,1694.35
2023-06-22T11:00:00Z,95.34,1461.3
2023-06-22T11:30:00Z,95.56000000000002,1588.2
2023-06-22T12:00:00Z,94.79000000000002,1467.85
2023-06-22T12:30:00Z,90.46,1441.3
2023-06-22T13:00:00Z,92.97,1803.9
2023-06-22T13:30:00Z,92.49000000000001,1474.5
2023-06-22T14:00:00Z,90.16,1308.8
2023-06-22T14:30:00Z,95.12,1493.75
2023-06-22T15:00:00Z,91.08,1166.0
2023-06-22T15:30:00Z,100.95,1457.05
2023-06-22T16:00:00Z,98.17,1056.5
2023-06-22T16:30:00Z,106.34,1396.15
2023-06-22T17:00:00Z,100.88000000000001,1388.5
2023-06-22T17:30:00Z,101.28,1373.0
2023-06-22T18:00:00Z,100.82000000000001,1314.75
2023-06-22T18:30:00Z,98.53,1706.0
2023-06-22T19:00:00Z,100.26999999999998,1892.1
2023-06-22T19:30:00Z,103.71,1708.65
2023-06-22T20:00:00Z,100.25,1282.35
2023-06-22T20:30:00Z,94.51,1256.95
2023-06-22T21:00:00Z,100.64,1104.45
2023-06-22T21:30:00Z,91.65,1122.7
2023-06-22T22:00:00Z,84.2,774.65
2023-06-22T22:30:00Z,81.3,707.4
2023-06-22T23:00:00Z,88.3,914.2
2023-06-22T23:30:00Z,85.5,854.95
2023-06-23T00:00:00Z,79.09,613.1
2023-06-23T00:30:00Z,77.4,645.8
2023-06-23T01:00:00Z,86.26,955.4
2023-06-23T01:30:00Z,87.18,1096.75
2023-06-23T02:00:00Z,88.59,1051.4
2023-06-23T02:30:00Z,80.94000000000001,835.55
2023-06-23T03:00:00Z,88.3,991.75
2023-06-23T03:30:00Z,83.2,1243.2
2023-06-23T04:00:00Z,91.45,977.05
2023-06-23T04:30:00Z,96.99,735.1
2023-06-23T05:00:00Z,101.32,993.8
2023-06-23T05:30:00Z,122.14,967.6
2023-06-23T06:00:00Z,96.48,1023.0
2023-06-23T06:30:00Z,110.36,1078.4
2023-06-23T07:00:00Z,108.16,954.55
2023-06-23T07:30:00Z,113.86,1215.9
2023-06-23T08:00:00Z,106.76,1025.55
2023-06-23T08:30:00Z,102.39,1219.25
2023-06-23T09:00:00Z,95.83,1449.3
2023-06-23T09:30:00Z,88.28,1428.15
2023-06-23T10:00:00Z,104.53,1381.85
2023-06-23T10:30:00Z,84.67,1774.05
2023-06-23T11:00:00Z,66.12,1506.25
2023-06-23T11:30:00Z,64.08,1539.6
2023-06-23T12:00:00Z,73.66,1877.05
2023-06-23T12:30:00Z,66.72,1914.85
2023-06-23T13:00:00Z,72.22,1868.5
2023-06-23T13:30:00Z,69.63,1836.25
2023-06-23T14:00:00Z,79.47,1636.55
2023-06-23T14:30:00Z,86.47,1694.5
2023-06-23T15:00:00Z,79.13,1492.35
2023-06-23T15:30:00Z,87.81000000000002,1741.1
2023-06-23T16:00:00Z,94.14,2121.45
2023-06-23T16:30:00Z,92.7,1667.9
2023-06-23T17:00:00Z,96.77,1945.6
2023-06-23T17:30:00Z,94.56000000000002,1608.2
2023-06-23T18:00:00Z,96.52,1632.1
2023-06-23T18:30:00Z,93.96,1565.45
2023-06-23T19:00:00Z,104.42,1708.3
2023-06-23T19:30:00Z,100.04,1669.65
2023-06-23T20:00:00Z,96.48999999999998,1362.9
2023-06-23T20:30:00Z,91.52,1352.0
2023-06-23T21:00:00Z,93.72,1129.5
2023-06-23T21:30:00Z,88.23,1167.7
2023-06-23T22:00:00Z,88.88000000000001,1626.0
2023-06-23T22:30:00Z,90.35,1444.9
2023-06-23T23:00:00Z,83.91,1208.25
2023-06-23T23:30:00Z,95.1,1370.45
2023-06-24T00:00:00Z,94.94,1278.65
2023-06-24T00:30:00Z,100.3,1265.25
2023-06-24T01:00:00Z,96.92,1213.15
2023-06-24T01:30:00Z,95.08000000000001,1546.6
2023-06-24T02:00:00Z,87.67000000000002,1589.95
2023-06-24T02:30:00Z,85.12,1555.75
2023-06-24T03:00:00Z,85.54,1506.95
2023-06-24T03:30:00Z,85.96,1432.4
2023-06-24T04:00:00Z,85.27,1345.8
2023-06-24T04:30:00Z,86.86,1499.05
2023-06-24T05:00:00Z,84.79,1571.3
2023-06-24T05:30:00Z,89.79,1718.4
2023-06-24T06:00:00Z,83.6,1396.85
2023-06-24T06:30:00Z,95.68,1239.45
2023-06-24T07:00:00Z,83.04,1505.45
2023-06-24T07:30:00Z,98.26,1433.6
2023-06-24T08:00:00Z,97.68,1388.35
2023-06-24T08:30:00Z,97.21,1174.15
2023-06-24T09:00:00Z,100.68,1495.95
2023-06-24T09:30:00Z,93.09999999999998,1600.65
2023-06-24T10:00:00Z,64.62,2172.7
2023-06-24T10:30:00Z,70.62,2414.35
2023-06-24T11:00:00Z,77.45,2315.2
2023-06-24T11:30:00Z,73.81,2316.75
2023-06-24T12:00:00Z,57.66,2044.1
2023-06-24T12:30:00Z,58.23,2019.9
2023-06-24T13:00:00Z,70.37,2036.4
2023-06-24T13:30:00Z,73.39,1944.05
2023-06-24T14:00:00Z,80.11,1277.1
2023-06-24T14:30:00Z,80.17,1467.75
2023-06-24T15:00:00Z,88.03,1574.0
2023-06-24T15:30:00Z,84.22,1625.1
2023-06-24T16:00:00Z,100.2,1140.1
2023-06-24T16:30:00Z,96.52,1337.75
2023-06-24T17:00:00Z,97.35,1449.2
2023-06-24T17:30:00Z,102.39,1360.75
2023-06-24T18:00:00Z,113.24,1128.3
2023-06-24T18:30:00Z,116.93999999999998,1201.55
2023-06-24T19:00:00Z,122.44000000000001,1240.85
2023-06-24T19:30:00Z,119.30999999999999,1212.2
2023-06-24T20:00:00Z,123.2,1202.65
2023-06-24T20:30:00Z,121.72,999.9
2023-06-24T21:00:00Z,114.03,1480.2
2023-06-24T21:30:00Z,97.87,1165.7
2023-06-24T22:00:00Z,100.19,1059.3
2023-06-24T22:30:00Z,106.21,766.55
2023-06-24T23:00:00Z,97.27,852.45
2023-06-24T23:30:00Z,85.87,756.05
2023-06-25T00:00:00Z,73.3,897.7
2023-06-25T00:30:00Z,79.3,1072.4
2023-06-25T01:00:00Z,69.64,745.55
2023-06-25T01:30:00Z,64.78,776.2
2023-06-25T02:00:00Z,65.63,694.35
2023-06-25T02:30:00Z,67.06,761.6
2023-06-25T03:00:00Z,38.17,812.3
2023-06-25T03:30:00Z,29.76,1021.4
2023-06-25T04:00:00Z,28.8,743.0
2023-06-25T04:30:00Z,22.17,675.4
2023-06-25T05:00:00Z,36.58,831.7
2023-06-25T05:30:00Z,41.21,933.7
2023-06-25T06:00:00Z,12.510000000000002,832.7
2023-06-25T06:30:00Z,37.28,978.7
2023-06-25T07:00:00Z,5.51,1582.8
2023-06-25T07:30:00Z,50.74,1654.9
2023-06-25T08:00:00Z,18.74,2212.6
2023-06-25T08:30:00Z,9.89,2433.35
2023-06-25T09:00:00Z,13.15,2562.55
2023-06-25T09:30:00Z,22.3,2563.55
2023-06-25T10:00:00Z,38.6,1775.85
2023-06-25T10:30:00Z,48.78,1818.65
2023-06-25T11:00:00Z,54.65,2242.7
2023-06-25T11:30:00Z,52.76,2239.4
2023-06-25T12:00:00Z,70.47,1963.35
2023-06-25T12:30:00Z,69.18,1930.95
2023-06-25T13:00:00Z,72.31999999999998,2011.9
2023-06-25T13:30:00Z,72.5,2093.55
2023-06-25T14:00:00Z,91.32,1554.7
2023-06-25T14:30:00Z,95.58,1522.9
2023-06-25T15:00:00Z,89.97,1657.05
2023-06-25T15:30:00Z,91.19000000000001,1666.5
2023-06-25T16:00:00Z,97.1,1511.85
2023-06-25T16:30:00Z,90.89,1804.3
2023-06-25T17:00:00Z,104.26000000000002,1417.2
2023-06-25T17:30:00Z,100.15,1672.35
2023-06-25T18:00:00Z,119.51,1874.6
2023-06-25T18:30:00Z,110.99,2082.95
2023-06-25T19:00:00Z,104.34,2350.55
2023-06-25T19:30:00Z,107.33,2022.9
2023-06-25T20:00:00Z,104.46,1915.9
2023-06-25T20:30:00Z,114.53,2361.8
2023-06-25T21:00:00Z,120.94999999999999,2654.55
2023-06-25T21:30:00Z,121.34,2889.0
2023-06-25T22:00:00Z,109.82,1950.45
2023-06-25T22:30:00Z,108.5,1983.45
2023-06-25T23:00:00Z,102.24,1519.6
2023-06-25T23:30:00Z,100.73999999999998,1452.0
2023-06-26T00:00:00Z,92.5,1825.85
2023-06-26T00:30:00Z,92.45,1796.25
2023-06-26T01:00:00Z,99.19,2160.1
2023-06-26T01:30:00Z,92.2,2125.0
2023-06-26T02:00:00Z,86.95,1916.55
2023-06-26T02:30:00Z,83.13,2066.05
2023-06-26T03:00:00Z,90.85,1985.2
2023-06-26T03:30:00Z,77.94,1980.05
2023-06-26T04:00:00Z,81.64,1576.8
2023-06-26T04:30:00Z,88.04,1733.45
2023-06-26T05:00:00Z,94.50999999999999,1748.6
2023-06-26T05:30:00Z,107.34999999999998,1716.0
2023-06-26T06:00:00Z,110.84000000000002,1638.35
2023-06-26T06:30:00Z,121.95,1548.9
2023-06-26T07:00:00Z,99.45,1809.2
2023-06-26T07:30:00Z,101.11,1785.8
2023-06-26T08:00:00Z,99.08,1635.55
2023-06-26T08:30:00Z,101.68000000000002,1832.8
2023-06-26T09:00:00Z,103.84999999999998,1818.9
2023-06-26T09:30:00Z,104.22,1770.5
2023-06-26T10:00:00Z,107.71,1543.85
2023-06-26T10:30:00Z,98.94,2058.8
2023-06-26T11:00:00Z,103.02,1789.05
2023-06-26T11:30:00Z,94.15,2095.05
2023-06-26T12:00:00Z,86.46000000000001,1836.15
2023-06-26T12:30:00Z,82.19,1686.65
2023-06-26T13:00:00Z,80.9,1577.5
2023-06-26T13:30:00Z,84.66,1745.8
2023-06-26T14:00:00Z,95.38,1508.1
2023-06-26T14:30:00Z,90.31,2127.0
2023-06-26T15:00:00Z,70.28,1784.45
2023-06-26T15:30:00Z,67.51,2316.75
2023-06-26T16:00:00Z,84.32,1593.9
2023-06-26T16:30:00Z,80.55,1839.0
2023-06-26T17:00:00Z,102.03,1820.1
2023-06-26T17:30:00Z,107.29,1668.45
2023-06-26T18:00:00Z,111.6,1752.65
2023-06-26T18:30:00Z,105.99,2080.05
2023-06-26T19:00:00Z,104.87,1618.0
2023-06-26T19:30:00Z,106.57,1544.15
2023-06-26T20:00:00Z,102.13,1398.85
2023-06-26T20:30:00Z,103.43,1565.05
2023-06-26T21:00:00Z,103.37,1500.05
2023-06-26T21:30:00Z,84.7,1230.05
2023-06-26T22:00:00Z,84.23,962.55
2023-06-26T22:30:00Z,72.17,791.1
2023-06-26T23:00:00Z,79.99,866.0
2023-06-26T23:30:00Z,69.88,630.75
2023-06-27T00:00:00Z,62.230000000000004,603.5
2023-06-27T00:30:00Z,71.21,803.5
2023-06-27T01:00:00Z,74.95,646.3
2023-06-27T01:30:00Z,75.66,1020.5
2023-06-27T02:00:00Z,85.89,929.5
2023-06-27T02:30:00Z,93.19,1174.65
2023-06-27T03:00:00Z,74.67,1197.4
2023-06-27T03:30:00Z,68.0,1092.75
2023-06-27T04:00:00Z,102.25,1117.0
2023-06-27T04:30:00Z,109.83,1093.4
2023-06-27T05:00:00Z,104.59,1051.35
2023-06-27T05:30:00Z,115.91000000000001,1257.6
2023-06-27T06:00:00Z,109.96,1033.3
2023-06-27T06:30:00Z,119.66,1067.65
2023-06-27T07:00:00Z,112.65000000000002,1204.95
2023-06-27T07:30:00Z,107.02999999999999,1391.9
2023-06-27T08:00:00Z,99.71,1304.35
2023-06-27T08:30:00Z,88.3,1299.15
2023-06-27T09:00:00Z,89.65,1646.6
2023-06-27T09:30:00Z,84.19,1175.85
2023-06-27T10:00:00Z,67.85,989.25
2023-06-27T10:30:00Z,68.89,981.7
2023-06-27T11:00:00Z,66.84,1296.7
2023-06-27T11:30:00Z,63.6,1183.4
2023-06-27T12:00:00Z,60.29,1511.85
2023-06-27T12:30:00Z,58.37,1505.4
2023-06-27T13:00:00Z,55.9,1588.05
2023-06-27T13:30:00Z,55.709999999999994,1622.65
2023-06-27T14:00:00Z,45.38,1287.7
2023-06-27T14:30:00Z,47.17,1324.55
2023-06-27T15:00:00Z,51.64,1500.75
2023-06-27T15:30:00Z,62.32,2128.5
2023-06-27T16:00:00Z,77.51,1956.95
2023-06-27T16:30:00Z,78.26,2043.7
2023-06-27T17:00:00Z,100.56,2243.6
2023-06-27T17:30:00Z,99.59,2320.4
2023-06-27T18:00:00Z,110.25000000000001,1749.7
2023-06-27T18:30:00Z,105.5,1738.6
2023-06-27T19:00:00Z,104.7,1612.05
2023-06-27T19:30:00Z,101.97000000000001,1561.15
2023-06-27T20:00:00Z,114.18,1668.25
2023-06-27T20:30:00Z,100.67,1455.3
2023-06-27T21:00:00Z,100.76,1685.05
2023-06-27T21:30:00Z,90.65,1705.95
2023-06-27T22:00:00Z,73.77,817.5
2023-06-27T22:30:00Z,77.6,1021.95
2023-06-27T23:00:00Z,85.87,855.8
2023-06-27T23:30:00Z,83.51,1098.7
2023-06-28T00:00:00Z,86.06,1119.25
2023-06-28T00:30:00Z,80.8,1244.8
2023-06-28T01:00:00Z,73.85,1051.8
2023-06-28T01:30:00Z,75.0,1217.35
2023-06-28T02:00:00Z,73.2,784.55
2023-06-28T02:30:00Z,82.98,834.75
2023-06-28T03:00:00Z,84.85,983.3
2023-06-28T03:30:00Z,82.62,1072.65
2023-06-28T04:00:00Z,87.48,1083.15
2023-06-28T04:30:00Z,99.62,1163.4
2023-06-28T05:00:00Z,100.51,1115.65
2023-06-28T05:30:00Z,114.21,1139.5
2023-06-28T06:00:00Z,97.26,1062.4
2023-06-28T06:30:00Z,125.81,1317.75
2023-06-28T07:00:00Z,107.73,1279.65
2023-06-28T07:30:00Z,114.98,1202.05
2023-06-28T08:00:00Z,108.43,1326.35
2023-06-28T08:30:00Z,113.55000000000001,1292.8
2023-06-28T09:00:00Z,99.18,1312.1
2023-06-28T09:30:00Z,95.0,1372.6
2023-06-28T10:00:00Z,83.62,1445.55
2023-06-28T10:30:00Z,89.18,1655.05
2023-06-28T11:00:00Z,86.79,1590.45
2023-06-28T11:30:00Z,75.29,1734.85
2023-06-28T12:00:00Z,71.05,1924.35
2023-06-28T12:30:00Z,73.63,2407.1
2023-06-28T13:00:00Z,79.93,2540.9
2023-06-28T13:30:00Z,80.49,2845.45
2023-06-28T14:00:00Z,93.99,1788.9
2023-06-28T14:30:00Z,96.13,1821.8
2023-06-28T15:00:00Z,90.38,1808.65
2023-06-28T15:30:00Z,101.92,1888.25
2023-06-28T16:00:00Z,109.3,1841.9
2023-06-28T16:30:00Z,109.79,1917.9
2023-06-28T17:00:00Z,121.13,1935.15
2023-06-28T17:30:00Z,123.0,1935.55
2023-06-28T18:00:00Z,144.57,1612.85
2023-06-28T18:30:00Z,138.54,1478.3
2023-06-28T19:00:00Z,131.76,1569.3
2023-06-28T19:30:00Z,129.69,1660.4
2023-06-28T20:00:00Z,135.42,1525.1
2023-06-28T20:30:00Z,129.4,1500.15
2023-06-28T21:00:00Z,124.98000000000002,1590.9
2023-06-28T21:30:00Z,113.31999999999998,1580.45
2023-06-28T22:00:00Z,96.06,1048.95
2023-06-28T22:30:00Z,94.67,1038.95
2023-06-28T23:00:00Z,95.54,1081.5
2023-06-28T23:30:00Z,87.25,1091.7
2023-06-29T00:00:00Z,90.49,1081.2
2023-06-29T00:30:00Z,86.48,1271.55
2023-06-29T01:00:00Z,88.27999999999999,1559.0
2023-06-29T01:30:00Z,82.77,1205.25
2023-06-29T02:00:00Z,97.95,1065.75
2023-06-29T02:30:00Z,96.38,1512.8
2023-06-29T03:00:00Z,99.46,1491.75
2023-06-29T03:30:00Z,95.04,1136.25
2023-06-29T04:00:00Z,99.48,867.9
2023-06-29T04:30:00Z,110.49,1101.85
2023-06-29T05:00:00Z,93.20999999999998,930.7
2023-06-29T05:30:00Z,116.21,976.35
2023-06-29T06:00:00Z,101.29999999999998,1341.15
2023-06-29T06:30:00Z,111.86,1706.6
2023-06-29T07:00:00Z,97.93,1662.45
2023-06-29T07:30:00Z,94.67000000000002,1744.95
2023-06-29T08:00:00Z,86.13,1508.15
2023-06-29T08:30:00Z,74.86,1770.55
2023-06-29T09:00:00Z,83.17,1530.85
2023-06-29T09:30:00Z,74.79,1584.05
2023-06-29T10:00:00Z,70.7,1511.0
2023-06-29T10:30:00Z,72.72,1714.95
2023-06-29T11:00:00Z,77.46,1591.5
2023-06-29T11:30:00Z,75.64,1972.45
2023-06-29T12:00:00Z,76.58,1812.6
2023-06-29T12:30:00Z,73.14,1675.9
2023-06-29T13:00:00Z,76.83,2039.4
2023-06-29T13:30:00Z,76.09,1899.1
2023-06-29T14:00:00Z,81.87,1650.9
2023-06-29T14:30:00Z,90.35,2055.15
2023-06-29T15:00:00Z,83.09,1925.7
2023-06-29T15:30:00Z,92.81,1961.85
2023-06-29T16:00:00Z,87.79999999999998,1548.7
2023-06-29T16:30:00Z,92.9,1896.2
2023-06-29T17:00:00Z,91.57,1712.9
2023-06-29T17:30:00Z,101.63999999999999,1745.05
2023-06-29T18:00:00Z,103.97999999999999,1312.75
2023-06-29T18:30:00Z,107.42000000000002,1454.65
2023-06-29T19:00:00Z,99.26,1237.05
2023-06-29T19:30:00Z,96.2,1322.95
2023-06-29T20:00:00Z,94.26,904.25
2023-06-29T20:30:00Z,90.02,1086.65
2023-06-29T21:00:00Z,92.52,1093.35
2023-06-29T21:30:00Z,88.07,1441.85
2023-06-29T22:00:00Z,78.8,831.45
2023-06-29T22:30:00Z,74.72,770.85
2023-06-29T23:00:00Z,69.81,1072.4
2023-06-29T23:30:00Z,64.74,720.0
2023-06-30T00:00:00Z,69.75,1475.2
2023-06-30T00:30:00Z,68.23,1368.85
2023-06-30T01:00:00Z,69.21,1290.25
2023-06-30T01:30:00Z,69.77,1366.4
2023-06-30T02:00:00Z,70.23,1131.55
2023-06-30T02:30:00Z,69.21,1033.1
2023-06-30T03:00:00Z,71.97,1089.55
2023-06-30T03:30:00Z,72.1,1095.9
2023-06-30T04:00:00Z,71.82,739.75
2023-06-30T04:30:00Z,70.24,865.55
2023-06-30T05:00:00Z,71.65,934.45
2023-06-30T05:30:00Z,84.1,1563.15
2023-06-30T06:00:00Z,88.78,1631.7
2023-06-30T06:30:00Z,97.55,1769.3
2023-06-30T07:00:00Z,96.87,1938.6
2023-06-30T07:30:00Z,97.54,1642.25
2023-06-30T08:00:00Z,84.33,1423.75
2023-06-30T08:30:00Z,78.17,1488.7
2023-06-30T09:00:00Z,82.85,1574.8
2023-06-30T09:30:00Z,78.09,1707.7
2023-06-30T10:00:00Z,78.81,1694.3
2023-06-30T10:30:00Z,92.38,2204.55
2023-06-30T11:00:00Z,85.18,1635.6
2023-06-30T11:30:00Z,76.76,1497.9
2023-06-30T12:00:00Z,71.25,1347.35
2023-06-30T12:30:00Z,67.56,1549.45
2023-06-30T13:00:00Z,69.18,1577.3
2023-06-30T13:30:00Z,70.82,1773.3
2023-06-30T14:00:00Z,64.79,1285.55
2023-06-30T14:30:00Z,62.83,1388.15
2023-06-30T15:00:00Z,62.48,1654.7
2023-06-30T15:30:00Z,62.77000000000001,1757.55
2023-06-30T16:00:00Z,70.1,1655.5
2023-06-30T16:30:00Z,68.47,1616.65
2023-06-30T17:00:00Z,70.53,1686.35
2023-06-30T17:30:00Z,68.72,1927.45
2023-06-30T18:00:00Z,85.7,2073.1
2023-06-30T18:30:00Z,85.66,2046.45
2023-06-30T19:00:00Z,83.94,1949.3
2023-06-30T19:30:00Z,81.03,1831.4
2023-06-30T20:00:00Z,91.04,1967.15
2023-06-30T20:30:00Z,83.77,1638.7
2023-06-30T21:00:00Z,87.95,1848.1
2023-06-30T21:30:00Z,85.35,2492.25
2023-06-30T22:00:00Z,53.2,1380.95
2023-06-30T22:30:00Z,52.02,1497.55
2023-06-30T23:00:00Z,40.11,1392.25
2023-06-30T23:30:00Z,28.43,1254.0
2023-07-01T00:00:00Z,-2.37,1236.9
2023-07-01T00:30:00Z,-5.06,1336.65
2023-07-01T01:00:00Z,-15.12,953.85
2023-07-01T01:30:00Z,-22.23,1038.5
2023-07-01T02:00:00Z,-22.28,1013.3
2023-07-01T02:30:00Z,-25.25,982.85
2023-07-01T03:00:00Z,-19.38,1120.95
2023-07-01T03:30:00Z,-24.24,1255.3
2023-07-01T04:00:00Z,4.24,1217.6
2023-07-01T04:30:00Z,6.45,1018.1
2023-07-01T05:00:00Z,-5.18,1112.45
2023-07-01T05:30:00Z,-3.43,1095.6
2023-07-01T06:00:00Z,0.55,1058.0
2023-07-01T06:30:00Z,5.15,1094.5
2023-07-01T07:00:00Z,1.86,1250.7
2023-07-01T07:30:00Z,13.31,1118.25
2023-07-01T08:00:00Z,15.11,972.25
2023-07-01T08:30:00Z,19.93,1024.75
2023-07-01T09:00:00Z,6.05,1343.25
2023-07-01T09:30:00Z,-12.620000000000001,1378.0
2023-07-01T10:00:00Z,19.53,1108.6
2023-07-01T10:30:00Z,34.66,1205.95
2023-07-01T11:00:00Z,4.59,1311.0
2023-07-01T11:30:00Z,-18.32,1264.7
2023-07-01T12:00:00Z,-17.61,1318.5
2023-07-01T12:30:00Z,-34.22,1356.85
2023-07-01T13:00:00Z,-31.270000000000003,1379.9
2023-07-01T13:30:00Z,-35.98,1255.15
2023-07-01T14:00:00Z,-40.71,1246.9
2023-07-01T14:30:00Z,-36.96,1138.55
2023-07-01T15:00:00Z,-33.85,1433.2
2023-07-01T15:30:00Z,-26.92,1605.2
2023-07-01T16:00:00Z,-23.94,1327.1
2023-07-01T16:30:00Z,6.84,1494.55
2023-07-01T17:00:00Z,25.9,1512.65
2023-07-01T17:30:00Z,33.17,1506.95
2023-07-01T18:00:00Z,33.99,1304.25
2023-07-01T18:30:00Z,32.75,1258.6
2023-07-01T19:00:00Z,52.9,1474.25
2023-07-01T19:30:00Z,52.199999999999996,1420.6
2023-07-01T20:00:00Z,38.24,1293.35
2023-07-01T20:30:00Z,40.87,1280.6
2023-07-01T21:00:00Z,58.78,1262.9
2023-07-01T21:30:00Z,41.49,1133.3
2023-07-01T22:00:00Z,34.36,1002.6
2023-07-01T22:30:00Z,0.86,921.4
2023-07-01T23:00:00Z,13.789999999999997,791.2
2023-07-01T23:30:00Z,-1.09,757.0
2023-07-02T00:00:00Z,5.83,914.85
2023-07-02T00:30:00Z,18.61,995.4
2023-07-02T01:00:00Z,44.15,1421.45
2023-07-02T01:30:00Z,41.66,1412.2
2023-07-02T02:00:00Z,49.39,1152.45
2023-07-02T02:30:00Z,28.0,1379.1
2023-07-02T03:00:00Z,11.300000000000002,908.0
2023-07-02T03:30:00Z,-2.16,1036.2
2023-07-02T04:00:00Z,-14.02,1018.45
2023-07-02T04:30:00Z,-16.1,981.95
2023-07-02T05:00:00Z,-18.51,1146.1
2023-07-02T05:30:00Z,-18.11,1406.8
2023-07-02T06:00:00Z,-0.24,1682.1
2023-07-02T06:30:00Z,4.73,1407.2
2023-07-02T07:00:00Z,-17.62,1580.35
2023-07-02T07:30:00Z,-16.34,1602.9
2023-07-02T08:00:00Z,-33.16,958.65
2023-07-02T08:30:00Z,-32.19,1030.7
2023-07-02T09:00:00Z,-42.64,1120.3
2023-07-02T09:30:00Z,-37.4,1586.95
2023-07-02T10:00:00Z,-36.72,1790.75
2023-07-02T10:30:00Z,-38.24,1740.25
2023-07-02T11:00:00Z,-14.12,2186.9
2023-07-02T11:30:00Z,-14.59,2220.25
2023-07-02T12:00:00Z,-48.85,1952.15
2023-07-02T12:30:00Z,-56.400000000000006,1729.65
2023-07-02T13:00:00Z,-69.27,1710.8
2023-07-02T13:30:00Z,-68.99,1603.25
2023-07-02T14:00:00Z,-50.98,1453.35
2023-07-02T14:30:00Z,-50.04999999999999,1578.1
2023-07-02T15:00:00Z,-25.13,1798.95
2023-07-02T15:30:00Z,-2.97,2156.05
2023-07-02T16:00:00Z,21.840000000000003,1779.4
2023-07-02T16:30:00Z,19.08,1496.95
2023-07-02T17:00:00Z,25.699999999999996,1315.4
2023-07-02T17:30:00Z,24.62,1284.85
2023-07-02T18:00:00Z,71.43,1122.95
2023-07-02T18:30:00Z,83.28,1136.05
2023-07-02T19:00:00Z,82.02,860.55
2023-07-02T19:30:00Z,83.06,907.7
2023-07-02T20:00:00Z,85.63,986.7
2023-07-02T20:30:00Z,82.19000000000001,806.2
2023-07-02T21:00:00Z,82.97,1036.1
2023-07-02T21:30:00Z,60.92,972.45
2023-07-02T22:00:00Z,42.85,1014.35
2023-07-02T22:30:00Z,29.360000000000003,1176.55
2023-07-02T23:00:00Z,21.43,1047.35
2023-07-02T23:30:00Z,14.88,1009.15
2023-07-03T00:00:00Z,1.18,1142.05
2023-07-03T00:30:00Z,-15.510000000000002,1332.55
2023-07-03T01:00:00Z,-3.33,1535.15
2023-07-03T01:30:00Z,-2.74,1447.25
2023-07-03T02:00:00Z,-1.22,1205.0
2023-07-03T02:30:00Z,-5.51,1329.4
2023-07-03T03:00:00Z,-5.27,1398.5
2023-07-03T03:30:00Z,-4.54,1404.5
2023-07-03T04:00:00Z,59.75,1643.5
2023-07-03T04:30:00Z,69.65,1469.3
2023-07-03T05:00:00Z,31.06,1325.7
2023-07-03T05:30:00Z,80.47,1506.15
2023-07-03T06:00:00Z,50.02,1101.25
2023-07-03T06:30:00Z,82.27,1561.8
2023-07-03T07:00:00Z,51.99,1241.5
2023-07-03T07:30:00Z,70.7,1431.9
2023-07-03T08:00:00Z,52.42,1404.35
2023-07-03T08:30:00Z,24.9,1299.15
2023-07-03T09:00:00Z,10.78,1794.1
2023-07-03T09:30:00Z,14.0,2145.05
2023-07-03T10:00:00Z,36.68,2031.75
2023-07-03T10:30:00Z,35.49,2177.45
2023-07-03T11:00:00Z,18.52,1940.35
2023-07-03T11:30:00Z,15.3,1865.8
2023-07-03T12:00:00Z,12.57,1906.15
2023-07-03T12:30:00Z,13.74,2187.7
2023-07-03T13:00:00Z,11.45,2503.35
2023-07-03T13:30:00Z,11.9,2405.5
2023-07-03T14:00:00Z,28.02,1912.0
2023-07-03T14:30:00Z,33.03,2078.0
2023-07-03T15:00:00Z,38.0,2361.25
2023-07-03T15:30:00Z,54.24,2182.8
2023-07-03T16:00:00Z,84.75,2190.7
2023-07-03T16:30:00Z,86.77,2212.15
2023-07-03T17:00:00Z,93.54,2658.0
2023-07-03T17:30:00Z,78.13,2489.85
2023-07-03T18:00:00Z,79.24,2043.7
2023-07-03T18:30:00Z,88.86,2168.4
2023-07-03T19:00:00Z,98.98,2164.35
2023-07-03T19:30:00Z,103.84,2549.5
2023-07-03T20:00:00Z,104.38,1587.45
2023-07-03T20:30:00Z,103.98000000000002,1488.05
2023-07-03T21:00:00Z,104.36,1907.9
2023-07-03T21:30:00Z,89.97,1668.75
2023-07-03T22:00:00Z,71.2,1254.25
2023-07-03T22:30:00Z,60.10000000000001,1138.8
2023-07-03T23:00:00Z,52.31000000000001,1444.95
2023-07-03T23:30:00Z,41.78,1348.35
2023-07-04T00:00:00Z,28.98,1186.05
2023-07-04T00:30:00Z,30.03,1422.25
2023-07-04T01:00:00Z,25.989999999999995,1473.7
2023-07-04T01:30:00Z,24.170000000000005,1553.95
2023-07-04T02:00:00Z,18.69,1345.75
2023-07-04T02:30:00Z,21.35,1413.4
2023-07-04T03:00:00Z,30.050000000000004,1234.1
2023-07-04T03:30:00Z,38.36,1496.6
2023-07-04T04:00:00Z,87.24,1311.4
2023-07-04T04:30:00Z,87.78,1611.25
2023-07-04T05:00:00Z,89.81,1867.55
2023-07-04T05:30:00Z,93.61,1978.4
2023-07-04T06:00:00Z,82.34,1476.1
2023-07-04T06:30:00Z,114.82,1868.9
2023-07-04T07:00:00Z,82.52,1790.6
2023-07-04T07:30:00Z,85.77000000000001,1794.35
2023-07-04T08:00:00Z,84.11,1579.5
2023-07-04T08:30:00Z,95.29,1548.15
2023-07-04T09:00:00Z,89.82,1744.45
2023-07-04T09:30:00Z,83.91999999999999,1730.9
2023-07-04T10:00:00Z,85.18,1732.95
2023-07-04T10:30:00Z,102.46,1888.0
2023-07-04T11:00:00Z,107.32,1919.0
2023-07-04T11:30:00Z,109.68,2123.65
2023-07-04T12:00:00Z,105.41,2392.6
2023-07-04T12:30:00Z,106.66,2487.15
2023-07-04T13:00:00Z,100.53,2804.7
2023-07-04T13:30:00Z,94.68,2591.6
2023-07-04T14:00:00Z,92.81,2538.95
2023-07-04T14:30:00Z,90.29,2617.95
2023-07-04T15:00:00Z,90.98999999999998,2929.8
2023-07-04T15:30:00Z,94.65,2560.7
2023-07-04T16:00:00Z,111.09,2405.55
2023-07-04T16:30:00Z,115.15,2713.85
2023-07-04T17:00:00Z,140.53,2480.15
2023-07-04T17:30:00Z,143.82,2832.0
2023-07-04T18:00:00Z,148.88,1967.85
2023-07-04T18:30:00Z,144.8,2253.1
2023-07-04T19:00:00Z,137.31,2033.9
2023-07-04T19:30:00Z,137.81,2065.8
2023-07-04T20:00:00Z,127.4,1489.1
2023-07-04T20:30:00Z,125.77,1759.45
2023-07-04T21:00:00Z,116.13,1940.9
2023-07-04T21:30:00Z,107.62,1903.5
2023-07-04T22:00:00Z,85.0,1420.15
2023-07-04T22:30:00Z,81.95,1375.6
2023-07-04T23:00:00Z,75.67,1120.7
2023-07-04T23:30:00Z,75.19,1421.65
2023-07-05T00:00:00Z,77.76,1575.25
2023-07-05T00:30:00Z,73.94,1363.15
2023-07-05T01:00:00Z,69.95,1528.6
2023-07-05T01:30:00Z,61.94,1457.35
2023-07-05T02:00:00Z,52.76,1338.3
2023-07-05T02:30:00Z,48.13,1307.5
2023-07-05T03:00:00Z,47.33,1400.0
2023-07-05T03:30:00Z,41.2,1487.65
2023-07-05T04:00:00Z,54.49,2189.4
2023-07-05T04:30:00Z,55.2,2153.5
2023-07-05T05:00:00Z,55.45,2044.35
2023-07-05T05:30:00Z,61.1,1883.75
2023-07-05T06:00:00Z,59.18,1720.5
2023-07-05T06:30:00Z,79.35000000000001,1947.2
2023-07-05T07:00:00Z,65.53,1559.5
2023-07-05T07:30:00Z,70.32,1822.8
2023-07-05T08:00:00Z,76.18,1955.95
2023-07-05T08:30:00Z,69.41,1810.55
2023-07-05T09:00:00Z,65.87,1609.55
2023-07-05T09:30:00Z,64.84,1876.3
2023-07-05T10:00:00Z,73.04,2196.55
2023-07-05T10:30:00Z,74.2,2409.4
2023-07-05T11:00:00Z,79.8,2289.45
2023-07-05T11:30:00Z,80.28,2480.35
2023-07-05T12:00:00Z,75.62,2538.3
2023-07-05T12:30:00Z,72.5,2643.15
2023-07-05T13:00:00Z,69.16,2759.75
2023-07-05T13:30:00Z,73.7,2625.15
2023-07-05T14:00:00Z,87.78,2231.15
2023-07-05T14:30:00Z,79.87,2259.65
2023-07-05T15:00:00Z,71.74,2559.3
2023-07-05T15:30:00Z,76.21,3374.0
2023-07-05T16:00:00Z,85.11,2458.9
2023-07-05T16:30:00Z,80.02,2470.25
2023-07-05T17:00:00Z,85.34,1899.15
2023-07-05T17:30:00Z,87.05,1759.25
2023-07-05T18:00:00Z,90.58,1254.15
2023-07-05T18:30:00Z,91.08,1402.2
2023-07-05T19:00:00Z,99.31,1291.15
2023-07-05T19:30:00Z,93.69,1459.85
2023-07-05T20:00:00Z,84.83,1228.55
2023-07-05T20:30:00Z,78.77,1182.35
2023-07-05T21:00:00Z,89.83,1152.15
2023-07-05T21:30:00Z,73.35,976.05
2023-07-05T22:00:00Z,101.57,1339.55
2023-07-05T22:30:00Z,92.24,1729.25
2023-07-05T23:00:00Z,88.74,1176.4
2023-07-05T23:30:00Z,86.88,1111.7
2023-07-06T00:00:00Z,92.07,935.9
2023-07-06T00:30:00Z,94.3,949.5
2023-07-06T01:00:00Z,90.56,922.45
2023-07-06T01:30:00Z,84.84,1313.35
2023-07-06T02:00:00Z,97.27,1022.2
2023-07-06T02:30:00Z,99.35,1000.5
2023-07-06T03:00:00Z,103.25,836.75
2023-07-06T03:30:00Z,96.49999999999999,1519.8
2023-07-06T04:00:00Z,93.84,1069.35
2023-07-06T04:30:00Z,105.14,1614.25
2023-07-06T05:00:00Z,122.66000000000001,1164.9
2023-07-06T05:30:00Z,133.8,1272.05
2023-07-06T06:00:00Z,115.09,1870.7
2023-07-06T06:30:00Z,124.25,1816.25
2023-07-06T07:00:00Z,102.19,1655.3
2023-07-06T07:30:00Z,104.57,1963.5
2023-07-06T08:00:00Z,108.81,1557.35
2023-07-06T08:30:00Z,99.77,2265.65
2023-07-06T09:00:00Z,87.7,1958.75
2023-07-06T09:30:00Z,85.28,1681.8
2023-07-06T10:00:00Z,88.05,1855.55
2023-07-06T10:30:00Z,84.27,2100.2
2023-07-06T11:00:00Z,88.92,1798.0
2023-07-06T11:30:00Z,84.71,1847.1
2023-07-06T12:00:00Z,90.35,2234.75
2023-07-06T12:30:00Z,75.76,1915.85
2023-07-06T13:00:00Z,76.14,1844.7
2023-07-06T13:30:00Z,72.22,2038.4
2023-07-06T14:00:00Z,77.13,2115.45
2023-07-06T14:30:00Z,75.55,1969.7
2023-07-06T15:00:00Z,78.15,2172.9
2023-07-06T15:30:00Z,92.07,2578.5
2023-07-06T16:00:00Z,90.61,2358.75
2023-07-06T16:30:00Z,88.54,2388.7
2023-07-06T17:00:00Z,100.49,2096.1
2023-07-06T17:30:00Z,105.73,2065.65
2023-07-06T18:00:00Z,126.02999999999999,2441.0
2023-07-06T18:30:00Z,105.69,2242.75
2023-07-06T19:00:00Z,97.75,2416.1
2023-07-06T19:30:00Z,86.2,2190.7
2023-07-06T20:00:00Z,77.17,1747.5
2023-07-06T20:30:00Z,69.24,2021.85
2023-07-06T21:00:00Z,73.26,1880.2
2023-07-06T21:30:00Z,70.1,2311.35
2023-07-06T22:00:00Z,76.96,1490.3
2023-07-06T22:30:00Z,77.95,1262.15
2023-07-06T23:00:00Z,69.31,1357.45
2023-07-06T23:30:00Z,62.99,1005.8
2023-07-07T00:00:00Z,66.58,1256.65
2023-07-07T00:30:00Z,71.84,1484.4
2023-07-07T01:00:00Z,67.99,1322.3
2023-07-07T01:30:00Z,76.76,1492.15
2023-07-07T02:00:00Z,72.55,1262.2
2023-07-07T02:30:00Z,74.07,1279.55
2023-07-07T03:00:00Z,73.5,1019.45
2023-07-07T03:30:00Z,76.43,1196.45
2023-07-07T04:00:00Z,70.64,1436.75
2023-07-07T04:30:00Z,52.44,1587.2
2023-07-07T05:00:00Z,65.17,1203.15
2023-07-07T05:30:00Z,81.50000000000001,1706.95
2023-07-07T06:00:00Z,31.48,1310.35
2023-07-07T06:30:00Z,63.86,1961.1
2023-07-07T07:00:00Z,61.69,1891.15
2023-07-07T07:30:00Z,75.2,1724.45
2023-07-07T08:00:00Z,69.25,1794.4
2023-07-07T08:30:00Z,69.46,1942.05
2023-07-07T09:00:00Z,68.89,1866.55
2023-07-07T09:30:00Z,71.83,2200.05
2023-07-07T10:00:00Z,51.08,2031.95
2023-07-07T10:30:00Z,42.71,2144.75
2023-07-07T11:00:00Z,48.99,2258.65
2023-07-07T11:30:00Z,49.49,2368.5
2023-07-07T12:00:00Z,64.0,2117.15
2023-07-07T12:30:00Z,61.14999999999999,2233.35
2023-07-07T13:00:00Z,54.71,2346.9
2023-07-07T13:30:00Z,39.73,2591.85
2023-07-07T14:00:00Z,51.82,2243.45
2023-07-07T14:30:00Z,63.10999999999999,2431.85
2023-07-07T15:00:00Z,78.43,2666.6
2023-07-07T15:30:00Z,68.76,2528.2
2023-07-07T16:00:00Z,77.75,2766.65
2023-07-07T16:30:00Z,79.04,2551.05
2023-07-07T17:00:00Z,88.53,2630.1
2023-07-07T17:30:00Z,86.64,2484.95
2023-07-07T18:00:00Z,90.33,1854.8
2023-07-07T18:30:00Z,93.59,1927.4
2023-07-07T19:00:00Z,95.23,1596.1
2023-07-07T19:30:00Z,92.25,1776.05
2023-07-07T20:00:00Z,95.97,1543.0
2023-07-07T20:30:00Z,89.07,1553.4
2023-07-07T21:00:00Z,87.27000000000001,1791.0
2023-07-07T21:30:00Z,84.67,2012.8
2023-07-07T22:00:00Z,96.26,1788.3
2023-07-07T22:30:00Z,96.71,1174.75
2023-07-07T23:00:00Z,91.0,1289.75
2023-07-07T23:30:00Z,67.32,1229.95
2023-07-08T00:00:00Z,64.64,1307.2
2023-07-08T00:30:00Z,57.4,1401.75
2023-07-08T01:00:00Z,80.1,1248.05
2023-07-08T01:30:00Z,73.91,1535.1
2023-07-08T02:00:00Z,58.42,1104.35
2023-07-08T02:30:00Z,38.17,1114.15
2023-07-08T03:00:00Z,57.82999999999999,1426.25
2023-07-08T03:30:00Z,49.82,1246.7
2023-07-08T04:00:00Z,61.07,1440.9
2023-07-08T04:30:00Z,74.99,1435.0
2023-07-08T05:00:00Z,66.36,1393.55
2023-07-08T05:30:00Z,83.45,1317.8
2023-07-08T06:00:00Z,78.53,1486.8
2023-07-08T06:30:00Z,98.48,1237.45
2023-07-08T07:00:00Z,57.06,1818.3
2023-07-08T07:30:00Z,79.51,1953.5
2023-07-08T08:00:00Z,42.220000000000006,1573.85
2023-07-08T08:30:00Z,62.67,1714.45
2023-07-08T09:00:00Z,64.2,1799.15
2023-07-08T09:30:00Z,73.93,1661.3
2023-07-08T10:00:00Z,64.22,1716.4
2023-07-08T10:30:00Z,76.12,1531.3
2023-07-08T11:00:00Z,87.86,1436.2
2023-07-08T11:30:00Z,92.32,1641.15
2023-07-08T12:00:00Z,95.31,1774.25
2023-07-08T12:30:00Z,97.06,1941.6
2023-07-08T13:00:00Z,99.19,2175.7
2023-07-08T13:30:00Z,99.15,2117.3
2023-07-08T14:00:00Z,116.84,2068.35
2023-07-08T14:30:00Z,115.94,2165.15
2023-07-08T15:00:00Z,112.31000000000002,2501.45
2023-07-08T15:30:00Z,111.98000000000002,2949.3
2023-07-08T16:00:00Z,115.49,2286.2
2023-07-08T16:30:00Z,114.5,2430.05
2023-07-08T17:00:00Z,122.29000000000002,2297.9
2023-07-08T17:30:00Z,121.15,2635.1
2023-07-08T18:00:00Z,120.89999999999999,2171.85
2023-07-08T18:30:00Z,120.51,2209.95
2023-07-08T19:00:00Z,118.96,2399.4
2023-07-08T19:30:00Z,115.21000000000001,2341.1
2023-07-08T20:00:00Z,106.74,1495.55
2023-07-08T20:30:00Z,104.53,1595.75
2023-07-08T21:00:00Z,113.18000000000002,1476.8
2023-07-08T21:30:00Z,110.95999999999998,1541.15
2023-07-08T22:00:00Z,95.91,1118.9
2023-07-08T22:30:00Z,90.1,1315.95
2023-07-08T23:00:00Z,103.21999999999998,922.2
2023-07-08T23:30:00Z,101.73,905.65
2023-07-09T00:00:00Z,86.24,857.6
2023-07-09T00:30:00Z,79.66,839.05
2023-07-09T01:00:00Z,86.09000000000002,822.5
2023-07-09T01:30:00Z,76.32,705.05
2023-07-09T02:00:00Z,86.37,633.15
2023-07-09T02:30:00Z,81.34,666.35
2023-07-09T03:00:00Z,86.65,790.4
2023-07-09T03:30:00Z,80.04,850.55
2023-07-09T04:00:00Z,80.7,728.45
2023-07-09T04:30:00Z,83.45,630.75
2023-07-09T05:00:00Z,79.05,817.4
2023-07-09T05:30:00Z,83.89,751.5
2023-07-09T06:00:00Z,87.13,1260.65
2023-07-09T06:30:00Z,89.36,1195.8
2023-07-09T07:00:00Z,71.31,1288.95
2023-07-09T07:30:00Z,72.42,1226.65
2023-07-09T08:00:00Z,82.11,1384.45
2023-07-09T08:30:00Z,87.44,1574.0
2023-07-09T09:00:00Z,82.21,1461.75
2023-07-09T09:30:00Z,78.24,1146.75
2023-07-09T10:00:00Z,76.27,1230.6
2023-07-09T10:30:00Z,81.39,1535.0
2023-07-09T11:00:00Z,76.15,1680.7
2023-07-09T11:30:00Z,77.43,1637.55
2023-07-09T12:00:00Z,82.74,1464.65
2023-07-09T12:30:00Z,83.43,1609.4
2023-07-09T13:00:00Z,77.58,1690.05
2023-07-09T13:30:00Z,71.42,1516.9
2023-07-09T14:00:00Z,74.83,1207.95
2023-07-09T14:30:00Z,77.32,1370.9
2023-07-09T15:00:00Z,80.57,1379.55
2023-07-09T15:30:00Z,80.49,1586.7
2023-07-09T16:00:00Z,79.75,992.95
2023-07-09T16:30:00Z,87.8,972.8
2023-07-09T17:00:00Z,103.58,1030.1
2023-07-09T17:30:00Z,96.57,1137.9
2023-07-09T18:00:00Z,106.34,1132.95
2023-07-09T18:30:00Z,92.94,1282.1
2023-07-09T19:00:00Z,107.14000000000001,1322.9
2023-07-09T19:30:00Z,107.45,1032.0
2023-07-09T20:00:00Z,111.58,942.4
2023-07-09T20:30:00Z,110.01,1298.6
2023-07-09T21:00:00Z,111.17000000000002,1348.25
2023-07-09T21:30:00Z,104.47,944.95
2023-07-09T22:00:00Z,117.54,711.7
2023-07-09T22:30:00Z,115.41,1028.35
2023-07-09T23:00:00Z,114.43000000000002,1293.0
2023-07-09T23:30:00Z,97.15,1301.8
2023-07-10T00:00:00Z,100.36,1468.25
2023-07-10T00:30:00Z,105.57,1319.15
2023-07-10T01:00:00Z,97.21,1400.5
2023-07-10T01:30:00Z,87.86,1388.8
2023-07-10T02:00:00Z,90.52,1206.45
2023-07-10T02:30:00Z,88.91,1269.3
2023-07-10T03:00:00Z,87.67,1157.85
2023-07-10T03:30:00Z,84.85,994.6
2023-07-10T04:00:00Z,81.13,825.1
2023-07-10T04:30:00Z,85.73,1032.35
2023-07-10T05:00:00Z,99.26,1074.6
2023-07-10T05:30:00Z,111.29,944.65
2023-07-10T06:00:00Z,111.37000000000002,1389.55
2023-07-10T06:30:00Z,125.23,1463.55
2023-07-10T07:00:00Z,119.03000000000002,1686.95
2023-07-10T07:30:00Z,116.64,1673.65
2023-07-10T08:00:00Z,98.42,2041.15
2023-07-10T08:30:00Z,106.5,2080.6
2023-07-10T09:00:00Z,108.94,1716.05
2023-07-10T09:30:00Z,105.36,1958.15
2023-07-10T10:00:00Z,90.7,1831.8
2023-07-10T10:30:00Z,92.61,2022.9
2023-07-10T11:00:00Z,91.24,1896.2
2023-07-10T11:30:00Z,83.82,1847.0
2023-07-10T12:00:00Z,80.75,1773.7
2023-07-10T12:30:00Z,81.1,2018.9
2023-07-10T13:00:00Z,86.06,2150.3
2023-07-10T13:30:00Z,82.72,2245.15
2023-07-10T14:00:00Z,87.92,1634.45
2023-07-10T14:30:00Z,90.43,1897.1
2023-07-10T15:00:00Z,92.96,1857.7
2023-07-10T15:30:00Z,89.09,2047.7
2023-07-10T16:00:00Z,113.16,2377.9
2023-07-10T16:30:00Z,109.07,2681.4
2023-07-10T17:00:00Z,113.71000000000001,2666.9
2023-07-10T17:30:00Z,107.11,2474.65
2023-07-10T18:00:00Z,114.56,2399.95
2023-07-10T18:30:00Z,101.3,2433.45
2023-07-10T19:00:00Z,87.05,2248.4
2023-07-10T19:30:00Z,84.69,2140.05
2023-07-10T20:00:00Z,80.76,2388.35
2023-07-10T20:30:00Z,80.95,2150.9
2023-07-10T21:00:00Z,89.93999999999998,1835.75
2023-07-10T21:30:00Z,77.43,1928.95
2023-07-10T22:00:00Z,76.75,917.2
2023-07-10T22:30:00Z,74.47,881.55
2023-07-10T23:00:00Z,75.26,1054.65
2023-07-10T23:30:00Z,71.53,979.65
2023-07-11T00:00:00Z,74.7,803.15
2023-07-11T00:30:00Z,76.03,994.8
2023-07-11T01:00:00Z,82.17,1209.45
2023-07-11T01:30:00Z,90.37,1603.7
2023-07-11T02:00:00Z,97.27,1664.2
2023-07-11T02:30:00Z,101.03,2083.35
2023-07-11T03:00:00Z,76.98,2049.2
2023-07-11T03:30:00Z,67.68,1932.85
2023-07-11T04:00:00Z,70.44,1369.25
2023-07-11T04:30:00Z,69.72,1409.9
2023-07-11T05:00:00Z,68.74,1561.75
2023-07-11T05:30:00Z,73.6,2010.55
2023-07-11T06:00:00Z,66.84,1604.25
2023-07-11T06:30:00Z,82.22,1999.5
2023-07-11T07:00:00Z,65.34,1468.2
2023-07-11T07:30:00Z,68.72,1486.3
2023-07-11T08:00:00Z,79.79,2211.85
2023-07-11T08:30:00Z,73.7,2330.9
2023-07-11T09:00:00Z,79.62,2202.85
2023-07-11T09:30:00Z,78.66,1782.55
2023-07-11T10:00:00Z,85.49,1904.25
2023-07-11T10:30:00Z,87.96,2004.6
2023-07-11T11:00:00Z,87.24,2044.85
2023-07-11T11:30:00Z,84.68,1755.9
2023-07-11T12:00:00Z,81.11,1628.2
2023-07-11T12:30:00Z,78.47999999999999,1732.95
2023-07-11T13:00:00Z,72.54,1664.85
2023-07-11T13:30:00Z,77.6,1753.7
2023-07-11T14:00:00Z,88.11,2235.75
2023-07-11T14:30:00Z,86.26,2030.9
2023-07-11T15:00:00Z,87.76,1803.05
2023-07-11T15:30:00Z,85.39,1763.3
2023-07-11T16:00:00Z,90.93,1817.5
2023-07-11T16:30:00Z,98.91,1774.05
2023-07-11T17:00:00Z,96.48,1734.4
2023-07-11T17:30:00Z,95.05,1762.7
2023-07-11T18:00:00Z,107.30999999999999,1450.4
2023-07-11T18:30:00Z,103.22,1243.4
2023-07-11T19:00:00Z,103.3,994.55
2023-07-11T19:30:00Z,98.35,862.5
2023-07-11T20:00:00Z,93.79,635.1
2023-07-11T20:30:00Z,92.01,550.55
2023-07-11T21:00:00Z,91.81,546.9
2023-07-11T21:30:00Z,93.54,648.5
2023-07-11T22:00:00Z,89.99,561.9
2023-07-11T22:30:00Z,83.88,761.95
2023-07-11T23:00:00Z,90.22,1095.85
2023-07-11T23:30:00Z,82.36,913.4
2023-07-12T00:00:00Z,85.63000000000001,806.75
2023-07-12T00:30:00Z,85.87,1146.8
2023-07-12T01:00:00Z,90.57,897.4
2023-07-12T01:30:00Z,88.13,1218.0
2023-07-12T02:00:00Z,79.34,1281.95
2023-07-12T02:30:00Z,74.28,1185.3
2023-07-12T03:00:00Z,79.99,868.85
2023-07-12T03:30:00Z,77.97,771.3
2023-07-12T04:00:00Z,80.26,987.2
2023-07-12T04:30:00Z,90.21,1134.05
2023-07-12T05:00:00Z,104.52000000000001,1533.15
2023-07-12T05:30:00Z,120.85,1342.95
2023-07-12T06:00:00Z,122.51999999999998,1593.35
2023-07-12T06:30:00Z,131.79,1681.05
2023-07-12T07:00:00Z,113.09,1968.2
2023-07-12T07:30:00Z,110.02,2258.45
2023-07-12T08:00:00Z,104.1,2153.75
2023-07-12T08:30:00Z,94.75999999999999,3124.3
2023-07-12T09:00:00Z,94.3,1924.9
2023-07-12T09:30:00Z,90.28,1960.35
2023-07-12T10:00:00Z,76.46,1893.7
2023-07-12T10:30:00Z,74.27,2151.3
2023-07-12T11:00:00Z,71.87,2150.8
2023-07-12T11:30:00Z,69.27,2326.6
2023-07-12T12:00:00Z,69.92,2080.7
2023-07-12T12:30:00Z,72.57,2230.5
2023-07-12T13:00:00Z,68.56,2052.95
2023-07-12T13:30:00Z,66.57,1914.3
2023-07-12T14:00:00Z,61.81,1666.05
2023-07-12T14:30:00Z,62.08,2026.95
2023-07-12T15:00:00Z,69.25,1819.05
2023-07-12T15:30:00Z,68.23,2120.75
2023-07-12T16:00:00Z,71.28,1504.75
2023-07-12T16:30:00Z,75.31,1781.7
2023-07-12T17:00:00Z,77.08,1817.65
2023-07-12T17:30:00Z,82.9,2073.5
2023-07-12T18:00:00Z,96.65,1425.45
2023-07-12T18:30:00Z,104.58,1892.8
2023-07-12T19:00:00Z,106.76,1823.4
2023-07-12T19:30:00Z,103.37,1825.5
2023-07-12T20:00:00Z,105.29,2096.75
2023-07-12T20:30:00Z,100.99,1606.2
2023-07-12T21:00:00Z,99.68,1749.35
2023-07-12T21:30:00Z,95.51,2106.65
2023-07-12T22:00:00Z,89.68,1334.05
2023-07-12T22:30:00Z,77.7,1133.85
2023-07-12T23:00:00Z,81.64,1187.9
2023-07-12T23:30:00Z,72.01,1146.45
2023-07-13T00:00:00Z,63.05,1601.35
2023-07-13T00:30:00Z,66.07,1870.25
2023-07-13T01:00:00Z,64.97,1611.95
2023-07-13T01:30:00Z,64.31,1691.8
2023-07-13T02:00:00Z,58.04,1496.8
2023-07-13T02:30:00Z,59.95,1716.35
2023-07-13T03:00:00Z,60.32,1310.6
2023-07-13T03:30:00Z,58.0,1101.8
2023-07-13T04:00:00Z,64.4,1299.45
2023-07-13T04:30:00Z,75.07,1479.1
2023-07-13T05:00:00Z,84.67,1347.05
2023-07-13T05:30:00Z,101.59,1738.15
2023-07-13T06:00:00Z,89.33999999999999,1739.2
2023-07-13T06:30:00Z,106.13,1721.5
2023-07-13T07:00:00Z,80.05,1454.05
2023-07-13T07:30:00Z,85.0,1912.05
2023-07-13T08:00:00Z,78.51,1547.1
2023-07-13T08:30:00Z,70.87,1493.2
2023-07-13T09:00:00Z,70.11,1412.4
2023-07-13T09:30:00Z,65.09,1885.3
2023-07-13T10:00:00Z,64.95,1532.55
2023-07-13T10:30:00Z,64.19,1755.95
2023-07-13T11:00:00Z,61.62,1759.8
2023-07-13T11:30:00Z,58.05,1953.35
2023-07-13T12:00:00Z,55.59,1899.65
2023-07-13T12:30:00Z,53.92,2152.8
2023-07-13T13:00:00Z,54.27,2147.3
2023-07-13T13:30:00Z,54.22,2124.45
2023-07-13T14:00:00Z,62.60000000000001,2183.25
2023-07-13T14:30:00Z,59.09,1997.55
2023-07-13T15:00:00Z,60.35,1422.25
2023-07-13T15:30:00Z,60.11,1569.1
2023-07-13T16:00:00Z,67.98,1599.65
2023-07-13T16:30:00Z,70.03,1574.65
2023-07-13T17:00:00Z,77.11,1636.2
2023-07-13T17:30:00Z,75.47,1661.3
2023-07-13T18:00:00Z,85.06,1934.25
2023-07-13T18:30:00Z,87.19,2145.1
2023-07-13T19:00:00Z,91.45,2113.95
2023-07-13T19:30:00Z,88.28000000000002,1912.3
2023-07-13T20:00:00Z,84.83,1463.75
2023-07-13T20:30:00Z,75.69,1437.35
2023-07-13T21:00:00Z,80.42,1542.7
2023-07-13T21:30:00Z,66.18,1466.05
2023-07-13T22:00:00Z,76.91,1275.1
2023-07-13T22:30:00Z,60.17,991.65
2023-07-13T23:00:00Z,59.39,1099.9
2023-07-13T23:30:00Z,62.24,1249.05
2023-07-14T00:00:00Z,60.34,1295.65
2023-07-14T00:30:00Z,60.42,1031.3
2023-07-14T01:00:00Z,57.65,1206.7
2023-07-14T01:30:00Z,72.67,1673.35
2023-07-14T02:00:00Z,62.99,963.4
2023-07-14T02:30:00Z,59.2,1285.35
2023-07-14T03:00:00Z,78.54,998.2
2023-07-14T03:30:00Z,72.06,976.85
2023-07-14T04:00:00Z,59.85000000000001,1134.9
2023-07-14T04:30:00Z,76.38,755.35
2023-07-14T05:00:00Z,69.2,726.5
2023-07-14T05:30:00Z,95.34,811.65
2023-07-14T06:00:00Z,70.9,789.5
2023-07-14T06:30:00Z,85.94,1263.15
2023-07-14T07:00:00Z,67.21,925.5
2023-07-14T07:30:00Z,70.23,1053.3
2023-07-14T08:00:00Z,71.62,1237.8
2023-07-14T08:30:00Z,74.0,1285.9
2023-07-14T09:00:00Z,80.72,1430.3
2023-07-14T09:30:00Z,77.94,1568.15
2023-07-14T10:00:00Z,78.91,1783.9
2023-07-14T10:30:00Z,83.95,2028.5
2023-07-14T11:00:00Z,86.35,2162.0
2023-07-14T11:30:00Z,79.96,2270.9
2023-07-14T12:00:00Z,80.34,1839.15
2023-07-14T12:30:00Z,76.88,1870.5
2023-07-14T13:00:00Z,73.74,1885.7
2023-07-14T13:30:00Z,68.93,1671.45
2023-07-14T14:00:00Z,79.0,1606.2
2023-07-14T14:30:00Z,71.26,1322.7
2023-07-14T15:00:00Z,66.06,1507.55
2023-07-14T15:30:00Z,59.61,1527.7
2023-07-14T16:00:00Z,62.82,1940.6
2023-07-14T16:30:00Z,65.55,2310.95
2023-07-14T17:00:00Z,63.65,2040.4
2023-07-14T17:30:00Z,56.22,2153.55
2023-07-14T18:00:00Z,68.55,2332.05
2023-07-14T18:30:00Z,61.93999999999999,2245.6
2023-07-14T19:00:00Z,65.42,2009.85
2023-07-14T19:30:00Z,57.04,2124.35
2023-07-14T20:00:00Z,63.07000000000001,2118.9
2023-07-14T20:30:00Z,57.52,1953.25
2023-07-14T21:00:00Z,60.95,2031.15
2023-07-14T21:30:00Z,61.589999999999996,2557.4
2023-07-14T22:00:00Z,48.74,1371.85
2023-07-14T22:30:00Z,38.66,1062.1
2023-07-14T23:00:00Z,21.88,1033.45
2023-07-14T23:30:00Z,18.21,1042.45
2023-07-15T00:00:00Z,1.04,923.3
2023-07-15T00:30:00Z,-1.57,1010.5
2023-07-15T01:00:00Z,2.86,1005.1
2023-07-15T01:30:00Z,-0.29,1191.4
2023-07-15T02:00:00Z,-12.12,971.5
2023-07-15T02:30:00Z,-6.43,1069.75
2023-07-15T03:00:00Z,5.91,1001.65
2023-07-15T03:30:00Z,12.26,879.1
2023-07-15T04:00:00Z,35.7,768.0
2023-07-15T04:30:00Z,53.39,680.8
2023-07-15T05:00:00Z,60.82999999999999,1223.2
2023-07-15T05:30:00Z,67.39,1145.15
2023-07-15T06:00:00Z,33.81,1269.9
2023-07-15T06:30:00Z,38.82,1030.3
2023-07-15T07:00:00Z,18.14,980.6
2023-07-15T07:30:00Z,19.089999999999996,980.75
2023-07-15T08:00:00Z,-5.85,1008.15
2023-07-15T08:30:00Z,-3.6700000000000004,1181.45
2023-07-15T09:00:00Z,6.31,1258.1
2023-07-15T09:30:00Z,-3.39,1097.95
2023-07-15T10:00:00Z,0.27,1341.9
2023-07-15T10:30:00Z,12.56,1422.85
2023-07-15T11:00:00Z,24.27,1573.6
2023-07-15T11:30:00Z,42.34,1650.35
2023-07-15T12:00:00Z,11.6,1769.75
2023-07-15T12:30:00Z,9.49,1957.05
2023-07-15T13:00:00Z,12.77,1712.8
2023-07-15T13:30:00Z,8.1,1759.75
2023-07-15T14:00:00Z,5.13,1121.2
2023-07-15T14:30:00Z,2.8,1721.75
2023-07-15T15:00:00Z,-7.43,1283.9
2023-07-15T15:30:00Z,-1.56,1103.3
2023-07-15T16:00:00Z,19.66,1290.4
2023-07-15T16:30:00Z,37.31,1211.95
2023-07-15T17:00:00Z,41.64,1510.5
2023-07-15T17:30:00Z,54.25,1415.55
2023-07-15T18:00:00Z,75.12,1168.85
2023-07-15T18:30:00Z,70.41,1004.65
2023-07-15T19:00:00Z,72.53,846.35
2023-07-15T19:30:00Z,73.26,1040.05
2023-07-15T20:00:00Z,65.72,977.4
2023-07-15T20:30:00Z,63.23,1252.2
2023-07-15T21:00:00Z,51.58,1181.7
2023-07-15T21:30:00Z,41.96,1317.55
2023-07-15T22:00:00Z,36.19,1205.7
2023-07-15T22:30:00Z,44.57,1485.2
2023-07-15T23:00:00Z,47.2,1466.5
2023-07-15T23:30:00Z,48.87,1535.05
2023-07-16T00:00:00Z,38.31,1035.9
2023-07-16T00:30:00Z,11.51,1085.55
2023-07-16T01:00:00Z,14.95,989.1
2023-07-16T01:30:00Z,-2.34,1064.45
2023-07-16T02:00:00Z,2.12,884.7
2023-07-16T02:30:00Z,30.65,1083.75
2023-07-16T03:00:00Z,46.33,864.05
2023-07-16T03:30:00Z,35.06,822.8
2023-07-16T04:00:00Z,22.89,958.7
2023-07-16T04:30:00Z,12.95,920.65
2023-07-16T05:00:00Z,5.3,1222.5
2023-07-16T05:30:00Z,11.14,1191.85
2023-07-16T06:00:00Z,2.74,1033.8
2023-07-16T06:30:00Z,0.55,846.6
2023-07-16T07:00:00Z,-8.64,861.4
2023-07-16T07:30:00Z,-3.8,800.15
2023-07-16T08:00:00Z,-13.91,730.75
2023-07-16T08:30:00Z,-5.82,936.25
2023-07-16T09:00:00Z,-4.4,950.6
2023-07-16T09:30:00Z,-9.81,987.85
2023-07-16T10:00:00Z,-19.42,940.6
2023-07-16T10:30:00Z,-19.99,1040.3
2023-07-16T11:00:00Z,-23.89,1278.75
2023-07-16T11:30:00Z,-26.920000000000005,1218.95
2023-07-16T12:00:00Z,-32.18,1226.8
2023-07-16T12:30:00Z,-31.1,1321.3
2023-07-16T13:00:00Z,-18.69,1251.1
2023-07-16T13:30:00Z,-19.3,1305.5
2023-07-16T14:00:00Z,-11.82,882.65
2023-07-16T14:30:00Z,-0.26,966.0
2023-07-16T15:00:00Z,7.7,1603.0
2023-07-16T15:30:00Z,36.4,1253.75
2023-07-16T16:00:00Z,39.05,1535.15
2023-07-16T16:30:00Z,45.68,1658.3
2023-07-16T17:00:00Z,67.44,1699.15
2023-07-16T17:30:00Z,57.89,2318.75
2023-07-16T18:00:00Z,85.68,1847.25
2023-07-16T18:30:00Z,76.37,1724.85
2023-07-16T19:00:00Z,85.32000000000001,1553.2
2023-07-16T19:30:00Z,86.47000000000001,1618.6
2023-07-16T20:00:00Z,90.17,1321.25
2023-07-16T20:30:00Z,92.44,1332.0
2023-07-16T21:00:00Z,94.28,1536.75
2023-07-16T21:30:00Z,84.6,1727.9
2023-07-16T22:00:00Z,61.93,1521.9
2023-07-16T22:30:00Z,66.73,1544.25
2023-07-16T23:00:00Z,66.76,1379.7
2023-07-16T23:30:00Z,57.19,1028.9
2023-07-17T00:00:00Z,53.65,1380.8
2023-07-17T00:30:00Z,52.07,1097.15
2023-07-17T01:00:00Z,48.15,1271.65
2023-07-17T01:30:00Z,45.43,1352.45
2023-07-17T02:00:00Z,39.85,971.15
2023-07-17T02:30:00Z,42.47,1138.9
2023-07-17T03:00:00Z,51.22,1200.25
2023-07-17T03:30:00Z,56.02,1614.5
2023-07-17T04:00:00Z,59.58,1060.05
2023-07-17T04:30:00Z,60.72,1004.85
2023-07-17T05:00:00Z,63.26,1062.5
2023-07-17T05:30:00Z,68.1,1379.7
2023-07-17T06:00:00Z,66.31,1191.3
2023-07-17T06:30:00Z,85.88,1241.55
2023-07-17T07:00:00Z,73.02,815.25
2023-07-17T07:30:00Z,83.94,1278.45
2023-07-17T08:00:00Z,63.34,1198.1
2023-07-17T08:30:00Z,59.95,1403.0
2023-07-17T09:00:00Z,43.36,1592.3
2023-07-17T09:30:00Z,49.57,1837.3
2023-07-17T10:00:00Z,57.02,2232.15
2023-07-17T10:30:00Z,60.279999999999994,2284.0
2023-07-17T11:00:00Z,44.08,2057.35
2023-07-17T11:30:00Z,39.24,2328.6
2023-07-17T12:00:00Z,39.07,2903.8
2023-07-17T12:30:00Z,35.55,2660.3
2023-07-17T13:00:00Z,29.72,2764.25
2023-07-17T13:30:00Z,24.15,2836.7
2023-07-17T14:00:00Z,43.67,2338.6
2023-07-17T14:30:00Z,48.78,2557.25
2023-07-17T15:00:00Z,60.42,2635.0
2023-07-17T15:30:00Z,60.97,3220.0
2023-07-17T16:00:00Z,45.77,2090.4
2023-07-17T16:30:00Z,45.35,2200.1
2023-07-17T17:00:00Z,81.24,2677.1
2023-07-17T17:30:00Z,80.77,2343.65
2023-07-17T18:00:00Z,76.34,2005.55
2023-07-17T18:30:00Z,89.39,2281.65
2023-07-17T19:00:00Z,96.11,2378.9
2023-07-17T19:30:00Z,89.48,2023.1
2023-07-17T20:00:00Z,91.25,1724.1
2023-07-17T20:30:00Z,93.73,1706.8
2023-07-17T21:00:00Z,94.73,1660.25
2023-07-17T21:30:00Z,73.32,1711.7
2023-07-17T22:00:00Z,66.96,1205.4
2023-07-17T22:30:00Z,62.64,1575.1
2023-07-17T23:00:00Z,59.51,1142.45
2023-07-17T23:30:00Z,62.50000000000001,1225.1
2023-07-18T00:00:00Z,62.17,965.85
2023-07-18T00:30:00Z,58.73,983.85
2023-07-18T01:00:00Z,57.33,1084.4
2023-07-18T01:30:00Z,59.12,988.05
2023-07-18T02:00:00Z,62.43,1146.4
2023-07-18T02:30:00Z,67.77,905.6
2023-07-18T03:00:00Z,72.27,984.0
2023-07-18T03:30:00Z,78.54,1208.6
2023-07-18T04:00:00Z,69.46,1036.2
2023-07-18T04:30:00Z,83.95,991.65
2023-07-18T05:00:00Z,83.34,978.3
2023-07-18T05:30:00Z,90.89,1381.65
2023-07-18T06:00:00Z,71.74,1148.95
2023-07-18T06:30:00Z,89.25,1449.15
2023-07-18T07:00:00Z,75.26,1117.9
2023-07-18T07:30:00Z,84.18,1387.1
2023-07-18T08:00:00Z,78.57,1119.4
2023-07-18T08:30:00Z,73.7,1154.2
2023-07-18T09:00:00Z,67.96,1030.4
2023-07-18T09:30:00Z,65.4,957.2
2023-07-18T10:00:00Z,60.220000000000006,1203.5
2023-07-18T10:30:00Z,59.54999999999999,1299.5
2023-07-18T11:00:00Z,72.92,1680.4
2023-07-18T11:30:00Z,74.18,1594.8
2023-07-18T12:00:00Z,71.22,1764.6
2023-07-18T12:30:00Z,73.02,1781.0
2023-07-18T13:00:00Z,81.01000000000002,1647.55
2023-07-18T13:30:00Z,79.7,1776.65
2023-07-18T14:00:00Z,79.49,1625.1
2023-07-18T14:30:00Z,86.26,1575.45
2023-07-18T15:00:00Z,83.13,1439.35
2023-07-18T15:30:00Z,92.15,1538.6
2023-07-18T16:00:00Z,114.18,2107.65
2023-07-18T16:30:00Z,114.14,2049.85
2023-07-18T17:00:00Z,139.42,1771.6
2023-07-18T17:30:00Z,140.77,1871.15
2023-07-18T18:00:00Z,189.37,1771.15
2023-07-18T18:30:00Z,185.43,1817.5
2023-07-18T19:00:00Z,173.74,1943.95
2023-07-18T19:30:00Z,165.07,1949.45
2023-07-18T20:00:00Z,120.88,1796.4
2023-07-18T20:30:00Z,114.39,1731.85
2023-07-18T21:00:00Z,122.72,1906.4
2023-07-18T21:30:00Z,104.34,1487.65
2023-07-18T22:00:00Z,99.75000000000001,1497.15
2023-07-18T22:30:00Z,85.88,919.25
2023-07-18T23:00:00Z,98.98000000000002,690.95
2023-07-18T23:30:00Z,94.21,799.05
2023-07-19T00:00:00Z,89.63,873.15
2023-07-19T00:30:00Z,94.52,816.0
2023-07-19T01:00:00Z,96.81,984.95
2023-07-19T01:30:00Z,82.58,934.7
2023-07-19T02:00:00Z,81.58,877.35
2023-07-19T02:30:00Z,76.3,766.35
2023-07-19T03:00:00Z,77.36,825.75
2023-07-19T03:30:00Z,75.7,1128.9
2023-07-19T04:00:00Z,79.42,938.4
2023-07-19T04:30:00Z,93.59,929.4
2023-07-19T05:00:00Z,94.67,975.6
2023-07-19T05:30:00Z,106.87,1395.85
2023-07-19T06:00:00Z,89.59,1666.9
2023-07-19T06:30:00Z,97.46,1828.2
2023-07-19T07:00:00Z,96.66,1566.5
2023-07-19T07:30:00Z,106.61,1856.35
2023-07-19T08:00:00Z,95.85,2331.15
2023-07-19T08:30:00Z,86.45,2000.7
2023-07-19T09:00:00Z,87.59,2122.05
2023-07-19T09:30:00Z,78.91,2222.9
2023-07-19T10:00:00Z,76.86,1771.9
2023-07-19T10:30:00Z,73.98,1772.15
2023-07-19T11:00:00Z,75.51,1907.85
2023-07-19T11:30:00Z,72.52,1894.45
2023-07-19T12:00:00Z,71.76,1467.7
2023-07-19T12:30:00Z,67.27,1387.0
2023-07-19T13:00:00Z,70.24,1451.2
2023-07-19T13:30:00Z,67.96,1430.45
2023-07-19T14:00:00Z,84.06,2269.2
2023-07-19T14:30:00Z,89.34,2093.8
2023-07-19T15:00:00Z,83.55,1790.55
2023-07-19T15:30:00Z,89.38,1707.85
2023-07-19T16:00:00Z,87.79999999999998,1626.5
2023-07-19T16:30:00Z,89.42,1734.55
2023-07-19T17:00:00Z,93.37,1347.1
2023-07-19T17:30:00Z,96.22000000000001,1376.95
2023-07-19T18:00:00Z,100.79,973.7
2023-07-19T18:30:00Z,99.35,859.8
2023-07-19T19:00:00Z,97.29,715.4
2023-07-19T19:30:00Z,96.53,684.35
2023-07-19T20:00:00Z,93.85,397.95
2023-07-19T20:30:00Z,92.47,386.0
2023-07-19T21:00:00Z,92.85,366.1
2023-07-19T21:30:00Z,91.71,368.95
2023-07-19T22:00:00Z,107.42999999999999,60.95
2023-07-19T22:30:00Z,59.26,456.8
2023-07-19T23:00:00Z,56.11,853.9
2023-07-19T23:30:00Z,68.98,600.15
2023-07-20T00:00:00Z,70.29,852.45
2023-07-20T00:30:00Z,63.53,469.3
2023-07-20T01:00:00Z,61.67,1057.95
2023-07-20T01:30:00Z,67.29,991.35
2023-07-20T02:00:00Z,69.16,1018.2
2023-07-20T02:30:00Z,64.84,1083.15
2023-07-20T03:00:00Z,59.78,913.1
2023-07-20T03:30:00Z,68.49,1021.9
2023-07-20T04:00:00Z,89.59,1321.5
2023-07-20T04:30:00Z,81.72,1255.55
2023-07-20T05:00:00Z,81.83,1148.2
2023-07-20T05:30:00Z,101.83,983.95
2023-07-20T06:00:00Z,89.25,1032.15
2023-07-20T06:30:00Z,100.33,1479.75
2023-07-20T07:00:00Z,91.31,1432.55
2023-07-20T07:30:00Z,93.75,1619.7
2023-07-20T08:00:00Z,78.12,2012.25
2023-07-20T08:30:00Z,76.52,2014.5
2023-07-20T09:00:00Z,72.58,1917.2
2023-07-20T09:30:00Z,70.45,1788.3
2023-07-20T10:00:00Z,72.77,1460.4
2023-07-20T10:30:00Z,79.93,1675.2
2023-07-20T11:00:00Z,75.36,1884.7
2023-07-20T11:30:00Z,78.92,2229.65
2023-07-20T12:00:00Z,78.29,2199.05
2023-07-20T12:30:00Z,76.46,1992.0
2023-07-20T13:00:00Z,77.43,1998.8
2023-07-20T13:30:00Z,81.36,2387.2
2023-07-20T14:00:00Z,87.21,2256.3
2023-07-20T14:30:00Z,86.93,2007.55
2023-07-20T15:00:00Z,87.88,2080.1
2023-07-20T15:30:00Z,91.49,2183.15
2023-07-20T16:00:00Z,93.99,2300.5
2023-07-20T16:30:00Z,94.18,2274.3
2023-07-20T17:00:00Z,107.83,2610.8
2023-07-20T17:30:00Z,107.36,2440.1
2023-07-20T18:00:00Z,112.71,2106.75
2023-07-20T18:30:00Z,110.79,2098.95
2023-07-20T19:00:00Z,107.81,1908.35
2023-07-20T19:30:00Z,108.79,1915.7
2023-07-20T20:00:00Z,108.02,1318.2
2023-07-20T20:30:00Z,106.42000000000002,1297.5
2023-07-20T21:00:00Z,99.0,1360.15
2023-07-20T21:30:00Z,91.17,1293.2
2023-07-20T22:00:00Z,99.54,698.4
2023-07-20T22:30:00Z,88.3,740.45
2023-07-20T23:00:00Z,90.6,864.05
2023-07-20T23:30:00Z,82.71,834.65
2023-07-21T00:00:00Z,78.95,734.85
2023-07-21T00:30:00Z,71.99,625.95
2023-07-21T01:00:00Z,71.56,891.65
2023-07-21T01:30:00Z,69.75,619.0
2023-07-21T02:00:00Z,77.1,659.25
2023-07-21T02:30:00Z,70.02,645.65
2023-07-21T03:00:00Z,73.55,679.0
2023-07-21T03:30:00Z,68.13,717.9
2023-07-21T04:00:00Z,71.41,894.7
2023-07-21T04:30:00Z,73.74,1014.6
2023-07-21T05:00:00Z,70.52,863.3
2023-07-21T05:30:00Z,84.84,1142.0
2023-07-21T06:00:00Z,81.63,1181.85
2023-07-21T06:30:00Z,96.24,1092.5
2023-07-21T07:00:00Z,83.46,1500.45
2023-07-21T07:30:00Z,86.69,1425.15
2023-07-21T08:00:00Z,85.55,1828.35
2023-07-21T08:30:00Z,85.57,2295.2
2023-07-21T09:00:00Z,80.28,2134.25
2023-07-21T09:30:00Z,77.12,2013.6
2023-07-21T10:00:00Z,74.18,2121.45
2023-07-21T10:30:00Z,72.52,1972.55
2023-07-21T11:00:00Z,72.99,1798.8
2023-07-21T11:30:00Z,72.39,1761.8
2023-07-21T12:00:00Z,74.61,2055.45
2023-07-21T12:30:00Z,77.97,2215.9
2023-07-21T13:00:00Z,71.13,2076.65
2023-07-21T13:30:00Z,70.06,2060.35
2023-07-21T14:00:00Z,70.99,1644.15
2023-07-21T14:30:00Z,72.86,1669.3
2023-07-21T15:00:00Z,67.61,1675.95
2023-07-21T15:30:00Z,72.84,1894.35
2023-07-21T16:00:00Z,72.26,1544.45
2023-07-21T16:30:00Z,72.12,1695.8
2023-07-21T17:00:00Z,89.74,1691.8
2023-07-21T17:30:00Z,94.03,2002.1
2023-07-21T18:00:00Z,87.57,2385.05
2023-07-21T18:30:00Z,91.06,2105.35
2023-07-21T19:00:00Z,95.51,1808.15
2023-07-21T19:30:00Z,87.01,2215.2
2023-07-21T20:00:00Z,92.07,1637.25
2023-07-21T20:30:00Z,90.31,1347.75
2023-07-21T21:00:00Z,94.5,1434.35
2023-07-21T21:30:00Z,83.84,1576.75
2023-07-21T22:00:00Z,85.71,899.15
2023-07-21T22:30:00Z,88.78,944.45
2023-07-21T23:00:00Z,94.74,608.75
2023-07-21T23:30:00Z,94.01,851.3
2023-07-22T00:00:00Z,72.72,821.8
2023-07-22T00:30:00Z,79.08,708.4
2023-07-22T01:00:00Z,72.23,691.6
2023-07-22T01:30:00Z,75.51,643.05
2023-07-22T02:00:00Z,70.55,524.4
2023-07-22T02:30:00Z,70.4,527.85
2023-07-22T03:00:00Z,79.08,636.45
2023-07-22T03:30:00Z,74.45,635.8
2023-07-22T04:00:00Z,89.01,664.4
2023-07-22T04:30:00Z,86.96,772.85
2023-07-22T05:00:00Z,81.17,1004.05
2023-07-22T05:30:00Z,87.85,943.45
2023-07-22T06:00:00Z,72.72,931.2
2023-07-22T06:30:00Z,88.77,1039.85
2023-07-22T07:00:00Z,79.47,1106.45
2023-07-22T07:30:00Z,90.06,1182.65
2023-07-22T08:00:00Z,104.42,1223.05
2023-07-22T08:30:00Z,101.58,1140.1
2023-07-22T09:00:00Z,100.52,1096.45
2023-07-22T09:30:00Z,91.14,1141.3
2023-07-22T10:00:00Z,93.62,1084.9
2023-07-22T10:30:00Z,98.69,1261.65
2023-07-22T11:00:00Z,92.68,1003.7
2023-07-22T11:30:00Z,85.9,920.65
2023-07-22T12:00:00Z,81.54,1134.5
2023-07-22T12:30:00Z,64.61,1124.85
2023-07-22T13:00:00Z,58.93,1085.6
2023-07-22T13:30:00Z,52.9,1228.7
2023-07-22T14:00:00Z,48.85,1889.5
2023-07-22T14:30:00Z,40.21,1771.95
2023-07-22T15:00:00Z,43.38,1634.45
2023-07-22T15:30:00Z,45.16,1595.65
2023-07-22T16:00:00Z,58.47,1411.8
2023-07-22T16:30:00Z,58.88000000000001,1398.75
2023-07-22T17:00:00Z,71.2,1386.5
2023-07-22T17:30:00Z,66.11,1196.5
2023-07-22T18:00:00Z,87.39,1142.65
2023-07-22T18:30:00Z,85.49,1167.35
2023-07-22T19:00:00Z,85.02,1018.55
2023-07-22T19:30:00Z,86.85,1048.85
2023-07-22T20:00:00Z,85.79,1068.6
2023-07-22T20:30:00Z,88.09,1171.35
2023-07-22T21:00:00Z,83.02,1234.2
2023-07-22T21:30:00Z,78.16,1493.95
2023-07-22T22:00:00Z,56.9,1118.05
2023-07-22T22:30:00Z,65.5,990.35
2023-07-22T23:00:00Z,36.31,843.25
2023-07-22T23:30:00Z,29.799999999999997,913.85
2023-07-23T00:00:00Z,17.19,842.05
2023-07-23T00:30:00Z,13.08,974.8
2023-07-23T01:00:00Z,5.97,1049.65
2023-07-23T01:30:00Z,1.89,1029.25
2023-07-23T02:00:00Z,-17.32,991.05
2023-07-23T02:30:00Z,-22.38,1197.1
2023-07-23T03:00:00Z,-23.61,1292.8
2023-07-23T03:30:00Z,-27.39,1397.3
2023-07-23T04:00:00Z,-36.81,1204.9
2023-07-23T04:30:00Z,-39.09,1268.7
2023-07-23T05:00:00Z,-39.25,1470.8
2023-07-23T05:30:00Z,-38.73,1443.15
2023-07-23T06:00:00Z,-35.66,1589.9
2023-07-23T06:30:00Z,-32.25,1529.25
2023-07-23T07:00:00Z,-32.39,1645.55
2023-07-23T07:30:00Z,-27.14,1938.25
2023-07-23T08:00:00Z,-20.460000000000004,1623.8
2023-07-23T08:30:00Z,-17.18,1822.15
2023-07-23T09:00:00Z,-6.55,1989.85
2023-07-23T09:30:00Z,-5.87,1999.95
2023-07-23T10:00:00Z,-4.53,1963.95
2023-07-23T10:30:00Z,-3.69,1911.75
2023-07-23T11:00:00Z,-1.05,1800.05
2023-07-23T11:30:00Z,-2.02,2103.9
2023-07-23T12:00:00Z,5.56,1887.9
2023-07-23T12:30:00Z,4.92,1957.6
2023-07-23T13:00:00Z,3.51,1995.35
2023-07-23T13:30:00Z,12.81,2300.6
2023-07-23T14:00:00Z,42.65,2052.85
2023-07-23T14:30:00Z,59.02,2093.55
2023-07-23T15:00:00Z,62.17,2026.8
2023-07-23T15:30:00Z,57.71,1879.0
2023-07-23T16:00:00Z,69.44,1566.05
2023-07-23T16:30:00Z,76.62,1289.75
2023-07-23T17:00:00Z,81.75,1509.3
2023-07-23T17:30:00Z,84.75,1488.25
2023-07-23T18:00:00Z,83.49,1343.65
2023-07-23T18:30:00Z,79.78,1345.45
2023-07-23T19:00:00Z,85.05999999999999,1673.25
2023-07-23T19:30:00Z,83.25,1467.25
2023-07-23T20:00:00Z,87.45,1197.45
2023-07-23T20:30:00Z,75.6,1092.65
2023-07-23T21:00:00Z,83.91,1134.5
2023-07-23T21:30:00Z,63.35,955.2
2023-07-23T22:00:00Z,74.6,1262.3
2023-07-23T22:30:00Z,61.78999999999999,1095.35
2023-07-23T23:00:00Z,64.78,1310.65
2023-07-23T23:30:00Z,58.44,1488.05
2023-07-24T00:00:00Z,61.17,1569.9
2023-07-24T00:30:00Z,60.959999999999994,1567.7
2023-07-24T01:00:00Z,68.19,1583.65
2023-07-24T01:30:00Z,72.84,1769.75
2023-07-24T02:00:00Z,69.82,1509.5
2023-07-24T02:30:00Z,72.32,1331.7
2023-07-24T03:00:00Z,76.35,1246.0
2023-07-24T03:30:00Z,77.87,1405.25
2023-07-24T04:00:00Z,97.91,794.5
2023-07-24T04:30:00Z,95.10999999999999,780.45
2023-07-24T05:00:00Z,94.3,991.45
2023-07-24T05:30:00Z,95.52,1265.2
2023-07-24T06:00:00Z,110.48,989.55
2023-07-24T06:30:00Z,121.71000000000001,1315.9
2023-07-24T07:00:00Z,102.27,1538.85
2023-07-24T07:30:00Z,109.51,1588.55
2023-07-24T08:00:00Z,104.37,1519.9
2023-07-24T08:30:00Z,107.72,1909.3
2023-07-24T09:00:00Z,105.6,1999.9
2023-07-24T09:30:00Z,99.48,2090.2
2023-07-24T10:00:00Z,96.46,2208.85
2023-07-24T10:30:00Z,90.68,2100.45
2023-07-24T11:00:00Z,87.97,2078.55
2023-07-24T11:30:00Z,80.74,2322.9
2023-07-24T12:00:00Z,81.53,2066.55
2023-07-24T12:30:00Z,81.98,2163.1
2023-07-24T13:00:00Z,78.82,2186.6
2023-07-24T13:30:00Z,79.66,2357.7
2023-07-24T14:00:00Z,85.6,2068.4
2023-07-24T14:30:00Z,83.29,2058.85
2023-07-24T15:00:00Z,87.68,2016.6
2023-07-24T15:30:00Z,96.57,2131.8
2023-07-24T16:00:00Z,104.58,2547.0
2023-07-24T16:30:00Z,105.34,2747.35
2023-07-24T17:00:00Z,105.78,2490.6
2023-07-24T17:30:00Z,105.63,2568.25
2023-07-24T18:00:00Z,112.54,1703.3
2023-07-24T18:30:00Z,111.35,2033.7
2023-07-24T19:00:00Z,113.03000000000002,1780.75
2023-07-24T19:30:00Z,113.52,1767.95
2023-07-24T20:00:00Z,109.83,1952.0
2023-07-24T20:30:00Z,106.0,1783.2
2023-07-24T21:00:00Z,103.61,1937.4
2023-07-24T21:30:00Z,102.54,2310.0
2023-07-24T22:00:00Z,101.64,990.5
2023-07-24T22:30:00Z,90.78,1154.35
2023-07-24T23:00:00Z,92.34,1052.2
2023-07-24T23:30:00Z,81.95,982.45
2023-07-25T00:00:00Z,79.66,956.65
2023-07-25T00:30:00Z,79.22,895.8
2023-07-25T01:00:00Z,79.72,963.0
2023-07-25T01:30:00Z,75.45,825.15
2023-07-25T02:00:00Z,71.15,674.95
2023-07-25T02:30:00Z,69.73,741.75
2023-07-25T03:00:00Z,74.12,674.55
2023-07-25T03:30:00Z,74.33,931.75
2023-07-25T04:00:00Z,77.71,956.95
2023-07-25T04:30:00Z,71.34,879.4
2023-07-25T05:00:00Z,83.69,1109.1
2023-07-25T05:30:00Z,90.57,1368.3
2023-07-25T06:00:00Z,87.84,1064.45
2023-07-25T06:30:00Z,96.98,1195.4
2023-07-25T07:00:00Z,92.82,1521.6
2023-07-25T07:30:00Z,94.56,1479.75
2023-07-25T08:00:00Z,93.58,1681.7
2023-07-25T08:30:00Z,88.97,1811.25
2023-07-25T09:00:00Z,87.51000000000002,1642.4
2023-07-25T09:30:00Z,86.32,1768.1
2023-07-25T10:00:00Z,78.84,1405.9
2023-07-25T10:30:00Z,83.84,1767.35
2023-07-25T11:00:00Z,79.97,1400.35
2023-07-25T11:30:00Z,82.66,1533.55
2023-07-25T12:00:00Z,80.34,1560.55
2023-07-25T12:30:00Z,72.9,1568.6
2023-07-25T13:00:00Z,76.83,1714.75
2023-07-25T13:30:00Z,71.2,1446.0
2023-07-25T14:00:00Z,72.68,1184.3
2023-07-25T14:30:00Z,73.56,1133.15
2023-07-25T15:00:00Z,72.83,1440.5
2023-07-25T15:30:00Z,78.22,1623.1
2023-07-25T16:00:00Z,80.06999999999998,1648.75
2023-07-25T16:30:00Z,86.25,1951.55
2023-07-25T17:00:00Z,91.83,2028.5
2023-07-25T17:30:00Z,95.26,1881.3
2023-07-25T18:00:00Z,97.84,1882.7
2023-07-25T18:30:00Z,97.72,1712.45
2023-07-25T19:00:00Z,96.78,1668.1
2023-07-25T19:30:00Z,96.81999999999998,1733.3
2023-07-25T20:00:00Z,96.56,1730.3
2023-07-25T20:30:00Z,89.8,1601.7
2023-07-25T21:00:00Z,96.14,1535.9
2023-07-25T21:30:00Z,80.7,1508.15
2023-07-25T22:00:00Z,108.63,829.2
2023-07-25T22:30:00Z,98.64,688.95
2023-07-25T23:00:00Z,90.84,881.45
2023-07-25T23:30:00Z,84.02,901.9
2023-07-26T00:00:00Z,86.35000000000001,862.85
2023-07-26T00:30:00Z,84.73,1044.85
2023-07-26T01:00:00Z,77.29,1388.05
2023-07-26T01:30:00Z,73.75,1569.1
2023-07-26T02:00:00Z,77.58,1096.15
2023-07-26T02:30:00Z,74.34,934.4
2023-07-26T03:00:00Z,78.04,1012.5
2023-07-26T03:30:00Z,77.96,979.6
2023-07-26T04:00:00Z,90.07,707.1
2023-07-26T04:30:00Z,92.22,638.7
2023-07-26T05:00:00Z,82.76,919.65
2023-07-26T05:30:00Z,100.54000000000002,822.9
2023-07-26T06:00:00Z,85.18,1261.1
2023-07-26T06:30:00Z,99.93,1214.3
2023-07-26T07:00:00Z,85.95,1282.25
2023-07-26T07:30:00Z,95.33,1414.85
2023-07-26T08:00:00Z,92.42,1391.7
2023-07-26T08:30:00Z,81.24,1486.0
2023-07-26T09:00:00Z,76.48,1225.1
2023-07-26T09:30:00Z,73.06,1211.5
2023-07-26T10:00:00Z,62.970000000000006,1139.9
2023-07-26T10:30:00Z,66.54,1339.15
2023-07-26T11:00:00Z,67.59,1526.8
2023-07-26T11:30:00Z,64.07,1171.4
2023-07-26T12:00:00Z,63.97,1688.45
2023-07-26T12:30:00Z,64.62,1814.6
2023-07-26T13:00:00Z,65.18,1871.9
2023-07-26T13:30:00Z,64.25,2021.65
2023-07-26T14:00:00Z,66.53,1723.3
2023-07-26T14:30:00Z,71.12,1768.05
2023-07-26T15:00:00Z,78.4,2205.6
2023-07-26T15:30:00Z,79.63,2467.7
2023-07-26T16:00:00Z,84.74,2266.45
2023-07-26T16:30:00Z,83.08,2285.25
2023-07-26T17:00:00Z,93.49,1961.2
2023-07-26T17:30:00Z,86.35,2527.65
2023-07-26T18:00:00Z,91.56,1792.1
2023-07-26T18:30:00Z,88.65,2203.8
2023-07-26T19:00:00Z,90.92000000000002,1710.2
2023-07-26T19:30:00Z,82.19000000000001,1879.0
2023-07-26T20:00:00Z,84.12,2385.2
2023-07-26T20:30:00Z,86.93,2070.15
2023-07-26T21:00:00Z,81.03,1881.35
2023-07-26T21:30:00Z,81.3,2681.6
2023-07-26T22:00:00Z,74.31000000000002,1004.15
2023-07-26T22:30:00Z,81.22,1358.75
2023-07-26T23:00:00Z,73.97,1139.85
2023-07-26T23:30:00Z,73.16,1090.0
2023-07-27T00:00:00Z,63.37,1244.55
2023-07-27T00:30:00Z,62.51,1274.45
2023-07-27T01:00:00Z,62.56,1530.0
2023-07-27T01:30:00Z,59.93,1569.15
2023-07-27T02:00:00Z,62.0,1037.4
2023-07-27T02:30:00Z,61.02,1200.55
2023-07-27T03:00:00Z,69.08,1252.05
2023-07-27T03:30:00Z,69.36,1101.05
2023-07-27T04:00:00Z,73.33,1050.4
2023-07-27T04:30:00Z,69.65,1433.15
2023-07-27T05:00:00Z,77.78,1166.5
2023-07-27T05:30:00Z,73.37,1254.95
2023-07-27T06:00:00Z,83.92,1241.25
2023-07-27T06:30:00Z,99.67,1651.5
2023-07-27T07:00:00Z,77.89,1652.05
2023-07-27T07:30:00Z,98.02,1909.05
2023-07-27T08:00:00Z,93.14,2161.0
2023-07-27T08:30:00Z,95.59000000000002,2020.15
2023-07-27T09:00:00Z,96.52,2380.1
2023-07-27T09:30:00Z,93.87,2249.15
2023-07-27T10:00:00Z,87.51,2334.85
2023-07-27T10:30:00Z,82.08,2432.55
2023-07-27T11:00:00Z,82.71,2333.6
2023-07-27T11:30:00Z,76.96,2382.35
2023-07-27T12:00:00Z,72.04,2281.25
2023-07-27T12:30:00Z,68.51,2292.45
2023-07-27T13:00:00Z,70.43,2722.75
2023-07-27T13:30:00Z,73.05,2313.0
2023-07-27T14:00:00Z,71.06,1949.4
2023-07-27T14:30:00Z,80.51,2024.25
2023-07-27T15:00:00Z,83.79,1937.1
2023-07-27T15:30:00Z,85.01,1852.7
2023-07-27T16:00:00Z,94.24,2063.5
2023-07-27T16:30:00Z,98.91,2015.45
2023-07-27T17:00:00Z,95.49,1945.0
2023-07-27T17:30:00Z,93.59,2012.4
2023-07-27T18:00:00Z,96.91,1809.6
2023-07-27T18:30:00Z,96.57,1566.3
2023-07-27T19:00:00Z,98.19,1284.4
2023-07-27T19:30:00Z,95.49,1208.85
2023-07-27T20:00:00Z,99.78999999999999,1325.65
2023-07-27T20:30:00Z,96.46,1141.35
2023-07-27T21:00:00Z,92.18,1252.45
2023-07-27T21:30:00Z,83.49,1172.85
2023-07-27T22:00:00Z,86.44,1004.7
2023-07-27T22:30:00Z,74.94,930.5
2023-07-27T23:00:00Z,84.79,957.45
2023-07-27T23:30:00Z,70.69,1102.25
2023-07-28T00:00:00Z,72.22,782.8
2023-07-28T00:30:00Z,68.13,746.75
2023-07-28T01:00:00Z,79.14,739.05
2023-07-28T01:30:00Z,74.28,762.95
2023-07-28T02:00:00Z,72.06,535.5
2023-07-28T02:30:00Z,71.44,717.55
2023-07-28T03:00:00Z,71.99,592.35
2023-07-28T03:30:00Z,70.83,861.55
2023-07-28T04:00:00Z,74.07,511.5
2023-07-28T04:30:00Z,69.41,697.25
2023-07-28T05:00:00Z,67.65,731.6
2023-07-28T05:30:00Z,89.64,969.55
2023-07-28T06:00:00Z,74.56,968.65
2023-07-28T06:30:00Z,90.43,1126.5
2023-07-28T07:00:00Z,89.88,990.3
2023-07-28T07:30:00Z,94.76,1183.15
2023-07-28T08:00:00Z,90.3,1293.5
2023-07-28T08:30:00Z,89.71,1376.15
2023-07-28T09:00:00Z,97.83,1846.4
2023-07-28T09:30:00Z,92.18,1903.55
2023-07-28T10:00:00Z,83.22,1289.4
2023-07-28T10:30:00Z,86.34,1509.55
2023-07-28T11:00:00Z,96.98,1758.15
2023-07-28T11:30:00Z,84.58,2065.3
2023-07-28T12:00:00Z,79.19,2215.0
2023-07-28T12:30:00Z,68.31,2437.8
2023-07-28T13:00:00Z,70.01,2656.5
2023-07-28T13:30:00Z,61.43,2298.05
2023-07-28T14:00:00Z,75.02,2304.6
2023-07-28T14:30:00Z,70.9,2264.5
2023-07-28T15:00:00Z,73.36,2369.05
2023-07-28T15:30:00Z,83.53,2479.45
2023-07-28T16:00:00Z,77.99,2769.8
2023-07-28T16:30:00Z,82.42,2637.45
2023-07-28T17:00:00Z,92.51,2613.9
2023-07-28T17:30:00Z,95.62000000000002,3110.25
2023-07-28T18:00:00Z,101.44,2191.85
2023-07-28T18:30:00Z,98.66,2255.85
2023-07-28T19:00:00Z,94.0,2166.85
2023-07-28T19:30:00Z,91.49,2213.35
2023-07-28T20:00:00Z,93.86,2033.9
2023-07-28T20:30:00Z,91.57,1805.35
2023-07-28T21:00:00Z,92.89,1568.3
2023-07-28T21:30:00Z,83.93,1919.0
2023-07-28T22:00:00Z,67.27,2182.9
2023-07-28T22:30:00Z,77.46,1391.85
2023-07-28T23:00:00Z,74.84,1151.45
2023-07-28T23:30:00Z,71.22,1213.15
2023-07-29T00:00:00Z,63.61999999999999,1283.3
2023-07-29T00:30:00Z,69.44,1269.2
2023-07-29T01:00:00Z,61.68000000000001,1246.45
2023-07-29T01:30:00Z,67.13,1261.8
2023-07-29T02:00:00Z,72.65,1166.35
2023-07-29T02:30:00Z,80.23,1387.8
2023-07-29T03:00:00Z,74.87,1226.3
2023-07-29T03:30:00Z,73.93,1253.85
2023-07-29T04:00:00Z,72.23,1097.2
2023-07-29T04:30:00Z,75.27,1216.3
2023-07-29T05:00:00Z,67.39,1306.85
2023-07-29T05:30:00Z,72.21,1298.45
2023-07-29T06:00:00Z,71.1,1107.85
2023-07-29T06:30:00Z,74.81,1171.65
2023-07-29T07:00:00Z,68.22,1119.65
2023-07-29T07:30:00Z,67.76,1199.3
2023-07-29T08:00:00Z,63.63,1512.55
2023-07-29T08:30:00Z,70.21,1617.6
2023-07-29T09:00:00Z,59.84,1300.75
2023-07-29T09:30:00Z,63.830000000000005,1431.7
2023-07-29T10:00:00Z,66.72,1702.5
2023-07-29T10:30:00Z,54.11,1779.6
2023-07-29T11:00:00Z,40.04,1654.4
2023-07-29T11:30:00Z,34.74,1622.25
2023-07-29T12:00:00Z,30.15,1667.6
2023-07-29T12:30:00Z,24.06,1522.25
2023-07-29T13:00:00Z,24.99,1532.1
2023-07-29T13:30:00Z,24.6,1393.9
2023-07-29T14:00:00Z,36.53,1328.15
2023-07-29T14:30:00Z,46.09,1263.35
2023-07-29T15:00:00Z,38.68,1700.75
2023-07-29T15:30:00Z,59.19,1373.2
2023-07-29T16:00:00Z,75.27,1473.1
2023-07-29T16:30:00Z,74.13,1939.2
2023-07-29T17:00:00Z,72.41,1794.0
2023-07-29T17:30:00Z,69.92,1823.9
2023-07-29T18:00:00Z,77.0,1548.25
2023-07-29T18:30:00Z,78.77,1411.55
2023-07-29T19:00:00Z,81.58,1421.95
2023-07-29T19:30:00Z,77.69,1291.55
2023-07-29T20:00:00Z,79.09,1400.85
2023-07-29T20:30:00Z,81.14,1314.0
2023-07-29T21:00:00Z,85.49,1211.9
2023-07-29T21:30:00Z,75.12,1347.5
2023-07-29T22:00:00Z,78.95,1186.7
2023-07-29T22:30:00Z,86.97,1113.45
2023-07-29T23:00:00Z,89.97,1211.4
2023-07-29T23:30:00Z,75.49,1377.75
2023-07-30T00:00:00Z,64.2,1524.55
2023-07-30T00:30:00Z,56.309999999999995,1595.25
2023-07-30T01:00:00Z,60.940000000000005,1127.15
2023-07-30T01:30:00Z,58.17,1302.05
2023-07-30T02:00:00Z,63.29,922.65
2023-07-30T02:30:00Z,73.48,1107.15
2023-07-30T03:00:00Z,71.08,1238.7
2023-07-30T03:30:00Z,61.44,1261.45
2023-07-30T04:00:00Z,63.550000000000004,770.9
2023-07-30T04:30:00Z,63.82,1012.9
2023-07-30T05:00:00Z,42.91,969.65
2023-07-30T05:30:00Z,42.4,1135.7
2023-07-30T06:00:00Z,40.95,1005.9
2023-07-30T06:30:00Z,38.44,929.85
2023-07-30T07:00:00Z,12.32,1032.35
2023-07-30T07:30:00Z,10.65,1076.95
2023-07-30T08:00:00Z,-0.18,1127.3
2023-07-30T08:30:00Z,-0.9500000000000001,1211.0
2023-07-30T09:00:00Z,2.93,1265.6
2023-07-30T09:30:00Z,7.32,1527.95
2023-07-30T10:00:00Z,-3.69,1276.8
2023-07-30T10:30:00Z,-1.8999999999999997,1272.65
2023-07-30T11:00:00Z,-0.20999999999999996,1363.9
2023-07-30T11:30:00Z,10.59,1537.65
2023-07-30T12:00:00Z,14.2,1688.95
2023-07-30T12:30:00Z,16.44,1541.9
2023-07-30T13:00:00Z,17.11,1290.45
2023-07-30T13:30:00Z,19.62,1582.35
2023-07-30T14:00:00Z,27.91,1110.85
2023-07-30T14:30:00Z,54.33,1563.55
2023-07-30T15:00:00Z,78.28,1417.25
2023-07-30T15:30:00Z,81.73,1892.2
2023-07-30T16:00:00Z,95.35,1317.8
2023-07-30T16:30:00Z,96.2,1784.65
2023-07-30T17:00:00Z,82.0,1521.1
2023-07-30T17:30:00Z,85.5,1573.2
2023-07-30T18:00:00Z,80.95,1489.95
2023-07-30T18:30:00Z,70.18,1435.55
2023-07-30T19:00:00Z,75.26,1245.75
2023-07-30T19:30:00Z,70.3,1282.9
2023-07-30T20:00:00Z,80.24,1539.45
2023-07-30T20:30:00Z,82.05,1541.2
2023-07-30T21:00:00Z,81.51,1616.95
2023-07-30T21:30:00Z,69.59,1297.75
2023-07-30T22:00:00Z,45.68999999999999,868.85
2023-07-30T22:30:00Z,41.76,686.35
2023-07-30T23:00:00Z,26.12,926.4
2023-07-30T23:30:00Z,22.67,1002.1
2023-07-31T00:00:00Z,26.210000000000004,898.05
2023-07-31T00:30:00Z,25.63,1019.85
2023-07-31T01:00:00Z,19.72,1005.55
2023-07-31T01:30:00Z,18.65,1326.25
2023-07-31T02:00:00Z,44.21,1071.65
2023-07-31T02:30:00Z,0.0,0.0
2023-07-31T03:00:00Z,46.67,1296.9
2023-07-31T03:30:00Z,48.02,1478.3
2023-07-31T04:00:00Z,59.32999999999999,1166.15
2023-07-31T04:30:00Z,55.90999999999999,1204.65
2023-07-31T05:00:00Z,66.19,1376.15
2023-07-31T05:30:00Z,55.87,1398.35
2023-07-31T06:00:00Z,53.72,983.3
2023-07-31T06:30:00Z,70.83,1618.75
2023-07-31T07:00:00Z,54.559999999999995,1267.45
2023-07-31T07:30:00Z,58.57,1491.2
2023-07-31T08:00:00Z,60.73,1758.45
2023-07-31T08:30:00Z,80.45,2486.55
2023-07-31T09:00:00Z,73.81,2224.15
2023-07-31T09:30:00Z,77.12,2491.6
2023-07-31T10:00:00Z,80.65,1900.9
2023-07-31T10:30:00Z,83.82,1973.7
2023-07-31T11:00:00Z,91.89,2207.9
2023-07-31T11:30:00Z,90.3,2246.75
2023-07-31T12:00:00Z,77.75,2914.05
2023-07-31T12:30:00Z,66.71,2803.15
2023-07-31T13:00:00Z,71.17,2683.5
2023-07-31T13:30:00Z,72.21,3072.8
2023-07-31T14:00:00Z,64.84,2688.35
2023-07-31T14:30:00Z,60.92999999999999,2157.55
2023-07-31T15:00:00Z,61.13,1903.9
2023-07-31T15:30:00Z,61.75999999999999,2176.5
2023-07-31T16:00:00Z,64.58,1625.8
2023-07-31T16:30:00Z,66.84,1631.9
2023-07-31T17:00:00Z,75.57000000000001,1870.1
2023-07-31T17:30:00Z,77.25,1982.75
2023-07-31T18:00:00Z,75.49,1666.85
2023-07-31T18:30:00Z,75.95,1607.7
2023-07-31T19:00:00Z,74.88,1422.0
2023-07-31T19:30:00Z,71.85,1211.3
2023-07-31T20:00:00Z,72.29,1542.5
2023-07-31T20:30:00Z,68.12,1457.4
2023-07-31T21:00:00Z,79.69,1757.5
2023-07-31T21:30:00Z,72.77,1777.5
2023-07-31T22:00:00Z,61.129999999999995,1172.95
2023-07-31T22:30:00Z,52.47,1088.3
2023-07-31T23:00:00Z,56.87,1742.5
2023-07-31T23:30:00Z,59.60999999999999,1667.8
2023-08-01T00:00:00Z,63.82,1745.35
2023-08-01T00:30:00Z,56.68,1635.8
2023-08-01T01:00:00Z,53.37,1311.6
2023-08-01T01:30:00Z,50.760000000000005,1334.55
2023-08-01T02:00:00Z,49.69,887.3
2023-08-01T02:30:00Z,48.3,946.9
2023-08-01T03:00:00Z,53.64,1274.85
2023-08-01T03:30:00Z,52.11000000000001,1434.55
2023-08-01T04:00:00Z,47.16,940.25
2023-08-01T04:30:00Z,41.74,1496.45
2023-08-01T05:00:00Z,47.14999999999999,1606.5
2023-08-01T05:30:00Z,62.57,1465.3
2023-08-01T06:00:00Z,64.85,1302.95
2023-08-01T06:30:00Z,73.74,1603.2
2023-08-01T07:00:00Z,54.230000000000004,1387.7
2023-08-01T07:30:00Z,61.98,1895.65
2023-08-01T08:00:00Z,49.35,1548.75
2023-08-01T08:30:00Z,55.26,1811.35
2023-08-01T09:00:00Z,49.62,1947.5
2023-08-01T09:30:00Z,53.82,1906.65
2023-08-01T10:00:00Z,49.34,1697.45
2023-08-01T10:30:00Z,58.55,1642.85
2023-08-01T11:00:00Z,54.14,1704.7
2023-08-01T11:30:00Z,52.61,1505.6
2023-08-01T12:00:00Z,51.019999999999996,1434.7
2023-08-01T12:30:00Z,54.06,1867.9
2023-08-01T13:00:00Z,44.309999999999995,1976.6
2023-08-01T13:30:00Z,51.66,2361.65
2023-08-01T14:00:00Z,61.27,1954.8
2023-08-01T14:30:00Z,62.23,1487.5
2023-08-01T15:00:00Z,68.75,1734.0
2023-08-01T15:30:00Z,82.58,1562.0
2023-08-01T16:00:00Z,100.04,2052.2
2023-08-01T16:30:00Z,108.08,2359.8
2023-08-01T17:00:00Z,105.25,2076.5
2023-08-01T17:30:00Z,108.55,1931.65
2023-08-01T18:00:00Z,109.41,1856.25
2023-08-01T18:30:00Z,102.42,1686.25
2023-08-01T19:00:00Z,97.64,2111.65
2023-08-01T19:30:00Z,93.29,1936.45
2023-08-01T20:00:00Z,98.56,1546.55
2023-08-01T20:30:00Z,79.83,1275.25
2023-08-01T21:00:00Z,90.11,1296.65
2023-08-01T21:30:00Z,77.84,1575.05
2023-08-01T22:00:00Z,58.71,1405.15
2023-08-01T22:30:00Z,75.76,1083.7
2023-08-01T23:00:00Z,72.45,1267.15
2023-08-01T23:30:00Z,61.209999999999994,1203.25
2023-08-02T00:00:00Z,57.79,1222.65
2023-08-02T00:30:00Z,56.06,1528.15
2023-08-02T01:00:00Z,55.72,1194.95
2023-08-02T01:30:00Z,48.91,1294.6
2023-08-02T02:00:00Z,54.0,1004.95
2023-08-02T02:30:00Z,46.64,1001.55
2023-08-02T03:00:00Z,47.71,1147.45
2023-08-02T03:30:00Z,40.64,1429.1
2023-08-02T04:00:00Z,43.95,1440.45
2023-08-02T04:30:00Z,50.28,1526.0
2023-08-02T05:00:00Z,53.08,1497.35
2023-08-02T05:30:00Z,63.42,1595.4
2023-08-02T06:00:00Z,77.34,1633.3
2023-08-02T06:30:00Z,75.46,2257.3
2023-08-02T07:00:00Z,59.36,1513.55
2023-08-02T07:30:00Z,63.77,1980.75
2023-08-02T08:00:00Z,57.35,1794.25
2023-08-02T08:30:00Z,56.39,1811.5
2023-08-02T09:00:00Z,59.029999999999994,2475.3
2023-08-02T09:30:00Z,61.63,2294.6
2023-08-02T10:00:00Z,58.4,2011.35
2023-08-02T10:30:00Z,56.8,1859.75
2023-08-02T11:00:00Z,56.25,2121.55
2023-08-02T11:30:00Z,66.55,2790.75
2023-08-02T12:00:00Z,65.31,2809.25
2023-08-02T12:30:00Z,58.93,2896.35
2023-08-02T13:00:00Z,58.51,3247.45
2023-08-02T13:30:00Z,60.43000000000001,2769.8
2023-08-02T14:00:00Z,68.69,1772.7
2023-08-02T14:30:00Z,74.64,1688.85
2023-08-02T15:00:00Z,74.83,1712.75
2023-08-02T15:30:00Z,83.24,1794.95
2023-08-02T16:00:00Z,89.56,2106.05
2023-08-02T16:30:00Z,97.49,2247.4
2023-08-02T17:00:00Z,90.83,2669.0
2023-08-02T17:30:00Z,86.72,2564.9
2023-08-02T18:00:00Z,96.12,1919.45
2023-08-02T18:30:00Z,98.23,2153.7
2023-08-02T19:00:00Z,92.42,1883.1
2023-08-02T19:30:00Z,82.83999999999999,1655.55
2023-08-02T20:00:00Z,64.09,1368.55
2023-08-02T20:30:00Z,56.26,1256.85
2023-08-02T21:00:00Z,60.2,1995.1
2023-08-02T21:30:00Z,67.78,1759.6
2023-08-02T22:00:00Z,57.59,1068.05
2023-08-02T22:30:00Z,59.69,991.8
2023-08-02T23:00:00Z,37.28,1003.05
2023-08-02T23:30:00Z,45.34,1287.25
2023-08-03T00:00:00Z,50.24,1288.15
2023-08-03T00:30:00Z,63.18,1587.8
2023-08-03T01:00:00Z,63.99,1719.0
2023-08-03T01:30:00Z,57.91,1688.5
2023-08-03T02:00:00Z,43.0,1285.45
2023-08-03T02:30:00Z,42.21,1512.15
2023-08-03T03:00:00Z,49.89,1866.65
2023-08-03T03:30:00Z,53.73,1960.65
2023-08-03T04:00:00Z,65.01,1662.4
2023-08-03T04:30:00Z,63.28000000000001,2163.6
2023-08-03T05:00:00Z,70.01,1896.45
2023-08-03T05:30:00Z,68.43,2295.85
2023-08-03T06:00:00Z,75.22,1699.55
2023-08-03T06:30:00Z,85.91,1697.15
2023-08-03T07:00:00Z,88.05,1997.3
2023-08-03T07:30:00Z,85.7,2007.75
2023-08-03T08:00:00Z,83.36,1371.6
2023-08-03T08:30:00Z,74.86,1286.35
2023-08-03T09:00:00Z,76.37,1476.65
2023-08-03T09:30:00Z,65.6,1590.25
2023-08-03T10:00:00Z,70.22,1597.55
2023-08-03T10:30:00Z,82.3,1905.4
2023-08-03T11:00:00Z,86.32,1830.3
2023-08-03T11:30:00Z,93.35,1823.45
2023-08-03T12:00:00Z,105.73,2032.25
2023-08-03T12:30:00Z,98.94,2265.4
2023-08-03T13:00:00Z,98.26,2539.4
2023-08-03T13:30:00Z,96.85,2608.8
2023-08-03T14:00:00Z,81.7,2037.3
2023-08-03T14:30:00Z,83.15,2494.2
2023-08-03T15:00:00Z,83.24,2012.4
2023-08-03T15:30:00Z,80.47,2148.35
2023-08-03T16:00:00Z,78.86,2702.95
2023-08-03T16:30:00Z,84.04,2599.0
2023-08-03T17:00:00Z,89.56,2280.3
2023-08-03T17:30:00Z,89.57,2389.45
2023-08-03T18:00:00Z,102.33,1813.25
2023-08-03T18:30:00Z,100.35,1864.35
2023-08-03T19:00:00Z,97.34,1934.65
2023-08-03T19:30:00Z,95.36,1990.6
2023-08-03T20:00:00Z,95.25000000000001,1558.2
2023-08-03T20:30:00Z,89.12,1636.8
2023-08-03T21:00:00Z,87.76,1436.6
2023-08-03T21:30:00Z,76.73,1577.1
2023-08-03T22:00:00Z,85.92,1325.05
2023-08-03T22:30:00Z,76.62,1104.95
2023-08-03T23:00:00Z,74.13,1061.35
2023-08-03T23:30:00Z,66.28,969.15
2023-08-04T00:00:00Z,73.67,1157.7
2023-08-04T00:30:00Z,78.36,1350.35
2023-08-04T01:00:00Z,73.46,1180.2
2023-08-04T01:30:00Z,72.33,1334.95
2023-08-04T02:00:00Z,65.61,1194.65
2023-08-04T02:30:00Z,69.98,1381.45
2023-08-04T03:00:00Z,72.12,1517.35
2023-08-04T03:30:00Z,70.24,1394.3
2023-08-04T04:00:00Z,74.37,1056.95
2023-08-04T04:30:00Z,79.0,1525.95
2023-08-04T05:00:00Z,75.69,1560.4
2023-08-04T05:30:00Z,77.82,1853.75
2023-08-04T06:00:00Z,75.35,1512.0
2023-08-04T06:30:00Z,89.49000000000001,1501.3
2023-08-04T07:00:00Z,74.05,1383.0
2023-08-04T07:30:00Z,84.71,1674.15
2023-08-04T08:00:00Z,77.63,1253.6
2023-08-04T08:30:00Z,75.7,1567.15
2023-08-04T09:00:00Z,71.61,1472.75
2023-08-04T09:30:00Z,75.86,1737.65
2023-08-04T10:00:00Z,72.8,1245.4
2023-08-04T10:30:00Z,64.41,1356.65
2023-08-04T11:00:00Z,61.34,1344.95
2023-08-04T11:30:00Z,58.9,1406.25
2023-08-04T12:00:00Z,61.66,1728.4
2023-08-04T12:30:00Z,66.35,1671.4
2023-08-04T13:00:00Z,67.14,1845.65
2023-08-04T13:30:00Z,65.63,2013.85
2023-08-04T14:00:00Z,61.59000000000001,1324.4
2023-08-04T14:30:00Z,63.56,1472.45
2023-08-04T15:00:00Z,66.63,1398.0
2023-08-04T15:30:00Z,74.25,1538.4
2023-08-04T16:00:00Z,90.48,1113.3
2023-08-04T16:30:00Z,94.51,1109.5
2023-08-04T17:00:00Z,94.82,1058.3
2023-08-04T17:30:00Z,101.38,1132.2
2023-08-04T18:00:00Z,119.65000000000002,1271.85
2023-08-04T18:30:00Z,111.68999999999998,1472.35
2023-08-04T19:00:00Z,113.47999999999999,1433.25
2023-08-04T19:30:00Z,110.99,1622.85
2023-08-04T20:00:00Z,102.87,1674.95
2023-08-04T20:30:00Z,105.01,1665.8
2023-08-04T21:00:00Z,105.67000000000002,1463.05
2023-08-04T21:30:00Z,95.37000000000002,1533.5
2023-08-04T22:00:00Z,97.21,801.25
2023-08-04T22:30:00Z,80.88,674.0
2023-08-04T23:00:00Z,96.71999999999998,765.65
2023-08-04T23:30:00Z,102.91,1166.55
2023-08-05T00:00:00Z,81.01,962.55
2023-08-05T00:30:00Z,73.69,973.4
2023-08-05T01:00:00Z,88.13,1154.4
2023-08-05T01:30:00Z,76.72,1377.9
2023-08-05T02:00:00Z,72.26,985.75
2023-08-05T02:30:00Z,65.98,886.55
2023-08-05T03:00:00Z,72.35,1038.15
2023-08-05T03:30:00Z,66.05,894.9
2023-08-05T04:00:00Z,64.01,1036.55
2023-08-05T04:30:00Z,63.97999999999999,1282.5
2023-08-05T05:00:00Z,62.49,1005.9
2023-08-05T05:30:00Z,62.62,966.9
2023-08-05T06:00:00Z,56.13,1118.25
2023-08-05T06:30:00Z,59.51,1549.9
2023-08-05T07:00:00Z,52.85,1252.35
2023-08-05T07:30:00Z,57.04,1405.75
2023-08-05T08:00:00Z,55.79,1470.3
2023-08-05T08:30:00Z,63.98,1622.3
2023-08-05T09:00:00Z,64.0,1251.45
2023-08-05T09:30:00Z,64.78,1234.45
2023-08-05T10:00:00Z,73.93,965.5
2023-08-05T10:30:00Z,69.68,1024.05
2023-08-05T11:00:00Z,61.29,1112.9
2023-08-05T11:30:00Z,50.04,1211.8
2023-08-05T12:00:00Z,56.47,1939.15
2023-08-05T12:30:00Z,52.5,1699.3
2023-08-05T13:00:00Z,57.53,1963.9
2023-08-05T13:30:00Z,54.28,1816.3
2023-08-05T14:00:00Z,53.83,1154.1
2023-08-05T14:30:00Z,65.51,1251.4
2023-08-05T15:00:00Z,63.51,1199.5
2023-08-05T15:30:00Z,76.03,1083.8
2023-08-05T16:00:00Z,82.29,1328.0
2023-08-05T16:30:00Z,95.1,1416.45
2023-08-05T17:00:00Z,76.23,1458.2
2023-08-05T17:30:00Z,81.98,1817.2
2023-08-05T18:00:00Z,84.24,1131.25
2023-08-05T18:30:00Z,75.0,1251.55
2023-08-05T19:00:00Z,86.42,1075.6
2023-08-05T19:30:00Z,87.46,1171.75
2023-08-05T20:00:00Z,92.56,910.5
2023-08-05T20:30:00Z,80.45,873.7
2023-08-05T21:00:00Z,88.27,993.15
2023-08-05T21:30:00Z,69.4,1292.7
2023-08-05T22:00:00Z,66.7,1316.7
2023-08-05T22:30:00Z,77.21,1317.1
2023-08-05T23:00:00Z,63.839999999999996,1170.6
2023-08-05T23:30:00Z,66.4,1267.8
2023-08-06T00:00:00Z,61.85,1175.1
2023-08-06T00:30:00Z,64.17,1420.15
2023-08-06T01:00:00Z,67.46,1486.5
2023-08-06T01:30:00Z,61.39000000000001,1241.0
2023-08-06T02:00:00Z,62.66,1251.75
2023-08-06T02:30:00Z,50.62,1298.55
2023-08-06T03:00:00Z,60.2,1138.0
2023-08-06T03:30:00Z,58.760000000000005,1296.05
2023-08-06T04:00:00Z,70.77,1312.8
2023-08-06T04:30:00Z,67.62,1229.85
2023-08-06T05:00:00Z,68.01,1379.35
2023-08-06T05:30:00Z,67.86,1358.55
2023-08-06T06:00:00Z,52.04,1514.85
2023-08-06T06:30:00Z,65.18,1458.0
2023-08-06T07:00:00Z,69.23,1682.75
2023-08-06T07:30:00Z,75.04,1882.35
2023-08-06T08:00:00Z,65.43,1262.45
2023-08-06T08:30:00Z,66.55,1494.25
2023-08-06T09:00:00Z,69.29,1443.85
2023-08-06T09:30:00Z,71.28,1534.85
2023-08-06T10:00:00Z,75.83,1104.05
2023-08-06T10:30:00Z,81.02,1713.7
2023-08-06T11:00:00Z,75.73,1656.0
2023-08-06T11:30:00Z,75.5,1444.6
2023-08-06T12:00:00Z,80.4,1947.25
2023-08-06T12:30:00Z,83.55,1974.4
2023-08-06T13:00:00Z,79.61,1793.6
2023-08-06T13:30:00Z,77.34,1922.2
2023-08-06T14:00:00Z,74.61,1580.4
2023-08-06T14:30:00Z,66.6,1914.5
2023-08-06T15:00:00Z,69.08,2297.7
2023-08-06T15:30:00Z,66.99,2514.2
2023-08-06T16:00:00Z,66.45,1855.2
2023-08-06T16:30:00Z,74.06,1758.25
2023-08-06T17:00:00Z,66.98,1733.0
2023-08-06T17:30:00Z,64.68,1655.55
2023-08-06T18:00:00Z,71.79,1622.0
2023-08-06T18:30:00Z,70.35,1458.9
2023-08-06T19:00:00Z,79.49,1830.05
2023-08-06T19:30:00Z,74.68,1612.55
2023-08-06T20:00:00Z,81.14,1875.2
2023-08-06T20:30:00Z,79.3,1800.3
2023-08-06T21:00:00Z,74.21,1766.55
2023-08-06T21:30:00Z,65.36,1648.8
2023-08-06T22:00:00Z,51.18,618.95
2023-08-06T22:30:00Z,68.17,832.2
2023-08-06T23:00:00Z,66.64,818.75
2023-08-06T23:30:00Z,52.76,734.45
2023-08-07T00:00:00Z,43.58,794.3
2023-08-07T00:30:00Z,41.88,857.75
2023-08-07T01:00:00Z,39.25,868.6
2023-08-07T01:30:00Z,35.61,656.4
2023-08-07T02:00:00Z,32.32,583.9
2023-08-07T02:30:00Z,30.48,624.2
2023-08-07T03:00:00Z,41.06,755.7
2023-08-07T03:30:00Z,45.04999999999999,793.0
2023-08-07T04:00:00Z,55.76,817.95
2023-08-07T04:30:00Z,66.57,953.2
2023-08-07T05:00:00Z,75.87,1146.6
2023-08-07T05:30:00Z,63.28,1226.95
2023-08-07T06:00:00Z,75.26,1438.75
2023-08-07T06:30:00Z,90.71,1479.05
2023-08-07T07:00:00Z,90.64,1284.25
2023-08-07T07:30:00Z,85.56,1426.95
2023-08-07T08:00:00Z,91.06,1338.45
2023-08-07T08:30:00Z,91.51,1418.25
2023-08-07T09:00:00Z,82.38,1485.65
2023-08-07T09:30:00Z,76.36,1568.75
2023-08-07T10:00:00Z,73.2,1511.9
2023-08-07T10:30:00Z,70.31,1574.95
2023-08-07T11:00:00Z,66.79,1648.15
2023-08-07T11:30:00Z,61.63,1551.5
2023-08-07T12:00:00Z,60.67999999999999,1380.25
2023-08-07T12:30:00Z,58.16,1321.75
2023-08-07T13:00:00Z,60.78,1576.5
2023-08-07T13:30:00Z,70.67,1755.3
2023-08-07T14:00:00Z,66.1,1414.4
2023-08-07T14:30:00Z,63.25,1700.55
2023-08-07T15:00:00Z,62.97999999999999,1738.45
2023-08-07T15:30:00Z,64.77,1800.4
2023-08-07T16:00:00Z,62.55,1597.15
2023-08-07T16:30:00Z,62.52,1608.2
2023-08-07T17:00:00Z,71.86,1858.45
2023-08-07T17:30:00Z,71.41,2086.55
2023-08-07T18:00:00Z,78.51,2055.15
2023-08-07T18:30:00Z,80.12,1978.2
2023-08-07T19:00:00Z,96.99,2666.8
2023-08-07T19:30:00Z,91.66,2504.0
2023-08-07T20:00:00Z,76.87,2465.0
2023-08-07T20:30:00Z,73.29,2009.1
2023-08-07T21:00:00Z,74.7,2245.45
2023-08-07T21:30:00Z,68.41,2122.4
2023-08-07T22:00:00Z,57.89000000000001,1140.3
2023-08-07T22:30:00Z,72.17,1384.95
2023-08-07T23:00:00Z,61.35,1031.45
2023-08-07T23:30:00Z,48.730000000000004,896.85
2023-08-08T00:00:00Z,38.96,1094.0
2023-08-08T00:30:00Z,39.8,1025.3
2023-08-08T01:00:00Z,35.6,1283.65
2023-08-08T01:30:00Z,27.61,1215.85
2023-08-08T02:00:00Z,51.25,2014.05
2023-08-08T02:30:00Z,47.15,1962.3
2023-08-08T03:00:00Z,64.58,1775.25
2023-08-08T03:30:00Z,72.15,2024.7
2023-08-08T04:00:00Z,73.34,1689.25
2023-08-08T04:30:00Z,69.48,1767.85
2023-08-08T05:00:00Z,75.05,2274.65
2023-08-08T05:30:00Z,75.89,2708.05
2023-08-08T06:00:00Z,70.69,2400.15
2023-08-08T06:30:00Z,96.36,2463.65
2023-08-08T07:00:00Z,64.0,1508.1
2023-08-08T07:30:00Z,66.14,1873.4
2023-08-08T08:00:00Z,63.699999999999996,1451.05
2023-08-08T08:30:00Z,61.83,1497.3
2023-08-08T09:00:00Z,65.68,1379.0
2023-08-08T09:30:00Z,65.25,1495.75
2023-08-08T10:00:00Z,53.830000000000005,1507.1
2023-08-08T10:30:00Z,56.31,1553.35
2023-08-08T11:00:00Z,57.169999999999995,1512.45
2023-08-08T11:30:00Z,62.1,1666.0
2023-08-08T12:00:00Z,61.34,1606.2
2023-08-08T12:30:00Z,55.14,1771.85
2023-08-08T13:00:00Z,60.39,1687.6
2023-08-08T13:30:00Z,61.25,1872.0
2023-08-08T14:00:00Z,63.06,1140.15
2023-08-08T14:30:00Z,62.0,1012.3
2023-08-08T15:00:00Z,61.95,1146.5
2023-08-08T15:30:00Z,63.12,1276.8
2023-08-08T16:00:00Z,84.13,1838.0
2023-08-08T16:30:00Z,90.51,1888.8
2023-08-08T17:00:00Z,93.64,2322.85
2023-08-08T17:30:00Z,94.37,2305.2
2023-08-08T18:00:00Z,101.35,1798.2
2023-08-08T18:30:00Z,100.4,1680.15
2023-08-08T19:00:00Z,101.84,1481.55
2023-08-08T19:30:00Z,100.32,1340.7
2023-08-08T20:00:00Z,89.08,1401.5
2023-08-08T20:30:00Z,85.48,1096.25
2023-08-08T21:00:00Z,87.12,1466.2
2023-08-08T21:30:00Z,77.96,1380.75
2023-08-08T22:00:00Z,77.52,1510.1
2023-08-08T22:30:00Z,79.43,1231.2
2023-08-08T23:00:00Z,69.48,924.25
2023-08-08T23:30:00Z,65.97,1426.7
2023-08-09T00:00:00Z,70.35,1388.0
2023-08-09T00:30:00Z,61.45,894.05
2023-08-09T01:00:00Z,63.78999999999999,1270.85
2023-08-09T01:30:00Z,57.89,954.0
2023-08-09T02:00:00Z,61.03,930.3
2023-08-09T02:30:00Z,57.39,1070.45
2023-08-09T03:00:00Z,62.21000000000001,1211.15
2023-08-09T03:30:00Z,58.81,1411.75
2023-08-09T04:00:00Z,80.86,1342.95
2023-08-09T04:30:00Z,63.75,1539.8
2023-08-09T05:00:00Z,59.010000000000005,1308.8
2023-08-09T05:30:00Z,74.92,1581.95
2023-08-09T06:00:00Z,62.63000000000001,1241.65
2023-08-09T06:30:00Z,87.68999999999998,1644.2
2023-08-09T07:00:00Z,70.64,1304.1
2023-08-09T07:30:00Z,83.15,1376.55
2023-08-09T08:00:00Z,76.88,1376.5
2023-08-09T08:30:00Z,67.64,1435.45
2023-08-09T09:00:00Z,66.39,1415.7
2023-08-09T09:30:00Z,63.57,1346.1
2023-08-09T10:00:00Z,58.13000000000001,1436.45
2023-08-09T10:30:00Z,64.48,1343.4
2023-08-09T11:00:00Z,64.9,1344.85
2023-08-09T11:30:00Z,68.21,1435.75
2023-08-09T12:00:00Z,63.67000000000001,1325.9
2023-08-09T12:30:00Z,59.06000000000001,1440.0
2023-08-09T13:00:00Z,57.080000000000005,1330.2
2023-08-09T13:30:00Z,61.86,1449.15
2023-08-09T14:00:00Z,77.85,1324.5
2023-08-09T14:30:00Z,78.08,1238.3
2023-08-09T15:00:00Z,65.6,1340.85
2023-08-09T15:30:00Z,69.29,1592.4
2023-08-09T16:00:00Z,77.3,1514.45
2023-08-09T16:30:00Z,83.24,1629.85
2023-08-09T17:00:00Z,103.38999999999999,1719.45
2023-08-09T17:30:00Z,108.85,1790.55
2023-08-09T18:00:00Z,106.77,1430.55
2023-08-09T18:30:00Z,103.41000000000001,1707.05
2023-08-09T19:00:00Z,111.5,1451.85
2023-08-09T19:30:00Z,110.49,1577.85
2023-08-09T20:00:00Z,109.57,1181.4
2023-08-09T20:30:00Z,99.86,1296.25
2023-08-09T21:00:00Z,103.76,1225.65
2023-08-09T21:30:00Z,84.4,1571.65
2023-08-09T22:00:00Z,100.44,747.5
2023-08-09T22:30:00Z,105.21,789.5
2023-08-09T23:00:00Z,91.03,974.65
2023-08-09T23:30:00Z,79.58,784.0
2023-08-10T00:00:00Z,87.47,858.95
2023-08-10T00:30:00Z,80.35,842.45
2023-08-10T01:00:00Z,83.01,672.6
2023-08-10T01:30:00Z,75.02,910.95
2023-08-10T02:00:00Z,73.84,926.6
2023-08-10T02:30:00Z,73.34,789.95
2023-08-10T03:00:00Z,80.42,870.05
2023-08-10T03:30:00Z,80.49,1026.65
2023-08-10T04:00:00Z,77.83,595.65
2023-08-10T04:30:00Z,81.97,1022.15
2023-08-10T05:00:00Z,79.0,1024.1
2023-08-10T05:30:00Z,88.09,1255.85
2023-08-10T06:00:00Z,89.15,1594.05
2023-08-10T06:30:00Z,99.9,2322.45
2023-08-10T07:00:00Z,86.63,1606.4
2023-08-10T07:30:00Z,91.86000000000001,1938.55
2023-08-10T08:00:00Z,86.0,1616.7
2023-08-10T08:30:00Z,81.26,1431.5
2023-08-10T09:00:00Z,82.02,1350.7
2023-08-10T09:30:00Z,73.85,1537.6
2023-08-10T10:00:00Z,75.39,1516.0
2023-08-10T10:30:00Z,73.41,1405.65
2023-08-10T11:00:00Z,71.73,1463.3
2023-08-10T11:30:00Z,69.85,1412.65
2023-08-10T12:00:00Z,67.26,1596.1
2023-08-10T12:30:00Z,62.76,1957.1
2023-08-10T13:00:00Z,71.71,2076.05
2023-08-10T13:30:00Z,74.81,2164.1
2023-08-10T14:00:00Z,75.01,1771.9
2023-08-10T14:30:00Z,75.48,1815.4
2023-08-10T15:00:00Z,87.61,1509.3
2023-08-10T15:30:00Z,99.95999999999998,1835.9
2023-08-10T16:00:00Z,105.04,1801.35
2023-08-10T16:30:00Z,105.33,1871.6
2023-08-10T17:00:00Z,109.64,2178.6
2023-08-10T17:30:00Z,108.17,2273.75
2023-08-10T18:00:00Z,121.11,1796.65
2023-08-10T18:30:00Z,120.62,1635.05
2023-08-10T19:00:00Z,123.98,1801.7
2023-08-10T19:30:00Z,123.67000000000002,1774.0
2023-08-10T20:00:00Z,125.47,1509.95
2023-08-10T20:30:00Z,107.89,1564.0
2023-08-10T21:00:00Z,109.35,1669.35
2023-08-10T21:30:00Z,95.0,1451.1
2023-08-10T22:00:00Z,88.01,2046.75
2023-08-10T22:30:00Z,99.67,1729.85
2023-08-10T23:00:00Z,95.02,1491.75
2023-08-10T23:30:00Z,99.09,1511.4
2023-08-11T00:00:00Z,89.74999999999999,1694.4
2023-08-11T00:30:00Z,78.28,1599.05
2023-08-11T01:00:00Z,75.24,1908.1
2023-08-11T01:30:00Z,76.84,2331.5
2023-08-11T02:00:00Z,69.02,1481.55
2023-08-11T02:30:00Z,66.4,1857.1
2023-08-11T03:00:00Z,70.22,1727.8
2023-08-11T03:30:00Z,74.1,2073.75
2023-08-11T04:00:00Z,88.07,1382.15
2023-08-11T04:30:00Z,94.66000000000001,1463.4
2023-08-11T05:00:00Z,89.52,1797.75
2023-08-11T05:30:00Z,92.58,2566.9
2023-08-11T06:00:00Z,78.07,1915.5
2023-08-11T06:30:00Z,87.92,2232.6
2023-08-11T07:00:00Z,78.61,1843.4
2023-08-11T07:30:00Z,83.72999999999999,1972.95
2023-08-11T08:00:00Z,79.73,1752.95
2023-08-11T08:30:00Z,76.06999999999998,1785.15
2023-08-11T09:00:00Z,66.87,1869.35
2023-08-11T09:30:00Z,70.4,2358.25
2023-08-11T10:00:00Z,57.69,2471.0
2023-08-11T10:30:00Z,53.09,2378.3
2023-08-11T11:00:00Z,45.74,2569.3
2023-08-11T11:30:00Z,30.79,2569.8
2023-08-11T12:00:00Z,16.51,3185.15
2023-08-11T12:30:00Z,15.240000000000002,3073.0
2023-08-11T13:00:00Z,40.0,3780.2
2023-08-11T13:30:00Z,48.47,3802.65
2023-08-11T14:00:00Z,76.02,2625.95
2023-08-11T14:30:00Z,72.17,2728.85
2023-08-11T15:00:00Z,74.46,2501.4
2023-08-11T15:30:00Z,74.9,2929.15
2023-08-11T16:00:00Z,83.78,2565.3
2023-08-11T16:30:00Z,77.47,2573.0
2023-08-11T17:00:00Z,91.76,2246.3
2023-08-11T17:30:00Z,99.77,2631.0
2023-08-11T18:00:00Z,99.23,1719.1
2023-08-11T18:30:00Z,98.67,2042.0
2023-08-11T19:00:00Z,109.25,2025.9
2023-08-11T19:30:00Z,106.3,1886.0
2023-08-11T20:00:00Z,101.22,2042.9
2023-08-11T20:30:00Z,95.05,1902.95
2023-08-11T21:00:00Z,98.96,2012.7
2023-08-11T21:30:00Z,100.79,2159.15
2023-08-11T22:00:00Z,91.65,1655.9
2023-08-11T22:30:00Z,96.31,1263.45
2023-08-11T23:00:00Z,93.11,1143.9
2023-08-11T23:30:00Z,90.09,1188.6
2023-08-12T00:00:00Z,85.76,1494.85
2023-08-12T00:30:00Z,93.14,1169.95
2023-08-12T01:00:00Z,94.04,1302.85
2023-08-12T01:30:00Z,90.93,1340.95
2023-08-12T02:00:00Z,88.93,1163.8
2023-08-12T02:30:00Z,87.26,1146.45
2023-08-12T03:00:00Z,89.53,1099.4
2023-08-12T03:30:00Z,91.76,1181.05
2023-08-12T04:00:00Z,92.82,1025.9
2023-08-12T04:30:00Z,93.49,1267.95
2023-08-12T05:00:00Z,94.04,1171.0
2023-08-12T05:30:00Z,96.65,1147.6
2023-08-12T06:00:00Z,90.31,1280.75
2023-08-12T06:30:00Z,93.71,1761.45
2023-08-12T07:00:00Z,82.41,1432.6
2023-08-12T07:30:00Z,92.32,1466.85
2023-08-12T08:00:00Z,93.15,1252.75
2023-08-12T08:30:00Z,89.81,1455.1
2023-08-12T09:00:00Z,78.79,1619.45
2023-08-12T09:30:00Z,76.07,1661.85
2023-08-12T10:00:00Z,68.77,1521.6
2023-08-12T10:30:00Z,64.41,1467.95
2023-08-12T11:00:00Z,37.04,1317.95
2023-08-12T11:30:00Z,30.37,1333.7
2023-08-12T12:00:00Z,11.99,1110.1
2023-08-12T12:30:00Z,-2.22,1253.9
2023-08-12T13:00:00Z,-0.11,1612.2
2023-08-12T13:30:00Z,0.92,1574.45
2023-08-12T14:00:00Z,12.03,1086.5
2023-08-12T14:30:00Z,17.06,1226.75
2023-08-12T15:00:00Z,41.39,1041.55
2023-08-12T15:30:00Z,53.3,1088.95
2023-08-12T16:00:00Z,54.43,1727.1
2023-08-12T16:30:00Z,71.02,1665.35
2023-08-12T17:00:00Z,80.65999999999998,1742.3
2023-08-12T17:30:00Z,69.09,2008.85
2023-08-12T18:00:00Z,86.15999999999998,1535.6
2023-08-12T18:30:00Z,86.87,1505.1
2023-08-12T19:00:00Z,87.72,1229.5
2023-08-12T19:30:00Z,91.04,1330.85
2023-08-12T20:00:00Z,91.05,1148.85
2023-08-12T20:30:00Z,86.9,1007.5
2023-08-12T21:00:00Z,88.5,1410.85
2023-08-12T21:30:00Z,80.7,1293.5
2023-08-12T22:00:00Z,73.62,987.7
2023-08-12T22:30:00Z,75.76,934.75
2023-08-12T23:00:00Z,73.47,904.0
2023-08-12T23:30:00Z,76.62,839.2
2023-08-13T00:00:00Z,73.76,658.7
2023-08-13T00:30:00Z,74.0,699.4
2023-08-13T01:00:00Z,63.25,661.2
2023-08-13T01:30:00Z,61.38999999999999,813.35
2023-08-13T02:00:00Z,58.01,700.1
2023-08-13T02:30:00Z,66.09,695.85
2023-08-13T03:00:00Z,73.01,696.35
2023-08-13T03:30:00Z,72.51,768.6
2023-08-13T04:00:00Z,67.43,698.15
2023-08-13T04:30:00Z,67.1,717.95
2023-08-13T05:00:00Z,67.02,802.5
2023-08-13T05:30:00Z,72.42,908.15
2023-08-13T06:00:00Z,50.15,821.0
2023-08-13T06:30:00Z,52.7,871.8
2023-08-13T07:00:00Z,30.75,997.7
2023-08-13T07:30:00Z,40.41,935.45
2023-08-13T08:00:00Z,64.88,1188.8
2023-08-13T08:30:00Z,75.07,1412.05
2023-08-13T09:00:00Z,75.75,1406.7
2023-08-13T09:30:00Z,78.42,1237.75
2023-08-13T10:00:00Z,85.98,1167.25
2023-08-13T10:30:00Z,87.49,1066.45
2023-08-13T11:00:00Z,87.69999999999999,961.05
2023-08-13T11:30:00Z,87.73,1096.95
2023-08-13T12:00:00Z,71.42,1404.05
2023-08-13T12:30:00Z,50.48,1687.3
2023-08-13T13:00:00Z,47.47,1509.7
2023-08-13T13:30:00Z,48.43,1591.55
2023-08-13T14:00:00Z,64.8,1160.3
2023-08-13T14:30:00Z,77.19,1423.05
2023-08-13T15:00:00Z,70.59,1513.65
2023-08-13T15:30:00Z,65.32,1664.6
2023-08-13T16:00:00Z,86.63,1678.5
2023-08-13T16:30:00Z,68.45,1637.2
2023-08-13T17:00:00Z,74.75,1630.3
2023-08-13T17:30:00Z,70.85,1855.85
2023-08-13T18:00:00Z,85.91,2035.75
2023-08-13T18:30:00Z,88.52,1776.0
2023-08-13T19:00:00Z,94.81,1548.35
2023-08-13T19:30:00Z,98.75,1440.85
2023-08-13T20:00:00Z,99.75,1225.0
2023-08-13T20:30:00Z,95.15,1205.3
2023-08-13T21:00:00Z,100.96,1243.85
2023-08-13T21:30:00Z,90.97,1061.85
2023-08-13T22:00:00Z,96.36,1127.95
2023-08-13T22:30:00Z,94.33,1127.0
2023-08-13T23:00:00Z,96.57,1464.6
2023-08-13T23:30:00Z,93.15,1231.9
2023-08-14T00:00:00Z,84.34,900.1
2023-08-14T00:30:00Z,84.74,980.5
2023-08-14T01:00:00Z,81.82,1717.15
2023-08-14T01:30:00Z,74.02,1173.55
2023-08-14T02:00:00Z,88.71,1027.75
2023-08-14T02:30:00Z,87.1,1322.0
2023-08-14T03:00:00Z,88.22,1299.55
2023-08-14T03:30:00Z,87.03,1371.65
2023-08-14T04:00:00Z,93.89999999999999,1418.15
2023-08-14T04:30:00Z,91.91,1543.1
2023-08-14T05:00:00Z,90.88,1460.35
2023-08-14T05:30:00Z,101.85,1976.1
2023-08-14T06:00:00Z,84.22,1881.3
2023-08-14T06:30:00Z,93.85,2514.5
2023-08-14T07:00:00Z,86.39,1749.2
2023-08-14T07:30:00Z,91.13,2012.65
2023-08-14T08:00:00Z,73.33,1402.95
2023-08-14T08:30:00Z,75.65,1858.4
2023-08-14T09:00:00Z,78.68,2038.9
2023-08-14T09:30:00Z,86.53,2236.3
2023-08-14T10:00:00Z,81.72,1805.1
2023-08-14T10:30:00Z,81.22,1660.5
2023-08-14T11:00:00Z,86.05,2010.3
2023-08-14T11:30:00Z,83.14,1912.75
2023-08-14T12:00:00Z,84.0,1919.15
2023-08-14T12:30:00Z,74.37,1855.25
2023-08-14T13:00:00Z,71.77,2041.25
2023-08-14T13:30:00Z,70.87,2299.15
2023-08-14T14:00:00Z,90.13,2012.9
2023-08-14T14:30:00Z,81.78,2067.45
2023-08-14T15:00:00Z,78.03,2068.35
2023-08-14T15:30:00Z,72.43,2218.5
2023-08-14T16:00:00Z,87.37,2362.1
2023-08-14T16:30:00Z,91.44,2223.05
2023-08-14T17:00:00Z,94.91,2723.0
2023-08-14T17:30:00Z,95.31,2613.4
2023-08-14T18:00:00Z,106.34,2248.5
2023-08-14T18:30:00Z,106.29,2221.65
2023-08-14T19:00:00Z,109.86,2036.2
2023-08-14T19:30:00Z,112.45,2075.2
2023-08-14T20:00:00Z,104.75,1908.7
2023-08-14T20:30:00Z,92.38,1793.25
2023-08-14T21:00:00Z,90.54999999999998,1652.65
2023-08-14T21:30:00Z,85.67,1901.8
2023-08-14T22:00:00Z,87.43,1107.6
2023-08-14T22:30:00Z,80.3,948.6
2023-08-14T23:00:00Z,78.43,885.9
2023-08-14T23:30:00Z,73.52000000000001,932.7
2023-08-15T00:00:00Z,78.39,957.0
2023-08-15T00:30:00Z,79.43,863.1
2023-08-15T01:00:00Z,77.21,1099.5
2023-08-15T01:30:00Z,75.41,1172.1
2023-08-15T02:00:00Z,72.45,1010.05
2023-08-15T02:30:00Z,79.45,944.65
2023-08-15T03:00:00Z,81.43,842.55
2023-08-15T03:30:00Z,82.22,1169.9
2023-08-15T04:00:00Z,83.43,1123.85
2023-08-15T04:30:00Z,85.11,1358.2
2023-08-15T05:00:00Z,95.77,1335.55
2023-08-15T05:30:00Z,103.88999999999999,1270.0
2023-08-15T06:00:00Z,80.64,1477.45
2023-08-15T06:30:00Z,112.38000000000001,1681.15
2023-08-15T07:00:00Z,80.06,1408.55
2023-08-15T07:30:00Z,89.36,1817.4
2023-08-15T08:00:00Z,72.27,2121.95
2023-08-15T08:30:00Z,68.55,2168.55
2023-08-15T09:00:00Z,72.1,2319.7
2023-08-15T09:30:00Z,66.62,2681.25
2023-08-15T10:00:00Z,78.51,2350.6
2023-08-15T10:30:00Z,85.75,2335.3
2023-08-15T11:00:00Z,73.09999999999998,1928.45
2023-08-15T11:30:00Z,74.86,2061.35
2023-08-15T12:00:00Z,77.8,1649.8
2023-08-15T12:30:00Z,80.27,1754.1
2023-08-15T13:00:00Z,80.25,1763.5
2023-08-15T13:30:00Z,80.49,1825.5
2023-08-15T14:00:00Z,81.73,1656.65
2023-08-15T14:30:00Z,83.25,1700.7
2023-08-15T15:00:00Z,87.14,1671.85
2023-08-15T15:30:00Z,88.55,1858.75
2023-08-15T16:00:00Z,96.91,1497.95
2023-08-15T16:30:00Z,106.4,1751.75
2023-08-15T17:00:00Z,106.30000000000001,1767.9
2023-08-15T17:30:00Z,105.06,1770.35
2023-08-15T18:00:00Z,118.4,1872.3
2023-08-15T18:30:00Z,117.51999999999998,1688.6
2023-08-15T19:00:00Z,115.76,1745.9
2023-08-15T19:30:00Z,112.72,1706.65
2023-08-15T20:00:00Z,107.36000000000001,1253.5
2023-08-15T20:30:00Z,101.58,1106.15
2023-08-15T21:00:00Z,107.94,1276.8
2023-08-15T21:30:00Z,90.16,1160.25
2023-08-15T22:00:00Z,95.28,862.1
2023-08-15T22:30:00Z,71.41,890.65
2023-08-15T23:00:00Z,82.03,768.7
2023-08-15T23:30:00Z,82.69,724.2
2023-08-16T00:00:00Z,84.86,728.4
2023-08-16T00:30:00Z,77.45,700.65
2023-08-16T01:00:00Z,78.27,569.95
2023-08-16T01:30:00Z,74.79,651.3
2023-08-16T02:00:00Z,76.97,562.25
2023-08-16T02:30:00Z,73.24,633.1
2023-08-16T03:00:00Z,71.53,619.55
2023-08-16T03:30:00Z,72.53,723.4
2023-08-16T04:00:00Z,75.87,606.25
2023-08-16T04:30:00Z,77.12,596.5
2023-08-16T05:00:00Z,75.04,892.2
2023-08-16T05:30:00Z,95.38,1099.85
2023-08-16T06:00:00Z,100.47,1117.15
2023-08-16T06:30:00Z,111.11000000000001,1393.45
2023-08-16T07:00:00Z,90.88,1078.1
2023-08-16T07:30:00Z,92.91,1396.2
2023-08-16T08:00:00Z,88.35,1245.85
2023-08-16T08:30:00Z,75.66,1240.55
2023-08-16T09:00:00Z,79.05,1475.6
2023-08-16T09:30:00Z,75.05,1514.9
2023-08-16T10:00:00Z,74.82,1485.4
2023-08-16T10:30:00Z,76.48,1824.05
2023-08-16T11:00:00Z,84.44,1738.2
2023-08-16T11:30:00Z,84.7,2147.55
2023-08-16T12:00:00Z,76.85,1539.15
2023-08-16T12:30:00Z,74.2,1574.1
2023-08-16T13:00:00Z,77.28,1776.75
2023-08-16T13:30:00Z,74.96,1474.8
2023-08-16T14:00:00Z,74.99,1373.55
2023-08-16T14:30:00Z,73.86,1532.7
2023-08-16T15:00:00Z,77.51,1297.0
2023-08-16T15:30:00Z,90.16,1659.0
2023-08-16T16:00:00Z,94.13,1904.75
2023-08-16T16:30:00Z,95.26,2256.35
2023-08-16T17:00:00Z,101.41,2161.0
2023-08-16T17:30:00Z,104.64,2192.9
2023-08-16T18:00:00Z,97.98,2164.05
2023-08-16T18:30:00Z,98.13,2078.45
2023-08-16T19:00:00Z,108.11,2054.25
2023-08-16T19:30:00Z,100.63,1773.6
2023-08-16T20:00:00Z,94.93,1676.45
2023-08-16T20:30:00Z,82.31,1454.85
2023-08-16T21:00:00Z,85.85,1485.3
2023-08-16T21:30:00Z,77.22,1511.9
2023-08-16T22:00:00Z,70.92,727.6
2023-08-16T22:30:00Z,70.63,857.85
2023-08-16T23:00:00Z,76.61,897.5
2023-08-16T23:30:00Z,69.8,810.85
2023-08-17T00:00:00Z,68.98,1060.25
2023-08-17T00:30:00Z,68.84,1233.7
2023-08-17T01:00:00Z,65.93,980.0
2023-08-17T01:30:00Z,65.13,1107.35
2023-08-17T02:00:00Z,62.82,981.65
2023-08-17T02:30:00Z,62.169999999999995,1138.9
2023-08-17T03:00:00Z,65.54,1218.45
2023-08-17T03:30:00Z,63.75,1070.8
2023-08-17T04:00:00Z,64.01,1014.75
2023-08-17T04:30:00Z,64.02,798.5
2023-08-17T05:00:00Z,66.55,908.85
2023-08-17T05:30:00Z,76.84,1540.65
2023-08-17T06:00:00Z,80.16,1078.35
2023-08-17T06:30:00Z,94.43,1665.2
2023-08-17T07:00:00Z,85.89,1485.65
2023-08-17T07:30:00Z,90.35,1817.55
2023-08-17T08:00:00Z,82.35,1711.45
2023-08-17T08:30:00Z,72.15,1628.0
2023-08-17T09:00:00Z,88.99,2329.15
2023-08-17T09:30:00Z,80.63,2154.4
2023-08-17T10:00:00Z,78.21,2155.5
2023-08-17T10:30:00Z,80.28,2254.7
2023-08-17T11:00:00Z,80.87,1957.0
2023-08-17T11:30:00Z,75.71,2121.1
2023-08-17T12:00:00Z,74.15,2263.45
2023-08-17T12:30:00Z,68.97,2311.65
2023-08-17T13:00:00Z,72.21,2147.75
2023-08-17T13:30:00Z,68.98,2526.7
2023-08-17T14:00:00Z,66.65,2237.15
2023-08-17T14:30:00Z,64.73,2197.5
2023-08-17T15:00:00Z,64.05,2018.3
2023-08-17T15:30:00Z,64.84,2044.85
2023-08-17T16:00:00Z,69.98,2065.0
2023-08-17T16:30:00Z,71.37,2140.3
2023-08-17T17:00:00Z,77.52,1980.85
2023-08-17T17:30:00Z,81.48,2161.75
2023-08-17T18:00:00Z,84.23,1947.1
2023-08-17T18:30:00Z,80.39,1865.9
2023-08-17T19:00:00Z,79.58,1942.3
2023-08-17T19:30:00Z,78.85,2051.35
2023-08-17T20:00:00Z,84.54,2167.6
2023-08-17T20:30:00Z,74.84,1864.2
2023-08-17T21:00:00Z,70.67,2169.1
2023-08-17T21:30:00Z,74.15,2494.35
2023-08-17T22:00:00Z,84.72,1202.55
2023-08-17T22:30:00Z,86.77,1131.25
2023-08-17T23:00:00Z,76.8,1165.6
2023-08-17T23:30:00Z,74.2,1013.5
2023-08-18T00:00:00Z,70.08,758.6
2023-08-18T00:30:00Z,55.81,1075.55
2023-08-18T01:00:00Z,57.15,924.15
2023-08-18T01:30:00Z,59.21,1102.9
2023-08-18T02:00:00Z,56.05,960.2
2023-08-18T02:30:00Z,48.790000000000006,1384.3
2023-08-18T03:00:00Z,60.08,1277.35
2023-08-18T03:30:00Z,65.04,1425.85
2023-08-18T04:00:00Z,65.86,1379.55
2023-08-18T04:30:00Z,64.94,1192.9
2023-08-18T05:00:00Z,70.25,1288.45
2023-08-18T05:30:00Z,76.05,1177.8
2023-08-18T06:00:00Z,75.7,1373.0
2023-08-18T06:30:00Z,101.84,1826.75
2023-08-18T07:00:00Z,92.28,1541.65
2023-08-18T07:30:00Z,103.99,1555.85
2023-08-18T08:00:00Z,85.53,1944.3
2023-08-18T08:30:00Z,91.3,2198.55
2023-08-18T09:00:00Z,88.15,2353.95
2023-08-18T09:30:00Z,88.05,2359.4
2023-08-18T10:00:00Z,69.48000000000002,1896.35
2023-08-18T10:30:00Z,67.61,2515.8
2023-08-18T11:00:00Z,78.26,2392.9
2023-08-18T11:30:00Z,76.09,2369.45
2023-08-18T12:00:00Z,61.88,2287.6
2023-08-18T12:30:00Z,59.61,2248.2
2023-08-18T13:00:00Z,63.5,2402.5
2023-08-18T13:30:00Z,59.49,2088.15
2023-08-18T14:00:00Z,62.98,1812.65
2023-08-18T14:30:00Z,62.419999999999995,1669.7
2023-08-18T15:00:00Z,62.86,2041.7
2023-08-18T15:30:00Z,61.64,1994.1
2023-08-18T16:00:00Z,69.71,1956.0
2023-08-18T16:30:00Z,67.19,2429.55
2023-08-18T17:00:00Z,70.23,2394.55
2023-08-18T17:30:00Z,73.86,2583.05
2023-08-18T18:00:00Z,79.38,2253.95
2023-08-18T18:30:00Z,75.74,2293.45
2023-08-18T19:00:00Z,81.3,2185.15
2023-08-18T19:30:00Z,77.35,2021.3
2023-08-18T20:00:00Z,80.63,2272.1
2023-08-18T20:30:00Z,72.24,2249.95
2023-08-18T21:00:00Z,71.06,2220.45
2023-08-18T21:30:00Z,74.36,1965.25
2023-08-18T22:00:00Z,89.84,1089.25
2023-08-18T22:30:00Z,77.88,1051.1
2023-08-18T23:00:00Z,73.75,961.75
2023-08-18T23:30:00Z,66.58,1094.9
2023-08-19T00:00:00Z,60.77,1112.4
2023-08-19T00:30:00Z,54.41,1128.05
2023-08-19T01:00:00Z,58.03,941.15
2023-08-19T01:30:00Z,49.78,980.6
2023-08-19T02:00:00Z,42.89,1220.4
2023-08-19T02:30:00Z,35.66,1020.95
2023-08-19T03:00:00Z,29.92,1057.05
2023-08-19T03:30:00Z,29.95,1030.85
2023-08-19T04:00:00Z,20.5,916.2
2023-08-19T04:30:00Z,37.9,1120.45
2023-08-19T05:00:00Z,36.32,1385.95
2023-08-19T05:30:00Z,42.4,1297.3
2023-08-19T06:00:00Z,52.29,1301.25
2023-08-19T06:30:00Z,45.56,1421.9
2023-08-19T07:00:00Z,26.12,1298.5
2023-08-19T07:30:00Z,15.990000000000002,1432.15
2023-08-19T08:00:00Z,-13.450000000000001,1476.55
2023-08-19T08:30:00Z,-20.64,1703.65
2023-08-19T09:00:00Z,-0.83,1748.65
2023-08-19T09:30:00Z,-4.79,1777.05
2023-08-19T10:00:00Z,-14.74,1572.8
2023-08-19T10:30:00Z,-14.84,1725.8
2023-08-19T11:00:00Z,-12.91,1951.9
2023-08-19T11:30:00Z,-11.73,1998.8
2023-08-19T12:00:00Z,16.68,2018.5
2023-08-19T12:30:00Z,4.47,2294.25
2023-08-19T13:00:00Z,-9.42,2019.65
2023-08-19T13:30:00Z,-15.81,2096.95
2023-08-19T14:00:00Z,21.12,1641.6
2023-08-19T14:30:00Z,27.29,1914.9
2023-08-19T15:00:00Z,32.01,1681.6
2023-08-19T15:30:00Z,44.92,1528.95
2023-08-19T16:00:00Z,64.88,1620.1
2023-08-19T16:30:00Z,75.09,1664.9
2023-08-19T17:00:00Z,86.18999999999998,1861.6
2023-08-19T17:30:00Z,88.11,2000.45
2023-08-19T18:00:00Z,100.84,1819.25
2023-08-19T18:30:00Z,103.06999999999998,1589.55
2023-08-19T19:00:00Z,105.58000000000001,1592.45
2023-08-19T19:30:00Z,107.34,1635.9
2023-08-19T20:00:00Z,107.47,1731.45
2023-08-19T20:30:00Z,107.71999999999998,1749.15
2023-08-19T21:00:00Z,106.48,1696.8
2023-08-19T21:30:00Z,103.09,1593.2
2023-08-19T22:00:00Z,66.39,1015.0
2023-08-19T22:30:00Z,93.45,765.9
2023-08-19T23:00:00Z,97.87000000000002,753.1
2023-08-19T23:30:00Z,93.65,928.65
2023-08-20T00:00:00Z,85.18999999999998,825.8
2023-08-20T00:30:00Z,80.5,941.45
2023-08-20T01:00:00Z,82.48,815.7
2023-08-20T01:30:00Z,88.08,1055.2
2023-08-20T02:00:00Z,87.60999999999999,782.05
2023-08-20T02:30:00Z,99.89,1088.4
2023-08-20T03:00:00Z,97.02999999999999,772.95
2023-08-20T03:30:00Z,99.20999999999998,811.35
2023-08-20T04:00:00Z,100.46,638.0
2023-08-20T04:30:00Z,100.46999999999998,756.95
2023-08-20T05:00:00Z,90.72,882.45
2023-08-20T05:30:00Z,101.97,802.0
2023-08-20T06:00:00Z,92.83,1397.3
2023-08-20T06:30:00Z,99.49,1550.0
2023-08-20T07:00:00Z,82.83,1345.1
2023-08-20T07:30:00Z,87.08,1201.25
2023-08-20T08:00:00Z,94.55,1180.25
2023-08-20T08:30:00Z,91.61,1198.9
2023-08-20T09:00:00Z,90.11,1266.8
2023-08-20T09:30:00Z,96.62,1275.15
2023-08-20T10:00:00Z,94.43,1513.2
2023-08-20T10:30:00Z,94.09,1514.25
2023-08-20T11:00:00Z,93.79,1357.15
2023-08-20T11:30:00Z,92.23,1650.25
2023-08-20T12:00:00Z,79.17,1638.25
2023-08-20T12:30:00Z,61.11000000000001,1818.1
2023-08-20T13:00:00Z,64.84,2062.55
2023-08-20T13:30:00Z,51.34,1758.4
2023-08-20T14:00:00Z,74.54,1834.6
2023-08-20T14:30:00Z,64.81,1702.75
2023-08-20T15:00:00Z,89.76000000000002,1740.0
2023-08-20T15:30:00Z,64.12,1859.6
2023-08-20T16:00:00Z,66.97,1582.45
2023-08-20T16:30:00Z,68.64,1652.35
2023-08-20T17:00:00Z,95.14,1887.4
2023-08-20T17:30:00Z,101.01,1710.1
2023-08-20T18:00:00Z,115.81,1260.65
2023-08-20T18:30:00Z,112.41,1351.7
2023-08-20T19:00:00Z,114.06,1304.35
2023-08-20T19:30:00Z,114.86000000000001,1386.3
2023-08-20T20:00:00Z,116.61,1094.45
2023-08-20T20:30:00Z,109.64,997.15
2023-08-20T21:00:00Z,110.92,1169.45
2023-08-20T21:30:00Z,93.85,1190.5
2023-08-20T22:00:00Z,96.69,1325.8
2023-08-20T22:30:00Z,102.07,1205.45
2023-08-20T23:00:00Z,89.15,1288.5
2023-08-20T23:30:00Z,86.86,1214.05
2023-08-21T00:00:00Z,86.63,843.1
2023-08-21T00:30:00Z,90.63,930.7
2023-08-21T01:00:00Z,90.1,863.35
2023-08-21T01:30:00Z,88.99,633.3
2023-08-21T02:00:00Z,87.53,851.95
2023-08-21T02:30:00Z,87.17,709.45
2023-08-21T03:00:00Z,88.17,877.3
2023-08-21T03:30:00Z,87.29,827.75
2023-08-21T04:00:00Z,105.35,877.3
2023-08-21T04:30:00Z,106.2,792.7
2023-08-21T05:00:00Z,99.21,1021.7
2023-08-21T05:30:00Z,109.41000000000001,1223.55
2023-08-21T06:00:00Z,117.16,1388.6
2023-08-21T06:30:00Z,123.07000000000001,1418.4
2023-08-21T07:00:00Z,113.26,1479.7
2023-08-21T07:30:00Z,116.85,1585.3
2023-08-21T08:00:00Z,112.48,1252.85
2023-08-21T08:30:00Z,95.76,1394.9
2023-08-21T09:00:00Z,102.74,1617.85
2023-08-21T09:30:00Z,93.06,1630.25
2023-08-21T10:00:00Z,88.75999999999999,1584.1
2023-08-21T10:30:00Z,82.99000000000001,1659.0
2023-08-21T11:00:00Z,89.83,1784.0
2023-08-21T11:30:00Z,70.42,1770.6
2023-08-21T12:00:00Z,78.7,1965.65
2023-08-21T12:30:00Z,80.85,2203.15
2023-08-21T13:00:00Z,84.95,2150.9
2023-08-21T13:30:00Z,73.47,2308.9
2023-08-21T14:00:00Z,94.16,1541.85
2023-08-21T14:30:00Z,93.69,1626.8
2023-08-21T15:00:00Z,100.27,1453.4
2023-08-21T15:30:00Z,96.23999999999998,1605.5
2023-08-21T16:00:00Z,111.77,1717.2
2023-08-21T16:30:00Z,118.52,1707.8
2023-08-21T17:00:00Z,118.39,1950.65
2023-08-21T17:30:00Z,124.76999999999998,2001.3
2023-08-21T18:00:00Z,129.38,1791.85
2023-08-21T18:30:00Z,123.95,1613.7
2023-08-21T19:00:00Z,122.43,1670.05
2023-08-21T19:30:00Z,120.1,1490.25
2023-08-21T20:00:00Z,114.5,1434.6
2023-08-21T20:30:00Z,102.11999999999999,1317.9
2023-08-21T21:00:00Z,101.05,1252.55
2023-08-21T21:30:00Z,85.77,1698.55
2023-08-21T22:00:00Z,86.65,1693.4
2023-08-21T22:30:00Z,97.75,1159.75
2023-08-21T23:00:00Z,97.92,1168.05
2023-08-21T23:30:00Z,91.88,1271.2
2023-08-22T00:00:00Z,90.64,1643.15
2023-08-22T00:30:00Z,95.15,1599.25
2023-08-22T01:00:00Z,91.29999999999998,1619.7
2023-08-22T01:30:00Z,101.04000000000002,1895.15
2023-08-22T02:00:00Z,108.96,2264.15
2023-08-22T02:30:00Z,106.03,2486.15
2023-08-22T03:00:00Z,106.88,2276.4
2023-08-22T03:30:00Z,104.31,2168.55
2023-08-22T04:00:00Z,114.55,1834.85
2023-08-22T04:30:00Z,111.5,2057.25
2023-08-22T05:00:00Z,102.15999999999998,1760.45
2023-08-22T05:30:00Z,95.93,2293.65
2023-08-22T06:00:00Z,120.28999999999999,1618.8
2023-08-22T06:30:00Z,126.01000000000002,2113.65
2023-08-22T07:00:00Z,103.11,1494.0
2023-08-22T07:30:00Z,110.64,1762.25
2023-08-22T08:00:00Z,106.7,1663.2
2023-08-22T08:30:00Z,97.05,1589.35
2023-08-22T09:00:00Z,95.59,1653.8
2023-08-22T09:30:00Z,90.92,1923.25
2023-08-22T10:00:00Z,89.59,1524.6
2023-08-22T10:30:00Z,85.27,1760.35
2023-08-22T11:00:00Z,88.49,1784.4
2023-08-22T11:30:00Z,88.85,2076.05
2023-08-22T12:00:00Z,83.44,1431.75
2023-08-22T12:30:00Z,78.76,1338.4
2023-08-22T13:00:00Z,78.82,1726.35
2023-08-22T13:30:00Z,86.59,1981.65
2023-08-22T14:00:00Z,101.85,1898.65
2023-08-22T14:30:00Z,95.14,2303.1
2023-08-22T15:00:00Z,109.73,2022.35
2023-08-22T15:30:00Z,113.88,2514.8
2023-08-22T16:00:00Z,130.19,2616.2
2023-08-22T16:30:00Z,140.33,2549.55
2023-08-22T17:00:00Z,140.18,2530.4
2023-08-22T17:30:00Z,148.4,2418.8
2023-08-22T18:00:00Z,145.83,1806.85
2023-08-22T18:30:00Z,148.58,1579.0
2023-08-22T19:00:00Z,137.37112528132033,1399.65
2023-08-22T19:30:00Z,139.22630331753555,1318.75
2023-08-22T20:00:00Z,125.20690930992944,871.65
2023-08-22T20:30:00Z,113.33210202512176,975.25
2023-08-22T21:00:00Z,122.5066852129253,700.95
2023-08-22T21:30:00Z,110.73905325443788,878.8
2023-08-22T22:00:00Z,104.59070591926375,478.09999999999997
2023-08-22T22:30:00Z,96.61544143149928,634.3000000000001
2023-08-22T23:00:00Z,98.04000000000002,715.6
2023-08-22T23:30:00Z,89.78,641.55
2023-08-23T00:00:00Z,84.66,521.4
2023-08-23T00:30:00Z,86.0,776.0
2023-08-23T01:00:00Z,84.7,508.15
2023-08-23T01:30:00Z,84.1,428.5
2023-08-23T02:00:00Z,86.07,596.5
2023-08-23T02:30:00Z,84.1,580.55
2023-08-23T03:00:00Z,84.0,665.8
2023-08-23T03:30:00Z,85.02,568.85
2023-08-23T04:00:00Z,87.44,834.8
2023-08-23T04:30:00Z,89.08999999999999,750.6
2023-08-23T05:00:00Z,102.35000000000001,671.15
2023-08-23T05:30:00Z,123.76,778.4
2023-08-23T06:00:00Z,122.21,1291.1
2023-08-23T06:30:00Z,145.57,1412.2
2023-08-23T07:00:00Z,120.91999999999999,1717.4
2023-08-23T07:30:00Z,120.46,1932.0
2023-08-23T08:00:00Z,96.87,2018.8
2023-08-23T08:30:00Z,91.69,2085.0
2023-08-23T09:00:00Z,99.47,1978.5
2023-08-23T09:30:00Z,93.63,1950.45
2023-08-23T10:00:00Z,98.17,1774.9
2023-08-23T10:30:00Z,92.52,1787.05
2023-08-23T11:00:00Z,92.33,1837.15
2023-08-23T11:30:00Z,87.02000000000001,1853.5
2023-08-23T12:00:00Z,86.93,2278.5
2023-08-23T12:30:00Z,86.88,1900.7
2023-08-23T13:00:00Z,88.11,1831.3
2023-08-23T13:30:00Z,87.51000000000002,1821.25
2023-08-23T14:00:00Z,106.61,1832.4
2023-08-23T14:30:00Z,113.23,1659.8
2023-08-23T15:00:00Z,108.84,1882.8
2023-08-23T15:30:00Z,111.3,2179.25
2023-08-23T16:00:00Z,164.22,3103.95
2023-08-23T16:30:00Z,171.35,3219.85
2023-08-23T17:00:00Z,195.28,2523.35
2023-08-23T17:30:00Z,195.14,2717.95
2023-08-23T18:00:00Z,169.5,2498.65
2023-08-23T18:30:00Z,163.81,2043.45
2023-08-23T19:00:00Z,166.27,1762.8
2023-08-23T19:30:00Z,165.28,1717.65
2023-08-23T20:00:00Z,146.08,996.85
2023-08-23T20:30:00Z,136.13,847.75
2023-08-23T21:00:00Z,138.64,890.65
2023-08-23T21:30:00Z,135.72,894.5
2023-08-23T22:00:00Z,0.0,0.0
2023-08-23T22:30:00Z,0.0,0.0
2023-08-23T23:00:00Z,0.0,0.0
2023-08-23T23:30:00Z,0.0,0.0
2023-08-24T00:00:00Z,0.0,0.0
2023-08-24T00:30:00Z,0.0,0.0
2023-08-24T01:00:00Z,83.73,194.45
2023-08-24T01:30:00Z,81.84,288.5
2023-08-24T02:00:00Z,73.89,509.6
2023-08-24T02:30:00Z,73.1,342.15
2023-08-24T03:00:00Z,73.0,642.85
2023-08-24T03:30:00Z,72.05,736.7
2023-08-24T04:00:00Z,74.26,807.35
2023-08-24T04:30:00Z,74.87,957.85
2023-08-24T05:00:00Z,80.28,1212.4
2023-08-24T05:30:00Z,95.04000000000002,1648.25
2023-08-24T06:00:00Z,89.26,1172.25
2023-08-24T06:30:00Z,110.81,1119.15
2023-08-24T07:00:00Z,90.1,972.7
2023-08-24T07:30:00Z,107.52,1063.55
2023-08-24T08:00:00Z,103.65,1401.45
2023-08-24T08:30:00Z,94.11,1532.1
2023-08-24T09:00:00Z,84.78,1665.55
2023-08-24T09:30:00Z,83.78,1673.1
2023-08-24T10:00:00Z,92.92,2246.95
2023-08-24T10:30:00Z,91.02,1816.35
2023-08-24T11:00:00Z,93.2,1803.3
2023-08-24T11:30:00Z,99.42,1893.05
2023-08-24T12:00:00Z,98.56,1586.65
2023-08-24T12:30:00Z,97.06,1569.1
2023-08-24T13:00:00Z,101.19,1920.1
2023-08-24T13:30:00Z,98.1,1948.15
2023-08-24T14:00:00Z,101.88,1710.6
2023-08-24T14:30:00Z,102.15,1854.65
2023-08-24T15:00:00Z,109.35,1651.05
2023-08-24T15:30:00Z,114.38,2163.85
2023-08-24T16:00:00Z,141.38,1630.15
2023-08-24T16:30:00Z,139.31,1723.4
2023-08-24T17:00:00Z,132.09,1965.6
2023-08-24T17:30:00Z,142.06,1736.45
2023-08-24T18:00:00Z,128.86,1585.4
2023-08-24T18:30:00Z,126.34000000000002,1494.45
2023-08-24T19:00:00Z,117.42,1270.55
2023-08-24T19:30:00Z,119.1,1358.15
2023-08-24T20:00:00Z,108.66,1157.0
2023-08-24T20:30:00Z,94.48,990.65
2023-08-24T21:00:00Z,89.55,1052.7
2023-08-24T21:30:00Z,80.89,1278.3
2023-08-24T22:00:00Z,82.6,520.3
2023-08-24T22:30:00Z,72.02,661.8
2023-08-24T23:00:00Z,76.83,534.6
2023-08-24T23:30:00Z,68.09,694.2
2023-08-25T00:00:00Z,67.46,539.55
2023-08-25T00:30:00Z,70.77,523.85
2023-08-25T01:00:00Z,77.14,326.6
2023-08-25T01:30:00Z,73.63,299.8
2023-08-25T02:00:00Z,75.43,420.35
2023-08-25T02:30:00Z,78.5,381.7
2023-08-25T03:00:00Z,72.47,481.8
2023-08-25T03:30:00Z,73.51,412.6
2023-08-25T04:00:00Z,69.63,523.2
2023-08-25T04:30:00Z,72.29,414.4
2023-08-25T05:00:00Z,72.15,852.2
2023-08-25T05:30:00Z,91.6,1050.0
2023-08-25T06:00:00Z,78.3,1167.5
2023-08-25T06:30:00Z,105.61,1206.8
2023-08-25T07:00:00Z,104.57,1353.85
2023-08-25T07:30:00Z,110.22999999999999,1416.15
2023-08-25T08:00:00Z,106.61,1158.4
2023-08-25T08:30:00Z,106.82,1553.7
2023-08-25T09:00:00Z,101.82999999999998,1549.1
2023-08-25T09:30:00Z,92.65,1631.2
2023-08-25T10:00:00Z,96.44000000000001,1365.3
2023-08-25T10:30:00Z,98.35,1520.35
2023-08-25T11:00:00Z,104.45000000000002,1983.55
2023-08-25T11:30:00Z,93.54,1804.85
2023-08-25T12:00:00Z,92.51,1414.3
2023-08-25T12:30:00Z,86.76,1284.85
2023-08-25T13:00:00Z,81.04,1333.6
2023-08-25T13:30:00Z,79.61,1470.5
2023-08-25T14:00:00Z,77.04,1503.2
2023-08-25T14:30:00Z,77.56,1438.9
2023-08-25T15:00:00Z,78.25,1539.9
2023-08-25T15:30:00Z,79.65,1323.05
2023-08-25T16:00:00Z,91.3,1359.25
2023-08-25T16:30:00Z,92.4,1471.8
2023-08-25T17:00:00Z,107.23,1570.35
2023-08-25T17:30:00Z,109.32,1697.05
2023-08-25T18:00:00Z,116.72999999999999,1604.45
2023-08-25T18:30:00Z,114.72000000000001,1437.4
2023-08-25T19:00:00Z,111.08,1328.2
2023-08-25T19:30:00Z,111.29,1570.75
2023-08-25T20:00:00Z,106.73,1420.25
2023-08-25T20:30:00Z,90.56,1243.75
2023-08-25T21:00:00Z,87.12,1315.0
2023-08-25T21:30:00Z,87.77,1220.95
2023-08-25T22:00:00Z,65.85,969.55
2023-08-25T22:30:00Z,93.43,1330.05
2023-08-25T23:00:00Z,86.33,909.85
2023-08-25T23:30:00Z,83.91,1201.85
2023-08-26T00:00:00Z,82.13,1066.95
2023-08-26T00:30:00Z,78.76,997.6
2023-08-26T01:00:00Z,77.47,913.25
2023-08-26T01:30:00Z,77.86,954.0
2023-08-26T02:00:00Z,81.24,853.6
2023-08-26T02:30:00Z,78.91,709.55
2023-08-26T03:00:00Z,75.86,704.85
2023-08-26T03:30:00Z,74.46,767.35
2023-08-26T04:00:00Z,75.58,721.9
2023-08-26T04:30:00Z,76.15,854.55
2023-08-26T05:00:00Z,78.16,795.4
2023-08-26T05:30:00Z,95.28,844.95
2023-08-26T06:00:00Z,77.72,997.65
2023-08-26T06:30:00Z,87.35,1090.8
2023-08-26T07:00:00Z,78.66,1027.9
2023-08-26T07:30:00Z,83.62,1157.95
2023-08-26T08:00:00Z,77.01,959.1
2023-08-26T08:30:00Z,76.28,1153.6
2023-08-26T09:00:00Z,75.33,1217.4
2023-08-26T09:30:00Z,73.84,1494.65
2023-08-26T10:00:00Z,71.8,1066.55
2023-08-26T10:30:00Z,71.24,1160.0
2023-08-26T11:00:00Z,70.63,980.9
2023-08-26T11:30:00Z,70.19,950.95
2023-08-26T12:00:00Z,72.91,1695.45
2023-08-26T12:30:00Z,75.03,1597.95
2023-08-26T13:00:00Z,74.5,1763.7
2023-08-26T13:30:00Z,71.26,1810.55
2023-08-26T14:00:00Z,76.57,1818.55
2023-08-26T14:30:00Z,75.26,1391.45
2023-08-26T15:00:00Z,76.02,1248.85
2023-08-26T15:30:00Z,72.89,1166.65
2023-08-26T16:00:00Z,81.17,1295.05
2023-08-26T16:30:00Z,84.14,1220.1
2023-08-26T17:00:00Z,94.52,1161.2
2023-08-26T17:30:00Z,93.45,1061.75
2023-08-26T18:00:00Z,89.01,1263.8
2023-08-26T18:30:00Z,88.9,1225.65
2023-08-26T19:00:00Z,98.73,1290.4
2023-08-26T19:30:00Z,99.16000000000001,1338.2
2023-08-26T20:00:00Z,94.08,1213.6
2023-08-26T20:30:00Z,91.67,1106.95
2023-08-26T21:00:00Z,93.91,1170.0
2023-08-26T21:30:00Z,90.8,989.65
2023-08-26T22:00:00Z,84.13,819.6
2023-08-26T22:30:00Z,76.46,731.45
2023-08-26T23:00:00Z,72.15,728.05
2023-08-26T23:30:00Z,80.31,1356.1
2023-08-27T00:00:00Z,72.04,825.15
2023-08-27T00:30:00Z,69.65,853.9
2023-08-27T01:00:00Z,70.4,817.7
2023-08-27T01:30:00Z,71.2,1015.1
2023-08-27T02:00:00Z,69.37,838.65
2023-08-27T02:30:00Z,67.68,848.85
2023-08-27T03:00:00Z,68.5,862.25
2023-08-27T03:30:00Z,67.09,906.6
2023-08-27T04:00:00Z,67.12,1085.35
2023-08-27T04:30:00Z,67.5,1040.1
2023-08-27T05:00:00Z,66.34,977.35
2023-08-27T05:30:00Z,67.98,1168.95
2023-08-27T06:00:00Z,62.48,885.2
2023-08-27T06:30:00Z,63.57,1006.9
2023-08-27T07:00:00Z,61.26,831.7
2023-08-27T07:30:00Z,63.32,1277.25
2023-08-27T08:00:00Z,60.339999999999996,1200.65
2023-08-27T08:30:00Z,63.41,1371.45
2023-08-27T09:00:00Z,67.02,1341.1
2023-08-27T09:30:00Z,69.42,1481.5
2023-08-27T10:00:00Z,67.96,1159.1
2023-08-27T10:30:00Z,66.7,1045.45
2023-08-27T11:00:00Z,65.96,1031.25
2023-08-27T11:30:00Z,74.4,1221.7
2023-08-27T12:00:00Z,81.62,1193.0
2023-08-27T12:30:00Z,77.53,1205.2
2023-08-27T13:00:00Z,75.89,1073.1
2023-08-27T13:30:00Z,73.42,1260.85
2023-08-27T14:00:00Z,67.45,1038.85
2023-08-27T14:30:00Z,68.23,986.55
2023-08-27T15:00:00Z,69.34999999999998,953.8
2023-08-27T15:30:00Z,68.73,1160.55
2023-08-27T16:00:00Z,70.56,970.65
2023-08-27T16:30:00Z,68.08,771.3
2023-08-27T17:00:00Z,72.43,1152.65
2023-08-27T17:30:00Z,79.88,1282.8
2023-08-27T18:00:00Z,91.11,1149.2
2023-08-27T18:30:00Z,90.49,1014.85
2023-08-27T19:00:00Z,91.6,1340.05
2023-08-27T19:30:00Z,85.94,1133.2
2023-08-27T20:00:00Z,90.95,1440.55
2023-08-27T20:30:00Z,80.43,1013.6
2023-08-27T21:00:00Z,80.57,1116.7
2023-08-27T21:30:00Z,75.98,962.85
2023-08-27T22:00:00Z,73.6,802.85
2023-08-27T22:30:00Z,73.93,829.5
2023-08-27T23:00:00Z,73.39,852.2
2023-08-27T23:30:00Z,70.13,704.6
2023-08-28T00:00:00Z,67.94,887.75
2023-08-28T00:30:00Z,64.83,1060.25
2023-08-28T01:00:00Z,64.93,1080.05
2023-08-28T01:30:00Z,61.64,966.75
2023-08-28T02:00:00Z,70.35,1043.05
2023-08-28T02:30:00Z,71.52000000000001,940.1
2023-08-28T03:00:00Z,74.54,1130.05
2023-08-28T03:30:00Z,72.32,1055.0
2023-08-28T04:00:00Z,82.27,937.2
2023-08-28T04:30:00Z,95.64,1074.8
2023-08-28T05:00:00Z,102.08,1181.0
2023-08-28T05:30:00Z,90.47,1568.3
2023-08-28T06:00:00Z,92.34,1499.45
2023-08-28T06:30:00Z,105.32,1987.65
2023-08-28T07:00:00Z,108.43,1649.15
2023-08-28T07:30:00Z,112.44,1748.05
2023-08-28T08:00:00Z,94.33000000000001,1688.3
2023-08-28T08:30:00Z,95.47,1789.1
2023-08-28T09:00:00Z,100.48,1527.1
2023-08-28T09:30:00Z,104.21,1820.55
2023-08-28T10:00:00Z,105.09,1699.15
2023-08-28T10:30:00Z,103.06,1535.1
2023-08-28T11:00:00Z,99.66000000000001,1484.45
2023-08-28T11:30:00Z,100.36,1649.6
2023-08-28T12:00:00Z,93.12,1684.85
2023-08-28T12:30:00Z,86.58,1759.75
2023-08-28T13:00:00Z,88.46,1904.0
2023-08-28T13:30:00Z,85.93077309236948,1593.6
2023-08-28T14:00:00Z,81.73228652146176,1097.3
2023-08-28T14:30:00Z,87.48,1024.4
2023-08-28T15:00:00Z,86.07,990.15
2023-08-28T15:30:00Z,83.5,1278.35
2023-08-28T16:00:00Z,117.02999999999999,1646.5
2023-08-28T16:30:00Z,121.53,1560.3
2023-08-28T17:00:00Z,122.03,1216.1
2023-08-28T17:30:00Z,121.54999999999998,1566.5
2023-08-28T18:00:00Z,112.43,1312.65
2023-08-28T18:30:00Z,116.45,1236.15
2023-08-28T19:00:00Z,113.54,1309.45
2023-08-28T19:30:00Z,113.82,1534.9
2023-08-28T20:00:00Z,117.66,1073.6
2023-08-28T20:30:00Z,92.68,798.55
2023-08-28T21:00:00Z,92.55,1013.0
2023-08-28T21:30:00Z,79.14,948.55
2023-08-28T22:00:00Z,80.72,729.15
2023-08-28T22:30:00Z,76.29,579.75
2023-08-28T23:00:00Z,77.94,1091.95
2023-08-28T23:30:00Z,77.1,789.7
2023-08-29T00:00:00Z,75.94,1175.6
2023-08-29T00:30:00Z,76.3,1443.4
2023-08-29T01:00:00Z,76.61,1672.9
2023-08-29T01:30:00Z,74.84,1233.4
2023-08-29T02:00:00Z,78.24,913.35
2023-08-29T02:30:00Z,81.19,1193.85
2023-08-29T03:00:00Z,82.04,1059.15
2023-08-29T03:30:00Z,75.57,829.05
2023-08-29T04:00:00Z,95.54,1125.2
2023-08-29T04:30:00Z,89.56,1236.8
2023-08-29T05:00:00Z,98.62,1526.7
2023-08-29T05:30:00Z,106.8,1115.95
2023-08-29T06:00:00Z,113.52,1319.2
2023-08-29T06:30:00Z,117.54,1487.0
2023-08-29T07:00:00Z,111.82,1176.65
2023-08-29T07:30:00Z,120.2,1440.1
2023-08-29T08:00:00Z,109.28,1368.3
2023-08-29T08:30:00Z,110.48,1434.7
2023-08-29T09:00:00Z,101.82999999999998,1551.75
2023-08-29T09:30:00Z,92.84,1622.9
2023-08-29T10:00:00Z,94.05,1600.45
2023-08-29T10:30:00Z,88.03,1855.45
2023-08-29T11:00:00Z,85.45000000000002,1767.05
2023-08-29T11:30:00Z,80.96,1796.95
2023-08-29T12:00:00Z,78.4,2315.95
2023-08-29T12:30:00Z,74.99,2364.65
2023-08-29T13:00:00Z,80.61,2664.5
2023-08-29T13:30:00Z,80.5,2688.95
2023-08-29T14:00:00Z,70.09,2283.7
2023-08-29T14:30:00Z,63.14000000000001,2299.85
2023-08-29T15:00:00Z,68.32,2366.9
2023-08-29T15:30:00Z,73.31,2566.8
2023-08-29T16:00:00Z,86.0,2100.5
2023-08-29T16:30:00Z,83.01,2283.0
2023-08-29T17:00:00Z,87.16,2303.4
2023-08-29T17:30:00Z,88.2,2796.85
2023-08-29T18:00:00Z,88.43,2589.6
2023-08-29T18:30:00Z,87.04,2873.65
2023-08-29T19:00:00Z,90.24,2692.65
2023-08-29T19:30:00Z,89.98,2525.55
2023-08-29T20:00:00Z,90.61,2498.0
2023-08-29T20:30:00Z,84.48,2077.15
2023-08-29T21:00:00Z,83.25,2132.55
2023-08-29T21:30:00Z,82.63,2288.85
2023-08-29T22:00:00Z,75.33,1051.9
2023-08-29T22:30:00Z,94.79,1516.65
2023-08-29T23:00:00Z,76.38,1293.85
2023-08-29T23:30:00Z,67.52,1138.85
2023-08-30T00:00:00Z,74.2,1311.55
2023-08-30T00:30:00Z,75.0,1174.95
2023-08-30T01:00:00Z,76.93,1037.95
2023-08-30T01:30:00Z,75.18,1208.7
2023-08-30T02:00:00Z,70.35,941.05
2023-08-30T02:30:00Z,69.85,1360.05
2023-08-30T03:00:00Z,71.75,1124.4
2023-08-30T03:30:00Z,68.83,955.55
2023-08-30T04:00:00Z,69.97,721.95
2023-08-30T04:30:00Z,76.7,967.8
2023-08-30T05:00:00Z,90.71,1091.65
2023-08-30T05:30:00Z,89.93,1350.6
2023-08-30T06:00:00Z,91.62,1084.35
2023-08-30T06:30:00Z,98.96,1818.2
2023-08-30T07:00:00Z,73.22,1399.95
2023-08-30T07:30:00Z,81.29,1699.25
2023-08-30T08:00:00Z,100.16,1660.65
2023-08-30T08:30:00Z,96.82,1820.7
2023-08-30T09:00:00Z,76.31,1834.15
2023-08-30T09:30:00Z,76.71,1928.8
2023-08-30T10:00:00Z,72.55,1537.55
2023-08-30T10:30:00Z,72.4,1493.55
2023-08-30T11:00:00Z,71.11,1501.3
2023-08-30T11:30:00Z,72.27,1465.75
2023-08-30T12:00:00Z,75.8,1641.6
2023-08-30T12:30:00Z,81.96,1752.35
2023-08-30T13:00:00Z,79.71,1799.95
2023-08-30T13:30:00Z,83.02,2064.5
2023-08-30T14:00:00Z,85.97,1296.3
2023-08-30T14:30:00Z,87.4,1559.55
2023-08-30T15:00:00Z,82.88,1971.25
2023-08-30T15:30:00Z,80.19,1710.1
2023-08-30T16:00:00Z,83.77,1775.7
2023-08-30T16:30:00Z,95.37999999999998,1974.35
2023-08-30T17:00:00Z,102.84,2005.05
2023-08-30T17:30:00Z,101.62,2005.9
2023-08-30T18:00:00Z,112.55,1668.35
2023-08-30T18:30:00Z,104.12,1622.75
2023-08-30T19:00:00Z,100.45,1635.6
2023-08-30T19:30:00Z,102.46,1855.8
2023-08-30T20:00:00Z,104.85,1764.35
2023-08-30T20:30:00Z,86.5,1495.75
2023-08-30T21:00:00Z,88.90999999999998,1866.1
2023-08-30T21:30:00Z,94.13,2040.55
2023-08-30T22:00:00Z,104.92000000000002,932.8
2023-08-30T22:30:00Z,92.05,1182.95
2023-08-30T23:00:00Z,98.47000000000001,822.4
2023-08-30T23:30:00Z,83.69,937.7
2023-08-31T00:00:00Z,82.35,1168.4
2023-08-31T00:30:00Z,82.9,927.6
2023-08-31T01:00:00Z,87.47,870.7
2023-08-31T01:30:00Z,87.79,1050.85
2023-08-31T02:00:00Z,86.58,1140.25
2023-08-31T02:30:00Z,83.63,1284.25
2023-08-31T03:00:00Z,82.72,1155.55
2023-08-31T03:30:00Z,81.16,1237.55
2023-08-31T04:00:00Z,91.64,977.65
2023-08-31T04:30:00Z,84.89,873.3
2023-08-31T05:00:00Z,93.41,844.45
2023-08-31T05:30:00Z,104.58,1095.05
2023-08-31T06:00:00Z,80.81000000000002,906.9
2023-08-31T06:30:00Z,109.03,1355.55
2023-08-31T07:00:00Z,77.84,825.1
2023-08-31T07:30:00Z,94.98,1064.35
2023-08-31T08:00:00Z,76.19,949.95
2023-08-31T08:30:00Z,74.15000000000002,954.1
2023-08-31T09:00:00Z,76.31,1031.05
2023-08-31T09:30:00Z,72.53,1014.05
2023-08-31T10:00:00Z,67.59,1461.0
2023-08-31T10:30:00Z,68.42,1375.15
2023-08-31T11:00:00Z,69.99,1664.0
2023-08-31T11:30:00Z,74.26,1638.75
2023-08-31T12:00:00Z,72.57,1476.85
2023-08-31T12:30:00Z,73.64,1575.4
2023-08-31T13:00:00Z,74.08,1593.5
2023-08-31T13:30:00Z,75.14,1874.4
2023-08-31T14:00:00Z,81.47,964.4
2023-08-31T14:30:00Z,82.12,1098.0
2023-08-31T15:00:00Z,93.85,1593.8
2023-08-31T15:30:00Z,100.29,1670.55
2023-08-31T16:00:00Z,112.3,2055.15
2023-08-31T16:30:00Z,111.47,2189.8
2023-08-31T17:00:00Z,111.35,2015.35
2023-08-31T17:30:00Z,110.92,2058.15
2023-08-31T18:00:00Z,111.53,2026.5
2023-08-31T18:30:00Z,109.24,1890.65
2023-08-31T19:00:00Z,104.34,1780.7
2023-08-31T19:30:00Z,103.69,1908.85
2023-08-31T20:00:00Z,101.07,1811.35
2023-08-31T20:30:00Z,94.57,1566.9
2023-08-31T21:00:00Z,98.89,1736.6
2023-08-31T21:30:00Z,90.42,1890.35
2023-08-31T22:00:00Z,84.4,1234.2
2023-08-31T22:30:00Z,78.31999999999998,884.6
2023-08-31T23:00:00Z,81.52,954.35
2023-08-31T23:30:00Z,85.56,906.0
2023-09-01T00:00:00Z,95.68,1221.85
2023-09-01T00:30:00Z,89.14,876.8
2023-09-01T01:00:00Z,85.64,1227.95
2023-09-01T01:30:00Z,80.49,1080.7
2023-09-01T02:00:00Z,88.29,758.75
2023-09-01T02:30:00Z,92.13,873.2
2023-09-01T03:00:00Z,91.12,749.45
2023-09-01T03:30:00Z,89.86,808.6
2023-09-01T04:00:00Z,103.43,891.3
2023-09-01T04:30:00Z,103.34,1112.95
2023-09-01T05:00:00Z,102.54,1090.0
2023-09-01T05:30:00Z,104.95,985.35
2023-09-01T06:00:00Z,105.2,1125.0
2023-09-01T06:30:00Z,109.26,1203.0
2023-09-01T07:00:00Z,98.55,1279.9
2023-09-01T07:30:00Z,108.06,1193.95
2023-09-01T08:00:00Z,99.06,1208.35
2023-09-01T08:30:00Z,93.95,1378.75
2023-09-01T09:00:00Z,92.73,1364.05
2023-09-01T09:30:00Z,85.66,1388.6
2023-09-01T10:00:00Z,101.5,2619.0
2023-09-01T10:30:00Z,99.47999999999999,2927.3
2023-09-01T11:00:00Z,85.24,2314.2
2023-09-01T11:30:00Z,83.15,2336.0
2023-09-01T12:00:00Z,93.6,1989.1
2023-09-01T12:30:00Z,86.14,2025.65
2023-09-01T13:00:00Z,79.17999999999999,1963.55
2023-09-01T13:30:00Z,76.71,2014.65
2023-09-01T14:00:00Z,77.18,1419.55
2023-09-01T14:30:00Z,75.45,1222.35
2023-09-01T15:00:00Z,77.45,1290.1
2023-09-01T15:30:00Z,81.91,1375.65
2023-09-01T16:00:00Z,92.42,1742.95
2023-09-01T16:30:00Z,101.74,1861.9
2023-09-01T17:00:00Z,104.31,1854.4
2023-09-01T17:30:00Z,104.83,1895.5
2023-09-01T18:00:00Z,112.04,1711.85
2023-09-01T18:30:00Z,112.36,1588.35
2023-09-01T19:00:00Z,111.12999999999998,1526.75
2023-09-01T19:30:00Z,108.28,1447.95
2023-09-01T20:00:00Z,105.36,1780.3
2023-09-01T20:30:00Z,95.53000000000002,1442.8
2023-09-01T21:00:00Z,92.51,1349.95
2023-09-01T21:30:00Z,87.56,1238.95
2023-09-01T22:00:00Z,81.59,890.8
2023-09-01T22:30:00Z,85.73,830.65
2023-09-01T23:00:00Z,84.24,787.6
2023-09-01T23:30:00Z,77.78,718.3
2023-09-02T00:00:00Z,73.17,624.8
2023-09-02T00:30:00Z,73.07,642.15
2023-09-02T01:00:00Z,75.3,540.4
2023-09-02T01:30:00Z,76.33,785.35
2023-09-02T02:00:00Z,73.94,477.1
2023-09-02T02:30:00Z,72.15,555.5
2023-09-02T03:00:00Z,80.8,704.7
2023-09-02T03:30:00Z,80.33,466.7
2023-09-02T04:00:00Z,88.39,571.35
2023-09-02T04:30:00Z,97.29,411.25
2023-09-02T05:00:00Z,90.05,597.75
2023-09-02T05:30:00Z,101.57,611.55
2023-09-02T06:00:00Z,90.74,996.0
2023-09-02T06:30:00Z,111.25,995.35
2023-09-02T07:00:00Z,93.17,1154.0
2023-09-02T07:30:00Z,105.20000000000002,1389.0
2023-09-02T08:00:00Z,102.1,884.35
2023-09-02T08:30:00Z,99.17,1142.8
2023-09-02T09:00:00Z,85.05,1117.6
2023-09-02T09:30:00Z,80.02,1221.0
2023-09-02T10:00:00Z,77.61,1178.3
2023-09-02T10:30:00Z,71.96,1082.5
2023-09-02T11:00:00Z,71.81,997.7
2023-09-02T11:30:00Z,65.06,1056.5
2023-09-02T12:00:00Z,65.43,1249.4
2023-09-02T12:30:00Z,62.28000000000001,1290.3
2023-09-02T13:00:00Z,57.61,1669.1
2023-09-02T13:30:00Z,51.81,1614.05
2023-09-02T14:00:00Z,74.71,1367.55
2023-09-02T14:30:00Z,68.8,1412.2
2023-09-02T15:00:00Z,73.71,1338.0
2023-09-02T15:30:00Z,79.72,1530.8
2023-09-02T16:00:00Z,90.26,1419.7
2023-09-02T16:30:00Z,98.97999999999999,1481.55
2023-09-02T17:00:00Z,104.82999999999998,1670.5
2023-09-02T17:30:00Z,106.58,1769.55
2023-09-02T18:00:00Z,104.48,1241.2
2023-09-02T18:30:00Z,105.77,1066.0
2023-09-02T19:00:00Z,104.01,1152.1
2023-09-02T19:30:00Z,98.03000000000002,1343.8
2023-09-02T20:00:00Z,110.01,1204.15
2023-09-02T20:30:00Z,91.26,1115.8
2023-09-02T21:00:00Z,86.14,1109.25
2023-09-02T21:30:00Z,91.98,1246.9
2023-09-02T22:00:00Z,67.83,1149.75
2023-09-02T22:30:00Z,81.34,914.55
2023-09-02T23:00:00Z,86.44,665.7
2023-09-02T23:30:00Z,81.08,606.15
2023-09-03T00:00:00Z,77.35,547.45
2023-09-03T00:30:00Z,88.6,719.85
2023-09-03T01:00:00Z,75.32,639.6
2023-09-03T01:30:00Z,69.82,717.45
2023-09-03T02:00:00Z,71.65,653.7
2023-09-03T02:30:00Z,67.73,475.7
2023-09-03T03:00:00Z,68.03,398.85
2023-09-03T03:30:00Z,67.89,541.3
2023-09-03T04:00:00Z,66.58,577.75
2023-09-03T04:30:00Z,66.53,609.4
2023-09-03T05:00:00Z,68.7,625.5
2023-09-03T05:30:00Z,70.82,754.2
2023-09-03T06:00:00Z,60.8,535.35
2023-09-03T06:30:00Z,65.91,714.85
2023-09-03T07:00:00Z,68.6,779.75
2023-09-03T07:30:00Z,83.73,1015.7
2023-09-03T08:00:00Z,87.16,1063.85
2023-09-03T08:30:00Z,86.75,1089.75
2023-09-03T09:00:00Z,85.55,1082.45
2023-09-03T09:30:00Z,66.82,1161.75
2023-09-03T10:00:00Z,62.39,1462.65
2023-09-03T10:30:00Z,69.58,1609.65
2023-09-03T11:00:00Z,80.06,1264.75
2023-09-03T11:30:00Z,58.790000000000006,1553.05
2023-09-03T12:00:00Z,53.96999999999999,1411.3
2023-09-03T12:30:00Z,49.04999999999999,1500.1
2023-09-03T13:00:00Z,40.0,1265.25
2023-09-03T13:30:00Z,39.69,1503.7
2023-09-03T14:00:00Z,58.59,1108.9
2023-09-03T14:30:00Z,54.48,1106.45
2023-09-03T15:00:00Z,59.56,1189.6
2023-09-03T15:30:00Z,51.69,1400.85
2023-09-03T16:00:00Z,81.65,1264.45
2023-09-03T16:30:00Z,87.65,1478.7
2023-09-03T17:00:00Z,86.49,1419.25
2023-09-03T17:30:00Z,102.84,1204.05
2023-09-03T18:00:00Z,107.91,1052.15
2023-09-03T18:30:00Z,110.7,1378.95
2023-09-03T19:00:00Z,101.13000000000001,1323.8
2023-09-03T19:30:00Z,95.31,1097.75
2023-09-03T20:00:00Z,96.76,1086.9
2023-09-03T20:30:00Z,87.27,1025.8
2023-09-03T21:00:00Z,91.91,967.35
2023-09-03T21:30:00Z,88.8,953.55
2023-09-03T22:00:00Z,87.28,1023.4
2023-09-03T22:30:00Z,74.85,741.3
2023-09-03T23:00:00Z,77.64,960.0
2023-09-03T23:30:00Z,73.26,964.95
2023-09-04T00:00:00Z,78.51,1083.0
2023-09-04T00:30:00Z,77.59,843.1
2023-09-04T01:00:00Z,73.07,991.05
2023-09-04T01:30:00Z,73.08,758.3
2023-09-04T02:00:00Z,74.88,865.45
2023-09-04T02:30:00Z,70.97,709.05
2023-09-04T03:00:00Z,69.03,719.0
2023-09-04T03:30:00Z,68.37,757.4
2023-09-04T04:00:00Z,75.59,1250.05
2023-09-04T04:30:00Z,69.06,942.0
2023-09-04T05:00:00Z,73.15,873.45
2023-09-04T05:30:00Z,96.62,1385.5
2023-09-04T06:00:00Z,86.75,1648.4
2023-09-04T06:30:00Z,100.26,2221.9
2023-09-04T07:00:00Z,81.74,1332.6
2023-09-04T07:30:00Z,81.95,1391.75
2023-09-04T08:00:00Z,76.46,1225.8
2023-09-04T08:30:00Z,73.5,983.15
2023-09-04T09:00:00Z,69.21,1164.15
2023-09-04T09:30:00Z,70.57,1475.35
2023-09-04T10:00:00Z,71.69,1429.05
2023-09-04T10:30:00Z,69.88,1305.5
2023-09-04T11:00:00Z,70.29,1433.45
2023-09-04T11:30:00Z,68.68,1492.45
2023-09-04T12:00:00Z,68.64,1211.0
2023-09-04T12:30:00Z,66.98,1253.3
2023-09-04T13:00:00Z,68.44,1160.15
2023-09-04T13:30:00Z,68.09,1353.1
2023-09-04T14:00:00Z,73.63,1543.45
2023-09-04T14:30:00Z,71.94,1751.45
2023-09-04T15:00:00Z,71.63,1565.4
2023-09-04T15:30:00Z,74.08,1864.65
2023-09-04T16:00:00Z,88.57,1795.25
2023-09-04T16:30:00Z,104.21,2097.45
2023-09-04T17:00:00Z,110.29,2060.55
2023-09-04T17:30:00Z,112.15,1955.4
2023-09-04T18:00:00Z,112.81,1358.6
2023-09-04T18:30:00Z,115.52,1349.05
2023-09-04T19:00:00Z,112.65000000000002,1312.8
2023-09-04T19:30:00Z,108.88,1411.25
2023-09-04T20:00:00Z,98.47,1482.95
2023-09-04T20:30:00Z,83.79,1332.75
2023-09-04T21:00:00Z,86.93,1621.75
2023-09-04T21:30:00Z,81.42,1446.45
2023-09-04T22:00:00Z,83.86,839.25
2023-09-04T22:30:00Z,70.6,849.35
2023-09-04T23:00:00Z,68.31,721.7
2023-09-04T23:30:00Z,66.08,785.3
2023-09-05T00:00:00Z,64.37,658.2
2023-09-05T00:30:00Z,66.58,791.05
2023-09-05T01:00:00Z,63.32,750.8
2023-09-05T01:30:00Z,66.19,1031.8
2023-09-05T02:00:00Z,64.13,818.4
2023-09-05T02:30:00Z,65.53,978.9
2023-09-05T03:00:00Z,76.15999999999998,886.95
2023-09-05T03:30:00Z,73.22,792.2
2023-09-05T04:00:00Z,67.77,1313.5
2023-09-05T04:30:00Z,71.39,1444.4
2023-09-05T05:00:00Z,92.15,1019.15
2023-09-05T05:30:00Z,104.51,1336.35
2023-09-05T06:00:00Z,89.12,1266.75
2023-09-05T06:30:00Z,103.59,1762.3
2023-09-05T07:00:00Z,82.84,1370.0
2023-09-05T07:30:00Z,78.35,1508.9
2023-09-05T08:00:00Z,87.48,1271.6
2023-09-05T08:30:00Z,70.54,1622.25
2023-09-05T09:00:00Z,67.12,1599.5
2023-09-05T09:30:00Z,64.69,1676.05
2023-09-05T10:00:00Z,66.07,1218.4
2023-09-05T10:30:00Z,65.61,1447.25
2023-09-05T11:00:00Z,67.33,1281.05
2023-09-05T11:30:00Z,63.37,1294.5
2023-09-05T12:00:00Z,62.89,1245.3
2023-09-05T12:30:00Z,58.129999999999995,1496.35
2023-09-05T13:00:00Z,63.28,1352.7
2023-09-05T13:30:00Z,72.68,1739.8
2023-09-05T14:00:00Z,85.2,1367.45
2023-09-05T14:30:00Z,81.68,1836.5
2023-09-05T15:00:00Z,78.65,1821.7
2023-09-05T15:30:00Z,78.73,1899.75
2023-09-05T16:00:00Z,94.08,1977.0
2023-09-05T16:30:00Z,99.31,2099.45
2023-09-05T17:00:00Z,110.77,1912.7
2023-09-05T17:30:00Z,111.22,2017.4
2023-09-05T18:00:00Z,113.76999999999998,1723.1
2023-09-05T18:30:00Z,114.29,1694.35
2023-09-05T19:00:00Z,106.82,2161.35
2023-09-05T19:30:00Z,102.93,1971.85
2023-09-05T20:00:00Z,97.03999999999999,1460.45
2023-09-05T20:30:00Z,89.94,1608.35
2023-09-05T21:00:00Z,91.26,1582.9
2023-09-05T21:30:00Z,82.74,1666.85
2023-09-05T22:00:00Z,80.71,1227.75
2023-09-05T22:30:00Z,83.75,1227.55
2023-09-05T23:00:00Z,87.62,1033.55
2023-09-05T23:30:00Z,81.95,1216.3
2023-09-06T00:00:00Z,72.91,1132.4
2023-09-06T00:30:00Z,73.77,1328.15
2023-09-06T01:00:00Z,75.43,1341.35
2023-09-06T01:30:00Z,77.22,1415.1
2023-09-06T02:00:00Z,74.06,923.8
2023-09-06T02:30:00Z,73.9,911.25
2023-09-06T03:00:00Z,71.15,1023.2
2023-09-06T03:30:00Z,71.58,988.2
2023-09-06T04:00:00Z,73.06,846.0
2023-09-06T04:30:00Z,78.41,1031.65
2023-09-06T05:00:00Z,92.19,990.95
2023-09-06T05:30:00Z,109.47,1201.85
2023-09-06T06:00:00Z,91.83,1117.8
2023-09-06T06:30:00Z,109.43999999999998,1251.35
2023-09-06T07:00:00Z,89.6,1311.0
2023-09-06T07:30:00Z,91.26,1259.8
2023-09-06T08:00:00Z,80.67,1263.55
2023-09-06T08:30:00Z,75.32,1063.9
2023-09-06T09:00:00Z,77.12,1190.0
2023-09-06T09:30:00Z,74.99,1119.7
2023-09-06T10:00:00Z,67.47,1193.55
2023-09-06T10:30:00Z,66.86,1398.9
2023-09-06T11:00:00Z,67.92,1129.3
2023-09-06T11:30:00Z,67.69,1455.75
2023-09-06T12:00:00Z,67.65,1078.55
2023-09-06T12:30:00Z,67.45,1202.3
2023-09-06T13:00:00Z,71.82,1249.35
2023-09-06T13:30:00Z,69.7,1485.75
2023-09-06T14:00:00Z,77.96,1532.3
2023-09-06T14:30:00Z,83.32,1680.6
2023-09-06T15:00:00Z,89.58,1598.45
2023-09-06T15:30:00Z,103.56,1716.1
2023-09-06T16:00:00Z,132.8,1814.05
2023-09-06T16:30:00Z,136.68,2208.45
2023-09-06T17:00:00Z,157.69,2055.05
2023-09-06T17:30:00Z,164.43,2071.25
2023-09-06T18:00:00Z,132.51,2045.95
2023-09-06T18:30:00Z,126.85,2117.9
2023-09-06T19:00:00Z,118.43,1743.2
2023-09-06T19:30:00Z,112.52,1641.45
2023-09-06T20:00:00Z,107.05,1209.25
2023-09-06T20:30:00Z,87.81,1088.9
2023-09-06T21:00:00Z,91.15,1115.0
2023-09-06T21:30:00Z,88.53,1360.5
2023-09-06T22:00:00Z,76.99,672.75
2023-09-06T22:30:00Z,70.29,710.65
2023-09-06T23:00:00Z,69.68,953.05
2023-09-06T23:30:00Z,70.55,984.35
2023-09-07T00:00:00Z,78.46,877.0
2023-09-07T00:30:00Z,75.16,906.4
2023-09-07T01:00:00Z,73.15,771.35
2023-09-07T01:30:00Z,76.58,986.3
2023-09-07T02:00:00Z,75.16,1335.05
2023-09-07T02:30:00Z,79.23,1347.35
2023-09-07T03:00:00Z,78.21,1043.6
2023-09-07T03:30:00Z,74.39,1340.65
2023-09-07T04:00:00Z,82.52,1005.95
2023-09-07T04:30:00Z,91.14,884.0
2023-09-07T05:00:00Z,92.21,1183.05
2023-09-07T05:30:00Z,101.88,1210.85
2023-09-07T06:00:00Z,79.35,1533.85
2023-09-07T06:30:00Z,95.36,1567.2
2023-09-07T07:00:00Z,84.15,1199.75
2023-09-07T07:30:00Z,82.52,1293.85
2023-09-07T08:00:00Z,82.19,1177.7
2023-09-07T08:30:00Z,74.23,1289.3
2023-09-07T09:00:00Z,80.47,1417.6
2023-09-07T09:30:00Z,74.26,1506.15
2023-09-07T10:00:00Z,66.06,1694.85
2023-09-07T10:30:00Z,72.12,2188.0
2023-09-07T11:00:00Z,71.3,2042.75
2023-09-07T11:30:00Z,68.36000000000001,1925.35
2023-09-07T12:00:00Z,69.42,1891.05
2023-09-07T12:30:00Z,68.98,1898.1
2023-09-07T13:00:00Z,69.33,2104.9
2023-09-07T13:30:00Z,68.98,2027.45
2023-09-07T14:00:00Z,78.35,1457.85
2023-09-07T14:30:00Z,76.38,1777.9
2023-09-07T15:00:00Z,84.02,2236.5
2023-09-07T15:30:00Z,95.4,2096.7
2023-09-07T16:00:00Z,105.41,2036.65
2023-09-07T16:30:00Z,102.69,2254.5
2023-09-07T17:00:00Z,114.81,2318.1
2023-09-07T17:30:00Z,110.82,2230.75
2023-09-07T18:00:00Z,104.75000000000001,1733.9
2023-09-07T18:30:00Z,104.41,2030.55
2023-09-07T19:00:00Z,103.83999999999999,1666.8
2023-09-07T19:30:00Z,97.54,1732.7
2023-09-07T20:00:00Z,102.83,1766.35
2023-09-07T20:30:00Z,83.37,1532.75
2023-09-07T21:00:00Z,81.5,1308.9
2023-09-07T21:30:00Z,86.16,1865.4
2023-09-07T22:00:00Z,92.21999999999998,912.95
2023-09-07T22:30:00Z,85.45,1162.5
2023-09-07T23:00:00Z,77.08,1086.6
2023-09-07T23:30:00Z,75.3,1142.5
2023-09-08T00:00:00Z,75.68,976.25
2023-09-08T00:30:00Z,71.92,1100.4
2023-09-08T01:00:00Z,75.26,975.85
2023-09-08T01:30:00Z,77.09,1124.4
2023-09-08T02:00:00Z,74.1,694.65
2023-09-08T02:30:00Z,76.75,934.05
2023-09-08T03:00:00Z,84.36,870.95
2023-09-08T03:30:00Z,81.29,772.6
2023-09-08T04:00:00Z,97.04,869.3
2023-09-08T04:30:00Z,99.47,1006.05
2023-09-08T05:00:00Z,102.62,1066.25
2023-09-08T05:30:00Z,112.8,1253.8
2023-09-08T06:00:00Z,91.89,988.25
2023-09-08T06:30:00Z,112.75,1105.2
2023-09-08T07:00:00Z,105.57,895.9
2023-09-08T07:30:00Z,109.12,945.45
2023-09-08T08:00:00Z,111.94,1311.2
2023-09-08T08:30:00Z,99.68,1269.15
2023-09-08T09:00:00Z,107.1,1467.2
2023-09-08T09:30:00Z,91.51,1416.65
2023-09-08T10:00:00Z,83.16,1334.35
2023-09-08T10:30:00Z,77.18,1281.15
2023-09-08T11:00:00Z,71.04,1406.9
2023-09-08T11:30:00Z,73.43,1836.7
2023-09-08T12:00:00Z,76.11000000000001,1779.4
2023-09-08T12:30:00Z,74.1,1962.5
2023-09-08T13:00:00Z,75.24,1887.35
2023-09-08T13:30:00Z,75.33,2042.55
2023-09-08T14:00:00Z,99.85,1626.5
2023-09-08T14:30:00Z,102.68,2022.35
2023-09-08T15:00:00Z,90.14,2082.95
2023-09-08T15:30:00Z,110.54000000000002,2740.4
2023-09-08T16:00:00Z,162.37,2138.65
2023-09-08T16:30:00Z,166.88,1945.1
2023-09-08T17:00:00Z,183.65,1998.85
2023-09-08T17:30:00Z,184.99,1978.25
2023-09-08T18:00:00Z,175.26,1674.15
2023-09-08T18:30:00Z,175.16999999999996,1618.45
2023-09-08T19:00:00Z,145.91,2100.85
2023-09-08T19:30:00Z,138.04,2148.05
2023-09-08T20:00:00Z,116.05,1863.35
2023-09-08T20:30:00Z,107.96,1586.0
2023-09-08T21:00:00Z,110.52,1755.65
2023-09-08T21:30:00Z,101.75,1684.6
2023-09-08T22:00:00Z,94.25,943.65
2023-09-08T22:30:00Z,84.56,880.25
2023-09-08T23:00:00Z,96.72,848.95
2023-09-08T23:30:00Z,105.72,802.25
2023-09-09T00:00:00Z,91.41,1165.55
2023-09-09T00:30:00Z,96.21,1038.75
2023-09-09T01:00:00Z,95.98,850.45
2023-09-09T01:30:00Z,87.01,866.05
2023-09-09T02:00:00Z,83.79,561.4
2023-09-09T02:30:00Z,81.46,493.8
2023-09-09T03:00:00Z,86.55,555.1
2023-09-09T03:30:00Z,85.28,704.4
2023-09-09T04:00:00Z,91.47,617.6
2023-09-09T04:30:00Z,92.0,514.2
2023-09-09T05:00:00Z,94.27,722.9
2023-09-09T05:30:00Z,107.18,975.75
2023-09-09T06:00:00Z,97.14,1049.6
2023-09-09T06:30:00Z,108.63,899.6
2023-09-09T07:00:00Z,88.64,1194.45
2023-09-09T07:30:00Z,100.51,1119.85
2023-09-09T08:00:00Z,86.36,1318.2
2023-09-09T08:30:00Z,80.29,1485.15
2023-09-09T09:00:00Z,80.27,1350.15
2023-09-09T09:30:00Z,78.07,1492.6
2023-09-09T10:00:00Z,73.16,997.0
2023-09-09T10:30:00Z,72.43,1164.35
2023-09-09T11:00:00Z,73.97,1214.85
2023-09-09T11:30:00Z,71.81,1182.65
2023-09-09T12:00:00Z,74.6,1402.7
2023-09-09T12:30:00Z,71.85,1090.5
2023-09-09T13:00:00Z,70.93,1126.4
2023-09-09T13:30:00Z,68.84,1247.45
2023-09-09T14:00:00Z,79.98,1460.75
2023-09-09T14:30:00Z,86.29,1248.95
2023-09-09T15:00:00Z,97.31,1660.4
2023-09-09T15:30:00Z,82.59,1612.7
2023-09-09T16:00:00Z,112.31,1367.55
2023-09-09T16:30:00Z,108.71,1265.15
2023-09-09T17:00:00Z,125.01,1419.65
2023-09-09T17:30:00Z,126.84,1795.8
2023-09-09T18:00:00Z,119.88,1851.4
2023-09-09T18:30:00Z,123.31,1796.8
2023-09-09T19:00:00Z,114.34,1924.35
2023-09-09T19:30:00Z,112.27,1644.5
2023-09-09T20:00:00Z,113.77,1334.95
2023-09-09T20:30:00Z,100.32000000000001,1514.75
2023-09-09T21:00:00Z,97.20999999999998,1465.05
2023-09-09T21:30:00Z,90.03,1402.5
2023-09-09T22:00:00Z,83.56,1004.4
2023-09-09T22:30:00Z,94.76,1090.15
2023-09-09T23:00:00Z,85.89,859.4
2023-09-09T23:30:00Z,83.17,890.75
2023-09-10T00:00:00Z,98.15,909.6
2023-09-10T00:30:00Z,96.73,1046.25
2023-09-10T01:00:00Z,82.36000000000001,814.7
2023-09-10T01:30:00Z,80.52,875.85
2023-09-10T02:00:00Z,80.28,970.45
2023-09-10T02:30:00Z,78.8,829.65
2023-09-10T03:00:00Z,77.13,654.75
2023-09-10T03:30:00Z,76.46,705.4
2023-09-10T04:00:00Z,83.9,964.25
2023-09-10T04:30:00Z,80.59,1005.7
2023-09-10T05:00:00Z,76.02,637.75
2023-09-10T05:30:00Z,83.33,990.5
2023-09-10T06:00:00Z,72.84,1217.25
2023-09-10T06:30:00Z,75.88,1131.4
2023-09-10T07:00:00Z,76.13,874.85
2023-09-10T07:30:00Z,88.03,1102.9
2023-09-10T08:00:00Z,77.25,964.25
2023-09-10T08:30:00Z,82.69,980.75
2023-09-10T09:00:00Z,92.33,1111.2
2023-09-10T09:30:00Z,99.56,1319.6
2023-09-10T10:00:00Z,100.42000000000002,1415.4
2023-09-10T10:30:00Z,108.47,1473.0
2023-09-10T11:00:00Z,112.41,1437.85
2023-09-10T11:30:00Z,111.24,1565.75
2023-09-10T12:00:00Z,105.71,1798.95
2023-09-10T12:30:00Z,100.1,1785.8
2023-09-10T13:00:00Z,94.54,1924.65
2023-09-10T13:30:00Z,89.76,1766.9
2023-09-10T14:00:00Z,87.14,1734.05
2023-09-10T14:30:00Z,90.62,1702.4
2023-09-10T15:00:00Z,99.55,1838.55
2023-09-10T15:30:00Z,79.86,2215.6
2023-09-10T16:00:00Z,104.86,2140.4
2023-09-10T16:30:00Z,108.68000000000002,2467.65
2023-09-10T17:00:00Z,112.39000000000001,2427.9
2023-09-10T17:30:00Z,115.03,2819.6
2023-09-10T18:00:00Z,116.31000000000002,2539.1
2023-09-10T18:30:00Z,111.28,2493.25
2023-09-10T19:00:00Z,114.48,2207.35
2023-09-10T19:30:00Z,111.19,2097.35
2023-09-10T20:00:00Z,118.3,2047.75
2023-09-10T20:30:00Z,113.96,1932.0
2023-09-10T21:00:00Z,101.69,2439.9
2023-09-10T21:30:00Z,99.86,2602.6
2023-09-10T22:00:00Z,93.19,1535.8
2023-09-10T22:30:00Z,98.76,1397.9
2023-09-10T23:00:00Z,95.6,1519.5
2023-09-10T23:30:00Z,93.8,1621.3
2023-09-11T00:00:00Z,87.64,1565.25
2023-09-11T00:30:00Z,84.79,1862.5
2023-09-11T01:00:00Z,75.12,1774.65
2023-09-11T01:30:00Z,76.9,2290.35
2023-09-11T02:00:00Z,70.9,1875.0
2023-09-11T02:30:00Z,69.66,1811.55
2023-09-11T03:00:00Z,73.2,1764.45
2023-09-11T03:30:00Z,68.3,1680.05
2023-09-11T04:00:00Z,65.3,1490.0
2023-09-11T04:30:00Z,69.69,1877.4
2023-09-11T05:00:00Z,67.05,1508.35
2023-09-11T05:30:00Z,75.15,1856.95
2023-09-11T06:00:00Z,77.51,1654.2
2023-09-11T06:30:00Z,96.95,1941.85
2023-09-11T07:00:00Z,81.25,1711.7
2023-09-11T07:30:00Z,83.15,1526.15
2023-09-11T08:00:00Z,72.79,1451.5
2023-09-11T08:30:00Z,73.17,1500.35
2023-09-11T09:00:00Z,83.42,2087.05
2023-09-11T09:30:00Z,84.11,2332.8
2023-09-11T10:00:00Z,73.65,2026.3
2023-09-11T10:30:00Z,76.68,2025.4
2023-09-11T11:00:00Z,77.95,1923.05
2023-09-11T11:30:00Z,80.8,2019.2
2023-09-11T12:00:00Z,82.9,2195.85
2023-09-11T12:30:00Z,81.46,1960.0
2023-09-11T13:00:00Z,85.69,1998.0
2023-09-11T13:30:00Z,83.93,2163.65
2023-09-11T14:00:00Z,105.07999999999998,1445.3
2023-09-11T14:30:00Z,99.51,1785.7
2023-09-11T15:00:00Z,111.99,2068.95
2023-09-11T15:30:00Z,127.65000000000002,2134.7
2023-09-11T16:00:00Z,139.18,2191.7
2023-09-11T16:30:00Z,147.87,2286.75
2023-09-11T17:00:00Z,155.71,2244.75
2023-09-11T17:30:00Z,151.06,2420.25
2023-09-11T18:00:00Z,132.12,1760.7
2023-09-11T18:30:00Z,131.99,1904.8
2023-09-11T19:00:00Z,122.82,1878.65
2023-09-11T19:30:00Z,118.08,1837.05
2023-09-11T20:00:00Z,111.62,1517.0
2023-09-11T20:30:00Z,97.52,1213.2
2023-09-11T21:00:00Z,100.30000000000001,1346.05
2023-09-11T21:30:00Z,85.88,1329.4
2023-09-11T22:00:00Z,91.57,942.45
2023-09-11T22:30:00Z,70.99,711.15
2023-09-11T23:00:00Z,78.58,894.1
2023-09-11T23:30:00Z,75.75,964.05
2023-09-12T00:00:00Z,74.3,940.0
2023-09-12T00:30:00Z,73.11,939.25
2023-09-12T01:00:00Z,69.32,827.35
2023-09-12T01:30:00Z,72.62,1068.75
2023-09-12T02:00:00Z,68.7,1007.45
2023-09-12T02:30:00Z,70.85,980.0
2023-09-12T03:00:00Z,69.17,1098.05
2023-09-12T03:30:00Z,71.82,1062.35
2023-09-12T04:00:00Z,89.53,1157.55
2023-09-12T04:30:00Z,93.58,1132.3
2023-09-12T05:00:00Z,118.54000000000002,1359.2
2023-09-12T05:30:00Z,120.30000000000001,2324.6
2023-09-12T06:00:00Z,126.97,1460.25
2023-09-12T06:30:00Z,135.99,1424.5
2023-09-12T07:00:00Z,117.54,1592.15
2023-09-12T07:30:00Z,120.01999999999998,1502.55
2023-09-12T08:00:00Z,107.56999999999998,1356.15
2023-09-12T08:30:00Z,105.95,1368.55
2023-09-12T09:00:00Z,101.54,1493.55
2023-09-12T09:30:00Z,97.37,1500.45
2023-09-12T10:00:00Z,98.99,1091.1
2023-09-12T10:30:00Z,96.27,1281.55
2023-09-12T11:00:00Z,87.76,1498.8
2023-09-12T11:30:00Z,83.14000000000001,1602.4
2023-09-12T12:00:00Z,86.33,1405.95
2023-09-12T12:30:00Z,81.16,1450.0
2023-09-12T13:00:00Z,92.76,1383.5
2023-09-12T13:30:00Z,82.48,1279.75
2023-09-12T14:00:00Z,86.96,1343.85
2023-09-12T14:30:00Z,84.79,1383.95
2023-09-12T15:00:00Z,86.8,1400.9
2023-09-12T15:30:00Z,82.11,1800.05
2023-09-12T16:00:00Z,92.98,2321.0
2023-09-12T16:30:00Z,98.74,2266.6
2023-09-12T17:00:00Z,105.88,2324.55
2023-09-12T17:30:00Z,102.25,2001.2
2023-09-12T18:00:00Z,107.61,2032.55
2023-09-12T18:30:00Z,102.77,1860.5
2023-09-12T19:00:00Z,101.42,1628.75
2023-09-12T19:30:00Z,92.36,1582.8
2023-09-12T20:00:00Z,91.63,1455.75
2023-09-12T20:30:00Z,83.21,1390.3
2023-09-12T21:00:00Z,83.28,1384.15
2023-09-12T21:30:00Z,86.76000000000002,1723.45
2023-09-12T22:00:00Z,87.4,1110.7
2023-09-12T22:30:00Z,99.77,1006.6
2023-09-12T23:00:00Z,90.86,1218.9
2023-09-12T23:30:00Z,80.4,1168.95
2023-09-13T00:00:00Z,74.79,1554.3
2023-09-13T00:30:00Z,71.8,1415.15
2023-09-13T01:00:00Z,69.98,1493.95
2023-09-13T01:30:00Z,68.55,1528.55
2023-09-13T02:00:00Z,64.39,1282.8
2023-09-13T02:30:00Z,73.0,1365.0
2023-09-13T03:00:00Z,78.54999999999998,1713.2
2023-09-13T03:30:00Z,75.33,1600.9
2023-09-13T04:00:00Z,91.35,1812.95
2023-09-13T04:30:00Z,84.55,1853.55
2023-09-13T05:00:00Z,84.79,1553.95
2023-09-13T05:30:00Z,101.89,1988.75
2023-09-13T06:00:00Z,95.11999999999999,1382.55
2023-09-13T06:30:00Z,109.13,1413.0
2023-09-13T07:00:00Z,85.82,1435.05
2023-09-13T07:30:00Z,86.52,1440.1
2023-09-13T08:00:00Z,79.15,1470.25
2023-09-13T08:30:00Z,76.03,1221.7
2023-09-13T09:00:00Z,82.97,1685.7
2023-09-13T09:30:00Z,75.8,1525.5
2023-09-13T10:00:00Z,63.81,1265.8
2023-09-13T10:30:00Z,66.74,1532.6
2023-09-13T11:00:00Z,76.02,1927.05
2023-09-13T11:30:00Z,88.63,2247.65
2023-09-13T12:00:00Z,88.13,2276.45
2023-09-13T12:30:00Z,85.94,2482.5
2023-09-13T13:00:00Z,90.76,2128.25
2023-09-13T13:30:00Z,84.06,2052.3
2023-09-13T14:00:00Z,90.05,2315.95
2023-09-13T14:30:00Z,86.49,2555.8
2023-09-13T15:00:00Z,80.81,1654.45
2023-09-13T15:30:00Z,79.22,1843.65
2023-09-13T16:00:00Z,100.56,1966.7
2023-09-13T16:30:00Z,99.2,2164.4
2023-09-13T17:00:00Z,98.84,2040.75
2023-09-13T17:30:00Z,94.49,2148.35
2023-09-13T18:00:00Z,102.29,1657.6
2023-09-13T18:30:00Z,100.04,1587.0
2023-09-13T19:00:00Z,102.81,1563.85
2023-09-13T19:30:00Z,94.41,1529.25
2023-09-13T20:00:00Z,86.72,1561.3
2023-09-13T20:30:00Z,88.57,1416.4
2023-09-13T21:00:00Z,87.21000000000001,1569.4
2023-09-13T21:30:00Z,87.03,1870.05
2023-09-13T22:00:00Z,83.56,1144.45
2023-09-13T22:30:00Z,76.36,989.05
2023-09-13T23:00:00Z,71.98,1106.2
2023-09-13T23:30:00Z,67.48,922.9
2023-09-14T00:00:00Z,79.84,1095.15
2023-09-14T00:30:00Z,72.32,1098.35
2023-09-14T01:00:00Z,69.36,1088.1
2023-09-14T01:30:00Z,68.39,1158.95
2023-09-14T02:00:00Z,66.14,1693.25
2023-09-14T02:30:00Z,65.59,1712.55
2023-09-14T03:00:00Z,67.88,1568.2
2023-09-14T03:30:00Z,69.23,1437.55
2023-09-14T04:00:00Z,82.42,1592.2
2023-09-14T04:30:00Z,78.7,1298.9
2023-09-14T05:00:00Z,93.92,1055.3
2023-09-14T05:30:00Z,98.95999999999998,1453.45
2023-09-14T06:00:00Z,109.1,1227.2
2023-09-14T06:30:00Z,118.07,1876.75
2023-09-14T07:00:00Z,108.11,1568.15
2023-09-14T07:30:00Z,110.04,1776.9
2023-09-14T08:00:00Z,95.7,2034.45
2023-09-14T08:30:00Z,91.04,2068.65
2023-09-14T09:00:00Z,84.11,2021.4
2023-09-14T09:30:00Z,82.74,2220.0
2023-09-14T10:00:00Z,76.53,1575.5
2023-09-14T10:30:00Z,72.34,1607.95
2023-09-14T11:00:00Z,72.32,1787.0
2023-09-14T11:30:00Z,71.86000000000001,1871.6
2023-09-14T12:00:00Z,76.49,1507.4
2023-09-14T12:30:00Z,74.67,1437.9
2023-09-14T13:00:00Z,75.33,1429.25
2023-09-14T13:30:00Z,78.34999999999998,1704.75
2023-09-14T14:00:00Z,91.55,1643.3
2023-09-14T14:30:00Z,87.81,1744.8
2023-09-14T15:00:00Z,91.74,2008.35
2023-09-14T15:30:00Z,96.31,2198.35
2023-09-14T16:00:00Z,107.91,1832.75
2023-09-14T16:30:00Z,115.93,1967.2
2023-09-14T17:00:00Z,119.28000000000002,1636.55
2023-09-14T17:30:00Z,117.58,1789.95
2023-09-14T18:00:00Z,120.4,1512.6
2023-09-14T18:30:00Z,124.21999999999998,1599.5
2023-09-14T19:00:00Z,120.01,1663.2
2023-09-14T19:30:00Z,117.35999999999999,1643.65
2023-09-14T20:00:00Z,113.18,1528.45
2023-09-14T20:30:00Z,106.27,1151.75
2023-09-14T21:00:00Z,94.39,1103.05
2023-09-14T21:30:00Z,89.83,1332.2
2023-09-14T22:00:00Z,92.36,850.15
2023-09-14T22:30:00Z,94.28,632.4
2023-09-14T23:00:00Z,87.58,783.75
2023-09-14T23:30:00Z,81.77,873.9
2023-09-15T00:00:00Z,88.11,752.2
2023-09-15T00:30:00Z,87.14999999999999,808.7
2023-09-15T01:00:00Z,84.84,1091.6
2023-09-15T01:30:00Z,80.25,1126.1
2023-09-15T02:00:00Z,75.16,965.9
2023-09-15T02:30:00Z,73.62,1015.3
2023-09-15T03:00:00Z,84.04,974.5
2023-09-15T03:30:00Z,77.46,1026.1
2023-09-15T04:00:00Z,87.8,633.45
2023-09-15T04:30:00Z,88.39,591.3
2023-09-15T05:00:00Z,102.87,940.05
2023-09-15T05:30:00Z,117.7,1055.1
2023-09-15T06:00:00Z,107.3,1010.3
2023-09-15T06:30:00Z,119.38,1297.1
2023-09-15T07:00:00Z,107.45,1304.15
2023-09-15T07:30:00Z,106.83000000000001,1447.95
2023-09-15T08:00:00Z,100.13,1567.25
2023-09-15T08:30:00Z,87.6,1590.4
2023-09-15T09:00:00Z,91.91,1514.05
2023-09-15T09:30:00Z,93.24,1979.05
2023-09-15T10:00:00Z,72.14,2102.6
2023-09-15T10:30:00Z,70.73,2079.9
2023-09-15T11:00:00Z,72.99,1850.85
2023-09-15T11:30:00Z,71.66,1799.95
2023-09-15T12:00:00Z,71.15999999999998,1846.05
2023-09-15T12:30:00Z,69.66,1732.85
2023-09-15T13:00:00Z,70.66,1882.7
2023-09-15T13:30:00Z,68.48,1844.05
2023-09-15T14:00:00Z,91.43,1757.3
2023-09-15T14:30:00Z,85.48,1687.7
2023-09-15T15:00:00Z,87.95,1566.55
2023-09-15T15:30:00Z,96.46,1682.85
2023-09-15T16:00:00Z,105.84,1730.0
2023-09-15T16:30:00Z,106.89,1798.1
2023-09-15T17:00:00Z,103.25,1779.9
2023-09-15T17:30:00Z,100.84,1753.8
2023-09-15T18:00:00Z,99.06,1791.7
2023-09-15T18:30:00Z,97.86,1961.4
2023-09-15T19:00:00Z,92.02,1777.6
2023-09-15T19:30:00Z,80.44,1508.85
2023-09-15T20:00:00Z,93.19,2056.35
2023-09-15T20:30:00Z,96.01,2406.5
2023-09-15T21:00:00Z,83.69,2071.8
2023-09-15T21:30:00Z,81.17,2263.9
2023-09-15T22:00:00Z,71.79,637.65
2023-09-15T22:30:00Z,79.47,724.35
2023-09-15T23:00:00Z,80.05,535.55
2023-09-15T23:30:00Z,75.72,581.25
2023-09-16T00:00:00Z,78.13,519.3
2023-09-16T00:30:00Z,74.38,562.35
2023-09-16T01:00:00Z,75.7,604.1
2023-09-16T01:30:00Z,72.67,654.2
2023-09-16T02:00:00Z,71.95,531.25
2023-09-16T02:30:00Z,66.7,602.35
2023-09-16T03:00:00Z,64.31,587.3
2023-09-16T03:30:00Z,61.33,942.6
2023-09-16T04:00:00Z,63.62,999.0
2023-09-16T04:30:00Z,65.49,795.0
2023-09-16T05:00:00Z,68.75,862.45
2023-09-16T05:30:00Z,86.84,926.65
2023-09-16T06:00:00Z,84.23,1299.65
2023-09-16T06:30:00Z,102.53,1315.45
2023-09-16T07:00:00Z,74.44,1042.95
2023-09-16T07:30:00Z,88.9,1154.85
2023-09-16T08:00:00Z,76.73,1030.45
2023-09-16T08:30:00Z,79.61,1038.85
2023-09-16T09:00:00Z,84.7,1311.15
2023-09-16T09:30:00Z,80.36,1157.2
2023-09-16T10:00:00Z,74.82,845.9
2023-09-16T10:30:00Z,79.63,877.85
2023-09-16T11:00:00Z,85.99,886.6
2023-09-16T11:30:00Z,84.99,1154.0
2023-09-16T12:00:00Z,85.21,1209.45
2023-09-16T12:30:00Z,93.51,1306.25
2023-09-16T13:00:00Z,94.89,1402.65
2023-09-16T13:30:00Z,82.14,1786.85
2023-09-16T14:00:00Z,99.50000000000001,1321.3
2023-09-16T14:30:00Z,92.8,1210.1
2023-09-16T15:00:00Z,104.27,1101.0
2023-09-16T15:30:00Z,105.34000000000002,1258.35
2023-09-16T16:00:00Z,115.95999999999998,1188.1
2023-09-16T16:30:00Z,116.55,1390.8
2023-09-16T17:00:00Z,120.33,1391.8
2023-09-16T17:30:00Z,118.25,1385.5
2023-09-16T18:00:00Z,112.77999999999999,1633.9
2023-09-16T18:30:00Z,109.32999999999998,1711.5
2023-09-16T19:00:00Z,102.31,1464.15
2023-09-16T19:30:00Z,87.87000000000002,1575.1
2023-09-16T20:00:00Z,96.59,1139.75
2023-09-16T20:30:00Z,89.45,1136.35
2023-09-16T21:00:00Z,91.85,1335.35
2023-09-16T21:30:00Z,88.99,1463.45
2023-09-16T22:00:00Z,79.54,1363.55
2023-09-16T22:30:00Z,86.2,1273.8
2023-09-16T23:00:00Z,79.7,1433.3
2023-09-16T23:30:00Z,79.72,1455.8
2023-09-17T00:00:00Z,83.89,1167.0
2023-09-17T00:30:00Z,81.34,1218.95
2023-09-17T01:00:00Z,73.09,1257.8
2023-09-17T01:30:00Z,61.82,1673.7
2023-09-17T02:00:00Z,56.309999999999995,1757.3
2023-09-17T02:30:00Z,54.76,1724.5
2023-09-17T03:00:00Z,59.04,2265.85
2023-09-17T03:30:00Z,54.03,2184.9
2023-09-17T04:00:00Z,61.18,1739.65
2023-09-17T04:30:00Z,61.64,1773.95
2023-09-17T05:00:00Z,61.4,1750.0
2023-09-17T05:30:00Z,61.74,1810.45
2023-09-17T06:00:00Z,62.32000000000001,1358.7
2023-09-17T06:30:00Z,70.39,1572.3
2023-09-17T07:00:00Z,59.43999999999999,1440.0
2023-09-17T07:30:00Z,64.36,1577.45
2023-09-17T08:00:00Z,69.69,1472.5
2023-09-17T08:30:00Z,86.42,1781.6
2023-09-17T09:00:00Z,77.53,1448.7
2023-09-17T09:30:00Z,75.07,1676.45
2023-09-17T10:00:00Z,93.74,1965.4
2023-09-17T10:30:00Z,101.47,1934.1
2023-09-17T11:00:00Z,99.38,1724.8
2023-09-17T11:30:00Z,101.77999999999999,1679.1
2023-09-17T12:00:00Z,107.68,2020.1
2023-09-17T12:30:00Z,109.45,2162.95
2023-09-17T13:00:00Z,110.51,2329.95
2023-09-17T13:30:00Z,110.02,2271.7
2023-09-17T14:00:00Z,118.91,1777.85
2023-09-17T14:30:00Z,117.75,1697.85
2023-09-17T15:00:00Z,123.85,1737.05
2023-09-17T15:30:00Z,127.25,1753.55
2023-09-17T16:00:00Z,133.09,2346.95
2023-09-17T16:30:00Z,135.59,2478.65
2023-09-17T17:00:00Z,133.37,2490.3
2023-09-17T17:30:00Z,130.53,2593.9
2023-09-17T18:00:00Z,119.39999999999999,2222.45
2023-09-17T18:30:00Z,118.07,2182.05
2023-09-17T19:00:00Z,116.02,1815.2
2023-09-17T19:30:00Z,105.21,1691.45
2023-09-17T20:00:00Z,100.02,1692.1
2023-09-17T20:30:00Z,102.58,1587.1
2023-09-17T21:00:00Z,98.07,1892.3
2023-09-17T21:30:00Z,91.64,1942.25
2023-09-17T22:00:00Z,80.82,1734.2
2023-09-17T22:30:00Z,79.18,1706.95
2023-09-17T23:00:00Z,77.56,1624.35
2023-09-17T23:30:00Z,73.48,1796.25
2023-09-18T00:00:00Z,81.39,1997.6
2023-09-18T00:30:00Z,90.85,1822.0
2023-09-18T01:00:00Z,90.62,2072.3
2023-09-18T01:30:00Z,89.18,2218.5
2023-09-18T02:00:00Z,71.47,1994.75
2023-09-18T02:30:00Z,69.85,2190.55
2023-09-18T03:00:00Z,83.54,1782.15
2023-09-18T03:30:00Z,79.48,1896.2
2023-09-18T04:00:00Z,101.37,1964.5
2023-09-18T04:30:00Z,97.46,2324.0
2023-09-18T05:00:00Z,109.61,2556.3
2023-09-18T05:30:00Z,112.2,3193.05
2023-09-18T06:00:00Z,115.73,2938.35
2023-09-18T06:30:00Z,123.31999999999998,2842.2
2023-09-18T07:00:00Z,114.46999999999998,3180.2
2023-09-18T07:30:00Z,104.68,2800.85
2023-09-18T08:00:00Z,92.34,2681.65
2023-09-18T08:30:00Z,86.56,2705.55
2023-09-18T09:00:00Z,84.0,2668.7
2023-09-18T09:30:00Z,91.3,3009.3
2023-09-18T10:00:00Z,78.04,2778.75
2023-09-18T10:30:00Z,79.33,2823.0
2023-09-18T11:00:00Z,76.24,2062.9
2023-09-18T11:30:00Z,75.34,2263.35
2023-09-18T12:00:00Z,60.41,2136.8
2023-09-18T12:30:00Z,46.92,2470.7
2023-09-18T13:00:00Z,42.12,2355.35
2023-09-18T13:30:00Z,33.52,2457.05
2023-09-18T14:00:00Z,37.39,2282.4
2023-09-18T14:30:00Z,39.47,2379.3
2023-09-18T15:00:00Z,49.55,2502.2
2023-09-18T15:30:00Z,65.74,2678.75
2023-09-18T16:00:00Z,77.63,3370.1
2023-09-18T16:30:00Z,85.56,3422.2
2023-09-18T17:00:00Z,95.21,3092.75
2023-09-18T17:30:00Z,96.85999999999999,3332.95
2023-09-18T18:00:00Z,85.12,3394.05
2023-09-18T18:30:00Z,88.23,3008.0
2023-09-18T19:00:00Z,89.75,2752.15
2023-09-18T19:30:00Z,87.7,2344.6
2023-09-18T20:00:00Z,84.83,2242.7
2023-09-18T20:30:00Z,58.84,1708.8
2023-09-18T21:00:00Z,59.5,2087.5
2023-09-18T21:30:00Z,44.81,2081.75
2023-09-18T22:00:00Z,12.560000000000002,786.8
2023-09-18T22:30:00Z,-3.5,825.8
2023-09-18T23:00:00Z,17.32,1509.4
2023-09-18T23:30:00Z,6.91,1074.75
2023-09-19T00:00:00Z,30.349999999999998,1507.6
2023-09-19T00:30:00Z,32.62,1582.35
2023-09-19T01:00:00Z,15.35,1556.4
2023-09-19T01:30:00Z,9.37,1588.75
2023-09-19T02:00:00Z,9.15,1638.4
2023-09-19T02:30:00Z,8.38,1541.85
2023-09-19T03:00:00Z,16.88,1269.55
2023-09-19T03:30:00Z,36.38,1314.9
2023-09-19T04:00:00Z,60.78,1669.6
2023-09-19T04:30:00Z,79.72,1696.6
2023-09-19T05:00:00Z,86.63,2204.0
2023-09-19T05:30:00Z,97.26,2608.35
2023-09-19T06:00:00Z,86.02,1993.65
2023-09-19T06:30:00Z,102.1,2200.7
2023-09-19T07:00:00Z,85.76,1745.2
2023-09-19T07:30:00Z,91.04,1756.4
2023-09-19T08:00:00Z,94.19,1868.95
2023-09-19T08:30:00Z,94.54,2127.85
2023-09-19T09:00:00Z,99.01,2316.6
2023-09-19T09:30:00Z,101.07,2643.75
2023-09-19T10:00:00Z,97.57,2374.75
2023-09-19T10:30:00Z,95.53999999999999,1886.9
2023-09-19T11:00:00Z,97.27,1971.0
2023-09-19T11:30:00Z,95.45,1812.8
2023-09-19T12:00:00Z,92.29,1881.05
2023-09-19T12:30:00Z,86.83,2185.7
2023-09-19T13:00:00Z,86.83,2472.6
2023-09-19T13:30:00Z,88.19,2625.45
2023-09-19T14:00:00Z,76.18,2540.5
2023-09-19T14:30:00Z,68.26,2513.4
2023-09-19T15:00:00Z,77.87,2406.35
2023-09-19T15:30:00Z,83.8,2483.6
2023-09-19T16:00:00Z,86.21,2288.25
2023-09-19T16:30:00Z,85.02,2378.5
2023-09-19T17:00:00Z,96.11,2707.05
2023-09-19T17:30:00Z,95.42,2372.4
2023-09-19T18:00:00Z,87.66,2332.3
2023-09-19T18:30:00Z,89.07,2370.15
2023-09-19T19:00:00Z,89.14,2281.7
2023-09-19T19:30:00Z,82.7,2206.45
2023-09-19T20:00:00Z,55.71999999999999,1933.55
2023-09-19T20:30:00Z,32.99,1715.55
2023-09-19T21:00:00Z,50.75,2233.55
2023-09-19T21:30:00Z,15.410000000000002,2547.1
2023-09-19T22:00:00Z,-21.18,980.05
2023-09-19T22:30:00Z,-27.08,860.45
2023-09-19T23:00:00Z,10.53,1300.55
2023-09-19T23:30:00Z,23.77,1643.4
2023-09-20T00:00:00Z,15.609999999999998,1476.75
2023-09-20T00:30:00Z,5.86,1118.45
2023-09-20T01:00:00Z,6.39,1024.8
2023-09-20T01:30:00Z,-6.48,1063.9
2023-09-20T02:00:00Z,-5.05,887.25
2023-09-20T02:30:00Z,-12.22,1139.75
2023-09-20T03:00:00Z,7.33,1094.2
2023-09-20T03:30:00Z,-22.22,1578.15
2023-09-20T04:00:00Z,-23.64,1228.0
2023-09-20T04:30:00Z,-0.9,1702.25
2023-09-20T05:00:00Z,40.35,1566.6
2023-09-20T05:30:00Z,93.83,2112.7
2023-09-20T06:00:00Z,80.03,1507.95
2023-09-20T06:30:00Z,113.32,2084.2
2023-09-20T07:00:00Z,57.4,1541.35
2023-09-20T07:30:00Z,89.23,1812.3
2023-09-20T08:00:00Z,100.07,1516.65
2023-09-20T08:30:00Z,95.82999999999998,1408.6
2023-09-20T09:00:00Z,96.16,1736.8
2023-09-20T09:30:00Z,93.20000000000002,1899.15
2023-09-20T10:00:00Z,89.33,1850.5
2023-09-20T10:30:00Z,93.46,2056.85
2023-09-20T11:00:00Z,95.67,2102.05
2023-09-20T11:30:00Z,94.31,2015.4
2023-09-20T12:00:00Z,84.1,2404.1
2023-09-20T12:30:00Z,56.34,1969.7
2023-09-20T13:00:00Z,51.24,1962.1
2023-09-20T13:30:00Z,49.05,2049.8
2023-09-20T14:00:00Z,56.02,1708.9
2023-09-20T14:30:00Z,74.17,1787.35
2023-09-20T15:00:00Z,81.28,2083.7
2023-09-20T15:30:00Z,79.84,2323.65
2023-09-20T16:00:00Z,103.68,2527.95
2023-09-20T16:30:00Z,108.33,2515.6
2023-09-20T17:00:00Z,104.61999999999999,2764.5
2023-09-20T17:30:00Z,107.87,3156.2
2023-09-20T18:00:00Z,111.07,2635.65
2023-09-20T18:30:00Z,113.88,2692.8
2023-09-20T19:00:00Z,102.97,2344.6
2023-09-20T19:30:00Z,95.61,2102.1
2023-09-20T20:00:00Z,93.1,1637.1
2023-09-20T20:30:00Z,96.19,1771.95
2023-09-20T21:00:00Z,86.03,1795.85
2023-09-20T21:30:00Z,81.35,1855.0
2023-09-20T22:00:00Z,56.58,1499.85
2023-09-20T22:30:00Z,44.66,1680.6
2023-09-20T23:00:00Z,31.48,1635.15
2023-09-20T23:30:00Z,27.08,1607.4
2023-09-21T00:00:00Z,22.04,1344.65
2023-09-21T00:30:00Z,21.75,1581.65
2023-09-21T01:00:00Z,11.63,1179.4
2023-09-21T01:30:00Z,8.55,1319.7
2023-09-21T02:00:00Z,3.46,1430.45
2023-09-21T02:30:00Z,-0.99,1287.95
2023-09-21T03:00:00Z,9.25,2007.45
2023-09-21T03:30:00Z,12.49,1743.45
2023-09-21T04:00:00Z,67.3,2739.05
2023-09-21T04:30:00Z,70.59,2674.55
2023-09-21T05:00:00Z,92.46,2507.1
2023-09-21T05:30:00Z,87.0,2847.7
2023-09-21T06:00:00Z,100.05,2174.85
2023-09-21T06:30:00Z,118.84,2394.35
2023-09-21T07:00:00Z,115.46,1928.9
2023-09-21T07:30:00Z,111.24,2224.25
2023-09-21T08:00:00Z,87.66,1664.6
2023-09-21T08:30:00Z,86.42999999999999,1555.9
2023-09-21T09:00:00Z,82.91,1809.35
2023-09-21T09:30:00Z,78.05,1814.15
2023-09-21T10:00:00Z,71.91,1937.4
2023-09-21T10:30:00Z,68.74,1998.05
2023-09-21T11:00:00Z,80.33,2215.55
2023-09-21T11:30:00Z,77.08,2365.95
2023-09-21T12:00:00Z,84.62,2366.75
2023-09-21T12:30:00Z,86.71,2318.25
2023-09-21T13:00:00Z,88.38,2188.05
2023-09-21T13:30:00Z,91.02,2189.35
2023-09-21T14:00:00Z,110.25,1872.9
2023-09-21T14:30:00Z,113.51000000000002,2396.95
2023-09-21T15:00:00Z,109.15,2361.4
2023-09-21T15:30:00Z,118.70999999999998,2357.4
2023-09-21T16:00:00Z,137.26,2238.85
2023-09-21T16:30:00Z,145.23,2496.55
2023-09-21T17:00:00Z,151.22,2532.45
2023-09-21T17:30:00Z,151.6,2574.1
2023-09-21T18:00:00Z,122.15,1857.15
2023-09-21T18:30:00Z,121.72999999999999,2318.4
2023-09-21T19:00:00Z,120.01,1975.75
2023-09-21T19:30:00Z,107.93,1774.55
2023-09-21T20:00:00Z,106.35,1659.95
2023-09-21T20:30:00Z,89.68,1272.6
2023-09-21T21:00:00Z,90.14,1251.9
2023-09-21T21:30:00Z,80.62,1404.7
2023-09-21T22:00:00Z,71.67,903.5
2023-09-21T22:30:00Z,79.58,961.2
2023-09-21T23:00:00Z,90.99,923.25
2023-09-21T23:30:00Z,83.54,950.65
2023-09-22T00:00:00Z,70.28,1068.35
2023-09-22T00:30:00Z,90.27,1061.0
2023-09-22T01:00:00Z,85.61,1387.95
2023-09-22T01:30:00Z,78.72,1338.2
2023-09-22T02:00:00Z,83.15000000000002,900.6
2023-09-22T02:30:00Z,81.86,840.4
2023-09-22T03:00:00Z,79.62,1017.15
2023-09-22T03:30:00Z,67.24,977.35
2023-09-22T04:00:00Z,96.91,1047.8
2023-09-22T04:30:00Z,84.5,1127.25
2023-09-22T05:00:00Z,92.63,1310.4
2023-09-22T05:30:00Z,114.83,1528.85
2023-09-22T06:00:00Z,118.53,1439.7
2023-09-22T06:30:00Z,131.63,1511.25
2023-09-22T07:00:00Z,132.45,1722.75
2023-09-22T07:30:00Z,128.76,1420.2
2023-09-22T08:00:00Z,122.71,1542.65
2023-09-22T08:30:00Z,115.51,1607.5
2023-09-22T09:00:00Z,102.77,1589.2
2023-09-22T09:30:00Z,97.07,2043.05
2023-09-22T10:00:00Z,82.36000000000001,1839.6
2023-09-22T10:30:00Z,74.4,1943.2
2023-09-22T11:00:00Z,81.81,1980.95
2023-09-22T11:30:00Z,80.94,1861.15
2023-09-22T12:00:00Z,84.07,2052.65
2023-09-22T12:30:00Z,78.76,1680.9
2023-09-22T13:00:00Z,78.54,1965.05
2023-09-22T13:30:00Z,77.32,1899.4
2023-09-22T14:00:00Z,74.75,1540.85
2023-09-22T14:30:00Z,68.74,1634.05
2023-09-22T15:00:00Z,82.88,1934.25
2023-09-22T15:30:00Z,87.91,2199.05
2023-09-22T16:00:00Z,101.25,1806.35
2023-09-22T16:30:00Z,106.92,1955.9
2023-09-22T17:00:00Z,107.81,2027.6
2023-09-22T17:30:00Z,108.85,2017.45
2023-09-22T18:00:00Z,117.81,1859.1
2023-09-22T18:30:00Z,107.84,2628.05
2023-09-22T19:00:00Z,104.55,2210.8
2023-09-22T19:30:00Z,96.77,1932.7
2023-09-22T20:00:00Z,101.3,1942.6
2023-09-22T20:30:00Z,92.45,2202.85
2023-09-22T21:00:00Z,97.52,2171.8
2023-09-22T21:30:00Z,90.33,1943.8
2023-09-22T22:00:00Z,103.38,1310.55
2023-09-22T22:30:00Z,85.59,1119.7
2023-09-22T23:00:00Z,78.04,845.3
2023-09-22T23:30:00Z,76.66,907.75
2023-09-23T00:00:00Z,75.35,1053.55
2023-09-23T00:30:00Z,79.75,1081.7
2023-09-23T01:00:00Z,81.46,1153.0
2023-09-23T01:30:00Z,74.48,940.65
2023-09-23T02:00:00Z,71.0,983.4
2023-09-23T02:30:00Z,78.3,898.7
2023-09-23T03:00:00Z,69.12,944.65
2023-09-23T03:30:00Z,65.8,984.5
2023-09-23T04:00:00Z,74.11,1236.55
2023-09-23T04:30:00Z,93.25,1084.15
2023-09-23T05:00:00Z,92.64,1313.6
2023-09-23T05:30:00Z,105.21,940.75
2023-09-23T06:00:00Z,85.15,1146.3
2023-09-23T06:30:00Z,95.95,1455.15
2023-09-23T07:00:00Z,92.33,1254.2
2023-09-23T07:30:00Z,109.58,1358.95
2023-09-23T08:00:00Z,94.55,1235.3
2023-09-23T08:30:00Z,86.92,1263.15
2023-09-23T09:00:00Z,100.72,1473.8
2023-09-23T09:30:00Z,93.47,1392.35
2023-09-23T10:00:00Z,79.51,1161.55
2023-09-23T10:30:00Z,75.28,1130.4
2023-09-23T11:00:00Z,83.06,1085.2
2023-09-23T11:30:00Z,91.85,1226.5
2023-09-23T12:00:00Z,87.82999999999998,1554.5
2023-09-23T12:30:00Z,83.85,1445.4
2023-09-23T13:00:00Z,82.29,1438.6
2023-09-23T13:30:00Z,78.53,1499.05
2023-09-23T14:00:00Z,77.29,1146.6
2023-09-23T14:30:00Z,74.5,1158.15
2023-09-23T15:00:00Z,76.18,1198.2
2023-09-23T15:30:00Z,67.39,1178.7
2023-09-23T16:00:00Z,99.72,1311.85
2023-09-23T16:30:00Z,104.41,1265.15
2023-09-23T17:00:00Z,110.11000000000001,1194.4
2023-09-23T17:30:00Z,106.86999999999999,1235.35
2023-09-23T18:00:00Z,111.61,1421.2
2023-09-23T18:30:00Z,103.2,1437.0
2023-09-23T19:00:00Z,101.75,1479.1
2023-09-23T19:30:00Z,78.38,1523.2
2023-09-23T20:00:00Z,90.42,1960.65
2023-09-23T20:30:00Z,74.24,1973.85
2023-09-23T21:00:00Z,71.22,2243.85
2023-09-23T21:30:00Z,72.55,3118.05
2023-09-23T22:00:00Z,85.7,1497.65
2023-09-23T22:30:00Z,56.45,1449.6
2023-09-23T23:00:00Z,43.89,837.45
2023-09-23T23:30:00Z,30.59,1056.45
2023-09-24T00:00:00Z,11.99,1039.45
2023-09-24T00:30:00Z,-11.510000000000002,857.15
2023-09-24T01:00:00Z,5.41,1231.45
2023-09-24T01:30:00Z,-11.83,1368.75
2023-09-24T02:00:00Z,-25.100000000000005,1348.25
2023-09-24T02:30:00Z,-21.91,1430.05
2023-09-24T03:00:00Z,-10.55,1241.15
2023-09-24T03:30:00Z,-6.52,1151.35
2023-09-24T04:00:00Z,-3.88,1051.75
2023-09-24T04:30:00Z,1.22,888.65
2023-09-24T05:00:00Z,4.83,1006.15
2023-09-24T05:30:00Z,7.610000000000001,904.65
2023-09-24T06:00:00Z,-3.12,962.8
2023-09-24T06:30:00Z,19.79,1126.1
2023-09-24T07:00:00Z,-4.52,1083.5
2023-09-24T07:30:00Z,25.160000000000004,1358.65
2023-09-24T08:00:00Z,-3.42,983.95
2023-09-24T08:30:00Z,-4.5,1073.0
2023-09-24T09:00:00Z,-7.490000000000001,937.1
2023-09-24T09:30:00Z,-11.54,968.75
2023-09-24T10:00:00Z,-21.03,1055.1
2023-09-24T10:30:00Z,-23.65,1321.3
2023-09-24T11:00:00Z,-27.199999999999996,1236.35
2023-09-24T11:30:00Z,-27.889999999999997,1280.2
2023-09-24T12:00:00Z,-34.97,1031.55
2023-09-24T12:30:00Z,-35.3,1049.0
2023-09-24T13:00:00Z,-30.45,1010.9
2023-09-24T13:30:00Z,-29.54,998.15
2023-09-24T14:00:00Z,-28.139999999999997,913.7
2023-09-24T14:30:00Z,-24.11,1068.35
2023-09-24T15:00:00Z,-8.89,1074.85
2023-09-24T15:30:00Z,37.6,995.3
2023-09-24T16:00:00Z,68.66,1288.5
2023-09-24T16:30:00Z,76.58,1430.7
2023-09-24T17:00:00Z,91.10000000000001,1614.95
2023-09-24T17:30:00Z,94.27999999999999,1578.75
2023-09-24T18:00:00Z,95.33,1433.2
2023-09-24T18:30:00Z,88.51,1444.45
2023-09-24T19:00:00Z,78.16,1422.3
2023-09-24T19:30:00Z,59.64,1270.4
2023-09-24T20:00:00Z,35.89,1514.3
2023-09-24T20:30:00Z,21.48,1463.75
2023-09-24T21:00:00Z,5.14,1230.05
2023-09-24T21:30:00Z,-11.56,1425.55
2023-09-24T22:00:00Z,-36.57,678.45
2023-09-24T22:30:00Z,-58.14,861.9
2023-09-24T23:00:00Z,-40.89,1335.95
2023-09-24T23:30:00Z,-50.65,1035.3
2023-09-25T00:00:00Z,-58.95,944.0
2023-09-25T00:30:00Z,-61.41,1011.0
2023-09-25T01:00:00Z,-63.34,927.65
2023-09-25T01:30:00Z,-62.62,1033.15
2023-09-25T02:00:00Z,-74.45,1140.55
2023-09-25T02:30:00Z,-75.69,1211.6
2023-09-25T03:00:00Z,-77.29,1160.7
2023-09-25T03:30:00Z,-76.65,1286.7
2023-09-25T04:00:00Z,-46.88,1170.55
2023-09-25T04:30:00Z,-30.54,1184.1
2023-09-25T05:00:00Z,-4.16,1446.95
2023-09-25T05:30:00Z,75.84,1989.1
2023-09-25T06:00:00Z,106.76,1767.55
2023-09-25T06:30:00Z,119.9,2103.4
2023-09-25T07:00:00Z,107.53,1796.8
2023-09-25T07:30:00Z,110.21,1955.1
2023-09-25T08:00:00Z,88.09,1784.4
2023-09-25T08:30:00Z,63.86,1906.6
2023-09-25T09:00:00Z,51.74,2082.35
2023-09-25T09:30:00Z,49.0,2019.75
2023-09-25T10:00:00Z,64.24,2114.3
2023-09-25T10:30:00Z,46.56,2086.45
2023-09-25T11:00:00Z,42.33,1974.25
2023-09-25T11:30:00Z,44.44,2426.0
2023-09-25T12:00:00Z,73.43,1977.45
2023-09-25T12:30:00Z,71.29,2342.8
2023-09-25T13:00:00Z,47.58,2200.15
2023-09-25T13:30:00Z,45.12,2258.3
2023-09-25T14:00:00Z,46.17,1968.95
2023-09-25T14:30:00Z,47.87,2353.3
2023-09-25T15:00:00Z,64.93,1973.85
2023-09-25T15:30:00Z,83.96,2374.4
2023-09-25T16:00:00Z,99.32,2134.95
2023-09-25T16:30:00Z,103.18,2189.25
2023-09-25T17:00:00Z,111.29,1697.0
2023-09-25T17:30:00Z,120.06,1910.65
2023-09-25T18:00:00Z,126.7,1760.7
2023-09-25T18:30:00Z,121.77,2221.5
2023-09-25T19:00:00Z,115.68,1832.3
2023-09-25T19:30:00Z,102.43,1616.15
2023-09-25T20:00:00Z,98.63,1974.65
2023-09-25T20:30:00Z,83.19,2096.95
2023-09-25T21:00:00Z,92.27,1999.25
2023-09-25T21:30:00Z,96.67,2326.25
2023-09-25T22:00:00Z,98.84,1355.7
2023-09-25T22:30:00Z,95.19,1186.7
2023-09-25T23:00:00Z,98.59,1454.6
2023-09-25T23:30:00Z,95.19,1306.95
2023-09-26T00:00:00Z,83.61,1809.25
2023-09-26T00:30:00Z,72.39,1729.4
2023-09-26T01:00:00Z,75.01,1680.4
2023-09-26T01:30:00Z,73.58,1888.4
2023-09-26T02:00:00Z,82.73,1250.0
2023-09-26T02:30:00Z,75.58,1469.25
2023-09-26T03:00:00Z,76.36,1396.8
2023-09-26T03:30:00Z,64.79,1508.25
2023-09-26T04:00:00Z,81.12,1200.2
2023-09-26T04:30:00Z,85.52,1305.8
2023-09-26T05:00:00Z,105.38,1597.45
2023-09-26T05:30:00Z,121.31,1713.25
2023-09-26T06:00:00Z,117.69,1719.85
2023-09-26T06:30:00Z,128.48,1850.65
2023-09-26T07:00:00Z,113.43,1882.55
2023-09-26T07:30:00Z,115.48,2062.65
2023-09-26T08:00:00Z,108.32999999999998,1842.75
2023-09-26T08:30:00Z,102.72,2109.65
2023-09-26T09:00:00Z,104.83,2345.35
2023-09-26T09:30:00Z,84.67,1914.9
2023-09-26T10:00:00Z,74.75,2216.35
2023-09-26T10:30:00Z,63.07,2315.75
2023-09-26T11:00:00Z,66.44,2030.9
2023-09-26T11:30:00Z,61.75,2117.2
2023-09-26T12:00:00Z,52.39000000000001,2671.2
2023-09-26T12:30:00Z,46.41,2582.0
2023-09-26T13:00:00Z,79.96,2728.9
2023-09-26T13:30:00Z,85.49,3091.85
2023-09-26T14:00:00Z,102.79,2326.6
2023-09-26T14:30:00Z,110.22,2284.5
2023-09-26T15:00:00Z,108.03,2298.55
2023-09-26T15:30:00Z,104.21,3018.8
2023-09-26T16:00:00Z,115.28,3352.65
2023-09-26T16:30:00Z,121.73000000000002,3337.95
2023-09-26T17:00:00Z,126.04,3052.35
2023-09-26T17:30:00Z,126.82,3044.1
2023-09-26T18:00:00Z,127.70999999999998,3308.4
2023-09-26T18:30:00Z,125.78,3173.95
2023-09-26T19:00:00Z,122.87,3131.55
2023-09-26T19:30:00Z,115.48999999999998,2955.6
2023-09-26T20:00:00Z,112.8,2270.85
2023-09-26T20:30:00Z,105.6,1905.55
2023-09-26T21:00:00Z,103.94494015683037,1938.4
2023-09-26T21:30:00Z,103.33201859733782,1844.35
2023-09-26T22:00:00Z,93.08400473933649,422.0
2023-09-26T22:30:00Z,90.57,229.65
2023-09-26T23:00:00Z,89.32,218.4
2023-09-26T23:30:00Z,90.31,210.65
2023-09-27T00:00:00Z,102.83820338983051,295.0
2023-09-27T00:30:00Z,108.30617207869163,210.95
2023-09-27T01:00:00Z,128.15350632416224,383.45
2023-09-27T01:30:00Z,118.24584008453681,141.95
2023-09-27T02:00:00Z,118.05,202.5
2023-09-27T02:30:00Z,121.43,1012.9
2023-09-27T03:00:00Z,111.88,1110.15
2023-09-27T03:30:00Z,107.58999999999999,1495.65
2023-09-27T04:00:00Z,110.56,1549.55
2023-09-27T04:30:00Z,107.45,1964.3
2023-09-27T05:00:00Z,126.81,1945.45
2023-09-27T05:30:00Z,135.86,2438.55
2023-09-27T06:00:00Z,130.61,1953.9
2023-09-27T06:30:00Z,135.56,2041.75
2023-09-27T07:00:00Z,121.59,2010.8
2023-09-27T07:30:00Z,118.9,2044.5
2023-09-27T08:00:00Z,103.45,2029.05
2023-09-27T08:30:00Z,96.47,2305.75
2023-09-27T09:00:00Z,108.66000000000001,2492.85
2023-09-27T09:30:00Z,102.55,2938.65
2023-09-27T10:00:00Z,84.84,2205.35
2023-09-27T10:30:00Z,90.94,2099.4
2023-09-27T11:00:00Z,97.27,1885.0
2023-09-27T11:30:00Z,96.17,2048.8
2023-09-27T12:00:00Z,97.72,2231.65
2023-09-27T12:30:00Z,85.57,2121.6
2023-09-27T13:00:00Z,100.56,2083.15
2023-09-27T13:30:00Z,90.38,1990.95
2023-09-27T14:00:00Z,92.65,2134.85
2023-09-27T14:30:00Z,75.8,1943.55
2023-09-27T15:00:00Z,72.37,2140.45
2023-09-27T15:30:00Z,83.52,2613.75
2023-09-27T16:00:00Z,97.86,2467.85
2023-09-27T16:30:00Z,100.62,2527.25
2023-09-27T17:00:00Z,98.26,2238.25
2023-09-27T17:30:00Z,93.99,2241.5
2023-09-27T18:00:00Z,89.97,1741.0
2023-09-27T18:30:00Z,96.35,1667.2
2023-09-27T19:00:00Z,84.55,1477.75
2023-09-27T19:30:00Z,85.34,1307.55
2023-09-27T20:00:00Z,55.3,1223.3
2023-09-27T20:30:00Z,25.96,1075.0
2023-09-27T21:00:00Z,24.02,1085.65
2023-09-27T21:30:00Z,7.629999999999999,1691.35
2023-09-27T22:00:00Z,-17.92,746.2
2023-09-27T22:30:00Z,-28.769999999999996,861.45
2023-09-27T23:00:00Z,-31.34,800.85
2023-09-27T23:30:00Z,-23.45,955.7
2023-09-28T00:00:00Z,4.83,1522.5
2023-09-28T00:30:00Z,28.36,1862.7
2023-09-28T01:00:00Z,37.0,2132.8
2023-09-28T01:30:00Z,54.449999999999996,2655.75
2023-09-28T02:00:00Z,59.08,1715.2
2023-09-28T02:30:00Z,58.56,2442.65
2023-09-28T03:00:00Z,59.01,1453.0
2023-09-28T03:30:00Z,30.280000000000005,2180.5
2023-09-28T04:00:00Z,-0.21999999999999997,1216.8
2023-09-28T04:30:00Z,75.36,1399.4
2023-09-28T05:00:00Z,94.1,1312.05
2023-09-28T05:30:00Z,103.36,2142.4
2023-09-28T06:00:00Z,91.94,2206.05
2023-09-28T06:30:00Z,106.01,2495.0
2023-09-28T07:00:00Z,86.56,1427.95
2023-09-28T07:30:00Z,97.04,1708.65
2023-09-28T08:00:00Z,93.3,1429.9
2023-09-28T08:30:00Z,96.4,1299.8
2023-09-28T09:00:00Z,97.74,1644.5
2023-09-28T09:30:00Z,96.98,1761.15
2023-09-28T10:00:00Z,93.05,1729.3
2023-09-28T10:30:00Z,98.7,1783.3
2023-09-28T11:00:00Z,98.75,1506.05
2023-09-28T11:30:00Z,97.62000000000002,1726.75
2023-09-28T12:00:00Z,100.27999999999999,1464.3
2023-09-28T12:30:00Z,100.57,1455.6
2023-09-28T13:00:00Z,103.66000000000001,1517.25
2023-09-28T13:30:00Z,102.15,1431.45
2023-09-28T14:00:00Z,121.23000000000002,1201.1
2023-09-28T14:30:00Z,121.53,1185.45
2023-09-28T15:00:00Z,124.34,1131.45
2023-09-28T15:30:00Z,133.54,2134.6
2023-09-28T16:00:00Z,141.86,2389.0
2023-09-28T16:30:00Z,137.41,2795.1
2023-09-28T17:00:00Z,125.45,3429.8
2023-09-28T17:30:00Z,132.83,2959.95
2023-09-28T18:00:00Z,133.62,2747.6
2023-09-28T18:30:00Z,131.95,2479.2
2023-09-28T19:00:00Z,113.87000000000002,2698.25
2023-09-28T19:30:00Z,102.84,2227.55
2023-09-28T20:00:00Z,108.78,2804.0
2023-09-28T20:30:00Z,105.93,3175.5
2023-09-28T21:00:00Z,88.68000000000002,3373.3
2023-09-28T21:30:00Z,97.44,3262.2
2023-09-28T22:00:00Z,69.78,1299.35
2023-09-28T22:30:00Z,88.19,1465.45
2023-09-28T23:00:00Z,82.64,1240.5
2023-09-28T23:30:00Z,92.62,1280.0
2023-09-29T00:00:00Z,94.7,1016.6
2023-09-29T00:30:00Z,97.59,991.3
2023-09-29T01:00:00Z,101.44,1344.45
2023-09-29T01:30:00Z,99.35,1622.9
2023-09-29T02:00:00Z,99.05,1909.7
2023-09-29T02:30:00Z,82.48,2009.5
2023-09-29T03:00:00Z,89.1,2189.15
2023-09-29T03:30:00Z,87.2,2058.8
2023-09-29T04:00:00Z,95.8,1637.4
2023-09-29T04:30:00Z,96.52,1888.1
2023-09-29T05:00:00Z,106.49,1750.55
2023-09-29T05:30:00Z,105.98,2025.7
2023-09-29T06:00:00Z,95.22,1876.3
2023-09-29T06:30:00Z,100.43,2210.6
2023-09-29T07:00:00Z,76.21,2118.65
2023-09-29T07:30:00Z,65.18,1998.35
2023-09-29T08:00:00Z,75.16,2470.45
2023-09-29T08:30:00Z,51.03999999999999,2639.5
2023-09-29T09:00:00Z,49.5,2608.25
2023-09-29T09:30:00Z,46.4,2961.9
2023-09-29T10:00:00Z,65.01,2508.9
2023-09-29T10:30:00Z,72.58,2916.65
2023-09-29T11:00:00Z,62.40999999999999,2803.95
2023-09-29T11:30:00Z,55.61999999999999,2718.85
2023-09-29T12:00:00Z,54.06,2555.7
2023-09-29T12:30:00Z,49.81,2497.9
2023-09-29T13:00:00Z,48.5,2589.3
2023-09-29T13:30:00Z,46.94,2702.2
2023-09-29T14:00:00Z,38.58,2500.5
2023-09-29T14:30:00Z,65.42,2820.85
2023-09-29T15:00:00Z,80.78,2588.25
2023-09-29T15:30:00Z,73.55,2719.2
2023-09-29T16:00:00Z,78.44,2294.15
2023-09-29T16:30:00Z,92.74,2233.2
2023-09-29T17:00:00Z,92.63,2216.1
2023-09-29T17:30:00Z,101.31,2437.3
2023-09-29T18:00:00Z,92.2,1582.6
2023-09-29T18:30:00Z,86.29,1600.6
2023-09-29T19:00:00Z,86.78,1474.75
2023-09-29T19:30:00Z,81.82,1516.05
2023-09-29T20:00:00Z,75.66,1545.35
2023-09-29T20:30:00Z,64.2,1922.3
2023-09-29T21:00:00Z,83.67,1554.45
2023-09-29T21:30:00Z,81.35,1481.15
2023-09-29T22:00:00Z,83.45,885.6
2023-09-29T22:30:00Z,61.79,815.25
2023-09-29T23:00:00Z,66.91,1353.9
2023-09-29T23:30:00Z,81.42,1315.8
2023-09-30T00:00:00Z,79.73,1507.1
2023-09-30T00:30:00Z,82.33,1781.2
2023-09-30T01:00:00Z,80.14000000000001,1708.45
2023-09-30T01:30:00Z,81.18,1448.05
2023-09-30T02:00:00Z,75.26,702.6
2023-09-30T02:30:00Z,84.75999999999999,853.65
2023-09-30T03:00:00Z,90.78,681.35
2023-09-30T03:30:00Z,87.87000000000002,860.25
2023-09-30T04:00:00Z,87.73,827.85
2023-09-30T04:30:00Z,75.68,1064.55
2023-09-30T05:00:00Z,90.29,986.35
2023-09-30T05:30:00Z,100.15,934.25
2023-09-30T06:00:00Z,106.52,955.5
2023-09-30T06:30:00Z,108.75999999999999,1286.9
2023-09-30T07:00:00Z,96.1,1086.1
2023-09-30T07:30:00Z,100.24,1418.05
2023-09-30T08:00:00Z,90.32,1102.55
2023-09-30T08:30:00Z,91.25,1221.5
2023-09-30T09:00:00Z,88.29,1152.2
2023-09-30T09:30:00Z,85.97,1285.75
2023-09-30T10:00:00Z,83.92,1082.75
2023-09-30T10:30:00Z,88.24,1054.2
2023-09-30T11:00:00Z,95.86,1107.9
2023-09-30T11:30:00Z,89.12,1335.9
2023-09-30T12:00:00Z,85.18,1199.3
2023-09-30T12:30:00Z,78.49,1425.45
2023-09-30T13:00:00Z,83.25,1624.25
2023-09-30T13:30:00Z,84.71,1576.75
2023-09-30T14:00:00Z,95.6,1099.15
2023-09-30T14:30:00Z,93.15,1496.95
2023-09-30T15:00:00Z,109.21,1154.8
2023-09-30T15:30:00Z,114.35,1369.35
2023-09-30T16:00:00Z,117.13000000000001,1726.25
2023-09-30T16:30:00Z,115.74,1725.35
2023-09-30T17:00:00Z,120.6,1572.05
2023-09-30T17:30:00Z,121.51,1607.85
2023-09-30T18:00:00Z,118.47000000000001,1589.4
2023-09-30T18:30:00Z,112.8,1858.55
2023-09-30T19:00:00Z,107.9,1745.95
2023-09-30T19:30:00Z,92.44,1863.65
2023-09-30T20:00:00Z,97.16,1856.2
2023-09-30T20:30:00Z,100.46,1687.75
2023-09-30T21:00:00Z,103.55,1999.35
2023-09-30T21:30:00Z,99.6,2054.9
2023-09-30T22:00:00Z,82.73,1754.75
2023-09-30T22:30:00Z,86.01,1350.3
2023-09-30T23:00:00Z,97.26,1732.6
2023-09-30T23:30:00Z,93.72,1603.85
2023-10-01T00:00:00Z,83.13,1418.7
2023-10-01T00:30:00Z,80.98,1124.15
2023-10-01T01:00:00Z,75.5,1380.95
2023-10-01T01:30:00Z,75.22,1227.9
2023-10-01T02:00:00Z,54.7,994.45
2023-10-01T02:30:00Z,38.69,932.25
2023-10-01T03:00:00Z,48.68,1104.95
2023-10-01T03:30:00Z,72.37,1083.9
2023-10-01T04:00:00Z,84.38,974.3
2023-10-01T04:30:00Z,84.28,1409.4
2023-10-01T05:00:00Z,82.16,1264.25
2023-10-01T05:30:00Z,84.26,1324.05
2023-10-01T06:00:00Z,70.99,1169.8
2023-10-01T06:30:00Z,90.29,1281.6
2023-10-01T07:00:00Z,69.29,1326.3
2023-10-01T07:30:00Z,78.29,1425.65
2023-10-01T08:00:00Z,60.059999999999995,1127.0
2023-10-01T08:30:00Z,61.11,1213.6
2023-10-01T09:00:00Z,55.480000000000004,1339.1
2023-10-01T09:30:00Z,56.05,1452.9
2023-10-01T10:00:00Z,66.57,1181.0
2023-10-01T10:30:00Z,64.5,1257.15
2023-10-01T11:00:00Z,71.13,1214.35
2023-10-01T11:30:00Z,77.24,1606.45
2023-10-01T12:00:00Z,86.13,1752.55
2023-10-01T12:30:00Z,85.1,1522.0
2023-10-01T13:00:00Z,86.11,1456.9
2023-10-01T13:30:00Z,77.93,1547.75
2023-10-01T14:00:00Z,69.91,1502.3
2023-10-01T14:30:00Z,53.01,1727.2
2023-10-01T15:00:00Z,90.76,1789.85
2023-10-01T15:30:00Z,95.7,1958.75
2023-10-01T16:00:00Z,104.29,2006.25
2023-10-01T16:30:00Z,109.01999999999998,1772.05
2023-10-01T17:00:00Z,113.21,1762.85
2023-10-01T17:30:00Z,117.76000000000002,1746.85
2023-10-01T18:00:00Z,120.57,1846.05
2023-10-01T18:30:00Z,121.25,1937.4
2023-10-01T19:00:00Z,121.04,2236.05
2023-10-01T19:30:00Z,109.25,2044.05
2023-10-01T20:00:00Z,110.47,1728.35
2023-10-01T20:30:00Z,100.49,1857.5
2023-10-01T21:00:00Z,102.07,1828.35
2023-10-01T21:30:00Z,99.07,1914.1
2023-10-01T22:00:00Z,90.61,1786.45
2023-10-01T22:30:00Z,85.56,1776.4
2023-10-01T23:00:00Z,83.28,1766.0
2023-10-01T23:30:00Z,72.51,1891.6
2023-10-02T00:00:00Z,68.92,1731.65
2023-10-02T00:30:00Z,81.3,1536.0
2023-10-02T01:00:00Z,82.20000000000002,1602.55
2023-10-02T01:30:00Z,78.57,1811.45
2023-10-02T02:00:00Z,73.94,1227.15
2023-10-02T02:30:00Z,68.31,1411.05
2023-10-02T03:00:00Z,81.9,1660.4
2023-10-02T03:30:00Z,74.41,1396.25
2023-10-02T04:00:00Z,88.11,1069.8
2023-10-02T04:30:00Z,88.33,1254.8
2023-10-02T05:00:00Z,97.01,1317.55
2023-10-02T05:30:00Z,108.12999999999998,1571.0
2023-10-02T06:00:00Z,109.03,1567.6
2023-10-02T06:30:00Z,122.59,1442.2
2023-10-02T07:00:00Z,99.19,1173.9
2023-10-02T07:30:00Z,111.49,1288.05
2023-10-02T08:00:00Z,98.76,1231.75
2023-10-02T08:30:00Z,91.0,1248.2
2023-10-02T09:00:00Z,88.26,1323.25
2023-10-02T09:30:00Z,79.93,1787.8
2023-10-02T10:00:00Z,76.83,1764.85
2023-10-02T10:30:00Z,74.04,1673.4
2023-10-02T11:00:00Z,70.87,1805.7
2023-10-02T11:30:00Z,75.7,1999.4
2023-10-02T12:00:00Z,77.33,2161.9
2023-10-02T12:30:00Z,80.64,2154.15
2023-10-02T13:00:00Z,86.54,2215.95
2023-10-02T13:30:00Z,79.64,2265.85
2023-10-02T14:00:00Z,97.08,1876.15
2023-10-02T14:30:00Z,94.94000000000001,1716.15
2023-10-02T15:00:00Z,107.41,1631.55
2023-10-02T15:30:00Z,109.96,2158.2
2023-10-02T16:00:00Z,130.19,2381.0
2023-10-02T16:30:00Z,130.1,2581.15
2023-10-02T17:00:00Z,151.41,2403.0
2023-10-02T17:30:00Z,153.34,2423.95
2023-10-02T18:00:00Z,130.6,2304.85
2023-10-02T18:30:00Z,111.54,2743.55
2023-10-02T19:00:00Z,101.47,2233.25
2023-10-02T19:30:00Z,89.89,1589.85
2023-10-02T20:00:00Z,74.39,1632.25
2023-10-02T20:30:00Z,74.31,1480.9
2023-10-02T21:00:00Z,71.42,1680.6
2023-10-02T21:30:00Z,78.4,2556.25
2023-10-02T22:00:00Z,75.63,1471.75
2023-10-02T22:30:00Z,59.86,1782.8
2023-10-02T23:00:00Z,36.36,1753.4
2023-10-02T23:30:00Z,32.8,1653.7
2023-10-03T00:00:00Z,13.76,1995.1
2023-10-03T00:30:00Z,7.500000000000001,2242.95
2023-10-03T01:00:00Z,5.82,2226.95
2023-10-03T01:30:00Z,-0.33,2097.45
2023-10-03T02:00:00Z,-7.75,1454.4
2023-10-03T02:30:00Z,-5.87,1208.65
2023-10-03T03:00:00Z,-4.56,1412.35
2023-10-03T03:30:00Z,-2.92,1367.6
2023-10-03T04:00:00Z,7.72,1593.0
2023-10-03T04:30:00Z,21.29,1314.05
2023-10-03T05:00:00Z,52.74,1917.0
2023-10-03T05:30:00Z,77.34,2683.85
2023-10-03T06:00:00Z,93.96,3300.0
2023-10-03T06:30:00Z,102.87,3472.6
2023-10-03T07:00:00Z,111.11000000000001,3105.6
2023-10-03T07:30:00Z,108.82,3001.7
2023-10-03T08:00:00Z,101.79000000000002,2589.85
2023-10-03T08:30:00Z,83.95,2450.5
2023-10-03T09:00:00Z,73.05,2082.85
2023-10-03T09:30:00Z,65.32,2222.0
2023-10-03T10:00:00Z,62.620000000000005,2697.85
2023-10-03T10:30:00Z,47.72,2578.8
2023-10-03T11:00:00Z,38.19,2584.95
2023-10-03T11:30:00Z,25.349999999999998,2621.3
2023-10-03T12:00:00Z,36.2,2448.15
2023-10-03T12:30:00Z,34.14,2313.25
2023-10-03T13:00:00Z,24.03,1905.15
2023-10-03T13:30:00Z,18.38,1921.3
2023-10-03T14:00:00Z,3.67,1865.45
2023-10-03T14:30:00Z,12.89,2193.2
2023-10-03T15:00:00Z,24.71,2105.25
2023-10-03T15:30:00Z,48.43,2376.7
2023-10-03T16:00:00Z,77.41,2083.5
2023-10-03T16:30:00Z,85.92,2105.6
2023-10-03T17:00:00Z,87.59,2233.15
2023-10-03T17:30:00Z,95.85,2373.75
2023-10-03T18:00:00Z,94.13,2053.7
2023-10-03T18:30:00Z,94.84,1901.4
2023-10-03T19:00:00Z,96.86,1900.1
2023-10-03T19:30:00Z,88.31,1885.8
2023-10-03T20:00:00Z,78.85,1848.6
2023-10-03T20:30:00Z,67.15,1685.95
2023-10-03T21:00:00Z,75.0,1755.3
2023-10-03T21:30:00Z,62.9,1681.25
2023-10-03T22:00:00Z,48.78,1276.45
2023-10-03T22:30:00Z,28.75,1604.55
2023-10-03T23:00:00Z,9.69,1173.2
2023-10-03T23:30:00Z,6.02,1662.6
2023-10-04T00:00:00Z,6.24,1158.65
2023-10-04T00:30:00Z,10.079999999999998,872.15
2023-10-04T01:00:00Z,8.93,887.5
2023-10-04T01:30:00Z,5.24,933.7
2023-10-04T02:00:00Z,18.45,1645.05
2023-10-04T02:30:00Z,26.65,1557.4
2023-10-04T03:00:00Z,62.28,998.05
2023-10-04T03:30:00Z,61.31,1583.85
2023-10-04T04:00:00Z,79.79,1748.85
2023-10-04T04:30:00Z,70.74,2037.45
2023-10-04T05:00:00Z,81.51000000000002,1618.85
2023-10-04T05:30:00Z,92.29000000000002,1945.15
2023-10-04T06:00:00Z,90.69,1352.95
2023-10-04T06:30:00Z,110.15,1784.4
2023-10-04T07:00:00Z,93.77,1234.95
2023-10-04T07:30:00Z,87.35,1426.35
2023-10-04T08:00:00Z,53.040000000000006,1265.75
2023-10-04T08:30:00Z,34.76,1451.75
2023-10-04T09:00:00Z,63.65,1960.25
2023-10-04T09:30:00Z,67.88,1977.3
2023-10-04T10:00:00Z,64.17,1546.7
2023-10-04T10:30:00Z,56.38,1552.8
2023-10-04T11:00:00Z,46.42000000000001,1812.9
2023-10-04T11:30:00Z,39.13,2268.35
2023-10-04T12:00:00Z,38.66,1929.6
2023-10-04T12:30:00Z,43.03,2121.15
2023-10-04T13:00:00Z,64.69,2093.25
2023-10-04T13:30:00Z,60.36,2029.65
2023-10-04T14:00:00Z,84.36999999999999,1783.95
2023-10-04T14:30:00Z,84.67,2338.3
2023-10-04T15:00:00Z,95.35,2239.2
2023-10-04T15:30:00Z,87.29,2501.5
2023-10-04T16:00:00Z,94.2,2185.65
2023-10-04T16:30:00Z,99.94,2223.1
2023-10-04T17:00:00Z,105.47,1925.5
2023-10-04T17:30:00Z,108.47,1874.5
2023-10-04T18:00:00Z,95.58,1865.4
2023-10-04T18:30:00Z,88.03,1832.45
2023-10-04T19:00:00Z,85.84,1801.2
2023-10-04T19:30:00Z,71.81,1780.55
2023-10-04T20:00:00Z,72.13,1323.9
2023-10-04T20:30:00Z,75.84,1456.55
2023-10-04T21:00:00Z,80.12,1367.75
2023-10-04T21:30:00Z,76.63,1427.55
2023-10-04T22:00:00Z,59.36999999999999,1115.8
2023-10-04T22:30:00Z,60.95,1016.3
2023-10-04T23:00:00Z,56.02,1056.95
2023-10-04T23:30:00Z,55.14,968.6
2023-10-05T00:00:00Z,50.2,868.4
2023-10-05T00:30:00Z,53.13,909.45
2023-10-05T01:00:00Z,46.41,1075.15
2023-10-05T01:30:00Z,45.11,1363.05
2023-10-05T02:00:00Z,47.25,1125.45
2023-10-05T02:30:00Z,45.0,972.45
2023-10-05T03:00:00Z,61.08,2115.5
2023-10-05T03:30:00Z,56.25,1757.75
2023-10-05T04:00:00Z,59.86,2009.05
2023-10-05T04:30:00Z,49.65,1357.2
2023-10-05T05:00:00Z,56.65,1995.75
2023-10-05T05:30:00Z,67.95,1817.7
2023-10-05T06:00:00Z,91.91,2310.4
2023-10-05T06:30:00Z,105.36,2558.85
2023-10-05T07:00:00Z,85.17,2007.95
2023-10-05T07:30:00Z,91.08,2352.6
2023-10-05T08:00:00Z,89.81,2126.95
2023-10-05T08:30:00Z,82.79,2207.0
2023-10-05T09:00:00Z,74.73,2246.6
2023-10-05T09:30:00Z,68.62,1980.4
2023-10-05T10:00:00Z,58.1,1836.3
2023-10-05T10:30:00Z,64.75,2089.1
2023-10-05T11:00:00Z,60.49,1837.8
2023-10-05T11:30:00Z,57.05,1651.5
2023-10-05T12:00:00Z,66.07,2129.7
2023-10-05T12:30:00Z,58.53,2211.3
2023-10-05T13:00:00Z,46.01,2465.9
2023-10-05T13:30:00Z,49.57,2868.75
2023-10-05T14:00:00Z,65.57,2507.95
2023-10-05T14:30:00Z,65.53,2952.7
2023-10-05T15:00:00Z,62.78000000000001,2359.65
2023-10-05T15:30:00Z,63.53,2415.35
2023-10-05T16:00:00Z,59.52,1759.1
2023-10-05T16:30:00Z,61.78,1754.65
2023-10-05T17:00:00Z,58.68,1892.4
2023-10-05T17:30:00Z,64.81,1911.4
2023-10-05T18:00:00Z,60.85,1836.05
2023-10-05T18:30:00Z,56.41,1728.3
2023-10-05T19:00:00Z,62.43,1875.4
2023-10-05T19:30:00Z,63.09,1803.55
2023-10-05T20:00:00Z,61.17,1713.75
2023-10-05T20:30:00Z,60.98,1696.85
2023-10-05T21:00:00Z,59.86,1895.5
2023-10-05T21:30:00Z,48.03,1876.3
2023-10-05T22:00:00Z,42.74,1023.9
2023-10-05T22:30:00Z,1.08,1072.45
2023-10-05T23:00:00Z,-15.59,915.55
2023-10-05T23:30:00Z,-26.36,1098.3
2023-10-06T00:00:00Z,-42.78,1062.85
2023-10-06T00:30:00Z,-47.34,1142.6
2023-10-06T01:00:00Z,-49.65,941.3
2023-10-06T01:30:00Z,-54.81000000000001,928.35
2023-10-06T02:00:00Z,-69.58,868.95
2023-10-06T02:30:00Z,-72.97,881.4
2023-10-06T03:00:00Z,-71.33,881.9
2023-10-06T03:30:00Z,-73.24000000000001,955.95
2023-10-06T04:00:00Z,-65.02,852.25
2023-10-06T04:30:00Z,-59.239999999999995,1284.15
2023-10-06T05:00:00Z,2.65,1517.2
2023-10-06T05:30:00Z,53.19,2147.6
2023-10-06T06:00:00Z,59.39,1814.75
2023-10-06T06:30:00Z,79.38,2204.0
2023-10-06T07:00:00Z,58.36,1686.7
2023-10-06T07:30:00Z,61.5,1819.95
2023-10-06T08:00:00Z,32.19,1322.7
2023-10-06T08:30:00Z,43.45,2115.85
2023-10-06T09:00:00Z,43.42000000000001,1721.75
2023-10-06T09:30:00Z,35.83,1599.8
2023-10-06T10:00:00Z,22.65,2072.4
2023-10-06T10:30:00Z,19.58,1925.2
2023-10-06T11:00:00Z,6.77,2217.5
2023-10-06T11:30:00Z,-0.08,2232.0
2023-10-06T12:00:00Z,11.87,2660.1
2023-10-06T12:30:00Z,15.04,2301.2
2023-10-06T13:00:00Z,29.56,2138.5
2023-10-06T13:30:00Z,39.8,2497.55
2023-10-06T14:00:00Z,59.55,2196.1
2023-10-06T14:30:00Z,53.27,2366.45
2023-10-06T15:00:00Z,83.57,2390.4
2023-10-06T15:30:00Z,80.81,2184.65
2023-10-06T16:00:00Z,85.1,2024.65
2023-10-06T16:30:00Z,94.51,1956.75
2023-10-06T17:00:00Z,98.23,2036.8
2023-10-06T17:30:00Z,101.71,2193.15
2023-10-06T18:00:00Z,91.43,1957.55
2023-10-06T18:30:00Z,89.82,1679.55
2023-10-06T19:00:00Z,81.17,1424.05
2023-10-06T19:30:00Z,70.51,1508.25
2023-10-06T20:00:00Z,81.05,1348.05
2023-10-06T20:30:00Z,73.65,1485.15
2023-10-06T21:00:00Z,75.17,1482.6
2023-10-06T21:30:00Z,62.99,1648.2
2023-10-06T22:00:00Z,48.26,1137.1
2023-10-06T22:30:00Z,40.21,1104.3
2023-10-06T23:00:00Z,40.94,1224.35
2023-10-06T23:30:00Z,33.44,1353.85
2023-10-07T00:00:00Z,14.4,1350.9
2023-10-07T00:30:00Z,14.48,1270.15
2023-10-07T01:00:00Z,25.33,1480.25
2023-10-07T01:30:00Z,24.360000000000003,1400.2
2023-10-07T02:00:00Z,21.1,1218.35
2023-10-07T02:30:00Z,19.33,1255.3
2023-10-07T03:00:00Z,27.99,1478.85
2023-10-07T03:30:00Z,34.07,1382.4
2023-10-07T04:00:00Z,50.76,1141.7
2023-10-07T04:30:00Z,56.58,1426.7
2023-10-07T05:00:00Z,51.209999999999994,1302.5
2023-10-07T05:30:00Z,60.09,1450.75
2023-10-07T06:00:00Z,47.29,1104.7
2023-10-07T06:30:00Z,72.59,1479.95
2023-10-07T07:00:00Z,37.36,1567.0
2023-10-07T07:30:00Z,68.84000000000002,1904.3
2023-10-07T08:00:00Z,40.53,1640.75
2023-10-07T08:30:00Z,16.08,1639.9
2023-10-07T09:00:00Z,9.62,2179.35
2023-10-07T09:30:00Z,6.65,2394.05
2023-10-07T10:00:00Z,2.26,2101.4
2023-10-07T10:30:00Z,0.3,2049.05
2023-10-07T11:00:00Z,-0.66,2121.9
2023-10-07T11:30:00Z,4.47,2357.3
2023-10-07T12:00:00Z,13.14,1775.95
2023-10-07T12:30:00Z,7.9,1905.25
2023-10-07T13:00:00Z,11.8,2247.8
2023-10-07T13:30:00Z,10.89,2189.8
2023-10-07T14:00:00Z,57.78999999999999,1786.4
2023-10-07T14:30:00Z,61.91,1543.0
2023-10-07T15:00:00Z,64.44,1980.8
2023-10-07T15:30:00Z,47.91,1934.65
2023-10-07T16:00:00Z,80.78,2095.8
2023-10-07T16:30:00Z,95.73,2127.55
2023-10-07T17:00:00Z,94.74,2217.55
2023-10-07T17:30:00Z,101.71,2501.95
2023-10-07T18:00:00Z,99.34,1737.3
2023-10-07T18:30:00Z,103.78,1754.65
2023-10-07T19:00:00Z,96.1,2095.25
2023-10-07T19:30:00Z,93.43,2343.8
2023-10-07T20:00:00Z,95.55,2283.6
2023-10-07T20:30:00Z,87.59,2471.75
2023-10-07T21:00:00Z,79.32,2316.3
2023-10-07T21:30:00Z,90.45,2432.9
2023-10-07T22:00:00Z,94.07,1547.85
2023-10-07T22:30:00Z,94.57999999999998,1562.2
2023-10-07T23:00:00Z,83.78,1108.8
2023-10-07T23:30:00Z,74.48,1091.45
2023-10-08T00:00:00Z,70.58,890.8
2023-10-08T00:30:00Z,73.95,949.7
2023-10-08T01:00:00Z,75.91,731.9
2023-10-08T01:30:00Z,78.52,1091.9
2023-10-08T02:00:00Z,85.62000000000002,775.15
2023-10-08T02:30:00Z,92.82,916.5
2023-10-08T03:00:00Z,94.85,1022.2
2023-10-08T03:30:00Z,94.57,1031.15
2023-10-08T04:00:00Z,100.4,1005.8
2023-10-08T04:30:00Z,89.19,1114.9
2023-10-08T05:00:00Z,103.42,1241.45
2023-10-08T05:30:00Z,75.03,1665.35
2023-10-08T06:00:00Z,64.59,1388.5
2023-10-08T06:30:00Z,99.97,1650.85
2023-10-08T07:00:00Z,82.38,1524.9
2023-10-08T07:30:00Z,101.18,1813.55
2023-10-08T08:00:00Z,56.52000000000001,1313.6
2023-10-08T08:30:00Z,81.49,1892.55
2023-10-08T09:00:00Z,84.85,1780.4
2023-10-08T09:30:00Z,88.41,1724.5
2023-10-08T10:00:00Z,85.09,1190.75
2023-10-08T10:30:00Z,75.14,1281.1
2023-10-08T11:00:00Z,82.03,1292.9
2023-10-08T11:30:00Z,76.94,1608.1
2023-10-08T12:00:00Z,76.48,1355.8
2023-10-08T12:30:00Z,78.47,1721.05
2023-10-08T13:00:00Z,83.22,1738.7
2023-10-08T13:30:00Z,75.31,2133.0
2023-10-08T14:00:00Z,82.74,2142.9
2023-10-08T14:30:00Z,86.16,2313.35
2023-10-08T15:00:00Z,96.65,1917.3
2023-10-08T15:30:00Z,92.26,2120.05
2023-10-08T16:00:00Z,116.37,2424.0
2023-10-08T16:30:00Z,120.09999999999998,2331.65
2023-10-08T17:00:00Z,124.93,1984.5
2023-10-08T17:30:00Z,124.22,2577.65
2023-10-08T18:00:00Z,113.48,1758.6
2023-10-08T18:30:00Z,109.98,1778.7
2023-10-08T19:00:00Z,113.66,1822.0
2023-10-08T19:30:00Z,92.37,1702.25
2023-10-08T20:00:00Z,97.55,1388.35
2023-10-08T20:30:00Z,90.14,1399.75
2023-10-08T21:00:00Z,83.79,1552.55
2023-10-08T21:30:00Z,83.74,1742.95
2023-10-08T22:00:00Z,94.22,1026.5
2023-10-08T22:30:00Z,93.05,1226.8
2023-10-08T23:00:00Z,91.13,1081.4
2023-10-08T23:30:00Z,93.86,1376.0
2023-10-09T00:00:00Z,77.94,1940.7
2023-10-09T00:30:00Z,86.28,1624.85
2023-10-09T01:00:00Z,77.61,1637.1
2023-10-09T01:30:00Z,77.52,1548.95
2023-10-09T02:00:00Z,73.01,1330.5
2023-10-09T02:30:00Z,72.67,1788.95
2023-10-09T03:00:00Z,82.69,1989.15
2023-10-09T03:30:00Z,80.88,1836.75
2023-10-09T04:00:00Z,96.0,1853.2
2023-10-09T04:30:00Z,84.05,2304.9
2023-10-09T05:00:00Z,93.14,1930.55
2023-10-09T05:30:00Z,85.35,2268.9
2023-10-09T06:00:00Z,78.63,2133.6
2023-10-09T06:30:00Z,101.23000000000002,2871.6
2023-10-09T07:00:00Z,81.74,1966.0
2023-10-09T07:30:00Z,89.77,1883.8
2023-10-09T08:00:00Z,84.46,2155.3
2023-10-09T08:30:00Z,79.62,2310.5
2023-10-09T09:00:00Z,77.47,2320.4
2023-10-09T09:30:00Z,78.75,2360.75
2023-10-09T10:00:00Z,79.18,2204.25
2023-10-09T10:30:00Z,80.71,2319.95
2023-10-09T11:00:00Z,88.44,2185.8
2023-10-09T11:30:00Z,85.46,2551.45
2023-10-09T12:00:00Z,78.71,2424.9
2023-10-09T12:30:00Z,76.76,2282.25
2023-10-09T13:00:00Z,78.01,2124.9
2023-10-09T13:30:00Z,78.27,2323.85
2023-10-09T14:00:00Z,98.4,1912.75
2023-10-09T14:30:00Z,113.54,1700.75
2023-10-09T15:00:00Z,107.69,2061.4
2023-10-09T15:30:00Z,117.44999999999999,1911.55
2023-10-09T16:00:00Z,141.97,1940.35
2023-10-09T16:30:00Z,146.27,2239.6
2023-10-09T17:00:00Z,161.28,2040.5
2023-10-09T17:30:00Z,163.76,2104.65
2023-10-09T18:00:00Z,139.64,1900.45
2023-10-09T18:30:00Z,127.5,1840.5
2023-10-09T19:00:00Z,116.99000000000001,1693.85
2023-10-09T19:30:00Z,98.85,1872.25
2023-10-09T20:00:00Z,100.4,1838.1
2023-10-09T20:30:00Z,86.22,2043.8
2023-10-09T21:00:00Z,95.82,1706.4
2023-10-09T21:30:00Z,92.27,1961.6
2023-10-09T22:00:00Z,89.82,1200.35
2023-10-09T22:30:00Z,88.79,1297.85
2023-10-09T23:00:00Z,90.1,1779.85
2023-10-09T23:30:00Z,89.55,1725.4
2023-10-10T00:00:00Z,93.6,1511.65
2023-10-10T00:30:00Z,88.68,1512.45
2023-10-10T01:00:00Z,85.05,1714.2
2023-10-10T01:30:00Z,75.81,1590.5
2023-10-10T02:00:00Z,79.15,1941.4
2023-10-10T02:30:00Z,77.82,1699.5
2023-10-10T03:00:00Z,86.51999999999998,1600.1
2023-10-10T03:30:00Z,87.2,1737.15
2023-10-10T04:00:00Z,95.52,1274.2
2023-10-10T04:30:00Z,89.37,1838.05
2023-10-10T05:00:00Z,97.85,1565.5
2023-10-10T05:30:00Z,102.71999999999998,1494.9
2023-10-10T06:00:00Z,116.48,2090.45
2023-10-10T06:30:00Z,126.60999999999999,2307.4
2023-10-10T07:00:00Z,117.39,2093.65
2023-10-10T07:30:00Z,114.46999999999998,1650.55
2023-10-10T08:00:00Z,113.59,2060.9
2023-10-10T08:30:00Z,109.2,2313.95
2023-10-10T09:00:00Z,95.97,2378.9
2023-10-10T09:30:00Z,90.16,2481.25
2023-10-10T10:00:00Z,93.39,2157.2
2023-10-10T10:30:00Z,95.14,2153.3
2023-10-10T11:00:00Z,88.77,2352.15
2023-10-10T11:30:00Z,82.4,2724.45
2023-10-10T12:00:00Z,74.46,2084.25
2023-10-10T12:30:00Z,68.57,2663.2
2023-10-10T13:00:00Z,92.95,2533.7
2023-10-10T13:30:00Z,82.48,2489.05
2023-10-10T14:00:00Z,92.03,2615.0
2023-10-10T14:30:00Z,85.13,2762.4
2023-10-10T15:00:00Z,76.29,1911.35
2023-10-10T15:30:00Z,84.68,2342.5
2023-10-10T16:00:00Z,103.44,2125.55
2023-10-10T16:30:00Z,101.05,2488.55
2023-10-10T17:00:00Z,98.45,2480.95
2023-10-10T17:30:00Z,100.68,2646.8
2023-10-10T18:00:00Z,101.38,2595.0
2023-10-10T18:30:00Z,100.81,2401.75
2023-10-10T19:00:00Z,91.56,2670.6
2023-10-10T19:30:00Z,84.58,2544.65
2023-10-10T20:00:00Z,85.7,2407.35
2023-10-10T20:30:00Z,69.74,2047.8
2023-10-10T21:00:00Z,71.31,2142.9
2023-10-10T21:30:00Z,71.84,2541.45
2023-10-10T22:00:00Z,72.77,1664.6
2023-10-10T22:30:00Z,54.83,2004.95
2023-10-10T23:00:00Z,47.87,1701.4
2023-10-10T23:30:00Z,20.01,1805.5
2023-10-11T00:00:00Z,-5.04,1803.1
2023-10-11T00:30:00Z,-4.99,1772.7
2023-10-11T01:00:00Z,8.19,1995.25
2023-10-11T01:30:00Z,-8.42,2200.95
2023-10-11T02:00:00Z,7.5,1194.0
2023-10-11T02:30:00Z,-10.62,1233.0
2023-10-11T03:00:00Z,-11.42,1188.3
2023-10-11T03:30:00Z,-4.87,2073.7
2023-10-11T04:00:00Z,19.189999999999998,1757.6
2023-10-11T04:30:00Z,69.08,1789.1
2023-10-11T05:00:00Z,70.89,1499.3
2023-10-11T05:30:00Z,77.64,1983.95
2023-10-11T06:00:00Z,59.89999999999999,1306.9
2023-10-11T06:30:00Z,101.62,1733.9
2023-10-11T07:00:00Z,102.95,2142.4
2023-10-11T07:30:00Z,113.49,1816.1
2023-10-11T08:00:00Z,107.71,1901.55
2023-10-11T08:30:00Z,107.13,1936.95
2023-10-11T09:00:00Z,98.56,2200.45
2023-10-11T09:30:00Z,100.74,2315.0
2023-10-11T10:00:00Z,105.42,2127.9
2023-10-11T10:30:00Z,111.26,2119.55
2023-10-11T11:00:00Z,112.77,2166.35
2023-10-11T11:30:00Z,114.75999999999999,2595.35
2023-10-11T12:00:00Z,117.5,2014.15
2023-10-11T12:30:00Z,118.06,2062.3
2023-10-11T13:00:00Z,118.9,1982.4
2023-10-11T13:30:00Z,121.94,2479.1
2023-10-11T14:00:00Z,121.77,2277.8
2023-10-11T14:30:00Z,121.44,2216.35
2023-10-11T15:00:00Z,126.83,2118.75
2023-10-11T15:30:00Z,131.0,2504.35
2023-10-11T16:00:00Z,138.85,2541.4
2023-10-11T16:30:00Z,142.32,2603.25
2023-10-11T17:00:00Z,142.72,2938.85
2023-10-11T17:30:00Z,143.94,3110.4
2023-10-11T18:00:00Z,123.66,3107.75
2023-10-11T18:30:00Z,117.31000000000002,3081.4
2023-10-11T19:00:00Z,121.59,2782.1
2023-10-11T19:30:00Z,117.6,2502.5
2023-10-11T20:00:00Z,124.05,2122.5
2023-10-11T20:30:00Z,125.32999999999998,2183.25
2023-10-11T21:00:00Z,121.92,2498.5
2023-10-11T21:30:00Z,108.42,2461.45
2023-10-11T22:00:00Z,87.33,1516.45
2023-10-11T22:30:00Z,82.81,1573.05
2023-10-11T23:00:00Z,74.16,1102.6
2023-10-11T23:30:00Z,98.85,2224.25
2023-10-12T00:00:00Z,92.86,1688.45
2023-10-12T00:30:00Z,94.44999999999999,1591.65
2023-10-12T01:00:00Z,100.17,1432.05
2023-10-12T01:30:00Z,98.81000000000002,1362.25
2023-10-12T02:00:00Z,105.43,938.2
2023-10-12T02:30:00Z,104.24,895.05
2023-10-12T03:00:00Z,132.18,1157.1
2023-10-12T03:30:00Z,105.52,1016.25
2023-10-12T04:00:00Z,118.72,1341.1
2023-10-12T04:30:00Z,94.8,1385.4
2023-10-12T05:00:00Z,107.15,1240.5
2023-10-12T05:30:00Z,122.64,1684.45
2023-10-12T06:00:00Z,111.52,1901.65
2023-10-12T06:30:00Z,137.45,1752.25
2023-10-12T07:00:00Z,126.15,1501.9
2023-10-12T07:30:00Z,125.29,1643.95
2023-10-12T08:00:00Z,120.78,1665.1
2023-10-12T08:30:00Z,110.45,1655.05
2023-10-12T09:00:00Z,107.35,1712.75
2023-10-12T09:30:00Z,97.62,1666.0
2023-10-12T10:00:00Z,100.43000000000002,1511.6
2023-10-12T10:30:00Z,100.43,1457.7
2023-10-12T11:00:00Z,91.13,1550.25
2023-10-12T11:30:00Z,85.36999999999999,1559.65
2023-10-12T12:00:00Z,93.04000000000002,1595.8
2023-10-12T12:30:00Z,83.39,1411.1
2023-10-12T13:00:00Z,95.24,1631.05
2023-10-12T13:30:00Z,89.09,1685.5
2023-10-12T14:00:00Z,107.77000000000001,1402.4
2023-10-12T14:30:00Z,109.02,1446.05
2023-10-12T15:00:00Z,119.35,1611.75
2023-10-12T15:30:00Z,122.07,1994.1
2023-10-12T16:00:00Z,138.58,1980.95
2023-10-12T16:30:00Z,128.89,2226.2
2023-10-12T17:00:00Z,159.08,2621.35
2023-10-12T17:30:00Z,160.95,2744.25
2023-10-12T18:00:00Z,129.58,2372.55
2023-10-12T18:30:00Z,122.78,2109.3
2023-10-12T19:00:00Z,120.31,1974.15
2023-10-12T19:30:00Z,119.32,2044.45
2023-10-12T20:00:00Z,121.60999999999999,1692.4
2023-10-12T20:30:00Z,117.72,1765.2
2023-10-12T21:00:00Z,117.55,1736.25
2023-10-12T21:30:00Z,114.22,1701.1
2023-10-12T22:00:00Z,86.2,1093.05
2023-10-12T22:30:00Z,104.08000000000001,1298.55
2023-10-12T23:00:00Z,98.28,1425.3
2023-10-12T23:30:00Z,96.51,1122.8
2023-10-13T00:00:00Z,95.77,1612.75
2023-10-13T00:30:00Z,97.98,1316.2
2023-10-13T01:00:00Z,100.42000000000002,1432.05
2023-10-13T01:30:00Z,97.92,1360.6
2023-10-13T02:00:00Z,102.57,1259.55
2023-10-13T02:30:00Z,90.43,1667.9
2023-10-13T03:00:00Z,103.78,1781.25
2023-10-13T03:30:00Z,104.08,1231.75
2023-10-13T04:00:00Z,112.27,2183.75
2023-10-13T04:30:00Z,106.74,2090.8
2023-10-13T05:00:00Z,102.47,2253.9
2023-10-13T05:30:00Z,133.49,2106.35
2023-10-13T06:00:00Z,117.78,1533.45
2023-10-13T06:30:00Z,132.12,2093.75
2023-10-13T07:00:00Z,139.17,1344.05
2023-10-13T07:30:00Z,124.24,1748.2
2023-10-13T08:00:00Z,128.62,1885.5
2023-10-13T08:30:00Z,131.86,2224.2
2023-10-13T09:00:00Z,128.65,2545.65
2023-10-13T09:30:00Z,121.33,2541.3
2023-10-13T10:00:00Z,104.69,2442.75
2023-10-13T10:30:00Z,75.46,2575.65
2023-10-13T11:00:00Z,69.97,2606.85
2023-10-13T11:30:00Z,65.45,2847.3
2023-10-13T12:00:00Z,44.37,2648.5
2023-10-13T12:30:00Z,41.17,2515.0
2023-10-13T13:00:00Z,42.21,2619.9
2023-10-13T13:30:00Z,45.029999999999994,2993.3
2023-10-13T14:00:00Z,67.83,2922.8
2023-10-13T14:30:00Z,69.8,2567.4
2023-10-13T15:00:00Z,66.85,2300.95
2023-10-13T15:30:00Z,79.94,2563.45
2023-10-13T16:00:00Z,72.38,2166.9
2023-10-13T16:30:00Z,62.97,2264.8
2023-10-13T17:00:00Z,97.93999999999998,2942.25
2023-10-13T17:30:00Z,108.5,2897.85
2023-10-13T18:00:00Z,80.93,1864.1
2023-10-13T18:30:00Z,54.82,1907.2
2023-10-13T19:00:00Z,62.14,2072.75
2023-10-13T19:30:00Z,37.8,2128.9
2023-10-13T20:00:00Z,26.2,2313.95
2023-10-13T20:30:00Z,4.94,2122.05
2023-10-13T21:00:00Z,25.78,2266.5
2023-10-13T21:30:00Z,9.24,2011.0
2023-10-13T22:00:00Z,14.47,896.0
2023-10-13T22:30:00Z,-7.11,1191.65
2023-10-13T23:00:00Z,13.579999999999998,1320.0
2023-10-13T23:30:00Z,6.58,1032.05
2023-10-14T00:00:00Z,1.44,659.8
2023-10-14T00:30:00Z,0.36,601.35
2023-10-14T01:00:00Z,2.02,598.45
2023-10-14T01:30:00Z,-2.46,638.5
2023-10-14T02:00:00Z,-5.97,509.9
2023-10-14T02:30:00Z,-3.09,574.4
2023-10-14T03:00:00Z,-3.46,568.95
2023-10-14T03:30:00Z,-4.53,559.9
2023-10-14T04:00:00Z,-4.63,942.1
2023-10-14T04:30:00Z,-1.69,902.8
2023-10-14T05:00:00Z,-17.58,869.05
2023-10-14T05:30:00Z,-2.21,865.55
2023-10-14T06:00:00Z,3.9,1133.9
2023-10-14T06:30:00Z,10.82,1199.65
2023-10-14T07:00:00Z,-4.46,1307.25
2023-10-14T07:30:00Z,14.88,1335.55
2023-10-14T08:00:00Z,39.94,1575.5
2023-10-14T08:30:00Z,24.84,1566.55
2023-10-14T09:00:00Z,29.82,1895.95
2023-10-14T09:30:00Z,8.32,1989.0
2023-10-14T10:00:00Z,35.17,1811.6
2023-10-14T10:30:00Z,37.93,1790.7
2023-10-14T11:00:00Z,10.28,1680.6
2023-10-14T11:30:00Z,8.18,1746.8
2023-10-14T12:00:00Z,-0.23,2029.25
2023-10-14T12:30:00Z,0.13,2139.65
2023-10-14T13:00:00Z,33.86,2099.65
2023-10-14T13:30:00Z,27.31,2297.5
2023-10-14T14:00:00Z,56.83,1763.6
2023-10-14T14:30:00Z,81.95,1687.35
2023-10-14T15:00:00Z,70.8,1898.45
2023-10-14T15:30:00Z,85.7,1798.95
2023-10-14T16:00:00Z,77.83,1416.5
2023-10-14T16:30:00Z,122.7,1624.55
2023-10-14T17:00:00Z,132.22,1609.65
2023-10-14T17:30:00Z,139.5,1572.65
2023-10-14T18:00:00Z,144.08,1363.0
2023-10-14T18:30:00Z,111.23,1524.2
2023-10-14T19:00:00Z,99.4,1135.9
2023-10-14T19:30:00Z,65.76,994.75
2023-10-14T20:00:00Z,54.38,1138.55
2023-10-14T20:30:00Z,49.26,1095.5
2023-10-14T21:00:00Z,98.18,1881.05
2023-10-14T21:30:00Z,81.65,1706.45
2023-10-14T22:00:00Z,37.07,1280.25
2023-10-14T22:30:00Z,18.77,1049.95
2023-10-14T23:00:00Z,12.12,1090.9
2023-10-14T23:30:00Z,5.28,1165.6
2023-10-15T00:00:00Z,5.96,891.7
2023-10-15T00:30:00Z,6.33,914.2
2023-10-15T01:00:00Z,6.650000000000001,877.55
2023-10-15T01:30:00Z,3.4,982.9
2023-10-15T02:00:00Z,2.88,992.75
2023-10-15T02:30:00Z,3.13,1106.1
2023-10-15T03:00:00Z,3.48,1120.85
2023-10-15T03:30:00Z,4.11,1113.0
2023-10-15T04:00:00Z,-0.53,922.2
2023-10-15T04:30:00Z,5.05,899.05
2023-10-15T05:00:00Z,11.73,948.2
2023-10-15T05:30:00Z,21.36,860.25
2023-10-15T06:00:00Z,23.09,1072.2
2023-10-15T06:30:00Z,34.64,894.25
2023-10-15T07:00:00Z,34.76,932.5
2023-10-15T07:30:00Z,102.81,942.5
2023-10-15T08:00:00Z,117.14000000000001,1245.05
2023-10-15T08:30:00Z,104.09,1502.25
2023-10-15T09:00:00Z,84.1,1609.25
2023-10-15T09:30:00Z,73.56,1672.9
2023-10-15T10:00:00Z,46.29,1413.9
2023-10-15T10:30:00Z,36.8,1454.1
2023-10-15T11:00:00Z,36.07,1536.25
2023-10-15T11:30:00Z,33.4,1562.75
2023-10-15T12:00:00Z,27.03,1707.8
2023-10-15T12:30:00Z,37.769999999999996,1739.15
2023-10-15T13:00:00Z,50.45,2147.3
2023-10-15T13:30:00Z,65.87,1702.4
2023-10-15T14:00:00Z,85.85,1430.75
2023-10-15T14:30:00Z,115.32,1229.9
2023-10-15T15:00:00Z,118.1,1283.4
2023-10-15T15:30:00Z,120.6,1713.25
2023-10-15T16:00:00Z,140.4,1375.15
2023-10-15T16:30:00Z,159.51,1549.55
2023-10-15T17:00:00Z,168.12,1550.45
2023-10-15T17:30:00Z,181.77999999999997,1448.15
2023-10-15T18:00:00Z,207.22,1690.1
2023-10-15T18:30:00Z,202.61000000000004,1541.4
2023-10-15T19:00:00Z,188.47,1785.95
2023-10-15T19:30:00Z,158.69,1416.45
2023-10-15T20:00:00Z,141.08,1467.75
2023-10-15T20:30:00Z,127.97,1419.35
2023-10-15T21:00:00Z,131.99,1300.15
2023-10-15T21:30:00Z,99.17000000000002,1459.8
2023-10-15T22:00:00Z,110.82,943.2
2023-10-15T22:30:00Z,102.93,1084.85
2023-10-15T23:00:00Z,109.54,929.5
2023-10-15T23:30:00Z,118.04,956.9
2023-10-16T00:00:00Z,100.74000000000001,729.55
2023-10-16T00:30:00Z,111.58,924.15
2023-10-16T01:00:00Z,117.34999999999998,1257.2
2023-10-16T01:30:00Z,111.1,1174.45
2023-10-16T02:00:00Z,107.54,747.6
2023-10-16T02:30:00Z,106.54,1007.05
2023-10-16T03:00:00Z,109.28,873.3
2023-10-16T03:30:00Z,78.59,1062.85
2023-10-16T04:00:00Z,94.91,1524.4
2023-10-16T04:30:00Z,91.67,1557.7
2023-10-16T05:00:00Z,107.81999999999998,1697.45
2023-10-16T05:30:00Z,124.36,1829.65
2023-10-16T06:00:00Z,134.14,1523.9
2023-10-16T06:30:00Z,161.46,1453.4
2023-10-16T07:00:00Z,142.6,1422.15
2023-10-16T07:30:00Z,146.85,1544.0
2023-10-16T08:00:00Z,153.94,1174.35
2023-10-16T08:30:00Z,149.24,1359.4
2023-10-16T09:00:00Z,145.06,1208.9
2023-10-16T09:30:00Z,128.7,1297.25
2023-10-16T10:00:00Z,102.56,1402.65
2023-10-16T10:30:00Z,116.24,2086.9
2023-10-16T11:00:00Z,114.46,1968.55
2023-10-16T11:30:00Z,111.18,1943.2
2023-10-16T12:00:00Z,105.79,1794.5
2023-10-16T12:30:00Z,104.74,1836.55
2023-10-16T13:00:00Z,108.33,1872.05
2023-10-16T13:30:00Z,110.51,1914.6
2023-10-16T14:00:00Z,139.51,1456.0
2023-10-16T14:30:00Z,138.14,1649.15
2023-10-16T15:00:00Z,137.05,1443.7
2023-10-16T15:30:00Z,152.73,1940.2
2023-10-16T16:00:00Z,161.74,2073.4
2023-10-16T16:30:00Z,179.94,1932.2
2023-10-16T17:00:00Z,185.29,2255.35
2023-10-16T17:30:00Z,162.69,3036.8
2023-10-16T18:00:00Z,132.39,2041.2
2023-10-16T18:30:00Z,114.63,1958.3
2023-10-16T19:00:00Z,119.71,1692.65
2023-10-16T19:30:00Z,98.65,1488.0
2023-10-16T20:00:00Z,112.37,1455.95
2023-10-16T20:30:00Z,90.83,1296.05
2023-10-16T21:00:00Z,94.22,1315.1
2023-10-16T21:30:00Z,91.95,1589.25
2023-10-16T22:00:00Z,85.7,1296.2
2023-10-16T22:30:00Z,107.88000000000001,955.8
2023-10-16T23:00:00Z,120.59999999999998,1260.75
2023-10-16T23:30:00Z,98.19,1305.35
2023-10-17T00:00:00Z,93.76000000000002,1415.1
2023-10-17T00:30:00Z,100.43,1262.35
2023-10-17T01:00:00Z,97.67,1286.3
2023-10-17T01:30:00Z,92.94,1507.7
2023-10-17T02:00:00Z,97.34,991.9
2023-10-17T02:30:00Z,91.83,1160.2
2023-10-17T03:00:00Z,90.84,948.25
2023-10-17T03:30:00Z,86.69,1079.1
2023-10-17T04:00:00Z,99.05,794.8
2023-10-17T04:30:00Z,79.06,919.15
2023-10-17T05:00:00Z,90.58,1224.4
2023-10-17T05:30:00Z,112.56000000000002,1383.6
2023-10-17T06:00:00Z,126.77,1832.65
2023-10-17T06:30:00Z,146.48,2081.1
2023-10-17T07:00:00Z,122.53,1439.6
2023-10-17T07:30:00Z,116.85,1765.45
2023-10-17T08:00:00Z,104.16,1781.95
2023-10-17T08:30:00Z,100.84,1972.65
2023-10-17T09:00:00Z,109.37,2236.65
2023-10-17T09:30:00Z,98.73,2250.65
2023-10-17T10:00:00Z,75.75,1581.5
2023-10-17T10:30:00Z,73.89,1281.85
2023-10-17T11:00:00Z,65.52,1257.1
2023-10-17T11:30:00Z,54.46999999999999,1210.05
2023-10-17T12:00:00Z,45.44,1322.25
2023-10-17T12:30:00Z,38.53,1276.25
2023-10-17T13:00:00Z,34.74,1368.0
2023-10-17T13:30:00Z,35.58,1439.1
2023-10-17T14:00:00Z,50.41,2078.6
2023-10-17T14:30:00Z,59.89,2096.1
2023-10-17T15:00:00Z,70.51,2407.75
2023-10-17T15:30:00Z,88.51,2467.5
2023-10-17T16:00:00Z,92.63,2155.25
2023-10-17T16:30:00Z,101.06,2300.4
2023-10-17T17:00:00Z,114.15,2280.2
2023-10-17T17:30:00Z,115.94,2385.35
2023-10-17T18:00:00Z,103.07,2602.9
2023-10-17T18:30:00Z,99.2,1917.45
2023-10-17T19:00:00Z,94.82,1887.6
2023-10-17T19:30:00Z,90.78,1452.95
2023-10-17T20:00:00Z,84.69,1012.55
2023-10-17T20:30:00Z,68.79,1013.0
2023-10-17T21:00:00Z,74.23,1250.3
2023-10-17T21:30:00Z,48.69,1167.85
2023-10-17T22:00:00Z,55.53,1002.25
2023-10-17T22:30:00Z,48.540000000000006,930.05
2023-10-17T23:00:00Z,51.23,1072.45
2023-10-17T23:30:00Z,43.19,1273.25
2023-10-18T00:00:00Z,40.29,1291.05
2023-10-18T00:30:00Z,37.93,1175.55
2023-10-18T01:00:00Z,50.16,1528.45
2023-10-18T01:30:00Z,34.58,1638.0
2023-10-18T02:00:00Z,27.45,985.35
2023-10-18T02:30:00Z,23.69,1070.3
2023-10-18T03:00:00Z,8.38,1204.1
2023-10-18T03:30:00Z,31.73,1459.0
2023-10-18T04:00:00Z,53.62,1083.7
2023-10-18T04:30:00Z,81.74,1561.95
2023-10-18T05:00:00Z,51.25,1524.6
2023-10-18T05:30:00Z,94.42,1489.95
2023-10-18T06:00:00Z,84.06,1799.3
2023-10-18T06:30:00Z,123.45,1802.6
2023-10-18T07:00:00Z,104.67,1260.3
2023-10-18T07:30:00Z,110.21000000000001,1519.2
2023-10-18T08:00:00Z,96.03,1338.1
2023-10-18T08:30:00Z,82.31,1659.4
2023-10-18T09:00:00Z,102.07,1551.9
2023-10-18T09:30:00Z,91.02,1536.9
2023-10-18T10:00:00Z,76.01,1977.25
2023-10-18T10:30:00Z,73.18,2172.55
2023-10-18T11:00:00Z,53.68,2030.85
2023-10-18T11:30:00Z,54.62,2133.75
2023-10-18T12:00:00Z,70.01,2152.2
2023-10-18T12:30:00Z,69.22,2293.55
2023-10-18T13:00:00Z,78.57,2262.45
2023-10-18T13:30:00Z,86.63,2331.05
2023-10-18T14:00:00Z,86.25,1918.3
2023-10-18T14:30:00Z,103.51999999999998,1823.4
2023-10-18T15:00:00Z,106.66,1675.35
2023-10-18T15:30:00Z,118.18,1521.1
2023-10-18T16:00:00Z,111.27,1652.45
2023-10-18T16:30:00Z,123.59,1688.85
2023-10-18T17:00:00Z,121.17,1619.2
2023-10-18T17:30:00Z,125.07000000000001,1573.8
2023-10-18T18:00:00Z,120.7,1955.85
2023-10-18T18:30:00Z,113.45,1778.95
2023-10-18T19:00:00Z,107.87,2050.0
2023-10-18T19:30:00Z,73.04,2188.95
2023-10-18T20:00:00Z,107.28,1800.45
2023-10-18T20:30:00Z,52.17,1713.65
2023-10-18T21:00:00Z,84.55,1958.7
2023-10-18T21:30:00Z,49.16,1884.5
2023-10-18T22:00:00Z,78.85,1600.8
2023-10-18T22:30:00Z,36.34,1439.55
2023-10-18T23:00:00Z,40.17,1520.35
2023-10-18T23:30:00Z,21.4,1548.7
2023-10-19T00:00:00Z,2.4500000000000006,1835.45
2023-10-19T00:30:00Z,29.97,1846.75
2023-10-19T01:00:00Z,24.78,2138.55
2023-10-19T01:30:00Z,10.46,2599.95
2023-10-19T02:00:00Z,24.21,1957.45
2023-10-19T02:30:00Z,31.790000000000003,2233.05
2023-10-19T03:00:00Z,33.86,1916.55
2023-10-19T03:30:00Z,45.49,2034.85
2023-10-19T04:00:00Z,79.88,1779.1
2023-10-19T04:30:00Z,84.27,1742.3
2023-10-19T05:00:00Z,72.01,1662.35
2023-10-19T05:30:00Z,95.81,1678.55
2023-10-19T06:00:00Z,94.32,2137.2
2023-10-19T06:30:00Z,104.57,2557.7
2023-10-19T07:00:00Z,106.84,1928.2
2023-10-19T07:30:00Z,118.09999999999998,2527.65
2023-10-19T08:00:00Z,98.33,2507.45
2023-10-19T08:30:00Z,94.72,2697.75
2023-10-19T09:00:00Z,108.38,2890.95
2023-10-19T09:30:00Z,109.15,3371.55
2023-10-19T10:00:00Z,93.95,2657.95
2023-10-19T10:30:00Z,88.2,2874.35
2023-10-19T11:00:00Z,104.54,2743.6
2023-10-19T11:30:00Z,104.69,2673.85
2023-10-19T12:00:00Z,105.07,2891.75
2023-10-19T12:30:00Z,104.67,3001.9
2023-10-19T13:00:00Z,110.43,3070.6
2023-10-19T13:30:00Z,104.65,3150.3
2023-10-19T14:00:00Z,100.38,3200.45
2023-10-19T14:30:00Z,109.64,2925.95
2023-10-19T15:00:00Z,100.17,2730.05
2023-10-19T15:30:00Z,110.43,3151.5
2023-10-19T16:00:00Z,124.38,3070.15
2023-10-19T16:30:00Z,128.13,2915.85
2023-10-19T17:00:00Z,126.26,3021.35
2023-10-19T17:30:00Z,130.88,3269.5
2023-10-19T18:00:00Z,130.26,2774.85
2023-10-19T18:30:00Z,127.84,2724.7
2023-10-19T19:00:00Z,125.58999999999999,3163.15
2023-10-19T19:30:00Z,120.77,3593.85
2023-10-19T20:00:00Z,103.57,3306.35
2023-10-19T20:30:00Z,106.41,3169.5
2023-10-19T21:00:00Z,89.97,2976.8
2023-10-19T21:30:00Z,86.31,2979.15
2023-10-19T22:00:00Z,75.61,1379.4
2023-10-19T22:30:00Z,41.48,1005.05
2023-10-19T23:00:00Z,64.34,1423.2
2023-10-19T23:30:00Z,16.14,1543.3
2023-10-20T00:00:00Z,0.04,1905.25
2023-10-20T00:30:00Z,0.33,2015.2
2023-10-20T01:00:00Z,33.67,2242.25
2023-10-20T01:30:00Z,14.95,1938.6
2023-10-20T02:00:00Z,31.08,1631.7
2023-10-20T02:30:00Z,15.44,1800.2
2023-10-20T03:00:00Z,38.26,1717.05
2023-10-20T03:30:00Z,33.72,1661.2
2023-10-20T04:00:00Z,71.6,1260.35
2023-10-20T04:30:00Z,80.3,1686.05
2023-10-20T05:00:00Z,81.98,1357.85
2023-10-20T05:30:00Z,96.88,1999.8
2023-10-20T06:00:00Z,83.81,1983.0
2023-10-20T06:30:00Z,119.7,2060.25
2023-10-20T07:00:00Z,112.19,1750.4
2023-10-20T07:30:00Z,117.37999999999998,2242.0
2023-10-20T08:00:00Z,115.06,2289.75
2023-10-20T08:30:00Z,108.25,2117.15
2023-10-20T09:00:00Z,106.76,2289.1
2023-10-20T09:30:00Z,108.64,1995.95
2023-10-20T10:00:00Z,94.81,1898.8
2023-10-20T10:30:00Z,89.47,1771.25
2023-10-20T11:00:00Z,97.05,2081.7
2023-10-20T11:30:00Z,99.73,2247.0
2023-10-20T12:00:00Z,93.93,2411.7
2023-10-20T12:30:00Z,88.09,2580.3
2023-10-20T13:00:00Z,90.57,2675.6
2023-10-20T13:30:00Z,83.26,2803.0
2023-10-20T14:00:00Z,82.43,2743.0
2023-10-20T14:30:00Z,86.36,2750.55
2023-10-20T15:00:00Z,89.89,2790.9
2023-10-20T15:30:00Z,93.07,2653.2
2023-10-20T16:00:00Z,106.66,2156.6
2023-10-20T16:30:00Z,112.01,2338.75
2023-10-20T17:00:00Z,120.29,3387.1
2023-10-20T17:30:00Z,118.25,2405.05
2023-10-20T18:00:00Z,112.49000000000001,1895.2
2023-10-20T18:30:00Z,87.06,1683.3
2023-10-20T19:00:00Z,93.06,2008.85
2023-10-20T19:30:00Z,91.97,2530.9
2023-10-20T20:00:00Z,94.98000000000002,1902.1
2023-10-20T20:30:00Z,79.08,1949.35
2023-10-20T21:00:00Z,74.02,2163.85
2023-10-20T21:30:00Z,77.28,2295.2
2023-10-20T22:00:00Z,55.190000000000005,1511.35
2023-10-20T22:30:00Z,47.84,1827.7
2023-10-20T23:00:00Z,65.86,1835.3
2023-10-20T23:30:00Z,72.12,2158.85
2023-10-21T00:00:00Z,66.72,2363.35
2023-10-21T00:30:00Z,68.31,2140.75
2023-10-21T01:00:00Z,57.56,1912.6
2023-10-21T01:30:00Z,32.16,2379.15
2023-10-21T02:00:00Z,25.15,1851.8
2023-10-21T02:30:00Z,16.86,1931.35
2023-10-21T03:00:00Z,30.76,1720.15
2023-10-21T03:30:00Z,37.49,1722.3
2023-10-21T04:00:00Z,36.41,1471.15
2023-10-21T04:30:00Z,51.46000000000001,1451.75
2023-10-21T05:00:00Z,35.59,1540.5
2023-10-21T05:30:00Z,47.38,1607.35
2023-10-21T06:00:00Z,45.64,1346.4
2023-10-21T06:30:00Z,85.09,1157.45
2023-10-21T07:00:00Z,109.93,1063.0
2023-10-21T07:30:00Z,110.74,1261.9
2023-10-21T08:00:00Z,118.08,1276.2
2023-10-21T08:30:00Z,120.3,1452.55
2023-10-21T09:00:00Z,120.64,1402.5
2023-10-21T09:30:00Z,119.17,1579.35
2023-10-21T10:00:00Z,120.16,1315.4
2023-10-21T10:30:00Z,120.32999999999998,1508.0
2023-10-21T11:00:00Z,121.27,1753.3
2023-10-21T11:30:00Z,119.29,1497.35
2023-10-21T12:00:00Z,100.57,1693.6
2023-10-21T12:30:00Z,92.37,2037.95
2023-10-21T13:00:00Z,92.23,2098.75
2023-10-21T13:30:00Z,97.99,1992.8
2023-10-21T14:00:00Z,98.04,1755.05
2023-10-21T14:30:00Z,103.01,1854.35
2023-10-21T15:00:00Z,100.01,1882.3
2023-10-21T15:30:00Z,104.94,1910.55
2023-10-21T16:00:00Z,113.53,1563.65
2023-10-21T16:30:00Z,123.14,1653.3
2023-10-21T17:00:00Z,135.03,1794.25
2023-10-21T17:30:00Z,134.76,1926.1
2023-10-21T18:00:00Z,134.85,1849.5
2023-10-21T18:30:00Z,127.46,1472.05
2023-10-21T19:00:00Z,120.58,1553.3
2023-10-21T19:30:00Z,110.46,1390.6
2023-10-21T20:00:00Z,110.51,1049.65
2023-10-21T20:30:00Z,112.99,1134.35
2023-10-21T21:00:00Z,105.81,971.05
2023-10-21T21:30:00Z,96.44,1047.55
2023-10-21T22:00:00Z,112.46,1292.45
2023-10-21T22:30:00Z,124.15000000000002,1157.6
2023-10-21T23:00:00Z,116.33,1223.5
2023-10-21T23:30:00Z,110.11,1157.75
2023-10-22T00:00:00Z,105.54,1282.6
2023-10-22T00:30:00Z,114.49,1156.4
2023-10-22T01:00:00Z,109.81,1455.6
2023-10-22T01:30:00Z,107.71,1524.2
2023-10-22T02:00:00Z,103.8,1833.0
2023-10-22T02:30:00Z,115.92,1514.2
2023-10-22T03:00:00Z,113.41000000000001,1454.85
2023-10-22T03:30:00Z,111.37,1684.55
2023-10-22T04:00:00Z,109.01,1568.35
2023-10-22T04:30:00Z,114.61,1525.75
2023-10-22T05:00:00Z,119.49000000000001,1109.0
2023-10-22T05:30:00Z,110.8,1551.05
2023-10-22T06:00:00Z,115.79,1311.45
2023-10-22T06:30:00Z,122.41,1404.5
2023-10-22T07:00:00Z,131.98,1873.55
2023-10-22T07:30:00Z,132.83,1775.0
2023-10-22T08:00:00Z,138.98,1762.05
2023-10-22T08:30:00Z,142.5,1766.9
2023-10-22T09:00:00Z,142.16,1940.95
2023-10-22T09:30:00Z,141.69,2221.25
2023-10-22T10:00:00Z,137.89,2082.7
2023-10-22T10:30:00Z,127.92,2002.7
2023-10-22T11:00:00Z,127.3,1884.9
2023-10-22T11:30:00Z,123.03,1893.95
2023-10-22T12:00:00Z,109.41,1591.2
2023-10-22T12:30:00Z,112.18,1811.1
2023-10-22T13:00:00Z,113.52,1812.8
2023-10-22T13:30:00Z,116.65,1827.9
2023-10-22T14:00:00Z,124.21,1280.4
2023-10-22T14:30:00Z,121.3,1819.15
2023-10-22T15:00:00Z,137.93,1287.05
2023-10-22T15:30:00Z,147.59,1686.5
2023-10-22T16:00:00Z,150.09,1144.4
2023-10-22T16:30:00Z,159.49,1367.45
2023-10-22T17:00:00Z,160.72,1191.65
2023-10-22T17:30:00Z,167.46,1502.4
2023-10-22T18:00:00Z,154.28,1945.75
2023-10-22T18:30:00Z,142.74,1445.8
2023-10-22T19:00:00Z,138.93,1604.3
2023-10-22T19:30:00Z,127.11999999999999,1456.45
2023-10-22T20:00:00Z,118.22,1336.65
2023-10-22T20:30:00Z,115.34999999999998,1295.15
2023-10-22T21:00:00Z,117.13999999999999,1170.0
2023-10-22T21:30:00Z,107.37,1147.35
2023-10-22T22:00:00Z,99.61,465.7
2023-10-22T22:30:00Z,96.95999999999998,762.55
2023-10-22T23:00:00Z,91.95999999999998,797.45
2023-10-22T23:30:00Z,94.39,880.35
2023-10-23T00:00:00Z,100.81,960.95
2023-10-23T00:30:00Z,101.09,970.0
2023-10-23T01:00:00Z,96.52,824.95
2023-10-23T01:30:00Z,105.05,1404.85
2023-10-23T02:00:00Z,103.67,780.55
2023-10-23T02:30:00Z,90.67,737.3
2023-10-23T03:00:00Z,105.95,1159.05
2023-10-23T03:30:00Z,87.75,1072.65
2023-10-23T04:00:00Z,103.42,1011.0
2023-10-23T04:30:00Z,78.4,945.8
2023-10-23T05:00:00Z,109.44,1514.85
2023-10-23T05:30:00Z,134.52,1668.95
2023-10-23T06:00:00Z,139.17,1359.7
2023-10-23T06:30:00Z,144.37,1515.2
2023-10-23T07:00:00Z,132.36,1134.5
2023-10-23T07:30:00Z,135.15,1499.8
2023-10-23T08:00:00Z,128.04,1288.75
2023-10-23T08:30:00Z,121.88999999999999,1165.05
2023-10-23T09:00:00Z,124.98999999999998,1396.0
2023-10-23T09:30:00Z,111.78000000000002,1525.5
2023-10-23T10:00:00Z,113.25999999999999,1661.3
2023-10-23T10:30:00Z,109.67,2195.05
2023-10-23T11:00:00Z,123.88,2023.8
2023-10-23T11:30:00Z,121.51,2132.1
2023-10-23T12:00:00Z,124.47,2101.8
2023-10-23T12:30:00Z,114.71,2074.4
2023-10-23T13:00:00Z,125.06999999999998,2177.9
2023-10-23T13:30:00Z,125.27000000000001,2140.45
2023-10-23T14:00:00Z,130.35,2030.7
2023-10-23T14:30:00Z,132.15,2140.15
2023-10-23T15:00:00Z,139.55,1823.05
2023-10-23T15:30:00Z,141.34,2391.55
2023-10-23T16:00:00Z,140.48,2633.85
2023-10-23T16:30:00Z,144.22,2481.25
2023-10-23T17:00:00Z,147.06,2564.2
2023-10-23T17:30:00Z,143.39,2468.25
2023-10-23T18:00:00Z,119.03,2270.95
2023-10-23T18:30:00Z,108.73,2144.5
2023-10-23T19:00:00Z,125.63000000000001,1748.45
2023-10-23T19:30:00Z,125.27,2049.85
2023-10-23T20:00:00Z,108.2,1997.25
2023-10-23T20:30:00Z,116.44,1966.15
2023-10-23T21:00:00Z,116.97,2163.5
2023-10-23T21:30:00Z,109.05,2211.5
2023-10-23T22:00:00Z,93.11,1252.35
2023-10-23T22:30:00Z,95.36,1336.4
2023-10-23T23:00:00Z,93.93,1579.1
2023-10-23T23:30:00Z,84.09,1387.75
2023-10-24T00:00:00Z,103.82,2125.7
2023-10-24T00:30:00Z,102.02,2020.05
2023-10-24T01:00:00Z,103.6,2012.85
2023-10-24T01:30:00Z,110.64,1960.9
2023-10-24T02:00:00Z,100.07,1284.25
2023-10-24T02:30:00Z,93.22,1890.9
2023-10-24T03:00:00Z,96.48,1511.7
2023-10-24T03:30:00Z,94.31,1314.85
2023-10-24T04:00:00Z,108.25,1770.6
2023-10-24T04:30:00Z,109.6,1785.25
2023-10-24T05:00:00Z,104.02,2263.35
2023-10-24T05:30:00Z,112.33000000000001,2456.8
2023-10-24T06:00:00Z,126.98,2250.55
2023-10-24T06:30:00Z,143.5,2084.4
2023-10-24T07:00:00Z,135.92,1884.1
2023-10-24T07:30:00Z,141.63,1706.15
2023-10-24T08:00:00Z,139.84,1788.75
2023-10-24T08:30:00Z,139.84,2351.3
2023-10-24T09:00:00Z,132.29,2566.35
2023-10-24T09:30:00Z,123.38,2644.8
2023-10-24T10:00:00Z,129.52,2296.45
2023-10-24T10:30:00Z,126.39,1950.1
2023-10-24T11:00:00Z,122.25,2019.4
2023-10-24T11:30:00Z,123.98000000000002,2214.25
2023-10-24T12:00:00Z,123.13000000000001,2450.2
2023-10-24T12:30:00Z,119.69,2709.55
2023-10-24T13:00:00Z,117.74999999999999,2961.6
2023-10-24T13:30:00Z,115.89,3060.15
2023-10-24T14:00:00Z,109.44,3009.55
2023-10-24T14:30:00Z,116.14,3360.15
2023-10-24T15:00:00Z,125.61,3332.5
2023-10-24T15:30:00Z,129.99,3024.0
2023-10-24T16:00:00Z,133.43,3020.9
2023-10-24T16:30:00Z,138.47,3153.15
2023-10-24T17:00:00Z,139.15,3073.5
2023-10-24T17:30:00Z,135.44,3230.5
2023-10-24T18:00:00Z,129.83,1672.7
2023-10-24T18:30:00Z,123.72,1616.4
2023-10-24T19:00:00Z,117.38,1919.4
2023-10-24T19:30:00Z,115.5,1929.6
2023-10-24T20:00:00Z,117.67,2022.45
2023-10-24T20:30:00Z,112.54,1792.4
2023-10-24T21:00:00Z,105.9,1822.5
2023-10-24T21:30:00Z,99.69,2252.25
2023-10-24T22:00:00Z,114.46000000000001,1283.5
2023-10-24T22:30:00Z,112.01,1242.15
2023-10-24T23:00:00Z,106.38,1266.7
2023-10-24T23:30:00Z,95.89,1272.3
2023-10-25T00:00:00Z,105.04,1236.4
2023-10-25T00:30:00Z,100.12,1135.25
2023-10-25T01:00:00Z,100.31,1138.1
2023-10-25T01:30:00Z,99.53999999999999,1326.35
2023-10-25T02:00:00Z,101.93,1506.85
2023-10-25T02:30:00Z,100.53,1643.8
2023-10-25T03:00:00Z,104.10999999999999,1583.3
2023-10-25T03:30:00Z,100.41,1616.55
2023-10-25T04:00:00Z,99.28,1605.25
2023-10-25T04:30:00Z,106.27,1938.45
2023-10-25T05:00:00Z,114.52,1521.95
2023-10-25T05:30:00Z,111.30000000000001,2516.35
2023-10-25T06:00:00Z,125.58999999999999,2100.5
2023-10-25T06:30:00Z,138.03,1724.35
2023-10-25T07:00:00Z,137.43,1488.25
2023-10-25T07:30:00Z,138.51,1833.3
2023-10-25T08:00:00Z,137.39,1742.7
2023-10-25T08:30:00Z,136.44,2125.45
2023-10-25T09:00:00Z,137.0,1866.7
2023-10-25T09:30:00Z,135.19,2287.2
2023-10-25T10:00:00Z,135.8,2026.6
2023-10-25T10:30:00Z,132.61,2115.0
2023-10-25T11:00:00Z,127.29999999999998,2160.5
2023-10-25T11:30:00Z,117.34,1941.7
2023-10-25T12:00:00Z,113.83,2298.9
2023-10-25T12:30:00Z,101.56,2644.3
2023-10-25T13:00:00Z,102.1,2487.35
2023-10-25T13:30:00Z,99.59000000000002,2801.75
2023-10-25T14:00:00Z,103.54,1964.15
2023-10-25T14:30:00Z,111.75,2183.85
2023-10-25T15:00:00Z,105.51,1929.35
2023-10-25T15:30:00Z,121.97,1732.5
2023-10-25T16:00:00Z,124.19000000000001,2145.95
2023-10-25T16:30:00Z,132.71,1993.9
2023-10-25T17:00:00Z,129.5,2562.05
2023-10-25T17:30:00Z,129.27,2417.45
2023-10-25T18:00:00Z,127.59,2667.8
2023-10-25T18:30:00Z,122.33,2234.1
2023-10-25T19:00:00Z,123.85999999999999,2418.5
2023-10-25T19:30:00Z,108.99,2390.3
2023-10-25T20:00:00Z,111.13,2024.6
2023-10-25T20:30:00Z,104.81,2058.0
2023-10-25T21:00:00Z,108.77,1904.3
2023-10-25T21:30:00Z,99.8,2018.75
2023-10-25T22:00:00Z,93.37,1251.65
2023-10-25T22:30:00Z,90.18000000000002,1583.15
2023-10-25T23:00:00Z,95.39,1349.25
2023-10-25T23:30:00Z,91.43,1379.45
2023-10-26T00:00:00Z,88.9,1425.45
2023-10-26T00:30:00Z,95.18,1328.4
2023-10-26T01:00:00Z,95.31,1200.5
2023-10-26T01:30:00Z,89.74,1325.15
2023-10-26T02:00:00Z,97.18,1820.2
2023-10-26T02:30:00Z,88.39,1350.6
2023-10-26T03:00:00Z,89.79,1106.65
2023-10-26T03:30:00Z,94.09,1559.45
2023-10-26T04:00:00Z,108.1,1626.2
2023-10-26T04:30:00Z,88.85,1753.45
2023-10-26T05:00:00Z,90.27,1627.95
2023-10-26T05:30:00Z,87.48,1962.55
2023-10-26T06:00:00Z,93.61,1977.55
2023-10-26T06:30:00Z,103.06,2374.1
2023-10-26T07:00:00Z,113.14,2433.15
2023-10-26T07:30:00Z,116.15,2367.45
2023-10-26T08:00:00Z,109.7,2724.55
2023-10-26T08:30:00Z,105.25,2582.5
2023-10-26T09:00:00Z,106.49,2559.9
2023-10-26T09:30:00Z,101.08,2379.4
2023-10-26T10:00:00Z,93.61,1963.2
2023-10-26T10:30:00Z,89.41,2207.0
2023-10-26T11:00:00Z,91.78,2359.85
2023-10-26T11:30:00Z,96.08,2751.2
2023-10-26T12:00:00Z,96.14,3522.15
2023-10-26T12:30:00Z,96.05999999999999,3232.05
2023-10-26T13:00:00Z,92.04000000000002,3058.95
2023-10-26T13:30:00Z,89.98,2943.45
2023-10-26T14:00:00Z,90.16,2201.95
2023-10-26T14:30:00Z,88.97,2624.2
2023-10-26T15:00:00Z,92.28,2448.45
2023-10-26T15:30:00Z,97.84,2810.75
2023-10-26T16:00:00Z,123.22,2837.35
2023-10-26T16:30:00Z,127.34000000000002,3114.3
2023-10-26T17:00:00Z,123.84,2632.25
2023-10-26T17:30:00Z,126.69000000000001,2620.95
2023-10-26T18:00:00Z,114.5,2175.85
2023-10-26T18:30:00Z,114.53,2820.4
2023-10-26T19:00:00Z,117.97000000000001,2368.2
2023-10-26T19:30:00Z,110.96,2595.15
2023-10-26T20:00:00Z,102.74000000000001,2704.1
2023-10-26T20:30:00Z,101.12,2021.6
2023-10-26T21:00:00Z,98.2,2136.5
2023-10-26T21:30:00Z,97.82,2626.2
2023-10-26T22:00:00Z,104.34,1433.2
2023-10-26T22:30:00Z,99.12,1191.9
2023-10-26T23:00:00Z,97.73,1198.1
2023-10-26T23:30:00Z,89.44,1471.75
2023-10-27T00:00:00Z,90.47,1356.3
2023-10-27T00:30:00Z,98.63,1438.95
2023-10-27T01:00:00Z,103.14,1484.75
2023-10-27T01:30:00Z,108.43,1410.55
2023-10-27T02:00:00Z,111.22,1423.25
2023-10-27T02:30:00Z,109.52,1412.2
2023-10-27T03:00:00Z,109.9,1663.2
2023-10-27T03:30:00Z,101.46,1632.0
2023-10-27T04:00:00Z,118.89,1461.45
2023-10-27T04:30:00Z,109.11,1502.7
2023-10-27T05:00:00Z,117.46,1521.55
2023-10-27T05:30:00Z,105.65,1759.15
2023-10-27T06:00:00Z,121.02999999999999,1803.35
2023-10-27T06:30:00Z,136.19,1676.65
2023-10-27T07:00:00Z,133.67,1670.95
2023-10-27T07:30:00Z,134.51,1603.1
2023-10-27T08:00:00Z,144.44,1893.35
2023-10-27T08:30:00Z,144.04,1837.9
2023-10-27T09:00:00Z,140.74,1985.8
2023-10-27T09:30:00Z,129.14,2386.75
2023-10-27T10:00:00Z,94.28,2202.65
2023-10-27T10:30:00Z,98.59,2344.0
2023-10-27T11:00:00Z,110.4,2032.75
2023-10-27T11:30:00Z,109.15,1910.25
2023-10-27T12:00:00Z,101.75999999999999,1543.8
2023-10-27T12:30:00Z,101.04,1722.0
2023-10-27T13:00:00Z,99.69,1864.2
2023-10-27T13:30:00Z,102.74,2102.7
2023-10-27T14:00:00Z,108.05,1853.55
2023-10-27T14:30:00Z,103.18,2688.4
2023-10-27T15:00:00Z,102.36,2294.3
2023-10-27T15:30:00Z,119.64,2297.6
2023-10-27T16:00:00Z,130.17,2038.25
2023-10-27T16:30:00Z,131.11,2136.2
2023-10-27T17:00:00Z,133.55,1883.15
2023-10-27T17:30:00Z,135.57,2165.45
2023-10-27T18:00:00Z,118.54999999999998,2389.6
2023-10-27T18:30:00Z,113.1,2316.15
2023-10-27T19:00:00Z,118.95,2128.25
2023-10-27T19:30:00Z,114.8,2532.4
2023-10-27T20:00:00Z,108.77000000000001,2761.55
2023-10-27T20:30:00Z,105.96000000000001,2514.6
2023-10-27T21:00:00Z,101.73,2307.15
2023-10-27T21:30:00Z,102.9,2103.9
2023-10-27T22:00:00Z,108.12,1323.75
2023-10-27T22:30:00Z,98.42,1380.6
2023-10-27T23:00:00Z,86.84,1438.9
2023-10-27T23:30:00Z,89.49,1338.55
2023-10-28T00:00:00Z,102.70000000000002,1444.1
2023-10-28T00:30:00Z,98.19,1551.9
2023-10-28T01:00:00Z,71.73,1321.55
2023-10-28T01:30:00Z,68.2,1394.1
2023-10-28T02:00:00Z,71.15,1277.7
2023-10-28T02:30:00Z,63.779999999999994,1350.4
2023-10-28T03:00:00Z,68.78,1282.6
2023-10-28T03:30:00Z,73.22,1511.35
2023-10-28T04:00:00Z,74.51,1280.8
2023-10-28T04:30:00Z,85.19,1314.2
2023-10-28T05:00:00Z,90.51999999999998,1500.5
2023-10-28T05:30:00Z,95.25,1963.8
2023-10-28T06:00:00Z,98.32,2195.75
2023-10-28T06:30:00Z,114.58,2006.25
2023-10-28T07:00:00Z,114.42,1913.85
2023-10-28T07:30:00Z,124.89,1896.15
2023-10-28T08:00:00Z,128.99,2002.1
2023-10-28T08:30:00Z,128.31,1971.35
2023-10-28T09:00:00Z,126.72,1541.0
2023-10-28T09:30:00Z,126.44,1692.3
2023-10-28T10:00:00Z,119.98,1548.15
2023-10-28T10:30:00Z,119.88,1432.2
2023-10-28T11:00:00Z,122.12,1660.15
2023-10-28T11:30:00Z,122.95,1710.9
2023-10-28T12:00:00Z,125.23,2034.05
2023-10-28T12:30:00Z,125.67,1945.9
2023-10-28T13:00:00Z,124.87,1552.65
2023-10-28T13:30:00Z,123.91,1694.05
2023-10-28T14:00:00Z,129.39,2051.85
2023-10-28T14:30:00Z,131.84,1754.35
2023-10-28T15:00:00Z,132.28,1829.5
2023-10-28T15:30:00Z,134.19,1624.3
2023-10-28T16:00:00Z,139.11,1432.75
2023-10-28T16:30:00Z,141.48,1429.95
2023-10-28T17:00:00Z,142.38,1717.3
2023-10-28T17:30:00Z,140.11,1677.95
2023-10-28T18:00:00Z,117.62,1946.05
2023-10-28T18:30:00Z,105.38000000000001,1830.35
2023-10-28T19:00:00Z,106.43,1919.4
2023-10-28T19:30:00Z,99.44,2328.15
2023-10-28T20:00:00Z,95.01,2077.85
2023-10-28T20:30:00Z,89.5,1657.65
2023-10-28T21:00:00Z,91.43,1932.5
2023-10-28T21:30:00Z,46.35,2242.05
2023-10-28T22:00:00Z,57.19,899.65
2023-10-28T22:30:00Z,37.86,1116.0
2023-10-28T23:00:00Z,35.3,1192.15
2023-10-28T23:30:00Z,29.33,949.6
2023-10-29T00:00:00Z,32.24,1018.45
2023-10-29T00:30:00Z,48.19,1009.55
2023-10-29T01:00:00Z,23.84,946.7
2023-10-29T01:30:00Z,15.969999999999999,1038.2
2023-10-29T02:00:00Z,10.97,1014.45
2023-10-29T02:30:00Z,3.65,929.55
2023-10-29T03:00:00Z,4.15,970.7
2023-10-29T03:30:00Z,15.62,1236.75
2023-10-29T04:00:00Z,10.6,1211.8
2023-10-29T04:30:00Z,4.52,1318.9
2023-10-29T05:00:00Z,-2.91,1534.8
2023-10-29T05:30:00Z,-5.27,1664.8
2023-10-29T06:00:00Z,-1.29,1222.3
2023-10-29T06:30:00Z,5.44,1373.1
2023-10-29T07:00:00Z,2.14,1630.15
2023-10-29T07:30:00Z,29.24,1534.45
2023-10-29T08:00:00Z,14.35,1479.1
2023-10-29T08:30:00Z,60.24000000000001,1633.25
2023-10-29T09:00:00Z,80.52,1389.35
2023-10-29T09:30:00Z,90.1,1250.3
2023-10-29T10:00:00Z,100.55,1302.5
2023-10-29T10:30:00Z,102.48000000000002,1398.2
2023-10-29T11:00:00Z,125.22,1576.3
2023-10-29T11:30:00Z,127.17,1740.35
2023-10-29T12:00:00Z,128.13,1535.0
2023-10-29T12:30:00Z,128.88,1630.5
2023-10-29T13:00:00Z,131.33,2023.8
2023-10-29T13:30:00Z,130.7,2109.0
2023-10-29T14:00:00Z,126.33,1768.4
2023-10-29T14:30:00Z,112.97,2063.85
2023-10-29T15:00:00Z,83.37,1861.6
2023-10-29T15:30:00Z,79.55,2326.45
2023-10-29T16:00:00Z,89.95,1623.7
2023-10-29T16:30:00Z,108.50000000000001,1779.15
2023-10-29T17:00:00Z,112.51,2161.75
2023-10-29T17:30:00Z,121.37000000000002,2805.4
2023-10-29T18:00:00Z,114.97,2200.55
2023-10-29T18:30:00Z,101.08,2391.45
2023-10-29T19:00:00Z,72.88,2116.3
2023-10-29T19:30:00Z,79.57,2440.2
2023-10-29T20:00:00Z,78.68,1741.0
2023-10-29T20:30:00Z,60.160000000000004,1763.95
2023-10-29T21:00:00Z,41.17,1861.5
2023-10-29T21:30:00Z,28.04,1881.75
2023-10-29T22:00:00Z,25.46,2334.15
2023-10-29T22:30:00Z,16.24,2426.15
2023-10-29T23:00:00Z,-0.11,1123.15
2023-10-29T23:30:00Z,-10.49,952.85
2023-10-30T00:00:00Z,-17.34,1052.45
2023-10-30T00:30:00Z,-7.97,1359.6
2023-10-30T01:00:00Z,6.12,1219.85
2023-10-30T01:30:00Z,-5.23,1136.8
2023-10-30T02:00:00Z,4.65,1311.1
2023-10-30T02:30:00Z,2.41,1296.8
2023-10-30T03:00:00Z,24.61,1033.0
2023-10-30T03:30:00Z,52.91,1293.15
2023-10-30T04:00:00Z,41.66,1479.65
2023-10-30T04:30:00Z,42.93,1891.0
2023-10-30T05:00:00Z,69.77,1591.85
2023-10-30T05:30:00Z,74.61,1774.35
2023-10-30T06:00:00Z,107.65,1362.75
2023-10-30T06:30:00Z,113.29,1817.25
2023-10-30T07:00:00Z,101.26,1925.45
2023-10-30T07:30:00Z,116.64,2129.4
2023-10-30T08:00:00Z,97.22,2103.4
2023-10-30T08:30:00Z,99.16,2226.15
2023-10-30T09:00:00Z,95.69,2198.7
2023-10-30T09:30:00Z,99.87,2650.0
2023-10-30T10:00:00Z,106.49,2185.5
2023-10-30T10:30:00Z,103.97,2516.55
2023-10-30T11:00:00Z,114.36,2099.2
2023-10-30T11:30:00Z,112.8,2291.9
2023-10-30T12:00:00Z,115.79,1918.0
2023-10-30T12:30:00Z,114.91,2117.55
2023-10-30T13:00:00Z,125.06,2314.85
2023-10-30T13:30:00Z,122.42,2477.5
2023-10-30T14:00:00Z,134.46,2571.35
2023-10-30T14:30:00Z,127.11,2596.35
2023-10-30T15:00:00Z,142.83,2292.25
2023-10-30T15:30:00Z,154.09,2778.1
2023-10-30T16:00:00Z,153.62,1914.3
2023-10-30T16:30:00Z,164.18,2449.5
2023-10-30T17:00:00Z,160.41,2388.25
2023-10-30T17:30:00Z,157.02,2518.7
2023-10-30T18:00:00Z,155.06,2581.75
2023-10-30T18:30:00Z,138.69,2835.3
2023-10-30T19:00:00Z,115.73000000000002,2449.95
2023-10-30T19:30:00Z,108.6,2153.05
2023-10-30T20:00:00Z,99.82,2527.1
2023-10-30T20:30:00Z,104.77000000000001,2796.8
2023-10-30T21:00:00Z,107.82,1707.85
2023-10-30T21:30:00Z,97.71,1936.4
2023-10-30T22:00:00Z,90.99,1816.8
2023-10-30T22:30:00Z,94.15,2679.95
2023-10-30T23:00:00Z,72.84,1288.9
2023-10-30T23:30:00Z,81.08,1469.55
2023-10-31T00:00:00Z,74.66,1490.3
2023-10-31T00:30:00Z,83.94,1603.6
2023-10-31T01:00:00Z,86.52,1655.3
2023-10-31T01:30:00Z,77.88,1571.25
2023-10-31T02:00:00Z,75.71,1742.1
2023-10-31T02:30:00Z,78.53,2064.2
2023-10-31T03:00:00Z,68.17,1271.4
2023-10-31T03:30:00Z,65.83,1384.6
2023-10-31T04:00:00Z,66.64,1328.3
2023-10-31T04:30:00Z,66.01,1262.1
2023-10-31T05:00:00Z,85.01,1653.4
2023-10-31T05:30:00Z,84.32,1726.85
2023-10-31T06:00:00Z,97.56,1936.7
2023-10-31T06:30:00Z,103.8,2145.05
2023-10-31T07:00:00Z,107.39,1817.7
2023-10-31T07:30:00Z,119.94,1887.05
2023-10-31T08:00:00Z,90.3,1160.85
2023-10-31T08:30:00Z,98.55,1615.8
2023-10-31T09:00:00Z,104.9,1290.15
2023-10-31T09:30:00Z,91.47,1409.4
2023-10-31T10:00:00Z,85.97,1672.45
2023-10-31T10:30:00Z,89.86,2221.8
2023-10-31T11:00:00Z,84.94,1556.7
2023-10-31T11:30:00Z,83.81,1388.25
2023-10-31T12:00:00Z,85.86,1841.75
2023-10-31T12:30:00Z,96.19,2079.1
2023-10-31T13:00:00Z,94.07,2226.2
2023-10-31T13:30:00Z,87.73,2097.2
2023-10-31T14:00:00Z,92.20999999999998,1797.6
2023-10-31T14:30:00Z,98.37,2321.9
2023-10-31T15:00:00Z,95.4,2010.8
2023-10-31T15:30:00Z,100.21,1996.8
2023-10-31T16:00:00Z,109.64,1710.45
2023-10-31T16:30:00Z,122.69999999999999,2221.7
2023-10-31T17:00:00Z,119.83,3050.35
2023-10-31T17:30:00Z,110.33999999999999,3119.25
2023-10-31T18:00:00Z,102.03000000000002,2636.25
2023-10-31T18:30:00Z,95.0,2872.9
2023-10-31T19:00:00Z,85.94,2034.45
2023-10-31T19:30:00Z,93.67,2369.15
2023-10-31T20:00:00Z,95.8,2161.1
2023-10-31T20:30:00Z,88.97,2036.9
2023-10-31T21:00:00Z,101.95,1858.15
2023-10-31T21:30:00Z,108.9,2041.35
2023-10-31T22:00:00Z,108.97,2240.65
2023-10-31T22:30:00Z,104.16,2487.6
2023-10-31T23:00:00Z,106.66,1927.95
2023-10-31T23:30:00Z,100.55,1934.55
2023-11-01T00:00:00Z,87.82,2087.7
2023-11-01T00:30:00Z,92.17,1981.45
2023-11-01T01:00:00Z,96.29999999999998,1502.75
2023-11-01T01:30:00Z,86.94,1652.45
2023-11-01T02:00:00Z,85.02,1714.2
2023-11-01T02:30:00Z,63.88,1915.8
2023-11-01T03:00:00Z,76.92,1939.0
2023-11-01T03:30:00Z,70.64,2185.65
2023-11-01T04:00:00Z,69.92,2435.7
2023-11-01T04:30:00Z,49.85,2448.7
2023-11-01T05:00:00Z,54.67,2225.3
2023-11-01T05:30:00Z,54.07,2144.3
2023-11-01T06:00:00Z,62.089999999999996,2287.45
2023-11-01T06:30:00Z,98.01,2625.4
2023-11-01T07:00:00Z,61.440000000000005,1802.45
2023-11-01T07:30:00Z,90.37,2004.35
2023-11-01T08:00:00Z,89.94,2173.7
2023-11-01T08:30:00Z,84.42,2058.8
2023-11-01T09:00:00Z,78.66,2094.1
2023-11-01T09:30:00Z,82.04,2230.75
2023-11-01T10:00:00Z,67.37,2523.75
2023-11-01T10:30:00Z,59.69,2457.35
2023-11-01T11:00:00Z,50.84,2281.2
2023-11-01T11:30:00Z,58.54,2194.85
2023-11-01T12:00:00Z,78.4,2592.45
2023-11-01T12:30:00Z,76.02,2638.85
2023-11-01T13:00:00Z,76.37,2515.55
2023-11-01T13:30:00Z,75.72,3013.1
2023-11-01T14:00:00Z,79.04,2519.35
2023-11-01T14:30:00Z,76.15,2528.3
2023-11-01T15:00:00Z,55.42,2191.4
2023-11-01T15:30:00Z,46.1,2005.8
2023-11-01T16:00:00Z,52.85,3204.0
2023-11-01T16:30:00Z,70.74,3714.5
2023-11-01T17:00:00Z,81.79,3418.55
2023-11-01T17:30:00Z,93.93,2970.25
2023-11-01T18:00:00Z,87.51,2946.7
2023-11-01T18:30:00Z,80.14,2873.9
2023-11-01T19:00:00Z,89.03,2677.1
2023-11-01T19:30:00Z,85.6,2440.6
2023-11-01T20:00:00Z,78.28,2547.0
2023-11-01T20:30:00Z,80.78,2985.35
2023-11-01T21:00:00Z,93.05,2242.7
2023-11-01T21:30:00Z,91.75,2148.3
2023-11-01T22:00:00Z,77.34,2022.85
2023-11-01T22:30:00Z,40.03,2138.85
2023-11-01T23:00:00Z,20.44,1138.9
2023-11-01T23:30:00Z,25.91,1217.65
2023-11-02T00:00:00Z,58.92,1368.5
2023-11-02T00:30:00Z,58.18,1638.55
2023-11-02T01:00:00Z,70.83,2095.2
2023-11-02T01:30:00Z,47.34,2408.75
2023-11-02T02:00:00Z,47.8,2446.55
2023-11-02T02:30:00Z,25.21,2208.75
2023-11-02T03:00:00Z,16.32,1584.9
2023-11-02T03:30:00Z,2.6300000000000003,1725.7
2023-11-02T04:00:00Z,12.8,1863.5
2023-11-02T04:30:00Z,7.81,1633.35
2023-11-02T05:00:00Z,3.83,1503.55
2023-11-02T05:30:00Z,29.07,1581.7
2023-11-02T06:00:00Z,48.82,1703.35
2023-11-02T06:30:00Z,75.94,1322.7
2023-11-02T07:00:00Z,98.7,1426.8
2023-11-02T07:30:00Z,104.17,1643.55
2023-11-02T08:00:00Z,111.53,1504.6
2023-11-02T08:30:00Z,107.61,1937.85
2023-11-02T09:00:00Z,106.29,2515.15
2023-11-02T09:30:00Z,105.91,2878.2
2023-11-02T10:00:00Z,102.95999999999998,2816.05
2023-11-02T10:30:00Z,103.41000000000001,3204.0
2023-11-02T11:00:00Z,91.49,3424.6
2023-11-02T11:30:00Z,98.2,3765.9
2023-11-02T12:00:00Z,107.95,3837.65
2023-11-02T12:30:00Z,111.56,4334.3
2023-11-02T13:00:00Z,100.36,3845.0
2023-11-02T13:30:00Z,99.39,3791.85
2023-11-02T14:00:00Z,99.13,3721.4
2023-11-02T14:30:00Z,98.5,3507.65
2023-11-02T15:00:00Z,94.02,3020.95
2023-11-02T15:30:00Z,95.11000000000001,2821.25
2023-11-02T16:00:00Z,95.71000000000001,3011.2
2023-11-02T16:30:00Z,95.07,3242.05
2023-11-02T17:00:00Z,95.56,3309.05
2023-11-02T17:30:00Z,98.68,3723.15
2023-11-02T18:00:00Z,99.45,3440.2
2023-11-02T18:30:00Z,90.29999999999998,3736.8
2023-11-02T19:00:00Z,105.53000000000002,2704.55
2023-11-02T19:30:00Z,106.39999999999999,2687.7
2023-11-02T20:00:00Z,98.4,2190.9
2023-11-02T20:30:00Z,99.43,2336.15
2023-11-02T21:00:00Z,86.99,2063.2
2023-11-02T21:30:00Z,74.68,2080.2
2023-11-02T22:00:00Z,61.91,2468.75
2023-11-02T22:30:00Z,14.21,2728.65
2023-11-02T23:00:00Z,24.6,1793.95
2023-11-02T23:30:00Z,5.840000000000001,1789.95
2023-11-03T00:00:00Z,2.92,1557.2
2023-11-03T00:30:00Z,1.97,1796.5
2023-11-03T01:00:00Z,2.7999999999999994,1556.1
2023-11-03T01:30:00Z,1.18,1668.0
2023-11-03T02:00:00Z,4.53,1363.25
2023-11-03T02:30:00Z,2.62,1425.45
2023-11-03T03:00:00Z,43.21,1471.85
2023-11-03T03:30:00Z,22.96,1473.3
2023-11-03T04:00:00Z,14.439999999999998,1413.0
2023-11-03T04:30:00Z,15.610000000000001,1476.25
2023-11-03T05:00:00Z,87.95,1261.85
2023-11-03T05:30:00Z,86.2,1597.9
2023-11-03T06:00:00Z,93.56000000000002,1751.4
2023-11-03T06:30:00Z,99.67,2110.1
2023-11-03T07:00:00Z,97.14,1986.5
2023-11-03T07:30:00Z,111.4,1874.15
2023-11-03T08:00:00Z,99.5,1566.75
2023-11-03T08:30:00Z,104.2,1879.2
2023-11-03T09:00:00Z,108.23,1662.3
2023-11-03T09:30:00Z,110.2,1800.9
2023-11-03T10:00:00Z,96.42,2237.3
2023-11-03T10:30:00Z,85.99,2258.5
2023-11-03T11:00:00Z,97.73,2551.15
2023-11-03T11:30:00Z,104.78,3024.2
2023-11-03T12:00:00Z,101.15,2353.85
2023-11-03T12:30:00Z,100.78,2390.0
2023-11-03T13:00:00Z,99.34,2698.0
2023-11-03T13:30:00Z,98.88,2874.05
2023-11-03T14:00:00Z,103.58,2916.8
2023-11-03T14:30:00Z,102.6,3484.45
2023-11-03T15:00:00Z,112.74,2161.35
2023-11-03T15:30:00Z,109.97,2375.85
2023-11-03T16:00:00Z,107.84,2490.05
2023-11-03T16:30:00Z,121.84999999999998,2615.25
2023-11-03T17:00:00Z,117.35,2462.45
2023-11-03T17:30:00Z,119.20000000000002,2604.35
2023-11-03T18:00:00Z,120.34,3214.85
2023-11-03T18:30:00Z,122.03,3228.1
2023-11-03T19:00:00Z,97.71,2958.25
2023-11-03T19:30:00Z,99.13000000000001,2949.55
2023-11-03T20:00:00Z,105.9,2775.65
2023-11-03T20:30:00Z,105.84000000000002,2620.45
2023-11-03T21:00:00Z,95.97,3005.3
2023-11-03T21:30:00Z,90.31,2733.5
2023-11-03T22:00:00Z,85.88,2570.8
2023-11-03T22:30:00Z,81.73,3192.55
2023-11-03T23:00:00Z,85.66,1129.1
2023-11-03T23:30:00Z,78.58,1089.65
2023-11-04T00:00:00Z,69.5,1082.7
2023-11-04T00:30:00Z,89.36,1090.75
2023-11-04T01:00:00Z,98.31,1103.75
2023-11-04T01:30:00Z,90.0,1065.25
2023-11-04T02:00:00Z,84.16,1073.0
2023-11-04T02:30:00Z,84.81,1069.45
2023-11-04T03:00:00Z,97.01,1092.35
2023-11-04T03:30:00Z,90.27,1365.15
2023-11-04T04:00:00Z,84.92,975.05
2023-11-04T04:30:00Z,94.14,1183.2
2023-11-04T05:00:00Z,92.41,1173.15
2023-11-04T05:30:00Z,81.2,1280.8
2023-11-04T06:00:00Z,82.86,1301.8
2023-11-04T06:30:00Z,106.57,1683.25
2023-11-04T07:00:00Z,128.02,2677.7
2023-11-04T07:30:00Z,117.47999999999999,3020.65
2023-11-04T08:00:00Z,114.34,3144.5
2023-11-04T08:30:00Z,118.7,2878.7
2023-11-04T09:00:00Z,122.48,2803.2
2023-11-04T09:30:00Z,121.39,2924.4
2023-11-04T10:00:00Z,119.2,2942.5
2023-11-04T10:30:00Z,116.09,3012.1
2023-11-04T11:00:00Z,107.79,2468.8
2023-11-04T11:30:00Z,111.79,3012.35
2023-11-04T12:00:00Z,116.83999999999999,2673.05
2023-11-04T12:30:00Z,114.34000000000002,3074.0
2023-11-04T13:00:00Z,105.95,3203.6
2023-11-04T13:30:00Z,100.54,3486.5
2023-11-04T14:00:00Z,100.37,3400.4
2023-11-04T14:30:00Z,97.82,3628.25
2023-11-04T15:00:00Z,90.57,2640.2
2023-11-04T15:30:00Z,90.15,3086.85
2023-11-04T16:00:00Z,95.03,3159.65
2023-11-04T16:30:00Z,112.06000000000002,3094.1
2023-11-04T17:00:00Z,121.98,2681.0
2023-11-04T17:30:00Z,123.98,2418.2
2023-11-04T18:00:00Z,117.33,2752.65
2023-11-04T18:30:00Z,110.67,3097.4
2023-11-04T19:00:00Z,111.73,2519.4
2023-11-04T19:30:00Z,117.43,2682.2
2023-11-04T20:00:00Z,113.46999999999998,2716.05
2023-11-04T20:30:00Z,113.29,2835.7
2023-11-04T21:00:00Z,106.71,2765.45
2023-11-04T21:30:00Z,96.55,2792.75
2023-11-04T22:00:00Z,87.98,3210.1
2023-11-04T22:30:00Z,94.38,3877.7
2023-11-04T23:00:00Z,93.06,1809.1
2023-11-04T23:30:00Z,92.35,1651.85
2023-11-05T00:00:00Z,93.45,1342.2
2023-11-05T00:30:00Z,101.14,1259.05
2023-11-05T01:00:00Z,93.36,1302.3
2023-11-05T01:30:00Z,89.47,1203.3
2023-11-05T02:00:00Z,92.98,1194.0
2023-11-05T02:30:00Z,90.54,1206.25
2023-11-05T03:00:00Z,98.41,1078.9
2023-11-05T03:30:00Z,100.55,951.7
2023-11-05T04:00:00Z,99.59,1005.65
2023-11-05T04:30:00Z,94.62,1027.45
2023-11-05T05:00:00Z,82.64,1250.2
2023-11-05T05:30:00Z,88.24,1387.05
2023-11-05T06:00:00Z,78.47,1449.4
2023-11-05T06:30:00Z,81.0,1608.4
2023-11-05T07:00:00Z,74.15,1466.65
2023-11-05T07:30:00Z,60.61,1431.9
2023-11-05T08:00:00Z,81.11,1498.45
2023-11-05T08:30:00Z,87.31,1548.9
2023-11-05T09:00:00Z,99.95,1716.15
2023-11-05T09:30:00Z,99.66,1497.6
2023-11-05T10:00:00Z,96.85,1623.25
2023-11-05T10:30:00Z,92.07,1736.7
2023-11-05T11:00:00Z,104.42,1563.95
2023-11-05T11:30:00Z,100.64,1609.6
2023-11-05T12:00:00Z,101.87,1738.6
2023-11-05T12:30:00Z,94.85000000000001,1639.95
2023-11-05T13:00:00Z,101.91,2006.4
2023-11-05T13:30:00Z,106.04,1785.15
2023-11-05T14:00:00Z,112.45,1478.5
2023-11-05T14:30:00Z,115.87,1718.3
2023-11-05T15:00:00Z,130.05,1610.1
2023-11-05T15:30:00Z,127.87,1763.15
2023-11-05T16:00:00Z,124.38,1578.6
2023-11-05T16:30:00Z,137.39,1275.7
2023-11-05T17:00:00Z,141.49,1637.15
2023-11-05T17:30:00Z,136.33,1521.0
2023-11-05T18:00:00Z,132.16,1803.85
2023-11-05T18:30:00Z,130.36,1765.6
2023-11-05T19:00:00Z,125.4,1521.45
2023-11-05T19:30:00Z,110.5,1783.2
2023-11-05T20:00:00Z,108.11000000000001,1582.5
2023-11-05T20:30:00Z,93.59,1748.75
2023-11-05T21:00:00Z,83.23,1690.75
2023-11-05T21:30:00Z,88.9,1743.65
2023-11-05T22:00:00Z,87.60999999999999,1899.6
2023-11-05T22:30:00Z,80.23,2206.3
2023-11-05T23:00:00Z,103.63,1418.0
2023-11-05T23:30:00Z,84.37,1308.45
2023-11-06T00:00:00Z,80.62,1601.7
2023-11-06T00:30:00Z,76.62,1122.5
2023-11-06T01:00:00Z,63.0,1007.5
2023-11-06T01:30:00Z,59.83,1248.25
2023-11-06T02:00:00Z,37.46,1506.3
2023-11-06T02:30:00Z,42.919999999999995,1586.55
2023-11-06T03:00:00Z,49.25,1589.0
2023-11-06T03:30:00Z,43.95,1655.0
2023-11-06T04:00:00Z,42.27000000000001,1575.6
2023-11-06T04:30:00Z,41.14,1624.3
2023-11-06T05:00:00Z,68.01,1640.95
2023-11-06T05:30:00Z,64.41,1475.05
2023-11-06T06:00:00Z,81.05,2019.5
2023-11-06T06:30:00Z,85.88,2393.75
2023-11-06T07:00:00Z,111.32,2687.9
2023-11-06T07:30:00Z,122.08000000000001,3092.5
2023-11-06T08:00:00Z,103.28,2991.55
2023-11-06T08:30:00Z,104.34,2645.25
2023-11-06T09:00:00Z,92.6,1964.6
2023-11-06T09:30:00Z,83.02999999999999,1740.6
2023-11-06T10:00:00Z,82.73,2160.55
2023-11-06T10:30:00Z,81.07,2009.9
2023-11-06T11:00:00Z,73.3,2029.6
2023-11-06T11:30:00Z,69.92,2208.7
2023-11-06T12:00:00Z,69.37,2283.1
2023-11-06T12:30:00Z,69.96,2287.75
2023-11-06T13:00:00Z,80.03,2882.9
2023-11-06T13:30:00Z,72.91,3234.45
2023-11-06T14:00:00Z,76.13,2970.05
2023-11-06T14:30:00Z,72.22,2770.8
2023-11-06T15:00:00Z,84.43,2521.85
2023-11-06T15:30:00Z,98.19,2688.95
2023-11-06T16:00:00Z,112.57,3259.4
2023-11-06T16:30:00Z,123.79999999999998,3703.7
2023-11-06T17:00:00Z,126.24,3296.8
2023-11-06T17:30:00Z,129.68,3224.0
2023-11-06T18:00:00Z,116.82999999999998,2816.75
2023-11-06T18:30:00Z,109.05,2647.9
2023-11-06T19:00:00Z,85.01,2175.85
2023-11-06T19:30:00Z,82.22,2122.15
2023-11-06T20:00:00Z,74.19,2163.25
2023-11-06T20:30:00Z,77.73,2317.65
2023-11-06T21:00:00Z,82.05,2101.2
2023-11-06T21:30:00Z,90.37,2382.05
2023-11-06T22:00:00Z,79.61,2092.3
2023-11-06T22:30:00Z,72.33,1907.9
2023-11-06T23:00:00Z,59.13,1029.8
2023-11-06T23:30:00Z,54.6,1154.9
2023-11-07T00:00:00Z,52.2,1174.05
2023-11-07T00:30:00Z,54.79,1137.6
2023-11-07T01:00:00Z,61.4,1191.15
2023-11-07T01:30:00Z,55.64,1521.9
2023-11-07T02:00:00Z,46.97,1164.8
2023-11-07T02:30:00Z,46.8,1348.8
2023-11-07T03:00:00Z,74.75,1142.9
2023-11-07T03:30:00Z,66.8,1348.45
2023-11-07T04:00:00Z,66.62,1572.35
2023-11-07T04:30:00Z,61.25,1507.95
2023-11-07T05:00:00Z,91.26,1233.65
2023-11-07T05:30:00Z,74.79,1333.05
2023-11-07T06:00:00Z,102.49,1552.45
2023-11-07T06:30:00Z,96.99,1955.6
2023-11-07T07:00:00Z,101.68,2125.6
2023-11-07T07:30:00Z,118.03,2209.6
2023-11-07T08:00:00Z,96.6,1779.7
2023-11-07T08:30:00Z,94.16,2035.8
2023-11-07T09:00:00Z,78.23999999999998,1796.25
2023-11-07T09:30:00Z,71.37,1931.5
2023-11-07T10:00:00Z,80.92,2426.85
2023-11-07T10:30:00Z,76.65,2446.25
2023-11-07T11:00:00Z,74.43,3026.85
2023-11-07T11:30:00Z,78.33,2781.65
2023-11-07T12:00:00Z,74.7,3106.6
2023-11-07T12:30:00Z,77.18,2854.4
2023-11-07T13:00:00Z,90.29,2242.5
2023-11-07T13:30:00Z,88.38,3047.3
2023-11-07T14:00:00Z,97.68,2877.1
2023-11-07T14:30:00Z,92.75,3350.8
2023-11-07T15:00:00Z,103.34,2463.9
2023-11-07T15:30:00Z,102.89,2700.8
2023-11-07T16:00:00Z,99.56,2496.0
2023-11-07T16:30:00Z,129.24,2887.45
2023-11-07T17:00:00Z,130.82,2772.35
2023-11-07T17:30:00Z,126.33,2867.05
2023-11-07T18:00:00Z,120.16,2880.7
2023-11-07T18:30:00Z,115.71999999999998,2863.65
2023-11-07T19:00:00Z,91.62,2012.6
2023-11-07T19:30:00Z,92.18,3113.2
2023-11-07T20:00:00Z,106.29,2541.6
2023-11-07T20:30:00Z,100.74000000000001,2736.75
2023-11-07T21:00:00Z,89.92,2467.55
2023-11-07T21:30:00Z,90.7,2436.9
2023-11-07T22:00:00Z,87.4,2625.2
2023-11-07T22:30:00Z,87.33,2415.8
2023-11-07T23:00:00Z,99.39000000000001,1537.1
2023-11-07T23:30:00Z,97.88,1498.8
2023-11-08T00:00:00Z,86.69,1641.3
2023-11-08T00:30:00Z,87.38,1549.25
2023-11-08T01:00:00Z,79.42,1532.7
2023-11-08T01:30:00Z,82.17,1900.45
2023-11-08T02:00:00Z,97.0,1539.35
2023-11-08T02:30:00Z,85.35,1919.0
2023-11-08T03:00:00Z,87.13,1617.05
2023-11-08T03:30:00Z,66.62,1426.15
2023-11-08T04:00:00Z,81.02,1686.05
2023-11-08T04:30:00Z,69.36,2010.4
2023-11-08T05:00:00Z,92.68,1741.35
2023-11-08T05:30:00Z,81.25,1573.5
2023-11-08T06:00:00Z,95.73,1718.6
2023-11-08T06:30:00Z,101.06,2045.5
2023-11-08T07:00:00Z,78.33,2097.75
2023-11-08T07:30:00Z,101.78,1944.95
2023-11-08T08:00:00Z,75.12,1740.3
2023-11-08T08:30:00Z,76.94,2113.7
2023-11-08T09:00:00Z,55.28,2107.4
2023-11-08T09:30:00Z,65.86,2646.55
2023-11-08T10:00:00Z,76.38,2725.65
2023-11-08T10:30:00Z,75.87,2964.95
2023-11-08T11:00:00Z,77.18,2866.1
2023-11-08T11:30:00Z,81.55,3410.9
2023-11-08T12:00:00Z,72.9,3528.15
2023-11-08T12:30:00Z,78.85,3326.3
2023-11-08T13:00:00Z,77.63,3105.4
2023-11-08T13:30:00Z,59.77,3125.55
2023-11-08T14:00:00Z,83.27,3058.75
2023-11-08T14:30:00Z,73.3,3343.15
2023-11-08T15:00:00Z,89.53,2484.85
2023-11-08T15:30:00Z,90.78,2056.35
2023-11-08T16:00:00Z,97.7,2440.8
2023-11-08T16:30:00Z,109.68,2137.35
2023-11-08T17:00:00Z,110.56,2814.45
2023-11-08T17:30:00Z,124.82,2970.05
2023-11-08T18:00:00Z,118.52999999999999,2967.2
2023-11-08T18:30:00Z,110.3,3017.0
2023-11-08T19:00:00Z,114.06,2845.6
2023-11-08T19:30:00Z,103.91,2816.8
2023-11-08T20:00:00Z,100.48000000000002,2727.6
2023-11-08T20:30:00Z,94.89,2779.4
2023-11-08T21:00:00Z,91.54,2021.2
2023-11-08T21:30:00Z,95.55,2387.55
2023-11-08T22:00:00Z,95.15,1976.45
2023-11-08T22:30:00Z,93.26,2165.65
2023-11-08T23:00:00Z,101.30000000000001,1511.3
2023-11-08T23:30:00Z,89.1,1229.4
2023-11-09T00:00:00Z,83.95,1362.65
2023-11-09T00:30:00Z,77.87,1649.4
2023-11-09T01:00:00Z,79.43999999999998,1709.65
2023-11-09T01:30:00Z,68.31,1742.35
2023-11-09T02:00:00Z,83.38,1505.35
2023-11-09T02:30:00Z,66.07,1986.1
2023-11-09T03:00:00Z,61.19,1848.2
2023-11-09T03:30:00Z,50.019999999999996,1810.65
2023-11-09T04:00:00Z,52.67,1902.25
2023-11-09T04:30:00Z,36.55,1839.65
2023-11-09T05:00:00Z,71.37,1811.9
2023-11-09T05:30:00Z,42.72999999999999,1721.75
2023-11-09T06:00:00Z,86.68,2010.5
2023-11-09T06:30:00Z,101.51,2155.2
2023-11-09T07:00:00Z,99.64999999999999,2659.2
2023-11-09T07:30:00Z,106.13,2135.55
2023-11-09T08:00:00Z,88.47,1621.0
2023-11-09T08:30:00Z,91.33,1857.75
2023-11-09T09:00:00Z,71.46,2059.6
2023-11-09T09:30:00Z,68.4,2128.45
2023-11-09T10:00:00Z,73.78,2206.75
2023-11-09T10:30:00Z,80.96,2436.5
2023-11-09T11:00:00Z,73.48,2589.2
2023-11-09T11:30:00Z,74.5,2571.2
2023-11-09T12:00:00Z,80.36,2625.3
2023-11-09T12:30:00Z,74.05,2595.05
2023-11-09T13:00:00Z,77.2,2153.4
2023-11-09T13:30:00Z,73.41,2139.6
2023-11-09T14:00:00Z,74.75,2096.35
2023-11-09T14:30:00Z,77.21,2085.85
2023-11-09T15:00:00Z,86.37,2365.75
2023-11-09T15:30:00Z,110.76,2535.95
2023-11-09T16:00:00Z,97.6,2245.65
2023-11-09T16:30:00Z,106.13,2926.2
2023-11-09T17:00:00Z,113.17999999999999,2800.55
2023-11-09T17:30:00Z,120.78,3419.8
2023-11-09T18:00:00Z,98.48,3383.9
2023-11-09T18:30:00Z,97.97,3429.75
2023-11-09T19:00:00Z,100.3,3035.1
2023-11-09T19:30:00Z,102.49,3087.7
2023-11-09T20:00:00Z,95.17,2842.75
2023-11-09T20:30:00Z,92.68,2461.55
2023-11-09T21:00:00Z,100.13,2702.9
2023-11-09T21:30:00Z,89.36,2746.95
2023-11-09T22:00:00Z,86.26,2487.6
2023-11-09T22:30:00Z,86.57,2905.15
2023-11-09T23:00:00Z,94.64,1338.65
2023-11-09T23:30:00Z,90.51,1393.2
2023-11-10T00:00:00Z,70.28,1526.85
2023-11-10T00:30:00Z,78.04,1377.05
2023-11-10T01:00:00Z,61.34,1443.3
2023-11-10T01:30:00Z,59.650000000000006,1677.7
2023-11-10T02:00:00Z,64.06,1676.6
2023-11-10T02:30:00Z,60.42999999999999,1528.0
2023-11-10T03:00:00Z,51.73,1334.75
2023-11-10T03:30:00Z,52.24,1443.5
2023-11-10T04:00:00Z,51.99999999999999,1455.8
2023-11-10T04:30:00Z,59.31,1478.9
2023-11-10T05:00:00Z,69.3,1484.6
2023-11-10T05:30:00Z,66.4,1191.75
2023-11-10T06:00:00Z,87.93,1334.05
2023-11-10T06:30:00Z,82.33,1532.5
2023-11-10T07:00:00Z,81.42,1858.0
2023-11-10T07:30:00Z,106.48,1922.95
2023-11-10T08:00:00Z,117.15,1740.6
2023-11-10T08:30:00Z,118.44,2141.15
2023-11-10T09:00:00Z,120.75,1983.15
2023-11-10T09:30:00Z,117.07,2226.0
2023-11-10T10:00:00Z,117.17,2162.6
2023-11-10T10:30:00Z,116.22,1959.05
2023-11-10T11:00:00Z,108.47,2223.6
2023-11-10T11:30:00Z,103.83,2343.9
2023-11-10T12:00:00Z,105.2,2791.45
2023-11-10T12:30:00Z,100.17,2683.2
2023-11-10T13:00:00Z,99.22,3065.25
2023-11-10T13:30:00Z,91.53,2916.15
2023-11-10T14:00:00Z,101.4,2977.1
2023-11-10T14:30:00Z,92.62,2944.75
2023-11-10T15:00:00Z,92.55,2393.75
2023-11-10T15:30:00Z,95.47,2604.0
2023-11-10T16:00:00Z,89.71,2319.5
2023-11-10T16:30:00Z,99.30999999999999,3078.3
2023-11-10T17:00:00Z,104.58,2281.65
2023-11-10T17:30:00Z,103.06,2605.25
2023-11-10T18:00:00Z,100.61,2162.7
2023-11-10T18:30:00Z,95.42,2690.0
2023-11-10T19:00:00Z,86.42,2450.35
2023-11-10T19:30:00Z,82.7,2449.55
2023-11-10T20:00:00Z,85.22,2141.3
2023-11-10T20:30:00Z,91.98,2237.2
2023-11-10T21:00:00Z,92.24,2344.95
2023-11-10T21:30:00Z,83.81,2221.95
2023-11-10T22:00:00Z,74.81,2308.4
2023-11-10T22:30:00Z,80.77,2877.95
2023-11-10T23:00:00Z,70.1,1748.2
2023-11-10T23:30:00Z,67.91,1410.6
2023-11-11T00:00:00Z,76.14,1420.15
2023-11-11T00:30:00Z,86.88,1719.0
2023-11-11T01:00:00Z,74.07,1514.85
2023-11-11T01:30:00Z,70.06,1486.5
2023-11-11T02:00:00Z,66.28,1589.05
2023-11-11T02:30:00Z,60.59000000000001,1471.7
2023-11-11T03:00:00Z,54.98,1775.55
2023-11-11T03:30:00Z,58.39,1787.6
2023-11-11T04:00:00Z,52.7,1599.05
2023-11-11T04:30:00Z,59.13,1822.8
2023-11-11T05:00:00Z,65.89,1812.6
2023-11-11T05:30:00Z,68.65,1711.4
2023-11-11T06:00:00Z,63.21000000000001,1637.2
2023-11-11T06:30:00Z,58.15,2059.75
2023-11-11T07:00:00Z,80.53,2218.55
2023-11-11T07:30:00Z,0.0,0.0
2023-11-11T08:00:00Z,80.04,2048.7
2023-11-11T08:30:00Z,89.27,2052.55
2023-11-11T09:00:00Z,95.67,1984.45
2023-11-11T09:30:00Z,90.07,2158.6
2023-11-11T10:00:00Z,86.26,1842.3
2023-11-11T10:30:00Z,84.73,1867.35
2023-11-11T11:00:00Z,81.2,1688.05
2023-11-11T11:30:00Z,80.2,1807.85
2023-11-11T12:00:00Z,80.18999999999998,1772.05
2023-11-11T12:30:00Z,80.71999999999998,1642.25
2023-11-11T13:00:00Z,90.72,2028.35
2023-11-11T13:30:00Z,88.79,1622.1
2023-11-11T14:00:00Z,87.19,2134.85
2023-11-11T14:30:00Z,83.35,1953.85
2023-11-11T15:00:00Z,113.26,2229.2
2023-11-11T15:30:00Z,117.37000000000002,2328.3
2023-11-11T16:00:00Z,111.12999999999998,2435.4
2023-11-11T16:30:00Z,121.13,2159.15
2023-11-11T17:00:00Z,122.4,2194.95
2023-11-11T17:30:00Z,121.93,2108.8
2023-11-11T18:00:00Z,121.91,1919.4
2023-11-11T18:30:00Z,113.61,1986.15
2023-11-11T19:00:00Z,94.25,1797.3
2023-11-11T19:30:00Z,85.68,1359.8
2023-11-11T20:00:00Z,93.05,1417.3
2023-11-11T20:30:00Z,99.55,1509.95
2023-11-11T21:00:00Z,89.91,1333.1
2023-11-11T21:30:00Z,85.93,1397.95
2023-11-11T22:00:00Z,84.04,1334.9
2023-11-11T22:30:00Z,83.38,1769.0
2023-11-11T23:00:00Z,93.98,982.0
2023-11-11T23:30:00Z,81.16,711.45
2023-11-12T00:00:00Z,78.24,620.65
2023-11-12T00:30:00Z,86.21,646.95
2023-11-12T01:00:00Z,96.15,625.6
2023-11-12T01:30:00Z,88.39,738.0
2023-11-12T02:00:00Z,74.43,585.05
2023-11-12T02:30:00Z,76.1,854.25
2023-11-12T03:00:00Z,74.04,840.05
2023-11-12T03:30:00Z,74.49,864.2
2023-11-12T04:00:00Z,72.85,1267.5
2023-11-12T04:30:00Z,73.28,1007.7
2023-11-12T05:00:00Z,73.65,1031.05
2023-11-12T05:30:00Z,71.07,1042.25
2023-11-12T06:00:00Z,71.82,1173.5
2023-11-12T06:30:00Z,71.67,1166.2
2023-11-12T07:00:00Z,72.98,1320.55
2023-11-12T07:30:00Z,74.31,1414.3
2023-11-12T08:00:00Z,73.61,1455.55
2023-11-12T08:30:00Z,80.44,1613.9
2023-11-12T09:00:00Z,76.42,1291.4
2023-11-12T09:30:00Z,85.99,1297.6
2023-11-12T10:00:00Z,91.32999999999998,1454.15
2023-11-12T10:30:00Z,85.72,1364.9
2023-11-12T11:00:00Z,91.91,1537.35
2023-11-12T11:30:00Z,96.66999999999999,1429.85
2023-11-12T12:00:00Z,101.0,1426.75
2023-11-12T12:30:00Z,96.21,1406.75
2023-11-12T13:00:00Z,86.79,1295.9
2023-11-12T13:30:00Z,82.1,1435.35
2023-11-12T14:00:00Z,101.50000000000001,1450.95
2023-11-12T14:30:00Z,96.05000000000001,1459.85
2023-11-12T15:00:00Z,107.2,1372.9
2023-11-12T15:30:00Z,100.71,1414.15
2023-11-12T16:00:00Z,108.44,1668.8
2023-11-12T16:30:00Z,110.93,1993.6
2023-11-12T17:00:00Z,106.75,1750.8
2023-11-12T17:30:00Z,104.23,1688.25
2023-11-12T18:00:00Z,98.2,1770.6
2023-11-12T18:30:00Z,91.01,1714.55
2023-11-12T19:00:00Z,89.36,2006.5
2023-11-12T19:30:00Z,94.23,2213.65
2023-11-12T20:00:00Z,96.65,1815.0
2023-11-12T20:30:00Z,83.74,1872.65
2023-11-12T21:00:00Z,80.87,2029.7
2023-11-12T21:30:00Z,84.06,1715.05
2023-11-12T22:00:00Z,85.94000000000001,1612.3
2023-11-12T22:30:00Z,90.79,1691.9
2023-11-12T23:00:00Z,79.95,1393.1
2023-11-12T23:30:00Z,68.21,1436.5
2023-11-13T00:00:00Z,88.1,1791.7
2023-11-13T00:30:00Z,87.84,1883.15
2023-11-13T01:00:00Z,81.07999999999998,1647.35
2023-11-13T01:30:00Z,75.1,1999.55
2023-11-13T02:00:00Z,85.94000000000001,1820.7
2023-11-13T02:30:00Z,74.83,2206.9
2023-11-13T03:00:00Z,89.13,1369.85
2023-11-13T03:30:00Z,80.48,1304.45
2023-11-13T04:00:00Z,100.97,1503.55
2023-11-13T04:30:00Z,81.77000000000001,1834.75
2023-11-13T05:00:00Z,84.92,1944.0
2023-11-13T05:30:00Z,69.19,1916.0
2023-11-13T06:00:00Z,78.48,1731.35
2023-11-13T06:30:00Z,61.81,2029.75
2023-11-13T07:00:00Z,71.50000000000001,1936.95
2023-11-13T07:30:00Z,66.92,2037.15
2023-11-13T08:00:00Z,54.03,1921.4
2023-11-13T08:30:00Z,65.94,2001.25
2023-11-13T09:00:00Z,73.86,2059.45
2023-11-13T09:30:00Z,70.83,2390.85
2023-11-13T10:00:00Z,70.23,2567.5
2023-11-13T10:30:00Z,70.65,2363.05
2023-11-13T11:00:00Z,63.68,2118.3
2023-11-13T11:30:00Z,73.94,2355.35
2023-11-13T12:00:00Z,67.66,2100.2
2023-11-13T12:30:00Z,78.93,2369.15
2023-11-13T13:00:00Z,88.0,2110.3
2023-11-13T13:30:00Z,88.76,2155.05
2023-11-13T14:00:00Z,84.09,1979.75
2023-11-13T14:30:00Z,85.0,2423.55
2023-11-13T15:00:00Z,82.54,2359.85
2023-11-13T15:30:00Z,79.83,1913.9
2023-11-13T16:00:00Z,71.4,2226.15
2023-11-13T16:30:00Z,86.35,2402.55
2023-11-13T17:00:00Z,76.65,2432.95
2023-11-13T17:30:00Z,84.38,2567.45
2023-11-13T18:00:00Z,79.34,2792.65
2023-11-13T18:30:00Z,76.44,3141.4
2023-11-13T19:00:00Z,84.99,3231.3
2023-11-13T19:30:00Z,83.04,3062.0
2023-11-13T20:00:00Z,83.78,2755.45
2023-11-13T20:30:00Z,88.81,2549.75
2023-11-13T21:00:00Z,84.91,2373.9
2023-11-13T21:30:00Z,72.82,2177.1
2023-11-13T22:00:00Z,65.89,2612.65
2023-11-13T22:30:00Z,51.48,3293.45
2023-11-13T23:00:00Z,73.89,1242.1
2023-11-13T23:30:00Z,57.38,1489.4
2023-11-14T00:00:00Z,59.14999999999999,1248.9
2023-11-14T00:30:00Z,64.19,1283.5
2023-11-14T01:00:00Z,65.08,1121.65
2023-11-14T01:30:00Z,51.82,1354.9
2023-11-14T02:00:00Z,42.76,1136.65
2023-11-14T02:30:00Z,39.56,1248.8
2023-11-14T03:00:00Z,25.22,1142.4
2023-11-14T03:30:00Z,18.56,1238.15
2023-11-14T04:00:00Z,17.9,1160.8
2023-11-14T04:30:00Z,20.27,1099.25
2023-11-14T05:00:00Z,35.47,1342.6
2023-11-14T05:30:00Z,41.14,1107.35
2023-11-14T06:00:00Z,52.73,1704.65
2023-11-14T06:30:00Z,74.2,1689.9
2023-11-14T07:00:00Z,75.23,2078.85
2023-11-14T07:30:00Z,79.67000000000002,1949.9
2023-11-14T08:00:00Z,88.89,1993.35
2023-11-14T08:30:00Z,95.83,2024.7
2023-11-14T09:00:00Z,93.98,2073.8
2023-11-14T09:30:00Z,97.85,2362.9
2023-11-14T10:00:00Z,98.79,2052.35
2023-11-14T10:30:00Z,100.5,2141.6
2023-11-14T11:00:00Z,107.46000000000001,1874.2
2023-11-14T11:30:00Z,107.38,2000.5
2023-11-14T12:00:00Z,106.91,1814.8
2023-11-14T12:30:00Z,107.10999999999999,1815.1
2023-11-14T13:00:00Z,104.23,1968.15
2023-11-14T13:30:00Z,91.24000000000001,1847.4
2023-11-14T14:00:00Z,98.75,1902.45
2023-11-14T14:30:00Z,88.92,2031.15
2023-11-14T15:00:00Z,84.01000000000002,1791.1
2023-11-14T15:30:00Z,86.46,1825.2
2023-11-14T16:00:00Z,90.95,1614.1
2023-11-14T16:30:00Z,109.38,1824.85
2023-11-14T17:00:00Z,112.34999999999998,1919.8
2023-11-14T17:30:00Z,103.17,1973.6
2023-11-14T18:00:00Z,100.07,1919.95
2023-11-14T18:30:00Z,91.43,2373.8
2023-11-14T19:00:00Z,90.46,1389.25
2023-11-14T19:30:00Z,86.31,1335.35
2023-11-14T20:00:00Z,88.41,964.0
2023-11-14T20:30:00Z,88.48996354107327,877.7
2023-11-14T21:00:00Z,87.21,860.05
2023-11-14T21:30:00Z,86.33,861.85
2023-11-14T22:00:00Z,112.19,1604.15
2023-11-14T22:30:00Z,90.24,1631.5
2023-11-14T23:00:00Z,71.61,1308.45
2023-11-14T23:30:00Z,65.67,1115.4
2023-11-15T00:00:00Z,70.55,1455.9
2023-11-15T00:30:00Z,69.37,1463.45
2023-11-15T01:00:00Z,82.15,1644.3
2023-11-15T01:30:00Z,72.06,1762.55
2023-11-15T02:00:00Z,75.69,1771.7
2023-11-15T02:30:00Z,67.02,1914.35
2023-11-15T03:00:00Z,65.73,1499.3
2023-11-15T03:30:00Z,62.64,1737.9
2023-11-15T04:00:00Z,59.72,1753.75
2023-11-15T04:30:00Z,46.43,1974.55
2023-11-15T05:00:00Z,60.22,1649.75
2023-11-15T05:30:00Z,64.98,1899.1
2023-11-15T06:00:00Z,97.29,1673.5
2023-11-15T06:30:00Z,95.24,2547.8
2023-11-15T07:00:00Z,102.61,2298.75
2023-11-15T07:30:00Z,105.33,2511.75
2023-11-15T08:00:00Z,103.17,2409.4
2023-11-15T08:30:00Z,105.45,2473.2
2023-11-15T09:00:00Z,98.52,2341.05
2023-11-15T09:30:00Z,94.8,2762.1
2023-11-15T10:00:00Z,99.18,2718.15
2023-11-15T10:30:00Z,96.54,2953.15
2023-11-15T11:00:00Z,87.95,2057.65
2023-11-15T11:30:00Z,88.11,2743.5
2023-11-15T12:00:00Z,97.97,2310.45
2023-11-15T12:30:00Z,99.44,2220.95
2023-11-15T13:00:00Z,100.86,2222.9
2023-11-15T13:30:00Z,102.32,2371.1
2023-11-15T14:00:00Z,108.49,2161.3
2023-11-15T14:30:00Z,94.45,2547.65
2023-11-15T15:00:00Z,103.28000000000002,2698.75
2023-11-15T15:30:00Z,111.83,2296.4
2023-11-15T16:00:00Z,108.43,2281.1
2023-11-15T16:30:00Z,121.88000000000001,2727.65
2023-11-15T17:00:00Z,116.75,2254.15
2023-11-15T17:30:00Z,120.7,2329.65
2023-11-15T18:00:00Z,121.10999999999999,2175.2
2023-11-15T18:30:00Z,125.45,2376.45
2023-11-15T19:00:00Z,124.85,2775.7
2023-11-15T19:30:00Z,125.78000000000002,2876.0
2023-11-15T20:00:00Z,124.28000000000002,2999.45
2023-11-15T20:30:00Z,123.82,3150.3
2023-11-15T21:00:00Z,111.89,2945.1
2023-11-15T21:30:00Z,104.53000000000002,2647.35
2023-11-15T22:00:00Z,98.71999999999998,2863.5
2023-11-15T22:30:00Z,90.23,2787.35
2023-11-15T23:00:00Z,79.77,1577.8
2023-11-15T23:30:00Z,83.1,1297.0
2023-11-16T00:00:00Z,84.38,1313.0
2023-11-16T00:30:00Z,89.91,1205.5
2023-11-16T01:00:00Z,93.2,1334.6
2023-11-16T01:30:00Z,84.17,1179.15
2023-11-16T02:00:00Z,82.0,1162.25
2023-11-16T02:30:00Z,83.82,1443.25
2023-11-16T03:00:00Z,86.13,1104.65
2023-11-16T03:30:00Z,84.85,1309.5
2023-11-16T04:00:00Z,94.34,1479.2
2023-11-16T04:30:00Z,84.48,1381.3
2023-11-16T05:00:00Z,96.53,2022.15
2023-11-16T05:30:00Z,99.27,2008.05
2023-11-16T06:00:00Z,101.0,1996.3
2023-11-16T06:30:00Z,116.11,2044.4
2023-11-16T07:00:00Z,110.59000000000002,2718.5
2023-11-16T07:30:00Z,133.92,2157.15
2023-11-16T08:00:00Z,129.27,2222.05
2023-11-16T08:30:00Z,136.19,2361.5
2023-11-16T09:00:00Z,144.48,2380.85
2023-11-16T09:30:00Z,147.42,2188.5
2023-11-16T10:00:00Z,142.02,2484.0
2023-11-16T10:30:00Z,142.02,2582.45
2023-11-16T11:00:00Z,149.14,2169.15
2023-11-16T11:30:00Z,141.21,2695.35
2023-11-16T12:00:00Z,139.15,2484.6
2023-11-16T12:30:00Z,134.78,2489.75
2023-11-16T13:00:00Z,137.57,2546.6
2023-11-16T13:30:00Z,135.9,2920.0
2023-11-16T14:00:00Z,133.01,2906.2
2023-11-16T14:30:00Z,134.21,2813.55
2023-11-16T15:00:00Z,136.25,2980.0
2023-11-16T15:30:00Z,143.66,3191.05
2023-11-16T16:00:00Z,134.1,3104.35
2023-11-16T16:30:00Z,144.27,2896.55
2023-11-16T17:00:00Z,149.44,2252.05
2023-11-16T17:30:00Z,149.75,2458.1
2023-11-16T18:00:00Z,138.73,2372.3
2023-11-16T18:30:00Z,132.48,2467.1
2023-11-16T19:00:00Z,129.48,2101.6
2023-11-16T19:30:00Z,123.44,2567.5
2023-11-16T20:00:00Z,125.31,1938.4
2023-11-16T20:30:00Z,106.67,2361.55
2023-11-16T21:00:00Z,103.54,2515.75
2023-11-16T21:30:00Z,95.97,2390.95
2023-11-16T22:00:00Z,92.98,2279.45
2023-11-16T22:30:00Z,91.38,2282.85
2023-11-16T23:00:00Z,100.51,836.55
2023-11-16T23:30:00Z,84.68,814.85
2023-11-17T00:00:00Z,93.74000000000001,736.2
2023-11-17T00:30:00Z,90.24,824.65
2023-11-17T01:00:00Z,83.53,791.25
2023-11-17T01:30:00Z,78.97,965.65
2023-11-17T02:00:00Z,79.02,1231.3
2023-11-17T02:30:00Z,79.4,1171.7
2023-11-17T03:00:00Z,80.49,1138.0
2023-11-17T03:30:00Z,78.85,1167.3
2023-11-17T04:00:00Z,81.84,1483.85
2023-11-17T04:30:00Z,80.22,1363.9
2023-11-17T05:00:00Z,92.74,1239.55
2023-11-17T05:30:00Z,84.98,1447.35
2023-11-17T06:00:00Z,92.29,1325.95
2023-11-17T06:30:00Z,113.33,1668.35
2023-11-17T07:00:00Z,89.13,1655.0
2023-11-17T07:30:00Z,127.32,2028.85
2023-11-17T08:00:00Z,107.94999999999999,1622.05
2023-11-17T08:30:00Z,108.37,2024.65
2023-11-17T09:00:00Z,101.21000000000001,1745.25
2023-11-17T09:30:00Z,96.95,1568.6
2023-11-17T10:00:00Z,99.33,1847.25
2023-11-17T10:30:00Z,94.38,1857.2
2023-11-17T11:00:00Z,87.29,1781.0
2023-11-17T11:30:00Z,88.23,2131.2
2023-11-17T12:00:00Z,90.93,2339.2
2023-11-17T12:30:00Z,95.01,2692.2
2023-11-17T13:00:00Z,91.54,2195.7
2023-11-17T13:30:00Z,92.54,2074.0
2023-11-17T14:00:00Z,100.02,2347.6
2023-11-17T14:30:00Z,109.16,2740.1
2023-11-17T15:00:00Z,118.28000000000002,2331.05
2023-11-17T15:30:00Z,122.76,2228.4
2023-11-17T16:00:00Z,117.45,2353.05
2023-11-17T16:30:00Z,129.26,2830.0
2023-11-17T17:00:00Z,142.15,2419.1
2023-11-17T17:30:00Z,131.53,2889.9
2023-11-17T18:00:00Z,130.35,2923.55
2023-11-17T18:30:00Z,116.44,2476.95
2023-11-17T19:00:00Z,112.39,2165.95
2023-11-17T19:30:00Z,98.11,1406.55
2023-11-17T20:00:00Z,104.53,1695.8
2023-11-17T20:30:00Z,91.50000000000001,1795.95
2023-11-17T21:00:00Z,99.46,1808.1
2023-11-17T21:30:00Z,91.24000000000001,1759.9
2023-11-17T22:00:00Z,94.84,1780.55
2023-11-17T22:30:00Z,100.09,2558.85
2023-11-17T23:00:00Z,86.56,1206.3
2023-11-17T23:30:00Z,99.49,2161.25
2023-11-18T00:00:00Z,86.06,1285.7
2023-11-18T00:30:00Z,84.14,1353.7
2023-11-18T01:00:00Z,68.11,971.45
2023-11-18T01:30:00Z,60.28,1428.95
2023-11-18T02:00:00Z,68.49,1359.15
2023-11-18T02:30:00Z,59.81,1706.1
2023-11-18T03:00:00Z,81.21,1292.95
2023-11-18T03:30:00Z,60.45,1644.65
2023-11-18T04:00:00Z,77.73,1309.6
2023-11-18T04:30:00Z,53.959999999999994,1260.65
2023-11-18T05:00:00Z,53.45,1356.7
2023-11-18T05:30:00Z,48.53,1763.25
2023-11-18T06:00:00Z,55.15,1439.75
2023-11-18T06:30:00Z,76.6,1773.7
2023-11-18T07:00:00Z,77.1,1187.6
2023-11-18T07:30:00Z,97.23,1318.65
2023-11-18T08:00:00Z,78.09,1443.1
2023-11-18T08:30:00Z,99.47,1509.35
2023-11-18T09:00:00Z,87.25,1458.7
2023-11-18T09:30:00Z,97.31,1730.65
2023-11-18T10:00:00Z,98.66999999999999,1427.5
2023-11-18T10:30:00Z,105.69,1541.25
2023-11-18T11:00:00Z,109.10999999999999,1275.65
2023-11-18T11:30:00Z,99.17,1275.5
2023-11-18T12:00:00Z,96.27,1041.45
2023-11-18T12:30:00Z,95.56,1149.1
2023-11-18T13:00:00Z,99.71,1352.0
2023-11-18T13:30:00Z,101.61,1517.5
2023-11-18T14:00:00Z,95.46,1239.15
2023-11-18T14:30:00Z,81.83,1407.95
2023-11-18T15:00:00Z,79.43,1587.05
2023-11-18T15:30:00Z,78.87,1776.65
2023-11-18T16:00:00Z,86.02,1513.2
2023-11-18T16:30:00Z,110.24000000000001,1559.7
2023-11-18T17:00:00Z,117.56,1570.8
2023-11-18T17:30:00Z,116.36,1628.45
2023-11-18T18:00:00Z,108.01999999999998,1624.55
2023-11-18T18:30:00Z,100.75,1523.9
2023-11-18T19:00:00Z,98.81000000000002,1368.45
2023-11-18T19:30:00Z,98.22,1648.95
2023-11-18T20:00:00Z,94.82,1389.6
2023-11-18T20:30:00Z,99.01,1541.5
2023-11-18T21:00:00Z,88.76999999999998,1532.6
2023-11-18T21:30:00Z,37.0,1598.65
2023-11-18T22:00:00Z,43.72,1664.45
2023-11-18T22:30:00Z,16.83,1876.95
2023-11-18T23:00:00Z,19.09,1238.6
2023-11-18T23:30:00Z,3.28,1161.95
2023-11-19T00:00:00Z,-1.03,1062.4
2023-11-19T00:30:00Z,0.36,1277.05
2023-11-19T01:00:00Z,9.32,1354.0
2023-11-19T01:30:00Z,-3.69,1191.45
2023-11-19T02:00:00Z,-4.77,1029.6
2023-11-19T02:30:00Z,-3.07,1172.4
2023-11-19T03:00:00Z,-4.24,1096.75
2023-11-19T03:30:00Z,-1.17,1047.05
2023-11-19T04:00:00Z,-10.94,958.8
2023-11-19T04:30:00Z,-12.93,907.35
2023-11-19T05:00:00Z,-12.12,1137.4
2023-11-19T05:30:00Z,-11.56,1338.25
2023-11-19T06:00:00Z,-12.940000000000001,1452.45
2023-11-19T06:30:00Z,-6.7,1311.95
2023-11-19T07:00:00Z,5.95,1204.15
2023-11-19T07:30:00Z,19.48,1094.85
2023-11-19T08:00:00Z,-8.29,1105.95
2023-11-19T08:30:00Z,59.64,1551.9
2023-11-19T09:00:00Z,84.02,1258.4
2023-11-19T09:30:00Z,99.55,1445.4
2023-11-19T10:00:00Z,94.34,1373.05
2023-11-19T10:30:00Z,88.07,1706.25
2023-11-19T11:00:00Z,97.1,1209.1
2023-11-19T11:30:00Z,92.07,1197.75
2023-11-19T12:00:00Z,95.44,1155.7
2023-11-19T12:30:00Z,101.02,1122.35
2023-11-19T13:00:00Z,107.98000000000002,1269.5
2023-11-19T13:30:00Z,107.72999999999999,1264.5
2023-11-19T14:00:00Z,106.3,1343.35
2023-11-19T14:30:00Z,103.53,1454.5
2023-11-19T15:00:00Z,98.14,1348.6
2023-11-19T15:30:00Z,91.28,1052.05
2023-11-19T16:00:00Z,102.92,1321.85
2023-11-19T16:30:00Z,124.59,1468.95
2023-11-19T17:00:00Z,131.18,1284.5
2023-11-19T17:30:00Z,131.71,1194.55
2023-11-19T18:00:00Z,128.05,1343.4
2023-11-19T18:30:00Z,114.99000000000001,1407.85
2023-11-19T19:00:00Z,106.46,1557.1
2023-11-19T19:30:00Z,95.26,1253.65
2023-11-19T20:00:00Z,92.43,1410.4
2023-11-19T20:30:00Z,86.46,1343.9
2023-11-19T21:00:00Z,90.31,1350.9
2023-11-19T21:30:00Z,90.84,1256.9
2023-11-19T22:00:00Z,87.84,1400.4
2023-11-19T22:30:00Z,72.93,1460.65
2023-11-19T23:00:00Z,69.67,908.2
2023-11-19T23:30:00Z,62.46,902.5
2023-11-20T00:00:00Z,67.01,1321.65
2023-11-20T00:30:00Z,71.94,1180.15
2023-11-20T01:00:00Z,58.1,1000.7
2023-11-20T01:30:00Z,66.56,1114.5
2023-11-20T02:00:00Z,73.58,1028.35
2023-11-20T02:30:00Z,70.48,1101.55
2023-11-20T03:00:00Z,74.89,1175.4
2023-11-20T03:30:00Z,69.18,1125.3
2023-11-20T04:00:00Z,80.66,1100.15
2023-11-20T04:30:00Z,81.39,1270.5
2023-11-20T05:00:00Z,92.11,1447.2
2023-11-20T05:30:00Z,81.89,1481.05
2023-11-20T06:00:00Z,98.56,1519.85
2023-11-20T06:30:00Z,88.99,1805.7
2023-11-20T07:00:00Z,110.03,1484.9
2023-11-20T07:30:00Z,114.47,1558.2
2023-11-20T08:00:00Z,107.76,1404.0
2023-11-20T08:30:00Z,109.17,1595.6
2023-11-20T09:00:00Z,99.74,1475.9
2023-11-20T09:30:00Z,95.96,1871.8
2023-11-20T10:00:00Z,91.76,1722.25
2023-11-20T10:30:00Z,90.01,1759.85
2023-11-20T11:00:00Z,90.53,2024.9
2023-11-20T11:30:00Z,87.61,1987.95
2023-11-20T12:00:00Z,94.22,2102.95
2023-11-20T12:30:00Z,90.18,1927.1
2023-11-20T13:00:00Z,94.02,2031.3
2023-11-20T13:30:00Z,94.05,2274.55
2023-11-20T14:00:00Z,96.81,2103.95
2023-11-20T14:30:00Z,97.34,2218.8
2023-11-20T15:00:00Z,115.57,1690.4
2023-11-20T15:30:00Z,124.63,1586.05
2023-11-20T16:00:00Z,121.53,1515.0
2023-11-20T16:30:00Z,131.28,1882.9
2023-11-20T17:00:00Z,131.45,2554.95
2023-11-20T17:30:00Z,121.44999999999999,2712.55
2023-11-20T18:00:00Z,119.99,2699.45
2023-11-20T18:30:00Z,114.25999999999999,2936.75
2023-11-20T19:00:00Z,105.54,1930.8
2023-11-20T19:30:00Z,105.85,2059.9
2023-11-20T20:00:00Z,105.29,1677.35
2023-11-20T20:30:00Z,90.33,2354.15
2023-11-20T21:00:00Z,92.57,2226.2
2023-11-20T21:30:00Z,89.69,2217.7
2023-11-20T22:00:00Z,92.61,2564.6
2023-11-20T22:30:00Z,90.89,2858.35
2023-11-20T23:00:00Z,81.53,1315.5
2023-11-20T23:30:00Z,68.78,908.25
2023-11-21T00:00:00Z,80.15,1078.35
2023-11-21T00:30:00Z,92.44,1423.35
2023-11-21T01:00:00Z,84.19,1237.4
2023-11-21T01:30:00Z,79.45,1380.45
2023-11-21T02:00:00Z,80.61,1404.15
2023-11-21T02:30:00Z,82.64,1645.7
2023-11-21T03:00:00Z,74.61,1299.7
2023-11-21T03:30:00Z,68.8,1539.6
2023-11-21T04:00:00Z,74.03,1657.35
2023-11-21T04:30:00Z,73.08,1722.75
2023-11-21T05:00:00Z,97.34000000000002,1506.45
2023-11-21T05:30:00Z,86.48,1645.45
2023-11-21T06:00:00Z,109.72,1924.0
2023-11-21T06:30:00Z,92.58,2097.45
2023-11-21T07:00:00Z,90.53,1866.3
2023-11-21T07:30:00Z,118.06,2218.45
2023-11-21T08:00:00Z,107.67,1754.65
2023-11-21T08:30:00Z,107.03,1849.35
2023-11-21T09:00:00Z,93.17000000000002,1723.65
2023-11-21T09:30:00Z,90.31,2122.95
2023-11-21T10:00:00Z,91.0,1568.3
2023-11-21T10:30:00Z,92.49,2153.0
2023-11-21T11:00:00Z,102.47,2442.95
2023-11-21T11:30:00Z,91.94,2341.75
2023-11-21T12:00:00Z,91.01,2162.2
2023-11-21T12:30:00Z,96.39,1978.6
2023-11-21T13:00:00Z,93.01,1843.7
2023-11-21T13:30:00Z,91.6,1825.45
2023-11-21T14:00:00Z,91.77,1987.45
2023-11-21T14:30:00Z,96.21,1967.5
2023-11-21T15:00:00Z,102.14,2079.85
2023-11-21T15:30:00Z,117.88,1850.95
2023-11-21T16:00:00Z,111.11,1813.8
2023-11-21T16:30:00Z,117.38000000000001,2824.8
2023-11-21T17:00:00Z,110.83,2223.5
2023-11-21T17:30:00Z,107.05,1977.55
2023-11-21T18:00:00Z,112.61,2320.5
2023-11-21T18:30:00Z,111.16,2048.55
2023-11-21T19:00:00Z,107.48,1949.35
2023-11-21T19:30:00Z,106.54,1911.8
2023-11-21T20:00:00Z,102.27,1686.55
2023-11-21T20:30:00Z,100.42,2156.1
2023-11-21T21:00:00Z,95.79,1340.05
2023-11-21T21:30:00Z,91.09,1184.4
2023-11-21T22:00:00Z,94.32,1875.45
2023-11-21T22:30:00Z,94.15,2717.35
2023-11-21T23:00:00Z,90.52,1056.1
2023-11-21T23:30:00Z,94.24,1470.6
2023-11-22T00:00:00Z,68.73,1083.95
2023-11-22T00:30:00Z,73.04,1680.2
2023-11-22T01:00:00Z,100.69999999999999,1627.3
2023-11-22T01:30:00Z,83.09,1534.75
2023-11-22T02:00:00Z,81.66,1433.75
2023-11-22T02:30:00Z,76.38,1660.2
2023-11-22T03:00:00Z,70.02,1246.5
2023-11-22T03:30:00Z,63.46,1311.8
2023-11-22T04:00:00Z,59.39000000000001,1281.6
2023-11-22T04:30:00Z,59.07000000000001,1309.25
2023-11-22T05:00:00Z,80.65,1198.2
2023-11-22T05:30:00Z,66.88,1637.8
2023-11-22T06:00:00Z,71.77,1559.55
2023-11-22T06:30:00Z,87.47,2101.2
2023-11-22T07:00:00Z,101.21999999999998,1364.2
2023-11-22T07:30:00Z,110.67000000000002,1554.5
2023-11-22T08:00:00Z,107.10000000000001,1510.55
2023-11-22T08:30:00Z,100.32,1610.55
2023-11-22T09:00:00Z,94.1,1668.7
2023-11-22T09:30:00Z,90.4,1492.05
2023-11-22T10:00:00Z,93.73,1692.65
2023-11-22T10:30:00Z,101.84,1997.75
2023-11-22T11:00:00Z,94.77,2526.3
2023-11-22T11:30:00Z,87.55,2312.05
2023-11-22T12:00:00Z,95.34,2189.4
2023-11-22T12:30:00Z,89.89,2232.25
2023-11-22T13:00:00Z,92.94,2211.2
2023-11-22T13:30:00Z,91.53,2190.7
2023-11-22T14:00:00Z,85.88,2231.65
2023-11-22T14:30:00Z,86.33,2190.85
2023-11-22T15:00:00Z,96.32,1472.2
2023-11-22T15:30:00Z,105.66,2168.2
2023-11-22T16:00:00Z,97.76,1804.15
2023-11-22T16:30:00Z,110.26,2474.8
2023-11-22T17:00:00Z,103.27,2246.25
2023-11-22T17:30:00Z,105.62,2381.35
2023-11-22T18:00:00Z,108.27,2434.6
2023-11-22T18:30:00Z,108.69000000000001,2540.9
2023-11-22T19:00:00Z,94.09,2086.05
2023-11-22T19:30:00Z,102.40000000000002,1673.4
2023-11-22T20:00:00Z,96.55999999999999,2779.15
2023-11-22T20:30:00Z,99.04,2389.1
2023-11-22T21:00:00Z,90.48,1781.15
2023-11-22T21:30:00Z,59.26,1368.4
2023-11-22T22:00:00Z,77.67,1632.45
2023-11-22T22:30:00Z,59.940000000000005,2233.75
2023-11-22T23:00:00Z,63.58,1133.65
2023-11-22T23:30:00Z,36.62,1164.45
2023-11-23T00:00:00Z,29.39,1195.45
2023-11-23T00:30:00Z,30.19,1193.3
2023-11-23T01:00:00Z,23.38,1523.45
2023-11-23T01:30:00Z,17.12,1342.1
2023-11-23T02:00:00Z,24.19,1673.25
2023-11-23T02:30:00Z,22.81,1765.8
2023-11-23T03:00:00Z,49.49,1591.3
2023-11-23T03:30:00Z,57.72,1640.15
2023-11-23T04:00:00Z,39.5,1606.4
2023-11-23T04:30:00Z,37.56,1608.15
2023-11-23T05:00:00Z,43.25,1404.9
2023-11-23T05:30:00Z,57.87,1373.95
2023-11-23T06:00:00Z,83.91,1422.95
2023-11-23T06:30:00Z,106.15,1907.35
2023-11-23T07:00:00Z,116.07,1531.5
2023-11-23T07:30:00Z,123.34,1579.45
2023-11-23T08:00:00Z,117.93,1382.3
2023-11-23T08:30:00Z,118.04,1764.05
2023-11-23T09:00:00Z,107.24,1854.3
2023-11-23T09:30:00Z,102.18,2429.3
2023-11-23T10:00:00Z,100.35,2358.6
2023-11-23T10:30:00Z,87.8,2338.4
2023-11-23T11:00:00Z,61.66,1930.35
2023-11-23T11:30:00Z,51.17,2094.0
2023-11-23T12:00:00Z,50.77,1953.9
2023-11-23T12:30:00Z,39.94,2421.35
2023-11-23T13:00:00Z,63.41,2259.5
2023-11-23T13:30:00Z,62.09,2376.85
2023-11-23T14:00:00Z,63.62,2030.4
2023-11-23T14:30:00Z,70.02,2057.8
2023-11-23T15:00:00Z,91.04,2468.35
2023-11-23T15:30:00Z,96.29,2369.95
2023-11-23T16:00:00Z,108.14,1888.8
2023-11-23T16:30:00Z,122.33,2066.7
2023-11-23T17:00:00Z,117.98,2065.7
2023-11-23T17:30:00Z,117.78,1880.15
2023-11-23T18:00:00Z,116.25,1886.4
2023-11-23T18:30:00Z,112.67,1966.35
2023-11-23T19:00:00Z,96.0,1717.0
2023-11-23T19:30:00Z,83.35,2053.0
2023-11-23T20:00:00Z,72.29,1645.45
2023-11-23T20:30:00Z,61.25,1638.55
2023-11-23T21:00:00Z,50.42,1747.55
2023-11-23T21:30:00Z,23.77,1627.75
2023-11-23T22:00:00Z,40.03,1876.6
2023-11-23T22:30:00Z,17.84,2020.7
2023-11-23T23:00:00Z,24.92,1199.05
2023-11-23T23:30:00Z,-9.7,1084.15
2023-11-24T00:00:00Z,0.53,1290.6
2023-11-24T00:30:00Z,36.46,1379.9
2023-11-24T01:00:00Z,6.11,1083.95
2023-11-24T01:30:00Z,-7.29,1026.65
2023-11-24T02:00:00Z,-2.5,1186.65
2023-11-24T02:30:00Z,-14.589999999999998,1243.35
2023-11-24T03:00:00Z,-2.66,1166.05
2023-11-24T03:30:00Z,-9.24,1129.9
2023-11-24T04:00:00Z,-1.56,1232.15
2023-11-24T04:30:00Z,-1.84,1416.1
2023-11-24T05:00:00Z,11.15,1750.15
2023-11-24T05:30:00Z,66.7,2030.2
2023-11-24T06:00:00Z,54.62,1873.05
2023-11-24T06:30:00Z,95.14,1878.3
2023-11-24T07:00:00Z,96.65,1595.9
2023-11-24T07:30:00Z,109.07,1719.15
2023-11-24T08:00:00Z,106.02,1557.05
2023-11-24T08:30:00Z,109.58,1659.05
2023-11-24T09:00:00Z,110.84,1740.4
2023-11-24T09:30:00Z,105.87,1991.7
2023-11-24T10:00:00Z,102.16,1873.7
2023-11-24T10:30:00Z,99.13,2088.8
2023-11-24T11:00:00Z,91.36,1692.65
2023-11-24T11:30:00Z,98.98,1646.2
2023-11-24T12:00:00Z,105.89000000000001,1587.35
2023-11-24T12:30:00Z,97.4,1730.4
2023-11-24T13:00:00Z,89.98,2342.45
2023-11-24T13:30:00Z,88.91,2121.55
2023-11-24T14:00:00Z,86.23,2661.85
2023-11-24T14:30:00Z,84.46,2510.85
2023-11-24T15:00:00Z,95.88,2868.3
2023-11-24T15:30:00Z,116.6,2336.0
2023-11-24T16:00:00Z,114.05,2606.05
2023-11-24T16:30:00Z,123.6,3004.95
2023-11-24T17:00:00Z,136.47,2297.7
2023-11-24T17:30:00Z,137.32,2304.6
2023-11-24T18:00:00Z,136.98,2132.7
2023-11-24T18:30:00Z,135.16,2028.7
2023-11-24T19:00:00Z,129.26,1845.45
2023-11-24T19:30:00Z,126.21,1826.85
2023-11-24T20:00:00Z,131.12,1967.5
2023-11-24T20:30:00Z,123.77,2045.0
2023-11-24T21:00:00Z,123.51,1910.65
2023-11-24T21:30:00Z,120.68,1566.4
2023-11-24T22:00:00Z,112.11,1429.55
2023-11-24T22:30:00Z,111.71,1561.05
2023-11-24T23:00:00Z,84.85,1362.2
2023-11-24T23:30:00Z,76.83,1316.3
2023-11-25T00:00:00Z,88.59,1170.25
2023-11-25T00:30:00Z,84.87,1184.0
2023-11-25T01:00:00Z,73.32,896.5
2023-11-25T01:30:00Z,84.12,940.8
2023-11-25T02:00:00Z,76.89,937.85
2023-11-25T02:30:00Z,65.99,924.3
2023-11-25T03:00:00Z,75.54,1045.0
2023-11-25T03:30:00Z,74.1,996.75
2023-11-25T04:00:00Z,73.57,878.1
2023-11-25T04:30:00Z,71.73,908.75
2023-11-25T05:00:00Z,64.93,871.5
2023-11-25T05:30:00Z,65.01,795.8
2023-11-25T06:00:00Z,75.1,756.95
2023-11-25T06:30:00Z,71.92,832.9
2023-11-25T07:00:00Z,65.54,1466.25
2023-11-25T07:30:00Z,76.42,1460.7
2023-11-25T08:00:00Z,90.53,1703.65
2023-11-25T08:30:00Z,90.87,1427.45
2023-11-25T09:00:00Z,94.04,1676.25
2023-11-25T09:30:00Z,87.24999999999999,1528.15
2023-11-25T10:00:00Z,86.73,1623.95
2023-11-25T10:30:00Z,85.71,1737.8
2023-11-25T11:00:00Z,78.48,1496.75
2023-11-25T11:30:00Z,79.96,1486.4
2023-11-25T12:00:00Z,80.76,1660.0
2023-11-25T12:30:00Z,87.67,1564.4
2023-11-25T13:00:00Z,80.17,1278.35
2023-11-25T13:30:00Z,90.51,1693.75
2023-11-25T14:00:00Z,90.51,1655.15
2023-11-25T14:30:00Z,83.69,1755.4
2023-11-25T15:00:00Z,105.31,1963.15
2023-11-25T15:30:00Z,113.94999999999999,1754.2
2023-11-25T16:00:00Z,114.99,1584.45
2023-11-25T16:30:00Z,126.76,1693.95
2023-11-25T17:00:00Z,146.96000000000004,1811.2
2023-11-25T17:30:00Z,142.64,2052.15
2023-11-25T18:00:00Z,136.97,1794.7
2023-11-25T18:30:00Z,137.96,2097.8
2023-11-25T19:00:00Z,114.44,1667.25
2023-11-25T19:30:00Z,107.6,1557.6
2023-11-25T20:00:00Z,102.97999999999999,1528.1
2023-11-25T20:30:00Z,99.47,1511.9
2023-11-25T21:00:00Z,105.33,1871.65
2023-11-25T21:30:00Z,106.26,2014.8
2023-11-25T22:00:00Z,99.82,1851.3
2023-11-25T22:30:00Z,107.08,2044.65
2023-11-25T23:00:00Z,99.52,862.4
2023-11-25T23:30:00Z,93.46,745.7
2023-11-26T00:00:00Z,93.26999999999998,780.7
2023-11-26T00:30:00Z,97.91,883.3
2023-11-26T01:00:00Z,89.56,863.85
2023-11-26T01:30:00Z,89.18,913.5
2023-11-26T02:00:00Z,89.06,963.35
2023-11-26T02:30:00Z,87.13,748.3
2023-11-26T03:00:00Z,96.67,620.05
2023-11-26T03:30:00Z,97.95,732.15
2023-11-26T04:00:00Z,100.19,694.95
2023-11-26T04:30:00Z,87.9,655.65
2023-11-26T05:00:00Z,96.16,955.55
2023-11-26T05:30:00Z,95.35,1062.75
2023-11-26T06:00:00Z,97.2,1027.5
2023-11-26T06:30:00Z,93.32,1044.95
2023-11-26T07:00:00Z,95.79,1240.75
2023-11-26T07:30:00Z,90.19,1243.25
2023-11-26T08:00:00Z,90.24,1330.05
2023-11-26T08:30:00Z,111.38,1527.7
2023-11-26T09:00:00Z,99.45,1153.8
2023-11-26T09:30:00Z,109.18,1229.0
2023-11-26T10:00:00Z,109.0,1121.15
2023-11-26T10:30:00Z,105.26,1176.6
2023-11-26T11:00:00Z,107.7,1254.25
2023-11-26T11:30:00Z,109.76,1062.6
2023-11-26T12:00:00Z,112.25000000000001,1233.9
2023-11-26T12:30:00Z,110.73,1197.0
2023-11-26T13:00:00Z,111.76,1353.95
2023-11-26T13:30:00Z,103.87,1385.65
2023-11-26T14:00:00Z,109.62000000000002,1360.35
2023-11-26T14:30:00Z,108.45,1248.4
2023-11-26T15:00:00Z,108.65,1264.2
2023-11-26T15:30:00Z,121.97,1236.45
2023-11-26T16:00:00Z,134.38,1283.25
2023-11-26T16:30:00Z,142.61,1703.45
2023-11-26T17:00:00Z,137.18,1661.9
2023-11-26T17:30:00Z,136.06,1703.3
2023-11-26T18:00:00Z,136.33,1694.25
2023-11-26T18:30:00Z,124.27,1534.15
2023-11-26T19:00:00Z,117.41,1958.95
2023-11-26T19:30:00Z,104.48,1829.6
2023-11-26T20:00:00Z,104.31,2032.6
2023-11-26T20:30:00Z,101.85,2155.5
2023-11-26T21:00:00Z,100.88,2132.6
2023-11-26T21:30:00Z,100.02,2400.25
2023-11-26T22:00:00Z,95.09,3179.55
2023-11-26T22:30:00Z,99.25999999999999,3370.7
2023-11-26T23:00:00Z,101.11,1239.15
2023-11-26T23:30:00Z,101.37,1287.2
2023-11-27T00:00:00Z,105.91,1305.55
2023-11-27T00:30:00Z,108.53,1437.95
2023-11-27T01:00:00Z,101.29,1499.4
2023-11-27T01:30:00Z,101.74,1428.95
2023-11-27T02:00:00Z,101.01,1582.75
2023-11-27T02:30:00Z,104.56,1481.3
2023-11-27T03:00:00Z,115.94,1372.85
2023-11-27T03:30:00Z,106.04,1335.3
2023-11-27T04:00:00Z,100.42,1924.45
2023-11-27T04:30:00Z,95.14,2060.9
2023-11-27T05:00:00Z,123.83,2001.9
2023-11-27T05:30:00Z,99.81,2518.45
2023-11-27T06:00:00Z,110.12000000000002,1701.5
2023-11-27T06:30:00Z,111.48,2081.8
2023-11-27T07:00:00Z,110.92,2387.85
2023-11-27T07:30:00Z,123.34,2501.9
2023-11-27T08:00:00Z,110.7,2275.85
2023-11-27T08:30:00Z,113.65,2266.15
2023-11-27T09:00:00Z,122.37000000000002,2267.0
2023-11-27T09:30:00Z,120.33,2272.45
2023-11-27T10:00:00Z,114.01,2878.9
2023-11-27T10:30:00Z,114.93,2909.45
2023-11-27T11:00:00Z,112.3,2311.65
2023-11-27T11:30:00Z,106.25,2558.25
2023-11-27T12:00:00Z,103.3,2384.15
2023-11-27T12:30:00Z,104.5,2575.5
2023-11-27T13:00:00Z,105.99000000000001,3049.1
2023-11-27T13:30:00Z,101.74,2935.05
2023-11-27T14:00:00Z,104.44999999999999,2986.2
2023-11-27T14:30:00Z,100.54,2538.9
2023-11-27T15:00:00Z,91.16,2286.0
2023-11-27T15:30:00Z,93.44,2432.7
2023-11-27T16:00:00Z,92.71,2386.05
2023-11-27T16:30:00Z,104.19,2949.1
2023-11-27T17:00:00Z,95.47000000000001,3152.35
2023-11-27T17:30:00Z,93.44,3450.3
2023-11-27T18:00:00Z,99.88999999999999,3344.0
2023-11-27T18:30:00Z,100.22,3430.4
2023-11-27T19:00:00Z,97.94,3448.35
2023-11-27T19:30:00Z,105.14,3451.65
2023-11-27T20:00:00Z,99.34,2654.9
2023-11-27T20:30:00Z,95.91,2750.4
2023-11-27T21:00:00Z,97.88,2574.1
2023-11-27T21:30:00Z,96.29,2647.65
2023-11-27T22:00:00Z,95.96,2850.7
2023-11-27T22:30:00Z,91.12,3154.3
2023-11-27T23:00:00Z,85.73,1336.05
2023-11-27T23:30:00Z,79.95,1426.15
2023-11-28T00:00:00Z,80.62,1635.3
2023-11-28T00:30:00Z,91.12,1334.9
2023-11-28T01:00:00Z,81.84,1394.55
2023-11-28T01:30:00Z,77.53,1266.55
2023-11-28T02:00:00Z,77.12,1654.25
2023-11-28T02:30:00Z,79.78,1655.4
2023-11-28T03:00:00Z,95.12,1531.9
2023-11-28T03:30:00Z,93.1,1675.75
2023-11-28T04:00:00Z,100.85999999999999,1416.3
2023-11-28T04:30:00Z,94.1,2184.15
2023-11-28T05:00:00Z,95.97,2375.0
2023-11-28T05:30:00Z,103.08999999999999,2834.65
2023-11-28T06:00:00Z,131.08,1849.3
2023-11-28T06:30:00Z,102.59,3178.4
2023-11-28T07:00:00Z,121.16,2459.8
2023-11-28T07:30:00Z,141.46,2042.85
2023-11-28T08:00:00Z,127.88000000000001,1799.8
2023-11-28T08:30:00Z,133.11,1749.4
2023-11-28T09:00:00Z,146.24,1771.5
2023-11-28T09:30:00Z,145.17,2274.35
2023-11-28T10:00:00Z,148.33,2370.3
2023-11-28T10:30:00Z,140.44,2814.15
2023-11-28T11:00:00Z,137.79,2423.65
2023-11-28T11:30:00Z,134.03,2593.0
2023-11-28T12:00:00Z,134.63,2747.4
2023-11-28T12:30:00Z,127.46,2966.15
2023-11-28T13:00:00Z,133.62,3022.05
2023-11-28T13:30:00Z,134.01,3094.5
2023-11-28T14:00:00Z,138.48,2759.2
2023-11-28T14:30:00Z,138.41,3149.65
2023-11-28T15:00:00Z,142.63,2867.8
2023-11-28T15:30:00Z,146.8,2782.8
2023-11-28T16:00:00Z,141.52,2358.2
2023-11-28T16:30:00Z,150.38,2708.35
2023-11-28T17:00:00Z,139.3,2686.65
2023-11-28T17:30:00Z,137.48,3100.85
2023-11-28T18:00:00Z,127.60999999999999,2429.25
2023-11-28T18:30:00Z,121.10999999999999,2614.45
2023-11-28T19:00:00Z,108.0,2265.25
2023-11-28T19:30:00Z,108.18,2027.2
2023-11-28T20:00:00Z,102.2,1668.25
2023-11-28T20:30:00Z,93.08,1804.6
2023-11-28T21:00:00Z,90.71,2081.45
2023-11-28T21:30:00Z,85.44,2400.55
2023-11-28T22:00:00Z,86.77,1877.7
2023-11-28T22:30:00Z,83.5,2457.6
2023-11-28T23:00:00Z,83.31,1565.25
2023-11-28T23:30:00Z,85.45,1522.4
2023-11-29T00:00:00Z,80.43,1581.25
2023-11-29T00:30:00Z,90.27,1647.15
2023-11-29T01:00:00Z,74.96,1500.8
2023-11-29T01:30:00Z,74.85,1765.75
2023-11-29T02:00:00Z,75.65,1629.8
2023-11-29T02:30:00Z,77.37,1927.55
2023-11-29T03:00:00Z,83.36,2082.95
2023-11-29T03:30:00Z,83.45,1998.85
2023-11-29T04:00:00Z,91.33,1832.0
2023-11-29T04:30:00Z,90.41,2079.55
2023-11-29T05:00:00Z,100.77,1785.95
2023-11-29T05:30:00Z,93.98,1882.55
2023-11-29T06:00:00Z,97.32,1912.9
2023-11-29T06:30:00Z,97.11,2106.2
2023-11-29T07:00:00Z,123.67999999999999,3080.3
2023-11-29T07:30:00Z,137.69,3202.65
2023-11-29T08:00:00Z,134.51,2212.5
2023-11-29T08:30:00Z,142.22,2487.65
2023-11-29T09:00:00Z,138.67,2299.95
2023-11-29T09:30:00Z,133.97,2214.0
2023-11-29T10:00:00Z,127.06,2823.85
2023-11-29T10:30:00Z,125.45999999999998,2656.3
2023-11-29T11:00:00Z,136.19,2074.75
2023-11-29T11:30:00Z,130.57,2579.55
2023-11-29T12:00:00Z,124.69,2106.45
2023-11-29T12:30:00Z,123.69,2324.35
2023-11-29T13:00:00Z,135.56,1864.5
2023-11-29T13:30:00Z,134.0,2109.1
2023-11-29T14:00:00Z,134.2,1868.0
2023-11-29T14:30:00Z,136.72,2274.3
2023-11-29T15:00:00Z,161.71,2566.15
2023-11-29T15:30:00Z,184.96,2468.9
2023-11-29T16:00:00Z,190.39,2320.0
2023-11-29T16:30:00Z,195.73,2745.5
2023-11-29T17:00:00Z,192.31,2563.85
2023-11-29T17:30:00Z,191.77,2832.6
2023-11-29T18:00:00Z,158.56,2625.3
2023-11-29T18:30:00Z,145.41,2862.0
2023-11-29T19:00:00Z,117.59000000000002,2564.25
2023-11-29T19:30:00Z,113.34,2566.7
2023-11-29T20:00:00Z,120.17000000000002,2633.25
2023-11-29T20:30:00Z,101.14,1880.65
2023-11-29T21:00:00Z,107.37,2160.25
2023-11-29T21:30:00Z,93.57,1617.4
2023-11-29T22:00:00Z,90.53,1311.05
2023-11-29T22:30:00Z,83.88,2135.0
2023-11-29T23:00:00Z,75.55,993.3
2023-11-29T23:30:00Z,83.17,1463.85
2023-11-30T00:00:00Z,81.23,1423.05
2023-11-30T00:30:00Z,84.28,1386.05
2023-11-30T01:00:00Z,82.47,1621.45
2023-11-30T01:30:00Z,85.66,1644.95
2023-11-30T02:00:00Z,85.54,1481.05
2023-11-30T02:30:00Z,79.67,1386.9
2023-11-30T03:00:00Z,80.21,1119.25
2023-11-30T03:30:00Z,77.62,1145.15
2023-11-30T04:00:00Z,81.89,1231.65
2023-11-30T04:30:00Z,76.91,1390.25
2023-11-30T05:00:00Z,81.6,1520.4
2023-11-30T05:30:00Z,86.61,1850.7
2023-11-30T06:00:00Z,86.25,2070.65
2023-11-30T06:30:00Z,107.86,2342.1
2023-11-30T07:00:00Z,116.80999999999999,2947.4
2023-11-30T07:30:00Z,144.82,2397.3
2023-11-30T08:00:00Z,141.09,2730.55
2023-11-30T08:30:00Z,146.66,2252.3
2023-11-30T09:00:00Z,168.82,2985.25
2023-11-30T09:30:00Z,163.91,3208.0
2023-11-30T10:00:00Z,169.5,3613.1
2023-11-30T10:30:00Z,163.85,3662.25
2023-11-30T11:00:00Z,151.09,2705.0
2023-11-30T11:30:00Z,150.26,3257.95
2023-11-30T12:00:00Z,149.63,3147.45
2023-11-30T12:30:00Z,152.07,3265.75
2023-11-30T13:00:00Z,154.44,2658.8
2023-11-30T13:30:00Z,150.14,2933.6
2023-11-30T14:00:00Z,147.25,2432.1
2023-11-30T14:30:00Z,151.43,2871.55
2023-11-30T15:00:00Z,141.58,2576.2
2023-11-30T15:30:00Z,149.78,2458.2
2023-11-30T16:00:00Z,154.88,2455.15
2023-11-30T16:30:00Z,157.5,2669.5
2023-11-30T17:00:00Z,149.81,2677.45
2023-11-30T17:30:00Z,162.11,3037.3
2023-11-30T18:00:00Z,144.81,2893.8
2023-11-30T18:30:00Z,139.73,3088.75
2023-11-30T19:00:00Z,131.82,2396.05
2023-11-30T19:30:00Z,120.26,2090.7
2023-11-30T20:00:00Z,116.0,1932.1
2023-11-30T20:30:00Z,101.53,1800.15
2023-11-30T21:00:00Z,111.47,1582.25
2023-11-30T21:30:00Z,96.02,1428.25
2023-11-30T22:00:00Z,94.39,1360.0
2023-11-30T22:30:00Z,89.11,1567.3
2023-11-30T23:00:00Z,104.77999999999999,943.7
2023-11-30T23:30:00Z,98.15,1160.95
2023-12-01T00:00:00Z,101.49,1147.25
2023-12-01T00:30:00Z,106.35,1325.55
2023-12-01T01:00:00Z,88.7,1359.4
2023-12-01T01:30:00Z,93.27,1587.25
2023-12-01T02:00:00Z,86.62,1559.15
2023-12-01T02:30:00Z,86.5,1425.2
2023-12-01T03:00:00Z,92.72,1300.35
2023-12-01T03:30:00Z,87.01,1223.55
2023-12-01T04:00:00Z,93.0,1122.35
2023-12-01T04:30:00Z,89.38,1386.1
2023-12-01T05:00:00Z,97.04000000000002,1393.05
2023-12-01T05:30:00Z,97.69000000000001,1388.65
2023-12-01T06:00:00Z,90.65,1985.3
2023-12-01T06:30:00Z,112.46,2542.9
2023-12-01T07:00:00Z,120.59,2758.4
2023-12-01T07:30:00Z,154.14,2346.05
2023-12-01T08:00:00Z,149.74,2344.95
2023-12-01T08:30:00Z,154.98,1978.3
2023-12-01T09:00:00Z,158.29,1930.75
2023-12-01T09:30:00Z,159.56,1954.55
2023-12-01T10:00:00Z,149.77,1987.35
2023-12-01T10:30:00Z,151.87,2034.25
2023-12-01T11:00:00Z,150.62,2213.35
2023-12-01T11:30:00Z,154.66,2203.65
2023-12-01T12:00:00Z,148.92,2039.0
2023-12-01T12:30:00Z,145.42,1914.15
2023-12-01T13:00:00Z,147.08,2027.8
2023-12-01T13:30:00Z,147.37,1994.1
2023-12-01T14:00:00Z,139.67,2210.95
2023-12-01T14:30:00Z,142.11,2155.1
2023-12-01T15:00:00Z,145.75,1948.05
2023-12-01T15:30:00Z,147.42,2170.4
2023-12-01T16:00:00Z,155.24,2170.2
2023-12-01T16:30:00Z,166.16,2292.55
2023-12-01T17:00:00Z,149.0,1925.8
2023-12-01T17:30:00Z,146.95,2263.85
2023-12-01T18:00:00Z,154.26,2440.65
2023-12-01T18:30:00Z,147.23,2614.1
2023-12-01T19:00:00Z,140.77,1778.3
2023-12-01T19:30:00Z,129.12,1628.75
2023-12-01T20:00:00Z,126.0,1736.95
2023-12-01T20:30:00Z,103.36,1313.8
2023-12-01T21:00:00Z,106.16,1119.4
2023-12-01T21:30:00Z,94.4,1343.9
2023-12-01T22:00:00Z,108.78,1186.2
2023-12-01T22:30:00Z,91.64,1137.6
2023-12-01T23:00:00Z,99.91,694.5
2023-12-01T23:30:00Z,86.88,593.65
2023-12-02T00:00:00Z,86.91,598.95
2023-12-02T00:30:00Z,86.96,565.7
2023-12-02T01:00:00Z,99.37,732.2
2023-12-02T01:30:00Z,91.83,720.3
2023-12-02T02:00:00Z,90.58,537.65
2023-12-02T02:30:00Z,87.83,676.4
2023-12-02T03:00:00Z,91.58000000000001,897.15
2023-12-02T03:30:00Z,108.56,909.55
2023-12-02T04:00:00Z,96.5,775.45
2023-12-02T04:30:00Z,96.35,924.8
2023-12-02T05:00:00Z,100.93999999999998,719.65
2023-12-02T05:30:00Z,90.55,905.5
2023-12-02T06:00:00Z,102.33,940.9
2023-12-02T06:30:00Z,111.81,1216.45
2023-12-02T07:00:00Z,111.06,1403.9
2023-12-02T07:30:00Z,125.30000000000001,1373.4
2023-12-02T08:00:00Z,120.17999999999999,1441.15
2023-12-02T08:30:00Z,141.79,1494.25
2023-12-02T09:00:00Z,131.97,1712.65
2023-12-02T09:30:00Z,135.18,1906.0
2023-12-02T10:00:00Z,132.96,1832.9
2023-12-02T10:30:00Z,130.54,1776.85
2023-12-02T11:00:00Z,144.67,1360.2
2023-12-02T11:30:00Z,136.87,1501.95
2023-12-02T12:00:00Z,138.53,1423.8
2023-12-02T12:30:00Z,142.02,1677.25
2023-12-02T13:00:00Z,136.04,1615.5
2023-12-02T13:30:00Z,128.33,1816.25
2023-12-02T14:00:00Z,125.68,2005.65
2023-12-02T14:30:00Z,128.48,1879.45
2023-12-02T15:00:00Z,135.8,1385.85
2023-12-02T15:30:00Z,143.12,1322.85
2023-12-02T16:00:00Z,145.75,1528.8
2023-12-02T16:30:00Z,151.7,1600.9
2023-12-02T17:00:00Z,143.77,1742.55
2023-12-02T17:30:00Z,144.57999999999998,1957.05
2023-12-02T18:00:00Z,153.65,2032.8
2023-12-02T18:30:00Z,143.96,1976.4
2023-12-02T19:00:00Z,134.03,1710.95
2023-12-02T19:30:00Z,115.13,1297.2
2023-12-02T20:00:00Z,140.75,1676.5
2023-12-02T20:30:00Z,99.84,1417.15
2023-12-02T21:00:00Z,103.62999999999998,1466.95
2023-12-02T21:30:00Z,119.09,2069.35
2023-12-02T22:00:00Z,107.88,2057.8
2023-12-02T22:30:00Z,100.76,1842.3
2023-12-02T23:00:00Z,99.54,1034.95
2023-12-02T23:30:00Z,112.94,703.1
2023-12-03T00:00:00Z,116.74,649.6
2023-12-03T00:30:00Z,127.66,749.5
2023-12-03T01:00:00Z,110.26000000000002,1318.6
2023-12-03T01:30:00Z,101.42,1254.55
2023-12-03T02:00:00Z,100.81,1250.45
2023-12-03T02:30:00Z,97.1,1311.3
2023-12-03T03:00:00Z,94.2,1413.55
2023-12-03T03:30:00Z,88.50999999999999,1524.9
2023-12-03T04:00:00Z,86.4,1676.05
2023-12-03T04:30:00Z,84.2,1902.25
2023-12-03T05:00:00Z,86.94,1672.55
2023-12-03T05:30:00Z,82.88,1546.85
2023-12-03T06:00:00Z,86.66,1686.35
2023-12-03T06:30:00Z,82.9,1835.8
2023-12-03T07:00:00Z,84.66,1874.0
2023-12-03T07:30:00Z,86.22,2079.7
2023-12-03T08:00:00Z,88.27,1746.45
2023-12-03T08:30:00Z,89.61000000000001,1733.85
2023-12-03T09:00:00Z,93.94999999999999,1434.2
2023-12-03T09:30:00Z,103.83999999999999,1602.1
2023-12-03T10:00:00Z,94.58,1565.85
2023-12-03T10:30:00Z,95.47,1508.8
2023-12-03T11:00:00Z,91.97,1988.2
2023-12-03T11:30:00Z,92.7,1702.0
2023-12-03T12:00:00Z,92.63,1905.8
2023-12-03T12:30:00Z,97.31,1769.7
2023-12-03T13:00:00Z,96.58,1591.25
2023-12-03T13:30:00Z,92.04,1437.0
2023-12-03T14:00:00Z,86.36,1662.5
2023-12-03T14:30:00Z,87.49,1744.4
2023-12-03T15:00:00Z,85.52,1642.05
2023-12-03T15:30:00Z,99.28,1543.65
2023-12-03T16:00:00Z,105.61,1883.05
2023-12-03T16:30:00Z,114.32,2012.25
2023-12-03T17:00:00Z,111.66,2111.45
2023-12-03T17:30:00Z,105.82,2007.15
2023-12-03T18:00:00Z,109.37,2132.5
2023-12-03T18:30:00Z,99.62,2107.4
2023-12-03T19:00:00Z,95.9,2066.95
2023-12-03T19:30:00Z,92.39,2007.15
2023-12-03T20:00:00Z,91.9,1723.2
2023-12-03T20:30:00Z,90.8,1987.75
2023-12-03T21:00:00Z,90.4,1848.3
2023-12-03T21:30:00Z,86.54,1970.15
2023-12-03T22:00:00Z,84.29,1942.4
2023-12-03T22:30:00Z,85.61,2469.15
2023-12-03T23:00:00Z,81.39,1366.65
2023-12-03T23:30:00Z,97.34,1409.0
2023-12-04T00:00:00Z,104.89,1458.35
2023-12-04T00:30:00Z,101.9,1581.45
2023-12-04T01:00:00Z,90.81,1238.75
2023-12-04T01:30:00Z,83.04,1175.05
2023-12-04T02:00:00Z,85.89,1295.15
2023-12-04T02:30:00Z,77.7,1307.3
2023-12-04T03:00:00Z,91.68,1207.7
2023-12-04T03:30:00Z,69.45,1331.75
2023-12-04T04:00:00Z,73.78,1579.4
2023-12-04T04:30:00Z,71.06,1751.05
2023-12-04T05:00:00Z,80.33,1940.85
2023-12-04T05:30:00Z,79.53,2005.55
2023-12-04T06:00:00Z,91.43,1770.0
2023-12-04T06:30:00Z,79.34999999999998,1664.75
2023-12-04T07:00:00Z,95.3,2367.3
2023-12-04T07:30:00Z,95.72,2260.65
2023-12-04T08:00:00Z,94.0,2011.65
2023-12-04T08:30:00Z,104.89,2324.95
2023-12-04T09:00:00Z,94.95,1894.15
2023-12-04T09:30:00Z,97.37,2282.35
2023-12-04T10:00:00Z,103.93,2368.0
2023-12-04T10:30:00Z,105.51,2629.6
2023-12-04T11:00:00Z,104.98,1746.5
2023-12-04T11:30:00Z,109.06,1894.1
2023-12-04T12:00:00Z,115.08,2044.2
2023-12-04T12:30:00Z,113.07,1906.35
2023-12-04T13:00:00Z,108.54,1723.55
2023-12-04T13:30:00Z,108.77,1969.15
2023-12-04T14:00:00Z,105.17,2010.7
2023-12-04T14:30:00Z,106.68,1986.65
2023-12-04T15:00:00Z,102.88,1799.45
2023-12-04T15:30:00Z,104.21,2078.65
2023-12-04T16:00:00Z,99.43,2286.1
2023-12-04T16:30:00Z,106.16,2582.3
2023-12-04T17:00:00Z,103.33,2142.15
2023-12-04T17:30:00Z,101.97,1959.2
2023-12-04T18:00:00Z,105.18,2210.0
2023-12-04T18:30:00Z,97.74,1777.85
2023-12-04T19:00:00Z,92.58000000000001,1821.45
2023-12-04T19:30:00Z,90.68,1725.4
2023-12-04T20:00:00Z,92.77000000000001,1703.9
2023-12-04T20:30:00Z,88.85,2244.0
2023-12-04T21:00:00Z,81.19,1813.65
2023-12-04T21:30:00Z,83.84,2104.75
2023-12-04T22:00:00Z,78.94,1840.6
2023-12-04T22:30:00Z,75.76,2430.45
2023-12-04T23:00:00Z,49.98,2028.6
2023-12-04T23:30:00Z,64.88,1802.3
2023-12-05T00:00:00Z,64.82,1911.6
2023-12-05T00:30:00Z,69.23,1804.95
2023-12-05T01:00:00Z,79.68,2133.1
2023-12-05T01:30:00Z,69.92,2432.6
2023-12-05T02:00:00Z,69.77,2280.7
2023-12-05T02:30:00Z,66.79,1975.25
2023-12-05T03:00:00Z,64.62,1780.45
2023-12-05T03:30:00Z,63.62,1806.55
2023-12-05T04:00:00Z,80.24999999999999,1874.3
2023-12-05T04:30:00Z,81.12,1727.35
2023-12-05T05:00:00Z,86.72,2149.55
2023-12-05T05:30:00Z,89.63,1977.6
2023-12-05T06:00:00Z,105.26,2071.95
2023-12-05T06:30:00Z,85.65,2333.65
2023-12-05T07:00:00Z,90.81,1760.8
2023-12-05T07:30:00Z,115.39,2090.65
2023-12-05T08:00:00Z,98.82,1394.5
2023-12-05T08:30:00Z,110.83,1452.95
2023-12-05T09:00:00Z,105.68,1496.6
2023-12-05T09:30:00Z,109.1,1520.85
2023-12-05T10:00:00Z,110.42,1659.3
2023-12-05T10:30:00Z,112.16,1622.25
2023-12-05T11:00:00Z,97.29,1491.55
2023-12-05T11:30:00Z,109.05,1932.3
2023-12-05T12:00:00Z,108.12,1730.95
2023-12-05T12:30:00Z,103.46,1861.7
2023-12-05T13:00:00Z,103.91,1701.15
2023-12-05T13:30:00Z,103.77,1752.1
2023-12-05T14:00:00Z,104.42,1665.95
2023-12-05T14:30:00Z,107.67,1786.0
2023-12-05T15:00:00Z,106.73,2063.95
2023-12-05T15:30:00Z,119.93,2051.15
2023-12-05T16:00:00Z,120.48,2141.4
2023-12-05T16:30:00Z,121.04,2719.0
2023-12-05T17:00:00Z,123.38000000000001,2513.9
2023-12-05T17:30:00Z,124.47,2279.6
2023-12-05T18:00:00Z,123.8,2607.8
2023-12-05T18:30:00Z,122.84,2642.4
2023-12-05T19:00:00Z,114.75,2380.35
2023-12-05T19:30:00Z,105.66999999999999,2497.9
2023-12-05T20:00:00Z,113.24,2190.05
2023-12-05T20:30:00Z,107.12,2193.65
2023-12-05T21:00:00Z,111.55,2167.0
2023-12-05T21:30:00Z,90.13,2024.55
2023-12-05T22:00:00Z,90.94,2402.95
2023-12-05T22:30:00Z,88.85,2371.4
2023-12-05T23:00:00Z,94.24,1257.85
2023-12-05T23:30:00Z,80.73,1169.5
2023-12-06T00:00:00Z,80.42,1166.2
2023-12-06T00:30:00Z,73.68,1684.0
2023-12-06T01:00:00Z,68.74,1035.9
2023-12-06T01:30:00Z,74.52,1521.7
2023-12-06T02:00:00Z,81.66,1471.85
2023-12-06T02:30:00Z,71.8,1230.4
2023-12-06T03:00:00Z,77.7,1272.35
2023-12-06T03:30:00Z,81.61,1210.5
2023-12-06T04:00:00Z,93.27,1826.25
2023-12-06T04:30:00Z,80.57,1692.1
2023-12-06T05:00:00Z,86.95,1032.6
2023-12-06T05:30:00Z,81.62,1447.75
2023-12-06T06:00:00Z,94.4,2062.45
2023-12-06T06:30:00Z,118.73999999999998,2273.55
2023-12-06T07:00:00Z,127.55000000000001,2248.3
2023-12-06T07:30:00Z,135.18,2112.55
2023-12-06T08:00:00Z,137.52,2052.2
2023-12-06T08:30:00Z,143.0,2175.3
2023-12-06T09:00:00Z,124.86000000000001,2375.7
2023-12-06T09:30:00Z,118.42000000000002,2477.0
2023-12-06T10:00:00Z,125.11,2495.6
2023-12-06T10:30:00Z,118.53999999999999,2315.25
2023-12-06T11:00:00Z,110.55,2217.65
2023-12-06T11:30:00Z,112.23,2395.9
2023-12-06T12:00:00Z,125.25000000000001,3040.9
2023-12-06T12:30:00Z,120.32,3526.5
2023-12-06T13:00:00Z,121.86,2926.65
2023-12-06T13:30:00Z,120.65,2847.25
2023-12-06T14:00:00Z,129.71,2570.3
2023-12-06T14:30:00Z,125.41000000000001,3031.75
2023-12-06T15:00:00Z,155.99,2538.65
2023-12-06T15:30:00Z,155.75,2950.25
2023-12-06T16:00:00Z,170.25,2838.8
2023-12-06T16:30:00Z,173.14,2869.2
2023-12-06T17:00:00Z,175.33000000000004,2998.0
2023-12-06T17:30:00Z,176.53,3359.3
2023-12-06T18:00:00Z,173.58,3706.25
2023-12-06T18:30:00Z,162.37999999999997,3373.2
2023-12-06T19:00:00Z,129.22,2091.6
2023-12-06T19:30:00Z,125.23,1867.7
2023-12-06T20:00:00Z,126.03,1662.25
2023-12-06T20:30:00Z,121.24,1770.7
2023-12-06T21:00:00Z,111.56,2220.45
2023-12-06T21:30:00Z,104.51,2162.25
2023-12-06T22:00:00Z,97.72,2526.85
2023-12-06T22:30:00Z,96.84,2567.65
2023-12-06T23:00:00Z,68.16,1481.95
2023-12-06T23:30:00Z,93.55,1060.7
2023-12-07T00:00:00Z,93.3,1467.3
2023-12-07T00:30:00Z,97.57,1393.25
2023-12-07T01:00:00Z,99.14,1679.05
2023-12-07T01:30:00Z,90.08,1650.45
2023-12-07T02:00:00Z,97.82,1443.05
2023-12-07T02:30:00Z,86.02,1814.15
2023-12-07T03:00:00Z,88.53,1759.2
2023-12-07T03:30:00Z,76.61,2018.1
2023-12-07T04:00:00Z,89.66000000000001,1858.25
2023-12-07T04:30:00Z,83.23,1876.7
2023-12-07T05:00:00Z,89.04999999999998,1630.55
2023-12-07T05:30:00Z,88.77,1400.15
2023-12-07T06:00:00Z,94.09,1840.1
2023-12-07T06:30:00Z,89.0,2422.65
2023-12-07T07:00:00Z,70.66,1740.95
2023-12-07T07:30:00Z,75.77,2389.7
2023-12-07T08:00:00Z,92.66,1876.35
2023-12-07T08:30:00Z,95.48,2040.0
2023-12-07T09:00:00Z,90.27,1872.75
2023-12-07T09:30:00Z,91.28,1971.95
2023-12-07T10:00:00Z,90.7,2408.55
2023-12-07T10:30:00Z,97.83,2423.15
2023-12-07T11:00:00Z,110.74000000000001,3205.0
2023-12-07T11:30:00Z,112.4,3112.35
2023-12-07T12:00:00Z,97.26999999999998,3258.2
2023-12-07T12:30:00Z,98.31,3683.1
2023-12-07T13:00:00Z,98.4,2482.35
2023-12-07T13:30:00Z,95.1,2592.85
2023-12-07T14:00:00Z,103.07999999999998,2609.2
2023-12-07T14:30:00Z,101.95,2533.5
2023-12-07T15:00:00Z,105.74,2041.45
2023-12-07T15:30:00Z,104.49,2160.25
2023-12-07T16:00:00Z,106.14,2377.25
2023-12-07T16:30:00Z,108.61000000000001,2462.8
2023-12-07T17:00:00Z,105.27,2260.9
2023-12-07T17:30:00Z,102.1,2372.75
2023-12-07T18:00:00Z,101.69,2386.45
2023-12-07T18:30:00Z,97.34,2384.25
2023-12-07T19:00:00Z,77.93,2080.2
2023-12-07T19:30:00Z,84.2,2333.05
2023-12-07T20:00:00Z,86.64,2258.8
2023-12-07T20:30:00Z,89.01,2467.3
2023-12-07T21:00:00Z,91.72,2414.25
2023-12-07T21:30:00Z,92.88,2148.0
2023-12-07T22:00:00Z,88.01,2400.85
2023-12-07T22:30:00Z,80.85,2383.2
2023-12-07T23:00:00Z,49.67,1323.7
2023-12-07T23:30:00Z,62.34,1517.05
2023-12-08T00:00:00Z,79.02,1678.6
2023-12-08T00:30:00Z,88.3,2071.1
2023-12-08T01:00:00Z,69.14,1750.55
2023-12-08T01:30:00Z,69.94,1632.45
2023-12-08T02:00:00Z,80.66,1979.3
2023-12-08T02:30:00Z,80.52,1702.55
2023-12-08T03:00:00Z,72.83,1853.85
2023-12-08T03:30:00Z,63.76,1396.4
2023-12-08T04:00:00Z,68.6,1450.35
2023-12-08T04:30:00Z,77.5,1251.3
2023-12-08T05:00:00Z,96.12999999999998,1778.95
2023-12-08T05:30:00Z,56.0,1935.8
2023-12-08T06:00:00Z,91.85,1989.85
2023-12-08T06:30:00Z,102.02,2545.3
2023-12-08T07:00:00Z,110.85,2214.5
2023-12-08T07:30:00Z,115.46,3088.65
2023-12-08T08:00:00Z,108.18,2338.25
2023-12-08T08:30:00Z,110.27,2125.55
2023-12-08T09:00:00Z,108.29,1874.55
2023-12-08T09:30:00Z,107.62,1895.9
2023-12-08T10:00:00Z,105.89,2128.2
2023-12-08T10:30:00Z,98.27,1865.35
2023-12-08T11:00:00Z,105.12,1735.05
2023-12-08T11:30:00Z,93.59,1631.1
2023-12-08T12:00:00Z,88.07,1474.1
2023-12-08T12:30:00Z,82.32,1733.6
2023-12-08T13:00:00Z,78.09,1664.6
2023-12-08T13:30:00Z,73.91,1732.8
2023-12-08T14:00:00Z,72.79,2027.75
2023-12-08T14:30:00Z,69.49,1971.25
2023-12-08T15:00:00Z,71.49,2004.75
2023-12-08T15:30:00Z,78.07,2380.8
2023-12-08T16:00:00Z,75.15,2245.55
2023-12-08T16:30:00Z,77.09,2330.55
2023-12-08T17:00:00Z,76.3,2789.4
2023-12-08T17:30:00Z,78.41,2931.15
2023-12-08T18:00:00Z,76.81,2836.1
2023-12-08T18:30:00Z,74.53,2741.45
2023-12-08T19:00:00Z,76.19,2337.95
2023-12-08T19:30:00Z,78.82,2607.3
2023-12-08T20:00:00Z,82.85,2622.6
2023-12-08T20:30:00Z,83.44,2897.3
2023-12-08T21:00:00Z,79.08,3018.7
2023-12-08T21:30:00Z,79.29,2956.15
2023-12-08T22:00:00Z,78.07,2818.55
2023-12-08T22:30:00Z,74.68,2887.05
2023-12-08T23:00:00Z,61.44,1702.1
2023-12-08T23:30:00Z,50.92,1612.35
2023-12-09T00:00:00Z,51.81,1761.5
2023-12-09T00:30:00Z,65.77,1669.0
2023-12-09T01:00:00Z,64.43,1591.7
2023-12-09T01:30:00Z,64.96,1568.75
2023-12-09T02:00:00Z,53.24,1382.4
2023-12-09T02:30:00Z,49.68,1425.35
2023-12-09T03:00:00Z,50.849999999999994,1403.95
2023-12-09T03:30:00Z,47.39,1301.6
2023-12-09T04:00:00Z,49.63,1128.45
2023-12-09T04:30:00Z,47.97,1220.5
2023-12-09T05:00:00Z,45.65,1252.5
2023-12-09T05:30:00Z,37.14,1319.7
2023-12-09T06:00:00Z,55.760000000000005,1486.25
2023-12-09T06:30:00Z,61.01,1743.0
2023-12-09T07:00:00Z,36.1,1642.85
2023-12-09T07:30:00Z,51.49,1967.75
2023-12-09T08:00:00Z,44.15,2054.15
2023-12-09T08:30:00Z,72.45,2131.35
2023-12-09T09:00:00Z,60.589999999999996,2290.25
2023-12-09T09:30:00Z,56.9,2371.85
2023-12-09T10:00:00Z,61.4,2755.75
2023-12-09T10:30:00Z,63.2,2425.7
2023-12-09T11:00:00Z,66.27,2472.25
2023-12-09T11:30:00Z,63.14,2289.45
2023-12-09T12:00:00Z,60.76,2515.8
2023-12-09T12:30:00Z,64.6,2195.85
2023-12-09T13:00:00Z,66.33,2377.4
2023-12-09T13:30:00Z,61.650000000000006,2414.85
2023-12-09T14:00:00Z,57.25,2213.65
2023-12-09T14:30:00Z,66.28,2385.75
2023-12-09T15:00:00Z,58.66,1982.25
2023-12-09T15:30:00Z,66.51,1877.0
2023-12-09T16:00:00Z,70.39,2089.8
2023-12-09T16:30:00Z,82.06,2324.8
2023-12-09T17:00:00Z,73.0,2194.5
2023-12-09T17:30:00Z,70.37,2059.45
2023-12-09T18:00:00Z,69.67,1908.2
2023-12-09T18:30:00Z,63.98,1695.75
2023-12-09T19:00:00Z,60.94,1567.1
2023-12-09T19:30:00Z,63.27,1631.1
2023-12-09T20:00:00Z,63.79,1567.65
2023-12-09T20:30:00Z,56.02,1475.05
2023-12-09T21:00:00Z,60.93,1552.7
2023-12-09T21:30:00Z,65.81,1655.0
2023-12-09T22:00:00Z,48.29999999999999,1447.85
2023-12-09T22:30:00Z,43.66,1604.65
2023-12-09T23:00:00Z,49.49,974.65
2023-12-09T23:30:00Z,31.08,999.45
2023-12-10T00:00:00Z,45.21,988.3
2023-12-10T00:30:00Z,59.96,984.15
2023-12-10T01:00:00Z,67.7,940.05
2023-12-10T01:30:00Z,69.4,1030.5
2023-12-10T02:00:00Z,69.1,847.65
2023-12-10T02:30:00Z,64.0,1122.05
2023-12-10T03:00:00Z,62.4,1219.55
2023-12-10T03:30:00Z,54.220000000000006,1339.35
2023-12-10T04:00:00Z,53.96,1169.4
2023-12-10T04:30:00Z,61.83,1196.5
2023-12-10T05:00:00Z,59.78,1318.9
2023-12-10T05:30:00Z,71.69,1413.1
2023-12-10T06:00:00Z,73.9,1080.5
2023-12-10T06:30:00Z,76.89,1492.9
2023-12-10T07:00:00Z,78.35,1274.5
2023-12-10T07:30:00Z,79.73,1627.6
2023-12-10T08:00:00Z,68.76,1399.65
2023-12-10T08:30:00Z,83.86,1745.25
2023-12-10T09:00:00Z,84.73,1501.05
2023-12-10T09:30:00Z,77.48,1541.95
2023-12-10T10:00:00Z,71.61,1500.95
2023-12-10T10:30:00Z,65.67,1611.45
2023-12-10T11:00:00Z,76.17,2222.7
2023-12-10T11:30:00Z,75.95,2325.85
2023-12-10T12:00:00Z,78.09,2181.25
2023-12-10T12:30:00Z,71.64,2512.15
2023-12-10T13:00:00Z,81.58,2231.4
2023-12-10T13:30:00Z,78.07,2508.25
2023-12-10T14:00:00Z,64.47,2512.7
2023-12-10T14:30:00Z,63.74000000000001,2270.7
2023-12-10T15:00:00Z,66.6,1688.9
2023-12-10T15:30:00Z,68.11,1648.6
2023-12-10T16:00:00Z,72.75,1681.0
2023-12-10T16:30:00Z,91.75,2150.4
2023-12-10T17:00:00Z,93.18,2414.5
2023-12-10T17:30:00Z,88.17,2336.8
2023-12-10T18:00:00Z,82.87,2128.5
2023-12-10T18:30:00Z,81.55,1968.5
2023-12-10T19:00:00Z,87.62,1980.3
2023-12-10T19:30:00Z,82.26,1763.1
2023-12-10T20:00:00Z,87.94,1720.1
2023-12-10T20:30:00Z,80.25,1664.65
2023-12-10T21:00:00Z,73.63,1454.15
2023-12-10T21:30:00Z,72.16,1505.05
2023-12-10T22:00:00Z,73.46,1543.05
2023-12-10T22:30:00Z,67.14,1806.55
2023-12-10T23:00:00Z,60.77,1054.1
2023-12-10T23:30:00Z,46.75,955.4
2023-12-11T00:00:00Z,40.89,1036.5
2023-12-11T00:30:00Z,44.19,1189.9
2023-12-11T01:00:00Z,34.73,1275.8
2023-12-11T01:30:00Z,33.69,1340.2
2023-12-11T02:00:00Z,44.17,1309.3
2023-12-11T02:30:00Z,59.12,1597.85
2023-12-11T03:00:00Z,47.35,1699.8
2023-12-11T03:30:00Z,43.17,1528.8
2023-12-11T04:00:00Z,41.47,1435.8
2023-12-11T04:30:00Z,35.69,1421.15
2023-12-11T05:00:00Z,57.41,2042.15
2023-12-11T05:30:00Z,55.95,1936.95
2023-12-11T06:00:00Z,80.7,2514.0
2023-12-11T06:30:00Z,68.76,3092.2
2023-12-11T07:00:00Z,94.89000000000001,3342.15
2023-12-11T07:30:00Z,107.72999999999999,3188.55
2023-12-11T08:00:00Z,100.87,3378.25
2023-12-11T08:30:00Z,102.11,3024.2
2023-12-11T09:00:00Z,99.52,2047.4
2023-12-11T09:30:00Z,97.6,2376.95
2023-12-11T10:00:00Z,99.18,2192.1
2023-12-11T10:30:00Z,87.96,2372.55
2023-12-11T11:00:00Z,73.13,1872.25
2023-12-11T11:30:00Z,74.27,2122.85
2023-12-11T12:00:00Z,79.32,2059.0
2023-12-11T12:30:00Z,86.38,2376.2
2023-12-11T13:00:00Z,84.6,2085.75
2023-12-11T13:30:00Z,82.16,2212.45
2023-12-11T14:00:00Z,82.35,1842.9
2023-12-11T14:30:00Z,79.67,2125.15
2023-12-11T15:00:00Z,95.31,1480.85
2023-12-11T15:30:00Z,104.43,1940.95
2023-12-11T16:00:00Z,100.71,2077.4
2023-12-11T16:30:00Z,111.96,2224.9
2023-12-11T17:00:00Z,105.79,1890.4
2023-12-11T17:30:00Z,103.12,2141.75
2023-12-11T18:00:00Z,107.54000000000002,2550.6
2023-12-11T18:30:00Z,102.2,2296.85
2023-12-11T19:00:00Z,91.93,1827.85
2023-12-11T19:30:00Z,87.02000000000001,1514.6
2023-12-11T20:00:00Z,90.17,1602.2
2023-12-11T20:30:00Z,77.93,1444.2
2023-12-11T21:00:00Z,86.79999999999998,1677.65
2023-12-11T21:30:00Z,78.81,1588.5
2023-12-11T22:00:00Z,78.61,1686.0
2023-12-11T22:30:00Z,77.7,2131.75
2023-12-11T23:00:00Z,70.79,1204.25
2023-12-11T23:30:00Z,70.66,1144.9
2023-12-12T00:00:00Z,71.27,1598.2
2023-12-12T00:30:00Z,74.66,1392.6
2023-12-12T01:00:00Z,82.42999999999999,1677.45
2023-12-12T01:30:00Z,67.4,1349.2
2023-12-12T02:00:00Z,66.4,1564.05
2023-12-12T02:30:00Z,69.73,2112.85
2023-12-12T03:00:00Z,68.66,1748.6
2023-12-12T03:30:00Z,65.54,1669.85
2023-12-12T04:00:00Z,62.95,1369.55
2023-12-12T04:30:00Z,57.82,1286.9
2023-12-12T05:00:00Z,70.86,1535.3
2023-12-12T05:30:00Z,66.43,1524.05
2023-12-12T06:00:00Z,70.6,1690.1
2023-12-12T06:30:00Z,77.63,2301.05
2023-12-12T07:00:00Z,83.33,2296.55
2023-12-12T07:30:00Z,86.92,1889.15
2023-12-12T08:00:00Z,82.45,1791.35
2023-12-12T08:30:00Z,88.97,1793.3
2023-12-12T09:00:00Z,75.4,1741.35
2023-12-12T09:30:00Z,75.48,1902.75
2023-12-12T10:00:00Z,77.86,1673.15
2023-12-12T10:30:00Z,78.28,2004.2
2023-12-12T11:00:00Z,70.69,1675.4
2023-12-12T11:30:00Z,73.66,1829.65
2023-12-12T12:00:00Z,76.77,2080.3
2023-12-12T12:30:00Z,78.12,2476.45
2023-12-12T13:00:00Z,77.4,2538.7
2023-12-12T13:30:00Z,74.9,2655.2
2023-12-12T14:00:00Z,80.23,3027.85
2023-12-12T14:30:00Z,84.66,2938.5
2023-12-12T15:00:00Z,77.11,2797.75
2023-12-12T15:30:00Z,78.28,2878.35
2023-12-12T16:00:00Z,78.51,2875.3
2023-12-12T16:30:00Z,84.59999999999998,3257.0
2023-12-12T17:00:00Z,86.37,3053.05
2023-12-12T17:30:00Z,89.96,3394.6
2023-12-12T18:00:00Z,88.85,2889.0
2023-12-12T18:30:00Z,86.31,2924.0
2023-12-12T19:00:00Z,0.0,0.0
2023-12-12T19:30:00Z,83.74,1485.65
2023-12-12T20:00:00Z,84.06004778509622,1548.6
2023-12-12T20:30:00Z,84.20302921447161,1364.05
2023-12-12T21:00:00Z,91.14,1520.1
2023-12-12T21:30:00Z,95.19,1833.35
2023-12-12T22:00:00Z,82.3,2016.15
2023-12-12T22:30:00Z,79.64,2159.4
2023-12-12T23:00:00Z,79.21,1341.9
2023-12-12T23:30:00Z,78.71,1104.2
2023-12-13T00:00:00Z,72.4,1044.55
2023-12-13T00:30:00Z,79.61,1286.4
2023-12-13T01:00:00Z,77.09,1349.4
2023-12-13T01:30:00Z,66.92,896.2
2023-12-13T02:00:00Z,66.17,1135.8
2023-12-13T02:30:00Z,63.99,984.6
2023-12-13T03:00:00Z,62.70000000000001,1239.5
2023-12-13T03:30:00Z,58.94,1072.35
2023-12-13T04:00:00Z,62.78,909.35
2023-12-13T04:30:00Z,61.5,1081.15
2023-12-13T05:00:00Z,67.99,1274.85
2023-12-13T05:30:00Z,73.57,1090.4
2023-12-13T06:00:00Z,96.22,1733.05
2023-12-13T06:30:00Z,73.22,2246.65
2023-12-13T07:00:00Z,79.24,2242.25
2023-12-13T07:30:00Z,90.88,2335.6
2023-12-13T08:00:00Z,77.28,2047.2
2023-12-13T08:30:00Z,67.88,1874.1
2023-12-13T09:00:00Z,72.07,2123.6
2023-12-13T09:30:00Z,75.59,2359.5
2023-12-13T10:00:00Z,81.25,2231.55
2023-12-13T10:30:00Z,79.72,2384.2
2023-12-13T11:00:00Z,77.32,1773.0
2023-12-13T11:30:00Z,80.94,1752.25
2023-12-13T12:00:00Z,85.37,1704.95
2023-12-13T12:30:00Z,90.67,1723.25
2023-12-13T13:00:00Z,86.41,1958.75
2023-12-13T13:30:00Z,88.26,2010.75
2023-12-13T14:00:00Z,92.19,2111.95
2023-12-13T14:30:00Z,86.25,2013.95
2023-12-13T15:00:00Z,92.18,1337.3
2023-12-13T15:30:00Z,91.26,1810.45
2023-12-13T16:00:00Z,88.8,1869.25
2023-12-13T16:30:00Z,86.55,2442.3
2023-12-13T17:00:00Z,82.18,2337.9
2023-12-13T17:30:00Z,81.74,2490.5
2023-12-13T18:00:00Z,81.88,2499.5
2023-12-13T18:30:00Z,87.54,2328.15
2023-12-13T19:00:00Z,88.15,2719.45
2023-12-13T19:30:00Z,90.66,2593.0
2023-12-13T20:00:00Z,83.67,2299.25
2023-12-13T20:30:00Z,85.22,2209.95
2023-12-13T21:00:00Z,81.07,1983.25
2023-12-13T21:30:00Z,74.83,1863.05
2023-12-13T22:00:00Z,82.79,2219.6
2023-12-13T22:30:00Z,66.21,1915.65
2023-12-13T23:00:00Z,66.96,1482.85
2023-12-13T23:30:00Z,66.57,1710.05
2023-12-14T00:00:00Z,68.76,1635.85
2023-12-14T00:30:00Z,70.37,1748.2
2023-12-14T01:00:00Z,68.07,1844.65
2023-12-14T01:30:00Z,69.6,1786.55
2023-12-14T02:00:00Z,72.33,1899.0
2023-12-14T02:30:00Z,63.82,1990.75
2023-12-14T03:00:00Z,64.34,1801.5
2023-12-14T03:30:00Z,67.66,2266.45
2023-12-14T04:00:00Z,69.65,1777.6
2023-12-14T04:30:00Z,72.93,1750.7
2023-12-14T05:00:00Z,84.66,2059.7
2023-12-14T05:30:00Z,87.21,1793.35
2023-12-14T06:00:00Z,95.23,1832.9
2023-12-14T06:30:00Z,86.39,2892.05
2023-12-14T07:00:00Z,104.38,2734.05
2023-12-14T07:30:00Z,107.03999999999999,3288.1
2023-12-14T08:00:00Z,102.31,2493.95
2023-12-14T08:30:00Z,105.8,2633.95
2023-12-14T09:00:00Z,108.8,2287.65
2023-12-14T09:30:00Z,106.01000000000002,2571.45
2023-12-14T10:00:00Z,98.08999999999999,2841.35
2023-12-14T10:30:00Z,96.2,2667.5
2023-12-14T11:00:00Z,85.04,2767.8
2023-12-14T11:30:00Z,79.8,2850.8
2023-12-14T12:00:00Z,79.6,2565.95
2023-12-14T12:30:00Z,77.84,2908.5
2023-12-14T13:00:00Z,83.89,2003.5
2023-12-14T13:30:00Z,79.85,2289.9
2023-12-14T14:00:00Z,86.92,2038.5
2023-12-14T14:30:00Z,96.36,2091.85
2023-12-14T15:00:00Z,94.75,1888.95
2023-12-14T15:30:00Z,98.81,1950.15
2023-12-14T16:00:00Z,99.19,1905.1
2023-12-14T16:30:00Z,100.95,2275.7
2023-12-14T17:00:00Z,97.33,2325.25
2023-12-14T17:30:00Z,95.3,2358.85
2023-12-14T18:00:00Z,95.11,2196.6
2023-12-14T18:30:00Z,94.41,2065.65
2023-12-14T19:00:00Z,88.16,2028.15
2023-12-14T19:30:00Z,83.76,1389.9
2023-12-14T20:00:00Z,82.06,1431.35
2023-12-14T20:30:00Z,80.69,1607.1
2023-12-14T21:00:00Z,76.32,1708.7
2023-12-14T21:30:00Z,82.21,2015.85
2023-12-14T22:00:00Z,78.58,1927.35
2023-12-14T22:30:00Z,72.25,1927.25
2023-12-14T23:00:00Z,62.339999999999996,1178.35
2023-12-14T23:30:00Z,69.29,1152.8
2023-12-15T00:00:00Z,63.14,970.95
2023-12-15T00:30:00Z,66.34,1204.85
2023-12-15T01:00:00Z,67.57,1423.8
2023-12-15T01:30:00Z,66.11,1391.1
2023-12-15T02:00:00Z,64.52,1214.65
2023-12-15T02:30:00Z,64.02,1566.8
2023-12-15T03:00:00Z,66.07,1658.05
2023-12-15T03:30:00Z,63.32,1270.35
2023-12-15T04:00:00Z,63.35999999999999,1184.1
2023-12-15T04:30:00Z,63.48,1585.95
2023-12-15T05:00:00Z,76.99,1809.8
2023-12-15T05:30:00Z,67.88,1861.35
2023-12-15T06:00:00Z,72.7,2295.15
2023-12-15T06:30:00Z,71.11,2464.85
2023-12-15T07:00:00Z,77.12,1926.95
2023-12-15T07:30:00Z,90.74,2434.7
2023-12-15T08:00:00Z,80.56,2095.75
2023-12-15T08:30:00Z,79.35,2293.25
2023-12-15T09:00:00Z,69.51,2304.5
2023-12-15T09:30:00Z,68.04,2412.3
2023-12-15T10:00:00Z,85.72,3231.55
2023-12-15T10:30:00Z,87.01,3212.7
2023-12-15T11:00:00Z,86.12,2905.95
2023-12-15T11:30:00Z,81.71,2650.0
2023-12-15T12:00:00Z,80.58,2955.9
2023-12-15T12:30:00Z,78.19,2618.7
2023-12-15T13:00:00Z,85.73,2159.2
2023-12-15T13:30:00Z,85.91,2516.75
2023-12-15T14:00:00Z,80.93,2260.85
2023-12-15T14:30:00Z,76.04,2335.55
2023-12-15T15:00:00Z,73.91,1980.25
2023-12-15T15:30:00Z,76.37,2196.6
2023-12-15T16:00:00Z,76.37,2097.85
2023-12-15T16:30:00Z,79.08,2492.85
2023-12-15T17:00:00Z,75.28,2379.5
2023-12-15T17:30:00Z,71.73,2829.75
2023-12-15T18:00:00Z,77.33,2804.45
2023-12-15T18:30:00Z,74.7,2803.35
2023-12-15T19:00:00Z,64.09,2007.95
2023-12-15T19:30:00Z,65.55,1712.55
2023-12-15T20:00:00Z,64.52,1603.65
2023-12-15T20:30:00Z,65.42,1562.8
2023-12-15T21:00:00Z,67.44,1765.6
2023-12-15T21:30:00Z,64.71,2018.9
2023-12-15T22:00:00Z,64.22,1888.7
2023-12-15T22:30:00Z,60.68,2357.35
2023-12-15T23:00:00Z,68.21,1658.85
2023-12-15T23:30:00Z,46.06,1407.15
2023-12-16T00:00:00Z,59.07,1537.35
2023-12-16T00:30:00Z,62.72999999999999,1395.2
2023-12-16T01:00:00Z,60.68,1543.4
2023-12-16T01:30:00Z,51.72,1668.85
2023-12-16T02:00:00Z,52.93,1465.9
2023-12-16T02:30:00Z,51.51,1599.8
2023-12-16T03:00:00Z,63.55,1499.95
2023-12-16T03:30:00Z,51.67000000000001,1420.2
2023-12-16T04:00:00Z,51.48,1735.55
2023-12-16T04:30:00Z,45.89,1808.0
2023-12-16T05:00:00Z,30.94,1335.75
2023-12-16T05:30:00Z,28.87,1379.65
2023-12-16T06:00:00Z,48.88,1204.5
2023-12-16T06:30:00Z,56.02,1379.75
2023-12-16T07:00:00Z,40.24,1163.15
2023-12-16T07:30:00Z,64.92,1224.5
2023-12-16T08:00:00Z,54.24,1389.6
2023-12-16T08:30:00Z,65.79,1919.6
2023-12-16T09:00:00Z,51.45000000000001,1620.35
2023-12-16T09:30:00Z,54.03,1743.1
2023-12-16T10:00:00Z,57.02,1512.15
2023-12-16T10:30:00Z,64.14,1674.45
2023-12-16T11:00:00Z,51.82,1644.2
2023-12-16T11:30:00Z,45.92,1601.75
2023-12-16T12:00:00Z,52.8,1758.9
2023-12-16T12:30:00Z,49.66,1724.25
2023-12-16T13:00:00Z,43.32,1587.75
2023-12-16T13:30:00Z,44.32,1639.35
2023-12-16T14:00:00Z,48.97,1919.65
2023-12-16T14:30:00Z,45.68,1972.15
2023-12-16T15:00:00Z,49.65999999999999,1416.65
2023-12-16T15:30:00Z,53.650000000000006,1556.15
2023-12-16T16:00:00Z,63.38,1400.5
2023-12-16T16:30:00Z,74.14,1954.65
2023-12-16T17:00:00Z,68.37,1859.75
2023-12-16T17:30:00Z,71.45,1739.2
2023-12-16T18:00:00Z,74.87,2033.95
2023-12-16T18:30:00Z,67.55,1646.25
2023-12-16T19:00:00Z,61.72,1385.5
2023-12-16T19:30:00Z,54.10999999999999,1383.9
2023-12-16T20:00:00Z,65.85,1639.5
2023-12-16T20:30:00Z,58.87,1529.05
2023-12-16T21:00:00Z,65.55,1514.6
2023-12-16T21:30:00Z,48.89999999999999,1432.1
2023-12-16T22:00:00Z,59.53,1577.65
2023-12-16T22:30:00Z,46.54,1755.5
2023-12-16T23:00:00Z,61.660000000000004,1154.05
2023-12-16T23:30:00Z,42.02,1061.15
2023-12-17T00:00:00Z,32.29,1152.25
2023-12-17T00:30:00Z,48.34,1291.5
2023-12-17T01:00:00Z,60.699999999999996,1296.8
2023-12-17T01:30:00Z,46.32,1088.9
2023-12-17T02:00:00Z,55.379999999999995,1558.3
2023-12-17T02:30:00Z,32.95,1160.3
2023-12-17T03:00:00Z,30.53,1537.55
2023-12-17T03:30:00Z,23.31,1409.55
2023-12-17T04:00:00Z,31.579999999999995,1486.25
2023-12-17T04:30:00Z,19.4,1445.2
2023-12-17T05:00:00Z,31.53,1237.45
2023-12-17T05:30:00Z,30.060000000000002,1113.6
2023-12-17T06:00:00Z,37.24,1289.3
2023-12-17T06:30:00Z,43.83,1326.4
2023-12-17T07:00:00Z,45.07000000000001,1489.7
2023-12-17T07:30:00Z,52.49,1329.8
2023-12-17T08:00:00Z,39.65,1334.2
2023-12-17T08:30:00Z,54.74,1621.95
2023-12-17T09:00:00Z,56.79,1699.2
2023-12-17T09:30:00Z,62.69,1413.9
2023-12-17T10:00:00Z,44.23,1462.55
2023-12-17T10:30:00Z,42.4,1747.65
2023-12-17T11:00:00Z,30.51,1768.45
2023-12-17T11:30:00Z,29.47,1991.3
2023-12-17T12:00:00Z,33.98,1734.8
2023-12-17T12:30:00Z,43.54,1730.75
2023-12-17T13:00:00Z,42.26,1864.65
2023-12-17T13:30:00Z,38.75,1715.6
2023-12-17T14:00:00Z,44.18,2017.45
2023-12-17T14:30:00Z,49.85,2024.85
2023-12-17T15:00:00Z,66.29,1577.7
2023-12-17T15:30:00Z,69.92,1430.65
2023-12-17T16:00:00Z,79.84,1492.3
2023-12-17T16:30:00Z,85.13,1595.15
2023-12-17T17:00:00Z,87.72,1179.5
2023-12-17T17:30:00Z,87.7,1368.55
2023-12-17T18:00:00Z,88.66,1604.3
2023-12-17T18:30:00Z,82.06,1432.75
2023-12-17T19:00:00Z,70.03,1857.6
2023-12-17T19:30:00Z,69.04,1692.55
2023-12-17T20:00:00Z,73.5,1701.3
2023-12-17T20:30:00Z,72.75,1669.15
2023-12-17T21:00:00Z,73.56,1513.45
2023-12-17T21:30:00Z,71.18,1440.75
2023-12-17T22:00:00Z,73.96,1492.35
2023-12-17T22:30:00Z,64.47,1466.8
2023-12-17T23:00:00Z,54.49,935.95
2023-12-17T23:30:00Z,52.84,919.9
2023-12-18T00:00:00Z,43.35,1143.7
2023-12-18T00:30:00Z,56.88999999999999,1364.25
2023-12-18T01:00:00Z,64.1,1016.55
2023-12-18T01:30:00Z,56.39,1200.15
2023-12-18T02:00:00Z,45.06,1170.35
2023-12-18T02:30:00Z,42.93,1255.3
2023-12-18T03:00:00Z,49.52,1081.35
2023-12-18T03:30:00Z,43.2,1169.7
2023-12-18T04:00:00Z,50.93,943.45
2023-12-18T04:30:00Z,45.050000000000004,967.65
2023-12-18T05:00:00Z,56.099999999999994,1274.5
2023-12-18T05:30:00Z,32.21,1257.9
2023-12-18T06:00:00Z,75.42,1748.45
2023-12-18T06:30:00Z,79.07,1899.3
2023-12-18T07:00:00Z,77.69,1505.05
2023-12-18T07:30:00Z,83.2,2129.3
2023-12-18T08:00:00Z,77.87,1496.05
2023-12-18T08:30:00Z,82.37,1791.4
2023-12-18T09:00:00Z,77.97,1410.75
2023-12-18T09:30:00Z,79.15,1667.1
2023-12-18T10:00:00Z,68.32,1822.4
2023-12-18T10:30:00Z,69.3,1950.65
2023-12-18T11:00:00Z,70.51999999999998,1950.4
2023-12-18T11:30:00Z,59.29,1843.25
2023-12-18T12:00:00Z,63.42,1857.4
2023-12-18T12:30:00Z,67.72,2178.6
2023-12-18T13:00:00Z,67.66,1674.35
2023-12-18T13:30:00Z,62.67000000000001,1661.9
2023-12-18T14:00:00Z,62.86,1767.15
2023-12-18T14:30:00Z,61.51,1704.65
2023-12-18T15:00:00Z,66.52,2144.2
2023-12-18T15:30:00Z,72.97,1759.35
2023-12-18T16:00:00Z,65.59,2114.5
2023-12-18T16:30:00Z,75.9,2300.65
2023-12-18T17:00:00Z,76.99,2247.1
2023-12-18T17:30:00Z,76.72,2451.15
2023-12-18T18:00:00Z,76.53,2412.75
2023-12-18T18:30:00Z,78.36,2376.95
2023-12-18T19:00:00Z,73.05,2744.1
2023-12-18T19:30:00Z,70.62,2942.0
2023-12-18T20:00:00Z,66.81,2964.0
2023-12-18T20:30:00Z,72.17,2966.05
2023-12-18T21:00:00Z,71.95,2611.3
2023-12-18T21:30:00Z,71.69,2281.25
2023-12-18T22:00:00Z,68.37,2746.6
2023-12-18T22:30:00Z,64.87,2613.35
2023-12-18T23:00:00Z,64.8,1704.0
2023-12-18T23:30:00Z,48.21,1673.25
2023-12-19T00:00:00Z,43.22999999999999,1698.55
2023-12-19T00:30:00Z,56.05,1898.55
2023-12-19T01:00:00Z,47.66,2100.95
2023-12-19T01:30:00Z,49.2,1711.35
2023-12-19T02:00:00Z,52.33,2317.65
2023-12-19T02:30:00Z,48.27,1935.75
2023-12-19T03:00:00Z,48.12,1891.5
2023-12-19T03:30:00Z,44.82,2039.4
2023-12-19T04:00:00Z,49.83,1838.1
2023-12-19T04:30:00Z,45.44,1706.35
2023-12-19T05:00:00Z,79.39,2162.9
2023-12-19T05:30:00Z,65.22,2595.1
2023-12-19T06:00:00Z,80.79,2646.95
2023-12-19T06:30:00Z,81.87,2351.1
2023-12-19T07:00:00Z,88.05,2405.15
2023-12-19T07:30:00Z,92.89,2933.7
2023-12-19T08:00:00Z,87.96,2118.05
2023-12-19T08:30:00Z,91.18,2561.5
2023-12-19T09:00:00Z,88.93,2627.55
2023-12-19T09:30:00Z,88.83,2716.05
2023-12-19T10:00:00Z,87.37,3117.15
2023-12-19T10:30:00Z,89.17,2884.25
2023-12-19T11:00:00Z,91.54,2629.65
2023-12-19T11:30:00Z,91.68,3058.6
2023-12-19T12:00:00Z,89.05000000000001,3067.7
2023-12-19T12:30:00Z,82.32999999999998,3251.85
2023-12-19T13:00:00Z,79.62,3445.05
2023-12-19T13:30:00Z,75.51,3022.95
2023-12-19T14:00:00Z,81.92,2979.15
2023-12-19T14:30:00Z,76.16,2871.4
2023-12-19T15:00:00Z,80.96,2243.15
2023-12-19T15:30:00Z,82.44,2257.1
2023-12-19T16:00:00Z,81.07,2106.7
2023-12-19T16:30:00Z,84.06,2369.9
2023-12-19T17:00:00Z,79.43,2904.55
2023-12-19T17:30:00Z,76.44,2796.6
2023-12-19T18:00:00Z,74.05,2567.7
2023-12-19T18:30:00Z,72.87,2728.8
2023-12-19T19:00:00Z,65.91,2032.8
2023-12-19T19:30:00Z,60.97,1943.55
2023-12-19T20:00:00Z,65.36,2425.45
2023-12-19T20:30:00Z,70.72,2573.9
2023-12-19T21:00:00Z,67.02,1945.9
2023-12-19T21:30:00Z,53.66,1886.35
2023-12-19T22:00:00Z,40.97,1672.55
2023-12-19T22:30:00Z,16.7,2204.65
2023-12-19T23:00:00Z,33.78,1802.7
2023-12-19T23:30:00Z,22.55,1902.95
2023-12-20T00:00:00Z,41.11,2004.15
2023-12-20T00:30:00Z,39.86000000000001,1903.05
2023-12-20T01:00:00Z,33.45,1922.75
2023-12-20T01:30:00Z,27.66,1846.15
2023-12-20T02:00:00Z,25.83,1474.55
2023-12-20T02:30:00Z,30.7,2076.0
2023-12-20T03:00:00Z,20.42,1554.35
2023-12-20T03:30:00Z,14.729999999999999,1177.9
2023-12-20T04:00:00Z,-14.739999999999998,1265.95
2023-12-20T04:30:00Z,-19.03,1451.4
2023-12-20T05:00:00Z,7.15,1873.0
2023-12-20T05:30:00Z,10.15,1874.25
2023-12-20T06:00:00Z,17.84,1674.0
2023-12-20T06:30:00Z,58.31,2450.15
2023-12-20T07:00:00Z,38.04,1627.0
2023-12-20T07:30:00Z,77.16,1926.2
2023-12-20T08:00:00Z,63.02000000000001,1550.6
2023-12-20T08:30:00Z,67.85,1585.85
2023-12-20T09:00:00Z,56.21,1670.35
2023-12-20T09:30:00Z,50.9,1714.35
2023-12-20T10:00:00Z,53.29,2048.65
2023-12-20T10:30:00Z,54.51,2106.7
2023-12-20T11:00:00Z,50.94,1502.3
2023-12-20T11:30:00Z,55.57000000000001,1835.15
2023-12-20T12:00:00Z,56.79,1905.9
2023-12-20T12:30:00Z,49.94,2044.95
2023-12-20T13:00:00Z,47.3,2394.25
2023-12-20T13:30:00Z,44.94,2425.7
2023-12-20T14:00:00Z,54.78,2788.3
2023-12-20T14:30:00Z,57.99000000000001,2761.35
2023-12-20T15:00:00Z,57.54,2133.15
2023-12-20T15:30:00Z,66.11,2245.75
2023-12-20T16:00:00Z,67.94,2465.0
2023-12-20T16:30:00Z,66.22,2696.05
2023-12-20T17:00:00Z,60.87,2763.25
2023-12-20T17:30:00Z,59.96,2844.2
2023-12-20T18:00:00Z,66.04,2744.1
2023-12-20T18:30:00Z,60.6,2796.8
2023-12-20T19:00:00Z,56.0,2640.25
2023-12-20T19:30:00Z,53.55,2288.85
2023-12-20T20:00:00Z,49.3,2083.95
2023-12-20T20:30:00Z,35.75,1746.05
2023-12-20T21:00:00Z,33.61,1970.3
2023-12-20T21:30:00Z,27.96,2137.6
2023-12-20T22:00:00Z,28.14,2407.3
2023-12-20T22:30:00Z,15.829999999999998,2667.45
2023-12-20T23:00:00Z,20.34,2153.6
2023-12-20T23:30:00Z,4.16,1803.0
2023-12-21T00:00:00Z,22.63,2032.85
2023-12-21T00:30:00Z,40.25,2302.7
2023-12-21T01:00:00Z,40.06,2265.8
2023-12-21T01:30:00Z,25.32,2240.3
2023-12-21T02:00:00Z,19.2,1900.85
2023-12-21T02:30:00Z,12.72,2303.5
2023-12-21T03:00:00Z,-1.59,2490.3
2023-12-21T03:30:00Z,12.12,2857.35
2023-12-21T04:00:00Z,26.750000000000004,2622.35
2023-12-21T04:30:00Z,21.71,2773.2
2023-12-21T05:00:00Z,47.25,2401.45
2023-12-21T05:30:00Z,54.88,2621.25
2023-12-21T06:00:00Z,44.51,2538.05
2023-12-21T06:30:00Z,64.08,2953.7
2023-12-21T07:00:00Z,43.71,2581.8
2023-12-21T07:30:00Z,54.07,2981.4
2023-12-21T08:00:00Z,61.150000000000006,2519.35
2023-12-21T08:30:00Z,62.5,2378.4
2023-12-21T09:00:00Z,61.01,1641.95
2023-12-21T09:30:00Z,54.99000000000001,1565.9
2023-12-21T10:00:00Z,52.75,1935.95
2023-12-21T10:30:00Z,46.08,2055.0
2023-12-21T11:00:00Z,43.65,1938.85
2023-12-21T11:30:00Z,45.54,1978.35
2023-12-21T12:00:00Z,46.76,2097.4
2023-12-21T12:30:00Z,38.56,2140.45
2023-12-21T13:00:00Z,43.29,2113.55
2023-12-21T13:30:00Z,40.38,2199.6
2023-12-21T14:00:00Z,46.48,2577.7
2023-12-21T14:30:00Z,43.2,2771.35
2023-12-21T15:00:00Z,41.76,2390.55
2023-12-21T15:30:00Z,58.89999999999999,2426.4
2023-12-21T16:00:00Z,68.28,2341.5
2023-12-21T16:30:00Z,76.36,2851.2
2023-12-21T17:00:00Z,78.87,2462.85
2023-12-21T17:30:00Z,77.59,2318.85
2023-12-21T18:00:00Z,55.61999999999999,2568.6
2023-12-21T18:30:00Z,45.7,2381.1
2023-12-21T19:00:00Z,47.09,2163.25
2023-12-21T19:30:00Z,37.43,1548.9
2023-12-21T20:00:00Z,39.16,1699.3
2023-12-21T20:30:00Z,27.35,1707.15
2023-12-21T21:00:00Z,20.0,1656.75
2023-12-21T21:30:00Z,15.36,2050.4
2023-12-21T22:00:00Z,27.16,2725.0
2023-12-21T22:30:00Z,12.36,2629.25
2023-12-21T23:00:00Z,5.41,1191.55
2023-12-21T23:30:00Z,-0.56,1453.65
2023-12-22T00:00:00Z,14.7,1772.15
2023-12-22T00:30:00Z,40.34,2124.8
2023-12-22T01:00:00Z,8.53,1784.2
2023-12-22T01:30:00Z,11.46,2060.35
2023-12-22T02:00:00Z,20.58,2039.9
2023-12-22T02:30:00Z,5.789999999999999,1750.2
2023-12-22T03:00:00Z,-4.55,2138.6
2023-12-22T03:30:00Z,-6.2,2543.85
2023-12-22T04:00:00Z,-3.01,2395.75
2023-12-22T04:30:00Z,-4.55,1890.8
2023-12-22T05:00:00Z,18.05,1999.5
2023-12-22T05:30:00Z,14.19,1705.05
2023-12-22T06:00:00Z,12.62,2483.7
2023-12-22T06:30:00Z,28.290000000000003,2585.05
2023-12-22T07:00:00Z,8.6,2028.0
2023-12-22T07:30:00Z,33.84,2125.85
2023-12-22T08:00:00Z,40.81,1820.5
2023-12-22T08:30:00Z,53.34,2059.2
2023-12-22T09:00:00Z,56.37,2271.25
2023-12-22T09:30:00Z,55.88999999999999,2345.45
2023-12-22T10:00:00Z,52.42,2204.15
2023-12-22T10:30:00Z,54.61,2425.45
2023-12-22T11:00:00Z,50.4,1777.6
2023-12-22T11:30:00Z,53.92,2015.55
2023-12-22T12:00:00Z,55.68,1820.25
2023-12-22T12:30:00Z,53.13,1768.55
2023-12-22T13:00:00Z,59.41,1833.05
2023-12-22T13:30:00Z,63.72,2249.0
2023-12-22T14:00:00Z,64.62,2124.9
2023-12-22T14:30:00Z,72.13,2881.7
2023-12-22T15:00:00Z,64.77,2914.75
2023-12-22T15:30:00Z,65.71,2834.75
2023-12-22T16:00:00Z,76.1,2779.65
2023-12-22T16:30:00Z,78.45,3045.75
2023-12-22T17:00:00Z,82.62,2464.75
2023-12-22T17:30:00Z,85.13,2345.9
2023-12-22T18:00:00Z,85.69,2297.7
2023-12-22T18:30:00Z,84.7,2640.05
2023-12-22T19:00:00Z,88.43,2092.8
2023-12-22T19:30:00Z,88.8,2008.0
2023-12-22T20:00:00Z,91.6,1858.05
2023-12-22T20:30:00Z,94.03,2233.55
2023-12-22T21:00:00Z,90.2,1928.45
2023-12-22T21:30:00Z,84.51,2070.5
2023-12-22T22:00:00Z,68.19,1854.7
2023-12-22T22:30:00Z,62.79,1919.95
2023-12-22T23:00:00Z,46.09,1542.7
2023-12-22T23:30:00Z,22.94,1667.8
2023-12-23T00:00:00Z,6.320000000000001,1368.05
2023-12-23T00:30:00Z,0.42,1269.7
2023-12-23T01:00:00Z,7.87,1170.05
2023-12-23T01:30:00Z,0.18,1342.4
2023-12-23T02:00:00Z,-0.87,1209.6
2023-12-23T02:30:00Z,-3.96,1334.5
2023-12-23T03:00:00Z,-2.13,988.5
2023-12-23T03:30:00Z,-7.1,1072.15
2023-12-23T04:00:00Z,-6.48,1113.35
2023-12-23T04:30:00Z,5.08,1424.75
2023-12-23T05:00:00Z,1.01,1249.0
2023-12-23T05:30:00Z,-2.98,1246.85
2023-12-23T06:00:00Z,3.9800000000000004,1186.3
2023-12-23T06:30:00Z,4.65,1095.3
2023-12-23T07:00:00Z,13.72,935.6
2023-12-23T07:30:00Z,27.83,1056.65
2023-12-23T08:00:00Z,25.569999999999997,1305.95
2023-12-23T08:30:00Z,45.74,1238.7
2023-12-23T09:00:00Z,52.01,1241.95
2023-12-23T09:30:00Z,55.78,1593.85
2023-12-23T10:00:00Z,50.01,1203.1
2023-12-23T10:30:00Z,48.03,1123.6
2023-12-23T11:00:00Z,60.86,1006.45
2023-12-23T11:30:00Z,60.4,1293.65
2023-12-23T12:00:00Z,53.59000000000001,1453.3
2023-12-23T12:30:00Z,54.39,1665.95
2023-12-23T13:00:00Z,65.3,1167.15
2023-12-23T13:30:00Z,63.43,1420.65
2023-12-23T14:00:00Z,67.29,1821.1
2023-12-23T14:30:00Z,57.95,2051.45
2023-12-23T15:00:00Z,50.68000000000001,1314.35
2023-12-23T15:30:00Z,49.870000000000005,1527.75
2023-12-23T16:00:00Z,55.09,1169.75
2023-12-23T16:30:00Z,65.05,1337.1
2023-12-23T17:00:00Z,55.87,1525.5
2023-12-23T17:30:00Z,54.71,1495.25
2023-12-23T18:00:00Z,54.7,1823.4
2023-12-23T18:30:00Z,47.71000000000001,1724.0
2023-12-23T19:00:00Z,29.19,1885.85
2023-12-23T19:30:00Z,22.37,1699.4
2023-12-23T20:00:00Z,33.08,1542.8
2023-12-23T20:30:00Z,23.45,1444.75
2023-12-23T21:00:00Z,18.19,1862.7
2023-12-23T21:30:00Z,5.329999999999999,1626.8
2023-12-23T22:00:00Z,23.24,1582.4
2023-12-23T22:30:00Z,10.32,1625.05
2023-12-23T23:00:00Z,-6.76,1098.5
2023-12-23T23:30:00Z,14.210000000000003,1230.7
2023-12-24T00:00:00Z,2.1,1009.9
2023-12-24T00:30:00Z,23.93,999.95
2023-12-24T01:00:00Z,17.64,741.3
2023-12-24T01:30:00Z,-2.97,754.8
2023-12-24T02:00:00Z,-1.92,878.3
2023-12-24T02:30:00Z,0.63,896.35
2023-12-24T03:00:00Z,7.48,1027.45
2023-12-24T03:30:00Z,-2.6,729.15
2023-12-24T04:00:00Z,-5.7,763.8
2023-12-24T04:30:00Z,-7.76,910.05
2023-12-24T05:00:00Z,-9.56,1017.95
2023-12-24T05:30:00Z,-9.26,971.4
2023-12-24T06:00:00Z,-2.31,968.35
2023-12-24T06:30:00Z,5.7,1105.1
2023-12-24T07:00:00Z,2.23,1078.3
2023-12-24T07:30:00Z,8.07,1284.35
2023-12-24T08:00:00Z,14.49,1312.85
2023-12-24T08:30:00Z,29.439999999999998,1481.35
2023-12-24T09:00:00Z,6.08,2243.9
2023-12-24T09:30:00Z,3.72,1874.5
2023-12-24T10:00:00Z,3.31,1392.85
2023-12-24T10:30:00Z,0.68,1200.75
2023-12-24T11:00:00Z,-21.680000000000003,873.7
2023-12-24T11:30:00Z,-3.83,1134.85
2023-12-24T12:00:00Z,12.04,1095.8
2023-12-24T12:30:00Z,11.24,1355.75
2023-12-24T13:00:00Z,0.47,1037.45
2023-12-24T13:30:00Z,0.1,1158.85
2023-12-24T14:00:00Z,0.13,1032.75
2023-12-24T14:30:00Z,3.71,1177.2
2023-12-24T15:00:00Z,11.0,1007.95
2023-12-24T15:30:00Z,28.37,1264.6
2023-12-24T16:00:00Z,15.34,1240.05
2023-12-24T16:30:00Z,33.13,1444.6
2023-12-24T17:00:00Z,50.46,1603.75
2023-12-24T17:30:00Z,45.35,1682.0
2023-12-24T18:00:00Z,38.08,1093.5
2023-12-24T18:30:00Z,25.81,1276.2
2023-12-24T19:00:00Z,11.32,1383.2
2023-12-24T19:30:00Z,-0.49,1002.9
2023-12-24T20:00:00Z,-4.13,760.35
2023-12-24T20:30:00Z,-8.82,748.45
2023-12-24T21:00:00Z,-8.92,1082.25
2023-12-24T21:30:00Z,-14.86,1158.95
2023-12-24T22:00:00Z,2.8999999999999995,1487.1
2023-12-24T22:30:00Z,-12.99,1388.8
2023-12-24T23:00:00Z,-10.05,1796.9
2023-12-24T23:30:00Z,-18.28,1720.85
2023-12-25T00:00:00Z,-17.17,986.4
2023-12-25T00:30:00Z,-2.29,874.2
2023-12-25T01:00:00Z,-18.02,854.6
2023-12-25T01:30:00Z,-19.16,860.25
2023-12-25T02:00:00Z,-18.55,878.7
2023-12-25T02:30:00Z,-12.14,1129.05
2023-12-25T03:00:00Z,-17.27,791.2
2023-12-25T03:30:00Z,-17.99,814.3
2023-12-25T04:00:00Z,-17.65,731.45
2023-12-25T04:30:00Z,-17.6,803.0
2023-12-25T05:00:00Z,-13.75,846.25
2023-12-25T05:30:00Z,-9.81,831.85
2023-12-25T06:00:00Z,-9.89,764.7
2023-12-25T06:30:00Z,2.15,989.95
2023-12-25T07:00:00Z,15.27,1436.8
2023-12-25T07:30:00Z,60.51,1589.45
2023-12-25T08:00:00Z,70.34000000000002,1887.75
2023-12-25T08:30:00Z,88.2,2029.45
2023-12-25T09:00:00Z,98.04,1884.55
2023-12-25T09:30:00Z,100.02,1865.35
2023-12-25T10:00:00Z,97.91,2041.45
2023-12-25T10:30:00Z,95.30999999999999,1809.55
2023-12-25T11:00:00Z,96.65,1497.05
2023-12-25T11:30:00Z,96.42000000000002,1446.15
2023-12-25T12:00:00Z,97.66000000000001,1419.6
2023-12-25T12:30:00Z,106.68,1778.65
2023-12-25T13:00:00Z,111.57,1821.4
2023-12-25T13:30:00Z,110.81,1775.5
2023-12-25T14:00:00Z,109.02,1840.5
2023-12-25T14:30:00Z,99.82,1744.1
2023-12-25T15:00:00Z,86.01,1456.05
2023-12-25T15:30:00Z,82.88,1854.0
2023-12-25T16:00:00Z,78.7,1536.15
2023-12-25T16:30:00Z,73.75,1882.95
2023-12-25T17:00:00Z,47.75,1729.65
2023-12-25T17:30:00Z,31.459999999999997,1435.8
2023-12-25T18:00:00Z,27.060000000000002,1492.05
2023-12-25T18:30:00Z,21.33,1546.8
2023-12-25T19:00:00Z,2.14,1237.85
2023-12-25T19:30:00Z,-0.27,1107.35
2023-12-25T20:00:00Z,0.12,886.0
2023-12-25T20:30:00Z,-5.37,1172.75
2023-12-25T21:00:00Z,-3.08,1233.15
2023-12-25T21:30:00Z,-5.12,1302.1
2023-12-25T22:00:00Z,-4.37,1126.7
2023-12-25T22:30:00Z,-3.7899999999999996,1184.0
2023-12-25T23:00:00Z,-20.8,1068.25
2023-12-25T23:30:00Z,-20.0,852.45
2023-12-26T00:00:00Z,-6.54,1074.4
2023-12-26T00:30:00Z,-3.63,1071.75
2023-12-26T01:00:00Z,-9.79,986.05
2023-12-26T01:30:00Z,-12.46,1003.85
2023-12-26T02:00:00Z,-12.36,884.45
2023-12-26T02:30:00Z,-14.16,978.7
2023-12-26T03:00:00Z,-13.96,1035.2
2023-12-26T03:30:00Z,-13.08,1013.4
2023-12-26T04:00:00Z,-13.65,930.95
2023-12-26T04:30:00Z,-12.72,912.85
2023-12-26T05:00:00Z,-17.98,835.65
2023-12-26T05:30:00Z,-9.98,879.85
2023-12-26T06:00:00Z,-15.780000000000001,915.05
2023-12-26T06:30:00Z,-4.6,997.05
2023-12-26T07:00:00Z,9.12,1762.3
2023-12-26T07:30:00Z,14.099999999999998,1774.95
2023-12-26T08:00:00Z,11.86,1989.75
2023-12-26T08:30:00Z,30.869999999999997,2303.75
2023-12-26T09:00:00Z,51.580000000000005,1800.25
2023-12-26T09:30:00Z,43.32,2288.6
2023-12-26T10:00:00Z,41.68,2103.9
2023-12-26T10:30:00Z,50.91,2034.5
2023-12-26T11:00:00Z,57.11,1470.2
2023-12-26T11:30:00Z,67.59,1384.1
2023-12-26T12:00:00Z,73.4,1426.65
2023-12-26T12:30:00Z,78.53,1243.05
2023-12-26T13:00:00Z,81.25,1340.3
2023-12-26T13:30:00Z,86.08,1516.05
2023-12-26T14:00:00Z,92.66,1715.75
2023-12-26T14:30:00Z,99.14,1848.75
2023-12-26T15:00:00Z,118.71,2384.8
2023-12-26T15:30:00Z,117.26,2667.35
2023-12-26T16:00:00Z,120.18,2101.7
2023-12-26T16:30:00Z,121.09,2135.65
2023-12-26T17:00:00Z,117.02,2040.75
2023-12-26T17:30:00Z,114.75,2235.9
2023-12-26T18:00:00Z,112.55,2065.6
2023-12-26T18:30:00Z,108.78,2063.7
2023-12-26T19:00:00Z,100.43,1424.15
2023-12-26T19:30:00Z,92.38,1541.4
2023-12-26T20:00:00Z,84.9,1544.1
2023-12-26T20:30:00Z,83.44,1693.85
2023-12-26T21:00:00Z,87.23,1765.75
2023-12-26T21:30:00Z,77.09,1530.3
2023-12-26T22:00:00Z,78.29,1378.8
2023-12-26T22:30:00Z,83.28,1583.85
2023-12-26T23:00:00Z,79.54,1482.35
2023-12-26T23:30:00Z,57.67,1296.5
2023-12-27T00:00:00Z,46.8,1488.6
2023-12-27T00:30:00Z,48.47,1215.15
2023-12-27T01:00:00Z,51.27,1919.1
2023-12-27T01:30:00Z,36.53,2112.95
2023-12-27T02:00:00Z,53.32,1725.25
2023-12-27T02:30:00Z,38.72,1742.9
2023-12-27T03:00:00Z,42.99,1655.7
2023-12-27T03:30:00Z,27.809999999999995,1846.25
2023-12-27T04:00:00Z,31.010000000000005,1349.75
2023-12-27T04:30:00Z,30.66,1706.5
2023-12-27T05:00:00Z,44.1,1249.25
2023-12-27T05:30:00Z,33.55,1534.6
2023-12-27T06:00:00Z,36.0,1250.8
2023-12-27T06:30:00Z,43.54,1661.3
2023-12-27T07:00:00Z,36.35,1283.2
2023-12-27T07:30:00Z,34.53,1482.7
2023-12-27T08:00:00Z,24.49,1330.4
2023-12-27T08:30:00Z,36.7,1552.5
2023-12-27T09:00:00Z,35.06,1644.1
2023-12-27T09:30:00Z,57.45,2091.55
2023-12-27T10:00:00Z,56.61,2339.6
2023-12-27T10:30:00Z,64.26,2715.8
2023-12-27T11:00:00Z,45.44,2082.75
2023-12-27T11:30:00Z,58.470000000000006,2493.5
2023-12-27T12:00:00Z,61.81,2110.25
2023-12-27T12:30:00Z,61.5,2387.65
2023-12-27T13:00:00Z,66.45,1971.3
2023-12-27T13:30:00Z,65.78,1846.85
2023-12-27T14:00:00Z,65.48,2248.9
2023-12-27T14:30:00Z,65.28,2526.8
2023-12-27T15:00:00Z,72.62,2220.4
2023-12-27T15:30:00Z,77.3,2497.2
2023-12-27T16:00:00Z,69.77,2697.65
2023-12-27T16:30:00Z,76.24,2497.95
2023-12-27T17:00:00Z,52.190000000000005,2601.85
2023-12-27T17:30:00Z,48.67999999999999,2763.1
2023-12-27T18:00:00Z,58.78000000000001,2681.85
2023-12-27T18:30:00Z,53.29,2426.1
2023-12-27T19:00:00Z,19.09,2212.55
2023-12-27T19:30:00Z,13.59,2169.9
2023-12-27T20:00:00Z,31.99,2572.15
2023-12-27T20:30:00Z,27.05,2508.55
2023-12-27T21:00:00Z,27.02,2699.8
2023-12-27T21:30:00Z,9.02,2682.3
2023-12-27T22:00:00Z,9.22,2751.8
2023-12-27T22:30:00Z,5.08,3160.15
2023-12-27T23:00:00Z,-2.11,1451.55
2023-12-27T23:30:00Z,-3.1000000000000005,1374.0
2023-12-28T00:00:00Z,-6.47,1556.0
2023-12-28T00:30:00Z,1.08,1498.0
2023-12-28T01:00:00Z,7.5,1713.7
2023-12-28T01:30:00Z,6.25,1965.05
2023-12-28T02:00:00Z,4.15,1943.4
2023-12-28T02:30:00Z,4.81,1861.2
2023-12-28T03:00:00Z,-2.55,1505.35
2023-12-28T03:30:00Z,-5.9,1555.3
2023-12-28T04:00:00Z,-6.39,1431.25
2023-12-28T04:30:00Z,-8.51,1540.8
2023-12-28T05:00:00Z,-4.85,1036.75
2023-12-28T05:30:00Z,-7.37,1209.25
2023-12-28T06:00:00Z,-5.739999999999999,1540.95
2023-12-28T06:30:00Z,-3.5599999999999996,1499.1
2023-12-28T07:00:00Z,7.120000000000001,1596.15
2023-12-28T07:30:00Z,10.27,1512.55
2023-12-28T08:00:00Z,4.97,1584.7
2023-12-28T08:30:00Z,18.12,1581.15
2023-12-28T09:00:00Z,8.91,1393.35
2023-12-28T09:30:00Z,8.99,1522.95
2023-12-28T10:00:00Z,18.93,1711.5
2023-12-28T10:30:00Z,31.52,2298.4
2023-12-28T11:00:00Z,37.28,1622.75
2023-12-28T11:30:00Z,35.92,1988.6
2023-12-28T12:00:00Z,28.06,1861.35
2023-12-28T12:30:00Z,38.92,1984.1
2023-12-28T13:00:00Z,38.4,2124.3
2023-12-28T13:30:00Z,39.05,2265.85
2023-12-28T14:00:00Z,40.93,2544.35
2023-12-28T14:30:00Z,38.08,2505.95
2023-12-28T15:00:00Z,38.03,1275.0
2023-12-28T15:30:00Z,37.59,1511.05
2023-12-28T16:00:00Z,50.07,1546.65
2023-12-28T16:30:00Z,67.12,2021.8
2023-12-28T17:00:00Z,76.62,2008.6
2023-12-28T17:30:00Z,78.99,1970.05
2023-12-28T18:00:00Z,77.45,2083.25
2023-12-28T18:30:00Z,71.49,2168.15
2023-12-28T19:00:00Z,54.92,1722.4
2023-12-28T19:30:00Z,24.21,1569.5
2023-12-28T20:00:00Z,25.96,2016.05
2023-12-28T20:30:00Z,21.12,1635.9
2023-12-28T21:00:00Z,6.89,1717.85
2023-12-28T21:30:00Z,-2.87,1381.25
2023-12-28T22:00:00Z,0.85,1045.8
2023-12-28T22:30:00Z,-7.380000000000001,1239.05
2023-12-28T23:00:00Z,-10.78,1390.6
2023-12-28T23:30:00Z,-8.13,1239.95
2023-12-29T00:00:00Z,-4.31,1075.25
2023-12-29T00:30:00Z,3.13,1443.1
2023-12-29T01:00:00Z,4.41,1210.45
2023-12-29T01:30:00Z,1.34,1462.35
2023-12-29T02:00:00Z,-0.7,962.65
2023-12-29T02:30:00Z,-2.07,1086.3
2023-12-29T03:00:00Z,1.65,996.75
2023-12-29T03:30:00Z,-2.71,967.8
2023-12-29T04:00:00Z,6.61,1144.2
2023-12-29T04:30:00Z,-0.1,1146.85
2023-12-29T05:00:00Z,5.86,1067.2
2023-12-29T05:30:00Z,5.13,1212.95
2023-12-29T06:00:00Z,4.03,1482.85
2023-12-29T06:30:00Z,11.559999999999999,1935.45
2023-12-29T07:00:00Z,41.66,2427.4
2023-12-29T07:30:00Z,59.77000000000001,2570.35
2023-12-29T08:00:00Z,83.87,2244.2
2023-12-29T08:30:00Z,92.97,2826.85
2023-12-29T09:00:00Z,91.68,2034.25
2023-12-29T09:30:00Z,90.83,2334.45
2023-12-29T10:00:00Z,88.38,2181.55
2023-12-29T10:30:00Z,91.0,2113.45
2023-12-29T11:00:00Z,82.24,2047.4
2023-12-29T11:30:00Z,82.98,2135.7
2023-12-29T12:00:00Z,83.18,2386.35
2023-12-29T12:30:00Z,81.44,2125.9
2023-12-29T13:00:00Z,80.65,2130.85
2023-12-29T13:30:00Z,78.07,2389.0
2023-12-29T14:00:00Z,78.1,2584.35
2023-12-29T14:30:00Z,82.88,2597.55
2023-12-29T15:00:00Z,89.77,2889.7
2023-12-29T15:30:00Z,95.01999999999998,2819.15
2023-12-29T16:00:00Z,97.14,2795.3
2023-12-29T16:30:00Z,101.73,2817.1
2023-12-29T17:00:00Z,107.21,2923.55
2023-12-29T17:30:00Z,108.78,3118.15
2023-12-29T18:00:00Z,104.92,3119.55
2023-12-29T18:30:00Z,103.2,2960.9
2023-12-29T19:00:00Z,94.94,2487.45
2023-12-29T19:30:00Z,82.62,2292.45
2023-12-29T20:00:00Z,80.79,2439.15
2023-12-29T20:30:00Z,76.61,2562.3
2023-12-29T21:00:00Z,82.93,1863.45
2023-12-29T21:30:00Z,73.67,1949.75
2023-12-29T22:00:00Z,81.45,1834.15
2023-12-29T22:30:00Z,75.55,1985.55
2023-12-29T23:00:00Z,56.26,1115.85
2023-12-29T23:30:00Z,50.86,1174.0
2023-12-30T00:00:00Z,47.67,1292.45
2023-12-30T00:30:00Z,64.0,1196.5
2023-12-30T01:00:00Z,56.45,1411.45
2023-12-30T01:30:00Z,53.09,1590.3
2023-12-30T02:00:00Z,57.42,1306.3
2023-12-30T02:30:00Z,50.8,1218.4
2023-12-30T03:00:00Z,42.15,1079.45
2023-12-30T03:30:00Z,45.6,1091.75
2023-12-30T04:00:00Z,48.22,1079.85
2023-12-30T04:30:00Z,48.61,1039.5
2023-12-30T05:00:00Z,48.89,944.95
2023-12-30T05:30:00Z,54.13,1060.5
2023-12-30T06:00:00Z,57.7,1093.85
2023-12-30T06:30:00Z,57.08,1087.75
2023-12-30T07:00:00Z,66.71,1185.0
2023-12-30T07:30:00Z,60.120000000000005,1307.35
2023-12-30T08:00:00Z,55.0,1337.2
2023-12-30T08:30:00Z,76.16,2079.9
2023-12-30T09:00:00Z,92.46,1598.8
2023-12-30T09:30:00Z,93.27,1744.9
2023-12-30T10:00:00Z,88.66,2000.95
2023-12-30T10:30:00Z,84.37,2102.25
2023-12-30T11:00:00Z,77.68,1879.35
2023-12-30T11:30:00Z,78.92,2348.95
2023-12-30T12:00:00Z,73.08,1586.7
2023-12-30T12:30:00Z,56.07,1735.0
2023-12-30T13:00:00Z,51.949999999999996,1503.85
2023-12-30T13:30:00Z,39.2,1300.55
2023-12-30T14:00:00Z,57.85,1788.05
2023-12-30T14:30:00Z,60.85999999999999,1831.65
2023-12-30T15:00:00Z,66.61,1632.55
2023-12-30T15:30:00Z,75.67,1747.1
2023-12-30T16:00:00Z,71.49,1621.45
2023-12-30T16:30:00Z,87.7,1709.75
2023-12-30T17:00:00Z,92.75,1900.65
2023-12-30T17:30:00Z,88.94,1646.3
2023-12-30T18:00:00Z,90.06,1705.4
2023-12-30T18:30:00Z,85.57999999999998,1667.75
2023-12-30T19:00:00Z,81.17,1635.2
2023-12-30T19:30:00Z,76.52,1379.1
2023-12-30T20:00:00Z,73.41,1657.5
2023-12-30T20:30:00Z,65.1,1506.6
2023-12-30T21:00:00Z,71.11,1078.3
2023-12-30T21:30:00Z,48.42,1050.05
2023-12-30T22:00:00Z,43.0,1062.2
2023-12-30T22:30:00Z,39.23,1356.4
2023-12-30T23:00:00Z,12.15,910.85
2023-12-30T23:30:00Z,5.93,812.3
2023-12-31T00:00:00Z,-0.75,920.5
2023-12-31T00:30:00Z,3.97,956.15
2023-12-31T01:00:00Z,3.39,803.1
2023-12-31T01:30:00Z,-4.54,798.65
2023-12-31T02:00:00Z,-6.89,817.75
2023-12-31T02:30:00Z,-9.84,973.95
2023-12-31T03:00:00Z,-9.18,988.9
2023-12-31T03:30:00Z,-15.33,1007.15
2023-12-31T04:00:00Z,-15.75,834.6
2023-12-31T04:30:00Z,-15.72,991.45
2023-12-31T05:00:00Z,-13.91,1127.1
2023-12-31T05:30:00Z,-5.26,1448.45
2023-12-31T06:00:00Z,-7.28,1205.95
2023-12-31T06:30:00Z,9.71,1239.2
2023-12-31T07:00:00Z,36.79,1336.6
2023-12-31T07:30:00Z,46.14,1500.95
2023-12-31T08:00:00Z,40.839999999999996,1751.05
2023-12-31T08:30:00Z,52.62,1802.2
2023-12-31T09:00:00Z,49.61,1703.05
2023-12-31T09:30:00Z,50.37,1574.7
2023-12-31T10:00:00Z,47.519999999999996,1750.2
2023-12-31T10:30:00Z,53.98,1475.5
2023-12-31T11:00:00Z,48.76,1423.2
2023-12-31T11:30:00Z,59.65,1519.7
2023-12-31T12:00:00Z,62.51,1253.4
2023-12-31T12:30:00Z,59.24999999999999,1698.35
2023-12-31T13:00:00Z,55.43,1624.5
2023-12-31T13:30:00Z,60.59,1705.6
2023-12-31T14:00:00Z,60.51,2000.65
2023-12-31T14:30:00Z,50.81,1575.55
2023-12-31T15:00:00Z,55.45,1759.1
2023-12-31T15:30:00Z,70.01,1573.45
2023-12-31T16:00:00Z,78.6,1553.25
2023-12-31T16:30:00Z,85.59000000000002,1667.25
2023-12-31T17:00:00Z,88.93000000000002,1607.6
2023-12-31T17:30:00Z,88.16,1762.25
2023-12-31T18:00:00Z,84.76,1547.6
2023-12-31T18:30:00Z,75.9,1578.2
2023-12-31T19:00:00Z,64.42,2264.1
2023-12-31T19:30:00Z,61.19,1907.0
2023-12-31T20:00:00Z,63.4,1898.45
2023-12-31T20:30:00Z,62.26,2045.5
2023-12-31T21:00:00Z,51.95,1224.05
2023-12-31T21:30:00Z,47.94,1172.25
2023-12-31T22:00:00Z,58.39000000000001,1155.85
2023-12-31T22:30:00Z,44.07,1167.05
2023-12-31T23:00:00Z,43.04,820.35
2023-12-31T23:30:00Z,26.96,828.1
